date,open,high,low,close,volume
2002-02-18,23.4475348069779,23.4475348069779,19.6525580752127,20.0365735778318,10381190.0
2002-02-19,20.397999933238,20.397999933238,18.6586355978456,18.8393487755488,3552660.0
2002-02-20,18.3423875368652,19.3363100142323,18.184263506375,18.6360464506328,2512964.0
2002-02-21,19.3588991614452,19.607379780787,19.0426511004647,19.1555968365292,1338196.0
2002-02-22,19.2685425725936,19.6977363696385,18.5682790089941,19.5622014863612,811327.0
2002-02-25,20.5561239637283,20.5561239637283,19.2685425725936,19.3363100142323,454151.0
2002-02-26,19.4944340447225,19.9688061361932,19.3814883086581,19.6977363696385,894960.0
2002-02-27,19.8558604001287,20.9175503191345,19.7655038112772,20.1721084611092,3271361.0
2002-02-28,20.7820154358571,21.1434417912633,18.4327441257168,18.7489921866972,4429634.0
2002-03-01,18.9748836588261,19.607379780787,18.8845270699745,19.200775130955,942785.0
2002-03-04,19.4718448975096,19.9913952834061,19.3588991614452,19.5622014863612,615152.0
2002-03-05,19.9688061361932,20.5561239637283,19.7429146640643,20.4657673748767,1490137.0
2002-03-06,20.7368371414314,21.0982634968376,20.2398759027478,20.3754107860251,1989742.0
2002-03-07,20.7368371414314,20.7368371414314,20.2172867555349,20.3076433443865,675801.0
2002-03-08,20.4205890804509,20.4431782276638,19.7429146640643,19.8332712529158,273519.0
2002-03-11,20.1043410194705,20.5109456693025,19.4718448975096,19.5622014863612,217122.0
2002-03-12,19.607379780787,19.6299689279998,18.9297053644003,19.0200619532519,321384.0
2002-03-13,19.0200619532519,19.2685425725936,18.7489921866972,18.9297053644003,228034.0
2002-03-14,18.9748836588261,19.1555968365292,18.5456898617812,18.7264030394843,302924.0
2002-03-15,18.9748836588261,19.200775130955,18.6812247450585,18.9522945116132,402993.0
2002-03-18,19.4266666030838,19.4266666030838,18.7715813339101,18.8619379227616,387469.0
2002-03-19,19.0200619532519,19.3814883086581,18.2520309480137,18.387565831291,505251.0
2002-03-20,18.4779224201425,18.6812247450585,18.184263506375,18.2972092424394,413147.0
2002-03-21,18.3423875368652,18.5231007145683,18.2520309480137,18.3423875368652,171711.0
2002-03-22,18.4327441257168,18.7264030394843,17.8454262981817,18.0035503286719,225579.0
2002-03-26,18.4101549785039,18.4101549785039,17.574356531627,17.6195348260528,190075.0
2002-03-27,18.4779224201425,18.4779224201425,17.6195348260528,17.6647131204786,175456.0
2002-03-28,17.7098914149043,17.777658856543,17.167751881795,17.4162325011368,247315.0
2002-04-01,17.8002480037559,18.1164960647363,17.4614107955626,17.574356531627,169309.0
2002-04-02,17.5969456788399,17.6195348260528,16.7385580847501,16.8515038208146,401427.0
2002-04-03,16.8289146736017,17.167751881795,16.1286511100022,16.3093642877053,434081.0
2002-04-04,16.6707906431115,17.8228371509688,16.4900774654084,17.4388216483497,461590.0
2002-04-05,17.6195348260528,17.9131937398203,17.1903410290079,17.2581084706466,278024.0
2002-04-08,17.5291782372012,17.6195348260528,16.7159689375373,16.7837363791759,264685.0
2002-04-09,17.1225735873692,17.5969456788399,16.9418604096661,17.0548061457306,330822.0
2002-04-10,17.167751881795,17.167751881795,16.4448991709826,16.7837363791759,393221.0
2002-04-11,17.1225735873692,17.8906045926074,17.1225735873692,17.4162325011368,462716.0
2002-04-12,17.3258759122852,17.3484650594981,16.8966821152404,17.0548061457306,365658.0
2002-04-15,16.9418604096661,17.5291782372012,16.761147231963,17.0999844401564,309167.0
2002-04-16,17.167751881795,17.3484650594981,17.0548061457306,17.0999844401564,207262.0
2002-04-17,17.3258759122852,17.371054206711,16.8289146736017,16.8966821152404,221096.0
2002-04-18,17.1225735873692,17.1451627345821,16.8515038208146,16.9418604096661,125768.0
2002-04-19,17.1225735873692,17.1225735873692,16.6030232014728,16.6933797903244,159582.0
2002-04-22,17.0773952929435,17.0773952929435,16.5126666126213,16.5804340542599,209825.0
2002-04-23,16.8966821152404,16.9418604096661,16.2190076988537,16.2641859932795,304296.0
2002-04-24,16.3545425821311,16.6707906431115,16.3545425821311,16.6030232014728,153154.0
2002-04-25,16.6707906431115,16.7159689375373,16.3545425821311,16.3997208765568,260518.0
2002-04-26,16.3319534349182,16.5804340542599,16.1286511100022,16.2190076988537,324142.0
2002-04-29,16.1512402572151,16.8515038208146,15.9253487850862,16.1286511100022,388628.0
2002-04-30,16.0834728155764,16.2641859932795,15.767224754596,15.8124030490217,267446.0
2002-05-02,15.9253487850862,16.0834728155764,15.5187441352542,15.7446356073831,521349.0000000001
2002-05-03,15.8124030490217,15.8124030490217,15.3154418103382,15.4057983991897,418258.0
2002-05-06,15.5865115768929,15.6316898713186,15.2702635159124,15.360620104764,849209.0
2002-05-07,15.2702635159124,15.4509766936155,15.2702635159124,15.3832092519769,614737.0
2002-05-08,15.4735658408284,15.56392242968,15.360620104764,15.4735658408284,985787.0
2002-05-09,16.0157053739377,16.8289146736017,15.5865115768929,16.1738294044279,889295.0
2002-05-10,16.7385580847501,17.3032867650724,16.3093642877053,16.4448991709826,1040862.0
2002-05-13,16.1964185516408,16.7159689375373,16.1738294044279,16.2867751404924,265570.0
2002-05-14,16.3997208765568,16.5126666126213,15.9253487850862,16.0608836683635,259521.0
2002-05-15,16.1286511100022,16.1964185516408,15.6316898713186,15.7898139018088,338589.0
2002-05-16,15.9253487850862,15.9253487850862,15.4509766936155,15.6091007241057,367218.0
2002-05-17,15.4735658408284,15.7220464601702,15.4735658408284,15.6768681657444,697619.0
2002-05-20,15.3832092519769,15.56392242968,14.9991937493578,15.2024960742738,846600.0
2002-05-21,14.9991937493578,15.1347286326351,14.5699999523129,14.9314263077191,1188202.0
2002-05-22,14.954015454932,15.9479379322991,14.9088371605062,15.2250852214866,330183.0
2002-05-23,15.3380309575511,15.3380309575511,14.8184805716547,14.9088371605062,268447.0
2002-05-24,15.1347286326351,15.360620104764,14.954015454932,15.1121394854222,270784.0
2002-05-27,15.4509766936155,15.4509766936155,14.9314263077191,14.9991937493578,154536.0
2002-05-28,15.1347286326351,15.1347286326351,14.750713130016,14.8410697188675,877260.0
2002-05-29,14.7281239828031,15.1347286326351,14.5699999523129,14.6377673939515,358157.0
2002-05-30,14.5022325106742,14.7281239828031,14.4118759218227,14.4570542162484,268915.0
2002-05-31,14.6829456883773,14.7055348355902,14.2763410385453,14.5474108051,126001.0
2002-06-03,14.954015454932,15.1347286326351,14.5022325106742,14.5474108051,84769.0
2002-06-04,14.9088371605062,15.1347286326351,14.4570542162484,14.8636588660804,860401.0
2002-06-05,15.1347286326351,15.2476743686995,14.6829456883773,14.750713130016,243850.0
2002-06-06,15.0895503382093,16.3319534349182,14.9088371605062,16.1060619627893,740010.0
2002-06-07,15.5865115768929,16.557844907047,15.1799069270609,15.3380309575511,572510.0
2002-06-10,15.6994573129573,15.7446356073831,15.157317779848,15.2476743686995,362233.0
2002-06-11,15.6316898713186,15.9253487850862,15.4735658408284,15.56392242968,239454.0
2002-06-12,15.5865115768929,15.6994573129573,15.1347286326351,15.1799069270609,290225.0
2002-06-13,15.4961549880413,15.4961549880413,14.750713130016,14.8184805716547,312706.0
2002-06-14,14.9314263077191,15.2702635159124,14.9314263077191,15.1121394854222,207995.0
2002-06-17,16.2641859932795,17.3936433539239,15.8124030490217,16.1286511100022,1078596.0
2002-06-18,16.3093642877053,16.4223100237697,15.6542790185315,15.8124030490217,412009.0
2002-06-19,15.8124030490217,15.9479379322991,15.360620104764,15.4283875464026,241134.0
2002-06-20,15.3380309575511,15.6316898713186,15.2702635159124,15.4961549880413,179642.0
2002-06-21,15.8575813434475,15.8575813434475,15.2476743686995,15.3154418103382,199036.0
2002-06-24,15.360620104764,15.4057983991897,15.1121394854222,15.2476743686995,326210.0
2002-06-25,15.5187441352542,15.5187441352542,14.9991937493578,15.2476743686995,153266.0
2002-06-26,15.3380309575511,15.3380309575511,14.954015454932,15.0443720437835,135128.0
2002-06-27,15.1347286326351,15.2250852214866,15.0443720437835,15.0895503382093,117921.0
2002-06-28,15.767224754596,15.767224754596,15.1347286326351,15.360620104764,156815.0
2002-07-01,15.3832092519769,16.0382945211506,15.1347286326351,15.7220464601702,381852.0
2002-07-02,15.1347286326351,16.0834728155764,15.1347286326351,16.0382945211506,304839.0
2002-07-03,16.2641859932795,16.2641859932795,15.7898139018088,15.8801704906604,258959.0
2002-07-04,16.1512402572151,16.3771317293439,15.9253487850862,16.2641859932795,517457.0
2002-07-05,15.8349921962346,16.0157053739377,15.360620104764,15.4509766936155,407041.0
2002-07-08,15.4735658408284,15.6768681657444,15.2476743686995,15.360620104764,257784.0
2002-07-09,15.4961549880413,15.5187441352542,15.1121394854222,15.157317779848,296310.0
2002-07-10,15.4509766936155,15.56392242968,15.0669611909964,15.1121394854222,378638.0
2002-07-11,15.360620104764,15.360620104764,14.6829456883773,14.7281239828031,498249.0
2002-07-12,14.9991937493578,14.9991937493578,14.4344650690356,14.5022325106742,546586.0
2002-07-15,14.4570542162484,14.6151782467387,14.2989301857582,14.3666976273969,276326.0
2002-07-16,13.9826821247778,14.4570542162484,13.9826821247778,14.344108480184,220883.0
2002-07-17,14.2763410385453,14.4344650690356,14.0278604192036,14.1182170080551,220988.0
2002-07-18,14.5022325106742,14.5699999523129,14.2311627441196,14.2763410385453,111224.0
2002-07-19,14.4118759218227,14.4344650690356,14.2311627441196,14.2763410385453,123345.0
2002-07-22,14.3666976273969,14.4118759218227,14.0052712719907,14.2085735969067,194096.0
2002-07-23,14.2311627441196,14.2311627441196,13.8019689470747,14.0504495664165,218885.0
2002-07-24,14.0956278608422,14.0956278608422,13.7793797998618,13.9149146831391,112715.0
2002-07-25,14.2311627441196,14.4570542162484,14.0730387136293,14.0956278608422,177297.0
2002-07-26,13.8245580942876,14.0052712719907,13.6212557693716,13.7793797998618,197183.0
2002-07-29,14.2311627441196,14.2311627441196,13.6664340637974,13.7793797998618,221387.0
2002-07-30,14.2311627441196,14.2311627441196,13.7116123582231,13.7567906526489,210715.0
2002-07-31,13.7793797998618,14.2763410385453,13.2372402667525,14.1633953024809,427374.0
2002-08-01,14.0052712719907,14.0504495664165,13.5083100333071,13.6664340637974,277918.0
2002-08-02,13.5986666221587,13.6890232110102,13.4631317388814,13.6212557693716,126344.0
2002-08-05,13.6890232110102,13.7793797998618,13.5986666221587,13.6438449165845,59909.0
2002-08-06,13.7116123582231,13.7116123582231,13.5083100333071,13.5534883277329,121860.0
2002-08-07,13.7567906526489,13.8019689470747,13.4631317388814,13.5534883277329,132852.0
2002-08-08,13.7116123582231,13.7116123582231,13.4857208860943,13.5534883277329,82212.0
2002-08-09,13.53089918052,13.6438449165845,13.4857208860943,13.5534883277329,101452.0
2002-08-12,13.5534883277329,13.6890232110102,13.4631317388814,13.6664340637974,74424.0
2002-08-13,13.6212557693716,13.7793797998618,13.5534883277329,13.7116123582231,36201.0
2002-08-14,13.6212557693716,13.7793797998618,13.6212557693716,13.6890232110102,37079.0
2002-08-16,13.7793797998618,14.344108480184,13.6664340637974,14.1633953024809,148689.0
2002-08-19,14.0956278608422,14.6829456883773,13.9149146831391,14.5699999523129,171638.0
2002-08-20,14.8184805716547,15.1799069270609,14.5022325106742,14.954015454932,298633.0
2002-08-21,15.2476743686995,15.2476743686995,14.4570542162484,15.0217828965706,125197.0
2002-08-22,15.1347286326351,15.1347286326351,14.5248216578871,14.5925890995258,85556.0
2002-08-23,14.6829456883773,14.9088371605062,14.5022325106742,14.7055348355902,77472.0
2002-08-26,14.8184805716547,14.9088371605062,14.5474108051,14.6151782467387,43662.0
2002-08-27,14.6151782467387,14.7055348355902,14.4796433634613,14.5022325106742,58757.0
2002-08-28,14.5925890995258,14.5925890995258,14.2085735969067,14.4344650690356,80606.0
2002-08-29,14.4570542162484,14.5022325106742,14.0278604192036,14.0504495664165,59884.0
2002-08-30,14.0052712719907,14.8636588660804,13.937503830352,14.6829456883773,214136.0
2002-09-02,14.9088371605062,15.2928526631253,14.750713130016,14.8862480132933,207295.0
2002-09-03,14.7958914244418,14.7958914244418,14.5022325106742,14.6603565411644,94889.0
2002-09-04,14.4570542162484,15.1799069270609,14.4570542162484,14.8636588660804,177676.0
2002-09-05,15.0443720437835,15.1347286326351,14.8636588660804,14.9088371605062,112637.0
2002-09-06,15.1347286326351,15.1347286326351,14.5925890995258,14.6829456883773,105028.0
2002-09-09,14.5022325106742,14.8636588660804,14.344108480184,14.3892867746098,201523.0
2002-09-11,14.7281239828031,14.7281239828031,14.3215193329711,14.4118759218227,38624.0
2002-09-12,14.4570542162484,15.4961549880413,14.3666976273969,14.6829456883773,253743.0
2002-09-13,14.8862480132933,15.5865115768929,14.6829456883773,15.3832092519769,1269675.0
2002-09-16,15.4509766936155,15.970527079512,14.6603565411644,15.4735658408284,493652.0
2002-09-17,15.6994573129573,15.8349921962346,15.360620104764,15.7446356073831,1196452.0
2002-09-18,15.767224754596,15.9253487850862,15.4283875464026,15.4961549880413,194907.0
2002-09-19,15.1799069270609,15.8124030490217,13.8471472415005,14.1859844496938,3223173.0
2002-09-20,14.2311627441196,15.4283875464026,14.0052712719907,15.2250852214866,572997.0
2002-09-23,15.2928526631253,15.3154418103382,14.6829456883773,14.750713130016,77977.0
2002-09-24,14.6829456883773,14.6829456883773,14.0052712719907,14.0730387136293,472313.0
2002-09-25,14.0052712719907,14.7281239828031,13.9600929775649,14.2989301857582,338969.0
2002-09-26,14.2311627441196,14.5022325106742,14.0956278608422,14.1633953024809,151451.0
2002-09-27,14.4118759218227,14.6151782467387,14.1182170080551,14.4570542162484,134502.0
2002-09-30,14.4570542162484,14.4570542162484,14.0956278608422,14.140806155268,92504.0
2002-10-01,14.2311627441196,14.5248216578871,14.1633953024809,14.4796433634613,182073.0
2002-10-03,14.5474108051,14.5474108051,14.1182170080551,14.4570542162484,123567.0
2002-10-04,14.5474108051,14.5474108051,14.344108480184,14.4796433634613,108118.0
2002-10-07,14.4344650690356,14.5022325106742,14.2311627441196,14.3892867746098,135318.0
2002-10-08,14.4796433634613,16.6933797903244,14.140806155268,14.4570542162484,282030.0
2002-10-09,14.5474108051,14.6377673939515,14.2537518913324,14.2763410385453,81933.0
2002-10-10,14.2311627441196,14.3215193329711,14.140806155268,14.1859844496938,43406.0
2002-10-11,14.3892867746098,14.3892867746098,14.0730387136293,14.140806155268,54553.0
2002-10-14,14.4118759218227,14.4118759218227,14.0052712719907,14.0504495664165,37893.0
2002-10-16,14.2085735969067,14.2311627441196,13.6438449165845,13.734201505436,222161.0
2002-10-17,13.7116123582231,13.7793797998618,13.4857208860943,13.53089918052,133711.0
2002-10-18,13.5534883277329,13.6438449165845,13.4405425916685,13.4631317388814,149237.0
2002-10-21,13.4179534444556,13.5534883277329,13.327596855604,13.3953642972427,66233.0
2002-10-22,13.327596855604,13.4179534444556,12.9887596474107,13.1017053834752,85597.0
2002-10-23,13.0565270890494,13.1468836779009,12.4240309670885,12.5595658503658,139503.0
2002-10-24,12.6499224392174,12.6499224392174,12.4240309670885,12.4466201143014,103314.0
2002-10-25,12.3110852310241,12.4240309670885,11.7915348451276,11.9722480228307,189719.0
2002-10-28,11.9722480228307,11.9722480228307,10.8879689566121,11.2493953120183,348165.0
2002-10-29,11.4075193425085,11.4978759313601,10.9557363982508,11.3397519008699,363920.0
2002-10-30,10.7976123677606,12.1981394949596,10.7976123677606,11.7689456979147,383459.0
2002-10-31,11.9722480228307,11.9722480228307,11.4526976369343,11.723767403489,136047.0
2002-11-01,11.520465078573,11.8593022867663,11.4301084897214,11.7011782562761,57808.0
2002-11-04,11.7463565507019,12.0626046116823,11.6559999618503,11.8141239923405,28246.0
2002-11-05,11.6559999618503,11.6785891090632,11.4301084897214,11.4978759313601,68527.0
2002-11-07,11.4752867841472,11.6108216674245,11.317162753657,11.3623410480828,67242.0
2002-11-08,11.3397519008699,11.3397519008699,11.1816278703797,11.2493953120183,71493.0
2002-11-11,11.2945736064441,11.2945736064441,10.9783255454637,11.0912712815281,305944.0
2002-11-12,11.113860428741,11.1590387231668,11.0235038398894,11.0460929871023,36610.0
2002-11-13,11.2945736064441,11.2945736064441,11.0235038398894,11.0912712815281,74962.0
2002-11-14,11.4075193425085,11.4075193425085,10.7524340733348,10.7750232205477,180216.0
2002-11-15,10.8427906621863,10.9557363982508,10.3458294235028,10.3910077179286,504236.0
2002-11-18,11.0686821343152,11.0686821343152,10.1425270985868,10.3232402762899,368274.0
2002-11-20,10.5943100428446,10.6620774844832,10.2780619818641,10.3232402762899,303861.0
2002-11-21,10.300651129077,10.4361860123543,10.0069922153095,10.0521705097352,314228.0
2002-11-22,9.84886818481925,10.3684185707157,9.84886818481925,10.1425270985868,218914.0
2002-11-25,10.1877053930126,10.6168991900575,10.1651162457997,10.4587751595672,394578.0
2002-11-26,10.6168991900575,11.0009146926766,10.5943100428446,10.8653798093992,446270.0
2002-11-27,10.9331472510379,10.9557363982508,10.707255778909,10.8202015149734,221102.0
2002-11-28,10.9557363982508,11.0235038398894,10.8653798093992,10.910558103825,139061.0
2002-11-29,10.9557363982508,11.4075193425085,10.503953453993,11.2719844592312,598102.0
2002-12-02,11.4075193425085,11.7011782562761,11.2945736064441,11.4526976369343,264146.0
2002-12-03,11.6785891090632,11.6785891090632,11.2042170175925,11.317162753657,238321.0
2002-12-04,11.2268061648054,11.2268061648054,10.9331472510379,11.0009146926766,87700.0
2002-12-05,11.2042170175925,11.2042170175925,10.8653798093992,10.910558103825,146649.0
2002-12-06,11.2042170175925,11.2268061648054,10.8427906621863,10.8653798093992,190145.0
2002-12-09,10.910558103825,11.0235038398894,10.6168991900575,10.6846666316961,138109.0
2002-12-10,11.0460929871023,11.0460929871023,10.6394883372703,10.7976123677606,104375.0
2002-12-11,10.8427906621863,11.0460929871023,10.6394883372703,10.7298449261219,93260.0
2002-12-12,10.8427906621863,10.8427906621863,10.2102945402255,10.3232402762899,295491.0
2002-12-13,10.3910077179286,10.4813643067801,9.96181392088369,10.0521705097352,287106.0
2002-12-16,10.3458294235028,10.503953453993,10.2780619818641,10.3910077179286,223034.0
2002-12-17,10.3458294235028,10.707255778909,10.3458294235028,10.5491317484188,291601.0
2002-12-18,11.1590387231668,11.4075193425085,10.7976123677606,11.3397519008699,813637.0
2002-12-19,11.3397519008699,11.8367131395534,11.2945736064441,11.5882325202116,745985.0
2002-12-20,11.7011782562761,11.7011782562761,11.0686821343152,11.1816278703797,346042.0
2002-12-23,11.2042170175925,11.2042170175925,10.503953453993,10.707255778909,200197.0
2002-12-24,11.4075193425085,11.4075193425085,10.4361860123543,10.8427906621863,303442.0
2002-12-26,10.9557363982508,10.9783255454637,10.503953453993,10.5943100428446,316764.0
2002-12-27,10.7976123677606,10.8427906621863,9.96181392088369,10.1651162457997,744115.0
2002-12-30,10.2780619818641,10.5265426012059,10.1651162457997,10.2328836874384,430128.0
2002-12-31,10.3232402762899,10.3910077179286,10.1651162457997,10.300651129077,341772.0
2003-01-01,10.5491317484188,10.5491317484188,10.1877053930126,10.2328836874384,84093.0
2003-01-02,10.3910077179286,10.503953453993,10.1651162457997,10.2328836874384,274675.0
2003-01-03,10.4813643067801,10.8427906621863,10.1651162457997,10.1877053930126,267472.0
2003-01-06,10.2780619818641,10.3910077179286,9.98440306809658,10.0295813625224,134294.0
2003-01-07,10.0069922153095,10.1199379513739,9.96181392088369,9.98440306809658,168471.0
2003-01-08,10.3232402762899,10.3232402762899,9.73592244875481,9.78110074318059,193741.0
2003-01-09,9.53262012383882,9.93922477367081,9.53262012383882,9.71333330154192,176988.0
2003-01-10,9.73592244875481,9.7585115959677,9.32931779892282,9.3744960933486,225764.0
2003-01-13,9.55520927105171,9.82627903760636,9.48744182941304,9.64556585990326,371484.0
2003-01-14,9.80368989039347,9.89404647924503,9.53262012383882,9.60038756547748,678901.0
2003-01-15,9.60038756547748,9.91663562645792,9.60038756547748,9.80368989039347,301680.0
2003-01-16,9.69074415432903,9.78110074318059,9.39708524056149,9.62297671269037,247376.0
2003-01-17,9.91663562645792,9.91663562645792,9.48744182941304,9.66815500711615,136707.0
2003-01-20,9.82627903760636,11.2945736064441,9.66815500711615,11.2493953120183,3114316.0
2003-01-21,11.4978759313601,12.3110852310241,10.5717208956317,10.9783255454637,3134118.0
2003-01-22,10.8202015149734,11.6108216674245,10.8202015149734,11.3397519008699,737997.0
2003-01-23,11.520465078573,11.520465078573,10.8879689566121,10.9557363982508,303349.0
2003-01-24,10.5717208956317,10.9783255454637,10.5717208956317,10.7976123677606,383982.0
2003-01-27,11.0009146926766,11.927069728405,11.0009146926766,11.4301084897214,1430606.0
2003-01-28,11.723767403489,12.2884960838112,11.520465078573,12.1755503477467,1118081.0
2003-01-29,12.4240309670885,13.4631317388814,12.4240309670885,13.124294530688,2267634.0
2003-01-30,13.1017053834752,13.5534883277329,12.6499224392174,12.8758139113463,696014.0
2003-01-31,14.0504495664165,14.0504495664165,12.2884960838112,12.5595658503658,405100.0
2003-02-03,12.4240309670885,14.2311627441196,12.4240309670885,13.8471472415005,873800.0
2003-02-04,14.2311627441196,14.2311627441196,13.1694728251138,13.3501860028169,645599.0
2003-02-05,13.9826821247778,14.2989301857582,13.1017053834752,13.1468836779009,300302.0
2003-02-06,13.327596855604,13.3727751500298,13.0791162362623,13.2598294139654,161351.0
2003-02-07,13.3727751500298,13.4179534444556,12.8758139113463,12.9435813529849,179574.0
2003-02-10,12.9435813529849,13.9149146831391,12.9435813529849,13.4857208860943,862593.0
2003-02-11,13.5083100333071,13.6664340637974,13.327596855604,13.5760774749458,262785.0
2003-02-12,13.8471472415005,13.8471472415005,13.1468836779009,13.3050077083911,184095.0
2003-02-14,13.5534883277329,13.5534883277329,12.6725115864303,12.7854573224947,186544.0
2003-02-17,12.9661705001978,13.124294530688,12.6499224392174,12.8758139113463,461726.0
2003-02-18,13.1017053834752,13.1017053834752,12.7628681752818,13.0565270890494,262540.0
2003-02-19,13.0339379418365,13.1468836779009,12.8080464697076,12.8758139113463,225475.0
2003-02-20,13.0791162362623,13.1017053834752,12.6273332920045,12.7402790280689,210033.0
2003-02-21,12.6499224392174,13.0791162362623,12.6499224392174,12.8306356169205,164764.0
2003-02-24,13.0791162362623,13.0791162362623,12.6499224392174,12.6499224392174,172642.0
2003-02-25,12.7176898808561,12.7628681752818,12.5143875559401,12.6951007336432,132995.0
2003-02-26,12.7402790280689,12.7402790280689,12.4240309670885,12.6499224392174,91675.0
2003-02-27,12.6725115864303,12.6951007336432,12.4917984087272,12.5595658503658,173348.0
2003-02-28,12.920992205772,14.3215193329711,12.2659069365983,12.3562635254498,1477357.0
2003-03-03,12.6273332920045,12.6273332920045,12.1981394949596,12.2207286421725,383582.0
2003-03-04,12.1981394949596,12.3562635254498,12.0626046116823,12.2207286421725,104989.0
2003-03-05,12.1981394949596,12.5369767031529,12.1077829061081,12.1981394949596,593961.0
2003-03-06,12.1981394949596,12.2884960838112,12.1529612005338,12.1981394949596,89936.0
2003-03-07,12.1529612005338,12.333674378237,12.0174263172565,12.2433177893854,304877.0
2003-03-10,11.7915348451276,12.3110852310241,11.7915348451276,12.2207286421725,134206.0
2003-03-11,12.3788526726627,12.3788526726627,12.0400154644694,12.2207286421725,117290.0
2003-03-12,12.3562635254498,12.4917984087272,12.1077829061081,12.2207286421725,314320.0
2003-03-13,12.1981394949596,12.2433177893854,12.0851937588952,12.130372053321,90757.0
2003-03-17,11.9722480228307,12.2433177893854,11.9722480228307,12.1981394949596,328207.0
2003-03-19,12.1981394949596,12.3562635254498,12.1755503477467,12.2433177893854,390075.0
2003-03-20,12.1529612005338,13.1694728251138,12.1529612005338,13.1017053834752,226489.0
2003-03-21,12.9887596474107,13.2824185611783,12.8758139113463,13.0113487946236,320200.0
2003-03-22,13.0791162362623,13.1017053834752,12.6499224392174,12.7628681752818,87650.0
2003-03-24,12.6951007336432,12.6951007336432,12.4240309670885,12.5143875559401,50757.0
2003-03-25,12.4240309670885,12.8758139113463,12.2433177893854,12.7402790280689,135365.0
2003-03-26,12.920992205772,13.3501860028169,12.6725115864303,13.2146511195396,352200.0
2003-03-27,12.9435813529849,13.6438449165845,12.9435813529849,13.4405425916685,285952.0
2003-03-28,13.0113487946236,13.53089918052,13.0113487946236,13.4631317388814,166599.0
2003-03-31,13.2824185611783,13.2824185611783,12.2433177893854,12.7402790280689,214573.0
2003-04-01,12.8532247641334,13.2824185611783,12.6499224392174,13.1468836779009,95883.0
2003-04-02,13.4405425916685,15.0217828965706,13.1017053834752,14.6377673939515,653497.0
2003-04-03,14.8636588660804,14.9088371605062,13.8245580942876,14.0052712719907,960421.0
2003-04-04,13.9600929775649,14.750713130016,13.8697363887133,14.5474108051,948245.0
2003-04-07,14.7281239828031,14.9088371605062,13.9600929775649,14.7733022772289,341167.0
2003-04-08,14.7958914244418,14.7958914244418,14.1859844496938,14.5925890995258,159096.0
2003-04-09,14.5699999523129,15.56392242968,14.344108480184,15.157317779848,315529.0
2003-04-10,15.1347286326351,15.4735658408284,14.9088371605062,15.2702635159124,351430.0
2003-04-11,14.6829456883773,15.4735658408284,14.5699999523129,15.1121394854222,163885.0
2003-04-15,15.2476743686995,15.2476743686995,14.0956278608422,14.6377673939515,236793.0
2003-04-16,14.5022325106742,15.0217828965706,14.5022325106742,14.8184805716547,273545.0
2003-04-17,14.8184805716547,16.1964185516408,14.5699999523129,15.1121394854222,587250.0
2003-04-21,15.360620104764,15.56392242968,14.8410697188675,15.2928526631253,325832.0
2003-04-22,15.4961549880413,15.7220464601702,15.1347286326351,15.2250852214866,376931.0
2003-04-23,15.360620104764,16.4448991709826,14.954015454932,15.0895503382093,1396032.0
2003-04-24,14.9088371605062,15.1799069270609,13.8245580942876,14.6151782467387,561892.0
2003-04-25,14.6829456883773,14.6829456883773,14.0504495664165,14.1633953024809,115454.0
2003-04-28,14.2537518913324,14.6829456883773,14.0052712719907,14.4570542162484,187610.0
2003-04-29,14.6377673939515,14.6377673939515,14.344108480184,14.4570542162484,142842.0
2003-04-30,14.6151782467387,15.5865115768929,14.6151782467387,15.2702635159124,931458.0
2003-05-02,15.1799069270609,15.9027596378733,15.1799069270609,15.4057983991897,719456.0
2003-05-05,15.3832092519769,15.56392242968,15.1347286326351,15.2476743686995,333269.0
2003-05-06,15.0895503382093,15.4057983991897,15.0895503382093,15.2928526631253,1022519.0
2003-05-07,15.360620104764,15.360620104764,14.9766046021449,15.1347286326351,93646.0
2003-05-08,14.9766046021449,15.2476743686995,14.9314263077191,15.1799069270609,60997.0
2003-05-09,13.6212557693716,15.0895503382093,13.6212557693716,14.8636588660804,118680.0
2003-05-12,14.5925890995258,14.9088371605062,14.5022325106742,14.7958914244418,85340.0
2003-05-13,14.6829456883773,15.4057983991897,14.4344650690356,15.1799069270609,620494.0
2003-05-14,15.1347286326351,15.8124030490217,15.1347286326351,15.6768681657444,710690.0
2003-05-15,15.8124030490217,15.8124030490217,15.360620104764,15.360620104764,96722.0
2003-05-16,15.6542790185315,15.8575813434475,14.954015454932,15.4509766936155,221007.0
2003-05-19,15.6542790185315,15.6768681657444,15.360620104764,15.3832092519769,161624.0
2003-05-20,15.767224754596,15.7898139018088,15.4057983991897,15.6994573129573,203353.0
2003-05-21,15.7898139018088,16.0382945211506,15.6091007241057,15.7220464601702,350593.0
2003-05-22,16.0157053739377,16.0382945211506,15.5865115768929,15.8124030490217,203286.0
2003-05-23,15.8575813434475,15.9027596378733,15.6994573129573,15.8124030490217,865941.0
2003-05-26,15.8124030490217,17.3484650594981,15.8124030490217,16.8740929680275,508313.0
2003-05-27,17.0773952929435,17.980961181459,16.4674883181955,16.5352557598342,906851.0
2003-05-28,17.0548061457306,17.167751881795,16.6707906431115,16.9192712624533,178880.0
2003-05-29,17.167751881795,18.2068526535879,17.167751881795,17.7098914149043,936377.0
2003-05-30,18.0261394758848,18.0261394758848,16.8063255263888,17.2129301762208,303405.0
2003-06-02,17.5065890899883,17.9357828870332,16.8515038208146,17.6647131204786,296201.0
2003-06-03,18.0261394758848,18.8845270699745,18.0261394758848,18.7264030394843,950430.0
2003-06-04,18.9748836588261,19.1104185421034,18.7489921866972,18.8845270699745,510970.0
2003-06-05,18.9748836588261,18.9748836588261,18.5682790089941,18.9297053644003,393994.0
2003-06-06,18.6360464506328,18.9297053644003,18.2294418008008,18.4779224201425,349716.0
2003-06-09,18.9297053644003,18.9748836588261,18.5231007145683,18.7038138922714,138490.0
2003-06-10,18.5231007145683,18.7264030394843,17.8002480037559,17.9357828870332,154417.0
2003-06-11,18.0939069175234,18.7489921866972,18.0261394758848,18.5682790089941,261310.0
2003-06-12,18.5231007145683,18.8393487755488,18.0261394758848,18.0939069175234,308432.0
2003-06-13,18.4101549785039,19.8784495473416,18.4101549785039,19.0200619532519,720856.0
2003-06-16,18.9748836588261,18.9748836588261,18.5231007145683,18.6360464506328,193105.0
2003-06-17,19.0878293948905,19.200775130955,18.7264030394843,18.7715813339101,306834.0
2003-06-18,18.9297053644003,18.9297053644003,18.3649766840781,18.6812247450585,440341.0
2003-06-19,18.7264030394843,18.7264030394843,17.8906045926074,18.1390852119492,489859.0
2003-06-20,18.1390852119492,18.2972092424394,17.5291782372012,17.6873022676915,136701.0
2003-06-23,17.8906045926074,17.9583720342461,16.5804340542599,16.6707906431115,382766.0
2003-06-24,17.0773952929435,17.167751881795,16.6482014958986,16.7385580847501,186955.0
2003-06-25,16.7159689375373,17.3484650594981,16.4900774654084,17.0548061457306,303380.0
2003-06-26,17.1451627345821,17.5065890899883,17.1451627345821,17.2581084706466,347747.0
2003-06-27,17.4839999427755,17.7550697093301,16.2641859932795,17.3936433539239,374772.0
2003-06-30,17.5291782372012,17.777658856543,17.3936433539239,17.6421239732657,324396.0
2003-07-01,17.8454262981817,17.8454262981817,17.3936433539239,17.6647131204786,101537.0
2003-07-02,17.6195348260528,17.777658856543,17.167751881795,17.5291782372012,169782.0
2003-07-03,17.7098914149043,17.8002480037559,17.5517673844141,17.6647131204786,179714.0
2003-07-04,17.6195348260528,17.6195348260528,16.8740929680275,17.3258759122852,188244.0
2003-07-07,16.9418604096661,17.2806976178595,16.6030232014728,16.7159689375373,665872.0
2003-07-08,16.8289146736017,16.9418604096661,16.2641859932795,16.5352557598342,737387.0
2003-07-09,16.9418604096661,16.9418604096661,16.3093642877053,16.3771317293439,258160.0
2003-07-10,16.6256123486857,17.167751881795,16.2867751404924,16.6933797903244,250754.0
2003-07-11,16.5126666126213,17.0773952929435,16.5126666126213,16.8740929680275,132368.0
2003-07-14,17.1225735873692,17.2806976178595,16.8966821152404,17.1451627345821,317812.0
2003-07-15,17.3936433539239,17.7550697093301,16.8966821152404,17.0096278513048,1673354.0
2003-07-16,17.167751881795,17.3032867650724,16.8966821152404,17.1451627345821,761474.0
2003-07-17,17.0773952929435,19.0426511004647,17.0773952929435,17.9583720342461,3188129.0
2003-07-18,18.0713177703106,19.0200619532519,17.7324805621172,18.6360464506328,3112572.0
2003-07-21,19.3363100142323,19.8106821057029,18.6812247450585,18.8845270699745,3686328.0
2003-07-22,19.8784495473416,20.3302324915994,18.6360464506328,19.9236278417674,3159043.0
2003-07-23,20.2398759027478,20.6464805525798,18.7715813339101,19.2233642781679,5232447.0
2003-07-24,19.4266666030838,21.5952247355211,19.0878293948905,21.3015658217536,3957165.0
2003-07-25,21.4596898522438,21.4596898522438,20.397999933238,21.211209232902,1778937.0
2003-07-28,22.5891472128882,22.5891472128882,21.1208526440505,21.5048681466696,2076509.0
2003-07-29,21.6404030299469,21.6404030299469,20.80460458307,21.007906907986,698021.0
2003-07-30,21.4596898522438,21.4596898522438,20.80460458307,20.8949611719216,821165.0
2003-07-31,21.0982634968376,23.8089611623842,20.8723720247087,22.8828061266557,6134279.0
2003-08-01,22.9731627155073,24.1703875177904,22.4762014768238,23.9219068984486,2978418.0
2003-08-04,23.4475348069779,24.1026200761517,23.2668216292748,23.6734262791068,1565761.0
2003-08-05,23.7637828679584,25.6160929394152,23.7637828679584,24.5318138731966,3507903.0
2003-08-06,24.3962789899192,24.3962789899192,23.2216433348491,23.4249456597651,2456912.0
2003-08-07,23.8541394568099,24.034852634513,22.634325507314,23.1312867459975,1883413.0
2003-08-08,23.3571782181264,23.6960154263197,22.3858448879722,22.9505735682944,2411783.0
2003-08-11,22.1373642686304,23.8541394568099,22.1373642686304,23.4701239541908,2013831.0
2003-08-12,23.3119999237006,24.0574417817259,22.8828061266557,23.3345890709135,1276103.0
2003-08-13,23.4249456597651,23.9219068984486,22.634325507314,22.7924495378042,2424938.0
2003-08-14,23.0635193043588,24.848061934177,22.7020929489526,24.0800309289388,2215678.0
2003-08-18,24.5995813148352,26.1582324725245,24.3962789899192,25.7516278226925,2580979.0
2003-08-19,26.0226975892472,28.7785735492196,25.7968061171183,27.875007660704,4152630.0
2003-08-20,28.0105425439814,28.688216960368,26.2034107669503,27.3554572748076,2177413.0
2003-08-21,27.4232247164463,28.1686665744716,25.3676123200734,27.8524185134911,2365531.0
2003-08-22,28.0557208384071,28.8689301380711,28.0557208384071,28.7108061075809,1923342.0
2003-08-25,28.9141084324969,29.0722324629871,26.3163565030147,28.0105425439814,3208029.0
2003-08-26,28.9141084324969,29.0270541685613,27.5587595997236,28.8689301380711,1397304.0
2003-08-27,28.9141084324969,30.0209766459284,28.7333952547938,29.8402634682253,1654354.0
2003-08-28,30.0887440875671,30.9471316816568,29.8176743210124,30.8115967983795,1378435.0
2003-08-29,31.1278448593599,31.6248060980435,29.8628526154382,31.308558037063,1231443.0
2003-09-01,31.6248060980435,31.9410541590239,30.5405270318248,30.9471316816568,503474.0
2003-09-02,31.1730231537857,31.3763254787017,29.8176743210124,30.0887440875671,859960.0
2003-09-03,30.7438293567408,31.4666820675533,28.9141084324969,29.1399999046258,2490610.0
2003-09-04,28.7785735492196,29.3658913767547,28.7333952547938,29.2077673462644,602027.0
2003-09-05,29.3658913767547,29.5691937016706,29.0948216102,29.2755347879031,590849.0
2003-09-08,29.5466045544578,29.704728584948,28.4171471938133,28.484914635452,680028.0
2003-09-09,28.8237518436453,29.4788371128191,28.3493797521747,28.7559844020067,1024320.0
2003-09-10,29.0496433157742,29.3658913767547,28.1460774272587,28.8463409908582,813971.0
2003-09-11,28.9141084324969,29.4788371128191,28.484914635452,28.5978603715165,652195.0
2003-09-12,28.9141084324969,29.0496433157742,27.3328681275947,27.8298293662783,928043.0
2003-09-15,27.5587595997236,28.9592867269227,27.0617983610401,28.1008991328329,979362.0
2003-09-16,27.9653642495556,28.5075037826649,27.1521549498916,28.281612310536,793591.0
2003-09-17,29.8628526154382,31.4892712147661,28.2364340161102,28.5526820770907,948168.0
2003-09-18,28.8237518436453,29.9532092042897,28.2138448688974,29.5240154072449,914686.0
2003-09-19,29.9532092042897,30.7212402095279,28.9366975797098,29.3207130823289,978438.0
2003-09-22,29.3658913767547,29.3658913767547,28.4623254882391,28.484914635452,265195.0
2003-09-23,26.271178208589,28.8689301380711,26.271178208589,28.5075037826649,286679.0
2003-09-24,28.9141084324969,30.5857053262506,28.9141084324969,30.2694572652702,1298891.0
2003-09-25,30.2694572652702,30.4953487373991,29.4110696711804,30.1791006764186,776120.0
2003-09-26,35.1035347688283,36.0974572461953,31.6248060980435,34.1547905858869,5745488.0
2003-09-29,34.6065735301447,37.0010231347109,34.3806820580158,34.7195192662091,2573392.0
2003-09-30,35.0131781799767,36.0974572461953,34.4258603524416,35.8941549212793,2646803.0
2003-10-01,35.6908525963633,36.8203099570078,34.6969301189963,34.8776432966994,2503460.0
2003-10-03,35.2842479465314,35.5101394186602,33.2286355501585,33.8611316721194,2354861.0
2003-10-06,33.8837208193323,34.2903254691643,33.544883611139,33.8837208193323,1396859.0
2003-10-07,34.3355037635901,34.9905890327638,33.7707750832679,34.4032712052287,2665788.0
2003-10-08,34.5613952357189,35.0131781799767,33.951488260971,34.4258603524416,2029349.0
2003-10-09,33.8837208193323,34.3355037635901,33.0705115196683,33.9966665553967,2025885.0
2003-10-10,34.2225580275256,34.6065735301447,33.8837208193323,34.3355037635901,1657551.0
2003-10-13,34.742108413422,36.8880773986464,34.742108413422,35.6230851547247,1816162.0
2003-10-14,35.8037983324278,35.9167440684922,31.6699843924692,32.6864960170492,2258504.0
2003-10-15,32.7090851642621,35.6908525963633,32.4380153977074,35.2164805048927,3767193.0
2003-10-16,35.2842479465314,35.35201538817,34.1096122914612,34.945410738338,946515.0
2003-10-17,34.9679998855509,36.1200463934082,34.7872867078478,35.2842479465314,1977836.0
2003-10-20,35.6908525963633,35.6908525963633,33.4545270222874,33.8385425249065,1569680.0
2003-10-21,34.6743409717834,34.6743409717834,31.7603409813208,32.9123874891781,1735107.0
2003-10-22,33.2060464029456,33.6578293472034,31.6248060980435,31.9410541590239,1733416.0
2003-10-23,32.528371986559,34.7872867078478,32.3024805144301,34.2451471747385,3795186.0
2003-10-24,34.3806820580158,35.3746045353829,34.3806820580158,34.9228215911251,2014535.0
2003-10-25,35.3294262409571,35.5327285658731,35.0131781799767,35.3746045353829,754410.0
2003-10-27,35.4649611242345,36.8203099570078,34.3355037635901,34.5162169412932,2698297.0
2003-10-28,34.5162169412932,40.1860928917281,34.3355037635901,37.4753952261815,8125637.0
2003-10-29,37.4979843733944,39.4406510337028,36.8880773986464,38.988868089445,3037638.0
2003-10-30,39.1695812671481,41.2929611051596,38.8985115005935,40.5701083943472,4046859.0
2003-10-31,40.615286688773,42.1513486992494,38.9436897950192,40.8411781609019,3337427.0
2003-11-03,41.021891338605,41.2026045163081,38.7629766173161,38.988868089445,1626311.0
2003-11-04,39.4406510337028,40.5701083943472,38.7403874701033,39.1244029727223,1946926.0
2003-11-05,39.4406510337028,39.6213642114059,37.4979843733944,37.9723564648651,1405266.0
2003-11-06,38.1304804953553,39.6213642114059,37.7690541399491,38.3111936730584,2668424.0
2003-11-07,38.6726200284646,39.2599378559997,38.175658789781,38.4919068507615,878959.0
2003-11-10,45.1782944257764,45.1782944257764,37.7464649927362,38.0401239065037,809027.0
2003-11-11,38.6274417340388,40.3668060694312,38.6274417340388,39.5084184753415,2585299.0
2003-11-12,39.4858293281286,39.8698448307477,37.5205735206073,38.4241394091228,3021469.0
2003-11-13,38.175658789781,39.0114572366579,37.2720929012655,37.4753952261815,1750624.0
2003-11-14,37.4979843733944,38.6952091756775,37.0462014291366,38.0627130537166,2451759.0
2003-11-15,38.3337828202713,38.5596742924001,37.2720929012655,38.1530696425682,302882.0
2003-11-17,38.6274417340388,38.6274417340388,37.7238758455233,38.0401239065037,1035512.0
2003-11-18,38.175658789781,38.175658789781,37.0687905763495,37.4302169317557,910328.0
2003-11-19,38.8533332061677,38.988868089445,37.181736312414,37.3398603429042,1922015.0
2003-11-20,37.2946820484784,37.7238758455233,36.9332556930722,37.0913797235624,1076936.0
2003-11-21,37.3172711956913,37.4979843733944,36.2555812766855,36.8428991042206,888432.0
2003-11-24,37.0236122819237,37.2269146068397,36.2555812766855,36.6395967793046,471454.0
2003-11-25,37.4979843733944,38.378961114697,36.5266510432402,37.1591471652011,802878.0
2003-11-27,36.7073642209433,37.4528060789686,35.2390696521056,36.8203099570078,2036309.0
2003-11-28,37.38503863733,38.6274417340388,37.2720929012655,38.3111936730584,1544811.0
2003-12-01,38.6048525868259,38.8081549117419,37.3398603429042,37.4528060789686,570502.0
2003-12-02,38.2886045258455,38.6952091756775,36.8203099570078,37.0010231347109,435512.0
2003-12-03,37.0462014291366,37.4076277845428,36.5944184848789,36.6847750737304,544683.0
2003-12-04,36.9106665458593,38.3111936730584,36.3911161599629,37.2043254596269,1305825.0
2003-12-05,37.9497673176522,38.6274417340388,36.5944184848789,38.1530696425682,1573259.0
2003-12-08,38.0853022009295,41.4510851356498,37.7916432871619,40.9315347497534,4308771.0
2003-12-09,40.6604649831987,42.8742014100618,40.6604649831987,41.8802789326947,4817388.0
2003-12-10,41.5640308717143,41.9254572271205,38.9662789422321,39.3277052976383,1520355.0
2003-12-11,39.9376122723863,40.615286688773,39.1244029727223,39.4632401809157,1114680.0
2003-12-12,39.4406510337028,41.1122479274565,38.582263439613,40.2990386277925,3224892.0
2003-12-15,41.0670696330307,42.015813815972,40.1409145973023,40.4797518054956,2301278.0
2003-12-16,40.5023409527085,41.5640308717143,39.6665425058317,40.6604649831987,3148093.0
2003-12-17,41.0670696330307,41.5640308717143,40.4345735110699,40.7282324248374,2932257.0
2003-12-18,40.8637673081147,42.7160773795716,40.7959998664761,42.0384029631849,4457889.0
2003-12-19,42.6483099379329,42.9193797044876,41.2026045163081,41.5414417245014,2108033.0
2003-12-22,41.8576897854818,44.0940153595578,41.3833176940112,43.3485735015324,4839573.0
2003-12-23,43.8229455930031,45.4719533395439,43.8229455930031,44.2295502428351,5994580.0
2003-12-24,44.8846355120088,49.3798758073736,44.2747285372609,48.5440773604967,11059535.0
2003-12-26,50.1479068126118,50.5996897568696,47.075782791659,48.1148835634518,5781418.0
2003-12-29,48.3407750355807,49.5605889850767,47.7082789136199,47.9793486801745,2472765.0
2003-12-30,48.4763099188581,48.8603254214772,47.4372091470652,47.8664029441101,3038698.0
2003-12-31,48.295596741155,49.1088060408189,47.4372091470652,47.482387441491,1904146.0
2004-01-01,48.1826510050905,50.5545114624438,47.888992091323,50.1704959598247,3110593.0
2004-01-02,50.8255812289984,51.2321858788304,49.0410385991803,49.5379998378638,2711972.0
2004-01-05,50.1253176653989,50.1253176653989,47.5727440303425,48.4537207716452,1934195.0
2004-01-06,49.4250541017994,51.9550385896428,49.1991626296705,51.0740618483402,5879013.0
2004-01-07,52.135751767346,52.6778913004553,49.3798758073736,50.4189765791664,2752967.0
2004-01-08,50.8029920817855,56.0210850879627,50.8029920817855,54.959395168957,4013707.0
2004-01-09,56.9246509764782,58.9350850784253,53.7621703666739,54.4398447830605,3659061.0
2004-01-12,54.5753796663379,55.2078757882987,52.8360153309455,54.0106509860157,2506085.0
2004-01-13,53.9880618388028,54.8916277273183,52.1583409145588,53.8299378083126,1947845.0
2004-01-14,54.8464494328925,63.2496121960869,54.3720773414219,55.1175191994472,3701521.0
2004-01-15,57.376433920736,57.376433920736,51.0966509955531,53.8977052499512,4884274.0
2004-01-16,54.2139533109317,55.4337672604276,51.0514727011273,51.6387905286624,3874159.0
2004-01-19,50.1479068126118,52.3164649450491,49.0636277463932,50.8029920817855,3947241.0
2004-01-20,53.7621703666739,56.4728680322205,52.519767269965,53.4233331584806,9159099.0
2004-01-21,54.146185869293,56.9020618292654,53.8299378083126,55.7048370269823,7101278.0
2004-01-22,56.2469765600916,58.7317827535093,54.0332401332286,55.1852866410859,4353438.0
2004-01-23,55.7951936158338,57.376433920736,54.6657362551894,57.0827750069685,2011150.0
2004-01-27,57.9637517482711,68.3547594661997,57.9637517482711,66.4572711003171,10033701.0
2004-01-28,65.9151315672078,66.4120928058913,61.4650695662688,63.0688990183838,4918119.0
2004-01-29,63.6562168459189,63.6562168459189,60.3130230584115,62.6622943685518,3182111.0
2004-01-30,62.5719377797003,63.9950540541123,60.3582013528372,60.8325734443079,2174746.0
2004-02-03,61.3069455357785,62.0749765410168,57.4442013623747,57.9411626010582,3445639.0
2004-02-04,58.0541083371227,60.7422168554563,57.2183098902458,59.0706199617026,3158708.0
2004-02-05,59.6127594948119,60.0419532918568,57.376433920736,57.986340895484,2384723.0
2004-02-06,58.9124959312124,63.7013951403447,58.2799998092515,63.1592556072354,5540332.0
2004-02-09,63.7013951403447,63.9272866124736,60.5840928249661,62.7526509574034,3753957.0
2004-02-10,63.2044339016612,65.2826354452469,61.6683718911848,62.3912246019972,4759892.0
2004-02-11,63.43032537379,64.7856742065633,62.5719377797003,63.9724649068994,3083731.0
2004-02-12,64.6049610288602,66.9994106334264,64.2887129678798,66.6153951308073,5903133.0
2004-02-13,66.7509300140846,69.5745734156956,66.1862013337624,69.1905579130765,7728379.0
2004-02-16,69.1227904714379,72.3982168173067,69.1227904714379,71.6075966648556,5186146.0
2004-02-17,71.3817051927267,72.2852710812422,68.5128834966899,71.6753641064942,3335886.0
2004-02-18,72.4659842589453,72.4659842589453,70.0263563599534,70.7943873651916,2008241.0
2004-02-19,70.907333101256,72.2852710812422,70.2974261265081,71.0654571317463,3434017.0
2004-02-20,71.6075966648556,71.6075966648556,67.9933331107935,69.1227904714379,3346892.0
2004-02-23,69.8004648878245,70.9299222484689,67.2478912527681,67.8352090803032,2293124.0
2004-02-24,69.0324338825863,69.0324338825863,62.3686354547843,67.1575346639166,3922556.0
2004-02-25,67.4060152832584,67.7674416386646,66.1862013337624,66.6831625724459,1986356.0
2004-02-26,67.7448524914517,67.7448524914517,63.7465734347705,64.3564804095185,2125050.0
2004-02-27,64.3790695567314,65.9603098616335,63.3173796377256,64.3338912623056,2545579.0
2004-03-01,64.9663873842664,75.763999752027,64.9212090898407,73.6180307668026,10881204.0
2004-03-03,74.0924028582733,74.4990075081053,68.3773486134126,69.5519842684827,6012407.0
2004-03-04,69.9359997711018,72.2852710812422,68.6710075271801,69.5293951212699,3762890.0
2004-03-05,69.1453796186508,70.7492090707658,67.5415501665357,69.506805974057,3950767.0
2004-03-08,70.0263563599534,70.4781393042112,68.6710075271801,69.8456431822503,3825736.0
2004-03-09,69.3486819435667,70.4781393042112,68.7839532632445,69.5971625629085,3322307.0
2004-03-10,69.5745734156956,71.9916121674747,69.1453796186508,70.8169765124045,5285694.0
2004-03-11,69.8004648878245,70.0263563599534,66.4120928058913,67.5189610193228,3856681.0
2004-03-12,67.3156586944068,69.5745734156956,66.6605734252331,68.0385114052192,5484295.0
2004-03-15,68.6710075271801,70.1393020960178,67.3608369888326,68.2418137301352,4379934.0
2004-03-16,67.7674416386646,68.6258292327543,63.8821083180478,65.3729920340984,4366200.0
2004-03-17,66.4120928058913,67.880387374729,64.9663873842664,65.6440618006531,2417178.0
2004-03-18,66.1862013337624,66.1862013337624,63.2496121960869,64.0628214957509,2278584.0
2004-03-19,64.8308525009891,64.9889765314793,60.5389145305404,61.2391780941399,3092665.0
2004-03-22,62.2782788659327,62.2782788659327,57.986340895484,60.3130230584115,3016660.0
2004-03-23,60.5389145305404,63.2496121960869,59.8612401141537,62.3686354547843,2129165.0
2004-03-24,63.2496121960869,64.1305889373896,61.9168525105265,62.7074726629776,2024827.0
2004-03-25,63.2496121960869,66.5928059835944,63.0463098711709,65.6214726534402,3130194.0
2004-03-26,66.2087904809753,67.3608369888326,65.5085269173758,66.3443253642526,2654611.0
2004-03-29,67.7674416386646,68.2192245829223,65.1471005619695,65.9377207144206,1749832.0
2004-03-30,66.4120928058913,69.5293951212699,65.5988835062273,68.9872555881605,3766959.0
2004-03-31,69.5745734156956,70.70403077634,67.3156586944068,70.3877827153596,2693010.0
2004-04-01,70.7943873651916,76.5320307572652,70.0263563599534,73.346961000248,6221460.0
2004-04-02,74.0472245638475,78.5650540064251,73.7083873556542,77.8422012956127,5439286.0
2004-04-05,78.6102323008509,80.0785268696886,73.8891005333573,74.5893640969568,4746180.0
2004-04-06,75.0185578940017,78.2939842398705,74.3860617720408,75.0863253356404,3920504.0
2004-04-07,75.8769454880914,76.9386354070972,74.8604338635115,75.2444493661306,2338399.0
2004-04-08,76.8031005238199,77.7066664123354,72.9177672032031,75.560697427111,3144647.0
2004-04-12,76.8031005238199,78.3391625342963,75.9221237825172,76.2835501379234,2001944.0
2004-04-13,76.5546199044781,79.8978136919855,76.5546199044781,78.7683563313411,3393125.0
2004-04-15,78.9038912146185,80.7787904332882,75.0863253356404,75.967302076943,3865539.0
2004-04-16,76.5320307572652,77.2322943208647,75.6736431631754,76.3964958739879,1909596.0
2004-04-17,76.6675656405425,78.99424780347,76.4642633156265,78.4069299759349,1090501.0
2004-04-19,78.6102323008509,78.8135346257669,75.8091780464528,76.7353330821812,2169663.0
2004-04-20,76.8031005238199,77.7066664123354,75.0637361884275,75.6284648687497,2378130.0
2004-04-21,75.8995346353043,77.0064028487358,74.4538292136795,74.8830230107244,2159625.0
2004-04-22,75.560697427111,77.8196121483998,75.2444493661306,75.8769454880914,2535201.0
2004-04-23,77.2548834680776,85.3869764647174,76.7353330821812,79.9429919864113,15000623.0
2004-04-27,82.6762787991708,83.1280617434285,74.5667749497439,75.1992710717048,6030521.0
2004-04-28,75.2444493661306,77.7066664123354,74.9959687467888,75.6510540159626,4493489.0
2004-04-29,76.0802478130074,77.9325578844643,75.4025733966208,77.1419377320132,3587571.0
2004-04-30,77.6614881179096,78.8135346257669,75.9221237825172,76.7127439349683,3266021.0
2004-05-03,80.7336121388624,80.7336121388624,73.4599067363124,75.6736431631754,2382652.0
2004-05-04,76.8031005238199,78.0455036205287,75.0863253356404,75.6058757215368,3001362.0
2004-05-05,76.577209051691,78.7005888897025,76.4868524628394,78.181038503806,3524379.0
2004-05-06,79.0168369506829,79.8978136919855,78.7231780369154,78.790945478554,2093731.0
2004-05-07,78.587643153638,78.587643153638,74.9282013051501,75.7188214576012,4171444.0
2004-05-10,77.2548834680776,77.2548834680776,70.4781393042112,71.3817051927267,4220493.0
2004-05-11,69.1227904714379,69.3486819435667,64.4920152927958,68.1514571412837,5019972.0
2004-05-12,68.2644028773481,70.4781393042112,66.5702168363815,69.3260927963539,2905540.0
2004-05-13,72.9177672032031,75.967302076943,63.4980928154287,72.2626819340293,6849135.0
2004-05-14,72.8499997615644,73.6180307668026,60.7648060026692,63.8821083180478,5675137.0
2004-05-17,64.1531780846025,66.8186974557233,51.5032556453851,61.013286622011,4100235.0
2004-05-18,62.3912246019972,67.7674416386646,61.5328370079074,66.073255597698,4354727.0
2004-05-19,67.7674416386646,71.5398292232169,67.270480399981,69.9359997711018,5491265.0
2004-05-20,71.72054240092,73.143658675332,67.0897672222779,67.880387374729,2784752.0
2004-05-21,68.5806509383286,68.5806509383286,65.1471005619695,66.8412866029362,2428998.0
2004-05-24,67.7674416386646,70.0263563599534,67.2253021055553,69.7778757406116,1698252.0
2004-05-25,70.0263563599534,70.0263563599534,67.0897672222779,67.9707439635806,1869427.0
2004-05-26,70.0263563599534,71.4720617815782,68.2192245829223,70.1844803904436,4046681.0
2004-05-27,70.4781393042112,70.4781393042112,68.7161858216059,69.4164493852054,2458410.0
2004-05-28,69.6197517101214,69.8004648878245,65.9603098616335,66.8864648973619,2479482.0
2004-05-31,65.5988835062273,65.9151315672078,61.7361393328234,62.5493486324874,3050003.0
2004-06-01,63.3399687849385,65.2826354452469,62.1879222770812,62.5493486324874,3129315.0
2004-06-02,63.7013951403447,64.7179067649247,62.7074726629776,63.7465734347705,2796186.0
2004-06-03,65.0115656786922,65.4181703285242,60.6292711193919,62.1427439826554,3195511.0
2004-06-04,60.7648060026692,61.826495921675,57.6023253928649,59.9515967030053,3982797.0
2004-06-07,61.3747129774172,64.1531780846025,60.1548990279213,63.4755036682158,3476730.0
2004-06-08,64.7856742065633,66.863875750149,64.040232348538,66.1636121865495,5359775.0
2004-06-09,66.7735191612975,67.9255656691548,65.2826354452469,67.5189610193228,3904924.0
2004-06-10,66.7283408668717,68.2192245829223,65.5762943590144,67.6996741970259,3975286.0
2004-06-11,67.6319067553872,67.6996741970259,63.7917517291963,64.1531780846025,3042987.0
2004-06-14,63.2044339016612,63.6110385514932,59.793472672515,62.639705221339,3913365.0
2004-06-15,63.0237207239581,64.0176432013251,61.6909610383977,62.0749765410168,2350849.0
2004-06-16,63.0688990183838,63.0688990183838,61.0358757692239,61.4876587134817,1877987.0
2004-06-17,61.623193596759,61.8490850688879,60.5389145305404,61.1262323580755,1919937.0
2004-06-18,61.5328370079074,62.3234571603585,60.9906974747981,61.2617672413528,2595213.0
2004-06-21,61.623193596759,61.623193596759,58.6414261646578,59.0706199617026,1916894.0
2004-06-22,59.9515967030053,60.9906974747981,59.1835656977671,59.8612401141537,3315553.0
2004-06-23,60.403379647263,60.403379647263,57.986340895484,58.8899067839995,2104137.0
2004-06-24,59.5449920531733,59.5449920531733,55.9759067935369,56.9924184181169,3898029.0
2004-06-25,57.579736245652,60.5389145305404,56.6309920627107,60.3807905000501,3184734.0
2004-06-28,60.7873951498821,62.5945269269132,60.1097207334955,61.8942633633136,2506499.0
2004-06-29,62.3008680131456,62.5719377797003,60.7648060026692,62.2105114242941,2096261.0
2004-06-30,62.2782788659327,64.040232348538,61.0358757692239,61.6909610383977,2747257.0
2004-07-01,62.3460463075714,63.227023048874,61.1714106525012,62.9785424295323,1837423.0
2004-07-02,63.2496121960869,65.4859377701629,62.1201548354425,64.8986199426278,4014177.0
2004-07-05,65.3729920340984,67.0897672222779,64.8760307954149,66.7057517196588,3145604.0
2004-07-06,66.8186974557233,67.9707439635806,65.6892400950789,67.4963718721099,2823356.0
2004-07-07,67.7674416386646,68.4451160550512,65.2826354452469,65.7344183895046,2854087.0
2004-07-08,65.9603098616335,74.6797206858084,64.243534673454,67.1575346639166,13003753.0
2004-07-09,67.7674416386646,72.1497361979649,64.6049610288602,71.4042943399396,6339260.0
2004-07-12,69.5745734156956,71.110635426172,60.0871315862826,70.0037672127405,4216342.0
2004-07-13,69.5745734156956,71.0880462789591,67.9029765219419,68.6484183799672,2671617.0
2004-07-14,69.5293951212699,75.8995346353043,66.9090540445748,67.6319067553872,2443852.0
2004-07-15,66.4120928058913,68.4225269078383,66.2313796281882,67.8577982275161,1828650.0
2004-07-16,67.7222633442388,68.3321703189868,66.9090540445748,67.7900307858775,2040550.0
2004-07-19,68.4451160550512,70.3651935681467,66.9090540445748,68.5580617911157,2430775.0
2004-07-20,68.5580617911157,70.8169765124045,68.3095811717739,70.1844803904436,2633643.0
2004-07-21,71.0654571317463,72.3982168173067,70.0263563599534,71.2009920150236,3761937.0
2004-07-22,72.7370540255,75.2218602189177,71.8334881369845,74.3408834776151,5359744.0
2004-07-23,74.7926664218728,77.1419377320132,64.6049610288602,68.8065424104574,13968607.0
2004-07-26,67.3156586944068,69.8682323294632,67.3156586944068,68.1062788468579,5393972.0
2004-07-27,68.2192245829223,68.4451160550512,66.1862013337624,67.0897672222779,3519052.0
2004-07-28,67.7448524914517,68.4225269078383,67.3608369888326,67.6996741970259,2372378.0
2004-07-29,68.2192245829223,68.2192245829223,65.5085269173758,67.5189610193228,3156699.0
2004-07-30,68.5580617911157,69.2809145019281,67.4511935776842,68.8291315576703,2856535.0
2004-08-02,68.7161858216059,69.1227904714379,67.1801238111295,68.3773486134126,1621794.0
2004-08-03,68.5580617911157,68.5580617911157,67.3608369888326,67.7900307858775,1497590.0
2004-08-04,68.0385114052192,69.506805974057,67.5415501665357,68.0385114052192,2077036.0
2004-08-05,68.2192245829223,68.5354726439028,66.5250385419557,67.9481548163677,2841154.0
2004-08-06,68.6710075271801,68.6710075271801,66.863875750149,67.3156586944068,2084431.0
2004-08-09,67.677085049813,68.9872555881605,67.4060152832584,68.7387749688188,2280476.0
2004-08-10,69.1227904714379,71.5624183704298,68.9420772937348,71.1558137205978,5734746.0
2004-08-11,71.110635426172,72.1497361979649,70.5684958930627,71.0654571317463,4137577.0
2004-08-12,71.110635426172,72.6466974366484,70.9299222484689,71.6527749592813,3199167.0
2004-08-13,70.9299222484689,71.3817051927267,66.5024493947428,68.083689699645,8521856.0
2004-08-16,67.880387374729,69.4164493852054,67.1349455167037,67.9029765219419,3735909.0
2004-08-17,68.2192245829223,69.2131470602894,67.8352090803032,68.2418137301352,1998710.0
2004-08-18,68.2192245829223,68.2192245829223,62.639705221339,63.8821083180478,8008488.0
2004-08-19,63.0237207239581,66.1184338921237,61.2617672413528,65.666650947866,9114633.0
2004-08-20,65.056743973118,65.869953272782,63.43032537379,64.44683699837,4307556.0
2004-08-23,64.1531780846025,65.0115656786922,62.5719377797003,63.0688990183838,2901882.0
2004-08-24,63.2044339016612,63.9272866124736,60.8325734443079,61.216588946927,6345422.0
2004-08-25,65.5085269173758,65.5085269173758,61.0584649164368,61.7813176272492,4855275.0
2004-08-26,62.3460463075714,64.2209455262411,61.4424804190559,61.7361393328234,8816496.0
2004-08-27,62.0749765410168,63.2496121960869,61.826495921675,63.2044339016612,3437069.0
2004-08-30,63.4755036682158,63.4755036682158,61.2617672413528,61.4650695662688,3971236.0
2004-08-31,61.8942633633136,63.4529145210029,61.8490850688879,63.2044339016612,3255903.0
2004-09-01,63.2496121960869,63.3851470793643,61.6006044495461,61.9168525105265,2044309.0
2004-09-02,62.1201548354425,62.5719377797003,61.4424804190559,61.6457827439719,1715323.0
2004-09-03,61.6683718911848,61.8942633633136,60.5389145305404,60.7196277082435,2564778.0
2004-09-06,61.4424804190559,62.0072090993781,60.8325734443079,61.0358757692239,1693433.0
2004-09-07,61.2843563885657,61.5780153023332,60.1774881751341,60.4937362361146,1896018.0
2004-09-08,61.1262323580755,61.8942633633136,60.4259687944759,61.6457827439719,2872188.0
2004-09-09,62.1427439826554,62.233100571507,59.1157982561284,60.0193641446439,3389571.0
2004-09-10,60.3130230584115,63.1140773128096,59.6805269364506,62.7074726629776,3841695.0
2004-09-13,63.0011315767452,64.0628214957509,61.623193596759,63.1818447544483,2910629.0
2004-09-14,63.2496121960869,66.3669145114655,62.4589920436359,66.1184338921237,5980314.0
2004-09-15,66.1862013337624,67.5415501665357,63.7691625819834,64.7630850593504,4279126.0
2004-09-16,65.9603098616335,66.2991470698268,64.3790695567314,65.7344183895046,2338879.0
2004-09-17,65.9603098616335,67.7674416386646,65.7795966839304,67.4060152832584,3643336.0
2004-09-20,67.677085049813,68.1062788468579,65.3504028868855,66.8864648973619,2887719.0
2004-09-21,66.863875750149,67.9933331107935,66.6379842780202,67.6544959026001,1935455.0
2004-09-22,67.9933331107935,68.5354726439028,66.863875750149,67.7900307858775,2412964.0
2004-09-23,67.4963718721099,67.677085049813,66.4120928058913,66.8186974557233,2222646.0
2004-09-24,64.8308525009891,67.7674416386646,64.8308525009891,67.5867284609615,1485895.0
2004-09-27,67.1349455167037,67.4060152832584,64.8308525009891,65.5311160645886,2003102.0
2004-09-28,66.4120928058913,66.4120928058913,63.2947904905127,64.0176432013251,2462809.0
2004-09-29,64.1531780846025,64.1531780846025,63.1366664600225,63.4980928154287,2385875.0
2004-09-30,63.7917517291963,66.6379842780202,63.5884494042803,66.0958447449108,2611354.0
2004-10-01,65.9603098616335,66.3443253642526,64.0628214957509,64.6049610288602,1607106.0
2004-10-04,65.0793331203309,66.1636121865495,65.056743973118,65.2148680036082,1463682.0
2004-10-05,65.5085269173758,67.5415501665357,65.2826354452469,67.2930695471939,1871933.0
2004-10-06,67.3156586944068,69.100201324225,66.863875750149,67.3156586944068,3185770.0
2004-10-07,68.2192245829223,71.0202788373205,68.0159222580064,69.8682323294632,5698081.0
2004-10-08,69.6423408573343,71.5624183704298,69.6423408573343,71.0654571317463,3680726.0
2004-10-09,70.4781393042112,70.70403077634,68.7839532632445,69.5293951212699,401281.0
2004-10-11,70.0263563599534,72.0593796091133,69.8004648878245,70.8395656596174,2641406.0
2004-10-12,71.0880462789591,71.1558137205978,68.2644028773481,68.6710075271801,2044575.0
2004-10-14,68.896898999309,69.4842168268441,66.4572711003171,66.9768214862135,1206699.0
2004-10-15,67.7222633442388,68.896898999309,67.3156586944068,68.1062788468579,1251843.0
2004-10-18,68.2644028773481,69.4842168268441,66.4572711003171,66.7509300140846,1115271.0
2004-10-19,67.270480399981,68.6258292327543,66.7735191612975,68.3773486134126,1546152.0
2004-10-20,68.6710075271801,69.1227904714379,67.1349455167037,67.5641393137486,969206.0
2004-10-21,67.7674416386646,68.0611005524321,66.9542323390006,67.4060152832584,459944.0
2004-10-25,67.7222633442388,69.1227904714379,66.863875750149,68.0611005524321,2227502.0
2004-10-26,68.6484183799672,70.1393020960178,68.286992024561,69.9585889183147,2731750.0
2004-10-27,70.4781393042112,71.6527749592813,69.5745734156956,71.2009920150236,1864881.0
2004-10-28,71.9464338730489,74.0472245638475,69.2357362075023,72.330449375668,5610992.0
2004-10-29,73.1210695281191,75.4025733966208,70.5007284514241,70.9976896901076,3262403.0
2004-11-01,71.3817051927267,71.8334881369845,69.4164493852054,71.517240076004,1665275.0
2004-11-02,71.8334881369845,72.0142013146876,70.9299222484689,71.8108989897716,2171921.0
2004-11-03,71.8334881369845,72.4885734061582,71.1784028678107,72.1949144923907,2165449.0
2004-11-04,72.7370540255,72.7370540255,71.0428679845334,72.127147050752,1535521.0
2004-11-05,72.2852710812422,72.2852710812422,70.0263563599534,70.4329610097854,1374977.0
2004-11-08,70.2974261265081,72.127147050752,70.2974261265081,71.7431315481329,1338536.0
2004-11-09,72.2852710812422,72.3982168173067,70.4781393042112,72.1497361979649,888912.0
2004-11-10,72.0593796091133,73.9116896805702,71.517240076004,73.6406199140155,2173918.0
2004-11-11,74.0020462694217,77.0289919959487,73.7535656500799,74.3182943304022,5462370.0
2004-11-12,74.8604338635115,75.1766819244919,74.2279377415506,74.4312400664666,437437.0
2004-11-16,74.5215966553181,74.544185802531,72.2852710812422,73.5276741779511,2223118.0
2004-11-17,74.4538292136795,74.4538292136795,72.2852710812422,72.8725889087773,1828787.0
2004-11-18,73.3243718530351,73.8665113861444,72.4433951117324,72.8725889087773,1574665.0
2004-11-19,73.143658675332,73.550263325164,72.2852710812422,72.5563408477969,1271506.0
2004-11-22,72.533751700584,73.550263325164,71.6753641064942,72.8499997615644,1302625.0
2004-11-23,74.0924028582733,75.8769454880914,73.6632090612284,74.1149920054862,2762079.0
2004-11-24,74.0924028582733,75.3799842494079,73.4147284418866,74.4538292136795,2408956.0
2004-11-25,74.7700772746599,76.1254261074332,73.3921392946737,75.7188214576012,3557742.0
2004-11-29,75.8091780464528,76.6901547877554,75.0185578940017,76.170604401859,2526987.0
2004-11-30,76.6901547877554,78.8361237729798,76.4190850212008,78.4746974175736,4413792.0
2004-12-01,78.6102323008509,84.4834105762018,78.4069299759349,82.8569919768739,9706102.0
2004-12-02,83.1280617434285,85.8387594089751,82.4052090326161,84.2801082512859,5411530.0
2004-12-03,84.4834105762018,84.8900152260338,83.1280617434285,84.0316276319441,3053874.0
2004-12-06,83.0828834490028,83.1280617434285,80.0559377224757,80.8013795805011,870420.0
2004-12-07,80.823968727714,81.411286555249,79.3782633060891,80.4625423723077,875876.0
2004-12-08,81.9986043827841,86.7423252974907,81.9986043827841,85.0933175509498,7759526.0
2004-12-09,84.9351935204596,89.4078446686115,84.9351935204596,87.0585733584711,4680783.0
2004-12-10,87.1941082417484,87.1941082417484,84.0316276319441,85.0255501093112,2068096.0
2004-12-13,85.3869764647174,87.4651780083031,84.7996586371823,86.3808989420844,1059254.0
2004-12-14,87.3974105666644,91.2149764456425,87.2618756833871,90.2662322627012,5049574.0
2004-12-15,90.8083717958105,96.6815500711615,90.4469454404043,95.8457516242846,7567311.0
2004-12-16,96.7267283655872,99.392247736708,91.2827438872812,96.4104803046068,9575075.0
2004-12-17,96.5460151878841,96.5460151878841,88.5720462217346,89.701503582379,4697484.0
2004-12-20,90.0855190849981,90.8083717958105,87.7588369220706,88.3461547496057,2547490.0
2004-12-21,88.5720462217346,90.5373020292559,88.5720462217346,89.9273950545079,1469412.0
2004-12-22,90.7406043541719,93.6997826390602,90.3565888515528,91.8700617148163,2666963.0
2004-12-23,92.6155035728416,94.8066508524917,92.1863097757967,94.3774570554469,2117574.0
2004-12-24,94.8744182941304,96.5460151878841,92.6155035728416,94.354867908234,1589523.0
2004-12-27,93.744960933486,95.3713795328139,92.5025578367771,94.761472558066,1043009.0
2004-12-28,95.3262012383882,97.0881547209935,94.8744182941304,95.958697360349,2239468.0
2004-12-29,95.958697360349,97.1333330154192,93.8579066695504,96.3427128629681,1276741.0
2004-12-30,97.3592244875481,110.686821343152,94.3774570554469,96.2071779796908,2784282.0
2004-12-31,110.686821343152,110.686821343152,96.0038756547748,97.7432399901672,1207529.0
2005-01-03,98.7145733203214,104.02302291535,98.2627903760636,103.142046174047,2085182.0
2005-01-04,103.910077179286,105.03953453993,99.392247736708,102.14812369668,2674072.0
2005-01-05,102.509550052087,103.458294235028,92.1863097757967,95.0325423246206,4986782.0
2005-01-06,97.1333330154192,98.4435035537667,94.7388834108531,95.4165578272397,5461079.0
2005-01-07,96.6815500711615,96.6815500711615,90.1306973794239,94.9421857357691,5094265.0
2005-01-10,94.8744182941304,94.8744182941304,90.4469454404043,91.9604183036678,3222940.0
2005-01-11,92.0733640397323,92.6155035728416,88.9786508715666,89.904805907295,1972970.0
2005-01-12,90.6050694708945,91.6893485371132,87.6458911860062,88.5268679273088,1526663.0
2005-01-13,89.8144493184435,97.0881547209935,87.7814260692835,93.7901392279118,4204926.0
2005-01-14,93.9708524056149,99.6181392088369,92.0733640397323,94.7162942636402,7849634.0
2005-01-17,96.2297671269037,96.8622632488646,94.5129919387242,95.2584337967495,2980193.0
2005-01-18,96.1394105380521,97.3140461931223,95.3713795328139,97.0655655737806,3753961.0
2005-01-19,96.9074415432903,96.9074415432903,94.8744182941304,95.755395035433,831616.0
2005-01-20,95.5520927105171,95.7779841826459,88.7075811050119,90.9664958263007,2151654.0
2005-01-24,90.5824803236817,93.4287128725056,88.6624028105862,89.6789144351661,2616016.0
2005-01-25,89.701503582379,92.6155035728416,89.1141857548439,91.9378291564549,1292777.0
2005-01-27,93.5190694613571,95.4391469744526,89.4530229630372,94.6937051164273,7103737.0
2005-01-28,94.964774882982,100.069922153095,94.8744182941304,99.1437671173663,4298978.0
2005-01-31,99.9795655642431,106.733720580897,99.8440306809658,104.135968651415,6386724.0
2005-02-01,104.813643067801,104.813643067801,99.0308213813018,100.566883391778,3654722.0
2005-02-02,103.00651129077,103.00651129077,98.0820771983605,98.9404647924503,15054725.0
2005-02-03,102.961332996344,102.961332996344,98.8726973508116,99.3244802950694,4065082.0
2005-02-04,100.069922153095,100.97348804161,97.178511309845,98.6693950258956,3909388.0
2005-02-07,99.392247736708,101.651162457997,98.9404647924503,99.7536740921143,3450005.0
2005-02-08,99.6633175032627,99.6633175032627,97.0203872793548,97.1559221626321,2518235.0
2005-02-09,97.6302942541028,97.8110074318059,94.0837981416793,94.55817023315,3786724.0
2005-02-10,96.161999685265,96.3878911573939,91.5538136538358,92.8413950449705,3607807.0
2005-02-11,93.1124648115251,94.6485268220015,93.1124648115251,94.3322787610211,1809325.0
2005-02-14,95.0777206190464,98.5790384370441,95.0777206190464,97.1107438682063,3627440.0
2005-02-15,96.9526198377161,99.392247736708,96.2523562741166,98.7597516147472,4820682.0
2005-02-16,99.0308213813018,99.392247736708,96.2749454213295,97.0203872793548,2310260.0
2005-02-17,97.585115959677,97.585115959677,94.2193330249567,95.0551314718335,2322900.0
2005-02-18,96.2297671269037,99.6181392088369,94.3096896138082,98.5790384370441,6480135.0
2005-02-21,99.392247736708,99.392247736708,96.6815500711615,97.0203872793548,2095975.0
2005-02-22,96.8622632488646,97.991720609509,96.6815500711615,97.1107438682063,985558.0
2005-02-23,97.5173485180383,98.4886818481925,96.2297671269037,97.0881547209935,1765108.0
2005-02-24,97.991720609509,97.991720609509,95.1228989134722,96.4556585990326,3584828.0
2005-02-25,97.1333330154192,99.7310849449014,96.9526198377161,99.1889454117921,4037508.0
2005-02-28,99.8440306809658,102.102945402255,95.4391469744526,101.741519046848,3854549.0
2005-03-01,112.945736064441,112.945736064441,98.2853795232765,101.470449280294,2143137.0
2005-03-02,102.328836874384,108.653798093992,102.328836874384,106.507829108768,10616260.0
2005-03-03,107.479162438922,107.479162438922,103.910077179286,106.236759342213,2927613.0
2005-03-04,106.575596550406,108.382728327438,105.310604306485,106.553007403194,2851897.0
2005-03-07,107.750232205477,108.382728327438,103.00651129077,104.068201209776,2880318.0
2005-03-08,105.265426012059,105.491317484188,103.051689585196,103.887488032073,2307245.0
2005-03-09,104.361860123543,105.265426012059,102.554728346512,103.977844620924,1436680.0
2005-03-10,104.000433768137,104.000433768137,100.589472538991,100.950898894397,3063834.0
2005-03-11,103.910077179286,103.910077179286,99.8440306809658,101.086433777675,2105958.0
2005-03-14,101.199379513739,105.717208956317,96.9526198377161,100.092511300308,3819307.0
2005-03-15,101.560805869145,101.560805869145,96.6815500711615,97.3140461931223,1744377.0
2005-03-16,97.585115959677,97.585115959677,94.4226353498727,94.7388834108531,1422304.0
2005-03-17,94.8292399997046,94.8292399997046,89.0012400187795,89.7466818768048,2607152.0
2005-03-18,89.5207904046759,94.3774570554469,89.5207904046759,93.6094260502087,1938081.0
2005-03-21,103.593829118305,103.593829118305,94.6033485275757,95.755395035433,938789.0
2005-03-22,96.6589609239486,96.6589609239486,94.1967438777438,95.4617361216655,996570.0
2005-03-23,95.3262012383882,97.8110074318059,95.1003097662593,96.771906660013,2093526.0
2005-03-24,96.6815500711615,97.1333330154192,94.8744182941304,95.8231624770717,1595917.0
2005-03-28,96.0038756547748,96.9300306905032,94.3096896138082,94.8744182941304,919111.0
2005-03-29,95.5520927105171,95.5520927105171,92.2088989230096,92.9995190754607,697510.0
2005-03-30,93.9708524056149,93.9708524056149,90.0177516433594,91.1020307095781,1161483.0
2005-03-31,91.7119376843261,95.2810229439624,91.7119376843261,93.6997826390602,554311.0
2005-04-01,94.8066508524917,98.7371624675343,92.7058601616931,97.8335965790188,1347715.0
2005-04-04,96.5008368934584,98.7371624675343,95.7779841826459,97.4495810763997,932834.0
2005-04-05,101.651162457997,101.651162457997,94.8744182941304,98.0143097567219,851003.0
2005-04-06,98.8952864980245,98.8952864980245,94.9421857357691,95.7328058882202,439780.0
2005-04-07,95.9135190659233,96.568604335097,94.4226353498727,94.7840617052789,442574.0
2005-04-08,95.1906663551108,96.4330694518197,94.8970074413433,96.1394105380521,446121.0
2005-04-11,96.1394105380521,96.2297671269037,93.1124648115251,94.2419221721695,384844.0
2005-04-12,94.8292399997046,94.8292399997046,93.54165860857,94.1741547305309,376897.0
2005-04-13,94.4452244970855,95.9361082131362,92.8413950449705,93.4738911669313,420791.0
2005-04-15,93.338356283654,93.338356283654,90.3565888515528,92.2314880702225,795695.0
2005-04-18,93.0672865170993,94.4226353498727,86.9682167696195,92.1411314813709,3093265.0
2005-04-19,93.9708524056149,96.0038756547748,93.0672865170993,93.6771934918473,1810747.0
2005-04-20,93.7901392279118,94.7840617052789,91.7119376843261,92.8188058977576,644265.0
2005-04-21,94.151565583318,94.55817023315,92.2540772174354,92.8413950449705,457880.0
2005-04-22,93.2254105475896,94.2871004665953,92.6606818672674,93.6320151974216,860832.0
2005-04-25,94.2645113193824,94.8292399997046,92.6832710144803,93.9256741111891,691289.0
2005-04-26,94.5807593803629,94.5807593803629,92.6155035728416,92.8865733393963,375822.0
2005-04-27,93.0672865170993,93.0672865170993,90.5824803236817,91.4182787705585,800785.0
2005-04-28,91.2375655928554,94.151565583318,89.9951624961465,93.7223717862731,4468486.0
2005-04-29,93.744960933486,94.8744182941304,92.321844659074,93.2479996948025,1527552.0
2005-05-02,93.5190694613571,94.8292399997046,93.0672865170993,93.4738911669313,736135.0
2005-05-03,93.8353175223375,95.7328058882202,93.5642477557829,95.3036120911753,739117.0
2005-05-04,95.3262012383882,98.0820771983605,95.3262012383882,97.6754725485285,1121693.0
2005-05-05,98.0820771983605,98.9178756452374,97.6754725485285,98.398325259341,503339.0
2005-05-06,98.4886818481925,99.392247736708,96.2297671269037,98.7371624675343,624889.0
2005-05-09,98.4886818481925,101.176790366526,97.381813634761,100.679829127843,1285604.0
2005-05-10,100.295813625224,101.425270985868,99.2115345590049,100.002154711456,1216688.0
2005-05-11,98.9404647924503,99.5729609144112,97.1333330154192,99.3696585894952,1009151.0
2005-05-12,99.392247736708,99.8440306809658,98.2627903760636,99.1211779701534,528967.0
2005-05-13,99.3018911478565,99.3018911478565,97.1333330154192,97.8561857262316,629715.0
2005-05-16,97.1333330154192,101.154201219313,97.1333330154192,100.521705097352,781680.0
2005-05-17,100.295813625224,101.199379513739,98.0368989039348,99.1663562645792,781802.0
2005-05-18,98.9404647924503,98.9404647924503,96.2749454213295,96.8396741016517,1599240.0
2005-05-19,97.1333330154192,98.7597516147472,96.9074415432903,98.0820771983605,630924.0
2005-05-20,97.1333330154192,98.9404647924503,96.4104803046068,96.9977981321419,393799.0
2005-05-23,97.585115959677,99.392247736708,97.1333330154192,99.0759996757276,461637.0
2005-05-24,98.9404647924503,100.273224478011,98.2627903760636,99.3696585894952,665587.0
2005-05-25,99.5051934727725,100.250635330798,98.3305578177023,99.8440306809658,418244.0
2005-05-26,97.585115959677,104.813643067801,92.728449308906,102.916154701919,1698420.0
2005-05-27,103.00651129077,103.142046174047,100.340991919649,101.651162457997,2338195.0
2005-05-30,101.651162457997,102.057767107829,99.008232234089,99.7310849449014,357031.0
2005-05-31,99.4374260311338,101.560805869145,99.392247736708,101.176790366526,980777.0
2005-06-01,101.605984163571,101.651162457997,99.9569764170302,100.521705097352,744198.0
2005-06-02,100.747596569481,101.51562757472,99.0759996757276,99.5051934727725,478365.0
2005-06-03,100.476526802927,100.476526802927,98.8275190563858,99.79885238654,199258.0
2005-06-04,99.392247736708,100.634650833417,98.5338601426183,99.1211779701534,136653.0
2005-06-06,99.392247736708,100.295813625224,98.7145733203214,99.0985888229405,430006.0
2005-06-07,101.560805869145,101.560805869145,98.8501082035987,99.7762632393272,628693.0
2005-06-08,99.8440306809658,100.295813625224,99.392247736708,99.9569764170302,418542.0
2005-06-09,100.340991919649,101.199379513739,98.9404647924503,99.7536740921143,486118.0
2005-06-10,100.182867889159,100.49911595014,98.4886818481925,99.4374260311338,352802.0
2005-06-13,99.4826043255596,101.018666336036,98.2853795232765,100.363581066862,930678.0
2005-06-14,101.018666336036,103.187224468473,100.408759361288,102.758030671428,2679904.0
2005-06-15,103.00651129077,109.331472510379,102.780619818641,108.314960885799,4086790.0
2005-06-16,109.331472510379,110.235038398894,104.949177951079,106.05604616451,1403354.0
2005-06-17,105.310604306485,106.778898875322,104.587751595672,105.581674073039,797559.0
2005-06-20,106.575596550406,108.834511271695,105.265426012059,106.304526783852,1561448.0
2005-06-21,106.575596550406,107.411394997283,104.452216712395,106.937022905813,599892.0
2005-06-22,107.524340733348,108.540852357928,106.191581047787,107.705053911051,1311706.0
2005-06-23,107.976123677606,109.241115921527,106.643363992045,107.705053911051,1552660.0
2005-06-24,107.524340733348,107.93094538318,104.926588803866,107.546929880561,650489.0
2005-06-27,107.501751586135,109.10558103825,107.049968641877,108.24719344416,1619319.0
2005-06-28,108.879689566121,110.347984134959,108.111658560883,109.037813596611,2494926.0
2005-06-29,108.427906621863,110.686821343152,108.043891119244,109.918790337914,2295052.0
2005-06-30,110.009146926766,111.545208937242,109.331472510379,109.828433749062,1491672.0
2005-07-01,111.951813587074,111.951813587074,106.168991900575,110.867534520855,1151568.0
2005-07-04,111.13860428741,112.268061648054,103.819720590434,111.884046145435,1343612.0
2005-07-05,111.567798084455,112.15511591199,108.924867860547,109.173348479889,654881.0
2005-07-06,108.879689566121,110.912712815281,108.473084916289,110.144681810043,1275852.0
2005-07-07,111.13860428741,111.545208937242,107.343627555645,108.857100418908,775493.0
2005-07-08,109.331472510379,117.440976359806,108.653798093992,114.391441486066,3828899.0
2005-07-11,114.301084897214,119.722480228307,114.301084897214,115.746790318839,2128074.0
2005-07-12,116.559999618503,118.818914339792,112.539131414609,116.763301943419,2733107.0
2005-07-13,117.870170156851,118.593022867663,113.894480247382,114.843224430324,996513.0
2005-07-14,114.843224430324,116.108216674245,113.849301952956,114.34626319164,626717.0
2005-07-15,114.301084897214,116.966604268335,113.17162753657,115.701612024413,778266.0
2005-07-18,115.249829080156,119.632123639456,115.20465078573,116.469643029652,717668.0
2005-07-19,116.108216674245,117.463565507019,114.775456988685,115.159472491304,445495.0
2005-07-20,116.017860085394,116.017860085394,112.268061648054,112.900557770015,631005.0
2005-07-21,115.20465078573,115.52089884671,112.087348470351,114.66251125262,799999.0
2005-07-22,114.549565516556,120.626046116823,113.397519008699,120.467922086333,3923670.0
2005-07-25,117.508743801444,122.433177893854,117.508743801444,120.806759294526,1978984.0
2005-07-26,121.529612005338,126.00226315349,121.123007355507,124.375844554162,4357653.0
2005-07-27,125.595658503658,125.595658503658,122.862371690899,123.607813548924,1122687.0
2005-07-29,123.33674378237,129.661705001978,121.981394949596,127.922340666586,3787761.0
2005-08-01,127.922340666586,141.40806155268,126.973596483645,129.368046088211,1509741.0
2005-08-02,130.520092596068,131.017053834752,127.944929813799,129.322867793785,1126932.0
2005-08-03,130.474914301642,130.474914301642,126.612170128238,128.125642991502,1188857.0
2005-08-04,128.351534463631,130.113487946236,126.295922067258,128.396712758056,1277165.0
2005-08-05,129.684294149191,136.619162343548,129.684294149191,132.643472434079,4277938.0
2005-08-08,135.534883277329,135.534883277329,130.339379418365,131.129999570816,2344718.0
2005-08-09,132.598294139654,135.037922038646,129.661705001978,131.423658484583,1780475.0
2005-08-10,133.885875530788,137.748619704192,133.27596855604,137.116123582231,2528897.0
2005-08-11,137.793797998618,141.837255349725,135.805953043884,140.685208841868,2293436.0
2005-08-12,140.052712719907,141.633953024809,138.019689470747,140.323782486461,1328130.0
2005-08-16,141.814666202512,145.474108051,140.052712719907,143.870278598885,1753138.0
2005-08-17,144.344650690356,145.677410375916,141.40806155268,144.593131309697,1058882.0
2005-08-18,145.835534406406,146.49061967558,142.537518913325,144.073580923801,1041276.0
2005-08-19,144.570542162484,146.603565411644,140.052712719907,141.24993752219,1314154.0
2005-08-22,142.26644914677,143.531441390692,137.161301876657,138.403704973366,1201848.0
2005-08-23,140.052712719907,140.07530186712,136.077022810438,137.138712729444,781318.0
2005-08-24,137.997100323534,141.40806155268,136.099611957651,140.504495664165,976711.0
2005-08-25,142.176092557918,142.537518913325,139.691286364501,141.972790233002,1805515.0
2005-08-26,142.763410385453,143.192604182498,138.697363887133,140.594852253016,805685.0
2005-08-29,142.26644914677,146.129193320174,136.754697226825,143.373317360201,1645917.0
2005-08-30,143.666976273969,144.525363868059,141.972790233002,142.650464649389,506916.0
2005-08-31,143.170015035285,143.666976273969,136.031844516013,142.42457317726,614124.0
2005-09-01,142.673053796602,144.389828984781,142.447162324473,142.831177827092,345623.0
2005-09-02,142.808588679879,145.587053787064,136.506216607483,144.660898751336,919715.0
2005-09-05,145.925890995258,147.394185564095,143.328139065776,143.983224334949,1025940.0
2005-09-06,143.237782476924,147.958914244418,143.237782476924,146.964991767051,914164.0
2005-09-08,147.461953005734,150.39854214341,146.919813472625,149.269084782765,1415992.0
2005-09-09,150.39854214341,151.076216559796,148.275162305398,149.991937493578,724039.0
2005-09-12,149.991937493578,151.799069270609,149.969348346365,151.618356092906,388294.0
2005-09-13,151.527999504054,155.95547235778,149.201317341127,155.051906469265,1225589.0
2005-09-14,155.413332824671,156.294309565973,150.895503382093,152.318619656505,776623.0
2005-09-15,152.318619656505,155.6392242968,151.41505376799,154.78083670271,851948.0
2005-09-16,155.6392242968,165.104076979,154.057983991897,164.200511090484,2525494.0
2005-09-19,164.878185506871,165.917286278664,162.190076988537,162.91292969935,779626.0
2005-09-20,163.048464582627,165.352557598342,160.450712653145,162.099720399686,745439.0
2005-09-21,163.545425821311,163.545425821311,151.392464620777,158.598402581688,1193556.0
2005-09-22,159.479379322991,159.479379322991,148.433286335888,151.324697179138,856705.0
2005-09-23,153.131828956169,157.627069251534,148.049270833269,153.244774692234,1511334.0
2005-09-26,157.740014987598,158.779115759391,154.057983991897,158.011084754153,1221910.0
2005-09-27,158.011084754153,159.885983972823,153.470666164362,155.79734832729,2615704.0
2005-09-28,156.768681657444,157.649658398747,153.448077017149,155.458511119097,1036008.0
2005-09-29,155.865115768929,157.627069251534,154.509766936155,156.65573592138,1910535.0
2005-09-30,157.355999484979,160.360356064293,155.684402591225,157.604480104321,1333715.0
2005-10-03,157.604480104321,158.982418084307,155.978061504993,156.723503363018,501544.0
2005-10-04,156.994573129573,158.756526612178,156.836449099083,157.785193282024,468646.0
2005-10-05,158.530635140049,158.530635140049,155.413332824671,156.565379332528,658191.0
2005-10-06,155.819937474503,155.865115768929,149.991937493578,152.363797950931,890073.0
2005-10-07,153.109239808956,156.768681657444,150.895503382093,154.329053758452,825561.0
2005-10-10,154.961549880413,159.072774673159,154.961549880413,158.078852195792,958125.0
2005-10-11,159.434201028565,159.434201028565,154.961549880413,157.920728165301,831391.0
2005-10-13,158.485456845624,158.485456845624,154.509766936155,154.871193291561,801692.0
2005-10-14,155.910294063354,155.910294063354,147.733022772289,148.478464630314,1687446.0
2005-10-17,149.54015454932,150.443720437835,140.278604192036,144.389828984781,2460105.0
2005-10-18,145.361162314936,148.636588660804,144.118759218227,145.79035611198,1188244.0
2005-10-19,144.570542162484,145.925890995258,139.600929775649,141.295115816616,1593030.0
2005-10-20,142.311627441196,144.073580923801,139.871999542204,142.176092557918,1046023.0
2005-10-21,145.474108051,150.87291423488,144.570542162484,149.585332843746,1844406.0
2005-10-24,149.991937493578,151.256929737499,145.587053787064,146.264728203451,811854.0
2005-10-25,146.829456883773,151.234340590286,146.196960761812,148.885069280146,704581.0
2005-10-26,148.184805716547,153.131828956169,148.184805716547,152.137906478802,810468.0
2005-10-27,152.996294072892,153.809503372556,137.861565440257,140.301193339249,5782454.0
2005-10-28,140.956278608422,149.901580904726,140.956278608422,148.342929747037,7066759.0
2005-10-31,142.311627441196,151.302108031925,142.311627441196,145.79035611198,2123956.0
2005-11-01,146.377673939515,149.178728193914,145.925890995258,146.671332853283,358498.0
2005-11-02,146.829456883773,149.54015454932,144.7738444874,148.704356102443,985280.0
2005-11-07,149.494976254894,153.06406151453,147.733022772289,152.58968942306,792896.0
2005-11-08,153.651379342066,155.819937474503,152.250852214866,153.515844458788,965828.0
2005-11-09,153.515844458788,157.67224754596,151.934604153886,155.142263058116,1450836.0
2005-11-10,155.865115768929,156.768681657444,153.380309575511,155.390743677458,638429.0
2005-11-11,157.220464601702,160.269999475442,156.316898713186,159.185720409223,1049024.0
2005-11-14,159.479379322991,163.025875435414,158.643580876114,161.128387069531,1161833.0
2005-11-16,161.286511100022,163.093642877053,159.682681647907,162.709627374434,1116373.0
2005-11-17,162.867751404924,164.223100237697,160.586247536422,163.025875435414,1316566.0
2005-11-18,163.545425821311,164.900774654084,160.608836683635,162.528914196731,1139818.0
2005-11-21,162.641859932795,163.997208765568,157.694836693172,159.389022734139,773659.0
2005-11-22,158.349921962346,161.309100247235,157.243053748915,159.434201028565,1188309.0
2005-11-23,159.524557617416,161.03803048068,157.740014987598,159.479379322991,1047985.0
2005-11-24,159.479379322991,163.116232024266,159.479379322991,161.715704897067,1243323.0
2005-11-25,161.806061485918,164.900774654084,161.806061485918,164.4038134154,531270.0
2005-11-26,164.223100237697,170.073689365835,164.223100237697,168.605394796997,582171.0
2005-11-28,169.192712624533,170.322169985177,166.956387050457,168.063255263888,801811.0
2005-11-29,168.063255263888,168.966821152404,163.884263029504,166.007642867515,1088987.0
2005-11-30,167.159689375373,167.837363791759,159.818216531184,161.263921952809,1029885.0
2005-12-01,160.382945211506,163.997208765568,158.124030490217,163.07105372984,1072734.0
2005-12-02,163.906852176717,166.030232014728,161.128387069531,161.670526602641,1059987.0
2005-12-05,158.575813434475,163.093642877053,156.339487860399,157.017162276786,998868.0
2005-12-06,157.017162276786,158.124030490217,153.154418103382,154.216108022388,1216410.0
2005-12-07,154.961549880413,158.033673901366,153.899859961407,156.294309565973,1176523.0
2005-12-08,158.078852195792,159.479379322991,155.6392242968,158.824294053817,1386102.0
2005-12-09,151.41505376799,161.19615451117,151.41505376799,160.608836683635,806942.0
2005-12-12,160.066697150526,161.738294044279,156.565379332528,158.485456845624,651719.0
2005-12-13,160.157053739377,160.157053739377,156.81385995187,159.637503353481,884385.0
2005-12-14,159.479379322991,160.744371566912,157.333410337766,158.101441343004,826824.0
2005-12-15,159.027596378733,160.157053739377,156.565379332528,157.28823204334,1249800.0
2005-12-16,155.458511119097,159.027596378733,155.458511119097,158.169208784643,581978.0
2005-12-19,158.214387079069,163.364712643607,158.214387079069,162.348201019027,1241759.0
2005-12-20,163.545425821311,164.629704887529,160.495890947571,161.422045983299,999205.0
2005-12-21,161.286511100022,165.171844420638,159.70527079512,161.083208775106,1693098.0
2005-12-22,160.87990645019,162.37079016624,160.382945211506,161.399456836086,564117.0
2005-12-23,162.574092491156,162.596681638369,157.265642896128,158.824294053817,990752.0
2005-12-26,160.157053739377,160.157053739377,149.088371605062,150.488898732261,750703.0
2005-12-27,149.088371605062,156.97198398236,147.981503391631,155.6392242968,1060288.0
2005-12-28,154.216108022388,157.423766926618,147.552309594586,154.487177788942,3414806.0
2005-12-29,154.509766936155,159.027596378733,152.702635159124,155.481100266309,1011153.0
2005-12-30,154.464588641729,157.649658398747,153.696557636491,156.091007241057,1044155.0
2006-01-02,156.136185535483,156.316898713186,150.895503382093,153.628790194853,880654.0
2006-01-03,154.961549880413,157.423766926618,153.154418103382,156.520201038102,633000.0
2006-01-04,158.575813434475,158.575813434475,155.390743677458,155.842526621716,403256.0
2006-01-05,157.852960723663,157.852960723663,154.057983991897,154.713069261071,409431.0
2006-01-06,156.316898713186,158.801704906604,155.413332824671,156.881627393509,709737.0
2006-01-09,157.67224754596,160.382945211506,156.791270804657,158.756526612178,865922.0
2006-01-10,158.801704906604,158.801704906604,153.628790194853,154.148340580749,385845.0
2006-01-12,152.702635159124,154.916371585987,150.940681676519,151.392464620777,588001.0
2006-01-13,150.895503382093,153.06406151453,150.443720437835,151.008449118158,570100.0
2006-01-16,151.437642915202,152.476743686995,149.201317341127,151.076216559796,480404.0
2006-01-17,152.205673920441,152.657456864698,147.755611919502,149.585332843746,552451.0
2006-01-18,150.443720437835,178.409084687391,145.812945259193,149.494976254894,793688.0
2006-01-19,150.443720437835,157.220464601702,149.991937493578,156.452433596464,667462.0
2006-01-20,154.057983991897,157.67224754596,154.057983991897,155.571456855161,720996.0
2006-01-23,146.196960761812,157.220464601702,146.196960761812,155.526278560735,227925.0
2006-01-24,157.220464601702,160.721782419699,155.503689413522,157.062340571212,1641719.0
2006-01-25,157.514123515469,165.126666126213,154.961549880413,160.766960714125,1830619.0
2006-01-27,161.738294044279,162.596681638369,159.366433586926,160.699193272487,936018.0
2006-01-30,163.093642877053,164.810418065232,161.512402572151,161.964185516408,807443.0
2006-01-31,162.190076988537,163.500247526885,159.750449089545,161.399456836086,397805.0
2006-02-01,161.286511100022,162.144898694111,158.169208784643,158.666170023327,355162.0
2006-02-02,158.666170023327,164.900774654084,158.124030490217,164.290867679336,947896.0
2006-02-03,164.448991709826,170.051100218622,160.857317302977,165.826929689812,1631758.0
2006-02-06,166.707906431115,169.350836655023,163.997208765568,166.911208756031,741102.0
2006-02-07,167.159689375373,170.525472310093,164.787828918019,167.543704877992,826052.0
2006-02-08,167.046743639308,168.966821152404,163.771317293439,168.15361185274,519996.9999999999
2006-02-10,168.515038208146,168.740929680275,163.771317293439,164.358635120975,1020510.0
2006-02-13,164.448991709826,164.878185506871,161.534991719363,164.110154501633,625539.0
2006-02-14,165.352557598342,168.46985991372,163.974619618355,166.030232014728,684340.0
2006-02-15,167.159689375373,170.773952929435,163.952030471142,165.217022715064,1060974.0
2006-02-16,165.352557598342,166.59496069505,162.641859932795,164.08756535442,500324.0
2006-02-17,164.878185506871,166.482014958986,164.24568938491,164.968542095722,413895.0
2006-02-20,164.471580857039,165.352557598342,161.286511100022,164.110154501633,290453.0
2006-02-21,165.713983953748,167.159689375373,164.132743648846,166.549782400625,324088.0
2006-02-22,167.159689375373,168.492449060933,164.674883181955,165.126666126213,373574.0
2006-02-23,166.12058860358,167.114511080947,164.019797912781,166.143177750793,973243.0
2006-02-24,166.030232014728,167.340402553076,163.997208765568,164.471580857039,269230.0
2006-02-27,165.985053720302,165.985053720302,161.828650633131,162.980697140988,336969.0
2006-02-28,163.500247526885,164.08756535442,160.766960714125,163.116232024266,392713.0
2006-03-01,161.738294044279,171.67751881795,161.738294044279,170.50288316288,1209495.0
2006-03-02,172.129301762208,180.939069175234,172.129301762208,179.267472281481,2203037.0
2006-03-03,179.538542048035,185.999038150921,179.538542048035,184.372619551593,1987069.0
2006-03-06,185.682790089941,187.489921866972,181.752278474898,182.85914668833,1393817.0
2006-03-07,182.520309480137,186.06680559256,180.939069175234,182.068526535879,871063.0
2006-03-08,182.972092424394,183.604588546355,174.839999427755,176.895611824127,1188646.0
2006-03-09,175.291782372012,176.827844382489,169.441193243874,172.761797884169,1151629.0
2006-03-10,173.484650594981,178.363906392965,172.37778238155,174.297859894645,1304609.0
2006-03-13,175.336960666438,178.680154453946,175.336960666438,175.90168934676,700353.0
2006-03-14,169.825208746493,176.421239732657,169.825208746493,174.546340513987,539454.0
2006-03-16,176.150169966102,177.731410271004,174.41080563071,176.669720351999,477191.0
2006-03-17,177.324805621172,177.731410271004,173.484650594981,174.659286250052,544932.0
2006-03-20,175.608030432993,175.856511052335,172.264836645485,173.575007183833,272234.0
2006-03-21,173.71054206711,176.534185468721,173.71054206711,176.195348260528,565774.0
2006-03-22,176.647131204786,177.302216473959,173.71054206711,174.749642838903,437894.0
2006-03-23,174.501162219561,175.74356531627,170.773952929435,171.971177731718,603367.0
2006-03-24,172.581084706466,173.891255244813,169.418604096661,172.37778238155,452076.0
2006-03-27,173.032867650724,178.273549804114,173.032867650724,177.369983915598,823336.0
2006-03-28,178.454262981817,180.216216464422,175.698387021844,176.963379265766,615354.0
2006-03-29,176.624542057573,179.515952900822,176.624542057573,178.341317245752,330943.0
2006-03-30,179.764433520164,193.769704792155,178.47685212903,186.970371481076,2983476.0
2006-03-31,187.264030394843,189.522945116132,181.84263506375,186.473410242392,947824.0
2006-04-03,185.140650556832,191.985162162337,184.779224201425,190.494278446286,803451.0
2006-04-04,192.911317198065,192.911317198065,185.343952881748,188.574200933191,699432.0
2006-04-05,188.438666049913,191.714092395782,187.038138922714,189.184107907939,642890.0
2006-04-07,190.652402476776,191.081596273821,182.746200952265,185.027704820767,1121896.0
2006-04-10,185.682790089941,186.134573034199,179.357828870332,182.655844363414,773103.0
2006-04-12,182.972092424394,185.615022648302,178.454262981817,179.154526545416,555523.0
2006-04-13,179.80961181459,181.616743591621,176.217937407741,178.499441276242,293629.0
2006-04-17,180.261394758848,180.713177703106,172.671441295317,178.567208717881,489592.0
2006-04-18,181.436030413918,184.282262962742,179.131937398203,183.740123429633,642378.0
2006-04-19,185.592433501089,187.489921866972,183.423875368652,186.586355978456,560991.0
2006-04-20,187.580278455824,187.580278455824,183.423875368652,186.337875359115,277784.0
2006-04-21,188.506433491552,189.1163404663,182.023348241453,185.479487765025,529207.0
2006-04-24,187.038138922714,187.038138922714,183.265751338162,185.999038150921,204962.0
2006-04-25,185.90868156207,186.541177684031,152.183084773228,180.532464525402,497901.0
2006-04-26,180.758355997531,187.264030394843,177.098914149043,186.044216445347,824081.0
2006-04-27,188.845270699745,191.059007126608,179.990324992293,181.210138941789,1416688.0
2006-04-28,181.390852119492,185.682790089941,169.870387040919,183.288340485375,1232678.0
2006-05-02,186.111983886986,187.715813339101,184.124138932252,184.688867612574,381608.0
2006-05-03,186.586355978456,192.188464487253,183.87565831291,191.872216426272,827874.0
2006-05-04,193.543813320026,195.396123391483,188.393487755488,191.827038131847,702249.0
2006-05-05,193.272743553471,193.272743553471,188.845270699745,190.087673796454,418134.0
2006-05-08,190.087673796454,192.188464487253,187.489921866972,190.629813329563,469021.0
2006-05-09,191.962573015124,191.962573015124,183.491642810291,187.602867603036,432696.0
2006-05-10,190.833115654479,190.833115654479,187.128495511566,188.461255197126,908486.0
2006-05-11,188.80009240532,190.200619532519,185.976449003708,187.354386983695,498344.0
2006-05-12,187.444743572546,188.348309461062,183.762712576845,187.580278455824,384968.0
2006-05-15,186.134573034199,187.828759075165,177.550697093301,182.023348241453,599143.0
2006-05-16,182.972092424394,184.327441257168,174.455983925136,182.136293977517,498158.0
2006-05-17,180.735766850318,190.426511004647,180.261394758848,188.009472252868,748226.0
2006-05-18,187.038138922714,187.489921866972,178.454262981817,180.893890880809,854758.0
2006-05-19,182.972092424394,187.670635044675,164.968542095722,176.285704849379,670423.0
2006-05-22,185.140650556832,187.218852100417,158.124030490217,163.093642877053,983026.0
2006-05-23,170.322169985177,173.936433539239,155.865115768929,167.001565344882,772798.0
2006-05-24,168.063255263888,177.098914149043,158.824294053817,167.340402553076,1779809.0
2006-05-25,164.900774654084,181.074604058512,158.124030490217,177.912123448707,3226153.0
2006-05-26,177.912123448707,179.335239723119,171.67751881795,175.42731725529,458217.0
2006-05-29,180.66799940868,180.66799940868,170.548061457306,172.581084706466,508229.0
2006-05-30,173.484650594981,173.936433539239,167.159689375373,169.237890918958,608551.0
2006-05-31,167.159689375373,168.492449060933,163.093642877053,165.623627364896,842467.0
2006-06-01,166.888619608818,170.276991690751,153.854681666981,156.587968479741,1170080.0
2006-06-02,157.220464601702,166.707906431115,150.895503382093,165.329968451129,840932.0
2006-06-05,160.428123505932,167.159689375373,157.355999484979,159.16313126201,579503.0
2006-06-06,149.088371605062,164.855596359658,149.088371605062,156.158774682696,595024.0
2006-06-07,154.509766936155,162.641859932795,151.347286326351,159.411611881352,1009285.0
2006-06-08,157.67224754596,158.124030490217,146.377673939515,148.410697188675,1242643.0
2006-06-09,151.302108031925,154.509766936155,146.852046030986,151.934604153886,733335.0
2006-06-12,153.154418103382,153.154418103382,145.699999523129,146.445441381154,513576.0
2006-06-13,143.666976273969,148.184805716547,138.832898770411,145.180449137232,516717.0
2006-06-14,146.852046030986,156.316898713186,144.683487898549,147.597487889011,1671460.0
2006-06-15,151.347286326351,157.220464601702,149.156139046701,154.261286316813,811342.0
2006-06-16,158.124030490217,168.063255263888,156.81385995187,165.284790156703,704476.0
2006-06-19,161.738294044279,167.159689375373,160.450712653145,163.613193262949,352849.0
2006-06-20,160.382945211506,161.693115749854,155.887704916141,159.117952967584,669171.0
2006-06-21,157.220464601702,167.588883172418,154.057983991897,166.59496069505,758384.0
2006-06-22,171.270914168118,173.484650594981,162.641859932795,164.765239770806,1021510.0
2006-06-23,160.382945211506,168.966821152404,156.768681657444,167.340402553076,1676407.0
2006-06-25,169.418604096661,169.418604096661,164.223100237697,165.42032503998,63021.0
2006-06-26,164.900774654084,168.063255263888,161.309100247235,163.025875435414,551789.0
2006-06-27,163.997208765568,167.159689375373,158.349921962346,163.093642877053,1230438.0
2006-06-28,163.093642877053,165.804340542599,158.575813434475,163.658371557375,1017346.0
2006-06-29,159.70527079512,171.225735873692,159.70527079512,162.415968460666,2084109.0
2006-06-30,168.650573091423,169.418604096661,165.465503334406,167.159689375373,856081.0
2006-07-03,167.182278522586,168.018076969462,163.206588613117,167.114511080947,711185.0
2006-07-04,164.991131242935,168.515038208146,163.093642877053,164.629704887529,493438.0
2006-07-05,166.256123486857,168.063255263888,162.641859932795,167.159689375373,731840.0
2006-07-06,165.804340542599,167.837363791759,164.629704887529,165.826929689812,520374.0
2006-07-07,168.018076969462,170.886898665499,163.093642877053,167.61147231963,1140389.0
2006-07-10,168.289146736017,176.873022676915,167.159689375373,176.037224230038,1786853.0
2006-07-11,174.388216483497,175.74356531627,171.67751881795,172.69403044253,686932.0
2006-07-12,168.966821152404,176.647131204786,168.966821152404,172.965100209085,602982.0
2006-07-13,173.213580828427,173.484650594981,165.352557598342,167.747007202908,1100805.0
2006-07-14,164.290867679336,167.159689375373,161.738294044279,163.545425821311,1086315.0
2006-07-17,163.545425821311,163.545425821311,158.575813434475,160.586247536422,712533.0
2006-07-18,162.190076988537,164.855596359658,158.575813434475,162.822573110498,584199.0
2006-07-19,164.878185506871,165.284790156703,156.045828946632,159.885983972823,591005.0
2006-07-20,162.596681638369,167.159689375373,161.964185516408,164.652294034742,1125335.0
2006-07-21,164.448991709826,164.448991709826,160.044108003313,161.670526602641,339763.0
2006-07-24,161.286511100022,166.707906431115,157.265642896128,165.013720390148,690793.0
2006-07-25,165.804340542599,169.32824750781,164.923363801297,166.911208756031,693189.0
2006-07-26,168.063255263888,173.484650594981,165.804340542599,172.85215447302,2176566.0
2006-07-27,173.484650594981,180.713177703106,173.484650594981,178.747921895584,1890509.0
2006-07-28,178.567208717881,179.80961181459,172.242247498272,174.230092453007,680134.0
2006-07-31,182.881735835543,182.881735835543,171.67751881795,173.055456797936,646112.0
2006-08-01,173.032867650724,177.505518798875,170.367348279603,176.737487793637,606302.0
2006-08-02,177.098914149043,179.267472281481,176.195348260528,177.573286240514,781676.0
2006-08-03,178.906045926074,182.972092424394,176.217937407741,180.329162200486,1111889.0
2006-08-04,180.261394758848,184.327441257168,180.035503286719,181.029425764086,1195775.0
2006-08-07,181.616743591621,182.068526535879,176.195348260528,177.234449032321,398610.0
2006-08-08,177.324805621172,183.288340485375,174.388216483497,182.813968393904,966320.0
2006-08-09,184.372619551593,185.456898617812,181.210138941789,182.520309480137,1135679.0
2006-08-10,178.747921895584,185.231007145683,178.747921895584,184.801813348638,975158.0
2006-08-11,184.553332729297,187.489921866972,180.758355997531,182.994681571607,532394.0
2006-08-14,183.87565831291,187.264030394843,182.294418008008,186.586355978456,670593.0
2006-08-16,188.393487755488,189.748836588261,185.276185440109,186.902604039437,762469.0
2006-08-17,186.902604039437,188.754914110894,184.350030404381,187.309208689269,1014970.0
2006-08-18,183.672355987994,187.24144124763,183.672355987994,185.072883115193,333816.0
2006-08-21,187.715813339101,187.715813339101,180.713177703106,185.185828851257,632811.0
2006-08-22,185.682790089941,189.703658293835,183.220573043736,184.959937379129,819453.0
2006-08-23,184.959937379129,187.444743572546,182.610666068988,183.423875368652,552389.0
2006-08-24,181.164960647363,187.94170481123,180.803534291957,187.625456750249,1299481.0
2006-08-25,189.703658293835,189.703658293835,187.08331721714,188.641968374829,500180.0
2006-08-28,188.393487755488,188.845270699745,185.705379237154,188.25795287221,435417.0
2006-08-29,189.297053644003,189.522945116132,186.202340475837,187.602867603036,641297.0
2006-08-30,187.489921866972,189.251875349577,184.417797846019,186.947782333863,457754.0
2006-08-31,187.038138922714,188.80009240532,184.553332729297,185.705379237154,732827.0
2006-09-01,187.038138922714,187.444743572546,185.231007145683,186.676712567308,194366.0
2006-09-04,187.038138922714,189.681069146622,186.360464506328,189.1163404663,590625.0
2006-09-05,189.297053644003,190.110262943667,187.422154425333,188.822681552532,783219.0
2006-09-06,189.071162171874,193.814883086581,187.715813339101,193.02426293413,1361955.0
2006-09-07,192.911317198065,195.486479980334,190.652402476776,191.510790070866,736520.0
2006-09-08,193.317921847897,195.125053624928,191.827038131847,194.469968355754,884834.0
2006-09-11,195.170231919354,196.028619513444,187.196262953204,190.358743563009,1106426.0
2006-09-12,191.555968365292,192.911317198065,187.038138922714,191.104185421034,620259.0
2006-09-13,192.00775130955,201.404836550111,192.00775130955,200.185022600615,1539128.0
2006-09-14,201.495193138963,203.211968327142,197.655038112772,198.377890823584,1166071.0
2006-09-15,198.784495473416,202.195456702562,194.718448975096,201.495193138963,947897.0
2006-09-18,199.688061361932,203.754107860252,199.688061361932,200.546448956021,372150.0
2006-09-19,198.829673767842,202.398759027478,195.847906335741,198.558604001287,552581.0
2006-09-20,197.225844315727,212.789766745407,194.718448975096,208.90443342479,1176501.0
2006-09-21,213.444852014581,213.444852014581,207.820154358571,210.327549699202,1168405.0
2006-09-22,210.395317140841,214.958324877844,208.271937302829,211.976557445743,1287489.0
2006-09-25,213.693332633922,215.681177588656,210.688976054608,213.98699154769,1087574.0
2006-09-26,218.662945020758,218.662945020758,210.576030318544,216.652510918811,936469.0
2006-09-27,219.114727965015,219.430976025996,213.941813253264,215.16162720276,848301.0
2006-09-28,215.500464410953,216.855813243727,210.982634968376,213.422262867368,931274.0
2006-09-29,215.00350317227,215.229394644399,211.072991557227,211.999146592956,395469.0
2006-10-03,219.114727965015,219.114727965015,210.07906907986,211.185937293292,290726.0
2006-10-04,211.682898531975,212.292805506723,206.916588470056,208.520417922171,399648.0
2006-10-05,206.55516211465,211.389239618208,202.398759027478,207.797565211358,546595.0
2006-10-06,210.07906907986,210.07906907986,206.55516211465,207.978278389062,674849.0
2006-10-09,209.243270632983,211.841022562465,205.561239637283,209.740231871667,583591.0
2006-10-10,210.982634968376,213.670743486709,210.824510937885,211.79584426804,403953.0
2006-10-11,213.241549689665,215.026092319483,208.723720247087,213.602976045071,742642.0
2006-10-12,213.015658217536,215.500464410953,210.124247374286,214.980914025057,342841.0
2006-10-13,217.759379132242,217.759379132242,214.280650461457,215.681177588656,631118.0
2006-10-16,214.258061314245,220.921859742047,211.050402410014,219.611689203699,681749.0
2006-10-17,217.827146573881,220.763735711556,178.454262981817,220.221596178447,503257.0
2006-10-18,221.373642686304,223.632557407593,217.714200837816,222.841937255142,685639.0
2006-10-19,223.180774463335,223.587379113167,219.22767370108,221.73506904171,606409.0
2006-10-20,221.373642686304,226.298076778714,221.373642686304,224.603890737747,826976.0
2006-10-23,225.846293834456,227.698603905913,224.084340351851,225.055673682005,349443.0
2006-10-26,223.542200818742,229.957518627202,223.203363610548,227.35976669772,672487.0
2006-10-27,231.312867459975,240.325937197918,229.505735682944,238.225146507119,1545084.0
2006-10-30,241.252092233646,246.221704620481,238.383270537609,244.888944934921,1618955.0
2006-10-31,244.911534082134,246.44759609261,238.089611623842,239.535317045466,1103256.0
2006-11-01,241.455394558562,246.13134803163,237.186045735326,244.459751137876,851787.0
2006-11-02,243.511006954935,250.287751118801,243.511006954935,247.667410042106,788178.0
2006-11-03,248.932402286028,248.932402286028,244.007968193618,247.351161981126,362495.0
2006-11-06,244.663053462792,248.254727869641,244.640464315579,245.634386792946,621685.0
2006-11-07,247.125270508997,249.384185230286,243.059224010677,245.679565087372,533420.0
2006-11-08,244.41457284345,247.080092214571,241.749053472329,245.611797645733,409849.0
2006-11-09,247.961068955874,257.922882876757,242.426727888716,242.991456569038,798720.0
2006-11-10,243.962789899192,247.102681361784,241.703875177904,245.769921676224,395255.0
2006-11-13,246.673487564739,257.4710999325,244.843766640495,254.805580561379,1152413.0
2006-11-14,255.302541800062,260.430278217388,255.302541800062,257.403332490861,930293.0
2006-11-15,259.278231709531,263.321689060638,255.257363505637,261.424200694755,755242.0
2006-11-16,262.034107669503,263.841239446534,258.216541790525,260.882061161646,764936.0
2006-11-17,262.485890613761,264.925518512753,259.797782095427,262.418123172122,751060.0
2006-11-20,262.034107669503,279.156681256872,258.916805354124,273.328681275947,1672304.0
2006-11-21,277.394727774267,282.703177369296,274.68403010872,281.844789775206,1394458.0
2006-11-22,284.623254882391,290.903037807574,280.105425439814,288.327875025305,2429513.0
2006-11-23,290.044650213484,292.303564934773,279.405161876214,281.031580475542,1322036.0
2006-11-24,281.008991328329,283.719688993876,276.491161885751,278.59195257655,996367.0
2006-11-27,307.212402095279,307.212402095279,279.314805287363,284.84914635452,1406735.0
2006-11-28,284.623254882391,288.237518436453,280.105425439814,283.719688993876,947472.0
2006-11-29,283.719688993876,285.436464182055,279.789177378833,280.715332414562,712428.0
2006-11-30,283.719688993876,286.88216960368,276.71705335788,284.939502943372,2177892.0
2006-12-01,287.333952547938,291.399999046258,285.120216121075,286.114138598442,647086.0
2006-12-04,286.88216960368,288.644123086285,283.99075876043,285.187983562713,394535.0
2006-12-05,285.978603715165,290.496433157742,282.725766516509,288.824836263988,1324858.0
2006-12-06,290.948216102,294.517301361636,284.84914635452,292.461688965263,1247912.0
2006-12-07,295.01426260032,295.420867250152,285.978603715165,288.192340142028,1340925.0
2006-12-08,289.592867269227,290.903037807574,284.84914635452,286.611099837125,550827.0
2006-12-11,286.611099837125,286.611099837125,255.302541800062,274.164479722824,1483246.0
2006-12-12,268.856030127795,276.942944830009,253.743890642373,260.204386745259,1834985.0
2006-12-13,275.06804561134,275.06804561134,251.349441037807,270.166200666143,1553513.0
2006-12-14,274.638851814295,278.75007660704,271.521549498916,275.768309174939,1147720.0
2006-12-15,279.653642495556,281.347828536522,275.135813052978,278.27570451557,1565028.0
2006-12-18,279.676231642769,281.008991328329,269.714417721885,279.76658823162,782061.0
2006-12-19,279.76658823162,280.105425439814,268.81085183337,273.554572748076,1201095.0
2006-12-20,273.780464220205,279.156681256872,269.262634777627,273.19314639267,891321.0
2006-12-21,273.328681275947,278.298293662783,265.648371223565,276.378216149687,1343935.0
2006-12-22,276.942944830009,280.105425439814,273.35127042316,277.801332424099,521158.0
2006-12-26,278.094991337867,283.945580466005,275.587595997236,282.070681247335,711298.0
2006-12-27,282.364340161102,291.851781990515,282.34175101389,285.210572709926,648628.0
2006-12-28,289.095906030543,290.631968041019,282.883890546999,284.939502943372,1273332.0
2006-12-29,288.621533939072,288.621533939072,283.719688993876,284.600665735178,377337.0
2007-01-02,281.912557216845,287.333952547938,281.912557216845,286.588510689912,277507.0
2007-01-03,287.333952547938,290.044650213484,284.758789765669,289.389564944311,779817.0
2007-01-04,291.377409899045,291.399999046258,285.075037826649,288.101983553176,817709.0
2007-01-05,288.101983553176,289.141084324969,281.912557216845,287.469487431215,743475.0
2007-01-08,287.469487431215,287.469487431215,279.676231642769,281.054169622755,973917.0
2007-01-09,281.008991328329,284.623254882391,276.129735530345,281.551130861438,667977.0
2007-01-10,281.912557216845,282.364340161102,273.938588250695,277.236603743777,912622.0
2007-01-11,277.349549479841,288.689301380711,275.745720027726,287.514665725641,659993.0
2007-01-12,291.399999046258,302.152433119592,288.282696730879,299.893518398304,1093924.0
2007-01-15,304.953487373991,313.989146259146,298.176743210124,298.831828479298,521739.0000000001
2007-01-16,300.661549403542,304.366169546456,290.112417655123,302.626805211063,832783.0
2007-01-17,302.559037769424,304.953487373991,299.599859484536,301.836185058612,373426.0
2007-01-18,303.372247069088,309.471316816568,302.242789708444,304.16286722154,613420.0
2007-01-19,308.567750928053,311.730231537857,301.361812967141,309.493905963781,469618.0
2007-01-22,311.730231537857,311.730231537857,304.049921485475,305.585983495951,392722.0
2007-01-23,306.715440856596,317.15162686895,306.715440856596,311.685053243431,1581757.0
2007-01-24,316.112526097157,316.112526097157,307.347936978557,310.397471852297,1006976.0
2007-01-25,306.105533881848,333.41581286223,303.824030013346,325.780681104274,2567798.0
2007-01-29,324.786758626906,324.786758626906,312.272371070966,322.23418499185,526649.0
2007-01-31,321.895347783657,324.696402038055,318.506975701723,320.427053214819,563888.0
2007-02-01,324.786758626906,331.608681085199,317.603409813208,330.501812871767,630480.0
2007-02-02,332.060464029456,351.464541485327,332.060464029456,348.143936845033,2485273.0
2007-02-05,351.035347688283,360.206541456715,346.065735301447,352.910246906952,1664268.0
2007-02-06,352.910246906952,356.456743019376,346.336805068002,348.166525992246,978165.0
2007-02-07,349.45410738338,352.842479465314,346.607874834556,349.205626764039,656570.0
2007-02-08,351.938913576798,351.938913576798,343.355037635901,346.359394215215,544241.0
2007-02-09,346.969301189963,348.776432966994,337.933642304807,339.740774081838,504638.0
2007-02-12,347.42108413422,347.42108413422,322.143828402999,328.039595825562,2381906.0
2007-02-13,327.090851642621,346.901533748324,319.907502828923,334.477502781236,1920085.0
2007-02-14,336.533115177608,347.195192662092,321.420975692186,344.439316702119,1120170.0
2007-02-15,345.207347707357,360.071006573438,345.207347707357,358.421998826897,979275.0
2007-02-19,360.974572461953,366.757394148453,358.331642238045,361.403766258998,946336.0
2007-02-20,361.426355406211,364.362944543887,356.004960075118,357.653967821659,989314.0
2007-02-21,358.263874796407,370.913797235624,357.766913557723,364.85990578257,1689247.0
2007-02-22,365.944184848789,374.528060789686,357.857270146575,361.765192614404,2923579.0
2007-02-23,361.742603467192,365.040618960273,337.030076416292,341.525316711657,2081751.0
2007-02-26,339.740774081838,344.665208174248,322.685967936108,330.659936902257,2761553.0
2007-02-27,333.867595806487,337.933642304807,324.447921418713,326.729425287215,1617692.0
2007-02-28,308.658107516904,334.319378750745,302.694572652702,324.786758626906,2962450.0
2007-03-01,334.319378750745,334.319378750745,316.248060980435,329.327177216697,1812606.0
2007-03-02,327.994417531137,333.73206092321,316.699843924692,319.252417559749,1533937.0
2007-03-05,315.254138503068,317.129037721737,303.665905982856,310.239347821806,2052486.0
2007-03-06,313.966557111933,333.867595806487,307.325347831344,325.59996792657,2205469.0
2007-03-07,328.897983419652,332.964029917972,316.99350283846,326.548712109512,1780187.0
2007-03-08,328.897983419652,345.162169412932,324.877115215758,342.587006630662,1213206.0
2007-03-09,345.162169412932,346.517518245705,332.918851623546,339.017921371026,1470279.0
2007-03-12,341.096122914612,352.209983343353,339.288991137581,347.601797311924,1592375.0
2007-03-13,347.872867078478,348.324650022736,339.853719817903,345.749487240467,967655.0
2007-03-14,325.28371986559,339.379347726432,317.445285782718,329.756371013742,1060728.0
2007-03-15,334.319378750745,338.746851604471,326.729425287215,328.920572566865,776081.0
2007-03-16,326.187285754106,337.030076416292,319.410541590239,324.041316768881,1753456.0
2007-03-19,329.756371013742,332.512246973714,325.328898160016,331.450557054708,802408.0
2007-03-20,332.512246973714,338.385425249065,332.060464029456,333.212510537314,637725.0
2007-03-21,336.126510527776,347.375905839795,330.795471785535,344.077890346713,1201187.0
2007-03-22,347.42108413422,354.197828298087,345.659130651615,352.571409698759,1164129.0
2007-03-23,352.752122876462,359.167440684922,352.390696521056,354.288184886938,1154843.0
2007-03-26,351.577487221392,356.72781278593,283.719688993876,348.189115139459,1201022.0
2007-03-28,348.776432966994,348.776432966994,340.192557026096,342.315936864108,1252552.0
2007-03-29,338.340246954639,352.390696521056,335.968386497286,344.936277940803,1605580.0
2007-03-30,341.547905858869,347.42108413422,341.547905858869,345.116991118506,725221.0
2007-04-02,339.13086710709,339.13086710709,327.000495053769,329.327177216697,996514.0
2007-04-03,329.801549308168,334.861518283855,327.497456292453,331.473146201921,1021752.0
2007-04-04,336.352401999905,340.621750823141,334.364557045171,337.707750832678,725826.0
2007-04-05,334.274200456319,341.050944620186,333.867595806487,337.052665563505,540481.0
2007-04-09,338.362836101852,346.065735301447,336.600882619247,343.829409727371,836158.0
2007-04-10,344.281192671629,346.924122895537,342.903254691643,345.885022123744,612203.0
2007-04-11,346.065735301447,352.368107373843,344.710386468674,349.725177149935,765442.0
2007-04-12,349.544463972232,350.086603505341,343.355037635901,347.42108413422,759730.0
2007-04-13,345.613952357189,354.898091861686,345.613952357189,353.090960084655,917220.0
2007-04-16,353.746045353829,363.6852701275,353.746045353829,362.51063447243,986864.0
2007-04-17,363.6852701275,367.706138331394,359.754758512457,361.313409670147,928370.0
2007-04-18,360.47761122327,371.27522359103,360.47761122327,368.090153834013,826909.0
2007-04-19,365.853828259937,372.269146068397,357.473254643956,369.739161580554,634572.0
2007-04-20,371.049332118901,383.450773938777,371.049332118901,382.050246811578,908676.0
2007-04-23,384.083270060738,392.125006468526,378.594107288006,380.288293328973,947545.0
2007-04-24,379.497673176522,398.495145982561,377.238758455233,394.542045220305,1330519.0
2007-04-25,389.143239036425,395.310076225543,386.432541370878,389.617611127896,1229442.0
2007-04-26,393.051161504255,397.297921180278,386.319595634814,389.979037483302,2080756.0
2007-04-27,392.960804915403,392.960804915403,366.960696473369,373.330835987403,3599863.0
2007-04-30,371.365580179882,375.88340962246,361.426355406211,366.554091823537,3908049.0
2007-05-03,376.786975510975,379.497673176522,369.106665458593,377.351704191297,1242585.0
2007-05-04,381.259626659127,381.530696425682,366.847750737304,368.745239103187,1801855.0
2007-05-07,373.624494901171,376.335192566717,369.106665458593,371.523704210372,866763.0
2007-05-08,372.720929012655,374.979843733944,365.492401904531,368.270867011716,1271532.0
2007-05-09,365.989363143215,374.00851040379,361.878138350469,372.99199877921,1368840.0
2007-05-10,374.979843733944,377.012866983104,367.75131662582,369.987642199896,816262.0
2007-05-11,365.944184848789,369.897285611044,361.96849493932,367.728727478607,1503846.0
2007-05-14,370.371657702515,374.979843733944,368.632293367122,372.495037540526,903426.0
2007-05-15,373.172711956913,377.464649927362,369.106665458593,376.741797216549,855837.0
2007-05-16,377.690541399491,384.376928974505,376.786975510975,383.224882466648,666560.0
2007-05-17,384.602820446634,390.340463838708,381.75658789781,383.879967735822,753035.0
2007-05-18,383.495952233203,387.177983228904,378.142324343748,384.919068507615,560553.0
2007-05-21,387.177983228904,389.436897950192,381.982479369939,384.693177035486,969042.0
2007-05-22,384.015502619099,390.069394072153,380.401239065037,388.217084000696,1028393.0
2007-05-23,388.081549117419,391.695812671481,382.886045258455,384.105859207951,1030466.0
2007-05-24,383.970324324673,386.229239045962,375.88340962246,378.142324343748,990464.0
2007-05-25,372.720929012655,378.594107288006,369.332556930722,376.922510394252,1450045.0
2007-05-28,382.389084019771,382.389084019771,372.720929012655,374.279580170345,436399.0
2007-05-29,375.431626678202,382.502029755836,363.730448421926,377.803487135555,1495098.0
2007-05-30,375.431626678202,377.690541399491,373.760029784448,375.973766211311,927407.0
2007-05-31,377.238758455233,387.629766173161,375.88340962246,383.676665410906,1564069.0
2007-06-01,383.450773938777,385.82263439613,377.238758455233,380.084991004057,559776.0
2007-06-04,377.306525896871,381.75658789781,372.743518159868,373.534138312319,274577.0
2007-06-05,372.720929012655,380.401239065037,367.886851509097,378.323037521451,353144.0
2007-06-06,376.35778171393,380.356060770611,370.755673205134,372.404680951675,390553.0
2007-06-07,370.462014291366,379.452494882096,369.558448402851,371.049332118901,626055.0
2007-06-08,370.981564677263,376.244835977866,359.167440684922,368.428991042206,1390496.0
2007-06-11,372.720929012655,374.528060789686,364.249998807822,366.531502676324,662076.0
2007-06-12,367.75131662582,369.965053052683,361.426355406211,364.159642218971,628821.0
2007-06-13,364.091874777332,365.492401904531,356.908525963633,360.726091842612,1333226.0
2007-06-14,361.426355406211,371.772184829714,360.974572461953,369.490680961212,505851.0
2007-06-15,370.462014291366,374.076277845428,365.492401904531,367.254355387136,308566.0
2007-06-18,369.558448402851,372.269146068397,363.707859274713,365.447223610105,507368.0
2007-06-19,365.040618960273,368.971130575316,363.391611213732,366.779983295666,876385.0
2007-06-20,377.238758455233,377.238758455233,367.75131662582,372.698339865442,1593072.0
2007-06-21,372.269146068397,374.48288249526,367.796494920246,368.790417397613,921824.0
2007-06-22,373.624494901171,374.979843733944,367.75131662582,372.946820484784,517072.0
2007-06-25,372.269146068397,377.238758455233,370.913797235624,375.973766211311,2047407.0
2007-06-26,377.238758455233,386.274417340388,375.88340962246,385.280494863021,1061472.0
2007-06-27,386.274417340388,388.036370822993,376.425549155569,378.797409612922,495657.0
2007-06-28,381.75658789781,385.370851451873,377.464649927362,383.450773938777,906759.0
2007-06-29,383.428184791564,383.428184791564,375.205735206073,377.667952252278,680256.0
2007-07-02,379.497673176522,382.6149754919,376.922510394252,378.142324343748,642821.0
2007-07-03,378.594107288006,396.394355291762,378.164913490961,391.515099493778,1511355.0
2007-07-04,397.072029708149,398.653270013051,387.177983228904,388.668866944954,791973.0
2007-07-05,393.051161504255,393.051161504255,380.672308831592,385.257905715808,944387.0
2007-07-06,381.914711928301,397.614169241258,381.914711928301,391.356975463288,1312609.0
2007-07-09,388.55592120889,402.041642094984,388.55592120889,399.172820398947,879119.0
2007-07-10,401.951285506133,403.803595577589,389.233595625276,393.977316539983,765405.0
2007-07-11,393.977316539983,398.02077389109,390.566355310837,394.993828164563,389657.0
2007-07-12,400.731471556637,405.633316501833,394.81311498686,397.907828155026,1150270.0
2007-07-13,397.478634357981,404.11984363857,395.12936304784,398.901750632393,1081038.0
2007-07-16,398.02077389109,402.990386277925,395.355254519969,396.959083972084,432355.0
2007-07-17,397.568990946832,400.686293262211,389.03029330036,390.634122752475,586679.0
2007-07-18,389.436897950192,404.571626582828,388.533332061677,399.692370784844,567835.0
2007-07-19,402.08682038941,406.604649831987,399.827905668121,405.023409527085,1281138.0
2007-07-20,408.863564553276,425.986138140645,407.959998664761,417.379673052535,2338495.0
2007-07-23,414.691564534201,428.696835806192,414.691564534201,425.127750546556,719122.0
2007-07-24,427.002649765226,431.904494710422,418.802789326947,421.310184667578,878785.0
2007-07-25,416.589052900084,431.452711766165,416.589052900084,427.793269917677,1199563.0
2007-07-26,433.259843543196,433.259843543196,412.500417254551,418.192882352199,2304442.0
2007-07-27,410.670696330307,411.122479274565,401.183254500894,403.216277750054,1134924.0
2007-07-30,400.279688612379,407.463037426077,390.792246782966,400.098975434676,1330142.0
2007-07-31,404.345735110699,408.863564553276,395.12936304784,407.101611070671,1083129.0
2007-08-01,402.08682038941,402.08682038941,384.535053004996,389.843502600024,2296119.0
2007-08-02,392.147595615739,398.427378540922,386.36477392924,394.745347545221,720987.0
2007-08-03,401.183254500894,401.183254500894,392.147595615739,394.225797159325,442794.0
2007-08-06,386.997270051201,396.213642114059,384.083270060738,391.650634377056,795386.0
2007-08-07,397.00426226651,397.998184743877,393.299642123596,395.874804905866,437081.0
2007-08-08,398.33702195207,402.08682038941,396.665425058317,400.302277759592,459870.0
2007-08-09,402.990386277925,406.15286688773,390.001626630515,393.028572357042,797348.0
2007-08-10,384.693177035486,385.370851451873,372.720929012655,378.797409612922,1548981.0
2007-08-13,383.563719674841,387.629766173161,377.238758455233,384.738355329912,498351.0
2007-08-14,384.964246802041,388.985115005935,380.920789450934,386.793967726285,380221.0
2007-08-16,371.365580179882,375.431626678202,359.167440684922,361.96849493932,2061650.0
2007-08-17,360.929394167528,364.724370899293,338.837208193323,360.048417426225,3552966.0
2007-08-20,372.720929012655,379.452494882096,363.6852701275,374.031099551003,854054.0
2007-08-21,378.526339846367,379.045890232264,363.6852701275,367.660960036968,1116792.0
2007-08-22,384.467285563357,384.467285563357,366.441146087472,382.931223552881,966421.0
2007-08-23,386.274417340388,392.599378559997,381.75658789781,384.48987471057,969400.0
2007-08-24,389.323952214128,393.909549098344,382.343905725346,391.040727402307,810571.0
2007-08-27,393.051161504255,398.449967688135,391.740990965907,396.191052966846,585322.0
2007-08-28,394.858293281286,397.523812652406,390.837425077392,395.445611108821,406506.0
2007-08-29,386.726200284646,399.782727373695,381.304804953553,397.388277769129,869738.0
2007-08-30,401.815750622855,401.815750622855,391.289208021649,399.330944429437,2143589.0
2007-08-31,397.456045210768,401.160665353681,393.118928945893,397.388277769129,932789.0
2007-09-03,397.388277769129,398.02077389109,388.533332061677,392.847859179339,1054251.0
2007-09-04,393.299642123596,395.310076225543,384.919068507615,387.765301056439,818968.0
2007-09-05,388.533332061677,391.244029727224,380.175347592908,383.518541380416,1086121.0
2007-09-06,381.711409603385,384.919068507615,371.81736312414,380.401239065037,1089485.0
2007-09-07,383.450773938777,384.467285563357,379.497673176522,383.044169288945,876779.0
2007-09-10,381.75658789781,387.53940958431,377.329115044084,384.512463857783,672998.0
2007-09-11,386.274417340388,388.081549117419,379.542851470947,382.366494872558,671746.0
2007-09-12,368.316045306142,386.229239045962,368.316045306142,380.310882476186,533655.0
2007-09-13,380.310882476186,383.541130527629,378.142324343748,379.023301085051,704566.0
2007-09-14,381.75658789781,383.970324324673,374.053688698216,374.799130556241,813236.0
2007-09-17,377.170991013594,377.780897988342,364.588836016015,367.932029803523,1567942.0
2007-09-18,368.203099570078,378.503750699155,365.063208107486,376.131890241801,825086.0
2007-09-19,386.274417340388,403.893952166441,381.75658789781,400.663704114998,1164393.0
2007-09-20,402.08682038941,411.122479274565,398.472556835348,403.826184724802,1162851.0
2007-09-21,405.678494796259,417.899223438432,402.08682038941,416.205037397465,1387107.0
2007-09-24,418.351006382689,429.645579989133,418.351006382689,426.889704029161,1484041.0
2007-09-25,435.970541208742,440.48837065132,424.721145896724,435.428401675633,1090688.0
2007-09-26,436.693393919555,439.94623111821,431.49789006059,433.237254395983,970402.0
2007-09-27,437.777672985773,445.006200093897,427.43184356227,433.779393929092,1246804.0
2007-09-28,431.49789006059,437.551781513644,420.609921103978,424.630789307872,775056.0
2007-10-01,422.462231175435,435.24768849793,421.671611022984,425.331052871472,1127321.0
2007-10-03,433.711626487453,442.747285372609,424.675967602298,438.500525696586,1295063.0
2007-10-04,438.45534740216,452.234727202022,430.594324172075,434.457068345479,1019797.0
2007-10-05,438.229455930031,459.463254310146,431.520479207803,449.25295976992,2263196.0
2007-10-08,451.782944257764,473.400758140498,439.584804762804,445.299859007665,1246995.0
2007-10-09,429.690758283559,476.246990689322,429.690758283559,469.312122494965,2247517.0
2007-10-10,473.920308526394,535.001362590044,473.920308526394,483.814355005639,7897123.0
2007-10-11,492.443409240963,499.242742552042,477.579750374882,495.267052642574,3888003.0
2007-10-12,487.835223209533,500.55291309039,476.743951928005,482.775254233846,2733698.0
2007-10-15,495.605889850767,512.321858788304,483.407750355807,508.549471203752,3435313.0
2007-10-16,512.276680493878,512.276680493878,492.556354977027,500.914339445796,3136122.0
2007-10-17,469.854262028074,508.255812289984,447.265114815186,499.468634024171,6332934.0
2007-10-18,501.479068126118,501.479068126118,451.331161313506,458.220851213437,5583119.0
2007-10-19,458.55968842163,458.55968842163,422.417052881009,441.075688478855,4611587.0
2007-10-22,429.193797044876,434.38930090384,410.444804858178,420.271083895785,6835888.0
2007-10-23,438.229455930031,466.194820179587,427.838448212102,453.183471384963,4960333.0
2007-10-24,456.300773700341,469.718727144797,440.48837065132,450.179114805649,8268101.000000001
2007-10-25,451.173037283016,466.239998474012,442.747285372609,460.344231051449,12203800.0
2007-10-26,454.041858979053,468.453734900875,445.119145829962,447.581362876167,3715932.0
2007-10-29,456.300773700341,461.676990737009,447.310293109612,449.727331861391,3578655.0
2007-10-30,451.782944257764,463.529300808466,443.650851261124,451.579641932848,2752027.0
2007-10-31,451.782944257764,466.239998474012,449.524029536475,454.764711689865,4629948.0
2007-11-01,458.55968842163,485.214882132838,415.753254453207,424.721145896724,6347029.0
2007-11-02,384.128448355164,417.899223438432,384.128448355164,404.323145963486,8783797.0
2007-11-05,405.701083943472,429.193797044876,399.376122723863,425.489176901962,4441443.0
2007-11-06,429.193797044876,434.570014081543,409.112045172618,414.60120794535,3924446.0
2007-11-07,435.970541208742,435.970541208742,400.05379714025,406.536882390349,4884436.0
2007-11-08,402.041642094984,404.345735110699,384.467285563357,399.172820398947,4881852.0
2007-11-09,411.122479274565,411.122479274565,387.629766173161,391.560277788204,275247.0
2007-11-12,387.494231289884,389.753146011173,373.624494901171,376.809564658188,7955662.0
2007-11-13,379.497673176522,388.985115005935,374.098866992641,376.89992124704,8211976.000000001
2007-11-14,388.533332061677,401.363967678597,381.75658789781,388.262262295122,6704122.0
2007-11-15,390.792246782966,416.47610716402,390.792246782966,407.530804867716,4523618.0
2007-11-16,403.893952166441,414.691564534201,402.131998683836,412.455238960126,2113830.0
2007-11-19,419.254572271205,426.031316435071,407.124200217884,410.489983152604,1352492.0
2007-11-20,405.204122704788,413.381393995854,401.183254500894,408.863564553276,3449753.0
2007-11-21,408.863564553276,414.465673062073,397.568990946832,406.649828126413,5985987.0
2007-11-22,397.568990946832,419.615998626611,388.985115005935,409.51864982245,2091250.0
2007-11-23,415.188525772885,418.531719560392,408.931331994915,414.533440503711,2219787.0
2007-11-26,419.254572271205,430.097362933391,417.899223438432,427.815859064889,2121697.0
2007-11-27,427.838448212102,437.506603219219,411.370959893907,413.765409498473,3310854.0
2007-11-28,415.640308717143,421.061704048236,408.434370756231,411.145068421778,2145916.0
2007-11-29,417.899223438432,420.15813815972,405.768851385111,413.268448259789,4354946.0
2007-11-30,413.855766087325,429.193797044876,413.381393995854,424.450076130169,2408735.0
2007-12-03,425.127750546556,429.193797044876,414.375316473221,417.424851346961,1674580.0
2007-12-04,420.15813815972,423.772401713782,412.500417254551,414.217192442731,1421972.0
2007-12-05,414.736742828627,417.854045144006,410.038200208347,415.843611042059,3275238.0
2007-12-06,417.447440494174,430.232897816668,415.640308717143,424.969626516066,4685164.0
2007-12-07,431.452711766165,449.930634186307,428.357998597999,433.146897807131,6718886.0
2007-12-10,435.970541208742,446.994045048632,431.452711766165,439.675161351656,2542189.0
2007-12-11,441.843719484093,471.435502332977,440.48837065132,468.114897692682,4996667.0
2007-12-12,452.483207821363,483.27221547253,445.909765982413,478.325192232907,3311927.0
2007-12-13,479.793486801745,480.697052690261,444.102634205382,446.429316368309,3916473.0
2007-12-14,444.01227761653,451.331161313506,426.934882323587,431.136463705184,3093195.0
2007-12-17,429.14861875045,429.193797044876,403.916541313654,408.773207964425,4446637.0
2007-12-18,411.122479274565,419.186804829566,408.863564553276,411.348370746694,2309292.0
2007-12-19,417.447440494174,417.899223438432,407.056432776245,409.224990908682,3282145.0
2007-12-20,409.224990908682,419.887068393166,407.508215720503,415.165936625672,2314726.0
2007-12-24,417.899223438432,445.006200093897,415.640308717143,439.223378407398,3457781.0
2007-12-26,433.259843543196,447.265114815186,429.645579989133,444.305936530298,2039548.0
2007-12-27,449.524029536475,449.524029536475,428.380587745212,436.151254386445,3847885.0
2007-12-28,431.452711766165,439.901052823785,422.010448231177,425.308463724259,2518320.0
2007-12-31,446.226014043393,462.354665153396,433.711626487453,450.156525658436,4486789.0
2008-01-01,451.782944257764,451.782944257764,435.134742761865,437.145176863812,1327243.0
2008-01-02,438.229455930031,443.967099322105,430.097362933391,436.535269889064,2382783.0
2008-01-03,431.452711766165,435.902773767103,424.269362952466,428.787192395044,2297053.0
2008-01-04,431.362355177313,433.21466524877,425.127750546556,428.44835518685,2027552.0
2008-01-07,424.675967602298,428.199874567509,417.899223438432,423.343207916738,2579808.0
2008-01-08,432.288510213041,442.973176844737,425.602122638026,440.894975301152,3865643.0
2008-01-09,444.102634205382,444.102634205382,431.02351796912,440.104355148701,2638311.0
2008-01-10,441.843719484093,441.843719484093,431.588246649442,437.077409422174,2732955.0
2008-01-11,438.229455930031,444.102634205382,423.320618769525,435.902773767103,2596120.0
2008-01-14,411.732386249313,438.229455930031,407.914820370335,409.925254472282,5521576.0
2008-01-15,411.122479274565,412.929611051596,381.75658789781,387.53940958431,10653800.0
2008-01-16,381.75658789781,395.761859169801,370.574960027431,391.040727402307,7946322.0
2008-01-17,390.792246782966,404.978231232659,382.660153786326,393.932138245557,5038350.0
2008-01-18,390.837425077392,402.08682038941,386.274417340388,394.948649870137,3245177.0
2008-01-21,401.183254500894,402.08682038941,362.420277883578,374.528060789686,4284030.0
2008-01-22,365.944184848789,406.514293243136,316.699843924692,380.604541389953,5870367.0
2008-01-23,386.274417340388,456.707378350173,366.395967793047,383.134525877797,3464388.0
2008-01-24,379.949456120779,392.599378559997,375.544572414266,384.80612277155,2920683.0
2008-01-25,388.533332061677,417.831455996793,381.75658789781,413.42657229028,2966860.0
2008-01-28,406.582060684775,406.582060684775,381.75658789781,392.644556854423,2434909.0
2008-01-29,405.701083943472,405.701083943472,381.75658789781,384.263983238441,3634699.0
2008-01-30,388.533332061677,392.599378559997,381.846944486662,385.66451036564,3311604.0
2008-01-31,389.436897950192,404.797518054956,384.015502619099,388.01378167578,5246391.0
2008-02-01,389.436897950192,417.447440494174,384.580231299421,410.873998655223,2552758.0
2008-02-04,426.79934744031,426.79934744031,394.203208012112,416.995657549916,2964140.0
2008-02-05,422.417052881009,427.612556739973,411.122479274565,422.417052881009,2358876.0
2008-02-06,406.6272389792,408.728029669999,393.118928945893,406.265812623794,2758093.0
2008-02-07,408.863564553276,414.284959884369,384.512463857783,390.566355310837,1846899.0
2008-02-08,394.858293281286,402.08682038941,384.015502619099,398.901750632393,1284507.0
2008-02-11,398.02077389109,426.79934744031,372.720929012655,383.202293319435,3446258.0
2008-02-12,370.462014291366,393.051161504255,370.462014291366,387.991192528568,2416651.0
2008-02-13,399.714959932057,399.714959932057,371.365580179882,387.991192528568,1858064.0
2008-02-14,397.568990946832,406.604649831987,391.244029727224,396.258820408485,1876723.0
2008-02-15,385.483797187937,401.996463800558,385.483797187937,397.840060713387,1432978.0
2008-02-18,402.990386277925,403.893952166441,389.956448336089,397.456045210768,1217646.0
2008-02-19,401.635037445152,403.871363019228,395.310076225543,401.499502561875,1486781.0
2008-02-20,392.147595615739,397.117208002574,388.533332061677,391.786169260333,1628913.0
2008-02-21,394.180618864899,398.992107221244,385.370851451873,392.576789412784,1393535.0
2008-02-22,388.533332061677,392.147595615739,382.6149754919,384.512463857783,1581690.0
2008-02-25,392.599378559997,392.599378559997,376.35778171393,384.105859207951,3372440.0
2008-02-26,389.098060741999,389.098060741999,375.88340962246,379.181425115541,3442207.0
2008-02-27,383.021580141732,387.177983228904,377.012866983104,380.288293328973,2714846.0
2008-02-28,381.214448364701,384.015502619099,376.109301094588,382.276138283707,2487240.0
2008-02-29,383.111936730584,383.111936730584,364.249998807822,373.285657692977,3442172.0
2008-03-03,365.831239112724,365.831239112724,352.390696521056,357.925037588213,2251951.0
2008-03-04,358.263874796407,360.522789517696,339.288991137581,346.472339951279,2922228.0
2008-03-05,343.355037635901,345.501006621125,334.364557045171,339.311580284794,3223660.0
2008-03-07,334.319378750745,347.737332195201,329.846727602593,339.334169432006,7617793.0
2008-03-10,338.81461904611,374.076277845428,331.247254729792,363.775626716352,4609771.0
2008-03-11,359.61922362918,359.61922362918,346.991890337176,356.072727516757,3211780.0
2008-03-12,361.426355406211,371.681828240862,357.925037588213,367.254355387136,2920456.0
2008-03-13,361.426355406211,366.395967793047,343.445394224752,352.684355434823,2182747.0
2008-03-14,352.684355434823,354.649611242345,334.838929136642,340.14737873167,3671113.0
2008-03-17,329.801549308168,343.219502752623,319.049115234833,335.494014405815,2759276.0
2008-03-18,330.36627798849,350.131781799767,330.36627798849,342.699952366727,5049258.0
2008-03-19,349.99624691649,359.61922362918,345.433239179486,351.374184896476,3489701.0
2008-03-24,360.974572461953,365.040618960273,350.628743038451,361.607068583914,2351171.0
2008-03-25,366.283022056982,382.434262314197,365.040618960273,376.606262333272,3170285.0
2008-03-26,377.238758455233,382.660153786326,358.828603476729,363.097952299965,3193357.0
2008-03-27,361.945905792108,376.335192566717,350.696510480089,373.624494901171,4208366.0
2008-03-28,373.624494901171,381.75658789781,362.036262380959,374.098866992641,3638050.0
2008-03-31,373.037177073636,379.452494882096,364.611425163228,373.285657692977,2085765.0
2008-04-01,374.979843733944,378.142324343748,359.212618979348,362.82688253341,2895120.0
2008-04-02,369.106665458593,379.045890232264,368.293456158929,371.862541418565,2383543.0
2008-04-03,372.269146068397,374.528060789686,365.040618960273,370.326479408089,2053609.0
2008-04-04,368.203099570078,374.031099551003,351.916324429585,354.152650003661,2490289.0
2008-04-07,356.908525963633,376.312603419504,351.622665515818,369.919874758257,2255435.0
2008-04-08,370.010231347109,376.786975510975,360.387254634418,374.279580170345,2331424.0
2008-04-09,374.279580170345,374.528060789686,366.960696473369,371.320401885456,1558776.0
2008-04-10,371.320401885456,371.320401885456,356.953704258059,360.816448431463,2897056.0
2008-04-11,363.233487183242,369.965053052683,360.522789517696,363.730448421926,1969421.0
2008-04-15,361.991084086533,380.830432862082,356.682634491505,368.971130575316,2701862.0
2008-04-16,378.594107288006,380.039812709631,359.167440684922,364.837316635357,2835351.0
2008-04-17,369.106665458593,374.076277845428,364.70178175208,371.998076301843,2446045.0
2008-04-21,374.979843733944,393.028572357042,372.720929012655,386.68102199022,2803495.0
2008-04-22,390.792246782966,392.125006468526,382.660153786326,386.726200284646,2299491.0
2008-04-23,397.501223505194,397.501223505194,378.277859227026,381.779177045023,2816911.0
2008-04-24,383.202293319435,394.11285142326,377.396882485723,380.853022009295,3222072.0
2008-04-25,384.919068507615,424.608200160659,381.75658789781,416.724587783361,8495814.0
2008-04-28,417.899223438432,429.193797044876,411.845331985378,419.277161418418,6031953.0
2008-04-29,415.708076158781,419.706355215463,405.859207973962,407.146789365097,3727162.0
2008-04-30,411.122479274565,414.827099417479,402.109409536623,405.814029679536,4294957.0
2008-05-02,406.604649831987,414.668975386989,401.431735120236,406.717595568052,3146888.0
2008-05-05,410.21891338605,411.009533538501,400.008618845824,403.871363019228,2652268.0
2008-05-06,408.863564553276,442.656928783757,379.497673176522,382.366494872558,8901285.0
2008-05-07,384.015502619099,384.015502619099,360.522789517696,368.722649955974,10436698.0
2008-05-08,365.944184848789,377.238758455233,363.775626716352,374.618417378538,5412096.0
2008-05-09,362.329921294727,388.533332061677,362.329921294727,380.310882476186,6543615.0
2008-05-12,372.83387474872,382.524618903049,370.484603438579,378.571518140793,2824884.0
2008-05-13,380.401239065037,382.163192547642,368.270867011716,370.484603438579,5321850.0
2008-05-14,370.462014291366,384.015502619099,368.203099570078,383.495952233203,3730602.0
2008-05-15,383.563719674841,389.165828183638,379.836510384715,386.816556873497,4394991.0
2008-05-16,390.656711899688,390.656711899688,379.610618912586,385.122370832531,3662419.0
2008-05-20,384.015502619099,384.015502619099,363.6852701275,374.799130556241,4465662.0
2008-05-21,372.269146068397,374.48288249526,368.203099570078,371.568882504798,1953385.0
2008-05-22,370.462014291366,372.675750718229,365.989363143215,369.422913519574,2251546.0
2008-05-23,370.462014291366,381.75658789781,368.203099570078,378.435983257516,3610922.0
2008-05-26,388.533332061677,394.858293281286,385.167549126957,390.091983219366,3495563.0
2008-05-27,376.493316597208,394.383921189815,376.493316597208,389.775735158386,2800250.0
2008-05-28,380.062401856844,400.595936673359,380.062401856844,399.489068459928,2964476.0
2008-05-29,402.131998683836,405.158944410363,380.807843714869,387.833068498077,4037126.0
2008-05-30,391.244029727224,397.523812652406,385.82263439613,395.739270022588,1497665.0
2008-06-02,397.568990946832,400.957363028765,390.792246782966,396.416944438975,1881100.0
2008-06-03,388.533332061677,392.441254529507,376.448138302782,380.130169298482,4566623.0
2008-06-04,380.401239065037,386.274417340388,361.878138350469,366.102308879279,4869534.0
2008-06-05,366.102308879279,375.476804972628,350.176960094193,371.614060799224,6460985.0
2008-06-06,375.88340962246,377.690541399491,360.093595720651,362.329921294727,3940175.0
2008-06-09,365.808649965511,365.808649965511,338.837208193323,352.978014348591,6085506.0
2008-06-10,352.842479465314,356.840758521995,343.355037635901,350.719099627302,4810357.0
2008-06-11,350.538386449599,371.772184829714,343.942355463436,364.54365772159,4580151.0
2008-06-12,361.878138350469,371.727006535288,347.42108413422,370.484603438579,4393498.0
2008-06-13,362.488045325217,372.043254596269,362.488045325217,368.835595692038,1882200.0
2008-06-16,384.015502619099,384.015502619099,369.558448402851,379.655797207012,3012790.0
2008-06-17,371.026742971689,379.475084029309,371.026742971689,376.131890241801,1641830.0
2008-06-18,388.488153767251,388.488153767251,363.775626716352,366.870339884517,2855234.0
2008-06-19,370.462014291366,370.462014291366,358.489766268536,363.84339415799,3026379.0
2008-06-20,365.311688726828,365.311688726828,341.073533767399,345.93020041817,3568395.0
2008-06-23,342.903254691643,348.324650022736,332.060464029456,342.790308955578,4337591.0
2008-06-24,350.131781799767,350.131781799767,334.816339989429,339.153456254303,2993162.0
2008-06-25,336.555704324821,355.914603486266,329.846727602593,352.34551822663,3077058.0
2008-06-26,355.55317713086,355.55317713086,341.096122914612,347.624386459136,4140536.0
2008-06-27,342.406293452959,342.406293452959,324.606045449203,337.911053157594,6279948.0
2008-06-30,342.361115158533,342.361115158533,323.476588088559,325.848448545912,2143368.0
2008-07-01,334.251611309107,334.251611309107,310.781487354916,319.365363295813,4743134.0
2008-07-02,334.183843867468,342.903254691643,312.294960218179,335.358479522538,7260559.0
2008-07-03,336.804184944163,336.804184944163,315.886634625028,319.749378798432,4432527.0
2008-07-04,319.749378798432,327.949239236711,317.241983457802,323.996138474455,3426741.0
2008-07-07,303.846619160559,340.644339970354,303.846619160559,328.739859389162,2064244.0
2008-07-08,325.735502809848,325.735502809848,313.989146259146,321.240262514483,2948302.0
2008-07-09,327.542634586879,342.315936864108,326.864960170492,337.210789593995,3550533.0
2008-07-10,337.255967888421,342.406293452959,329.801549308168,335.109998903196,4016194.0
2008-07-11,338.81461904611,347.737332195201,332.060464029456,336.533115177608,3106049.0
2008-07-14,325.848448545912,339.492293462497,325.848448545912,332.444479532076,2259579.0
2008-07-15,324.786758626906,332.512246973714,314.147270289636,320.788479570225,2684218.0
2008-07-16,322.008293519721,332.918851623546,316.248060980435,330.230743105213,3727333.0
2008-07-17,342.903254691643,344.620029879822,334.884107431067,338.588727573981,4809304.0
2008-07-18,361.245642228508,367.299533681562,331.156898140941,362.82688253341,5615393.0
2008-07-21,364.227409660609,374.48288249526,349.341161647316,360.771270137037,3417189.0
2008-07-22,344.37154926048,370.462014291366,344.37154926048,351.577487221392,4979088.0
2008-07-23,361.878138350469,374.076277845428,354.717378683983,368.745239103187,6612055.0
2008-07-24,377.690541399491,389.41430880298,357.179595730188,361.268231375721,8487146.0
2008-07-25,352.255161637778,370.145766230386,350.199549241406,360.003239131799,2808772.0
2008-07-28,317.400107488292,368.203099570078,317.400107488292,359.235208126561,2782049.0
2008-07-29,359.61922362918,359.61922362918,344.732975615887,351.441952338115,3030435.0
2008-07-30,379.362138293244,379.362138293244,354.649611242345,365.899006554363,3182806.0
2008-07-31,372.720929012655,372.720929012655,356.050138369544,360.839037578676,5104841.0
2008-08-01,356.863347669208,372.585394129378,348.143936845033,370.529781733005,4624097.0
2008-08-04,368.157921275652,372.585394129378,363.753037569139,368.654882514335,1814792.0
2008-08-05,350.131781799767,381.824355339449,350.131781799767,379.542851470947,2545786.0
2008-08-06,384.015502619099,400.686293262211,383.15711502501,392.7800917377,5477565.0
2008-08-07,391.695812671481,391.695812671481,377.961611166045,383.721843705332,4134825.0
2008-08-08,390.769657635753,390.769657635753,375.928587916885,379.881688679141,1848704.0
2008-08-11,390.340463838708,390.340463838708,380.446417359463,382.005068517152,1968817.0
2008-08-12,387.629766173161,387.629766173161,369.739161580554,371.930308860204,2791161.0
2008-08-13,370.439425144153,374.121456139854,366.89292903173,370.846029793985,1668481.0
2008-08-14,370.529781733005,376.967688688678,366.170076320918,369.829518169406,2420375.0
2008-08-18,374.437704200835,374.437704200835,361.832960056043,365.537580198957,1804838.0
2008-08-19,368.157921275652,368.157921275652,353.339440703997,357.766913557723,2613356.0
2008-08-20,359.61922362918,370.010231347109,358.196107354768,368.654882514335,2563845.0
2008-08-21,368.0675646868,368.971130575316,359.754758512457,361.087518198018,1063107.0
2008-08-22,364.905084076996,368.835595692038,357.676556968872,365.808649965511,1356679.0
2008-08-25,366.847750737304,372.178789479546,366.847750737304,368.880773986464,1350151.0
2008-08-26,357.473254643956,367.254355387136,357.473254643956,365.402045315679,1748470.0
2008-08-27,367.706138331394,367.706138331394,359.167440684922,363.617502685861,2230695.0
2008-08-28,370.913797235624,371.772184829714,359.77734765967,363.459378655371,3882914.0
2008-08-29,366.03454143764,381.146680923062,364.588836016015,378.368215815877,2805036.0
2008-09-01,378.142324343748,378.142324343748,366.057130584853,368.745239103187,1617140.0
2008-09-02,383.428184791564,383.428184791564,364.00151818848,377.080634424743,2033672.0
2008-09-04,379.497673176522,379.497673176522,368.22568871729,373.082355368061,2953892.0
2008-09-05,372.585394129378,372.585394129378,360.590556959334,362.962417416687,3232623.0
2008-09-08,376.786975510975,376.786975510975,367.570603448117,370.371657702515,2301097.0
2008-09-09,372.720929012655,379.362138293244,366.395967793047,378.097146049323,2203565.0
2008-09-10,374.528060789686,377.193580160807,365.71829337666,366.847750737304,2707416.0
2008-09-11,365.492401904531,365.944184848789,349.747766297148,351.01275854107,6298179.0
2008-09-12,351.035347688283,356.456743019376,336.578293472034,351.871146135159,4303499.0
2008-09-15,345.613952357189,348.731254672568,334.319378750745,346.133502743086,4335665.0
2008-09-16,343.355037635901,354.152650003661,329.010929155717,349.725177149935,5973128.0
2008-09-17,352.119626754501,352.119626754501,339.401936873645,347.940634520117,3920850.0
2008-09-18,338.792029898897,347.782510489627,315.796278036177,343.919766316223,12507762.0
2008-09-19,359.167440684922,370.326479408089,350.877223657792,364.069285630119,12936039.0
2008-09-22,368.203099570078,368.203099570078,360.997161609166,365.402045315679,3559761.0
2008-09-23,361.426355406211,362.51063447243,352.435874815482,358.105750765917,3581860.0
2008-09-24,361.426355406211,368.0675646868,352.006681018437,366.19266546813,3139195.0
2008-09-25,361.65224687834,372.720929012655,351.554898074179,357.315130613465,7312994.0
2008-09-26,361.358587964572,361.358587964572,346.765998865047,350.583564744025,3735096.0
2008-09-29,351.035347688283,351.035347688283,320.404464067606,338.950153929387,6593179.0
2008-09-30,336.578293472034,360.974572461953,294.110696711804,354.581843800706,6929079.0
2008-10-01,370.010231347109,370.010231347109,339.853719817903,357.224774024614,2790196.0
2008-10-03,361.290820522934,361.290820522934,335.719905877944,341.683440742147,4200864.0
2008-10-06,344.258603524416,344.258603524416,322.640789641682,328.785037683588,5378654.0
2008-10-07,343.355037635901,346.969301189963,331.22466558258,338.046588040872,5080061.0
2008-10-08,331.924929146179,335.222944639261,318.529564848936,331.315022171431,5871709.0
2008-10-10,316.248060980435,321.985704372508,293.342665706566,312.76933230965,12023868.0
2008-10-13,338.136944629723,342.406293452959,312.678975720798,334.251611309107,4369736.0
2008-10-14,345.568774062764,354.581843800706,339.740774081838,346.336805068002,5423533.0
2008-10-15,342.767719808365,342.767719808365,314.079502847997,322.957037702662,5760653.0
2008-10-16,320.607766392522,340.644339970354,295.17238663081,330.095208221935,5406565.0
2008-10-17,341.096122914612,346.969301189963,301.181099789438,305.924820704145,5052384.0
2008-10-20,355.824246897415,355.824246897415,304.953487373991,319.907502828923,5978662.0
2008-10-21,323.770247002326,335.222944639261,303.598138541217,327.248975673111,4358142.0
2008-10-22,322.753735377746,322.753735377746,298.176743210124,301.000386611735,5078231.0
2008-10-23,293.523378884269,293.523378884269,274.638851814295,277.869099865738,5886999.0
2008-10-24,273.328681275947,273.328681275947,228.150386850171,242.652619360845,7567244.0
2008-10-27,248.209549575215,266.484169670442,218.2111620765,255.076650327933,7761229.0
2008-10-28,271.069766554658,277.846510718525,267.749161914364,275.903844058216,633918.0
2008-10-29,296.324433138667,296.324433138667,260.430278217388,278.501595987699,9112274.0
2008-10-31,288.531177350221,301.339223819928,269.759596016311,295.353099808513,10053307.0
2008-11-03,311.730231537857,316.473952452564,299.983874987155,312.407905954244,3489275.0
2008-11-04,321.827580342018,330.253332252425,299.328789717981,323.905781885604,5467042.0
2008-11-05,334.409735339597,337.933642304807,307.664185039537,309.629440847058,4487734.0
2008-11-06,306.308836206764,306.308836206764,279.563285906704,288.870014558414,5510122.0
2008-11-07,286.430386659422,298.086386621273,280.105425439814,292.777937026244,4454742.0
2008-11-10,298.628526154382,327.452277998027,298.176743210124,321.511332281038,2820615.0
2008-11-11,324.990060951822,324.990060951822,294.15587500623,297.928262590782,4323350.0
2008-11-12,293.658913767546,304.546882724159,275.632774291662,285.504231623694,4979677.0
2008-11-14,289.141084324969,304.366169546456,286.520743248274,292.529456406902,6245685.0
2008-11-17,298.041208326847,304.501704429733,280.128014587026,300.164588164858,3731718.0
2008-11-18,285.187983562713,298.176743210124,278.117580485079,281.415595978161,5019167.0
2008-11-19,286.159316892868,288.734479675137,272.041099884812,276.649285916242,7101058.0
2008-11-20,269.849952605162,270.934231671381,260.452867364601,267.455503000596,4978440.0
2008-11-21,264.293022390792,284.84914635452,262.531068908187,279.585875053917,5122503.0
2008-11-24,277.846510718525,292.664991290179,269.737006869098,288.147161847602,4619548.0
2008-11-25,298.131564915698,300.435657931413,279.066324668021,283.629332405024,4379908.0
2008-11-26,287.785735492196,297.589425382589,281.95773551127,295.01426260032,4314147.0
2008-11-28,286.88216960368,306.218479617912,284.623254882391,303.168944744172,7554376.0
2008-12-01,306.173301323487,313.921378817507,291.512944782322,293.975161828527,4566783.0
2008-12-02,289.141084324969,304.953487373991,281.008991328329,303.078588155321,4736276.0
2008-12-03,313.401828431611,313.401828431611,292.077673462644,299.983874987155,4961802.0
2008-12-04,302.242789708444,311.730231537857,295.511223839003,309.787564877549,4464009.0
2008-12-05,307.212402095279,314.440929203404,298.176743210124,300.345301342561,2981438.0
2008-12-08,311.188092004748,323.883192738391,306.308836206764,316.812789660757,4375563.0
2008-12-10,321.21767336727,334.319378750745,319.410541590239,332.421890384863,5771499.0
2008-12-11,325.780681104274,338.701673310046,323.499177235772,335.403657816964,5018525.0
2008-12-12,332.060464029456,332.060464029456,320.788479570225,326.864960170492,4725806.0
2008-12-15,338.746851604471,338.746851604471,327.678169470156,333.144743095675,2515048.0
2008-12-16,336.510526030395,338.792029898897,327.203797378685,336.487936883183,2709372.0
2008-12-17,342.451471747385,342.451471747385,317.874479579763,320.427053214819,3390582.0
2008-12-18,326.548712109512,326.548712109512,315.412262533558,320.833657864651,5883933.0
2008-12-19,325.238541571164,330.705115196683,316.29323927486,326.051750870828,3687461.0
2008-12-22,330.208153958,331.156898140941,321.759812900379,326.232464048531,2399383.0
2008-12-23,329.214231480633,329.214231480633,316.812789660757,321.149905925631,2760964.0
2008-12-24,320.314107478755,323.928371032817,307.280169536918,311.459161771302,5685888.0
2008-12-26,316.202882686009,316.202882686009,306.489549384467,310.103812938529,1759744.0
2008-12-29,311.685053243431,323.883192738391,300.435657931413,321.692045458741,1446701.0
2008-12-30,324.380153977074,331.608681085199,318.506975701723,326.45835552066,2168553.0
2008-12-31,327.520045439666,329.327177216697,321.443564839399,323.25069661643,1938485.0
2009-01-01,323.024805144301,327.542634586879,319.997859417774,325.261130718377,1682474.0
2009-01-02,325.983983429189,326.187285754106,315.796278036177,318.461797407298,3882492.0
2009-01-05,320.878836159077,322.573022200043,305.969998998571,309.764975730336,5494411.0
2009-01-06,315.97699121388,315.97699121388,294.223642447869,296.821394377351,7906040.0
2009-01-07,300.842262581245,302.197611414018,276.491161885751,293.658913767546,7575718.0
2009-01-09,291.851781990515,295.466045544578,274.52590607823,288.644123086285,7346007.0
2009-01-12,285.662355654184,287.921270375473,274.751797550359,281.844789775206,4111385.0
2009-01-13,280.128014587026,284.171471938133,268.291301447473,274.254836311676,4905444.0
2009-01-14,279.969890556536,286.88216960368,275.587595997236,281.347828536522,3794274.0
2009-01-15,277.846510718525,277.846510718525,263.841239446534,272.718774301199,4271995.0
2009-01-16,278.659720018189,288.689301380711,274.68403010872,286.769223867616,3164861.0
2009-01-19,286.430386659422,295.375688955726,284.623254882391,292.235797493135,2044938.0
2009-01-20,287.785735492196,287.785735492196,275.587595997236,278.456417693273,3032402.0
2009-01-21,249.994092205034,275.000278169701,249.994092205034,263.412045649489,5017559.0
2009-01-22,264.293022390792,281.777022333567,262.034107669503,279.743999084407,8164592.0
2009-01-23,277.846510718525,282.364340161102,272.538061123496,277.010712271648,3243187.0
2009-01-27,278.140169632292,293.613735473121,277.620619246396,292.484278112476,4630340.0
2009-01-28,294.381766478359,298.176743210124,286.972526192532,294.630247097701,5257798.0
2009-01-29,300.435657931413,300.435657931413,280.240960323091,283.448619227321,6317490.0
2009-01-30,280.105425439814,287.333952547938,276.581518474603,286.407797512209,3241361.0
2009-02-02,284.487719999114,284.487719999114,274.254836311676,278.207937073931,3345852.0
2009-02-03,281.460774272587,287.763146344983,277.304371185415,282.364340161102,2647279.0
2009-02-04,286.001192862377,289.141084324969,282.906479694212,286.5659215427,2964754.0
2009-02-05,291.851781990515,291.851781990515,279.201859551298,284.013347907643,2268100.0
2009-02-06,286.88216960368,293.387844000992,285.571999065333,292.326154081986,2075176.0
2009-02-09,293.161952528863,302.242789708444,288.779657969563,300.774495139606,1840986.0
2009-02-10,299.441735454046,301.339223819928,292.800526173457,299.780572662239,2824743.0
2009-02-11,293.726681209185,306.760619151022,291.399999046258,304.253223810391,2249780.0
2009-02-12,302.694572652702,304.727595901862,291.399999046258,294.042929270166,2885648.0
2009-02-13,297.634603677015,300.435657931413,290.744913777084,294.449533919998,3330438.0
2009-02-16,294.449533919998,294.449533919998,283.764867288302,288.124572700389,3299995.0
2009-02-17,283.719688993876,287.876092081047,281.912557216845,285.820479684674,4422666.0
2009-02-18,283.719688993876,294.426944772785,283.042014577489,289.525099827588,2628541.0
2009-02-19,287.876092081047,294.15587500623,287.446898284002,292.958650203947,2308270.0
2009-02-20,285.075037826649,294.31399903672,285.075037826649,290.360898274465,1919603.0
2009-02-24,285.075037826649,290.044650213484,283.267906049618,287.627611461705,1812941.0
2009-02-25,290.044650213484,298.176743210124,287.492076578428,289.479921533162,3505863.0
2009-02-26,290.044650213484,298.176743210124,285.233161857139,294.652836244914,3962172.0
2009-02-27,292.619812995754,292.619812995754,282.386929308315,288.463409908582,3263523.0
2009-03-02,285.843068831887,285.843068831887,276.491161885751,278.659720018189,3708852.0
2009-03-03,282.296572719464,282.296572719464,268.517192919602,271.589316940555,4927313.0
2009-03-04,272.876898331689,274.232247164463,266.145332462249,271.363425468426,3448824.0
2009-03-05,274.232247164463,274.232247164463,259.775192948214,266.438991376016,4328789.0
2009-03-06,263.389456502276,273.554572748076,257.538867374138,272.086278179238,3305583.0
2009-03-09,266.642293700932,271.386014615639,262.960262705231,265.535425487501,2170165.0
2009-03-12,281.777022333567,281.777022333567,244.459751137876,247.780355778171,14874877.0
2009-03-13,252.411130956813,257.4710999325,246.244293767694,251.936758865342,14719791.0
2009-03-16,253.902014672863,260.588402247878,252.772557312219,258.10359605446,6253372.0
2009-03-17,259.775192948214,264.20266580194,255.031472033508,258.216541790525,4226293.0
2009-03-18,259.66224721215,261.446789841968,251.643099951574,257.403332490861,9315298.0
2009-03-19,259.436355740021,260.181797598046,255.144417769572,257.832526287906,3306071.0
2009-03-20,257.516278226925,258.871627059699,249.835968174543,257.245208460371,3994716.0
2009-03-23,258.419844115441,271.069766554658,256.793425516113,267.997642533706,5701682.0
2009-03-24,271.047177407445,280.873456445052,269.12709989435,272.741363448412,4587450.0
2009-03-25,268.81085183337,274.232247164463,263.02803014687,267.003720056338,4751564.0
2009-03-26,267.455503000596,282.364340161102,263.683115416044,280.94122388669,6973902.0
2009-03-27,282.409518455528,287.266185106299,275.135813052978,280.94122388669,4113423.0
2009-03-30,263.231332471786,279.382572729001,263.231332471786,275.429471966746,3138522.0
2009-03-31,279.405161876214,288.011626964324,277.281782038203,282.703177369296,5291761.0
2009-04-01,282.996836283063,282.996836283063,268.359068889112,277.778743276886,7949237.0
2009-04-02,282.364340161102,293.433022295418,280.399084353581,288.553766497434,4562986.0
2009-04-06,291.625890518387,303.372247069088,290.067239360697,298.06379747406,4075392.0
2009-04-08,291.399999046258,303.598138541217,282.070681247335,299.215843981917,5955475.0
2009-04-09,301.791006764186,311.730231537857,298.176743210124,300.910030022884,3411074.0
2009-04-13,302.242789708444,306.986510623151,294.788371128191,299.667626926175,2998204.0
2009-04-15,298.176743210124,310.826665649342,294.652836244914,309.493905963781,4281794.0
2009-04-16,311.59469665458,318.461797407298,300.435657931413,301.700650175335,4492900.0
2009-04-17,304.953487373991,312.633797426373,301.881363353038,307.460882714621,5772228.0
2009-04-20,307.935254806092,314.215037731275,301.045564906161,310.917022238193,3097670.0
2009-04-21,302.694572652702,332.964029917972,302.694572652702,325.057828393461,5928411.0
2009-04-22,329.756371013742,329.756371013742,315.344495091919,321.940526078083,4712384.0
2009-04-23,327.542634586879,327.542634586879,310.917022238193,319.817146240071,5639737.0
2009-04-24,319.18465011811,344.123068641139,319.18465011811,338.724262457258,6960961.0
2009-04-27,334.319378750745,341.728619036573,329.891905897019,335.968386497286,3468161.0
2009-04-28,338.792029898897,338.792029898897,322.121239255786,327.248975673111,4435415.0
2009-04-29,341.096122914612,342.451471747385,322.573022200043,340.079611290032,6797121.0
2009-05-04,345.77207638768,358.128339913129,338.9727430766,343.016200427707,8323679.0
2009-05-05,358.715657740664,358.715657740664,333.664293481571,339.176045401516,4050740.0
2009-05-06,336.533115177608,348.324650022736,334.161254720255,342.225580275256,4782753.0
2009-05-07,342.225580275256,355.507998836434,342.225580275256,353.542743028913,4451746.0
2009-05-08,352.390696521056,355.39505310037,341.547905858869,347.127425220453,2478362.0
2009-05-11,347.872867078478,353.633099617765,336.578293472034,338.227301218575,2597089.0
2009-05-12,336.126510527776,360.522789517696,334.364557045171,358.625301151813,3246846.0
2009-05-13,356.004960075118,371.365580179882,352.842479465314,359.506277893116,2998064.0
2009-05-14,354.514076359067,354.514076359067,341.276836092315,345.455828326699,3817676.0
2009-05-15,350.086603505341,366.350789498621,345.613952357189,361.358587964572,4176214.0
2009-05-18,429.193797044876,468.047130251043,397.568990946832,453.228649679389,61765.0
2009-05-19,460.818603142919,460.818603142919,402.08682038941,413.42657229028,11955717.0
2009-05-20,412.88443275717,412.88443275717,379.768742943076,388.375208031187,11389168.0
2009-05-21,387.629766173161,397.568990946832,377.261347602446,385.122370832531,3865810.0
2009-05-22,385.122370832531,391.153673138372,381.259626659127,388.352618883974,4506142.0
2009-05-25,390.792246782966,415.640308717143,355.101394186602,366.102308879279,11857678.0
2009-05-26,369.106665458593,374.979843733944,342.225580275256,348.415006611588,13575114.0
2009-05-27,360.387254634418,360.387254634418,338.837208193323,347.330727545369,15682400.0
2009-05-28,351.48713063254,364.453301132738,345.613952357189,359.574045334754,17606982.0
2009-05-29,365.944184848789,377.690541399491,360.590556959334,370.868618941198,7423913.0
2009-06-01,393.051161504255,393.051161504255,352.390696521056,363.594913538648,8565542.0
2009-06-02,356.908525963633,374.460293348048,356.908525963633,361.607068583914,4098884.0
2009-06-03,354.37854147579,370.010231347109,354.37854147579,360.726091842612,5175128.0
2009-06-04,351.035347688283,370.010231347109,351.035347688283,368.835595692038,3377948.0
2009-06-05,369.558448402851,377.238758455233,364.408122838312,373.511549165106,4259820.0
2009-06-08,366.689626706814,378.142324343748,363.165719741603,367.683549184181,2798449.0
2009-06-09,366.847750737304,368.971130575316,358.806014329516,367.05105306222,3824618.0
2009-06-10,367.073642209433,383.111936730584,364.85990578257,377.05804527753,7154457.0
2009-06-11,377.05804527753,391.198851432798,377.05804527753,386.003347573833,6355744.0
2009-06-12,388.488153767251,390.159750661005,370.507192585792,374.144045287067,4223793.0
2009-06-15,370.913797235624,374.076277845428,365.989363143215,370.213533672025,2440355.0
2009-06-16,364.182231366183,374.031099551003,355.417642247583,365.71829337666,4795018.0
2009-06-17,363.594913538648,372.856463895933,358.715657740664,362.759115091771,3617685.0
2009-06-18,364.408122838312,367.932029803523,358.263874796407,363.617502685861,2561220.0
2009-06-19,364.588836016015,369.061487164167,357.495843791169,364.679192604867,2988112.0
2009-06-22,369.468091813999,369.468091813999,354.69478953677,357.224774024614,2665277.0
2009-06-23,355.869425191841,359.031905801645,339.288991137581,355.282107364305,2996157.0
2009-06-24,361.33599881736,362.962417416687,355.282107364305,360.658324400973,2654455.0
2009-06-25,361.900727497682,367.299533681562,355.688712014137,358.647890299026,4672426.0
2009-06-26,361.878138350469,368.383812747781,359.167440684922,365.989363143215,2698148.0
2009-06-29,369.761750727767,369.761750727767,361.49412284785,364.70178175208,1254306.0
2009-06-30,365.944184848789,367.299533681562,358.76083603509,362.397688736365,2531098.0
2009-07-01,362.849471680623,374.889487145092,361.448944553424,372.382091804462,2872474.0
2009-07-02,373.805208078874,374.686184820176,359.3029755682,362.82688253341,2964137.0
2009-07-03,364.588836016015,371.749595682501,360.025828279012,370.032820494321,1333041.0
2009-07-06,372.269146068397,373.624494901171,348.573130642078,353.723456206616,2834656.0
2009-07-07,354.69478953677,372.088432890694,353.994525973171,367.005874767794,2958299.0
2009-07-08,364.317766249461,365.87641740715,354.739967831196,358.060572471491,1771523.0
2009-07-09,361.471533700637,365.01802981306,355.55317713086,359.483688745903,1619489.0
2009-07-10,359.61922362918,359.61922362918,346.065735301447,351.32900660205,1971669.0
2009-07-13,350.131781799767,353.249084115146,343.89717716901,346.223859331937,1882671.0
2009-07-14,352.481053109907,354.197828298087,344.800743057525,349.363750794529,2347084.0
2009-07-15,354.197828298087,358.715657740664,350.131781799767,352.526231404333,2079821.0
2009-07-16,332.851084181908,361.426355406211,332.851084181908,354.581843800706,2817759.0
2009-07-17,356.050138369544,377.690541399491,356.050138369544,373.285657692977,4341890.0
2009-07-20,379.949456120779,385.370851451873,375.02502202837,383.586308822054,2465798.0
2009-07-21,383.111936730584,390.566355310837,374.369936759196,378.54892899358,3298347.0
2009-07-22,372.766107307081,379.362138293244,361.381177111785,371.81736312414,5780248.0
2009-07-23,393.051161504255,393.051161504255,359.348153862625,367.796494920246,7690951.0
2009-07-24,379.226603409967,384.828711918763,361.561890289488,375.838231328034,9645734.0
2009-07-27,375.973766211311,387.087626640052,375.973766211311,382.660153786326,5618750.0
2009-07-28,385.144959979744,394.135440570473,374.618417378538,388.126727411845,9182702.0
2009-07-29,388.352618883974,392.147595615739,375.160556911647,383.744432852545,5611966.0
2009-07-30,383.654076263693,387.449052995458,374.16663443428,383.111936730584,5922130.0
2009-07-31,387.042448345626,389.436897950192,365.040618960273,370.552370880218,6664702.0
2009-08-03,377.690541399491,377.690541399491,367.299533681562,370.868618941198,4896270.0
2009-08-04,377.690541399491,378.413394110303,359.61922362918,362.149208117024,10968783.0
2009-08-05,364.950262371422,366.757394148453,354.559254653493,362.736525944559,8946632.0
2009-08-06,361.426355406211,362.329921294727,356.004960075118,360.79385928425,8973002.0
2009-08-07,357.541022085594,369.558448402851,332.105642323882,346.878944601111,10725327.0
2009-08-10,353.339440703997,360.342076339992,329.846727602593,337.030076416292,15902099.0
2009-08-11,338.837208193323,350.854634510579,334.454913634023,345.568774062764,11346060.0
2009-08-12,342.18040198083,369.919874758257,336.216867116628,366.395967793047,10171863.0
2009-08-13,366.847750737304,374.979843733944,363.233487183242,373.263068545765,7061465.0
2009-08-14,371.27522359103,373.805208078874,365.311688726828,369.332556930722,3475916.0
2009-08-17,365.763471671086,366.847750737304,356.908525963633,360.296898045567,4422277.0
2009-08-18,358.625301151813,375.386448383776,358.625301151813,371.410758474308,4124002.0
2009-08-19,368.700060808761,374.889487145092,361.878138350469,366.350789498621,4818959.0
2009-08-20,370.371657702515,371.27522359103,360.522789517696,361.471533700637,4339669.0
2009-08-21,362.329921294727,373.895564667725,355.417642247583,371.998076301843,3510642.0
2009-08-24,373.895564667725,378.277859227026,372.269146068397,374.347347611983,4884457.0
2009-08-25,370.552370880218,374.889487145092,364.408122838312,368.700060808761,6453877.0
2009-08-26,370.462014291366,372.901642190358,364.227409660609,366.305611204195,3706533.0
2009-08-27,358.715657740664,381.259626659127,358.715657740664,376.335192566717,5697598.0
2009-08-28,377.690541399491,396.891316530446,372.811285601507,393.231874681958,10555261.0
2009-08-31,386.771378579072,394.767936692434,378.594107288006,383.654076263693,3954176.0
2009-09-01,378.277859227026,391.650634377056,370.913797235624,381.530696425682,2666665.0
2009-09-02,378.594107288006,383.970324324673,370.462014291366,372.811285601507,3655786.0
2009-09-03,375.747874739182,378.368215815877,364.272587955035,365.899006554363,5064097.0
2009-09-04,367.20917709271,369.468091813999,360.567967812121,365.944184848789,10425896.0
2009-09-07,370.416835996941,385.370851451873,365.944184848789,380.039812709631,10603079.0
2009-09-08,382.29872743092,386.455130518091,377.780897988342,383.111936730584,9652594.0
2009-09-09,384.015502619099,384.015502619099,368.157921275652,369.874696463831,6399349.0
2009-09-10,374.979843733944,383.111936730584,372.811285601507,376.335192566717,7668311.0
2009-09-11,383.111936730584,384.919068507615,371.501115063159,380.58195224274,7277382.0
2009-09-14,374.076277845428,379.497673176522,372.856463895933,378.865177054561,5040748.0
2009-09-15,377.690541399491,382.118014253217,373.172711956913,375.521983267053,6349819.0
2009-09-16,381.304804953553,384.467285563357,377.600184810639,379.40731658767,5117207.0
2009-09-17,381.304804953553,396.484711880614,381.304804953553,391.06331654952,6026997.0
2009-09-18,388.533332061677,405.791440532324,384.060680913525,400.234510317953,10047617.0
2009-09-22,403.893952166441,405.204122704788,385.190138274169,387.223161523329,6864589.0
2009-09-23,388.533332061677,388.533332061677,370.055409641534,373.624494901171,8653344.0
2009-09-24,388.081549117419,438.229455930031,368.790417397613,378.865177054561,11088384.0
2009-09-25,374.979843733944,379.362138293244,370.778262352347,374.573239084112,8495522.0
2009-09-29,377.690541399491,386.726200284646,376.380370861143,378.684463876858,8253335.999999999
2009-09-30,379.045890232264,382.886045258455,375.928587916885,378.368215815877,5398779.0
2009-10-01,384.919068507615,414.736742828627,384.919068507615,393.141518093106,33938386.0
2009-10-05,388.262262295122,396.665425058317,356.637456197079,361.65224687834,39670710.0
2009-10-06,361.65224687834,361.65224687834,315.615564858474,324.696402038055,69639854.0
2009-10-07,318.055192757466,331.924929146179,316.29323927486,324.154262504946,38085626.0
2009-10-08,325.328898160016,328.897983419652,298.267099798976,301.74582846976,41637786.0
2009-10-09,306.308836206764,318.055192757466,302.28796800287,310.194169527381,28061539.0
2009-10-12,311.730231537857,318.958758645981,311.233270299174,317.377518341079,14215161.0
2009-10-14,317.603409813208,322.573022200043,301.565115292057,307.347936978557,27238676.0
2009-10-15,311.730231537857,311.730231537857,292.348743229199,293.749270356398,22490700.0
2009-10-16,294.517301361636,298.989952509788,291.490355635109,294.743192833765,17436328.0
2009-10-17,297.905673443569,302.197611414018,295.917828488835,300.751905992393,4327566.0
2009-10-20,303.507781952366,305.405270318248,294.652836244914,296.956929260628,10640536.0
2009-10-21,294.246231595082,307.122045506428,293.749270356398,300.616371109116,16648993.0
2009-10-22,300.887440875671,307.754541628389,299.622448631749,304.546882724159,11729200.0
2009-10-23,308.115967983795,309.652029994271,297.589425382589,299.125487393065,8543829.0
2009-10-26,299.983874987155,303.281890480237,292.077673462644,298.764061037659,8680157.0
2009-10-27,298.176743210124,299.08030909864,273.599751042502,277.349549479841,14229473.0
2009-10-28,276.4008052969,291.309642457406,275.587595997236,286.520743248274,13101587.0
2009-10-29,281.912557216845,287.288774253512,277.846510718525,281.731844039142,14319514.0
2009-10-30,282.81612310536,290.722324629871,262.124464258355,264.609270451772,33104590.0
2009-11-03,263.841239446534,279.111502962446,252.998448784348,271.431192910065,27471661.0
2009-11-04,279.201859551298,281.32523938931,266.551937112081,276.129735530345,11302262.0
2009-11-05,276.942944830009,290.315719980039,274.277425458888,288.508588203008,11461088.0
2009-11-06,284.713611471243,294.201053300656,284.713611471243,289.186262619395,7559609.0
2009-11-09,292.710169584605,293.29748741214,275.677952586088,277.891689012951,9098278.0
2009-11-10,280.105425439814,282.319161866677,262.937673558019,265.106231690456,11431598.0
2009-11-11,266.868185173061,271.973332443174,260.407689070175,271.024588260233,12868620.0
2009-11-12,268.359068889112,279.653642495556,267.229611528467,270.121022371717,10478105.0
2009-11-13,270.979409965807,277.214014596564,268.584960361241,272.967254920541,6851537.0
2009-11-16,275.497239408384,278.162758779505,272.244402209728,273.554572748076,7797690.0
2009-11-17,275.497239408384,276.762231652306,266.190510756674,268.26871230026,8063174.0
2009-11-18,267.455503000596,271.973332443174,265.964619284546,267.455503000596,7762651.0
2009-11-19,268.178355711409,268.223534005834,263.208743324573,265.106231690456,5742474.0
2009-11-20,265.106231690456,265.106231690456,255.75432474432,260.904650308859,11040370.0
2009-11-23,261.130541780988,262.034107669503,247.983658103087,248.706510813899,18701987.0
2009-11-24,251.191317007317,256.160929394152,248.028836397512,255.257363505637,9390222.0
2009-11-25,255.889859627597,258.239130937738,250.558820885356,254.57968908925,6555472.0
2009-11-26,254.353797617121,259.910727831492,251.37203018502,253.40505343418,10954873.0
2009-11-27,251.191317007317,257.019316988242,247.577053453255,256.296464277429,5785398.0
2009-11-30,257.516278226925,273.328681275947,257.425921638074,270.663161904826,11785356.0
2009-12-01,275.497239408384,277.304371185415,271.611906087768,275.180991347404,8609066.0
2009-12-02,276.581518474603,281.460774272587,273.50939445365,275.361704525107,8582668.0
2009-12-03,278.298293662783,281.008991328329,275.587595997236,277.214014596564,6399735.0
2009-12-04,275.587595997236,283.177549460766,273.419037864799,280.195782028665,6291424.0
2009-12-07,279.201859551298,290.044650213484,279.201859551298,285.888247126313,11967870.0
2009-12-08,285.526820770907,300.300123048136,284.623254882391,296.866572671777,11679337.0
2009-12-09,293.749270356398,304.32099125203,293.749270356398,299.261022276343,13673465.0
2009-12-10,300.074231576007,311.639874949006,297.408712204886,309.380960227717,20865745.0
2009-12-11,312.633797426373,315.163781914216,297.634603677015,299.577270337323,13061363.0
2009-12-14,303.598138541217,304.230634663178,287.785735492196,288.734479675137,7517994.0
2009-12-15,289.141084324969,292.303564934773,284.081115349282,286.294851776145,6803212.0
2009-12-16,286.068960304016,295.917828488835,286.068960304016,294.110696711804,6418634.0
2009-12-17,271.069766554658,297.36353391046,271.069766554658,293.026417645586,6311591.0
2009-12-18,290.948216102,292.574634701328,285.300929298778,287.198417664661,3910978.0
2009-12-21,287.333952547938,289.005549441692,279.247037845724,280.195782028665,5144477.0
2009-12-22,281.912557216845,291.671068812812,280.105425439814,290.903037807574,7562290.0
2009-12-23,289.638045563652,295.466045544578,286.972526192532,294.788371128191,5016638.0
2009-12-24,296.18889825539,299.532092042897,288.508588203008,290.180185096762,4424630.0
2009-12-29,295.466045544578,297.273177321609,291.851781990515,294.517301361636,3043772.0
2009-12-30,296.595502905222,298.086386621273,292.845704467883,294.291409889507,2534361.0
2009-12-31,296.053363372113,299.261022276343,295.104619189171,297.950851737995,3907096.0
2010-01-04,298.041208326847,300.074231576007,292.619812995754,293.83962694525,2952340.0
2010-01-05,296.595502905222,299.983874987155,294.110696711804,298.492991271105,4302024.0
2010-01-06,300.842262581245,302.830107535979,294.652836244914,295.3305106613,4409919.0
2010-01-07,296.685859494074,301.791006764186,296.369611433093,297.634603677015,3868937.0
2010-01-08,297.950851737995,299.486913748472,293.342665706566,293.704092061972,2655707.0
2010-01-11,299.08030909864,299.08030909864,294.110696711804,297.227999027183,3143217.0
2010-01-12,298.267099798976,301.700650175335,289.502510680375,291.174107574129,6507716.0
2010-01-13,290.496433157742,290.903037807574,284.84914635452,287.695378903344,4299714.0
2010-01-14,288.418231614156,291.490355635109,286.611099837125,287.379130842364,3920034.0
2010-01-15,287.333952547938,291.399999046258,285.526820770907,286.791813014828,4407407.0
2010-01-18,286.430386659422,291.580712223961,285.662355654184,289.77358044693,3918998.0
2010-01-19,290.044650213484,294.381766478359,287.424309136789,289.638045563652,3884885.0
2010-01-20,290.541611452168,300.25494475371,290.541611452168,299.532092042897,9116756.0
2010-01-21,298.176743210124,300.887440875671,290.225363391188,291.309642457406,3955328.0
2010-01-22,287.966448669899,298.176743210124,284.623254882391,291.083750985277,8696121.0
2010-01-25,291.083750985277,299.757983515026,287.695378903344,298.989952509788,5398902.0
2010-01-27,297.724960265866,299.803161809452,289.141084324969,291.761425401664,5044367.0
2010-01-28,292.755347879031,296.234076549816,281.008991328329,283.403440932895,7620843.0
2010-01-29,281.008991328329,283.629332405024,274.819564991998,276.852588241158,6845712.0
2010-02-01,275.587595997236,283.448619227321,275.587595997236,281.189704506032,3865282.0
2010-02-02,284.171471938133,285.255751004352,276.581518474603,277.982045601802,4593595.0
2010-02-03,280.105425439814,282.590231633231,276.942944830009,279.201859551298,3649370.0
2010-02-04,277.394727774267,279.201859551298,271.521549498916,274.774386697572,2578956.0
2010-02-05,272.876898331689,275.090634758552,266.009797578971,271.114944849084,3915719.0
2010-02-06,272.425115387432,273.780464220205,270.617983610401,271.431192910065,388272.0
2010-02-08,272.967254920541,280.557208384071,270.527627021549,278.614541723763,4808575.0
2010-02-09,280.105425439814,285.978603715165,277.394727774267,282.951657988637,6126301.0
2010-02-10,284.623254882391,287.695378903344,278.479006840486,284.894324648946,5417799.0
2010-02-11,285.075037826649,287.243595959086,280.7830998562,284.171471938133,3372725.0
2010-02-15,286.430386659422,286.430386659422,256.974138693816,258.058417760035,18972593.0
2010-02-16,258.419844115441,261.582324725245,243.375472071657,245.408495320817,45045191.0
2010-02-17,247.034913920145,254.57968908925,247.034913920145,252.23041777911,16132351.0
2010-02-18,252.094882895832,256.974138693816,249.384185230286,254.715223972527,7016482.0
2010-02-19,253.495410023031,256.522355749558,247.848123219809,251.914169718129,8798725.0
2010-02-22,253.902014672863,255.709146449894,249.384185230286,250.19739452995,5662935.0
2010-02-23,248.48061934177,254.082727850566,248.48061934177,253.088805373199,3739371.0
2010-02-24,252.998448784348,252.998448784348,248.48061934177,249.33900693586,5201687.0
2010-02-25,250.287751118801,252.998448784348,248.932402286028,249.610076702415,6428278.0
2010-02-26,251.191317007317,254.805580561379,249.203472052583,252.411130956813,6424420.0
2010-03-02,252.998448784348,264.564092157347,252.998448784348,262.214820847206,6263842.0
2010-03-03,264.74480533505,266.461580523229,262.305177436058,263.796061152108,5097870.0
2010-03-04,262.034107669503,266.461580523229,262.034107669503,265.286944868159,3301735.0
2010-03-05,265.648371223565,274.458138636592,264.74480533505,269.669239427459,8167892.0
2010-03-08,269.398169660905,273.599751042502,262.937673558019,264.473735568495,6256751.0
2010-03-09,263.841239446534,265.783906106842,259.368588298382,263.208743324573,3785607.0
2010-03-10,263.841239446534,266.100154167823,256.61271233841,260.226975892472,5385114.0
2010-03-11,261.040185192136,267.048898350764,260.543223953452,265.603192929139,4030086.0
2010-03-12,264.74480533505,271.386014615639,264.74480533505,270.256557254994,4044755.0
2010-03-15,262.034107669503,272.244402209728,262.034107669503,270.617983610401,3134357.0
2010-03-16,269.714417721885,270.166200666143,264.338200685218,266.371223934378,2742226.0
2010-03-17,267.455503000596,272.425115387432,267.139254939616,269.307813072053,3330971.0
2010-03-18,271.024588260233,274.232247164463,268.449425477963,271.16012314351,4489695.0
2010-03-19,271.069766554658,282.680588222083,271.069766554658,281.822200627993,7665763.0
2010-03-22,277.846510718525,288.960371147266,277.394727774267,285.843068831887,6679874.0
2010-03-23,286.611099837125,290.044650213484,276.084557235919,277.982045601802,5619158.0
2010-03-25,280.105425439814,285.526820770907,273.780464220205,284.081115349282,10257603.0
2010-03-26,284.487719999114,285.436464182055,275.587595997236,280.240960323091,7188335.0
2010-03-29,281.008991328329,284.53289829354,280.286138617517,282.093270394548,2796536.0
2010-03-30,281.460774272587,285.526820770907,279.879533967685,280.873456445052,3334807.0
2010-03-31,278.930789784743,288.870014558414,277.394727774267,282.409518455528,6789112.0
2010-04-01,282.454696749954,285.978603715165,271.566727793342,272.876898331689,12995543.0
2010-04-05,277.394727774267,287.469487431215,273.328681275947,285.571999065333,9680847.0
2010-04-06,286.88216960368,288.05680525875,281.731844039142,285.933425420739,3721848.0
2010-04-07,286.430386659422,294.381766478359,283.448619227321,289.502510680375,5200634.0
2010-04-08,288.237518436453,290.496433157742,280.105425439814,282.725766516509,6198088.0
2010-04-09,281.912557216845,285.978603715165,277.394727774267,278.207937073931,5843978.0
2010-04-12,276.039378941494,281.822200627993,276.039378941494,278.479006840486,5310082.0
2010-04-13,277.394727774267,281.912557216845,276.626696769029,277.394727774267,3060521.0
2010-04-15,278.298293662783,280.963813033903,273.644929336928,274.864743286424,4444703.0
2010-04-16,274.232247164463,277.078479713287,272.605828565135,275.406882819533,3743783.0
2010-04-19,310.555595882787,310.555595882787,269.488526249756,276.4008052969,4336976.0
2010-04-20,279.201859551298,279.201859551298,273.328681275947,275.135813052978,3389565.0
2010-04-21,276.491161885751,278.479006840486,274.232247164463,276.220092119197,5064582.0
2010-04-22,275.587595997236,275.587595997236,272.425115387432,273.870820809056,3793399.0
2010-04-23,274.141890575611,275.497239408384,268.584960361241,269.44334795533,14354478.0
2010-04-26,271.16012314351,274.593673519869,267.455503000596,268.720495244518,4296258.0
2010-04-27,269.262634777627,272.425115387432,267.816929356002,269.533704544182,3089716.0
2010-04-28,269.217456483201,270.708340199252,263.841239446534,265.467658045862,6046883.0
2010-04-29,265.648371223565,269.714417721885,263.931596035386,267.771751061577,5241863.0
2010-04-30,270.166200666143,273.238324687096,266.958541761913,269.759596016311,7303865.0
2010-05-03,269.262634777627,270.979409965807,266.732650289784,268.359068889112,2995752.0
2010-05-04,270.166200666143,270.166200666143,260.362510775749,261.130541780988,4264961.0
2010-05-05,259.50412318166,270.889053376955,255.889859627597,267.726572767151,8898591.0
2010-05-06,267.365146411745,268.359068889112,262.305177436058,263.796061152108,5121078.0
2010-05-07,260.226975892472,261.943751080651,257.696991404628,259.775192948214,3053214.0
2010-05-10,263.841239446534,269.262634777627,259.097518531828,266.009797578971,3409753.0
2010-05-11,266.100154167823,266.100154167823,256.703068927261,257.245208460371,4736780.0
2010-05-12,256.61271233841,257.064495282668,234.79159613076,236.056588374682,26419999.0
2010-05-13,236.282479846811,245.769921676224,229.957518627202,233.481425592412,27475732.0
2010-05-14,230.861084515717,241.929766650033,230.002696921628,239.038355806783,13469639.0
2010-05-17,234.927131014037,241.703875177904,233.255534120283,240.935844172665,4990647.0
2010-05-18,241.252092233646,245.58920849852,238.85764262908,242.110479827736,5408042.0
2010-05-19,240.800309289388,241.252092233646,233.210355825858,234.656061247483,4728944.0
2010-05-20,234.927131014037,239.941921695298,233.842851947819,235.153022486166,4574243.0
2010-05-21,234.023565125522,241.432805411349,227.698603905913,240.529239522833,3386902.0
2010-05-24,242.200836416587,245.182603848688,237.908898446138,240.393704639556,4947047.0
2010-05-25,239.987099989724,244.324216254599,236.779441085494,239.083534101209,4758420.0
2010-05-26,241.252092233646,243.601363543786,234.927131014037,238.225146507119,3879936.0
2010-05-27,237.728185268435,239.444960456615,232.7585728816,235.514448841572,7372814.0
2010-05-28,238.541394568099,240.167813167427,233.165177531432,235.559627135998,5219401.0
2010-05-31,235.830696902553,238.947999217931,234.927131014037,237.547472090732,3521781.0
2010-06-01,237.728185268435,238.541394568099,230.40930157146,232.216433348491,4915605.0
2010-06-02,232.216433348491,246.176526326056,229.821983743924,244.279037960173,9731801.0
2010-06-03,246.13134803163,250.287751118801,245.227782143114,247.080092214571,6214302.0
2010-06-04,245.769921676224,251.552743362723,241.703875177904,249.65525499684,4484393.0
2010-06-07,240.34852634513,246.944557331294,240.34852634513,242.517084477568,4170907.0
2010-06-08,243.059224010677,245.001890670985,232.442324820619,233.436247297987,4699735.0
2010-06-09,235.604805430424,248.390262752919,234.023565125522,245.815099970649,12660154.0
2010-06-10,248.48061934177,259.233053415105,244.95671237656,257.696991404628,11625988.0
2010-06-11,263.841239446534,263.841239446534,245.544030204095,247.125270508997,10007852.0
2010-06-14,249.429363524711,251.010603829614,239.625673634318,243.149580599529,8555192.0
2010-06-15,242.155658122161,246.176526326056,239.490138751041,243.556185249361,6206127.0
2010-06-16,246.673487564739,246.673487564739,238.993177512357,240.484061228408,5570657.0
2010-06-17,240.438882933982,243.511006954935,237.99925503499,241.342448822497,4914233.0
2010-06-18,240.574417817259,243.962789899192,238.541394568099,239.399782162189,5434996.0
2010-06-21,240.34852634513,242.155658122161,238.85764262908,239.309425573338,6255146.0
2010-06-22,239.444960456615,241.523162000201,236.282479846811,236.734262791068,4519793.0
2010-06-23,236.734262791068,240.258169756279,235.062665897315,238.586572862525,3944878.0
2010-06-24,237.728185268435,240.34852634513,236.914975968771,237.863720151713,7468214.0
2010-06-25,237.547472090732,240.258169756279,236.82461937992,237.68300697401,5334436.0
2010-06-28,238.541394568099,241.026200761517,238.405859684822,239.806386812021,4953501.0
2010-06-29,240.34852634513,241.252092233646,238.179968212693,240.167813167427,3218957.0
2010-06-30,238.586572862525,239.896743400873,235.424092252721,237.457115501881,6315366.0
2010-07-01,237.637828679584,240.574417817259,235.921053491404,239.490138751041,7460679.0
2010-07-02,239.896743400873,240.212991461853,237.728185268435,239.17389069006,2216705.0
2010-07-05,239.806386812021,242.110479827736,237.773363562861,241.658696883478,3415864.0
2010-07-06,242.155658122161,246.040991442778,241.252092233646,245.363317026392,10382304.0
2010-07-07,244.866355787708,252.456309251238,244.866355787708,249.519720113563,9713858.0
2010-07-08,252.320774367961,255.257363505637,250.603999179782,253.856836378437,5594133.0
2010-07-09,254.805580561379,280.557208384071,254.805580561379,278.885611490318,47063539.0
2010-07-12,278.659720018189,282.545053338805,275.000278169701,276.220092119197,14596179.0
2010-07-13,275.497239408384,277.078479713287,268.991565011073,270.934231671381,9637893.0
2010-07-14,273.780464220205,278.117580485079,269.895130899588,272.515471976283,10481942.0
2010-07-15,273.780464220205,275.135813052978,267.726572767151,269.262634777627,3713520.0
2010-07-16,264.74480533505,271.069766554658,264.74480533505,269.669239427459,3055151.0
2010-07-19,267.455503000596,273.419037864799,266.280867345526,268.81085183337,4618706.0
2010-07-20,270.934231671381,271.747440971045,267.003720056338,268.946386716647,2343388.0
2010-07-21,269.849952605162,270.166200666143,265.738727812417,266.551937112081,2157051.0
2010-07-22,265.91944099012,273.780464220205,263.841239446534,272.967254920541,3520261.0
2010-07-23,275.090634758552,285.978603715165,272.876898331689,283.538975816173,10301222.0
2010-07-26,283.719688993876,290.812681218723,279.789177378833,289.502510680375,9377762.0
2010-07-27,291.128929279703,293.116774234437,286.5659215427,291.535533929535,6659817.0
2010-07-28,292.303564934773,292.303564934773,288.327875025305,290.948216102,2530027.0
2010-07-29,290.044650213484,290.857859513148,285.075037826649,286.340030070571,3013133.0
2010-07-30,284.623254882391,289.050727736117,275.677952586088,277.214014596564,7663532.0
2010-08-02,278.298293662783,289.141084324969,278.298293662783,287.379130842364,8175948.0
2010-08-03,288.960371147266,297.996030032421,286.746634720403,296.776216082925,8863324.0
2010-08-04,297.273177321609,298.176743210124,290.541611452168,291.987316873793,3878491.0
2010-08-05,292.303564934773,297.273177321609,292.168030051496,293.29748741214,4442307.0
2010-08-06,292.755347879031,295.3305106613,289.366975797098,292.213208345922,2266237.0
2010-08-09,290.903037807574,297.996030032421,287.514665725641,296.731037788499,5951738.0
2010-08-10,297.273177321609,297.815316854718,292.303564934773,294.110696711804,4138359.0
2010-08-11,290.225363391188,303.372247069088,285.346107593204,289.728402152504,11274588.0
2010-08-12,286.656278131551,291.851781990515,284.84914635452,286.340030070571,5242685.0
2010-08-13,287.333952547938,291.761425401664,284.623254882391,286.385208364997,3371693.0
2010-08-16,287.333952547938,290.180185096762,282.545053338805,288.011626964324,2795553.0
2010-08-17,286.88216960368,290.044650213484,283.99075876043,285.617177359758,3915037.0
2010-08-18,286.611099837125,288.508588203008,282.138448688974,284.803968060094,3695182.0
2010-08-19,285.571999065333,287.198417664661,283.087192871915,284.352185115837,3136786.0
2010-08-20,281.912557216845,283.538975816173,278.388650251634,280.376495206368,2529490.0
2010-08-23,281.912557216845,289.321797502672,280.647564972923,286.746634720403,3886235.0
2010-08-24,287.153239370235,294.020340122953,286.294851776145,292.032495168219,6280189.0
2010-08-25,290.767502924297,293.252309117715,283.719688993876,286.385208364997,4223607.0
2010-08-26,287.333952547938,292.664991290179,284.307006821411,290.541611452168,4732589.0
2010-08-27,290.044650213484,293.207130823289,284.623254882391,285.617177359758,4099287.0
2010-08-30,289.050727736117,294.878727717042,288.373053319731,291.671068812812,4131857.0
2010-08-31,291.851781990515,296.640681199648,284.84914635452,295.782293605558,5685749.0
2010-09-01,297.273177321609,307.031688917576,297.092464143906,305.089022257268,7925467.0
2010-09-02,307.122045506428,308.206324572647,300.977797464522,301.881363353038,3429080.0
2010-09-03,302.875285830405,308.477394339201,302.694572652702,306.534727678893,3512214.0
2010-09-06,307.212402095279,311.504340065728,305.405270318248,310.284526116232,4084373.0
2010-09-07,312.543440837521,313.808433081443,308.206324572647,310.42006099951,3873422.0
2010-09-08,308.115967983795,319.591254767942,305.405270318248,318.055192757466,5770849.0
2010-09-09,319.862324534497,323.431409794133,314.169859436849,316.338417569286,5476016.0
2010-09-13,320.223750889903,320.720712128587,313.672898198165,315.163781914216,5135878.0
2010-09-14,317.287161752228,324.831936921332,311.820588126709,322.07606096136,6234534.0
2010-09-15,319.862324534497,326.187285754106,316.338417569286,321.850169489231,4684772.0
2010-09-16,320.856247011864,325.28371986559,312.272371070966,314.034324553572,6436730.0
2010-09-17,315.434851680771,325.28371986559,315.434851680771,324.244619093797,8250118.0
2010-09-20,324.380153977074,337.030076416292,324.380153977074,330.659936902257,9573742.0
2010-09-21,330.795471785535,335.087409755983,328.039595825562,330.298510546851,5899868.0
2010-09-22,334.183843867468,338.837208193323,324.10908421052,327.768526059008,4756235.0
2010-09-23,328.988340008504,329.711192719316,319.952681123348,321.21767336727,2481395.0
2010-09-24,320.856247011864,333.73206092321,319.003936940407,332.647781856992,8185982.0
2010-09-27,334.409735339597,340.102200437245,330.027440780297,337.165611299569,6494046.0
2010-09-28,335.268122933687,340.599161675928,334.319378750745,337.255967888421,3668221.0
2010-09-29,338.837208193323,340.373270203799,327.090851642621,328.355843886543,3152553.0
2010-09-30,323.747657855114,334.319378750745,323.115161733153,330.976184963238,7475447.0
2010-10-01,334.409735339597,334.409735339597,328.943161714078,329.891905897019,3637137.0
2010-10-04,331.563502790773,333.144743095675,321.804991194805,325.148184982313,3978745.0
2010-10-05,325.148184982313,331.608681085199,316.925735396821,319.546076473516,5124609.0
2010-10-06,321.669456311528,324.696402038055,316.699843924692,318.145549346317,3530945.0
2010-10-07,320.494820656458,325.735502809848,319.320185001387,320.630355539735,3271211.0
2010-10-08,322.527843905618,325.193363276738,315.931812919454,318.86840205713,2336657.0
2010-10-11,319.952681123348,321.579099722676,308.025611394943,309.787564877549,6108456.0
2010-10-12,309.01953387231,312.182014482115,305.043843962842,306.35401450119,4677643.0
2010-10-13,306.760619151022,314.983068736513,304.049921485475,314.079502847997,8204177.0
2010-10-14,315.570386564048,318.055192757466,309.426138522142,311.775409832283,3672169.0
2010-10-15,313.356650137185,314.034324553572,298.447812976679,301.474758703206,5593819.0
2010-10-18,302.694572652702,302.694572652702,292.303564934773,295.691937016706,7072251.0
2010-10-19,297.408712204886,303.14635559696,291.851781990515,295.646758722281,5413715.0
2010-10-20,293.658913767546,297.905673443569,288.05680525875,290.270541685613,5506669.0
2010-10-21,293.387844000992,305.947409851358,292.258386640347,304.592061018584,4793028.0
2010-10-22,306.218479617912,308.838820694607,299.486913748472,301.294045525503,3308158.0
2010-10-25,302.920464124831,308.567750928053,301.836185058612,304.682417607436,4539626.0
2010-10-26,306.308836206764,307.122045506428,296.50514631637,297.092464143906,2338928.0
2010-10-27,296.369611433093,297.273177321609,287.333952547938,290.903037807574,4372920.0
2010-10-28,293.568557178695,304.049921485475,292.98123935116,298.764061037659,11162156.0
2010-10-29,297.04728584948,299.712805220601,289.457332385949,294.246231595082,2779268.0
2010-11-01,297.273177321609,303.552960246792,296.640681199648,302.965642419256,3165567.0
2010-11-02,302.965642419256,303.507781952366,296.143719960964,297.499068793737,3013657.0
2010-11-03,299.08030909864,301.519936997632,295.511223839003,296.731037788499,1962784.0
2010-11-04,298.357456387827,299.803161809452,293.884805239675,294.698014539339,2867830.0
2010-11-05,298.176743210124,299.08030909864,296.866572671777,297.724960265866,560414.0
2010-11-08,299.08030909864,302.423502886147,295.917828488835,296.414789727519,5455422.0
2010-11-09,298.628526154382,303.14635559696,297.544247088163,302.28796800287,6262180.0
2010-11-10,302.694572652702,312.272371070966,294.15587500623,295.511223839003,10217605.0
2010-11-11,294.065518417378,295.240154072449,285.526820770907,286.204495187293,7070523.0
2010-11-12,284.623254882391,285.526820770907,274.141890575611,276.084557235919,14163306.0
2010-11-15,277.530262657544,281.596309155864,275.813487469365,279.789177378833,9901738.0
2010-11-16,282.770944810934,288.960371147266,281.008991328329,283.222727755192,8877527.0
2010-11-18,289.141084324969,296.234076549816,283.945580466005,293.613735473121,9386872.0
2010-11-19,294.562479656062,308.793642400182,294.517301361636,296.776216082925,15857070.0
2010-11-22,301.926541647464,307.122045506428,301.791006764186,304.456526135307,5660265.0
2010-11-23,299.983874987155,300.751905992393,289.321797502672,297.408712204886,7660169.0
2010-11-24,299.803161809452,304.863130785139,298.176743210124,299.803161809452,6074797.0
2010-11-25,301.068154053374,306.986510623151,300.57119281469,302.694572652702,7547552.0
2010-11-26,306.308836206764,306.308836206764,296.414789727519,301.610293586483,6389553.0
2010-11-29,302.694572652702,308.115967983795,300.887440875671,306.037766440209,3219035.0
2010-11-30,304.501704429733,327.904060942285,304.049921485475,325.419254748867,12939392.0
2010-12-01,323.024805144301,323.386231499707,311.007378827045,316.745022219118,6573037.0
2010-12-02,319.862324534497,320.765890423012,311.05255712147,312.724154015224,4228857.0
2010-12-03,314.892712147661,320.765890423012,310.465239293935,312.272371070966,3943404.0
2010-12-06,316.112526097157,317.513053224356,310.42006099951,312.046479598837,1810411.0
2010-12-07,313.492185020462,320.539998950883,311.956123009986,315.208960208642,3856632.0
2010-12-08,314.440929203404,319.18465011811,311.865766421134,314.124681142423,4253185.0
2010-12-09,315.344495091919,315.886634625028,303.598138541217,305.81187496808,3263098.0
2010-12-10,303.824030013346,305.405270318248,293.658913767546,299.08030909864,8320790.000000001
2010-12-13,300.390479636987,301.610293586483,290.948216102,300.029053281581,4916080.0
2010-12-14,299.08030909864,304.501704429733,295.782293605558,302.830107535979,3451430.0
2010-12-15,303.14635559696,309.01953387231,301.655471880909,306.941332328725,4233070.0
2010-12-16,309.471316816568,313.08558037063,307.257580389705,311.097735415896,4519611.0
2010-12-20,309.01953387231,309.01953387231,301.42958040878,302.694572652702,2447960.0
2010-12-21,302.694572652702,304.953487373991,298.176743210124,300.751905992393,2324959.0
2010-12-22,301.791006764186,310.826665649342,301.203688936651,310.148991232955,3430892.0
2010-12-23,311.413983476877,314.395750908978,307.257580389705,310.194169527381,4043129.0
2010-12-24,306.308836206764,317.874479579763,306.308836206764,314.983068736513,1938060.0
2010-12-27,315.344495091919,318.100371051892,308.206324572647,308.929177283459,1267944.0
2010-12-28,309.8779214664,312.904867192927,308.432216044775,309.335781933291,1881726.0
2010-12-29,310.826665649342,320.630355539735,310.826665649342,319.862324534497,3746529.0
2010-12-30,320.765890423012,325.28371986559,317.196805163376,322.979626849875,5710542.0
2010-12-31,320.268929184329,325.103006687887,318.100371051892,324.199440799371,2811934.0
2011-01-03,326.096929165254,329.801549308168,320.539998950883,324.696402038055,2959476.0
2011-01-04,325.509611337719,326.955316759344,319.094293529259,322.030882666934,3455137.0
2011-01-05,320.765890423012,321.714634605954,314.034324553572,315.344495091919,2662388.0
2011-01-06,315.480029975196,321.036960189567,315.480029975196,319.139471823684,2906492.0
2011-01-07,319.681611356794,320.585177245309,302.152433119592,305.857053262506,6116148.0
2011-01-10,307.212402095279,310.781487354916,302.739750947128,306.399192795615,2765924.0
2011-01-11,308.115967983795,313.447006726037,301.791006764186,305.81187496808,3343270.0
2011-01-12,307.347936978557,317.377518341079,303.598138541217,315.434851680771,1921498.0
2011-01-13,312.814510604076,319.862324534497,311.820588126709,313.221115253908,3211230.0
2011-01-14,311.820588126709,317.558231518782,308.341859455924,310.600774177213,2230501.0
2011-01-17,307.664185039537,318.055192757466,306.896154034299,314.892712147661,3349337.0
2011-01-18,316.338417569286,317.467874929931,310.013456349678,311.188092004748,1990524.0
2011-01-19,311.730231537857,314.80235555881,308.748464105756,311.233270299174,2673322.0
2011-01-20,306.308836206764,309.923099760826,305.405270318248,307.483471861834,3473312.0
2011-01-21,307.167223800854,307.167223800854,299.08030909864,303.643316835643,2902544.0
2011-01-24,303.77885171892,305.314913729397,300.435657931413,300.977797464522,2639491.0
2011-01-25,304.185456368752,307.980433100518,300.977797464522,305.17937884612,3484518.0
2011-01-27,307.212402095279,307.212402095279,292.98123935116,294.246231595082,5803968.0
2011-01-28,296.279254844242,300.209766459284,291.399999046258,295.691937016706,3691854.0
2011-01-31,291.083750985277,292.439099818051,281.008991328329,288.237518436453,4287253.0
2011-02-01,293.658913767546,296.234076549816,280.105425439814,286.520743248274,5808961.0
2011-02-02,280.105425439814,294.381766478359,275.090634758552,291.671068812812,10571769.0
2011-02-03,289.547688974801,309.426138522142,289.547688974801,307.031688917576,6702797.0
2011-02-04,309.923099760826,310.374882705084,298.628526154382,300.435657931413,6523393.0
2011-02-07,302.694572652702,311.05255712147,299.983874987155,301.655471880909,4299876.0
2011-02-08,302.694572652702,307.52865015626,300.074231576007,301.158510642225,3292626.0
2011-02-09,294.923906011468,304.230634663178,293.342665706566,300.119409870432,3927982.0
2011-02-10,298.176743210124,299.441735454046,282.996836283063,291.490355635109,6221987.0
2011-02-11,291.580712223961,291.580712223961,283.719688993876,288.147161847602,2854900.0
2011-02-14,292.303564934773,296.776216082925,284.623254882391,295.782293605558,3881326.0
2011-02-15,294.110696711804,301.068154053374,292.213208345922,297.408712204886,2820649.0
2011-02-16,297.273177321609,300.435657931413,293.884805239675,296.731037788499,2531063.0
2011-02-17,299.983874987155,308.341859455924,294.201053300656,307.076867212002,4956395.0
2011-02-18,306.308836206764,308.38703775035,296.459968021945,299.39655715962,4546532.0
2011-02-21,297.905673443569,300.616371109116,295.3305106613,298.809239332085,3836039.0
2011-02-22,295.691937016706,302.242789708444,292.168030051496,298.628526154382,4489564.0
2011-02-23,297.273177321609,304.727595901862,294.426944772785,296.550324610796,4290369.0
2011-02-24,294.562479656062,303.959564896623,290.496433157742,293.116774234437,7827783.0
2011-02-25,298.176743210124,300.706727697968,293.252309117715,297.950851737995,4174728.0
2011-02-28,298.176743210124,301.791006764186,293.342665706566,299.351378865194,5786386.0
2011-03-01,299.170665687491,306.218479617912,291.128929279703,305.043843962842,4908581.0
2011-03-03,303.14635559696,305.766696673655,295.556402133429,298.312278093401,3169994.0
2011-03-04,298.673704448808,301.42958040878,292.890882762308,295.420867250152,3267936.0
2011-03-07,293.658913767546,294.743192833765,288.327875025305,293.161952528863,2311885.0
2011-03-08,292.393921523625,302.920464124831,291.851781990515,302.559037769424,3129835.0
2011-03-09,302.107254825167,304.32099125203,298.628526154382,300.435657931413,1610110.0
2011-03-10,299.125487393065,299.441735454046,295.601580427855,297.724960265866,883897.0
2011-03-11,297.182820732757,299.532092042897,290.08982850791,291.445177340683,3221325.0
2011-03-14,289.23144091382,292.755347879031,288.508588203008,290.722324629871,2725026.0
2011-03-15,287.333952547938,289.999471919059,279.156681256872,283.855223877153,4343400.0
2011-03-16,284.668433176817,291.219285868555,284.668433176817,289.547688974801,3773145.0
2011-03-17,288.05680525875,292.664991290179,285.797890537461,287.198417664661,4752369.0
2011-03-18,290.857859513148,292.574634701328,286.88216960368,287.921270375473,4203615.0
2011-03-21,288.824836263988,290.180185096762,285.526820770907,286.340030070571,1808009.0
2011-03-22,287.514665725641,295.737115311132,287.514665725641,295.104619189171,3379838.0
2011-03-23,294.743192833765,299.577270337323,293.884805239675,298.718882743233,2087808.0
2011-03-24,299.803161809452,302.152433119592,295.104619189171,301.1133323478,1844676.0
2011-03-25,301.881363353038,308.115967983795,300.074231576007,306.941332328725,2435027.0
2011-03-28,308.477394339201,316.248060980435,302.242789708444,314.260216025701,7237171.0
2011-03-29,313.537363314888,329.756371013742,313.537363314888,325.825859398699,8519420.0
2011-03-30,325.28371986559,326.774603581641,320.268929184329,324.741580332481,5074736.0
2011-03-31,323.024805144301,324.831936921332,317.513053224356,322.93444855545,8404323.0
2011-04-01,320.404464067606,325.554789632145,318.958758645981,321.036960189567,4454718.0
2011-04-04,320.314107478755,327.090851642621,318.958758645981,324.696402038055,2134397.0
2011-04-05,326.639068698363,328.265487297691,323.024805144301,325.509611337719,1897947.0
2011-04-06,325.554789632145,328.129952414414,316.473952452564,319.229828412536,4366688.0
2011-04-07,319.229828412536,323.702479560688,312.362727659818,322.573022200043,6840334.0
2011-04-08,324.651223743629,387.087626640052,322.663378788895,327.000495053769,6137337.0
2011-04-11,327.000495053769,330.976184963238,324.380153977074,327.497456292453,3645361.0
2011-04-13,321.940526078083,338.837208193323,318.958758645981,332.015285735031,7893738.0
2011-04-15,333.777239217636,339.740774081838,332.015285735031,336.487936883183,5974975.0
2011-04-18,336.578293472034,340.68951826478,330.931006668812,332.783316740269,3525770.0
2011-04-19,332.512246973714,341.547905858869,330.253332252425,340.14737873167,4519262.0
2011-04-20,340.915409736909,349.228215911251,339.198634548729,343.851998874584,7479192.0
2011-04-21,344.258603524416,347.42108413422,335.313301228112,339.966665553967,5415788.0
2011-04-25,338.340246954639,342.451471747385,336.849363238589,339.243812843155,2149081.0
2011-04-26,338.837208193323,345.93020041817,337.572215949401,344.800743057525,5414074.0
2011-04-27,346.969301189963,350.764277921728,344.891099646377,348.008401961755,5278174.0
2011-04-28,347.872867078478,352.255161637778,345.38806088506,349.45410738338,4478965.0
2011-04-29,349.499285677806,351.48713063254,339.921487259541,343.400215930326,3131520.0
2011-05-02,342.451471747385,347.827688784052,342.451471747385,346.698231423408,2313857.0
2011-05-03,343.987533757861,346.607874834556,336.713828355311,338.340246954639,3354473.0
2011-05-04,338.340246954639,340.102200437245,329.891905897019,334.093487278616,2851386.0
2011-05-05,325.148184982313,333.822417512062,318.235905935169,323.386231499707,8953797.0
2011-05-06,322.573022200043,326.684246992789,312.362727659818,317.106448574524,6620170.0
2011-05-09,318.778045468278,331.473146201921,318.055192757466,329.982262485871,4118641.0
2011-05-10,331.518324496347,332.105642323882,327.994417531137,330.659936902257,2524681.0
2011-05-11,330.705115196683,332.421890384863,328.49137876982,330.885828374386,2911493.0
2011-05-12,327.858882647859,331.247254729792,327.858882647859,330.434045430128,2456524.0
2011-05-13,328.084774119988,338.11435548251,328.084774119988,332.286355501585,3226638.0
2011-05-16,332.512246973714,338.792029898897,329.530479541613,335.403657816964,2274591.0
2011-05-17,335.132588050409,337.436681066124,332.964029917972,334.951874872706,1789062.0
2011-05-18,335.403657816964,338.837208193323,333.41581286223,336.081332233351,2007685.0
2011-05-19,336.984898121866,337.79810742153,329.34976636391,330.52440201898,1637963.0
2011-05-20,331.247254729792,341.909332214276,330.072619074722,337.79810742153,4264780.0
2011-05-23,334.409735339597,339.198634548729,330.84065007996,332.918851623546,3002487.0
2011-05-24,334.319378750745,337.707750832678,332.060464029456,334.861518283855,3170184.0
2011-05-25,332.195998912734,336.578293472034,328.49137876982,334.003130689765,2078730.0
2011-05-26,331.789394262902,337.662572538253,329.620836130465,331.879750851753,5203132.0
2011-05-27,333.596526039933,338.159533776936,333.41581286223,336.93971982744,2236569.0
2011-05-30,337.030076416292,337.843285715956,331.608681085199,335.629549289093,3548175.0
2011-05-31,335.945797350073,339.288991137581,333.641704334359,338.069177188085,2897616.0
2011-06-01,339.063099665452,347.556619017498,338.837208193323,344.800743057525,4153497.0
2011-06-02,342.451471747385,348.686076378142,341.999688803127,344.394138407693,2037011.0
2011-06-03,345.162169412932,347.511440723072,340.779874853631,341.954510508701,2443813.0
2011-06-06,343.671285696881,345.704308946041,339.288991137581,343.355037635901,2540466.0
2011-06-07,342.451471747385,345.026634529654,340.644339970354,341.412370975592,1980997.0
2011-06-08,341.593084153295,342.72254151394,335.222944639261,341.322014386741,2615109.0
2011-06-09,340.734696559206,343.129146163772,339.379347726432,340.237735320522,2111613.0
2011-06-10,341.096122914612,341.457549270018,336.352401999905,337.888464010382,1782390.0
2011-06-13,339.063099665452,342.948432986069,337.843285715956,341.186479503463,2569015.0
2011-06-14,341.502727564444,343.806820580158,340.644339970354,342.72254151394,2879443.0
2011-06-15,341.502727564444,342.812898102791,338.927564782174,340.418448498225,2319378.0
2011-06-16,338.837208193323,343.174324458197,332.195998912734,334.003130689765,5402846.0
2011-06-17,333.596526039933,345.116991118506,333.596526039933,343.851998874584,4624129.0
2011-06-20,343.355037635901,354.152650003661,339.334169432006,352.255161637778,7974447.0
2011-06-21,352.435874815482,359.980649984586,350.719099627302,353.836401942681,5010285.0
2011-06-22,355.101394186602,356.908525963633,341.186479503463,344.981456235229,7698165.0
2011-06-23,343.490572519178,349.770355444361,342.72254151394,345.297704296209,2949962.0
2011-06-24,346.562696540131,356.230851547247,346.562696540131,354.107471709235,4931183.0
2011-06-27,351.48713063254,360.432432928844,350.583564744025,357.812091852149,4469968.0
2011-06-28,358.534944562961,365.899006554363,358.037983324278,361.697425172766,9660772.0
2011-06-29,362.82688253341,364.995440665847,360.929394167528,362.736525944559,3842334.0
2011-06-30,363.233487183242,364.85990578257,352.164805048927,356.818169374782,11829151.0
2011-07-01,356.818169374782,357.812091852149,345.478417473912,346.472339951279,5226738.0
2011-07-04,348.324650022736,350.854634510579,346.065735301447,347.240370956517,3974708.0
2011-07-05,348.776432966994,349.1378593224,341.773797330998,345.38806088506,2338180.0
2011-07-06,343.851998874584,351.306417454837,343.851998874584,346.427161656853,3829322.0
2011-07-07,346.562696540131,360.432432928844,346.562696540131,359.61922362918,8086735.0
2011-07-08,361.290820522934,370.371657702515,357.495843791169,359.754758512457,5606368.0
2011-07-11,359.664401923606,361.33599881736,352.164805048927,353.5201538817,1702731.0
2011-07-12,349.770355444361,356.637456197079,348.098758550607,349.589642266658,2460319.0
2011-07-13,349.770355444361,358.986727507219,349.1378593224,356.818169374782,5453915.0
2011-07-14,357.631378674446,360.613146106547,355.688712014137,358.309053090832,3456859.0
2011-07-15,359.845115101309,360.071006573438,353.565332176126,355.056215892177,1730730.0
2011-07-18,352.66176628761,357.360308907891,352.526231404333,355.191750775454,975877.0
2011-07-19,353.339440703997,362.329921294727,353.339440703997,360.025828279012,3422715.0
2011-07-20,361.426355406211,362.329921294727,355.733890308563,357.224774024614,2903047.0
2011-07-21,355.101394186602,358.986727507219,354.423719770216,356.998882552485,5021942.0
2011-07-22,359.257797273774,372.766107307081,357.947626735426,371.501115063159,10295153.0
2011-07-25,370.462014291366,395.942572347504,370.055409641534,390.927781666243,14105401.0
2011-07-26,388.533332061677,390.927781666243,381.530696425682,383.654076263693,7094569.0
2011-07-27,385.732277807279,390.701890194114,381.75658789781,388.126727411845,4767206.0
2011-07-28,381.75658789781,391.695812671481,381.75658789781,389.256184772489,4438145.0
2011-07-29,388.985115005935,396.891316530446,385.054603390892,395.084184753414,7205818.0
2011-08-01,404.661983171679,404.661983171679,395.581145992098,398.788804896328,3882377.0
2011-08-02,395.355254519969,397.343099474703,388.533332061677,390.701890194114,2738618.0
2011-08-03,386.726200284646,390.250107249856,372.901642190358,385.144959979744,13827732.0
2011-08-04,383.111936730584,387.629766173161,379.271781704393,383.15711502501,3547891.0
2011-08-05,369.468091813999,380.356060770611,369.377735225148,375.702696444756,5394670.0
2011-08-08,361.426355406211,374.844308850667,357.179595730188,368.971130575316,7831195.0
2011-08-09,355.327285658731,372.630572423804,354.333363181364,367.977208097949,9114725.0
2011-08-10,371.365580179882,373.579316606745,360.703502695399,367.615781742542,6569086.0
2011-08-11,366.847750737304,367.660960036968,356.908525963633,358.806014329516,6684209.0
2011-08-12,362.329921294727,362.600991061281,347.872867078478,351.577487221392,6347821.0
2011-08-16,354.875502714474,363.956339894055,350.402851566322,357.676556968872,11345409.0
2011-08-17,356.095316663969,362.239564705875,346.607874834556,358.173518207555,4883840.0
2011-08-18,359.348153862625,363.414200360945,352.481053109907,353.384618998423,5873073.0
2011-08-19,349.679998855509,356.772991080356,340.825053148057,346.653053128982,7318928.0
2011-08-22,345.342882590635,356.366386430524,344.348960113268,354.830324420048,3315811.0
2011-08-23,356.637456197079,365.763471671086,354.649611242345,362.872060827836,8628608.0
2011-08-24,361.426355406211,365.17615384355,357.179595730188,359.348153862625,4746991.0
2011-08-25,363.143130594391,369.919874758257,354.965859303325,363.504556949797,7669345.0
2011-08-26,361.787781761617,368.92595228089,357.224774024614,360.206541456715,5659774.0
2011-08-29,364.137053071758,371.094510413327,363.911161599629,365.989363143215,3285238.0
2011-08-30,367.75131662582,376.290014272292,362.375099589152,365.627936787808,5031304.0
2011-09-02,375.88340962246,378.54892899358,367.299533681562,369.197022047445,5160183.0
2011-09-05,363.6852701275,369.78433987498,362.058851528172,366.441146087472,2656579.0
2011-09-06,364.227409660609,366.847750737304,353.158727526294,359.845115101309,4443145.0
2011-09-07,361.426355406211,366.667037559601,359.664401923606,362.917239122262,4227778.0
2011-09-08,362.917239122262,365.311688726828,357.992805029852,360.974572461953,3560723.0
2011-09-09,364.950262371422,367.75131662582,357.450665496743,361.561890289488,5413450.0
2011-09-12,358.76083603509,359.483688745903,345.659130651615,348.595719789291,2961250.0
2011-09-13,352.300339932204,354.06229341481,342.812898102791,344.7555647631,3754165.0
2011-09-14,346.065735301447,346.969301189963,336.578293472034,340.960588031334,5730400.0
2011-09-15,345.162169412932,352.300339932204,336.759006649737,349.770355444361,4522062.0
2011-09-16,351.306417454837,352.209983343353,344.845921351951,348.595719789291,6222318.0
2011-09-19,346.969301189963,352.300339932204,342.903254691643,349.544463972232,3038911.0
2011-09-20,351.306417454837,354.649611242345,348.595719789291,353.655688764978,3666900.0
2011-09-21,356.863347669208,357.315130613465,353.746045353829,355.327285658731,2455878.0
2011-09-22,351.216060865986,351.216060865986,332.55742526814,336.849363238589,4916728.0
2011-09-23,333.41581286223,345.342882590635,325.871037693125,338.837208193323,7091652.0
2011-09-26,340.418448498225,348.189115139459,332.512246973714,344.168246935564,3562657.0
2011-09-27,349.228215911251,351.893735282372,344.845921351951,350.222138388619,4798589.0
2011-09-28,352.209983343353,352.209983343353,340.599161675928,342.677363219514,1838156.0
2011-09-29,340.644339970354,344.077890346713,337.572215949401,339.198634548729,3807792.0
2011-09-30,340.508805087077,351.035347688283,335.900619055647,341.547905858869,3183837.0
2011-10-03,337.120433005143,346.020557007021,335.268122933687,344.21342522999,3213776.0
2011-10-04,341.999688803127,346.156091890299,330.117797369148,334.229022161894,4761342.0
2011-10-05,337.843285715956,337.843285715956,329.846727602593,330.795471785535,4481624.0
2011-10-07,335.403657816964,339.650417492987,314.621642381107,320.585177245309,13527004.0
2011-10-10,318.055192757466,332.512246973714,310.42006099951,328.49137876982,10066752.0
2011-10-11,331.834572557328,343.761642285732,331.608681085199,338.837208193323,6300227.0
2011-10-12,339.740774081838,341.502727564444,334.454913634023,337.210789593995,3708998.0
2011-10-13,339.740774081838,340.553983381502,330.795471785535,334.229022161894,4699139.0
2011-10-14,331.789394262902,347.782510489627,331.789394262902,346.653053128982,3693590.0
2011-10-17,344.665208174248,349.544463972232,340.779874853631,343.400215930326,2473417.0
2011-10-18,338.430603543491,342.858076397217,335.539192700241,338.023998893659,2986591.0
2011-10-19,339.108277959878,349.318572500103,335.900619055647,347.646975606349,3861167.0
2011-10-20,344.258603524416,354.152650003661,343.355037635901,352.435874815482,2500435.0
2011-10-21,354.107471709235,354.107471709235,340.192557026096,341.547905858869,2936003.0
2011-10-24,347.330727545369,347.692153900775,340.68951826478,346.065735301447,2204524.0
2011-10-25,348.776432966994,355.688712014137,345.07181282408,350.990169393857,3190974.0
2011-10-26,353.294262409571,356.908525963633,353.294262409571,355.146572481028,365675.0
2011-10-28,360.703502695399,369.829518169406,351.577487221392,354.152650003661,4265585.0
2011-10-31,355.824246897415,357.450665496743,350.899812805005,354.017115120384,2182727.0
2011-11-01,349.499285677806,357.812091852149,349.499285677806,356.501921313801,1640827.0
2011-11-02,352.435874815482,357.541022085594,346.291626773576,347.375905839795,2653510.0
2011-11-03,346.472339951279,356.72781278593,346.110913595873,355.462820542009,3287671.0
2011-11-04,353.294262409571,361.878138350469,347.918045372904,358.986727507219,7576437.0
2011-11-08,358.715657740664,363.504556949797,357.044060846911,358.851192623942,3987770.0
2011-11-09,357.450665496743,363.6852701275,355.101394186602,357.134417435762,3174141.0
2011-11-11,352.390696521056,360.432432928844,351.441952338115,357.450665496743,3363567.0
2011-11-14,360.206541456715,367.480246859265,359.167440684922,366.124898026492,5906547.0
2011-11-15,365.944184848789,369.106665458593,361.516711995063,362.872060827836,5694312.0
2011-11-16,365.853828259937,372.269146068397,357.631378674446,362.872060827836,6320574.0
2011-11-17,363.594913538648,369.377735225148,354.875502714474,357.495843791169,3947782.0
2011-11-18,353.836401942681,363.233487183242,353.836401942681,359.167440684922,5670723.0
2011-11-21,346.969301189963,357.631378674446,346.065735301447,350.990169393857,9322995.0
2011-11-22,349.679998855509,351.306417454837,336.668650060886,342.18040198083,6424856.0
2011-11-23,337.933642304807,337.933642304807,320.585177245309,329.620836130465,10060801.0
2011-11-24,331.608681085199,347.42108413422,328.17513070884,342.18040198083,12051919.0
2011-11-25,339.695595787413,345.342882590635,334.771161695003,338.9727430766,4637766.0
2011-11-28,341.547905858869,352.209983343353,341.050944620186,350.131781799767,5911532.0
2011-11-29,353.113549231868,354.333363181364,332.602603562566,337.662572538253,6858554.0
2011-11-30,339.740774081838,351.48713063254,331.834572557328,348.866789555845,47139255.0
2011-12-01,355.011037597751,357.495843791169,338.701673310046,342.541828336237,8410443.0
2011-12-02,344.529673290971,355.869425191841,336.397580294331,352.932836054165,9427836.0
2011-12-05,354.288184886938,359.438510451477,348.460184906013,352.842479465314,4608295.0
2011-12-07,352.842479465314,353.294262409571,339.740774081838,340.960588031334,7499002.0
2011-12-08,340.192557026096,340.192557026096,328.988340008504,331.834572557328,5981204.0
2011-12-09,329.259409775058,330.614758607832,317.738944696485,324.10908421052,8867119.0
2011-12-12,326.503533815086,327.813704353433,307.619006745111,309.290603638865,7915098.0
2011-12-13,306.850975739873,316.970913691247,304.456526135307,312.498262543095,6110761.0
2011-12-14,311.91094471556,319.681611356794,308.929177283459,315.163781914216,5326642.0
2011-12-15,305.405270318248,309.200247050014,299.983874987155,304.185456368752,9889975.0
2011-12-16,305.089022257268,318.597332290575,297.724960265866,304.095099779901,7129037.0
2011-12-19,301.791006764186,310.284526116232,290.270541685613,303.959564896623,10875946.0
2011-12-20,307.031688917576,307.031688917576,288.463409908582,292.077673462644,8050347.0
2011-12-21,299.983874987155,311.865766421134,296.098541666538,308.567750928053,4648963.0
2011-12-22,306.308836206764,309.01953387231,292.12285175707,302.875285830405,5911454.0
2011-12-23,303.598138541217,305.269735434971,296.053363372113,298.764061037659,3240784.0
2011-12-26,301.791006764186,312.272371070966,300.887440875671,311.504340065728,3666822.0
2011-12-27,311.820588126709,314.395750908978,307.393115272983,310.013456349678,2520555.0
2011-12-28,309.652029994271,312.588619131947,306.850975739873,310.555595882787,1943231.0
2011-12-29,309.923099760826,316.970913691247,303.869208307772,308.070789689369,5068247.0
2011-12-30,309.109890461162,312.814510604076,305.540805201526,310.374882705084,3435770.0
2012-01-02,311.278448593599,315.254138503068,309.245425344439,311.549518360154,1963822.0
2012-01-03,313.989146259146,325.690324515422,311.956123009986,324.063905916094,2114712.0
2012-01-04,320.90142530629,322.573022200043,312.182014482115,312.950045487353,2922304.0
2012-01-05,313.537363314888,315.163781914216,309.109890461162,311.188092004748,2897700.0
2012-01-06,309.01953387231,309.01953387231,296.640681199648,298.673704448808,7905920.0
2012-01-07,299.441735454046,300.480836225839,297.679781971441,298.989952509788,286995.0
2012-01-09,298.176743210124,298.53816956553,289.141084324969,289.547688974801,7546227.0
2012-01-10,290.08982850791,301.248867231077,290.08982850791,298.492991271105,8891367.0
2012-01-11,299.983874987155,299.983874987155,292.032495168219,294.246231595082,6196348.0
2012-01-12,296.324433138667,298.131564915698,293.026417645586,294.969084305894,4267110.0
2012-01-13,298.176743210124,305.857053262506,296.776216082925,302.333146297296,7423530.0
2012-01-16,302.830107535979,309.742386583123,302.694572652702,307.212402095279,3394388.0
2012-01-17,311.459161771302,313.989146259146,307.483471861834,311.775409832283,4661973.0
2012-01-18,313.898789670294,317.784122990911,310.374882705084,312.136836187689,2158507.0
2012-01-19,306.308836206764,311.368805182451,303.824030013346,307.890076511666,4204639.0
2012-01-20,309.155068755588,313.447006726037,305.089022257268,309.335781933291,3100345.0
2012-01-23,307.257580389705,320.404464067606,307.257580389705,318.190727640743,3034942.0
2012-01-24,320.494820656458,326.729425287215,318.281084229595,322.256774139063,3563730.0
2012-01-25,325.28371986559,329.304588069484,319.952681123348,324.651223743629,4263387.0
2012-01-27,330.659936902257,339.560060904135,324.199440799371,338.475781837917,4671178.0
2012-01-30,336.126510527776,337.843285715956,320.811068717438,322.708557083321,2539948.0
2012-01-31,326.910138464918,334.725983400577,320.765890423012,330.434045430128,4600194.0
2012-02-01,329.620836130465,329.620836130465,322.166417550211,326.45835552066,5671068.0
2012-02-02,331.608681085199,357.315130613465,324.018727621668,348.640898083716,25324272.0
2012-02-03,355.55317713086,362.284743000301,348.415006611588,350.222138388619,16171457.0
2012-02-06,356.004960075118,356.004960075118,348.098758550607,351.532308926966,6051591.0
2012-02-07,352.390696521056,352.842479465314,338.475781837917,342.225580275256,6214900.0
2012-02-08,334.319378750745,334.319378750745,317.513053224356,319.862324534497,23297344.0
2012-02-09,318.732867173852,319.817146240071,311.188092004748,316.338417569286,13701820.0
2012-02-10,317.15162686895,322.93444855545,314.440929203404,316.202882686009,8913185.0
2012-02-13,316.609487335841,318.01001446304,310.465239293935,314.169859436849,7639239.0
2012-02-14,315.344495091919,315.344495091919,308.161146278221,309.335781933291,7382092.0
2012-02-15,312.633797426373,318.958758645981,310.691130766064,315.886634625028,10631921.0
2012-02-16,319.410541590239,322.301952433489,312.633797426373,316.564309041415,7955092.0
2012-02-17,320.765890423012,321.262851661696,313.672898198165,315.886634625028,9397137.0
2012-02-21,316.248060980435,325.735502809848,312.814510604076,324.289797388223,8280037.0
2012-02-22,327.542634586879,327.542634586879,307.347936978557,313.94396796472,11157071.0
2012-02-23,307.754541628389,310.600774177213,301.474758703206,306.037766440209,11599152.0
2012-02-24,311.730231537857,313.718076492591,305.631161790377,309.56167340542,3574357.0
2012-02-27,311.459161771302,313.94396796472,304.953487373991,308.070789689369,3488305.0
2012-02-28,309.923099760826,316.157704391583,306.489549384467,310.148991232955,2671787.0
2012-02-29,310.239347821806,318.371440818446,310.239347821806,316.428774158138,4609791.0
2012-03-01,315.344495091919,316.428774158138,310.826665649342,312.904867192927,2094696.0
2012-03-02,315.254138503068,318.281084229595,310.917022238193,316.609487335841,3724877.0
2012-03-03,317.061270280099,317.061270280099,314.711998969958,315.705921447325,115327.0
2012-03-05,314.440929203404,320.675533834161,311.865766421134,315.389673386345,3461073.0
2012-03-06,312.633797426373,317.15162686895,302.107254825167,303.191533891385,3461787.0
2012-03-07,303.598138541217,304.456526135307,296.053363372113,297.860495149144,4506445.0
2012-03-09,302.513859474999,307.031688917576,299.125487393065,306.173301323487,4879306.0
2012-03-12,311.639874949006,311.639874949006,304.185456368752,306.399192795615,2599754.0
2012-03-13,307.393115272983,309.380960227717,303.869208307772,306.35401450119,3788877.0
2012-03-14,308.522572633627,312.453084248669,304.863130785139,305.585983495951,4421099.0
2012-03-15,305.405270318248,305.766696673655,298.267099798976,299.667626926175,3090507.0
2012-03-16,300.887440875671,302.965642419256,295.466045544578,295.963006783261,4397091.0
2012-03-19,299.08030909864,299.39655715962,291.219285868555,293.83962694525,4739013.0
2012-03-20,293.658913767546,294.969084305894,289.728402152504,291.625890518387,4836286.0
2012-03-21,292.348743229199,301.791006764186,291.038572690851,300.751905992393,5826498.0
2012-03-22,300.887440875671,301.610293586483,291.987316873793,292.664991290179,3648471.0
2012-03-23,292.755347879031,307.212402095279,290.135006802336,303.598138541217,7685794.0
2012-03-26,303.598138541217,304.32099125203,294.743192833765,297.137642438331,3449259.0
2012-03-27,301.519936997632,306.67026256217,298.176743210124,306.037766440209,5158500.0
2012-03-28,305.405270318248,308.025611394943,302.830107535979,305.17937884612,3172261.0
2012-03-29,302.333146297296,304.095099779901,293.658913767546,300.119409870432,6334939.0
2012-03-30,302.559037769424,306.489549384467,300.164588164858,305.314913729397,3950569.0
2012-04-02,306.218479617912,309.787564877549,305.17937884612,307.483471861834,1822891.0
2012-04-03,309.01953387231,310.691130766064,303.191533891385,304.32099125203,3515916.0
2012-04-04,302.60421606385,303.598138541217,297.36353391046,298.267099798976,3421688.0
2012-04-09,297.996030032421,300.706727697968,295.87265019441,297.950851737995,2401995.0
2012-04-10,300.526014520265,300.526014520265,296.414789727519,298.041208326847,4443874.0
2012-04-11,298.176743210124,298.176743210124,290.270541685613,290.948216102,4651798.0
2012-04-12,291.851781990515,295.917828488835,290.993394396426,292.755347879031,2613682.0
2012-04-13,294.15587500623,297.36353391046,289.502510680375,292.303564934773,2034893.0
2012-04-16,290.948216102,290.948216102,284.171471938133,286.475564953848,3883244.0
2012-04-17,286.385208364997,292.755347879031,284.713611471243,291.219285868555,3384569.0
2012-04-18,294.562479656062,294.923906011468,289.638045563652,290.451254863316,1885494.0
2012-04-19,291.490355635109,294.381766478359,290.496433157742,292.439099818051,1313311.0
2012-04-20,291.987316873793,296.776216082925,289.457332385949,293.071595940011,2233083.0
2012-04-23,291.490355635109,295.01426260032,280.46685179522,282.364340161102,3595057.0
2012-04-24,276.581518474603,279.834355673259,261.085363486562,277.710975835247,13804800.0
2012-04-25,275.587595997236,285.210572709926,275.587595997236,282.81612310536,4095785.0
2012-04-26,284.623254882391,286.385208364997,276.039378941494,278.569363429337,6066575.0
2012-04-27,278.569363429337,282.81612310536,273.780464220205,277.756154129673,4531180.0
2012-04-30,277.485084363119,282.409518455528,277.485084363119,280.557208384071,3109772.0
2012-05-02,281.912557216845,289.095906030543,277.891689012951,287.288774253512,6770765.0
2012-05-03,284.623254882391,286.836991309254,282.906479694212,284.623254882391,1757735.0
2012-05-04,283.177549460766,285.075037826649,279.834355673259,281.686665744716,3255914.0
2012-05-07,279.472929317853,287.514665725641,278.072402190654,285.571999065333,2779526.0
2012-05-08,286.430386659422,288.418231614156,282.906479694212,284.984681237797,2471611.0
2012-05-09,282.725766516509,282.996836283063,278.343471957208,279.563285906704,1843905.0
2012-05-10,279.789177378833,284.397363410262,278.614541723763,280.195782028665,2852003.0
2012-05-11,277.485084363119,282.364340161102,276.491161885751,277.57544095197,1777171.0
2012-05-14,278.298293662783,280.105425439814,272.876898331689,278.072402190654,2020492.0
2012-05-15,274.774386697572,278.930789784743,263.88641774096,274.819564991998,7264784.0
2012-05-16,271.069766554658,275.406882819533,266.868185173061,268.856030127795,3651023.0
2012-05-17,271.47637120449,276.491161885751,268.675316950092,269.895130899588,2644440.0
2012-05-18,267.41032470617,270.121022371717,264.428557274069,267.95246423928,2774740.0
2012-05-21,268.720495244518,273.780464220205,264.518913862921,266.326045639952,2007283.0
2012-05-22,270.798696788104,270.798696788104,265.512836340288,266.687471995358,2360202.0
2012-05-23,266.597115406506,267.862107650428,253.088805373199,254.89593715023,5013328.0
2012-05-24,253.495410023031,272.515471976283,253.495410023031,269.081921599924,3786821.0
2012-05-25,271.973332443174,273.735285925779,268.359068889112,270.211378960569,2943311.0
2012-05-28,271.295658026787,275.135813052978,271.069766554658,273.19314639267,2087040.0
2012-05-29,273.780464220205,275.045456464127,270.166200666143,271.069766554658,2603488.0
2012-05-30,271.882975854322,277.394727774267,270.346913843846,273.102789803818,3569195.0
2012-05-31,272.379937093006,278.207937073931,271.069766554658,273.373859570373,5647628.0
2012-06-01,271.16012314351,275.271347936255,270.30173554942,271.837797559897,3156228.0
2012-06-04,271.069766554658,271.837797559897,262.576247202612,266.145332462249,18824132.0
2012-06-05,268.359068889112,269.036743305498,257.832526287906,259.50412318166,9442442.0
2012-06-06,262.937673558019,270.617983610401,257.78734799348,268.630138655666,8960095.0
2012-06-07,271.069766554658,273.328681275947,266.2356890511,272.425115387432,2783052.0
2012-06-08,268.359068889112,278.298293662783,268.359068889112,274.909921580849,3284658.0
2012-06-11,278.885611490318,278.885611490318,272.786541742838,274.729208403146,1906308.0
2012-06-12,271.973332443174,280.015068850962,271.973332443174,278.975968079169,1487769.0
2012-06-13,280.105425439814,283.177549460766,276.852588241158,277.665797540822,2582358.0
2012-06-14,275.768309174939,278.569363429337,274.458138636592,276.445983591326,2412500.0
2012-06-15,274.277425458888,282.49987504438,273.780464220205,281.64148745029,2189591.0
2012-06-18,283.719688993876,284.397363410262,277.394727774267,279.382572729001,1887003.0
2012-06-19,278.569363429337,285.526820770907,278.569363429337,284.578076587965,2306766.0
2012-06-20,285.391285887629,286.340030070571,279.201859551298,280.421673500794,2409192.0
2012-06-21,280.376495206368,283.719688993876,279.247037845724,281.596309155864,2128295.0
2012-06-22,280.195782028665,282.273983572251,276.491161885751,280.918634739478,1748881.0
2012-06-25,283.222727755192,284.171471938133,277.756154129673,279.066324668021,1863997.0
2012-06-26,279.427751023427,280.557208384071,274.503316931017,276.491161885751,2035612.0
2012-06-27,278.027223896228,278.298293662783,273.690107631353,275.452061113959,3234629.0
2012-06-28,276.220092119197,277.123658007712,273.19314639267,274.322603753314,2369225.0
2012-06-29,274.68403010872,278.162758779505,273.328681275947,275.632774291662,5028856.0
2012-07-02,275.632774291662,281.460774272587,275.587595997236,280.286138617517,2464469.0
2012-07-03,282.273983572251,291.490355635109,281.912557216845,287.966448669899,6263697.0
2012-07-04,289.141084324969,296.369611433093,287.966448669899,295.420867250152,4571460.0
2012-07-05,294.562479656062,296.685859494074,291.851781990515,292.845704467883,2740611.0
2012-07-06,292.936061056734,293.975161828527,288.508588203008,290.315719980039,1854590.0
2012-07-09,289.547688974801,289.547688974801,283.403440932895,286.204495187293,1369844.0
2012-07-10,287.153239370235,293.568557178695,285.571999065333,290.406076568891,2244565.0
2012-07-11,288.237518436453,289.547688974801,284.352185115837,285.300929298778,2335942.0
2012-07-12,284.53289829354,285.70753394861,276.084557235919,276.762231652306,3471650.0
2012-07-13,278.704898312614,279.969890556536,276.942944830009,278.253115368357,2494199.0
2012-07-16,283.267906049618,290.903037807574,280.105425439814,288.734479675137,5805205.0
2012-07-17,292.032495168219,297.092464143906,289.186262619395,292.890882762308,5923146.0
2012-07-18,293.161952528863,294.788371128191,284.623254882391,293.29748741214,3828197.0
2012-07-19,294.652836244914,295.3305106613,284.84914635452,286.02378200959,3020023.0
2012-07-20,286.430386659422,288.59894479186,283.132371166341,284.307006821411,4770672.0
2012-07-23,285.436464182055,285.436464182055,271.024588260233,274.909921580849,3340969.0
2012-07-24,276.852588241158,279.834355673259,271.702262676619,278.795254901466,2668789.0
2012-07-25,280.015068850962,280.015068850962,269.759596016311,271.702262676619,3144732.0
2012-07-26,273.644929336928,275.090634758552,269.262634777627,271.521549498916,3886936.0
2012-07-27,277.394727774267,281.912557216845,275.632774291662,277.801332424099,3946111.0
2012-07-30,280.105425439814,283.538975816173,278.298293662783,279.337394434575,2751953.0
2012-07-31,281.008991328329,281.099347917181,269.714417721885,271.114944849084,7949097.0
2012-08-01,271.973332443174,273.915999103482,267.048898350764,268.81085183337,4297062.0
2012-08-02,270.166200666143,272.425115387432,267.545859589448,269.488526249756,3257002.0
2012-08-03,269.262634777627,270.437270432697,265.467658045862,267.907285944854,3017023.0
2012-08-06,269.714417721885,272.33475879858,266.100154167823,267.636216178299,3060838.0
2012-08-07,269.262634777627,269.624061133033,264.880340218327,265.467658045862,4444420.0
2012-08-08,265.693549517991,265.693549517991,246.13134803163,247.893301514235,33427045.0
2012-08-09,249.067937169305,249.293828641434,229.776805449499,231.990541876362,33553285.0
2012-08-10,233.210355825858,238.270324801545,228.511813205577,230.951441104569,12058225.0
2012-08-13,232.216433348491,236.643906202217,232.216433348491,234.972309308463,6800679.0
2012-08-14,236.734262791068,237.954076740564,234.339813186502,235.64998372485,4474734.0
2012-08-16,236.192123257959,237.411937207455,234.701239541908,234.927131014037,6494962.0
2012-08-17,234.927131014037,239.17389069006,234.204278303225,237.005332557623,8913802.0
2012-08-21,235.378913958295,238.451037979248,230.906262810143,233.61696047569,14023393.0
2012-08-22,230.861084515717,231.222510871124,224.084340351851,224.671658179386,11115787.0
2012-08-23,223.225952757761,227.472712433784,220.063472147957,224.987906240366,9372344.0
2012-08-24,224.084340351851,226.34325507314,220.921859742047,224.039162057425,6238039.0
2012-08-27,225.891472128882,229.325022505241,223.903627174148,225.123441123644,5934165.0
2012-08-28,224.987906240366,225.891472128882,221.73506904171,224.807193062663,4164414.0
2012-08-29,224.762014768238,225.710758951179,216.675100066024,218.934014787312,6040187.0
2012-08-30,216.855813243727,220.334541914511,215.455286116528,219.430976025996,9268614.0
2012-08-31,217.03652642143,224.897549651515,216.991348127004,223.903627174148,6093229.0
2012-09-03,222.819348107929,225.349332595773,220.921859742047,223.045239580058,4998706.0
2012-09-04,221.599534158433,226.117363601011,218.030448898797,225.665580656753,7370979.0
2012-09-05,223.677735702019,233.842851947819,223.632557407593,232.984464353729,6136561.0
2012-09-06,232.306789937342,233.07482094258,222.367565163671,227.788960494765,14102875.0
2012-09-07,230.318944982608,232.126076759639,229.415379094092,231.312867459975,5495649.0
2012-09-08,230.861084515717,231.719472109807,228.828061266557,230.138231804905,165305.0
2012-09-10,229.641270566221,236.508371318939,229.641270566221,235.875875196979,3984425.0
2012-09-11,234.023565125522,237.005332557623,231.086975987846,236.372836435662,3564595.0
2012-09-12,235.062665897315,237.005332557623,233.165177531432,235.604805430424,5517698.0
2012-09-13,234.384991480928,234.927131014037,226.749859722972,229.099131033112,6028970.0
2012-09-14,233.571782181264,234.79159613076,229.144309327538,230.499658160311,6840936.0
2012-09-17,235.10784419174,242.155658122161,232.080898465213,239.219068984486,8519429.0
2012-09-18,240.34852634513,244.866355787708,239.941921695298,242.336371299865,8476535.0
2012-09-20,240.34852634513,246.357239503759,239.580495339892,242.38154959429,6482106.0
2012-09-21,244.866355787708,253.40505343418,244.640464315579,252.320774367961,10420993.0
2012-09-24,252.998448784348,255.709146449894,246.673487564739,252.094882895832,9164484.0
2012-09-25,252.456309251238,252.998448784348,247.260805392274,249.022758874879,4039707.0
2012-09-26,247.577053453255,248.977580580454,236.734262791068,239.625673634318,8122548.0
2012-09-27,240.709952700537,243.782076721489,234.927131014037,236.192123257959,5375581.0
2012-09-28,239.309425573338,241.252092233646,236.914975968771,239.851565106447,5210906.0
2012-10-01,239.580495339892,241.794231766755,237.276402324178,239.490138751041,2477195.0
2012-10-03,240.800309289388,243.511006954935,238.85764262908,239.716030223169,3107673.0
2012-10-04,241.703875177904,246.98973562572,241.703875177904,243.736898427064,3512150.0
2012-10-05,245.137425554263,245.544030204095,194.989518741651,240.122634873001,2898386.0
2012-10-08,241.297270528072,249.926324763395,240.34852634513,244.369394549024,6108438.0
2012-10-09,246.266882914907,246.44759609261,238.767286040228,239.716030223169,4150905.0
2012-10-10,238.993177512357,240.800309289388,236.011410080256,236.779441085494,2853409.0
2012-10-11,237.637828679584,243.465828660509,236.734262791068,241.523162000201,2728017.0
2012-10-12,241.252092233646,243.059224010677,233.300712414709,235.243379075018,3560789.0
2012-10-15,235.424092252721,238.993177512357,231.764650404233,238.586572862525,4358898.0
2012-10-16,235.017487602889,243.691720132638,235.017487602889,241.839410061181,4984994.0
2012-10-17,243.285115482806,245.769921676224,240.438882933982,244.459751137876,5009932.0
2012-10-18,242.426727888716,243.782076721489,237.818541857287,240.258169756279,5058808.0
2012-10-19,237.637828679584,242.110479827736,236.011410080256,241.342448822497,4030417.0
2012-10-22,240.34852634513,246.176526326056,239.264247278912,245.679565087372,3136286.0
2012-10-23,245.724743381798,248.209549575215,244.007968193618,245.047068965411,2352518.0
2012-10-25,245.318138731966,247.260805392274,242.607441066419,243.646541838212,3321429.0
2012-10-26,243.059224010677,243.375472071657,238.631751156951,240.935844172665,2535161.0
2012-10-29,240.935844172665,244.866355787708,240.438882933982,243.782076721489,3054840.0
2012-10-30,244.640464315579,248.028836397512,242.878510832974,244.143503076896,1946923.0
2012-10-31,243.962789899192,246.899379036868,241.252092233646,243.646541838212,1959603.0
2012-11-01,244.685642610005,254.715223972527,243.23993718838,254.037549556141,4017181.0
2012-11-02,255.75432474432,256.61271233841,248.028836397512,248.435441047344,2871369.0
2012-11-05,248.932402286028,250.739534063059,244.911534082134,247.125270508997,1356042.0
2012-11-06,247.034913920145,249.971503057821,244.504929432302,247.351161981126,1922996.0
2012-11-07,244.866355787708,253.856836378437,243.375472071657,244.95671237656,12240199.0
2012-11-08,242.155658122161,251.100960418465,241.884588355607,250.332929413227,6950757.0
2012-11-09,249.293828641434,252.54666584009,248.435441047344,249.203472052583,2366944.0
2012-11-12,247.215627097848,255.709146449894,246.402417798184,252.998448784348,3450730.0
2012-11-13,253.359875139754,256.160929394152,252.998448784348,255.709146449894,1008682.0
2012-11-15,257.742169699054,267.500681295022,257.696991404628,262.305177436058,10584857.0
2012-11-16,263.976774329811,274.638851814295,263.976774329811,272.33475879858,11860203.0
2012-11-19,274.412960342166,281.008991328329,274.277425458888,279.653642495556,8406635.0
2012-11-20,281.008991328329,282.364340161102,276.039378941494,279.201859551298,7594597.0
2012-11-21,279.201859551298,280.286138617517,274.232247164463,277.756154129673,4747297.0
2012-11-22,277.665797540822,281.505952567013,275.723130880513,278.117580485079,5261752.0
2012-11-23,280.060247145388,281.912557216845,274.141890575611,275.994200647068,3644296.0
2012-11-26,278.253115368357,281.460774272587,277.123658007712,280.331316911942,3862420.0
2012-11-27,282.364340161102,299.577270337323,280.557208384071,295.194975778023,11696973.0
2012-11-29,294.562479656062,300.300123048136,294.110696711804,298.492991271105,9879281.0
2012-11-30,301.474758703206,307.84489821724,293.478200589843,304.501704429733,9948239.0
2012-12-03,304.953487373991,307.212402095279,298.492991271105,299.215843981917,3917151.0
2012-12-04,298.176743210124,301.519936997632,296.053363372113,300.390479636987,4535611.0
2012-12-05,298.176743210124,301.158510642225,295.104619189171,298.53816956553,3956172.0
2012-12-06,302.152433119592,302.152433119592,290.180185096762,293.387844000992,5205750.0
2012-12-07,293.568557178695,298.176743210124,289.366975797098,291.354820751832,4662395.0
2012-12-10,294.110696711804,294.562479656062,285.165394415501,287.243595959086,3314145.0
2012-12-11,287.424309136789,290.044650213484,281.912557216845,283.900402171579,5482955.0
2012-12-12,286.88216960368,286.88216960368,278.027223896228,281.822200627993,6207129.0
2012-12-13,281.460774272587,289.141084324969,280.421673500794,287.153239370235,6296998.0
2012-12-14,287.379130842364,288.463409908582,278.704898312614,282.319161866677,3633891.0
2012-12-17,279.201859551298,281.099347917181,270.663161904826,271.566727793342,7154131.0
2012-12-18,271.16012314351,283.99075876043,271.069766554658,283.177549460766,6648870.0
2012-12-19,283.087192871915,288.101983553176,283.087192871915,285.571999065333,4695641.0
2012-12-20,282.906479694212,287.695378903344,279.518107612279,286.340030070571,3050305.0
2012-12-21,283.764867288302,284.487719999114,276.4008052969,277.710975835247,3412985.0
2012-12-24,277.123658007712,281.415595978161,274.141890575611,278.840433195892,1965570.0
2012-12-26,279.201859551298,288.101983553176,278.930789784743,286.791813014828,3172583.0
2012-12-27,287.379130842364,290.541611452168,285.526820770907,287.921270375473,3451306.0
2012-12-28,286.204495187293,292.303564934773,283.629332405024,288.282696730879,4422304.0
2012-12-31,288.237518436453,289.954293624633,285.210572709926,286.520743248274,1713356.0
2013-01-01,287.830913786621,291.851781990515,286.88216960368,291.038572690851,1719595.0
2013-01-02,291.219285868555,294.833549422617,289.141084324969,290.08982850791,2809828.0
2013-01-03,291.851781990515,297.182820732757,288.508588203008,296.369611433093,3677588.0
2013-01-04,295.601580427855,297.996030032421,294.336588183933,295.466045544578,3282834.0
2013-01-07,297.860495149144,299.215843981917,293.929983534101,295.285332366874,3315377.0
2013-01-08,295.285332366874,300.661549403542,293.387844000992,298.447812976679,3228335.0
2013-01-09,299.938696692729,304.049921485475,299.351378865194,301.565115292057,5122162.0
2013-01-10,301.384402114354,301.74582846976,295.3305106613,298.22192150455,2530888.0
2013-01-11,297.996030032421,299.125487393065,292.664991290179,293.83962694525,2777058.0
2013-01-14,295.01426260032,298.176743210124,292.12285175707,297.002107555054,3271242.0
2013-01-15,296.821394377351,316.790200513544,294.833549422617,311.91094471556,9143622.0
2013-01-16,311.730231537857,314.983068736513,307.935254806092,309.832743171974,4095484.0
2013-01-17,308.206324572647,322.573022200043,305.676340084803,319.410541590239,7430591.0
2013-01-18,317.964836168614,319.320185001387,311.956123009986,315.208960208642,5354557.0
2013-01-21,313.763254787017,324.380153977074,311.549518360154,321.262851661696,5146996.0
2013-01-22,320.449642362032,320.675533834161,315.344495091919,317.738944696485,5148108.0
2013-01-23,317.15162686895,333.009208212398,316.473952452564,331.924929146179,8519611.0
2013-01-24,333.370634567804,333.957952395339,324.922293510184,327.000495053769,4848135.0
2013-01-25,325.28371986559,334.861518283855,322.753735377746,325.735502809848,4734763.0
2013-01-28,323.295874910856,327.813704353433,321.21767336727,322.889270261024,2872794.0
2013-01-29,322.889270261024,328.536557064246,314.711998969958,315.796278036177,4479132.0
2013-01-30,318.687688879427,318.913580351555,309.516495110994,311.368805182451,3448857.0
2013-01-31,310.058634644103,313.94396796472,304.863130785139,306.850975739873,4275185.0
2013-02-01,304.004743191049,313.356650137185,295.194975778023,297.634603677015,15973555.0
2013-02-04,299.983874987155,302.423502886147,296.18889825539,299.125487393065,4035813.0
2013-02-05,297.770138560292,301.068154053374,291.716247107238,293.433022295418,6294423.0
2013-02-06,295.87265019441,298.944774215362,293.161952528863,295.104619189171,3838138.0
2013-02-07,295.104619189171,295.375688955726,285.662355654184,289.23144091382,3302713.0
2013-02-08,288.960371147266,293.83962694525,286.656278131551,290.767502924297,3692959.0
2013-02-11,289.23144091382,290.044650213484,284.307006821411,285.70753394861,2276277.0
2013-02-12,283.764867288302,292.303564934773,283.764867288302,291.219285868555,2478887.0
2013-02-13,292.303564934773,298.492991271105,291.761425401664,294.517301361636,3046771.0
2013-02-14,294.923906011468,295.01426260032,280.286138617517,281.64148745029,4392038.0
2013-02-15,281.64148745029,287.559844020067,277.078479713287,286.114138598442,3074733.0
2013-02-18,285.526820770907,286.88216960368,281.912557216845,283.448619227321,2514586.0
2013-02-19,284.578076587965,284.623254882391,275.22616964183,277.891689012951,4557863.0
2013-02-20,281.280061094884,281.370417683735,273.825642514631,274.68403010872,7260463.0
2013-02-21,273.690107631353,278.117580485079,263.389456502276,267.636216178299,7970709.0
2013-02-22,268.630138655666,281.280061094884,267.591037883874,279.789177378833,6408998.0
2013-02-25,277.846510718525,281.731844039142,276.039378941494,277.394727774267,3621177.0
2013-02-26,281.822200627993,303.236712185811,273.419037864799,281.731844039142,10760276.0
2013-02-27,286.430386659422,293.568557178695,284.939502943372,290.722324629871,9599900.0
2013-02-28,294.923906011468,296.18889825539,286.656278131551,291.761425401664,9598857.0
2013-03-01,292.258386640347,294.833549422617,278.207937073931,281.099347917181,7595738.0
2013-03-04,281.008991328329,287.469487431215,277.620619246396,285.571999065333,3605048.0
2013-03-05,285.526820770907,292.710169584605,279.743999084407,291.038572690851,5540707.0
2013-03-06,292.077673462644,295.420867250152,288.101983553176,289.547688974801,4746184.0
2013-03-07,288.237518436453,290.315719980039,285.70753394861,289.366975797098,5028875.0
2013-03-08,291.896960284941,294.517301361636,289.592867269227,291.761425401664,3015108.0
2013-03-11,291.942138579367,294.969084305894,288.237518436453,290.360898274465,3648074.0
2013-03-12,290.044650213484,290.044650213484,283.629332405024,284.216650232559,2450601.0
2013-03-13,282.996836283063,289.457332385949,280.918634739478,286.701456425977,4156246.0
2013-03-14,285.165394415501,286.836991309254,279.201859551298,284.261828526985,5372321.0
2013-03-15,282.183626983399,286.656278131551,277.57544095197,280.376495206368,6070791.0
2013-03-18,275.587595997236,280.421673500794,272.108867326451,277.846510718525,5243284.0
2013-03-19,280.105425439814,281.822200627993,256.61271233841,265.106231690456,15992336.0
2013-03-20,262.937673558019,268.720495244518,249.022758874879,253.043627078774,20799128.0
2013-03-21,257.516278226925,274.322603753314,257.516278226925,269.172278188776,11023517.0
2013-03-22,270.843875082529,270.843875082529,260.99500689771,265.693549517991,6362754.0
2013-03-25,268.359068889112,268.81085183337,259.865549537066,260.769115425581,5156416.0
2013-03-26,259.233053415105,269.262634777627,257.922882876757,268.26871230026,6637974.0
2013-03-28,267.95246423928,268.26871230026,260.904650308859,263.615347974405,4467333.0
2013-04-01,260.226975892472,266.461580523229,260.226975892472,265.332123162585,1452020.0
2013-04-02,265.648371223565,266.551937112081,262.305177436058,263.660526268831,2705431.0
2013-04-03,262.440712319335,264.654448746198,252.637022428942,253.72130149516,5649118.0
2013-04-04,253.902014672863,257.109673577093,245.815099970649,247.215627097848,6518245.0
2013-04-05,246.673487564739,252.637022428942,240.845487583814,244.188681371321,4321668.0
2013-04-08,243.962789899192,256.974138693816,243.827255015915,253.540588317457,3964800.0
2013-04-09,254.805580561379,255.257363505637,247.577053453255,250.287751118801,4390191.0
2013-04-10,252.185239484684,255.663968155469,247.938479808661,254.489332500398,3493011.0
2013-04-11,253.585766611883,254.127906144992,245.453673615243,248.661332519473,4138660.0
2013-04-12,246.673487564739,251.552743362723,244.866355787708,247.125270508997,2014947.0
2013-04-15,244.866355787708,256.431999160707,244.730820904431,252.682200723367,3029345.0
2013-04-16,254.624867383676,258.374665821015,251.552743362723,257.516278226925,3106444.0
2013-04-17,257.516278226925,260.67875883673,256.160929394152,258.465022409867,3100491.0
2013-04-18,257.516278226925,272.876898331689,257.064495282668,270.753518493678,6084934.0
2013-04-22,271.973332443174,275.587595997236,270.166200666143,271.747440971045,3260252.0
2013-04-23,271.702262676619,278.072402190654,267.907285944854,270.572805315975,5835909.0
2013-04-25,272.876898331689,279.924712262111,269.759596016311,274.548495225443,5039180.0
2013-04-26,281.008991328329,290.044650213484,279.29221614015,287.74055719777,7094560.0
2013-04-29,289.77358044693,292.890882762308,282.770944810934,287.514665725641,3315857.0
2013-04-30,292.755347879031,292.800526173457,283.629332405024,288.011626964324,3415935.0
2013-05-02,278.298293662783,293.478200589843,273.870820809056,286.204495187293,11886408.0
2013-05-03,294.562479656062,299.532092042897,285.617177359758,287.062882781383,7779835.0
2013-05-06,290.993394396426,292.168030051496,287.424309136789,289.592867269227,5012266.0
2013-05-07,291.174107574129,300.706727697968,288.147161847602,299.261022276343,5984796.0
2013-05-08,299.08030909864,299.08030909864,291.716247107238,292.936061056734,3653087.0
2013-05-09,290.948216102,296.18889825539,290.948216102,293.658913767546,3316021.0
2013-05-10,293.658913767546,295.466045544578,291.535533929535,292.98123935116,2306447.0
2013-05-11,291.354820751832,295.01426260032,289.276619208246,294.065518417378,249757.0
2013-05-13,290.857859513148,293.478200589843,280.286138617517,281.686665744716,2938891.0
2013-05-14,284.171471938133,288.147161847602,282.002913805696,286.656278131551,2466898.0
2013-05-15,284.894324648946,293.29748741214,284.894324648946,291.535533929535,3306969.0
2013-05-16,290.180185096762,296.234076549816,289.638045563652,290.496433157742,2567538.0
2013-05-17,291.309642457406,292.303564934773,282.49987504438,285.120216121075,2675844.0
2013-05-20,288.870014558414,288.960371147266,277.214014596564,278.117580485079,3724937.0
2013-05-21,277.394727774267,281.008991328329,273.554572748076,275.090634758552,3183905.0
2013-05-22,277.123658007712,283.629332405024,276.491161885751,281.95773551127,3838636.0
2013-05-23,278.524185134911,279.066324668021,270.256557254994,271.295658026787,6411926.0
2013-05-24,275.316526230681,275.316526230681,266.2356890511,269.714417721885,2897762.0
2013-05-27,271.069766554658,280.918634739478,271.069766554658,279.337394434575,3168322.0
2013-05-28,280.647564972923,286.791813014828,280.105425439814,284.442541704688,2575984.0
2013-05-29,285.481642476481,285.70753394861,279.743999084407,284.623254882391,2063617.0
2013-05-30,276.762231652306,288.327875025305,276.762231652306,284.984681237797,2567220.0
2013-05-31,283.719688993876,286.02378200959,268.359068889112,272.831720037264,2965374.0
2013-06-03,273.147968098244,278.704898312614,269.624061133033,274.141890575611,1608555.0
2013-06-04,275.813487469365,278.75007660704,273.373859570373,274.864743286424,1309904.0
2013-06-05,276.220092119197,276.491161885751,271.16012314351,273.283502981521,4122132.0
2013-06-06,272.831720037264,273.238324687096,264.112309213089,266.642293700932,5912055.0
2013-06-07,264.835161923901,268.26871230026,259.052340237402,260.498045659027,4082684.0
2013-06-10,262.485890613761,263.299099913425,253.902014672863,256.386820866281,4452987.0
2013-06-11,254.398975911547,255.889859627597,247.802944925383,251.823813129278,8138375.0
2013-06-12,249.610076702415,254.534510794824,248.119192986364,250.965425535188,5215478.0
2013-06-13,248.661332519473,260.99500689771,248.661332519473,259.955906125917,4613514.0
2013-06-14,262.034107669503,264.157487507515,259.413766592808,261.537146430819,2580211.0
2013-06-17,261.537146430819,271.069766554658,261.537146430819,267.455503000596,3955786.0
2013-06-18,270.256557254994,272.379937093006,261.717859608523,263.796061152108,3410019.0
2013-06-19,263.841239446534,272.65100685956,263.841239446534,270.663161904826,3432738.0
2013-06-20,266.551937112081,266.551937112081,258.96198364855,260.949828603284,7118719.0
2013-06-21,260.949828603284,267.048898350764,258.284309232164,263.796061152108,5653537.0
2013-06-24,261.130541780988,262.937673558019,254.444154205973,256.115751099726,4783222.0
2013-06-25,257.064495282668,268.494603772389,253.133983667625,266.823006878635,4286337.0
2013-06-26,264.74480533505,265.648371223565,249.790789880118,250.920247240762,9111931.0
2013-06-27,258.329487526589,258.329487526589,251.191317007317,253.676123200734,5729066.0
2013-06-28,255.031472033508,265.738727812417,254.173084439418,263.615347974405,4067169.0
2013-07-01,263.615347974405,271.973332443174,263.073208441296,267.591037883874,3167392.0
2013-07-02,266.416402228803,276.174913824771,263.841239446534,273.644929336928,5035140.0
2013-07-03,272.876898331689,277.078479713287,255.528433272191,266.145332462249,4379599.0
2013-07-04,264.835161923901,274.322603753314,264.835161923901,272.108867326451,3076649.0
2013-07-05,275.22616964183,276.581518474603,264.564092157347,267.319968117319,1934909.0
2013-07-08,264.925518512753,278.027223896228,262.124464258355,265.286944868159,4546445.0
2013-07-09,266.190510756674,268.359068889112,262.124464258355,263.524991385554,2551185.0
2013-07-10,265.648371223565,265.648371223565,261.266076664265,262.124464258355,2815323.0
2013-07-11,264.74480533505,271.973332443174,264.74480533505,271.114944849084,2685299.0
2013-07-12,271.973332443174,277.349549479841,268.178355711409,276.039378941494,3406255.0
2013-07-15,274.774386697572,285.662355654184,272.922076626115,284.126293643708,3445497.0
2013-07-16,280.105425439814,292.348743229199,278.569363429337,290.135006802336,3778621.0
2013-07-17,293.658913767546,295.87265019441,282.002913805696,285.571999065333,6230190.0
2013-07-18,284.397363410262,293.658913767546,284.397363410262,292.439099818051,3459638.0
2013-07-19,292.484278112476,301.700650175335,287.695378903344,298.041208326847,5672291.0
2013-07-22,297.182820732757,304.772774196288,294.607657950488,303.688495130069,3536186.0
2013-07-23,304.004743191049,304.863130785139,297.137642438331,298.267099798976,2820493.0
2013-07-24,295.466045544578,306.308836206764,295.466045544578,304.863130785139,4353761.0
2013-07-25,304.501704429733,307.935254806092,301.068154053374,304.592061018584,4801747.0
2013-07-26,305.314913729397,307.167223800854,299.125487393065,304.682417607436,2644855.0
2013-07-29,304.501704429733,313.356650137185,299.532092042897,301.791006764186,5016522.0
2013-07-30,300.435657931413,301.655471880909,286.611099837125,290.135006802336,3205834.0
2013-07-31,283.719688993876,314.440929203404,283.087192871915,311.278448593599,13900401.0
2013-08-01,314.215037731275,319.862324534497,306.534727678893,310.148991232955,13362011.0
2013-08-02,310.103812938529,315.705921447325,306.399192795615,311.956123009986,6311866.0
2013-08-05,310.962200532619,312.995223781779,302.694572652702,303.914386602198,3410480.0
2013-08-06,305.314913729397,305.314913729397,287.379130842364,291.761425401664,5384370.0
2013-08-07,293.658913767546,300.435657931413,289.592867269227,294.788371128191,4227592.0
2013-08-08,295.375688955726,307.302758684131,292.755347879031,304.772774196288,4476081.0
2013-08-12,309.200247050014,311.233270299174,300.842262581245,308.838820694607,4605380.0
2013-08-13,305.405270318248,315.751099741751,301.42958040878,312.995223781779,3762623.0
2013-08-14,312.633797426373,317.874479579763,308.296681161498,310.194169527381,2959870.0
2013-08-16,313.356650137185,314.440929203404,299.803161809452,303.281890480237,8437789.0
2013-08-19,302.60421606385,302.649394358276,278.117580485079,286.972526192532,7218354.0
2013-08-20,281.008991328329,292.529456406902,272.289580504154,287.74055719777,6580724.0
2013-08-21,292.755347879031,293.252309117715,266.100154167823,269.940309194014,4869456.0
2013-08-22,269.262634777627,286.430386659422,267.274789822893,282.81612310536,5191133.0
2013-08-23,282.81612310536,283.67451069945,274.277425458888,279.156681256872,5727686.0
2013-08-26,279.29221614015,285.978603715165,275.587595997236,277.439906068693,2589277.0
2013-08-27,275.587595997236,277.168836302138,263.02803014687,265.558014634714,6246745.0
2013-08-28,264.74480533505,264.74480533505,252.275596073535,260.046262714769,4485234.0
2013-08-29,265.106231690456,271.882975854322,262.034107669503,270.482448727123,8530405.0
2013-08-30,272.876898331689,273.057611509392,262.124464258355,270.256557254994,5440350.0
2013-09-02,274.503316931017,274.503316931017,266.642293700932,271.340836321213,2555875.0
2013-09-03,276.491161885751,278.207937073931,255.709146449894,257.516278226925,4683710.0
2013-09-04,257.696991404628,270.346913843846,253.450231728606,268.539782066815,3419257.0
2013-09-05,273.780464220205,279.201859551298,265.648371223565,267.636216178299,7496830.0
2013-09-06,273.735285925779,287.153239370235,269.759596016311,283.493797521747,9339071.0
2013-09-10,292.755347879031,317.513053224356,290.586789746594,305.721518379229,12203818.0
2013-09-11,305.992588145783,311.59469665458,297.499068793737,302.784929241553,5684566.0
2013-09-12,306.128123029061,307.122045506428,293.252309117715,296.911750966202,3151266.0
2013-09-13,291.942138579367,300.209766459284,285.888247126313,294.336588183933,4860710.0
2013-09-16,297.273177321609,306.941332328725,295.466045544578,303.372247069088,3591045.0
2013-09-17,304.230634663178,307.935254806092,298.447812976679,304.772774196288,3314431.0
2013-09-18,307.212402095279,307.483471861834,301.384402114354,305.043843962842,2241487.0
2013-09-19,311.730231537857,324.154262504946,309.968278055252,320.133394301051,8538166.0
2013-09-20,320.133394301051,320.133394301051,308.206324572647,311.007378827045,10258650.0
2013-09-23,307.122045506428,307.483471861834,298.22192150455,302.830107535979,5286310.0
2013-09-24,302.60421606385,303.598138541217,296.911750966202,298.447812976679,5446352.0
2013-09-25,298.176743210124,306.218479617912,293.749270356398,303.598138541217,3314606.0
2013-09-26,304.953487373991,306.489549384467,297.453890499312,302.468681180573,5169378.0
2013-09-27,305.857053262506,305.857053262506,292.348743229199,293.929983534101,5038528.0
2013-09-30,290.767502924297,291.490355635109,281.95773551127,287.921270375473,5563497.0
2013-10-01,288.508588203008,293.026417645586,279.201859551298,291.490355635109,4194649.0
2013-10-03,290.767502924297,294.381766478359,281.008991328329,293.026417645586,5484088.0
2013-10-04,287.605022314492,300.164588164858,287.605022314492,296.685859494074,3760092.0
2013-10-07,292.077673462644,294.291409889507,288.59894479186,292.077673462644,2424524.0
2013-10-08,299.261022276343,302.333146297296,291.851781990515,300.074231576007,4026958.0
2013-10-09,301.519936997632,302.739750947128,291.987316873793,301.926541647464,5236197.0
2013-10-10,299.306200570769,303.869208307772,297.36353391046,300.797084286819,3310490.0
2013-10-11,303.281890480237,305.043843962842,299.757983515026,302.28796800287,2069825.0
2013-10-14,304.411347840881,305.857053262506,299.983874987155,300.977797464522,1675479.0
2013-10-15,303.598138541217,310.826665649342,301.791006764186,306.399192795615,4164374.0
2013-10-17,308.115967983795,316.248060980435,306.760619151022,315.028247030939,5863086.0
2013-10-18,316.248060980435,324.380153977074,315.11860361979,322.347130727915,4647912.0
2013-10-21,320.35928577318,324.877115215758,316.248060980435,318.913580351555,2339511.0
2013-10-22,316.699843924692,321.579099722676,315.796278036177,318.190727640743,2870020.0
2013-10-23,317.829301285337,320.675533834161,312.182014482115,314.305394320126,2405503.0
2013-10-24,315.344495091919,322.39230902234,314.305394320126,315.931812919454,3009362.0
2013-10-25,314.621642381107,315.434851680771,309.01953387231,310.374882705084,2354292.0
2013-10-28,310.826665649342,314.711998969958,304.592061018584,306.67026256217,2073537.0
2013-10-29,308.929177283459,311.639874949006,303.77885171892,308.296681161498,2270440.0
2013-10-30,307.664185039537,329.34976636391,301.971719941889,325.28371986559,19754366.0
2013-10-31,323.341053205282,334.771161695003,321.759812900379,331.69903767405,10451477.0
2013-11-01,329.801549308168,337.752929127104,327.361921409176,331.789394262902,5371490.0
2013-11-03,331.156898140941,333.41581286223,328.897983419652,330.072619074722,279832.0
2013-11-05,325.825859398699,330.253332252425,321.669456311528,324.922293510184,5387008.0
2013-11-06,325.554789632145,329.575657836039,318.778045468278,321.308029956122,5280322.0
2013-11-07,319.862324534497,323.928371032817,313.356650137185,314.666820675533,3359338.0
2013-11-08,312.678975720798,318.913580351555,309.787564877549,310.826665649342,3067373.0
2013-11-11,308.115967983795,313.08558037063,306.760619151022,308.115967983795,4320157.0
2013-11-12,307.890076511666,310.781487354916,303.643316835643,305.17937884612,2639867.0
2013-11-13,307.031688917576,307.212402095279,296.50514631637,300.435657931413,3225546.0
2013-11-14,302.739750947128,311.459161771302,302.739750947128,307.122045506428,2946084.0
2013-11-18,309.380960227717,313.537363314888,307.935254806092,311.956123009986,3642773.0
2013-11-19,313.08558037063,319.817146240071,312.678975720798,317.69376640206,4973412.0
2013-11-20,318.145549346317,319.003936940407,308.929177283459,311.188092004748,3844257.0
2013-11-21,308.070789689369,310.781487354916,304.140278074327,305.992588145783,2233529.0
2013-11-22,306.850975739873,313.447006726037,302.694572652702,303.507781952366,3294684.0
2013-11-25,306.715440856596,308.748464105756,298.176743210124,303.733673424495,3169334.0
2013-11-26,303.598138541217,307.709363333963,293.658913767546,295.511223839003,6197490.0
2013-11-27,296.369611433093,297.634603677015,287.830913786621,290.857859513148,6326212.0
2013-11-28,295.194975778023,295.285332366874,290.315719980039,292.393921523625,5808551.0
2013-11-29,295.375688955726,297.905673443569,292.484278112476,295.466045544578,6291678.0
2013-12-02,296.369611433093,303.236712185811,296.369611433093,300.526014520265,3457737.0
2013-12-03,299.983874987155,301.203688936651,297.815316854718,299.08030909864,2583335.0
2013-12-04,297.36353391046,304.275812957604,297.36353391046,300.209766459284,4038479.0
2013-12-05,305.405270318248,307.212402095279,301.791006764186,303.010820713682,8449237.0
2013-12-06,303.417425363514,303.598138541217,299.08030909864,300.345301342561,4292182.0
2013-12-09,310.826665649342,310.826665649342,302.333146297296,303.914386602198,5334287.0
2013-12-10,304.501704429733,308.341859455924,300.932619170097,302.920464124831,3083687.0
2013-12-11,305.992588145783,305.992588145783,294.833549422617,296.459968021945,2851626.0
2013-12-12,295.511223839003,296.821394377351,285.120216121075,292.393921523625,4083158.0
2013-12-13,293.929983534101,297.860495149144,288.689301380711,289.909115330207,4530682.0
2013-12-16,289.909115330207,292.303564934773,281.460774272587,283.132371166341,4481531.0
2013-12-17,283.855223877153,297.679781971441,283.855223877153,295.782293605558,4246097.0
2013-12-18,296.324433138667,299.983874987155,292.393921523625,296.143719960964,3601778.0
2013-12-19,294.652836244914,297.815316854718,287.876092081047,292.348743229199,3157436.0
2013-12-20,292.755347879031,298.086386621273,289.095906030543,296.279254844242,3431338.0
2013-12-23,296.279254844242,298.402634682253,294.246231595082,296.595502905222,2701290.0
2013-12-24,297.273177321609,299.893518398304,292.98123935116,294.246231595082,2395504.0
2013-12-26,295.149797483597,299.712805220601,292.710169584605,297.770138560292,5098718.0
2013-12-27,299.532092042897,299.532092042897,296.234076549816,297.453890499312,2529524.0
2013-12-30,297.589425382589,301.519936997632,297.273177321609,297.860495149144,3257682.0
2013-12-31,297.724960265866,301.158510642225,294.607657950488,298.402634682253,2108156.0
2014-01-01,299.08030909864,306.308836206764,298.357456387827,305.17937884612,1697629.0
2014-01-02,305.405270318248,306.308836206764,295.01426260032,297.002107555054,4755449.0
2014-01-03,296.369611433093,299.893518398304,292.800526173457,297.589425382589,4237118.0
2014-01-06,296.821394377351,298.764061037659,294.336588183933,297.589425382589,2437800.0
2014-01-07,298.628526154382,302.242789708444,295.01426260032,299.712805220601,3704661.0
2014-01-08,300.887440875671,301.791006764186,296.098541666538,300.345301342561,5683302.0
2014-01-09,300.345301342561,300.887440875671,295.691937016706,297.815316854718,3362087.0
2014-01-10,295.466045544578,301.022975758948,295.466045544578,298.673704448808,3413854.0
2014-01-13,298.176743210124,301.610293586483,297.318355616034,299.08030909864,2302991.0
2014-01-14,299.08030909864,299.983874987155,294.562479656062,296.324433138667,2230254.0
2014-01-15,298.086386621273,301.068154053374,297.453890499312,299.532092042897,2524252.0
2014-01-16,300.842262581245,300.842262581245,283.313084344044,285.120216121075,9471235.0
2014-01-17,285.526820770907,287.830913786621,276.71705335788,280.918634739478,5862244.0
2014-01-20,281.099347917181,282.635409927657,277.530262657544,278.795254901466,4702669.0
2014-01-21,281.008991328329,281.008991328329,273.464216159224,275.497239408384,7067976.0
2014-01-22,275.768309174939,281.731844039142,275.768309174939,279.879533967685,5363524.0
2014-01-23,279.201859551298,285.436464182055,276.852588241158,284.307006821411,4757394.0
2014-01-24,282.81612310536,284.397363410262,278.072402190654,282.951657988637,4558851.0
2014-01-27,278.207937073931,282.048092100122,274.548495225443,277.304371185415,5018364.0
2014-01-28,277.304371185415,279.653642495556,273.012433214967,276.491161885751,5189372.0
2014-01-29,280.105425439814,284.397363410262,271.928154148748,272.786541742838,7761126.0
2014-01-30,272.876898331689,280.692743267349,271.16012314351,278.885611490318,8481543.0
2014-01-31,280.105425439814,285.752712243036,279.29221614015,284.623254882391,3312518.0
2014-02-03,282.906479694212,282.906479694212,274.503316931017,276.355627002474,3630373.0
2014-02-04,273.690107631353,287.062882781383,270.572805315975,285.752712243036,6882938.0
2014-02-05,286.340030070571,287.062882781383,281.370417683735,283.99075876043,4594081.0
2014-02-06,284.171471938133,288.644123086285,282.364340161102,284.713611471243,6842879.0
2014-02-07,284.397363410262,287.559844020067,277.801332424099,285.120216121075,8313742.0
2014-02-10,284.442541704688,284.442541704688,275.858665763791,277.394727774267,9433701.0
2014-02-11,275.587595997236,277.439906068693,270.708340199252,275.22616964183,10065050.0
2014-02-12,275.677952586088,278.75007660704,272.560650270709,278.253115368357,6539715.0
2014-02-13,277.801332424099,280.195782028665,272.063689032025,273.690107631353,3311192.0
2014-02-14,274.68403010872,286.88216960368,272.876898331689,275.949022352642,12761731.0
2014-02-17,280.873456445052,280.918634739478,273.780464220205,275.271347936255,3485844.0
2014-02-18,277.394727774267,278.885611490318,270.572805315975,273.102789803818,6676786.0
2014-02-19,272.876898331689,276.220092119197,272.289580504154,273.373859570373,2293597.0
2014-02-20,274.68403010872,274.68403010872,267.591037883874,268.26871230026,4313306.0
2014-02-21,268.81085183337,269.624061133033,258.510200704293,260.362510775749,5639852.0
2014-02-24,261.943751080651,263.841239446534,254.715223972527,255.528433272191,6484211.0
2014-02-25,256.431999160707,261.491968136394,256.431999160707,259.413766592808,5313164.0
2014-02-26,259.549301476085,263.750882857683,257.606634815777,260.407689070175,7257494.0
2014-02-28,262.034107669503,264.157487507515,255.980216216449,259.865549537066,4542273.0
2014-03-03,262.395534024909,262.847316969167,257.606634815777,259.007161942976,3374224.0
2014-03-04,260.67875883673,262.847316969167,258.284309232164,259.639658064937,3795552.0
2014-03-05,262.395534024909,262.395534024909,254.715223972527,255.483254977765,7637920.0
2014-03-06,256.61271233841,258.871627059699,256.160929394152,258.284309232164,7491046.0
2014-03-07,260.226975892472,276.265270413623,259.82037124264,272.786541742838,12842274.0
2014-03-10,272.831720037264,280.015068850962,271.882975854322,275.723130880513,9133615.0
2014-03-11,277.168836302138,277.168836302138,269.98548748844,273.825642514631,4009342.0
2014-03-12,275.587595997236,277.394727774267,269.352991366479,271.205301437936,3709139.0
2014-03-13,271.973332443174,274.638851814295,269.262634777627,271.882975854322,2058471.0
2014-03-14,271.611906087768,273.147968098244,262.350355730484,266.551937112081,3784387.0
2014-03-18,268.81085183337,270.166200666143,265.37730145701,266.642293700932,3104006.0
2014-03-19,268.313890594686,272.786541742838,267.09407664519,270.798696788104,4696950.0
2014-03-20,270.211378960569,274.774386697572,266.551937112081,267.003720056338,3228869.0
2014-03-21,270.437270432697,271.069766554658,263.434634796702,264.247844096366,4551519.0
2014-03-22,264.293022390792,266.461580523229,264.293022390792,265.558014634714,170901.0
2014-03-24,266.551937112081,269.036743305498,264.021952624237,265.603192929139,4794591.0
2014-03-25,265.648371223565,267.816929356002,261.627503019671,266.416402228803,6894113.0
2014-03-26,267.907285944854,270.617983610401,266.551937112081,269.759596016311,7109047.0
2014-03-27,272.425115387432,285.075037826649,270.663161904826,280.737921561774,12908463.0
2014-03-28,281.008991328329,289.050727736117,279.743999084407,286.791813014828,5102919.0
2014-03-31,288.689301380711,295.646758722281,285.391285887629,287.108061075809,5887374.0
2014-04-01,287.333952547938,290.406076568891,281.912557216845,284.939502943372,2850369.0
2014-04-02,289.141084324969,296.821394377351,288.282696730879,294.426944772785,6040679.0
2014-04-03,297.002107555054,297.002107555054,288.644123086285,289.77358044693,4399722.0
2014-04-04,290.677146335445,290.948216102,284.623254882391,285.70753394861,2253884.0
2014-04-07,285.70753394861,288.870014558414,283.719688993876,286.836991309254,3334921.0
2014-04-09,287.469487431215,290.044650213484,286.520743248274,289.23144091382,3851685.0
2014-04-10,290.044650213484,293.433022295418,285.752712243036,288.91519285284,6311897.0
2014-04-11,287.333952547938,292.710169584605,285.662355654184,291.174107574129,5097557.0
2014-04-15,289.683223858078,298.53816956553,289.683223858078,293.884805239675,6342640.0
2014-04-16,294.562479656062,298.176743210124,290.496433157742,292.484278112476,2359506.0
2014-04-17,293.658913767546,295.375688955726,290.044650213484,294.15587500623,2505961.0
2014-04-21,294.562479656062,303.959564896623,293.975161828527,302.513859474999,2101270.0
2014-04-22,303.598138541217,305.089022257268,299.622448631749,302.920464124831,3608167.0
2014-04-23,302.920464124831,308.567750928053,302.28796800287,306.128123029061,9125576.0
2014-04-25,306.534727678893,312.182014482115,304.817952490713,308.748464105756,4735202.0
2014-04-28,307.52865015626,310.329704410658,302.513859474999,305.089022257268,1858182.0
2014-04-29,308.070789689369,308.658107516904,298.764061037659,302.694572652702,4399124.0
2014-04-30,306.579905973319,310.465239293935,292.168030051496,296.414789727519,5975894.0
2014-05-02,296.414789727519,299.577270337323,291.038572690851,294.201053300656,4217395.0
2014-05-05,293.658913767546,296.008185077687,287.876092081047,289.412154091524,2481756.0
2014-05-06,290.722324629871,291.851781990515,283.132371166341,284.53289829354,3626671.0
2014-05-07,284.171471938133,285.526820770907,275.813487469365,281.008991328329,5881938.0
2014-05-08,281.912557216845,284.894324648946,277.394727774267,278.298293662783,3641579.0
2014-05-09,278.298293662783,283.538975816173,277.846510718525,279.60846420113,4375852.0
2014-05-12,280.240960323091,288.870014558414,280.240960323091,286.927347898106,2842719.0
2014-05-13,290.180185096762,294.336588183933,284.307006821411,288.418231614156,5290041.0
2014-05-14,291.399999046258,293.658913767546,289.592867269227,292.032495168219,2746160.0
2014-05-15,294.020340122953,294.562479656062,287.74055719777,290.406076568891,3043188.0
2014-05-16,294.562479656062,312.633797426373,294.562479656062,298.854417626511,13790160.0
2014-05-19,300.797084286819,311.097735415896,300.25494475371,305.585983495951,4936531.0
2014-05-20,307.212402095279,316.157704391583,305.721518379229,314.034324553572,7716082.0
2014-05-21,314.440929203404,316.202882686009,303.327068774663,306.579905973319,3426688.0
2014-05-22,307.122045506428,307.664185039537,298.809239332085,300.526014520265,3796339.0
2014-05-23,301.42958040878,314.440929203404,301.42958040878,310.510417588361,6473546.0
2014-05-26,311.775409832283,315.389673386345,303.77885171892,306.760619151022,6230600.0
2014-05-27,307.212402095279,307.212402095279,300.887440875671,303.507781952366,3940154.0
2014-05-28,304.953487373991,310.826665649342,302.016898236315,308.658107516904,5422996.0
2014-05-29,309.200247050014,315.208960208642,303.14635559696,304.998665668416,7234338.0
2014-05-30,306.308836206764,313.447006726037,306.308836206764,310.917022238193,4357504.0
2014-06-02,311.730231537857,329.801549308168,308.341859455924,326.729425287215,6206400.0
2014-06-03,329.530479541613,330.84065007996,321.262851661696,325.464433043293,5846835.0
2014-06-04,325.28371986559,326.367998931809,316.83537880797,319.771967945645,5647351.0
2014-06-05,319.862324534497,325.28371986559,316.699843924692,320.946603600715,7345609.0
2014-06-06,325.103006687887,331.744215968476,317.513053224356,321.579099722676,6465082.0
2014-06-09,324.696402038055,328.446200475394,319.410541590239,322.030882666934,8547764.0
2014-06-10,327.587812881305,331.156898140941,321.895347783657,326.684246992789,8509462.0
2014-06-11,327.994417531137,329.801549308168,316.473952452564,321.082138483993,4873863.0
2014-06-12,317.15162686895,318.642510585001,306.896154034299,309.01953387231,6284102.0
2014-06-13,309.380960227717,310.374882705084,297.499068793737,301.158510642225,6190725.0
2014-06-16,300.435657931413,303.055999008108,296.324433138667,300.57119281469,4758027.0
2014-06-17,300.887440875671,307.393115272983,300.887440875671,305.631161790377,3946045.0
2014-06-18,304.501704429733,311.639874949006,303.914386602198,307.438293567408,5906866.0
2014-06-19,306.173301323487,311.549518360154,303.959564896623,305.540805201526,4307787.0
2014-06-20,303.688495130069,307.076867212002,301.158510642225,306.082944734635,2759406.0
2014-06-23,304.501704429733,310.510417588361,304.501704429733,308.612929222479,4394990.0
2014-06-24,309.923099760826,312.091657893263,306.082944734635,308.070789689369,3167113.0
2014-06-25,305.405270318248,306.037766440209,300.029053281581,304.501704429733,5673918.0
2014-06-26,303.14635559696,308.115967983795,302.830107535979,305.81187496808,4290862.0
2014-06-27,307.122045506428,307.122045506428,297.408712204886,299.712805220601,6287948.0
2014-06-30,299.983874987155,305.405270318248,299.983874987155,304.411347840881,4630050.0
2014-07-01,304.727595901862,308.793642400182,302.378324591721,303.14635559696,2116458.0
2014-07-02,305.134200551694,307.122045506428,303.643316835643,305.540805201526,2916022.0
2014-07-03,307.212402095279,309.200247050014,303.598138541217,304.456526135307,3681985.0
2014-07-04,308.341859455924,311.91094471556,304.908309079565,306.534727678893,4176636.0
2014-07-07,307.709363333963,313.447006726037,306.489549384467,311.233270299174,5556875.0
2014-07-08,311.278448593599,313.853611375869,305.224557140545,307.709363333963,3985510.0
2014-07-09,307.980433100518,311.549518360154,305.450448612674,308.567750928053,2626259.0
2014-07-10,310.826665649342,312.182014482115,297.273177321609,301.836185058612,5953186.0
2014-07-11,300.887440875671,304.411347840881,298.492991271105,303.14635559696,3805544.0
2014-07-14,300.932619170097,302.694572652702,295.104619189171,300.074231576007,3561550.0
2014-07-15,300.977797464522,303.191533891385,297.770138560292,302.28796800287,2515494.0
2014-07-16,300.887440875671,304.953487373991,298.176743210124,303.77885171892,4144501.0
2014-07-17,304.456526135307,307.031688917576,303.14635559696,304.140278074327,1445570.0
2014-07-18,303.236712185811,306.35401450119,301.881363353038,303.824030013346,1967395.0
2014-07-21,304.501704429733,307.212402095279,301.881363353038,304.682417607436,1516465.0
2014-07-22,307.212402095279,322.39230902234,307.212402095279,319.997859417774,9764963.0
2014-07-23,319.997859417774,322.301952433489,316.022169508306,320.178572595477,5063735.0
2014-07-24,319.862324534497,321.669456311528,317.287161752228,320.404464067606,2056370.0
2014-07-25,321.21767336727,323.386231499707,317.287161752228,320.585177245309,3126528.0
2014-07-28,322.121239255786,322.573022200043,317.332340046653,319.817146240071,3425122.0
2014-07-30,323.476588088559,338.204712071362,323.476588088559,337.165611299569,11240864.0
2014-07-31,337.933642304807,339.017921371026,334.364557045171,336.93971982744,8283452.999999999
2014-08-01,334.771161695003,349.770355444361,334.364557045171,343.400215930326,8426619.0
2014-08-04,345.659130651615,349.318572500103,337.030076416292,340.553983381502,6531410.0
2014-08-05,343.03878957492,343.535750813604,337.48185936055,338.611316721194,3093783.0
2014-08-06,338.837208193323,341.00576632576,330.117797369148,332.195998912734,5248913.0
2014-08-07,331.608681085199,335.177766344835,328.220309003265,330.52440201898,7103871.0
2014-08-08,328.762448536375,339.153456254303,326.413177226234,337.933642304807,5395955.0
2014-08-11,340.599161675928,343.355037635901,336.487936883183,340.14737873167,4166914.0
2014-08-12,342.903254691643,342.903254691643,333.235099684527,334.274200456319,3387181.0
2014-08-13,335.945797350073,341.547905858869,330.434045430128,333.054386506824,4585824.0
2014-08-14,332.467068679288,334.274200456319,328.17513070884,329.982262485871,2780421.0
2014-08-18,329.711192719316,340.192557026096,327.994417531137,340.011843848393,2650671.0
2014-08-19,339.153456254303,347.150014367666,339.153456254303,340.779874853631,4986528.0
2014-08-20,343.806820580158,348.731254672568,337.527037654975,338.430603543491,4358523.0
2014-08-21,336.668650060886,338.837208193323,332.87367332912,335.313301228112,2307848.0
2014-08-22,334.364557045171,336.487936883183,329.169053186207,329.891905897019,2814687.0
2014-08-25,331.518324496347,334.680805106151,329.801549308168,333.506169451081,2706905.0
2014-08-26,332.783316740269,339.469704315284,329.937084191445,333.957952395339,2540609.0
2014-08-27,333.867595806487,337.572215949401,330.298510546851,333.41581286223,3129970.0
2014-08-28,332.647781856992,337.210789593995,332.647781856992,334.138665573042,4315121.0
2014-09-01,334.319378750745,341.547905858869,334.183843867468,339.560060904135,3107500.0
2014-09-02,342.090045391979,356.456743019376,339.605239198561,353.836401942681,5981547.0
2014-09-03,352.752122876462,369.468091813999,352.752122876462,365.492401904531,12312188.0
2014-09-04,366.757394148453,368.60970421991,359.890293395735,365.492401904531,6055962.0
2014-09-05,366.441146087472,368.383812747781,357.360308907891,362.420277883578,2753511.0
2014-09-08,365.311688726828,368.203099570078,362.82688253341,364.814727488144,3216789.0
2014-09-09,361.245642228508,371.320401885456,361.155285639656,366.938107326156,3554074.0
2014-09-10,367.706138331394,372.088432890694,364.724370899293,368.428991042206,4638837.0
2014-09-11,368.428991042206,373.8503863733,363.323843772094,366.89292903173,7064825.0
2014-09-12,367.706138331394,375.521983267053,367.028463915007,374.076277845428,4162710.0
2014-09-15,370.95897553005,374.528060789686,368.790417397613,371.862541418565,3262018.0
2014-09-16,371.81736312414,377.283936749659,369.965053052683,372.540215834952,3913376.0
2014-09-17,375.88340962246,377.961611166045,372.314324362823,374.392525906409,3945705.0
2014-09-18,374.031099551003,378.594107288006,371.681828240862,375.793053033608,3283524.0
2014-09-19,375.431626678202,379.497673176522,369.693983286128,374.934665439518,3481287.0
2014-09-22,374.528060789686,377.780897988342,369.919874758257,375.115378617221,2150882.0
2014-09-23,374.979843733944,375.115378617221,366.350789498621,367.299533681562,1967045.0
2014-09-24,366.03454143764,369.106665458593,357.089239141337,364.272587955035,3131273.0
2014-09-25,364.317766249461,377.690541399491,360.839037578676,367.073642209433,5762594.0
2014-09-26,365.944184848789,369.332556930722,362.82688253341,365.989363143215,3621353.0
2014-09-29,364.905084076996,367.660960036968,361.064929050805,364.362944543887,2194904.0
2014-09-30,364.362944543887,369.513270108425,362.329921294727,366.124898026492,3738643.0
2014-10-01,365.040618960273,368.112742981226,362.962417416687,364.317766249461,4183952.0
2014-10-07,361.426355406211,366.441146087472,361.426355406211,364.498479427164,4891817.0
2014-10-08,361.426355406211,367.299533681562,358.806014329516,361.155285639656,6020242.0
2014-10-09,360.613146106547,368.60970421991,360.613146106547,365.899006554363,2861002.0
2014-10-10,362.194386411449,363.233487183242,352.842479465314,354.468898064642,2656346.0
2014-10-13,353.926758531532,355.598355425286,343.355037635901,353.791223648255,4218158.0
2014-10-14,354.739967831196,361.697425172766,354.739967831196,359.980649984586,2446930.0
2014-10-16,359.980649984586,363.459378655371,347.059657778814,350.719099627302,3873643.0
2014-10-17,352.390696521056,361.426355406211,352.390696521056,357.766913557723,4579166.0
2014-10-20,361.426355406211,364.453301132738,359.93547169016,362.962417416687,3290184.0
2014-10-21,364.950262371422,374.979843733944,364.769549193719,371.049332118901,4093622.0
2014-10-22,373.985921256577,374.979843733944,367.932029803523,369.965053052683,2572965.0
2014-10-23,371.365580179882,372.088432890694,368.203099570078,370.687905763495,147416.0
2014-10-27,371.455936768733,376.651440627698,371.410758474308,374.573239084112,2483615.0
2014-10-28,374.979843733944,374.979843733944,361.561890289488,368.383812747781,3071829.0
2014-10-29,371.365580179882,371.81736312414,364.408122838312,366.03454143764,2318074.0
2014-10-30,366.486324381898,370.462014291366,362.736525944559,368.203099570078,5752458.0
2014-10-31,372.449859246101,374.076277845428,357.902448441001,360.432432928844,15235707.0
2014-11-03,362.736525944559,364.905084076996,355.55317713086,357.58620038002,5172544.0
2014-11-05,360.522789517696,360.79385928425,345.659130651615,347.466262428646,10701361.0
2014-11-07,349.1378593224,354.333363181364,342.451471747385,353.158727526294,7472243.0
2014-11-10,354.197828298087,357.089239141337,348.686076378142,353.5201538817,3359013.0
2014-11-11,354.288184886938,355.462820542009,346.020557007021,347.872867078478,4153180.0
2014-11-12,347.285549250943,351.532308926966,346.517518245705,349.951068622064,2813945.0
2014-11-13,351.713022104669,354.152650003661,339.740774081838,353.20390582072,4637907.0
2014-11-14,350.176960094193,356.276029841673,349.679998855509,350.899812805005,2589236.0
2014-11-17,350.402851566322,356.908525963633,348.053580256181,355.282107364305,2082320.0
2014-11-18,356.004960075118,365.402045315679,353.294262409571,360.974572461953,7502325.0
2014-11-19,362.51063447243,368.474169336632,357.224774024614,363.007595711113,5714750.0
2014-11-20,363.6852701275,365.808649965511,355.146572481028,359.393332157051,2968833.0
2014-11-21,359.980649984586,363.504556949797,356.682634491505,362.82688253341,2871746.0
2014-11-24,362.329921294727,365.221332137976,357.902448441001,360.929394167528,2569167.0
2014-11-25,366.757394148453,368.474169336632,360.071006573438,364.679192604867,5803928.0
2014-11-26,363.594913538648,364.317766249461,353.791223648255,355.417642247583,3751109.0
2014-11-27,356.185673252821,356.185673252821,346.427161656853,348.234293433884,4778964.0
2014-11-28,348.776432966994,352.66176628761,342.587006630662,345.433239179486,5459500.0
2014-12-01,347.646975606349,348.324650022736,339.83113067069,341.367192681166,2862826.0
2014-12-02,341.231657797889,348.595719789291,340.779874853631,347.285549250943,3314665.0
2014-12-03,349.679998855509,349.99624691649,340.644339970354,341.909332214276,6746545.0
2014-12-04,343.355037635901,345.704308946041,332.602603562566,334.229022161894,5287286.0
2014-12-05,337.030076416292,339.51488260971,329.846727602593,332.331533796011,4345536.0
2014-12-08,331.608681085199,338.746851604471,331.156898140941,334.093487278616,3842163.0
2014-12-09,330.885828374386,336.352401999905,318.597332290575,319.997859417774,5885614.0
2014-12-10,325.28371986559,326.774603581641,315.028247030939,319.229828412536,5255721.0
2014-12-11,318.687688879427,323.024805144301,309.01953387231,310.194169527381,4516550.0
2014-12-12,311.775409832283,317.377518341079,311.775409832283,314.395750908978,3889039.0
2014-12-15,311.278448593599,317.558231518782,308.115967983795,316.202882686009,3400040.0
2014-12-16,313.537363314888,317.829301285337,308.115967983795,316.29323927486,3402781.0
2014-12-17,311.820588126709,315.751099741751,307.302758684131,309.064712166736,5479412.0
2014-12-18,310.962200532619,315.525208269622,310.42006099951,314.621642381107,4860053.0
2014-12-19,314.937890442087,315.208960208642,303.417425363514,310.013456349678,5042121.0
2014-12-22,311.685053243431,315.931812919454,310.826665649342,315.163781914216,3084702.0
2014-12-23,316.248060980435,322.121239255786,315.389673386345,320.946603600715,4616451.0
2014-12-24,322.93444855545,322.93444855545,316.699843924692,319.049115234833,5499222.0
2014-12-26,321.669456311528,322.301952433489,315.751099741751,320.133394301051,1158205.0
2014-12-29,318.958758645981,324.786758626906,316.248060980435,317.332340046653,1209977.0
2014-12-30,319.320185001387,319.862324534497,313.62771990374,316.022169508306,1023382.0
2014-12-31,316.067347802732,319.410541590239,316.067347802732,318.687688879427,2183671.0
2015-01-01,320.223750889903,329.711192719316,317.738944696485,327.904060942285,2217263.0
2015-01-02,328.717270241949,331.608681085199,327.090851642621,329.846727602593,2519814.0
2015-01-05,330.931006668812,330.931006668812,321.308029956122,322.527843905618,1446759.0
2015-01-06,321.759812900379,321.759812900379,314.80235555881,319.997859417774,3530178.0
2015-01-07,318.01001446304,323.476588088559,316.699843924692,320.765890423012,4415546.0
2015-01-08,322.166417550211,327.949239236711,319.094293529259,326.322820637383,6395881.0
2015-01-09,327.542634586879,329.711192719316,319.817146240071,321.488743133825,3453422.0
2015-01-12,321.398386544973,321.398386544973,313.62771990374,315.299316797493,2052141.0
2015-01-13,316.157704391583,318.32626252402,311.097735415896,312.904867192927,1445773.0
2015-01-14,313.492185020462,314.621642381107,311.413983476877,312.453084248669,3077986.0
2015-01-15,312.724154015224,318.597332290575,310.194169527381,315.6607431529,4475688.0
2015-01-16,313.537363314888,318.055192757466,306.399192795615,309.787564877549,8813544.0
2015-01-19,310.73630906049,318.32626252402,308.929177283459,316.654665630267,3050874.0
2015-01-20,316.654665630267,322.573022200043,314.486107497829,320.675533834161,2605572.0
2015-01-21,320.765890423012,334.319378750745,320.314107478755,333.41581286223,4553897.0
2015-01-22,337.346324477272,337.888464010382,326.322820637383,334.319378750745,2255707.0
2015-01-23,336.984898121866,350.357673271896,336.126510527776,347.059657778814,5650375.0
2015-01-27,345.794665534892,356.908525963633,344.800743057525,356.185673252821,4748323.0
2015-01-28,355.733890308563,357.541022085594,335.76508417237,337.572215949401,4047153.0
2015-01-29,338.65649501562,343.806820580158,328.039595825562,339.560060904135,6797437.0
2015-01-30,344.077890346713,344.077890346713,330.84065007996,337.662572538253,4875027.0
2015-02-02,334.319378750745,337.346324477272,322.121239255786,324.651223743629,3746754.0
2015-02-03,325.419254748867,337.933642304807,325.374076454442,335.719905877944,3823467.0
2015-02-04,338.837208193323,340.915409736909,329.801549308168,333.370634567804,4988487.0
2015-02-05,334.319378750745,336.036153938925,325.328898160016,329.530479541613,7443731.0
2015-02-06,329.711192719316,334.319378750745,324.380153977074,332.738138445843,2991270.0
2015-02-09,329.801549308168,330.434045430128,319.18465011811,321.759812900379,2731044.0
2015-02-10,321.036960189567,326.910138464918,318.958758645981,321.804991194805,6171167.0
2015-02-11,322.527843905618,325.871037693125,314.440929203404,321.759812900379,3144877.0
2015-02-12,324.380153977074,325.148184982313,315.615564858474,318.687688879427,3931238.0
2015-02-13,319.681611356794,322.121239255786,315.615564858474,320.765890423012,3044239.0
2015-02-16,318.958758645981,330.208153958,318.055192757466,326.503533815086,2123212.0
2015-02-18,328.039595825562,328.49137876982,316.699843924692,318.055192757466,3072179.0
2015-02-19,320.720712128587,323.838014443965,316.428774158138,322.301952433489,2755381.0
2015-02-20,320.765890423012,324.199440799371,314.666820675533,315.6607431529,3670043.0
2015-02-23,314.440929203404,317.061270280099,311.91094471556,313.808433081443,2172758.0
2015-02-24,312.724154015224,316.112526097157,307.302758684131,309.064712166736,6661135.0
2015-02-25,313.447006726037,316.699843924692,311.413983476877,314.983068736513,2598042.0
2015-02-26,316.248060980435,318.597332290575,312.859688898501,315.6607431529,4120409.0
2015-02-27,315.344495091919,323.566944677411,313.853611375869,320.946603600715,3344667.0
2015-02-28,321.985704372508,326.051750870828,318.145549346317,321.895347783657,1530831.0
2015-03-02,321.940526078083,327.994417531137,312.182014482115,315.389673386345,4163665.0
2015-03-03,316.248060980435,316.790200513544,310.555595882787,315.570386564048,2067018.0
2015-03-04,318.055192757466,323.838014443965,315.615564858474,317.377518341079,3329753.0
2015-03-05,317.513053224356,317.964836168614,310.871843943767,314.350572614552,3496176.0
2015-03-09,313.311471842759,313.311471842759,306.399192795615,310.329704410658,3446284.0
2015-03-10,309.064712166736,345.433239179486,307.890076511666,332.467068679288,11622814.0
2015-03-11,334.319378750745,356.004960075118,327.31674311475,351.984091871224,12904845.0
2015-03-12,351.893735282372,361.33599881736,349.725177149935,359.438510451477,16593635.0
2015-03-13,360.47761122327,363.865983305203,351.848556987946,361.65224687834,11404462.0
2015-03-16,361.33599881736,361.33599881736,348.957146144697,350.944991099431,14064935.0
2015-03-17,354.37854147579,354.559254653493,342.451471747385,349.273394205677,11859215.0
2015-03-18,348.686076378142,352.66176628761,344.710386468674,345.38806088506,4305526.0
2015-03-19,346.065735301447,347.827688784052,343.129146163772,345.116991118506,4178353.0
2015-03-20,344.258603524416,350.402851566322,341.186479503463,343.580929108029,6540065.0
2015-03-23,346.969301189963,352.300339932204,341.547905858869,346.291626773576,3196617.0
2015-03-24,344.981456235229,358.263874796407,344.800743057525,355.869425191841,7301973.0
2015-03-25,349.679998855509,359.122262390496,349.634820561083,356.908525963633,10251492.0
2015-03-26,352.390696521056,364.588836016015,352.390696521056,361.110107345231,11406895.0
2015-03-27,362.329921294727,365.492401904531,335.313301228112,340.192557026096,8433322.0
2015-03-30,343.355037635901,355.011037597751,341.186479503463,351.848556987946,4656455.0
2015-03-31,351.532308926966,357.541022085594,347.872867078478,355.372463953157,6047311.0
2015-04-01,355.372463953157,365.808649965511,355.146572481028,363.504556949797,5494883.0
2015-04-06,363.504556949797,369.648804991702,360.025828279012,362.149208117024,4348717.0
2015-04-07,363.233487183242,370.462014291366,357.992805029852,365.71829337666,4228563.0
2015-04-08,367.75131662582,382.072835958791,367.75131662582,378.729642171283,5761565.0
2015-04-09,378.774820465709,379.949456120779,366.170076320918,367.932029803523,4665113.0
2015-04-10,367.75131662582,373.985921256577,362.781704238984,372.223967773972,4599422.0
2015-04-13,369.648804991702,385.82263439613,368.654882514335,384.64799874106,3882509.0
2015-04-15,384.015502619099,384.015502619099,369.693983286128,375.115378617221,3500240.0
2015-04-16,376.018944505737,382.163192547642,374.48288249526,377.690541399491,3091097.0
2015-04-17,379.452494882096,383.744432852545,364.950262371422,366.802572442878,5556587.0
2015-04-20,364.85990578257,368.293456158929,360.296898045567,363.504556949797,3282831.0
2015-04-21,359.3029755682,370.416835996941,356.004960075118,359.890293395735,3889611.0
2015-04-22,358.715657740664,362.600991061281,353.474975587274,360.884215873102,4199482.0
2015-04-23,363.052774005539,364.046696482906,358.715657740664,361.290820522934,5744973.0
2015-04-24,361.426355406211,364.317766249461,356.863347669208,360.658324400973,7402536.0
2015-04-27,360.47761122327,364.769549193719,347.10483607324,353.294262409571,15164337.0
2015-04-28,351.48713063254,370.010231347109,346.427161656853,362.104029822598,5188517.0
2015-04-29,356.004960075118,363.6852701275,346.878944601111,349.99624691649,11248419.0
2015-04-30,350.086603505341,350.583564744025,335.945797350073,344.348960113268,8223433.000000001
2015-05-04,337.572215949401,356.095316663969,337.572215949401,355.011037597751,4528827.0
2015-05-05,354.197828298087,354.197828298087,345.613952357189,349.725177149935,2442992.0
2015-05-06,355.372463953157,365.944184848789,348.776432966994,352.571409698759,13587701.0
2015-05-07,352.300339932204,361.878138350469,348.189115139459,355.688712014137,7914843.0
2015-05-08,358.715657740664,361.426355406211,356.095316663969,359.574045334754,5742562.0
2015-05-11,358.715657740664,363.911161599629,356.637456197079,357.992805029852,4325644.0
2015-05-12,358.263874796407,360.839037578676,351.441952338115,353.791223648255,6246245.0
2015-05-13,357.812091852149,361.426355406211,343.987533757861,345.659130651615,5804576.0
2015-05-14,345.162169412932,354.37854147579,344.168246935564,348.776432966994,4943211.0
2015-05-15,350.583564744025,356.908525963633,349.679998855509,354.197828298087,3895796.0
2015-05-18,356.004960075118,361.245642228508,354.197828298087,359.122262390496,4385982.0
2015-05-19,360.432432928844,365.944184848789,356.998882552485,359.61922362918,5446018.0
2015-05-20,358.941549212793,364.905084076996,358.580122857387,361.923316644895,5088247.0
2015-05-21,362.329921294727,363.865983305203,355.55317713086,358.218696501981,2549715.0
2015-05-22,357.360308907891,360.251719751141,352.978014348591,356.818169374782,3235169.0
2015-05-25,356.818169374782,369.558448402851,354.468898064642,361.33599881736,5388695.0
2015-05-26,363.233487183242,367.706138331394,359.799936806883,361.923316644895,6289299.0
2015-05-27,361.561890289488,373.263068545765,361.561890289488,369.332556930722,5060958.0
2015-05-28,372.269146068397,372.946820484784,361.381177111785,364.137053071758,7227151.0
2015-05-29,363.911161599629,393.051161504255,363.504556949797,384.557642152209,67772622.0
2015-06-01,375.838231328034,380.356060770611,370.642727469069,376.425549155569,4260493.0
2015-06-02,379.813921237502,383.563719674841,372.946820484784,377.780897988342,4289191.0
2015-06-03,377.826076282768,382.208370842068,369.739161580554,380.130169298482,3654504.0
2015-06-04,379.949456120779,383.47336308599,374.076277845428,376.244835977866,3272393.0
2015-06-05,376.786975510975,381.621053014533,373.895564667725,375.521983267053,4981553.0
2015-06-08,377.103223571955,377.600184810639,368.700060808761,370.95897553005,2846903.0
2015-06-09,372.269146068397,372.269146068397,364.00151818848,368.60970421991,2715768.0
2015-06-10,370.281301113663,378.187502638174,368.745239103187,375.02502202837,3421211.0
2015-06-11,376.877332099827,377.419471632936,369.648804991702,370.95897553005,3095236.0
2015-06-12,371.455936768733,380.717487126018,368.248277864503,374.799130556241,2279478.0
2015-06-15,377.509828221787,378.051967754897,371.907719712991,373.760029784448,2347669.0
2015-06-16,373.217890251339,375.250913500499,369.693983286128,374.347347611983,3862175.0
2015-06-17,375.521983267053,383.563719674841,374.753952261815,381.575874720107,4384363.0
2015-06-18,377.780897988342,391.650634377056,373.985921256577,385.325673157447,6193856.0
2015-06-19,385.370851451873,395.12936304784,385.370851451873,392.147595615739,3377381.0
2015-06-22,392.960804915403,393.95472739277,382.660153786326,383.563719674841,3727397.0
2015-06-23,387.584587878736,392.328308793442,386.997270051201,388.804401828232,5237774.0
2015-06-24,387.629766173161,389.798324305599,382.524618903049,383.970324324673,2581489.0
2015-06-25,384.467285563357,388.081549117419,381.75658789781,385.551564629576,3941835.0
2015-06-26,385.280494863021,387.132804934478,377.012866983104,377.645363105065,2364501.0
2015-06-29,373.217890251339,375.88340962246,366.847750737304,373.985921256577,2879169.0
2015-06-30,377.283936749659,381.304804953553,374.076277845428,379.542851470947,4699479.0
2015-07-01,382.840866964029,387.132804934478,379.768742943076,383.518541380416,2831825.0
2015-07-02,386.726200284646,395.897394053078,384.467285563357,391.379564610501,4484423.0
2015-07-03,392.102417321313,395.581145992098,390.792246782966,393.141518093106,3583173.0
2015-07-06,388.985115005935,395.942572347504,388.307440589548,391.334386316075,2008978.0
2015-07-07,391.244029727224,394.045083981622,389.120649889212,390.204928955431,1181630.0
2015-07-08,387.53940958431,391.244029727224,382.389084019771,388.804401828232,2783268.0
2015-07-09,390.656711899688,400.189332023527,388.804401828232,392.057239026887,5622296.0
2015-07-10,393.95472739277,393.95472739277,377.37429333851,378.865177054561,5160538.0
2015-07-13,381.304804953553,385.732277807279,379.09106852669,382.840866964029,2497585.0
2015-07-14,382.840866964029,384.467285563357,380.401239065037,381.575874720107,1381107.0
2015-07-15,381.304804953553,385.641921218427,379.994634415205,382.163192547642,2151544.0
2015-07-16,384.376928974505,385.280494863021,378.955533643412,383.699254558119,2115917.0
2015-07-17,384.015502619099,388.533332061677,381.44033983683,384.783533624338,3097095.0
2015-07-20,384.105859207951,390.792246782966,384.105859207951,388.036370822993,2043087.0
2015-07-21,397.568990946832,408.818386258851,392.057239026887,402.312711861539,6000291.0
2015-07-22,399.827905668121,405.475192471343,395.626324286524,397.026851413723,2816791.0
2015-07-23,398.472556835348,398.608091718625,389.256184772489,391.153673138372,2361270.0
2015-07-24,391.650634377056,396.575068469465,388.668866944954,392.057239026887,1943504.0
2015-07-27,390.340463838708,391.966882438036,376.335192566717,377.645363105065,2312492.0
2015-07-28,378.594107288006,384.015502619099,369.648804991702,370.462014291366,3186387.0
2015-07-29,371.365580179882,379.452494882096,365.130975549125,377.37429333851,3456157.0
2015-07-30,377.37429333851,384.873890213189,372.811285601507,376.741797216549,3286614.0
2015-07-31,378.368215815877,385.054603390892,374.076277845428,378.413394110303,2904605.0
2015-08-03,379.497673176522,382.208370842068,377.193580160807,378.503750699155,1394032.0
2015-08-04,382.027657664365,384.919068507615,369.739161580554,373.398603429042,4611673.0
2015-08-05,384.919068507615,386.455130518091,375.657518150331,377.283936749659,5522516.0
2015-08-06,379.452494882096,381.304804953553,374.076277845428,374.979843733944,3624150.0
2015-08-07,375.88340962246,376.786975510975,370.552370880218,371.907719712991,3736249.0
2015-08-10,372.901642190358,375.386448383776,369.106665458593,370.642727469069,2683088.0
2015-08-11,371.365580179882,372.269146068397,363.911161599629,365.808649965511,2893339.0
2015-08-12,365.040618960273,366.57668097075,353.565332176126,360.251719751141,3745404.0
2015-08-13,365.944184848789,374.753952261815,340.779874853631,347.692153900775,7094136.0
2015-08-14,352.390696521056,358.534944562961,346.336805068002,356.998882552485,3255737.0
2015-08-17,357.812091852149,360.206541456715,349.002324439123,352.571409698759,1480738.0
2015-08-18,356.095316663969,357.541022085594,347.195192662092,348.369828317162,1763071.0
2015-08-19,348.776432966994,349.1378593224,336.93971982744,345.659130651615,3975219.0
2015-08-20,352.390696521056,354.197828298087,337.391502771698,343.355037635901,3997053.0
2015-08-21,337.843285715956,337.843285715956,323.928371032817,333.912774100913,5941186.0
2015-08-24,322.798913672172,331.292433024218,305.360092023823,314.711998969958,6690120.0
2015-08-25,316.745022219118,332.060464029456,300.435657931413,314.757177264384,7956259.0
2015-08-26,316.248060980435,317.061270280099,304.049921485475,306.489549384467,6868118.0
2015-08-27,313.989146259146,317.241983457802,309.380960227717,313.808433081443,7701455.0
2015-08-28,322.482665611192,329.66601442489,317.603409813208,327.542634586879,6139699.0
2015-08-31,329.801549308168,330.705115196683,316.248060980435,320.133394301051,7544391.0
2015-09-01,317.15162686895,320.404464067606,310.058634644103,312.091657893263,4019136.0
2015-09-02,314.440929203404,316.067347802732,306.986510623151,310.148991232955,6335896.0
2015-09-03,310.148991232955,314.395750908978,310.148991232955,313.311471842759,3312806.0
2015-09-04,311.730231537857,318.642510585001,309.245425344439,316.248060980435,4781577.0
2015-09-07,316.157704391583,316.157704391583,310.013456349678,313.62771990374,2612148.0
2015-09-08,315.344495091919,315.751099741751,306.489549384467,314.215037731275,2784226.0
2015-09-09,316.248060980435,330.434045430128,314.440929203404,320.314107478755,5744863.0
2015-09-10,318.506975701723,318.506975701723,312.633797426373,316.654665630267,3025672.0
2015-09-11,317.874479579763,319.817146240071,312.904867192927,315.073425325365,3023220.0
2015-09-14,316.157704391583,320.765890423012,312.76933230965,319.997859417774,2533452.0
2015-09-15,319.862324534497,319.862324534497,315.344495091919,317.15162686895,2128175.0
2015-09-16,317.603409813208,327.181208231473,317.603409813208,324.831936921332,2680583.0
2015-09-18,325.328898160016,327.949239236711,319.139471823684,322.482665611192,6113546.0
2015-09-21,319.862324534497,324.380153977074,317.513053224356,318.32626252402,2516964.0
2015-09-22,320.765890423012,320.765890423012,307.483471861834,310.645952471638,4108336.0
2015-09-23,307.212402095279,309.923099760826,303.824030013346,305.314913729397,3684193.0
2015-09-24,305.314913729397,305.947409851358,300.029053281581,300.842262581245,8983265.0
2015-09-28,300.074231576007,303.055999008108,292.213208345922,296.008185077687,4772473.0
2015-09-29,293.658913767546,295.285332366874,285.165394415501,291.535533929535,6422659.0
2015-09-30,298.176743210124,306.082944734635,293.658913767546,305.269735434971,6535770.0
2015-10-01,306.67026256217,307.619006745111,303.236712185811,306.715440856596,4590821.0
2015-10-05,308.929177283459,313.94396796472,306.534727678893,312.859688898501,5380357.0
2015-10-06,315.344495091919,316.790200513544,312.272371070966,315.208960208642,4155550.0
2015-10-07,315.208960208642,315.299316797493,307.52865015626,309.606851699846,3276629.0
2015-10-08,310.374882705084,312.362727659818,304.456526135307,308.612929222479,4299231.0
2015-10-09,310.826665649342,315.254138503068,310.148991232955,314.079502847997,5000251.0
2015-10-12,314.440929203404,318.145549346317,314.079502847997,315.796278036177,2200378.0
2015-10-13,317.241983457802,317.784122990911,309.787564877549,312.136836187689,2334312.0
2015-10-14,313.94396796472,316.383595863712,308.929177283459,312.904867192927,3121999.0
2015-10-15,314.440929203404,319.320185001387,310.826665649342,317.377518341079,4969702.0
2015-10-16,313.718076492591,318.461797407298,308.115967983795,315.931812919454,4144144.0
2015-10-19,318.958758645981,330.388867135703,312.633797426373,328.626913653097,3906153.0
2015-10-20,327.858882647859,331.608681085199,324.831936921332,326.955316759344,2332512.0
2015-10-21,328.943161714078,337.752929127104,328.807626830801,335.674727583519,3996821.0
2015-10-23,337.933642304807,338.566138426768,322.121239255786,324.470510565926,4012696.0
2015-10-26,329.801549308168,330.027440780297,313.401828431611,318.235905935169,6627337.0
2015-10-27,317.558231518782,320.494820656458,314.531285792255,318.642510585001,2573223.0
2015-10-28,318.32626252402,325.057828393461,317.15162686895,323.747657855114,3430973.0
2015-10-29,322.121239255786,324.334975682649,315.344495091919,321.127316778419,4110592.0
2015-10-30,318.958758645981,326.096929165254,311.323626888025,315.389673386345,3594643.0
2015-11-02,313.989146259146,317.784122990911,310.510417588361,316.383595863712,2574952.0
2015-11-03,317.196805163376,319.681611356794,312.543440837521,314.124681142423,1505969.0
2015-11-04,315.344495091919,316.519130746989,310.103812938529,312.995223781779,2174205.0
2015-11-05,310.239347821806,312.633797426373,301.881363353038,304.095099779901,3125170.0
2015-11-06,300.887440875671,309.155068755588,286.520743248274,306.489549384467,3040002.0
2015-11-09,301.836185058612,305.947409851358,289.818758741356,302.920464124831,3272247.0
2015-11-10,300.57119281469,303.327068774663,295.963006783261,299.667626926175,2182752.0
2015-11-11,301.791006764186,303.598138541217,298.176743210124,299.893518398304,139226.0
2015-11-13,293.704092061972,303.598138541217,293.704092061972,301.700650175335,2505836.0
2015-11-16,303.327068774663,306.579905973319,298.628526154382,303.372247069088,2431305.0
2015-11-17,304.049921485475,305.089022257268,299.08030909864,302.242789708444,1958494.0
2015-11-18,303.598138541217,309.155068755588,300.390479636987,301.74582846976,2241421.0
2015-11-19,302.830107535979,308.115967983795,300.164588164858,306.805797445447,1787205.0
2015-11-20,305.902231556932,311.142913710322,301.791006764186,308.432216044775,2087013.0
2015-11-23,308.658107516904,312.814510604076,304.456526135307,306.308836206764,1934436.0
2015-11-24,306.760619151022,312.362727659818,302.830107535979,308.612929222479,2597651.0
2015-11-26,309.01953387231,312.317549365392,307.257580389705,309.155068755588,7324230.0
2015-11-27,310.73630906049,311.504340065728,306.625084267744,309.200247050014,1315880.0
2015-11-30,309.923099760826,310.826665649342,301.068154053374,302.107254825167,6408570.0
2015-12-01,303.552960246792,303.552960246792,290.451254863316,291.625890518387,8163924.0
2015-12-02,293.929983534101,294.15587500623,285.933425420739,291.761425401664,6132838.0
2015-12-03,290.948216102,295.01426260032,287.785735492196,288.734479675137,3973225.0
2015-12-04,287.333952547938,291.399999046258,286.5659215427,290.315719980039,2651126.0
2015-12-07,290.315719980039,292.755347879031,287.921270375473,289.23144091382,2420069.0
2015-12-08,289.141084324969,289.547688974801,284.713611471243,287.198417664661,4137318.0
2015-12-09,286.656278131551,286.88216960368,278.388650251634,280.873456445052,4676095.0
2015-12-10,283.629332405024,284.126293643708,278.75007660704,282.49987504438,2109887.0
2015-12-11,284.623254882391,284.623254882391,277.846510718525,279.698820789982,2123322.0
2015-12-14,277.394727774267,281.008991328329,274.819564991998,276.626696769029,3448481.0
2015-12-15,276.626696769029,280.105425439814,275.22616964183,279.382572729001,2364423.0
2015-12-16,281.008991328329,290.903037807574,279.698820789982,289.457332385949,4134516.0
2015-12-17,290.044650213484,293.026417645586,289.186262619395,291.309642457406,3605149.0
2015-12-18,291.219285868555,292.213208345922,287.333952547938,288.282696730879,4095659.0
2015-12-21,288.644123086285,292.077673462644,286.430386659422,289.954293624633,2978983.0
2015-12-22,290.044650213484,295.737115311132,289.321797502672,292.032495168219,3339358.0
2015-12-23,294.562479656062,300.751905992393,292.936061056734,300.300123048136,3587112.0
2015-12-24,300.209766459284,306.986510623151,296.956929260628,305.81187496808,2576348.0
2015-12-28,304.727595901862,305.405270318248,298.176743210124,299.757983515026,3007130.0
2015-12-29,300.797084286819,303.824030013346,298.628526154382,302.920464124831,2513363.0
2015-12-30,306.308836206764,306.625084267744,300.029053281581,300.977797464522,1555673.0
2015-12-31,301.791006764186,308.793642400182,300.390479636987,307.573828450686,2952266.0
2016-01-01,307.167223800854,310.826665649342,305.089022257268,307.664185039537,1250268.0
2016-01-04,305.405270318248,306.263657912338,290.044650213484,295.285332366874,3152751.0
2016-01-05,295.466045544578,297.04728584948,290.044650213484,292.258386640347,2118958.0
2016-01-06,294.47212306721,300.435657931413,288.824836263988,291.128929279703,2414140.0
2016-01-07,289.954293624633,294.381766478359,286.068960304016,291.26446416298,2825774.0
2016-01-08,293.026417645586,293.613735473121,287.785735492196,292.619812995754,1801868.0
2016-01-11,290.044650213484,292.755347879031,284.352185115837,290.180185096762,2519730.0
2016-01-12,290.948216102,294.065518417378,283.35826263847,284.984681237797,2940261.0
2016-01-13,290.044650213484,291.445177340683,272.922076626115,278.840433195892,4546017.0
2016-01-14,277.304371185415,281.912557216845,271.521549498916,278.975968079169,3274522.0
2016-01-15,281.64148745029,281.64148745029,273.870820809056,276.581518474603,3219918.0
2016-01-18,278.117580485079,278.930789784743,265.512836340288,271.295658026787,4122977.0
2016-01-19,272.696185153986,282.273983572251,269.624061133033,280.376495206368,3341662.0
2016-01-20,278.75007660704,283.584154110598,273.599751042502,279.743999084407,5073820.0
2016-01-21,282.81612310536,283.177549460766,274.36778204774,279.472929317853,3084225.0
2016-01-22,281.099347917181,281.189704506032,263.434634796702,269.895130899588,5321085.0
2016-01-25,270.934231671381,271.928154148748,264.338200685218,268.81085183337,3136094.0
2016-01-27,268.81085183337,270.617983610401,263.660526268831,269.081921599924,5087567.0
2016-01-28,265.91944099012,267.319968117319,260.543223953452,263.299099913425,6381357.0
2016-01-29,261.491968136394,268.630138655666,255.076650327933,261.943751080651,6645497.0
2016-02-01,264.021952624237,269.262634777627,263.118386735722,267.997642533706,3988413.0
2016-02-02,267.997642533706,274.68403010872,267.184433234042,273.057611509392,4333890.0
2016-02-03,271.702262676619,272.696185153986,267.591037883874,270.889053376955,4716217.0
2016-02-04,274.503316931017,276.310448708048,272.515471976283,274.909921580849,3074313.0
2016-02-05,272.967254920541,278.75007660704,272.922076626115,277.57544095197,2385945.0
2016-02-08,278.614541723763,283.267906049618,276.129735530345,281.008991328329,2481260.0
2016-02-09,279.201859551298,283.67451069945,277.394727774267,282.138448688974,2835306.0
2016-02-10,281.008991328329,284.578076587965,278.75007660704,281.280061094884,9174821.0
2016-02-11,275.587595997236,285.075037826649,275.090634758552,278.930789784743,5876839.0
2016-02-12,282.364340161102,298.176743210124,277.846510718525,293.252309117715,3649561.0
2016-02-15,296.866572671777,298.086386621273,285.933425420739,288.147161847602,5061087.0
2016-02-16,291.26446416298,293.568557178695,283.493797521747,284.894324648946,2623523.0
2016-02-17,283.267906049618,290.586789746594,278.840433195892,288.734479675137,3582126.0
2016-02-18,291.851781990515,291.942138579367,285.571999065333,290.225363391188,2315365.0
2016-02-19,289.592867269227,296.324433138667,286.204495187293,294.607657950488,5373117.0
2016-02-22,293.207130823289,302.60421606385,290.948216102,297.36353391046,3113993.0
2016-02-23,300.887440875671,300.887440875671,287.424309136789,290.315719980039,4900675.0
2016-02-24,287.469487431215,294.15587500623,287.017704486957,292.710169584605,2274192.0
2016-02-25,293.613735473121,294.065518417378,287.333952547938,291.445177340683,8613286.0
2016-02-26,293.523378884269,293.523378884269,286.430386659422,287.288774253512,6367019.0
2016-02-29,286.430386659422,291.26446416298,282.861301399786,285.075037826649,3594778.0
2016-03-01,285.120216121075,291.219285868555,280.331316911942,289.77358044693,4353551.0
2016-03-02,290.948216102,296.143719960964,290.044650213484,294.878727717042,2964861.0
2016-03-03,296.731037788499,302.649394358276,292.755347879031,301.248867231077,2942607.0
2016-03-04,299.983874987155,304.185456368752,295.556402133429,297.499068793737,1953836.0
2016-03-08,297.724960265866,301.791006764186,295.240154072449,299.532092042897,2157320.0
2016-03-09,297.318355616034,303.46260365794,296.640681199648,302.333146297296,3091469.0
2016-03-10,300.029053281581,306.037766440209,299.08030909864,303.869208307772,1656083.0
2016-03-11,302.694572652702,306.128123029061,301.791006764186,304.727595901862,2720156.0
2016-03-14,302.830107535979,309.01953387231,299.803161809452,307.890076511666,2373050.0
2016-03-15,307.212402095279,311.278448593599,303.598138541217,309.832743171974,2081414.0
2016-03-16,308.341859455924,311.549518360154,303.055999008108,305.857053262506,3931205.0
2016-03-17,308.38703775035,317.784122990911,305.450448612674,307.890076511666,6449118.0
2016-03-18,312.453084248669,314.666820675533,307.257580389705,311.097735415896,3561683.0
2016-03-21,311.730231537857,320.765890423012,310.103812938529,319.546076473516,2535611.0
2016-03-22,320.675533834161,322.301952433489,311.413983476877,317.061270280099,3988349.0
2016-03-23,318.055192757466,326.548712109512,318.055192757466,323.657301266262,4611410.0
2016-03-28,324.289797388223,326.187285754106,313.401828431611,316.067347802732,4173356.0
2016-03-29,313.537363314888,323.25069661643,312.678975720798,320.314107478755,3671058.0
2016-03-30,320.765890423012,324.606045449203,317.241983457802,319.681611356794,3811564.0
2016-03-31,319.410541590239,322.256774139063,313.130758665056,316.970913691247,7144216.0
2016-04-01,316.428774158138,316.428774158138,300.164588164858,303.101177302534,4071134.0
2016-04-04,303.191533891385,317.061270280099,303.191533891385,314.892712147661,3095605.0
2016-04-05,313.08558037063,313.08558037063,297.318355616034,298.628526154382,4767509.0
2016-04-06,301.294045525503,306.805797445447,299.577270337323,302.242789708444,2737206.0
2016-04-07,303.688495130069,303.869208307772,297.499068793737,299.306200570769,2177209.0
2016-04-08,299.938696692729,304.863130785139,294.201053300656,302.333146297296,2090508.0
2016-04-11,308.522572633627,316.248060980435,308.115967983795,314.666820675533,4077524.0
2016-04-12,314.621642381107,318.506975701723,310.962200532619,316.338417569286,2784511.0
2016-04-13,317.196805163376,329.34976636391,315.886634625028,317.377518341079,5961256.0
2016-04-18,320.811068717438,327.994417531137,318.235905935169,324.741580332481,2549108.0
2016-04-20,328.897983419652,329.214231480633,319.952681123348,322.256774139063,2929869.0
2016-04-21,323.341053205282,324.380153977074,317.15162686895,322.798913672172,1999186.0
2016-04-22,317.15162686895,323.431409794133,316.022169508306,319.049115234833,1315980.0
2016-04-25,320.133394301051,328.897983419652,320.133394301051,324.334975682649,3092288.0
2016-04-26,322.979626849875,328.717270241949,321.127316778419,325.645146220996,2348466.0
2016-04-27,329.801549308168,344.620029879822,327.226386525898,337.075254710718,7767551.0
2016-04-28,346.472339951279,347.872867078478,334.771161695003,336.759006649737,9027610.0
2016-04-29,335.990975644499,336.668650060886,325.735502809848,328.536557064246,4876927.0
2016-05-02,327.994417531137,329.34976636391,322.030882666934,323.295874910856,1572749.0
2016-05-03,323.476588088559,334.771161695003,323.476588088559,332.828495034695,3919783.0
2016-05-04,330.659936902257,333.641704334359,324.651223743629,326.593890403937,1697313.0
2016-05-05,327.542634586879,330.705115196683,317.738944696485,320.223750889903,2140529.0
2016-05-06,322.573022200043,329.304588069484,320.223750889903,324.470510565926,2880488.0
2016-05-09,325.509611337719,332.421890384863,323.657301266262,331.427967907496,1866271.0
2016-05-10,332.060464029456,333.686882628784,325.59996792657,333.280277978952,2642844.0
2016-05-11,329.34976636391,341.050944620186,322.573022200043,324.289797388223,4791361.0
2016-05-12,327.994417531137,328.49137876982,321.398386544973,327.181208231473,2905943.0
2016-05-13,327.090851642621,327.090851642621,318.958758645981,320.675533834161,3610466.0
2016-05-16,320.765890423012,321.804991194805,309.787564877549,319.365363295813,2700321.0
2016-05-17,321.669456311528,324.380153977074,314.983068736513,317.332340046653,2478092.0
2016-05-18,316.248060980435,318.597332290575,313.763254787017,317.377518341079,2182531.0
2016-05-19,317.377518341079,318.778045468278,310.284526116232,311.549518360154,2470460.0
2016-05-20,312.543440837521,313.08558037063,306.579905973319,308.974355577885,3784752.0
2016-05-23,313.266293548333,315.11860361979,308.567750928053,312.498262543095,1660748.0
2016-05-24,312.543440837521,313.492185020462,308.838820694607,311.865766421134,2067119.0
2016-05-25,313.62771990374,318.506975701723,313.537363314888,317.738944696485,1944422.0
2016-05-26,318.055192757466,321.669456311528,314.215037731275,318.823223762704,4752719.0
2016-05-27,318.913580351555,323.115161733153,315.841456330603,317.377518341079,2772151.0
2016-05-30,319.049115234833,322.753735377746,318.281084229595,321.579099722676,2564704.0
2016-05-31,322.482665611192,322.573022200043,313.672898198165,317.513053224356,21884214.0
2016-06-01,319.455719884665,329.214231480633,318.32626252402,328.220309003265,2777337.0
2016-06-02,326.503533815086,332.512246973714,325.103006687887,330.885828374386,2347471.0
2016-06-03,329.801549308168,330.434045430128,321.082138483993,323.612122971836,3314283.0
2016-06-06,322.573022200043,324.4253322715,313.718076492591,315.11860361979,4744743.0
2016-06-07,315.11860361979,318.145549346317,313.808433081443,315.480029975196,4022603.0
2016-06-08,321.308029956122,323.702479560688,317.69376640206,318.642510585001,2391937.0
2016-06-09,321.21767336727,322.030882666934,316.067347802732,317.377518341079,1396930.0
2016-06-10,315.97699121388,319.455719884665,314.079502847997,317.241983457802,1965285.0
2016-06-13,314.711998969958,316.699843924692,308.612929222479,309.380960227717,1965043.0
2016-06-14,310.103812938529,311.278448593599,304.817952490713,309.606851699846,3026950.0
2016-06-15,314.440929203404,318.823223762704,313.537363314888,317.964836168614,2937711.0
2016-06-16,317.648588107634,318.01001446304,308.341859455924,313.08558037063,2355893.0
2016-06-17,314.440929203404,324.289797388223,311.233270299174,322.573022200043,5039991.0
2016-06-20,321.669456311528,330.705115196683,319.681611356794,329.34976636391,2889376.0
2016-06-21,327.31674311475,329.530479541613,325.419254748867,327.271564820324,1455994.0
2016-06-22,328.852805125226,331.608681085199,326.051750870828,328.039595825562,2162737.0
2016-06-23,329.530479541613,330.479223724554,327.090851642621,329.620836130465,1266933.0
2016-06-24,322.573022200043,325.28371986559,315.073425325365,321.533921428251,2203750.0
2016-06-27,319.862324534497,323.431409794133,316.022169508306,317.287161752228,2430919.0
2016-06-28,318.371440818446,323.928371032817,317.874479579763,322.663378788895,3191711.0
2016-06-29,323.928371032817,325.554789632145,320.088216006626,321.850169489231,2225253.0
2016-06-30,323.476588088559,334.319378750745,321.172495072844,331.427967907496,3674149.0
2016-07-01,330.52440201898,336.894541533015,327.678169470156,332.828495034695,2620663.0
2016-07-04,334.816339989429,339.650417492987,333.325456273378,337.346324477272,1672423.0
2016-07-05,337.933642304807,337.933642304807,328.536557064246,330.614758607832,1405904.0
2016-07-07,329.801549308168,335.494014405815,327.678169470156,328.310665592117,2348712.0
2016-07-08,325.961394281977,327.31674311475,318.958758645981,320.811068717438,1574377.0
2016-07-11,330.614758607832,330.614758607832,323.521766382985,325.148184982313,2196825.0
2016-07-12,327.452277998027,329.34976636391,325.28371986559,328.265487297691,1201581.0
2016-07-13,330.614758607832,330.659936902257,324.470510565926,328.626913653097,1450574.0
2016-07-14,328.536557064246,332.24117720716,326.955316759344,331.563502790773,989099.0
2016-07-15,330.162975663574,343.309859341475,330.162975663574,342.361115158533,2536815.0
2016-07-18,343.083967869346,343.355037635901,326.232464048531,327.678169470156,3238034.0
2016-07-19,324.4253322715,332.692960151417,323.115161733153,329.169053186207,3201786.0
2016-07-20,329.078696597355,331.563502790773,326.503533815086,328.355843886543,2564180.0
2016-07-21,330.614758607832,334.048308984191,327.542634586879,332.376712090437,1981372.0
2016-07-22,332.512246973714,334.138665573042,328.988340008504,331.924929146179,2307181.0
2016-07-25,328.897983419652,336.849363238589,328.084774119988,336.081332233351,1668016.0
2016-07-26,334.319378750745,336.984898121866,331.473146201921,334.183843867468,1678667.0
2016-07-27,334.951874872706,340.870231442483,332.87367332912,336.62347176646,2337156.0
2016-07-28,344.981456235229,344.981456235229,328.536557064246,336.036153938925,7405226.0
2016-07-29,336.036153938925,336.036153938925,325.690324515422,327.136029937047,3765474.0
2016-08-01,328.401022180969,331.608681085199,327.181208231473,328.897983419652,1599986.0
2016-08-02,327.000495053769,329.620836130465,321.353208250547,323.295874910856,3206029.0
2016-08-03,324.515688860352,325.645146220996,319.18465011811,324.244619093797,2245459.0
2016-08-04,325.103006687887,333.189921390101,319.003936940407,330.931006668812,2975193.0
2016-08-05,331.789394262902,335.674727583519,324.877115215758,328.897983419652,3838729.0
2016-08-08,327.994417531137,329.711192719316,315.615564858474,317.648588107634,4841846.0
2016-08-09,318.86840205713,320.811068717438,311.504340065728,315.751099741751,5168298.0
2016-08-10,317.15162686895,319.320185001387,311.730231537857,313.040402076205,1535903.0
2016-08-11,312.859688898501,313.311471842759,309.01953387231,312.950045487353,2485709.0
2016-08-12,311.05255712147,315.344495091919,310.917022238193,314.260216025701,2356815.0
2016-08-16,314.892712147661,317.467874929931,306.941332328725,309.426138522142,3742897.0
2016-08-17,310.374882705084,315.796278036177,310.374882705084,312.317549365392,3222433.0
2016-08-18,314.80235555881,319.771967945645,313.401828431611,319.094293529259,1886760.0
2016-08-19,319.862324534497,320.765890423012,313.808433081443,317.513053224356,1708149.0
2016-08-22,317.15162686895,318.958758645981,312.724154015224,316.428774158138,886465.0
2016-08-23,314.440929203404,321.127316778419,311.459161771302,319.636433062368,2295101.0
2016-08-24,319.862324534497,323.792836149539,316.248060980435,318.597332290575,1631250.0
2016-08-25,317.377518341079,319.862324534497,310.917022238193,312.633797426373,3229352.0
2016-08-26,313.989146259146,314.531285792255,308.612929222479,310.781487354916,1127246.0
2016-08-29,310.374882705084,314.215037731275,302.920464124831,309.56167340542,2549031.0
2016-08-30,309.697208288697,310.917022238193,297.04728584948,299.848340103878,4044189.0
2016-08-31,300.209766459284,304.411347840881,297.137642438331,299.667626926175,6401848.0
2016-09-01,298.176743210124,300.300123048136,272.425115387432,280.873456445052,35411027.0
2016-09-02,278.43382854606,289.999471919059,276.942944830009,288.147161847602,15330612.0
2016-09-06,288.147161847602,291.671068812812,282.49987504438,290.496433157742,7067529.0
2016-09-07,287.785735492196,291.309642457406,285.617177359758,289.276619208246,3414495.0
2016-09-08,289.276619208246,295.646758722281,288.237518436453,293.116774234437,3442329.0
2016-09-09,292.303564934773,295.240154072449,287.650200608918,291.038572690851,2956745.0
2016-09-12,287.243595959086,290.903037807574,283.810045582727,287.379130842364,3149855.0
2016-09-14,286.520743248274,292.077673462644,286.520743248274,289.005549441692,2004656.0
2016-09-15,288.282696730879,293.658913767546,286.340030070571,291.580712223961,2074012.0
2016-09-16,291.038572690851,295.01426260032,290.135006802336,292.393921523625,3230892.0
2016-09-19,291.851781990515,293.658913767546,290.08982850791,292.890882762308,1529681.0
2016-09-20,292.755347879031,292.755347879031,287.062882781383,288.418231614156,2739997.0
2016-09-21,289.502510680375,291.851781990515,288.05680525875,290.812681218723,1663305.0
2016-09-22,292.393921523625,296.324433138667,291.535533929535,295.466045544578,1480515.0
2016-09-23,294.562479656062,298.176743210124,292.755347879031,295.420867250152,2135834.0
2016-09-26,294.562479656062,297.002107555054,288.327875025305,289.457332385949,2155103.0
2016-09-27,290.857859513148,290.857859513148,283.764867288302,284.442541704688,2244406.0
2016-09-28,283.313084344044,292.258386640347,281.099347917181,290.722324629871,2941322.0
2016-09-29,291.399999046258,292.484278112476,283.810045582727,285.255751004352,6256119.0
2016-09-30,285.300929298778,285.978603715165,278.388650251634,283.719688993876,5727632.0
2016-10-03,283.719688993876,289.141084324969,283.719688993876,287.966448669899,1507552.0
2016-10-04,286.88216960368,293.523378884269,285.617177359758,292.755347879031,2621167.0
2016-10-05,290.948216102,294.698014539339,289.683223858078,290.677146335445,1297532.0
2016-10-06,293.613735473121,293.884805239675,288.327875025305,291.219285868555,1569393.0
2016-10-07,291.490355635109,293.161952528863,286.611099837125,288.644123086285,1331294.0
2016-10-10,287.424309136789,289.050727736117,284.623254882391,285.436464182055,2421849.0
2016-10-13,282.770944810934,283.629332405024,276.039378941494,277.168836302138,3100457.0
2016-10-14,278.207937073931,278.207937073931,273.238324687096,275.949022352642,4894941.0
2016-10-17,275.949022352642,276.355627002474,267.681394472725,272.244402209728,3406493.0
2016-10-18,272.876898331689,278.298293662783,268.404247183538,277.078479713287,4599085.0
2016-10-19,277.078479713287,279.60846420113,274.68403010872,277.349549479841,4572957.0
2016-10-20,277.485084363119,280.557208384071,275.587595997236,279.29221614015,4768039.0
2016-10-21,281.370417683735,281.370417683735,276.129735530345,279.879533967685,2129413.0
2016-10-24,276.807409946732,278.298293662783,274.36778204774,277.078479713287,1969377.0
2016-10-25,274.232247164463,282.273983572251,272.605828565135,281.731844039142,3627374.0
2016-10-26,284.623254882391,291.761425401664,284.442541704688,287.062882781383,5893311.0
2016-10-27,284.216650232559,294.246231595082,283.35826263847,291.942138579367,5061205.0
2016-10-28,291.80660369609,291.80660369609,287.559844020067,288.101983553176,1411617.0
2016-10-30,288.237518436453,290.496433157742,287.379130842364,287.966448669899,195586.0
2016-11-01,287.333952547938,289.77358044693,285.752712243036,286.836991309254,2161829.0
2016-11-02,285.075037826649,285.165394415501,278.885611490318,279.743999084407,2002267.0
2016-11-03,279.201859551298,284.939502943372,275.858665763791,279.156681256872,2693912.0
2016-11-04,279.879533967685,280.602386678497,274.729208403146,277.123658007712,2141519.0
2016-11-07,281.822200627993,281.822200627993,274.412960342166,276.129735530345,1664774.0
2016-11-08,277.033301418861,277.168836302138,271.973332443174,275.497239408384,1376855.0
2016-11-09,260.226975892472,275.587595997236,255.75432474432,271.973332443174,5110029.0
2016-11-10,275.587595997236,283.810045582727,274.006355692334,278.885611490318,2875894.0
2016-11-11,274.68403010872,278.253115368357,269.578882838608,272.33475879858,1699888.0
2016-11-15,273.780464220205,275.497239408384,265.648371223565,273.464216159224,2806881.0
2016-11-16,275.632774291662,281.32523938931,274.05153398676,279.789177378833,2475716.0
2016-11-17,281.370417683735,285.165394415501,266.687471995358,268.494603772389,3818257.0
2016-11-18,269.624061133033,275.090634758552,266.77782858421,274.458138636592,3281707.0
2016-11-21,275.045456464127,276.084557235919,268.765673538944,270.617983610401,1645883.0
2016-11-22,271.973332443174,275.994200647068,266.551937112081,274.638851814295,2998820.0
2016-11-23,275.994200647068,278.524185134911,270.30173554942,271.566727793342,1775708.0
2016-11-24,271.973332443174,275.316526230681,269.624061133033,273.238324687096,4321906.0
2016-11-25,273.690107631353,276.491161885751,269.849952605162,271.973332443174,1891865.0
2016-11-28,271.973332443174,290.225363391188,271.973332443174,288.05680525875,4403979.0
2016-11-29,289.863937035781,294.562479656062,286.249673481719,293.523378884269,4070382.0
2016-11-30,293.658913767546,295.285332366874,292.574634701328,293.29748741214,4500415.0
2016-12-01,292.755347879031,293.478200589843,283.313084344044,287.514665725641,6420823.0
2016-12-02,284.623254882391,290.315719980039,283.99075876043,287.876092081047,1654720.0
2016-12-05,286.88216960368,296.956929260628,286.88216960368,295.240154072449,2236218.0
2016-12-06,295.375688955726,299.938696692729,293.433022295418,297.137642438331,2832195.0
2016-12-07,297.905673443569,302.649394358276,293.749270356398,296.50514631637,2613278.0
2016-12-08,298.899595920937,301.791006764186,296.731037788499,300.390479636987,1857785.0
2016-12-09,301.926541647464,304.908309079565,297.36353391046,299.983874987155,2385084.0
2016-12-12,297.724960265866,298.176743210124,295.059440894746,297.408712204886,698605.0
2016-12-13,294.562479656062,299.035130804214,294.562479656062,298.176743210124,958820.0
2016-12-14,296.459968021945,297.950851737995,290.496433157742,291.490355635109,1335121.0
2016-12-15,289.863937035781,291.26446416298,286.88216960368,287.74055719777,2769795.0
2016-12-16,288.237518436453,288.779657969563,278.704898312614,280.331316911942,3967065.0
2016-12-19,280.46685179522,281.460774272587,274.774386697572,276.039378941494,3718597.0
2016-12-20,276.491161885751,277.168836302138,270.256557254994,273.373859570373,3241008.0
2016-12-21,274.774386697572,276.807409946732,271.069766554658,272.605828565135,2389833.0
2016-12-22,270.617983610401,271.928154148748,262.259999141632,264.067130918663,2844538.0
2016-12-23,266.913363467487,268.494603772389,263.073208441296,267.048898350764,1845279.0
2016-12-26,266.100154167823,268.359068889112,260.859472014433,267.545859589448,2451002.0
2016-12-27,267.455503000596,271.792619265471,263.073208441296,270.708340199252,2296599.0
2016-12-28,270.166200666143,273.870820809056,268.178355711409,270.617983610401,2613061.0
2016-12-29,272.33475879858,275.090634758552,268.81085183337,273.780464220205,3200839.0
2016-12-30,272.244402209728,277.485084363119,271.16012314351,276.174913824771,1761999.0
2017-01-02,273.870820809056,281.912557216845,273.870820809056,281.008991328329,1480996.0
2017-01-03,281.867378922419,283.67451069945,271.069766554658,275.090634758552,2961851.0
2017-01-04,273.238324687096,284.803968060094,270.30173554942,283.629332405024,5205848.0
2017-01-05,282.951657988637,291.851781990515,280.150603734239,290.135006802336,3846820.0
2017-01-06,288.373053319731,298.176743210124,287.605022314492,288.91519285284,2394583.0
2017-01-09,289.683223858078,290.406076568891,285.70753394861,287.288774253512,2374918.0
2017-01-10,288.237518436453,290.044650213484,286.475564953848,289.23144091382,953689.0
2017-01-11,290.135006802336,293.342665706566,288.05680525875,291.625890518387,2352071.0
2017-01-12,292.258386640347,293.975161828527,289.141084324969,290.767502924297,1514369.0
2017-01-13,291.309642457406,293.658913767546,285.526820770907,289.321797502672,2356032.0
2017-01-16,289.141084324969,292.213208345922,286.701456425977,287.876092081047,1686878.0
2017-01-17,288.147161847602,288.960371147266,286.520743248274,287.785735492196,1848476.0
2017-01-18,287.333952547938,288.05680525875,281.234882800458,283.629332405024,3307754.0
2017-01-19,283.719688993876,291.490355635109,281.008991328329,286.520743248274,2277346.0
2017-01-20,283.764867288302,295.917828488835,283.764867288302,289.638045563652,3411157.0
2017-01-23,290.044650213484,290.948216102,284.984681237797,288.824836263988,1789247.0
2017-01-24,287.333952547938,288.237518436453,284.307006821411,285.978603715165,2157238.0
2017-01-25,275.587595997236,284.352185115837,275.587595997236,281.32523938931,13456858.0
2017-01-27,280.376495206368,296.369611433093,280.376495206368,292.529456406902,3191346.0
2017-01-30,291.942138579367,334.274200456319,291.038572690851,312.317549365392,20946162.0
2017-01-31,315.389673386345,318.958758645981,309.968278055252,314.621642381107,10573672.0
2017-02-01,312.633797426373,316.157704391583,307.347936978557,311.820588126709,3698745.0
2017-02-02,311.730231537857,325.103006687887,311.05255712147,319.229828412536,6277232.0
2017-02-03,319.229828412536,327.090851642621,318.235905935169,319.681611356794,2399709.0
2017-02-06,319.862324534497,322.527843905618,318.642510585001,320.991781895141,1355896.0
2017-02-07,320.0430377122,324.199440799371,316.970913691247,319.094293529259,3660915.0
2017-02-08,320.765890423012,321.533921428251,313.447006726037,318.235905935169,4405681.0
2017-02-09,318.100371051892,322.573022200043,316.970913691247,320.991781895141,1842114.0
2017-02-10,322.573022200043,325.645146220996,320.811068717438,323.069983438727,1986275.0
2017-02-13,319.365363295813,325.28371986559,319.275006706962,323.521766382985,3306745.0
2017-02-14,323.024805144301,334.229022161894,320.765890423012,333.370634567804,4271242.0
2017-02-15,334.229022161894,336.578293472034,325.374076454442,330.072619074722,3582028.0
2017-02-16,326.45835552066,333.325456273378,325.554789632145,330.434045430128,3650069.0
2017-02-17,331.608681085199,336.307223705479,327.361921409176,333.867595806487,2299853.0
2017-02-20,334.454913634023,342.451471747385,334.454913634023,339.153456254303,3493398.0
2017-02-21,336.216867116628,341.457549270018,324.831936921332,327.858882647859,6334134.0
2017-02-22,327.904060942285,336.578293472034,324.470510565926,326.187285754106,6787592.0
2017-02-23,335.222944639261,362.329921294727,328.626913653097,330.931006668812,35600168.0
2017-02-27,331.608681085199,332.015285735031,318.552153996149,321.398386544973,9082281.0
2017-02-28,322.573022200043,337.120433005143,322.030882666934,329.937084191445,12156357.0
2017-03-01,333.009208212398,333.280277978952,326.593890403937,327.768526059008,3448583.0
2017-03-02,328.897983419652,330.705115196683,318.235905935169,322.437487316766,4197805.0
2017-03-03,322.437487316766,326.639068698363,319.229828412536,321.804991194805,3624580.0
2017-03-06,325.28371986559,328.897983419652,322.753735377746,326.639068698363,2976688.0
2017-03-07,326.187285754106,327.497456292453,321.985704372508,326.277642342957,2858176.0
2017-03-08,325.464433043293,328.988340008504,323.928371032817,325.916215987551,2725867.0
2017-03-09,325.148184982313,327.000495053769,322.256774139063,325.464433043293,1175441.0
2017-03-10,326.051750870828,331.156898140941,325.238541571164,329.711192719316,2090743.0
2017-03-14,330.705115196683,334.138665573042,324.018727621668,326.277642342957,5336687.0
2017-03-15,325.28371986559,330.84065007996,321.850169489231,328.17513070884,6660091.0
2017-03-16,328.897983419652,330.343688841277,324.470510565926,325.871037693125,2407103.0
2017-03-17,326.322820637383,327.994417531137,310.826665649342,313.401828431611,5748783.0
2017-03-20,312.633797426373,318.32626252402,306.534727678893,315.705921447325,4270022.0
2017-03-21,315.344495091919,317.874479579763,311.775409832283,316.157704391583,2263133.0
2017-03-22,313.537363314888,314.892712147661,294.381766478359,305.585983495951,8071204.0
2017-03-23,306.128123029061,308.748464105756,303.191533891385,305.857053262506,4291861.0
2017-03-24,308.477394339201,314.169859436849,305.585983495951,307.664185039537,4784560.0
2017-03-27,307.212402095279,308.883998989033,302.830107535979,306.037766440209,2895389.0
2017-03-28,308.025611394943,310.374882705084,305.947409851358,307.890076511666,2087407.0
2017-03-29,309.471316816568,312.995223781779,308.296681161498,311.59469665458,8855391.0
2017-03-30,311.59469665458,318.416619112872,309.200247050014,317.332340046653,3916104.0
2017-03-31,316.248060980435,318.32626252402,311.730231537857,316.29323927486,5215911.0
2017-04-03,312.633797426373,312.633797426373,303.824030013346,308.838820694607,6609750.0
2017-04-05,309.8779214664,313.763254787017,306.399192795615,311.278448593599,4230271.0
2017-04-06,309.923099760826,309.923099760826,305.043843962842,308.838820694607,2174170.0
2017-04-07,310.871843943767,316.654665630267,308.793642400182,311.459161771302,5720486.0
2017-04-10,314.711998969958,314.80235555881,309.064712166736,312.362727659818,1381119.0
2017-04-11,309.923099760826,321.443564839399,309.787564877549,316.428774158138,2097727.0
2017-04-12,313.537363314888,319.771967945645,312.046479598837,316.970913691247,2279495.0
2017-04-13,316.248060980435,319.410541590239,306.534727678893,307.438293567408,5907728.0
2017-04-17,309.742386583123,310.194169527381,305.766696673655,308.38703775035,1882937.0
2017-04-18,307.212402095279,310.239347821806,303.869208307772,306.128123029061,5561549.0
2017-04-19,306.67026256217,308.793642400182,300.661549403542,307.167223800854,2504964.0
2017-04-20,309.01953387231,310.645952471638,305.450448612674,309.697208288697,1890096.0
2017-04-21,309.01953387231,312.633797426373,307.483471861834,309.742386583123,1352040.0
2017-04-24,310.826665649342,313.040402076205,305.992588145783,311.413983476877,1340716.0
2017-04-25,309.923099760826,325.103006687887,308.477394339201,319.817146240071,4278330.0
2017-04-26,319.817146240071,325.28371986559,318.055192757466,323.069983438727,2949212.0
2017-04-27,320.088216006626,327.045673348195,319.636433062368,323.386231499707,4486798.0
2017-04-28,321.036960189567,323.386231499707,316.699843924692,321.21767336727,2690876.0
2017-05-02,321.21767336727,321.624278017102,313.266293548333,314.079502847997,2195524.0
2017-05-03,314.531285792255,316.248060980435,310.691130766064,312.950045487353,2358454.0
2017-05-04,313.266293548333,317.513053224356,310.555595882787,312.633797426373,1213003.0
2017-05-05,313.040402076205,315.344495091919,310.058634644103,311.504340065728,1539822.0
2017-05-08,311.504340065728,320.991781895141,311.097735415896,317.422696635505,2664070.0
2017-05-09,316.248060980435,317.15162686895,310.465239293935,311.956123009986,2817923.0
2017-05-10,304.049921485475,343.716463991307,304.049921485475,336.804184944163,24411321.0
2017-05-11,334.319378750745,335.087409755983,327.497456292453,330.705115196683,7263857.0
2017-05-12,327.31674311475,334.5904485173,326.639068698363,329.891905897019,3668575.0
2017-05-15,330.705115196683,334.274200456319,326.548712109512,329.033518302929,3724158.0
2017-05-16,330.614758607832,341.231657797889,330.208153958,338.249890365788,5858910.0
2017-05-17,335.403657816964,344.168246935564,335.403657816964,339.695595787413,5265901.0
2017-05-18,337.662572538253,344.800743057525,333.054386506824,334.997053167132,3319974.0
2017-05-19,337.030076416292,342.903254691643,332.647781856992,336.804184944163,5431034.0
2017-05-22,337.933642304807,342.090045391979,335.584370994667,336.62347176646,2737412.0
2017-05-23,336.171688822202,339.966665553967,335.222944639261,336.036153938925,5814307.0
2017-05-24,332.512246973714,337.030076416292,330.388867135703,332.828495034695,6943292.0
2017-05-25,331.608681085199,340.057022142819,325.961394281977,334.951874872706,14179868.0
2017-05-26,333.41581286223,343.761642285732,332.964029917972,337.572215949401,2858455.0
2017-05-29,338.566138426768,342.361115158533,332.421890384863,337.120433005143,1996158.0
2017-05-30,338.65649501562,340.463626792651,333.73206092321,334.951874872706,1958269.0
2017-05-31,337.933642304807,340.553983381502,332.55742526814,335.719905877944,15400633.0
2017-06-01,334.319378750745,337.391502771698,330.569580313406,331.518324496347,2223961.0
2017-06-02,335.042231461558,344.574851585397,334.138665573042,337.255967888421,5180320.0
2017-06-05,337.210789593995,341.367192681166,335.539192700241,336.487936883183,2332623.0
2017-06-06,334.319378750745,336.578293472034,331.608681085199,333.41581286223,3304788.0
2017-06-07,337.436681066124,339.063099665452,335.222944639261,336.849363238589,3882379.0
2017-06-08,336.984898121866,338.204712071362,331.337611318644,332.24117720716,3477533.0
2017-06-09,332.286355501585,335.313301228112,330.931006668812,332.331533796011,2888545.0
2017-06-12,331.518324496347,335.945797350073,328.49137876982,329.982262485871,2219230.0
2017-06-13,328.897983419652,332.964029917972,327.181208231473,328.17513070884,1133452.0
2017-06-14,328.446200475394,333.009208212398,326.684246992789,330.253332252425,2107709.0
2017-06-15,330.253332252425,334.771161695003,329.304588069484,330.072619074722,2544387.0
2017-06-16,330.705115196683,332.060464029456,325.825859398699,329.66601442489,4472274.0
2017-06-19,328.897983419652,333.189921390101,328.220309003265,332.060464029456,1701672.0
2017-06-20,333.189921390101,335.087409755983,330.479223724554,331.247254729792,2301754.0
2017-06-21,331.066541552089,332.692960151417,329.34976636391,331.879750851753,2654891.0
2017-06-22,332.286355501585,333.370634567804,327.542634586879,330.885828374386,6320827.0
2017-06-23,330.614758607832,333.009208212398,328.220309003265,330.885828374386,5120076.0
2017-06-27,329.801549308168,339.650417492987,329.801549308168,335.629549289093,3809540.0
2017-06-28,338.746851604471,344.845921351951,332.060464029456,340.825053148057,3794226.0
2017-06-29,341.322014386741,349.092681027974,341.276836092315,345.568774062764,4234116.0
2017-06-30,345.568774062764,346.878944601111,336.668650060886,343.083967869346,3269881.0
2017-07-03,344.665208174248,347.10483607324,340.463626792651,345.207347707357,1521063.0
2017-07-04,346.878944601111,346.878944601111,341.638262447721,342.72254151394,1655289.0
2017-07-05,340.644339970354,341.999688803127,337.346324477272,340.011843848393,2107618.0
2017-07-06,340.237735320522,345.93020041817,337.888464010382,344.529673290971,2162556.0
2017-07-07,346.969301189963,350.176960094193,346.065735301447,348.686076378142,4371065.0
2017-07-10,350.673921332876,370.597549174644,350.583564744025,366.57668097075,1901518.0
2017-07-11,365.17615384355,369.468091813999,355.507998836434,357.315130613465,5565524.0
2017-07-12,359.438510451477,363.504556949797,356.41156472495,358.806014329516,2608465.0
2017-07-13,363.459378655371,365.853828259937,360.251719751141,364.272587955035,2594966.0
2017-07-14,365.989363143215,369.197022047445,363.414200360945,367.75131662582,2184660.0
2017-07-17,370.010231347109,370.462014291366,366.802572442878,369.061487164167,2269037.0
2017-07-18,367.028463915007,388.533332061677,367.028463915007,368.92595228089,3640766.0
2017-07-19,370.462014291366,382.027657664365,367.977208097949,380.627130537166,4600139.0
2017-07-20,381.304804953553,383.563719674841,375.973766211311,379.316959998819,3069917.0
2017-07-21,376.786975510975,376.786975510975,363.775626716352,371.636649946437,10944639.0
2017-07-24,367.75131662582,381.75658789781,366.89292903173,379.542851470947,4889853.0
2017-07-25,381.892122781088,389.979037483302,378.277859227026,386.545487106943,6430068.0
2017-07-26,388.533332061677,388.578510356103,381.078913481424,385.144959979744,5195656.0
2017-07-27,384.919068507615,385.596742924001,371.772184829714,375.928587916885,13918157.0
2017-07-28,373.217890251339,375.431626678202,368.835595692038,373.443781723468,1748552.0
2017-07-31,374.979843733944,380.807843714869,370.462014291366,378.54892899358,2662076.0
2017-08-01,379.633208059799,382.208370842068,373.8503863733,376.832153805401,2206614.0
2017-08-02,380.26570418176,381.892122781088,372.946820484784,375.747874739182,1978308.0
2017-08-03,375.838231328034,384.105859207951,373.398603429042,383.292649908287,2535067.0
2017-08-04,382.524618903049,382.524618903049,371.907719712991,380.310882476186,2707432.0
2017-08-07,380.26570418176,381.846944486662,376.290014272292,377.193580160807,1170962.0
2017-08-08,377.238758455233,384.015502619099,374.16663443428,377.509828221787,1797460.0
2017-08-09,378.54892899358,378.54892899358,372.269146068397,375.928587916885,1226554.0
2017-08-10,375.070200322796,379.949456120779,372.540215834952,376.109301094588,1497110.0
2017-08-11,372.269146068397,377.690541399491,370.462014291366,374.573239084112,2287991.0
2017-08-14,373.172711956913,374.48288249526,366.079719732066,369.151843753019,2013666.0
2017-08-16,367.75131662582,371.455936768733,364.814727488144,368.428991042206,3768547.0
2017-08-17,371.365580179882,379.497673176522,366.802572442878,376.19965768344,2958725.0
2017-08-18,374.031099551003,381.666231308959,372.946820484784,380.401239065037,2759975.0
2017-08-21,382.6149754919,384.738355329912,377.238758455233,378.729642171283,1870782.0
2017-08-22,381.937301075514,384.015502619099,376.380370861143,381.395161542404,3115334.0
2017-08-23,383.337828202713,392.147595615739,383.292649908287,390.250107249856,4285266.0
2017-08-24,391.244029727224,392.463843676719,386.726200284646,391.198851432798,2499222.0
2017-08-28,392.147595615739,395.897394053078,388.71404523938,392.509021971145,2529369.0
2017-08-29,393.502944448512,393.502944448512,386.138882457111,386.816556873497,1894924.0
2017-08-30,389.88868089445,390.069394072153,386.274417340388,387.629766173161,2153282.0
2017-08-31,390.159750661005,390.159750661005,383.247471613861,386.455130518091,7131194.0
2017-09-01,388.533332061677,388.939936711509,380.58195224274,381.801766192236,1799076.0
2017-09-04,382.208370842068,383.970324324673,373.805208078874,376.244835977866,1270036.0
2017-09-05,374.16663443428,374.889487145092,359.528867040328,367.299533681562,6492726.0
2017-09-06,362.82688253341,366.441146087472,362.82688253341,363.6852701275,1860455.0
2017-09-07,363.775626716352,368.157921275652,356.953704258059,358.986727507219,2381502.0
2017-09-08,359.528867040328,365.808649965511,358.354231385258,364.588836016015,1814900.0
2017-09-11,367.75131662582,368.112742981226,360.071006573438,364.091874777332,1452972.0
2017-09-12,367.75131662582,367.75131662582,359.61922362918,366.124898026492,2328047.0
2017-09-13,368.112742981226,368.383812747781,361.245642228508,362.917239122262,1692304.0
2017-09-14,367.299533681562,367.299533681562,358.715657740664,360.432432928844,1502692.0
2017-09-15,361.426355406211,364.091874777332,355.417642247583,357.812091852149,4812148.0
2017-09-18,360.522789517696,362.555812766855,357.089239141337,358.399409679684,1180053.0
2017-09-19,360.522789517696,360.522789517696,352.932836054165,356.72781278593,994791.0
2017-09-20,335.222944639261,360.432432928844,335.222944639261,358.580122857387,10616328.0
2017-09-21,354.197828298087,363.594913538648,352.164805048927,361.516711995063,5909612.0
2017-09-22,359.61922362918,362.284743000301,353.5201538817,357.224774024614,4752999.0
2017-09-25,358.625301151813,358.625301151813,350.041425210915,352.164805048927,2705831.0
2017-09-26,349.905890327638,354.559254653493,346.110913595873,349.99624691649,3788116.0
2017-09-27,350.538386449599,352.390696521056,347.240370956517,348.731254672568,2446169.0
2017-09-28,350.131781799767,351.396774043689,341.096122914612,345.207347707357,14570752.0
2017-09-29,345.116991118506,354.06229341481,342.587006630662,351.893735282372,4810172.0
2017-10-03,354.197828298087,355.011037597751,346.065735301447,347.556619017498,1660624.0
2017-10-04,348.776432966994,349.273394205677,339.83113067069,340.779874853631,2828962.0
2017-10-05,340.418448498225,343.942355463436,337.165611299569,341.276836092315,3038456.0
2017-10-06,341.728619036573,346.562696540131,341.728619036573,345.433239179486,960608.0
2017-10-09,343.716463991307,344.800743057525,341.141301209037,342.406293452959,1074428.0
2017-10-10,342.858076397217,350.176960094193,338.837208193323,347.511440723072,1353878.0
2017-10-11,348.957146144697,367.20917709271,348.776432966994,364.634014310441,7006526.0
2017-10-12,364.317766249461,365.763471671086,357.541022085594,361.65224687834,3626106.0
2017-10-13,388.533332061677,394.858293281286,380.220525887334,389.346541361341,41421808.0
2017-10-16,390.521177016411,413.652463762409,390.521177016411,409.586417264089,19057174.0
2017-10-17,412.026045163081,424.088649774763,411.212835863417,421.01652575381,16983113.0
2017-10-18,422.868835825267,423.772401713782,413.381393995854,417.402262199748,8125615.0
2017-10-19,420.15813815972,431.723781532719,418.802789326947,428.064339684231,2384933.0
2017-10-23,429.193797044876,453.047936501686,429.193797044876,449.388494653198,26645509.0
2017-10-24,446.04530086569,456.029703933787,446.04530086569,453.635254329221,15904316.0
2017-10-25,454.403285334459,468.047130251043,446.271192337819,466.014107001883,9085464.0
2017-10-26,462.264308564544,469.266944200539,453.996680684627,461.993238797989,9942611.0
2017-10-27,462.264308564544,462.354665153396,436.422324153,438.500525696586,8025079.0
2017-10-30,443.199068316866,449.704742714178,439.178200112972,445.367626449304,6499242.0
2017-10-31,442.747285372609,454.855068278717,439.765517940507,449.25295976992,11437618.0
2017-11-01,468.498913195301,492.172339474408,460.818603142919,487.112370498721,32182374.0
2017-11-02,492.398230946537,495.651068145193,479.432060446339,490.816990641635,9870544.0
2017-11-03,490.816990641635,510.33401383357,485.485951899393,489.055037159029,16340958.0
2017-11-06,487.835223209533,492.081982885556,476.31475813096,481.194013928944,7476786.0
2017-11-07,484.220959655471,484.853455777432,462.716091508802,464.749114757962,6358001.0
2017-11-08,448.168680703702,459.915037254404,436.512680741851,447.536184581741,45366234.0
2017-11-09,453.815967506924,459.011471365888,447.536184581741,455.623099283955,9896380.0
2017-11-10,458.107905477373,462.399843447821,448.710820236811,454.900246573142,9452105.0
2017-11-13,454.49364192331,457.882014005244,448.755998531237,449.975812480733,6380726.0
2017-11-14,451.557052785635,456.21041711149,447.084401637483,450.11134736401,5812236.0
2017-11-15,449.975812480733,450.879378369248,436.874107097258,439.810696234933,8734007.0
2017-11-16,441.843719484093,447.174758226335,434.750727259246,442.656928783757,9627427.0
2017-11-17,447.265114815186,457.159161294431,443.69602955555,445.909765982413,10556190.0
2017-11-20,446.497083809948,448.801176825663,441.843719484093,445.141734977175,5231236.0
2017-11-21,447.536184581741,460.140928726532,446.813331870928,454.719533395439,9091201.0
2017-11-22,455.848990756084,458.55968842163,447.671719465018,450.9697349581,3263924.0
2017-11-23,454.49364192331,458.107905477373,445.909765982413,448.484928764682,5334161.0
2017-11-24,449.072246592217,452.912401618408,447.265114815186,448.891533414514,3514919.0
2017-11-27,448.07832411485,451.602231080061,443.650851261124,449.975812480733,3154345.0
2017-11-28,449.930634186307,449.930634186307,442.927998550312,444.55441714964,3016416.0
2017-11-29,444.55441714964,449.298138064346,442.747285372609,447.942789231573,5315769.0
2017-11-30,444.87066521062,451.240804724655,443.470138083421,448.575285353534,13410289.0
2017-12-01,450.789021780397,450.789021780397,435.383223381207,437.461424924793,5522454.0
2017-12-04,438.229455930031,444.55441714964,435.970541208742,437.59695980807,2740000.0
2017-12-05,438.816773757566,444.509238855214,430.865393938629,443.334603200144,3843203.0
2017-12-06,439.584804762804,445.457983038155,432.808060598938,436.828928802832,7508821.0
2017-12-07,438.229455930031,468.498913195301,437.506603219219,465.065362818942,6263169.0
2017-12-08,465.471967468774,479.657951918468,465.426789174348,474.507626353929,12795236.0
2017-12-11,479.612773624042,486.118448021354,473.784773643117,481.329548812222,11156171.0
2017-12-12,481.690975167628,482.41382787844,470.351223266758,473.332990698859,3267323.0
2017-12-13,477.082789136199,481.600618578776,464.613579874684,467.459812423508,7138671.0
2017-12-14,467.956773662192,474.372091470652,461.722169031435,470.125331794629,3019435.0
2017-12-15,476.902075958495,478.754386029952,465.110541113368,468.001951956618,6296789.0
2017-12-18,456.391130289193,480.516339512558,447.355471404038,475.501548831296,9429700.0
2017-12-19,475.953331775554,488.106292976088,470.034975205778,484.853455777432,6192288.0
2017-12-20,487.925579798385,488.693610803623,475.682262009,477.895998435863,6754525.0
2017-12-21,477.534572080456,480.471161218132,471.661393805105,473.558882170988,5093541.0
2017-12-22,476.088866658832,486.976835615444,472.971564343453,477.579750374882,8548170.0
2017-12-26,479.793486801745,493.708401484884,474.597982942781,490.591099169506,5801051.0
2017-12-27,491.991626296705,494.702323962251,479.432060446339,483.091502294827,6038567.0
2017-12-28,482.95596741155,485.711843371522,478.980277502081,480.109734862726,7840192.0
2017-12-29,480.516339512558,486.525052671186,471.661393805105,478.573672852249,6761280.0
2018-01-01,479.793486801745,486.208804610205,474.733517826058,476.992432547347,4333190.0
2018-01-02,481.510261989925,481.510261989925,462.490200036673,466.736959712696,4724570.0
2018-01-03,469.086231022836,474.82387441491,465.110541113368,468.227843428747,5707905.0
2018-01-04,468.950696139559,476.359936425386,464.884649641239,472.564959693621,5366018.0
2018-01-05,474.372091470652,490.184494519674,468.544091489727,487.925579798385,7218024.0
2018-01-08,482.639719350569,482.639719350569,464.613579874684,466.556246534993,11074508.0
2018-01-09,468.047130251043,470.803006211016,456.029703933787,460.637889965216,6796613.0
2018-01-10,465.336432585497,467.595347306786,455.668277578381,457.565765944263,6008949.0
2018-01-11,459.011471365888,466.872494595973,454.674355101014,465.110541113368,5322546.0
2018-01-12,466.239998474012,467.459812423508,455.848990756084,460.411998493087,4369137.0
2018-01-15,460.637889965216,462.580556625524,453.996680684627,455.848990756084,2554677.0
2018-01-16,459.011471365888,464.116618636001,444.01227761653,449.298138064346,5786478.0
2018-01-17,447.265114815186,454.674355101014,444.057455910956,451.692587668912,6150484.0
2018-01-18,452.686510146279,459.7343240767,445.457983038155,447.265114815186,7131552.0
2018-01-19,437.325890041515,452.008835729893,436.874107097258,449.885455891881,8982201.0
2018-01-22,447.807254348296,450.427595424991,440.940153595578,443.379781494569,4084647.0
2018-01-23,446.361548926671,450.698665191545,441.66300630639,444.644773738491,5543486.0
2018-01-24,439.94623111821,440.036587707062,411.258014157842,415.188525772885,26450900.0
2018-01-25,418.802789326947,418.802789326947,401.589859150726,409.044277730979,18548035.0
2018-01-29,401.183254500894,403.351812633332,393.09633979868,398.111130479942,24459885.0
2018-01-30,398.111130479942,407.598572309355,395.084184753414,398.111130479942,9624998.0
2018-01-31,399.827905668121,402.990386277925,394.316153748176,397.433456063555,6371320.0
2018-02-01,397.614169241258,403.893952166441,388.623688650528,396.123285525207,7297226.0
2018-02-02,395.581145992098,398.02077389109,375.702696444756,381.621053014533,6009663.0
2018-02-05,377.464649927362,403.668060694312,371.546293357585,397.749704124535,13591277.0
2018-02-06,379.497673176522,404.571626582828,378.187502638174,396.800959941594,8409695.0
2018-02-07,402.041642094984,406.062510298878,385.912990984982,388.759223533806,9898121.0
2018-02-08,392.147595615739,393.95472739277,384.015502619099,388.352618883974,5563903.0
2018-02-09,383.111936730584,392.102417321313,379.226603409967,381.75658789781,4861350.0
2018-02-12,388.352618883974,389.436897950192,380.717487126018,383.47336308599,3593521.0
2018-02-14,385.190138274169,396.213642114059,385.190138274169,392.870448326551,9434541.0
2018-02-15,396.936494824871,396.936494824871,385.551564629576,387.584587878736,4130548.0
2018-02-16,393.005983209829,393.005983209829,378.051967754897,379.226603409967,3968970.0
2018-02-19,379.362138293244,379.497673176522,364.317766249461,374.392525906409,5819508.0
2018-02-20,375.070200322796,381.485518131256,375.070200322796,377.780897988342,7230257.0
2018-02-21,379.497673176522,381.75658789781,377.103223571955,379.181425115541,4264637.0
2018-02-22,378.413394110303,378.819998760135,373.488960017893,375.973766211311,9706094.0
2018-02-23,378.594107288006,386.906913462349,376.877332099827,384.512463857783,6763260.0
2018-02-26,388.533332061677,388.533332061677,380.26570418176,382.343905725346,3669690.0
2018-02-27,384.738355329912,390.927781666243,383.383006497138,388.985115005935,4675953.0
2018-02-28,388.533332061677,391.695812671481,384.828711918763,387.223161523329,23360784.0
2018-03-01,387.674944467587,394.496866925879,384.693177035486,386.500308812517,5260644.0
2018-03-05,385.777456101705,385.912990984982,377.329115044084,380.807843714869,3482148.0
2018-03-06,382.840866964029,386.409952223665,371.004153824476,373.985921256577,3789549.0
2018-03-07,371.049332118901,376.154479389014,353.5201538817,364.317766249461,10873348.0
2018-03-08,371.81736312414,374.16663443428,356.908525963633,362.600991061281,7808565.0
2018-03-09,365.853828259937,369.106665458593,359.212618979348,363.369022066519,4590422.0
2018-03-12,365.944184848789,383.563719674841,365.040618960273,380.898200303721,7558993.0
2018-03-13,382.208370842068,388.352618883974,379.633208059799,385.190138274169,5148679.0
2018-03-14,384.828711918763,384.828711918763,378.187502638174,381.846944486662,3780338.0
2018-03-15,381.846944486662,383.383006497138,377.012866983104,379.904277826354,3277154.0
2018-03-16,375.205735206073,385.596742924001,373.760029784448,376.561084038846,7237424.0
2018-03-19,377.690541399491,380.943378598147,358.44458797411,361.110107345231,5408078.0
2018-03-20,360.522789517696,364.588836016015,354.830324420048,361.787781761617,7463026.0
2018-03-21,364.137053071758,379.633208059799,363.414200360945,377.871254577194,8351422.000000001
2018-03-22,374.076277845428,379.72356464865,372.359502657249,375.521983267053,4850714.0
2018-03-23,372.856463895933,378.54892899358,366.124898026492,372.901642190358,5133743.0
2018-03-26,372.269146068397,382.208370842068,367.389890270414,380.853022009295,4402440.0
2018-03-27,381.304804953553,381.666231308959,368.835595692038,373.353425134616,6080433.0
2018-03-28,371.365580179882,373.217890251339,357.26995231904,360.251719751141,10286301.0
2018-04-02,360.974572461953,363.007595711113,352.842479465314,356.998882552485,4986921.0
2018-04-03,353.5201538817,365.040618960273,353.5201538817,363.414200360945,4559620.0
2018-04-04,365.040618960273,365.763471671086,355.056215892177,356.953704258059,3627666.0
2018-04-05,359.709580218032,362.239564705875,353.429797292849,355.914603486266,8784680.0
2018-04-06,356.185673252821,358.263874796407,346.156091890299,347.827688784052,8494868.0
2018-04-09,345.975378712596,349.408929088955,340.328091909373,343.626107402455,11983251.0
2018-04-10,344.303781818842,349.408929088955,338.385425249065,348.369828317162,11969955.0
2018-04-11,350.583564744025,353.113549231868,346.381983362428,348.143936845033,6933891.0
2018-04-12,346.969301189963,348.324650022736,342.632184925088,343.535750813604,4477422.0
2018-04-13,346.020557007021,348.957146144697,339.560060904135,341.457549270018,6974242.0
2018-04-16,340.644339970354,343.626107402455,338.385425249065,340.328091909373,3731213.0
2018-04-17,340.644339970354,346.472339951279,338.069177188085,345.207347707357,5728575.0
2018-04-18,346.698231423408,354.06229341481,345.478417473912,347.195192662092,5732851.0
2018-04-19,351.261239160411,358.986727507219,348.27947172831,357.224774024614,3468687.0
2018-04-20,355.598355425286,364.769549193719,353.700867059403,363.233487183242,6753048.0
2018-04-23,362.781704238984,367.299533681562,358.580122857387,364.00151818848,3780866.0
2018-04-24,363.143130594391,369.197022047445,358.354231385258,367.073642209433,6292775.0
2018-04-25,374.48288249526,386.184060751536,372.269146068397,379.362138293244,20000806.0
2018-04-26,379.497673176522,379.497673176522,366.350789498621,369.739161580554,12504161.0
2018-04-27,367.073642209433,372.043254596269,362.329921294727,369.332556930722,4518031.0
2018-04-30,367.75131662582,373.398603429042,365.221332137976,370.055409641534,3274387.0
2018-05-02,373.082355368061,373.082355368061,366.847750737304,369.061487164167,6087447.0
2018-05-03,367.118820503859,368.654882514335,360.522789517696,365.402045315679,3716970.0
2018-05-04,371.230045296605,378.006789460471,356.004960075118,358.489766268536,14415306.0
2018-05-07,362.781704238984,365.537580198957,357.360308907891,359.845115101309,5906011.0
2018-05-08,362.736525944559,364.091874777332,358.534944562961,362.465456178004,3565204.0
2018-05-09,364.317766249461,370.010231347109,358.896370918368,363.640091833074,8129162.0
2018-05-10,365.808649965511,373.805208078874,364.950262371422,372.359502657249,8132505.0
2018-05-11,361.561890289488,363.865983305203,344.710386468674,349.318572500103,23031948.0
2018-05-14,348.776432966994,356.004960075118,341.818975625424,346.201270184724,8853922.0
2018-05-15,346.065735301447,350.719099627302,341.86415391985,345.116991118506,6379409.0
2018-05-16,346.020557007021,346.020557007021,337.933642304807,339.153456254303,6098125.0
2018-05-17,340.870231442483,342.406293452959,330.208153958,332.150820618308,9012407.0
2018-05-18,332.55742526814,332.55742526814,320.811068717438,326.503533815086,11205849.0
2018-05-21,326.503533815086,333.641704334359,320.946603600715,325.28371986559,4941028.0
2018-05-22,322.527843905618,335.313301228112,317.69376640206,326.955316759344,6522208.0
2018-05-23,326.910138464918,330.52440201898,320.088216006626,322.39230902234,5952154.0
2018-05-24,324.380153977074,337.843285715956,322.482665611192,336.036153938925,4503855.0
2018-05-25,336.397580294331,343.355037635901,331.608681085199,340.599161675928,3735986.0
2018-05-28,341.186479503463,344.077890346713,335.042231461558,338.9727430766,5957301.0
2018-05-29,339.695595787413,344.891099646377,335.44883611139,342.587006630662,3477100.0
2018-05-30,342.361115158533,342.361115158533,337.030076416292,339.560060904135,3368675.0
2018-05-31,339.83113067069,346.24644847915,335.44883611139,337.572215949401,10796716.0
2018-06-01,338.430603543491,348.686076378142,336.62347176646,346.698231423408,4099108.0
2018-06-04,346.969301189963,349.45410738338,334.409735339597,336.397580294331,3567479.0
2018-06-05,335.584370994667,336.352401999905,323.069983438727,329.169053186207,4989187.0
2018-06-06,327.181208231473,345.07181282408,327.181208231473,343.129146163772,5016415.0
2018-06-07,343.083967869346,349.002324439123,338.837208193323,343.309859341475,3637971.0
2018-06-08,342.903254691643,346.472339951279,336.352401999905,341.141301209037,3874201.0
2018-06-11,341.322014386741,354.017115120384,341.322014386741,351.306417454837,5444048.0
2018-06-12,352.34551822663,355.462820542009,342.948432986069,343.942355463436,5527034.0
2018-06-13,337.933642304807,345.975378712596,337.301146182846,339.424526020858,6698891.0
2018-06-14,337.48185936055,346.969301189963,337.48185936055,340.192557026096,4703619.0
2018-06-15,342.18040198083,343.580929108029,334.500091928448,341.773797330998,5713581.0
2018-06-18,341.502727564444,344.168246935564,332.55742526814,335.132588050409,2812154.0
2018-06-19,335.222944639261,339.650417492987,333.596526039933,335.403657816964,3570887.0
2018-06-20,336.578293472034,340.192557026096,334.725983400577,336.036153938925,2510768.0
2018-06-21,338.792029898897,338.837208193323,328.717270241949,333.144743095675,3841053.0
2018-06-22,335.177766344835,340.192557026096,330.976184963238,338.430603543491,3068406.0
2018-06-25,336.126510527776,341.502727564444,335.945797350073,338.069177188085,3008052.0
2018-06-26,337.933642304807,345.839843829318,337.210789593995,343.535750813604,4318837.0
2018-06-27,344.484494996545,344.7555647631,337.120433005143,339.424526020858,3412205.0
2018-06-28,337.662572538253,344.620029879822,333.009208212398,341.502727564444,5857077.0
2018-06-29,339.108277959878,346.336805068002,339.108277959878,345.116991118506,3443146.0
2018-07-02,344.348960113268,344.620029879822,330.298510546851,332.55742526814,4391116.0
2018-07-03,338.475781837917,338.475781837917,330.795471785535,334.997053167132,2787262.0
2018-07-04,335.087409755983,336.036153938925,327.723347764582,331.970107440605,3925362.0
2018-07-05,329.801549308168,331.38278961307,324.967471804609,328.355843886543,6402876.0
2018-07-06,327.090851642621,330.162975663574,325.193363276738,327.31674311475,7218013.0
2018-07-09,330.705115196683,331.066541552089,326.729425287215,327.181208231473,4730035.0
2018-07-10,327.542634586879,334.138665573042,327.542634586879,332.331533796011,1693780.0
2018-07-11,333.325456273378,333.325456273378,326.096929165254,327.090851642621,1879248.0
2018-07-12,329.801549308168,329.801549308168,325.59996792657,327.226386525898,2072184.0
2018-07-13,328.897983419652,329.66601442489,322.889270261024,324.334975682649,4786772.0
2018-07-16,321.669456311528,325.057828393461,311.549518360154,313.898789670294,3261119.0
2018-07-17,313.537363314888,316.880557102396,307.212402095279,309.516495110994,4884957.0
2018-07-18,310.917022238193,311.820588126709,299.08030909864,304.32099125203,4796681.0
2018-07-19,306.308836206764,313.989146259146,305.043843962842,311.730231537857,4531466.0
2018-07-20,309.923099760826,314.169859436849,307.52865015626,312.091657893263,3796397.0
2018-07-23,312.182014482115,325.28371986559,311.730231537857,324.334975682649,3735930.0
2018-07-24,326.548712109512,331.111719846515,320.991781895141,322.39230902234,3920957.0
2018-07-25,320.856247011864,321.488743133825,310.374882705084,318.32626252402,4664164.0
2018-07-26,319.003936940407,325.28371986559,318.371440818446,323.160340027578,3439808.0
2018-07-27,325.193363276738,337.843285715956,317.738944696485,329.530479541613,8126603.0
2018-07-30,324.380153977074,351.396774043689,321.036960189567,346.291626773576,6737958.0
2018-07-31,345.162169412932,354.69478953677,342.18040198083,352.932836054165,7296848.0
2018-08-01,352.390696521056,360.522789517696,345.749487240467,347.42108413422,8512340.0
2018-08-02,346.427161656853,347.646975606349,333.596526039933,337.030076416292,5575854.0
2018-08-03,338.65649501562,340.553983381502,334.680805106151,338.385425249065,3287520.0
2018-08-06,338.701673310046,350.31249497747,338.566138426768,348.550541494865,3640662.0
2018-08-07,348.550541494865,349.499285677806,342.677363219514,345.07181282408,2190884.0
2018-08-08,343.445394224752,350.493208155173,337.391502771698,348.143936845033,2993950.0
2018-08-09,349.047502733548,349.047502733548,329.34976636391,331.653859379624,11040336.0
2018-08-10,332.692960151417,338.65649501562,329.891905897019,334.138665573042,4046462.0
2018-08-13,333.325456273378,339.51488260971,327.994417531137,334.454913634023,3817525.0
2018-08-14,334.454913634023,336.759006649737,328.897983419652,331.608681085199,2897961.0
2018-08-16,331.202076435367,337.933642304807,329.982262485871,336.126510527776,2715006.0
2018-08-17,336.171688822202,338.837208193323,330.84065007996,335.584370994667,3030830.0
2018-08-20,336.487936883183,337.79810742153,331.879750851753,334.816339989429,2557572.0
2018-08-21,328.897983419652,334.680805106151,328.084774119988,332.738138445843,3110530.0
2018-08-23,336.397580294331,340.418448498225,332.602603562566,334.229022161894,4278039.0
2018-08-24,334.319378750745,335.042231461558,329.801549308168,333.370634567804,2089422.0
2018-08-27,334.319378750745,346.78858801226,331.970107440605,342.587006630662,5938671.0
2018-08-28,345.478417473912,348.505363200439,339.198634548729,340.463626792651,3669920.0
2018-08-29,341.547905858869,345.568774062764,336.804184944163,338.746851604471,4038807.0
2018-08-30,340.915409736909,347.872867078478,339.424526020858,346.156091890299,7026818.0
2018-08-31,343.219502752623,348.776432966994,339.740774081838,346.833766306685,7849613.0
2018-09-03,349.679998855509,349.905890327638,343.761642285732,346.78858801226,3764539.0
2018-09-04,345.433239179486,346.472339951279,339.469704315284,341.86415391985,2886141.0
2018-09-05,338.837208193323,341.412370975592,330.931006668812,336.171688822202,5983744.0
2018-09-06,337.888464010382,338.566138426768,332.602603562566,336.397580294331,2354020.0
2018-09-07,337.843285715956,353.565332176126,333.235099684527,352.02927016565,4923668.0
2018-09-10,351.758200399095,359.167440684922,345.342882590635,350.944991099431,5059483.0
2018-09-11,351.035347688283,354.559254653493,341.050944620186,342.18040198083,5241423.0
2018-09-12,344.168246935564,345.297704296209,335.945797350073,340.373270203799,3664475.0
2018-09-14,341.547905858869,350.764277921728,337.030076416292,346.607874834556,3241639.0
2018-09-17,343.490572519178,353.294262409571,340.734696559206,345.207347707357,3086233.0
2018-09-18,343.535750813604,347.692153900775,336.62347176646,337.662572538253,2663263.0
2018-09-19,338.385425249065,343.716463991307,325.554789632145,334.364557045171,1966708.0
2018-09-21,329.711192719316,343.219502752623,322.798913672172,334.771161695003,5503664.0
2018-09-24,334.680805106151,336.93971982744,316.699843924692,321.850169489231,7105527.0
2018-09-25,324.560867154778,328.581735358672,310.826665649342,325.735502809848,6177721.0
2018-09-26,327.994417531137,329.801549308168,322.708557083321,326.45835552066,3964043.0
2018-09-27,326.639068698363,328.401022180969,320.449642362032,322.39230902234,4041142.0
2018-09-28,322.39230902234,324.380153977074,302.830107535979,305.902231556932,11183009.0
2018-10-01,306.308836206764,307.212402095279,290.677146335445,295.240154072449,9794496.0
2018-10-03,294.562479656062,295.737115311132,285.843068831887,287.74055719777,6659938.0
2018-10-04,284.939502943372,286.836991309254,273.012433214967,280.240960323091,8083991.0
2018-10-05,278.75007660704,285.436464182055,263.750882857683,269.804774310737,7168719.0
2018-10-08,269.98548748844,269.98548748844,262.937673558019,266.732650289784,9026370.0
2018-10-09,267.681394472725,268.26871230026,259.323410003956,261.130541780988,8561269.0
2018-10-10,261.130541780988,274.503316931017,256.793425516113,266.642293700932,10215590.0
2018-10-11,261.085363486562,266.371223934378,255.031472033508,257.832526287906,4681303.0
2018-10-12,260.226975892472,264.383378979643,257.200030165945,262.079285963929,9008275.0
2018-10-15,262.079285963929,264.74480533505,256.657890632836,263.02803014687,2607240.0
2018-10-16,264.20266580194,267.365146411745,261.311254958691,265.648371223565,3011299.0
2018-10-17,267.907285944854,269.578882838608,257.200030165945,260.67875883673,3877700.0
2018-10-19,259.323410003956,264.925518512753,257.154851871519,259.594479770511,3730327.0
2018-10-22,261.537146430819,262.034107669503,250.152216235524,258.193952643312,6531421.0
2018-10-23,255.75432474432,262.576247202612,255.709146449894,258.329487526589,6637533.0
2018-10-24,262.034107669503,297.04728584948,259.007161942976,285.391285887629,12195277.0
2018-10-25,277.394727774267,280.46685179522,263.976774329811,267.048898350764,15304817.0
2018-10-26,268.449425477963,276.491161885751,259.323410003956,269.217456483201,7858963.0
2018-10-29,270.256557254994,274.277425458888,262.034107669503,265.738727812417,5651902.0
2018-10-30,266.054975873397,268.539782066815,261.446789841968,264.383378979643,4807626.0
2018-10-31,264.654448746198,266.551937112081,252.004526306981,264.157487507515,7357453.0
2018-11-01,264.74480533505,269.262634777627,259.639658064937,265.196588279307,4748038.0
2018-11-02,265.558014634714,278.117580485079,265.196588279307,272.922076626115,4425655.0
2018-11-05,271.792619265471,275.949022352642,269.262634777627,273.961177397908,4363411.0
2018-11-06,274.68403010872,278.253115368357,273.690107631353,275.632774291662,2653071.0
2018-11-07,279.201859551298,279.201859551298,274.638851814295,276.71705335788,276702.0
2018-11-09,261.8533944918,274.141890575611,260.859472014433,270.843875082529,8495072.0
2018-11-12,271.973332443174,275.587595997236,265.648371223565,267.636216178299,6121627.0
2018-11-13,267.455503000596,274.68403010872,262.305177436058,268.856030127795,3891168.0
2018-11-14,271.069766554658,281.731844039142,269.262634777627,272.244402209728,4883558.0
2018-11-15,272.244402209728,277.123658007712,269.262634777627,275.045456464127,4050154.0
2018-11-16,273.690107631353,304.32099125203,272.876898331689,300.661549403542,22573096.0
2018-11-19,297.634603677015,306.218479617912,288.237518436453,304.366169546456,11772584.0
2018-11-20,300.977797464522,306.715440856596,296.640681199648,299.938696692729,10734672.0
2018-11-21,299.08030909864,306.715440856596,298.312278093401,300.616371109116,8477936.0
2018-11-22,299.893518398304,307.031688917576,290.406076568891,296.234076549816,8925992.0
2018-11-26,296.414789727519,306.218479617912,296.414789727519,302.28796800287,5969802.0
2018-11-27,301.700650175335,303.507781952366,292.845704467883,296.50514631637,6970751.0
2018-11-28,299.983874987155,300.706727697968,281.008991328329,283.810045582727,9175591.0
2018-11-29,290.044650213484,290.948216102,281.912557216845,286.611099837125,8307218.000000001
2018-11-30,288.237518436453,293.026417645586,280.737921561774,283.267906049618,5944313.0
2018-12-03,285.978603715165,290.044650213484,284.171471938133,288.91519285284,3036001.0
2018-12-04,290.044650213484,292.303564934773,280.331316911942,287.830913786621,6449992.0
2018-12-05,288.870014558414,289.909115330207,280.286138617517,282.635409927657,4530938.0
2018-12-06,281.008991328329,281.008991328329,272.876898331689,274.68403010872,5918098.0
2018-12-07,275.587595997236,278.117580485079,270.121022371717,274.638851814295,4775658.0
2018-12-10,269.669239427459,272.560650270709,262.802138674741,266.506758817655,5181119.0
2018-12-11,260.226975892472,266.009797578971,254.805580561379,262.259999141632,9007497.0
2018-12-12,265.648371223565,281.008991328329,263.389456502276,276.084557235919,9282794.0
2018-12-13,278.75007660704,282.680588222083,272.470293681857,273.870820809056,6909651.0
2018-12-14,275.768309174939,301.248867231077,275.768309174939,288.463409908582,20486283.0
2018-12-17,288.463409908582,292.032495168219,282.635409927657,284.803968060094,6136693.0
2018-12-18,283.900402171579,289.77358044693,281.551130861438,287.153239370235,5653153.0
2018-12-19,288.689301380711,292.755347879031,287.379130842364,291.580712223961,5217959.0
2018-12-20,286.430386659422,290.541611452168,283.719688993876,286.02378200959,5396352.0
2018-12-21,289.141084324969,293.433022295418,276.129735530345,278.207937073931,11143116.0
2018-12-24,279.924712262111,282.183626983399,274.909921580849,279.29221614015,4709660.0
2018-12-26,278.479006840486,291.851781990515,273.419037864799,289.547688974801,7540970.0
2018-12-27,292.032495168219,292.484278112476,283.719688993876,286.159316892868,7899279.0
2018-12-28,286.340030070571,290.044650213484,284.171471938133,286.02378200959,4672856.0
2018-12-31,288.237518436453,289.954293624633,281.099347917181,282.364340161102,3795043.0
2019-01-01,285.481642476481,290.948216102,283.087192871915,288.689301380711,5513123.0
2019-01-02,286.340030070571,290.044650213484,279.29221614015,282.49987504438,5604911.0
2019-01-03,282.364340161102,285.075037826649,278.253115368357,283.267906049618,5615566.0
2019-01-04,282.319161866677,293.387844000992,282.319161866677,291.354820751832,10239262.0
2019-01-07,293.116774234437,296.279254844242,291.038572690851,293.613735473121,4966909.0
2019-01-08,292.529456406902,299.757983515026,292.077673462644,297.499068793737,6484522.0
2019-01-09,301.068154053374,305.314913729397,295.737115311132,302.242789708444,7226454.0
2019-01-10,304.095099779901,305.992588145783,300.345301342561,304.772774196288,5180570.0
2019-01-11,304.63723931301,304.772774196288,297.273177321609,302.784929241553,5337767.0
2019-01-14,301.881363353038,302.513859474999,296.50514631637,299.622448631749,3311854.0
2019-01-15,298.176743210124,306.625084267744,295.01426260032,305.17937884612,5143387.0
2019-01-16,304.275812957604,311.956123009986,299.441735454046,301.74582846976,6944533.0
2019-01-17,300.887440875671,304.275812957604,298.357456387827,300.029053281581,4118364.0
2019-01-18,298.628526154382,300.390479636987,274.955099875275,281.144526211606,14744448.0
2019-01-21,280.737921561774,285.075037826649,276.491161885751,281.32523938931,7769963.0
2019-01-22,281.912557216845,282.002913805696,272.470293681857,275.452061113959,7904590.0
2019-01-23,277.214014596564,277.756154129673,273.147968098244,274.412960342166,5063257.0
2019-01-24,277.123658007712,278.117580485079,266.100154167823,272.560650270709,9363696.0
2019-01-25,274.68403010872,281.912557216845,272.876898331689,277.846510718525,5443641.0
2019-01-28,278.298293662783,279.518107612279,266.280867345526,275.723130880513,4097172.0
2019-01-29,275.587595997236,279.789177378833,272.605828565135,278.162758779505,2893056.0
2019-01-30,279.201859551298,282.725766516509,271.16012314351,274.412960342166,5906356.0
2019-01-31,275.135813052978,280.512030089646,273.915999103482,276.852588241158,8555853.0
2019-02-01,275.677952586088,289.954293624633,275.587595997236,281.777022333567,8331159.0
2019-02-04,280.105425439814,280.7830998562,273.057611509392,276.988123124435,3511129.0
2019-02-05,266.913363467487,281.596309155864,264.609270451772,278.479006840486,13229252.0
2019-02-06,277.394727774267,280.557208384071,271.973332443174,278.975968079169,4688955.0
2019-02-07,278.840433195892,284.081115349282,275.768309174939,281.144526211606,3472111.0
2019-02-08,279.201859551298,283.900402171579,276.581518474603,283.042014577489,3076831.0
2019-02-11,284.623254882391,285.029859532223,281.008991328329,282.093270394548,2977404.0
2019-02-12,281.64148745029,285.165394415501,279.789177378833,281.234882800458,2006320.0
2019-02-13,282.319161866677,282.409518455528,277.665797540822,280.602386678497,2196566.0
2019-02-14,279.201859551298,280.015068850962,267.907285944854,271.792619265471,7726834.0
2019-02-15,271.973332443174,276.536340180177,268.675316950092,275.22616964183,6063171.0
2019-02-18,277.304371185415,277.530262657544,271.114944849084,273.373859570373,4001810.0
2019-02-19,274.593673519869,283.267906049618,272.470293681857,274.412960342166,6844127.0
2019-02-20,276.084557235919,280.873456445052,275.54241770281,279.201859551298,5603086.0
2019-02-21,276.4008052969,281.008991328329,273.780464220205,280.015068850962,5232493.0
2019-02-22,279.382572729001,285.978603715165,278.343471957208,283.584154110598,5587441.0
2019-02-25,283.719688993876,289.141084324969,281.551130861438,286.656278131551,3744506.0
2019-02-26,285.255751004352,289.592867269227,283.177549460766,285.029859532223,5012987.0
2019-02-27,288.192340142028,293.884805239675,284.035937054856,289.276619208246,4080123.0
2019-02-28,293.568557178695,295.420867250152,285.481642476481,287.379130842364,6928578.0
2019-03-01,287.153239370235,287.153239370235,272.967254920541,277.982045601802,26657232.0
2019-03-05,278.298293662783,279.382572729001,274.322603753314,278.162758779505,10271412.0
2019-03-06,280.963813033903,283.042014577489,278.569363429337,279.563285906704,6392974.0
2019-03-07,280.105425439814,282.093270394548,277.394727774267,277.982045601802,5828055.0
2019-03-08,279.879533967685,281.912557216845,277.982045601802,278.930789784743,4002947.0
2019-03-11,279.247037845724,304.592061018584,278.930789784743,301.610293586483,15374558.0
2019-03-12,300.706727697968,319.862324534497,297.589425382589,317.874479579763,27100883.0
2019-03-13,314.892712147661,322.166417550211,304.049921485475,305.17937884612,12612026.0
2019-03-14,304.501704429733,312.588619131947,302.28796800287,309.380960227717,6246873.0
2019-03-15,310.826665649342,311.59469665458,299.261022276343,305.134200551694,10397551.0
2019-03-18,305.405270318248,310.510417588361,297.544247088163,298.718882743233,7007083.0
2019-03-19,299.983874987155,306.715440856596,299.983874987155,304.275812957604,5082584.0
2019-03-20,304.63723931301,307.122045506428,300.300123048136,301.791006764186,2982715.0
2019-03-22,303.598138541217,313.898789670294,297.544247088163,299.577270337323,8213789.000000001
2019-03-25,300.797084286819,302.60421606385,292.032495168219,295.466045544578,4734760.0
2019-03-26,296.866572671777,299.441735454046,294.788371128191,296.18889825539,3827846.0
2019-03-27,299.08030909864,300.887440875671,289.502510680375,291.399999046258,5364208.0
2019-03-28,291.490355635109,300.887440875671,287.108061075809,298.131564915698,12272355.0
2019-03-29,299.08030909864,303.914386602198,297.273177321609,300.977797464522,4459756.0
2019-04-01,301.700650175335,311.685053243431,301.068154053374,307.935254806092,6381272.0
2019-04-02,309.923099760826,324.380153977074,309.923099760826,322.07606096136,20054316.0
2019-04-03,321.669456311528,327.994417531137,313.989146259146,316.248060980435,11041131.0
2019-04-04,318.055192757466,324.831936921332,318.055192757466,322.39230902234,10966638.0
2019-04-05,324.018727621668,325.057828393461,319.455719884665,322.256774139063,3359951.0
2019-04-08,323.838014443965,328.717270241949,318.552153996149,320.720712128587,5097675.0
2019-04-09,323.973549327242,326.187285754106,308.567750928053,317.69376640206,9079248.0
2019-04-10,316.970913691247,320.223750889903,305.405270318248,307.212402095279,4289454.0
2019-04-11,308.748464105756,317.377518341079,304.63723931301,312.950045487353,16393215.0
2019-04-12,313.537363314888,316.564309041415,306.308836206764,308.974355577885,7525281.0
2019-04-15,311.639874949006,315.344495091919,302.513859474999,314.169859436849,9201883.0
2019-04-16,314.440929203404,317.241983457802,307.890076511666,315.11860361979,8579411.0
2019-04-18,315.796278036177,316.654665630267,300.57119281469,313.492185020462,14545230.0
2019-04-22,310.826665649342,323.973549327242,304.140278074327,315.705921447325,13824740.0
2019-04-23,319.827635736857,320.221269750072,309.199517380063,311.462912956047,11412878.0
2019-04-24,311.462912956047,321.106946279805,310.577236426314,319.335593220339,7029531.0
2019-04-25,317.662648664177,327.601907497845,315.891295604711,323.271933352485,11305703.0
2019-04-26,324.74806090204,330.357345590348,317.170606147659,320.270474001724,4908166.0
2019-04-30,318.843550703821,321.598988796323,309.051904625108,315.202436081586,6026790.0
2019-05-02,317.761057167481,324.157609882218,316.481746624533,319.040367710428,7779750.0
2019-05-03,319.286388968687,328.53678827923,319.286388968687,326.174984199943,9718936.0
2019-05-06,326.174984199943,331.046205113473,321.303763286412,328.143154266016,14596079.0
2019-05-07,334.588911232404,335.425383510486,316.334133869578,319.778431485205,17408388.0
2019-05-08,319.680022981902,322.238644067797,315.005619074978,319.335593220339,4774792.0
2019-05-09,316.13731686297,321.008537776501,307.624981327205,310.429623671359,7850740.0
2019-05-10,313.824717035335,323.173524849181,310.1836024131,318.941959207124,7711197.0
2019-05-13,316.38333812123,322.140235564493,309.64235564493,313.578695777076,6498273.0
2019-05-14,310.970870439529,334.293685722494,310.1836024131,331.24302212008,10752770.0
2019-05-15,330.652571100259,332.620741166332,323.468750359092,325.978167193335,7639127.0
2019-05-16,326.716230968113,327.99554151106,315.940499856363,320.024452743465,4507071.0
2019-05-17,318.54832519391,325.436920425165,317.022993392703,323.222729100833,4042029.0
2019-05-20,326.765435219764,336.507877046826,325.732145935076,334.687319735708,7713557.0
2019-05-21,334.588911232404,334.687319735708,323.321137604137,325.387716173513,4237059.0
2019-05-22,325.732145935076,332.57153691468,323.41954610744,329.816098822178,6666818.0
2019-05-23,332.177902901465,343.445676529733,328.881218040793,333.408009192761,5349429.0
2019-05-24,334.638115484056,350.334271760988,334.588911232404,347.578833668486,9576934.0
2019-05-27,344.134536052858,346.299523125539,340.837851192186,343.937719046251,3930538.0
2019-05-28,343.199655271474,346.102706118931,336.261855788566,340.099787417409,8484214.0
2019-05-29,338.328434357943,339.656949152542,332.473128411376,333.408009192761,4497114.0
2019-05-30,334.588911232404,343.986923297903,334.146072967538,341.182280953749,13891400.0
2019-05-31,343.445676529733,346.791565642057,338.968089629417,343.248859523126,10825441.0
2019-06-03,345.905889112324,350.088250502729,343.298063774777,347.13599540362,5118048.0
2019-06-04,345.413846595806,350.285067509336,344.18374030451,346.791565642057,6625043.0
2019-06-06,347.185199655272,350.285067509336,342.953634013215,348.169284688308,10317108.0
2019-06-07,348.169284688308,356.189577707555,346.201114622235,351.416765297328,5771494.0
2019-06-10,349.153369721344,358.846607296754,348.021671933352,357.66570525711,5882086.0
2019-06-11,357.222866992244,361.110002872738,352.54846308532,357.468888250503,5563691.0
2019-06-12,356.632415972422,356.632415972422,351.416765297328,354.172203389831,2815172.0
2019-06-13,351.367561045677,359.141832806665,351.367561045677,357.960930767021,3768622.0
2019-06-14,356.780028727377,357.173662740592,346.05350186728,347.67724217179,5075586.0
2019-06-17,349.940637747774,349.940637747774,336.655489801781,338.52525136455,6956493.0
2019-06-18,339.902970410802,341.821936225223,335.769813272048,339.656949152542,4885837.0
2019-06-19,340.985463947142,342.461591496696,328.979626544097,335.671404768745,3934382.0
2019-06-20,333.850847457627,344.429761562769,333.801643205975,343.002838264866,3498169.0
2019-06-21,341.969548980178,344.331353059466,337.245940821603,338.328434357943,9584254.0
2019-06-24,339.656949152542,343.002838264866,338.033208848032,339.607744900891,3249667.0
2019-06-25,339.952174662453,346.397931628842,339.066498132721,343.052042516518,2796405.0
2019-06-26,344.429761562769,346.397931628842,337.098328066648,340.050583165757,4645627.0
2019-06-27,341.723527721919,345.26623384085,335.474587762137,343.10124676817,12895120.0
2019-06-28,342.855225509911,344.429761562769,337.049123814996,341.133076702097,8576035.0
2019-07-01,341.47750646366,344.282148807814,339.656949152542,342.953634013215,3405198.0
2019-07-02,343.445676529733,348.858144211434,341.821936225223,347.972467681701,3745884.0
2019-07-03,347.283608158575,350.826314277506,344.18374030451,347.578833668486,8317090.0
2019-07-04,347.726446423442,359.191037058317,347.382016661879,356.976845733985,8407402.0
2019-07-05,356.976845733985,365.243160011491,354.762654409652,358.994220051709,6751716.0
2019-07-08,356.238781959207,358.600586038495,348.808939959782,350.727905774203,3478536.0
2019-07-09,350.334271760988,357.468888250503,348.464510198219,356.534007469118,3859398.0
2019-07-10,357.12445848894,359.092628555013,348.021671933352,352.843688595231,5201801.0
2019-07-11,352.54846308532,356.632415972422,350.629497270899,355.008675667912,3448755.0
2019-07-12,355.057879919563,355.057879919563,348.513714449871,350.432680264292,4662763.0
2019-07-15,351.908807813847,353.680160873312,343.593289284688,345.020212582591,3459346.0
2019-07-16,345.413846595806,349.3009824763,344.085331801207,345.167825337547,3584392.0
2019-07-17,344.971008330939,347.775650675093,339.31251939098,340.739442688883,4677593.0
2019-07-18,342.461591496696,345.610663602413,333.211192186153,337.049123814996,3642763.0
2019-07-19,338.033208848032,340.493421430623,330.750979603562,334.539706980753,2470956.0
2019-07-22,333.604826199368,338.033208848032,330.258937087044,337.098328066648,3062655.0
2019-07-23,337.491962079862,342.953634013215,332.03029014651,338.131617351336,3614547.0
2019-07-24,338.52525136455,339.263315139328,330.406549841999,333.506417696064,4751577.0
2019-07-25,329.668486067222,337.98400459638,329.225647802356,333.604826199368,7460110.0
2019-07-26,332.620741166332,333.506417696064,322.976707842574,329.570077563918,4995313.0
2019-07-29,329.373260557311,331.095409365125,322.87829933927,329.225647802356,4979396.0
2019-07-30,331.636656133295,342.756817006607,329.816098822178,340.247400172364,12722092.0
2019-07-31,337.737983338121,348.120080436656,327.405090491238,332.227107153117,10861621.0
2019-08-01,329.668486067222,333.358804941109,316.038908359667,318.745142200517,9773900.0
2019-08-02,326.716230968113,349.3009824763,321.992622809538,338.082413099684,28059958.0
2019-08-05,334.687319735708,355.894352197644,333.65403045102,352.00721631715,15227460.0
2019-08-06,348.464510198219,369.425521401896,348.464510198219,362.586130422292,17019717.0
2019-08-07,362.143292157426,367.014513070957,356.730824475725,360.273530594657,12524292.0
2019-08-08,360.175122091353,372.722206262568,359.584671071531,366.227245044527,16050094.0
2019-08-09,366.079632289572,367.801781097386,358.354564780236,365.243160011491,7700362.0
2019-08-13,355.451513932778,359.191037058317,340.641034185579,346.05350186728,14028958.0
2019-08-14,349.350186727952,358.059339270325,341.772731973571,355.451513932778,7669905.0
2019-08-16,354.270611893134,359.191037058317,349.350186727952,355.795943694341,5719722.0
2019-08-19,357.66570525711,360.421143349612,354.073794886527,355.254696926171,4521771.0
2019-08-20,354.762654409652,356.58321172077,351.711990807239,352.351646078713,5266052.0
2019-08-21,352.302441827061,354.467428899741,347.529629416834,349.251778224648,4046902.0
2019-08-22,349.350186727952,351.515173800632,345.413846595806,347.13599540362,3113528.0
2019-08-23,348.366101694915,353.237322608446,344.921804079288,350.727905774203,4590240.0
2019-08-26,352.253237575409,356.878437230681,341.379097960356,354.910267164608,4931663.0
2019-08-27,356.730824475725,362.340109164033,339.263315139328,342.756817006607,32201102.0
2019-08-28,343.937719046251,343.937719046251,335.080953748923,340.296604424016,5524473.0
2019-08-29,336.90151106004,344.18374030451,335.720609020396,338.033208848032,5929198.0
2019-08-30,339.509336397587,344.036127549555,333.358804941109,341.280689457053,4765624.0
2019-09-03,340.001378914105,340.444217178972,330.16052858374,331.48904337834,4226095.0
2019-09-04,330.652571100259,341.821936225223,329.766894570526,340.198195920712,5144579.0
2019-09-05,339.509336397587,343.790106291296,335.523792013789,342.166365986785,3264321.0
2019-09-06,344.626578569377,348.366101694915,339.607744900891,343.691697787992,6274987.0
2019-09-09,345.364642344154,351.711990807239,343.986923297903,350.777110025855,3712496.0
2019-09-11,355.992760700948,356.189577707555,345.610663602413,349.448595231255,4810430.0
2019-09-12,352.696075840276,352.696075840276,341.231485205401,342.01875323183,5535262.0
2019-09-13,342.067957483482,344.134536052858,335.474587762137,337.590370583166,4920207.0
2019-09-16,337.541166331514,339.902970410802,333.014375179546,338.52525136455,5010025.0
2019-09-17,343.248859523126,343.248859523126,327.257477736283,334.441298477449,8329655.000000001
2019-09-18,336.163447285263,338.672864119506,329.274852054008,330.258937087044,7490889.0
2019-09-19,333.014375179546,337.098328066648,329.373260557311,332.227107153117,11672389.0
2019-09-20,334.293685722494,359.28944556162,329.717690318874,350.727905774203,15528435.0
2019-09-23,350.334271760988,356.484803217466,339.509336397587,342.461591496696,5746894.0
2019-09-24,342.461591496696,346.397931628842,339.902970410802,343.10124676817,4722666.0
2019-09-25,343.494880781385,345.364642344154,332.620741166332,336.212651536915,4610586.0
2019-09-26,335.622200517093,341.526710715312,335.031749497271,338.574455616202,4867361.0
2019-09-27,338.52525136455,349.251778224648,333.850847457627,343.544085033037,3353263.0
2019-09-30,347.382016661879,368.933478885378,338.77127262281,361.208411376041,19616421.0
2019-10-01,364.111462223499,364.751117494973,341.329893708704,345.364642344154,7208995.0
2019-10-03,345.364642344154,349.940637747774,335.868221775352,339.410927894283,4944826.0
2019-10-04,342.756817006607,343.150451019822,328.930422292445,334.096868715886,4705661.0
2019-10-07,332.620741166332,341.231485205401,331.735064636599,336.114243033611,3500384.0
2019-10-09,337.639574834818,355.107084171215,333.604826199368,353.680160873312,8685318.0
2019-10-10,357.12445848894,378.872737719046,356.238781959207,371.246078713014,47660614.0
2019-10-11,368.98268313703,379.217167480609,366.670083309394,376.80615914967,10908530.0
2019-10-14,378.331490950876,390.681758115484,374.198333812123,387.286664751508,10729180.0
2019-10-15,383.793162884229,385.71212869865,375.47764435507,377.544222924447,8585170.0
2019-10-16,375.034806090204,380.644090778512,371.344487216317,379.118758977305,8912567.0
2019-10-17,378.872737719046,381.332950301637,373.017431772479,379.709209997127,4787789.0
2019-10-18,378.823533467394,380.250456765297,374.444355070382,377.396610169492,3979009.0
2019-10-22,375.72366561333,390.189715598966,361.356024130997,368.146210858949,11357444.0
2019-10-23,367.555759839127,371.984142487791,349.350186727952,354.615041654697,13337712.0
2019-10-24,348.316897443263,370.360402183281,320.319678253376,366.424062051135,72697775.0
2019-10-25,364.013053720195,372.377776501005,356.829232979029,369.179500143637,27754837.0
2019-10-27,366.079632289572,369.5239299052,359.781488078139,367.162125825912,1995673.0
2019-10-29,357.222866992244,359.83069232979,347.480425165182,354.172203389831,36231891.0
2019-10-30,358.502177535191,365.439977018098,354.910267164608,362.094087905774,16869202.0
2019-10-31,360.863981614479,370.803240448147,357.960930767021,368.293823613904,12794123.0
2019-11-01,357.567296753806,370.409606434932,357.567296753806,367.11292157426,13682012.0
2019-11-04,372.23016374605,375.625257110026,368.047802355645,371.984142487791,7620719.0
2019-11-05,371.000057454754,379.364780235565,368.589049123815,377.839448434358,6641731.0
2019-11-06,378.872737719046,379.266371732261,364.357483481758,365.538385521402,8181919.0
2019-11-07,368.835070382074,369.5239299052,363.176581442114,365.833611031313,4816149.0
2019-11-08,364.111462223499,369.868359666763,360.765573111175,363.274989945418,5982102.0
2019-11-11,365.341568514795,367.998598103993,362.389313415685,365.587589773054,2774571.0
2019-11-13,366.178040792876,367.457351335823,360.322734846309,362.733743177248,6424227.0
2019-11-14,352.204033323758,361.257615627693,344.72498707268,356.730824475725,21091587.0
2019-11-15,352.154829072106,392.157885665039,351.564378052284,386.79462223499,55174490.0
2019-11-18,389.697673082448,413.856960643493,385.859741453605,402.687595518529,42661408.0
2019-11-19,420.105900603275,438.557494972709,414.742637173226,432.357759264579,62786851.0
2019-11-20,441.165320310256,445.741315713875,426.207227808101,430.340384946854,55644344.0
2019-11-21,435.457627118644,435.457627118644,415.480700948003,419.515449583453,22178883.0
2019-11-22,416.267968974433,423.107359954036,410.363458776214,413.955369146797,16775621.0
2019-11-25,414.644228669922,448.398345303074,414.644228669922,444.215983912669,33483563.0
2019-11-26,437.917839701235,439.886009767308,423.058155702384,425.469164033324,23466171.0
2019-11-27,426.600861821316,430.045159436943,419.613858086757,426.45324906636,13336531.0
2019-11-28,426.45324906636,436.835346164895,421.680436656133,429.700729675381,21940833.0
2019-11-29,432.603780522838,442.493835104855,428.224602125826,435.408422866992,20010753.0
2019-12-02,463.651663315139,477.871692042517,447.807894283252,451.301396150532,55735805.0
2019-12-03,455.434553289285,457.648744613617,438.163860959494,451.79343866705,23871561.0
2019-12-04,453.515587474864,457.402723355358,447.463464521689,454.056834243034,16541195.0
2019-12-05,455.926595805803,456.221821315714,438.262269462798,440.230439528871,17317332.0
2019-12-06,444.708026429187,445.200068945705,435.802056880207,437.77022694628,11415172.0
2019-12-09,440.47646078713,444.412800919276,434.670359092215,438.754311979316,7865300.0
2019-12-10,438.360677966102,443.822349899454,436.195690893421,439.886009767308,7140031.0
2019-12-11,437.425797184717,441.903384085033,433.587865555875,435.703648376903,6803615.0
2019-12-12,435.851261131859,436.786141913243,429.553116920425,431.668899741454,7389050.0
2019-12-13,432.997414536053,433.686274059178,419.220224073542,420.991577133008,13074677.0
2019-12-16,423.550198218903,424.189853490376,413.75855214019,415.136271186441,6962613.0
2019-12-17,417.990117782247,434.473542085608,410.953909796036,432.948210284401,22991811.0
2019-12-18,439.886009767308,439.984418270612,427.240517092789,431.324469979891,17654537.0
2019-12-19,429.061074403907,449.530043091066,423.402585463947,442.297018098248,13974432.0
2019-12-20,442.739856363114,453.072749209997,438.606699224361,446.577787991956,21289419.0
2019-12-23,441.903384085033,451.842642918702,439.344762999138,447.561873024993,10434970.0
2019-12-24,447.266647515082,452.679115196783,445.200068945705,449.874472852629,6845488.0
2019-12-26,448.053915541511,449.234817581155,438.901924734272,440.427256535478,5887041.0
2019-12-27,441.854179833381,449.776064349325,441.854179833381,447.857098534904,5887082.0
2019-12-30,452.679115196783,457.304314852054,447.857098534904,453.171157713301,11917988.0
2019-12-31,452.679115196783,455.139327779374,447.266647515082,448.545958058029,5116528.0
2020-01-01,448.791979316288,453.171157713301,442.592243608159,446.085745475438,5059995.0
2020-01-02,446.873013501867,452.088664176961,446.282562482045,447.955507038207,4842142.0
2020-01-03,448.447549554726,451.891847170353,444.314392415972,447.857098534904,5059594.0
2020-01-06,446.67619649526,450.16969836254,437.573409939673,442.493835104855,7399981.0
2020-01-07,444.806434932491,448.053915541511,436.048078138466,438.016248204539,4273646.0
2020-01-08,435.556035621948,453.41717897156,433.341844297616,451.547417408791,13858623.0
2020-01-09,460.945429474289,467.391186440678,448.053915541511,452.777523700086,17845812.0
2020-01-10,457.402723355358,458.53442114335,446.971422005171,449.726860097673,37029733.0
2020-01-13,451.695030163746,462.815191037058,447.020626256823,461.437471990807,14925989.0
2020-01-14,461.437471990807,465.127790864694,459.174076414823,461.880310255674,8086659.0
2020-01-15,462.027923010629,464.48813559322,457.599540361965,460.404182706119,10674839.0
2020-01-16,461.732697500718,469.359356506751,460.551795461074,466.35789715599,15990374.0
2020-01-17,467.538799195633,495.782039643781,467.538799195633,492.091720769894,60774623.0
2020-01-20,491.058431485205,504.540396437805,486.384027578282,500.604056305659,44464024.0
2020-01-21,501.883366848607,506.803792013789,496.372490663602,503.605515656421,64001338.0
2020-01-22,506.55777075553,515.414536052858,498.635886239586,506.311749497271,19911947.0
2020-01-23,506.803792013789,517.628727377191,504.195966676243,515.316127549555,15482185.0
2020-01-24,512.21625969549,518.95724217179,505.967319735708,515.906578569377,23385562.0
2020-01-27,512.855914966964,515.758965814421,503.753128411376,506.213340993967,11638278.0
2020-01-28,506.164136742315,506.213340993967,478.363734559035,483.431772479173,31091035.0
2020-01-29,485.25232979029,493.420235564493,480.479517380063,482.447687446136,19668016.0
2020-01-30,484.16983625395,485.055512783683,472.459224360816,482.00484918127,15055241.0
2020-01-31,485.350738293594,491.45206549842,479.249411088768,488.549014650962,18017965.0
2020-02-01,485.547555300201,493.272622809538,475.608296466533,489.28707842574,5753361.0
2020-02-03,488.155380637748,505.180051709279,488.155380637748,501.932571100259,14932443.0
2020-02-04,505.819706980753,514.282838264866,495.437609882218,510.641723642631,14376670.0
2020-02-05,509.756047112899,528.94570525711,507.591060040218,524.861752370009,30082900.0
2020-02-06,526.534696926171,544.002206262568,525.599816144786,538.097696064349,16863683.0
2020-02-07,540.164274633726,540.26268313703,529.683769031887,530.864671071531,8802579.0
2020-02-10,531.602734846309,534.997828210284,527.567986210859,530.126607296754,8412522.0
2020-02-11,530.913875323183,535.981913243321,524.271301350187,525.796633151393,6500749.0
2020-02-12,527.469577707555,533.718517667337,526.485492674519,531.012283826487,5065813.0
2020-02-13,531.11069232979,534.112151680552,523.28721631715,531.35671358805,5623475.0
2020-02-14,536.22793450158,558.517460499856,525.747428899742,556.008043665613,36826473.0
2020-02-17,555.958839413962,559.649158287848,547.643320884803,555.860430910658,22924036.0
2020-02-18,554.384303361103,559.796771042804,528.748888250503,539.524619362252,21462600.0
2020-02-19,540.361091640333,544.789474288997,530.175811548406,534.751806952025,21681078.0
2020-02-20,535.047032461936,543.214938236139,530.02819879345,536.916794024706,15715009.0
2020-02-24,533.374087905774,533.423292157426,518.711220913531,521.466659006033,9653196.0
2020-02-25,524.517322608446,529.388543521977,522.499948290721,526.731513932778,9623521.0
2020-02-26,524.222097098535,530.815466819879,512.019442688882,527.420373455904,18615730.0
2020-02-27,526.190267164608,527.3219649526,518.612812410227,523.188807813847,11171400.0
2020-02-28,516.54623384085,519.990531456478,505.327664464234,515.168514794599,16622086.0
2020-03-02,525.501407641482,527.469577707555,503.703924159724,510.100476874461,9910097.0
2020-03-03,515.660557311117,524.861752370009,505.967319735708,512.511485205401,10368929.0
2020-03-04,516.644642344154,524.320505601839,499.324745762712,508.525940821603,17733434.0
2020-03-05,514.479655271474,522.253927032462,508.427532318299,518.514403906923,14080598.0
2020-03-06,509.51002585464,515.316127549555,503.31029014651,510.887744900891,9328722.0
2020-03-09,501.883366848607,503.85153691468,483.234955472565,488.352197644355,15375756.0
2020-03-11,479.249411088768,500.407239299052,479.249411088768,485.941189313416,21007587.0
2020-03-12,470.884688307958,473.836943407067,451.891847170353,457.550336110313,14204414.0
2020-03-13,446.577787991956,500.948486067222,413.315713875323,484.022223498995,23807651.0
2020-03-16,464.73415685148,485.104717035335,448.890387819592,457.402723355358,14661576.0
2020-03-17,457.599540361965,473.344900890549,437.278184429762,447.463464521689,12396973.0
2020-03-18,452.679115196783,471.179913817868,400.965446710715,418.777385808676,28815241.0
2020-03-19,409.822212008044,444.462005170928,355.992760700948,437.671818442976,23574894.0
2020-03-20,437.917839701235,464.48813559322,429.700729675381,455.286940534329,19395922.0
2020-03-23,409.773007756392,438.606699224361,393.141970698075,400.867038207412,14632657.0
2020-03-24,404.360540074691,430.881631715024,393.781625969549,397.619557598391,12716346.0
2020-03-25,400.079770180983,431.275265728239,399.144889399598,422.270887675955,13833486.0
2020-03-26,419.71226659006,485.596759551853,413.561735133582,463.208825050273,21891560.0
2020-03-27,463.208825050273,467.243573685723,430.537201953462,441.804975581729,16076582.0
2020-03-30,436.786141913243,442.149405343292,421.188394139615,424.189853490376,10022553.0
2020-03-31,433.981499569089,439.886009767308,417.252054007469,433.883091065786,16745176.0
2020-04-01,432.997414536053,432.997414536053,405.836667624246,414.644228669922,9469124.0
2020-04-03,425.124734271761,425.124734271761,408.985739729963,417.202849755817,14153710.0
2020-04-07,426.256432059753,478.019304797472,426.256432059753,462.716782533755,15267141.0
2020-04-08,466.800735420856,483.284159724217,445.790519965527,454.302855501293,13388084.0
2020-04-09,463.504050560184,484.465061763861,463.504050560184,480.92235564493,11742601.0
2020-04-13,483.185751220914,512.609893708704,483.185751220914,504.048353921287,23966611.0
2020-04-15,525.452203389831,527.420373455904,497.012145935076,502.375409365125,25793155.0
2020-04-16,492.042516518242,504.835621947716,489.434691180695,492.485354783108,17082242.0
2020-04-17,502.867451881643,504.343579431198,490.271163458776,494.453524849181,16127623.0
2020-04-20,499.619971272623,499.619971272623,479.151002585464,482.496891697788,11473202.0
2020-04-21,476.297155989658,495.782039643781,471.524343579431,492.53455903476,15491009.0
2020-04-22,507.787877046826,508.821166331514,484.219040505602,493.420235564493,18107820.0
2020-04-23,493.863073829359,499.226337259408,483.234955472565,488.106176386096,12532120.0
2020-04-24,487.023682849756,491.058431485205,476.739994254525,486.384027578282,11937738.0
2020-04-27,490.123550703821,495.043975869003,483.284159724217,486.187210571675,9888710.0
2020-04-28,489.533099683999,489.533099683999,476.395564492962,477.920896294168,11512936.0
2020-04-29,483.136546969262,490.467980465384,479.298615340419,488.106176386096,8217929.0
2020-04-30,495.093180120655,507.738672795174,487.318908359667,506.114932490664,19799179.0
2020-05-04,494.453524849181,531.405917839701,491.944108014938,524.025280091928,34019465.0
2020-05-05,529.437747773628,544.887882792301,517.677931628842,519.646101694915,29936910.0
2020-05-06,523.28721631715,542.673691467969,521.614271760988,537.31042803792,25594404.0
2020-05-07,536.670772766446,536.670772766446,516.103395575984,519.646101694915,15532288.0
2020-05-08,531.405917839701,537.113611031313,519.892122953174,521.614271760988,13592563.0
2020-05-11,524.566526860098,539.770640620511,523.631646078713,527.666394714163,14223774.0
2020-05-12,524.517322608446,555.023958632577,522.057110025855,550.940005745476,22616586.0
2020-05-13,559.353932777937,560.682447572537,540.557908646941,547.102074116633,21114162.0
2020-05-14,542.329261706406,553.547831083022,526.583901177823,531.258305084746,13180895.0
2020-05-15,534.850215455329,548.036954898018,530.815466819879,545.281516805516,14486155.0
2020-05-18,548.036954898018,550.103533467395,526.682309681126,529.48695202528,21586051.0
2020-05-19,549.611490950876,593.895317437518,548.135363401321,589.270117782247,71909586.0
2020-05-20,595.371444987073,602.260040218328,579.232450445274,584.595713875323,35744408.0
2020-05-21,581.102212008044,594.879402470555,576.083378339558,585.087756391841,20292652.0
2020-05-22,587.498764722781,587.892398735995,577.657914392416,583.759241597242,11416299.0
2020-05-26,562.896638896869,567.275817293881,548.676610169491,550.349554725654,76497320.0
2020-05-27,552.071703533467,556.549290433783,545.035495547257,554.138282102844,22528009.0
2020-05-28,555.663613904051,558.960298764723,547.151278368285,553.793852341281,16270436.0
2020-05-29,549.119448434358,555.023958632577,535.14544096524,543.805389255961,54189241.0
2020-06-01,550.103533467395,552.711358804941,541.394380925022,550.152737719046,39288299.0
2020-06-02,554.03987359954,563.19186440678,547.249686871589,549.217856937662,31973639.0
2020-06-03,558.960298764723,559.255524274634,540.508704395289,542.870508474576,29235064.0
2020-06-04,543.51016374605,576.083378339558,540.8039299052,563.339477161735,29454952.0
2020-06-05,574.705659293307,580.610169491525,558.419051996553,575.050089054869,47874414.0
2020-06-08,578.641999425452,584.251284113761,569.982051134731,575.837357081298,20430645.0
2020-06-09,570.769319161161,582.233909796036,556.696903188739,558.763481758116,14939279.0
2020-06-10,561.912553863832,566.832979029015,554.089077851192,558.07462223499,19130490.0
2020-06-11,560.928468830796,564.667991956334,537.999287561046,543.067325481184,27293431.0
2020-06-12,531.405917839701,553.055788566504,531.405917839701,551.186027003735,18870757.0
2020-06-15,547.151278368285,554.777937374318,540.26268313703,541.935627693192,13584908.0
2020-06-16,549.119448434358,550.398758977305,528.453662740592,536.22793450158,19072659.0
2020-06-17,538.146900316001,556.500086182132,532.390002872738,554.482711864407,20531433.0
2020-06-18,555.269979890836,563.782315426602,549.316265440965,551.973295030164,19329827.0
2020-06-19,552.9573800632,568.997966101695,552.071703533467,563.388681413387,41152446.0
2020-06-22,566.636162022407,578.641999425452,561.32210284401,571.802608445849,12715786.0
2020-06-23,571.802608445849,575.296110313128,565.209238724505,569.588417121517,9762436.0
2020-06-24,571.753404194197,572.737489227234,546.167193335249,548.479793162884,12387454.0
2020-06-25,545.084699798908,554.728733122666,541.246768170066,550.103533467395,15589317.0
2020-06-26,551.087618500431,557.385762711864,548.282976156277,551.481252513645,11109042.0
2020-06-29,550.005124964091,559.895179546108,542.42767020971,558.07462223499,12920745.0
2020-06-30,562.896638896869,567.817064062051,548.528997414536,550.940005745476,12939125.0
2020-07-01,565.848893995978,565.848893995978,549.414673944269,551.235231255386,13639649.0
2020-07-02,555.811226659006,557.976213731686,548.725814421143,549.562286699225,13542472.0
2020-07-03,552.858971559897,574.164412525137,551.678069520253,572.196242459064,20620014.0
2020-07-06,578.248365412238,579.9213099684,565.89809824763,567.423430048837,15818188.0
2020-07-07,569.785234128124,573.327940247055,557.041332950302,558.123826486642,12524549.0
2020-07-08,562.896638896869,564.864808962942,550.103533467395,552.366929043378,9404763.0
2020-07-09,555.023958632577,561.174490089055,551.382844010342,559.599954036197,8452964.0
2020-07-10,560.042792301063,569.785234128124,556.647698937087,565.553668486067,13284057.0
2020-07-13,565.35685147946,579.626084458489,560.928468830796,577.461097385809,16353967.0
2020-07-14,575.197701809825,587.301947716174,569.342395863258,579.970514220052,32329098.0
2020-07-15,579.576880206837,579.576880206837,550.743188738868,554.630324619362,19693277.0
2020-07-16,556.893720195346,557.188945705257,544.494248779086,553.793852341281,11316438.0
2020-07-17,554.138282102844,564.766400459638,552.809767308245,557.730192473427,11964954.0
2020-07-20,561.912553863832,573.229531743752,558.566664751508,566.586957770756,9610173.0
2020-07-21,570.769319161161,574.508842286699,557.336558460213,558.714277506464,11784668.0
2020-07-22,558.960298764723,566.340936512496,553.843056592933,560.091996552715,10831170.0
2020-07-23,560.928468830796,566.586957770756,555.023958632577,558.173030738294,9539899.0
2020-07-24,556.008043665613,558.369847744901,546.560827348463,550.546371732261,9777107.0
2020-07-27,549.316265440965,554.777937374318,535.489870726803,550.595575983913,10695118.0
2020-07-28,549.611490950876,565.110830221201,546.462418845159,555.614409652399,13948427.0
2020-07-29,556.254064923873,560.091996552715,551.33363975869,557.188945705257,9796100.0
2020-07-30,566.832979029015,571.212157426027,534.407377190463,543.903797759265,44491235.0
2020-07-31,542.132444699799,550.398758977305,537.605653547831,546.019580580293,13661601.0
2020-08-03,545.67515081873,547.643320884803,537.704062051135,538.638942832519,9219748.0
2020-08-04,539.278598103993,544.543453030738,537.162815282965,540.26268313703,11813422.0
2020-08-05,543.214938236139,551.579661016949,537.85167480609,550.054329215743,12682481.0
2020-08-06,552.760563056593,552.760563056593,543.854593507613,546.462418845159,10425489.0
2020-08-07,547.151278368285,554.433507612755,543.264142487791,551.87488652686,7210904.0
2020-08-10,555.319184142488,556.008043665613,545.970376328641,549.955920712439,9417841.0
2020-08-11,549.119448434358,551.579661016949,541.443585176673,542.329261706406,8137948.0
2020-08-12,541.246768170066,552.317724791727,536.670772766446,538.983372594082,12381746.0
2020-08-13,525.501407641482,539.573823613904,515.906578569377,526.829922436082,36774554.0
2020-08-14,534.210560183855,534.210560183855,516.644642344154,520.187348463085,18209193.0
2020-08-17,522.106314277507,524.025280091928,509.854455616202,513.101936225223,19014347.0
2020-08-18,513.741591496696,520.679390979604,511.871829933927,517.923952887101,13517889.0
2020-08-19,520.5809824763,531.307509336398,518.711220913531,527.3219649526,17075491.0
2020-08-20,522.549152542373,525.107773628268,514.38124676817,517.185889112324,13440102.0
2020-08-21,521.368250502729,521.368250502729,507.787877046826,511.970238437231,21835588.0
2020-08-24,509.657638609595,523.926871588624,500.112013789141,518.514403906923,29166922.0
2020-08-25,525.993450158001,527.125147945993,517.628727377191,520.236552714737,19516042.0
2020-08-26,519.990531456478,519.990531456478,503.85153691468,506.311749497271,25906518.0
2020-08-27,506.213340993967,510.248089629417,499.915196782534,503.015064636599,21871778.0
2020-08-28,503.949945417983,521.12222924447,503.949945417983,515.119310542947,21808591.0
2020-08-31,510.248089629417,513.987612754955,500.456443550704,504.93403045102,186856499.0
2020-09-01,509.26400459638,546.610031600115,506.01652398736,537.556449296179,74337280.0
2020-09-02,541.246768170066,550.103533467395,536.424751508187,541.788014938236,35023081.0
2020-09-03,541.788014938236,544.100614765872,527.125147945993,529.437747773628,24622381.0
2020-09-04,523.041195058891,529.437747773628,511.232174662453,514.824085033036,28083439.0
2020-09-07,516.644642344154,519.596897443264,502.178592358518,507.246630278656,16147428.0
2020-09-08,507.787877046826,508.624349324907,486.138006320023,490.172754955473,33123745.0
2020-09-09,485.399942545246,498.586681987935,483.284159724217,496.224877908647,31478272.0
2020-09-10,499.915196782534,499.915196782534,483.382568227521,489.434691180695,21005767.0
2020-09-11,491.353656995116,494.453524849181,480.774742889974,483.825406492387,15597700.0
2020-09-14,488.106176386096,489.336282677392,460.847020970985,466.554714162597,52056004.0
2020-09-15,467.588003447285,479.889066360241,462.569169778799,477.822487790865,30857464.0
2020-09-16,479.249411088768,482.890525711003,472.902062625682,474.082964665326,13133556.0
2020-09-17,472.360815857512,474.673415685148,466.456305659293,471.376730824476,13497203.0
2020-09-18,475.313070956622,489.729916690606,467.735616202241,486.679253088193,54801702.0
2020-09-21,488.106176386096,488.106176386096,453.909221488078,460.305774202815,22737775.0
2020-09-22,461.043837977593,470.884688307958,453.663200229819,463.454846308532,18600835.0
2020-09-23,459.567710428038,459.567710428038,417.153645504165,426.896087331227,85211349.0
2020-09-24,418.482160298765,426.600861821316,409.526986498133,412.626854352198,35786844.0
2020-09-25,418.236139040506,437.868635449583,415.431496696352,432.65298477449,33602428.0
2020-09-28,438.901924734272,440.525665038782,427.142108589486,436.589324906636,21053041.0
2020-09-29,436.933754668199,437.475001436369,422.66452168917,428.667440390692,17852308.0
2020-09-30,431.02924446998,433.391048549267,411.495156564206,414.250594656708,27176498.0
2020-10-01,419.220224073542,427.683355357656,416.907624245906,425.469164033324,13344280.0
2020-10-05,425.469164033324,430.537201953462,416.267968974433,417.694892272336,15001368.0
2020-10-06,420.204309106579,423.156564205688,416.366377477736,419.958287848319,10876652.0
2020-10-07,420.991577133008,424.878713013502,414.398207411663,415.726722206263,10202818.0
2020-10-08,419.220224073542,428.569031887389,412.43003734559,417.694892272336,16705222.0
2020-10-09,421.188394139615,428.07698937087,416.563194484344,418.432956047113,20563361.0
2020-10-12,421.188394139615,423.74701522551,405.295420856076,408.444492961793,14063002.0
2020-10-13,414.447411663315,420.696351623097,406.525527147372,408.690514220052,27781773.0
2020-10-14,409.773007756392,412.823671358805,404.754174087906,406.673139902327,14110038.0
2020-10-15,406.820752657282,408.887331226659,388.713588049411,392.846745188164,27855540.0
2020-10-16,398.013191611606,400.81783395576,392.010272910083,395.257753519104,23347957.0
2020-10-19,397.127515081873,398.210008618213,387.729503016375,391.37061763861,16921274.0
2020-10-20,391.37061763861,406.623935650675,390.632553863832,398.554438379776,25909683.0
2020-10-21,399.243297902901,413.512530881931,397.127515081873,412.331628842287,23488238.0
2020-10-22,412.331628842287,425.469164033324,411.34754380925,423.796219477162,26516990.0
2020-10-23,427.978580867567,430.635610456765,420.49953461649,427.486538351049,18171287.0
2020-10-26,427.437334099397,432.456167767883,421.188394139615,427.142108589486,11736985.0
2020-10-27,427.142108589486,431.914920999713,420.696351623097,426.45324906636,12781318.0
2020-10-28,438.901924734272,480.233496121804,434.965584602126,444.658822177535,123585653.0
2020-10-29,440.574869290434,449.825268600977,437.917839701235,443.625532892847,25066939.0
2020-10-30,447.660281528296,447.660281528296,423.648606722206,426.846883079575,23051352.0
2020-11-02,428.07698937087,452.679115196783,428.07698937087,450.120494110888,28174600.0
2020-11-03,450.71094513071,453.367974719908,440.328848032175,447.365056018386,16036760.0
2020-11-04,445.790519965527,448.29993679977,440.033622522264,445.839724217179,10003680.0
2020-11-05,449.726860097673,454.548876759552,445.396885952313,450.022085607584,9234395.0
2020-11-06,449.726860097673,453.023544958345,441.608158575122,442.739856363114,11970462.0
2020-11-09,449.038000574548,467.194369434071,445.347681700661,464.291318586613,24493687.0
2020-11-10,466.456305659293,466.603918414249,457.599540361965,458.977259408216,9620279.0
2020-11-11,460.502591209423,473.689330652112,456.66465958058,470.983096811261,15737416.0
2020-11-12,469.260948003447,475.509887963229,467.489594943982,472.213203102557,14512799.0
2020-11-13,469.408560758403,470.392645791439,462.519965527147,468.178454467107,8272841.0
2020-11-14,479.249411088768,479.249411088768,471.376730824476,473.836943407067,3940508.0
2020-11-17,483.08734271761,487.072887101408,473.590922148808,476.838402757828,18699305.0
2020-11-18,476.247951738006,477.281241022695,463.602459063488,470.786279804654,10311000.0
2020-11-19,468.424475725366,473.787739155415,459.567710428038,461.093042229245,11329235.0
2020-11-20,463.012008043666,478.216121804079,457.943970123528,476.001930479747,11867647.0
2020-11-23,479.003389830509,479.003389830509,467.538799195633,469.654582016662,10005675.0
2020-11-24,470.786279804654,473.590922148808,463.700867566791,466.702326917552,9173967.0
2020-11-25,468.916518241885,470.294237288136,451.350600402183,456.713863832232,14229948.0
2020-11-26,461.2406549842,462.175535765585,452.777523700086,460.945429474289,11322533.0
2020-11-27,460.847020970985,465.127790864694,454.647285262856,455.877391554151,18151096.0
2020-12-01,460.305774202815,474.821028440103,453.171157713301,471.819569089342,18193356.0
2020-12-02,473.344900890549,480.1350876185,466.505509910945,477.182832519391,20562558.0
2020-12-03,479.347819592071,481.365193909796,466.456305659293,472.262407354209,19723853.0
2020-12-04,479.101798333812,489.877529445562,475.706704969836,485.891985061764,31039563.0
2020-12-07,490.074346452169,502.375409365125,486.728457339845,500.850077563918,22125752.0
2020-12-08,505.819706980753,508.033898305085,491.698086756679,495.585222637173,19298806.0
2020-12-09,496.864533180121,498.832703246194,491.156839988509,495.043975869003,11608846.0
2020-12-10,493.518644067797,500.653260557311,486.236414823327,497.11055443838,13194186.0
2020-12-11,500.407239299052,500.407239299052,489.385486929043,496.372490663602,13760737.0
2020-12-14,498.931111749497,503.85153691468,493.174214306234,495.043975869003,13886923.0
2020-12-15,497.799413961505,498.73429474289,490.172754955473,496.175673656995,13074733.0
2020-12-16,496.175673656995,510.543315139328,494.109095087619,507.984694053433,17381441.0
2020-12-17,508.771962079862,514.184429761563,503.85153691468,506.902200517093,19654749.0
2020-12-18,505.721298477449,506.705383510485,497.012145935076,502.52302212008,10797760.0
2020-12-21,499.423154266016,503.064268888251,472.508428612468,483.08734271761,15253094.0
2020-12-22,486.138006320023,496.962941683424,477.822487790865,492.337742028153,21233811.0
2020-12-23,492.337742028153,501.391324332089,490.467980465384,499.127928756105,13081361.0
2020-12-24,511.724217178972,514.676472278081,502.326205113473,509.067187589773,20849597.0
2020-12-28,511.822625682275,518.612812410227,508.378328066648,513.29875323183,12882390.0
2020-12-29,514.676472278081,516.595438092502,506.902200517093,511.970238437231,11246474.0
2020-12-30,515.070106291296,515.070106291296,505.130847457627,507.935489801781,10494434.0
2020-12-31,508.870370583166,510.198885377765,498.242252226372,501.588141338696,15524994.0
2021-01-01,504.097558172939,508.18151106004,500.112013789141,506.951404768745,10185843.0
2021-01-04,508.771962079862,512.21625969549,503.457902901465,508.870370583166,13240524.0
2021-01-05,505.819706980753,508.673553576559,502.965860384947,505.819706980753,10492428.0
2021-01-06,506.803792013789,523.28721631715,504.93403045102,516.939867854065,30269288.0
2021-01-07,523.533237575409,545.625946567078,518.711220913531,536.572364263143,38717913.0
2021-01-08,540.557908646941,541.000746911807,528.748888250503,531.65193909796,14270435.0
2021-01-11,532.882045389256,545.527538063775,532.882045389256,538.442125825912,19525604.0
2021-01-12,540.26268313703,559.944383797759,536.326343004884,556.746107440391,25380555.0
2021-01-13,578.641999425452,592.123964378052,557.976213731686,569.047170353347,83668562.0
2021-01-14,573.426348750359,575.492927319736,560.977673082448,571.310565929331,16661518.0
2021-01-15,599.849031887389,600.931525423729,584.349692617064,593.058845159437,56392307.0
2021-01-18,593.058845159437,593.403274921,574.705659293307,577.608710140764,20965905.0
2021-01-19,581.692663027866,587.941602987647,577.165871875898,582.873565067509,10830923.0
2021-01-20,582.873565067509,592.911232404482,579.626084458489,586.6622924447,13087294.0
2021-01-21,590.697041080149,594.436564205688,565.258442976156,572.09783395576,17060331.0
2021-01-22,574.607250790003,576.230991094513,563.634702671646,567.669451307096,12429589.0
2021-01-25,569.785234128124,578.494386670497,560.485630565929,571.507382935938,12273498.0
2021-01-27,570.769319161161,572.491467968974,553.400218328067,561.715736857225,15280757.0
2021-01-28,557.484171215168,566.685366274059,553.793852341281,561.814145360529,14921448.0
2021-01-29,569.293191611606,569.293191611606,541.837219189888,544.789474288997,25051621.0
2021-02-01,550.103533467395,571.851812697501,540.459500143637,569.93284688308,13951025.0
2021-02-02,575.591335823039,596.011100258546,570.031255386383,589.811364550417,21311866.0
2021-02-03,599.701419132433,612.592933065211,589.90977305372,599.160172364263,30076561.0
2021-02-04,605.113886814134,613.084975581729,586.170249928182,591.041470841712,51018799.0
2021-02-05,594.190542947429,596.257121516806,567.079000287274,571.851812697501,34811620.0
2021-02-08,579.626084458489,594.042930192473,575.394518816432,587.793990232692,21247165.0
2021-02-09,589.36852628555,598.077678827923,585.530594656708,589.417730537202,20541765.0
2021-02-10,595.322240735421,598.077678827923,571.01534041942,580.806986498133,31059522.0
2021-02-11,582.578339557598,593.94452168917,579.626084458489,588.581258259121,18898771.0
2021-02-12,588.335237000862,588.335237000862,575.296110313128,576.919850617639,15611939.0
2021-02-15,582.676748060902,593.403274921,580.610169491525,584.251284113761,17641523.0
2021-02-16,585.530594656708,592.025555874749,583.562424590635,584.49730537202,14787224.0
2021-02-17,587.449560471129,589.270117782247,580.659373743177,584.398896868716,16133750.0
2021-02-18,587.498764722781,588.482849755817,575.88656133295,579.675288710141,21784559.0
2021-02-19,580.610169491525,586.514679689744,566.340936512496,572.09783395576,19106404.0
2021-02-22,572.737489227234,575.591335823039,558.960298764723,561.223694340707,19854892.0
2021-02-23,565.848893995978,567.817064062051,555.023958632577,556.549290433783,23326447.0
2021-02-24,559.058707268027,564.963217466245,556.204860672221,563.831519678253,8725136.0
2021-02-25,570.670910657857,575.148497558173,567.866268313703,569.93284688308,15931134.0
2021-02-26,565.35685147946,576.624625107728,542.96891697788,547.446503878196,194887984.0
2021-03-01,549.119448434358,550.201941970698,512.708302212008,523.730054582017,54075848.0
2021-03-02,531.89796035622,535.342257971847,520.433369721345,532.586819879345,30058411.0
2021-03-03,540.01666187877,541.984831944843,531.405917839701,537.605653547831,24214390.0
2021-03-04,531.405917839701,537.31042803792,529.437747773628,531.012283826487,17352483.0
2021-03-05,526.485492674519,529.929790290147,516.054191324332,524.320505601839,16351700.0
2021-03-08,522.549152542373,526.928330939385,516.398621085895,517.33350186728,15011518.0
2021-03-09,521.66347601264,523.533237575409,506.114932490664,513.446365986785,19809833.0
2021-03-10,511.921034185579,522.057110025855,508.132306808388,517.481114622235,18663334.0
2021-03-12,522.106314277507,524.271301350187,513.249548980178,515.857374317725,11410264.0
2021-03-15,519.400080436656,519.400080436656,508.18151106004,514.528859523126,10676602.0
2021-03-16,515.660557311117,525.255386383223,515.660557311117,520.876207986211,13007824.0
2021-03-17,520.384165469693,522.549152542373,510.740132145935,514.578063774777,8326430.0
2021-03-18,521.417454754381,523.730054582017,507.148221775352,518.809629416834,12235615.0
2021-03-19,519.596897443264,526.23947141626,517.136684860672,521.515863257685,48683525.0
2021-03-22,524.566526860098,525.501407641482,514.676472278081,519.596897443264,13331409.0
2021-03-23,521.269841999426,523.976075840276,513.84,520.827003734559,14958494.0
2021-03-24,519.596897443264,524.960160873312,513.200344728526,515.316127549555,10602439.0
2021-03-25,515.070106291296,515.316127549555,491.599678253376,499.669175524275,17248482.0
2021-03-26,503.949945417983,516.54623384085,502.473817868429,514.184429761563,10943035.0
2021-03-30,519.400080436656,519.49848893996,508.033898305085,513.200344728526,10494794.0
2021-03-31,514.036817006607,517.530318873887,508.033898305085,509.067187589773,7570387.0
2021-04-01,511.67501292732,515.562148807814,506.360953748923,512.511485205401,6980458.0
2021-04-05,512.511485205401,520.5809824763,506.410158000575,519.842918701523,9203847.0
2021-04-06,520.088939959782,529.290135018673,516.201804079288,523.730054582017,12873443.0
2021-04-07,528.453662740592,538.196104567653,526.731513932778,532.98045389256,20997280.0
2021-04-08,538.097696064349,539.819844872163,531.89796035622,534.358172938811,11157958.0
2021-04-09,530.913875323183,541.000746911807,527.961620224074,536.572364263143,11426998.0
2021-04-12,528.994909508762,530.274220051709,510.248089629417,514.135225509911,9687846.0
2021-04-13,518.022361390405,531.405917839701,514.774880781385,527.617190462511,6535007.0
2021-04-15,531.405917839701,537.458040792876,521.811088767596,530.766262568228,9805711.0
2021-04-16,531.455122091353,535.489870726803,529.437747773628,532.143981614479,6157781.0
2021-04-19,523.779258833669,526.485492674519,514.92249353634,518.071565642057,7232945.0
2021-04-20,520.5809824763,528.453662740592,517.530318873887,521.761884515944,7233304.0
2021-04-22,521.565067509336,524.91095662166,517.677931628842,522.401539787418,6552131.0
2021-04-23,520.5809824763,523.976075840276,510.838540649239,514.282838264866,6992388.0
2021-04-26,514.430451019822,520.088939959782,514.430451019822,519.154059178397,5819893.0
2021-04-27,519.055650675093,529.978994541798,517.87474863545,525.796633151393,9693047.0
2021-04-28,527.420373455904,539.278598103993,527.075943694341,535.637483481758,11970652.0
2021-04-29,540.951542660155,541.246768170066,530.520241309968,532.242390117782,8683857.0
2021-04-30,525.009365124964,538.294513070957,525.009365124964,528.207641482333,8178192.0
2021-05-03,521.565067509336,553.547831083022,520.630186727952,549.955920712439,14288088.0
2021-05-04,556.942924446998,556.942924446998,537.999287561046,543.657776501006,13934607.0
2021-05-05,548.036954898018,555.958839413962,545.183108302212,551.038414248779,11872729.0
2021-05-06,551.038414248779,555.417592645792,543.805389255961,549.857512209135,9000753.0
2021-05-07,552.268520540075,563.782315426602,548.036954898018,559.452341281241,12656867.0
2021-05-10,562.896638896869,567.817064062051,560.042792301063,563.437885665039,8211446.0
2021-05-11,556.500086182132,565.701281241023,555.073162884229,559.353932777937,7885422.0
2021-05-12,558.960298764723,560.091996552715,549.316265440965,552.809767308245,6689476.0
2021-05-14,555.023958632577,560.288813559322,547.29889112324,551.481252513645,7555855.0
2021-05-17,554.974754380925,554.974754380925,537.113611031313,540.902338408503,13424956.0
2021-05-18,538.786555587475,544.100614765872,526.042654409652,527.814007469118,34324460.0
2021-05-19,529.339339270325,531.947164607871,517.825544383798,519.793714449871,19223054.0
2021-05-20,522.549152542373,522.549152542373,511.724217178972,512.363872450445,13777903.0
2021-05-21,514.92249353634,524.812548118357,513.692387245045,522.499948290721,10299402.0
2021-05-24,522.549152542373,524.517322608446,517.628727377191,518.41599540362,6268351.0
2021-05-25,521.466659006033,522.352335535766,516.152599827636,517.727135880494,9239443.0
2021-05-26,520.5809824763,522.352335535766,516.644642344154,517.382706118931,6781577.0
2021-05-27,517.727135880494,518.612812410227,510.444906636024,511.527400172364,22363299.0
2021-05-28,513.938408503304,520.088939959782,512.117851192186,515.266923297903,10060110.0
2021-05-31,517.136684860672,527.469577707555,516.743050847458,526.387084171215,12567516.0
2021-06-01,528.896501005458,529.831381786843,521.860293019247,524.418914105142,8280431.000000001
2021-06-02,521.466659006033,526.091858661304,519.596897443264,521.073024992818,10372845.0
2021-06-03,521.565067509336,524.91095662166,520.088939959782,523.582441827061,6174103.0
2021-06-04,525.452203389831,527.272760700948,522.74596954898,524.222097098535,4788898.0
2021-06-07,525.501407641482,532.390002872738,524.517322608446,527.912415972422,9496183.0
2021-06-08,529.536156276932,539.278598103993,525.501407641482,538.097696064349,12586649.0
2021-06-09,541.148359666762,542.722895719621,526.829922436082,531.405917839701,12440819.0
2021-06-10,535.243849468544,539.130985349038,531.750347601264,536.473955759839,6888855.0
2021-06-11,536.818385521402,541.000746911807,531.455122091353,532.242390117782,7634036.0
2021-06-14,532.242390117782,532.242390117782,520.876207986211,530.766262568228,5609077.0
2021-06-15,532.390002872738,534.997828210284,529.831381786843,533.866130422292,7130896.0
2021-06-16,535.14544096524,535.14544096524,526.387084171215,528.207641482333,9860470.0
2021-06-17,530.913875323183,532.636024130997,518.662016661879,520.236552714737,10026485.0
2021-06-18,522.942786555588,533.275679402471,510.740132145935,530.175811548406,14723907.0
2021-06-21,526.485492674519,533.275679402471,524.517322608446,531.012283826487,5637000.0
2021-06-22,539.327802355645,540.26268313703,526.977535191037,527.86321172077,8946586.0
2021-06-23,529.437747773628,530.618649813272,524.222097098535,525.550611893134,4679563.0
2021-06-24,526.485492674519,526.928330939385,519.006446423442,520.334961218041,6301610.0
2021-06-25,522.844378052284,527.371169204252,520.925412237863,526.583901177823,5402768.0
2021-06-28,528.453662740592,528.453662740592,522.007905774203,522.74596954898,5168753.0
2021-06-29,522.795173800632,523.779258833669,515.660557311117,516.595438092502,8553386.0
2021-06-30,518.612812410227,521.958701522551,516.00498707268,517.284297615628,5654391.0
2021-07-01,520.5809824763,522.549152542373,513.692387245045,514.332042516518,6454014.0
2021-07-02,517.235093363976,524.517322608446,511.724217178972,516.644642344154,13063791.0
2021-07-05,519.596897443264,520.088939959782,514.971697787992,515.611353059466,6256128.0
2021-07-06,515.168514794599,519.301671933353,512.806710715312,517.727135880494,10300966.0
2021-07-07,514.873289284688,522.155518529158,514.873289284688,521.171433496122,6546286.0
2021-07-08,521.565067509336,524.320505601839,515.217719046251,516.939867854065,5301428.0
2021-07-09,517.136684860672,528.94570525711,514.676472278081,527.715598965814,7169047.0
2021-07-12,530.372628555013,530.372628555013,520.236552714737,521.220637747774,8768168.0
2021-07-13,525.058569376616,526.977535191037,519.793714449871,521.614271760988,7988044.0
2021-07-14,520.5809824763,522.942786555588,518.268382648664,521.614271760988,6543996.0
2021-07-15,524.025280091928,524.025280091928,516.644642344154,517.087480609021,6759881.0
2021-07-16,518.612812410227,534.751806952025,517.579523125539,532.537615627693,11043791.0
2021-07-19,530.421832806665,536.031117494973,520.876207986211,529.880586038495,8962285.0
2021-07-20,527.912415972422,528.256845733985,514.676472278081,517.382706118931,7505544.0
2021-07-22,522.647561045677,539.278598103993,515.316127549555,537.999287561046,19847956.0
2021-07-23,538.983372594082,551.727273771905,524.271301350187,539.573823613904,32588978.0
2021-07-26,536.326343004884,545.035495547257,533.472496409078,535.391462223499,5118493.0
2021-07-27,537.113611031313,537.113611031313,527.617190462511,531.947164607871,5727485.0
2021-07-28,530.913875323183,561.617328353921,529.290135018673,558.861890261419,31932505.0
2021-07-29,564.963217466245,567.52183855214,556.008043665613,558.123826486642,15552340.0
2021-07-30,556.893720195346,559.452341281241,548.922631427751,552.711358804941,9938812.0
2021-08-02,556.99212869865,560.879264579144,551.087618500431,556.155656420569,6254864.0
2021-08-03,558.960298764723,572.737489227234,553.154197069808,570.966136167768,21280806.0
2021-08-04,565.848893995978,577.559505889112,561.223694340707,565.258442976156,21414510.0
2021-08-05,568.309106578569,609.148635449583,568.309106578569,589.171709278943,71088770.0
2021-08-06,585.03855214019,607.131261131859,579.134041941971,598.225291582879,28520160.0
2021-08-09,600.291870152255,602.948899741454,588.040011490951,589.712956047113,9892910.0
2021-08-10,592.616006894571,618.005400746912,588.876483769032,612.2977075553,33878294.0
2021-08-11,612.2977075553,619.235507038208,603.93298477449,610.969192760701,18386089.0
2021-08-12,613.084975581729,618.940281528297,607.180465383511,613.232588336685,8274954.0
2021-08-13,613.232588336685,628.633519103706,608.262958919851,626.911370295892,20690579.0
2021-08-16,628.584314852054,633.750761275496,621.941740879058,623.959115196783,10312706.0
2021-08-17,623.959115196783,627.846251077277,613.084975581729,616.381660442402,11102775.0
2021-08-18,615.938822177535,623.909910945131,610.969192760701,613.035771330078,7005347.0
2021-08-20,609.640677966102,622.925825912094,597.339615053146,603.93298477449,12534832.0
2021-08-23,608.558184429762,620.465613329503,597.930066072968,612.740545820167,12554898.0
2021-08-24,617.95619649526,617.95619649526,607.229669635162,610.231128985924,5776595.0
2021-08-25,612.445320310256,612.445320310256,601.275955185292,602.702878483195,7977884.0
2021-08-26,600.291870152255,601.76799770181,575.000884803217,577.559505889112,25831904.0
2021-08-27,579.429267451882,595.765079000287,575.738948577995,585.678207411663,16141223.0
2021-08-30,586.514679689744,615.053145647802,580.708577994829,610.575558747486,39759785.0
2021-08-31,616.086434932491,657.467210571675,615.053145647802,653.481666187877,59661820.0
2021-09-01,657.368802068371,662.584452743465,643.59161160586,655.794266015513,30228814.0
2021-09-02,659.287767882792,663.027291008331,653.481666187877,655.892674518817,18601857.0
2021-09-03,657.368802068371,658.94333812123,643.59161160586,647.970790002873,7774350.0
2021-09-06,653.82609594944,655.154610744039,643.001160586039,644.182062625682,10035041.0
2021-09-07,647.478747486355,669.669864981327,637.687101407642,659.878218902614,27665704.0
2021-09-08,667.209652398736,672.917345590348,654.416546969262,657.221189313416,20492200.0
2021-09-09,657.221189313416,677.247319735708,656.433921286987,675.229945417983,19419892.0
2021-09-13,680.986842861247,685.907268026429,674.934719908072,682.266153404194,19341527.0
2021-09-14,683.939097960356,688.564297615628,678.132996265441,683.151829933927,11479081.0
2021-09-15,685.907268026429,723.253295030164,685.070795748348,713.953691467969,55750090.0
2021-09-16,723.302499281816,725.270669347889,704.014432634301,707.163504740017,44172650.0
2021-09-17,709.525308819305,723.056478023557,709.525308819305,716.561516805516,26158201.0
2021-09-20,713.461648951451,722.023188738868,708.836449296179,713.412444699799,14066795.0
2021-09-21,711.395070382074,728.960988221775,710.509393852341,715.085389255961,13954874.0
2021-09-22,715.429819017524,720.399448434358,712.575972421718,715.183797759265,16047334.0
2021-09-23,721.727963228957,728.321332950302,711.690295891985,715.233002010916,26009026.0
2021-09-24,717.447193335248,741.016029876472,716.41390405056,727.632473427176,70844952.0
2021-09-27,719.36615914967,720.251835679402,706.720666475151,711.050640620511,11282248.0
2021-09-28,712.871197931629,715.233002010916,675.082332663028,685.070795748348,21944239.0
2021-09-29,685.907268026429,690.827693191612,678.182200517093,683.053421430623,16729859.0
2021-09-30,684.726365986785,698.503556449296,675.869600689457,677.345728239012,13911568.0
2021-10-01,676.410847457627,676.410847457627,657.024372306808,665.143073829359,14952128.0
2021-10-04,664.257397299627,675.279149669635,659.041746624533,670.55554151106,8917898.0
2021-10-05,673.50779661017,692.254616489515,669.571456478024,688.121459350761,25598885.0
2021-10-06,694.518012065499,696.682999138179,677.247319735708,680.396391841425,10406502.0
2021-10-07,684.677161735134,691.024510198219,680.297983338121,681.478885377765,8121590.0
2021-10-08,684.086710715312,688.416684860672,677.936179258834,684.431140476874,6297352.0
2021-10-11,682.069336397587,684.972387245045,674.098247629991,679.855145073255,8792050.0
2021-10-12,680.00275782821,687.28498707268,673.310979603562,675.426762424591,8579567.0
2021-10-13,678.034587762137,685.710451019822,672.228486067222,678.92026429187,7062149.0
2021-10-14,681.970927894283,682.95501292732,670.998379775927,674.885515656421,9820591.0
2021-10-18,688.859523125539,690.77848893996,668.833392703246,669.768273484631,8574445.0
2021-10-19,687.875438092502,687.875438092502,664.700235564493,670.260316001149,7328862.0
2021-10-20,672.523711577133,702.538305084746,670.55554151106,697.175041654697,21217306.0
2021-10-21,699.635254237288,701.012973283539,678.231404768745,684.972387245045,8908979.0
2021-10-22,687.383395575984,694.075173800632,673.360183855214,683.447055443838,6587256.0
2021-10-25,681.970927894283,692.795863257685,664.257397299627,680.101166331514,9540441.0
2021-10-26,683.939097960356,698.552760700948,678.034587762137,685.12,10953878.0
2021-10-27,699.4,714.65,694.0,702.35,11878571.0
2021-10-28,702.75,706.05,684.4,689.75,8884507.0
2021-10-29,692.2,701.0,677.05,685.35,8602343.0
2021-11-01,689.95,722.8,689.6,712.5,17121001.0
2021-11-02,712.5,723.1,709.55,713.95,7725455.0
2021-11-03,725.75,732.5,696.0,699.1,23261507.0
2021-11-04,704.0,704.8,699.2,701.1,1064714.0
2021-11-08,707.45,714.9,704.0,709.0,7565546.0
2021-11-09,711.7,716.45,705.15,713.2,5278131.0
2021-11-10,717.5,738.0,707.35,735.45,15180490.0
2021-11-11,735.0,738.6,724.25,728.6,7421118.0
2021-11-12,733.0,745.0,725.25,743.5,9207508.0
2021-11-15,740.0,746.0,736.2,737.55,5454742.0
2021-11-16,741.35,742.05,727.05,730.3,4639931.0
2021-11-17,724.55,732.35,716.25,720.05,8002927.0
2021-11-18,720.6,723.45,708.0,714.35,4469597.0
2021-11-22,740.0,755.95,733.1,742.1,36884348.0
2021-11-23,745.0,761.0,735.7,758.9,18240414.0
2021-11-24,764.0,781.8,756.25,758.9,21653712.0
2021-11-25,759.05,768.5,752.8,765.15,8483653.0
2021-11-26,763.0,763.0,733.1,738.75,11142921.0
2021-11-29,752.0,755.0,727.1,739.35,15885643.0
2021-11-30,740.0,750.2,722.65,728.25,14272616.0
2021-12-01,733.0,737.4,718.25,722.25,10488561.0
2021-12-02,723.9,735.7,714.15,732.55,11507427.0
2021-12-03,730.0,734.65,716.3,718.35,11024093.0
2021-12-06,718.0,721.9,693.85,697.6,8804487.0
2021-12-07,702.35,705.7,694.1,698.85,10238693.0
2021-12-08,705.0,719.0,702.3,715.15,8296393.0
2021-12-09,716.8,723.95,711.0,713.95,9069515.0
2021-12-10,711.0,718.9,707.0,710.7,4251339.0
2021-12-13,715.0,718.4,698.35,703.1,9896899.0
2021-12-14,701.0,706.3,688.4,691.6,9275631.0
2021-12-15,691.75,694.9,684.1,685.45,7674319.0
2021-12-16,689.9,689.9,677.6,681.4,9633006.0
2021-12-17,681.0,685.7,661.1,666.05,13850460.0
2021-12-20,659.15,661.15,645.1,658.25,11812939.0
2021-12-21,663.95,670.9,659.2,667.0,8084499.0
2021-12-22,667.0,686.0,667.0,684.75,8522226.0
2021-12-23,689.0,689.0,675.5,678.75,5602466.0
2021-12-24,682.1,682.85,672.65,677.05,3756020.0
2021-12-27,674.95,678.35,668.65,675.75,3658572.0
2021-12-28,679.85,683.5,675.05,680.05,3892590.0
2021-12-29,679.95,683.5,675.0,676.85,3847574.0
2021-12-30,677.5,685.8,674.2,679.35,5701612.0
2021-12-31,680.5,694.1,680.0,683.8,4598628.0
2022-01-03,687.8,692.6,683.1,691.3,2939833.0
2022-01-04,692.25,703.25,690.4,697.45,6473875.0
2022-01-05,700.9,702.75,691.75,700.0,4586105.0
2022-01-06,702.0,720.5,700.0,710.4,21642414.0
2022-01-07,713.9,715.15,701.45,704.7,4315015.0
2022-01-10,705.4,711.35,703.65,704.95,3565324.0
2022-01-11,703.0,709.55,694.6,703.45,10642484.0
2022-01-12,707.95,732.7,704.2,730.2,12366953.0
2022-01-13,729.0,735.65,726.15,731.8,5829874.0
2022-01-14,729.95,730.9,718.45,720.6,5344096.0
2022-01-17,720.0,734.75,719.55,728.6,4340924.0
2022-01-18,727.0,730.7,712.55,714.35,4312058.0
2022-01-19,714.0,715.0,701.7,703.7,5879490.0
2022-01-20,706.0,719.65,705.25,715.4,4812496.0
2022-01-21,709.6,714.0,689.35,695.25,6704622.0
2022-01-24,690.3,707.0,677.35,689.9,11091633.0
2022-01-25,684.0,720.45,682.15,711.85,14128764.0
2022-01-27,706.5,716.0,701.5,707.25,8937312.0
2022-01-28,714.9,754.0,701.65,715.8,21450677.0
2022-01-31,728.0,735.0,719.55,729.3,10745370.0
2022-02-01,733.0,735.0,718.3,723.05,4814511.0
2022-02-02,726.1,731.75,720.5,725.05,3286577.0
2022-02-03,726.0,729.0,718.5,721.65,3651578.0
2022-02-04,721.1,723.25,716.5,720.2,3284198.0
2022-02-07,718.0,720.1,699.5,706.5,6833983.0
2022-02-08,711.2,714.7,701.0,708.9,7167684.0
2022-02-09,707.1,726.1,702.15,719.35,10185173.0
2022-02-10,722.95,726.95,708.6,724.05,6074014.0
2022-02-11,721.7,725.4,710.9,715.15,5646980.0
2022-02-14,704.0,704.0,685.0,689.7,7441445.0
2022-02-15,696.0,713.1,686.6,711.55,4650249.0
2022-02-16,717.4,728.2,708.0,721.8,5433910.0
2022-02-17,724.45,727.5,715.0,717.0,5107708.0
2022-02-18,712.05,719.55,711.35,712.55,4099366.0
2022-02-21,708.05,716.55,703.0,709.95,4307430.0
2022-02-22,694.2,702.5,687.5,699.25,9148804.0
2022-02-23,700.1,708.95,699.5,704.4,4124469.0
2022-02-24,682.0,688.55,645.45,670.9,14139461.0
2022-02-25,677.5,695.15,677.5,688.65,6452099.0
2022-02-28,681.0,690.0,666.45,686.5,8301522.999999999
2022-03-02,684.0,684.0,666.0,674.25,10220908.0
2022-03-03,675.0,679.8,668.6,672.05,6517030.0
2022-03-04,665.0,667.95,650.0,653.7,7094874.0
2022-03-07,640.0,679.35,639.0,675.4,12615451.0
2022-03-08,675.0,686.85,667.6,683.0,8462985.0
2022-03-09,682.0,698.0,674.3,691.5,9896395.0
2022-03-10,699.95,707.5,690.6,697.75,5989327.0
2022-03-11,696.7,702.4,691.5,694.85,3353880.0
2022-03-14,688.15,704.85,688.15,700.4,4016137.0
2022-03-15,699.0,709.5,695.5,703.1,6006439.0
2022-03-16,710.0,715.5,705.0,712.0,3843706.0
2022-03-17,720.0,727.95,715.0,722.9,8168953.0
2022-03-21,722.0,724.35,706.8,708.2,6317305.0
2022-03-22,708.5,721.0,705.85,719.25,3000133.0
2022-03-23,719.25,719.85,703.0,704.95,7974713.0
2022-03-24,698.0,708.85,697.85,706.35,3597143.0
2022-03-25,712.3,714.45,705.85,709.35,2930336.0
2022-03-28,715.25,737.0,710.1,733.05,7960258.0
2022-03-29,740.4,763.0,737.0,754.95,15833573.0
2022-03-30,762.75,769.9,744.6,749.5,9938988.0
2022-03-31,753.0,759.0,739.7,754.95,7371181.0
2022-04-01,759.8,766.65,749.25,758.5,5920139.0
2022-04-04,757.85,775.0,756.2,767.8,5783224.0
2022-04-05,767.8,773.8,761.0,766.6,3990794.0
2022-04-06,764.0,780.7,763.0,775.65,7490027.0
2022-04-07,775.0,777.85,759.55,762.4,5818505.0
2022-04-08,768.35,768.35,757.6,762.1,5583587.0
2022-04-11,757.0,765.2,756.0,758.05,4927865.0
2022-04-12,759.95,759.95,740.1,741.65,3904026.0
2022-04-13,742.0,756.5,737.95,740.65,6343030.0
2022-04-18,736.65,740.15,723.4,729.5,8950327.0
2022-04-19,739.0,739.0,716.85,723.5,9957060.0
2022-04-20,730.05,744.5,723.95,739.35,6632292.0
2022-04-21,743.9,743.9,730.0,735.75,6111830.0
2022-04-22,731.0,740.9,729.0,738.75,5182247.0
2022-04-25,729.95,743.0,729.15,739.35,3571031.0
2022-04-26,745.0,758.9,739.1,756.3,4987848.0
2022-04-27,750.0,761.55,746.4,752.5,4571399.0
2022-04-28,751.0,754.3,744.6,747.35,6101866.0
2022-04-29,752.0,761.0,735.55,739.0,7219115.0
2022-05-02,734.0,742.95,730.35,741.35,3938533.0
2022-05-04,737.0,739.35,717.0,722.4,6785271.0
2022-05-05,726.0,733.1,714.25,718.95,4836692.0
2022-05-06,711.25,723.9,707.75,710.25,5912312.0
2022-05-09,706.1,720.5,704.45,711.5,4819274.0
2022-05-10,711.0,728.5,710.15,719.65,6746893.0
2022-05-11,719.65,735.0,716.9,722.85,6919703.0
2022-05-12,715.25,722.8,701.25,705.4,6754953.0
2022-05-13,713.0,713.0,684.75,689.9,11938252.0
2022-05-16,685.85,698.0,679.65,693.2,5412233.0
2022-05-17,695.0,710.0,690.85,707.05,4847812.0
2022-05-18,721.0,727.15,689.2,696.15,18992703.0
2022-05-19,685.0,693.0,667.85,674.25,7322668.0
2022-05-20,688.5,691.5,683.0,687.9,5577407.0
2022-05-23,681.8,693.9,679.6,685.85,3788601.0
2022-05-24,689.25,689.25,675.85,678.2,4053608.0
2022-05-25,681.25,689.9,679.55,688.2,4188088.0
2022-05-26,690.0,695.5,675.9,693.65,5780597.0
2022-05-27,697.05,700.0,676.0,684.4,7131633.0
2022-05-30,687.45,703.75,683.0,699.05,4675033.0
2022-05-31,697.5,706.6,692.6,700.2,44593174.0
2022-06-01,701.55,706.2,691.25,694.65,3749781.0
2022-06-02,688.9,696.95,683.05,695.95,3466993.0
2022-06-03,697.05,700.8,685.25,686.5,6673615.0
2022-06-06,682.2,689.8,676.5,682.95,6407024.0
2022-06-07,678.15,687.25,673.3,685.3,8349903.0
2022-06-08,682.5,687.8,660.45,663.3,13904149.0
2022-06-09,660.0,679.4,655.1,676.35,6774925.0
2022-06-10,668.0,676.45,668.0,673.35,3221484.0
2022-06-13,660.1,673.35,658.0,671.3,5982102.0
2022-06-14,669.1,689.4,669.1,682.05,8878530.0
2022-06-15,681.95,685.0,673.5,682.1,6005970.0
2022-06-16,683.1,683.9,650.0,654.2,9525587.0
2022-06-17,656.0,661.75,638.0,643.65,11085830.0
2022-06-20,644.95,647.45,634.2,640.9,3883001.0
2022-06-21,642.1,658.15,640.5,654.3,3515991.0
2022-06-22,648.6,650.35,641.45,642.85,4348884.0
2022-06-23,648.15,664.6,647.75,660.2,4336533.0
2022-06-24,662.1,675.7,662.1,671.2,5621332.0
2022-06-27,675.0,687.0,671.2,683.95,5284297.0
2022-06-28,683.0,684.9,676.3,681.15,3216376.0
2022-06-29,677.0,689.1,675.0,687.8,5011798.0
2022-06-30,689.8,691.6,679.0,684.95,6505666.0
2022-07-01,684.85,685.8,666.0,673.45,4488771.0
2022-07-04,670.5,685.5,666.05,681.9,4229588.0
2022-07-05,683.3,689.3,680.05,684.45,3494504.0
2022-07-06,684.5,694.95,684.2,693.95,4697006.0
2022-07-07,692.0,696.5,685.45,686.8,3485283.0
2022-07-08,688.0,696.6,686.65,695.15,2732170.0
2022-07-11,675.0,681.0,658.95,660.55,18687521.0
2022-07-12,663.25,666.9,660.0,663.0,7416645.0
2022-07-13,670.0,670.0,641.0,643.5,12030163.0
2022-07-14,650.0,652.2,628.75,641.65,11379990.0
2022-07-15,648.95,657.5,643.25,651.8,5567877.0
2022-07-18,657.0,670.0,649.15,663.05,8982417.0
2022-07-19,675.0,677.0,663.1,672.9,7836419.0
2022-07-20,680.0,680.0,668.2,670.65,4458819.0
2022-07-21,671.5,679.95,671.2,678.35,3550107.0
2022-07-22,679.7,681.9,675.2,678.85,2415220.0
2022-07-25,680.0,686.55,676.55,678.4,2913348.0
2022-07-26,682.6,685.35,670.25,684.1,5016687.0
2022-07-27,683.95,683.95,669.7,674.9,6237523.0
2022-07-28,678.8,679.4,664.2,666.85,7374170.0
2022-07-29,672.8,680.65,671.0,677.95,7669970.0
2022-08-01,677.95,697.8,677.05,694.45,8812526.0
2022-08-02,700.0,700.3,681.15,686.8,6236599.0
2022-08-03,688.0,696.85,687.0,693.15,5237250.0
2022-08-04,698.2,698.5,680.7,694.3,6352142.0
2022-08-05,698.0,710.0,696.35,703.65,5811092.0
2022-08-08,707.95,709.85,699.0,704.35,5918607.0
2022-08-10,713.9,718.0,706.0,715.25,12201239.0
2022-08-11,718.8,719.4,705.7,709.8,7142902.0
2022-08-12,709.85,712.5,706.65,709.7,4540159.0
2022-08-16,715.0,716.0,700.5,704.1,6679663.0
2022-08-17,707.0,724.65,702.3,722.95,8812954.0
2022-08-18,725.0,736.0,720.9,733.2,10354897.0
2022-08-19,730.2,737.6,726.0,732.3,13743828.0
2022-08-22,731.85,734.4,724.4,727.6,8118490.0
2022-08-23,725.0,742.6,722.55,737.6,8229797.000000001
2022-08-24,722.85,754.2,718.0,738.75,14922081.0
2022-08-25,744.8,754.05,735.25,741.0,9849958.0
2022-08-26,741.5,741.5,728.0,730.85,5928897.0
2022-08-29,717.7,724.9,715.1,720.6,5878942.0
2022-08-30,722.0,730.1,711.8,726.6,8894800.0
2022-09-01,726.5,746.0,726.5,735.05,11869518.0
2022-09-02,725.0,740.9,719.65,735.0,5693707.0
2022-09-05,735.0,741.95,733.25,740.4,3660135.0
2022-09-06,740.4,765.0,740.4,761.25,10166270.0
2022-09-07,755.5,761.9,686.2,753.1,126794211.0
2022-09-08,759.0,776.0,757.05,769.8,10648073.0
2022-09-09,773.0,774.8,762.9,765.75,4627905.0
2022-09-12,767.0,771.4,764.5,769.15,2654087.0
2022-09-13,774.0,788.9,770.0,784.25,8335652.0
2022-09-14,776.0,788.4,775.75,783.35,6645392.0
2022-09-15,788.0,790.65,782.0,785.1,5485310.0
2022-09-16,788.0,788.0,776.45,779.65,20211162.0
2022-09-19,773.5,786.0,772.2,782.75,5760313.0
2022-09-20,786.7,796.95,785.0,792.15,7936714.0
2022-09-21,792.15,797.0,779.0,780.2,9966193.0
2022-09-22,791.2,794.8,776.35,784.1,7721133.0
2022-09-23,788.0,788.0,768.7,771.35,9271829.0
2022-09-26,769.95,771.15,753.2,755.05,13144297.0
2022-09-27,758.85,765.0,757.2,760.6,5965026.0
2022-09-28,755.5,771.0,755.0,761.45,5546932.0
2022-09-29,763.95,769.0,759.3,764.65,5413233.0
2022-09-30,765.95,809.0,761.45,799.9,7469164.0
2022-10-03,803.4,815.55,798.05,803.35,12619046.0
2022-10-04,813.0,816.75,807.5,808.7,5772140.0
2022-10-06,810.55,815.85,786.65,788.6,6503205.0
2022-10-07,792.0,796.8,784.7,793.1,6025982.0
2022-10-10,784.95,794.8,779.7,792.35,3519416.0
2022-10-11,797.5,797.5,776.0,780.3,3699862.0
2022-10-12,780.3,781.35,769.2,775.55,5984299.0
2022-10-13,775.0,779.0,767.65,768.9,2842056.0
2022-10-14,779.95,779.95,763.05,765.95,3608210.0
2022-10-17,761.0,771.0,759.85,766.0,4566333.0
2022-10-18,769.85,785.6,768.65,783.15,4391263.0
2022-10-19,787.95,788.65,779.5,783.4,5219180.0
2022-10-20,782.0,794.0,778.3,792.9,4756732.0
2022-10-21,790.0,802.85,789.75,797.45,4807736.0
2022-10-24,800.0,807.5,800.0,802.1,522405.9999999999
2022-10-25,806.15,806.35,798.7,802.3,3184277.0
2022-10-27,806.5,822.2,804.2,817.1,8159181.0
2022-10-28,819.0,824.4,811.3,816.85,3905093.0
2022-10-31,823.0,833.8,820.0,832.0,5487233.0
2022-11-01,828.0,841.45,821.05,835.55,10488759.0
2022-11-02,830.0,830.0,807.25,809.85,11729925.0
2022-11-03,809.75,824.4,804.2,818.65,5897840.0
2022-11-04,815.7,821.8,809.2,816.4,3768226.0
2022-11-07,817.0,824.05,809.0,822.7,7171570.0
2022-11-09,824.2,825.5,814.45,819.05,3969171.0
2022-11-10,819.8,830.7,817.55,825.75,4425290.0
2022-11-11,830.75,836.9,823.8,826.9,4325441.0
2022-11-14,818.0,830.8,817.0,821.9,10406576.0
2022-11-15,822.65,838.75,822.65,835.25,6229710.0
2022-11-16,837.5,844.05,828.05,841.2,3445345.0
2022-11-17,841.8,849.4,838.4,846.15,4545534.0
2022-11-18,849.95,851.85,831.1,837.3,7405949.0
2022-11-21,837.0,852.8,835.0,851.2,5527122.0
2022-11-22,853.4,860.55,845.1,847.6,7601660.0
2022-11-23,851.85,851.85,841.6,843.25,4596816.0
2022-11-24,846.0,851.0,837.75,848.35,3455310.0
2022-11-25,852.0,860.0,841.6,846.85,2991065.0
2022-11-28,840.25,852.55,836.05,837.4,3668846.0
2022-11-29,839.0,844.8,835.0,835.85,2680296.0
2022-11-30,834.8,852.0,832.6,848.75,6874390.0
2022-12-01,853.0,853.2,841.6,848.6,4506664.0
2022-12-02,851.4,851.95,839.1,848.65,3505272.0
2022-12-05,851.0,851.6,840.85,844.1,3311316.0
2022-12-06,844.9,845.0,829.7,833.35,5567349.0
2022-12-07,837.55,841.6,832.0,834.0,3771882.0
2022-12-08,833.0,840.2,826.3,832.6,4822179.0
2022-12-09,830.3,836.6,823.95,834.9,4615843.0
2022-12-12,832.6,836.95,825.4,828.4,3149823.0
2022-12-13,822.0,840.0,822.0,838.05,3832999.0
2022-12-14,840.65,842.0,828.15,829.2,7491333.0
2022-12-15,829.0,831.0,824.35,826.35,2996482.0
2022-12-16,825.0,832.7,819.9,822.75,4309644.0
2022-12-19,822.7,845.05,822.0,840.4,6397169.0
2022-12-20,839.75,839.75,822.0,828.95,2828863.0
2022-12-21,833.0,833.05,812.35,814.0,5079337.0
2022-12-22,819.0,824.7,809.5,816.6,3626834.0
2022-12-23,814.0,817.95,805.0,808.65,2804496.0
2022-12-26,805.05,815.2,801.15,811.0,6023206.0
2022-12-27,815.0,819.45,805.0,814.8,1782053.0
2022-12-28,813.0,813.9,801.45,803.8,2907741.0
2022-12-29,807.05,824.75,760.1,820.75,6110313.0
2022-12-30,824.7,824.8,804.95,806.1,3113243.0
2023-01-02,806.25,816.2,805.6,813.5,1626846.0
2023-01-03,810.35,818.8,808.5,817.6,1717603.0
2023-01-04,818.95,820.45,806.2,811.8,2970216.0
2023-01-05,825.0,825.0,803.75,807.1,5297349.0
2023-01-06,807.55,812.25,792.0,796.0,3199618.0
2023-01-09,802.7,821.5,801.05,819.4,4340729.0
2023-01-10,826.1,826.1,790.3,792.85,8392344.0
2023-01-11,775.0,779.65,751.65,765.55,28389020.0
2023-01-12,765.0,769.3,753.55,756.9,12732671.0
2023-01-13,757.0,765.95,752.0,764.3,12279288.0
2023-01-16,766.4,768.1,754.65,759.15,5779293.0
2023-01-17,759.15,768.9,758.75,765.7,6594428.0
2023-01-18,768.2,780.0,766.0,776.55,5800899.0
2023-01-19,776.0,776.5,765.65,772.0,4169463.0
2023-01-20,775.85,775.85,758.3,764.45,6289718.0
2023-01-23,767.9,776.0,763.85,772.7,2685320.0
2023-01-24,773.0,777.55,761.0,775.65,5012125.0
2023-01-25,774.95,780.5,768.0,776.5,6560514.0
2023-01-27,774.95,778.9,765.8,774.5,6745926.0
2023-01-30,771.6,774.95,763.0,770.2,5420851.0
2023-01-31,775.0,779.0,768.4,770.3,8537557.0
2023-02-01,775.95,784.65,756.6,769.1,4472974.0
2023-02-02,765.1,781.0,765.05,777.75,2841909.0
2023-02-03,779.9,794.95,778.4,792.9,5493687.0
2023-02-06,789.7,794.65,778.8,789.25,2407975.0
2023-02-07,793.9,795.85,783.0,785.9,4126502.0
2023-02-08,778.0,781.0,765.0,775.1,9951783.0
2023-02-09,770.0,775.1,761.3,766.65,5913945.0
2023-02-10,768.95,773.2,761.0,771.95,2954992.0
2023-02-13,771.0,779.6,766.7,768.6,3705892.0
2023-02-14,769.0,777.6,766.2,775.2,3502010.0
2023-02-15,775.0,787.15,772.2,785.4,3602838.0
2023-02-16,789.65,790.5,780.6,784.45,3399428.0
2023-02-17,785.95,787.45,770.3,776.8,3093216.0
2023-02-20,781.25,793.8,777.1,779.15,3381774.0
2023-02-21,783.05,788.0,778.15,779.05,2769616.0
2023-02-22,777.0,781.65,766.5,772.15,3261898.0
2023-02-23,774.0,777.5,761.85,762.95,4062194.0
2023-02-24,775.7,775.8,755.0,757.1,4357223.0
2023-02-27,753.0,754.4,738.45,752.9,6719439.0
2023-02-28,755.0,757.1,739.65,742.25,10562614.0
2023-03-01,742.4,753.45,741.0,750.2,3744982.0
2023-03-02,751.0,751.8,735.8,740.1,4910541.0
2023-03-03,745.0,765.9,743.55,764.4,5759333.0
2023-03-06,766.7,775.9,765.1,766.6,4597345.0
2023-03-08,764.0,769.9,760.7,766.55,3546995.0
2023-03-09,795.0,795.0,770.2,773.4,5240056.0
2023-03-10,773.0,778.95,768.2,773.75,4113931.0
2023-03-13,777.45,777.8,763.15,765.3,3447889.0
2023-03-14,764.0,776.75,764.0,771.8,3753502.0
2023-03-15,758.0,765.55,752.5,756.65,8101060.0
2023-03-16,750.0,759.0,743.5,745.95,7465693.0
2023-03-17,750.0,759.45,739.15,757.25,9306857.0
2023-03-20,754.95,759.8,748.8,754.8,3566109.0
2023-03-21,760.0,766.0,755.15,756.95,5332221.0
2023-03-22,761.0,763.2,753.15,756.7,2680654.0
2023-03-23,758.0,765.8,756.85,763.55,2454948.0
2023-03-24,763.55,767.0,758.85,762.45,2336818.0
2023-03-27,763.0,769.7,759.35,761.75,2258853.0
2023-03-28,765.6,765.6,742.8,748.45,4166723.0
2023-03-29,751.0,754.9,738.85,743.6,4891868.0
2023-03-31,752.15,753.0,742.05,749.0,5796532.0
2023-04-03,755.0,761.9,752.05,760.55,2120667.0
2023-04-05,768.0,768.0,756.0,763.45,3197932.0
2023-04-06,762.6,768.7,759.1,765.95,1777379.0
2023-04-10,768.95,776.3,766.45,769.75,1701065.0
2023-04-11,776.0,776.0,768.15,774.15,3485481.0
2023-04-12,774.0,774.55,765.1,771.1,3794841.0
2023-04-13,770.0,771.15,765.45,767.05,4292170.0
2023-04-17,789.0,789.0,754.35,759.65,9083437.0
2023-04-18,765.0,765.0,752.55,759.75,4051481.0
2023-04-19,761.35,766.85,756.0,764.65,3429794.0
2023-04-20,764.0,773.75,762.6,772.3,2355441.0
2023-04-21,769.6,775.25,764.45,765.2,4524208.0
2023-04-24,765.2,767.4,755.65,760.25,5271105.0
2023-04-25,764.95,777.0,761.75,772.6,5773233.0
2023-04-26,779.9,779.9,767.1,773.45,5057352.0
2023-04-27,772.0,789.2,771.35,786.5,4129769.0
2023-04-28,789.85,802.05,787.2,799.3,6572656.0
2023-05-02,800.25,806.8,788.55,790.2,6301210.0
2023-05-03,794.5,794.5,777.2,779.3,3908267.0
2023-05-04,779.3,792.7,773.65,789.1,2457671.0
2023-05-05,789.1,790.95,780.25,787.3,1438467.0
2023-05-08,789.9,795.3,785.2,793.75,2489174.0
2023-05-09,796.9,798.35,790.5,793.6,2486331.0
2023-05-10,797.0,797.55,788.05,796.05,2737334.0
2023-05-11,794.55,794.55,783.7,788.6,4808171.0
2023-05-12,787.5,793.7,784.5,791.95,2576010.0
2023-05-15,793.0,802.5,789.55,797.05,7569060.0
2023-05-16,800.85,801.25,784.0,787.35,4846217.0
2023-05-17,788.0,797.65,783.9,792.25,6529233.0
2023-05-18,797.95,803.0,794.65,799.35,11383252.0
2023-05-19,799.35,808.35,793.25,805.75,3432240.0
2023-05-22,801.0,804.0,799.5,801.85,9996762.0
2023-05-23,808.95,808.95,797.95,799.95,6516636.0
2023-05-24,802.9,802.9,795.0,801.4,9104329.0
2023-05-25,799.6,825.5,797.85,822.7,9570396.0
2023-05-26,827.9,829.35,813.4,817.95,6150206.0
2023-05-29,829.4,829.4,818.0,821.25,3684829.0
2023-05-30,821.25,826.35,812.8,818.45,5148256.0
2023-05-31,819.0,888.75,818.0,849.9,47342125.0
2023-06-01,837.95,837.95,823.0,827.95,9713155.0
2023-06-02,832.8,839.3,826.95,836.5,6834131.0
2023-06-05,838.5,841.35,832.15,834.5,5298053.0
2023-06-06,834.5,838.25,826.15,829.45,2722174.0
2023-06-07,828.9,847.5,827.25,844.25,4110739.0
2023-06-08,847.7,849.4,834.55,836.0,4050621.0
2023-06-09,838.55,839.8,828.95,833.5,3332436.0
2023-06-12,834.85,843.1,831.75,836.35,1569715.0
2023-06-13,838.1,844.0,832.75,834.35,3224345.0
2023-06-14,832.0,833.95,819.0,827.95,5108720.0
2023-06-15,827.0,833.8,824.2,829.7,3865201.0
2023-06-16,822.5,840.0,820.8,837.8,4907797.0
2023-06-19,840.0,840.0,827.5,828.15,3017364.0
2023-06-20,828.1,833.7,826.85,831.2,2691557.0
2023-06-21,832.0,840.75,830.4,839.0,3022724.0
2023-06-22,836.7,843.5,834.7,842.8,4380046.0
2023-06-23,844.0,862.75,841.35,854.8,7667340.0
2023-06-26,857.35,857.35,846.35,851.95,4431992.0
2023-06-27,856.5,871.35,853.6,864.9,5533649.0
2023-06-28,869.5,873.6,863.6,872.2,6272649.0
2023-06-30,880.0,883.0,867.05,878.75,5217511.0
2023-07-03,880.0,884.15,874.6,879.15,3333167.0
2023-07-04,873.8,873.8,853.3,865.15,7397493.0
2023-07-05,868.0,871.0,863.05,866.65,4284477.0
2023-07-06,864.35,877.9,863.45,869.65,6365222.0
2023-07-07,865.0,883.6,862.5,870.45,18763997.0
2023-07-10,867.0,889.6,865.0,885.4,4310681.0
2023-07-11,890.0,893.15,886.3,891.9,3353977.0
2023-07-12,889.95,895.7,883.1,889.95,3033186.0
2023-07-13,891.35,893.3,883.25,885.05,4228714.0
2023-07-14,885.0,890.25,879.65,886.5,3860080.0
2023-07-17,886.0,896.65,876.0,878.1,5614592.0
2023-07-18,877.05,880.2,863.15,875.45,4731911.0
2023-07-19,875.45,877.0,867.2,870.75,6641825.0
2023-07-20,871.0,886.7,868.0,884.85,3779959.0
2023-07-21,878.1,891.9,874.8,886.0,7001587.0
2023-07-24,885.0,892.6,880.8,888.15,4125577.0
2023-07-25,888.0,894.7,879.1,883.65,3652262.0
2023-07-26,886.5,896.5,883.3,889.4,2845581.0
2023-07-27,889.35,901.4,888.15,895.15,3445446.0
2023-07-28,899.9,899.9,890.55,895.1,2314339.0
2023-07-31,894.0,897.8,885.25,889.9,4424817.0
2023-08-01,894.5,897.4,888.15,891.65,2087412.0
2023-08-02,883.2,890.65,872.6,878.1,3328903.0
2023-08-03,875.0,882.05,865.1,871.7,4642067.0
2023-08-04,869.0,892.95,866.2,889.65,7066276.0
2023-08-07,885.15,900.55,884.1,891.4,4086452.0
2023-08-08,892.0,894.3,880.45,885.4,3282856.0
2023-08-09,885.0,897.45,878.8,883.7,3185159.0
2023-08-10,882.0,883.9,868.2,874.8,3439922.0
2023-08-11,872.0,873.7,865.0,870.55,2812690.0
2023-08-14,870.5,870.6,857.6,867.05,2665905.0
2023-08-16,870.0,874.0,853.2,856.95,3962408.0
2023-08-17,857.2,859.85,850.0,856.7,3013019.0
2023-08-18,856.7,862.0,852.25,856.25,4929835.0
2023-08-21,855.65,874.0,854.1,871.95,3220142.0
2023-08-22,871.0,879.95,866.2,877.65,3333869.0
2023-08-23,877.0,877.0,866.8,868.15,1860153.0
2023-08-24,873.0,874.7,864.2,869.45,2842728.0
2023-08-25,869.45,875.95,861.1,873.5,3124339.0
2023-08-28,874.05,875.75,865.85,870.35,3094455.0
2023-08-29,870.0,870.0,848.5,855.2,14064286.0
2023-08-30,859.85,862.6,856.45,857.75,3261665.0
2023-08-31,855.5,859.5,847.05,856.4,12528190.0
2023-09-01,853.15,867.55,852.75,865.95,4427899.0
2023-09-04,865.75,869.45,859.7,865.3,3102649.0
2023-09-05,863.1,867.8,858.4,865.9,2216754.0
2023-09-06,867.15,882.4,865.8,880.3,4235096.0
2023-09-07,880.3,883.7,873.15,875.3,4532834.0
2023-09-08,881.8,890.65,878.15,885.85,3741470.0
2023-09-11,888.0,892.3,883.6,890.8,2733894.0
2023-09-12,894.9,896.5,885.0,890.4,4106031.0
2023-09-13,888.05,918.0,885.55,915.15,5222561.0
2023-09-14,920.3,920.6,910.1,914.95,5513106.0
2023-09-15,912.6,948.7,910.0,936.15,14003428.0
2023-09-18,929.4,935.8,918.0,920.2,2977375.0
2023-09-20,911.0,919.3,904.8,910.7,5241903.0
2023-09-21,910.2,920.15,903.35,917.95,4896202.0
2023-09-22,917.95,922.35,903.8,911.4,6112928.0
2023-09-25,912.0,913.35,902.05,910.4,5278045.0
2023-09-26,910.0,920.95,908.0,912.7,5355047.0
2023-09-27,914.95,921.05,907.45,920.25,4713145.0
2023-09-28,926.0,932.0,918.6,925.65,7386917.0
2023-09-29,932.0,936.4,921.8,926.4,5608557.0
2023-10-03,918.25,928.25,916.05,925.3,4338272.0
2023-10-04,918.3,925.95,918.3,924.25,5603669.0
2023-10-05,925.05,929.6,919.4,928.85,7063132.0
2023-10-06,929.2,929.2,924.3,926.05,2420855.0
2023-10-09,918.0,928.05,916.55,924.55,2248103.0
2023-10-10,924.55,954.05,921.05,948.35,7897875.0
2023-10-11,948.5,956.8,948.0,955.6,5645289.0
2023-10-12,955.6,956.8,947.0,950.35,5544735.0
2023-10-13,946.3,955.95,946.3,954.2,4421671.0
2023-10-16,957.95,958.75,943.85,946.55,1881721.0
2023-10-17,946.55,960.25,946.0,953.65,3863410.0
2023-10-18,953.0,958.9,950.65,952.85,2334392.0
2023-10-19,945.8,951.3,941.35,942.95,4306963.0
2023-10-20,937.8,947.5,937.0,945.2,3125104.0
2023-10-23,941.6,949.1,937.0,939.3,2180066.0
2023-10-25,924.6,939.65,919.0,922.6,6365249.0
2023-10-26,921.65,924.6,900.05,905.5,6595332.0
2023-10-27,910.75,918.4,906.45,914.6,3508393.0
2023-10-30,914.8,931.95,910.35,926.25,3686773.0
2023-10-31,920.3,923.55,912.4,914.4,5697563.0
2023-11-01,903.0,914.55,895.45,913.45,4821458.0
2023-11-02,920.0,925.95,916.4,923.85,6611573.0
2023-11-03,925.0,933.7,922.2,930.75,3895154.0
2023-11-06,934.2,940.7,930.0,939.2,2760800.0
2023-11-07,936.05,938.95,932.45,937.15,3616946.0
2023-11-08,941.8,941.8,934.4,936.75,1808553.0
2023-11-09,936.75,937.3,930.55,932.35,3914416.0
2023-11-10,929.0,937.0,929.0,935.5,1345614.0
2023-11-12,940.0,940.0,933.0,938.0,174810.0
2023-11-13,938.0,940.3,933.8,935.0,1656368.0
2023-11-15,948.0,952.7,936.2,950.0,4816316.0
2023-11-16,949.0,953.9,943.25,949.55,5310736.0
2023-11-17,948.8,954.0,946.0,947.3,3249469.0
2023-11-20,949.0,964.3,941.95,961.4,4646962.0
2023-11-21,967.0,976.35,961.0,970.85,5704644.0
2023-11-22,974.3,976.3,965.95,969.75,3309732.0
2023-11-23,970.0,981.0,963.7,976.65,2749555.0
2023-11-24,975.0,977.15,971.0,973.15,2322104.0
2023-11-28,974.05,988.0,971.2,984.9,5096984.0
2023-11-29,995.9,1007.1,990.95,995.4,5647918.0
2023-11-30,995.0,1018.2,992.7,1014.7,9934052.0
2023-12-01,1015.0,1022.55,1008.2,1014.7,5544950.0
2023-12-04,1036.0,1044.0,1025.2,1032.9,5164902.0
2023-12-05,1038.8,1045.95,1022.1,1031.1,4266159.0
2023-12-06,1029.1,1035.0,1013.45,1024.45,4121251.0
2023-12-07,1015.0,1019.7,998.0,1000.0,13805235.0
2023-12-08,998.7,1004.0,991.3,1000.25,6630766.0
2023-12-11,996.1,1004.6,992.05,1000.85,6195119.0
2023-12-12,999.25,1000.85,987.0,995.25,7119331.0
2023-12-13,993.2,1002.0,991.5,999.9,4153219.0
2023-12-14,1006.0,1011.2,999.15,1005.2,6541673.0
2023-12-15,999.65,1010.85,988.25,992.55,10119597.0
2023-12-18,995.0,998.8,982.15,990.25,5750263.0
2023-12-19,995.45,997.95,985.9,988.45,3912964.0
2023-12-20,992.9,993.65,969.0,971.55,3990591.0
2023-12-21,968.0,981.55,960.0,977.9,4294277.0
2023-12-22,981.9,998.95,975.55,989.55,4605120.0
2023-12-26,995.0,1002.5,989.65,999.85,2460643.0
2023-12-27,1000.0,1024.05,998.0,1021.2,4791379.0
2023-12-28,1023.9,1041.95,1022.2,1036.7,5288328.0
2023-12-29,1033.15,1043.25,1024.4,1032.2,4631749.0
2024-01-01,1031.95,1031.95,1007.0,1013.05,3804406.0
2024-01-02,1017.4,1025.45,1016.0,1021.7,6865791.0
2024-01-03,1031.95,1037.0,1021.35,1035.2,3604276.0
2024-01-04,1035.25,1058.8,1027.55,1047.9,4664043.0
2024-01-05,1053.8,1063.65,1038.95,1046.6,4008221.0
2024-01-08,1050.0,1059.0,1045.25,1049.05,4489695.0
2024-01-09,1057.0,1067.9,1048.05,1064.5,3371125.0
2024-01-10,1066.95,1073.3,1055.3,1062.7,3111573.0
2024-01-11,1065.75,1073.9,1057.35,1062.85,2604325.0
2024-01-12,1058.1,1078.55,1051.6,1076.35,3394013.0
2024-01-15,1078.05,1104.7,1074.55,1102.4,3312897.0
2024-01-16,1107.0,1117.0,1093.0,1095.9,5025540.0
2024-01-17,1092.0,1108.95,1078.8,1085.25,4568700.0
2024-01-18,1075.2,1096.0,1075.2,1087.05,4407330.0
2024-01-19,1091.0,1136.35,1089.8,1125.0,11753391.0
2024-01-20,1128.05,1139.25,1118.75,1123.75,1919442.0
2024-01-23,1145.0,1172.55,1135.0,1158.0,18194595.0
2024-01-24,1140.1,1194.0,1140.1,1189.95,9546592.0
2024-01-25,1186.0,1200.65,1157.05,1160.55,11424697.0
2024-01-29,1158.0,1169.75,1158.0,1162.15,4015858.0
2024-01-30,1162.15,1180.85,1154.55,1158.65,3902023.0
2024-01-31,1159.0,1175.05,1146.2,1170.7,5981966.0
2024-02-01,1165.05,1170.2,1148.95,1151.2,3606209.0
2024-02-02,1155.0,1175.2,1145.3,1150.8,4969983.0
2024-02-05,1154.35,1159.65,1110.0,1113.55,7809331.0
2024-02-06,1125.0,1156.1,1123.0,1134.05,9863065.0
2024-02-07,1138.8,1148.25,1131.8,1134.3,2770694.0
2024-02-08,1144.4,1146.5,1116.2,1142.15,6519392.0
2024-02-09,1145.95,1145.95,1116.25,1120.25,4203171.0
2024-02-12,1122.9,1129.0,1111.3,1118.7,3887976.0
2024-02-13,1111.0,1125.0,1103.8,1117.85,3211554.0
2024-02-14,1110.0,1121.15,1104.7,1115.85,4653070.0
2024-02-15,1122.3,1131.45,1109.4,1120.7,5056712.0
2024-02-16,1124.0,1127.05,1116.85,1120.0,3091952.0
2024-02-19,1121.05,1145.0,1118.35,1142.2,4711035.0
2024-02-20,1145.0,1151.6,1135.0,1143.95,5397418.0
2024-02-21,1155.0,1159.15,1132.6,1139.9,4570259.0
2024-02-22,1137.6,1138.75,1097.65,1135.55,8642368.0
2024-02-23,1127.0,1131.85,1115.3,1125.75,6709844.0
2024-02-26,1118.1,1125.9,1104.35,1110.05,3186134.0
2024-02-27,1113.0,1131.0,1101.3,1127.5,7149094.0
2024-02-28,1133.4,1152.65,1123.5,1128.75,5302711.0
2024-02-29,1118.85,1137.95,1099.0,1123.35,13818650.0
2024-03-01,1128.0,1140.75,1117.4,1128.7,5927490.0
2024-03-02,1128.7,1135.0,1123.55,1131.1,133654.0
2024-03-04,1132.0,1149.25,1132.0,1133.5,5855090.0
2024-03-05,1133.05,1179.75,1133.05,1168.9,5375008.0
2024-03-06,1173.95,1196.6,1157.35,1193.7,5464839.0
2024-03-07,1209.85,1213.6,1189.45,1199.7,8903981.0
2024-03-11,1186.0,1218.3,1186.0,1196.6,6679208.0
2024-03-12,1200.0,1208.0,1197.8,1204.25,4249548.0
2024-03-13,1212.0,1212.0,1151.7,1168.75,7528096.0
2024-03-14,1173.95,1199.7,1163.55,1194.6,8569080.0
2024-03-15,1190.0,1222.8,1187.85,1220.0,10115416.0
2024-03-18,1225.0,1230.55,1215.2,1225.3,4141080.0
2024-03-19,1216.2,1240.4,1214.6,1228.35,7703719.0
2024-03-20,1228.25,1239.0,1223.65,1231.8,6596032.0
2024-03-21,1238.0,1242.9,1214.1,1220.8,9952250.0
2024-03-22,1226.95,1245.0,1222.0,1236.1,7840007.0
2024-03-26,1225.0,1234.0,1210.0,1213.1,10898138.0
2024-03-27,1210.55,1228.25,1210.55,1224.8,5779169.0
2024-03-28,1226.95,1238.5,1220.3,1228.6,10518377.0
2024-04-01,1228.0,1231.9,1208.0,1217.35,5461473.0
2024-04-02,1225.0,1227.75,1203.2,1208.25,3625577.0
2024-04-03,1195.0,1240.6,1189.45,1225.7,9532291.0
2024-04-04,1231.95,1233.0,1201.3,1206.85,7327626.0
2024-04-05,1205.9,1211.35,1188.95,1191.0,4227519.0
2024-04-08,1188.0,1210.55,1183.1,1204.7,4827733.0
2024-04-09,1214.95,1214.95,1198.3,1204.45,3372798.0
2024-04-10,1213.25,1230.7,1208.75,1229.4,6442196.0
2024-04-12,1226.1,1231.85,1219.55,1225.55,7877073.0
2024-04-15,1210.6,1235.0,1210.35,1224.55,4281602.0
2024-04-16,1223.9,1233.95,1212.05,1216.45,5235632.0
2024-04-18,1220.0,1281.85,1215.8,1265.75,19939924.0
2024-04-19,1280.0,1296.5,1253.35,1289.0,13103862.0
2024-04-22,1304.0,1305.4,1288.25,1297.55,7894656.0
2024-04-23,1310.0,1351.0,1302.1,1342.35,12074766.0
2024-04-24,1352.0,1354.0,1333.55,1336.4,6277492.0
2024-04-25,1331.0,1343.8,1324.35,1338.7,8512627.0
2024-04-26,1338.0,1345.7,1322.0,1326.0,5289771.0
2024-04-29,1324.5,1346.0,1320.0,1332.45,3195888.0
2024-04-30,1323.15,1334.8,1319.95,1322.3,5272565.0
2024-05-02,1315.25,1319.9,1293.6,1304.05,7995432.0
2024-05-03,1306.0,1310.5,1258.15,1277.4,11290875.0
2024-05-06,1275.0,1298.45,1273.2,1283.4,5555467.0
2024-05-07,1286.35,1294.45,1271.0,1286.15,5767030.0
2024-05-08,1276.15,1299.4,1274.7,1288.6,2682816.0
2024-05-09,1283.0,1295.3,1270.05,1275.45,4809145.0
2024-05-10,1275.05,1308.5,1271.75,1301.15,5532513.0
2024-05-13,1301.15,1302.9,1281.4,1285.95,3703942.0
2024-05-14,1290.55,1299.9,1280.7,1284.3,3262908.0
2024-05-15,1281.55,1318.25,1280.5,1309.9,6891004.0
2024-05-16,1328.0,1356.85,1321.3,1345.1,11932181.0
2024-05-17,1353.6,1360.0,1339.25,1344.45,6614017.0
2024-05-18,1347.95,1351.0,1341.45,1347.75,149406.0
2024-05-21,1356.0,1362.75,1335.75,1344.3,5422220.0
2024-05-22,1342.15,1351.0,1329.55,1347.9,3026723.0
2024-05-23,1350.75,1377.3,1344.3,1374.05,7147341.0
2024-05-24,1375.5,1397.75,1374.05,1388.5,5622368.0
2024-05-27,1396.0,1407.0,1378.0,1384.35,6553974.0
2024-05-28,1384.8,1386.95,1366.9,1371.05,2068963.0
2024-05-29,1355.5,1390.25,1355.5,1377.1,4445083.0
2024-05-30,1378.8,1386.45,1363.5,1377.15,7100303.0
2024-05-31,1380.0,1388.0,1338.0,1372.75,24825643.0
2024-06-03,1415.3,1420.45,1385.0,1391.1,6017122.0
2024-06-04,1391.1,1397.0,1219.05,1299.7,19924421.0
2024-06-05,1325.65,1348.75,1279.85,1344.35,12175520.0
2024-06-06,1359.0,1376.25,1329.0,1370.6,10279789.0
2024-06-07,1370.6,1430.65,1363.15,1425.25,12280748.0
2024-06-10,1421.05,1436.65,1421.05,1426.05,5318477.0
2024-06-11,1426.0,1434.6,1413.0,1427.25,4416792.0
2024-06-12,1425.0,1447.85,1422.1,1438.4,4876138.0
2024-06-13,1449.0,1455.95,1420.45,1425.75,7990376.0
2024-06-14,1434.0,1434.0,1420.95,1427.4,3978442.0
2024-06-18,1444.0,1444.0,1418.0,1428.35,8671131.0
2024-06-19,1433.95,1434.8,1388.3,1392.35,8640918.0
2024-06-20,1405.95,1406.95,1376.25,1381.15,8742855.0
2024-06-21,1384.95,1423.95,1372.85,1416.05,43929578.0
2024-06-24,1402.0,1423.8,1389.35,1419.8,6195831.0
2024-06-25,1434.0,1434.0,1409.85,1414.95,6353748.0
2024-06-26,1414.95,1479.95,1408.95,1459.5,9579826.0
2024-06-27,1464.0,1489.0,1440.05,1475.8,19675528.0
2024-06-28,1536.25,1536.25,1436.65,1444.05,29145832.0
2024-07-01,1450.0,1466.8,1449.25,1454.0,6011806.0
2024-07-02,1462.0,1473.4,1417.0,1418.95,7792632.0
2024-07-03,1427.95,1432.4,1408.45,1419.85,8261388.000000001
2024-07-04,1418.0,1441.1,1411.5,1423.05,9570938.0
2024-07-05,1422.5,1433.6,1416.85,1429.7,4881198.0
2024-07-08,1431.0,1438.85,1423.15,1435.15,3261797.0
2024-07-09,1436.0,1441.65,1428.15,1435.55,2897480.0
2024-07-10,1441.0,1448.75,1426.15,1445.05,3416762.0
2024-07-11,1450.0,1450.85,1428.0,1437.95,4178558.0
2024-07-12,1442.0,1447.6,1421.45,1433.25,6342135.0
2024-07-15,1433.25,1440.0,1426.05,1437.6,3324806.0
2024-07-16,1452.0,1473.3,1445.0,1466.5,6967651.0
2024-07-18,1466.0,1485.95,1459.05,1483.65,6470342.0
2024-07-19,1480.0,1480.0,1451.95,1461.75,3858596.0
2024-07-22,1450.0,1472.0,1449.05,1465.4,3560584.0
2024-07-23,1470.0,1470.0,1428.45,1465.7,2936143.0
2024-07-24,1466.0,1475.6,1436.55,1455.2,4529339.0
2024-07-25,1445.0,1454.0,1440.1,1449.15,4277756.0
2024-07-26,1450.25,1520.0,1449.15,1514.4,9564987.0
2024-07-29,1525.0,1525.0,1477.05,1481.35,4589313.0
2024-07-30,1484.4,1484.9,1464.05,1470.35,4263689.0
2024-07-31,1477.85,1504.15,1473.15,1491.55,5634305.0
2024-08-01,1485.0,1511.0,1485.0,1505.5,4531379.0
2024-08-02,1494.1,1505.15,1483.6,1493.8,3335905.0
2024-08-05,1482.0,1488.0,1451.5,1465.7,5111901.0
2024-08-06,1483.1,1492.9,1431.1,1443.55,8249573.0
2024-08-07,1452.0,1454.9,1422.6,1441.75,5700734.0
2024-08-08,1435.0,1466.5,1430.0,1451.8,5986360.0
2024-08-09,1465.0,1482.0,1457.3,1464.1,3615910.0
2024-08-12,1466.0,1477.5,1445.0,1458.6,4028226.0
2024-08-13,1468.0,1478.4,1450.35,1459.7,4495208.0
2024-08-14,1453.1,1480.1,1453.1,1471.7,5891784.0
2024-08-16,1480.0,1491.0,1468.1,1483.55,7176426.0
2024-08-19,1487.0,1489.1,1464.3,1469.65,4404075.0
2024-08-20,1480.0,1484.75,1446.5,1449.15,10046892.0
2024-08-21,1453.0,1466.6,1447.7,1463.45,6175510.0
2024-08-22,1473.7,1499.9,1465.0,1486.35,6781325.0
2024-08-23,1493.0,1510.0,1479.35,1506.75,6238112.0
2024-08-26,1509.0,1520.7,1505.0,1513.55,4307432.0
2024-08-27,1518.0,1526.35,1502.0,1522.75,3965066.0
2024-08-28,1527.95,1564.5,1521.65,1556.35,6225319.0
2024-08-29,1565.0,1571.7,1545.95,1565.9,8036748.0
2024-08-30,1576.0,1608.4,1561.6,1589.05,37820442.0
2024-09-02,1605.0,1605.0,1565.5,1571.35,4890314.0
2024-09-03,1579.0,1579.0,1558.6,1560.6,4546295.0
2024-09-04,1558.0,1566.0,1542.0,1561.9,5213811.0
2024-09-05,1559.0,1563.0,1541.5,1547.2,5652812.0
2024-09-06,1552.8,1555.6,1530.2,1539.25,5497805.0
2024-09-09,1523.25,1546.75,1523.25,1542.65,3912508.0
2024-09-10,1545.15,1586.0,1545.15,1577.85,6163457.0
2024-09-11,1578.45,1598.9,1574.45,1577.8,5994914.0
2024-09-12,1596.15,1652.8,1590.1,1646.75,12204496.0
2024-09-13,1651.0,1654.9,1631.05,1634.45,5609618.0
2024-09-16,1634.45,1652.95,1630.1,1635.45,3762063.0
2024-09-17,1650.0,1666.05,1638.5,1661.75,4223072.0
2024-09-18,1655.2,1670.95,1647.85,1654.9,3171195.0
2024-09-19,1647.7,1711.7,1647.7,1664.85,8498240.0
2024-09-20,1671.0,1723.4,1666.0,1711.75,21646275.0
2024-09-23,1719.0,1754.25,1719.0,1750.45,5001827.0
2024-09-24,1752.0,1767.55,1746.1,1756.65,7579205.0
2024-09-25,1755.55,1766.9,1745.0,1760.4,4017103.0
2024-09-26,1770.0,1779.0,1746.15,1771.1,7417423.0
2024-09-27,1755.2,1763.45,1722.5,1734.6,7116861.0
2024-09-30,1714.0,1733.0,1704.2,1709.55,6907288.0
2024-10-01,1705.0,1722.85,1696.0,1698.7,3649090.0
2024-10-03,1665.0,1695.0,1665.0,1673.45,7200276.0
2024-10-04,1670.05,1686.7,1630.15,1640.9,8576527.0
2024-10-07,1651.0,1670.0,1642.45,1662.05,5387707.0
2024-10-08,1662.6,1679.5,1652.0,1657.45,5224335.0
2024-10-09,1666.75,1704.6,1661.05,1678.1,3414614.0
2024-10-10,1686.6,1698.95,1665.0,1678.1,5047657.0
2024-10-11,1678.1,1690.25,1658.65,1687.4,2367678.0
2024-10-14,1686.0,1710.05,1679.35,1695.6,2069815.0
2024-10-15,1708.0,1732.75,1699.95,1717.25,5891334.0
2024-10-16,1720.0,1742.25,1717.1,1733.95,3299887.0
2024-10-17,1736.75,1737.95,1694.4,1701.15,4373392.0
2024-10-18,1710.0,1716.1,1685.2,1707.85,4154915.0
2024-10-21,1705.55,1708.95,1662.0,1692.55,3836168.0
2024-10-22,1692.0,1712.9,1687.35,1692.25,3070057.0
2024-10-23,1690.0,1701.35,1680.1,1685.8,2764757.0
2024-10-24,1687.0,1693.0,1657.4,1678.45,3669575.0
2024-10-25,1681.1,1684.75,1655.85,1666.0,3434386.0
2024-10-28,1658.15,1677.85,1645.65,1663.35,2811651.0
2024-10-29,1650.5,1667.95,1610.0,1637.1,6990747.0
2024-10-30,1627.8,1651.0,1617.8,1633.35,4622628.0
2024-10-31,1634.0,1638.8,1602.15,1612.6,4921681.0
2024-11-01,1620.0,1626.35,1605.35,1616.45,279441.0
2024-11-04,1619.15,1623.85,1573.05,1591.25,6094029.0
2024-11-05,1583.25,1593.9,1566.0,1578.4,6473278.0
2024-11-06,1583.0,1610.75,1566.5,1598.8,6631728.0
2024-11-07,1595.95,1608.55,1569.65,1575.8,5160994.0
2024-11-08,1571.0,1579.5,1558.85,1569.9,3096384.0
2024-11-11,1561.0,1581.6,1551.8,1560.55,3664301.0
2024-11-12,1568.8,1595.0,1550.1,1555.65,4479934.0
2024-11-13,1559.9,1572.5,1546.35,1550.45,5816699.0
2024-11-14,1550.0,1568.0,1536.55,1550.5,5139154.0
2024-11-18,1568.95,1568.95,1529.45,1537.0,4816078.0
2024-11-19,1537.0,1558.0,1519.3,1525.5,6238241.0
2024-11-21,1538.0,1542.05,1511.0,1525.15,7356679.0
2024-11-22,1533.0,1575.0,1520.2,1569.3,7640321.0
2024-11-25,1581.95,1609.25,1562.55,1578.75,12155641.0
2024-11-26,1590.0,1604.85,1566.0,1577.25,4030593.0
2024-11-27,1569.15,1583.75,1554.15,1577.65,4982785.0
2024-11-28,1571.0,1588.5,1556.95,1560.4,6714728.0
2024-11-29,1551.15,1648.9,1551.15,1627.15,10775801.0
2024-12-02,1627.15,1646.2,1617.2,1643.6,3790108.0
2024-12-03,1652.9,1652.9,1613.15,1620.55,9131055.0
2024-12-04,1629.75,1630.5,1582.4,1584.1,8772014.0
2024-12-05,1600.0,1622.05,1585.35,1615.35,10324005.0
2024-12-06,1618.0,1624.65,1594.8,1597.85,4296866.0
2024-12-09,1595.9,1605.9,1589.05,1602.55,4264409.0
2024-12-10,1610.55,1611.85,1570.05,1578.65,14645786.0
2024-12-11,1588.0,1588.0,1571.2,1586.0,3853182.0
2024-12-12,1578.5,1617.9,1578.5,1610.55,13120939.0
2024-12-13,1618.0,1685.0,1606.8,1681.75,12900707.0
2024-12-16,1681.75,1687.0,1660.15,1662.55,4375126.0
2024-12-17,1650.5,1658.65,1608.5,1615.3,6182486.0
2024-12-18,1621.4,1623.0,1596.1,1601.9,3905144.0
2024-12-19,1586.4,1609.75,1585.45,1600.3,5865855.0
2024-12-20,1610.0,1622.3,1573.4,1578.1,9738879.0
2024-12-23,1586.0,1607.45,1578.35,1586.9,4363599.0
2024-12-24,1590.0,1598.8,1575.0,1583.9,3610076.0
2024-12-26,1583.9,1606.85,1581.1,1599.5,3400479.0
2024-12-27,1599.5,1628.45,1596.3,1599.85,2559578.0
2024-12-30,1605.0,1613.05,1581.1,1586.9,4438130.0
2024-12-31,1583.0,1597.2,1563.35,1587.75,2249626.0
2025-01-01,1593.0,1606.55,1584.05,1595.7,1405565.0
2025-01-02,1599.9,1619.6,1588.4,1609.7,3728040.0
2025-01-03,1615.0,1617.0,1593.3,1598.85,3669685.0
2025-01-06,1596.15,1609.85,1567.1,1588.45,4584188.0
2025-01-07,1594.0,1603.0,1584.05,1590.85,2830856.0
2025-01-08,1598.75,1613.45,1577.85,1599.2,3674564.0
2025-01-09,1600.0,1620.2,1592.4,1607.05,4684859.0
2025-01-10,1608.0,1625.0,1591.8,1615.9,4145892.0
2025-01-13,1580.0,1614.7,1578.1,1597.2,3705039.0
2025-01-14,1604.7,1633.4,1578.5,1600.1,7284572.0
2025-01-15,1608.05,1613.85,1593.0,1607.45,2960985.0
2025-01-16,1619.05,1635.0,1600.55,1630.2,5299325.0
2025-01-17,1630.1,1639.0,1623.0,1627.5,2678801.0
2025-01-20,1638.0,1645.0,1618.1,1641.15,3933044.0
2025-01-21,1654.0,1656.7,1620.3,1626.15,7958844.0
2025-01-22,1627.5,1641.0,1622.55,1631.75,3262136.0
2025-01-23,1624.5,1645.4,1617.2,1636.0,2457080.0
2025-01-24,1634.05,1661.9,1634.05,1644.8,3620058.0
2025-01-27,1638.95,1647.2,1593.7,1602.6,6622807.0
2025-01-28,1607.65,1630.3,1597.0,1618.35,5216471.0
2025-01-29,1620.0,1626.9,1593.15,1600.45,5009227.0
2025-01-30,1606.7,1644.95,1595.2,1640.75,4283637.0
2025-01-31,1639.1,1639.1,1574.25,1626.3,8340866.0
2025-02-01,1627.0,1644.0,1609.2,1623.25,2741589.0
2025-02-03,1619.9,1661.0,1608.1,1652.35,4146970.0
2025-02-04,1662.15,1668.3,1629.05,1661.45,6385876.0
2025-02-05,1670.0,1675.2,1649.1,1660.45,3920893.0
2025-02-06,1665.9,1667.3,1613.25,1619.75,5229162.0
2025-02-07,1635.05,1707.55,1635.0,1676.75,14873255.0
2025-02-10,1698.85,1700.0,1678.05,1693.05,6782878.0
2025-02-11,1706.0,1706.65,1686.2,1696.75,8965266.0
2025-02-12,1704.0,1713.7,1684.5,1711.55,7148192.0
2025-02-13,1710.0,1728.4,1703.9,1714.6,5356002.0
2025-02-14,1714.0,1724.1,1705.25,1717.05,5125863.0
2025-02-17,1711.75,1716.9,1666.25,1675.55,4906462.0
2025-02-18,1692.0,1695.95,1655.8,1668.9,7529598.0
2025-02-19,1670.0,1673.45,1638.45,1645.2,7776555.0
2025-02-20,1639.85,1649.8,1627.25,1643.5,5524503.0
2025-02-21,1643.5,1658.7,1629.2,1639.25,5447583.0
2025-02-24,1627.0,1637.55,1598.0,1601.3,4673190.0
2025-02-25,1597.0,1649.15,1597.0,1641.4,6286808.0
2025-02-27,1643.4,1656.0,1638.65,1650.4,7568745.0
2025-02-28,1641.95,1648.45,1559.5,1570.2,13640211.0
2025-03-03,1579.0,1602.75,1572.75,1595.8,6993525.0
2025-03-04,1589.0,1590.5,1568.0,1575.35,5219668.0
2025-03-05,1578.0,1626.1,1577.1,1618.25,6295425.0
2025-03-06,1618.0,1631.75,1590.45,1626.9,5174009.0
2025-03-07,1629.0,1642.4,1615.6,1630.7,3035558.0
2025-03-10,1640.0,1654.9,1626.6,1630.95,3778450.0
2025-03-11,1630.0,1676.4,1624.05,1662.95,6078564.0
2025-03-12,1690.0,1716.65,1634.0,1642.85,9907628.0
2025-03-13,1650.8,1656.9,1629.6,1632.5,8317331.0
2025-03-17,1612.2,1648.4,1612.2,1639.15,6405525.0
2025-03-18,1649.5,1655.0,1622.1,1627.3,6539954.0
2025-03-19,1635.0,1642.05,1627.5,1637.15,6283464.0
2025-03-20,1660.0,1709.65,1646.1,1705.25,12074465.0
2025-03-21,1709.65,1731.4,1692.0,1725.8,14715349.0
2025-03-24,1740.0,1740.0,1714.85,1718.8,4120999.0
2025-03-25,1725.0,1740.5,1706.1,1730.5,4857399.0
2025-03-26,1739.15,1765.0,1726.15,1738.55,7142394.0
2025-03-27,1739.95,1746.4,1713.25,1724.7,6222339.0
2025-03-28,1733.3,1745.75,1660.0,1733.4,4133264.0
