date,open,high,low,close,volume
2002-02-18,24.47,25.49,23.9,24.845,298846.0
2002-02-19,24.85,24.98,23.5,23.52,98278.0
2002-02-20,23.5,24.5,23.35,23.63,45199.0
2002-02-21,24.085,24.25,23.5,23.665,33929.0
2002-02-22,23.805,24.84,23.8,24.69,119642.0
2002-02-25,25.5,25.5,24.005,24.255,89132.0
2002-02-26,24.12,24.58,23.41,23.62,107678.0
2002-02-27,23.6,24.095,23.31,23.69,89796.0
2002-02-28,23.91,24.49,22.9,23.36,170760.0
2002-03-01,23.2,23.9,23.1,23.65,58519.0
2002-03-04,24.075,24.075,23.1,23.62,58075.0
2002-03-05,23.41,23.99,23.41,23.705,156703.0
2002-03-06,23.6,24.1,23.405,23.515,44240.0
2002-03-07,23.57,24.0,23.53,23.665,65958.0
2002-03-08,23.735,23.85,23.13,23.445,102427.0
2002-03-11,23.31,23.69,23.16,23.275,26114.0
2002-03-12,22.91,23.3,22.91,23.075,76830.0
2002-03-13,22.925,23.5,22.92,23.475,86655.0
2002-03-14,23.59,23.595,23.225,23.485,40695.0
2002-03-15,23.495,23.6,23.355,23.495,33543.0
2002-03-18,23.8,24.0,23.21,23.93,42694.0
2002-03-19,23.8,23.9,23.41,23.54,35971.0
2002-03-20,23.21,23.7,23.21,23.505,33154.0
2002-03-21,23.44,23.68,23.255,23.38,22072.0
2002-03-22,23.6,23.7,23.245,23.38,45557.0
2002-03-26,23.26,23.385,22.94,23.035,34025.0
2002-03-27,22.855,24.14,22.855,23.85,42827.0
2002-03-28,23.71,23.9,23.55,23.66,62503.0
2002-04-01,24.15,24.15,23.025,23.365,83509.0
2002-04-02,23.58,23.65,23.325,23.485,112307.0
2002-04-03,23.305,23.39,22.44,22.845,128357.0
2002-04-04,22.85,23.2,22.465,22.51,65912.0
2002-04-05,23.875,23.875,22.415,22.485,50042.0
2002-04-08,22.85,22.85,22.45,22.51,23828.0
2002-04-09,22.65,22.8,22.525,22.605,22023.0
2002-04-10,22.875,23.0,22.475,22.695,16144.0
2002-04-11,22.62,22.65,22.28,22.395,201294.0
2002-04-12,22.4,22.4,22.24,22.32,35285.0
2002-04-15,22.7,22.9,22.06,22.15,281517.0
2002-04-16,22.5,23.0,22.01,22.395,77520.0
2002-04-17,22.795,22.795,22.33,22.505,30150.0
2002-04-18,22.5,22.9,22.37,22.725,101951.0
2002-04-19,22.98,23.2,22.42,22.645,80104.0
2002-04-22,22.3,22.84,21.975,22.175,142306.0
2002-04-23,22.4,22.9,22.35,22.475,57949.0
2002-04-24,22.68,22.68,22.4,22.495,26110.0
2002-04-25,22.31,22.46,22.025,22.23,126499.0
2002-04-26,22.395,22.5,22.215,22.425,76480.0
2002-04-29,22.12,22.265,21.86,21.98,164789.0
2002-04-30,22.1,22.1,21.85,21.96,76341.0
2002-05-02,22.045,22.1,21.66,21.83,115411.0
2002-05-03,21.9,22.0,21.56,21.65,130948.0
2002-05-06,21.7,21.815,21.65,21.77,68295.0
2002-05-07,22.075,22.135,21.655,22.035,65721.0
2002-05-08,22.2,22.21,21.9,22.115,96566.0
2002-05-09,22.2,22.27,22.05,22.19,113870.0
2002-05-10,22.025,22.295,22.0,22.185,73878.0
2002-05-13,21.51,22.2,21.51,21.94,21043.0
2002-05-14,21.9,22.195,21.88,22.03,22187.0
2002-05-15,22.2,22.3,22.1,22.185,105545.0
2002-05-16,21.13,22.25,21.13,21.655,159300.0
2002-05-17,22.11,22.11,21.605,21.905,91996.0
2002-05-20,20.055,21.85,20.055,21.69,27163.0
2002-05-21,21.2,23.12,21.2,22.36,75771.0
2002-05-22,21.9,22.0,21.615,21.835,71693.0
2002-05-23,21.5,21.89,21.315,21.42,47595.0
2002-05-24,21.6,21.95,21.46,21.8,53729.0
2002-05-27,23.0,23.0,21.46,21.98,20628.0
2002-05-28,21.98,22.39,21.9,22.215,35132.0
2002-05-29,22.055,22.35,21.95,22.14,90585.0
2002-05-30,21.9,22.5,21.875,22.25,139473.0
2002-05-31,22.3,23.225,22.15,22.94,176617.0
2002-06-03,23.1,23.5,22.6,22.845,52425.0
2002-06-04,22.6,23.145,22.12,22.485,38106.0
2002-06-05,22.505,22.505,21.815,22.34,126610.0
2002-06-06,22.01,22.5,21.8,22.22,135120.0
2002-06-07,22.3,22.3,21.62,21.715,108535.0
2002-06-10,22.15,22.15,21.87,21.99,64129.00000000001
2002-06-11,22.5,22.6,21.865,22.065,36809.0
2002-06-12,22.28,22.28,21.865,21.99,63780.0
2002-06-13,21.915,22.09,21.855,21.99,81673.0
2002-06-14,22.0,22.075,21.9,21.985,39506.0
2002-06-17,22.0,22.0,21.86,21.9,143953.0
2002-06-18,22.04,22.1,21.805,21.855,38660.0
2002-06-19,21.8,21.995,21.8,21.87,33252.0
2002-06-20,21.9,22.175,21.635,21.84,46363.0
2002-06-21,21.855,22.17,21.7,21.95,22211.0
2002-06-24,21.8,21.8,21.36,21.46,119995.0
2002-06-25,21.5,21.745,21.3,21.33,69565.0
2002-06-26,21.5,21.5,21.35,21.435,13692.0
2002-06-27,21.405,21.5,20.58,20.655,116600.0
2002-06-28,20.995,21.03,19.975,20.155,202772.0
2002-07-01,20.0,21.34,20.0,21.18,173747.0
2002-07-02,21.3,21.3,20.815,20.965,91140.0
2002-07-03,21.0,21.0,20.8,20.985,38226.0
2002-07-04,21.03,21.845,20.835,21.735,115440.0
2002-07-05,21.845,21.845,21.1,21.34,46638.0
2002-07-08,21.175,21.6,20.88,20.97,66340.0
2002-07-09,21.23,21.35,20.8,20.97,86858.0
2002-07-10,21.0,21.1,20.865,21.03,128222.0
2002-07-11,21.1,21.1,20.85,21.015,49148.0
2002-07-12,21.1,21.1,20.905,20.995,18484.0
2002-07-15,20.95,21.095,20.92,21.005,33878.0
2002-07-16,21.02,21.2,20.655,21.07,64718.0
2002-07-17,21.025,21.045,20.77,20.99,75479.0
2002-07-18,21.265,21.36,20.92,21.07,36652.0
2002-07-19,20.925,21.495,20.9,21.415,96170.0
2002-07-22,21.9,21.9,21.125,21.485,217383.0
2002-07-23,21.7,21.91,21.31,21.48,112241.0
2002-07-24,21.545,21.545,20.9,21.105,40471.0
2002-07-25,21.3,21.3,21.03,21.275,34361.0
2002-07-26,21.19,21.395,20.93,21.1,73714.0
2002-07-29,20.95,21.45,20.95,21.23,44779.0
2002-07-30,21.215,21.25,20.965,21.015,45439.0
2002-07-31,21.0,21.4,20.93,21.275,56705.0
2002-08-01,21.395,21.4,20.75,21.085,50123.0
2002-08-02,21.0,21.045,20.835,21.0,18924.0
2002-08-05,21.29,21.29,20.96,21.0,22037.0
2002-08-06,21.01,21.175,20.925,21.09,25955.0
2002-08-07,21.01,21.1,20.99,21.025,32794.0
2002-08-08,20.915,21.07,20.85,20.94,37812.0
2002-08-09,20.81,21.02,20.81,21.0,77051.0
2002-08-12,20.88,21.05,20.875,20.98,50422.0
2002-08-13,21.0,21.5,20.905,21.15,32029.0
2002-08-14,21.01,21.275,20.735,20.83,23487.0
2002-08-16,20.92,21.18,20.825,21.03,68272.0
2002-08-19,21.05,21.195,20.95,21.1,49330.0
2002-08-20,21.2,21.2,20.975,21.155,38572.0
2002-08-21,21.0,21.05,20.81,20.94,134260.0
2002-08-22,21.0,21.1,20.7,20.895,44443.0
2002-08-23,20.725,21.02,20.725,20.95,57058.0
2002-08-26,21.13,21.13,20.8,21.04,31730.0
2002-08-27,21.05,21.05,20.9,20.985,16977.0
2002-08-28,20.9,21.14,20.88,20.985,19162.0
2002-08-29,20.925,21.125,20.835,21.06,22816.0
2002-08-30,20.975,21.15,20.905,20.955,169890.0
2002-09-02,21.09,21.1,20.965,20.99,18045.0
2002-09-03,21.08,21.1,20.9,21.0,19562.0
2002-09-04,21.015,21.34,20.9,21.285,33034.0
2002-09-05,21.2,21.395,21.025,21.19,35771.0
2002-09-06,21.2,21.22,21.03,21.065,22439.0
2002-09-09,21.0,21.1,20.88,21.005,19277.0
2002-09-11,21.0,21.29,20.95,21.26,32720.0
2002-09-12,21.2,21.46,21.05,21.34,29108.0
2002-09-13,21.075,21.52,21.075,21.475,40485.0
2002-09-16,21.28,21.7,21.28,21.59,29124.0
2002-09-17,21.42,22.375,21.42,22.265,65111.99999999999
2002-09-18,22.105,22.6,22.0,22.485,110382.0
2002-09-19,22.47,22.47,22.0,22.01,36995.0
2002-09-20,22.0,22.195,21.8,22.01,17198.0
2002-09-23,22.0,22.1,21.91,21.99,96244.0
2002-09-24,21.865,21.865,21.435,21.675,48467.0
2002-09-25,21.695,21.695,20.97,20.99,56126.0
2002-09-26,21.0,21.265,20.835,20.95,15418.0
2002-09-27,20.9,22.5,20.9,22.08,148191.0
2002-09-30,21.7,22.1,21.11,21.86,65278.00000000001
2002-10-01,21.61,21.7,21.105,21.165,45803.0
2002-10-03,21.3,21.3,20.8,20.975,145215.0
2002-10-04,20.955,21.15,20.75,21.01,74638.0
2002-10-07,20.95,21.095,20.8,20.91,82004.0
2002-10-08,20.815,21.075,20.805,20.91,72413.0
2002-10-09,20.9,20.99,20.755,20.825,122320.0
2002-10-10,20.85,20.85,20.5,20.635,83125.0
2002-10-11,20.8,20.85,20.64,20.67,42270.0
2002-10-14,20.7,20.93,20.7,20.795,63841.0
2002-10-16,20.895,20.895,20.35,20.43,82658.0
2002-10-17,20.5,20.7,19.9,19.965,193846.0
2002-10-18,20.275,20.275,19.4,19.61,173293.0
2002-10-21,20.0,20.0,19.6,19.74,151437.0
2002-10-22,20.1,20.1,19.55,19.645,85600.0
2002-10-23,19.88,19.9,19.45,19.52,54674.0
2002-10-24,19.475,19.64,19.33,19.4,233552.0
2002-10-25,19.3,19.6,19.1,19.24,107728.0
2002-10-28,19.28,19.6,19.28,19.37,138090.0
2002-10-29,19.3,19.7,19.3,19.485,55944.0
2002-10-30,19.305,19.585,18.6,18.905,140307.0
2002-10-31,18.955,19.23,18.855,18.99,95990.0
2002-11-01,18.9,19.42,18.8,18.985,196187.0
2002-11-04,19.2,19.39,19.1,19.22,13910.0
2002-11-05,19.295,19.5,19.125,19.475,20320.0
2002-11-07,19.505,19.6,19.29,19.49,35542.0
2002-11-08,19.55,19.61,19.42,19.51,49075.0
2002-11-11,19.48,19.62,19.48,19.59,28920.0
2002-11-12,19.74,19.9,19.51,19.815,19643.0
2002-11-13,19.0,19.84,19.0,19.375,122238.0
2002-11-14,19.305,19.495,18.91,19.275,132530.0
2002-11-15,19.26,19.305,19.15,19.275,187023.0
2002-11-18,19.23,19.48,19.225,19.375,69249.0
2002-11-20,19.4,19.5,19.2,19.45,50100.0
2002-11-21,19.41,19.41,19.25,19.35,77988.0
2002-11-22,19.5,19.64,19.305,19.55,101586.0
2002-11-25,19.595,20.005,19.455,19.545,488654.0
2002-11-26,19.74,19.74,19.5,19.575,68406.0
2002-11-27,19.6,19.75,19.4,19.575,128081.0
2002-11-28,19.65,19.65,19.475,19.54,114623.0
2002-11-29,19.6,19.65,19.485,19.505,123063.0
2002-12-02,19.59,19.59,19.41,19.49,73633.0
2002-12-03,19.52,19.55,19.4,19.51,108026.0
2002-12-04,19.34,19.9,19.34,19.58,151088.0
2002-12-05,19.68,19.89,19.46,19.785,47359.0
2002-12-06,20.0,20.08,19.55,19.83,58471.0
2002-12-09,19.025,20.0,19.025,19.63,101049.0
2002-12-10,19.51,19.525,18.8,19.0,141389.0
2002-12-11,19.025,19.185,18.73,18.8,84652.0
2002-12-12,19.0,19.75,18.92,19.405,311628.0
2002-12-13,19.7,20.48,19.7,20.285,502623.0
2002-12-16,20.5,21.555,20.5,20.95,345437.0
2002-12-17,21.1,21.59,20.505,21.505,222956.0
2002-12-18,21.6,21.99,21.235,21.785,267483.0
2002-12-19,21.5,21.89,21.28,21.805,197377.0
2002-12-20,21.875,22.2,21.725,22.045,151988.0
2002-12-23,22.075,22.3,21.8,21.975,87463.0
2002-12-24,21.93,22.075,21.8,21.845,83455.0
2002-12-26,21.95,21.975,21.8,21.8,33996.0
2002-12-27,21.73,21.95,21.73,21.855,207767.0
2002-12-30,21.73,21.795,21.31,21.42,33827.0
2002-12-31,21.31,21.99,21.1,21.605,130035.0
2003-01-01,21.99,21.99,21.5,21.56,18752.0
2003-01-02,21.7,21.9,21.49,21.835,31539.0
2003-01-03,21.555,21.85,21.5,21.545,34211.0
2003-01-06,21.54,21.6,21.41,21.485,90909.0
2003-01-07,21.5,21.8,21.455,21.765,88901.0
2003-01-08,21.635,21.7,21.45,21.495,121544.0
2003-01-09,21.4,21.53,21.15,21.395,152386.0
2003-01-10,21.205,21.74,20.99,21.49,142193.0
2003-01-13,21.575,21.94,21.555,21.72,59613.0
2003-01-14,21.845,21.85,21.615,21.805,57997.0
2003-01-15,21.94,22.345,21.605,21.745,135584.0
2003-01-16,21.99,21.99,21.76,21.91,65633.0
2003-01-17,22.0,23.6,21.95,22.37,180136.0
2003-01-20,22.4,22.55,22.2,22.39,96987.0
2003-01-21,22.45,22.8,22.29,22.625,102769.0
2003-01-22,22.7,24.19,22.7,24.015,393737.0
2003-01-23,24.2,24.345,23.47,23.63,147069.0
2003-01-24,23.7,23.99,23.41,23.75,151801.0
2003-01-27,23.8,23.95,23.5,23.805,163080.0
2003-01-28,23.8,23.99,22.1,23.205,191557.0
2003-01-29,23.99,23.99,22.7,22.94,31929.0
2003-01-30,22.81,23.175,22.4,22.695,60936.0
2003-01-31,22.9,23.9,22.65,23.71,200312.0
2003-02-03,22.2,24.3,22.2,23.825,146708.0
2003-02-04,23.995,24.445,23.85,24.01,225801.0
2003-02-05,24.12,24.125,23.885,24.01,64409.00000000001
2003-02-06,24.0,24.315,24.0,24.24,79260.0
2003-02-07,24.3,25.035,24.15,24.68,295679.0
2003-02-10,24.59,24.7,24.25,24.635,78241.0
2003-02-11,24.475,24.9,24.475,24.56,149638.0
2003-02-12,24.715,25.0,24.11,24.87,278563.0
2003-02-14,24.95,25.24,24.65,24.825,193587.0
2003-02-17,24.705,24.95,24.63,24.825,43115.0
2003-02-18,24.75,25.0,24.5,24.615,61293.0
2003-02-19,25.01,25.3,24.7,25.175,341219.0
2003-02-20,25.5,25.6,24.915,25.035,117455.0
2003-02-21,25.195,25.2,24.51,25.02,101212.0
2003-02-24,24.705,25.0,24.6,24.76,42826.0
2003-02-25,24.72,24.75,24.505,24.55,22236.0
2003-02-26,24.65,25.0,24.5,24.86,80646.0
2003-02-27,24.85,25.0,24.615,24.835,69178.0
2003-02-28,24.83,25.37,24.425,24.985,212786.0
2003-03-03,25.005,25.225,24.055,24.285,36165.0
2003-03-04,24.205,24.6,24.0,24.29,56164.0
2003-03-05,24.275,24.5,24.035,24.115,71007.0
2003-03-06,24.3,24.3,24.01,24.09,63424.0
2003-03-07,24.01,24.01,23.7,23.8,156291.0
2003-03-10,23.82,24.6,23.82,24.02,50717.0
2003-03-11,23.73,24.59,23.485,23.84,33954.0
2003-03-12,23.82,23.9,23.7,23.815,31489.0
2003-03-13,24.0,24.15,23.9,23.925,142497.0
2003-03-17,23.86,24.02,23.825,23.945,246925.0
2003-03-19,23.9,24.3,23.65,24.08,153220.0
2003-03-20,24.295,24.6,23.78,24.495,80892.0
2003-03-21,24.2,24.95,23.8,24.25,68664.0
2003-03-22,24.1,24.385,23.7,23.805,19273.0
2003-03-24,24.88,24.88,23.4,23.59,97538.0
2003-03-25,23.4,23.68,23.0,23.29,28170.0
2003-03-26,23.4,23.9,20.5,23.78,45963.0
2003-03-27,23.755,23.8,21.64,22.73,80504.0
2003-03-28,22.89,23.68,22.7,23.625,54433.0
2003-03-31,23.4,23.935,23.21,23.455,98015.0
2003-04-01,23.305,23.575,23.1,23.43,43108.0
2003-04-02,23.55,23.7,23.1,23.315,116211.0
2003-04-03,23.3,23.74,23.295,23.655,32183.0
2003-04-04,23.5,24.2,23.375,23.935,65009.0
2003-04-07,24.1,24.975,24.1,24.6,106192.0
2003-04-08,24.79,24.79,23.8,23.965,120123.0
2003-04-09,24.0,24.0,23.235,23.46,61539.0
2003-04-10,23.1,25.0,23.1,23.56,157312.0
2003-04-11,24.1,24.49,23.5,23.965,107262.0
2003-04-15,24.5,24.5,23.81,24.105,135814.0
2003-04-16,24.425,24.65,24.255,24.365,428456.0
2003-04-17,24.4,24.89,24.3,24.71,369924.0
2003-04-21,24.6,24.7,24.4,24.51,70843.0
2003-04-22,24.275,24.5,24.225,24.4,119501.0
2003-04-23,24.425,24.425,23.6,23.71,153565.0
2003-04-24,23.75,24.3,23.6,23.975,154002.0
2003-04-25,23.8,24.55,23.755,24.45,103252.0
2003-04-28,24.6,24.6,24.21,24.395,40796.0
2003-04-29,24.495,24.88,24.315,24.505,138332.0
2003-04-30,24.305,24.88,24.18,24.7,238604.0
2003-05-02,24.795,25.595,24.6,25.26,336690.0
2003-05-05,25.5,25.7,24.81,25.02,173757.0
2003-05-06,24.5,24.995,24.5,24.75,102158.0
2003-05-07,24.8,24.85,24.325,24.58,144015.0
2003-05-08,24.585,24.585,24.165,24.345,77703.0
2003-05-09,24.8,24.8,24.2,24.575,40765.0
2003-05-12,24.5,24.8,24.22,24.335,97259.0
2003-05-13,24.68,24.68,24.325,24.475,39488.0
2003-05-14,24.0,24.52,24.0,24.41,24511.0
2003-05-15,24.4,25.0,24.26,24.9,51185.0
2003-05-16,24.9,25.21,24.9,25.115,81685.0
2003-05-19,25.375,25.4,24.54,24.85,167472.0
2003-05-20,24.68,24.79,24.505,24.545,71134.0
2003-05-21,24.79,25.245,23.905,24.675,116477.0
2003-05-22,24.95,25.3,24.02,24.11,53920.0
2003-05-23,24.78,24.78,24.15,24.3,43224.0
2003-05-26,24.6,25.25,24.355,25.02,139529.0
2003-05-27,25.1,25.195,24.4,24.535,50708.0
2003-05-28,24.75,24.75,24.205,24.295,51050.0
2003-05-29,24.13,25.0,24.13,24.695,174400.0
2003-05-30,24.61,24.995,24.405,24.51,110524.0
2003-06-02,24.305,24.79,24.12,24.35,92367.0
2003-06-03,24.1,25.1,24.08,24.935,544884.0
2003-06-04,25.21,25.59,25.0,25.19,153436.0
2003-06-05,25.4,25.675,25.1,25.21,195030.0
2003-06-06,25.28,26.45,25.2,25.94,554751.0
2003-06-09,26.06,26.72,25.935,26.17,200769.0
2003-06-10,25.8,26.0,25.115,25.265,77421.0
2003-06-11,25.6,26.135,25.01,25.81,334366.0
2003-06-12,25.6,25.85,25.03,25.165,74323.0
2003-06-13,25.1,25.7,25.0,25.175,120609.0
2003-06-16,25.2,25.45,25.13,25.285,130150.0
2003-06-17,25.5,25.74,25.195,25.295,184293.0
2003-06-18,25.4,25.465,24.81,25.165,116769.0
2003-06-19,25.39,25.41,24.9,24.925,159101.0
2003-06-20,25.1,25.39,24.4,24.82,139204.0
2003-06-23,24.9,24.98,24.215,24.31,60771.0
2003-06-24,24.41,24.5,23.99,24.12,157769.0
2003-06-25,24.105,24.4,24.0,24.195,157947.0
2003-06-26,24.205,24.7,23.9,24.48,311125.0
2003-06-27,24.4,25.095,24.4,24.83,207054.0
2003-06-30,25.0,26.1,25.0,25.805,245734.0
2003-07-01,26.495,26.8,25.6,26.12,213122.0
2003-07-02,26.59,26.74,26.01,26.34,268772.0
2003-07-03,26.7,30.21,26.7,28.985,1548863.0
2003-07-04,28.5,28.7,27.26,27.675,271078.0
2003-07-07,27.025,28.645,27.025,27.775,222938.0
2003-07-08,29.0,30.35,28.3,28.44,482408.0
2003-07-09,28.425,28.6,28.06,28.27,107555.0
2003-07-10,28.3,28.57,28.2,28.42,251522.0
2003-07-11,28.45,29.1,28.45,28.98,592725.0
2003-07-14,29.4,29.595,28.035,28.505,363993.0
2003-07-15,29.4,29.865,27.4,27.69,193934.0
2003-07-16,27.91,28.5,27.605,28.32,377155.0
2003-07-17,28.25,28.25,27.025,27.275,119780.0
2003-07-18,27.1,27.8,26.505,27.66,107796.0
2003-07-21,27.8,28.0,27.315,27.695,124196.0
2003-07-22,27.52,28.0,26.825,26.975,83495.0
2003-07-23,27.7,27.7,25.255,25.59,426440.0
2003-07-24,25.89,26.075,25.65,25.85,305012.0
2003-07-25,26.0,26.875,25.895,26.485,252472.0
2003-07-28,26.95,27.0,26.3,26.63,90865.0
2003-07-29,26.79,26.97,26.005,26.555,111947.0
2003-07-30,26.7,27.375,26.6,27.125,178857.0
2003-07-31,27.2,27.21,26.3,26.535,227137.0
2003-08-01,26.65,26.83,26.315,26.64,51130.0
2003-08-04,26.61,27.095,26.61,26.905,100997.0
2003-08-05,27.14,28.2,26.8,27.965,441570.0
2003-08-06,27.95,27.995,27.225,27.66,157921.0
2003-08-07,27.58,27.6,27.065,27.205,73170.0
2003-08-08,27.2,27.98,26.7,27.525,204525.0
2003-08-11,27.21,27.7,27.21,27.48,94742.0
2003-08-12,27.8,27.8,27.2,27.335,86250.0
2003-08-13,27.205,27.5,23.505,27.25,263763.0
2003-08-14,27.465,27.58,26.5,26.73,193673.0
2003-08-18,26.75,28.0,26.625,27.79,253052.0
2003-08-19,27.925,28.2,27.8,28.13,226708.0
2003-08-20,28.2,28.9,28.1,28.465,277947.0
2003-08-21,28.4,29.0,28.1,28.785,177914.0
2003-08-22,28.61,29.16,28.51,28.9,152501.0
2003-08-25,28.87,28.87,26.4,28.1,261905.0
2003-08-26,28.3,28.3,27.825,27.915,116402.0
2003-08-27,28.3,28.9,28.0,28.325,235968.0
2003-08-28,28.6,28.6,27.8,28.085,379679.0
2003-08-29,27.4,28.055,27.205,27.57,371507.0
2003-09-01,27.5,28.0,27.5,27.845,131486.0
2003-09-02,27.5,28.9,27.5,28.195,119877.0
2003-09-03,28.0,29.1,28.0,28.035,486713.0
2003-09-04,28.05,28.34,27.0,28.035,367317.0
2003-09-05,28.0,28.4,27.825,27.97,341929.0
2003-09-08,27.65,28.29,27.6,27.835,128305.0
2003-09-09,27.7,28.19,27.5,28.01,204692.0
2003-09-10,27.3,28.09,27.3,27.71,188614.0
2003-09-11,27.81,28.1,27.655,27.85,179166.0
2003-09-12,27.9,28.075,27.635,27.935,239498.0
2003-09-15,27.88,28.0,27.4,27.565,150973.0
2003-09-16,27.2,27.99,27.2,27.745,281607.0
2003-09-17,27.99,27.99,27.11,27.345,229526.0
2003-09-18,27.2,27.2,26.315,26.505,190452.0
2003-09-19,26.555,27.2,26.4,27.175,169243.0
2003-09-22,27.5,27.5,26.4,26.465,199667.0
2003-09-23,26.5,27.0,26.41,26.685,191787.0
2003-09-24,27.0,27.575,26.605,27.415,257395.0
2003-09-25,27.2,27.5,26.615,26.785,197906.0
2003-09-26,26.805,27.2,26.525,27.145,148024.0
2003-09-29,27.49,27.85,26.8,26.975,730059.0
2003-09-30,27.0,27.66,27.0,27.5,639435.0
2003-10-01,27.7,28.6,27.55,28.325,393687.0
2003-10-03,29.05,29.55,28.7,29.445,663901.0
2003-10-06,29.75,32.0,29.6,31.38,560291.0
2003-10-07,32.0,32.51,30.7,30.945,1354746.0
2003-10-08,31.3,31.5,30.72,31.025,522187.0
2003-10-09,31.44,31.625,31.105,31.43,263530.0
2003-10-10,32.5,32.5,30.21,30.54,754506.0
2003-10-13,30.84,31.435,30.69,30.865,501738.0
2003-10-14,32.99,32.99,30.795,30.975,562173.0
2003-10-15,31.2,31.3,30.4,31.09,283357.0
2003-10-16,31.15,31.5,31.0,31.375,265957.0
2003-10-17,31.35,32.5,31.35,31.65,740645.0
2003-10-20,31.7,32.195,31.26,31.49,447860.0
2003-10-21,31.2,31.55,30.81,31.11,281070.0
2003-10-22,30.9,31.29,29.9,30.09,199404.0
2003-10-23,30.29,30.4,29.735,29.975,228604.0
2003-10-24,30.1,30.94,29.6,30.79,140043.0
2003-10-25,31.0,31.425,30.51,30.645,29214.0
2003-10-27,30.645,31.44,30.0,30.1,266767.0
2003-10-28,30.31,31.44,30.12,31.19,434545.0
2003-10-29,31.34,31.79,31.295,31.67,372936.0
2003-10-30,31.25,32.0,31.25,31.76,350662.0
2003-10-31,32.1,32.1,31.025,31.605,318952.0
2003-11-03,32.05,32.3,31.7,31.95,349660.0
2003-11-04,32.2,32.2,30.72,30.985,320720.0
2003-11-05,31.26,31.285,30.8,30.94,180072.0
2003-11-06,30.7,31.0,30.31,30.785,262158.0
2003-11-07,30.97,31.0,30.25,30.525,452609.0
2003-11-10,31.465,31.465,30.405,30.89,142533.0
2003-11-11,31.1,31.31,30.455,30.655,213568.0
2003-11-12,30.8,30.8,29.75,29.895,354834.0
2003-11-13,30.35,30.45,29.8,29.94,131581.0
2003-11-14,26.55,30.3,26.55,29.745,136940.0
2003-11-15,29.9,30.1,29.7,29.925,63719.0
2003-11-17,29.9,30.5,29.76,30.41,132660.0
2003-11-18,30.78,30.78,30.105,30.285,289446.0
2003-11-19,29.905,30.2,29.4,29.97,524270.0
2003-11-20,29.9,30.175,29.45,29.835,154006.0
2003-11-21,29.45,30.5,29.45,30.295,200717.0
2003-11-24,30.9,30.9,30.15,30.285,435226.0
2003-11-25,30.12,30.595,30.115,30.26,380785.0
2003-11-27,30.65,30.95,30.0,30.165,404952.0
2003-11-28,30.4,30.795,30.0,30.26,480564.0
2003-12-01,30.7,31.44,30.4,31.125,1044179.0
2003-12-02,31.5,31.99,31.2,31.805,661712.0
2003-12-03,31.99,33.1,31.99,32.89,921014.0
2003-12-04,32.97,33.59,32.7,33.445,840123.0
2003-12-05,33.6,33.6,32.5,32.83,411667.0
2003-12-08,32.75,33.29,32.055,32.675,216037.0
2003-12-09,33.49,33.685,33.055,33.25,359580.0
2003-12-10,33.3,34.38,32.615,34.04,724407.0
2003-12-11,34.0,35.2,33.8,35.045,709516.0
2003-12-12,35.1,36.74,34.605,36.265,797532.0
2003-12-15,36.59,36.6,35.135,35.365,145727.0
2003-12-16,35.59,36.48,35.455,35.98,378592.0
2003-12-17,35.9,36.1,35.52,35.935,422794.0
2003-12-18,36.0,36.08,35.155,35.52,254468.0
2003-12-19,35.335,36.0,35.335,35.83,279470.0
2003-12-22,35.6,36.09,35.6,35.95,200101.0
2003-12-23,35.9,36.5,35.1,35.245,174916.0
2003-12-24,35.64,36.07,35.21,36.005,210119.0
2003-12-26,36.0,36.495,35.5,35.86,138438.0
2003-12-29,36.2,38.505,36.2,37.98,397287.0
2003-12-30,38.1,38.375,36.5,36.805,1049503.0
2003-12-31,37.0,37.75,36.315,36.51,221920.0
2004-01-01,36.3,36.8,35.95,36.665,188854.0
2004-01-02,37.38,37.51,35.84,36.285,460975.0
2004-01-05,36.8,37.15,36.25,36.52,293251.0
2004-01-06,36.025,37.24,35.9,36.15,438381.0
2004-01-07,36.3,37.0,35.73,36.09,386085.0
2004-01-08,36.15,36.4,35.315,36.165,644874.0
2004-01-09,36.555,38.6,36.3,36.845,987734.0
2004-01-12,36.65,36.92,36.305,36.49,586876.0
2004-01-13,36.5,36.66,36.205,36.49,643660.0
2004-01-14,36.61,36.925,36.3,36.775,688836.0
2004-01-15,37.1,40.3,37.1,38.505,1504691.0
2004-01-16,38.705,40.05,37.21,38.165,887834.0
2004-01-19,38.49,38.49,36.8,36.985,620088.0
2004-01-20,37.1,38.085,36.8,36.985,709717.0
2004-01-21,37.0,37.095,36.05,36.915,663593.0
2004-01-22,37.75,37.78,36.42,36.68,510394.0
2004-01-23,35.2,37.335,30.055,36.485,272725.0
2004-01-27,36.48,37.195,36.01,36.56,354858.0
2004-01-28,40.675,40.675,35.7,36.02,337460.0
2004-01-29,36.0,37.48,34.525,35.6,407486.0
2004-01-30,35.3,35.3,33.55,34.495,238679.0
2004-02-03,34.0,35.195,33.0,33.67,627827.0
2004-02-04,33.18,35.39,32.55,34.995,292302.0
2004-02-05,34.825,36.0,34.51,35.675,296028.0
2004-02-06,35.85,36.0,34.525,35.475,379995.0
2004-02-09,35.95,36.75,35.815,36.425,413923.0
2004-02-10,36.8,37.585,36.7,37.285,340528.0
2004-02-11,37.55,37.75,37.15,37.455,274915.0
2004-02-12,37.75,38.2,37.105,37.455,247048.0
2004-02-13,37.4,37.57,36.83,37.48,180176.0
2004-02-16,37.985,38.01,37.4,37.82,237702.0
2004-02-17,37.515,38.34,37.36,38.07,296749.0
2004-02-18,37.615,38.34,37.505,37.935,144477.0
2004-02-19,38.045,38.05,37.315,37.48,166963.0
2004-02-20,37.4,37.485,35.64,36.49,482967.0
2004-02-23,35.61,36.945,35.4,36.72,136203.0
2004-02-24,36.6,37.4,36.25,37.155,249059.0
2004-02-25,37.44,37.44,36.055,36.52,162646.0
2004-02-26,36.3,37.2,36.3,36.905,404542.0
2004-02-27,36.995,37.75,36.425,37.465,295340.0
2004-03-01,37.69,38.4,37.25,37.855,223641.0
2004-03-03,38.045,40.0,37.71,39.2,583356.0
2004-03-04,39.17,39.17,37.725,38.32,262076.0
2004-03-05,38.49,38.785,37.95,38.245,214875.0
2004-03-08,38.55,39.245,37.805,37.99,291667.0
2004-03-09,38.765,38.765,37.235,37.505,107602.0
2004-03-10,37.5,38.0,37.0,37.83,236552.0
2004-03-11,37.75,38.0,37.225,37.6,219820.0
2004-03-12,37.41,37.55,35.985,36.685,310585.0
2004-03-15,37.35,37.35,36.025,36.17,214875.0
2004-03-16,35.37,36.44,34.65,35.935,313984.0
2004-03-17,35.8,36.5,35.135,35.93,223159.0
2004-03-18,35.9,36.1,34.8,35.535,150868.0
2004-03-19,35.1,35.8,35.025,35.375,187337.0
2004-03-22,35.775,35.775,33.515,33.885,196848.0
2004-03-23,33.875,34.75,33.6,34.5,183344.0
2004-03-24,34.995,36.98,34.21,35.765,161380.0
2004-03-25,36.0,36.49,35.75,36.29,235129.0
2004-03-26,36.4,37.81,36.205,37.41,211330.0
2004-03-29,37.7,37.98,37.005,37.805,163471.0
2004-03-30,37.6,37.7,36.275,36.915,211173.0
2004-03-31,37.35,38.19,36.55,37.875,287790.0
2004-04-01,38.24,38.6,36.8,38.435,373580.0
2004-04-02,38.7,39.2,38.315,38.89,228941.0
2004-04-05,39.11,40.0,38.15,38.67,348500.0
2004-04-06,39.24,39.315,38.01,38.21,156070.0
2004-04-07,38.5,38.675,38.0,38.075,80087.0
2004-04-08,37.8,39.14,37.595,38.05,288827.0
2004-04-12,38.37,38.37,37.205,37.54,123806.0
2004-04-13,37.67,38.4,37.52,38.255,153948.0
2004-04-15,38.5,38.6,37.8,38.1,223224.0
2004-04-16,38.39,38.985,37.705,37.85,168564.0
2004-04-17,38.2,38.985,37.52,37.665,71999.0
2004-04-19,37.995,38.08,37.435,37.835,261918.0
2004-04-20,37.8,38.075,37.375,37.48,185804.0
2004-04-21,37.7,37.7,37.115,37.295,441406.0
2004-04-22,37.5,37.9,37.025,37.515,339204.0
2004-04-23,37.89,38.475,37.35,37.985,304964.0
2004-04-27,37.515,38.485,37.01,38.08,309271.0
2004-04-28,38.2,38.5,37.6,37.985,192559.0
2004-04-29,38.0,38.5,37.1,38.16,206598.0
2004-04-30,38.2,38.29,37.55,37.805,117795.0
2004-05-03,37.5,37.945,37.305,37.775,96645.0
2004-05-04,37.985,38.5,37.515,37.64,109367.0
2004-05-05,37.85,39.5,37.7,38.25,322568.0
2004-05-06,38.4,39.3,38.11,38.285,271564.0
2004-05-07,38.3,38.5,37.0,37.54,158176.0
2004-05-10,36.815,38.8,36.81,38.18,127083.0
2004-05-11,37.41,37.575,37.0,37.195,203481.0
2004-05-12,37.1,37.48,35.31,36.745,281442.0
2004-05-13,36.5,37.99,35.11,36.89,254628.0
2004-05-14,36.45,37.2,33.5,35.265,387223.0
2004-05-17,35.0,35.0,25.615,27.985,261073.0
2004-05-18,28.0,36.0,27.505,35.21,561324.0
2004-05-19,35.5,36.99,34.12,35.315,247602.0
2004-05-20,35.5,36.0,34.5,35.44,228136.0
2004-05-21,34.53,36.4,33.895,36.23,173486.0
2004-05-24,36.105,37.18,36.1,36.89,119554.0
2004-05-25,36.305,37.035,36.2,36.93,155495.0
2004-05-26,37.445,37.98,36.7,36.92,187740.0
2004-05-27,36.215,37.9,36.095,37.4,314135.0
2004-05-28,37.105,37.795,36.515,36.89,275997.0
2004-05-31,36.325,36.6,34.805,35.125,332414.0
2004-06-01,35.6,35.9,34.8,35.145,264570.0
2004-06-02,35.4,36.0,35.0,35.685,186101.0
2004-06-03,36.0,36.16,34.915,35.085,190314.0
2004-06-04,35.0,35.8,34.6,35.595,135118.0
2004-06-07,36.0,36.89,35.605,35.925,500172.0
2004-06-08,36.195,36.8,36.02,36.445,162061.0
2004-06-09,36.395,37.2,36.21,37.03,122134.0
2004-06-10,37.0,39.2,37.0,37.9,689945.0
2004-06-11,37.95,38.485,35.715,36.0,291806.0
2004-06-14,36.2,36.7,35.525,36.075,432137.0
2004-06-15,36.3,36.8,35.825,36.52,298305.0
2004-06-16,36.875,37.1,36.6,36.865,225915.0
2004-06-17,36.81,37.59,36.72,37.505,242877.0
2004-06-18,37.7,37.8,37.125,37.49,160664.0
2004-06-21,37.5,38.0,37.3,37.765,123832.0
2004-06-22,37.525,37.975,37.205,37.58,206616.0
2004-06-23,37.865,37.995,36.2,36.495,280851.0
2004-06-24,36.93,39.09,36.0,38.135,358100.0
2004-06-25,37.505,37.88,35.75,36.74,584669.0
2004-06-28,36.7,37.1,35.95,36.845,282565.0
2004-06-29,36.9,37.175,36.6,36.955,220054.0
2004-06-30,37.0,37.05,36.5,36.97,147758.0
2004-07-01,37.0,37.405,36.72,37.16,161508.0
2004-07-02,36.995,36.995,36.225,36.45,207718.0
2004-07-05,35.0,36.2,34.11,36.155,553859.0
2004-07-06,36.0,36.8,35.6,36.69,290068.0
2004-07-07,36.4,37.2,36.4,37.03,248391.0
2004-07-08,36.615,37.445,36.0,36.425,305673.0
2004-07-09,35.9,37.195,35.665,36.875,279259.0
2004-07-12,37.0,37.29,36.5,36.83,198444.0
2004-07-13,37.0,37.0,36.0,36.53,142267.0
2004-07-14,36.9,37.29,36.345,36.495,257953.0
2004-07-15,36.8,37.0,36.415,36.495,116517.0
2004-07-16,36.6,36.79,35.985,36.61,131491.0
2004-07-19,36.89,36.985,36.5,36.63,109108.0
2004-07-20,36.6,37.1,36.255,37.005,149960.0
2004-07-21,37.15,37.5,36.7,37.02,387084.0
2004-07-22,37.46,37.49,36.8,36.95,279070.0
2004-07-23,36.85,37.1,36.45,36.96,161937.0
2004-07-26,36.9,37.6,36.5,37.455,268138.0
2004-07-27,37.2,37.595,36.7,37.375,557968.0
2004-07-28,37.4,37.4,36.805,37.21,270920.0
2004-07-29,37.1,37.95,36.91,37.575,330085.0
2004-07-30,37.6,37.7,37.05,37.52,261144.0
2004-08-02,37.5,37.5,37.005,37.19,112299.0
2004-08-03,37.19,37.2,36.35,36.5,357937.0
2004-08-04,36.5,36.875,36.01,36.515,122340.0
2004-08-05,36.595,37.495,36.525,37.195,131523.0
2004-08-06,36.81,37.0,36.1,36.76,133738.0
2004-08-09,36.8,37.17,36.5,36.97,89898.0
2004-08-10,37.05,37.55,36.985,37.41,194897.0
2004-08-11,37.105,37.65,36.81,37.44,225207.0
2004-08-12,37.13,37.39,36.83,37.08,84376.0
2004-08-13,37.1,37.19,36.305,36.5,73231.0
2004-08-16,36.35,36.535,36.06,36.195,85715.0
2004-08-17,36.68,36.98,36.105,36.365,731896.0
2004-08-18,36.4,36.5,36.0,36.15,208225.0
2004-08-19,36.9,36.9,36.0,36.13,426217.0
2004-08-20,36.13,36.35,35.615,35.69,57909.0
2004-08-23,36.1,36.6,35.31,36.42,87380.0
2004-08-24,36.5,37.645,36.215,37.475,128460.0
2004-08-25,37.49,37.7,37.105,37.475,121203.0
2004-08-26,37.49,38.19,37.21,37.945,264992.0
2004-08-27,37.89,37.945,36.9,36.95,73503.0
2004-08-30,37.0,37.385,36.8,37.125,58261.0
2004-08-31,36.8,37.0,36.555,36.765,131559.0
2004-09-01,36.8,37.025,36.62,36.855,106183.0
2004-09-02,36.725,37.38,36.72,37.09,70570.0
2004-09-03,37.15,37.265,36.805,37.02,108694.0
2004-09-06,37.1,37.8,36.925,37.715,143894.0
2004-09-07,37.98,38.5,37.56,38.18,350501.0
2004-09-08,38.21,40.035,37.2,39.405,1507364.0
2004-09-09,39.9,40.34,37.85,38.19,1642372.0
2004-09-10,38.3,39.47,38.225,38.96,813822.0
2004-09-13,38.5,39.5,38.4,38.84,398479.0
2004-09-14,38.99,39.5,38.5,39.13,333071.0
2004-09-15,39.34,40.07,39.205,39.515,791956.0
2004-09-16,39.79,39.95,39.465,39.545,305714.0
2004-09-17,39.3,40.68,39.3,40.29,621392.0
2004-09-20,40.3,41.0,39.54,40.505,642275.0
2004-09-21,41.475,41.475,40.15,40.62,486474.0
2004-09-22,40.89,41.385,40.4,41.22,890248.0
2004-09-23,41.2,41.67,40.82,41.04,540321.0
2004-09-24,40.8,41.245,40.155,40.465,675734.0
2004-09-27,40.5,40.6,39.47,39.845,734574.0
2004-09-28,40.005,40.89,40.005,40.51,724611.0
2004-09-29,39.625,41.0,39.625,40.41,475617.0
2004-09-30,40.8,40.84,40.0,40.2,381244.0
2004-10-01,40.98,41.42,40.53,41.075,675180.0
2004-10-04,41.59,41.88,41.13,41.61,517465.0000000001
2004-10-05,41.7,41.87,41.38,41.625,350771.0
2004-10-06,41.79,41.805,41.1,41.21,221115.0
2004-10-07,41.695,41.695,40.55,41.015,143741.0
2004-10-08,41.2,41.2,40.75,40.975,212553.0
2004-10-09,41.18,41.18,40.61,40.75,10173.0
2004-10-11,40.8,41.185,40.7,40.89,114477.0
2004-10-12,40.85,40.89,40.115,40.33,91045.0
2004-10-14,40.445,40.475,39.615,40.03,157384.0
2004-10-15,40.7,40.79,40.14,40.62,239912.0
2004-10-18,40.98,41.085,40.61,40.895,197057.0
2004-10-19,40.9,41.685,40.86,41.47,402236.0
2004-10-20,41.49,41.64,40.9,41.09,194931.0
2004-10-21,41.19,41.19,40.025,40.37,282028.0
2004-10-25,40.75,41.2,40.52,40.975,323804.0
2004-10-26,40.7,41.225,40.365,40.9,145897.0
2004-10-27,41.29,42.3,41.0,41.73,414834.0
2004-10-28,42.23,42.5,41.365,41.595,438046.0
2004-10-29,41.105,41.77,41.105,41.51,252122.0
2004-11-01,42.3,42.3,41.62,42.15,551578.0
2004-11-02,41.9,42.29,41.55,42.075,275550.0
2004-11-03,42.125,42.95,42.125,42.795,418615.0
2004-11-04,43.4,43.4,42.425,42.505,183492.0
2004-11-05,42.95,43.58,42.69,43.255,247172.0
2004-11-08,43.7,45.395,43.405,45.215,667538.0
2004-11-09,45.51,46.1,44.8,45.72,382821.0
2004-11-10,45.93,47.7,45.93,47.34,579934.0
2004-11-11,47.13,47.495,46.525,46.78,254973.0
2004-11-12,47.2,47.375,46.615,46.795,33593.0
2004-11-16,47.0,48.89,46.85,48.405,548287.0
2004-11-17,48.5,48.695,48.125,48.27,445483.0
2004-11-18,48.5,48.6,47.4,47.815,506175.0
2004-11-19,48.15,49.2,47.92,48.285,583978.0
2004-11-22,48.485,48.595,47.035,48.32,522200.0000000001
2004-11-23,48.6,48.8,48.1,48.73,180651.0
2004-11-24,48.7,48.7,48.13,48.36,183491.0
2004-11-25,48.8,50.2,48.405,49.91,431967.0
2004-11-29,48.625,50.44,42.92,49.89,269587.0
2004-11-30,50.2,50.3,49.5,49.67,307919.0
2004-12-01,49.91,50.2,48.165,48.405,467946.0
2004-12-02,49.48,49.5,48.5,48.84,564240.0
2004-12-03,49.0,49.5,47.72,48.275,583063.0
2004-12-06,48.275,49.095,47.5,47.66,579607.0
2004-12-07,47.9,48.385,47.9,48.1,527168.0
2004-12-08,49.195,49.195,46.91,47.14,201712.0
2004-12-09,47.98,48.0,47.5,47.71,333104.0
2004-12-10,47.5,47.5,46.45,46.69,470292.0
2004-12-13,47.0,47.66,46.9,47.325,978039.0
2004-12-14,47.595,47.875,47.4,47.515,338782.0
2004-12-15,47.55,48.0,47.2,47.415,344810.0
2004-12-16,47.75,48.685,47.75,48.18,437489.0
2004-12-17,48.6,48.76,47.555,48.175,282506.0
2004-12-20,48.3,49.5,48.3,49.245,381817.0
2004-12-21,49.5,49.7,49.055,49.62,479292.0
2004-12-22,49.8,52.0,48.7,49.32,445764.0
2004-12-23,49.99,50.0,48.8,49.41,282985.0
2004-12-24,50.0,50.5,49.7,50.245,282533.0
2004-12-27,50.5,50.7,49.725,50.49,158866.0
2004-12-28,50.5,52.0,50.5,51.87,253389.0
2004-12-29,52.01,52.4,51.015,51.51,152323.0
2004-12-30,51.515,52.995,51.105,52.425,199639.0
2004-12-31,52.1,52.515,51.71,52.035,108115.0
2005-01-03,51.605,52.78,51.605,52.525,129558.0
2005-01-04,52.505,53.1,50.5,51.945,223806.0
2005-01-05,52.0,52.0,48.7,50.005,398787.0
2005-01-06,50.005,50.98,47.9,48.515,482951.0
2005-01-07,48.8,49.375,48.45,49.025,264900.0
2005-01-10,50.0,50.8,48.525,48.975,661287.0
2005-01-11,49.0,49.175,48.0,48.34,239111.0
2005-01-12,48.34,48.69,47.51,48.095,141879.0
2005-01-13,48.0,50.8,48.0,49.89,539592.0
2005-01-14,49.9,52.2,49.225,51.495,795192.0
2005-01-17,52.0,52.9,50.815,52.005,474179.0
2005-01-18,52.79,52.79,50.0,51.355,500006.0
2005-01-19,51.77,52.5,50.955,51.89,451746.0
2005-01-20,51.1,52.1,50.0,51.135,1090807.0
2005-01-24,51.39,51.39,48.6,49.135,839776.0
2005-01-25,52.5,53.94,49.21,52.06,1006248.0
2005-01-27,52.225,54.8,51.8,53.765,1211154.0
2005-01-28,53.765,54.88,52.725,53.985,487588.0
2005-01-31,53.65,57.0,53.5,56.46,667854.0
2005-02-01,56.6,56.875,55.025,56.015,386403.0
2005-02-02,56.495,56.495,55.3,55.86,230247.0
2005-02-03,55.9,57.5,55.7,57.35,404119.0
2005-02-04,57.0,57.9,56.305,56.715,178917.0
2005-02-07,56.525,57.5,55.205,56.175,120125.0
2005-02-08,55.8,57.5,55.705,57.045,175716.0
2005-02-09,57.2,58.99,57.0,58.81,301754.0
2005-02-10,59.0,59.0,57.51,57.95,170770.0
2005-02-11,57.995,57.995,56.8,57.5,243036.0
2005-02-14,56.24,57.825,56.24,56.865,312996.0
2005-02-15,57.5,57.8,56.01,56.25,317150.0
2005-02-16,56.5,57.3,55.7,56.2,436908.0
2005-02-17,56.0,56.36,55.51,55.83,150740.0
2005-02-18,56.195,56.7,56.0,56.42,161693.0
2005-02-21,56.89,56.89,55.425,56.05,310870.0
2005-02-22,55.6,56.5,55.6,56.06,173266.0
2005-02-23,56.0,56.08,55.41,55.81,309906.0
2005-02-24,56.375,57.825,55.905,57.6,335642.0
2005-02-25,57.595,57.595,56.21,57.015,162048.0
2005-02-28,57.685,59.985,57.125,58.73,744543.0
2005-03-01,58.7,58.7,57.315,57.755,423016.0
2005-03-02,58.2,58.2,57.0,57.675,196067.0
2005-03-03,57.99,58.0,57.43,57.61,231185.0
2005-03-04,57.9,59.68,57.715,58.59,328107.0
2005-03-07,59.2,60.5,58.9,60.115,405290.0
2005-03-08,60.3,62.5,60.3,61.42,547898.0
2005-03-09,61.895,62.5,61.025,62.415,319268.0
2005-03-10,62.015,62.86,61.225,61.54,228614.0
2005-03-11,62.0,62.0,60.615,60.97,260980.0
2005-03-14,60.97,61.2,60.1,60.27,243916.0
2005-03-15,60.29,60.29,58.2,59.39,123703.0
2005-03-16,59.49,60.4,58.4,59.415,184475.0
2005-03-17,59.3,59.3,57.1,57.24,377073.0
2005-03-18,57.2,57.395,56.21,56.59,156819.0
2005-03-21,56.99,57.0,55.6,55.92,150385.0
2005-03-22,55.005,55.6,54.555,55.175,212297.0
2005-03-23,55.0,55.0,52.3,53.165,411913.0
2005-03-24,60.4,60.4,50.8,51.945,420557.0
2005-03-28,52.9,53.98,52.645,53.295,104387.0
2005-03-29,53.4,54.5,52.505,53.695,163383.0
2005-03-30,53.5,53.79,52.605,53.325,428849.0
2005-03-31,53.89,54.99,53.52,54.485,222964.0
2005-04-01,54.6,55.7,54.1,55.155,167983.0
2005-04-04,55.2,55.39,54.025,55.22,126634.0
2005-04-05,55.7,56.2,53.705,53.995,192027.0
2005-04-06,53.625,55.7,53.625,55.335,212686.0
2005-04-07,56.0,56.695,55.85,56.315,254462.0
2005-04-08,56.395,56.5,53.8,54.665,242715.0
2005-04-11,56.78,56.78,54.505,55.705,208717.0
2005-04-12,55.9,55.995,55.0,55.85,122636.0
2005-04-13,56.5,57.35,55.7,56.145,501443.0
2005-04-15,56.1,56.17,53.3,53.855,280183.0
2005-04-18,53.44,53.44,51.61,52.035,447662.0
2005-04-19,53.0,53.5,52.655,53.13,284556.0
2005-04-20,52.225,54.6,52.225,54.075,314391.0
2005-04-21,63.225,63.225,52.5,54.575,144256.0
2005-04-22,56.29,56.29,53.52,54.02,143353.0
2005-04-25,54.5,54.5,53.515,54.0,141429.0
2005-04-26,54.09,54.37,53.63,53.865,145955.0
2005-04-27,53.105,54.08,53.105,53.745,102382.0
2005-04-28,53.7,54.4,52.525,53.985,229509.0
2005-04-29,53.64,54.025,52.3,53.5,203680.0
2005-05-02,53.5,54.025,53.5,53.975,100303.0
2005-05-03,53.9,54.19,53.705,54.03,220663.0
2005-05-04,53.445,54.0,53.25,53.915,74719.0
2005-05-05,54.4,55.49,54.4,54.655,267709.0
2005-05-06,54.675,54.675,53.65,54.095,144877.0
2005-05-09,44.8,55.48,44.8,54.025,435177.0
2005-05-10,54.01,54.495,53.5,54.075,221775.0
2005-05-11,53.375,53.7,52.8,53.5,301176.0
2005-05-12,53.5,53.99,52.715,52.935,425237.0
2005-05-13,52.7,53.55,52.7,53.3,267681.0
2005-05-16,53.9,54.2,53.45,53.96,118771.0
2005-05-17,55.48,55.48,53.5,53.68,49424.0
2005-05-18,53.69,53.7,52.85,53.495,221725.0
2005-05-19,54.48,54.5,53.9,54.31,197914.0
2005-05-20,53.61,54.395,53.6,53.765,50456.0
2005-05-23,53.8,55.25,53.8,54.995,108786.0
2005-05-24,55.01,55.385,53.5,54.65,71111.0
2005-05-25,54.72,54.72,53.715,54.025,142989.0
2005-05-26,54.08,54.485,53.035,53.795,465605.0
2005-05-27,53.85,54.37,53.605,54.065,203015.0
2005-05-30,53.82,54.2,53.3,54.02,91429.0
2005-05-31,54.4,54.4,53.4,53.955,186077.0
2005-06-01,54.15,54.25,53.4,53.595,168181.0
2005-06-02,54.2,54.315,53.625,53.975,149121.0
2005-06-03,54.0,54.7,53.55,54.58,165376.0
2005-06-04,54.3,54.6,53.61,53.91,16590.0
2005-06-06,54.35,55.7,54.115,55.325,234518.0
2005-06-07,55.325,59.995,54.8,58.835,550172.0
2005-06-08,59.2,59.48,58.2,58.585,354522.0
2005-06-09,58.8,58.85,57.5,57.91,200068.0
2005-06-10,58.0,58.9,57.0,57.63,330245.0
2005-06-13,58.4,58.5,56.82,58.23,160121.0
2005-06-14,58.4,59.49,58.2,59.35,242283.0
2005-06-15,60.71,60.71,58.0,59.115,233255.0
2005-06-16,59.2,59.9,59.0,59.545,1690214.0
2005-06-17,60.0,60.1,58.8,59.715,196983.0
2005-06-20,59.975,60.0,59.31,59.86,223962.0
2005-06-21,59.55,60.5,59.215,60.26,370495.0
2005-06-22,60.39,60.39,58.505,59.005,235419.0
2005-06-23,59.84,59.84,57.5,58.055,248864.0
2005-06-24,58.5,58.735,57.31,58.245,170602.0
2005-06-27,58.0,60.34,58.0,59.965,321640.0
2005-06-28,59.785,59.785,58.225,59.0,177169.0
2005-06-29,59.47,60.99,59.0,60.16,649553.0
2005-06-30,60.16,64.295,60.16,63.605,1163893.0
2005-07-01,61.625,62.5,61.3,61.805,224993.0
2005-07-04,62.295,63.5,62.0,63.195,223861.0
2005-07-05,61.225,63.99,53.79,63.31,147664.0
2005-07-06,63.3,65.0,62.72,64.655,233523.0
2005-07-07,64.51,66.2,63.4,64.055,652269.0
2005-07-08,64.4,65.4,64.225,65.18,153745.0
2005-07-11,65.55,66.9,65.5,66.395,222659.0
2005-07-12,66.3,67.0,64.815,65.805,330002.0
2005-07-13,65.8,65.8,63.7,64.285,349002.0
2005-07-14,64.285,65.5,62.9,64.52,683970.0
2005-07-15,64.5,64.5,62.71,63.06,250318.0
2005-07-18,63.3,63.8,62.4,62.775,507605.0
2005-07-19,63.5,64.0,63.14,63.975,245509.0
2005-07-20,64.3,67.5,63.65,64.14,277735.0
2005-07-21,64.49,64.885,61.225,64.16,80409.0
2005-07-22,63.7,64.98,61.325,64.85,606658.0
2005-07-25,64.77,69.5,64.77,67.465,1310145.0
2005-07-26,67.5,68.8,67.4,67.825,774235.0
2005-07-27,68.0,71.6,66.735,70.52,677477.0
2005-07-29,70.0,73.0,68.005,69.945,2187718.0
2005-08-01,68.99,69.6,67.0,67.65,306188.0
2005-08-02,68.0,68.195,66.55,66.9,331351.0
2005-08-03,67.11,68.9,67.0,67.675,564719.0
2005-08-04,74.0,74.0,67.7,68.45,204005.0
2005-08-05,68.69,69.0,67.11,67.415,227482.0
2005-08-08,76.5,76.5,65.115,65.775,411630.0
2005-08-09,64.5,66.46,64.5,65.43,221201.0
2005-08-10,67.5,67.5,65.525,66.025,321023.0
2005-08-11,66.75,67.2,65.5,66.115,654901.0
2005-08-12,65.1,67.0,65.1,66.02,464260.0
2005-08-16,66.8,66.8,64.3,64.72,427233.0
2005-08-17,64.9,66.8,64.9,65.61,485640.0
2005-08-18,66.81,66.81,65.62,66.3,152830.0
2005-08-19,65.8,66.4,65.515,65.885,163856.0
2005-08-22,67.29,67.29,65.3,65.76,116985.0
2005-08-23,65.0,66.39,62.99,64.86,259585.0
2005-08-24,64.5,65.8,62.935,65.16,596455.0
2005-08-25,64.99,65.2,63.835,64.945,496103.0
2005-08-26,65.9,66.39,63.035,63.47,365237.0
2005-08-29,64.3,64.7,62.825,63.88,451248.0
2005-08-30,63.5,64.995,63.5,64.66,254575.0
2005-08-31,64.9,64.995,63.205,64.025,152868.0
2005-09-01,64.965,64.965,62.925,63.185,143074.0
2005-09-02,63.1,64.045,63.1,63.63,416748.0
2005-09-05,63.61,64.4,63.61,64.02,100451.0
2005-09-06,64.1,64.4,63.555,64.25,104340.0
2005-09-08,64.4,65.7,64.0,65.585,193661.0
2005-09-09,65.7,68.0,65.21,67.605,417973.0
2005-09-12,67.6,67.995,66.1,67.735,270625.0
2005-09-13,67.5,69.0,66.605,68.725,417180.0
2005-09-14,68.3,69.2,67.62,68.795,454762.0
2005-09-15,68.8,69.3,68.615,69.225,448085.0
2005-09-16,69.8,69.8,68.63,69.235,399143.0
2005-09-19,69.7,71.485,69.7,70.84,402832.0
2005-09-20,70.3,74.0,70.3,73.235,670042.0
2005-09-21,73.03,73.555,71.11,72.46,636149.0
2005-09-22,72.0,72.045,68.45,69.18,507668.0
2005-09-23,69.19,69.19,66.1,66.995,637241.0
2005-09-26,67.0,68.005,66.54,67.92,390284.0
2005-09-27,68.0,69.6,67.52,68.225,425062.0
2005-09-28,69.0,70.395,68.3,69.6,778011.0
2005-09-29,69.79,70.7,68.015,69.6,1646959.0
2005-09-30,69.97,69.97,63.225,68.515,407559.0
2005-10-03,68.515,69.48,67.43,67.665,510975.0
2005-10-04,69.0,71.5,69.0,70.99,845723.0
2005-10-05,70.11,71.45,69.715,70.265,287378.0
2005-10-06,69.48,69.485,67.0,68.205,431651.0
2005-10-07,67.9,68.34,66.5,67.855,365661.0
2005-10-10,69.25,69.25,68.0,68.825,210483.0
2005-10-11,69.79,69.79,67.135,68.98,234701.0
2005-10-13,68.15,68.79,67.505,67.79,300071.0
2005-10-14,67.2,67.2,65.5,65.94,395009.0
2005-10-17,66.5,66.5,64.1,65.44,465241.0
2005-10-18,65.9,66.975,65.5,65.775,459665.0
2005-10-19,64.35,66.0,63.2,64.765,290631.0
2005-10-20,65.1,65.3,64.01,64.39,359116.0
2005-10-21,66.0,66.0,64.2,64.765,356760.0
2005-10-24,65.27,65.27,62.825,63.55,269989.0
2005-10-25,64.45,64.45,62.225,63.065,531576.0
2005-10-26,64.0,64.0,62.7,63.01,382281.0
2005-10-27,63.1,63.29,62.02,62.46,734225.0
2005-10-28,62.2,62.2,60.3,61.095,398580.0
2005-10-31,61.23,62.6,60.4,60.665,437405.0
2005-11-01,62.4,63.48,62.01,62.945,51973.0
2005-11-02,61.55,64.98,61.55,62.07,571075.0
2005-11-07,62.5,63.5,61.61,62.525,4984646.0
2005-11-08,63.495,64.1,62.83,63.8,659793.0
2005-11-09,64.3,64.795,62.395,63.19,831328.0
2005-11-10,63.1,63.5,62.405,63.085,670294.0
2005-11-11,63.085,64.0,62.725,63.52,781262.0
2005-11-14,64.7,68.2,64.2,67.575,919579.0
2005-11-16,67.5,70.0,67.205,68.995,578880.0
2005-11-17,69.5,70.005,69.025,69.885,408481.0
2005-11-18,70.0,70.7,69.61,69.935,177636.0
2005-11-21,69.935,69.935,67.6,67.965,392630.0
2005-11-22,68.3,69.19,67.415,67.75,420691.0
2005-11-23,67.9,69.5,67.6,68.95,237735.0
2005-11-24,70.4,70.4,68.6,69.11,398574.0
2005-11-25,69.3,69.88,69.125,69.765,279498.0
2005-11-26,70.0,70.45,69.0,69.155,90034.0
2005-11-28,69.9,70.4,69.2,69.57,238612.0
2005-11-29,69.68,69.68,68.025,68.49,214953.0
2005-11-30,68.6,70.2,68.105,68.69,385314.0
2005-12-01,68.71,70.01,67.65,69.675,236651.0
2005-12-02,70.0,71.39,69.5,69.87,336589.0
2005-12-05,70.0,70.1,68.5,68.74,152248.0
2005-12-06,68.2,69.39,67.705,68.095,150058.0
2005-12-07,68.105,69.78,68.1,69.4,194073.0
2005-12-08,69.4,69.65,68.66,68.825,353692.0
2005-12-09,69.0,69.48,68.0,68.8,177900.0
2005-12-12,69.3,70.1,68.405,68.755,330029.0
2005-12-13,69.4,70.4,68.53,69.48,572098.0
2005-12-14,69.7,72.3,69.63,71.86,829679.0
2005-12-15,72.4,73.4,70.09,70.39,299536.0
2005-12-16,70.15,70.97,68.81,70.085,508638.0
2005-12-19,70.7,71.495,69.7,71.16,316233.0
2005-12-20,71.25,74.1,71.1,73.545,645905.0
2005-12-21,74.44,74.8,72.12,72.695,426286.0
2005-12-22,73.0,74.7,72.5,74.215,290066.0
2005-12-23,74.1,74.85,71.5,72.03,234431.0
2005-12-26,71.8,72.48,70.0,70.84,239735.0
2005-12-27,70.2,71.49,70.01,70.84,235553.0
2005-12-28,71.8,72.7,70.035,70.265,325585.0
2005-12-29,71.0,71.25,70.4,70.645,237254.0
2005-12-30,71.3,71.3,70.325,70.875,212710.0
2006-01-02,70.875,71.995,70.7,71.345,268552.0
2006-01-03,68.0,71.8,68.0,71.33,128279.0
2006-01-04,72.0,73.505,71.4,73.205,536992.0
2006-01-05,73.2,74.3,72.525,73.95,385350.0
2006-01-06,74.0,77.5,73.0,76.895,861686.0
2006-01-09,75.82,77.3,74.0,76.485,551770.0
2006-01-10,76.49,77.0,74.53,74.835,679980.0
2006-01-12,74.835,75.88,74.0,74.665,394951.0
2006-01-13,75.28,75.28,72.6,72.99,338288.0
2006-01-16,73.9,74.71,72.7,74.14,342812.0
2006-01-17,74.1,75.295,74.1,74.9,261012.0
2006-01-18,74.4,75.25,72.01,74.47,624486.0
2006-01-19,74.47,74.47,72.03,72.845,643350.0
2006-01-20,73.05,74.4,72.21,72.515,485215.0
2006-01-23,72.55,72.98,70.1,71.95,417751.0
2006-01-24,72.2,72.9,71.355,71.59,634509.0
2006-01-25,71.625,72.9,71.315,71.89,877702.0
2006-01-27,74.48,75.0,73.105,73.71,665114.0
2006-01-30,73.71,74.895,73.41,74.355,331146.0
2006-01-31,73.62,76.64,73.0,76.245,615004.0
2006-02-01,76.5,77.4,73.5,73.88,637204.0
2006-02-02,73.88,75.2,73.605,73.95,477656.0
2006-02-03,73.4,73.965,72.45,73.185,276902.0
2006-02-06,73.185,75.0,72.6,74.48,574649.0
2006-02-07,73.6,77.5,73.52,77.075,874349.0
2006-02-08,77.2,77.2,75.0,76.245,335222.0
2006-02-10,76.89,77.2,75.22,76.205,606121.0
2006-02-13,75.1,76.2,74.305,74.645,290988.0
2006-02-14,75.1,75.995,73.92,74.79,598994.0
2006-02-15,74.9,75.5,73.7,74.375,406091.0
2006-02-16,74.375,76.89,73.63,76.0,474465.0
2006-02-17,76.75,76.75,73.65,74.235,479132.0
2006-02-20,74.0,74.49,72.0,72.22,509248.0
2006-02-21,73.0,73.0,72.25,72.48,375557.0
2006-02-22,72.48,72.97,72.155,72.665,319447.0
2006-02-23,72.2,72.88,71.2,72.195,1105457.0
2006-02-24,72.22,72.22,70.6,71.145,963765.0
2006-02-27,72.01,73.17,71.605,72.815,314785.0
2006-02-28,73.435,74.4,72.375,73.715,492707.0
2006-03-01,73.5,75.0,72.5,74.685,484399.0
2006-03-02,74.99,76.0,73.505,75.825,504291.0
2006-03-03,76.0,76.225,74.705,75.97,490972.0
2006-03-06,76.0,76.4,75.6,76.01,316876.0
2006-03-07,74.925,76.4,74.925,75.775,551268.0
2006-03-08,75.5,76.975,74.0,76.005,810113.0
2006-03-09,74.525,75.95,73.9,75.02,726598.0
2006-03-10,75.2,76.44,74.515,74.9,792811.0
2006-03-13,75.495,77.5,73.1,76.925,549483.0
2006-03-14,77.6,77.6,75.035,76.2,366599.0
2006-03-16,75.51,77.2,75.51,76.76,605925.0
2006-03-17,77.2,77.2,75.325,76.425,240351.0
2006-03-20,76.5,77.5,75.9,76.555,527988.0
2006-03-21,77.3,77.3,75.1,75.48,332576.0
2006-03-22,75.19,76.5,75.005,75.735,430518.0
2006-03-23,74.92,75.9,73.83,74.195,284251.0
2006-03-24,74.99,74.99,73.005,73.485,338369.0
2006-03-27,76.88,76.88,73.5,73.825,1829716.0
2006-03-28,73.11,74.7,72.1,74.27,309348.0
2006-03-29,74.2,75.0,73.65,74.625,330433.0
2006-03-30,74.2,81.2,74.2,77.95,626978.0
2006-03-31,77.5,78.5,76.0,77.425,494340.0
2006-04-03,77.425,78.09,76.2,77.385,318287.0
2006-04-04,77.8,83.895,77.8,83.285,694152.0
2006-04-05,83.9,84.6,83.2,84.1,388582.0
2006-04-07,83.74,85.4,80.1,81.77,366237.0
2006-04-10,81.9,83.99,81.0,82.53,211932.0
2006-04-12,82.4,82.5,80.225,80.9,289575.0
2006-04-13,80.9,81.7,79.03,80.395,394680.0
2006-04-17,80.52,82.205,79.525,81.46,386840.0
2006-04-18,82.4,84.2,82.4,83.445,305143.0
2006-04-19,84.015,85.77,84.0,84.85,491128.0
2006-04-20,84.95,85.5,83.025,85.0,381005.0
2006-04-21,83.75,86.5,83.75,84.865,1400446.0
2006-04-24,84.25,84.77,80.9,82.24,593436.0
2006-04-25,82.31,83.5,82.0,82.465,889338.0
2006-04-26,82.5,85.2,82.145,83.705,914988.0
2006-04-27,83.7,85.4,80.625,82.42,942507.0
2006-04-28,79.9,82.1,74.09,81.735,964505.0
2006-05-02,83.9,87.1,83.1,85.13,852249.0
2006-05-03,85.3,87.4,85.01,86.32,400833.0
2006-05-04,85.0,89.49,84.605,88.375,476374.0
2006-05-05,88.0,89.1,86.11,87.865,467602.0
2006-05-08,88.8,89.5,86.5,87.61,1608836.0
2006-05-09,88.105,89.39,84.8,85.265,734742.0
2006-05-10,85.5,87.98,85.345,87.105,930034.0
2006-05-11,86.9,87.88,83.5,87.05,336036.0
2006-05-12,86.0,87.89,85.13,87.53,217146.0
2006-05-15,86.7,87.5,83.105,84.355,381716.0
2006-05-16,84.0,85.0,82.1,84.77,381010.0
2006-05-17,86.5,86.5,82.7,84.43,348761.0
2006-05-18,83.7,84.4,80.4,81.965,534499.0
2006-05-19,83.4,83.5,76.52,80.965,459709.0
2006-05-22,81.0,83.4,71.0,78.695,382825.0
2006-05-23,79.5,80.0,74.3,78.12,532684.0
2006-05-24,79.1,79.9,74.7,76.86,1213298.0
2006-05-25,75.105,79.0,72.82,75.815,872796.0
2006-05-26,76.0,78.9,75.0,77.395,301993.0
2006-05-29,78.0,78.8,75.805,76.43,241634.0
2006-05-30,76.82,76.82,72.61,75.01,278936.0
2006-05-31,73.225,77.5,71.525,74.52,622865.0
2006-06-01,76.0,77.25,73.3,73.865,529496.0
2006-06-02,74.0,77.5,73.4,76.505,440687.0
2006-06-05,76.3,77.4,73.01,73.94,336165.0
2006-06-06,73.5,73.5,71.525,72.26,188536.0
2006-06-07,72.17,72.97,71.0,72.075,231780.0
2006-06-08,71.1,72.5,64.0,69.265,725318.0
2006-06-09,68.7,72.0,66.125,71.27,372056.0
2006-06-12,71.79,72.785,66.515,69.225,357490.0
2006-06-13,67.1,67.785,64.0,65.165,389665.0
2006-06-14,64.8,67.28,61.52,63.895,977627.0
2006-06-15,64.4,72.48,64.4,69.77,777248.0
2006-06-16,71.0,76.65,71.0,73.45,1229253.0
2006-06-19,70.45,74.01,70.45,73.63,188481.0
2006-06-20,72.0,72.7,70.025,70.895,268131.0
2006-06-21,71.5,71.71,70.2,70.905,222526.0
2006-06-22,74.48,76.0,72.5,73.095,194327.0
2006-06-23,70.48,75.05,70.26,74.94,275736.0
2006-06-25,76.2,76.2,73.45,74.145,9325.0
2006-06-26,72.525,77.2,72.525,76.16,767056.0
2006-06-27,75.0,75.99,73.1,74.105,376170.0
2006-06-28,77.5,77.5,72.205,72.665,527592.0
2006-06-29,74.0,76.1,73.115,74.935,1077001.0
2006-06-30,75.51,81.48,75.51,79.595,601990.0
2006-07-03,80.0,80.0,77.1,77.85,502022.0
2006-07-04,78.0,78.995,78.0,78.725,208645.0
2006-07-05,78.0,81.6,77.805,80.74,641005.0
2006-07-06,80.05,80.495,78.7,80.0,385242.0
2006-07-07,80.2,80.995,75.1,77.93,189555.0
2006-07-10,77.11,78.0,76.3,77.86,139779.0
2006-07-11,77.505,77.505,75.505,76.155,113684.0
2006-07-12,68.0,77.2,68.0,76.12,308310.0
2006-07-13,75.6,76.5,74.265,74.635,209205.0
2006-07-14,74.6,74.6,71.56,72.93,472450.0
2006-07-17,73.0,73.0,70.225,70.745,539177.0
2006-07-18,70.5,71.4,70.1,71.025,407670.0
2006-07-19,71.2,71.9,69.21,69.72,260238.0
2006-07-20,71.1,74.0,71.1,72.645,445858.0
2006-07-21,71.5,72.7,70.5,70.985,303771.0
2006-07-24,70.5,73.735,69.23,72.95,283230.0
2006-07-25,74.0,76.99,74.0,76.6,482862.0
2006-07-26,75.51,78.4,75.11,78.11,354458.0
2006-07-27,78.5,79.5,77.025,78.815,897812.0
2006-07-28,77.9,80.13,77.5,79.55,649851.0
2006-07-31,79.5,80.5,79.09,79.5,357476.0
2006-08-01,79.6,79.6,77.51,78.115,236354.0
2006-08-02,77.705,78.7,76.405,77.975,634789.0
2006-08-03,78.01,80.5,78.01,79.785,366237.0
2006-08-04,79.8,80.29,78.7,80.04,235243.0
2006-08-07,79.125,80.5,79.125,80.35,722255.0
2006-08-08,80.9,81.59,80.4,81.355,171927.0
2006-08-09,81.9,81.9,80.31,80.885,326092.0
2006-08-10,81.77,81.77,79.81,80.545,205098.0
2006-08-11,81.025,81.6,80.315,81.065,134970.0
2006-08-14,80.81,81.4,80.135,80.745,87753.0
2006-08-16,82.8,86.94,81.815,84.615,653555.0
2006-08-17,84.99,85.495,83.5,84.865,493343.0
2006-08-18,84.2,84.87,83.115,84.11,204528.0
2006-08-21,81.92,84.1,81.92,83.755,183563.0
2006-08-22,84.295,87.0,83.015,85.87,401960.0
2006-08-23,86.0,87.0,84.42,85.295,189598.0
2006-08-24,84.5,85.77,83.5,85.335,222640.0
2006-08-25,85.55,85.55,84.15,85.0,269866.0
2006-08-28,84.99,85.0,84.0,84.545,169031.0
2006-08-29,84.79,86.005,84.105,84.545,219077.0
2006-08-30,84.0,85.65,83.615,84.0,198117.0
2006-08-31,84.2,85.9,83.805,85.205,518636.9999999999
2006-09-01,85.25,88.0,85.2,87.625,373256.0
2006-09-04,87.75,88.68,87.625,88.03,134639.0
2006-09-05,87.0,88.1,87.0,87.47,116381.0
2006-09-06,88.0,88.39,86.03,86.4,291632.0
2006-09-07,85.66,85.8,84.22,84.875,576691.0
2006-09-08,85.2,85.25,84.155,84.92,354701.0
2006-09-11,85.4,85.5,81.6,82.28,806202.0
2006-09-12,83.48,84.985,81.515,84.055,653147.0
2006-09-13,85.1,88.9,84.72,87.38,520825.0000000001
2006-09-14,87.5,87.8,86.11,86.55,207656.0
2006-09-15,87.3,88.7,86.825,87.79,322603.0
2006-09-18,87.14,88.695,87.125,88.305,154441.0
2006-09-19,88.0,88.7,87.525,88.105,282832.0
2006-09-20,87.5,88.065,85.31,87.57,244605.0
2006-09-21,88.395,88.47,87.3,88.345,228399.0
2006-09-22,88.01,89.4,86.3,87.585,250053.0
2006-09-25,86.0,88.59,85.625,87.83,268824.0
2006-09-26,88.0,89.295,87.12,88.865,354983.0
2006-09-27,89.5,90.5,89.205,89.925,440267.0
2006-09-28,90.395,95.47,90.105,92.91,869511.0
2006-09-29,93.5,94.1,91.5,92.535,264527.0
2006-10-03,93.0,93.0,91.65,91.975,222408.0
2006-10-04,91.7,91.99,88.63,89.015,429062.0
2006-10-05,90.03,93.6,89.8,93.1,428296.0
2006-10-06,93.9,94.5,93.115,93.375,219746.0
2006-10-09,92.5,93.495,92.5,92.99,153598.0
2006-10-10,93.0,94.5,93.0,93.8,144851.0
2006-10-11,94.47,97.2,94.205,96.585,342744.0
2006-10-12,96.725,96.725,94.8,95.915,475613.0
2006-10-13,97.77,99.995,97.7,98.775,345017.0
2006-10-16,99.9,106.495,99.2,104.88,985505.0
2006-10-17,104.9,106.2,99.56,100.78,1530097.0
2006-10-18,102.9,102.9,97.555,97.985,1380575.0
2006-10-19,98.4,99.8,95.5,96.35,574036.0
2006-10-20,97.6,97.88,95.325,96.015,497730.0
2006-10-23,96.025,97.28,95.525,96.95,174371.0
2006-10-26,96.5,100.5,96.5,99.98,1105749.0
2006-10-27,100.5,101.3,99.22,99.93,453083.0
2006-10-30,99.03,103.7,97.93,102.935,494409.0
2006-10-31,103.79,103.79,100.1,100.46,433773.0
2006-11-01,101.44,101.8,99.42,99.895,204763.0
2006-11-02,99.6,101.79,98.6,101.055,282094.0
2006-11-03,100.675,101.2,99.6,100.155,216088.0
2006-11-06,101.0,101.07,99.53,99.89,111156.0
2006-11-07,100.5,101.97,99.2,99.485,276727.0
2006-11-08,99.945,101.18,98.515,100.26,472178.0
2006-11-09,100.6,102.28,100.5,101.78,334922.0
2006-11-10,102.74,105.0,102.0,104.45,630788.0
2006-11-13,104.985,106.5,104.55,105.58,402913.0
2006-11-14,105.97,107.475,104.025,106.565,567768.0
2006-11-15,107.0,108.0,106.6,107.645,836654.0
2006-11-16,108.9,115.0,107.99,114.435,1789927.0
2006-11-17,114.7,114.87,111.805,112.655,867712.0
2006-11-20,111.6,111.98,106.8,108.65,737328.0
2006-11-21,108.87,111.3,107.0,109.24,623072.0
2006-11-22,110.4,110.455,106.505,107.75,877330.0
2006-11-23,109.8,112.26,108.0,111.305,350569.0
2006-11-24,111.5,112.69,109.8,110.6,444752.0
2006-11-27,108.625,111.86,106.025,111.095,115843.0
2006-11-28,110.5,110.9,108.175,108.72,232284.0
2006-11-29,108.1,110.47,108.0,108.735,387289.0
2006-11-30,109.41,112.64,109.41,112.18,917802.0
2006-12-01,112.5,113.48,111.53,112.37,457185.0
2006-12-04,112.3,113.4,109.81,110.035,319799.0
2006-12-05,110.595,112.0,108.005,108.57,273465.0
2006-12-06,110.47,110.8,108.2,108.725,252556.0
2006-12-07,109.77,111.49,108.8,110.615,306318.0
2006-12-08,110.35,110.6,108.4,108.585,185050.0
2006-12-11,108.95,108.95,99.125,103.27,666767.0
2006-12-12,102.5,106.7,100.1,102.815,632358.0
2006-12-13,103.49,107.0,101.03,103.91,435430.0
2006-12-14,105.0,105.79,103.025,104.575,459879.0
2006-12-15,106.1,107.49,105.005,105.64,307780.0
2006-12-18,105.99,107.57,103.2,106.67,328311.0
2006-12-19,107.3,107.3,102.735,103.875,518496.9999999999
2006-12-20,103.97,104.8,100.5,102.07,699132.0
2006-12-21,101.99,102.87,100.0,100.93,421768.0
2006-12-22,101.9,101.9,100.1,100.58,368641.0
2006-12-26,101.49,103.48,100.4,103.085,189878.0
2006-12-27,103.5,106.32,103.5,105.97,226047.0
2006-12-28,106.5,108.8,105.71,108.005,452115.0
2006-12-29,108.6,109.87,106.3,106.795,310989.0
2007-01-02,107.98,107.98,106.505,107.0,201677.0
2007-01-03,106.8,107.0,105.305,106.53,151605.0
2007-01-04,105.6,106.5,103.5,105.005,343342.0
2007-01-05,105.47,107.385,103.415,105.69,595467.0
2007-01-08,105.4,105.4,101.655,102.495,310703.0
2007-01-09,103.2,103.495,100.41,101.39,523159.9999999999
2007-01-10,101.845,101.85,99.5,99.865,356775.0
2007-01-11,100.85,101.78,98.11,99.615,1005767.0
2007-01-12,101.83,106.98,101.6,106.16,683257.0
2007-01-15,107.995,110.3,107.5,109.4,485295.0
2007-01-16,110.4,110.47,108.02,109.61,642347.0
2007-01-17,109.9,110.0,104.9,106.115,869315.0
2007-01-18,106.5,107.4,105.13,106.105,659633.0
2007-01-19,105.2,107.78,105.2,106.84,450050.0
2007-01-22,107.0,107.3,104.555,105.63,344302.0
2007-01-23,105.5,105.5,102.85,103.29,534122.0
2007-01-24,104.0,106.485,104.0,105.845,316194.0
2007-01-25,106.105,107.5,105.3,106.61,509282.0
2007-01-29,107.0,116.0,105.03,106.24,524438.0
2007-01-31,106.6,108.6,104.6,107.86,824413.0
2007-02-01,108.005,111.1,106.655,110.395,432566.0
2007-02-02,110.95,112.5,109.63,110.61,904689.0
2007-02-05,108.625,111.38,108.53,110.335,218421.0
2007-02-06,111.07,111.07,108.115,108.93,317722.0
2007-02-07,108.5,111.46,107.835,110.195,544548.0
2007-02-08,110.99,112.0,109.4,110.98,333564.0
2007-02-09,108.825,112.0,108.8,111.38,450855.0
2007-02-12,109.555,112.0,108.535,109.605,446089.0
2007-02-13,109.0,109.0,105.13,106.87,1134788.0
2007-02-14,104.825,104.825,100.525,101.725,1336040.0
2007-02-15,102.5,106.49,102.01,104.18,780150.0
2007-02-19,104.9,105.17,102.655,103.325,591117.0
2007-02-20,103.925,103.99,102.61,103.16,232269.0
2007-02-21,103.0,103.2,101.0,101.6,1126947.0
2007-02-22,101.8,102.4,97.8,98.73,1073998.0
2007-02-23,97.95,99.88,92.5,95.82,508629.0
2007-02-26,97.77,98.7,94.0,95.175,375471.0
2007-02-27,95.5,98.1,92.0,97.59,635689.0
2007-02-28,90.6,94.8,90.0,93.5,917052.0
2007-03-01,96.0,98.9,94.1,98.03,605834.0
2007-03-02,98.0,98.0,92.405,93.76,651321.0
2007-03-05,92.165,93.9,88.355,92.805,471677.0
2007-03-06,92.9,94.3,91.035,92.795,672478.0
2007-03-07,95.6,95.99,90.6,91.555,491264.0
2007-03-08,91.9,99.0,91.555,97.415,512765.9999999999
2007-03-09,98.3,98.9,95.625,97.69,440403.0
2007-03-12,97.69,98.385,94.515,95.005,482345.0
2007-03-13,96.0,97.0,94.03,96.015,344574.0
2007-03-14,92.62,93.9,91.5,93.295,518722.9999999999
2007-03-15,96.5,98.0,91.5,91.84,504577.0
2007-03-16,93.5,93.5,88.55,90.35,479865.0
2007-03-19,91.0,93.3,90.505,92.465,264983.0
2007-03-20,93.5,95.9,93.35,95.525,907110.0
2007-03-21,95.8,96.99,95.0,96.56,344457.0
2007-03-22,98.9,103.2,97.6,102.59,480426.0
2007-03-23,103.0,103.0,99.6,101.115,577582.0
2007-03-26,101.8,101.8,96.725,97.32,753260.0
2007-03-28,97.3,97.3,95.2,95.845,430816.0
2007-03-29,95.2,95.495,92.8,93.375,2563015.0
2007-03-30,94.6,96.99,93.8,95.415,1080888.0
2007-04-02,91.01,92.2,89.49,90.135,662078.0
2007-04-03,90.115,92.38,90.115,91.42,650792.0
2007-04-04,92.5,93.7,92.0,92.505,375139.0
2007-04-05,92.505,94.8,91.8,94.26,288620.0
2007-04-09,94.97,97.5,94.26,97.115,213569.0
2007-04-10,97.5,99.5,95.4,99.195,373437.0
2007-04-11,99.0,99.7,97.5,97.935,442687.0
2007-04-12,97.0,97.0,95.2,95.835,356667.0
2007-04-13,96.0,98.7,95.2,98.12,420099.0
2007-04-16,99.0,99.9,96.62,97.495,311684.0
2007-04-17,98.1,99.4,97.165,97.805,740019.0
2007-04-18,98.5,99.2,97.41,98.04,318907.0
2007-04-19,96.65,99.2,96.01,98.245,323518.0
2007-04-20,98.55,100.9,97.0,99.46,357502.0
2007-04-23,99.9,100.83,98.4,98.68,339648.0
2007-04-24,98.68,102.46,97.625,101.375,1718757.0
2007-04-25,101.5,104.0,101.5,103.1,1620419.0
2007-04-26,103.945,104.5,100.62,103.445,1263510.0
2007-04-27,98.525,104.0,98.525,101.46,355937.0
2007-04-30,100.6,103.0,97.025,102.415,510885.0
2007-05-03,102.5,104.0,100.0,100.46,1027884.0
2007-05-04,100.5,102.0,100.1,100.775,418707.0
2007-05-07,101.115,101.99,99.8,100.005,415394.0
2007-05-08,99.99,99.99,98.72,99.13,476996.0
2007-05-09,99.05,99.8,98.0,99.47,209286.0
2007-05-10,100.025,102.5,100.025,101.18,647258.0
2007-05-11,98.66,101.0,95.755,99.26,714615.0
2007-05-14,100.5,101.995,99.125,99.59,787806.0
2007-05-15,99.78,101.47,99.505,101.105,549345.0
2007-05-16,102.0,104.48,100.735,103.545,2384383.0
2007-05-17,104.4,105.99,103.21,104.205,1152117.0
2007-05-18,104.0,109.2,103.3,107.03,2058337.0
2007-05-21,108.0,112.2,107.5,110.68,1120880.0
2007-05-22,112.26,113.29,110.625,111.51,755317.0
2007-05-23,107.555,112.5,107.555,111.465,541146.0
2007-05-24,110.56,112.1,108.0,109.115,350563.0
2007-05-25,106.2,108.5,106.11,106.92,669981.0
2007-05-28,109.89,113.5,109.89,112.715,718206.0
2007-05-29,112.7,115.1,112.11,114.44,436572.0
2007-05-30,114.5,114.5,109.6,110.405,655334.0
2007-05-31,111.13,115.985,111.13,114.76,919550.0
2007-06-01,114.7,116.5,114.1,115.345,743373.0
2007-06-04,116.6,118.42,114.8,116.84,486938.0
2007-06-05,116.0,116.5,115.015,115.96,311746.0
2007-06-06,116.0,116.2,111.8,112.72,453831.0
2007-06-07,111.94,112.99,110.1,110.555,312215.0
2007-06-08,109.0,110.0,107.61,109.095,491154.0
2007-06-11,110.55,112.8,109.0,109.735,458896.0
2007-06-12,110.7,111.4,107.1,108.815,199342.0
2007-06-13,108.815,109.0,107.485,108.29,364696.0
2007-06-14,109.9,112.0,109.0,109.64,344016.0
2007-06-15,110.0,111.8,109.5,111.035,381407.0
2007-06-18,110.135,112.495,108.33,108.845,191889.0
2007-06-19,108.0,110.97,108.0,109.995,633922.0
2007-06-20,109.5,111.555,108.72,110.005,668111.0
2007-06-21,110.0,111.4,109.6,110.18,1274407.0
2007-06-22,109.7,111.77,109.7,110.3,644961.0
2007-06-25,110.98,110.98,109.205,109.98,367493.0
2007-06-26,109.0,111.0,109.0,109.87,743942.0
2007-06-27,110.375,110.375,108.3,109.035,478887.0
2007-06-28,109.4,110.25,107.5,109.73,732509.0
2007-06-29,110.0,115.1,109.3,114.675,939205.0
2007-07-02,116.5,116.5,113.1,114.755,501624.0
2007-07-03,115.66,117.3,114.0,115.05,413075.0
2007-07-04,115.4,115.485,113.1,115.075,292551.0
2007-07-05,115.48,115.94,112.21,112.91,517374.0
2007-07-06,113.81,116.6,112.53,115.83,513182.0
2007-07-09,116.5,117.9,116.3,116.76,437757.0
2007-07-10,119.94,119.94,114.415,114.93,923812.0
2007-07-11,115.2,116.4,113.9,114.875,446998.0
2007-07-12,115.7,120.5,115.05,120.145,538606.0
2007-07-13,120.6,124.0,120.28,122.64,861197.0
2007-07-16,123.0,123.0,120.0,121.765,330882.0
2007-07-17,122.0,122.77,118.92,119.93,326410.0
2007-07-18,119.0,121.97,117.6,120.005,589060.0
2007-07-19,119.11,121.945,117.6,120.925,963282.0
2007-07-20,122.1,122.6,119.625,120.09,372322.0
2007-07-23,119.84,123.495,119.055,123.03,345028.0
2007-07-24,122.89,125.5,121.115,124.89,456725.0
2007-07-25,124.5,124.5,121.1,123.905,273137.0
2007-07-26,123.75,123.75,119.1,121.725,561459.0
2007-07-27,119.0,119.0,115.01,116.935,653033.0
2007-07-30,115.99,119.8,115.2,116.885,474781.0
2007-07-31,118.0,120.99,115.1,120.06,618372.0
2007-08-01,118.89,119.0,112.105,116.135,980178.0
2007-08-02,114.97,116.19,114.02,115.24,574338.0
2007-08-03,116.7,116.9,113.8,115.5,283435.0
2007-08-06,113.49,114.0,110.7,113.25,685039.0
2007-08-07,115.8,116.9,113.1,114.14,392536.0
2007-08-08,114.5,119.24,114.5,117.175,486752.0
2007-08-09,118.785,119.25,113.9,115.565,498173.0
2007-08-10,110.125,113.5,109.1,113.05,559167.0
2007-08-13,114.0,114.895,112.22,113.565,349503.0
2007-08-14,113.51,115.2,112.63,114.765,186964.0
2007-08-16,110.13,111.38,108.125,109.4,663070.0
2007-08-17,108.97,109.78,105.12,106.81,890650.0
2007-08-20,110.115,113.9,110.115,111.09,810842.0
2007-08-21,112.8,112.8,109.905,110.395,223613.0
2007-08-22,110.4,112.19,109.805,111.74,545241.0
2007-08-23,112.25,114.5,107.5,110.015,874928.0
2007-08-24,109.87,112.2,108.005,109.77,839549.0
2007-08-27,110.155,112.69,110.155,111.96,550468.0
2007-08-28,112.44,115.84,111.875,115.06,514039.9999999999
2007-08-29,112.1,118.0,112.05,116.255,688425.0
2007-08-30,115.155,119.7,115.155,118.06,901446.0
2007-08-31,117.3,119.5,115.8,117.17,654291.0
2007-09-03,121.83,121.83,117.035,117.64,393071.0
2007-09-04,118.0,119.5,116.55,117.645,231733.0
2007-09-05,116.555,118.435,115.8,117.245,201848.0
2007-09-06,116.0,118.76,115.9,118.46,150166.0
2007-09-07,116.23,120.6,114.055,119.655,261271.0
2007-09-10,117.1,120.6,117.0,119.61,228252.0
2007-09-11,119.61,120.5,118.215,118.78,181117.0
2007-09-12,119.2,120.19,118.0,118.215,125051.0
2007-09-13,118.2,121.7,118.2,121.35,563074.0
2007-09-14,121.2,124.99,121.0,123.27,447191.0
2007-09-17,121.82,124.89,121.505,122.615,240243.0
2007-09-18,122.0,123.485,120.355,123.115,231739.0
2007-09-19,127.1,134.0,125.6,132.43,997162.0
2007-09-20,132.7,133.9,131.01,132.62,502425.0
2007-09-21,132.165,133.245,130.7,131.845,369855.0
2007-09-24,134.2,135.6,133.53,134.65,442510.0
2007-09-25,134.65,140.9,134.5,139.635,481666.0
2007-09-26,139.0,139.0,136.01,137.57,778358.0
2007-09-27,137.205,145.9,137.105,143.3,1082348.0
2007-09-28,143.85,144.39,140.3,143.56,595727.0
2007-10-01,144.0,144.97,139.12,141.165,723098.0
2007-10-03,141.36,143.88,140.61,142.48,492265.0
2007-10-04,140.8,141.87,138.8,140.97,402905.0
2007-10-05,141.0,142.0,139.22,140.315,296709.0
2007-10-08,141.53,144.0,139.9,140.735,670723.0
2007-10-09,136.62,142.5,136.62,142.115,468839.0
2007-10-10,143.02,145.0,139.61,141.695,453779.0
2007-10-11,142.5,147.49,142.1,146.07,450507.0
2007-10-12,144.5,146.1,142.08,143.27,465891.0
2007-10-15,145.0,152.5,145.0,149.92,1130254.0
2007-10-16,151.985,151.985,146.51,150.775,470067.0
2007-10-17,140.63,148.48,130.5,146.275,625744.0
2007-10-18,144.8,146.3,136.01,138.82,620155.0
2007-10-19,135.0,144.0,133.82,136.635,497958.0
2007-10-22,137.88,139.7,133.1,137.19,564902.0
2007-10-23,139.8,151.5,138.83,148.82,888259.0
2007-10-24,152.0,152.5,146.85,151.395,614373.0
2007-10-25,149.51,157.885,146.53,155.4,643293.0
2007-10-26,153.8,155.99,148.62,154.65,347163.0
2007-10-29,158.2,167.0,157.5,164.695,292898.0
2007-10-30,165.5,171.84,161.235,162.055,403402.0
2007-10-31,159.0,166.9,158.0,165.34,420722.0
2007-11-01,172.84,172.84,166.625,169.02,716487.0
2007-11-02,164.055,179.98,164.055,177.05,291806.0
2007-11-05,175.0,175.0,167.53,171.605,459300.0
2007-11-06,172.5,174.79,169.0,170.82,368364.0
2007-11-07,174.77,174.77,161.0,161.685,453604.0
2007-11-08,158.0,158.96,154.5,155.535,521340.0000000001
2007-11-09,160.0,160.0,152.6,153.625,34392.0
2007-11-12,148.025,152.0,145.5,147.735,836565.0
2007-11-13,142.5,168.0,142.5,157.42,1032292.0
2007-11-14,163.98,178.0,162.0,175.23,1191184.0
2007-11-15,175.0,175.0,167.525,170.045,476846.0
2007-11-16,165.0,170.3,163.2,168.71,658433.0
2007-11-19,169.0,169.0,164.53,165.455,899410.0
2007-11-20,164.0,167.445,161.055,163.03,581577.0
2007-11-21,163.1,164.8,156.5,158.09,578617.0
2007-11-22,157.99,160.5,155.14,159.17,488553.0
2007-11-23,159.0,160.7,154.13,156.27,443631.0
2007-11-26,167.0,167.5,161.015,164.335,425660.0
2007-11-27,162.5,166.0,160.0,163.265,556770.0
2007-11-28,164.0,169.5,158.5,160.635,557962.0
2007-11-29,162.88,171.0,162.88,167.44,1043514.0
2007-11-30,167.97,174.835,167.97,171.615,616420.0
2007-12-03,173.5,173.5,168.0,169.61,490452.0
2007-12-04,172.8,172.8,169.065,170.165,262366.0
2007-12-05,170.5,173.8,169.5,172.38,820097.0
2007-12-06,174.0,178.0,167.22,168.995,518020.9999999999
2007-12-07,171.0,174.0,171.0,171.98,591975.0
2007-12-10,172.0,173.0,167.74,168.795,409597.0
2007-12-11,168.8,179.5,168.5,178.055,363075.0
2007-12-12,177.7,179.88,172.1,178.405,749646.0
2007-12-13,177.5,177.9,174.13,175.635,399961.0
2007-12-14,176.5,176.5,170.0,172.445,477824.0
2007-12-17,171.9,171.9,166.5,168.355,472556.0
2007-12-18,166.8,170.5,161.655,166.175,663386.0
2007-12-19,170.0,170.0,163.255,165.305,551293.0
2007-12-20,165.0,165.985,162.625,164.27,593690.0
2007-12-24,166.615,170.5,165.03,169.815,339653.0
2007-12-26,169.815,171.5,168.0,170.675,216084.0
2007-12-27,171.0,175.8,171.0,174.55,436494.0
2007-12-28,169.9,173.8,166.72,173.03,337737.0
2007-12-31,175.0,175.0,170.8,172.91,188962.0
2008-01-01,173.0,173.9,170.5,172.95,131052.0
2008-01-02,173.4,173.48,169.03,171.53,623975.0
2008-01-03,171.0,171.0,167.62,169.44,701864.0
2008-01-04,170.3,171.4,169.4,169.64,372982.0
2008-01-07,165.1,167.84,161.23,165.54,632246.0
2008-01-08,168.9,172.28,167.0,171.575,916749.0
2008-01-09,171.45,176.7,170.03,174.46,1004919.0
2008-01-10,178.95,179.76,170.515,172.2,861100.0
2008-01-11,172.8,177.8,172.21,176.455,415110.0
2008-01-14,177.4,182.5,172.23,178.315,1167546.0
2008-01-15,182.03,182.03,176.655,178.895,622842.0
2008-01-16,169.5,173.86,165.03,167.375,1228170.0
2008-01-17,166.21,166.8,161.22,164.36,1335669.0
2008-01-18,158.11,162.6,155.56,157.1,996741.0
2008-01-21,159.0,159.0,148.0,150.71,743489.0
2008-01-22,149.89,178.0,135.1,142.64,1164506.0
2008-01-23,151.9,170.0,138.0,153.43,933287.0
2008-01-24,153.0,163.7,147.5,151.04,814191.0
2008-01-25,154.4,168.0,152.51,160.845,607231.0
2008-01-28,155.0,160.0,143.0,159.02,595807.0
2008-01-29,159.88,162.7,150.02,153.735,609521.0
2008-01-30,157.4,157.4,150.5,153.295,396511.0
2008-01-31,154.2,158.99,151.505,156.955,639685.0
2008-02-01,157.5,158.28,148.52,157.1,728723.0
2008-02-04,162.38,162.38,152.6,154.74,549130.0
2008-02-05,156.0,159.74,150.025,151.225,607141.0
2008-02-06,149.99,151.475,145.14,150.01,786594.0
2008-02-07,149.9,151.2,148.2,149.18,1671532.0
2008-02-08,149.1,150.3,142.3,144.195,388066.0
2008-02-11,144.195,146.9,135.07,141.075,692689.0
2008-02-12,143.0,144.5,138.625,140.765,463092.0
2008-02-13,143.98,148.8,143.0,146.85,584412.0
2008-02-14,149.9,155.5,149.9,153.645,633265.0
2008-02-15,152.0,157.5,149.23,156.225,544232.0
2008-02-18,157.8,159.0,154.03,155.685,173924.0
2008-02-19,159.6,159.77,155.515,157.19,274471.0
2008-02-20,157.0,157.0,150.9,153.72,396955.0
2008-02-21,154.0,157.0,149.715,154.085,298920.0
2008-02-22,147.04,153.97,146.005,147.43,471917.0
2008-02-25,149.89,150.98,139.535,142.175,1366088.0
2008-02-26,145.0,146.945,144.5,145.49,617512.0
2008-02-27,147.0,148.66,144.13,145.23,460601.0
2008-02-28,146.89,149.1,145.2,147.255,624996.0
2008-02-29,146.0,147.43,141.17,145.675,684695.0
2008-03-03,143.0,143.0,136.21,138.99,508800.0
2008-03-04,139.5,139.5,129.325,135.175,848207.0
2008-03-05,134.2,135.175,132.025,133.275,621752.0
2008-03-07,133.0,133.0,125.695,128.225,919192.0
2008-03-10,126.5,132.86,122.51,131.15,778227.0
2008-03-11,128.51,135.1,127.02,133.32,1037662.0
2008-03-12,139.4,143.98,134.64,137.055,623694.0
2008-03-13,134.0,134.5,128.565,129.915,427985.0
2008-03-14,129.5,132.59,127.5,131.545,450340.0
2008-03-17,124.5,127.5,119.5,122.6,863718.0
2008-03-18,122.4,123.8,116.555,123.095,1211146.0
2008-03-19,127.5,133.495,124.5,127.26,1265446.0
2008-03-24,128.515,135.1,128.515,134.19,644212.0
2008-03-25,137.0,143.5,136.5,141.4,876863.0
2008-03-26,140.12,145.665,139.66,143.92,1233084.0
2008-03-27,140.12,146.72,138.6,143.32,857787.0
2008-03-28,142.5,142.625,136.6,140.7,606507.0
2008-03-31,140.0,140.0,129.03,133.125,1180107.0
2008-04-01,132.005,134.0,127.0,130.955,756827.0
2008-04-02,138.0,140.1,130.8,132.8,671183.0
2008-04-03,132.5,136.85,130.51,133.115,575905.0
2008-04-04,132.0,132.005,128.56,129.385,1164966.0
2008-04-07,128.8,132.26,127.82,130.34,605200.0
2008-04-08,132.5,132.5,129.01,130.855,734923.0
2008-04-09,130.9,139.9,129.605,137.985,786766.0
2008-04-10,137.525,137.525,132.11,132.655,542363.0
2008-04-11,134.9,135.5,130.2,133.005,417952.0
2008-04-15,131.03,133.37,127.53,130.33,897138.0
2008-04-16,133.095,133.4,130.09,130.83,551595.0
2008-04-17,131.8,141.5,131.8,140.12,1813264.0
2008-04-21,140.5,147.445,138.2,146.075,897536.0
2008-04-22,145.0,151.645,142.82,150.825,699571.0
2008-04-23,150.88,150.88,143.57,144.535,547987.0
2008-04-24,146.995,146.995,140.81,144.26,1221151.0
2008-04-25,145.47,150.8,145.05,150.04,545164.0
2008-04-28,150.04,154.9,150.04,152.335,1156308.0
2008-04-29,151.9,155.9,150.14,154.78,591569.0
2008-04-30,154.81,154.81,150.5,152.415,809071.0
2008-05-02,154.5,157.695,153.2,154.04,598388.0
2008-05-05,154.0,155.885,151.62,152.855,420155.0
2008-05-06,152.5,155.0,152.5,154.285,430998.0
2008-05-07,153.95,155.2,151.535,154.19,344058.0
2008-05-08,150.0,152.34,145.22,150.835,589068.0
2008-05-09,156.235,160.0,144.32,145.25,620423.0
2008-05-12,142.635,147.69,142.635,146.805,261763.0
2008-05-13,148.97,149.5,146.005,148.025,524162.0000000001
2008-05-14,146.5,147.47,145.0,146.48,602688.0
2008-05-15,145.23,148.675,145.23,147.85,231794.0
2008-05-16,151.0,152.77,149.2,150.04,490926.0
2008-05-20,150.0,150.5,145.0,146.12,631312.0
2008-05-21,145.01,145.01,139.245,141.005,1445884.0
2008-05-22,140.8,140.8,135.1,138.375,513400.9999999999
2008-05-23,140.8,141.08,137.21,138.15,664342.0
2008-05-26,137.0,138.15,133.6,134.76,390859.0
2008-05-27,136.49,137.0,131.9,133.27,628255.0
2008-05-28,133.47,136.06,131.7,135.135,412701.0
2008-05-29,136.5,137.48,130.4,131.955,641726.0
2008-05-30,130.1,138.29,130.1,136.87,658076.0
2008-06-02,138.0,138.0,129.4,131.05,491097.0
2008-06-03,131.0,131.0,124.65,126.64,520041.0000000001
2008-06-04,127.0,127.0,119.61,121.5,484459.0
2008-06-05,122.0,128.99,118.04,124.815,1061647.0
2008-06-06,125.0,127.495,121.8,123.245,999658.0
2008-06-09,120.0,120.005,115.9,118.36,556189.0
2008-06-10,117.0,119.49,112.0,113.235,1557871.0
2008-06-11,114.5,120.975,112.23,119.635,1278447.0
2008-06-12,115.63,117.48,112.125,116.155,1233769.0
2008-06-13,115.24,117.35,111.35,112.215,725327.0
2008-06-16,113.76,117.2,113.0,114.925,1005163.0
2008-06-17,115.0,122.5,115.0,121.365,1287222.0
2008-06-18,123.2,123.2,116.24,116.84,1073799.0
2008-06-19,112.23,115.5,111.2,112.295,597000.0
2008-06-20,112.2,113.8,109.255,109.825,649085.0
2008-06-23,107.5,111.99,107.5,109.555,743423.0
2008-06-24,108.0,110.89,104.2,105.965,361141.0
2008-06-25,104.0,108.18,101.515,107.435,1297176.0
2008-06-26,108.09,109.88,104.01,106.05,1398717.0
2008-06-27,104.9,104.9,99.6,102.16,1045901.0
2008-06-30,101.0,101.54,99.5,100.74,671164.0
2008-07-01,101.5,101.5,95.005,96.525,1023168.0
2008-07-02,96.5,105.0,95.8,102.76,904017.0
2008-07-03,101.8,102.0,94.5,98.445,1702189.0
2008-07-04,98.615,100.7,98.31,100.03,1401513.0
2008-07-07,100.0,105.0,99.63,100.54,1395633.0
2008-07-08,100.0,102.97,96.0,100.175,1208192.0
2008-07-09,102.9,106.69,100.03,105.825,2331386.0
2008-07-10,105.0,107.65,103.13,105.42,1309515.0
2008-07-11,104.5,107.5,103.51,106.78,1052482.0
2008-07-14,106.78,107.0,101.125,103.165,964840.0
2008-07-15,101.98,101.98,91.195,91.815,1856079.0
2008-07-16,91.8,94.0,89.23,90.36,1091585.0
2008-07-17,94.88,97.9,94.8,95.865,2324450.0
2008-07-18,97.37,104.3,97.37,103.45,2833915.0
2008-07-21,105.0,109.39,104.52,108.37,1236512.0
2008-07-22,107.005,117.505,107.005,110.13,2257418.0
2008-07-23,113.55,121.5,113.55,120.46,2378348.0
2008-07-24,124.4,124.9,118.55,121.39,1323033.0
2008-07-25,115.32,119.47,111.8,112.645,2006208.0
2008-07-28,112.645,115.47,111.0,112.72,1488402.0
2008-07-29,111.97,111.97,100.3,102.93,2473541.0
2008-07-30,105.0,110.5,104.5,109.405,1811777.0
2008-07-31,110.0,112.88,105.825,109.815,1803975.0
2008-08-01,109.47,112.5,102.625,110.83,3068500.0
2008-08-04,111.02,113.445,109.53,110.875,1005693.0
2008-08-05,110.025,119.5,109.8,118.45,2085817.0
2008-08-06,121.2,129.33,119.77,121.64,3327380.0
2008-08-07,120.0,126.5,120.0,125.265,1889753.0
2008-08-08,125.0,129.5,122.6,128.31,2124352.0
2008-08-11,132.98,133.58,129.1,131.15,2662865.0
2008-08-12,131.2,132.0,125.52,126.505,1359604.0
2008-08-13,124.125,125.0,121.23,121.735,1215999.0
2008-08-14,121.735,121.735,116.5,117.48,974292.0
2008-08-18,116.9,122.38,116.04,120.355,1504694.0
2008-08-19,119.0,121.0,116.63,120.685,918024.0
2008-08-20,121.22,124.8,120.14,123.82,1090954.0
2008-08-21,123.2,124.0,116.05,116.635,694118.0
2008-08-22,116.0,119.8,115.1,119.4,1006219.0
2008-08-25,121.01,124.18,120.425,120.77,753135.0
2008-08-26,120.0,126.2,119.575,125.13,1430390.0
2008-08-27,126.38,126.8,122.6,123.4,1424101.0
2008-08-28,123.0,124.77,119.8,121.31,1356818.0
2008-08-29,123.62,129.47,123.62,127.67,1244446.0
2008-09-01,124.95,131.0,124.95,129.83,721174.0
2008-09-02,130.24,138.6,128.51,133.965,2856103.0
2008-09-04,130.02,133.64,128.73,130.305,2519066.0
2008-09-05,127.5,128.0,124.0,124.85,2396512.0
2008-09-08,129.4,131.9,129.095,130.11,1710836.0
2008-09-09,127.0,131.35,126.63,129.36,1793358.0
2008-09-10,128.98,128.98,125.0,127.57,1669692.0
2008-09-11,126.505,128.39,124.8,125.3,1217020.0
2008-09-12,125.515,127.47,122.3,124.47,1303429.0
2008-09-15,120.525,121.5,115.585,120.34,1741333.0
2008-09-16,115.0,124.4,107.575,123.035,1414679.0
2008-09-17,124.77,124.8,116.53,118.735,1668649.0
2008-09-18,117.89,123.4,108.7,122.375,2710572.0
2008-09-19,126.025,130.4,125.515,129.955,1816313.0
2008-09-22,130.6,132.205,128.22,130.07,1137709.0
2008-09-23,127.51,129.175,122.23,123.375,1105494.0
2008-09-24,124.88,129.5,124.88,128.06,1307997.0
2008-09-25,127.51,131.48,126.81,130.065,1741234.0
2008-09-26,129.995,130.0,123.02,124.46,1308633.0
2008-09-29,126.7,126.7,118.52,120.035,1426073.0
2008-09-30,114.0,124.315,114.0,122.97,2316320.0
2008-10-01,123.8,130.5,121.14,129.525,1366940.0
2008-10-03,128.0,130.87,126.335,127.575,1395342.0
2008-10-06,125.0,126.0,119.23,120.275,1501859.0
2008-10-07,123.015,125.0,109.31,112.885,2864269.0
2008-10-08,109.4,113.1,97.5,110.605,3381315.0
2008-10-10,104.01,109.8,97.51,104.775,4538696.0
2008-10-13,107.05,119.0,104.91,117.305,2204642.0
2008-10-14,122.5,124.8,112.6,114.1,2197531.0
2008-10-15,111.5,115.39,110.3,113.675,1644536.0
2008-10-16,109.9,112.13,104.1,109.33,2731362.0
2008-10-17,112.8,114.5,100.5,102.635,1711714.0
2008-10-20,103.5,111.285,103.1,108.035,1218281.0
2008-10-21,110.0,112.2,107.21,108.955,1544768.0
2008-10-22,107.0,110.5,104.0,104.85,1296022.0
2008-10-23,102.5,111.8,99.705,107.425,1706757.0
2008-10-24,105.0,105.0,92.235,97.29,3196762.0
2008-10-27,95.0,95.0,86.2,93.23,1710811.0
2008-10-28,97.8,99.0,94.52,96.685,214082.0
2008-10-29,99.0,99.995,92.035,95.095,2398279.0
2008-10-31,96.5,106.0,96.5,102.26,2937279.0
2008-11-03,105.515,109.8,104.0,107.055,2155036.0
2008-11-04,107.945,113.175,105.015,111.265,2104769.0
2008-11-05,114.505,116.8,108.0,109.835,1501276.0
2008-11-06,106.01,110.5,103.13,106.225,1305438.0
2008-11-07,106.6,111.5,103.2,108.98,1378037.0
2008-11-10,111.0,111.47,105.25,110.07,1849357.0
2008-11-11,108.2,108.8,101.515,102.335,1235410.0
2008-11-12,100.005,106.1,99.22,100.665,1901122.0
2008-11-14,103.1,105.9,100.24,100.895,1788903.0
2008-11-17,101.11,101.48,90.63,93.645,3584611.0
2008-11-18,92.0,93.075,88.565,91.51,2512091.0
2008-11-19,92.5,97.4,87.01,88.455,2438869.0
2008-11-20,85.97,85.97,80.9,82.12,3242464.0
2008-11-21,83.005,86.8,79.8,85.645,3100795.0
2008-11-24,85.5,85.705,80.8,82.91,1803667.0
2008-11-25,84.5,88.5,82.83,83.54,2416995.0
2008-11-26,85.0,92.45,83.5,90.605,2427380.0
2008-11-28,81.005,93.6,79.155,92.275,2759252.0
2008-12-01,92.5,97.0,89.0,89.885,2147850.0
2008-12-02,87.995,89.475,84.51,88.59,1736484.0
2008-12-03,90.2,90.2,86.11,88.04,1971726.0
2008-12-04,87.2,91.87,87.2,91.195,1789549.0
2008-12-05,92.0,93.6,86.5,89.03,1992039.0
2008-12-08,92.445,95.4,88.21,89.8,2464332.0
2008-12-10,90.3,93.995,90.3,92.375,3229937.0
2008-12-11,92.5,94.9,90.215,91.855,2232919.0
2008-12-12,90.5,93.0,87.6,91.995,1607552.0
2008-12-15,93.515,95.87,92.5,94.425,1535339.0
2008-12-16,93.7,99.9,93.23,98.495,1893925.0
2008-12-17,100.32,102.0,98.8,100.22,2579839.0
2008-12-18,99.81,106.99,99.3,105.865,1985265.0
2008-12-19,105.1,108.435,103.26,105.21,2029169.0
2008-12-22,105.2,106.5,100.8,101.85,1194269.0
2008-12-23,101.2,101.8,97.315,97.98,1316943.0
2008-12-24,99.44,100.0,94.2,98.42,1354874.0
2008-12-26,99.5,101.99,96.6,97.28,838857.0
2008-12-29,95.64,101.0,95.6,100.235,1303029.0
2008-12-30,99.905,103.43,99.53,101.9,1885538.0
2008-12-31,103.2,103.2,98.845,99.835,1039337.0
2009-01-01,99.6,101.98,99.6,101.375,528750.0
2009-01-02,102.0,103.2,100.32,101.565,1046852.0
2009-01-05,103.0,104.95,102.805,104.41,1005908.0
2009-01-06,104.415,111.3,103.4,110.04,1828993.0
2009-01-07,111.5,112.525,99.6,100.925,3778238.0
2009-01-09,100.0,105.7,97.5,101.75,2141357.0
2009-01-12,101.2,102.2,99.0,100.37,1805657.0
2009-01-13,100.0,101.2,97.51,98.885,1252811.0
2009-01-14,104.47,104.47,96.69,97.755,2832517.0
2009-01-15,96.0,96.0,90.705,92.48,2924749.0
2009-01-16,93.8,94.455,92.22,93.755,780880.0
2009-01-19,94.9,95.45,93.15,94.11,1014845.0
2009-01-20,92.5,92.5,90.2,91.245,801111.0
2009-01-21,90.68,90.68,88.0,88.945,1976040.0
2009-01-22,90.0,91.7,88.2,90.05,1629960.0
2009-01-23,89.26,91.13,86.51,87.245,1592970.0
2009-01-27,89.7,90.395,88.0,88.945,1227493.0
2009-01-28,89.8,91.58,89.535,91.175,1317459.0
2009-01-29,92.49,93.755,91.0,92.345,2343698.0
2009-01-30,89.24,93.5,89.24,92.56,748451.0
2009-02-02,92.0,92.05,87.7,88.87,1307972.0
2009-02-03,89.535,90.98,89.0,89.82,1148020.0
2009-02-04,91.0,92.255,88.215,88.585,3799356.0
2009-02-05,89.495,89.97,88.01,88.425,1077301.0
2009-02-06,89.3,90.48,88.64,89.84,1170983.0
2009-02-09,90.8,92.2,90.3,91.945,1029056.0
2009-02-10,92.525,95.815,92.135,94.7,832199.0
2009-02-11,92.7,94.295,90.7,93.45,932139.0
2009-02-12,93.52,94.1,92.455,93.385,714032.0
2009-02-13,94.0,95.39,93.7,94.415,760790.0
2009-02-16,94.0,94.0,90.8,91.395,1399768.0
2009-02-17,90.7,91.44,87.025,88.03,1718267.0
2009-02-18,87.5,88.8,86.495,87.64,783049.0
2009-02-19,88.4,89.22,87.435,88.455,896079.0
2009-02-20,87.6,87.89,85.36,86.65,999745.0
2009-02-24,85.3,86.0,83.5,85.45,768521.0
2009-02-25,86.49,87.135,86.02,86.43,1092631.0
2009-02-26,86.63,88.285,84.1,87.48,3243762.0
2009-02-27,87.1,89.79,84.3,88.95,1355194.0
2009-03-02,87.31,87.695,83.75,84.57,1856911.0
2009-03-03,83.695,84.32,82.0,83.15,1671492.0
2009-03-04,83.1,85.0,83.0,83.9,1711999.0
2009-03-05,84.97,85.45,79.115,80.14,2422479.0
2009-03-06,80.0,82.795,77.4,80.18,2370854.0
2009-03-09,79.9,81.47,78.225,79.875,1758946.0
2009-03-12,81.5,83.4,79.115,79.865,2870544.0
2009-03-13,81.5,83.68,81.225,83.425,4572630.0
2009-03-16,84.0,85.26,82.665,84.485,2725511.0
2009-03-17,84.4,85.9,80.91,82.815,2092351.0
2009-03-18,83.99,86.0,83.22,84.3,1891041.0
2009-03-19,84.87,86.3,81.9,83.24,2442611.0
2009-03-20,82.985,84.17,81.1,83.93,2028607.0
2009-03-23,85.385,89.98,84.2,88.5,2044973.0
2009-03-24,91.625,97.4,91.0,94.17,3770054.0
2009-03-25,94.79,97.69,93.7,97.215,1790900.0
2009-03-26,98.8,100.5,97.515,99.34,2315642.0
2009-03-27,98.1,101.3,98.09,100.145,2288078.0
2009-03-30,98.0,98.0,94.07,94.55,1325484.0
2009-03-31,95.2,98.79,90.44,97.34,3720270.0
2009-04-01,98.5,100.5,95.16,100.0,1294682.0
2009-04-02,101.1,105.19,101.1,103.655,1779566.0
2009-04-06,105.5,107.5,104.025,106.415,1347288.0
2009-04-08,106.5,106.5,99.23,104.675,2651426.0
2009-04-09,106.38,108.0,103.21,104.44,1488619.0
2009-04-13,104.0,111.495,104.0,109.835,1711101.0
2009-04-15,105.485,110.47,104.25,108.275,3133776.0
2009-04-16,109.88,110.775,105.725,106.61,1952075.0
2009-04-17,108.4,109.8,105.655,107.19,2352106.0
2009-04-20,107.0,110.0,104.825,106.71,1146589.0
2009-04-21,104.0,110.0,103.48,108.71,1504805.0
2009-04-22,109.0,110.235,106.5,108.935,1209122.0
2009-04-23,109.5,110.0,106.55,109.25,1441155.0
2009-04-24,110.0,112.29,107.7,111.025,1865513.0
2009-04-27,110.0,113.995,109.0,111.54,1439279.0
2009-04-28,111.825,112.7,106.3,107.185,1480088.0
2009-04-29,108.6,111.0,107.2,110.035,2142815.0
2009-05-04,115.005,120.7,112.025,119.94,2263307.0
2009-05-05,120.68,120.995,116.5,119.325,1523194.0
2009-05-06,119.01,119.9,116.1,117.195,1214309.0
2009-05-07,118.0,118.8,116.665,117.635,772884.0
2009-05-08,116.0,117.5,111.455,114.405,2256933.0
2009-05-11,118.77,118.77,113.8,114.7,1691836.0
2009-05-12,114.4,120.395,113.925,119.53,1730442.0
2009-05-13,119.5,119.88,114.7,116.43,2375976.0
2009-05-14,115.225,116.9,112.125,116.365,960165.0
2009-05-15,117.5,119.2,115.72,118.495,2075996.0
2009-05-18,126.115,153.97,126.115,137.81,13575.0
2009-05-19,139.2,149.9,120.63,141.18,4965348.0
2009-05-20,139.7,141.1,135.1,138.06,1451899.0
2009-05-21,137.44,140.5,133.42,137.1,1908835.0
2009-05-22,135.9,139.39,134.115,136.985,913804.0
2009-05-25,137.5,138.985,134.64,136.36,838067.0
2009-05-26,136.85,139.195,132.5,133.6,1247581.0
2009-05-27,137.01,141.9,136.725,140.91,2697054.0
2009-05-28,140.1,145.37,138.4,143.995,3515443.0
2009-05-29,144.46,145.99,142.1,144.45,1536070.0
2009-06-01,145.4,148.4,141.675,143.365,1111118.0
2009-06-02,143.45,145.0,137.9,139.78,978862.0
2009-06-03,142.0,142.8,134.79,137.075,1432976.0
2009-06-04,136.1,139.97,135.2,138.88,1213148.0
2009-06-05,139.89,143.1,138.515,141.86,1010742.0
2009-06-08,142.0,142.5,138.5,140.005,785474.0
2009-06-09,138.99,143.0,137.82,142.025,644665.0
2009-06-10,144.025,154.9,143.5,150.125,1623823.0
2009-06-11,152.5,157.0,150.13,155.65,1813649.0
2009-06-12,156.65,157.9,151.6,152.815,1174378.0
2009-06-15,152.37,156.05,150.2,153.305,920967.0
2009-06-16,150.8,155.0,148.65,154.62,1372904.0
2009-06-17,154.0,158.4,152.0,154.475,1785571.0
2009-06-18,153.0,156.47,150.675,152.485,1566776.0
2009-06-19,153.51,156.89,152.5,155.885,891522.0
2009-06-22,157.87,157.87,152.42,154.31,1021653.0
2009-06-23,151.47,151.47,145.635,148.545,1470650.0
2009-06-24,153.66,153.66,145.12,145.77,1189181.0
2009-06-25,149.97,149.97,145.6,146.45,1989117.0
2009-06-26,148.0,150.12,147.1,149.83,1838766.0
2009-06-29,150.5,153.29,149.2,150.78,1810024.0
2009-06-30,152.395,152.5,147.925,149.315,1029242.0
2009-07-01,149.8,151.8,148.315,150.25,592728.0
2009-07-02,150.9,150.9,146.525,150.05,679260.0
2009-07-03,148.99,152.5,148.3,151.575,980527.0
2009-07-06,152.5,154.8,140.0,142.395,1525041.0
2009-07-07,144.0,144.97,140.5,142.73,1033987.0
2009-07-08,141.47,141.5,136.025,137.53,1080970.0
2009-07-09,137.6,140.9,136.5,139.99,584574.0
2009-07-10,140.5,141.48,136.03,137.885,1073391.0
2009-07-13,137.0,138.19,135.0,137.38,764128.0
2009-07-14,139.115,142.98,134.22,136.255,2553512.0
2009-07-15,139.0,139.0,133.305,138.175,2129169.0
2009-07-16,140.0,140.7,136.2,139.045,1442320.0
2009-07-17,139.0,144.885,137.405,143.665,1248867.0
2009-07-20,145.1,148.6,142.03,147.375,1125678.0
2009-07-21,146.7,147.96,145.165,146.09,838661.0
2009-07-22,147.0,147.37,143.3,144.515,1493461.0
2009-07-23,145.965,147.025,143.465,145.905,1293926.0
2009-07-24,146.0,146.8,142.9,144.995,1105560.0
2009-07-27,145.7,147.0,142.5,143.34,985121.0
2009-07-28,144.4,144.5,139.7,142.445,1649824.0
2009-07-29,143.77,143.77,138.5,141.87,995260.0
2009-07-30,141.87,147.2,139.9,146.435,1862077.0
2009-07-31,148.015,150.95,147.425,149.91,1289784.0
2009-08-03,150.0,150.9,146.015,149.345,546449.0
2009-08-04,150.5,150.775,145.64,146.905,972361.0
2009-08-05,147.87,147.87,143.38,144.785,1090422.0
2009-08-06,144.0,145.5,140.2,141.36,1665310.0
2009-08-07,141.0,142.6,137.9,139.02,1424401.0
2009-08-10,141.4,141.51,136.0,137.535,1383986.0
2009-08-11,137.5,138.79,136.0,137.915,1013536.0
2009-08-12,136.5,141.2,135.5,140.625,919641.0
2009-08-13,143.49,143.49,140.525,142.455,1026564.0
2009-08-14,144.9,144.9,141.1,142.73,612820.0
2009-08-17,140.9,142.075,139.5,140.62,1349065.0
2009-08-18,140.1,145.49,140.1,144.09,1263725.0
2009-08-19,144.095,145.97,141.1,144.975,1100173.0
2009-08-20,145.9,149.0,145.5,148.005,723880.0
2009-08-21,147.9,148.5,144.535,146.595,1041697.0
2009-08-24,149.8,150.18,146.7,148.465,637094.0
2009-08-25,146.85,149.9,146.05,148.695,477449.0
2009-08-26,149.8,151.87,145.005,146.06,655342.0
2009-08-27,145.0,146.2,144.4,145.7,741902.0
2009-08-28,145.5,146.5,143.5,145.775,458791.0
2009-08-31,143.5,148.305,143.5,147.1,659747.0
2009-09-01,148.005,148.685,142.78,144.61,615704.0
2009-09-02,143.205,145.185,142.535,143.875,317137.0
2009-09-03,144.5,144.8,142.5,143.54,502983.0
2009-09-04,143.5,146.0,142.5,145.425,533386.0
2009-09-07,146.005,147.6,144.82,146.74,761834.0
2009-09-08,147.465,148.195,145.0,145.685,741131.0
2009-09-09,146.48,148.2,145.56,147.545,1355300.0
2009-09-10,149.0,150.3,148.0,148.555,888725.0
2009-09-11,149.0,149.61,146.46,149.125,721544.0
2009-09-14,149.125,150.4,148.4,149.38,622739.0
2009-09-15,149.5,151.825,149.215,151.425,1087840.0
2009-09-16,153.0,153.505,150.57,151.68,1157872.0
2009-09-17,152.73,153.9,152.07,153.49,1205610.0
2009-09-18,153.6,153.77,151.1,152.445,411479.0
2009-09-22,152.0,155.0,151.6,154.635,672581.0
2009-09-23,155.5,159.89,153.15,156.96,1306570.0
2009-09-24,154.595,163.67,154.595,162.38,2222526.0
2009-09-25,160.28,162.425,159.2,160.855,561882.0
2009-09-29,162.4,163.48,160.11,161.135,388700.0
2009-09-30,161.6,166.0,160.42,165.05,1198862.0
2009-10-01,164.0,166.84,162.025,164.43,864799.0
2009-10-05,162.1,164.5,161.7,163.405,548494.0
2009-10-06,165.9,166.49,160.49,165.965,575364.0
2009-10-07,167.4,171.0,167.0,167.77,1084333.0
2009-10-08,166.0,169.49,164.995,168.735,840494.0
2009-10-09,166.0,169.0,166.0,167.565,450480.0
2009-10-12,166.3,171.0,164.5,170.225,780069.0
2009-10-14,170.5,172.9,168.615,170.22,782121.0
2009-10-15,171.035,173.5,169.41,172.23,938616.0
2009-10-16,173.2,173.88,171.235,171.965,825985.0
2009-10-17,169.11,173.9,169.11,170.315,72070.0
2009-10-20,168.265,172.0,168.0,169.13,469419.0
2009-10-21,166.0,170.205,165.085,166.11,642376.0
2009-10-22,164.1,167.7,164.0,166.6,378987.0
2009-10-23,167.5,169.9,166.12,169.19,378849.0
2009-10-26,167.1,169.7,166.5,169.29,408241.0
2009-10-27,166.0,170.0,166.0,167.01,957757.0
2009-10-28,166.0,166.98,160.515,161.955,666045.0
2009-10-29,160.5,163.94,157.025,161.32,1024544.0
2009-10-30,162.2,168.8,160.55,162.07,764619.0
2009-11-03,161.68,163.95,158.4,160.05,475126.0
2009-11-04,160.5,164.7,158.135,162.395,627523.0
2009-11-05,161.98,163.78,158.7,162.335,987145.0
2009-11-06,163.5,165.35,162.2,164.0,573906.0
2009-11-09,164.1,171.0,164.0,170.745,873622.0
2009-11-10,170.035,174.19,169.17,170.345,936435.0
2009-11-11,167.54,174.0,167.54,173.585,759590.0
2009-11-12,172.865,174.2,170.76,171.655,784495.0
2009-11-13,170.555,174.1,170.555,172.225,862291.0
2009-11-16,172.295,174.98,171.9,172.36,606556.0
2009-11-17,174.485,175.695,170.13,174.965,700690.0
2009-11-18,171.175,175.5,171.175,174.96,946530.0
2009-11-19,174.8,174.8,170.4,171.955,594112.0
2009-11-20,170.9,176.15,170.9,175.4,765396.0
2009-11-23,173.53,178.0,173.53,176.545,587322.0
2009-11-24,175.0,178.0,174.01,177.69,440165.0
2009-11-25,175.135,180.9,175.135,180.27,787479.0
2009-11-26,175.0,181.0,175.0,176.12,802882.0
2009-11-27,174.2,176.37,168.235,175.035,748776.0
2009-11-30,176.5,178.7,174.225,176.625,875564.0
2009-12-01,177.97,179.9,175.0,178.97,548753.0
2009-12-02,178.01,181.35,177.625,180.71,1185166.0
2009-12-03,178.855,182.4,178.855,180.695,487647.0
2009-12-04,178.615,180.1,177.51,178.955,338928.0
2009-12-07,179.0,180.77,178.495,179.735,455106.0
2009-12-08,178.7,183.9,177.24,183.325,683064.0
2009-12-09,180.565,183.48,179.15,180.435,803437.0
2009-12-10,179.135,180.5,177.235,178.51,611696.0
2009-12-11,178.885,179.9,176.31,178.515,597660.0
2009-12-14,178.47,180.0,174.9,175.73,807112.0
2009-12-15,173.655,176.7,169.0,170.08,854318.0
2009-12-16,167.66,170.885,167.5,169.335,858092.0
2009-12-17,168.0,169.7,166.7,167.15,659767.0
2009-12-18,165.14,167.32,164.685,166.41,628178.0
2009-12-21,166.41,167.12,164.705,165.275,859443.0
2009-12-22,166.0,166.72,164.21,164.655,627431.0
2009-12-23,165.0,170.0,165.0,169.035,1010437.0
2009-12-24,170.235,172.4,168.42,171.065,371897.0
2009-12-29,171.77,171.8,168.675,169.695,520229.0000000001
2009-12-30,169.975,169.975,167.5,169.25,426551.0
2009-12-31,170.0,171.4,168.985,170.225,575822.0
2010-01-04,170.0,172.85,169.255,170.57,305049.0
2010-01-05,171.0,172.5,170.5,170.72,838660.0
2010-01-06,171.4,172.0,168.81,170.835,663984.0
2010-01-07,176.84,176.84,170.16,171.28,612398.0
2010-01-08,171.2,172.34,170.1,171.505,708590.0
2010-01-11,174.865,174.865,170.25,170.815,1376661.0
2010-01-12,170.8,171.18,167.86,169.52,490705.0
2010-01-13,168.495,169.48,166.555,168.93,1034675.0
2010-01-14,171.0,171.38,167.0,168.38,1017264.0
2010-01-15,169.84,169.9,167.1,169.415,1158173.0
2010-01-18,169.0,177.8,168.21,176.665,2350146.0
2010-01-19,176.5,178.88,175.29,177.92,1666422.0
2010-01-20,178.5,179.0,174.3,175.61,1365211.0
2010-01-21,176.09,176.09,170.51,171.165,1252347.0
2010-01-22,169.6,170.0,165.4,167.71,947370.0
2010-01-25,166.0,167.79,163.13,165.67,602879.0
2010-01-27,166.11,166.11,158.69,159.72,1210779.0
2010-01-28,161.0,161.9,157.68,159.325,1743223.0
2010-01-29,158.0,163.7,155.25,163.105,1643517.0
2010-02-01,162.8,162.8,158.5,159.975,751733.0
2010-02-02,160.7,161.49,157.2,157.91,1033470.0
2010-02-03,160.0,163.24,157.8,162.275,772767.0
2010-02-04,161.8,162.49,158.55,161.675,860524.0
2010-02-05,159.8,159.8,156.5,157.335,934694.0
2010-02-06,158.94,158.94,156.745,157.58,42238.0
2010-02-08,158.5,158.885,154.9,156.74,759060.0
2010-02-09,156.68,157.79,155.15,157.165,1197375.0
2010-02-10,157.5,161.745,156.4,159.355,1386668.0
2010-02-11,160.4,163.3,159.0,159.8,726969.0
2010-02-15,159.7,161.97,158.25,161.38,480249.0
2010-02-16,160.5,162.27,159.0,160.64,717485.0
2010-02-17,161.8,166.095,161.49,165.595,1239834.0
2010-02-18,166.49,169.0,165.075,168.375,1000442.0
2010-02-19,167.0,170.0,165.61,169.39,734599.0
2010-02-22,170.1,171.97,169.0,169.66,664017.0
2010-02-23,168.505,170.885,168.235,170.1,647289.0
2010-02-24,169.0,171.0,168.75,170.05,560569.0
2010-02-25,170.1,170.4,168.2,169.105,583697.0
2010-02-26,169.0,173.475,168.0,170.48,935103.0
2010-03-02,172.4,175.6,170.6,174.495,771465.0
2010-03-03,174.255,178.1,174.255,177.665,1114796.0
2010-03-04,177.5,178.7,175.31,178.115,1351442.0
2010-03-05,178.555,179.5,177.1,178.4,1044965.0
2010-03-08,181.0,181.0,177.29,178.42,737296.0
2010-03-09,177.5,181.5,177.5,181.12,1239769.0
2010-03-10,181.2,181.99,172.99,181.445,1496056.0
2010-03-11,181.6,183.5,180.31,182.695,774523.0
2010-03-12,182.7,183.04,178.635,180.125,747244.0
2010-03-15,178.0,182.0,178.0,181.255,751296.0
2010-03-16,180.5,180.99,176.4,180.46,1043625.0
2010-03-17,180.46,182.48,179.81,180.77,479484.0
2010-03-18,181.24,181.24,179.05,180.09,350197.0
2010-03-19,181.48,182.48,179.765,181.985,633984.0
2010-03-22,180.2,185.5,179.8,183.71,1530561.0
2010-03-23,183.5,189.0,183.5,188.4,1015438.0
2010-03-25,188.0,193.0,187.02,192.615,2329640.0
2010-03-26,193.1,196.56,191.31,195.145,1155286.0
2010-03-29,162.885,199.0,162.885,196.505,1322671.0
2010-03-30,196.5,196.99,190.14,190.685,936998.0
2010-03-31,190.0,194.29,189.725,193.35,682608.0
2010-04-01,195.0,195.0,192.61,193.925,740922.0
2010-04-05,195.88,195.96,192.44,194.85,712384.0
2010-04-06,195.0,195.0,192.54,193.29,442144.0
2010-04-07,194.0,194.795,192.6,193.175,537805.0
2010-04-08,192.99,192.99,189.38,190.28,623883.0
2010-04-09,189.05,195.7,189.05,194.935,620765.0
2010-04-12,193.87,196.79,193.87,195.42,457064.0
2010-04-13,195.0,196.29,193.1,195.17,634130.0
2010-04-15,195.5,197.49,194.42,195.705,954736.0
2010-04-16,194.5,197.44,192.6,196.425,523256.0
2010-04-19,195.0,195.88,192.6,193.41,612083.0
2010-04-20,192.9,195.695,192.9,194.455,543932.0
2010-04-21,194.9,196.0,193.5,194.1,394450.0
2010-04-22,193.88,197.0,190.805,193.415,689511.0
2010-04-23,193.5,195.705,192.865,195.18,531706.0
2010-04-26,195.77,199.69,195.77,198.96,789828.0
2010-04-27,198.9,199.6,196.78,197.955,448447.0
2010-04-28,195.8,198.675,195.8,196.815,571177.0
2010-04-29,197.19,199.5,194.645,198.575,939645.0
2010-04-30,199.805,201.0,198.3,200.045,710961.0
2010-05-03,198.5,198.5,196.21,196.98,500707.0
2010-05-04,198.48,198.48,193.22,193.7,458896.0
2010-05-05,193.2,193.37,188.01,191.635,801427.0
2010-05-06,190.5,191.6,187.7,189.55,526123.0
2010-05-07,187.1,187.5,183.6,184.805,978581.0
2010-05-10,186.325,193.8,183.0,193.42,642654.0
2010-05-11,193.8,195.5,191.325,194.83,696465.0
2010-05-12,194.9,198.1,194.9,197.49,687082.0
2010-05-13,198.12,199.5,195.02,196.535,637219.0
2010-05-14,196.4,197.3,194.225,195.175,470015.0
2010-05-17,194.2,194.68,191.45,192.885,660360.0
2010-05-18,191.8,192.5,189.02,189.58,612156.0
2010-05-19,187.9,188.8,184.16,186.855,909008.0
2010-05-20,187.4,187.64,183.63,185.095,338900.0
2010-05-21,182.0,185.0,180.11,182.655,549862.0
2010-05-24,183.52,186.75,181.105,182.455,481091.0
2010-05-25,181.18,182.0,178.5,180.375,553435.0
2010-05-26,181.28,185.325,181.23,182.775,700139.0
2010-05-27,181.5,190.7,181.1,189.66,1130986.0
2010-05-28,189.66,191.4,188.525,189.68,587925.0
2010-05-31,189.6,189.86,186.5,188.845,438411.0
2010-06-01,188.97,189.0,183.8,185.51,568273.0
2010-06-02,184.8,186.275,182.8,185.305,945167.0
2010-06-03,186.41,191.0,186.41,190.56,679689.0
2010-06-04,190.6,190.98,188.01,188.57,509435.0
2010-06-07,186.7,189.485,180.835,187.665,961913.0
2010-06-08,188.0,189.7,185.3,186.27,567114.0
2010-06-09,186.0,189.56,185.155,188.09,579234.0
2010-06-10,188.09,192.195,186.3,191.615,851047.0
2010-06-11,192.11,195.0,192.11,194.63,1081538.0
2010-06-14,194.63,197.5,194.63,197.315,748898.0
2010-06-15,197.5,198.0,195.3,196.39,456078.0
2010-06-16,197.5,199.0,196.805,197.605,908429.0
2010-06-17,198.3,199.9,196.805,199.61,798860.0
2010-06-18,199.2,199.795,197.835,199.17,490140.0
2010-06-21,200.16,201.0,199.01,199.885,710165.0
2010-06-22,199.5,200.0,198.245,198.705,426244.0
2010-06-23,198.47,200.37,197.55,199.875,424404.0
2010-06-24,199.705,200.7,198.0,200.16,882655.0
2010-06-25,198.015,199.2,194.0,194.765,723516.0
2010-06-28,195.21,196.4,192.325,195.07,532908.0
2010-06-29,194.01,194.88,189.61,190.44,795116.0
2010-06-30,189.5,193.89,187.9,191.9,876756.0
2010-07-01,191.2,192.97,189.5,190.74,578363.0
2010-07-02,190.74,192.335,189.995,191.285,411250.0
2010-07-05,190.1,192.9,189.8,191.52,258027.0
2010-07-06,191.5,196.975,191.0,196.4,624803.0
2010-07-07,196.885,196.9,193.105,193.73,396672.0
2010-07-08,196.0,196.985,194.225,194.57,336292.0
2010-07-09,195.5,201.195,195.01,200.275,1570118.0
2010-07-12,200.9,205.6,200.7,204.945,1486928.0
2010-07-13,205.2,208.0,203.74,207.255,625731.0
2010-07-14,208.0,211.09,207.325,208.63,1055803.0
2010-07-15,209.0,209.0,205.5,206.26,323873.0
2010-07-16,206.4,206.6,203.12,203.895,471388.0
2010-07-19,204.2,206.4,202.2,204.785,876558.0
2010-07-20,204.785,208.87,203.6,204.44,668459.0
2010-07-21,205.01,206.475,202.5,203.305,464235.0
2010-07-22,203.0,206.3,202.5,205.725,557497.0
2010-07-23,206.9,206.9,202.59,203.86,692181.0
2010-07-26,204.5,205.98,203.415,205.19,303649.0
2010-07-27,205.32,207.8,204.5,206.68,664591.0
2010-07-28,207.2,209.0,205.995,208.61,657106.0
2010-07-29,209.09,211.5,208.325,210.06,1126574.0
2010-07-30,209.77,213.7,208.0,212.69,1169966.0
2010-08-02,213.0,214.49,212.135,213.635,826334.0
2010-08-03,214.0,214.4,211.175,212.245,811048.0
2010-08-04,211.5,212.9,209.12,211.48,736735.0
2010-08-05,206.5,212.74,206.5,210.025,735528.0
2010-08-06,209.325,211.0,208.145,209.07,546044.0
2010-08-09,209.0,210.39,207.135,208.2,261822.0
2010-08-10,208.545,210.22,206.975,209.515,734727.0
2010-08-11,210.1,211.305,207.795,208.95,733508.0
2010-08-12,207.69,208.28,204.8,207.315,496943.0
2010-08-13,206.155,210.14,205.825,208.755,524993.0
2010-08-16,207.84,212.69,207.04,208.4,359334.0
2010-08-17,210.8,213.6,208.11,212.105,1006591.0
2010-08-18,213.0,219.9,213.0,219.195,1942217.0
2010-08-19,218.5,223.95,218.5,223.015,1038196.0
2010-08-20,221.155,223.98,220.52,223.13,419907.0
2010-08-23,221.285,222.8,218.3,219.66,409743.0
2010-08-24,219.66,222.0,216.01,220.865,534014.0
2010-08-25,220.1,221.5,217.855,219.225,529561.0
2010-08-26,217.86,221.385,216.65,217.835,1019405.0
2010-08-27,218.0,218.995,212.565,213.915,577524.0
2010-08-30,216.0,217.77,211.66,213.17,343823.0
2010-08-31,212.5,214.0,211.23,213.425,469508.0
2010-09-01,213.555,215.5,212.0,214.925,480810.0
2010-09-02,215.98,219.495,215.98,218.745,579533.0
2010-09-03,219.4,220.0,216.825,219.395,405908.0
2010-09-06,219.8,221.97,218.515,220.43,477322.0
2010-09-07,221.6,221.6,218.255,219.91,420392.0
2010-09-08,218.8,219.99,217.13,217.96,498480.0
2010-09-09,219.5,225.0,218.31,224.485,1301479.0
2010-09-13,225.01,229.5,224.8,228.245,729779.0
2010-09-14,228.6,235.0,228.6,233.42,1634873.0
2010-09-15,233.9,238.4,233.605,237.545,1275158.0
2010-09-16,237.57,241.5,235.535,239.53,1276739.0
2010-09-17,239.53,242.6,238.7,240.06,1075157.0
2010-09-20,240.32,246.995,239.63,244.62,754773.0
2010-09-21,245.51,249.46,245.51,247.075,1635539.0
2010-09-22,247.0,249.0,245.03,248.165,1252451.0
2010-09-23,247.155,248.185,245.315,246.385,619017.0
2010-09-24,240.815,250.2,240.815,249.525,1395531.0
2010-09-27,250.0,251.08,243.37,243.845,833872.0
2010-09-28,243.8,246.17,242.14,245.04,943211.0
2010-09-29,247.4,247.4,242.62,244.285,779786.0
2010-09-30,243.0,249.9,242.67,248.935,1847989.0
2010-10-01,249.2,250.4,246.235,250.075,886513.0
2010-10-04,250.075,252.26,248.32,249.4,699023.0
2010-10-05,248.14,250.97,243.745,244.78,859833.0
2010-10-06,245.5,248.0,245.0,245.675,410994.0
2010-10-07,245.7,247.0,242.655,243.355,450642.0
2010-10-08,243.515,244.8,239.0,240.575,745343.0
2010-10-11,244.08,244.08,236.665,238.85,991002.0
2010-10-12,239.805,240.0,233.955,238.03,780990.0
2010-10-13,238.5,245.0,236.7,244.125,1028670.0
2010-10-14,244.5,245.6,241.005,242.435,385363.0
2010-10-15,242.44,244.275,237.995,238.625,586327.0
2010-10-18,253.99,253.99,235.3,239.845,827510.0
2010-10-19,242.3,242.3,235.855,236.885,832452.0
2010-10-20,236.9,237.2,232.81,233.555,493023.0
2010-10-21,233.005,237.48,231.665,236.51,729753.0
2010-10-22,238.0,238.0,231.85,232.665,647519.0
2010-10-25,233.6,236.75,229.9,230.47,862979.0
2010-10-26,230.8,232.6,229.1,230.14,506972.0
2010-10-27,230.6,230.6,224.04,225.43,822033.0
2010-10-28,225.65,231.585,224.1,226.67,2106923.0
2010-10-29,228.0,229.8,223.7,227.99,813243.0
2010-11-01,229.8,236.6,228.505,234.92,1013480.0
2010-11-02,236.5,238.7,234.3,235.035,556102.0
2010-11-03,236.1,237.19,235.105,236.225,354076.0
2010-11-04,239.0,240.5,236.755,238.92,485816.0
2010-11-05,240.0,240.7,238.5,239.34,39254.0
2010-11-08,239.34,240.0,232.545,233.54,425546.0
2010-11-09,234.0,240.68,233.035,239.85,685805.0
2010-11-10,240.0,241.98,238.335,239.585,446717.0
2010-11-11,238.51,240.94,233.625,235.33,336437.0
2010-11-12,234.5,237.9,230.5,231.49,620155.0
2010-11-15,231.5,239.2,231.4,238.585,1140798.0
2010-11-16,239.97,239.97,232.5,237.26,914967.0
2010-11-18,241.9,241.9,231.875,234.035,831599.0
2010-11-19,234.5,236.4,229.2,230.36,587634.0
2010-11-22,232.1,239.095,230.6,237.99,551095.0
2010-11-23,236.5,238.0,230.745,237.18,570812.0
2010-11-24,235.4,237.39,228.995,231.14,412875.0
2010-11-25,232.5,235.87,229.225,232.305,1134387.0
2010-11-26,232.6,234.0,227.6,229.79,756969.0
2010-11-29,230.0,231.79,228.5,229.79,590943.0
2010-11-30,229.7,233.405,225.85,228.54,862678.0
2010-12-01,228.855,237.5,228.0,236.705,804072.0
2010-12-02,237.8,240.0,235.31,239.175,736928.0
2010-12-03,239.5,240.0,237.2,239.565,396179.0
2010-12-06,242.0,242.5,237.525,238.325,468156.0
2010-12-07,238.0,239.0,232.85,235.165,859735.0
2010-12-08,234.0,234.0,226.52,228.045,1174422.0
2010-12-09,227.315,228.44,221.93,223.2,1828392.0
2010-12-10,220.0,223.225,217.03,222.235,2062123.0
2010-12-13,224.3,224.5,218.14,223.9,791168.0
2010-12-14,224.7,227.59,221.2,223.825,592208.0
2010-12-15,223.0,223.0,215.0,216.29,1121021.0
2010-12-16,216.3,221.96,215.0,220.08,975918.0
2010-12-20,219.98,219.98,215.145,217.25,516121.9999999999
2010-12-21,217.3,221.905,217.19,221.41,617558.0
2010-12-22,223.3,224.0,217.005,217.88,750324.0
2010-12-23,218.0,220.4,217.395,219.095,326327.0
2010-12-24,218.9,222.475,217.5,221.84,351671.0
2010-12-27,221.9,223.0,219.71,221.37,377063.0
2010-12-28,222.39,226.87,221.515,225.615,467503.0
2010-12-29,225.6,233.68,225.355,232.78,807104.0
2010-12-30,233.62,234.34,228.805,230.55,725235.0
2010-12-31,230.5,236.5,229.205,234.635,824891.0
2011-01-03,237.0,239.965,235.04,239.05,539839.0
2011-01-04,238.65,238.8,233.3,234.555,828413.0
2011-01-05,234.97,234.97,229.75,230.82,782592.0
2011-01-06,231.6,234.265,230.9,232.775,543509.0
2011-01-07,232.62,232.62,226.1,226.945,794801.0
2011-01-10,225.605,227.0,213.8,215.225,2007086.0
2011-01-11,217.0,221.87,212.5,214.66,1215759.0
2011-01-12,216.9,221.4,210.66,220.53,990533.0
2011-01-13,220.9,221.74,212.64,214.3,948601.0
2011-01-14,215.0,220.8,203.0,204.955,1279141.0
2011-01-17,206.0,209.3,205.055,206.81,1228082.0
2011-01-18,208.68,211.6,204.665,210.935,842016.0
2011-01-19,211.165,211.405,206.3,207.545,899205.0
2011-01-20,206.925,213.44,204.59,211.755,963854.0
2011-01-21,210.4,212.47,207.61,209.415,829761.0
2011-01-24,209.5,215.4,207.3,214.86,1277416.0
2011-01-25,215.12,217.485,207.01,208.43,1411054.0
2011-01-27,210.0,210.0,204.1,205.09,1894558.0
2011-01-28,205.5,208.935,204.205,205.425,1779842.0
2011-01-31,204.27,206.345,199.62,204.73,1111803.0
2011-02-01,207.69,207.69,201.51,203.96,855123.0
2011-02-02,205.15,206.35,200.62,201.99,976217.0
2011-02-03,202.0,207.175,201.0,206.095,579603.0
2011-02-04,205.1,208.5,200.5,201.775,925320.0
2011-02-07,204.5,206.0,202.02,203.885,855946.0
2011-02-08,205.99,205.995,198.51,200.285,719599.0
2011-02-09,199.8,203.5,198.14,202.23,735758.0
2011-02-10,201.6,204.9,200.0,201.585,1153559.0
2011-02-11,199.5,206.0,199.5,205.93,1010342.0
2011-02-14,205.015,211.02,205.015,210.545,592236.0
2011-02-15,211.0,212.8,207.53,210.7,759973.0
2011-02-16,211.4,212.2,208.505,209.485,455079.0
2011-02-17,210.0,219.4,209.5,218.56,1180492.0
2011-02-18,218.4,224.31,216.525,217.61,1976787.0
2011-02-21,216.5,220.8,213.25,220.17,560051.0
2011-02-22,219.0,219.17,212.54,213.845,579643.0
2011-02-23,212.52,215.3,210.02,211.41,611422.0
2011-02-24,208.7,211.855,204.575,205.91,1002777.0
2011-02-25,208.7,208.7,201.8,204.215,630996.0
2011-02-28,206.4,212.095,203.5,205.225,1098136.0
2011-03-01,207.48,215.0,205.9,213.9,1025058.0
2011-03-03,213.49,222.23,213.005,219.315,1266882.0
2011-03-04,221.0,223.29,220.65,221.825,985494.0
2011-03-07,220.4,220.4,215.09,217.315,642784.0
2011-03-08,215.8,221.85,215.65,220.65,898557.0
2011-03-09,221.0,223.87,219.5,220.605,904199.0
2011-03-10,219.2,221.5,218.235,220.84,747031.0
2011-03-11,218.205,221.7,217.5,218.635,655395.0
2011-03-14,217.2,221.9,217.2,221.475,654144.0
2011-03-15,217.0,220.77,213.0,218.465,1380100.0
2011-03-16,219.6,220.5,217.86,218.375,580534.0
2011-03-17,217.02,223.3,216.615,218.15,1676062.0
2011-03-18,218.0,219.62,214.21,214.93,482212.0
2011-03-21,217.02,217.87,214.645,215.445,615935.0
2011-03-22,215.91,217.3,214.205,215.16,471527.0
2011-03-23,215.0,218.19,214.505,216.42,465735.0
2011-03-24,217.9,219.89,216.85,219.28,441381.0
2011-03-25,220.7,227.5,220.0,226.505,890148.0
2011-03-28,226.5,231.2,226.5,229.675,1093031.0
2011-03-29,231.0,232.38,228.465,230.515,1081830.0
2011-03-30,231.5,236.4,230.6,234.15,1109742.0
2011-03-31,235.0,239.59,230.51,234.585,1893191.0
2011-04-01,235.3,236.5,232.3,233.375,436929.0
2011-04-04,234.0,240.5,234.0,240.08,632227.0
2011-04-05,240.0,240.995,236.815,239.575,841266.0
2011-04-06,239.1,239.5,235.1,237.595,646986.0
2011-04-07,237.5,237.8,233.96,235.475,655816.0
2011-04-08,235.4,238.5,234.51,235.24,772017.0
2011-04-11,232.52,233.755,228.86,229.605,1120818.0
2011-04-13,227.945,238.365,227.5,236.895,903389.0
2011-04-15,237.5,239.2,234.4,236.31,859093.0
2011-04-18,237.88,239.985,230.435,231.18,1035327.0
2011-04-19,234.0,235.88,232.445,234.75,746243.0
2011-04-20,236.055,238.9,234.8,237.195,654807.0
2011-04-21,238.2,241.69,238.2,241.065,1620535.0
2011-04-25,242.3,244.105,238.6,239.1,632287.0
2011-04-26,238.655,239.785,234.05,235.985,632185.0
2011-04-27,237.6,237.9,232.63,235.325,714765.0
2011-04-28,236.315,236.9,233.0,233.775,1338482.0
2011-04-29,232.5,233.97,228.1,229.555,931294.0
2011-05-02,230.6,231.57,226.2,229.015,707837.0
2011-05-03,228.855,229.565,222.22,223.565,1074028.0
2011-05-04,224.4,228.515,220.78,226.145,1321061.0
2011-05-05,225.585,227.48,221.0,222.045,934949.0
2011-05-06,222.5,232.0,222.5,229.725,1077573.0
2011-05-09,230.2,231.5,224.84,227.885,389859.0
2011-05-10,227.8,227.8,222.51,224.64,652322.0
2011-05-11,226.0,226.89,222.1,226.105,491085.0
2011-05-12,225.0,226.49,223.5,224.02,473943.0
2011-05-13,223.2,229.0,222.585,225.105,582307.0
2011-05-16,224.5,226.61,223.63,225.305,627062.0
2011-05-17,225.2,227.395,224.1,225.245,611194.0
2011-05-18,225.81,227.77,224.3,226.735,693548.0
2011-05-19,227.05,228.4,225.77,227.38,751127.0
2011-05-20,227.0,232.0,225.54,231.57,1191387.0
2011-05-23,229.5,229.88,224.595,226.47,1004640.0
2011-05-24,225.4,229.25,224.82,225.53,450244.0
2011-05-25,225.0,226.7,224.535,225.475,415744.0
2011-05-26,225.5,227.7,224.0,226.42,994995.0
2011-05-27,226.49,231.2,226.255,230.365,583102.0
2011-05-30,230.4,232.76,229.735,230.76,392475.0
2011-05-31,232.49,240.87,231.5,239.955,1769673.0
2011-06-01,239.0,240.7,237.475,239.82,657167.0
2011-06-02,235.505,236.67,234.5,236.03,672276.0
2011-06-03,235.995,237.085,234.85,235.675,598853.0
2011-06-06,234.53,239.0,234.53,238.125,584280.0
2011-06-07,236.51,239.07,236.38,237.65,406347.0
2011-06-08,235.62,237.2,234.82,235.525,513938.9999999999
2011-06-09,235.475,237.46,234.15,236.28,322994.0
2011-06-10,236.8,237.45,233.02,236.245,437191.0
2011-06-13,235.315,238.0,234.415,237.26,391778.0
2011-06-14,237.8,239.8,236.55,238.25,621660.0
2011-06-15,238.0,239.58,236.7,237.28,703894.0
2011-06-16,236.4,237.2,233.805,234.3,421265.0
2011-06-17,235.05,236.61,233.365,234.93,710674.0
2011-06-20,234.215,236.145,227.195,229.9,781285.0
2011-06-21,230.2,234.4,230.2,232.555,507886.0
2011-06-22,233.245,234.78,231.24,232.27,309158.0
2011-06-23,231.9,233.945,231.0,233.375,413379.0
2011-06-24,234.9,238.995,234.155,238.315,828773.0
2011-06-27,238.3,243.185,237.265,241.615,1025619.0
2011-06-28,242.94,243.0,240.455,242.305,609681.0
2011-06-29,243.5,249.9,243.5,248.91,1025244.0
2011-06-30,249.9,252.495,247.615,251.555,1342060.0
2011-07-01,254.0,254.76,247.8,250.125,665242.0
2011-07-04,253.5,254.2,251.24,253.22,716168.0
2011-07-05,252.2,255.2,251.45,254.115,531864.0
2011-07-06,253.5,256.0,251.5,254.53,589287.0
2011-07-07,254.61,257.495,253.415,256.58,738902.0
2011-07-08,256.6,258.33,255.37,255.915,754468.0
2011-07-11,255.9,256.41,251.51,252.435,397250.0
2011-07-12,251.0,251.0,246.02,247.975,736090.0
2011-07-13,249.0,252.895,247.805,251.97,372091.0
2011-07-14,252.55,256.65,249.4,252.975,2338586.0
2011-07-15,253.225,255.225,251.5,254.475,1372538.0
2011-07-18,255.975,259.45,254.0,257.525,1552474.0
2011-07-19,258.75,259.5,254.175,255.425,4263166.0
2011-07-20,258.2,258.2,251.0,251.55,1852161.0
2011-07-21,252.4,252.45,247.25,248.15,3220256.0
2011-07-22,250.0,253.525,249.425,250.775,3158530.0
2011-07-25,250.775,253.25,248.575,252.6,3342607.0
2011-07-26,252.675,255.1,247.625,249.075,2645382.0
2011-07-27,249.675,251.975,246.0,251.025,2765678.0
2011-07-28,249.75,249.75,242.3,243.65,5354489.0
2011-07-29,244.95,244.95,240.55,243.4,2997667.0
2011-08-01,246.725,247.975,242.25,244.0,2202354.0
2011-08-02,243.95,243.95,240.0,241.425,1982494.0
2011-08-03,239.35,244.7,238.0,241.025,2082567.0
2011-08-04,242.05,244.45,237.5,238.225,1829606.0
2011-08-05,232.5,237.9,228.55,236.525,3156094.0
2011-08-08,231.5,240.0,229.025,231.05,4308373.0
2011-08-09,225.0,236.775,224.925,232.225,4490924.0
2011-08-10,247.4,247.4,236.7,239.95,3267226.0
2011-08-11,239.35,242.35,237.5,239.975,2102304.0
2011-08-12,242.55,243.0,232.05,234.025,2853388.0
2011-08-16,239.2,239.2,227.325,228.225,3055648.0
2011-08-17,228.025,236.225,227.95,233.75,3134201.0
2011-08-18,234.15,237.425,229.275,231.2,5722113.0
2011-08-19,227.5,231.75,225.0,230.425,4480259.0
2011-08-22,230.025,231.975,225.35,226.525,2977249.0
2011-08-23,228.7,231.25,222.65,229.7,4036273.0
2011-08-24,229.0,231.2,226.25,228.0,3185614.0
2011-08-25,229.7,229.7,220.35,221.825,5800210.0
2011-08-26,222.0,225.275,218.075,219.475,2130956.0
2011-08-29,222.25,228.975,221.575,228.225,2900099.0
2011-08-30,230.975,237.5,229.4,235.975,3897324.0
2011-09-02,242.0,242.0,234.0,236.4,3797737.0
2011-09-05,234.9,237.0,231.325,235.125,2950179.0
2011-09-06,234.3,238.2,230.0,236.4,4465198.0
2011-09-07,238.0,244.975,236.425,244.05,3686643.0
2011-09-08,244.85,244.85,239.575,241.85,2041012.0
2011-09-09,241.95,242.85,235.35,236.625,2582854.0
2011-09-12,233.5,235.6,231.25,234.675,1746380.0
2011-09-13,235.5,237.9,232.0,233.85,1793988.0
2011-09-14,233.7,241.55,230.525,239.45,1937252.0
2011-09-15,242.95,244.025,235.8,242.325,2184190.0
2011-09-16,243.125,245.0,238.15,241.85,2736752.0
2011-09-19,240.95,243.5,238.55,242.375,2097305.0
2011-09-20,242.5,246.625,241.5,245.675,2958817.0
2011-09-21,246.375,248.825,244.2,247.25,3222849.0
2011-09-22,243.95,244.5,232.75,236.15,2547772.0
2011-09-23,234.275,235.0,226.25,228.2,8227806.000000001
2011-09-26,228.0,228.825,219.725,225.05,6946267.0
2011-09-27,229.0,230.95,227.05,228.725,4005709.0
2011-09-28,231.2,232.675,225.875,229.0,3805938.0
2011-09-29,228.775,237.4,226.325,235.3,8133246.0
2011-09-30,232.925,237.4,232.2,233.825,4757200.0
2011-10-03,230.075,232.45,225.375,228.025,4534059.0
2011-10-04,226.25,228.0,220.25,224.45,3740798.0
2011-10-05,224.475,228.125,218.275,219.35,4133748.0
2011-10-07,226.35,230.0,223.1,225.0,4721751.0
2011-10-10,226.0,229.0,225.025,227.35,6031496.0
2011-10-11,230.35,232.45,227.575,228.75,2496879.0
2011-10-12,230.975,234.95,226.725,233.575,4483890.0
2011-10-13,237.5,238.1,233.8,235.325,2933351.0
2011-10-14,234.5,238.2,232.675,236.95,1667510.0
2011-10-17,238.3,240.25,236.175,239.025,1771816.0
2011-10-18,236.95,240.7,236.0,239.075,2027255.0
2011-10-19,241.475,247.3,239.65,245.925,4344521.0
2011-10-20,244.0,246.2,240.3,244.775,2838426.0
2011-10-21,245.025,245.9,241.65,243.5,2290366.0
2011-10-24,246.375,248.5,241.475,242.175,2435773.0
2011-10-25,243.925,245.375,224.275,234.0,20657505.0
2011-10-26,236.0,237.45,235.0,236.0,499071.0
2011-10-28,243.0,247.25,239.875,241.325,4509612.0
2011-10-31,241.5,245.875,238.575,245.0,3212854.0
2011-11-01,242.55,246.5,240.0,241.15,3324879.0
2011-11-02,239.35,244.0,238.75,241.55,2527955.0
2011-11-03,240.5,242.425,236.05,240.925,2626409.0
2011-11-04,243.35,243.95,240.15,241.5,1700805.0
2011-11-08,241.5,243.675,239.25,242.125,2098202.0
2011-11-09,242.5,242.85,237.65,238.625,2151247.0
2011-11-11,237.825,239.2,231.3,232.025,2302509.0
2011-11-14,234.95,239.925,234.475,235.7,3057141.0
2011-11-15,235.35,238.9,234.95,236.125,2911073.0
2011-11-16,235.0,236.0,230.15,232.85,1779400.0
2011-11-17,231.575,235.0,228.3,229.675,2694342.0
2011-11-18,227.6,230.8,225.05,229.15,2930186.0
2011-11-21,228.0,228.0,220.0,222.325,2548509.0
2011-11-22,223.5,224.75,220.0,222.025,3804576.0
2011-11-23,220.875,220.875,207.1,213.05,6391409.0
2011-11-24,214.4,217.5,205.65,214.825,7221297.0
2011-11-25,213.875,217.45,209.525,215.45,4726617.0
2011-11-28,218.0,222.475,217.05,220.425,2722929.0
2011-11-29,222.0,222.775,216.1,217.6,3707756.0
2011-11-30,214.6,224.825,214.6,221.25,7053637.0
2011-12-01,229.475,233.5,224.725,226.75,3482446.0
2011-12-02,227.575,233.95,226.575,233.0,2809257.0
2011-12-05,231.85,233.725,229.0,231.175,2188307.0
2011-12-07,235.0,235.45,231.05,233.55,2793236.0
2011-12-08,233.5,233.85,225.55,226.875,3139250.0
2011-12-09,223.5,225.6,220.25,221.875,3401728.0
2011-12-12,224.05,225.475,213.15,216.025,3017789.0
2011-12-13,214.0,222.7,213.0,219.2,3731470.0
2011-12-14,219.5,221.875,215.125,217.175,6076681.0
2011-12-15,214.5,218.0,213.5,215.675,6740035.0
2011-12-16,217.05,220.25,205.0,207.65,7356205.0
2011-12-19,206.025,206.5,200.125,203.0,8085381.0
2011-12-20,203.0,210.8,202.0,207.1,4995892.0
2011-12-21,213.0,219.7,208.9,217.725,3746720.0
2011-12-22,215.75,222.4,214.4,221.425,3394017.0
2011-12-23,222.1,223.25,218.0,218.775,1713825.0
2011-12-26,219.5,222.7,218.525,221.85,1141190.0
2011-12-27,220.15,221.8,217.85,219.85,1573559.0
2011-12-28,221.25,221.5,216.525,219.9,1917085.0
2011-12-29,217.825,221.0,213.0,214.8,2732657.0
2011-12-30,216.9,217.0,211.05,213.425,1919104.0
2012-01-02,214.45,214.9,209.75,213.425,1757499.0
2012-01-03,215.7,220.45,215.0,219.575,1719619.0
2012-01-04,220.95,222.475,215.425,221.65,2435739.0
2012-01-05,222.0,223.35,220.15,221.825,1690303.0
2012-01-06,220.5,228.575,219.475,226.65,1988611.0
2012-01-07,226.5,226.65,225.0,225.475,141272.0
2012-01-09,225.95,228.55,223.0,227.85,2115984.0
2012-01-10,230.0,231.15,228.0,229.85,2245693.0
2012-01-11,230.25,232.0,227.5,231.325,1929778.0
2012-01-12,230.85,234.55,230.6,233.325,1993861.0
2012-01-13,235.0,236.525,230.525,234.8,1845421.0
2012-01-16,233.4,233.925,229.125,230.25,1595855.0
2012-01-17,231.95,234.5,231.5,234.2,1830504.0
2012-01-18,236.45,242.7,234.8,240.95,5034311.0
2012-01-19,243.0,245.125,240.15,243.4,4210544.0
2012-01-20,245.0,246.725,240.225,245.275,3597565.0
2012-01-23,243.0,243.875,240.45,242.0,1883432.0
2012-01-24,242.625,246.55,240.275,244.4,3765988.0
2012-01-25,245.125,246.5,242.875,245.1,3704775.0
2012-01-27,251.95,252.0,239.825,242.1,3719409.0
2012-01-30,241.475,241.5,236.5,239.525,2493754.0
2012-01-31,241.75,247.5,239.925,246.05,2663462.0
2012-02-01,247.25,249.85,240.675,248.575,3005149.0
2012-02-02,249.5,250.0,245.65,248.95,5710427.0
2012-02-03,248.75,254.0,247.625,253.125,3728751.0
2012-02-06,255.0,258.0,250.0,253.85,4359656.0
2012-02-07,257.0,257.7,254.0,254.65,3018927.0
2012-02-08,255.35,258.9,251.375,254.225,3465287.0
2012-02-09,252.85,262.975,252.825,261.275,4340256.0
2012-02-10,261.4,262.825,257.0,258.75,2878793.0
2012-02-13,259.325,262.5,257.95,260.975,3653581.0
2012-02-14,261.25,261.9,257.525,258.95,3278707.0
2012-02-15,260.25,267.45,258.625,266.525,4844896.0
2012-02-16,265.5,268.925,261.625,263.225,2031066.0
2012-02-17,265.625,266.5,260.05,264.15,3554912.0
2012-02-21,263.0,266.75,260.25,266.025,3707784.0
2012-02-22,265.0,269.45,263.325,265.725,3480777.0
2012-02-23,263.6,267.975,263.6,266.575,4273937.0
2012-02-24,263.6,267.7,257.675,262.325,4095042.0
2012-02-27,263.45,265.725,256.075,257.8,3830323.0
2012-02-28,259.625,266.7,256.6,265.25,3700287.0
2012-02-29,266.95,269.95,256.675,258.55,4997159.0
2012-03-01,258.5,261.15,252.65,257.0,3049623.0
2012-03-02,257.0,262.5,253.875,259.375,2029174.0
2012-03-03,259.0,260.75,259.0,259.65,77945.0
2012-03-05,260.0,260.475,252.775,255.475,2512843.0
2012-03-06,254.9,260.5,251.625,253.7,2899297.0
2012-03-07,253.425,259.0,248.775,257.825,1894409.0
2012-03-09,261.0,263.5,259.825,261.6,2328761.0
2012-03-12,267.0,267.25,258.5,259.475,2804346.0
2012-03-13,261.5,263.75,260.175,262.2,2769857.0
2012-03-14,264.05,265.0,260.725,264.1,2930281.0
2012-03-15,264.0,265.0,254.525,255.4,3734799.0
2012-03-16,255.0,262.45,252.5,253.925,3202652.0
2012-03-19,255.025,255.025,247.55,249.425,3824942.0
2012-03-20,248.0,255.425,246.5,252.7,1581068.0
2012-03-21,251.5,258.925,251.5,257.825,3005393.0
2012-03-22,256.95,261.2,250.05,252.125,2820016.0
2012-03-23,254.75,259.375,250.475,256.975,2011791.0
2012-03-26,256.75,258.25,252.825,255.825,2458229.0
2012-03-27,257.5,260.9,256.0,259.425,2964338.0
2012-03-28,259.25,259.25,255.025,256.725,2174873.0
2012-03-29,254.0,257.05,252.5,255.05,4056279.0
2012-03-30,256.0,261.925,254.875,259.925,2796244.0
2012-04-02,259.0,264.975,258.05,264.175,1382733.0
2012-04-03,266.5,268.2,264.0,265.1,3230203.0
2012-04-04,262.625,264.5,262.2,263.275,1043769.0
2012-04-09,261.875,263.15,260.0,260.875,1259185.0
2012-04-10,261.7,263.0,257.925,262.425,1458518.0
2012-04-11,260.925,265.475,258.55,263.225,1865812.0
2012-04-12,262.5,267.25,262.15,265.2,3025822.0
2012-04-13,268.2,268.875,261.95,264.675,2458357.0
2012-04-16,264.45,265.5,262.05,264.875,4349021.0
2012-04-17,266.0,267.95,260.55,265.125,3916452.0
2012-04-18,266.5,269.95,266.5,268.825,3000071.0
2012-04-19,270.0,277.8,268.6,277.025,4091669.0
2012-04-20,276.125,279.0,273.225,275.55,3931275.0
2012-04-23,275.975,278.0,271.65,272.675,2109412.0
2012-04-24,273.05,273.25,269.7,270.925,2190195.0
2012-04-25,272.0,274.75,269.0,273.325,2694597.0
2012-04-26,272.5,274.975,269.5,270.25,2334738.0
2012-04-27,271.0,273.0,267.1,270.575,1137255.0
2012-04-30,271.9,274.5,270.175,271.25,1509755.0
2012-05-02,270.35,275.5,270.35,274.95,2244587.0
2012-05-03,272.75,279.0,272.725,277.025,3428637.0
2012-05-04,275.6,276.85,267.325,268.75,3087972.0
2012-05-07,265.95,267.275,258.2,266.125,4178172.0
2012-05-08,266.45,268.2,256.625,257.675,2820770.0
2012-05-09,256.85,261.3,252.7,256.325,3755998.0
2012-05-10,255.525,261.45,255.0,258.75,3021095.0
2012-05-11,256.625,260.0,254.1,255.275,2012521.0
2012-05-14,255.375,255.9,247.025,250.275,2758712.0
2012-05-15,248.0,252.225,248.0,249.55,2004866.0
2012-05-16,247.0,249.35,243.0,247.6,4240218.0
2012-05-17,248.5,253.25,247.5,248.9,2904630.0
2012-05-18,244.9,251.95,244.5,250.275,2403604.0
2012-05-21,250.125,253.925,246.975,248.725,2135585.0
2012-05-22,251.9,252.5,243.475,244.625,2774203.0
2012-05-23,245.0,246.45,241.1,243.6,3173972.0
2012-05-24,246.5,251.35,242.5,249.85,2884811.0
2012-05-25,249.9,251.575,247.8,250.0,2798643.0
2012-05-28,250.6,255.3,250.0,254.375,3051713.0
2012-05-29,255.075,255.975,251.05,252.475,2643256.0
2012-05-30,250.025,252.7,248.275,250.325,2541820.0
2012-05-31,248.0,254.45,247.675,253.1,4759780.0
2012-06-01,252.0,253.575,245.0,245.2,2927187.0
2012-06-04,244.0,249.25,242.525,247.825,2840242.0
2012-06-05,250.0,252.45,249.225,250.75,2677678.0
2012-06-06,252.425,261.5,251.75,259.95,6272923.0
2012-06-07,262.1,269.75,261.5,268.9,4950123.0
2012-06-08,270.45,271.375,265.475,269.55,4830686.0
2012-06-11,270.55,274.45,269.2,270.975,3267971.0
2012-06-12,269.4,275.425,268.975,274.8,2813460.0
2012-06-13,275.5,276.2,269.9,270.875,2016183.0
2012-06-14,270.0,273.7,266.325,267.2,2160638.0
2012-06-15,267.5,274.85,267.475,273.775,2483056.0
2012-06-18,276.0,276.0,264.775,267.475,2809366.0
2012-06-19,267.4,269.5,263.15,268.225,2965184.0
2012-06-20,268.5,270.25,264.275,267.1,2383618.0
2012-06-21,266.5,272.35,265.65,271.45,2663164.0
2012-06-22,267.55,272.55,267.55,272.175,1542204.0
2012-06-25,272.7,274.25,267.5,268.35,1593712.0
2012-06-26,269.0,274.0,268.15,271.725,1463282.0
2012-06-27,273.0,277.35,273.0,274.5,2984322.0
2012-06-28,273.45,276.325,271.625,274.25,3035610.0
2012-06-29,276.05,282.45,276.025,281.775,3164793.0
2012-07-02,282.0,287.5,280.0,286.975,2050381.0
2012-07-03,287.95,290.0,285.85,287.925,2116700.0
2012-07-04,288.35,290.425,287.825,289.0,3202571.0
2012-07-05,288.95,292.5,287.725,292.05,2095382.0
2012-07-06,291.05,294.5,289.25,290.75,3935380.0
2012-07-09,289.975,290.875,284.55,289.075,1915290.0
2012-07-10,290.0,296.15,288.75,294.325,3385754.0
2012-07-11,293.45,296.9,292.55,293.5,3074861.0
2012-07-12,291.95,295.45,287.8,290.05,1895937.0
2012-07-13,292.5,295.7,291.225,293.525,2377143.0
2012-07-16,294.0,296.35,290.525,291.325,3212540.0
2012-07-17,293.5,294.375,289.3,291.625,2134839.0
2012-07-18,292.35,294.35,290.05,293.5,1779499.0
2012-07-19,294.3,295.4,292.775,294.7,1200112.0
2012-07-20,294.5,294.5,290.5,291.3,1042236.0
2012-07-23,288.7,290.0,285.525,286.5,1523632.0
2012-07-24,286.275,288.725,285.1,287.025,1326397.0
2012-07-25,287.225,290.4,286.85,288.025,2203926.0
2012-07-26,289.0,289.375,281.5,282.9,4426354.0
2012-07-27,286.0,294.35,282.325,292.3,3357718.0
2012-07-30,293.55,295.95,292.0,293.625,2116571.0
2012-07-31,295.0,295.0,289.925,293.875,2097852.0
2012-08-01,292.775,294.175,288.8,293.25,1967747.0
2012-08-02,293.25,294.6,288.65,291.25,1721365.0
2012-08-03,290.5,294.5,289.875,294.1,2487875.0
2012-08-06,296.575,301.0,296.5,300.125,3082294.0
2012-08-07,301.0,301.15,298.5,300.05,2807191.0
2012-08-08,300.0,301.0,297.35,299.45,2013279.0
2012-08-09,300.5,303.5,299.25,302.325,2468280.0
2012-08-10,300.0,303.45,299.825,301.075,3781855.0
2012-08-13,300.0,304.75,300.0,303.725,2105426.0
2012-08-14,303.525,304.5,301.625,304.075,2806392.0
2012-08-16,304.0,304.075,298.925,300.025,2035824.0
2012-08-17,299.3,301.125,295.9,297.55,1921539.0
2012-08-21,297.5,299.25,294.1,298.2,2085210.0
2012-08-22,297.2,300.225,295.675,298.45,2395215.0
2012-08-23,299.7,302.275,297.625,298.85,2356262.0
2012-08-24,296.75,300.2,296.625,298.15,1677094.0
2012-08-27,297.5,299.45,296.025,297.175,1011681.0
2012-08-28,296.45,297.275,293.25,294.675,2223991.0
2012-08-29,294.625,297.9,293.125,294.275,1682407.0
2012-08-30,293.0,301.0,293.0,297.95,5679101.0
2012-08-31,295.175,300.0,294.625,297.675,3126685.0
2012-09-03,298.775,298.9,294.0,295.225,1859454.0
2012-09-04,295.275,296.175,293.6,295.05,1443147.0
2012-09-05,294.0,298.0,293.675,296.05,3039618.0
2012-09-06,295.05,296.75,293.05,294.075,1274363.0
2012-09-07,297.125,297.5,292.85,295.2,2801287.0
2012-09-08,295.275,296.4,295.275,295.525,58599.0
2012-09-10,295.75,298.5,294.675,295.575,1508723.0
2012-09-11,294.375,298.5,291.675,297.2,1577886.0
2012-09-12,297.625,300.0,296.95,299.6,1597754.0
2012-09-13,300.5,300.75,296.775,299.6,849940.0
2012-09-14,303.3,307.375,300.475,306.375,6442805.0
2012-09-17,309.5,309.975,302.75,304.15,5271712.0
2012-09-18,304.15,306.0,301.925,302.725,2509794.0
2012-09-20,301.0,305.0,300.5,303.45,2622832.0
2012-09-21,304.35,314.5,302.55,312.575,5900712.0
2012-09-24,312.75,318.45,311.4,317.5,4393720.0
2012-09-25,316.5,319.45,313.075,318.45,2921536.0
2012-09-26,317.425,318.3,312.075,315.375,2682627.0
2012-09-27,316.5,318.5,312.6,315.4,3965436.0
2012-09-28,315.95,317.15,313.05,314.575,2751922.0
2012-10-01,314.5,316.0,310.0,311.425,2013696.0
2012-10-03,312.0,313.4,308.975,309.725,2758057.0
2012-10-04,310.75,316.95,310.725,315.65,3163016.0
2012-10-05,319.0,319.325,252.525,311.2,3736756.0
2012-10-08,311.95,311.95,308.275,310.35,2322668.0
2012-10-09,312.475,315.25,311.0,312.875,1077692.0
2012-10-10,312.0,312.0,308.1,308.975,1073754.0
2012-10-11,310.575,313.9,309.225,312.425,2453233.0
2012-10-12,315.0,317.5,313.0,315.575,3876602.0
2012-10-15,316.2,317.45,311.3,317.075,1893017.0
2012-10-16,317.625,317.75,314.05,315.2,1818459.0
2012-10-17,316.0,316.25,313.25,314.05,1608443.0
2012-10-18,315.0,318.95,312.225,318.1,1404615.0
2012-10-19,316.0,317.5,313.5,314.25,2263850.0
2012-10-22,312.6,320.0,312.6,319.5,2060351.0
2012-10-23,319.525,319.75,316.25,317.05,2083240.0
2012-10-25,316.325,320.5,314.5,318.675,4252835.0
2012-10-26,318.325,319.9,315.5,318.575,1670317.0
2012-10-29,318.925,321.25,317.775,320.3,1378082.0
2012-10-30,318.525,322.4,315.3,316.825,2208726.0
2012-10-31,317.05,317.95,315.025,317.1,1873242.0
2012-11-01,316.375,317.85,313.75,314.3,1764615.0
2012-11-02,319.0,319.0,314.0,315.15,1358193.0
2012-11-05,316.0,318.0,315.375,317.5,1005532.0
2012-11-06,316.975,320.6,316.975,319.775,1819521.0
2012-11-07,319.875,322.5,318.45,320.025,2050165.0
2012-11-08,318.25,320.5,317.75,319.5,966950.0
2012-11-09,319.125,321.5,317.5,319.675,1105194.0
2012-11-12,318.625,326.9,318.625,325.65,2414364.0
2012-11-13,325.5,325.95,323.1,323.525,104547.0
2012-11-15,323.5,323.7,319.5,323.125,2360585.0
2012-11-16,321.5,324.3,320.075,321.125,3025706.0
2012-11-19,319.875,323.95,319.725,323.375,1446987.0
2012-11-20,324.55,327.95,324.125,326.925,2338347.0
2012-11-21,327.575,332.75,324.85,331.85,3232446.0
2012-11-22,333.4,335.575,332.0,334.55,2110241.0
2012-11-23,334.75,336.3,329.525,334.875,1312428.0
2012-11-26,336.5,336.85,330.05,330.95,1370384.0
2012-11-27,332.45,341.9,332.45,340.25,4125668.0
2012-11-29,338.75,351.875,337.7,349.925,6299863.0
2012-11-30,350.5,352.75,344.8,351.975,3909823.0
2012-12-03,350.0,350.575,342.0,343.475,2909085.0
2012-12-04,342.05,345.0,340.525,342.575,2169872.0
2012-12-05,344.5,347.5,343.5,346.3,2304965.0
2012-12-06,347.9,349.25,340.4,347.375,2726138.0
2012-12-07,347.625,349.0,344.0,346.55,1984158.0
2012-12-10,345.0,348.25,344.825,346.5,2081026.0
2012-12-11,347.625,349.5,343.15,345.425,3375138.0
2012-12-12,345.625,348.0,344.25,346.925,1934126.0
2012-12-13,346.925,348.0,344.5,345.525,1570808.0
2012-12-14,345.025,347.2,342.675,344.375,2093473.0
2012-12-17,343.95,343.95,336.8,338.25,3057553.0
2012-12-18,338.975,341.1,334.875,337.975,3343768.0
2012-12-19,337.275,344.625,337.25,344.0,4122253.0
2012-12-20,343.0,343.5,340.125,341.7,2565187.0
2012-12-21,340.5,341.0,337.025,338.0,2771561.0
2012-12-24,340.0,340.075,335.9,338.05,1370563.0
2012-12-26,339.05,342.425,336.55,340.15,1430804.0
2012-12-27,342.0,342.0,338.35,340.05,2464542.0
2012-12-28,340.55,341.5,337.075,338.825,1756066.0
2012-12-31,338.5,340.0,337.0,339.3,1276822.0
2013-01-01,341.05,342.55,339.825,342.25,1007303.0
2013-01-02,344.95,345.0,341.525,343.675,2427399.0
2013-01-03,345.0,345.0,340.2,341.675,2285683.0
2013-01-04,342.5,342.5,336.4,339.675,2721127.0
2013-01-07,341.85,341.85,333.0,334.1,2751142.0
2013-01-08,334.0,336.7,332.85,335.125,2471299.0
2013-01-09,336.0,336.275,333.025,333.75,3217991.0
2013-01-10,334.75,339.0,333.25,337.9,2282592.0
2013-01-11,338.45,338.45,333.35,334.65,2570857.0
2013-01-14,334.075,335.25,333.55,334.65,2847437.0
2013-01-15,335.4,337.725,332.5,334.15,2065844.0
2013-01-16,332.775,334.6,328.8,330.25,2287689.0
2013-01-17,328.85,335.425,327.025,333.4,3211036.0
2013-01-18,335.0,337.0,327.65,331.425,5056173.0
2013-01-21,330.0,331.7,327.375,329.275,2713680.0
2013-01-22,329.25,330.5,323.775,326.875,2121532.0
2013-01-23,328.5,331.5,327.175,328.3,1769935.0
2013-01-24,327.8,331.375,327.625,330.15,1536990.0
2013-01-25,330.15,333.5,327.775,332.525,1397433.0
2013-01-28,332.625,336.0,332.225,335.175,1842005.0
2013-01-29,335.375,335.45,325.0,326.225,2990437.0
2013-01-30,326.5,329.2,322.0,328.325,2509908.0
2013-01-31,328.3,328.95,320.05,321.525,3472096.0
2013-02-01,322.4,322.425,318.1,320.075,2621036.0
2013-02-04,320.575,324.75,320.0,323.45,2618950.0
2013-02-05,318.175,323.6,318.175,322.075,1865005.0
2013-02-06,323.3,323.45,318.6,319.75,2468397.0
2013-02-07,318.15,321.5,317.275,320.75,2270709.0
2013-02-08,320.25,326.7,320.25,325.025,4706664.0
2013-02-11,325.0,329.975,325.0,328.475,3791765.0
2013-02-12,327.825,333.5,327.825,332.6,3958209.0
2013-02-13,331.65,333.7,329.75,332.1,3627208.0
2013-02-14,332.0,339.2,331.0,337.4,4421038.0
2013-02-15,335.85,340.4,334.1,338.375,3122195.0
2013-02-18,339.0,340.45,337.0,338.0,2367291.0
2013-02-19,337.25,338.7,335.775,337.4,593703.0
2013-02-20,338.75,340.4,337.45,338.475,1715421.0
2013-02-21,337.5,338.725,332.025,333.125,2717968.0
2013-02-22,331.1,333.2,328.775,329.65,1927096.0
2013-02-25,331.625,332.6,327.05,328.225,1888236.0
2013-02-26,327.4,331.5,322.7,325.625,2935660.0
2013-02-27,326.15,327.0,320.45,321.375,3217834.0
2013-02-28,323.475,327.475,309.675,312.675,6971751.0
2013-03-01,312.5,314.8,308.15,311.25,4305182.0
2013-03-04,310.175,315.15,309.0,313.825,2992450.0
2013-03-05,315.45,317.35,311.575,316.475,2639395.0
2013-03-06,317.475,318.575,314.5,315.25,2733329.0
2013-03-07,314.175,321.475,313.575,320.9,1487746.0
2013-03-08,322.1,330.0,321.7,328.65,2649215.0
2013-03-11,328.65,329.85,325.125,327.625,2126146.0
2013-03-12,326.5,327.85,320.05,322.0,1723931.0
2013-03-13,320.525,322.95,316.1,317.45,1978343.0
2013-03-14,317.45,326.75,307.675,324.625,7978609.0
2013-03-15,322.5,324.95,316.9,319.7,3859902.0
2013-03-18,316.5,327.0,315.0,321.65,4390481.0
2013-03-19,321.5,321.9,312.0,315.775,5007115.0
2013-03-20,316.0,316.725,310.5,312.75,2834109.0
2013-03-21,311.325,314.4,301.875,303.5,3613147.0
2013-03-22,304.5,307.3,301.3,302.625,7381475.0
2013-03-25,305.5,306.675,303.775,304.7,6799744.0
2013-03-26,303.0,308.75,301.275,307.25,3318601.0
2013-03-28,308.25,315.575,303.475,312.675,4874023.0
2013-04-01,312.325,314.5,310.5,311.925,1677193.0
2013-04-02,312.5,317.15,308.95,314.95,1714355.0
2013-04-03,314.0,315.825,309.75,311.825,1675904.0
2013-04-04,309.4,311.7,306.725,308.075,2045496.0
2013-04-05,307.475,313.2,306.7,310.475,3239980.0
2013-04-08,309.475,314.475,308.875,312.225,2163032.0
2013-04-09,314.05,314.05,308.7,310.3,3690102.0
2013-04-10,313.4,316.825,309.475,316.0,3786126.0
2013-04-11,316.25,321.0,315.95,319.625,6266517.0
2013-04-12,318.05,322.925,318.05,321.85,3801520.0
2013-04-15,321.05,321.725,317.5,320.775,3980942.0
2013-04-16,321.5,332.925,321.175,331.675,3435078.0
2013-04-17,332.5,335.925,328.4,330.05,3739237.0
2013-04-18,327.0,337.7,327.0,336.8,2305946.0
2013-04-22,337.35,351.0,337.35,349.15,4965038.0
2013-04-23,349.4,350.0,339.4,344.5,5965890.0
2013-04-25,346.175,347.5,340.025,344.775,6473781.0
2013-04-26,343.825,346.125,341.5,344.55,2142186.0
2013-04-29,344.125,348.425,343.25,347.575,2918858.0
2013-04-30,347.0,347.975,338.4,341.15,3138068.0
2013-05-02,342.2,347.0,341.15,346.25,3075817.0
2013-05-03,346.3,347.0,339.325,340.475,3071646.0
2013-05-06,339.5,339.65,334.975,337.75,1918365.0
2013-05-07,338.15,344.95,336.25,344.025,2774616.0
2013-05-08,344.5,349.75,343.25,348.575,2163489.0
2013-05-09,349.525,349.75,344.1,345.025,1130840.0
2013-05-10,344.35,352.45,344.325,351.675,3478314.0
2013-05-11,351.05,352.5,350.575,351.4,219025.0
2013-05-13,352.5,355.725,345.4,346.375,2398493.0
2013-05-14,345.025,347.45,342.55,344.525,1663419.0
2013-05-15,346.75,358.0,345.675,357.425,3543370.0
2013-05-16,356.0,362.0,355.5,361.4,2915154.0
2013-05-17,361.25,361.25,354.6,359.45,3204963.0
2013-05-20,359.75,362.0,356.075,357.25,1460402.0
2013-05-21,357.0,359.0,352.525,353.9,2301625.0
2013-05-22,353.75,356.0,349.0,351.725,1353028.0
2013-05-23,349.5,353.225,347.15,349.3,1976312.0
2013-05-24,352.875,352.875,347.15,350.675,2066060.0
2013-05-27,349.3,358.5,349.3,357.525,2248802.0
2013-05-28,357.125,360.4,353.4,356.65,1676979.0
2013-05-29,355.025,359.225,351.925,357.975,1233373.0
2013-05-30,355.05,363.65,355.05,362.575,3839364.0
2013-05-31,358.625,360.35,348.85,350.25,3083224.0
2013-06-03,349.0,350.7,343.275,344.575,1972531.0
2013-06-04,343.65,346.9,340.5,341.525,1404081.0
2013-06-05,341.0,347.2,339.25,343.975,1890919.0
2013-06-06,341.75,344.7,339.0,341.1,1779103.0
2013-06-07,340.875,346.7,336.6,338.075,2389056.0
2013-06-10,340.525,343.5,335.75,338.175,1592003.0
2013-06-11,336.725,340.45,331.1,332.45,2955215.0
2013-06-12,331.0,336.7,329.225,331.975,2453913.0
2013-06-13,328.8,330.5,326.675,327.55,1787434.0
2013-06-14,331.0,334.225,329.65,332.525,3741303.0
2013-06-17,332.8,334.6,328.675,333.675,3267727.0
2013-06-18,334.0,334.0,327.5,328.725,3111642.0
2013-06-19,328.05,333.3,326.425,332.6,2411739.0
2013-06-20,329.425,329.425,317.3,318.3,3784511.0
2013-06-21,318.4,321.275,315.05,317.625,4474961.0
2013-06-24,315.9,316.925,311.875,312.675,2692013.0
2013-06-25,313.0,323.2,311.2,317.0,4671608.0
2013-06-26,315.75,318.825,310.0,311.425,2619005.0
2013-06-27,317.0,326.35,311.175,323.25,6750890.0
2013-06-28,324.75,336.6,324.55,334.75,5270670.0
2013-07-01,334.5,337.0,332.325,334.375,2459671.0
2013-07-02,334.35,334.375,327.15,328.275,2295788.0
2013-07-03,327.0,327.35,321.8,325.325,3346565.0
2013-07-04,326.9,328.725,322.85,327.575,2397765.0
2013-07-05,330.05,336.375,329.25,333.875,2385874.0
2013-07-08,332.0,333.725,326.375,330.225,1792324.0
2013-07-09,331.1,336.875,331.1,335.15,1760048.0
2013-07-10,335.125,335.95,328.075,329.65,1784645.0
2013-07-11,333.5,343.35,333.025,341.625,2649892.0
2013-07-12,343.5,348.85,340.9,347.875,3908713.0
2013-07-15,345.5,349.025,342.0,347.725,2127972.0
2013-07-16,339.5,342.25,334.975,339.35,2911846.0
2013-07-17,338.9,340.4,323.95,331.45,5658497.0
2013-07-18,334.95,344.25,328.475,342.05,3415970.0
2013-07-19,344.025,345.975,336.575,340.0,3114605.0
2013-07-22,338.0,343.5,338.0,341.025,1615108.0
2013-07-23,343.95,345.0,340.525,341.8,1853696.0
2013-07-24,337.0,338.0,326.75,329.975,3657187.0
2013-07-25,330.325,333.0,325.075,326.925,4066814.0
2013-07-26,328.0,328.125,319.0,322.05,2339123.0
2013-07-29,321.5,321.5,314.825,316.25,3730556.0
2013-07-30,315.375,317.5,310.05,312.675,3672771.0
2013-07-31,310.5,310.9,303.45,304.875,6706130.0
2013-08-01,306.95,318.9,306.2,316.1,5861652.0
2013-08-02,315.0,317.4,313.425,315.625,5003962.0
2013-08-05,315.775,317.725,307.5,316.35,3399593.0
2013-08-06,315.5,315.675,303.25,304.325,4911295.0
2013-08-07,304.975,307.175,300.0,300.6,5689114.0
2013-08-08,302.0,308.75,300.0,305.25,5115362.0
2013-08-12,305.025,305.4,299.325,301.1,3925217.0
2013-08-13,301.925,312.4,299.075,310.25,3675598.0
2013-08-14,311.0,311.825,304.325,310.675,3575927.0
2013-08-16,307.0,311.0,292.45,293.95,7014892.0
2013-08-19,293.5,294.3,285.15,292.35,5004610.0
2013-08-20,287.475,294.95,283.25,292.375,6431746.0
2013-08-21,303.0,309.675,295.0,296.675,7227149.0
2013-08-22,294.5,301.85,285.0,294.35,7562673.0
2013-08-23,296.0,304.575,294.15,303.775,5174611.0
2013-08-26,306.175,311.4,301.275,305.65,3651902.0
2013-08-27,298.65,300.0,277.725,280.95,13677093.0
2013-08-28,277.85,286.0,264.0,280.975,9266888.0
2013-08-29,284.0,291.25,284.0,286.025,10192751.0
2013-08-30,285.5,300.0,285.325,297.0,9154229.0
2013-09-02,299.0,302.175,291.25,294.75,4878929.0
2013-09-03,298.45,298.45,278.525,281.275,4535002.0
2013-09-04,283.725,288.425,279.575,282.025,5235450.0
2013-09-05,292.0,311.45,292.0,304.75,8311562.0
2013-09-06,305.5,310.0,293.375,308.1,4749304.0
2013-09-10,310.275,320.5,309.2,319.0,5074709.0
2013-09-11,316.5,325.0,312.775,323.625,3172598.0
2013-09-12,321.25,323.0,313.8,316.975,4419134.0
2013-09-13,316.225,317.25,310.5,314.6,3875780.0
2013-09-16,318.75,324.45,314.5,321.4,3034804.0
2013-09-17,319.0,322.5,316.8,321.125,2108022.0
2013-09-18,321.8,327.45,315.575,325.25,2747404.0
2013-09-19,340.0,344.95,338.15,341.6,7320226.0
2013-09-20,341.25,343.225,317.625,329.525,6181538.0
2013-09-23,325.5,326.175,316.55,320.975,3496310.0
2013-09-24,316.525,322.175,314.975,319.225,4543797.0
2013-09-25,319.0,320.85,306.6,310.3,5245230.0
2013-09-26,310.675,313.0,309.0,310.575,5645610.0
2013-09-27,311.0,312.0,302.5,304.45,4102173.0
2013-09-30,303.0,306.425,293.85,296.525,4265607.0
2013-10-01,299.4,307.2,294.675,305.825,3249277.0
2013-10-03,307.65,319.5,305.0,318.1,2443228.0
2013-10-04,317.75,323.7,317.5,320.225,3407094.0
2013-10-07,318.25,319.075,309.125,317.15,2480500.0
2013-10-08,325.25,327.275,312.9,316.325,2942037.0
2013-10-09,312.6,325.45,311.5,324.575,2167190.0
2013-10-10,324.5,324.5,316.675,320.525,2086321.0
2013-10-11,323.65,331.875,319.675,330.65,3347566.0
2013-10-14,328.775,334.65,324.325,333.75,3093930.0
2013-10-15,336.5,337.5,323.3,326.225,4035831.0
2013-10-17,326.5,329.975,321.275,327.1,3637897.0
2013-10-18,327.625,339.775,327.625,338.3,5320296.0
2013-10-21,337.0,339.4,331.275,335.625,2806356.0
2013-10-22,335.5,336.975,332.6,334.5,2189524.0
2013-10-23,334.5,334.5,326.9,330.1,3386239.0
2013-10-24,328.1,337.875,328.1,334.65,3080482.0
2013-10-25,332.625,337.475,331.575,336.275,2236718.0
2013-10-28,336.5,337.5,332.7,333.95,2095522.0
2013-10-29,334.0,344.5,327.775,343.25,3805729.0
2013-10-30,343.0,343.75,337.875,339.675,2547168.0
2013-10-31,338.1,342.525,336.7,340.4,4548889.0
2013-11-01,340.8,344.0,339.1,341.9,3910611.0
2013-11-03,342.5,343.275,339.05,340.225,202348.0
2013-11-05,340.225,342.5,336.5,338.125,3564618.0
2013-11-06,339.45,339.6,332.625,334.45,1152663.0
2013-11-07,335.0,338.75,328.45,332.7,1947285.0
2013-11-08,331.7,333.825,322.325,326.25,3370190.0
2013-11-11,322.0,330.35,308.35,327.125,2804076.0
2013-11-12,326.275,331.525,321.675,322.975,2245080.0
2013-11-13,319.5,323.725,314.175,316.85,2640271.0
2013-11-14,319.0,324.95,319.0,321.1,3156715.0
2013-11-18,325.7,335.0,324.525,334.4,3718480.0
2013-11-19,334.2,334.2,328.725,330.025,1697259.0
2013-11-20,328.35,329.5,323.2,324.775,2092524.0
2013-11-21,322.275,322.8,317.575,318.825,3196914.0
2013-11-22,321.25,323.45,317.55,321.075,1873096.0
2013-11-25,324.025,330.875,324.025,329.875,4037635.0
2013-11-26,328.85,329.95,324.2,326.475,3619629.0
2013-11-27,325.55,329.375,322.05,326.775,2148253.0
2013-11-28,327.8,331.5,324.025,326.7,3693433.0
2013-11-29,327.5,334.45,327.5,330.65,2392770.0
2013-12-02,331.0,332.5,329.025,330.65,1714653.0
2013-12-03,330.0,331.1,326.325,327.875,2572070.0
2013-12-04,327.45,329.775,326.725,328.8,2619152.0
2013-12-05,335.775,344.95,335.775,344.05,8004998.0
2013-12-06,342.45,344.8,339.125,341.35,4017308.0
2013-12-09,355.0,358.7,346.275,348.325,6316407.0
2013-12-10,346.175,350.925,345.0,348.35,6266220.0
2013-12-11,345.05,350.9,343.45,347.775,3072444.0
2013-12-12,346.6,350.275,345.25,347.6,3216924.0
2013-12-13,343.9,351.0,342.5,344.975,6329020.0
2013-12-16,344.0,345.45,340.6,342.175,5358061.0
2013-12-17,337.825,337.825,327.025,328.8,4485661.0
2013-12-18,325.25,340.325,324.775,333.125,3521829.0
2013-12-19,339.5,341.975,325.2,326.275,2504879.0
2013-12-20,328.9,334.3,325.05,332.3,1430617.0
2013-12-23,329.0,335.75,328.5,332.225,1382808.0
2013-12-24,332.775,333.25,327.525,328.65,888674.0
2013-12-26,329.925,336.1,328.45,334.525,2011690.0
2013-12-27,332.05,337.725,332.05,334.825,1366003.0
2013-12-30,338.4,338.5,332.575,334.75,1056901.0
2013-12-31,336.05,336.15,330.05,332.925,1315328.0
2014-01-01,334.0,334.9,331.5,332.575,1123109.0
2014-01-02,332.5,337.375,326.775,328.5,1807248.0
2014-01-03,326.0,333.0,325.0,331.55,1628296.0
2014-01-06,331.5,331.5,328.5,330.85,1490855.0
2014-01-07,333.55,335.475,326.65,332.2,1974230.0
2014-01-08,332.6,333.475,330.0,332.35,1162370.0
2014-01-09,331.6,333.025,328.55,331.475,944368.0
2014-01-10,331.475,337.35,328.15,331.025,1537627.0
2014-01-13,330.05,338.475,328.45,336.425,1188145.0
2014-01-14,334.525,338.0,334.15,336.15,894280.0
2014-01-15,336.5,341.35,334.8,340.275,1156960.0
2014-01-16,342.2,342.5,335.175,336.525,1125294.0
2014-01-17,337.5,337.5,329.525,332.5,10843714.0
2014-01-20,334.05,338.35,333.2,335.025,1400092.0
2014-01-21,336.475,339.4,335.0,338.05,1562981.0
2014-01-22,337.75,342.35,337.325,338.55,1758334.0
2014-01-23,337.5,340.55,336.375,339.75,1370685.0
2014-01-24,335.0,337.475,331.85,336.7,2210725.0
2014-01-27,332.45,332.45,322.8,324.6,4265112.0
2014-01-28,324.0,328.0,319.3,322.225,4598856.0
2014-01-29,323.75,325.45,320.275,322.725,2742731.0
2014-01-30,318.75,319.95,313.825,315.9,2856365.0
2014-01-31,315.0,318.15,312.55,314.25,2405246.0
2014-02-03,314.975,317.0,312.55,313.25,1194205.0
2014-02-04,310.825,317.75,308.4,315.3,1852326.0
2014-02-05,315.5,319.9,312.55,318.725,1726346.0
2014-02-06,319.375,324.8,314.75,323.5,3366736.0
2014-02-07,326.2,327.25,321.05,323.875,1007367.0
2014-02-10,323.825,325.075,318.0,321.95,1570205.0
2014-02-11,323.0,323.575,319.65,322.4,1116214.0
2014-02-12,323.3,326.4,321.825,322.725,1609240.0
2014-02-13,323.0,324.0,315.625,316.25,788800.0
2014-02-14,317.0,321.925,314.675,320.9,1062278.0
2014-02-17,321.0,326.0,320.55,325.2,912530.0
2014-02-18,324.25,332.2,323.7,330.2,1254918.0
2014-02-19,328.1,336.125,327.5,335.025,1015237.0
2014-02-20,332.9,333.725,330.425,331.375,862109.0
2014-02-21,329.925,334.8,329.85,332.2,760968.0
2014-02-24,331.05,336.5,327.875,335.5,1254746.0
2014-02-25,337.0,338.0,333.0,335.55,1005140.0
2014-02-26,335.0,339.6,334.275,338.7,1137835.0
2014-02-28,341.0,341.45,332.575,334.8,1225896.0
2014-03-03,332.6,336.0,331.6,333.1,919608.0
2014-03-04,333.0,336.925,332.125,335.85,1610967.0
2014-03-05,336.75,337.5,331.25,334.875,1001746.0
2014-03-06,336.5,338.85,334.05,337.8,1237170.0
2014-03-07,339.8,357.45,338.1,355.725,5691892.0
2014-03-10,353.25,368.45,350.0,367.225,6530963.0
2014-03-11,367.25,370.0,359.775,362.575,3250118.0
2014-03-12,360.625,366.5,358.25,362.775,1777554.0
2014-03-13,363.75,374.75,363.75,371.175,2862113.0
2014-03-14,367.5,369.95,362.0,366.075,3052120.0
2014-03-18,367.7,372.4,364.15,367.0,2025681.0
2014-03-19,370.0,371.65,367.875,369.225,1513784.0
2014-03-20,369.225,369.225,364.0,365.1,1298771.0
2014-03-21,367.575,368.75,365.6,366.925,1881398.0
2014-03-22,368.0,368.0,364.725,366.2,105882.0
2014-03-24,367.25,376.45,367.0,375.325,2928465.0
2014-03-25,375.0,380.275,373.875,375.075,2007773.0
2014-03-26,376.4,378.15,372.05,373.025,2352328.0
2014-03-27,375.0,380.375,371.0,373.375,6138733.0
2014-03-28,374.975,377.05,367.525,372.475,3040225.0
2014-03-31,373.975,376.5,371.55,374.4,2065607.0
2014-04-01,375.75,376.775,366.275,369.05,2012958.0
2014-04-02,372.475,373.0,360.95,365.95,2599688.0
2014-04-03,368.0,369.0,363.125,364.4,1389926.0
2014-04-04,362.775,366.5,360.025,362.725,1855602.0
2014-04-07,362.5,366.0,361.55,362.675,2933289.0
2014-04-09,364.025,372.45,360.875,370.925,2630096.0
2014-04-10,372.325,374.325,368.0,369.7,1873698.0
2014-04-11,367.025,372.4,366.95,369.075,1301988.0
2014-04-15,367.15,369.4,359.05,361.975,2092967.0
2014-04-16,361.6,365.9,360.55,362.975,893098.0
2014-04-17,358.125,360.65,353.65,359.35,3075582.0
2014-04-21,361.35,363.25,356.5,358.225,1746938.0
2014-04-22,360.95,364.8,358.7,363.775,2848956.0
2014-04-23,362.45,369.725,361.3,366.5,5256336.0
2014-04-25,366.575,369.0,362.5,363.2,1553111.0
2014-04-28,361.125,364.625,360.275,362.6,1220715.0
2014-04-29,363.2,363.75,356.25,357.9,1660309.0
2014-04-30,358.0,364.95,355.825,360.65,2196730.0
2014-05-02,361.75,363.775,357.775,358.55,1478823.0
2014-05-05,359.925,361.55,357.0,358.35,1298081.0
2014-05-06,360.1,362.3,357.05,360.1,1546140.0
2014-05-07,359.25,363.5,355.725,357.8,1649656.0
2014-05-08,358.575,361.5,357.75,359.15,1880107.0
2014-05-09,360.0,380.0,360.0,378.4,4094111.0
2014-05-12,377.55,397.425,377.25,396.075,4390340.0
2014-05-13,400.0,400.0,391.25,394.075,3166304.0
2014-05-14,392.5,397.4,387.125,387.725,2125375.0
2014-05-15,384.5,395.575,383.025,394.175,2366547.0
2014-05-16,400.0,427.0,393.825,402.35,8217092.000000001
2014-05-19,407.95,417.5,404.0,405.95,2630701.0
2014-05-20,408.0,410.8,402.175,408.025,1589258.0
2014-05-21,406.175,407.25,402.5,404.75,910597.0
2014-05-22,406.0,407.5,399.0,401.3,1951614.0
2014-05-23,399.5,401.5,391.35,394.825,2454734.0
2014-05-26,399.5,402.025,395.0,398.575,4348808.0
2014-05-27,400.0,405.325,394.175,402.45,1904881.0
2014-05-28,399.95,413.375,399.75,411.725,3588891.0
2014-05-29,411.3,415.375,403.7,405.125,3421002.0
2014-05-30,407.5,411.4,365.0,396.375,8201886.0
2014-06-02,396.75,411.175,396.75,409.7,2020783.0
2014-06-03,411.5,413.925,407.0,412.175,906037.0
2014-06-04,411.2,414.85,407.55,408.35,716085.0
2014-06-05,405.9,407.7,400.5,402.725,1918618.0
2014-06-06,406.5,410.5,400.5,407.625,2641319.0
2014-06-09,410.95,415.0,407.5,409.725,2334980.0
2014-06-10,410.575,411.8,405.0,408.325,1249836.0
2014-06-11,408.5,414.925,405.0,410.25,1935943.0
2014-06-12,412.25,422.475,406.425,419.925,3183012.0
2014-06-13,422.0,428.0,415.825,417.7,3053221.0
2014-06-16,415.5,421.4,415.15,419.5,1327470.0
2014-06-17,418.0,424.4,413.675,423.275,1747030.0
2014-06-18,423.55,425.7,414.375,417.425,1343657.0
2014-06-19,418.55,419.975,411.1,412.875,1180249.0
2014-06-20,413.0,415.875,409.675,410.975,742442.0
2014-06-23,412.0,413.275,407.65,410.725,1460211.0
2014-06-24,412.675,416.375,412.5,414.5,1266556.0
2014-06-25,414.5,416.6,411.5,412.05,1582656.0
2014-06-26,410.0,413.3,404.325,406.2,5452066.0
2014-06-27,408.925,411.0,407.0,408.1,1285740.0
2014-06-30,409.95,416.35,409.95,410.775,1544025.0
2014-07-01,411.5,413.975,407.5,411.65,1910343.0
2014-07-02,415.4,421.0,412.75,419.95,1906681.0
2014-07-03,420.5,422.65,415.675,418.4,1515685.0
2014-07-04,418.4,429.475,417.55,428.325,1407997.0
2014-07-07,429.95,430.35,417.925,420.225,2032992.0
2014-07-08,422.0,424.175,410.0,414.625,1683068.0
2014-07-09,414.0,417.425,409.0,415.15,1448888.0
2014-07-10,415.15,424.0,406.125,411.675,2464386.0
2014-07-11,410.55,415.725,404.4,405.9,2299695.0
2014-07-14,407.5,410.0,403.575,408.725,1230402.0
2014-07-15,410.375,414.4,408.25,413.4,1523009.0
2014-07-16,414.75,419.25,408.95,417.875,2397325.0
2014-07-17,419.35,419.5,414.75,415.9,1259775.0
2014-07-18,414.45,418.4,411.0,416.225,1822108.0
2014-07-21,420.85,423.475,412.625,413.725,2453414.0
2014-07-22,414.95,421.325,413.5,419.925,1742588.0
2014-07-23,421.55,422.5,417.5,418.15,1962463.0
2014-07-24,418.0,422.0,416.5,421.125,1069650.0
2014-07-25,420.5,424.9,417.075,417.75,2666488.0
2014-07-28,419.25,419.9,414.0,414.775,971238.0
2014-07-30,415.5,420.95,413.425,419.4,1171345.0
2014-07-31,418.95,419.95,414.275,417.0,2975336.0
2014-08-01,413.025,413.9,406.0,407.725,1707115.0
2014-08-04,409.5,411.35,403.55,406.5,1840761.0
2014-08-05,408.5,411.5,404.95,410.1,1519276.0
2014-08-06,407.525,409.775,403.675,405.0,845350.0
2014-08-07,406.45,409.25,405.0,405.75,983435.0
2014-08-08,402.5,403.9,397.5,398.075,1862670.0
2014-08-11,400.5,401.425,395.7,396.475,1406556.0
2014-08-12,400.5,404.25,396.0,403.6,1650768.0
2014-08-13,405.0,407.875,401.325,406.2,1959955.0
2014-08-14,407.05,415.825,406.65,413.35,2968306.0
2014-08-18,415.0,417.25,411.8,416.175,1675542.0
2014-08-19,416.5,418.75,411.125,411.925,1973214.0
2014-08-20,414.5,417.3,409.5,410.275,2358713.0
2014-08-21,411.0,417.6,410.5,416.25,1597620.0
2014-08-22,417.175,424.375,414.025,423.375,2503822.0
2014-08-25,421.5,426.4,418.6,421.725,1664016.0
2014-08-26,422.25,424.25,419.05,421.25,1041314.0
2014-08-27,423.0,423.0,417.0,418.3,1213242.0
2014-08-28,418.75,422.75,417.0,421.775,1997863.0
2014-09-01,422.95,424.5,419.3,420.6,1038664.0
2014-09-02,421.55,430.55,419.325,429.6,2860563.0
2014-09-03,432.5,432.5,425.8,428.325,2308695.0
2014-09-04,429.025,429.5,424.25,425.925,1601742.0
2014-09-05,426.0,427.775,422.05,424.225,958802.0
2014-09-08,425.5,433.9,424.725,432.375,2447086.0
2014-09-09,430.05,434.95,428.9,432.8,1915261.0
2014-09-10,432.5,432.5,427.05,428.65,1078563.0
2014-09-11,428.7,431.55,426.5,427.175,1633216.0
2014-09-12,425.05,429.0,424.475,427.85,1521639.0
2014-09-15,425.0,432.5,425.0,430.175,1452272.0
2014-09-16,430.5,431.025,424.0,425.5,1269067.0
2014-09-17,427.5,427.95,421.05,423.2,1976474.0
2014-09-18,422.375,430.5,421.125,429.075,1663142.0
2014-09-19,430.0,432.5,425.7,430.125,1635527.0
2014-09-22,428.475,429.25,425.5,428.425,1633579.0
2014-09-23,428.025,428.925,422.8,424.425,1179244.0
2014-09-24,423.55,428.65,422.525,427.725,1666374.0
2014-09-25,426.5,432.8,421.05,424.975,4148990.0
2014-09-26,424.975,439.5,422.5,435.825,2470563.0
2014-09-29,436.5,438.675,430.6,432.55,2170567.0
2014-09-30,432.1,439.9,430.575,436.325,3008858.0
2014-10-01,433.0,435.575,430.25,434.0,1467547.0
2014-10-07,432.5,433.5,427.05,431.225,1256572.0
2014-10-08,430.275,435.0,429.15,433.8,785096.0
2014-10-09,437.0,446.475,434.125,443.8,1912605.0
2014-10-10,441.525,442.575,432.45,433.65,1066745.0
2014-10-13,432.0,439.0,427.825,438.4,1344128.0
2014-10-14,442.5,442.975,432.575,434.175,1816560.0
2014-10-16,434.2,437.0,427.525,429.425,1383271.0
2014-10-17,430.125,444.05,428.55,442.625,2494480.0
2014-10-20,447.0,454.8,445.075,446.9,2383001.0
2014-10-21,450.0,452.875,443.825,447.775,4009288.0
2014-10-22,452.525,453.175,445.625,446.825,1142886.0
2014-10-23,446.5,448.925,446.0,448.225,224723.0
2014-10-27,449.525,453.65,447.075,448.625,1681192.0
2014-10-28,449.5,450.1,447.0,447.65,1450873.0
2014-10-29,450.1,451.25,445.0,445.775,1974047.0
2014-10-30,444.95,449.975,443.55,448.325,2684545.0
2014-10-31,450.05,457.3,448.675,455.925,2526497.0
2014-11-03,457.6,459.65,452.7,455.35,1809912.0
2014-11-05,457.525,460.15,455.125,456.4,1881045.0
2014-11-07,452.5,453.3,446.825,449.725,2257123.0
2014-11-10,449.75,454.175,446.5,452.325,1597439.0
2014-11-11,452.95,458.65,451.2,453.95,1478352.0
2014-11-12,455.5,459.95,452.075,455.875,2264666.0
2014-11-13,457.75,460.0,451.95,457.975,1847238.0
2014-11-14,459.1,466.5,455.875,465.05,2109514.0
2014-11-17,465.0,467.0,454.0,459.475,3366021.0
2014-11-18,460.5,467.5,456.0,466.1,2297278.0
2014-11-19,467.525,468.85,461.075,463.275,863712.0
2014-11-20,463.975,463.975,456.05,459.1,1192593.0
2014-11-21,460.6,467.5,457.025,466.425,2205952.0
2014-11-24,466.175,475.0,464.05,472.6,1829215.0
2014-11-25,471.5,479.4,469.5,476.775,3039127.0
2014-11-26,469.9,479.95,466.65,475.65,2244107.0
2014-11-27,475.3,476.9,471.5,474.075,3302862.0
2014-11-28,474.0,482.95,473.5,478.575,2312965.0
2014-12-01,479.15,481.225,474.1,475.0,1847282.0
2014-12-02,470.875,474.8,469.6,471.65,1129389.0
2014-12-03,471.0,472.025,466.0,466.55,1665296.0
2014-12-04,470.0,472.125,466.0,470.7,1709776.0
2014-12-05,470.5,472.2,467.85,471.375,1018545.0
2014-12-08,472.5,472.5,462.5,463.575,1014282.0
2014-12-09,462.525,467.5,462.525,463.375,1218336.0
2014-12-10,463.05,467.5,462.65,465.7,1391358.0
2014-12-11,464.95,467.875,462.5,466.8,1204711.0
2014-12-12,466.5,468.1,464.5,465.75,1154207.0
2014-12-15,465.0,472.15,464.0,470.75,1659657.0
2014-12-16,468.775,471.0,458.5,462.875,1247489.0
2014-12-17,463.0,466.25,458.0,460.925,1766004.0
2014-12-18,466.3,468.25,461.025,467.025,1623457.0
2014-12-19,472.525,474.5,466.25,470.725,1528527.0
2014-12-22,477.0,483.05,471.25,481.85,2073903.0
2014-12-23,479.85,486.975,477.675,479.875,1886020.0
2014-12-24,478.95,482.4,470.55,472.625,4166203.0
2014-12-26,475.2,476.475,471.275,474.325,841620.0
2014-12-29,475.05,478.0,474.15,475.85,903700.0
2014-12-30,475.0,479.8,471.375,478.225,1420300.0
2014-12-31,478.0,478.65,474.875,475.8,1248132.0
2015-01-01,475.5,477.2,472.525,476.025,886235.0
2015-01-02,475.2,484.65,475.2,482.65,1475096.0
2015-01-05,485.0,485.275,477.55,478.575,1199000.0
2015-01-06,477.0,478.275,468.775,471.125,2054920.0
2015-01-07,469.85,475.675,468.125,472.5,1436528.0
2015-01-08,477.125,484.475,474.1,482.425,2381456.0
2015-01-09,486.45,490.0,483.3,487.825,2246296.0
2015-01-12,484.7,487.2,482.25,483.525,1031603.0
2015-01-13,484.475,485.975,477.85,481.675,1457087.0
2015-01-14,480.025,487.325,479.85,481.95,921308.0
2015-01-15,495.0,499.1,485.375,496.575,2849619.0
2015-01-16,501.1,507.45,499.275,500.675,1955327.0
2015-01-19,506.625,510.0,501.475,502.275,1059873.0
2015-01-20,505.0,513.5,501.0,510.475,2126451.0
2015-01-21,513.7,516.475,509.175,509.975,1685153.0
2015-01-22,512.5,516.25,509.275,510.625,1617670.0
2015-01-23,515.0,524.0,512.2,521.4,2496978.0
2015-01-27,521.5,538.875,520.45,537.025,2490600.0
2015-01-28,535.0,546.6,527.5,529.175,2841235.0
2015-01-29,537.5,550.3,530.5,547.5,5141904.0
2015-01-30,547.275,547.275,532.125,538.675,2642604.0
2015-02-02,534.25,546.5,526.175,540.8,1427588.0
2015-02-03,539.25,541.1,527.65,532.05,2550172.0
2015-02-04,531.5,540.4,528.625,533.85,1549378.0
2015-02-05,537.5,546.4,535.175,538.25,2014787.0
2015-02-06,538.5,539.475,525.025,526.75,1725780.0
2015-02-09,523.5,525.875,517.25,520.05,1307974.0
2015-02-10,515.0,531.15,515.0,527.225,2318938.0
2015-02-11,529.0,532.4,526.5,529.2,1040397.0
2015-02-12,532.55,540.95,526.35,538.0,1381435.0
2015-02-13,540.6,541.0,531.8,532.9,1928625.0
2015-02-16,537.9,542.5,531.25,533.775,1847179.0
2015-02-18,533.775,541.475,528.525,537.4,1345423.0
2015-02-19,537.0,542.45,531.9,539.9,1126751.0
2015-02-20,541.5,544.95,534.25,536.525,1551506.0
2015-02-23,538.55,540.775,531.0,533.75,1395391.0
2015-02-24,535.15,535.5,528.55,533.825,1461572.0
2015-02-25,535.0,537.4,525.0,526.225,1162131.0
2015-02-26,526.825,528.0,517.55,519.075,3106736.0
2015-02-27,522.725,529.275,522.725,527.0,2565446.0
2015-02-28,531.5,538.4,522.075,535.6,2895345.0
2015-03-02,540.175,549.5,534.0,541.275,3596308.0
2015-03-03,543.225,546.0,538.525,541.675,1507337.0
2015-03-04,552.5,554.65,530.0,532.65,3069406.0
2015-03-05,532.5,545.0,531.25,542.55,2425613.0
2015-03-09,538.525,540.9,528.0,529.5,1438952.0
2015-03-10,531.0,531.125,522.5,526.275,1283709.0
2015-03-11,525.45,530.95,525.0,528.225,1366384.0
2015-03-12,530.05,531.95,525.55,527.3,1882709.0
2015-03-13,530.0,532.0,517.3,521.325,1356695.0
2015-03-16,522.5,528.95,521.25,525.775,1337193.0
2015-03-17,530.0,532.95,521.425,529.025,1342326.0
2015-03-18,530.075,535.95,526.6,531.775,1287083.0
2015-03-19,535.5,536.9,524.35,526.1,1343393.0
2015-03-20,525.5,529.75,522.975,527.95,1620809.0
2015-03-23,527.975,529.7,523.0,523.875,1361685.0
2015-03-24,521.65,528.5,517.725,518.975,2243391.0
2015-03-25,520.025,523.35,515.55,517.125,2652225.0
2015-03-26,513.45,516.1,501.05,503.475,8950155.0
2015-03-27,507.475,511.775,504.05,507.325,2710224.0
2015-03-30,510.0,519.5,506.4,518.45,1738786.0
2015-03-31,519.95,519.95,507.425,511.35,1490564.0
2015-04-01,513.05,518.425,506.5,516.625,961049.0
2015-04-06,517.5,518.425,509.9,515.975,1787793.0
2015-04-07,516.625,519.1,511.825,516.375,1549268.0
2015-04-08,520.025,521.225,515.025,517.775,1026536.0
2015-04-09,519.125,529.5,515.0,528.05,1750696.0
2015-04-10,526.5,526.5,517.425,521.325,1529831.0
2015-04-13,520.0,523.15,517.4,519.4,1140809.0
2015-04-15,520.0,524.35,512.6,515.825,1223499.0
2015-04-16,514.0,516.775,509.0,514.825,1402530.0
2015-04-17,512.55,513.925,508.025,509.125,1012253.0
2015-04-20,510.0,512.5,501.3,502.55,1297220.0
2015-04-21,502.5,507.2,497.8,501.5,1627686.0
2015-04-22,503.25,510.5,496.75,506.55,1691484.0
2015-04-23,510.025,512.1,503.05,506.75,2406957.0
2015-04-24,509.45,509.5,500.175,503.225,1801311.0
2015-04-27,503.475,506.25,498.0,502.725,1842676.0
2015-04-28,499.775,505.725,495.05,502.275,1985527.0
2015-04-29,502.0,504.75,494.0,496.575,1965891.0
2015-04-30,495.5,497.5,489.525,494.4,3785921.0
2015-05-04,497.025,504.75,496.0,500.475,785362.0
2015-05-05,499.525,501.95,492.925,493.825,1284501.0
2015-05-06,493.75,493.75,482.75,485.3,2751924.0
2015-05-07,484.0,485.0,472.1,475.65,2934166.0
2015-05-08,480.75,493.9,477.7,491.0,2892983.0
2015-05-11,493.025,496.375,487.025,495.15,1682836.0
2015-05-12,495.0,495.0,483.5,485.975,2776892.0
2015-05-13,487.925,496.7,485.8,495.125,1947962.0
2015-05-14,494.5,497.425,487.0,495.525,1113797.0
2015-05-15,497.45,498.775,492.1,495.05,2038406.0
2015-05-18,498.0,506.0,496.0,504.925,1428326.0
2015-05-19,503.175,509.0,499.05,503.775,1196587.0
2015-05-20,504.825,513.4,504.775,512.025,1002210.0
2015-05-21,512.0,515.0,507.55,512.35,983595.0
2015-05-22,512.35,514.5,509.175,512.15,1172384.0
2015-05-25,514.2,515.5,508.8,511.775,1092265.0
2015-05-26,512.225,515.1,509.025,513.7,1226586.0
2015-05-27,511.9,520.0,510.7,519.075,804648.0
2015-05-28,519.525,521.85,511.1,514.7,2390290.0
2015-05-29,514.975,527.0,513.575,525.275,1264670.0
2015-06-01,524.475,528.0,515.5,518.1,960330.0
2015-06-02,519.2,520.15,502.45,504.4,1181502.0
2015-06-03,504.5,508.5,499.0,502.775,1456208.0
2015-06-04,504.425,508.925,497.5,507.475,1389397.0
2015-06-05,505.125,509.25,501.25,505.875,1688465.0
2015-06-08,502.125,506.125,497.775,501.725,952999.0
2015-06-09,502.5,503.0,498.55,500.925,1510065.0
2015-06-10,499.0,509.5,498.5,507.8,1996562.0
2015-06-11,508.8,509.275,497.35,500.1,2273544.0
2015-06-12,500.5,505.425,495.075,504.575,1632086.0
2015-06-15,501.0,506.875,500.0,502.6,1499957.0
2015-06-16,500.0,505.225,498.525,504.2,1502631.0
2015-06-17,504.5,506.75,499.75,502.35,2421567.0
2015-06-18,502.95,511.9,501.125,509.8,2107929.0
2015-06-19,512.4,517.475,506.575,515.25,935581.0
2015-06-22,516.05,528.45,514.25,523.575,1362413.0
2015-06-23,526.0,530.6,521.25,526.05,1413795.0
2015-06-24,527.0,528.9,521.35,522.9,1566849.0
2015-06-25,524.125,535.425,521.325,532.5,4143392.0
2015-06-26,533.5,535.475,525.75,531.425,1411876.0
2015-06-29,522.45,530.875,515.25,528.325,1621959.0
2015-06-30,526.125,536.0,524.0,533.575,1822534.0
2015-07-01,530.675,538.5,530.025,536.175,1242797.0
2015-07-02,532.5,533.85,527.825,529.1,1120861.0
2015-07-03,527.025,538.075,527.025,537.125,1009822.0
2015-07-06,532.025,542.5,530.125,541.75,816945.0
2015-07-07,539.25,545.75,539.25,543.425,1035368.0
2015-07-08,539.55,540.3,533.0,534.425,1350169.0
2015-07-09,531.35,538.45,530.05,537.025,699491.0
2015-07-10,534.9,547.5,534.25,545.375,1225022.0
2015-07-13,542.5,552.95,542.5,548.075,1769021.0
2015-07-14,547.75,550.95,543.0,545.925,1418529.0
2015-07-15,546.5,550.725,545.4,548.35,962351.0
2015-07-16,549.4,559.5,549.05,557.35,1827606.0
2015-07-17,559.7,560.875,552.8,555.275,877747.0
2015-07-20,557.975,559.5,553.5,557.625,1137817.0
2015-07-21,558.275,564.0,546.55,549.025,2757034.0
2015-07-22,548.2,558.525,544.325,557.2,1821600.0
2015-07-23,556.45,558.35,550.05,553.95,1270793.0
2015-07-24,551.575,557.5,550.25,553.925,1190252.0
2015-07-27,551.95,552.25,535.0,547.925,832143.0
2015-07-28,547.0,556.95,546.225,554.25,1586418.0
2015-07-29,552.55,558.95,552.525,554.175,985758.0
2015-07-30,553.5,558.5,550.55,555.275,2365547.0
2015-07-31,557.8,560.5,551.5,555.825,1412375.0
2015-08-03,556.375,558.75,546.725,547.7,1086432.0
2015-08-04,549.05,551.0,540.975,543.225,1347732.0
2015-08-05,546.075,548.85,542.6,546.1,1030695.0
2015-08-06,545.95,550.675,542.725,547.975,935928.0
2015-08-07,546.975,548.75,544.3,546.325,806785.0
2015-08-10,547.5,552.975,544.0,547.325,988594.0
2015-08-11,547.525,549.425,542.125,547.35,681922.0
2015-08-12,544.2,547.45,533.85,535.225,1501435.0
2015-08-13,538.5,541.35,533.3,538.775,866263.0
2015-08-14,541.55,551.825,539.95,550.9,900415.0
2015-08-17,549.525,550.9,537.9,545.75,625053.0
2015-08-18,545.8,548.05,539.225,543.175,464329.0
2015-08-19,542.425,543.5,537.5,540.925,751144.0
2015-08-20,534.0,542.375,534.0,537.35,761213.0
2015-08-21,532.0,536.475,525.5,530.65,1939743.0
2015-08-24,522.35,522.35,505.625,509.525,3671582.0
2015-08-25,512.35,516.15,502.85,509.225,3086980.0
2015-08-26,508.7,514.5,504.5,506.75,1393250.0
2015-08-27,512.5,517.225,504.55,511.05,3468358.0
2015-08-28,515.525,521.375,509.7,513.975,1388284.0
2015-08-31,510.55,516.45,507.775,513.725,860365.0
2015-09-01,510.65,510.65,496.5,500.05,2617286.0
2015-09-02,502.55,506.975,492.5,497.575,2170422.0
2015-09-03,501.15,507.5,499.5,505.15,1626842.0
2015-09-04,501.1,503.0,490.0,498.025,2851148.0
2015-09-07,500.5,504.9,490.0,492.225,1345435.0
2015-09-08,493.35,505.0,488.5,502.025,1861122.0
2015-09-09,507.25,512.5,502.5,508.15,1638280.0
2015-09-10,501.5,508.475,498.15,505.5,1115935.0
2015-09-11,507.25,510.0,503.4,505.25,1075440.0
2015-09-14,504.425,511.15,501.75,509.85,1265086.0
2015-09-15,508.975,509.825,504.05,506.575,1083182.0
2015-09-16,509.45,514.05,505.775,511.675,1063513.0
2015-09-18,517.5,531.0,515.575,524.875,1960292.0
2015-09-21,518.975,527.5,518.175,526.475,1069172.0
2015-09-22,525.025,530.0,512.65,515.325,1506303.0
2015-09-23,509.6,526.725,509.325,524.6,1290288.0
2015-09-24,523.5,527.0,518.0,525.7,2063209.0
2015-09-28,527.5,530.0,521.55,523.2,1444277.0
2015-09-29,516.0,536.95,512.55,532.4,2604710.0
2015-09-30,534.0,536.5,530.675,534.4,2256949.0
2015-10-01,537.6,538.45,529.675,533.825,1258697.0
2015-10-05,538.6,552.4,538.6,549.175,2013343.0
2015-10-06,553.5,553.95,541.5,542.975,1189741.0
2015-10-07,544.0,549.175,541.675,543.875,1096567.0
2015-10-08,544.05,545.35,537.7,541.55,970477.0
2015-10-09,547.5,547.5,540.1,543.075,860807.0
2015-10-12,543.85,547.75,538.9,540.275,554335.0
2015-10-13,537.775,541.075,536.6,538.175,455913.0
2015-10-14,534.4,543.25,533.525,542.375,687287.0
2015-10-15,542.85,548.25,540.5,542.075,981488.0
2015-10-16,545.0,550.75,542.5,550.025,1210922.0
2015-10-19,550.0,551.05,547.15,548.9,663555.0
2015-10-20,549.0,551.45,545.6,547.45,962839.0
2015-10-21,549.45,552.0,542.5,547.5,1818301.0
2015-10-23,549.725,556.85,548.0,554.25,1116762.0
2015-10-26,556.975,557.1,548.5,550.75,1221996.0
2015-10-27,547.775,557.0,547.775,555.45,2246008.0
2015-10-28,552.525,562.0,552.525,555.75,1923690.0
2015-10-29,555.0,557.25,550.0,551.775,1675592.0
2015-10-30,551.0,556.0,545.225,549.8,2024365.0
2015-11-02,547.525,547.95,538.25,541.55,789138.0
2015-11-03,545.475,546.0,539.6,542.45,637148.0
2015-11-04,545.025,549.05,539.125,540.85,674111.0
2015-11-05,539.25,541.5,534.75,539.925,899238.0
2015-11-06,540.35,544.5,537.625,540.45,1470251.0
2015-11-09,529.0,534.825,525.5,532.4,2857358.0
2015-11-10,530.025,532.5,526.225,527.3,1100645.0
2015-11-11,527.5,530.0,526.225,527.2,243873.0
2015-11-13,524.7,527.5,520.5,526.025,985007.0
2015-11-16,524.375,532.5,522.625,530.475,1183683.0
2015-11-17,531.65,531.9,525.6,530.4,641851.0
2015-11-18,530.85,532.925,523.15,524.3,611680.0
2015-11-19,527.5,535.475,524.8,534.45,819420.0
2015-11-20,532.45,540.125,530.0,535.425,1162040.0
2015-11-23,537.0,537.75,529.525,533.025,852070.0
2015-11-24,532.625,536.75,531.05,532.175,1000563.0
2015-11-26,529.5,533.5,525.55,531.975,2197871.0
2015-11-27,532.425,541.1,530.475,539.7,1731268.0
2015-11-30,539.6,540.5,534.85,538.875,1311944.0
2015-12-01,538.525,542.45,536.75,541.5,473833.0
2015-12-02,545.0,546.35,535.925,538.9,640571.0
2015-12-03,536.25,540.5,533.65,538.375,951928.0
2015-12-04,536.8,536.8,528.0,529.45,1464957.0
2015-12-07,534.1,535.55,530.55,530.975,1453702.0
2015-12-08,530.5,530.95,523.5,524.625,1225665.0
2015-12-09,523.55,528.5,522.425,523.725,972654.0
2015-12-10,522.5,531.6,521.15,530.3,1628585.0
2015-12-11,530.0,530.3,521.0,523.175,758480.0
2015-12-14,520.5,529.925,520.05,527.525,1469504.0
2015-12-15,526.5,531.225,522.65,529.725,1139354.0
2015-12-16,531.5,536.675,529.675,533.65,1710692.0
2015-12-17,536.95,542.0,532.5,540.125,1219503.0
2015-12-18,542.5,542.5,534.25,536.5,793032.0
2015-12-21,535.875,539.95,534.525,537.7,774375.0
2015-12-22,537.25,538.25,532.0,533.225,607384.0
2015-12-23,536.3,538.975,534.575,537.05,753492.0
2015-12-24,538.1,538.2,534.15,537.0,536588.0
2015-12-28,537.0,539.95,533.875,538.625,1938857.0
2015-12-29,539.475,539.925,535.65,538.975,1057903.0
2015-12-30,540.0,540.975,536.275,537.15,528140.0
2015-12-31,537.5,542.45,537.5,541.075,2322502.0
2016-01-01,541.2,545.125,538.075,544.375,798769.0
2016-01-04,542.0,542.0,534.05,535.25,1296884.0
2016-01-05,535.1,537.4,530.675,531.2,790218.0
2016-01-06,528.325,538.375,528.325,533.55,1041384.0
2016-01-07,530.05,532.45,524.85,528.1,1513857.0
2016-01-08,530.975,532.25,528.625,531.175,872089.0
2016-01-11,526.025,530.5,522.65,529.3,822228.0
2016-01-12,531.95,531.95,521.75,523.475,1064684.0
2016-01-13,526.0,531.375,518.5,530.075,1128787.0
2016-01-14,525.075,528.7,519.75,524.875,1569796.0
2016-01-15,524.0,527.725,519.05,521.075,1354315.0
2016-01-18,517.825,520.725,510.5,512.925,1623847.0
2016-01-19,513.6,518.775,513.15,517.9,1601303.0
2016-01-20,512.5,554.0,503.95,509.15,2390897.0
2016-01-21,510.5,516.625,506.7,511.5,1575201.0
2016-01-22,512.85,522.125,511.025,515.15,1059071.0
2016-01-25,519.975,523.35,516.525,520.575,2535971.0
2016-01-27,524.225,524.35,516.5,517.825,1009867.0
2016-01-28,519.5,523.45,515.0,515.85,2487993.0
2016-01-29,517.6,527.475,517.6,524.925,1340046.0
2016-02-01,529.0,533.5,526.85,529.875,1152371.0
2016-02-02,532.5,532.625,525.1,526.9,1632157.0
2016-02-03,522.25,525.7,521.0,521.925,1212561.0
2016-02-04,524.0,527.45,522.775,524.6,1418998.0
2016-02-05,526.4,531.9,522.8,527.625,1880976.0
2016-02-08,527.5,529.0,515.15,517.925,870481.0
2016-02-09,513.35,515.775,510.325,513.025,1383865.0
2016-02-10,511.95,515.075,505.05,506.475,1920570.0
2016-02-11,505.0,506.5,484.1,487.65,2200900.0
2016-02-12,489.5,493.225,483.0,485.7,3135536.0
2016-02-15,490.0,494.125,485.55,486.8,2728240.0
2016-02-16,490.75,491.0,481.0,486.725,1784024.0
2016-02-17,488.45,489.95,479.5,487.45,1875981.0
2016-02-18,493.0,495.625,488.5,494.725,1699964.0
2016-02-19,494.375,496.3,486.75,494.65,832165.0
2016-02-22,491.5,498.0,491.5,494.375,1000599.0
2016-02-23,492.45,492.75,483.0,485.025,1519580.0
2016-02-24,480.0,481.45,473.2,474.8,1615867.0
2016-02-25,477.0,478.625,469.1,471.325,2115799.0
2016-02-26,475.0,485.5,472.5,480.5,1552347.0
2016-02-29,480.55,491.3,464.0,485.925,2203188.0
2016-03-01,487.475,493.375,485.925,492.075,1080640.0
2016-03-02,499.0,505.45,497.5,503.6,1589744.0
2016-03-03,505.375,510.0,505.0,507.925,1152600.0
2016-03-04,507.725,512.45,496.55,510.275,1426156.0
2016-03-08,512.0,512.0,504.75,507.075,478422.0
2016-03-09,506.5,514.95,503.375,512.4,1632043.0
2016-03-10,512.4,512.875,505.05,510.625,667848.0
2016-03-11,509.95,515.4,506.5,514.35,1182714.0
2016-03-14,514.0,518.975,512.625,513.775,752164.0
2016-03-15,513.95,516.7,510.825,513.35,1922509.0
2016-03-16,513.5,517.125,509.475,515.225,1200887.0
2016-03-17,517.475,519.5,505.575,509.2,1278371.0
2016-03-18,511.475,516.0,507.675,514.2,1033767.0
2016-03-21,516.5,523.675,516.125,522.8,1329699.0
2016-03-22,523.25,528.3,520.35,526.925,1030066.0
2016-03-23,526.525,526.525,520.275,524.675,2116075.0
2016-03-28,522.5,526.5,520.825,523.75,2817717.0
2016-03-29,523.75,529.75,522.125,526.9,1683488.0
2016-03-30,529.0,534.95,526.95,532.475,1953595.0
2016-03-31,533.425,539.45,532.525,535.575,5020098.0
2016-04-01,534.4,538.2,528.4,532.225,1289662.0
2016-04-04,532.6,536.4,532.0,534.525,1544990.0
2016-04-05,534.5,538.45,527.825,528.725,1665757.0
2016-04-06,530.5,533.475,528.375,530.75,1073844.0
2016-04-07,532.0,532.375,523.525,527.75,977923.0
2016-04-08,527.5,531.675,527.125,529.675,740699.0
2016-04-11,530.15,537.05,521.425,535.475,1012405.0
2016-04-12,534.8,535.5,529.625,531.5,1235370.0
2016-04-13,536.0,542.475,534.75,540.875,1243651.0
2016-04-18,541.75,546.0,535.8,543.9,1029267.0
2016-04-20,545.95,550.0,541.775,548.925,955338.0
2016-04-21,547.5,552.575,544.5,545.575,2047932.0
2016-04-22,544.75,550.425,542.6,546.075,1952330.0
2016-04-25,550.0,550.0,542.25,546.625,1390490.0
2016-04-26,547.5,557.5,546.25,556.925,1763449.0
2016-04-27,554.925,562.5,554.5,562.1,1440909.0
2016-04-28,562.1,568.35,555.175,556.975,2022396.0
2016-04-29,556.9,568.0,553.1,566.175,1402985.0
2016-05-02,563.875,565.0,558.0,558.825,965679.0
2016-05-03,560.95,567.5,556.575,559.0,1173824.0
2016-05-04,558.75,567.25,557.125,563.675,1323082.0
2016-05-05,564.0,567.375,561.35,566.15,1303562.0
2016-05-06,566.0,566.125,558.625,559.825,683288.0
2016-05-09,560.0,572.475,559.5,570.7,1738295.0
2016-05-10,571.75,573.75,568.05,572.45,1363250.0
2016-05-11,567.35,572.5,564.85,569.4,1536843.0
2016-05-12,572.0,576.0,566.25,574.55,1055422.0
2016-05-13,574.0,574.0,565.0,570.45,1261329.0
2016-05-16,572.5,582.95,566.275,581.4,1129692.0
2016-05-17,582.525,584.625,575.65,576.725,1073856.0
2016-05-18,575.5,575.5,565.75,570.325,1040661.0
2016-05-19,570.05,571.35,566.0,569.65,963949.0
2016-05-20,569.975,574.25,566.8,570.45,504158.0
2016-05-23,570.975,574.975,566.6,568.375,865883.0
2016-05-24,569.2,571.825,567.775,569.975,814867.0
2016-05-25,573.15,587.975,573.15,586.65,1441837.0
2016-05-26,588.05,594.45,583.125,591.625,3426390.0
2016-05-27,591.625,595.0,588.35,593.4,1443796.0
2016-05-30,593.5,597.5,589.05,589.875,953633.0
2016-05-31,592.95,592.95,588.7,590.95,1378910.0
2016-06-01,591.475,591.475,585.5,587.575,1418908.0
2016-06-02,587.35,590.3,585.5,587.475,1977654.0
2016-06-03,590.05,592.5,584.525,585.875,1131105.0
2016-06-06,588.0,591.2,585.025,585.55,1386827.0
2016-06-07,588.475,590.0,583.825,586.85,1407126.0
2016-06-08,587.9,589.0,580.5,581.3,1185703.0
2016-06-09,581.25,582.1,576.25,579.7,1162046.0
2016-06-10,579.2,586.35,578.1,580.675,1580578.0
2016-06-13,577.375,582.475,575.525,576.45,830809.0
2016-06-14,577.5,578.5,572.125,575.925,957192.0
2016-06-15,577.5,585.45,576.6,584.775,761456.0
2016-06-16,583.275,584.425,577.675,581.075,1181942.0
2016-06-17,583.5,589.0,582.775,585.0,940413.0
2016-06-20,579.5,589.625,579.4,586.025,685691.0
2016-06-21,587.5,587.725,580.6,583.325,667742.0
2016-06-22,583.0,587.5,583.0,585.75,950960.0
2016-06-23,584.9,595.925,583.75,595.05,981683.0
2016-06-24,579.925,585.95,573.5,580.95,2793491.0
2016-06-27,581.0,584.5,576.525,579.975,1040947.0
2016-06-28,580.625,586.55,575.0,583.475,1008745.0
2016-06-29,582.5,584.75,579.85,584.15,1355167.0
2016-06-30,585.5,590.0,581.075,588.225,4069723.0
2016-07-01,590.0,592.5,585.9,587.25,1076219.0
2016-07-04,589.1,589.75,585.7,586.4,1812463.0
2016-07-05,586.4,587.15,581.0,582.8,534082.0
2016-07-07,583.95,594.375,580.45,592.825,1208154.0
2016-07-08,592.55,592.8,585.625,587.425,779717.0
2016-07-11,593.0,600.95,590.525,599.875,1275633.0
2016-07-12,604.95,604.95,597.775,601.075,1761508.0
2016-07-13,599.9,600.975,596.65,598.875,1671768.0
2016-07-14,600.5,601.075,596.1,600.175,864917.0
2016-07-15,601.9,613.0,597.55,611.85,1443554.0
2016-07-18,612.5,619.25,611.325,613.725,1109621.0
2016-07-19,614.5,615.375,606.925,609.175,646501.0
2016-07-20,611.5,619.25,610.875,616.1,1172583.0
2016-07-21,615.35,619.95,611.25,614.3,2278226.0
2016-07-22,616.675,617.325,610.75,615.4,1405068.0
2016-07-25,616.5,624.725,613.5,623.475,2468221.0
2016-07-26,621.2,622.825,617.575,619.4,1416498.0
2016-07-27,620.5,623.775,615.0,618.475,2683684.0
2016-07-28,619.0,625.625,617.775,624.225,2661632.0
2016-07-29,624.0,625.0,617.5,623.1,848919.0
2016-08-01,624.5,629.475,613.825,621.15,1390216.0
2016-08-02,623.5,628.225,620.2,621.65,1332349.0
2016-08-03,620.55,624.975,615.5,620.225,1183469.0
2016-08-04,623.3,623.35,616.8,620.5,1165720.0
2016-08-05,623.7,627.825,620.875,624.625,1446228.0
2016-08-08,626.45,627.5,622.275,624.8,1182194.0
2016-08-09,626.45,626.45,618.85,623.6,1052714.0
2016-08-10,622.5,625.475,609.875,613.45,904930.0
2016-08-11,613.4,617.5,611.0,614.125,714018.0
2016-08-12,615.525,617.5,609.7,614.35,1160374.0
2016-08-16,616.5,619.225,606.9,613.65,867142.0
2016-08-17,616.7,618.75,613.0,617.45,1377759.0
2016-08-18,619.0,627.45,617.275,626.25,1527914.0
2016-08-19,625.0,625.0,620.725,623.55,1027659.0
2016-08-22,622.525,627.225,620.5,625.15,1375323.0
2016-08-23,625.5,627.0,623.025,625.725,1328631.0
2016-08-24,626.025,632.1,623.525,630.9,1392734.0
2016-08-25,632.0,633.4,627.15,629.275,2182472.0
2016-08-26,630.0,630.95,626.95,628.55,630284.0
2016-08-29,627.75,627.75,618.1,619.05,736046.0
2016-08-30,622.55,635.25,621.975,634.325,2466902.0
2016-08-31,634.5,647.5,632.75,645.6,2790341.0
2016-09-01,644.0,645.0,637.7,641.85,1306169.0
2016-09-02,642.75,644.5,640.575,642.55,988797.0
2016-09-06,645.025,651.95,645.025,650.2,1377221.0
2016-09-07,650.5,652.5,641.55,643.375,1004111.0
2016-09-08,645.0,647.625,641.8,644.7,726345.0
2016-09-09,645.0,647.25,639.15,645.2,1003442.0
2016-09-12,637.35,642.2,635.75,639.95,996432.0
2016-09-14,637.5,638.5,632.7,634.725,962377.0
2016-09-15,636.0,641.95,634.925,639.8,875453.0
2016-09-16,641.9,652.25,641.9,648.925,1631454.0
2016-09-19,648.5,651.25,644.0,645.075,1473708.0
2016-09-20,646.325,647.5,642.025,644.225,944562.0
2016-09-21,646.0,649.0,643.95,646.5,1064100.0
2016-09-22,652.5,658.475,650.275,653.45,1638950.0
2016-09-23,653.025,659.225,650.75,656.35,1219202.0
2016-09-26,653.05,654.45,646.85,648.075,1394193.0
2016-09-27,649.5,653.075,647.425,649.025,1014203.0
2016-09-28,649.95,650.0,644.5,647.625,1247413.0
2016-09-29,648.975,653.0,633.975,638.75,4112503.0
2016-09-30,638.55,640.5,633.7,636.425,1034607.0
2016-10-03,640.5,644.95,638.2,643.6,975137.0
2016-10-04,644.3,647.5,641.15,644.775,693878.0
2016-10-05,649.0,650.025,638.2,643.05,911755.0
2016-10-06,643.55,647.8,639.525,640.975,723928.0
2016-10-07,642.0,643.875,638.125,640.3,834366.0
2016-10-10,642.5,643.95,639.375,642.175,1179828.0
2016-10-13,639.5,639.5,628.225,631.375,1129839.0
2016-10-14,632.875,634.0,627.0,630.9,1016779.0
2016-10-17,632.75,633.2,616.375,618.85,1283840.0
2016-10-18,621.6,630.0,619.5,628.925,652742.0
2016-10-19,630.55,631.5,624.0,629.175,761226.0
2016-10-20,630.125,633.725,625.5,627.75,800089.0
2016-10-21,628.0,636.475,625.0,635.35,989102.0
2016-10-24,635.875,638.425,630.525,631.775,813916.0
2016-10-25,634.0,634.0,622.025,625.15,1375449.0
2016-10-26,621.675,632.5,617.525,619.65,1341635.0
2016-10-27,619.5,628.5,612.075,626.05,2905965.0
2016-10-28,627.25,630.95,620.05,629.525,1330134.0
2016-10-30,631.65,631.65,625.0,626.65,191554.0
2016-11-01,628.0,631.925,623.525,629.9,850604.0
2016-11-02,625.55,627.85,620.75,623.075,1618608.0
2016-11-03,622.5,630.0,615.875,627.475,1578953.0
2016-11-04,626.4,626.4,620.875,621.85,1433730.0
2016-11-07,626.0,627.425,620.0,624.725,1417848.0
2016-11-08,625.55,629.0,620.05,627.15,1337041.0
2016-11-09,600.0,628.7,597.675,625.625,3411367.0
2016-11-10,631.875,641.5,627.05,639.275,2675184.0
2016-11-11,637.0,641.0,632.8,637.9,1784830.0
2016-11-15,638.75,644.5,625.325,627.375,3128131.0
2016-11-16,634.0,634.0,620.025,622.175,2161936.0
2016-11-17,619.15,624.45,612.575,615.1,1203906.0
2016-11-18,618.0,618.0,604.6,605.7,1719975.0
2016-11-21,609.75,609.75,594.175,599.35,1388130.0
2016-11-22,603.4,603.4,594.675,599.025,2504446.0
2016-11-23,601.5,601.5,590.55,592.375,883173.0
2016-11-24,592.0,593.15,580.45,582.75,3821499.0
2016-11-25,584.5,596.6,579.0,594.65,1492490.0
2016-11-28,590.125,599.45,589.05,592.225,1032545.0
2016-11-29,592.35,596.475,588.25,589.375,983161.0
2016-11-30,592.5,601.0,590.55,599.8,1610710.0
2016-12-01,601.15,603.95,596.5,598.625,1119246.0
2016-12-02,594.5,600.975,588.35,594.55,1015668.0
2016-12-05,593.8,599.475,588.25,598.175,1137984.0
2016-12-06,597.5,601.425,595.1,597.225,675741.0
2016-12-07,600.925,602.95,583.5,590.8,1407048.0
2016-12-08,593.5,602.775,593.5,599.75,1077424.0
2016-12-09,599.55,601.15,594.0,599.15,1096988.0
2016-12-12,596.0,596.075,590.55,592.225,856318.0
2016-12-13,590.125,595.175,589.275,593.125,631717.0
2016-12-14,593.5,594.0,586.7,587.85,1078536.0
2016-12-15,582.1,597.25,581.8,588.3,1235372.0
2016-12-16,588.3,592.5,585.775,591.15,813957.0
2016-12-19,588.4,589.75,585.25,588.375,790109.0
2016-12-20,588.0,592.5,585.85,590.95,1047498.0
2016-12-21,592.0,592.5,587.5,590.0,664719.0
2016-12-22,588.2,589.75,584.2,586.55,701429.0
2016-12-23,585.5,594.625,584.65,593.125,1188129.0
2016-12-26,589.275,593.05,585.05,587.5,1045966.0
2016-12-27,589.65,593.45,586.95,592.6,1224824.0
2016-12-28,594.95,597.475,590.5,593.375,1626960.0
2016-12-29,592.5,603.975,590.725,602.6,2025204.0
2016-12-30,600.0,606.0,599.975,603.1,1016635.0
2017-01-02,604.725,605.05,596.025,598.55,927164.0
2017-01-03,600.4,600.975,592.875,594.95,961875.0
2017-01-04,594.925,596.0,591.9,592.75,1741780.0
2017-01-05,594.5,597.25,591.55,593.1,1694096.0
2017-01-06,595.05,599.2,594.1,596.825,1381315.0
2017-01-09,599.425,602.075,596.075,597.6,1143449.0
2017-01-10,598.1,608.4,597.65,607.175,1386529.0
2017-01-11,608.75,619.05,607.75,617.0,2335851.0
2017-01-12,617.5,621.85,612.75,617.5,729079.0
2017-01-13,619.5,619.85,614.3,616.25,962603.0
2017-01-16,616.75,624.725,616.4,623.825,941466.0
2017-01-17,623.5,626.2,618.125,619.25,889903.0
2017-01-18,620.45,628.0,620.425,621.3,1153222.0
2017-01-19,622.45,622.45,617.5,618.15,878103.0
2017-01-20,618.0,622.5,615.0,618.175,3485517.0
2017-01-23,618.0,625.0,617.9,622.325,1198462.0
2017-01-24,625.0,635.75,624.625,633.775,2565466.0
2017-01-25,636.3,647.8,635.05,645.3,3909246.0
2017-01-27,649.5,650.0,644.0,645.95,1713059.0
2017-01-30,646.475,646.475,640.275,642.475,1329907.0
2017-01-31,641.2,646.35,638.5,643.325,1525260.0
2017-02-01,643.1,655.0,640.25,652.85,2727666.0
2017-02-02,652.85,652.85,646.3,649.35,1492909.0
2017-02-03,649.5,658.0,648.25,655.525,2001276.0
2017-02-06,656.15,660.0,655.725,657.05,1077555.0
2017-02-07,658.0,659.0,651.475,653.575,852980.0
2017-02-08,653.775,659.35,649.075,652.825,1235240.0
2017-02-09,654.7,659.95,646.275,648.825,1116344.0
2017-02-10,649.175,654.375,649.0,651.8,824184.0
2017-02-13,653.775,657.5,649.6,655.1,698948.0
2017-02-14,657.0,657.0,652.0,655.55,611515.0
2017-02-15,656.0,662.0,653.725,661.1,1531735.0
2017-02-16,661.5,666.5,660.125,663.95,1260925.0
2017-02-17,722.5,727.0,680.225,688.525,100564990.0
2017-02-20,680.6,707.725,679.575,704.55,2641679.0
2017-02-21,703.025,710.9,698.7,707.775,1565007.0
2017-02-22,707.5,709.4,697.425,699.575,1324194.0
2017-02-23,701.9,710.675,693.525,697.15,8623745.0
2017-02-27,695.45,699.175,689.3,696.8,1170344.0
2017-02-28,696.45,698.125,692.25,695.05,732002.0
2017-03-01,698.225,698.25,693.2,695.825,870434.0
2017-03-02,697.275,698.0,688.125,690.05,1150497.0
2017-03-03,692.25,692.25,684.5,688.5,623206.0
2017-03-06,688.4,694.95,686.55,690.375,919781.0
2017-03-07,691.125,693.75,688.1,693.1,778219.0
2017-03-08,693.95,699.6,690.525,696.1,945536.0
2017-03-09,690.825,699.35,690.825,697.1,877329.0
2017-03-10,697.5,704.0,696.575,700.05,1465176.0
2017-03-14,711.05,712.075,703.325,705.35,1788755.0
2017-03-15,705.475,710.0,705.275,708.3,1067965.0
2017-03-16,709.05,711.425,706.825,708.675,1245027.0
2017-03-17,709.275,713.75,706.425,712.925,847616.0
2017-03-20,713.325,719.925,712.975,718.05,2035586.0
2017-03-21,717.0,722.5,717.0,720.475,1389320.0
2017-03-22,713.85,718.5,712.9,715.45,1409136.0
2017-03-23,717.2,717.5,711.45,715.45,1230618.0
2017-03-24,716.5,717.225,711.0,712.175,952591.0
2017-03-27,712.0,712.0,702.025,704.925,1466021.0
2017-03-28,709.15,712.35,706.55,710.1,2015350.0
2017-03-29,710.4,717.4,710.0,714.3,2143943.0
2017-03-30,714.0,739.975,712.525,733.1,8580273.0
2017-03-31,726.9,727.0,718.275,721.275,2412848.0
2017-04-03,723.0,725.05,713.0,716.6,1037263.0
2017-04-05,717.625,723.25,713.775,716.175,1436020.0
2017-04-06,715.75,721.5,712.525,719.25,1531104.0
2017-04-07,715.525,722.5,714.3,719.425,1162090.0
2017-04-10,721.5,721.5,716.325,717.075,848469.0
2017-04-11,717.0,720.6,715.75,719.75,1089065.0
2017-04-12,719.5,724.975,717.75,721.85,891273.0
2017-04-13,721.5,724.45,718.525,720.15,1201059.0
2017-04-17,720.15,721.9,714.125,718.4,1784264.0
2017-04-18,720.0,727.5,719.0,723.65,909715.0
2017-04-19,723.5,728.375,719.0,724.5,1084536.0
2017-04-20,726.5,733.025,726.475,731.075,1445343.0
2017-04-21,733.0,749.5,726.65,748.3,4314508.0
2017-04-24,749.05,769.5,748.5,766.525,5051738.0
2017-04-25,767.525,772.75,764.8,768.525,2264445.0
2017-04-26,771.475,776.5,734.225,775.325,1948963.0
2017-04-27,773.05,786.975,773.05,784.3,4045105.0
2017-04-28,779.95,779.95,768.55,773.25,1359432.0
2017-05-02,773.5,775.45,765.175,770.3,1001760.0
2017-05-03,777.125,777.125,769.675,772.15,626991.0
2017-05-04,769.625,771.45,761.3,767.4,1282757.0
2017-05-05,771.05,771.45,763.15,766.1,689474.0
2017-05-08,769.0,770.0,764.275,767.4,936813.0
2017-05-09,767.4,772.8,766.325,767.875,836459.0
2017-05-10,770.0,777.5,768.525,775.9,585561.0
2017-05-11,775.5,780.0,770.5,773.2,968936.0
2017-05-12,772.95,778.45,768.1,775.825,1536901.0
2017-05-15,775.0,778.6,771.125,776.7,701195.0
2017-05-16,777.5,781.0,774.125,779.825,897594.0
2017-05-17,779.4,782.7,775.75,778.575,868118.0
2017-05-18,774.5,780.75,774.05,778.55,776820.0
2017-05-19,779.75,784.95,772.625,780.625,713534.0
2017-05-22,782.55,790.0,781.55,788.0,715013.0
2017-05-23,790.0,791.775,782.5,784.55,770043.0
2017-05-24,784.525,787.725,781.0,783.375,866847.0
2017-05-25,783.55,814.7,783.55,808.575,5022701.0
2017-05-26,803.325,816.0,800.55,813.0,1360789.0
2017-05-29,809.9,824.0,808.825,815.95,1479085.0
2017-05-30,815.0,816.75,808.075,814.525,1108546.0
2017-05-31,812.5,821.5,811.575,818.1,1329728.0
2017-06-01,819.5,819.925,810.275,814.3,839885.0
2017-06-02,817.0,823.05,813.1,817.125,803386.0
2017-06-05,816.85,819.475,812.5,817.775,724975.0
2017-06-06,817.5,821.9,815.0,819.475,1250658.0
2017-06-07,820.2,822.45,815.175,820.4,638569.0
2017-06-08,821.95,829.7,820.825,822.375,1062192.0
2017-06-09,820.05,835.0,820.05,833.4,1326318.0
2017-06-12,832.0,838.0,830.0,834.375,992853.0
2017-06-13,830.875,845.95,830.5,838.35,1262905.0
2017-06-14,837.5,839.975,833.5,835.6,964590.0
2017-06-15,834.0,837.8,826.8,832.175,881673.0
2017-06-16,832.5,837.35,829.05,834.625,938776.0
2017-06-19,835.5,848.0,834.2,846.45,956383.0
2017-06-20,845.0,847.0,839.925,843.275,915066.0
2017-06-21,841.3,850.625,839.8,849.35,852733.0
2017-06-22,847.475,858.0,845.6,849.0,1668865.0
2017-06-23,851.0,851.375,837.6,839.325,1304367.0
2017-06-27,844.5,847.5,828.125,833.825,1500108.0
2017-06-28,832.5,837.5,828.9,833.225,1112259.0
2017-06-29,833.5,840.95,825.55,831.525,2296927.0
2017-06-30,826.9,830.0,821.5,826.025,1082608.0
2017-07-03,826.3,833.75,823.625,829.3,876083.0
2017-07-04,830.125,833.35,826.0,826.675,941520.0
2017-07-05,826.55,829.75,822.5,824.375,1003550.0
2017-07-06,826.275,831.5,825.675,829.075,1142919.0
2017-07-07,830.425,834.8,829.0,833.6,1379349.0
2017-07-10,835.35,874.0,830.525,838.175,334769.0
2017-07-11,838.775,845.4,833.55,840.2,1102570.0
2017-07-12,840.0,842.5,829.275,840.625,1434723.0
2017-07-13,844.0,846.65,839.825,841.775,1120251.0
2017-07-14,841.95,843.025,836.0,839.975,610813.0
2017-07-17,841.275,843.825,838.5,841.175,599835.0
2017-07-18,839.85,843.925,838.675,841.775,580547.0
2017-07-19,842.5,848.1,840.925,846.15,996811.0
2017-07-20,846.95,857.5,844.075,855.45,924619.0
2017-07-21,857.05,857.625,850.0,851.525,968377.0
2017-07-24,855.0,870.0,847.5,867.55,4919544.0
2017-07-25,879.5,879.5,866.525,869.825,2790117.0
2017-07-26,871.0,877.5,866.25,873.775,973836.0
2017-07-27,878.0,899.4,875.775,894.825,4490428.0
2017-07-28,886.0,893.25,880.55,889.25,2313849.0
2017-07-31,888.775,895.5,883.275,892.2,1842285.0
2017-08-01,890.925,904.575,886.1,898.6,2129215.0
2017-08-02,903.5,903.5,891.025,895.825,1849479.0
2017-08-03,894.0,896.0,887.2,889.975,1064196.0
2017-08-04,888.5,898.375,883.075,895.125,886267.0
2017-08-07,893.0,898.225,892.5,894.275,479665.0
2017-08-08,896.05,898.625,883.05,888.95,1008843.0
2017-08-09,885.5,888.525,879.175,882.225,817514.0
2017-08-10,880.0,883.0,876.425,880.225,1947111.0
2017-08-11,872.5,879.0,865.575,874.525,1589959.0
2017-08-14,876.5,887.475,874.0,878.6,894271.0
2017-08-16,881.175,894.9,874.275,890.625,1106708.0
2017-08-17,888.125,890.475,876.875,882.7,1363717.0
2017-08-18,880.0,880.5,871.5,876.075,926866.0
2017-08-21,877.0,879.5,869.1,871.6,1002431.0
2017-08-22,875.65,877.0,868.4,873.5,1652389.0
2017-08-23,875.0,888.975,875.0,886.225,840131.0
2017-08-24,887.45,887.475,879.575,881.25,1969569.0
2017-08-28,881.2,885.575,879.175,881.125,376946.0
2017-08-29,879.5,879.5,869.0,873.075,1229649.0
2017-08-30,875.975,885.0,875.025,884.275,673580.0
2017-08-31,886.0,889.925,878.2,888.225,1825859.0
2017-09-01,890.5,890.725,880.55,883.8,573793.0
2017-09-04,882.5,882.5,873.05,875.45,910631.0
2017-09-05,878.5,882.45,875.5,877.675,920609.0
2017-09-06,871.875,881.4,869.0,879.95,1437908.0
2017-09-07,880.05,888.375,880.05,883.275,1736605.0
2017-09-08,886.7,895.0,885.5,893.825,2077916.0
2017-09-11,896.5,914.5,895.1,911.675,2869419.0
2017-09-12,913.85,919.95,909.15,917.6,1671920.0
2017-09-13,917.5,924.5,912.0,920.925,1248844.0
2017-09-14,920.075,926.25,915.75,919.7,2038504.0
2017-09-15,918.0,925.9,916.725,924.475,941833.0
2017-09-18,926.775,932.225,926.25,930.225,1021232.0
2017-09-19,932.45,934.0,923.775,924.85,1060367.0
2017-09-20,924.0,930.725,922.625,924.425,861532.0
2017-09-21,924.0,924.25,915.35,919.55,1928124.0
2017-09-22,917.4,919.475,910.0,912.05,2060881.0
2017-09-25,911.225,911.225,896.3,899.875,2537307.0
2017-09-26,894.525,898.3,892.5,896.15,2859683.0
2017-09-27,898.0,902.8,885.0,888.25,1834305.0
2017-09-28,887.0,899.5,881.65,897.65,6911616.0
2017-09-29,900.05,911.0,898.125,902.85,1553408.0
2017-10-03,904.0,910.5,898.55,904.425,1098606.0
2017-10-04,903.95,905.95,896.675,898.5,1656276.0
2017-10-05,897.5,902.5,896.55,899.3,834049.0
2017-10-06,899.0,902.225,897.0,900.05,757665.0
2017-10-09,899.4,901.5,895.25,897.75,765623.0
2017-10-10,899.5,907.475,896.325,901.35,949545.0
2017-10-11,901.625,907.625,893.8,895.075,1316860.0
2017-10-12,897.55,910.725,894.0,909.4,1345390.0
2017-10-13,913.35,928.275,911.0,925.4,1608366.0
2017-10-16,930.0,936.625,921.0,928.575,818636.0
2017-10-17,925.0,926.85,919.55,925.625,653322.0
2017-10-18,920.5,937.5,919.5,934.25,981680.0
2017-10-19,930.9,932.5,920.325,924.2,142502.0
2017-10-23,929.95,934.85,918.025,931.65,1040723.0
2017-10-24,931.5,939.8,926.5,933.55,2832218.0
2017-10-25,930.0,931.5,892.5,897.55,5341802.0
2017-10-26,884.0,905.0,878.925,897.675,7142866.0
2017-10-27,902.2,903.75,889.5,895.525,1868022.0
2017-10-30,899.125,908.0,896.2,907.5,1355588.0
2017-10-31,905.75,905.75,899.625,904.25,1170615.0
2017-11-01,907.55,912.5,906.0,910.6,1047653.0
2017-11-02,911.5,914.9,908.475,911.05,1184486.0
2017-11-03,912.85,920.0,910.8,915.35,952622.0
2017-11-06,912.5,920.0,911.3,914.3,1537061.0
2017-11-07,919.0,922.475,910.375,911.85,1861594.0
2017-11-08,912.6,916.8,909.5,912.975,820786.0
2017-11-09,913.5,917.5,910.55,913.925,778327.0
2017-11-10,910.85,917.4,906.175,911.0,1936090.0
2017-11-13,911.0,911.575,897.5,906.775,833968.0
2017-11-14,907.95,909.5,900.0,901.175,1178117.0
2017-11-15,899.0,901.825,894.0,900.125,1537092.0
2017-11-16,902.0,908.0,897.6,903.85,1003243.0
2017-11-17,914.35,919.15,906.575,912.775,1589693.0
2017-11-20,914.5,919.85,914.5,919.075,598106.0
2017-11-21,918.725,925.0,918.05,923.125,568883.0
2017-11-22,924.85,930.0,922.275,927.625,1415199.0
2017-11-23,929.5,930.0,919.0,921.425,808145.0
2017-11-24,921.5,928.9,920.5,925.7,1300921.0
2017-11-27,924.5,931.0,922.8,928.775,967618.0
2017-11-28,928.0,935.5,927.925,932.675,1272635.0
2017-11-29,932.5,937.75,927.9,936.65,818646.0
2017-11-30,934.35,936.975,920.0,926.85,1449078.0
2017-12-01,927.45,930.0,922.05,924.1,964537.0
2017-12-04,927.45,927.45,915.05,917.05,910483.0
2017-12-05,913.0,914.275,903.5,910.225,973340.0
2017-12-06,909.975,910.675,899.5,901.65,1598780.0
2017-12-07,903.325,908.3,901.55,904.825,1057826.0
2017-12-08,907.0,926.5,907.0,920.2,2239100.0
2017-12-11,924.0,925.875,920.0,923.2,799558.0
2017-12-12,924.55,924.95,907.975,909.95,602647.0
2017-12-13,910.025,922.5,907.55,910.675,726865.0
2017-12-14,912.0,920.0,906.0,919.025,920773.0
2017-12-15,928.0,944.0,927.75,936.725,3112531.0
2017-12-18,927.5,949.5,904.65,939.475,3074497.0
2017-12-19,939.9,946.825,938.075,942.25,1238028.0
2017-12-20,949.45,951.55,931.825,934.075,2335876.0
2017-12-21,939.95,942.5,932.6,934.15,1713636.0
2017-12-22,939.5,940.0,930.875,938.325,1117726.0
2017-12-26,940.5,941.4,928.35,934.175,1696424.0
2017-12-27,935.05,935.15,925.575,928.375,872346.0
2017-12-28,929.45,940.45,929.0,939.025,2175130.0
2017-12-29,938.4,939.6,934.075,936.2,1586468.0
2018-01-01,936.35,940.375,925.25,927.25,1645129.0
2018-01-02,929.275,937.5,929.275,936.175,1194079.0
2018-01-03,937.5,939.125,925.6,926.325,1132822.0
2018-01-04,926.5,932.75,926.5,929.95,593444.0
2018-01-05,931.5,934.025,927.775,931.8,717717.0
2018-01-08,932.5,935.35,928.875,930.3,1142577.0
2018-01-09,931.0,934.925,927.5,931.85,1326382.0
2018-01-10,932.6,933.95,928.65,932.1,1153972.0
2018-01-11,932.1,938.0,928.125,936.275,1014774.0
2018-01-12,936.5,939.075,930.0,932.65,1084177.0
2018-01-15,934.975,952.2,929.925,948.875,3144111.0
2018-01-16,951.725,955.0,942.625,950.075,1611346.0
2018-01-17,948.5,951.275,943.5,945.25,726374.0
2018-01-18,962.0,977.0,959.025,967.15,4162385.0
2018-01-19,967.575,979.95,959.625,976.1,2863997.0
2018-01-22,980.0,994.0,976.575,981.675,2212442.0
2018-01-23,982.5,983.35,971.65,975.65,1261949.0
2018-01-24,976.275,984.5,975.3,978.825,1197642.0
2018-01-25,976.95,990.0,975.25,987.475,2180917.0
2018-01-29,989.0,1003.475,989.0,999.825,2058973.0
2018-01-30,998.9,1000.95,992.075,997.75,1599390.0
2018-01-31,994.7,1006.75,993.5,1002.85,1735837.0
2018-02-01,1003.0,1007.5,992.65,995.575,1630355.0
2018-02-02,993.0,994.95,970.75,974.0,1836531.0
2018-02-05,959.0,967.625,952.925,956.925,1981696.0
2018-02-06,930.0,956.0,918.15,948.4,2687451.0
2018-02-07,953.5,953.5,931.2,936.4,2091243.0
2018-02-08,942.0,949.3,933.25,940.475,1292861.0
2018-02-09,923.95,932.35,922.05,924.75,1602238.0
2018-02-12,930.0,943.0,927.575,938.325,1095277.0
2018-02-14,944.9,948.95,937.325,941.575,894297.0
2018-02-15,944.85,947.375,937.5,940.95,1228806.0
2018-02-16,941.95,947.425,937.825,939.3,895880.0
2018-02-19,941.3,943.8,929.525,939.1,913638.0
2018-02-20,942.375,942.925,929.4,931.6,1021017.0
2018-02-21,933.975,934.275,926.1,928.7,688268.0
2018-02-22,925.0,930.0,920.775,926.6,3313399.0
2018-02-23,928.45,942.425,925.2,940.275,1019187.0
2018-02-26,944.05,957.4,941.775,955.775,1197221.0
2018-02-27,957.375,960.875,950.0,951.275,1196832.0
2018-02-28,944.775,947.725,939.0,942.1,1016591.0
2018-03-01,939.65,946.65,934.0,937.175,977460.0
2018-03-05,937.075,939.0,929.125,934.975,945366.0
2018-03-06,935.0,939.95,919.75,923.125,1144207.0
2018-03-07,920.0,926.7,914.25,916.3,1407041.0
2018-03-08,919.9,929.25,916.0,926.425,1379681.0
2018-03-09,927.475,932.625,922.0,925.525,1027027.0
2018-03-12,930.1,934.725,926.7,933.625,1639279.0
2018-03-13,933.725,942.375,927.5,930.125,1281050.0
2018-03-14,928.0,933.95,924.0,932.25,920098.0
2018-03-15,932.6,943.75,932.6,940.4,1467731.0
2018-03-16,940.0,940.55,923.275,926.5,1974084.0
2018-03-19,926.5,930.0,921.575,923.625,1959685.0
2018-03-20,922.55,927.95,917.625,919.75,914343.0
2018-03-21,924.0,931.6,921.65,929.45,1480285.0
2018-03-22,929.45,940.0,927.55,933.875,1668306.0
2018-03-23,923.325,926.55,918.625,920.775,1797538.0
2018-03-26,919.95,950.0,916.75,946.725,2625442.0
2018-03-27,946.9,949.5,938.0,946.3,1534209.0
2018-03-28,941.475,949.85,938.025,943.05,2209377.0
2018-04-02,945.25,967.875,945.25,965.6,1149092.0
2018-04-03,961.975,962.85,955.5,957.95,1019971.0
2018-04-04,956.475,962.475,939.225,941.625,928527.0
2018-04-05,950.65,957.0,945.1,954.45,1214723.0
2018-04-06,956.1,963.225,952.9,961.7,930002.0
2018-04-09,959.4,971.0,958.2,969.525,1000884.0
2018-04-10,971.5,971.5,956.75,960.425,1516809.0
2018-04-11,957.95,960.0,952.7,959.425,717703.0
2018-04-12,958.0,966.45,952.95,964.4,1178129.0
2018-04-13,964.0,970.0,959.55,962.5,824293.0
2018-04-16,960.0,975.0,959.925,971.05,711936.0
2018-04-17,971.75,975.5,967.05,974.25,666958.0
2018-04-18,975.5,976.75,965.025,966.3,678180.0
2018-04-19,970.0,972.4,966.5,969.5,792258.0
2018-04-20,970.5,980.5,966.075,977.95,2340345.0
2018-04-23,989.5,989.5,930.15,967.875,3826155.0
2018-04-24,967.5,974.025,963.0,967.5,1259354.0
2018-04-25,963.95,969.0,956.0,960.375,1005148.0
2018-04-26,958.4,969.6,955.625,965.125,1961870.0
2018-04-27,966.5,967.75,956.25,961.7,1444252.0
2018-04-30,965.0,977.4,964.4,972.15,1152388.0
2018-05-02,975.0,989.0,973.0,984.75,1775012.0
2018-05-03,984.025,987.45,973.0,983.95,1038193.0
2018-05-04,985.0,995.0,983.15,994.25,1720359.0
2018-05-07,990.825,993.65,987.5,988.7,1316032.0
2018-05-08,989.625,989.95,977.3,983.525,1775141.0
2018-05-09,978.075,990.25,978.075,989.2,1081833.0
2018-05-10,994.3,999.5,991.0,996.35,1792918.0
2018-05-11,996.35,1008.5,993.0,1005.875,1514267.0
2018-05-14,1008.6,1013.7,1006.2,1010.875,1185729.0
2018-05-15,1013.525,1032.5,1013.35,1018.9,2456671.0
2018-05-16,1015.275,1024.5,1008.575,1011.675,1710401.0
2018-05-17,1011.925,1022.225,1006.25,1013.875,1653869.0
2018-05-18,1012.35,1012.35,1001.75,1006.075,1304365.0
2018-05-21,1008.05,1010.5,993.025,996.525,1212027.0
2018-05-22,999.35,1006.975,992.75,994.95,990093.0
2018-05-23,993.9,997.0,981.7,983.75,1431573.0
2018-05-24,983.55,995.125,978.175,993.0,1130186.0
2018-05-25,995.0,1008.0,994.95,1004.35,1189897.0
2018-05-28,1003.9,1026.0,1003.0,1021.1,1275985.0
2018-05-29,1019.0,1026.35,1014.4,1016.3,837811.0
2018-05-30,1009.85,1026.5,1008.15,1024.175,1216749.0
2018-05-31,1050.0,1080.0,1040.0,1069.725,9909798.0
2018-06-01,1058.0,1069.0,1050.5,1055.3,5287839.0
2018-06-04,1075.0,1078.5,1018.975,1023.1,22199081.0
2018-06-05,1025.0,1033.475,1011.5,1031.8,4276365.0
2018-06-06,1030.1,1032.4,1022.5,1028.675,2445500.0
2018-06-07,1036.6,1039.9,1026.6,1031.1,2640974.0
2018-06-08,1029.5,1030.625,1017.5,1024.675,1545222.0
2018-06-11,1025.95,1031.475,1019.4,1021.15,1772797.0
2018-06-12,1025.95,1026.35,1019.2,1021.925,1308564.0
2018-06-13,1026.0,1027.4,1012.05,1015.725,1974490.0
2018-06-14,1015.0,1022.5,1012.5,1018.7,4231894.0
2018-06-15,1013.0,1019.45,1011.15,1014.8,2720204.0
2018-06-18,1015.05,1019.4,1004.55,1009.575,1871851.0
2018-06-19,1012.475,1020.35,1009.65,1011.75,2745288.0
2018-06-20,1013.0,1029.0,1012.5,1028.075,2262928.0
2018-06-21,1030.0,1035.4,1023.525,1028.8,3377676.0
2018-06-22,1028.475,1044.4,1024.925,1041.675,1962245.0
2018-06-25,1041.525,1048.9,1036.525,1047.475,1748084.0
2018-06-26,1043.025,1051.5,1039.925,1046.85,2290483.0
2018-06-27,1046.5,1059.75,1045.0,1056.3,4781701.0
2018-06-28,1057.5,1070.0,1055.6,1065.425,9383385.0
2018-06-29,1060.85,1070.0,1052.55,1054.225,4864530.0
2018-07-02,1054.175,1054.2,1031.625,1036.625,2466219.0
2018-07-03,1036.625,1042.5,1032.8,1035.1,1715775.0
2018-07-04,1038.125,1054.025,1034.5,1051.775,1524498.0
2018-07-05,1052.5,1064.5,1046.275,1061.875,2433992.0
2018-07-06,1056.65,1067.775,1055.675,1057.575,2030336.0
2018-07-09,1060.925,1065.0,1053.875,1062.825,1545574.0
2018-07-10,1064.95,1074.8,1062.5,1073.2,2737684.0
2018-07-11,1072.525,1077.85,1067.4,1074.125,1464480.0
2018-07-12,1076.45,1089.925,1076.0,1082.975,2005167.0
2018-07-13,1084.2,1095.4,1081.55,1090.45,1790297.0
2018-07-16,1089.7,1095.025,1081.875,1084.425,2254334.0
2018-07-17,1081.625,1090.5,1081.625,1088.375,1590481.0
2018-07-18,1093.5,1110.0,1086.825,1088.1,4365068.0
2018-07-19,1091.5,1096.75,1085.5,1093.05,1326194.0
2018-07-20,1093.05,1101.425,1085.55,1094.525,2501741.0
2018-07-23,1075.0,1089.0,1069.025,1078.225,4220033.0
2018-07-24,1073.5,1084.5,1073.5,1079.875,1302198.0
2018-07-25,1082.325,1088.4,1080.0,1085.175,1759654.0
2018-07-26,1082.5,1101.725,1082.5,1096.3,5320273.0
2018-07-27,1100.975,1105.975,1092.35,1101.075,2638649.0
2018-07-30,1099.5,1099.5,1079.7,1084.95,1792280.0
2018-07-31,1080.0,1092.95,1075.025,1089.75,2215236.0
2018-08-01,1081.4,1087.5,1075.85,1079.35,1517890.0
2018-08-02,1076.75,1076.85,1060.675,1065.1,2226426.0
2018-08-03,1066.775,1073.525,1057.0,1060.825,3401002.0
2018-08-06,1060.5,1068.7,1053.05,1057.15,1436158.0
2018-08-07,1062.5,1067.25,1054.0,1065.45,1857114.0
2018-08-08,1067.925,1075.9,1066.525,1068.175,2486345.0
2018-08-09,1071.0,1071.0,1047.325,1059.25,2236102.0
2018-08-10,1061.75,1061.9,1049.0,1057.225,1360735.0
2018-08-13,1042.0,1051.975,1040.0,1045.825,2513563.0
2018-08-14,1049.0,1052.5,1043.6,1044.55,1233991.0
2018-08-16,1041.5,1043.35,1033.2,1037.85,2656290.0
2018-08-17,1041.45,1046.525,1035.825,1038.675,1516332.0
2018-08-20,1037.5,1053.8,1037.5,1048.1,1952784.0
2018-08-21,1049.0,1056.0,1046.325,1048.025,1944080.0
2018-08-23,1052.5,1053.5,1038.425,1039.95,3143638.0
2018-08-24,1035.5,1046.8,1033.025,1034.925,2428657.0
2018-08-27,1038.5,1044.25,1035.125,1040.225,3143697.0
2018-08-28,1044.0,1049.125,1039.4,1047.425,2493383.0
2018-08-29,1046.075,1047.025,1036.375,1039.25,2468423.0
2018-08-30,1041.8,1043.95,1030.925,1033.05,5456865.0
2018-08-31,1034.6,1039.375,1029.125,1030.6,3942875.0
2018-09-03,1034.7,1039.475,1031.75,1037.525,1915402.0
2018-09-04,1038.45,1038.975,1024.5,1025.9,1782634.0
2018-09-05,1026.9,1030.1,1017.775,1022.925,1410377.0
2018-09-06,1024.5,1029.5,1016.3,1026.1,2600603.0
2018-09-07,1025.5,1030.0,1020.375,1028.475,1479825.0
2018-09-10,1027.5,1027.5,1012.55,1020.575,2149648.0
2018-09-11,1023.15,1024.0,997.075,1000.2,4546634.0
2018-09-12,1000.95,1010.675,994.775,1005.925,3061502.0
2018-09-14,1009.925,1018.7,1009.475,1014.8,2583668.0
2018-09-17,1010.65,1011.475,994.0,996.1,2334555.0
2018-09-18,997.45,1004.925,990.475,994.6,2331434.0
2018-09-19,997.425,999.0,978.25,980.675,4178066.0
2018-09-21,986.95,999.925,955.1,985.125,5652537.0
2018-09-24,983.625,986.1,957.5,962.85,3347698.0
2018-09-25,962.85,981.0,957.5,976.2,4170638.0
2018-09-26,981.475,989.0,977.65,984.1,3681681.0
2018-09-27,984.7,993.0,977.575,988.075,4588052.0
2018-09-28,990.325,1007.725,988.575,1003.025,3615179.0
2018-10-01,1004.9,1021.0,998.9,1017.725,3112397.0
2018-10-03,1015.225,1026.1,1003.5,1015.575,3833037.0
2018-10-04,1004.0,1008.9,971.5,978.875,4492646.0
2018-10-05,976.975,995.0,970.075,982.65,3932295.0
2018-10-08,982.5,984.5,965.0,972.5,5032005.0
2018-10-09,972.2,982.5,965.0,970.3,3114841.0
2018-10-10,972.5,991.125,967.75,983.575,3984983.0
2018-10-11,962.5,974.15,958.8,968.775,3589976.0
2018-10-12,972.5,998.55,971.0,990.925,2400080.0
2018-10-15,995.0,1005.4,985.15,1004.025,3146492.0
2018-10-16,1001.5,1009.1,993.75,996.375,2351501.0
2018-10-17,1003.05,1006.5,981.75,987.3,1985199.0
2018-10-19,979.45,990.425,979.0,983.875,2466837.0
2018-10-22,1007.0,1010.0,994.3,999.45,5082790.0
2018-10-23,986.5,999.45,986.5,992.425,4857141.0
2018-10-24,1002.0,1004.4,986.3,996.125,4518084.0
2018-10-25,986.8,1001.8,981.225,984.4,7461764.0
2018-10-26,984.4,988.6,974.5,980.6,3788928.0
2018-10-29,982.05,982.475,947.6,963.15,4261070.0
2018-10-30,962.5,966.0,949.65,956.375,3457176.0
2018-10-31,951.025,958.95,942.5,955.875,5862351.0
2018-11-01,965.0,965.0,948.0,956.1,4907263.0
2018-11-02,963.0,980.0,956.0,974.725,7523217.0
2018-11-05,974.95,979.825,969.0,978.0,1426324.0
2018-11-06,977.5,988.0,971.475,973.275,2121397.0
2018-11-07,980.5,982.475,975.0,978.975,239690.0
2018-11-09,979.1,979.95,968.15,972.7,2525405.0
2018-11-12,975.75,981.0,958.575,960.525,1976941.0
2018-11-13,959.5,968.85,954.1,963.875,3337605.0
2018-11-14,969.275,980.0,968.3,978.875,6527659.0
2018-11-15,980.95,988.65,965.6,987.575,2598131.0
2018-11-16,990.5,1006.5,990.0,1002.15,3953304.0
2018-11-19,1005.5,1010.5,1000.95,1006.95,3071607.0
2018-11-20,1006.5,1009.8,999.525,1006.225,1426292.0
2018-11-21,1006.375,1011.975,1002.0,1009.375,1636401.0
2018-11-22,1006.625,1017.5,1000.075,1002.75,3243638.0
2018-11-26,1006.95,1026.0,1006.025,1024.9,4546109.0
2018-11-27,1020.525,1033.95,1020.375,1032.0,3223860.0
2018-11-28,1032.5,1049.3,1030.05,1044.625,3255277.0
2018-11-29,1050.5,1068.7,1047.0,1065.525,7977159.0
2018-11-30,1065.0,1068.775,1055.0,1064.225,3260231.0
2018-12-03,1065.5,1071.0,1053.45,1056.65,2699964.0
2018-12-04,1052.7,1055.5,1039.3,1042.775,2039355.0
2018-12-05,1039.0,1052.65,1037.975,1049.6,2949711.0
2018-12-06,1044.85,1050.825,1042.5,1048.525,2932563.0
2018-12-07,1053.35,1059.0,1040.15,1053.8,2475980.0
2018-12-10,1032.95,1052.4,1032.95,1044.375,2728764.0
2018-12-11,1028.0,1035.65,1016.0,1029.775,4726445.0
2018-12-12,1033.475,1044.9,1030.05,1042.65,2842622.0
2018-12-13,1047.5,1062.5,1045.65,1050.65,1766059.0
2018-12-14,1052.45,1059.0,1044.025,1047.85,1539571.0
2018-12-17,1052.0,1066.3,1049.5,1065.1,2109331.0
2018-12-18,1062.0,1069.5,1051.3,1067.725,1853492.0
2018-12-19,1066.55,1079.7,1056.775,1061.725,2252474.0
2018-12-20,1056.275,1070.225,1051.325,1068.725,1995119.0
2018-12-21,1067.0,1074.55,1054.525,1055.575,2555077.0
2018-12-24,1052.0,1052.0,1038.675,1040.325,1400372.0
2018-12-26,1038.5,1063.5,1034.5,1061.175,1900479.0
2018-12-27,1066.5,1069.1,1049.225,1052.525,2909967.0
2018-12-28,1058.675,1068.875,1057.75,1061.45,2353903.0
2018-12-31,1068.5,1068.5,1058.35,1060.85,1466632.0
2019-01-01,1063.825,1075.5,1052.8,1074.05,1593360.0
2019-01-02,1071.4,1073.75,1059.85,1064.25,2033558.0
2019-01-03,1062.1,1064.125,1051.5,1055.9,3192916.0
2019-01-04,1057.625,1064.25,1055.175,1058.725,1821780.0
2019-01-07,1063.85,1067.675,1059.0,1060.325,1346753.0
2019-01-08,1061.0,1061.75,1048.325,1051.5,2085865.0
2019-01-09,1059.0,1060.675,1051.3,1058.4,2142157.0
2019-01-10,1058.5,1061.9,1046.325,1054.25,1922885.0
2019-01-11,1056.9,1062.0,1054.0,1055.95,1602010.0
2019-01-14,1054.95,1054.95,1049.225,1050.825,1213790.0
2019-01-15,1052.525,1063.25,1051.0,1060.95,1271889.0
2019-01-16,1060.025,1062.5,1054.125,1060.1,1313113.0
2019-01-17,1062.625,1067.95,1056.675,1066.15,2060057.0
2019-01-18,1067.5,1069.5,1057.275,1065.125,1301994.0
2019-01-21,1069.975,1083.25,1063.25,1074.075,4390378.0
2019-01-22,1073.0,1073.4,1064.525,1067.925,2199244.0
2019-01-23,1067.0,1067.925,1050.725,1052.7,1906072.0
2019-01-24,1055.0,1060.825,1048.95,1051.125,2527893.0
2019-01-25,1046.5,1055.0,1045.0,1048.0,2815559.0
2019-01-28,1045.0,1051.025,1038.375,1042.075,3840109.0
2019-01-29,1039.125,1041.5,1026.5,1028.8,3690697.0
2019-01-30,1028.625,1028.625,1014.0,1017.35,4628540.0
2019-01-31,1015.5,1044.875,1011.0,1039.975,4144851.0
2019-02-01,1039.975,1058.5,1038.3,1045.225,3913547.0
2019-02-04,1047.5,1056.5,1041.325,1052.45,1984572.0
2019-02-05,1054.0,1059.5,1048.5,1057.025,2172572.0
2019-02-06,1058.125,1063.5,1056.8,1061.325,2718921.0
2019-02-07,1062.525,1065.0,1052.925,1058.625,1804327.0
2019-02-08,1056.0,1072.475,1053.325,1061.325,3058911.0
2019-02-11,1056.65,1071.45,1056.65,1069.825,1759091.0
2019-02-12,1069.0,1074.0,1062.4,1064.85,2443097.0
2019-02-13,1067.775,1077.5,1066.15,1071.725,2360187.0
2019-02-14,1070.0,1070.0,1052.8,1055.1,1860347.0
2019-02-15,1053.675,1054.05,1039.1,1050.325,2104131.0
2019-02-18,1053.4,1059.0,1043.0,1044.95,1784686.0
2019-02-19,1044.85,1054.075,1039.1,1042.025,1317159.0
2019-02-20,1044.25,1055.5,1040.95,1054.175,1223125.0
2019-02-21,1050.85,1059.975,1046.8,1057.95,1315386.0
2019-02-22,1059.7,1064.05,1044.55,1045.725,2222677.0
2019-02-25,1047.575,1064.975,1047.575,1062.7,2035149.0
2019-02-26,1055.625,1062.5,1050.55,1055.325,2401857.0
2019-02-27,1058.05,1062.225,1044.075,1046.125,1757523.0
2019-02-28,1046.55,1052.925,1036.6,1038.775,2911344.0
2019-03-01,1043.125,1050.45,1038.5,1041.675,2338232.0
2019-03-05,1044.45,1055.55,1035.0,1053.55,2959319.0
2019-03-06,1055.0,1055.15,1045.275,1052.125,2114511.0
2019-03-07,1054.8,1065.0,1047.5,1063.25,2551213.0
2019-03-08,1057.525,1065.0,1054.725,1064.1,1763365.0
2019-03-11,1066.0,1071.85,1061.1,1064.225,2306027.0
2019-03-12,1073.5,1087.5,1068.5,1085.5,3774323.0
2019-03-13,1087.5,1117.0,1086.05,1113.275,14291587.0
2019-03-14,1122.425,1123.75,1105.3,1112.375,3844966.0
2019-03-15,1115.5,1129.95,1114.025,1126.5,3190772.0
2019-03-18,1130.95,1145.825,1123.5,1130.725,3589680.0
2019-03-19,1134.75,1137.95,1125.5,1133.875,2989498.0
2019-03-20,1134.5,1150.0,1130.525,1149.5,2927998.0
2019-03-22,1150.0,1153.5,1135.4,1138.075,7600970.0
2019-03-25,1130.0,1143.925,1126.5,1140.65,2299815.0
2019-03-26,1137.95,1157.5,1136.3,1155.675,2946712.0
2019-03-27,1159.275,1164.025,1139.525,1149.725,3471325.0
2019-03-28,1149.4,1162.5,1143.925,1151.4,4888582.0
2019-03-29,1152.3,1162.5,1147.0,1159.45,2986742.0
2019-04-01,1162.625,1166.0,1152.3,1155.9,2411769.0
2019-04-02,1160.0,1160.0,1142.725,1147.425,2727624.0
2019-04-03,1146.05,1158.0,1144.125,1146.375,1914863.0
2019-04-04,1146.375,1156.5,1140.0,1141.975,2302888.0
2019-04-05,1143.9,1156.875,1141.0,1152.8,2087795.0
2019-04-08,1159.5,1161.475,1140.05,1144.7,1599533.0
2019-04-09,1148.3,1151.5,1133.5,1143.625,2694400.0
2019-04-10,1125.0,1142.0,1115.5,1118.675,27032175.0
2019-04-11,1122.45,1131.5,1118.475,1128.75,2198325.0
2019-04-12,1126.05,1136.1,1126.05,1132.625,2292611.0
2019-04-15,1135.0,1146.45,1132.175,1144.4,2554945.0
2019-04-16,1145.475,1154.95,1140.15,1152.525,2068444.0
2019-04-18,1156.5,1157.525,1144.0,1146.825,2653714.0
2019-04-22,1162.5,1162.5,1130.5,1134.35,5245105.0
2019-04-23,1138.775,1145.0,1120.8,1122.65,3820600.0
2019-04-24,1125.0,1141.95,1123.525,1139.875,3088532.0
2019-04-25,1143.45,1149.4,1128.975,1131.725,4521659.0
2019-04-26,1132.95,1142.5,1128.45,1140.475,2926892.0
2019-04-30,1142.5,1160.0,1139.2,1158.725,3134209.0
2019-05-02,1161.75,1179.825,1158.75,1177.9,4292325.0
2019-05-03,1182.1,1189.0,1178.25,1183.975,3087880.0
2019-05-06,1174.0,1175.95,1158.525,1164.225,3437023.0
2019-05-07,1175.95,1179.0,1159.0,1161.175,2481051.0
2019-05-08,1161.275,1161.9,1144.0,1153.625,3016052.0
2019-05-09,1150.0,1150.0,1135.8,1145.45,2256931.0
2019-05-10,1145.675,1162.45,1145.675,1148.25,2648550.0
2019-05-13,1148.025,1156.675,1140.0,1143.6,2767908.0
2019-05-14,1148.35,1155.5,1137.775,1143.95,2623686.0
2019-05-15,1148.0,1153.6,1141.1,1143.35,2239087.0
2019-05-16,1140.275,1159.5,1140.0,1155.325,2012534.0
2019-05-17,1156.5,1184.65,1155.8,1181.05,3689695.0
2019-05-20,1204.0,1219.35,1190.0,1216.175,4424908.0
2019-05-21,1219.0,1224.7,1199.725,1201.85,2581294.0
2019-05-22,1205.925,1213.0,1197.125,1202.875,2846665.0
2019-05-23,1204.5,1219.95,1159.55,1166.05,8270499.0
2019-05-24,1179.85,1193.075,1170.075,1186.675,3423200.0
2019-05-27,1189.45,1210.95,1186.125,1204.175,3012256.0
2019-05-28,1208.25,1210.0,1193.525,1208.1,1841210.0
2019-05-29,1205.1,1215.4,1205.1,1208.45,1868804.0
2019-05-30,1208.0,1223.95,1206.525,1219.775,2339800.0
2019-05-31,1228.4,1232.5,1178.4,1212.675,4946270.0
2019-06-03,1213.5,1229.9,1212.475,1228.55,2120215.0
2019-06-04,1227.5,1232.875,1220.525,1226.15,1610747.0
2019-06-06,1226.6,1235.0,1206.675,1211.675,3908731.0
2019-06-07,1212.825,1227.125,1204.5,1223.825,1992733.0
2019-06-10,1234.975,1234.975,1216.05,1220.1,1769285.0
2019-06-11,1225.75,1229.95,1220.175,1224.2,1775823.0
2019-06-12,1222.5,1224.2,1211.825,1213.525,1827155.0
2019-06-13,1217.975,1226.0,1207.975,1222.35,2776987.0
2019-06-14,1221.475,1229.475,1212.5,1217.55,2989230.0
2019-06-17,1217.5,1219.95,1208.65,1211.0,3202505.0
2019-06-18,1209.0,1216.0,1202.0,1208.625,3104913.0
2019-06-19,1213.5,1222.45,1208.35,1214.175,2686069.0
2019-06-20,1214.175,1218.5,1207.3,1213.175,2792873.0
2019-06-21,1213.0,1214.85,1202.825,1207.1,3312565.0
2019-06-24,1205.975,1215.3,1205.0,1208.975,1728750.0
2019-06-25,1209.925,1220.75,1201.5,1214.35,2224950.0
2019-06-26,1212.35,1235.0,1211.0,1233.95,2633409.0
2019-06-27,1234.375,1247.25,1228.075,1231.15,4969809.0
2019-06-28,1232.0,1237.5,1218.525,1221.875,3189211.0
2019-07-01,1228.0,1244.5,1225.025,1242.775,2131040.0
2019-07-02,1244.0,1248.75,1233.6,1247.5,1811707.0
2019-07-03,1249.5,1251.65,1241.5,1244.825,1865814.0
2019-07-04,1247.4,1248.95,1236.0,1241.9,1998491.0
2019-07-05,1242.55,1247.475,1230.0,1236.2,1895765.0
2019-07-08,1237.275,1237.3,1198.525,1204.8,3651785.0
2019-07-09,1201.925,1205.4,1186.5,1189.575,4120672.0
2019-07-10,1189.375,1199.0,1183.125,1194.375,2892287.0
2019-07-11,1201.5,1207.0,1197.825,1203.575,2274399.0
2019-07-12,1209.0,1209.0,1192.525,1196.95,2244068.0
2019-07-15,1198.0,1201.5,1188.675,1197.375,2058296.0
2019-07-16,1209.0,1209.0,1191.0,1195.6,3192642.0
2019-07-17,1196.475,1205.8,1195.65,1198.725,1939934.0
2019-07-18,1201.5,1214.5,1200.95,1205.95,2700646.0
2019-07-19,1207.5,1210.35,1183.5,1187.825,2234807.0
2019-07-22,1172.5,1174.925,1140.625,1148.625,5542824.0
2019-07-23,1147.25,1147.25,1121.025,1131.75,6950716.0
2019-07-24,1128.375,1146.5,1125.5,1140.45,4340935.0
2019-07-25,1142.5,1157.725,1140.125,1143.025,4865502.0
2019-07-26,1139.1,1146.825,1136.425,1138.65,3207457.0
2019-07-29,1136.775,1136.775,1111.525,1122.15,2494123.0
2019-07-30,1127.5,1135.6,1119.95,1126.125,2598534.0
2019-07-31,1120.0,1133.5,1117.125,1125.825,3472960.0
2019-08-01,1114.55,1120.0,1098.5,1110.9,4560419.0
2019-08-02,1105.5,1112.0,1091.0,1107.175,6956384.0
2019-08-05,1098.525,1100.0,1081.25,1089.625,4955610.0
2019-08-06,1083.5,1105.125,1083.5,1094.55,6222735.0
2019-08-07,1095.0,1101.0,1082.5,1092.0,4687534.0
2019-08-08,1099.0,1121.5,1091.5,1116.575,4927900.0
2019-08-09,1123.5,1144.5,1119.9,1141.0,7609028.0
2019-08-13,1136.65,1136.65,1101.3,1110.175,3860017.0
2019-08-14,1117.7,1117.7,1101.525,1114.725,3563513.0
2019-08-16,1107.0,1116.5,1102.05,1113.85,3811890.0
2019-08-19,1119.25,1121.0,1100.85,1103.425,2124550.0
2019-08-20,1104.625,1113.9,1103.425,1110.3,2567648.0
2019-08-21,1112.45,1120.6,1107.1,1112.925,2618178.0
2019-08-22,1110.425,1110.425,1083.525,1087.05,3498011.0
2019-08-23,1080.5,1088.5,1069.8,1081.35,5024904.0
2019-08-26,1097.45,1133.075,1083.5,1128.075,6320061.0
2019-08-27,1128.0,1136.45,1120.05,1129.975,5165208.0
2019-08-28,1125.0,1128.675,1113.175,1123.75,3415647.0
2019-08-29,1123.0,1126.85,1110.15,1113.475,3695929.0
2019-08-30,1116.75,1130.0,1111.0,1113.975,4808330.0
2019-09-03,1110.0,1110.5,1098.075,1105.475,2857169.0
2019-09-04,1103.5,1137.0,1099.5,1123.875,3765176.0
2019-09-05,1124.5,1136.2,1112.5,1117.575,4324063.0
2019-09-06,1114.0,1128.3,1110.65,1122.95,3217501.0
2019-09-09,1123.0,1130.45,1108.05,1124.8,2660851.0
2019-09-11,1137.0,1137.0,1120.575,1125.65,3802279.0
2019-09-12,1125.35,1144.4,1124.075,1135.425,4533075.0
2019-09-13,1125.5,1133.725,1119.0,1128.725,3842835.0
2019-09-16,1125.95,1131.325,1120.5,1122.075,2757546.0
2019-09-17,1123.95,1124.25,1099.05,1105.675,2664139.0
2019-09-18,1108.65,1112.075,1090.0,1093.875,3239971.0
2019-09-19,1099.9,1107.05,1084.0,1101.05,5311655.0
2019-09-20,1108.0,1209.9,1105.4,1199.6,23075017.0
2019-09-23,1259.55,1282.7,1229.0,1257.25,20960205.0
2019-09-24,1250.0,1261.95,1227.55,1253.8,11689524.0
2019-09-25,1249.9,1249.9,1230.1,1239.7,7804488.0
2019-09-26,1239.8,1275.0,1236.35,1242.5,15335780.0
2019-09-27,1248.25,1253.5,1237.6,1244.2,7436585.0
2019-09-30,1228.8,1240.0,1216.5,1227.45,9109229.0
2019-10-01,1231.5,1255.0,1221.1,1248.8,9384176.0
2019-10-03,1239.95,1243.8,1216.35,1223.55,8149438.0
2019-10-04,1236.65,1239.6,1185.3,1189.7,9201816.0
2019-10-07,1201.2,1219.85,1181.15,1186.9,11256610.0
2019-10-09,1197.1,1229.9,1190.0,1228.15,8713635.0
2019-10-10,1221.8,1225.95,1197.2,1200.55,5778429.0
2019-10-11,1213.4,1224.0,1188.95,1198.8,8593159.0
2019-10-14,1209.0,1219.9,1197.4,1204.4,6133901.0
2019-10-15,1207.0,1225.0,1206.85,1223.05,4200187.0
2019-10-16,1231.65,1235.0,1210.1,1221.1,5293408.0
2019-10-17,1227.5,1229.85,1213.1,1220.0,6121807.0
2019-10-18,1225.45,1233.85,1220.35,1229.0,5616903.0
2019-10-22,1257.0,1257.0,1232.6,1239.3,10003114.0
2019-10-23,1246.85,1249.75,1233.0,1241.6,5095107.0
2019-10-24,1248.0,1254.15,1226.35,1236.1,6553747.0
2019-10-25,1240.0,1246.85,1220.0,1229.0,6496771.0
2019-10-27,1239.95,1241.9,1235.0,1237.7,875425.0
2019-10-29,1238.0,1257.35,1237.7,1242.5,7116284.0
2019-10-30,1246.9,1262.7,1243.0,1248.35,6005683.0
2019-10-31,1257.7,1263.9,1227.1,1230.35,6608853.0
2019-11-01,1239.0,1243.75,1227.6,1240.05,5756130.0
2019-11-04,1246.45,1250.0,1229.05,1236.85,4967588.0
2019-11-05,1241.0,1244.8,1229.05,1239.5,6183905.0
2019-11-06,1242.45,1259.0,1228.05,1256.65,6065168.0
2019-11-07,1261.0,1269.7,1250.0,1263.7,8481517.0
2019-11-08,1259.0,1267.0,1251.45,1255.6,6625748.0
2019-11-11,1252.55,1268.5,1250.5,1264.75,7143305.0
2019-11-13,1261.95,1270.0,1253.6,1257.55,4646748.0
2019-11-14,1263.8,1277.0,1257.2,1273.9,5527609.0
2019-11-15,1283.85,1285.0,1271.1,1277.9,4639506.0
2019-11-18,1277.0,1279.45,1258.7,1262.05,4565146.0
2019-11-19,1265.3,1275.0,1261.1,1271.9,5285289.0
2019-11-20,1273.0,1282.95,1267.0,1273.35,5527129.0
2019-11-21,1270.25,1287.0,1268.35,1283.35,6009763.0
2019-11-22,1283.65,1283.65,1262.0,1264.75,3844005.0
2019-11-25,1264.15,1279.5,1264.15,1271.1,3946778.0
2019-11-26,1278.45,1279.75,1266.95,1275.05,4358001.0
2019-11-27,1276.0,1285.75,1271.2,1278.4,4790333.0
2019-11-28,1280.2,1283.05,1262.0,1265.3,6183020.0
2019-11-29,1267.7,1279.9,1252.0,1274.95,7783813.0
2019-12-02,1273.95,1273.95,1258.6,1265.75,4473102.0
2019-12-03,1268.2,1269.0,1253.8,1255.4,3495953.0
2019-12-04,1252.5,1256.9,1234.2,1251.65,5697807.0
2019-12-05,1255.6,1258.75,1240.75,1245.6,6386247.0
2019-12-06,1248.95,1260.0,1238.2,1246.05,6887325.0
2019-12-09,1249.5,1249.85,1237.55,1242.95,4132675.0
2019-12-10,1251.0,1253.65,1245.1,1249.5,4894450.0
2019-12-11,1250.1,1254.0,1242.5,1248.75,5527321.0
2019-12-12,1253.0,1269.45,1253.0,1263.6,6456574.0
2019-12-13,1265.0,1272.35,1259.25,1263.85,5887593.0
2019-12-16,1269.25,1270.0,1248.2,1257.35,5663788.0
2019-12-17,1260.0,1274.8,1255.35,1271.1,6213677.0
2019-12-18,1283.0,1299.0,1273.65,1292.35,8723586.0
2019-12-19,1305.0,1305.5,1286.1,1288.8,6509188.0
2019-12-20,1288.75,1299.6,1280.05,1296.7,7513022.0
2019-12-23,1299.0,1304.0,1288.8,1302.4,5097891.0
2019-12-24,1298.6,1301.1,1286.95,1289.15,3589604.0
2019-12-26,1289.7,1291.85,1264.65,1270.45,7474879.0
2019-12-27,1272.0,1279.0,1270.0,1275.0,3546496.0
2019-12-30,1282.0,1288.75,1274.05,1282.15,4667095.0
2019-12-31,1281.95,1281.95,1268.65,1272.1,4178528.0
2020-01-01,1276.1,1280.0,1270.6,1278.6,1836849.0
2020-01-02,1279.0,1288.0,1279.0,1286.75,3068583.0
2020-01-03,1282.2,1285.0,1263.6,1268.4,5427775.0
2020-01-06,1260.0,1261.8,1236.0,1240.95,5445093.0
2020-01-07,1258.9,1271.45,1252.25,1260.6,7362247.0
2020-01-08,1246.95,1262.15,1240.05,1257.3,5666055.0
2020-01-09,1265.0,1275.8,1263.1,1271.4,4773158.0
2020-01-10,1284.1,1286.9,1275.1,1282.7,4607290.0
2020-01-13,1282.7,1296.5,1276.0,1286.0,3725784.0
2020-01-14,1289.0,1292.55,1277.5,1289.5,3943145.0
2020-01-15,1286.4,1287.95,1274.1,1284.25,5893724.0
2020-01-16,1282.05,1291.0,1279.35,1287.65,3575200.0
2020-01-17,1281.75,1284.9,1271.9,1278.15,8459407.0
2020-01-20,1304.85,1304.85,1252.5,1254.9,11089225.0
2020-01-21,1250.0,1250.0,1238.4,1244.35,7492402.0
2020-01-22,1248.05,1255.0,1234.4,1240.85,9184155.0
2020-01-23,1240.0,1246.85,1231.0,1244.85,5754460.0
2020-01-24,1246.0,1254.0,1239.1,1244.55,5915878.0
2020-01-27,1235.0,1235.0,1211.75,1213.2,9444276.0
2020-01-28,1218.8,1227.8,1213.25,1223.2,6706079.0
2020-01-29,1225.3,1242.0,1222.25,1235.85,6894175.0
2020-01-30,1238.95,1238.95,1217.2,1226.05,6055992.0
2020-01-31,1231.45,1237.8,1220.25,1226.3,5589134.0
2020-02-01,1220.0,1227.7,1191.35,1198.7,4913643.0
2020-02-03,1197.0,1197.95,1177.7,1192.8,6538505.0
2020-02-04,1198.0,1234.0,1198.0,1229.8,10448852.0
2020-02-05,1234.9,1248.0,1227.3,1244.65,9010341.0
2020-02-06,1244.65,1248.7,1237.2,1239.8,5913775.0
2020-02-07,1246.0,1247.0,1231.6,1242.2,3407724.0
2020-02-10,1242.95,1242.95,1226.05,1240.3,4609917.0
2020-02-11,1243.3,1255.0,1238.05,1240.6,5806760.0
2020-02-12,1245.2,1252.9,1244.05,1249.0,3148965.0
2020-02-13,1259.9,1259.9,1233.6,1241.4,4556070.0
2020-02-14,1243.2,1248.4,1215.0,1219.35,7344429.0
2020-02-17,1225.0,1233.0,1214.45,1217.15,5076345.0
2020-02-18,1216.9,1218.5,1203.5,1213.25,5264558.0
2020-02-19,1222.5,1230.0,1213.9,1227.2,5006134.0
2020-02-20,1230.0,1230.0,1214.1,1217.1,5561707.0
2020-02-24,1208.95,1214.75,1200.0,1209.95,8284041.999999999
2020-02-25,1204.0,1209.0,1198.0,1200.3,6943340.0
2020-02-26,1197.5,1204.7,1185.65,1199.25,6907393.0
2020-02-27,1195.0,1202.5,1181.0,1199.45,10327549.0
2020-02-28,1175.5,1185.0,1170.1,1177.65,12156528.0
2020-03-02,1200.2,1201.15,1166.15,1179.6,7332449.0
2020-03-03,1175.0,1185.35,1168.0,1181.8,11184775.0
2020-03-04,1178.35,1180.0,1133.1,1148.85,17144435.0
2020-03-05,1153.0,1165.0,1142.75,1151.35,9774854.0
2020-03-06,1125.0,1140.9,1101.0,1134.9,11526783.0
2020-03-09,1110.0,1118.4,1065.0,1107.3,17210297.0
2020-03-11,1105.0,1120.0,1092.0,1113.8,17769198.0
2020-03-12,1075.0,1080.0,1003.45,1021.3,29500406.0
2020-03-13,980.05,1081.45,919.2,1069.8,33171603.0
2020-03-16,1035.0,1037.0,995.0,999.5,15993174.0
2020-03-17,1008.0,1010.0,954.7,975.1,21338641.0
2020-03-18,985.0,993.0,865.0,876.9,30593809.0
2020-03-19,847.0,919.95,795.0,895.55,33610239.0
2020-03-20,875.0,914.6,824.55,882.85,44319015.0
2020-03-23,794.6,838.75,765.0,771.55,25142273.0
2020-03-24,795.25,810.0,738.75,767.7,30528676.0
2020-03-25,770.45,867.45,755.25,856.75,23614449.0
2020-03-26,870.1,937.7,841.0,901.1,28521681.0
2020-03-27,944.95,988.65,872.1,904.45,27619436.0
2020-03-30,880.0,887.0,828.0,831.65,19634313.0
2020-03-31,853.8,873.6,838.0,861.9,17605997.0
2020-04-01,863.85,863.85,820.0,829.65,14551758.0
2020-04-03,843.0,844.0,810.0,813.85,17499063.0
2020-04-07,874.0,907.3,845.35,896.1,30206626.0
2020-04-08,879.95,945.0,866.1,888.9,28109877.0
2020-04-09,913.0,930.9,890.0,925.05,22229012.0
2020-04-13,934.0,946.7,886.2,895.35,17079259.0
2020-04-15,930.5,930.5,843.0,863.3,28989523.0
2020-04-16,865.0,890.7,856.25,879.75,26927231.0
2020-04-17,915.0,920.0,887.25,910.3,27941831.0
2020-04-20,951.0,960.95,935.0,944.85,33116614.0
2020-04-21,925.0,934.0,908.0,921.65,16589148.0
2020-04-22,919.15,933.0,907.3,928.6,19144678.0
2020-04-23,935.0,958.5,912.55,954.95,20450895.0
2020-04-24,933.0,958.4,926.0,938.05,16642831.0
2020-04-27,945.15,957.4,926.3,929.7,13710727.0
2020-04-28,943.8,943.8,922.0,931.4,14720773.0
2020-04-29,935.0,992.7,934.1,977.1,27939019.0
2020-04-30,1001.4,1019.0,992.1,1001.8,21897643.0
2020-05-04,957.5,960.0,917.5,923.0,13361177.0
2020-05-05,938.0,944.0,908.05,911.45,14837190.0
2020-05-06,919.0,950.0,905.65,946.4,16893140.0
2020-05-07,940.5,943.3,921.35,925.0,10916003.0
2020-05-08,942.0,943.95,925.2,929.05,10403747.0
2020-05-11,937.0,954.0,914.0,915.8,14275392.0
2020-05-12,901.0,909.4,871.1,901.55,24784324.0
2020-05-13,951.0,960.0,922.1,927.65,22173554.0
2020-05-14,898.0,911.0,890.0,893.7,19777445.0
2020-05-15,890.5,892.4,875.0,888.15,12174870.0
2020-05-18,888.0,888.0,831.3,836.65,23326656.0
2020-05-19,860.85,867.3,826.1,830.65,23730561.0
2020-05-20,836.45,864.0,832.2,857.1,20007413.0
2020-05-21,861.45,884.0,852.3,859.55,24239683.0
2020-05-22,850.0,870.3,833.05,838.85,21025849.0
2020-05-26,857.0,871.75,848.75,852.4,19002589.0
2020-05-27,859.9,909.8,857.15,903.65,28013227.0
2020-05-28,920.0,950.0,913.95,945.25,37744926.0
2020-05-29,944.0,955.0,923.45,951.65,26512600.0
2020-06-01,975.0,995.0,966.1,987.65,19595373.0
2020-06-02,986.7,1005.0,975.2,1001.0,20811909.0
2020-06-03,1020.0,1046.25,1015.45,1022.25,25273067.0
2020-06-04,1028.05,1038.95,991.1,1001.7,27139478.0
2020-06-05,1003.1,1042.4,1002.8,1033.35,17598103.0
2020-06-08,1060.0,1066.65,1006.4,1015.9,24906362.0
2020-06-09,1020.0,1026.75,979.55,987.3,30922894.0
2020-06-10,990.0,999.85,978.2,991.85,18248880.0
2020-06-11,985.0,988.4,965.0,968.6,15449142.0
2020-06-12,928.0,986.65,928.0,982.75,21322880.0
2020-06-15,968.0,974.0,943.0,949.85,16004973.0
2020-06-16,975.0,993.95,952.0,990.4,22700113.0
2020-06-17,989.0,998.9,973.25,979.25,18479504.0
2020-06-18,980.0,1024.9,972.0,1019.95,20435469.0
2020-06-19,1017.95,1043.0,1012.15,1033.35,23939324.0
2020-06-22,1039.45,1045.95,1023.8,1028.75,14847321.0
2020-06-23,1039.0,1045.0,1016.55,1042.3,14415640.0
2020-06-24,1048.5,1057.5,1030.05,1032.5,19714664.0
2020-06-25,1021.9,1049.0,1007.0,1028.75,35323457.0
2020-06-26,1041.0,1063.0,1028.0,1056.45,19986677.0
2020-06-29,1037.0,1082.6,1037.0,1076.05,23003725.0
2020-06-30,1074.0,1078.55,1056.3,1065.85,17873316.0
2020-07-01,1065.85,1096.0,1061.3,1084.6,17423378.0
2020-07-02,1090.3,1111.25,1085.2,1089.4,18477248.0
2020-07-03,1093.0,1095.8,1070.0,1073.95,13798879.0
2020-07-06,1107.95,1119.9,1100.0,1103.0,17779243.0
2020-07-07,1109.4,1111.7,1093.05,1105.15,12175425.0
2020-07-08,1107.0,1124.9,1105.0,1110.35,15028412.0
2020-07-09,1118.0,1129.7,1107.25,1124.95,10057717.0
2020-07-10,1117.9,1120.0,1099.55,1105.1,8781604.0
2020-07-13,1109.9,1113.0,1071.3,1080.25,14961695.0
2020-07-14,1062.6,1068.9,1050.0,1058.85,13306511.0
2020-07-15,1070.2,1079.0,1050.1,1053.15,10487246.0
2020-07-16,1053.65,1065.5,1034.1,1062.55,11831256.0
2020-07-17,1059.05,1104.0,1058.3,1098.45,14202933.0
2020-07-20,1135.0,1152.9,1124.15,1133.05,32562064.0
2020-07-21,1152.05,1157.95,1134.0,1138.55,23757768.0
2020-07-22,1138.5,1144.5,1117.55,1126.35,12359024.0
2020-07-23,1125.0,1143.9,1116.25,1130.4,10074805.0
2020-07-24,1122.9,1122.9,1101.25,1119.1,9799222.0
2020-07-27,1099.85,1103.0,1075.35,1079.5,18985167.0
2020-07-28,1079.0,1094.4,1059.5,1086.65,17798330.0
2020-07-29,1081.0,1088.5,1055.55,1064.6,16796652.0
2020-07-30,1074.0,1083.65,1046.7,1050.65,13478951.0
2020-07-31,1057.7,1057.7,1020.05,1032.8,18865230.0
2020-08-03,1025.95,1026.95,993.0,1002.0,15891781.0
2020-08-04,1008.0,1061.05,1003.0,1041.65,30153418.0
2020-08-05,1047.95,1055.8,1020.0,1027.55,16610696.0
2020-08-06,1037.0,1055.0,1026.25,1040.7,16823558.0
2020-08-07,1034.85,1047.2,1020.6,1043.85,12418816.0
2020-08-10,1044.0,1064.0,1043.8,1050.65,11086465.0
2020-08-11,1048.5,1071.0,1048.5,1066.65,10068150.0
2020-08-12,1065.0,1066.0,1048.0,1063.7,10333222.0
2020-08-13,1067.95,1071.35,1056.5,1059.05,9946370.0
2020-08-14,1065.9,1065.9,1027.3,1034.45,10462350.0
2020-08-17,1047.0,1047.0,1020.2,1032.75,9780591.0
2020-08-18,1028.0,1061.65,1022.0,1056.5,12020562.0
2020-08-19,1065.0,1069.8,1056.25,1066.6,8858056.0
2020-08-20,1054.95,1068.95,1052.0,1059.0,9608591.0
2020-08-21,1065.4,1088.8,1064.6,1085.65,14462237.0
2020-08-24,1086.0,1122.95,1085.65,1117.05,18389929.0
2020-08-25,1119.0,1127.0,1106.2,1119.7,13800972.0
2020-08-26,1121.0,1131.75,1109.5,1118.45,12595131.0
2020-08-27,1125.8,1129.9,1106.25,1112.1,10323015.0
2020-08-28,1111.95,1125.0,1095.0,1114.5,19349069.0
2020-08-31,1129.5,1148.8,1100.7,1115.85,19250721.0
2020-09-01,1128.0,1143.6,1108.0,1127.3,14438949.0
2020-09-02,1124.1,1139.0,1120.7,1134.15,9880855.0
2020-09-03,1137.25,1145.95,1128.0,1130.9,9916701.0
2020-09-04,1110.0,1125.4,1104.4,1119.3,11830686.0
2020-09-07,1116.3,1119.5,1099.0,1110.5,8807764.0
2020-09-08,1114.0,1118.8,1103.0,1112.45,7312460.0
2020-09-09,1101.0,1110.0,1091.25,1096.5,7864545.0
2020-09-10,1103.0,1104.85,1084.0,1090.55,7594209.0
2020-09-11,1096.45,1104.85,1071.0,1078.65,10397545.0
2020-09-14,1088.0,1094.0,1052.35,1057.95,10825874.0
2020-09-15,1068.0,1076.15,1058.1,1070.5,8252566.000000001
2020-09-16,1070.2,1096.0,1068.35,1093.65,9355126.0
2020-09-17,1084.0,1094.0,1078.0,1083.6,9159413.0
2020-09-18,1092.0,1092.2,1047.2,1057.3,11740889.0
2020-09-21,1055.0,1071.35,1041.5,1049.3,9921439.0
2020-09-22,1054.05,1058.15,1029.5,1035.4,9310339.0
2020-09-23,1046.0,1055.0,1034.35,1047.25,8039935.0
2020-09-24,1038.0,1047.0,1025.0,1030.4,9904895.0
2020-09-25,1050.0,1051.95,1025.65,1044.0,10160775.0
2020-09-28,1048.95,1059.0,1042.65,1054.2,8076211.0
2020-09-29,1058.0,1069.9,1051.0,1062.55,6322274.0
2020-09-30,1060.0,1086.9,1052.0,1078.6,9407038.0
2020-10-01,1090.1,1110.0,1090.1,1106.95,10601566.0
2020-10-05,1112.0,1132.0,1111.0,1114.35,8470109.0
2020-10-06,1135.05,1148.0,1126.2,1144.1,9685997.0
2020-10-07,1144.9,1164.85,1137.6,1162.25,10624527.0
2020-10-08,1180.0,1203.0,1163.35,1191.8,17530368.0
2020-10-09,1201.0,1237.0,1191.65,1233.55,22486215.0
2020-10-12,1231.55,1242.75,1205.6,1213.65,9610277.0
2020-10-13,1213.4,1222.45,1195.0,1198.45,9177015.0
2020-10-14,1195.55,1214.3,1175.5,1211.5,11291473.0
2020-10-15,1214.2,1217.0,1164.0,1169.25,14123569.0
2020-10-16,1180.0,1203.5,1173.0,1199.35,12911559.0
2020-10-19,1235.0,1235.0,1192.6,1203.55,21179884.0
2020-10-20,1207.5,1227.4,1205.9,1223.95,13705994.0
2020-10-21,1230.6,1251.0,1221.7,1246.7,17820565.0
2020-10-22,1239.95,1250.0,1223.0,1233.3,10956548.0
2020-10-23,1243.5,1248.45,1231.2,1235.8,7933126.0
2020-10-26,1229.8,1242.0,1204.6,1210.9,9786023.0
2020-10-27,1226.0,1236.0,1197.85,1233.1,12158922.0
2020-10-28,1228.0,1232.0,1201.5,1209.6,8285625.0
2020-10-29,1200.6,1204.45,1178.5,1187.2,11530152.0
2020-10-30,1182.55,1199.3,1176.35,1183.55,5761470.0
2020-11-02,1194.35,1225.0,1177.5,1215.25,10963040.0
2020-11-03,1226.45,1250.75,1225.5,1247.95,14082115.0
2020-11-04,1252.0,1264.8,1230.0,1257.4,11702411.0
2020-11-05,1266.0,1276.0,1252.35,1269.2,10716964.0
2020-11-06,1266.25,1310.0,1265.5,1307.65,17852862.0
2020-11-09,1315.2,1345.95,1315.2,1340.55,13144220.0
2020-11-10,1357.0,1395.0,1351.55,1393.65,20758678.0
2020-11-11,1399.9,1414.8,1370.5,1389.95,18058097.0
2020-11-12,1377.4,1388.55,1360.0,1371.7,13526974.0
2020-11-13,1368.8,1368.8,1347.0,1358.8,11236240.0
2020-11-14,1367.8,1374.95,1365.2,1369.7,917533.0
2020-11-17,1385.8,1412.6,1380.6,1408.45,15529950.0
2020-11-18,1403.0,1419.0,1399.05,1408.7,9431388.0
2020-11-19,1389.7,1399.45,1368.0,1374.35,10133441.0
2020-11-20,1372.65,1408.4,1365.05,1403.65,10202681.0
2020-11-23,1415.0,1423.65,1375.35,1394.6,12623318.0
2020-11-24,1408.0,1445.0,1402.05,1438.2,20077200.0
2020-11-25,1451.3,1464.4,1397.0,1402.8,12076301.0
2020-11-26,1415.0,1432.0,1387.0,1426.65,13971563.0
2020-11-27,1431.8,1446.0,1415.55,1440.85,8997290.0
2020-12-01,1440.85,1449.0,1425.5,1433.3,8573787.0
2020-12-02,1431.0,1431.8,1394.8,1406.95,8946075.0
2020-12-03,1429.0,1432.0,1374.05,1377.2,18966611.0
2020-12-04,1381.0,1401.45,1373.3,1385.6,13456161.0
2020-12-07,1375.0,1379.95,1358.1,1372.25,12158159.0
2020-12-08,1375.0,1388.8,1365.15,1376.3,9728948.0
2020-12-09,1377.0,1410.05,1375.05,1407.2,11034537.0
2020-12-10,1398.0,1402.0,1375.75,1385.85,9863983.0
2020-12-11,1390.05,1395.0,1373.0,1382.8,10678192.0
2020-12-14,1383.0,1388.0,1368.0,1372.15,8611025.0
2020-12-15,1380.8,1394.95,1366.0,1391.3,10780718.0
2020-12-16,1404.0,1416.8,1394.5,1410.7,8416046.0
2020-12-17,1418.6,1445.0,1404.5,1441.8,10962239.0
2020-12-18,1435.0,1439.7,1406.3,1411.35,11497959.0
2020-12-21,1417.5,1423.85,1366.7,1372.65,11880912.0
2020-12-22,1384.8,1384.8,1345.0,1373.1,11425779.0
2020-12-23,1367.5,1380.95,1361.05,1375.65,7733697.0
2020-12-24,1389.4,1404.0,1377.0,1397.1,7476094.0
2020-12-28,1405.0,1421.0,1404.0,1412.85,5849597.0
2020-12-29,1421.05,1434.75,1420.0,1427.2,7247673.0
2020-12-30,1439.9,1439.9,1413.0,1432.5,8108363.0
2020-12-31,1435.0,1444.0,1425.05,1436.3,11072875.0
2021-01-01,1440.0,1443.0,1420.6,1425.05,4405469.0
2021-01-04,1438.0,1438.0,1399.0,1416.0,7870096.0
2021-01-05,1419.2,1430.75,1409.0,1426.7,7193412.0
2021-01-06,1435.0,1440.0,1413.1,1420.55,11067025.0
2021-01-07,1432.5,1432.6,1412.55,1416.25,9947421.0
2021-01-08,1432.0,1442.0,1423.1,1431.65,6884382.0
2021-01-11,1450.0,1464.9,1436.3,1451.45,8665696.0
2021-01-12,1452.45,1487.7,1449.1,1481.0,10194078.0
2021-01-13,1492.9,1496.9,1462.1,1470.65,8467325.0
2021-01-14,1471.15,1488.0,1456.0,1468.75,6148583.0
2021-01-15,1469.1,1471.65,1445.0,1466.65,7082618.0
2021-01-18,1469.9,1502.85,1467.0,1483.1,21412816.0
2021-01-19,1491.8,1511.65,1467.0,1503.85,8680127.0
2021-01-20,1501.0,1501.0,1486.0,1492.0,6673026.0
2021-01-21,1492.0,1494.35,1468.15,1474.8,13166527.0
2021-01-22,1467.9,1467.9,1440.15,1443.55,7696182.0
2021-01-25,1465.1,1481.0,1455.15,1462.85,10172359.0
2021-01-27,1468.0,1471.9,1406.15,1409.6,11778138.0
2021-01-28,1389.9,1401.3,1342.0,1371.45,21352223.0
2021-01-29,1391.35,1408.75,1364.5,1390.5,14352251.0
2021-02-01,1410.25,1482.5,1401.0,1476.75,13185272.0
2021-02-02,1501.0,1578.5,1497.4,1560.55,21210103.0
2021-02-03,1579.0,1581.7,1542.0,1574.8,10118627.0
2021-02-04,1566.0,1588.0,1543.45,1579.1,12242342.0
2021-02-05,1548.0,1618.25,1548.0,1597.6,13527358.0
2021-02-08,1620.0,1631.65,1595.7,1605.25,8723790.0
2021-02-09,1610.0,1628.0,1586.7,1611.85,9210683.0
2021-02-10,1608.35,1614.85,1567.0,1581.75,9894003.0
2021-02-11,1582.0,1597.8,1564.2,1572.35,6824309.0
2021-02-12,1573.9,1592.5,1573.0,1581.95,4955053.0
2021-02-15,1600.1,1625.0,1596.7,1616.6,5177622.0
2021-02-16,1621.2,1641.0,1608.45,1626.65,6948679.0
2021-02-17,1620.0,1621.8,1583.0,1586.5,6397213.0
2021-02-18,1605.95,1605.95,1548.0,1554.3,7360280.0
2021-02-19,1545.0,1564.2,1533.0,1539.1,8569754.0
2021-02-22,1545.05,1573.9,1539.45,1548.0,14725919.0
2021-02-23,1553.75,1557.7,1522.65,1529.15,9119953.0
2021-02-24,1526.5,1613.95,1516.25,1606.45,7157166.0
2021-02-25,1609.75,1636.25,1602.0,1606.4,10054785.0
2021-02-26,1587.05,1588.9,1521.0,1534.4,13956423.0
2021-03-01,1564.0,1572.55,1540.7,1558.9,6768009.0
2021-03-02,1575.7,1587.5,1551.0,1568.2,8055019.0
2021-03-03,1584.0,1596.0,1565.0,1586.85,5611205.0
2021-03-04,1548.55,1571.0,1539.1,1552.05,8145719.0
2021-03-05,1531.0,1545.6,1521.1,1530.0,8722911.0
2021-03-08,1542.0,1555.0,1512.5,1519.5,7558525.0
2021-03-09,1545.0,1565.7,1538.25,1562.5,7533348.0
2021-03-10,1572.0,1575.0,1552.15,1555.75,5527508.0
2021-03-12,1600.0,1600.0,1535.05,1551.95,7815602.0
2021-03-15,1548.4,1548.4,1515.3,1528.65,6115242.0
2021-03-16,1530.9,1540.4,1510.0,1512.15,6861183.0
2021-03-17,1524.25,1539.0,1490.2,1495.35,10532214.0
2021-03-18,1511.75,1522.05,1481.15,1491.0,9032770.0
2021-03-19,1485.0,1511.2,1474.05,1497.5,10617510.0
2021-03-22,1494.9,1494.9,1460.4,1469.15,7007816.0
2021-03-23,1470.0,1507.45,1469.1,1500.15,9880714.0
2021-03-24,1490.9,1506.45,1471.0,1478.8,8184450.0
2021-03-25,1490.2,1495.55,1450.25,1463.35,11982178.0
2021-03-26,1494.0,1499.0,1474.0,1491.3,6010629.0
2021-03-30,1506.65,1562.55,1501.55,1553.7,12804032.0
2021-03-31,1548.0,1548.0,1488.0,1493.65,15387253.0
2021-04-01,1499.4,1499.4,1465.0,1486.75,17881881.0
2021-04-05,1480.0,1485.0,1431.0,1449.6,8003293.0
2021-04-06,1460.0,1462.65,1432.65,1440.25,7537867.0
2021-04-07,1439.3,1456.7,1421.55,1447.2,12544090.0
2021-04-08,1453.0,1460.9,1430.5,1432.8,8806796.0
2021-04-09,1426.0,1432.8,1415.1,1421.75,14078908.0
2021-04-12,1393.0,1399.0,1353.0,1367.05,11274564.0
2021-04-13,1368.0,1406.45,1361.0,1400.35,9300341.0
2021-04-15,1405.0,1436.7,1391.0,1430.1,17222492.0
2021-04-16,1434.95,1445.0,1423.5,1428.65,7803263.0
2021-04-19,1390.0,1417.7,1372.3,1412.4,12034621.0
2021-04-20,1425.0,1426.4,1383.95,1391.4,11593135.0
2021-04-22,1380.0,1426.8,1371.05,1422.5,19242656.0
2021-04-23,1409.0,1434.6,1400.2,1414.15,11356764.0
2021-04-26,1413.0,1429.0,1402.75,1404.8,15085476.0
2021-04-27,1407.25,1442.0,1404.8,1438.7,10296453.0
2021-04-28,1436.25,1479.0,1431.0,1476.8,12051970.0
2021-04-29,1486.2,1503.65,1461.0,1472.5,12039276.0
2021-04-30,1445.0,1453.8,1407.5,1412.3,17616451.0
2021-05-03,1393.0,1421.9,1377.3,1414.45,11236850.0
2021-05-04,1409.95,1423.0,1383.3,1388.35,10743164.0
2021-05-05,1401.0,1409.6,1381.7,1402.6,7210806.0
2021-05-06,1407.6,1410.8,1395.0,1400.9,5738522.0
2021-05-07,1412.95,1424.95,1410.25,1414.75,6024167.0
2021-05-10,1427.0,1430.0,1412.8,1419.85,5530025.0
2021-05-11,1396.0,1424.2,1395.05,1403.55,7259517.0
2021-05-12,1399.75,1408.6,1388.85,1399.5,6887463.0
2021-05-14,1394.35,1398.9,1382.35,1386.85,5302071.0
2021-05-17,1395.15,1442.6,1381.3,1440.25,7560346.0
2021-05-18,1458.95,1482.75,1455.0,1476.7,11082640.0
2021-05-19,1470.2,1478.85,1452.55,1458.2,5065458.0
2021-05-20,1458.35,1465.9,1428.5,1432.8,5342092.0
2021-05-21,1443.0,1501.9,1443.0,1497.3,9670823.0
2021-05-24,1503.25,1520.45,1498.5,1509.95,11073051.0
2021-05-25,1510.5,1513.75,1470.5,1478.95,9618487.0
2021-05-26,1480.0,1487.0,1470.0,1477.05,6141995.0
2021-05-27,1473.1,1489.0,1462.45,1482.65,10219748.0
2021-05-28,1490.9,1513.0,1478.75,1503.45,8875010.0
2021-05-31,1500.0,1519.5,1487.5,1515.85,7830527.0
2021-06-01,1520.3,1527.0,1507.25,1511.7,5515081.0
2021-06-02,1510.0,1510.2,1493.0,1504.0,5312008.0
2021-06-03,1508.0,1524.95,1487.75,1520.55,5143630.0
2021-06-04,1516.0,1520.65,1499.2,1500.95,4712238.0
2021-06-07,1510.0,1514.0,1496.0,1499.85,4045834.0
2021-06-08,1496.55,1501.3,1481.5,1483.05,4936270.0
2021-06-09,1483.9,1502.0,1472.05,1480.3,5111721.0
2021-06-10,1482.1,1489.0,1473.65,1481.05,5741770.0
2021-06-11,1491.0,1496.55,1481.05,1486.35,3602987.0
2021-06-14,1478.25,1486.0,1462.55,1479.45,4440982.0
2021-06-15,1486.0,1496.0,1474.8,1490.25,3784801.0
2021-06-16,1488.0,1494.0,1478.1,1484.6,3851049.0
2021-06-17,1466.0,1478.75,1460.0,1466.1,4641901.0
2021-06-18,1469.5,1490.0,1455.0,1479.8,5969030.0
2021-06-21,1461.35,1491.8,1459.0,1488.7,3630236.0
2021-06-22,1497.0,1508.0,1480.0,1483.8,7183412.0
2021-06-23,1490.0,1497.8,1478.6,1485.5,3922434.0
2021-06-24,1490.0,1513.45,1488.0,1506.25,7392512.0
2021-06-25,1511.1,1522.0,1507.0,1515.1,5191588.0
2021-06-28,1520.0,1523.0,1505.0,1508.35,4678393.0
2021-06-29,1507.0,1508.2,1492.15,1502.05,5485846.0
2021-06-30,1498.0,1509.0,1494.1,1497.9,4839511.0
2021-07-01,1502.0,1502.0,1483.0,1486.75,8455721.0
2021-07-02,1485.0,1489.25,1477.0,1480.4,7413518.0
2021-07-05,1489.95,1504.5,1484.55,1495.45,3686941.0
2021-07-06,1497.0,1540.0,1496.0,1534.7,8834516.0
2021-07-07,1534.0,1545.35,1527.7,1539.5,4814595.0
2021-07-08,1525.0,1537.7,1513.45,1520.45,4210461.0
2021-07-09,1512.55,1516.0,1497.5,1502.0,5347921.0
2021-07-12,1502.0,1502.0,1484.0,1487.0,7229489.0
2021-07-13,1496.1,1506.1,1484.1,1501.85,9089071.0
2021-07-14,1497.5,1507.35,1491.1,1499.15,4894247.0
2021-07-15,1505.0,1526.75,1499.65,1520.7,5219401.0
2021-07-16,1527.95,1529.95,1518.8,1522.35,2585314.0
2021-07-19,1487.0,1488.85,1466.0,1471.0,12555800.0
2021-07-20,1442.0,1454.0,1436.15,1443.15,12087125.0
2021-07-22,1456.1,1468.5,1445.0,1448.7,6603557.0
2021-07-23,1451.5,1457.45,1435.3,1442.75,6563342.0
2021-07-26,1430.0,1444.0,1428.1,1434.55,6583583.0
2021-07-27,1436.1,1449.9,1436.1,1439.75,11200715.0
2021-07-28,1435.05,1438.7,1404.0,1417.3,10335171.0
2021-07-29,1428.25,1429.95,1413.3,1418.25,6851115.0
2021-07-30,1419.0,1431.75,1407.95,1426.45,5827744.0
2021-08-02,1435.0,1435.0,1416.25,1422.65,6629393.0
2021-08-03,1410.0,1439.9,1410.0,1434.7,6016560.0
2021-08-04,1441.0,1474.5,1440.0,1465.3,11026974.0
2021-08-05,1467.1,1507.05,1457.4,1484.85,9411204.0
2021-08-06,1483.55,1500.0,1474.0,1492.65,6669635.0
2021-08-09,1492.0,1507.35,1476.0,1503.9,5499024.0
2021-08-10,1489.0,1519.75,1489.0,1507.65,7419173.0
2021-08-11,1514.9,1518.85,1491.05,1494.95,6292893.0
2021-08-12,1497.0,1507.6,1489.3,1501.4,4298837.0
2021-08-13,1501.2,1531.0,1501.0,1526.2,8329214.0
2021-08-16,1526.15,1535.0,1521.45,1530.6,3126389.0
2021-08-17,1517.2,1524.0,1505.3,1514.65,4141333.0
2021-08-18,1556.7,1565.35,1508.35,1513.0,11492966.0
2021-08-20,1486.05,1519.8,1486.05,1514.75,6575203.0
2021-08-23,1529.85,1533.15,1508.65,1524.6,5421527.0
2021-08-24,1530.0,1564.5,1527.45,1558.85,9190657.0
2021-08-25,1552.1,1564.8,1548.0,1557.4,3863987.0
2021-08-26,1550.0,1571.0,1543.45,1554.8,5559501.0
2021-08-27,1552.0,1558.65,1545.25,1548.45,3191069.0
2021-08-30,1555.6,1570.0,1551.6,1568.25,4524583.0
2021-08-31,1563.5,1583.35,1562.2,1581.4,6031288.0
2021-09-01,1575.0,1598.0,1574.5,1579.1,6211279.0
2021-09-02,1574.1,1592.0,1571.25,1589.0,4809262.0
2021-09-03,1586.1,1598.0,1568.3,1576.05,5367667.0
2021-09-06,1579.95,1580.95,1561.95,1565.7,3938448.0
2021-09-07,1562.5,1582.0,1555.2,1569.25,3622748.0
2021-09-08,1571.95,1580.5,1565.6,1576.4,3362040.0
2021-09-09,1574.0,1579.45,1561.0,1568.6,4125474.0
2021-09-13,1562.0,1584.0,1553.65,1555.55,4479582.0
2021-09-14,1560.0,1564.5,1546.6,1548.55,4879253.0
2021-09-15,1535.0,1554.8,1535.0,1546.8,7411499.0
2021-09-16,1537.75,1564.3,1536.3,1559.95,5130275.0
2021-09-17,1569.0,1589.0,1559.2,1582.15,10249051.0
2021-09-20,1564.0,1581.7,1558.0,1559.85,4390805.0
2021-09-21,1562.0,1568.65,1528.95,1551.95,7387498.0
2021-09-22,1549.0,1550.15,1530.0,1533.7,5291101.0
2021-09-23,1542.0,1572.0,1542.0,1570.0,6832152.0
2021-09-24,1579.0,1607.95,1575.0,1601.55,10403351.0
2021-09-27,1615.7,1635.5,1608.0,1625.1,8207731.0
2021-09-28,1632.0,1632.0,1582.0,1615.05,6386895.0
2021-09-29,1597.0,1606.6,1585.15,1593.85,8131518.0
2021-09-30,1586.0,1606.35,1583.1,1594.95,7987674.0
2021-10-01,1583.0,1589.0,1565.25,1582.7,5564298.0
2021-10-04,1589.0,1601.35,1583.6,1585.75,3525514.0
2021-10-05,1592.0,1597.5,1576.25,1595.45,5128589.0
2021-10-06,1596.0,1626.85,1587.0,1614.9,9300415.0
2021-10-07,1626.6,1627.7,1607.0,1610.5,5632862.0
2021-10-08,1612.0,1622.0,1600.15,1602.65,3622781.0
2021-10-11,1599.9,1645.0,1599.0,1633.8,6540424.0
2021-10-12,1625.0,1641.55,1625.0,1629.6,4088473.0
2021-10-13,1637.0,1648.0,1630.0,1639.4,3112822.0
2021-10-14,1638.0,1690.0,1638.0,1687.4,7378644.0
2021-10-18,1705.0,1725.0,1667.05,1670.3,14428228.0
2021-10-19,1675.45,1692.45,1671.0,1688.7,4493770.0
2021-10-20,1689.1,1698.75,1664.45,1673.85,5454284.0
2021-10-21,1671.8,1681.95,1660.85,1676.3,4869095.0
2021-10-22,1680.1,1708.0,1670.75,1680.75,6087777.0
2021-10-25,1690.0,1690.0,1613.8,1657.0,8213383.0
2021-10-26,1650.0,1673.85,1646.35,1652.75,6045328.0
2021-10-27,1652.75,1665.05,1637.3,1642.8,6624821.0
2021-10-28,1650.0,1650.0,1587.15,1593.6,8898875.0
2021-10-29,1590.0,1602.0,1560.0,1582.85,6203437.0
2021-11-01,1585.0,1611.0,1583.55,1605.3,4061160.0
2021-11-02,1606.0,1622.0,1600.05,1606.75,6618861.0
2021-11-03,1605.1,1609.9,1575.55,1581.45,5103669.0
2021-11-04,1595.0,1597.85,1590.1,1593.95,548404.0
2021-11-08,1592.1,1604.7,1570.45,1600.25,9471790.0
2021-11-09,1594.6,1594.6,1569.05,1572.25,6347738.0
2021-11-10,1568.0,1569.0,1550.0,1555.25,6857063.0
2021-11-11,1550.05,1554.9,1535.6,1548.3,3999702.0
2021-11-12,1550.0,1559.05,1545.05,1553.0,7457046.0
2021-11-15,1562.1,1571.85,1554.4,1557.25,4766797.0
2021-11-16,1555.0,1557.2,1541.6,1548.0,4122703.0
2021-11-17,1536.9,1544.0,1528.5,1530.8,3799439.0
2021-11-18,1526.05,1543.5,1525.25,1539.4,4576437.0
2021-11-22,1546.0,1552.7,1499.05,1515.35,7630636.0
2021-11-23,1502.0,1527.8,1496.35,1515.55,5617607.0
2021-11-24,1524.0,1536.35,1514.05,1518.05,15401143.0
2021-11-25,1514.8,1533.3,1507.0,1525.95,5125826.0
2021-11-26,1500.0,1506.7,1485.0,1489.9,9312468.0
2021-11-29,1494.8,1507.65,1462.0,1501.25,6495498.0
2021-11-30,1495.0,1529.0,1486.55,1493.55,12610771.0
2021-12-01,1495.0,1507.05,1489.1,1504.65,4338817.0
2021-12-02,1504.5,1528.8,1500.0,1525.75,5601555.0
2021-12-03,1525.8,1535.95,1507.05,1513.55,4062347.0
2021-12-06,1513.0,1518.8,1497.35,1503.8,3514766.0
2021-12-07,1513.95,1532.0,1509.9,1525.7,6213767.0
2021-12-08,1536.0,1555.05,1534.0,1553.8,7647767.0
2021-12-09,1545.2,1554.7,1522.0,1526.85,5873872.0
2021-12-10,1524.9,1528.0,1508.45,1522.55,3889692.0
2021-12-13,1526.0,1537.65,1507.2,1511.15,5161071.0
2021-12-14,1502.5,1516.0,1497.05,1502.45,4595550.0
2021-12-15,1503.0,1523.35,1495.65,1500.0,5057574.0
2021-12-16,1512.8,1517.0,1494.0,1500.1,6605216.0
2021-12-17,1497.0,1506.0,1467.7,1473.05,7497384.0
2021-12-20,1452.0,1458.0,1414.1,1425.65,10578334.0
2021-12-21,1439.5,1450.75,1430.0,1441.8,4559375.0
2021-12-22,1452.3,1456.0,1435.7,1445.2,4288742.0
2021-12-23,1453.25,1457.8,1436.85,1444.1,4889583.0
2021-12-24,1445.5,1452.0,1428.0,1438.9,2780512.0
2021-12-27,1428.9,1454.0,1422.15,1450.8,2352549.0
2021-12-28,1460.7,1466.9,1453.4,1460.8,2725339.0
2021-12-29,1456.05,1461.0,1447.4,1453.85,3834351.0
2021-12-30,1458.5,1466.85,1445.0,1461.5,3607959.0
2021-12-31,1461.5,1484.8,1461.5,1479.4,3162868.0
2022-01-03,1485.0,1523.0,1480.5,1519.65,4534592.0
2022-01-04,1520.0,1532.9,1507.8,1528.55,4428676.0
2022-01-05,1536.8,1572.0,1528.1,1564.85,7166319.0
2022-01-06,1543.0,1554.75,1530.05,1539.75,4814465.0
2022-01-07,1544.0,1566.75,1535.9,1550.55,5589692.0
2022-01-10,1558.0,1572.0,1545.5,1559.15,4428248.0
2022-01-11,1561.55,1568.7,1547.8,1565.9,4194599.0
2022-01-12,1568.0,1576.65,1552.0,1556.65,10542765.0
2022-01-13,1555.0,1555.0,1520.4,1528.0,20981948.0
2022-01-14,1530.0,1548.7,1519.0,1545.15,5604484.0
2022-01-17,1530.0,1556.0,1519.15,1521.5,11494686.0
2022-01-18,1533.0,1550.9,1523.0,1529.25,6170576.0
2022-01-19,1534.0,1539.75,1513.35,1518.45,7158813.0
2022-01-20,1528.45,1528.5,1500.1,1509.0,7598923.0
2022-01-21,1500.0,1529.8,1485.6,1521.6,5768847.0
2022-01-24,1509.95,1521.25,1467.55,1486.65,5934254.0
2022-01-25,1458.65,1495.0,1444.0,1488.05,6797124.0
2022-01-27,1450.0,1485.0,1435.0,1474.95,14308919.0
2022-01-28,1477.5,1486.7,1460.0,1463.25,12462604.0
2022-01-31,1472.75,1491.55,1466.8,1485.7,6421273.0
2022-02-01,1508.5,1517.0,1473.45,1497.0,7369742.0
2022-02-02,1511.95,1535.0,1505.6,1531.2,6984645.0
2022-02-03,1528.75,1539.95,1509.0,1515.35,5282381.0
2022-02-04,1528.4,1532.85,1514.1,1524.0,5789979.0
2022-02-07,1512.1,1519.0,1460.0,1468.15,6134021.0
2022-02-08,1476.4,1478.45,1444.55,1461.85,6990565.0
2022-02-09,1474.0,1499.7,1467.0,1497.6,5654171.0
2022-02-10,1514.0,1535.5,1501.65,1525.1,7157265.0
2022-02-11,1500.25,1525.0,1499.5,1518.85,5355552.0
2022-02-14,1490.0,1499.45,1469.3,1473.7,7328310.0
2022-02-15,1476.0,1524.9,1473.05,1517.8,6567533.0
2022-02-16,1534.35,1534.75,1507.0,1515.75,5016132.0
2022-02-17,1513.1,1522.0,1502.0,1506.5,3675604.0
2022-02-18,1498.3,1517.0,1490.45,1512.35,3898064.0
2022-02-21,1504.0,1530.7,1495.55,1522.1,3734033.0
2022-02-22,1489.8,1522.1,1487.95,1510.7,4768098.0
2022-02-23,1525.1,1525.7,1495.65,1500.9,4514781.0
2022-02-24,1449.9,1474.95,1407.15,1419.4,11815383.0
2022-02-25,1439.95,1465.9,1432.85,1456.1,9159327.0
2022-02-28,1426.0,1438.55,1414.05,1426.25,12440416.0
2022-03-02,1386.5,1398.4,1354.4,1374.25,19252780.0
2022-03-03,1381.0,1392.0,1362.9,1371.0,8763961.0
2022-03-04,1360.0,1386.0,1336.9,1366.5,10609682.0
2022-03-07,1318.5,1332.35,1297.05,1324.8,13527229.0
2022-03-08,1302.2,1334.0,1292.0,1327.8,19606246.0
2022-03-09,1330.0,1374.7,1318.85,1371.15,11567347.0
2022-03-10,1427.0,1427.0,1380.25,1392.7,11136603.0
2022-03-11,1388.0,1408.95,1372.7,1396.8,7575390.0
2022-03-14,1415.0,1450.0,1415.0,1442.55,12509063.0
2022-03-15,1443.5,1449.5,1411.75,1424.0,9433964.0
2022-03-16,1447.0,1455.0,1436.2,1448.15,6682054.0
2022-03-17,1472.0,1489.8,1470.55,1480.05,7411977.0
2022-03-21,1487.0,1493.65,1472.8,1486.5,6128938.0
2022-03-22,1481.3,1498.0,1457.2,1494.15,5230907.0
2022-03-23,1507.0,1518.8,1473.6,1479.25,15594128.0
2022-03-24,1466.0,1469.65,1434.55,1442.65,10080022.0
2022-03-25,1451.0,1452.0,1419.0,1430.9,8183231.0
2022-03-28,1430.9,1438.0,1401.6,1432.8,7877443.0
2022-03-29,1441.0,1460.25,1430.0,1451.8,6188724.0
2022-03-30,1472.0,1482.75,1454.05,1476.95,10054871.0
2022-03-31,1471.0,1484.7,1465.9,1470.35,7147857.0
2022-04-01,1476.4,1510.0,1470.3,1506.0,7284278.0
2022-04-04,1580.0,1722.1,1562.55,1656.8,48725485.0
2022-04-05,1666.7,1666.7,1602.0,1608.25,15461291.0
2022-04-06,1587.7,1589.8,1547.35,1550.85,13513930.0
2022-04-07,1541.3,1541.35,1513.7,1516.75,20390866.0
2022-04-08,1512.1,1525.75,1497.3,1514.65,20628161.0
2022-04-11,1506.0,1510.0,1493.25,1496.15,10399533.0
2022-04-12,1484.0,1506.85,1480.15,1493.5,13717701.0
2022-04-13,1490.0,1502.3,1462.65,1464.95,14446260.0
2022-04-18,1418.85,1431.65,1390.05,1395.45,22810188.0
2022-04-19,1380.9,1389.55,1327.0,1342.2,37048011.0
2022-04-20,1354.45,1359.9,1335.35,1354.3,24662868.0
2022-04-21,1365.0,1379.8,1353.3,1374.35,26223135.0
2022-04-22,1360.0,1375.35,1349.15,1355.6,10329574.0
2022-04-25,1350.0,1370.65,1322.25,1365.75,10467744.0
2022-04-26,1372.0,1381.95,1357.15,1372.05,8508421.0
2022-04-27,1360.0,1379.0,1356.1,1372.55,9027167.0
2022-04-28,1372.0,1379.0,1362.1,1371.35,10386861.0
2022-04-29,1380.35,1404.75,1371.55,1384.6,14200738.0
2022-05-02,1362.05,1406.45,1362.05,1403.7,9747158.0
2022-05-04,1400.0,1403.6,1350.0,1356.0,14527958.0
2022-05-05,1375.0,1375.0,1346.5,1352.95,8931456.0
2022-05-06,1330.0,1335.0,1313.0,1317.6,13365634.0
2022-05-09,1300.0,1326.5,1295.5,1319.85,16381217.0
2022-05-10,1315.05,1353.0,1315.05,1341.05,10056906.0
2022-05-11,1353.0,1355.0,1328.65,1348.6,8551462.0
2022-05-12,1321.1,1326.8,1293.0,1303.05,11191145.0
2022-05-13,1310.05,1318.0,1287.0,1291.35,8384119.000000001
2022-05-16,1299.0,1312.0,1285.3,1305.1,4902178.0
2022-05-17,1312.6,1317.0,1298.2,1314.0,8320722.0
2022-05-18,1324.05,1333.3,1310.0,1313.9,7866192.0
2022-05-19,1286.2,1296.4,1278.3,1287.05,10268753.0
2022-05-20,1303.0,1324.2,1292.35,1320.95,6959675.0
2022-05-23,1314.0,1329.95,1299.1,1304.0,9743160.0
2022-05-24,1300.0,1325.0,1296.9,1318.95,6435398.0
2022-05-25,1330.0,1335.95,1323.2,1328.8,6443556.0
2022-05-26,1342.15,1371.0,1340.0,1366.7,13496214.0
2022-05-27,1371.8,1394.7,1370.75,1392.05,12015859.0
2022-05-30,1410.25,1420.5,1398.45,1401.55,6312337.0
2022-05-31,1395.9,1404.8,1380.0,1388.95,6742694.0
2022-06-01,1380.0,1400.45,1379.15,1394.85,6045948.0
2022-06-02,1387.25,1388.0,1378.6,1385.1,5737510.0
2022-06-03,1398.3,1400.75,1376.3,1380.3,3478622.0
2022-06-06,1376.3,1387.0,1360.65,1378.45,3086633.0
2022-06-07,1362.0,1374.3,1354.1,1362.6,5126983.0
2022-06-08,1373.3,1381.0,1357.0,1367.4,2993294.0
2022-06-09,1362.25,1382.05,1357.15,1377.7,3655908.0
2022-06-10,1360.1,1367.95,1343.6,1351.1,4577715.0
2022-06-13,1323.6,1330.0,1308.3,1326.6,5446286.0
2022-06-14,1311.25,1326.0,1305.0,1312.0,5935178.0
2022-06-15,1301.65,1315.8,1298.4,1307.45,5905235.0
2022-06-16,1310.0,1320.55,1278.0,1281.3,6084596.0
2022-06-17,1275.0,1299.0,1271.6,1289.75,7361961.0
2022-06-20,1304.7,1325.0,1294.15,1322.15,7968420.0
2022-06-21,1336.9,1354.0,1324.05,1336.55,6610342.0
2022-06-22,1332.25,1336.95,1323.2,1330.25,4079849.0
2022-06-23,1330.5,1348.0,1318.5,1335.15,7686122.0
2022-06-24,1338.55,1361.65,1338.55,1353.8,4006716.0
2022-06-27,1370.0,1376.0,1352.0,1356.25,4902082.0
2022-06-28,1344.0,1351.0,1338.4,1345.9,4885287.0
2022-06-29,1331.25,1350.75,1331.25,1343.95,4997023.0
2022-06-30,1336.0,1354.0,1336.0,1348.0,6237911.0
2022-07-01,1343.95,1360.0,1330.05,1353.75,5736226.0
2022-07-04,1353.7,1360.2,1342.25,1355.65,4243740.0
2022-07-05,1364.0,1379.35,1348.3,1352.6,7162859.0
2022-07-06,1348.0,1373.4,1347.1,1371.25,7524539.0
2022-07-07,1380.0,1398.0,1374.45,1395.8,8871571.0
2022-07-08,1410.0,1410.0,1394.75,1397.1,6237015.0
2022-07-11,1394.0,1409.9,1393.25,1406.15,3731440.0
2022-07-12,1405.25,1405.25,1389.4,1391.8,4938487.0
2022-07-13,1390.0,1394.2,1354.25,1357.85,7972805.0
2022-07-14,1362.0,1372.65,1349.25,1351.05,5186205.0
2022-07-15,1353.0,1364.9,1346.8,1362.05,6797823.0
2022-07-18,1348.0,1366.1,1342.05,1347.55,10166110.0
2022-07-19,1337.0,1358.55,1337.0,1348.05,7896269.0
2022-07-20,1359.9,1371.1,1355.25,1365.05,10173931.0
2022-07-21,1360.55,1369.5,1358.1,1360.75,6320139.0
2022-07-22,1366.0,1397.0,1362.4,1392.5,6364796.0
2022-07-25,1395.0,1404.6,1383.3,1396.6,5071563.0
2022-07-26,1396.0,1402.0,1386.3,1393.75,4263982.0
2022-07-27,1388.9,1406.0,1384.25,1404.4,4606389.0
2022-07-28,1415.05,1424.0,1411.0,1416.85,8710203.0
2022-07-29,1438.0,1438.6,1415.3,1434.2,10009868.0
2022-08-01,1439.0,1448.45,1430.05,1446.15,6596518.0
2022-08-02,1442.0,1444.6,1423.05,1430.25,7518255.0
2022-08-03,1424.95,1435.75,1417.0,1433.6,5487749.0
2022-08-04,1440.0,1446.7,1412.95,1431.9,6006103.0
2022-08-05,1433.0,1436.95,1421.15,1427.05,4634491.0
2022-08-08,1428.0,1464.5,1427.1,1462.05,7678868.0
2022-08-10,1461.35,1471.5,1449.05,1466.3,8676551.0
2022-08-11,1486.5,1491.0,1474.55,1485.7,9150883.0
2022-08-12,1485.0,1489.3,1475.95,1485.15,4425185.0
2022-08-16,1494.8,1508.5,1488.05,1502.15,6281878.0
2022-08-17,1500.0,1512.75,1485.75,1509.9,6192175.0
2022-08-18,1500.0,1513.9,1499.65,1511.7,4171069.0
2022-08-19,1510.0,1512.0,1490.0,1493.05,4031851.0
2022-08-22,1484.8,1488.35,1467.7,1470.35,4117033.0
2022-08-23,1453.3,1475.95,1450.4,1465.8,7483442.0
2022-08-24,1461.9,1475.5,1459.2,1472.85,6727760.0
2022-08-25,1479.9,1486.8,1457.0,1464.85,5911520.0
2022-08-26,1472.05,1481.8,1461.2,1465.1,3853088.0
2022-08-29,1437.0,1446.0,1428.6,1439.4,4326589.0
2022-08-30,1446.45,1489.95,1443.1,1486.1,5067700.0
2022-09-01,1464.75,1489.45,1459.0,1472.15,11201568.0
2022-09-02,1472.15,1490.5,1465.2,1485.5,6019043.0
2022-09-05,1486.1,1499.0,1484.1,1495.05,6065966.0
2022-09-06,1498.9,1506.65,1486.45,1489.35,6119348.0
2022-09-07,1471.3,1490.0,1471.3,1482.3,4888103.0
2022-09-08,1490.1,1500.0,1482.15,1497.6,5582345.0
2022-09-09,1496.2,1509.0,1494.05,1498.6,7564444.0
2022-09-12,1500.0,1504.0,1490.0,1493.55,5540246.0
2022-09-13,1498.9,1515.9,1498.55,1513.1,6500983.0
2022-09-14,1494.05,1538.9,1492.35,1528.65,10109880.0
2022-09-15,1530.0,1540.95,1512.0,1520.7,6769686.0
2022-09-16,1503.1,1514.7,1483.0,1492.75,10280023.0
2022-09-19,1489.0,1514.0,1480.0,1502.6,6038019.0
2022-09-20,1514.0,1524.0,1509.9,1520.7,5390834.0
2022-09-21,1508.0,1521.5,1505.0,1518.35,4536152.0
2022-09-22,1502.0,1510.15,1482.75,1486.0,6024072.0
2022-09-23,1472.35,1475.0,1437.0,1446.15,7903126.0
2022-09-26,1425.35,1436.45,1418.0,1426.65,4461743.0
2022-09-27,1432.4,1440.0,1407.0,1413.85,6319850.0
2022-09-28,1406.0,1410.6,1385.9,1389.55,5908066.0
2022-09-29,1396.3,1402.2,1378.8,1382.35,7205194.0
2022-09-30,1378.8,1431.45,1365.0,1421.35,7890878.0
2022-10-03,1409.95,1417.85,1401.1,1413.2,5770556.0
2022-10-04,1429.5,1458.0,1426.15,1453.0,5769263.0
2022-10-06,1459.95,1462.6,1434.2,1437.0,6274599.0
2022-10-07,1430.25,1434.95,1420.35,1430.8,6648997.0
2022-10-10,1408.0,1426.0,1398.2,1415.0,6554651.0
2022-10-11,1401.1,1417.0,1399.45,1400.65,7260810.0
2022-10-12,1403.2,1414.85,1397.3,1409.8,4612525.0
2022-10-13,1402.05,1406.25,1384.0,1393.6,7357117.0
2022-10-14,1417.0,1447.0,1415.25,1439.0,6424960.0
2022-10-17,1435.0,1457.6,1427.0,1446.55,9205250.0
2022-10-18,1458.05,1462.9,1440.0,1443.85,5280554.0
2022-10-19,1464.0,1477.4,1453.4,1458.65,6483520.0
2022-10-20,1444.0,1452.9,1442.5,1448.8,3949039.0
2022-10-21,1452.0,1457.65,1434.0,1438.6,5246303.0
2022-10-24,1454.3,1463.0,1454.3,1461.05,1083897.0
2022-10-25,1461.1,1467.8,1445.0,1450.9,6886697.0
2022-10-27,1464.5,1467.35,1451.25,1454.4,7968638.0
2022-10-28,1450.0,1467.0,1447.4,1458.7,5237139.0
2022-10-31,1472.0,1498.0,1467.25,1496.7,6415264.0
2022-11-01,1503.5,1529.0,1498.9,1513.25,9536878.0
2022-11-02,1517.0,1528.25,1511.6,1514.2,6360203.0
2022-11-03,1497.7,1520.25,1497.0,1507.55,5166176.0
2022-11-04,1503.2,1516.1,1489.6,1497.15,5409030.0
2022-11-07,1510.0,1512.0,1492.1,1508.8,4917917.0
2022-11-09,1515.05,1517.95,1504.0,1508.35,4634895.0
2022-11-10,1497.1,1527.0,1495.05,1524.75,6387091.0
2022-11-11,1545.0,1637.0,1538.0,1611.15,28361169.0
2022-11-14,1612.0,1628.0,1598.0,1615.05,9597695.0
2022-11-15,1623.15,1623.15,1605.25,1619.0,5515101.0
2022-11-16,1618.65,1642.0,1612.0,1632.9,6789075.0
2022-11-17,1618.1,1631.55,1613.9,1618.15,6050465.0
2022-11-18,1621.0,1623.0,1605.25,1613.9,5229616.0
2022-11-21,1607.65,1612.0,1590.2,1597.35,4172408.0
2022-11-22,1600.0,1604.35,1591.0,1595.0,4273157.0
2022-11-23,1605.0,1605.0,1594.0,1599.15,5092869.0
2022-11-24,1605.95,1632.0,1599.15,1625.15,8598980.0
2022-11-25,1629.7,1631.7,1614.1,1617.65,4205248.0
2022-11-28,1602.9,1607.45,1594.05,1600.25,8052990.0
2022-11-29,1597.25,1612.35,1592.85,1597.85,6319118.0
2022-11-30,1597.1,1612.9,1597.1,1608.45,7592403.0
2022-12-01,1622.0,1637.0,1615.0,1619.5,10223183.0
2022-12-02,1610.0,1618.6,1605.15,1607.1,3905539.0
2022-12-05,1609.95,1614.6,1596.2,1612.95,5796311.0
2022-12-06,1601.0,1613.7,1600.0,1611.15,6176546.0
2022-12-07,1614.15,1618.6,1604.45,1610.45,5837360.0
2022-12-08,1610.0,1626.0,1605.0,1619.5,7401817.0
2022-12-09,1626.0,1634.85,1620.0,1631.05,5981692.0
2022-12-12,1625.0,1653.6,1621.4,1643.75,7217404.0
2022-12-13,1650.0,1657.0,1645.0,1648.3,8515851.0
2022-12-14,1653.0,1665.5,1650.0,1662.25,7113820.0
2022-12-15,1657.05,1669.4,1627.05,1631.8,9091324.0
2022-12-16,1620.05,1645.1,1609.0,1639.65,7323979.0
2022-12-19,1644.0,1646.65,1626.2,1644.75,4802271.0
2022-12-20,1620.2,1636.4,1620.2,1633.4,3587349.0
2022-12-21,1641.0,1644.8,1606.55,1617.6,4634599.0
2022-12-22,1622.2,1627.5,1609.0,1612.05,4873548.0
2022-12-23,1587.0,1604.15,1585.45,1597.65,5346576.0
2022-12-26,1599.5,1639.0,1590.0,1629.45,4953661.0
2022-12-27,1633.0,1635.95,1613.5,1631.1,3963386.0
2022-12-28,1623.1,1633.0,1623.1,1629.8,4345935.0
2022-12-29,1620.1,1643.5,1611.0,1641.3,5506448.0
2022-12-30,1645.0,1645.0,1620.0,1628.15,3561320.0
2023-01-02,1627.0,1639.75,1618.55,1628.7,2190689.0
2023-01-03,1622.2,1643.0,1622.2,1639.35,4189015.0
2023-01-04,1635.0,1645.75,1607.0,1610.05,5175800.0
2023-01-05,1615.0,1618.05,1589.4,1599.7,5470718.0
2023-01-06,1602.0,1609.1,1578.2,1594.4,4546231.0
2023-01-09,1596.0,1611.55,1590.0,1597.5,5364670.0
2023-01-10,1600.0,1600.0,1565.0,1568.3,8185883.0
2023-01-11,1567.95,1598.0,1560.0,1590.9,7597899.0
2023-01-12,1587.8,1603.9,1584.15,1599.4,4625035.0
2023-01-13,1598.75,1609.9,1586.0,1600.65,4622273.0
2023-01-16,1615.0,1621.3,1580.3,1585.3,7374047.0
2023-01-17,1589.8,1611.0,1577.5,1608.9,5393177.0
2023-01-18,1605.0,1641.6,1599.7,1637.3,9545321.0
2023-01-19,1637.0,1650.0,1633.0,1644.1,5586081.0
2023-01-20,1644.1,1669.0,1643.4,1660.95,9421702.0
2023-01-23,1666.25,1682.6,1661.4,1673.1,7722200.0
2023-01-24,1675.05,1702.4,1675.0,1695.5,12491970.0
2023-01-25,1691.4,1692.95,1645.3,1648.65,7352071.0
2023-01-27,1632.0,1637.0,1589.95,1615.8,17589974.0
2023-01-30,1595.0,1625.3,1582.0,1614.15,9256411.0
2023-01-31,1619.7,1622.7,1595.0,1603.5,9298122.0
2023-02-01,1624.0,1665.0,1606.0,1627.55,8651395.0
2023-02-02,1608.1,1624.5,1588.75,1603.35,8748553.0
2023-02-03,1611.0,1660.5,1607.0,1658.8,7205550.0
2023-02-06,1660.0,1669.4,1646.2,1651.75,5583836.0
2023-02-07,1659.4,1664.9,1632.6,1654.2,5132294.0
2023-02-08,1654.25,1668.2,1650.0,1654.0,4222413.0
2023-02-09,1660.0,1661.65,1635.55,1650.55,5888668.0
2023-02-10,1648.8,1658.5,1642.2,1657.1,4086058.0
2023-02-13,1655.0,1661.75,1644.55,1658.35,2868472.0
2023-02-14,1665.0,1677.5,1657.95,1673.7,5454296.0
2023-02-15,1678.0,1678.0,1656.75,1670.3,5719356.0
2023-02-16,1673.2,1681.9,1661.0,1664.25,4031250.0
2023-02-17,1661.0,1668.15,1642.95,1655.9,4478135.0
2023-02-20,1660.0,1669.45,1634.8,1640.35,4043353.0
2023-02-21,1640.0,1662.35,1634.0,1646.5,6194648.0
2023-02-22,1639.0,1641.95,1609.05,1614.2,5179551.0
2023-02-23,1613.0,1618.85,1592.1,1603.25,13941005.0
2023-02-24,1617.9,1617.9,1585.2,1588.95,8530870.0
2023-02-27,1585.9,1599.0,1577.3,1592.9,7156486.0
2023-02-28,1592.0,1605.3,1588.7,1599.6,9496996.0
2023-03-01,1612.0,1613.0,1595.75,1598.05,7068628.0
2023-03-02,1594.0,1605.95,1582.0,1584.45,8695907.0
2023-03-03,1596.0,1620.0,1588.0,1615.9,7493117.0
2023-03-06,1620.0,1639.45,1618.05,1627.3,13502355.0
2023-03-08,1620.0,1639.5,1620.0,1630.55,10049887.0
2023-03-09,1629.95,1645.95,1627.0,1630.7,10350083.0
2023-03-10,1610.45,1613.75,1585.0,1588.65,13693500.0
2023-03-13,1587.9,1603.8,1564.95,1568.55,13221775.0
2023-03-14,1570.25,1583.6,1559.3,1564.35,16592806.0
2023-03-15,1578.0,1582.9,1536.6,1541.9,18632377.0
2023-03-16,1539.0,1559.1,1532.05,1551.9,10876671.0
2023-03-17,1557.5,1579.2,1540.0,1572.65,11475438.0
2023-03-20,1567.95,1568.1,1545.4,1561.75,13251557.0
2023-03-21,1571.95,1582.5,1556.2,1579.45,16525247.0
2023-03-22,1584.0,1586.05,1565.3,1575.8,7088662.0
2023-03-23,1567.75,1590.35,1558.55,1563.15,14182089.0
2023-03-24,1560.0,1573.9,1554.95,1560.65,15738874.0
2023-03-27,1562.2,1579.45,1558.9,1567.45,15936003.0
2023-03-28,1565.7,1582.9,1564.1,1580.2,19638151.0
2023-03-29,1584.0,1602.0,1581.9,1587.8,19881806.0
2023-03-31,1595.6,1612.95,1592.4,1609.55,17355614.0
2023-04-03,1607.55,1615.7,1602.75,1610.55,20012699.0
2023-04-05,1618.6,1656.0,1616.0,1653.75,21682696.0
2023-04-06,1648.55,1669.2,1647.1,1666.35,22318672.0
2023-04-10,1663.25,1671.0,1654.0,1658.45,15906643.0
2023-04-11,1659.0,1669.4,1651.1,1663.3,21180771.0
2023-04-12,1668.0,1688.2,1667.8,1684.9,13477752.0
2023-04-13,1688.3,1697.05,1678.15,1692.45,17665043.0
2023-04-17,1720.0,1720.0,1653.3,1666.65,16202574.0
2023-04-18,1670.0,1677.25,1656.4,1659.6,14818613.0
2023-04-19,1665.0,1670.3,1657.15,1665.7,12370584.0
2023-04-20,1671.7,1677.45,1666.4,1671.9,16461358.0
2023-04-21,1669.0,1676.95,1663.25,1674.6,10064309.0
2023-04-24,1687.0,1691.45,1674.1,1688.15,17837926.0
2023-04-25,1687.7,1687.7,1661.9,1664.15,25176534.0
2023-04-26,1660.0,1675.0,1655.0,1671.8,13696375.0
2023-04-27,1670.5,1685.25,1665.85,1681.0,23895196.0
2023-04-28,1684.7,1691.0,1670.0,1687.6,13958136.0
2023-05-02,1688.7,1699.0,1682.0,1687.25,16110592.0
2023-05-03,1684.95,1696.0,1679.65,1693.15,14703635.0
2023-05-04,1687.1,1734.45,1687.1,1727.8,28427319.0
2023-05-05,1639.0,1660.95,1622.1,1625.65,31385208.0
2023-05-08,1635.0,1650.35,1630.0,1644.45,18622262.0
2023-05-09,1649.9,1656.0,1639.95,1644.5,21844469.0
2023-05-10,1644.5,1654.65,1633.1,1652.1,23170275.0
2023-05-11,1665.15,1688.0,1649.25,1653.2,17867309.0
2023-05-12,1647.0,1672.8,1644.25,1667.8,11239380.0
2023-05-15,1672.0,1680.75,1665.1,1675.8,9256130.0
2023-05-16,1671.8,1671.8,1644.0,1647.3,16361043.0
2023-05-17,1650.0,1650.0,1625.35,1638.45,15233434.0
2023-05-18,1648.0,1653.95,1640.0,1645.0,24823471.0
2023-05-19,1648.0,1650.0,1631.55,1646.9,15230166.0
2023-05-22,1645.0,1652.9,1632.7,1641.05,14167016.0
2023-05-23,1649.0,1649.6,1633.45,1637.2,11235037.0
2023-05-24,1627.55,1634.75,1613.6,1615.8,16794056.0
2023-05-25,1615.7,1620.05,1597.35,1609.6,14888465.0
2023-05-26,1619.0,1619.0,1602.25,1615.8,13317533.0
2023-05-29,1628.5,1641.0,1624.85,1635.5,10908146.0
2023-05-30,1633.6,1642.65,1628.55,1636.75,18562964.0
2023-05-31,1629.9,1634.95,1604.65,1610.85,21667135.0
2023-06-01,1619.9,1619.9,1600.0,1604.0,25183469.0
2023-06-02,1612.45,1614.8,1601.0,1606.5,8929855.0
2023-06-05,1614.5,1616.5,1602.45,1604.4,9348621.0
2023-06-06,1607.65,1609.85,1592.25,1599.4,16091426.0
2023-06-07,1603.45,1612.55,1596.0,1607.7,12474513.0
2023-06-08,1603.25,1626.0,1603.25,1608.7,18697761.0
2023-06-09,1615.9,1618.5,1607.0,1610.6,9106289.0
2023-06-12,1612.55,1615.8,1599.45,1600.8,6704146.0
2023-06-13,1590.1,1609.0,1590.1,1603.5,13963054.0
2023-06-14,1610.45,1612.0,1600.2,1601.75,10056984.0
2023-06-15,1604.0,1605.95,1579.0,1582.05,17688738.0
2023-06-16,1587.15,1609.2,1584.0,1602.75,7889636.0
2023-06-19,1611.0,1614.25,1598.35,1604.15,12414573.0
2023-06-20,1604.15,1611.0,1590.65,1607.5,10002813.0
2023-06-21,1616.0,1637.25,1611.0,1635.6,12154473.0
2023-06-22,1640.0,1657.55,1639.05,1643.6,28298070.0
2023-06-23,1637.55,1659.9,1634.05,1643.5,10669609.0
2023-06-26,1645.0,1650.75,1628.7,1635.55,8065157.0
2023-06-27,1642.95,1672.9,1638.55,1658.6,16915932.0
2023-06-28,1670.0,1679.9,1660.5,1676.15,29781475.0
2023-06-30,1704.0,1708.8,1683.25,1701.4,20349508.0
2023-07-03,1712.5,1757.5,1710.0,1719.8,22052058.0
2023-07-04,1723.45,1747.0,1713.8,1728.2,19397594.0
2023-07-05,1716.25,1720.0,1668.55,1673.3,18582877.0
2023-07-06,1673.0,1687.85,1660.4,1675.0,26078272.0
2023-07-07,1665.0,1675.0,1656.3,1660.4,9963168.0
2023-07-10,1661.0,1676.75,1649.7,1656.45,19199221.0
2023-07-11,1663.0,1676.0,1645.5,1648.4,25335213.0
2023-07-12,1655.35,1666.3,1627.15,1632.95,35479179.0
2023-07-13,1656.7,1657.45,1638.05,1641.1,20956773.0
2023-07-14,1653.6,1653.6,1635.0,1644.5,12363607.0
2023-07-17,1650.0,1682.0,1633.0,1678.9,24626464.0
2023-07-18,1698.0,1704.0,1670.0,1677.5,40538409.0
2023-07-19,1681.1,1688.75,1675.0,1685.1,16467567.0
2023-07-20,1681.15,1692.0,1680.0,1688.75,28105474.0
2023-07-21,1680.0,1689.8,1673.25,1675.75,21077124.0
2023-07-24,1678.5,1684.65,1670.1,1678.4,16089722.0
2023-07-25,1684.65,1699.0,1678.4,1696.6,27996298.0
2023-07-26,1699.6,1699.6,1688.0,1690.7,12397179.0
2023-07-27,1699.9,1703.0,1667.45,1673.15,29870651.0
2023-07-28,1661.5,1668.9,1641.1,1643.5,20507842.0
2023-07-31,1650.05,1656.8,1638.7,1651.2,17282503.0
2023-08-01,1654.45,1667.45,1650.0,1662.25,17697094.0
2023-08-02,1642.0,1651.5,1633.15,1640.5,14058161.0
2023-08-03,1640.0,1651.35,1623.0,1628.65,28836973.0
2023-08-04,1635.15,1656.5,1629.25,1652.2,18694152.0
2023-08-07,1663.1,1663.1,1647.55,1651.25,14150459.0
2023-08-08,1651.7,1655.6,1642.05,1649.9,21886914.0
2023-08-09,1653.0,1654.5,1631.1,1650.5,16680618.0
2023-08-10,1647.05,1654.25,1631.0,1635.85,25390559.0
2023-08-11,1638.4,1638.4,1616.2,1618.8,14112911.0
2023-08-14,1611.0,1615.0,1600.25,1610.9,15652205.0
2023-08-16,1583.1,1609.65,1581.3,1606.2,17068771.0
2023-08-17,1597.6,1609.9,1594.0,1597.3,26442020.0
2023-08-18,1587.55,1596.3,1585.5,1590.75,12816683.0
2023-08-21,1600.5,1600.5,1587.0,1589.5,10918635.0
2023-08-22,1596.35,1598.0,1580.0,1582.7,16136785.0
2023-08-23,1580.0,1590.55,1573.25,1586.6,18249294.0
2023-08-24,1593.3,1596.2,1576.15,1579.3,21572896.0
2023-08-25,1574.55,1577.5,1558.4,1561.5,15034878.0
2023-08-28,1561.5,1582.65,1561.5,1577.75,14433619.0
2023-08-29,1589.7,1592.65,1581.45,1590.3,17769466.0
2023-08-30,1603.95,1603.95,1573.7,1578.7,14042102.0
2023-08-31,1579.0,1583.15,1563.1,1571.45,50037886.0
2023-09-01,1571.0,1579.0,1559.35,1574.7,21613388.0
2023-09-04,1590.0,1591.45,1574.9,1584.55,12536819.0
2023-09-05,1588.4,1588.4,1570.6,1574.9,19356041.0
2023-09-06,1576.8,1600.0,1574.9,1595.5,28160455.0
2023-09-07,1595.5,1614.0,1587.15,1610.85,17104171.0
2023-09-08,1608.3,1632.9,1607.6,1623.4,17251105.0
2023-09-11,1628.9,1636.5,1624.0,1631.8,15786511.0
2023-09-12,1640.0,1642.9,1625.05,1636.9,19516670.0
2023-09-13,1631.3,1651.6,1628.6,1643.9,23210047.0
2023-09-14,1644.25,1650.0,1635.1,1642.9,11769424.0
2023-09-15,1650.0,1670.0,1650.0,1661.75,86705601.0
2023-09-18,1653.75,1655.0,1626.1,1629.05,18528144.0
2023-09-20,1599.0,1599.0,1560.4,1563.7,57737324.0
2023-09-21,1553.0,1568.95,1537.05,1553.35,36420721.0
2023-09-22,1559.0,1564.4,1523.75,1529.65,30852125.0
2023-09-25,1525.0,1540.7,1525.0,1531.0,20104377.0
2023-09-26,1525.0,1540.0,1525.0,1537.65,13787654.0
2023-09-27,1523.0,1532.5,1515.0,1526.85,19669269.0
2023-09-28,1534.0,1537.6,1518.35,1523.7,27677094.0
2023-09-29,1523.7,1535.45,1522.3,1526.3,16026891.0
2023-10-03,1527.0,1527.0,1506.0,1508.05,19485847.0
2023-10-04,1495.0,1535.0,1489.25,1529.55,27324715.0
2023-10-05,1535.05,1551.55,1532.6,1535.75,24256337.0
2023-10-06,1544.0,1545.0,1529.85,1534.05,8879678.0
2023-10-09,1528.0,1530.0,1512.0,1516.25,8227486.000000001
2023-10-10,1520.55,1529.0,1515.2,1524.85,16633146.0
2023-10-11,1530.1,1542.15,1528.5,1539.6,15666680.0
2023-10-12,1536.1,1552.0,1531.6,1549.85,11012668.0
2023-10-13,1540.0,1548.8,1529.95,1535.75,19872650.0
2023-10-16,1531.5,1534.45,1520.5,1529.6,8928042.0
2023-10-17,1555.75,1555.75,1535.0,1541.2,16451279.0
2023-10-18,1541.2,1541.2,1518.1,1519.75,15608100.0
2023-10-19,1505.4,1526.25,1503.2,1514.95,15126182.0
2023-10-20,1505.0,1527.0,1505.0,1522.8,10547005.0
2023-10-23,1523.5,1528.75,1500.1,1506.05,11188068.0
2023-10-25,1521.0,1522.8,1491.45,1496.5,14155998.0
2023-10-26,1491.25,1492.0,1460.25,1463.4,27780899.0
2023-10-27,1469.5,1478.0,1466.9,1469.15,15970266.0
2023-10-30,1463.25,1489.95,1461.9,1485.1,11655491.0
2023-10-31,1504.0,1504.0,1474.0,1476.5,16317412.0
2023-11-01,1462.25,1477.45,1462.25,1474.5,16938733.0
2023-11-02,1485.0,1490.5,1467.15,1476.75,22612577.0
2023-11-03,1488.0,1491.4,1481.65,1483.75,9047670.0
2023-11-06,1498.0,1498.0,1483.0,1494.5,12796865.0
2023-11-07,1494.0,1494.0,1477.2,1487.25,20976424.0
2023-11-08,1483.95,1493.45,1481.0,1491.55,15699773.0
2023-11-09,1486.0,1492.6,1483.5,1485.65,11058370.0
2023-11-10,1480.1,1496.0,1480.05,1491.5,7007593.0
2023-11-12,1500.0,1502.0,1496.15,1500.0,1975463.0
2023-11-13,1492.1,1495.95,1485.9,1488.8,10302957.0
2023-11-15,1504.1,1510.95,1500.55,1504.4,20622730.0
2023-11-16,1509.7,1519.0,1503.75,1508.35,14856919.0
2023-11-17,1490.0,1507.5,1489.0,1505.1,11850937.0
2023-11-20,1513.0,1513.0,1501.55,1505.2,9665726.0
2023-11-21,1519.0,1522.0,1512.1,1517.95,12479986.0
2023-11-22,1520.0,1520.0,1503.55,1512.55,14561825.0
2023-11-23,1508.5,1523.85,1508.5,1521.3,6523110.0
2023-11-24,1521.2,1533.15,1519.85,1532.1,8234596.0
2023-11-28,1535.2,1537.25,1525.8,1528.65,14244669.0
2023-11-29,1533.9,1563.0,1533.0,1559.15,17021244.0
2023-11-30,1569.15,1572.45,1542.15,1558.8,34745720.0
2023-12-01,1557.9,1565.75,1552.1,1555.4,11076768.0
2023-12-04,1588.0,1612.0,1573.65,1609.4,25331228.0
2023-12-05,1636.5,1639.0,1616.5,1623.7,26115410.0
2023-12-06,1638.45,1638.45,1616.65,1627.8,19306530.0
2023-12-07,1625.0,1634.0,1616.2,1630.45,10225193.0
2023-12-08,1630.45,1655.0,1630.45,1653.2,16864019.0
2023-12-11,1650.05,1663.7,1647.0,1651.0,11593810.0
2023-12-12,1654.2,1656.25,1631.85,1634.6,18290738.0
2023-12-13,1632.45,1636.0,1615.1,1630.9,14673457.0
2023-12-14,1646.0,1658.95,1645.0,1650.15,17586183.0
2023-12-15,1650.0,1668.0,1646.6,1656.55,69418565.0
2023-12-18,1660.7,1664.7,1650.95,1655.7,9007377.0
2023-12-19,1650.0,1658.65,1644.05,1652.9,12004223.0
2023-12-20,1658.0,1668.95,1644.45,1657.0,17116260.0
2023-12-21,1657.0,1689.75,1650.25,1686.7,18294620.0
2023-12-22,1683.6,1685.9,1667.1,1670.85,24289425.0
2023-12-26,1673.25,1685.95,1668.55,1682.45,9022928.0
2023-12-27,1681.5,1706.5,1678.6,1703.3,13504539.0
2023-12-28,1709.3,1721.4,1702.0,1705.25,22038235.0
2023-12-29,1697.0,1714.9,1696.0,1709.25,12505713.0
2024-01-01,1706.0,1709.15,1692.0,1698.1,7119843.0
2024-01-02,1698.8,1702.8,1688.7,1699.1,14621046.0
2024-01-03,1702.0,1704.7,1668.95,1672.9,14194881.0
2024-01-04,1678.0,1694.95,1670.7,1690.85,13367028.0
2024-01-05,1687.15,1704.9,1668.1,1682.2,15944735.0
2024-01-08,1678.5,1682.35,1660.0,1663.45,8999235.0
2024-01-09,1667.15,1677.8,1646.75,1650.5,12663444.0
2024-01-10,1643.0,1659.95,1641.4,1655.95,8057912.0
2024-01-11,1660.0,1662.9,1643.0,1649.0,9157005.0
2024-01-12,1652.0,1656.0,1633.6,1641.2,9886776.0
2024-01-15,1647.7,1680.9,1643.6,1672.8,14160178.0
2024-01-16,1673.0,1683.65,1658.1,1679.15,12661250.0
2024-01-17,1570.0,1596.8,1528.4,1537.5,85072618.0
2024-01-18,1494.0,1515.0,1480.05,1486.15,80535465.0
2024-01-19,1505.95,1510.25,1468.4,1470.65,54800269.0
2024-01-20,1483.2,1495.7,1476.0,1478.85,12920293.0
2024-01-23,1465.0,1474.7,1425.0,1427.35,57734701.0
2024-01-24,1380.25,1458.45,1380.25,1455.9,43002202.0
2024-01-25,1452.5,1457.35,1419.4,1434.9,49470926.0
2024-01-29,1448.05,1462.8,1445.8,1454.65,32822749.0
2024-01-30,1454.55,1463.2,1440.9,1444.3,20864384.0
2024-01-31,1439.5,1474.95,1436.8,1462.55,32880520.0
2024-02-01,1465.05,1473.6,1456.05,1466.35,16345370.0
2024-02-02,1475.0,1480.85,1442.05,1446.15,22433877.0
2024-02-05,1446.0,1451.9,1434.05,1444.85,19302523.0
2024-02-06,1445.55,1449.7,1432.6,1444.1,20537870.0
2024-02-07,1453.0,1453.8,1426.65,1429.95,27418543.0
2024-02-08,1429.85,1438.95,1400.5,1403.05,34553062.0
2024-02-09,1392.15,1414.2,1387.0,1403.6,28321062.0
2024-02-12,1399.65,1413.65,1383.35,1390.0,17223906.0
2024-02-13,1391.95,1404.35,1384.35,1394.45,28790497.0
2024-02-14,1376.0,1391.5,1363.55,1384.05,45660405.0
2024-02-15,1385.0,1415.5,1384.35,1414.05,20792472.0
2024-02-16,1423.9,1427.7,1408.45,1419.9,16087871.0
2024-02-19,1429.0,1429.0,1415.2,1417.1,17225878.0
2024-02-20,1415.0,1457.25,1411.8,1454.3,28066754.0
2024-02-21,1464.0,1464.0,1435.0,1439.15,22946568.0
2024-02-22,1417.75,1428.8,1412.2,1419.55,25280441.0
2024-02-23,1422.55,1433.9,1418.0,1420.6,14916726.0
2024-02-26,1413.55,1434.85,1413.55,1422.3,11753435.0
2024-02-27,1413.55,1426.7,1413.05,1420.15,16043575.0
2024-02-28,1420.15,1424.2,1404.0,1409.4,12660993.0
2024-02-29,1402.1,1410.4,1397.3,1403.4,26647850.0
2024-03-01,1400.0,1432.75,1400.0,1430.75,17369449.0
2024-03-02,1434.55,1436.0,1428.1,1430.75,895265.0
2024-03-04,1430.95,1437.0,1424.3,1432.7,17808237.0
2024-03-05,1422.0,1443.0,1421.65,1440.85,18995836.0
2024-03-06,1433.55,1452.85,1433.55,1442.6,21204765.0
2024-03-07,1445.5,1451.05,1441.4,1446.1,24674023.0
2024-03-11,1430.0,1445.95,1423.0,1427.8,25265547.0
2024-03-12,1434.0,1464.0,1429.25,1459.55,32709227.0
2024-03-13,1465.5,1471.6,1450.1,1460.4,31533727.0
2024-03-14,1462.1,1466.0,1444.3,1455.45,26216079.0
2024-03-15,1450.0,1459.3,1442.25,1452.65,71806902.0
2024-03-18,1447.0,1456.0,1435.8,1446.05,10718928.0
2024-03-19,1435.5,1452.4,1435.5,1449.35,18091797.0
2024-03-20,1449.05,1451.65,1424.65,1431.05,21803047.0
2024-03-21,1442.6,1451.25,1438.3,1445.75,14461430.0
2024-03-22,1441.0,1450.75,1437.75,1442.85,22990163.0
2024-03-26,1427.2,1437.95,1422.15,1425.4,28422145.0
2024-03-27,1423.55,1447.95,1421.25,1440.7,31084334.0
2024-03-28,1440.7,1460.5,1440.7,1447.9,27796071.0
2024-04-01,1458.0,1473.8,1455.6,1470.5,12599785.0
2024-04-02,1465.15,1494.85,1463.25,1480.15,20612723.0
2024-04-03,1472.1,1495.65,1471.4,1482.3,22792193.0
2024-04-04,1504.0,1530.0,1504.0,1527.6,44467533.0
2024-04-05,1539.0,1554.5,1530.15,1549.55,29527951.0
2024-04-08,1554.95,1557.25,1541.55,1546.6,10241470.0
2024-04-09,1554.85,1554.85,1540.3,1548.55,10942247.0
2024-04-10,1549.9,1549.9,1532.95,1536.35,13903700.0
2024-04-12,1521.0,1529.85,1513.45,1518.95,20542104.0
2024-04-15,1497.55,1510.0,1492.05,1494.7,11707624.0
2024-04-16,1487.0,1512.9,1482.25,1509.25,10372443.0
2024-04-18,1509.8,1518.85,1491.05,1494.7,17117442.0
2024-04-19,1486.55,1534.95,1480.25,1531.3,17288217.0
2024-04-22,1557.4,1557.4,1508.3,1512.2,21149219.0
2024-04-23,1526.3,1526.5,1503.25,1507.6,13413530.0
2024-04-24,1515.0,1521.75,1509.05,1511.7,11220790.0
2024-04-25,1506.25,1519.7,1506.25,1510.75,17722602.0
2024-04-26,1519.8,1528.0,1505.55,1509.8,12427347.0
2024-04-29,1515.0,1534.45,1506.55,1529.5,18046675.0
2024-04-30,1529.2,1539.5,1514.9,1520.1,26153691.0
2024-05-02,1522.0,1537.0,1520.35,1532.25,16737503.0
2024-05-03,1533.25,1540.6,1507.2,1519.6,15932621.0
2024-05-06,1522.0,1534.5,1517.15,1522.65,14396698.0
2024-05-07,1521.95,1524.05,1504.15,1506.15,14240301.0
2024-05-08,1495.95,1496.95,1480.35,1482.65,20843931.0
2024-05-09,1474.95,1486.75,1445.3,1447.5,23140639.0
2024-05-10,1439.0,1451.95,1426.8,1437.9,13638304.0
2024-05-13,1432.0,1459.8,1430.3,1455.25,13523601.0
2024-05-14,1452.25,1465.5,1450.3,1460.95,12832571.0
2024-05-15,1459.7,1459.7,1435.8,1438.5,19465998.0
2024-05-16,1446.05,1462.55,1435.5,1460.25,17472618.0
2024-05-17,1446.2,1468.0,1446.2,1464.1,10460095.0
2024-05-18,1466.0,1467.1,1463.05,1466.05,528557.0
2024-05-21,1450.1,1469.7,1450.1,1458.8,21884989.0
2024-05-22,1457.85,1465.6,1448.15,1459.2,19998139.0
2024-05-23,1458.65,1495.65,1457.05,1492.6,20430960.0
2024-05-24,1487.5,1519.9,1486.0,1517.2,15530103.0
2024-05-27,1523.35,1545.0,1519.05,1527.7,14692720.0
2024-05-28,1530.1,1536.05,1524.8,1530.5,13954452.0
2024-05-29,1518.0,1523.85,1501.25,1508.3,17573853.0
2024-05-30,1499.2,1523.6,1497.65,1514.85,16877675.0
2024-05-31,1519.0,1536.0,1514.0,1531.55,37039794.0
2024-06-03,1599.0,1599.0,1550.0,1572.2,36318628.0
2024-06-04,1557.0,1559.0,1454.0,1483.15,44765620.0
2024-06-05,1494.05,1559.6,1482.35,1551.8,40815825.0
2024-06-06,1564.9,1565.45,1546.6,1559.7,23211435.0
2024-06-07,1561.05,1584.35,1552.05,1573.35,18356108.0
2024-06-10,1574.0,1580.65,1557.6,1561.3,11227029.0
2024-06-11,1556.0,1571.0,1552.2,1564.8,14772663.0
2024-06-12,1575.0,1588.3,1566.4,1574.15,19640218.0
2024-06-13,1581.75,1585.7,1574.0,1580.75,12060096.0
2024-06-14,1584.0,1599.0,1577.7,1596.9,12770277.0
2024-06-18,1596.9,1610.5,1589.45,1607.8,16207857.0
2024-06-19,1613.4,1669.9,1604.0,1657.85,45065598.0
2024-06-20,1669.8,1681.45,1652.0,1669.35,20704371.0
2024-06-21,1672.85,1672.85,1643.15,1665.75,25815388.0
2024-06-24,1647.0,1675.1,1645.75,1672.4,14272497.0
2024-06-25,1671.1,1716.95,1671.1,1711.35,37260774.0
2024-06-26,1707.95,1710.9,1691.1,1701.5,23798333.0
2024-06-27,1696.1,1713.0,1686.6,1696.15,27537325.0
2024-06-28,1697.6,1706.6,1679.0,1683.8,13238023.0
2024-07-01,1680.0,1707.3,1680.0,1705.2,10593512.0
2024-07-02,1715.0,1734.9,1702.75,1730.6,22960845.0
2024-07-03,1791.0,1794.0,1764.65,1768.65,61608901.0
2024-07-04,1759.75,1759.75,1724.85,1727.15,22924329.0
2024-07-05,1685.0,1685.0,1642.2,1648.1,41121274.0
2024-07-08,1645.3,1654.95,1627.15,1635.35,19543900.0
2024-07-09,1625.0,1646.7,1620.35,1636.5,24275439.0
2024-07-10,1629.95,1640.0,1620.75,1626.1,22753591.0
2024-07-11,1623.95,1625.85,1601.0,1621.9,22088537.0
2024-07-12,1622.0,1638.4,1611.15,1622.7,28024980.0
2024-07-15,1623.5,1629.8,1615.2,1622.1,16687847.0
2024-07-16,1620.75,1627.0,1616.8,1619.75,14475162.0
2024-07-18,1608.0,1623.95,1599.15,1614.8,16858532.0
2024-07-19,1616.0,1623.0,1603.5,1607.3,13001076.0
2024-07-22,1617.0,1651.0,1612.65,1642.55,26872411.0
2024-07-23,1647.55,1647.8,1605.0,1618.4,26001076.0
2024-07-24,1608.15,1621.0,1588.05,1604.05,30864103.0
2024-07-25,1593.0,1625.0,1593.0,1616.6,12767866.0
2024-07-26,1605.0,1621.75,1596.45,1618.15,21905270.0
2024-07-29,1615.0,1631.85,1598.3,1605.05,25500574.0
2024-07-30,1602.0,1634.75,1599.0,1615.55,27297917.0
2024-07-31,1614.0,1627.9,1609.2,1615.75,18910242.0
2024-08-01,1622.9,1650.05,1617.95,1638.8,13107587.0
2024-08-02,1631.0,1670.5,1631.0,1659.15,22059619.0
2024-08-05,1640.1,1646.0,1601.0,1615.75,20666817.0
2024-08-06,1630.0,1632.95,1593.3,1601.2,22558025.0
2024-08-07,1617.0,1630.0,1602.2,1623.5,21173132.0
2024-08-08,1624.0,1653.3,1619.25,1642.7,16988475.0
2024-08-09,1652.0,1662.55,1645.8,1650.2,13322309.0
2024-08-12,1652.0,1675.95,1647.35,1660.1,19658098.0
2024-08-13,1628.0,1632.4,1601.15,1603.2,27027521.0
2024-08-14,1606.5,1613.7,1603.2,1607.8,16167214.0
2024-08-16,1628.5,1634.15,1611.0,1632.1,13924623.0
2024-08-19,1637.65,1637.65,1623.7,1631.55,9751082.0
2024-08-20,1627.45,1646.0,1627.45,1637.7,15567247.0
2024-08-21,1628.1,1634.55,1617.8,1625.8,23815452.0
2024-08-22,1632.0,1638.3,1628.0,1631.3,10650319.0
2024-08-23,1634.0,1634.0,1623.0,1625.05,10166711.0
2024-08-26,1632.2,1647.95,1632.2,1639.95,11182133.0
2024-08-27,1643.4,1647.4,1632.2,1637.75,17886622.0
2024-08-28,1637.75,1639.75,1630.2,1637.1,13460594.0
2024-08-29,1642.0,1644.4,1631.15,1638.55,24526302.0
2024-08-30,1656.0,1662.0,1621.15,1636.9,222671050.0
2024-09-02,1646.8,1646.8,1623.2,1626.95,17024840.0
2024-09-03,1634.0,1639.95,1624.6,1637.35,18641430.0
2024-09-04,1639.0,1644.8,1632.0,1641.8,12341372.0
2024-09-05,1646.0,1649.9,1642.0,1645.45,11438159.0
2024-09-06,1638.3,1647.75,1634.1,1636.95,13014801.0
2024-09-09,1638.0,1648.5,1630.1,1646.5,11896457.0
2024-09-10,1654.0,1654.0,1638.0,1650.35,13303323.0
2024-09-11,1650.4,1652.5,1639.2,1643.9,11113342.0
2024-09-12,1654.0,1670.0,1647.05,1666.6,16212023.0
2024-09-13,1674.0,1674.0,1657.05,1665.95,11930266.0
2024-09-16,1667.0,1677.8,1664.05,1670.95,7586410.0
2024-09-17,1678.0,1678.0,1664.15,1668.8,10063561.0
2024-09-18,1671.85,1698.9,1671.1,1694.8,20458671.0
2024-09-19,1699.2,1719.0,1699.15,1708.5,15325888.0
2024-09-20,1716.5,1744.95,1707.55,1741.2,30311693.0
2024-09-23,1749.0,1766.35,1740.25,1759.8,13482675.0
2024-09-24,1765.0,1781.65,1754.25,1768.05,16519518.0
2024-09-25,1760.15,1788.0,1760.15,1779.1,15982656.0
2024-09-26,1773.05,1788.0,1768.05,1783.45,15949822.0
2024-09-27,1777.0,1778.2,1750.0,1752.65,17806751.0
2024-09-30,1748.8,1751.45,1724.4,1732.05,13191767.0
2024-10-01,1724.0,1742.0,1720.1,1726.2,12286142.0
2024-10-03,1715.65,1726.15,1673.35,1682.0,24236699.0
2024-10-04,1674.5,1690.65,1653.0,1657.65,24341616.0
2024-10-07,1652.2,1659.0,1613.0,1617.8,47229148.0
2024-10-08,1630.0,1656.8,1622.0,1651.05,14867203.0
2024-10-09,1649.5,1656.75,1628.7,1633.15,20562821.0
2024-10-10,1639.0,1665.45,1632.5,1662.4,10877383.0
2024-10-11,1664.45,1664.45,1643.25,1651.0,11836297.0
2024-10-14,1656.05,1692.05,1654.0,1688.1,9263754.0
2024-10-15,1694.0,1698.0,1675.5,1684.1,9825565.0
2024-10-16,1680.1,1707.95,1680.1,1699.8,10235341.0
2024-10-17,1694.95,1697.65,1665.2,1673.15,7347866.0
2024-10-18,1663.1,1691.0,1654.1,1681.85,12404862.0
2024-10-21,1715.0,1748.15,1711.05,1728.7,23274177.0
2024-10-22,1730.05,1740.0,1710.7,1714.55,19437640.0
2024-10-23,1705.05,1746.5,1705.05,1735.8,19018045.0
2024-10-24,1738.1,1768.65,1738.1,1749.65,15416129.0
2024-10-25,1755.0,1757.85,1728.7,1743.4,13065239.0
2024-10-28,1742.0,1751.0,1728.9,1734.2,11006071.0
2024-10-29,1726.15,1764.0,1725.1,1751.85,17897463.0
2024-10-30,1742.0,1754.75,1724.2,1734.6,16357862.0
2024-10-31,1728.0,1738.9,1719.4,1735.7,11447956.0
2024-11-01,1733.0,1744.1,1726.1,1737.3,879846.0
2024-11-04,1745.0,1745.0,1710.9,1714.1,14044624.0
2024-11-05,1703.0,1762.7,1697.9,1757.85,22116203.0
2024-11-06,1771.5,1771.5,1745.35,1755.25,13893955.0
2024-11-07,1744.3,1760.95,1738.0,1746.55,9447728.0
2024-11-08,1752.0,1761.8,1745.85,1754.45,9951493.0
2024-11-11,1754.55,1782.8,1751.2,1766.3,12282681.0
2024-11-12,1772.0,1775.0,1708.65,1718.2,15697703.0
2024-11-13,1716.75,1729.4,1673.0,1681.35,17864250.0
2024-11-14,1673.1,1704.85,1672.1,1692.75,13573235.0
2024-11-18,1700.0,1718.9,1695.0,1705.1,13540984.0
2024-11-19,1714.0,1753.75,1702.7,1742.25,25490636.0
2024-11-21,1749.4,1759.0,1734.2,1741.2,17858256.0
2024-11-22,1743.55,1754.3,1729.55,1745.6,12386806.0
2024-11-25,1785.05,1803.55,1764.9,1785.6,213868637.0
2024-11-26,1810.0,1810.0,1769.8,1785.55,15467783.0
2024-11-27,1789.9,1817.35,1785.15,1812.3,16357488.0
2024-11-28,1819.0,1836.1,1788.0,1793.15,17861196.0
2024-11-29,1801.3,1804.6,1782.9,1796.05,13834768.0
2024-12-02,1803.5,1808.15,1775.0,1804.7,7555438.0
2024-12-03,1822.7,1837.4,1816.1,1826.3,21705121.0
2024-12-04,1838.0,1865.0,1831.15,1860.1,22334542.0
2024-12-05,1860.0,1879.95,1835.2,1865.75,19841357.0
2024-12-06,1857.0,1864.2,1844.0,1855.85,8891578.0
2024-12-09,1853.65,1880.0,1849.0,1870.0,13473956.0
2024-12-10,1877.7,1877.7,1858.55,1868.1,6662740.0
2024-12-11,1861.7,1871.9,1856.75,1863.1,7022713.0
2024-12-12,1851.0,1868.65,1848.7,1859.25,8646895.0
2024-12-13,1862.5,1875.0,1829.25,1871.75,9504501.0
2024-12-16,1865.1,1869.95,1855.25,1865.2,6553541.0
2024-12-17,1856.35,1862.35,1826.5,1833.25,10539766.0
2024-12-18,1829.85,1836.0,1807.15,1810.7,11711156.0
2024-12-19,1799.6,1801.1,1779.0,1793.5,12690385.0
2024-12-20,1782.2,1797.55,1767.05,1771.5,12846174.0
2024-12-23,1782.0,1806.0,1781.3,1801.0,5522296.0
2024-12-24,1802.05,1808.7,1789.55,1798.1,7242917.0
2024-12-26,1798.55,1812.0,1780.75,1790.75,5240839.0
2024-12-27,1794.8,1805.95,1789.1,1798.25,3629665.0
2024-12-30,1792.2,1815.0,1771.0,1777.9,11111109.0
2024-12-31,1770.3,1781.8,1765.6,1772.85,7058618.0
2025-01-01,1773.45,1794.0,1761.1,1782.75,3656903.0
2025-01-02,1777.1,1803.45,1773.0,1793.75,9279288.0
2025-01-03,1791.0,1795.25,1746.3,1749.2,12213097.0
2025-01-06,1740.1,1757.2,1705.8,1710.5,9408174.0
2025-01-07,1715.0,1721.0,1700.0,1713.4,6763953.0
2025-01-08,1708.25,1711.65,1683.35,1694.3,9869095.0
2025-01-09,1684.15,1689.0,1658.1,1667.8,20210111.0
2025-01-10,1671.0,1674.9,1654.0,1656.75,8726640.0
2025-01-13,1640.0,1646.75,1624.3,1630.85,10834533.0
2025-01-14,1639.9,1656.2,1637.0,1646.6,13330716.0
2025-01-15,1656.5,1662.7,1636.3,1643.05,7011446.0
2025-01-16,1652.85,1660.55,1642.85,1652.05,10606227.0
2025-01-17,1643.5,1650.5,1628.5,1636.75,11556038.0
2025-01-20,1626.0,1660.95,1626.0,1651.25,8778809.0
2025-01-21,1658.25,1661.05,1633.05,1642.4,15579072.0
2025-01-22,1642.4,1671.9,1625.45,1666.05,15309653.0
2025-01-23,1687.0,1687.0,1651.25,1664.9,17454579.0
2025-01-24,1660.0,1670.3,1644.5,1649.8,12118100.0
2025-01-27,1641.1,1643.6,1626.0,1629.8,11402083.0
2025-01-28,1647.0,1684.3,1647.0,1670.4,15089656.0
2025-01-29,1675.0,1681.15,1668.85,1677.3,6309945.0
2025-01-30,1681.0,1697.9,1672.55,1691.5,12872423.0
2025-01-31,1687.25,1704.7,1683.95,1698.75,7910843.0
2025-02-01,1697.5,1713.0,1676.05,1690.95,2793764.0
2025-02-03,1670.0,1686.8,1663.45,1678.0,10138270.0
2025-02-04,1688.7,1725.8,1680.05,1720.9,14308251.0
2025-02-05,1733.0,1744.2,1718.9,1737.8,11837753.0
2025-02-06,1735.5,1749.0,1724.0,1743.85,13380358.0
2025-02-07,1750.0,1767.0,1725.0,1732.75,11754800.0
2025-02-10,1717.3,1723.45,1708.5,1715.75,8597975.0
2025-02-11,1703.0,1711.0,1688.7,1701.4,11362352.0
2025-02-12,1693.0,1712.0,1681.2,1706.8,11404785.0
2025-02-13,1699.0,1714.25,1693.55,1697.7,6301217.0
2025-02-14,1701.9,1701.9,1680.0,1694.85,9979946.0
2025-02-17,1685.2,1720.0,1681.25,1717.35,6469473.0
2025-02-18,1713.05,1731.55,1706.15,1723.05,8175455.0
2025-02-19,1717.0,1737.9,1712.45,1727.2,5942056.0
2025-02-20,1711.0,1714.7,1685.3,1687.1,13195255.0
2025-02-21,1680.9,1694.95,1677.25,1692.5,7840470.0
2025-02-24,1681.1,1684.2,1661.1,1677.1,10346823.0
2025-02-25,1671.1,1688.0,1671.1,1682.35,12069354.0
2025-02-27,1682.55,1710.75,1682.55,1700.7,17893400.0
2025-02-28,1685.0,1737.25,1685.0,1732.4,27258364.0
2025-03-03,1739.8,1743.05,1694.1,1701.55,10602682.0
2025-03-04,1698.0,1714.3,1693.25,1710.0,9960479.0
2025-03-05,1701.95,1710.8,1688.25,1690.0,10791936.0
2025-03-06,1687.0,1699.9,1672.25,1691.2,16483044.0
2025-03-07,1682.0,1701.15,1677.6,1689.25,6686457.0
2025-03-10,1689.0,1699.9,1683.05,1687.5,7802025.0
2025-03-11,1682.4,1694.0,1670.05,1685.5,9949215.0
2025-03-12,1691.55,1718.5,1691.55,1711.15,9392053.0
2025-03-13,1716.05,1720.8,1700.05,1706.6,7868132.0
2025-03-17,1705.0,1724.0,1705.0,1710.4,9475957.0
2025-03-18,1728.0,1737.4,1715.05,1732.2,10953589.0
2025-03-19,1735.0,1751.0,1732.2,1744.1,7610703.0
2025-03-20,1754.0,1774.0,1749.3,1768.75,8916989.0
2025-03-21,1755.55,1774.1,1755.55,1770.35,16754132.0
2025-03-24,1779.0,1804.4,1773.65,1800.0,8696868.0
2025-03-25,1804.9,1843.7,1801.5,1821.45,19550708.0
2025-03-26,1825.0,1827.5,1802.0,1806.55,12239221.0
2025-03-27,1800.0,1841.0,1798.1,1825.35,20829050.0
2025-03-28,1829.0,1836.0,1805.85,1828.2,14386824.0
