date,open,high,low,close,volume
2002-02-18,32.0133205680397,32.3958696817458,31.8421801750659,32.0888236825869,3554275.0
2002-02-19,32.2347963707117,32.5166746650214,32.0636559777379,32.3002324033193,2857535.0
2002-02-20,31.9629851583415,32.058622436768,31.5250670939674,31.9176832896132,1847756.0
2002-02-21,32.0535888957982,32.3153330262287,31.4596310613598,31.6509056182128,1412393.0
2002-02-22,31.5099664710579,31.7465428966394,31.4696981432994,31.701241027911,833250.0
2002-02-25,31.7314422737299,31.8874820437943,31.5099664710579,31.6811068640317,864010.0
2002-02-26,31.9529180764019,32.6173454844178,31.7717106014884,32.3505678130175,2888459.0
2002-02-27,32.6173454844178,33.246538105645,32.0384882728888,32.7935194183614,7214216.0
2002-02-28,32.8992237787276,33.1559343681883,30.7096334568569,30.9915117511667,5975319.0
2002-03-01,31.0066123740762,32.6878150579952,30.7297676207362,32.446205091444,4515666.0
2002-03-04,33.6240536783813,34.2280785947594,31.4092956516616,31.5754025036656,11341344.0
2002-03-05,32.113991387436,32.1542597151946,31.4193627336012,31.5854695856052,4373528.0
2002-03-06,31.0066123740762,32.3656684359269,30.845539063042,30.9713775872874,3332257.0
2002-03-07,31.2079540128689,31.4495639794201,30.8707067678911,31.3388260780841,2191214.0
2002-03-08,31.3992285697219,31.6609727001525,30.7700359484947,30.90090801371,1823928.0
2002-03-11,31.1525850622009,31.1525850622009,29.9042669016861,30.045206048841,3978581.0
2002-03-12,30.0905079175694,30.1458768682374,29.3455438540364,29.4210469685836,2613070.0
2002-03-13,29.4965500831309,30.0603066717505,29.3958792637346,29.5619861157385,2769786.0
2002-03-14,29.9042669016861,30.0401725078712,29.6274221483462,29.9495687704145,1581664.0
2002-03-15,30.0250718849618,31.1525850622009,30.0250718849618,31.011645915046,4210330.0
2002-03-18,31.2784235864463,31.4898323071787,30.7146669978268,30.8757403088609,2059788.0
2002-03-19,30.9059415546798,30.9764111282573,30.0250718849618,30.1609774911468,1633645.0
2002-03-20,30.3019166383017,30.6894992929777,30.0502395898108,30.5787613916417,2361710.0
2002-03-21,30.4025874576981,30.6693651290984,30.3119837202414,30.5586272277624,1151936.0
2002-03-22,30.1911787369657,30.6643315881286,29.909300442656,30.5837949326115,1913748.0
2002-03-26,30.4428557854566,30.4529228673962,30.0804408356297,30.2012458189054,1259479.0
2002-03-27,30.4931911951548,30.543526604853,29.6827910990142,30.211312900845,2345581.0
2002-03-28,30.3019166383017,30.5284259819435,29.9546023113843,30.2314470647243,3009655.0
2002-04-01,30.3673526709093,31.0368136198951,30.1307762453279,30.4176880806075,2517677.0
2002-04-02,30.2515812286035,30.6290968013399,30.2515812286035,30.5586272277624,1501937.0
2002-04-03,30.5485601458228,30.5485601458228,29.9546023113843,30.0955414585392,1054076.0
2002-04-04,30.2515812286035,32.2045951248928,30.2515812286035,30.7398347026758,9876960.0
2002-04-05,30.8304384401326,31.3086248322652,30.7045999158871,30.7750694894646,3322935.0
2002-04-08,30.9311092595289,31.0267465379554,30.4076209986679,30.5032582770944,1721676.0
2002-04-09,30.5535936867926,30.6190297194002,30.1207091633883,30.2163464418148,1413186.0
2002-04-10,30.2012458189054,30.4227216215773,29.6374892302858,29.823730246169,2669631.0
2002-04-11,30.0150048030221,30.2465476876337,29.7280929677425,29.853931491988,807700.0
2002-04-12,29.8841327378069,30.1811116550261,29.7532606725916,30.0250718849618,1022282.0
2002-04-15,29.9999041801127,30.1861451959959,29.5317848699196,29.6425227712556,648078.0
2002-04-16,29.5972209025273,29.7331265087123,28.9277599535415,29.0989003465153,1507968.0
2002-04-17,29.3807786408251,29.4361475914931,29.0586320187568,29.1995711659117,938150.0
2002-04-18,29.3958792637346,29.7733948364709,29.2952084443382,29.4311140505233,1930976.0
2002-04-19,29.4512482144026,30.100574999509,28.4143387746201,28.6609822821412,1922269.0
2002-04-22,28.6911835279601,29.1391686742739,28.2129971358274,28.9176928716019,1757052.0
2002-04-23,29.0133301500284,29.6576233941651,28.8069549702659,29.3153426082175,3663176.0
2002-04-24,29.4965500831309,32.1945280429531,29.0938668055455,29.1593028381531,1200688.0
2002-04-25,29.24487303464,29.2851413623986,28.7113176918394,28.8925251667528,1689884.0
2002-04-26,28.942860576451,29.2851413623986,28.7515860195979,29.0435313958473,1129707.0
2002-04-29,29.0938668055455,29.0938668055455,27.4478989084152,27.7146765798155,4719600.0
2002-04-30,27.6844753339966,28.1576281851594,27.5385026458719,28.0217225789744,1688485.0
2002-05-02,28.5854791675939,28.7918543473564,28.3388356600729,28.6257474953525,1310034.0
2002-05-03,28.6911835279601,29.189504083972,28.6609822821412,28.9780953632397,1732728.0
2002-05-06,28.998229527119,29.2952084443382,28.9579611993604,29.1643363791229,1357613.0
2002-05-07,29.0938668055455,29.6274221483462,28.9076257896623,29.5116507060404,1204058.0
2002-05-08,29.5972209025273,29.7381600496821,29.053598477787,29.189504083972,1764537.0
2002-05-09,29.4462146734327,29.6727240170745,29.1190345103946,29.3405103130666,1212407.0
2002-05-10,29.355610935976,29.4260805095535,28.7012506098997,28.998229527119,1315200.0
2002-05-13,29.1945376249419,29.1945376249419,28.721384773779,28.7918543473564,852981.0
2002-05-14,28.9730618222699,29.0837997236059,28.4898418891674,28.5603114627448,901414.0
2002-05-15,28.6609822821412,28.8925251667528,28.2079635948576,28.4797748072278,1085180.0
2002-05-16,28.5905127085637,28.6207139543827,27.699575956906,27.976420710246,1334319.0
2002-05-17,28.087158611582,28.9378270354812,27.7448778256344,28.2683660864954,2884504.0
2002-05-20,29.1643363791229,29.1744034610626,27.4327982855057,27.8052803172722,2433608.0
2002-05-21,27.4428653674453,27.5183684819926,25.0267657019329,26.4009223866931,5668316.0
2002-05-22,26.320385731176,26.4260900915422,25.6710589460696,26.0485745188059,2119125.0
2002-05-23,25.9730714042586,26.154278879172,25.2381744226652,25.575421667643,2037466.0
2002-05-24,26.2046142888702,27.5838045146002,26.2046142888702,27.2415237286526,3191087.0
2002-05-27,27.6542740881777,27.6542740881777,26.6878342219727,27.1156852044072,1792360.0
2002-05-28,26.9596454343429,26.9596454343429,25.9831384861983,26.1744130430513,2367956.0
2002-05-29,27.6844753339966,27.6844753339966,25.8975682897114,26.707968385852,1763694.0
2002-05-30,26.20964782984,27.1458864502261,26.20964782984,26.320385731176,2171241.0
2002-05-31,26.4663584193007,26.7784379594294,25.741528519647,26.5267609109385,2155713.0
2002-06-03,26.9344777294938,27.3774293348377,26.3958888457233,27.2163560238036,2655047.0
2002-06-04,27.231456646713,27.6744082520569,26.9898466801618,27.4831336952039,2121095.0
2002-06-05,27.4831336952039,27.9361523824875,27.3824628758075,27.6240728423588,1892112.0
2002-06-06,27.6844753339966,27.8858169727893,27.2213895647734,27.7096430388457,1813422.0
2002-06-07,27.5838045146002,27.7801126124231,27.3069597612603,27.6593076291475,1637171.0
2002-06-10,27.8958840547289,28.6911835279601,27.8958840547289,28.5804456266241,1902815.0
2002-06-11,28.9931959861492,29.3354767720967,28.8572903799641,29.1140009694248,2227622.0
2002-06-12,29.0384978548775,29.0384978548775,28.6307810363223,28.8220555931754,1101660.0
2002-06-13,28.8925251667528,29.0888332645757,28.5905127085637,28.6458816592317,830285.0
2002-06-14,28.5804456266241,28.5905127085637,28.1274269393405,28.3740704468616,1292335.0
2002-06-17,28.7817872654168,28.7817872654168,28.4395064794692,28.6811164460205,789432.0
2002-06-18,28.7918543473564,29.0938668055455,28.41937231559,28.5250766759561,830006.0
2002-06-19,28.4898418891674,29.0737326416662,28.0821250706122,28.8572903799641,2461685.0
2002-06-20,28.8824580848132,29.0233972319681,28.5301102169259,28.8472232980244,1225916.0
2002-06-21,28.8925251667528,28.8925251667528,28.3841375288012,28.5804456266241,826145.0
2002-06-24,28.6911835279601,28.6911835279601,28.3036008732841,28.5703785446845,755322.0
2002-06-25,27.8858169727893,28.3489027420125,26.9797795982221,27.4629995313246,10139829.0
2002-06-26,27.1811212370148,27.3220603841697,26.6777671400331,26.8841423197956,3140371.0
2002-06-27,27.1307858273167,27.5133349410228,26.7834715003992,27.3572951709584,2869574.0
2002-06-28,27.3824628758075,27.3824628758075,26.9344777294938,27.120718745377,1805866.0
2002-07-01,27.1861547779846,27.5838045146002,27.0351485488901,27.3522616299886,870456.0
2002-07-02,27.2918591383508,27.3774293348377,26.8136727462181,26.8891758607654,961467.0
2002-07-03,26.8791087788258,27.4831336952039,26.7885050413691,26.9948802211316,2370174.0
2002-07-04,27.0804504176185,27.2767585154414,26.8287733691276,26.8791087788258,1034747.0
2002-07-05,26.9797795982221,27.0603162537392,26.4009223866931,26.5066267470593,2140759.0
2002-07-08,26.1744130430513,27.563670350721,26.1744130430513,27.3673622528981,4601204.0
2002-07-09,27.3874964167773,28.0468902838235,27.1911883189545,27.8757498908497,3660312.0
2002-07-10,27.5838045146002,28.0821250706122,27.5838045146002,27.921051759578,2715701.0
2002-07-11,27.7851461533929,27.8455486450308,26.6475658942142,26.7432031726407,2568911.0
2002-07-12,27.0301150079203,27.1156852044072,26.6123311074254,26.707968385852,1557646.0
2002-07-15,26.8791087788258,26.8791087788258,26.1744130430513,26.76333733652,1056344.0
2002-07-16,26.7784379594294,26.9093100246447,25.7817968474055,25.963004322319,2256701.0
2002-07-17,25.8975682897114,26.0234068139568,25.3489123240012,25.5603210447336,3721631.0
2002-07-18,25.6710589460696,26.2146813708099,25.5854887495827,26.1089770104437,1784020.0
2002-07-19,25.7717297654659,26.4109894686327,25.7717297654659,26.154278879172,2267280.0
2002-07-22,25.8724005848623,25.963004322319,25.5703881266732,25.852266420983,1400428.0
2002-07-23,25.630790618311,26.154278879172,25.439516061458,25.8472328800132,2323311.0
2002-07-24,25.8220651751641,25.8623335029226,25.1777719310274,25.3237446191522,2198390.0
2002-07-25,25.6710589460696,26.1391782562626,25.1727383900576,25.3489123240012,6039297.0
2002-07-26,25.3589794059409,25.3589794059409,24.5536128507701,24.7046190798646,2916772.0
2002-07-29,24.6190488833777,25.2230737997558,24.0401916718487,24.941195505446,4331956.0
2002-07-30,25.3086439962427,25.4495831433976,24.694551997925,24.8455582270195,3108870.0
2002-07-31,24.6593172111362,24.941195505446,24.2667010154905,24.5989147194984,3412258.0
2002-08-01,24.8153569812006,25.0670340296915,24.4378414084643,24.6693842930759,1950796.0
2002-08-02,24.3724053758566,24.6140153424079,24.0653593766978,24.4479084904039,1987066.0
2002-08-05,24.664350752106,24.7247532437439,24.3422041300377,24.5586463917399,2169109.0
2002-08-06,24.4630091133133,24.5586463917399,24.2213991467621,24.3170364251886,1681055.0
2002-08-07,24.5636799327097,24.8505917679893,24.1307954093054,24.2868351793697,2468829.0
2002-08-08,24.3371705890679,24.4328078674944,23.2901940673459,23.4714015422593,3662096.0
2002-08-09,23.5670388206858,23.7230785907502,23.1140201334022,23.6224077713538,3369119.0
2002-08-12,23.9344873114825,24.4932103591323,23.5871729845651,24.2566339335508,4440241.0
2002-08-13,24.4126737036152,24.5636799327097,24.2918687203396,24.417707244585,1554070.0
2002-08-14,24.3724053758566,24.5133445230115,23.974755639241,24.0150239669996,2417646.0
2002-08-16,24.2616674745206,24.5536128507701,24.1911979009432,24.4428749494341,1975544.0
2002-08-19,24.5737470146493,24.8354911450798,24.5737470146493,24.6895184569551,2054911.0
2002-08-20,24.8153569812006,25.218040258786,24.7046190798646,25.0569669477518,3269448.0
2002-08-21,25.0720675706613,25.273409209454,24.6442165882268,24.6844849159853,1991301.0
2002-08-22,24.8656923908988,25.10730235745,24.7650215715024,24.9311284235064,1792486.0
2002-08-23,25.1576377671482,25.2130067178162,24.8254240631402,25.1425371442387,1411719.0
2002-08-26,25.1727383900576,25.4495831433976,25.0871681935707,25.2633421275143,1648160.0
2002-08-27,26.1744130430513,26.1744130430513,24.7650215715024,24.8254240631402,1337440.0
2002-08-28,24.7146861618042,24.8656923908988,24.583814096589,24.7348203256835,956877.0
2002-08-29,24.664350752106,25.1677048490878,24.6240824243475,25.1274365213293,2058052.0
2002-08-30,25.2381744226652,25.8119980932244,25.0670340296915,25.7213943557677,3381295.0
2002-09-02,26.1744130430513,26.9797795982221,26.1744130430513,26.7029348448822,4126554.0
2002-09-03,26.818706287188,26.8690416968861,26.2851509443873,26.6072975664556,2146322.0
2002-09-04,26.375754681844,27.2767585154414,26.2750838624477,27.1106516634374,4934888.0
2002-09-05,27.1811212370148,27.2666914335017,26.6777671400331,26.7734044184596,2123615.0
2002-09-06,26.7784379594294,27.0200479259807,26.5015932060895,26.7432031726407,2514536.0
2002-09-09,26.6677000580934,26.7784379594294,25.9479036994095,26.2700503214779,2470540.0
2002-09-11,26.2750838624477,26.3858217637837,25.8220651751641,25.9126689126208,2066219.0
2002-09-12,25.9529372403793,26.541861533848,25.9227359945604,26.2247484527495,2786878.0
2002-09-13,26.2901844853571,26.6727335990633,25.9428701584397,26.073742223655,3702270.0
2002-09-16,26.1744130430513,26.2952180263269,25.8724005848623,25.9781049452284,2115338.0
2002-09-17,25.9982391091077,26.4713919602706,25.9982391091077,26.3354863540855,1336037.0
2002-09-18,26.1744130430513,26.3556205179648,25.9730714042586,26.0385074368662,1227802.0
2002-09-19,26.1190440923833,26.1190440923833,25.7213943557677,25.9831384861983,1510321.0
2002-09-20,25.6710589460696,25.9126689126208,25.4747508482467,25.7213943557677,1757760.0
2002-09-23,25.8724005848623,26.3707211408742,25.6710589460696,26.1744130430513,1821705.0
2002-09-24,26.073742223655,26.3052851082666,25.6005893724921,25.7213943557677,2417212.0
2002-09-25,25.5804552086128,25.7666962244961,25.3690464878805,25.7062937328583,1211786.0
2002-09-26,25.8724005848623,25.8824676668019,25.6458912412205,25.741528519647,584209.0
2002-09-27,25.7465620606168,26.1240776333531,25.5502539627939,25.9680378632888,1865491.0
2002-09-30,25.8975682897114,26.1744130430513,25.8824676668019,25.9781049452284,2254774.0
2002-10-01,25.7817968474055,25.9227359945604,25.0720675706613,25.1677048490878,2075680.0
2002-10-03,25.0670340296915,25.1173694393896,24.2113320648225,24.3724053758566,4891437.0
2002-10-04,24.2717345564603,24.3472376710075,23.6626760991124,23.7734140004483,3961069.0
2002-10-07,23.6576425581425,24.3271035071283,23.617374230384,24.1760972780337,2026576.0
2002-10-08,24.2264326877319,24.5435457688304,24.140862491245,24.3975730807057,1331793.0
2002-10-09,24.4378414084643,24.5032774410719,23.9294537705127,23.9999233440901,1444782.0
2002-10-10,23.8589841969352,24.1005941634865,23.6828102629916,23.8489171149956,1495105.0
2002-10-11,25.2683756684842,25.2683756684842,23.9697220982712,24.1207283273658,1287555.0
2002-10-14,24.2616674745206,24.5032774410719,24.1609966551243,24.3824724577963,1047072.0
2002-10-16,24.5133445230115,24.8908600957478,24.4428749494341,24.583814096589,1966995.0
2002-10-17,24.5133445230115,24.6442165882268,24.3271035071283,24.528445145921,1207311.0
2002-10-18,24.6341495062871,24.9009271776875,24.3170364251886,24.4529420313737,1421229.0
2002-10-21,24.5636799327097,24.583814096589,24.2818016383999,24.3774389168264,792887.0
2002-10-22,24.473076195253,24.4932103591323,24.0653593766978,24.1559631141545,1114776.0
2002-10-23,23.9395208524523,23.9395208524523,23.6979108859011,23.7532798365691,1364316.0
2002-10-24,23.6576425581425,23.8589841969352,23.0636847237041,23.1442213792211,2871456.0
2002-10-25,23.1039530514626,23.2448921986175,22.3036200372616,22.4546262663561,4726002.0
2002-10-28,22.4294585615071,22.6106660364205,21.9512721693744,22.127446103318,2880309.0
2002-10-29,22.7012697738772,23.4059655096517,22.5603306267223,23.2096574118288,5708486.0
2002-10-30,23.4160325915913,23.7482462955993,23.4160325915913,23.5972400665047,3855740.0
2002-10-31,23.8640177379051,27.120718745377,23.8640177379051,26.7281025497313,36393864.0
2002-11-01,26.7583037955502,26.9495783524032,25.3438787830314,25.9479036994095,22687604.0
2002-11-04,26.4814590422102,26.6072975664556,26.2046142888702,26.5015932060895,5166758.0
2002-11-05,26.6777671400331,26.6777671400331,26.1442117972324,26.2952180263269,5126794.0
2002-11-07,26.5267609109385,27.3170268431999,25.9328030765001,26.1391782562626,8984720.0
2002-11-08,25.5703881266732,26.3908553047535,25.5703881266732,25.9730714042586,6836817.0
2002-11-11,25.9730714042586,26.0133397320172,25.6257570773412,25.7717297654659,2908551.0
2002-11-12,25.5703881266732,26.3455534360251,25.5351533398845,26.2549496985684,5578331.0
2002-11-13,27.1559535321657,27.1559535321657,26.2146813708099,26.4613248783309,8159262.0
2002-11-14,26.5267609109385,26.7482367136105,26.4009223866931,26.6677000580934,5058403.0
2002-11-15,26.8891758607654,27.1307858273167,26.7885050413691,26.9999137621014,4908203.0
2002-11-18,26.9797795982221,27.86568280891,26.8891758607654,27.3673622528981,6630375.0
2002-11-20,27.4327982855057,27.976420710246,27.2817920564112,27.5284355639322,7450726.0
2002-11-21,27.7096430388457,27.8858169727893,27.5133349410228,27.6542740881777,4353172.0
2002-11-22,27.8354815630911,29.0334643139077,27.8354815630911,28.7264183147488,13556557.0
2002-11-25,28.6408481182619,29.3656780179156,28.364003364922,28.8472232980244,9464779.0
2002-11-26,29.1643363791229,29.7784283774407,29.1492357562135,29.4361475914931,13852575.0
2002-11-27,29.3455438540364,29.4915165421611,28.8069549702659,28.9227264125717,7021521.0
2002-11-28,29.1945376249419,29.4915165421611,29.108967428455,29.2750742804589,7071612.0
2002-11-29,29.4462146734327,29.6727240170745,28.5653450037147,28.9831289042095,7928814.0
2002-12-02,29.1844705430022,29.9143339836258,28.9931959861492,29.6525898531953,5907463.0
2002-12-03,29.9948706391428,30.377419752849,29.1442022152437,29.3304432311269,7823413.0
2002-12-04,29.4965500831309,29.632455689316,28.8723910028735,29.4462146734327,9168904.0
2002-12-05,29.6676904761047,29.989837098173,29.4462146734327,29.6374892302858,6537126.0
2002-12-06,29.7079588038632,30.100574999509,29.5015836241007,29.8136631642294,3669736.0
2002-12-09,30.100574999509,30.6290968013399,29.3203761491873,29.4915165421611,8159296.0
2002-12-10,29.2851413623986,29.6223886073763,29.0032630680888,29.5317848699196,4599603.0
2002-12-11,29.687824639984,29.8891662787767,29.2549401165797,29.4613152963422,4144766.0
2002-12-12,29.4965500831309,29.6525898531953,29.2096382478513,29.5821202796178,4006333.0
2002-12-13,28.9931959861492,30.0703737536901,28.9931959861492,29.8941998197465,3790765.0
2002-12-16,30.4025874576981,30.4025874576981,29.6978917219236,29.7683612955011,6677302.0
2002-12-17,29.8287637871389,29.9797700162334,29.4009128047044,29.6072879844669,4945501.0
2002-12-18,29.6525898531953,29.7884954593803,29.0586320187568,29.1844705430022,3553239.0
2002-12-19,29.1442022152437,29.2348059527004,28.776753724447,29.1039338874851,3871518.0
2002-12-20,29.0938668055455,29.4814494602215,29.0938668055455,29.2750742804589,3651142.0
2002-12-23,29.3908457227647,29.3958792637346,29.0485649368171,29.1593028381531,2523244.0
2002-12-24,29.1190345103946,29.4210469685836,28.4093052336503,29.3505773950062,3709924.0
2002-12-26,29.4713823782818,30.4730570312755,29.4462146734327,30.2515812286035,10948599.0
2002-12-27,30.4529228673962,30.845539063042,29.9193675245956,30.0905079175694,10349750.0
2002-12-30,29.8992333607163,30.1156756224185,29.6072879844669,29.9495687704145,4170639.0
2002-12-31,30.1911787369657,30.1911787369657,29.9042669016861,29.9948706391428,3793216.0
2003-01-01,30.2817824744225,30.3522520479999,29.909300442656,29.9797700162334,3385535.0
2003-01-02,30.0854743765996,30.0854743765996,29.4562817553724,29.5468854928291,2866903.0
2003-01-03,29.7079588038632,29.7331265087123,28.9025922486924,28.9881624451793,5194550.0
2003-01-06,28.9579611993604,29.0384978548775,28.6056133314732,28.6710493640808,3468858.0
2003-01-07,28.7968878883263,28.9529276583906,28.6207139543827,28.6962170689299,2710431.0
2003-01-08,28.7264183147488,29.2851413623986,28.7062841508695,29.0888332645757,2567185.0
2003-01-09,29.24487303464,29.989837098173,29.2197053297909,29.8337973281087,5705715.0
2003-01-10,30.0804408356297,30.100574999509,29.3958792637346,29.9042669016861,4377033.0
2003-01-13,29.8992333607163,29.9294346065352,29.6475563122254,29.7230594267727,2639730.0
2003-01-14,29.4864830011913,29.6978917219236,29.3455438540364,29.6475563122254,2871917.0
2003-01-15,29.3958792637346,29.5468854928291,28.9327934945113,29.2750742804589,3966366.0
2003-01-16,29.2750742804589,29.4915165421611,29.0284307729379,29.3405103130666,2460285.0
2003-01-17,29.4462146734327,29.5720531976782,29.2549401165797,29.4311140505233,1888939.0
2003-01-20,29.4512482144026,29.5921873615574,29.0686991006964,29.1794370020324,1480731.0
2003-01-21,29.1945376249419,29.4965500831309,28.9931959861492,29.4059463456742,1862633.0
2003-01-22,29.4462146734327,29.9495687704145,29.3254096901571,29.8035960822898,3875298.0
2003-01-23,29.8992333607163,30.2012458189054,29.355610935976,29.466348837312,3283681.0
2003-01-24,29.5368184108894,29.5368184108894,28.3136679552238,28.4546071023787,4079518.0
2003-01-27,28.4143387746201,28.6811164460205,27.2213895647734,27.5183684819926,4880373.0
2003-01-28,27.2163560238036,28.1576281851594,27.1106516634374,28.0519238247933,5259578.0
2003-01-29,31.2079540128689,31.2079540128689,27.3170268431999,27.4982343181133,3102893.0
2003-01-30,27.4982343181133,27.7750790714533,26.8438739920371,27.0200479259807,5186530.0
2003-01-31,26.8791087788258,28.1374940212802,26.5066267470593,27.6895088749664,12299612.0
2003-02-03,28.389171069771,28.4395064794692,27.8405151040609,28.3237350371634,4080381.0
2003-02-04,28.610646872443,28.8270891341452,28.2129971358274,28.3287685781332,4478622.0
2003-02-05,28.1576281851594,28.5905127085637,27.9512530053969,28.444540020439,3363936.0
2003-02-06,28.4898418891674,28.776753724447,28.3992381517107,28.6962170689299,2965780.0
2003-02-07,28.7415189376583,28.8723910028735,27.9260853005478,28.2633325455256,3944593.0
2003-02-10,28.2582990045558,28.4797748072278,28.087158611582,28.3539362829823,2918920.0
2003-02-11,28.4093052336503,28.5754120856543,28.2180306767972,28.4344729384994,2462346.0
2003-02-12,28.3438692010427,28.4797748072278,28.0418567428536,28.308634414254,2632766.0
2003-02-14,28.3589698239521,28.6811164460205,28.2079635948576,28.6005797905034,3708450.0
2003-02-17,28.9327934945113,29.4462146734327,28.9076257896623,29.3757450998553,3163812.0
2003-02-18,29.4965500831309,29.577086738648,29.0737326416662,29.1593028381531,2327667.0
2003-02-19,29.300241985308,29.4814494602215,29.1240680513644,29.2297724117306,1859557.0
2003-02-20,29.1945376249419,29.2851413623986,28.8975587077226,29.0837997236059,1547297.0
2003-02-21,29.108967428455,29.7884954593803,29.0938668055455,29.687824639984,4517701.0
2003-02-24,29.9143339836258,30.5787613916417,29.9143339836258,30.4730570312755,9498820.0
2003-02-25,30.2012458189054,30.3572855889697,29.6727240170745,29.7532606725916,4962908.0
2003-02-26,29.8639985739276,29.989837098173,29.3455438540364,29.4562817553724,3927725.0
2003-02-27,29.3254096901571,29.8992333607163,29.2247388707608,29.7381600496821,4252731.0
2003-02-28,29.8992333607163,30.4831241132152,29.4512482144026,29.6727240170745,7407437.0
2003-03-03,29.6978917219236,30.322050802181,29.52171778798,29.7784283774407,6568547.0
2003-03-04,29.6072879844669,29.8740656558672,29.2952084443382,29.4160134276138,2678815.0
2003-03-05,29.2499065756098,29.2851413623986,28.5049425120768,29.0888332645757,5714701.0
2003-03-06,28.998229527119,29.053598477787,28.6156804134128,28.7264183147488,2460354.0
2003-03-07,27.9864877921856,28.4797748072278,27.9864877921856,28.2885002503747,3363294.0
2003-03-10,28.2784331684351,28.3489027420125,27.6391734652682,27.8807834318195,3990040.0
2003-03-11,27.6844753339966,28.9327934945113,27.5938715965399,28.7062841508695,4118775.0
2003-03-12,28.6911835279601,28.776753724447,27.8405151040609,28.0166890380045,2537990.0
2003-03-13,27.9864877921856,28.2784331684351,27.7247436617551,27.9814542512158,3577231.0
2003-03-17,27.9864877921856,28.2784331684351,27.7096430388457,28.14252756225,4017792.0
2003-03-19,28.389171069771,28.7616531015375,28.3438692010427,28.6962170689299,3524481.0
2003-03-20,28.1878294309783,29.7884954593803,28.1878294309783,29.5317848699196,5099545.0
2003-03-21,29.355610935976,29.6928581809538,28.721384773779,29.5468854928291,4093968.0
2003-03-22,29.8992333607163,30.2918495563621,29.5015836241007,29.6425227712556,1023238.0
2003-03-24,29.4864830011913,29.4864830011913,28.3438692010427,28.4747412662579,3978037.0
2003-03-25,28.087158611582,28.8623239209339,27.9009175956987,28.7616531015375,3507508.0
2003-03-26,28.8421897570546,29.0082966090586,28.4495735614089,28.6408481182619,2791345.0
2003-03-27,28.4797748072278,28.555277921775,28.1072927754613,28.2381648406765,2501955.0
2003-03-28,28.2784331684351,28.832122675115,28.2029300538878,28.7364853966885,3051450.0
2003-03-31,28.2985673323143,28.4697077252881,27.7448778256344,27.9965548741253,3356489.0
2003-04-01,27.7851461533929,28.4646741843183,27.7851461533929,28.2935337913445,2662922.0
2003-04-02,28.444540020439,28.7918543473564,28.2885002503747,28.41937231559,2499790.0
2003-04-03,28.4898418891674,28.8925251667528,28.3942046107409,28.7415189376583,2228894.0
2003-04-04,28.8069549702659,29.6072879844669,28.8069549702659,29.5418519518593,4914794.0
2003-04-07,29.7230594267727,30.4025874576981,29.6978917219236,30.2163464418148,4929495.0
2003-04-08,29.9999041801127,30.0804408356297,29.6475563122254,29.8136631642294,3025909.0
2003-04-09,29.5116507060404,29.687824639984,28.942860576451,29.0284307729379,3180773.0
2003-04-10,28.9831289042095,29.0435313958473,28.3992381517107,28.7163512328092,2911610.0
2003-04-11,28.832122675115,29.5972209025273,28.4395064794692,29.4814494602215,3456980.0
2003-04-15,29.4965500831309,29.5166842470102,27.5989051375097,28.41937231559,5846070.0
2003-04-16,28.6811164460205,28.7264183147488,28.2280977587369,28.5703785446845,3023338.0
2003-04-17,28.5703785446845,28.5703785446845,27.8002467763024,28.0015884150951,3105149.0
2003-04-21,28.1878294309783,28.389171069771,27.8858169727893,28.1173598574009,2161877.0
2003-04-22,28.0519238247933,28.0670244477027,27.5586368097511,27.9260853005478,3876796.0
2003-04-23,28.3388356600729,28.6358145772921,27.1559535321657,27.3019262202905,15811793.0
2003-04-24,27.4831336952039,27.8858169727893,27.3522616299886,27.563670350721,6500987.0
2003-04-25,27.3824628758075,27.644207006238,26.8791087788258,26.9999137621014,5532466.0
2003-04-28,26.9797795982221,27.5536032687813,26.652599435184,27.4025970396868,4880945.0
2003-04-29,27.4831336952039,27.5687038916908,27.2566243515621,27.4680330722944,3156736.0
2003-04-30,27.4579659903548,27.7348107436948,27.286825597381,27.6291063833286,2433276.0
2003-05-02,27.644207006238,27.6744082520569,27.3119933022301,27.5284355639322,2318553.0
2003-05-05,27.6844753339966,27.7851461533929,27.1307858273167,27.2364901876828,2762692.0
2003-05-06,27.1811212370148,27.4478989084152,26.9697125162825,27.1710541550752,3081872.0
2003-05-07,26.818706287188,27.0552827127694,26.6777671400331,26.7331360907011,2939450.0
2003-05-08,26.6777671400331,26.7734044184596,25.9730714042586,26.129111174323,5238248.0
2003-05-09,25.8875012077717,26.5267609109385,25.8875012077717,26.2801174034175,3066891.0
2003-05-12,26.375754681844,26.4764255012404,25.9982391091077,26.2549496985684,2117544.0
2003-05-13,26.3656875999044,26.4613248783309,26.1492453382022,26.3505869769949,1702560.0
2003-05-14,26.3505869769949,26.899242942705,26.3505869769949,26.8287733691276,2832571.0
2003-05-15,26.8438739920371,27.0200479259807,26.6878342219727,26.9143435656145,1985716.0
2003-05-16,27.0804504176185,27.1609870731356,26.8690416968861,27.0452156308298,2180439.0
2003-05-19,27.0854839585883,27.2968926793206,26.929444188524,27.0905174995581,2564055.0
2003-05-20,26.6274317303349,27.4629995313246,26.6274317303349,27.3925299577472,2951846.0
2003-05-21,27.452932449385,27.563670350721,27.1106516634374,27.3623287119283,2578727.0
2003-05-22,27.2415237286526,27.7046094978759,27.1307858273167,27.644207006238,3004600.0
2003-05-23,27.2817920564112,27.3723957938679,27.0905174995581,27.2062889418639,1526396.0
2003-05-26,27.1811212370148,28.2885002503747,27.0804504176185,28.1324604803103,3028596.0
2003-05-27,28.0972256935216,28.6307810363223,28.0166890380045,28.2331312997067,3884253.0
2003-05-28,28.2885002503747,29.1240680513644,28.2885002503747,28.9931959861492,5123081.0
2003-05-29,29.1442022152437,29.687824639984,28.8421897570546,29.5569525747687,4330163.0
2003-05-30,29.5972209025273,30.4025874576981,29.4965500831309,30.0603066717505,6292634.0
2003-06-02,30.100574999509,30.2415141466639,29.5317848699196,29.6525898531953,2633889.0
2003-06-03,29.4361475914931,29.6978917219236,29.3203761491873,29.410979886644,1322619.0
2003-06-04,29.4512482144026,30.4730570312755,29.3958792637346,30.266681851513,4587018.0
2003-06-05,30.7045999158871,31.6911739459714,30.6643315881286,31.4596310613598,10049061.0
2003-06-06,31.7113081098506,31.8975491257339,31.2784235864463,31.5603018807561,5565987.0
2003-06-09,32.1592932561644,32.1592932561644,30.7750694894646,30.9663440463176,4317101.0
2003-06-10,30.8254048991627,31.5854695856052,30.377419752849,30.5586272277624,5040597.0
2003-06-11,30.5082918180642,31.0871490295933,30.5082918180642,30.9814446692271,3510016.0
2003-06-12,31.0720484066838,31.2985577503256,30.9160086366195,31.0066123740762,2656499.0
2003-06-13,31.1827863080198,31.6509056182128,31.1727192260802,31.5049329300881,5154883.0
2003-06-16,31.7264087327601,31.9126497486433,30.8354719811024,30.9311092595289,7720929.0
2003-06-17,31.1827863080198,32.5066075830818,31.0770819476536,32.3254001081684,9155674.0
2003-06-18,32.4915069601724,32.4915069601724,31.8824485028244,32.0133205680397,5274828.0
2003-06-19,30.3170172612112,32.8186871232105,30.3170172612112,32.7079492218745,7189801.0
2003-06-20,32.4160038456251,34.0015692511176,32.4160038456251,33.770026366506,14043308.0
2003-06-23,33.6693555471097,33.6693555471097,32.6274125663574,32.7431840086632,4437953.0
2003-06-24,32.7431840086632,33.0451964668523,32.113991387436,32.2498969936211,6522147.0
2003-06-25,32.4160038456251,33.1206995813995,32.4160038456251,32.7029156809047,5824144.0
2003-06-26,32.8186871232105,33.412644957649,32.5418423698705,32.7331169267236,7399290.0
2003-06-27,32.8841231558181,33.0200287620032,32.3707019768967,32.6928485989651,4646035.0
2003-06-30,32.7180163038141,33.2415045646752,32.4764063372629,32.7079492218745,5617703.0
2003-07-01,32.8237206641803,33.0602970897617,32.5418423698705,32.7985529593312,5923798.0
2003-07-02,33.0049281390937,33.6240536783813,32.8186871232105,33.0703641717014,7578443.0
2003-07-03,33.1962026959468,33.770026366506,32.9495591884258,33.2968735153432,8234968.000000001
2003-07-04,33.5284163999548,33.9562673823893,33.3220412201923,33.5183493180151,5938555.0
2003-07-07,33.6240536783813,33.9764015462685,32.9797604342447,33.0955318765505,4094522.0
2003-07-08,33.1307666633392,33.3220412201923,32.6827815170254,32.8438548280596,3532013.0
2003-07-09,33.2213704007959,33.2213704007959,32.5418423698705,32.8841231558181,3066396.0
2003-07-10,33.1106324994599,33.7851269894155,32.8841231558181,33.6341207603209,4260327.0
2003-07-11,33.6240536783813,33.9764015462685,33.1861356140072,33.2918399743733,4139447.0
2003-07-14,33.523382858985,34.2784140044576,33.523382858985,34.2029108899103,6545570.0
2003-07-15,34.3287494141558,34.7213656098015,33.6945232519587,33.991502169178,6006878.0
2003-07-16,33.9008984317213,34.8723718388961,33.7247244977777,34.6055941674957,5578641.0
2003-07-17,34.7314326917412,34.9227072485942,33.825395317174,34.1072736114838,5765178.0
2003-07-18,34.0720388246951,35.2347867887229,33.6240536783813,34.1525754802122,5592085.0
2003-07-21,34.348883578035,34.3790848238539,33.6341207603209,33.7951940713551,4688869.0
2003-07-22,33.8102946942646,33.8102946942646,33.1559343681883,33.6290872193511,5254420.0
2003-07-23,33.825395317174,33.8757307268722,32.9596262703654,33.2012362369166,4455942.0
2003-07-24,33.3321083021319,34.8321035111375,33.1307666633392,34.4092860696728,5631688.0
2003-07-25,34.7314326917412,35.3354576081193,34.459621479371,35.1945184609644,8078652.0
2003-07-28,35.2901557393909,35.6727048530971,34.5804264626466,34.7515668556204,4839923.0
2003-07-29,34.5351245939183,35.1341159693266,34.4193531516125,34.9982103631415,5073934.0
2003-07-30,34.6307618723448,35.59216819758,33.2213704007959,35.093847641568,4926920.0
2003-07-31,35.3354576081193,36.4277359985697,34.9327743305339,36.0300862619541,16058683.0
2003-08-01,36.2112937368675,36.2112937368675,35.5972017385498,35.7431744266745,5331971.0
2003-08-04,35.5871346566102,36.0099520980748,35.4864638372138,35.728073803765,3691388.0
2003-08-05,35.7985433773425,36.6441782602718,34.6961979049524,35.0284116089604,8098676.0
2003-08-06,34.5904935445863,35.8790800328596,34.5904935445863,35.2951892803607,8697928.0
2003-08-07,35.5518998698214,35.9394825244974,35.0988811825379,35.7935098363727,5606043.0
2003-08-08,36.2314279007468,36.6894801290002,35.9394825244974,36.5737086866944,7174479.0
2003-08-11,36.0904887535919,36.7448490796682,36.0904887535919,36.3723670479017,4667303.0
2003-08-12,39.1408145813014,39.1408145813014,35.7935098363727,35.9193483606181,3850086.0
2003-08-13,37.2381360947103,37.2381360947103,35.8136440002519,36.337132261113,4531665.0
2003-08-14,36.4428366214791,36.7901509483966,35.9545831474068,36.1005558355316,4802977.0
2003-08-18,36.1408241632901,36.6894801290002,35.7381408857047,36.3673335069319,5574787.0
2003-08-19,36.5082726540868,37.3941758647747,36.3069310152941,37.1575994391932,5876836.0
2003-08-20,37.4495448154427,37.7213560278128,37.0015596691289,37.137465275314,3505892.0
2003-08-21,37.7515572736317,37.7515572736317,37.1626329801631,37.3589410779859,4227478.0
2003-08-22,37.5703497987183,38.7330977627461,37.4495448154427,38.4260517635873,8339398.999999999
2003-08-25,38.8589362869916,42.7548969976304,36.9562578004005,38.1139722234586,9454459.0
2003-08-26,38.2549113706135,39.4629612033697,38.0636368137604,39.3270555971846,8005644.0
2003-08-27,39.261619564577,39.9713488413213,39.261619564577,39.6441686782831,5248770.0
2003-08-28,39.6693363831322,40.0166507100496,39.1106133354824,39.6341015963435,5044335.0
2003-08-29,40.1676569391441,40.7465141506732,39.6391351373133,40.3387973321179,6588927.0
2003-09-01,40.0921538245969,41.7179875578479,40.0921538245969,41.2951701163833,6030443.0
2003-09-02,41.7783900494858,42.4428174575017,41.441142804508,42.1408049993126,9658341.0
2003-09-03,41.8941614917916,42.1710062451315,40.8773862158884,41.0686607727415,5528319.0
2003-09-04,40.9629564123753,41.5770484106931,40.7817489374619,41.2045663789266,6333379.0
2003-09-05,41.38577385384,42.4126162116828,41.38577385384,42.2666435235581,5809532.0
2003-09-08,42.4931528671999,44.0384499449338,42.4931528671999,43.8522089290506,7843693.0
2003-09-09,44.0082486991149,44.5367705009458,43.4998610611634,43.922678502628,8818832.0
2003-09-10,43.7918064374128,43.8371083061411,43.3488548320688,43.7565716506241,5081235.0
2003-09-11,42.7850982434493,44.2146238788775,42.7850982434493,43.1575802752158,6898117.0
2003-09-12,43.0871107016383,43.6508672902579,41.8790608688821,42.1961739499806,6079875.0
2003-09-15,42.1810733270712,42.2616099825882,40.4344346105445,40.7263799867939,8703494.0
2003-09-16,40.8723526749186,41.4461763454778,39.6240345144038,41.2901365754134,9781713.0
2003-09-17,42.0804025076748,42.0804025076748,40.4847700202426,40.9629564123753,7204975.0
2003-09-18,41.1743651331076,41.1743651331076,39.5283972359773,39.8002084483475,8725249.0
2003-09-19,39.7700072025286,41.0585936908019,39.4629612033697,40.6760445770957,10975666.0
2003-09-22,41.4663105093571,41.4663105093571,40.2783948404801,40.5753737576994,5331483.0
2003-09-23,40.2834283814499,41.8689937869425,40.0418184148987,41.5317465419647,5067816.0
2003-09-24,41.9495304424596,43.4092573237066,41.5015452961458,43.1877815210347,8490786.0
2003-09-25,43.0871107016383,43.5401293889219,41.8790608688821,42.1005366715541,10013123.0
2003-09-26,42.3622808019846,43.0317417509703,41.9797316882785,42.9159703086645,7256463.0
2003-09-29,51.3421178921391,51.3421178921391,43.0619429967892,43.7213368638353,4924381.0
2003-09-30,43.9176449616582,44.833749418165,43.7918064374128,44.6777096481007,7794669.0
2003-10-01,44.3958313537909,44.833749418165,43.5954983395899,43.8622760109902,4596091.0
2003-10-03,44.1944897149982,45.3018687283581,44.0938188956018,45.1558960402333,6636276.0
2003-10-06,45.1508624992635,46.2884427584423,42.5334211949584,46.0568998738307,4881619.0
2003-10-07,46.1072352835289,46.4092477417179,45.3169693512675,45.4830762032715,5415584.0
2003-10-08,46.8119310193033,46.8119310193033,45.165963122173,45.8303905301889,4604292.0
2003-10-09,46.2079061029252,46.6105893805106,45.5132774490904,45.8203234482493,5438028.0
2003-10-10,46.1273694474081,47.5166267550778,46.1273694474081,47.4058888537418,7664012.0
2003-10-13,47.400855312772,48.724676587834,46.8622664290015,48.4276976706148,5561367.0
2003-10-14,48.8253474072303,49.1172927834798,46.8270316422128,47.1391111823415,6071066.0
2003-10-15,47.2297149197982,48.613938686498,46.9478366254884,48.1860877040635,6397161.0
2003-10-16,50.1240009774433,50.1240009774433,48.3823958018864,49.1827288160874,16486307.0
2003-10-17,49.026689046023,50.0333972399866,48.890783439838,49.2833996354837,6724539.0
2003-10-20,49.6307139624012,49.8320556011939,48.3219933102486,48.503200785162,4479769.0
2003-10-21,48.8253474072303,48.8253474072303,46.7615956096051,47.1340776413716,6892959.0
2003-10-22,46.3337446271706,47.758236721629,46.3337446271706,47.2045472149491,5518654.0
2003-10-23,47.2951509524058,47.3152851162851,45.9159607266758,46.1877719390459,5879520.0
2003-10-24,37.24820317665,47.7179683938705,37.24820317665,47.3807211488927,6294240.0
2003-10-25,48.2666243595806,48.3219933102486,47.7230019348403,47.8589075410254,1460756.0
2003-10-27,47.8186392132668,47.9193100326632,46.021665087042,46.2079061029252,4982452.0
2003-10-28,46.3085769223216,47.3152851162851,46.1072352835289,46.7414614457259,7426937.0
2003-10-29,47.0384403629451,47.813605672297,46.5602539708124,47.5568950828363,4037719.0
2003-10-30,47.3706540669531,48.3219933102486,47.1743459691302,48.0250143930294,4701112.0
2003-10-31,48.3219933102486,49.1021921605703,48.1307187533955,48.971320095355,4718758.0
2003-11-03,49.0216555050532,50.4260134356323,49.0216555050532,50.1441351413225,8769709.0
2003-11-04,50.5468184189079,50.9394346145537,49.0417896689325,49.4797077333066,7882729.0
2003-11-05,49.026689046023,49.7414518637371,48.3723287199468,49.1877623570572,6506879.0
2003-11-06,49.5300431430048,50.4864159272701,49.2380977667554,49.6156133394917,9589862.0
2003-11-07,49.6860829130691,50.0233301580469,48.2917920644297,48.5384355719507,5214906.0
2003-11-10,51.3421178921391,51.3421178921391,47.4260230176211,48.6189722274678,3943629.0
2003-11-11,48.337093933158,48.8253474072303,47.8790417049046,48.3874293428562,4570877.0
2003-11-12,49.3287015042121,49.4746741923368,48.5334020309809,48.7297101288038,5669505.0
2003-11-13,50.325342616236,50.325342616236,47.924343573633,48.1055510485464,4587227.0
2003-11-14,47.4411236405305,47.8186392132668,46.5300527249935,46.8018639373637,5850660.0
2003-11-15,46.6105893805106,47.4662913453796,46.6105893805106,47.1441447233113,1289083.0
2003-11-17,47.0283732810055,48.0602491798181,46.8119310193033,47.813605672297,5284715.0
2003-11-18,47.5820627876854,47.9948131472104,46.8119310193033,46.9126018386997,3709555.0
2003-11-19,46.7263608228164,46.9881049532469,46.1676377751667,46.4696502333557,5303106.0
2003-11-20,46.5199856430539,46.90253475676,45.2011979089617,45.3824053838751,4513877.0
2003-11-21,44.9193196146519,46.4998514791746,44.9193196146519,46.2532079716536,6034467.0
2003-11-24,46.4948179382048,46.6105893805106,45.7146190878831,45.8958265627965,3139596.0
2003-11-25,45.9058936447362,47.2045472149491,45.9058936447362,47.0183061990658,4945760.0
2003-11-27,47.0283732810055,48.3521945560675,47.0283732810055,47.9394441965424,7246806.0
2003-11-28,48.0199808520595,49.3186344222725,48.0199808520595,49.0317225869929,5419378.0
2003-12-01,49.3387685861517,49.8119214373146,49.137426947359,49.5552108478539,4123682.0
2003-12-02,49.6458145853106,50.8387637951574,48.9058840627474,50.2951413704171,6277005.0
2003-12-03,50.8387637951574,50.8387637951574,49.6156133394917,50.1240009774433,8420259.0
2003-12-04,49.3740033729405,51.4931241212336,49.3740033729405,51.2112458269239,12859046.0
2003-12-05,51.3421178921391,51.5434595309318,49.4495064874877,49.635747503371,5893629.0
2003-12-08,49.2431313077252,49.7565524866466,48.0552156388483,48.3119262283089,8118846.0
2003-12-09,48.4578989164337,49.1625946522081,48.4578989164337,48.9864207182645,5662655.0
2003-12-10,49.0770244557212,50.5820532056967,48.9360853085663,50.0937997316244,10279517.0
2003-12-11,50.4461475995116,50.738092975761,49.248164848695,49.6407810443408,7431704.0
2003-12-12,49.93775996156,49.93775996156,49.082057996691,49.4595735694274,4966075.0
2003-12-15,49.5300431430048,50.5669525827872,49.5300431430048,50.2347388787793,5962251.0
2003-12-16,50.2146047149,51.0854073026784,49.5954791756124,50.8186296312781,9055688.0
2003-12-17,50.9394346145537,51.0803737617086,50.3454767801152,50.6122544515156,6225689.0
2003-12-18,50.3152755342963,51.4729899573544,50.3152755342963,51.0350718929802,6839994.0
2003-12-19,51.1407762533464,52.6458050033219,51.1407762533464,52.4192956596801,10672249.0
2003-12-22,52.4645975284084,53.3555342800661,52.4645975284084,53.1088907725451,4295096.0
2003-12-23,43.7918064374128,53.3354001161869,43.7918064374128,52.5904360526539,4602904.0
2003-12-24,52.3639267090121,53.4562050994625,52.3639267090121,53.1441255593338,4344835.0
2003-12-26,53.4713057223719,53.6273454924363,53.0786895267262,53.3756684439454,3439245.0
2003-12-29,53.6575467382552,54.2565381136635,53.5770100827381,54.0853977206897,3312897.0
2003-12-30,54.0602300158406,58.3890752498837,53.884056081897,56.6474700743268,12317141.0
2003-12-31,56.5770005007494,58.6709535441935,56.5770005007494,57.6692788911998,11471408.0
2004-01-01,58.3890752498837,58.3890752498837,57.0954552206406,57.4478030885278,4071252.0
2004-01-02,57.8353857432038,59.2850455425112,57.4478030885278,58.9125635107447,8115756.0
2004-01-05,58.8924293468655,59.3857163619076,57.5837086947129,58.3941087908535,6100815.0
2004-01-06,58.4897460692801,59.2447772147527,56.7833756805119,57.6239770224714,5795339.0
2004-01-07,57.4025012197995,58.6407522983746,57.0803545977311,58.4041758727932,5944876.0
2004-01-08,58.8924293468655,60.1910829170784,58.7061883309822,59.4058505257869,5339567.0
2004-01-09,60.4024916378107,60.9712817674001,57.9008217758114,58.2531696436986,8761265.0
2004-01-12,58.187733611091,58.7816914455295,57.2011595810068,57.5082055801656,5588734.0
2004-01-13,57.7095472189583,59.345448034149,57.608876399562,59.1340393134167,5872486.0
2004-01-14,59.3957834438472,60.3018208184144,59.3957834438472,60.1004791796217,5109994.0
2004-01-15,60.754839505698,60.9964494722492,57.8454528251434,58.1978006930306,6724119.0
2004-01-16,58.8924293468655,59.0736368217789,57.5837086947129,58.4998131512197,8057492.0
2004-01-19,58.5048466921895,59.2951126244509,57.2917633184635,58.8672616420164,5572406.0
2004-01-20,59.2951126244509,60.1810158351388,57.4176018427089,57.830352202234,6050968.0
2004-01-21,57.5082055801656,58.3588740040648,55.1273407014419,55.6659295852124,6471951.0
2004-01-22,55.6709631261822,57.8756540709623,53.0786895267262,53.884056081897,10218853.0
2004-01-23,54.2615716546333,56.5014973862021,53.5317082140098,56.1592166002545,9296411.0
2004-01-27,56.5820340417192,58.7313560358313,56.4108936487454,58.4545112824913,7072111.0
2004-01-28,59.1944418050545,59.3202803293,57.3370651871918,57.9561907264794,8354537.0
2004-01-29,58.4897460692801,58.9830330843222,56.9092142047573,57.5333732850147,14791246.0
2004-01-30,57.6340441044111,58.3286727582459,56.174317223164,56.4310278126247,6169266.0
2004-02-03,56.5770005007494,56.8588787950592,55.2582127666572,55.7414326997597,6913665.0
2004-02-04,55.9075395517637,57.885721152902,55.3236487992648,57.5233062030751,7371400.0
2004-02-05,57.8353857432038,58.2380690207892,56.3051892883792,56.8387446311799,7220332.0
2004-02-06,57.2565285316748,58.0870627916947,56.7884092214817,57.9259894806605,6548357.0
2004-02-09,58.2380690207892,59.3957834438472,58.2380690207892,59.264911378632,4990849.0
2004-02-10,59.5971250826399,60.2414183267766,58.9528318385033,59.7229636068854,8848744.0
2004-02-11,62.4159080257378,62.4159080257378,58.4998131512197,59.1239722314771,6210047.0
2004-02-12,59.4209511486963,59.8890704588893,58.7917585274691,59.1642405592356,5921079.0
2004-02-13,59.0082007891713,60.1407475073802,58.8018256094088,59.9394058685875,4672041.0
2004-02-16,60.201149999018,60.6038332766034,59.4209511486963,59.6927623610665,5692413.0
2004-02-17,59.6071921645796,60.9058457347925,59.3957834438472,60.2766531135653,9221574.0
2004-02-18,60.588732653694,61.4595352414724,60.4175922607202,60.890745111883,11285784.0
2004-02-19,60.9159128167321,61.3085290123779,58.3941087908535,58.6256516754651,8352120.999999999
2004-02-20,58.4998131512197,59.899137540829,58.4394106595819,59.1390728543865,10037773.0
2004-02-23,59.2951126244509,59.7984667214326,56.3857259438963,56.9142477457272,9391243.0
2004-02-24,55.9226401746731,57.2414279087653,55.3689506679932,56.9545160734857,12554104.0
2004-02-25,57.3823670559202,57.3823670559202,55.595460011635,55.8924389288542,6962652.0
2004-02-26,55.7716339455786,56.808543385361,54.2615716546333,54.5937853586413,10483179.0
2004-02-27,54.9209655216794,56.0333780760091,54.8655965710114,55.842103519156,8262031.000000001
2004-03-01,57.2816962365238,57.3269981052522,56.0031768301902,57.11055584355,6235209.0
2004-03-03,57.2967968594333,58.7816914455295,57.0904216796708,58.4746454463706,8516733.0
2004-03-04,58.187733611091,58.7917585274691,57.442769547558,57.7498155467169,4249944.0
2004-03-05,57.4830378753165,59.1441063953563,57.4830378753165,59.0082007891713,4136933.0
2004-03-08,59.1944418050545,60.3018208184144,59.1340393134167,59.9746406553762,4857721.0
2004-03-09,60.4024916378107,60.4024916378107,58.2380690207892,58.821959773288,4567818.0
2004-03-10,58.4897460692801,58.5904168886764,57.4025012197995,57.7548490876867,4071022.0
2004-03-11,57.5837086947129,58.187733611091,56.6776713201457,56.9645831554253,5579304.0
2004-03-12,56.8286775492403,57.2816962365238,55.8773383059447,56.6374029923872,5410580.0
2004-03-15,57.085388138701,57.3622328920409,54.3622424740297,54.8706301119812,6624011.0
2004-03-16,54.3622424740297,55.8572041420655,53.9092237867461,54.5484834899129,8512242.0
2004-03-17,54.8655965710114,55.5702923067859,53.8739889999574,54.4025108017882,8011049.0
2004-03-18,54.5635841128224,54.7749928335547,51.8807067759096,52.2582223486459,11184854.0
2004-03-19,52.0468136279136,53.2095615919414,52.0468136279136,52.6760062491408,7836465.0
2004-03-22,51.2515141546824,52.6458050033219,50.8941327458254,51.1105750075275,6435462.0
2004-03-23,51.2414470727428,52.0971490376118,50.8639315000065,51.5182918260827,6639679.0
2004-03-24,51.5434595309318,51.87063969397,50.9193004506744,51.5736607767507,7085995.0
2004-03-25,51.649163891298,52.3790273319215,51.372319137958,51.7498347106943,9611709.0
2004-03-26,52.1424509063401,53.385735525885,52.1424509063401,52.9226497566618,7547350.0
2004-03-29,52.9679516253902,53.8186200492894,52.862247265024,53.2347292967905,5709932.0
2004-03-30,53.3656013620058,54.0300287700217,52.9578845434506,53.0686224447865,6364178.0
2004-03-31,53.0585553628469,54.3622424740297,52.8270124782353,54.1659343762068,5489134.0
2004-04-01,54.2615716546333,56.1441159773451,54.2615716546333,55.9578749614618,7744133.0
2004-04-02,65.4360326076283,65.4360326076283,55.9478078795222,56.9595496144555,7124312.0
2004-04-05,57.0803545977311,58.5249808560688,57.0803545977311,57.8957882348416,6476492.0
2004-04-06,57.9863919722983,58.6306852164349,56.8437781721497,57.9259894806605,7142520.0
2004-04-07,58.3739746269743,58.4796789873404,57.3823670559202,57.7850503335056,4157678.0
2004-04-08,57.3823670559202,58.3588740040648,56.9293483686366,57.6793459731394,4639042.0
2004-04-12,57.9360565626001,57.9360565626001,56.2447867967414,56.5518327959003,3830941.0
2004-04-13,56.7783421395421,57.9763248903587,55.9125730927335,57.7145807599281,4054932.0
2004-04-15,58.2783373485477,58.5098802331593,56.6374029923872,56.9142477457272,5951581.0
2004-04-16,56.9796837783348,57.6592118092602,56.7481408937232,56.9947844012442,3029685.0
2004-04-17,56.9796837783348,57.1709583351879,56.7330402708137,56.863912336029,814748.0
2004-04-19,56.7280067298439,57.3219645642824,55.429353159631,55.6306947984237,4074759.0
2004-04-20,55.8219693552768,55.8219693552768,55.1676090292005,55.6055270935746,3512801.0
2004-04-21,55.373984208963,57.3269981052522,55.3689506679932,57.2162602039162,4741384.0
2004-04-22,57.1810254171275,57.7649161696263,56.7280067298439,57.2565285316748,3237809.0
2004-04-23,57.1810254171275,57.8655869890227,56.8941135818479,57.11055584355,3588442.0
2004-04-27,56.3756588619567,56.3756588619567,54.0954648026293,54.3068735233617,6683172.0
2004-04-28,54.3672760149995,55.2682798485968,54.0753306387501,54.4025108017882,6583053.0
2004-04-29,54.2615716546333,54.7649257516151,53.0031864121789,53.2850647064887,16522558.0
2004-04-30,56.8790129589384,62.9293292046591,52.5703018887746,52.9981528712091,7435287.0
2004-05-03,53.0535218218771,53.4864063452814,51.9159415626983,53.1994945100018,8237410.0
2004-05-04,53.9494921145046,63.7296622188601,53.2649305426094,53.4310373946134,4785838.0
2004-05-05,53.5568759188589,53.7028486069836,53.0585553628469,53.3555342800661,4266223.0
2004-05-06,53.8588883770479,54.6944561780376,53.773318180561,54.4125778837278,5894002.0
2004-05-07,53.5568759188589,54.2112362449351,53.2347292967905,53.5971442466174,4446235.0
2004-05-10,53.3253330342472,53.3253330342472,51.8656061530002,52.2682894305856,6391917.0
2004-05-11,51.4025203837769,51.4427887115355,48.6894418010453,49.3538692090612,7292002.0
2004-05-12,48.724676587834,50.2750072065378,48.724676587834,49.9981624531978,6245671.0
2004-05-13,48.3219933102486,52.7867441504768,47.7179683938705,51.4880905802638,13077915.0
2004-05-14,51.3421178921391,52.1273502834307,47.4360900995607,48.0300479339992,12309172.0
2004-05-17,47.3152851162851,47.5065596731381,38.4260517635873,40.7012122819448,9367243.0
2004-05-18,43.288452340431,46.0971682015892,41.2851030344436,43.6609343721975,13502105.0
2004-05-19,44.723011516829,46.9126018386997,44.723011516829,45.5485122358791,11520015.0
2004-05-20,46.6105893805106,46.7817297734844,44.310261157304,44.6173071564629,9397118.0
2004-05-21,44.4864350912476,44.4965021731872,43.2934858814008,44.2448251246964,6745232.0
2004-05-24,45.3018687283581,46.1072352835289,44.8035481723461,45.689451383034,6756909.0
2004-05-25,45.6038811865471,46.2985098403819,43.9579132894168,45.8756923989173,8006622.0
2004-05-26,46.3085769223216,47.1139434774924,45.8454911530983,46.2381073487441,6844810.0
2004-05-27,45.5032103671508,46.0619334148005,44.9595879424105,45.2062314499315,5707970.0
2004-05-28,45.0048898111388,45.3924724658148,42.9059032267249,43.5602635528012,8904917.0
2004-05-31,43.4394585695255,44.1844226330585,41.5267130009949,43.2683181765518,9652900.0
2004-06-01,43.7918064374128,44.5971729925836,43.5048946021332,43.7112697818957,6215267.0
2004-06-02,43.8824101748695,44.5921394516138,43.7515381096542,44.2397915837265,4296672.0
2004-06-03,44.8991854507726,45.52334453103,42.5938236865962,43.122345488427,7208695.0
2004-06-04,42.5837566046566,43.7918064374128,42.543488276898,43.6408002083183,6151647.0
2004-06-07,43.7918064374128,45.2616004005995,43.7918064374128,44.778380467497,6611675.0
2004-06-08,44.7985146313763,45.9612625954042,44.4461667634891,45.8303905301889,7265744.0
2004-06-09,46.0065644641325,46.1324029883779,45.2313991547806,45.3824053838751,5136240.0
2004-06-10,45.1911308270221,45.5032103671508,44.7985146313763,45.0703258437464,3516835.0
2004-06-11,44.999856270169,44.999856270169,43.288452340431,43.4595927334048,4722746.0
2004-06-14,43.1877815210347,44.033416403964,42.7347628337511,43.7817393554731,7250412.0
2004-06-15,43.8018735193524,45.5535457768489,43.6911356180164,45.3622712199959,6785824.0
2004-06-16,45.6038811865471,45.8857594808569,44.5569046648251,44.9142860736821,4553908.0
2004-06-17,45.2414662367202,46.0015309231627,44.2045567969378,45.7347532517624,5902720.0
2004-06-18,45.7045520059435,45.7045520059435,44.4109319767003,44.7733469265272,4919840.0
2004-06-21,44.9193196146519,45.0904600076257,43.5954983395899,43.7414710277146,5840772.0
2004-06-22,43.5703306347408,44.3454959440927,43.288452340431,43.4646262743746,5392890.0
2004-06-23,43.842141847111,43.842141847111,41.1894657560171,41.4008744767494,11069288.0
2004-06-24,41.3757067719004,42.8354336531474,41.3757067719004,42.5887901456264,11806191.0
2004-06-25,42.6844274240529,43.9528797484469,42.5938236865962,43.4495256514652,8228788.0
2004-06-28,43.3387877501292,44.5921394516138,43.3387877501292,44.4663009273683,5428478.0
2004-06-29,44.2951605343945,45.0250239750181,43.7465045686844,44.6223406974327,6946267.0
2004-06-30,44.7179779758592,44.9243531556217,43.0871107016383,43.2532175536423,8869472.0
2004-07-01,44.2347580427567,44.2850934524549,43.2985194223707,44.1491878462698,4945934.0
2004-07-02,43.7918064374128,44.1340872233604,43.3387877501292,43.6810685360768,5676172.0
2004-07-05,43.731403945775,44.2901269934247,43.2129492258838,43.3337542091594,7218450.0
2004-07-06,43.3589219140085,44.1944897149982,43.1676473571554,44.1340872233604,5911012.0
2004-07-07,44.1944897149982,44.5971729925836,43.7918064374128,44.1340872233604,7283552.0
2004-07-08,44.2599257476058,44.9897891882294,43.097177783578,43.4897939792237,10969933.0
2004-07-09,40.2683277585405,44.4260325996098,40.2683277585405,44.1844226330585,4532676.0
2004-07-12,43.9931480762055,44.2951605343945,43.4998610611634,43.9679803713564,2875397.0
2004-07-13,43.6911356180164,44.1642884691793,43.1424796523063,43.3387877501292,2351426.0
2004-07-14,43.6005318805597,43.6005318805597,41.9495304424596,42.0804025076748,6852963.0
2004-07-15,42.352213720045,42.7246957518115,41.8035577543348,42.2918112284071,7458953.0
2004-07-16,42.4830857852602,43.0166411280609,42.1106037534937,42.7297292927813,8211825.999999999
2004-07-19,42.8857690628456,43.177714439095,42.5032199491395,42.6642932601737,6175357.0
2004-07-20,45.3018687283581,45.3018687283581,42.3824149658639,43.1424796523063,10068399.0
2004-07-21,43.3891231598274,44.2649592885756,43.2783852584914,43.7213368638353,5184791.0
2004-07-22,44.6978438119799,46.102201742559,44.0938188956018,45.7951557434002,10430233.0
2004-07-23,46.1072352835289,47.1844130510698,45.7196526288529,46.9377695435488,8805349.0
2004-07-26,46.9126018386997,48.2213224908522,46.3186440042612,48.0501820978784,8051003.0
2004-07-27,48.3219933102486,48.6240057684376,46.5602539708124,46.821998101243,15580635.0
2004-07-28,46.5099185611143,47.8186392132668,46.5099185611143,47.4058888537418,8270263.000000001
2004-07-29,47.8186392132668,47.868974622965,47.2397820017378,47.7683038035687,5239489.0
2004-07-30,47.8287062952065,49.3790369139103,47.8236727542366,49.2179636028761,7111050.0
2004-08-02,49.1273598654194,49.9327264205902,48.8303809482002,49.7414518637371,7074248.0
2004-08-03,49.7565524866466,50.3203090752662,49.0669573737816,49.2682990125743,8322407.999999999
2004-08-04,49.4293723236084,49.7817201914957,48.6793747191056,49.6558816672502,6740779.0
2004-08-05,50.0233301580469,50.8085625493385,49.8471562241033,50.6374221563647,6354706.0
2004-08-06,50.5266842550287,50.6323886153948,49.4595735694274,49.7213176998579,5479519.0
2004-08-09,49.5300431430048,49.8521897650731,48.9411188495361,49.5501773068841,6018676.0
2004-08-10,49.635747503371,50.2800407475076,49.3287015042121,50.0031959941676,4661414.0
2004-08-11,50.0333972399866,50.2146047149,48.0753498027275,48.3169597692788,7145766.0
2004-08-12,48.3421274741279,48.7045424239547,47.4461571815003,47.8438069181159,6337293.0
2004-08-13,48.0199808520595,48.4226641296449,47.6172975744741,48.0099137701199,7400845.0
2004-08-16,47.7330690167799,48.4578989164337,47.4511907224702,48.2062218679428,5008536.0
2004-08-17,55.8723047649749,55.8723047649749,47.924343573633,48.28172498249,5551317.0
2004-08-18,47.9998466881803,47.9998466881803,47.2448155427076,47.3706540669531,4375407.0
2004-08-19,47.5166267550778,47.9998466881803,47.4260230176211,47.8387733771461,4683227.0
2004-08-20,47.8740081639348,47.9293771146028,46.5602539708124,46.6508577082692,5197629.0
2004-08-23,46.711260199907,46.8824005928808,45.1508624992635,45.4277072526035,8081472.0
2004-08-24,45.5585793178187,46.1777048571063,45.3673047609657,45.6592501372151,7285154.0
2004-08-25,45.7045520059435,46.1978390209856,45.3471705970864,46.1072352835289,6272902.0
2004-08-26,46.4092477417179,46.9478366254884,46.2381073487441,46.379046495899,6532004.0
2004-08-27,46.434415446567,46.6508577082692,45.6693172191547,46.1273694474081,4769921.0
2004-08-30,46.4193148236576,47.1542118052509,46.4193148236576,47.0334068219753,3505532.0
2004-08-31,47.1189770184622,48.0048802291501,47.1189770184622,47.8840752458745,5302862.0
2004-09-01,47.8840752458745,48.2615908186108,47.7280354758101,47.9193100326632,3291221.0
2004-09-02,47.8186392132668,48.1206516714559,47.3857546898625,47.511593214108,3740681.0
2004-09-03,47.5971634105949,47.8085721313272,47.1743459691302,47.6978342299912,3916033.0
2004-09-06,47.8287062952065,48.3119262283089,47.7733373445385,48.0300479339992,2841830.0
2004-09-07,47.9293771146028,48.9612530134154,47.9293771146028,48.8001797023813,6308950.0
2004-09-08,49.026689046023,49.026689046023,48.4327312115846,48.5938045226187,4137602.0
2004-09-09,49.0065548821438,49.0669573737816,48.4528653754638,48.8958169808078,5137421.0
2004-09-10,48.8253474072303,49.2028629799667,48.5384355719507,49.1122592425099,2856105.0
2004-09-13,49.4193052416688,49.8119214373146,48.8454815711096,49.4243387826386,4421073.0
2004-09-14,49.4797077333066,49.6156133394917,48.6995088829849,48.9612530134154,3581496.0
2004-09-15,49.0216555050532,49.5099089791255,48.7649449155925,49.0921250786307,3329704.0
2004-09-16,49.1776952751176,49.5099089791255,48.5988380635886,49.414271700699,3430240.0
2004-09-17,49.8874245518618,51.3421178921391,49.8471562241033,51.2565476956522,8296053.0
2004-09-20,51.5434595309318,51.5434595309318,50.3404432391454,50.5417848779381,4526308.0
2004-09-21,50.436080517572,51.2414470727428,50.0937997316244,51.0904408436482,5054375.0
2004-09-22,50.9394346145537,50.9897700242519,50.3505103210851,50.682724025093,5758326.0
2004-09-23,50.436080517572,50.7179588118817,50.1340680593829,50.3404432391454,4947611.0
2004-09-24,50.3354096981756,51.014937729101,49.8370891421637,50.2196382558698,5740455.0
2004-09-27,49.9327264205902,50.0686320267753,49.4998418971859,49.8723239289524,3535910.0
2004-09-28,49.8219885192542,50.5115836321192,49.7313847817975,49.9629276664091,4873375.0
2004-09-29,50.0535314038658,51.9964782182154,49.7112506179182,51.7750024155434,8188668.0
2004-09-30,51.7448011697245,52.3236583812535,51.7448011697245,52.1374173653703,6072349.0
2004-10-01,52.1575515292496,53.8588883770479,51.5686272357809,53.6827144431043,6782434.0
2004-10-04,53.6575467382552,55.3085481763554,53.6575467382552,54.986401554287,5706154.0
2004-10-05,54.9662673904078,55.1474748653212,54.0904312616595,54.35217539209,3813992.0
2004-10-06,54.2515045726937,55.9478078795222,54.2515045726937,55.0015021771965,7394077.0
2004-10-07,55.3588835860535,56.8186104673006,55.0921059146532,56.2548538786811,6830670.0
2004-10-08,56.3756588619567,56.6273359104476,55.5853929296953,55.8169358143069,4085150.0
2004-10-09,56.0535122398884,56.2749880425603,55.5803593887255,55.7464662407295,648975.0
2004-10-11,55.8723047649749,56.1994849280131,54.8706301119812,55.0568711278645,2563259.0
2004-10-12,55.0669382098041,55.5652587658161,53.6676138201948,53.8689554589875,3993249.0
2004-10-14,54.0602300158406,54.9562003084681,53.7280163118326,54.6541878502791,4439281.0
2004-10-15,54.9964686362267,56.063579321828,54.5686176537922,54.9964686362267,5812889.0
2004-10-18,55.2682798485968,55.9226401746731,54.9662673904078,55.4394202415706,4194218.0
2004-10-19,55.6910972900615,56.6676042382061,55.5702923067859,56.3605582390472,5507817.0
2004-10-20,57.0803545977311,57.0803545977311,55.0317034230154,55.1827096521099,7307776.0
2004-10-21,55.2833804715063,55.6608960442426,54.0199616880821,54.2817058185126,6138254.0
2004-10-25,54.3622424740297,54.7649257516151,53.7783517215308,54.0400958519613,8526352.0
2004-10-26,60.4024916378107,60.4024916378107,54.0753306387501,55.5451246019368,6395029.0
2004-10-27,55.6256612574539,55.7716339455786,54.1810349991162,54.4226449656675,10872643.0
2004-10-28,54.6592213912489,55.2179444388986,54.0199616880821,54.2213033268748,8429951.0
2004-10-29,54.462913293426,54.7649257516151,53.0786895267262,53.2699640835792,5504459.0
2004-11-01,53.5468088369192,53.8236535902592,52.9226497566618,53.3404336571567,4894088.0
2004-11-02,53.7582175576515,54.9159319807096,53.7582175576515,54.7045232599773,5071120.0
2004-11-03,54.8555294890718,55.0065357181663,54.1760014581464,54.7347245057962,4442667.0
2004-11-04,55.7716339455786,59.0937709856582,53.9796933603235,54.0904312616595,6125154.0
2004-11-05,54.462913293426,54.739758046766,54.0098946061424,54.3974772608184,3169206.0
2004-11-08,54.7649257516151,55.3035146353855,54.462913293426,54.5988188996111,4208643.0
2004-11-09,54.8555294890718,54.9209655216794,54.2162697859049,54.3622424740297,3224197.0
2004-11-10,54.5233157850638,55.0166028001059,54.5233157850638,54.8001605384038,3641603.0
2004-11-11,55.0367369639852,55.5451246019368,54.5233157850638,54.9562003084681,5725700.0
2004-11-12,55.3689506679932,55.5652587658161,54.5132487031242,54.9209655216794,1264067.0
2004-11-16,55.0669382098041,55.0669382098041,54.1105654255388,54.850495948102,4899923.0
2004-11-17,54.9662673904078,55.2531792256874,54.4880809982751,54.739758046766,3522004.0
2004-11-18,54.8655965710114,55.3286823402346,54.2213033268748,54.9410996855587,6923035.0
2004-11-19,53.9092237867461,54.6642549322187,52.6760062491408,53.0887566086658,8833904.0
2004-11-22,52.228021102827,54.241437490754,51.2414470727428,53.6122448695268,13544498.0
2004-11-23,53.6575467382552,53.8991567048064,52.560234806835,53.1843938870923,8365725.0
2004-11-24,53.3555342800661,53.3555342800661,51.3119166463202,51.8605726120303,8224503.000000001
2004-11-25,51.3421178921391,52.6860733310804,50.3454767801152,50.6726569431534,17677183.0
2004-11-29,50.1340680593829,51.6441303503282,49.026689046023,51.3219837282599,20340653.0
2004-11-30,51.5434595309318,52.7213081178691,51.4528557934751,52.0518471688834,11295390.0
2004-12-01,52.6508385442917,54.0400958519613,52.6508385442917,53.1038572315753,6203906.0
2004-12-02,53.4662721814021,54.7649257516151,52.862247265024,54.5635841128224,10424103.0
2004-12-03,52.3739937909517,55.1575419472608,52.3739937909517,54.7347245057962,7448219.0
2004-12-06,54.7649257516151,55.0669382098041,53.2196286738811,53.4511715584927,5374142.0
2004-12-07,53.8689554589875,53.8689554589875,51.4931241212336,52.0518471688834,7591960.0
2004-12-08,52.449496905499,52.8521801830844,50.9444681555235,51.1206420894672,7427583.0
2004-12-09,51.1508433352861,51.8454719891209,50.3354096981756,51.5635936948111,6742416.0
2004-12-10,51.6441303503282,51.6441303503282,49.8974916338015,50.2548730426585,9490211.0
2004-12-13,50.2347388787793,50.8387637951574,48.9612530134154,50.571986123757,9825655.0
2004-12-14,50.5367513369683,51.1407762533464,49.9327264205902,50.9193004506744,6098934.0
2004-12-15,50.9092333687348,50.9092333687348,49.5602443888237,49.8421226831335,6972362.0
2004-12-16,49.8320556011939,50.0283636990167,49.1323934063892,49.4394394055481,7070852.0
2004-12-17,49.3287015042121,49.9025251747713,48.1860877040635,48.3773622609166,11503787.0
2004-12-20,48.8253474072303,49.1978294389968,47.5266938370174,48.3874293428562,21093705.0
2004-12-21,48.6743411781358,49.4998418971859,48.4629324574035,48.8253474072303,11010746.0
2004-12-22,49.1223263244496,50.2146047149,48.8303809482002,49.8370891421637,9654627.0
2004-12-23,50.2045376329604,51.2666147775919,50.0837326496847,50.9696358603726,8663566.0
2004-12-24,51.8454719891209,52.9226497566618,51.3773526789278,52.6911068720502,9409228.0
2004-12-27,52.3488260861026,55.0669382098041,50.9746694013424,52.0417800869438,18636083.0
2004-12-28,52.3437925451328,53.2548634606698,52.2078869389477,53.1088907725451,7676579.0
2004-12-29,53.2749976245491,54.2364039497842,53.0132534941186,53.5065405091607,6930557.0
2004-12-30,53.7632510986214,54.2464710317239,52.4696310693783,52.6609056262313,6747019.0
2004-12-31,53.4813728043116,53.9444585735348,52.9125826747222,53.7280163118326,4782233.0
2005-01-03,54.3018399823918,54.8655965710114,53.7380833937723,54.7498251287056,6868471.0
2005-01-04,55.3689506679932,55.3689506679932,53.3152659523076,53.4813728043116,5258329.0
2005-01-05,52.9528510024807,53.7028486069836,51.9612434314267,53.3505007390963,8029644.0
2005-01-06,53.1541926412734,54.0098946061424,52.5753354297444,52.97298516636,6567799.0
2005-01-07,53.8588883770479,55.1374077833816,53.1088907725451,54.5887518176715,7721496.0
2005-01-10,54.8806971939209,55.1575419472608,53.4662721814021,53.773318180561,5334906.0
2005-01-11,53.8588883770479,53.8588883770479,52.6609056262313,52.9276832976317,4224467.0
2005-01-12,53.2548634606698,53.3555342800661,51.8555390710605,52.1676186111892,7463046.0
2005-01-13,52.8521801830844,52.9276832976317,52.1978198570081,52.3588931680423,5701722.0
2005-01-14,52.7162745768993,52.7162745768993,51.4528557934751,51.7347340877849,5021951.0
2005-01-17,51.8454719891209,52.1474844473099,50.7783613035196,51.4981576622035,5042715.0
2005-01-18,51.6541974322678,52.5904360526539,51.2263464498333,51.427688088626,6375660.0
2005-01-19,51.7448011697245,52.1877527750685,51.4629228754147,51.7145999239056,3254090.0
2005-01-20,51.3521849740788,51.8454719891209,50.7582271396403,51.4931241212336,3663190.0
2005-01-24,51.6944657600264,52.4847316922877,50.8991662867952,51.0099041881312,6705592.0
2005-01-25,50.9293675326141,51.3320508101995,50.1793699281113,50.4964830092098,8209129.000000001
2005-01-27,50.848830877097,51.6441303503282,50.7078917299421,50.9495016964934,6907925.0
2005-01-28,51.0401054339501,52.6961404130201,49.3287015042121,52.5753354297444,5674790.0
2005-01-31,52.8521801830844,53.8085529673497,52.6206372984728,53.5870771646778,6130579.0
2005-02-01,53.7481504757119,55.0669382098041,53.360567821036,54.6592213912489,8016759.0
2005-02-02,54.7850599154943,55.1021729965928,53.3756684439454,53.7129156889232,4900179.0
2005-02-03,54.3421083101504,54.7045232599773,53.9595591964443,54.4578797524562,3296368.0
2005-02-04,54.7649257516151,54.8655965710114,53.5971442466174,54.0753306387501,3977210.0
2005-02-07,60.1810158351388,60.1810158351388,53.2196286738811,53.3907690668549,2583027.0
2005-02-08,53.5568759188589,54.0350623109915,53.2548634606698,53.7380833937723,3602698.0
2005-02-09,53.7833852625006,54.4125778837278,53.7632510986214,54.0753306387501,2583200.0
2005-02-10,54.1508337532973,54.8353953251925,53.5417752959494,54.6139195225205,3549816.0
2005-02-11,54.7699592925849,55.5702923067859,54.6743220141583,55.1072065375627,5562621.0
2005-02-14,55.5602252248462,55.6961308310313,54.2464710317239,54.7196238828867,3844535.0
2005-02-15,54.7296909648263,54.7296909648263,53.9092237867461,54.2817058185126,3379078.0
2005-02-16,54.2666051956031,54.7548586696754,53.5669430007985,53.8639219180177,3589822.0
2005-02-17,53.9595591964443,54.1357331303879,53.3706349029756,53.9444585735348,3365895.0
2005-02-18,53.9595591964443,54.6441207683394,53.4662721814021,53.7783517215308,4333745.0
2005-02-21,53.7833852625006,54.241437490754,53.5166075911003,53.8085529673497,3352414.0
2005-02-22,53.7582175576515,54.4981480802147,53.5619094598287,54.3169406053013,4257283.0
2005-02-23,54.3320412282108,55.3689506679932,54.3320412282108,55.1978102750194,5568923.0
2005-02-24,55.3991519138121,55.7212985358804,54.9259990626492,55.0669382098041,4971064.0
2005-02-25,55.3689506679932,55.4595544054499,54.1810349991162,54.3773430969391,3983640.0
2005-02-28,54.3823766379089,56.3756588619567,53.9444585735348,55.9981432892204,7580763.0
2005-03-01,56.1239818134658,56.1239818134658,54.8152611613132,55.1223071604721,4874365.0
2005-03-02,55.0669382098041,55.5652587658161,54.8202947022831,55.3337158812044,5196032.0
2005-03-03,55.3890848318724,56.6273359104476,55.3890848318724,56.2347197148018,6489464.0
2005-03-04,56.3303569932283,57.7246478418678,56.3303569932283,57.5887422356827,8710667.0
2005-03-07,55.8924389288542,59.4410853125756,55.8924389288542,59.0837039037185,7251185.0
2005-03-08,59.2749784605716,59.7632319346439,58.6105510525557,59.5065213451832,7242982.0
2005-03-09,59.9092046227686,60.477994752358,58.7967920684389,59.1793411821451,7616622.0
2005-03-10,59.1944418050545,60.1004791796217,58.8420939371673,59.7984667214326,5397416.0
2005-03-11,59.9998083602253,60.4830282933278,58.9427647565636,59.1894082640847,5910172.0
2005-03-14,59.1239722314771,59.5870580007003,57.9914255132681,58.2884044304874,3534086.0
2005-03-15,58.3890752498837,58.8018256094088,57.3018304004031,57.4679372524071,5005254.0
2005-03-16,57.4880714162864,58.1675994472117,57.140757089369,57.8152515793245,4275833.0
2005-03-17,57.2816962365238,57.8655869890227,56.1994849280131,56.6273359104476,4647394.0
2005-03-18,56.3756588619567,57.774983251566,55.8874053878844,57.5686080718034,4802555.0
2005-03-21,57.6843795141092,58.0669286278154,56.174317223164,56.3454576161378,2731618.0
2005-03-22,56.2850551245,56.4360613535945,54.4729803753656,54.8353953251925,4768019.0
2005-03-23,54.7649257516151,57.3722999739806,54.2917729004522,55.6457954213331,13640236.0
2005-03-24,55.8723047649749,57.1206229254897,55.8723047649749,56.3756588619567,8069883.0
2005-03-28,56.5770005007494,57.7145807599281,56.5266650910512,56.9897508602744,4037567.0
2005-03-29,57.0803545977311,57.1709583351879,54.8756636529511,55.2833804715063,4771867.0
2005-03-30,55.1676090292005,55.842103519156,54.2716387365729,54.6793555551282,5789149.0
2005-03-31,54.8756636529511,55.7112314539408,54.7196238828867,54.9713009313776,6305110.0
2005-04-01,56.0736464037676,57.0400862699726,55.1575419472608,56.8387446311799,5027975.0
2005-04-04,57.0803545977311,57.2363943677955,56.2850551245,56.8840464999083,3448867.0
2005-04-05,56.974650237365,57.3622328920409,55.7263320768502,55.9780091253411,3895664.0
2005-04-06,56.174317223164,57.6743124321696,56.174317223164,57.5434403669544,4393667.0
2005-04-07,57.6743124321696,58.076995709755,56.7330402708137,56.9243148276668,3651592.0
2005-04-08,57.0803545977311,57.1810254171275,55.7112314539408,56.0585457808582,3359996.0
2005-04-11,56.0736464037676,56.0736464037676,54.8655965710114,55.1021729965928,1865509.0
2005-04-12,55.1877431930797,55.6055270935746,54.8655965710114,55.2380786027779,3331744.0
2005-04-13,55.4696214873895,55.650828962303,54.6642549322187,54.9209655216794,2069914.0
2005-04-15,54.7548586696754,54.7548586696754,52.9578845434506,53.3303665752171,3912912.0
2005-04-18,53.0535218218771,53.0535218218771,51.8454719891209,52.2028533979779,4456598.0
2005-04-19,52.751509363688,53.4058696897643,51.5434595309318,51.7448011697245,3618427.0
2005-04-20,52.006545300155,53.551842377889,51.8555390710605,53.360567821036,4341054.0
2005-04-21,53.1541926412734,54.9662673904078,52.8521801830844,54.6541878502791,6087464.0
2005-04-22,55.0669382098041,55.3488165041139,53.9796933603235,55.1172736195023,5567905.0
2005-04-25,54.8655965710114,55.2481456847175,54.3169406053013,55.0367369639852,3463076.0
2005-04-26,54.5635841128224,55.4394202415706,54.4729803753656,55.0820388327136,3871831.0
2005-04-27,55.8723047649749,56.3253234522585,53.6877479840741,54.2615716546333,13395995.0
2005-04-28,54.3421083101504,55.3689506679932,53.6927815250439,54.7498251287056,7511621.0
2005-04-29,55.3890848318724,55.3890848318724,52.862247265024,53.1592261822433,3762517.0
2005-05-02,53.305198870368,53.9092237867461,52.8169453962957,53.7431169347421,3072191.0
2005-05-03,53.6575467382552,54.6642549322187,52.9075491337524,54.4578797524562,3454317.0
2005-05-04,54.5635841128224,54.8655965710114,54.0602300158406,54.4981480802147,2098028.0
2005-05-05,54.6390872273696,55.1072065375627,54.2817058185126,54.4780139163355,1737052.0
2005-05-06,54.3622424740297,55.4192860776913,54.3622424740297,55.2783469305365,4635840.0
2005-05-09,55.2934475534459,55.8672712240051,54.986401554287,55.7112314539408,3164957.0
2005-05-10,55.7464662407295,55.9478078795222,54.6793555551282,54.7900934564641,2272721.0
2005-05-11,54.5635841128224,55.1122400785325,54.3270076872409,54.6139195225205,3128737.0
2005-05-12,54.35217539209,54.5031816211845,53.8236535902592,54.2666051956031,3689457.0
2005-05-13,54.2112362449351,54.2615716546333,53.7582175576515,53.9847269012933,1774336.0
2005-05-16,54.1105654255388,54.7296909648263,54.1105654255388,54.3874101788787,2412883.0
2005-05-17,54.5635841128224,54.7347245057962,52.8471466421146,52.9478174615109,3605609.0
2005-05-18,53.1541926412734,53.5166075911003,52.6609056262313,53.3152659523076,4470270.0
2005-05-19,53.4562050994625,53.8588883770479,52.615603757503,52.7817106095069,3029203.0
2005-05-20,52.8521801830844,53.0434547399375,51.9058744807587,52.394127954831,4235432.0
2005-05-23,52.751509363688,53.6525131972854,52.5501677248953,53.4713057223719,2051339.0
2005-05-24,53.6726473611647,53.9343914915952,53.0132534941186,53.4562050994625,3664809.0
2005-05-25,53.1541926412734,53.7582175576515,52.9025155927826,53.4209703126738,4031194.0
2005-05-26,53.4562050994625,53.7078821479534,53.0082199531487,53.3958026078247,7769559.0
2005-05-27,53.4662721814021,54.3018399823918,53.2900982474585,53.4813728043116,4193107.0
2005-05-30,53.5065405091607,53.828687131229,52.8521801830844,53.0333876579978,2282045.0
2005-05-31,53.0535218218771,54.1508337532973,52.7917776914466,53.8588883770479,5421328.0
2005-06-01,54.160900835237,54.7850599154943,53.9595591964443,54.462913293426,4406235.0
2005-06-02,54.7649257516151,54.8957978168303,53.2095615919414,53.3404336571567,3829036.0
2005-06-03,53.1541926412734,55.952841420492,53.1541926412734,55.6860637490917,9390410.0
2005-06-04,55.9729755843713,56.6474700743268,55.4746550283593,55.8924389288542,4034661.0
2005-06-06,55.7716339455786,56.9897508602744,55.2682798485968,55.6004935526048,6259593.0
2005-06-07,55.5702923067859,55.952841420492,54.8655965710114,55.152508406291,4210618.0
2005-06-08,55.4998227332084,56.3756588619567,55.3689506679932,56.2196190918923,5176615.0
2005-06-09,56.4561955174738,56.753174434693,56.0434451579487,56.2800215835301,4048621.0
2005-06-10,56.476329681353,57.3219645642824,56.476329681353,57.0350527290028,6310394.0
2005-06-13,57.0702875157915,60.3924245558711,56.4410948945643,57.3420987281617,3260828.0
2005-06-14,57.4830378753165,57.885721152902,56.8588787950592,57.7900838744754,3311105.0
2005-06-15,57.1558577122784,58.0870627916947,57.1558577122784,57.8806876119321,3469660.0
2005-06-16,58.0870627916947,59.899137540829,57.9863919722983,59.4209511486963,8227646.000000001
2005-06-17,59.3957834438472,60.9612146854605,58.7917585274691,60.4276593426598,9028624.0
2005-06-20,62.9192621227195,65.003148084224,62.0484595349411,63.4729516293994,24100425.0
2005-06-21,63.623957858494,65.2346909688356,62.5165788451341,65.0484499529523,16475825.0
2005-06-22,64.7313368718538,66.4427408015918,64.6306660524575,65.8940848358817,12836742.0
2005-06-23,65.858850049093,65.9444202455799,65.1038189036203,65.4964350992661,6411276.0
2005-06-24,65.3353617882319,66.2917345724973,64.7363704128236,65.9041519178213,6446770.0
2005-06-27,65.2346909688356,67.9528030925371,64.9578462154956,65.3001270014432,12441700.0
2005-06-28,67.4494489955553,67.4494489955553,63.1357043844217,63.3773143509729,10011559.0
2005-06-29,63.8252994972867,65.1340201494392,63.6944274320714,64.615565429548,8831638.0
2005-06-30,65.2346909688356,65.7531456887268,64.092077168687,64.6860350031255,7195559.0
2005-07-01,64.7313368718538,64.9326785106465,64.1826809061437,64.4393914956044,3513766.0
2005-07-04,64.6306660524575,65.3856971979301,64.3286535942684,64.8722760190087,3814948.0
2005-07-05,64.8320076912502,65.2346909688356,64.0719430048077,64.2330163158419,4700583.0
2005-07-06,64.1625467422645,65.1340201494392,64.1625467422645,64.9528126745258,3357409.0
2005-07-07,64.5702635608197,64.5702635608197,61.3387302581968,61.8068495683898,8735824.0
2005-07-08,63.2212745809086,63.2212745809086,61.912553928756,62.4461092715567,5541157.0
2005-07-11,62.2296670098545,64.0266411360794,62.2296670098545,63.815232415347,4123835.0
2005-07-12,63.9159032347434,64.8320076912502,63.4779851703693,64.258184020691,5132947.0
2005-07-13,64.4293244136648,64.5702635608197,63.3320124822446,63.5182534981278,2739244.0
2005-07-14,63.5887230717052,65.1189195265298,62.5266459270737,64.5803306427593,8425709.0
2005-07-15,64.7313368718538,67.4494489955553,64.7313368718538,67.1122017505775,7099154.0
2005-07-18,67.1474365373663,67.7363608308349,66.2615333266784,66.6239482765052,7839312.0
2005-07-19,66.8454240791772,67.6306564704688,66.5534787029278,66.9108601117848,5288380.0
2005-07-20,67.0467657179699,68.7581696477079,67.0467657179699,68.3655534520621,5825914.0
2005-07-21,68.0534739119334,69.0903833517158,67.5148850281629,68.2799832555752,4972401.0
2005-07-22,68.4561571895188,69.6038045306372,68.2699161736356,69.417563514754,3826622.0
2005-07-25,69.6038045306372,70.0366890540415,68.919242958742,69.2162218759613,5505138.0
2005-07-26,68.9595112865006,69.7044753500336,68.4762913533981,69.5786368257881,4407445.0
2005-07-27,69.7145424319732,70.962860592488,69.4024628918445,70.3538021351401,7561778.0
2005-07-29,70.2682319386531,71.6675563282624,69.7648778416714,70.8068208224236,7613858.0
2005-08-01,70.7715860356349,71.4662146894697,70.1172257095586,71.2497724277676,4456070.0
2005-08-02,71.6675563282624,75.1457331384064,71.5769525908057,74.6423790414246,9092585.0
2005-08-03,76.4896885773477,76.4997556592873,71.541717804017,71.929300458693,26136379.0
2005-08-04,72.1809775071838,76.0719046768528,72.1809775071838,73.4091615038193,14466212.0
2005-08-05,73.4896981593364,74.4863392713603,72.7195663909543,73.0618471769019,8039641.0
2005-08-08,75.4829803833841,80.4359846976846,71.1843363951599,71.6071538366246,11115184.0
2005-08-09,71.8789650489948,72.9662098984754,70.7313177078764,71.2397053458279,8903267.0
2005-08-10,72.452788719554,72.7497676367732,71.3957451158923,72.4276210147049,7302607.0
2005-08-11,72.7497676367732,73.4393627496382,71.7782942295984,72.2413799988216,6610025.0
2005-08-12,72.4628558014936,72.754801177743,70.686015839148,70.8923910189105,6459920.0
2005-08-16,70.9225922647294,71.4762817714094,70.1776282011964,70.4494394135666,5203768.0
2005-08-17,70.4695735774459,72.2816483265802,69.9662194804641,71.9746023274213,6998309.0
2005-08-18,72.4829899653729,74.8990896308853,70.9980953792767,71.3101749194054,8674278.0
2005-08-19,75.5031145472634,75.5031145472634,70.7866866585444,71.0484307889749,6480313.0
2005-08-22,71.4460805255905,71.8386967212362,69.9259511527056,70.3991040038684,5069105.0
2005-08-23,70.9729276744276,71.1239339035221,68.7632031886777,68.97461190941,6610919.0
2005-08-24,69.1608529252933,70.1675611192568,68.7682367296475,69.9511188575546,6916076.0
2005-08-25,70.4192381677477,70.5501102329629,69.7598443007016,70.1021250866492,7201850.0
2005-08-26,70.4142046267779,70.8621897730916,69.8252803333092,70.3437350532004,3624522.0
2005-08-29,71.073598493824,72.9863440623546,69.7699113826412,70.5048083642346,4568030.0
2005-08-30,70.7715860356349,71.4561476075301,70.3739362990193,71.2346718048581,4498578.0
2005-08-31,71.6776234102021,72.8605055381092,71.3001078374657,72.4225874737351,6712154.0
2005-09-01,72.3823191459765,73.4343292086684,72.3823191459765,73.1574844553284,5338618.0
2005-09-02,72.9863440623546,73.7514422897669,72.4930570473125,73.5400335690346,4968560.0
2005-09-05,73.6910397981291,74.2245951409298,73.308490684423,73.5249329461251,3729150.0
2005-09-06,73.4896981593364,73.9829851743785,73.0366794720528,73.3789602580004,3100515.0
2005-09-08,73.8923814369218,75.0500958599798,73.8269454043142,74.3605007471148,5309545.0
2005-09-09,74.4964063532999,74.9997604502817,73.9527839285596,74.6625132053039,4094641.0
2005-09-12,75.0249281551308,75.8957307429092,74.9141902537948,75.7547915957543,3770214.0
2005-09-13,75.8051270054525,76.4544537905589,75.4980810062936,75.734657431875,5456619.0
2005-09-14,75.5031145472634,76.1071394636415,74.1490920263825,74.5920436317264,4240354.0
2005-09-15,74.6474125823944,76.9074724778425,74.0031193382578,76.590359396744,5435200.0
2005-09-16,76.9074724778425,77.3000886734883,76.1021059226717,76.9175395597821,3903180.0
2005-09-19,77.9594825405344,84.563488292935,76.3084811024342,76.9326401826916,3850409.0
2005-09-20,77.0131768382087,78.6239099485503,76.1071394636415,78.3168639493914,9665891.0
2005-09-21,78.523239129154,79.0265932261357,75.5031145472634,78.7497484727957,11453566.0
2005-09-22,78.9259224067394,78.9259224067394,75.5031145472634,75.9510996935772,8411554.0
2005-09-23,77.3151892963977,77.3151892963977,74.4058026158432,75.2766052036216,10567094.0
2005-09-26,75.5031145472634,78.8755869970412,75.5031145472634,78.548406834003,6457657.0
2005-09-27,79.5198802411778,80.1339722394956,78.5282726701238,79.3286056843248,7123069.0
2005-09-28,79.5299473231175,80.9041040078776,79.0265932261357,80.5819573858093,6978287.0
2005-09-29,80.536655517081,81.8856444969921,80.536655517081,81.3722233180707,7138866.0
2005-09-30,81.1406804334591,81.5332966291049,78.6239099485503,79.8873287319745,8637061.0
2005-10-03,79.0265932261357,80.8185338113908,79.0265932261357,79.957798305552,4808345.0
2005-10-04,80.1339722394956,81.4326258097085,79.9628318465218,81.2061164660667,4333679.0
2005-10-05,81.3420220722518,81.5332966291049,80.3403474192581,80.7430306968435,3850439.0
2005-10-06,80.536655517081,80.536655517081,79.2178677829888,79.6155175196044,5972187.0
2005-10-07,80.0282678791294,80.0282678791294,78.0903546057496,79.3688740120833,7983593.0
2005-10-10,79.4292765037211,79.8218926993669,78.5534403749729,78.8202180463732,3714985.0
2005-10-11,79.2279348649284,79.6104839786345,77.7178725739831,79.4091423398418,3792221.0
2005-10-13,79.0970627997132,79.8218926993669,77.8286104753191,78.0450527370213,6041247.0
2005-10-14,78.0198850321722,78.2614949987234,76.6608289703214,76.8974053959029,7304047.0
2005-10-17,78.2614949987234,78.5031049652747,76.4141854628004,77.6172017545868,6224636.0
2005-10-18,78.2564614577536,78.6641782763088,75.3521083181689,76.1524413323699,6281160.0
2005-10-19,75.5182151701729,76.288346938555,73.9930522563182,75.2313033348933,8752227.0
2005-10-20,76.0064686442452,77.1037805756654,74.1994274360807,75.3168735313802,7606407.0
2005-10-21,75.9057978248488,77.8185433933795,74.823586516338,77.6373359184661,9503506.0
2005-10-24,77.5366650990697,78.0651869009006,75.9057978248488,76.2178773649775,4880214.0
2005-10-25,76.6155271015931,78.4628366375161,76.5148562821967,77.2749209686392,5018390.0
2005-10-26,77.5064638532508,78.0098179502326,76.645728347412,76.867204150084,4221317.0
2005-10-27,77.113847657605,77.4963967713112,75.0148610731911,75.5333157930823,10620859.0
2005-10-28,76.0064686442452,76.3739171350419,74.244729304809,74.6574796643341,6151358.0
2005-10-31,74.244729304809,77.003109756269,74.244729304809,76.7614997897178,4756595.0
2005-11-01,78.2212266709649,78.5131720472143,76.7363320848687,77.1339818214843,1681989.0
2005-11-02,76.8873383139632,78.4628366375161,76.1826425781888,78.2916962445424,5151546.0
2005-11-07,77.003109756269,79.6004168966949,77.003109756269,79.3286056843248,5107087.0
2005-11-08,80.0333014200992,80.0333014200992,78.7749161776448,79.5752491918458,4346779.0
2005-11-09,79.7312889619102,80.6272592545377,79.2380019468681,79.6457187654233,4251918.0
2005-11-10,79.872228109065,80.0685362068879,78.8353186692826,79.0970627997132,3218286.0
2005-11-11,79.2279348649284,80.9645064995155,79.2279348649284,80.0735697478578,5028746.0
2005-11-14,80.0333014200992,80.83866797527,79.1373311274717,80.3806157470166,3211746.0
2005-11-16,80.6373263364773,82.4494010856117,80.6373263364773,82.2933613155473,5774378.0
2005-11-17,73.9930522563182,83.7530881967944,73.9930522563182,83.4863105253941,5972178.0
2005-11-18,83.7530881967944,84.0601341959533,82.9124868548349,83.1691974442956,3716134.0
2005-11-21,83.1540968213861,83.9443627536475,82.6306085605251,83.461142820545,5147798.0
2005-11-22,83.516511771213,84.4577839325689,82.0467178080262,82.4796023314306,6855478.0
2005-11-23,82.6507427244044,83.9493962946173,82.4141662988229,83.7581217377642,5759902.0
2005-11-24,83.8587925571606,85.4091231758644,83.8587925571606,84.9762386524601,5858457.0
2005-11-25,85.1675132093131,85.1675132093131,84.1960398021383,84.8302659643354,4698762.0
2005-11-26,84.9661715705204,85.3688548481058,84.7799305546372,85.1574461273735,791677.0
2005-11-28,85.1675132093131,85.5701964868985,84.840333046275,85.3587877661662,3755074.0
2005-11-29,85.4896598313815,87.1658289743307,84.6238907845728,85.3839554710153,8083545.0
2005-11-30,85.5903306507778,86.1188524526087,83.4661763615148,83.8285913113417,6347408.0
2005-12-01,83.8587925571606,84.895701996943,83.5819478038206,84.5181864242067,6078658.0
2005-12-02,84.7648299317277,85.4896598313815,84.0601341959533,84.5030858012972,4049241.0
2005-12-05,85.2681840287095,85.7614710437516,84.1608050153496,84.5886559977841,3841846.0
2005-12-06,84.7648299317277,85.2480498648302,83.5567800989715,84.2363081298969,5034572.0
2005-12-07,84.563488292935,85.5601294049589,83.4561092795752,84.9108026198524,5278514.0
2005-12-08,85.5701964868985,85.7916722895705,84.0853019008023,85.1826138322226,4734900.0
2005-12-09,84.563488292935,87.0701916959042,84.563488292935,86.9141519258398,6477762.0
2005-12-12,87.1909966791798,87.9258936607732,86.5819382218319,86.8990513029304,2668744.0
2005-12-13,87.1708625153005,88.0366315621091,86.5064351072846,87.7446861858597,4009892.0
2005-12-14,87.598713497735,87.9258936607732,86.1742214032766,86.7732127786849,3952919.0
2005-12-15,86.9795879584475,87.0701916959042,84.4728845554783,85.0920100947659,5272788.0
2005-12-16,85.5701964868985,85.9728797644839,84.7748970136674,85.5047604542909,4827054.0
2005-12-19,85.9728797644839,86.7279109099566,85.9728797644839,86.2899928455824,2442801.0
2005-12-20,86.5567705169828,87.2513991708176,85.7967058305403,86.0282487151519,3623424.0
2005-12-21,86.1842884852163,86.9191854668096,85.474559208472,86.5920053037715,3759130.0
2005-12-22,86.9795879584475,87.5584451699765,85.8923431089669,86.1691878623068,5728800.0
2005-12-23,86.0735505838803,86.576904680862,84.5836224568143,84.8554336691844,5808569.0
2005-12-26,84.563488292935,84.7547628497881,83.2547676407825,83.8285913113417,5323102.0
2005-12-27,84.0601341959533,87.5735457928859,83.3705390830883,87.2715333346969,5892643.0
2005-12-28,87.5836128748256,89.5869621808129,87.3822712360329,87.8352899233164,10837449.0
2005-12-29,87.3822712360329,90.1003833597343,87.3822712360329,89.7077671640886,9084303.0
2005-12-30,90.4023958179234,90.689307653203,89.1188428706199,89.5265596891751,4947825.0
2006-01-02,89.8990417209416,90.8050790955088,89.612129885662,90.3872951950139,3661821.0
2006-01-03,90.5534020470179,93.0097700402889,90.2010541791307,92.6171538446431,4904724.0
2006-01-04,92.7178246640395,94.2278869549847,92.6171538446431,93.6087614156972,4320968.0
2006-01-05,93.9258744967957,94.2278869549847,92.6171538446431,92.7882942376169,5308620.0
2006-01-06,92.7882942376169,93.7698347267313,91.9225251908083,92.6876234182206,6359000.0
2006-01-09,92.9191663028322,93.1708433513231,91.2278965369735,91.6255462735891,6239710.0
2006-01-10,91.5097748312833,91.6104456506796,89.420855328809,90.0097796222776,9600147.0
2006-01-12,86.8889842209907,90.3017249985271,86.8889842209907,89.2799161816541,19677679.0
2006-01-13,89.5919957217828,90.3017249985271,88.8973670679479,89.1087757886803,10131698.0
2006-01-16,89.3956876239599,89.3956876239599,86.9997221223267,87.8805917920448,15377084.0
2006-01-17,88.1121346766564,94.3285577743811,87.7899880545881,93.4728558095121,45149329.0
2006-01-18,71.8315847082559,90.0711855141964,71.8315847082559,85.8982422205087,61000245.0
2006-01-19,86.6783473466284,90.3497944878105,85.6134419363698,87.2355652938567,10171960.0
2006-01-20,87.5451308200946,87.8423137252831,86.9259997676187,87.1984174307081,3859831.0
2006-01-23,86.9259997676187,87.4213046095995,85.9353900836573,86.9693389412921,4174933.0
2006-01-24,87.9166094515802,88.4119142935609,85.3100677206566,85.8672856678849,11312904.0
2006-01-25,86.1830425046476,86.6535821045293,84.8209541892006,85.2419633048842,13377596.0
2006-01-27,86.0468336731029,87.074591220213,86.0344510520534,86.5111819624599,6279370.0
2006-01-30,86.6783473466284,88.9319843776407,86.6783473466284,88.0466269726001,7256981.0
2006-01-31,87.7184875147879,89.130106314433,87.7184875147879,88.3995316725114,6209049.0
2006-02-01,88.486210019858,89.0062801039378,86.8021735571235,87.2727131570052,4938137.0
2006-02-02,87.9042268305307,88.6471840935018,86.8021735571235,87.7494440674117,5022425.0
2006-02-03,87.5451308200946,87.5451308200946,86.0592162941524,86.2573382309447,3429300.0
2006-02-06,86.0592162941524,89.4953936353938,84.6352148734578,89.1982107302053,9525852.0
2006-02-07,89.2229759723044,89.5882632932652,87.4832177148471,89.2229759723044,6801747.0
2006-02-08,89.1486802460073,89.4025239775224,88.4119142935609,88.7214798197989,6750630.0
2006-02-10,88.5357405040561,89.5944546037899,88.5357405040561,89.105341072334,5166270.0
2006-02-13,88.5357405040561,89.2786977670272,88.5357405040561,88.7586276829474,3170840.0
2006-02-14,88.5357405040561,89.6935155721861,88.1766444936201,88.43667953566,6607308.0
2006-02-15,88.1766444936201,89.0186627249873,86.2449556098952,86.9012345255197,7659167.0
2006-02-16,86.9012345255197,87.8423137252831,85.941581394182,86.3130600256676,4058936.0
2006-02-17,87.0498259781139,87.6070439253422,85.4400852416765,85.8301378047364,4632076.0
2006-02-20,85.9353900836573,87.1055477728367,85.3162590311813,86.9321910781435,3226110.0
2006-02-21,86.9321910781435,87.4213046095995,85.9725379468058,86.3997383730142,3360389.0
2006-02-22,86.585477688757,87.3593915043519,86.430694925638,87.1674608780843,2935983.0
2006-02-23,87.2974783991043,87.5265568885204,86.0654076046772,86.7216865203017,6211541.0
2006-02-24,86.9259997676187,87.5946613042927,86.5545211361332,87.0312520465396,2401313.0
2006-02-27,87.0498259781139,87.4027306780252,86.3068687151428,86.6907299676779,5398936.0
2006-02-28,87.1426956359853,88.5233578830066,86.096364157301,87.7742093095107,7720791.0
2006-03-01,87.6689570305898,88.3995316725114,86.9383823886682,87.6999135832136,4523549.0
2006-03-02,87.9166094515802,89.0310453460368,87.5451308200946,88.30666201464,3821962.0
2006-03-03,88.5357405040561,88.9072191355417,87.6999135832136,88.6286101619275,4185425.0
2006-03-06,88.7833929250465,90.8760558824151,88.7833929250465,90.6655513245733,6130529.0
2006-03-07,90.801760156118,91.6313957664357,90.2693074509887,90.7026991877218,5395169.0
2006-03-08,90.7646122929694,90.7646122929694,88.1209226988972,89.1424889354825,7028288.0
2006-03-09,89.6501763985128,90.2321595878401,88.102348767323,89.9906984773745,4618646.0
2006-03-10,90.516959871979,91.3713607243958,90.0402289615726,90.5726816667019,3455455.0
2006-03-13,90.5788729772266,91.7861785295547,90.516959871979,91.0556038876331,3966001.0
2006-03-14,90.8884385034646,92.4362661346544,90.287881382563,91.9409612926736,3737688.0
2006-03-16,92.2505268189116,95.3461820812912,91.9409612926736,95.1604427655484,8821809.0
2006-03-17,95.3461820812912,96.8259052967086,94.4917812288744,95.9715044442919,6390433.0
2006-03-20,96.1758176916089,96.584444186243,95.4080951865388,96.3429830757774,2482378.0
2006-03-21,96.584444186243,98.4418373436708,95.9034000285195,96.6401659809659,4370763.0
2006-03-22,96.9497315072038,97.3893145544617,93.9345632816461,95.6557476075292,5109676.0
2006-03-23,96.7701835019858,97.1354708229466,95.1790166971227,96.2563047284308,3868446.0
2006-03-24,96.0891393442623,97.203575238719,96.0891393442623,96.8568618493324,2825935.0
2006-03-27,97.3274014492141,98.7761681120078,97.3274014492141,98.3613503068489,3052370.0
2006-03-28,98.4418373436708,98.6894897646611,97.5255233860064,97.9279585701158,1832302.0
2006-03-29,98.565663554166,98.7885507330573,97.4821842123331,98.2870545805518,1847797.0
2006-03-30,98.565663554166,99.9153692485635,97.5750538702045,98.5285156910174,3259099.0
2006-03-31,99.054777085622,100.051578080108,97.5750538702045,98.4851765173441,8352073.0
2006-04-03,99.1847946066419,103.147233342488,99.1847946066419,102.627163258408,5031936.0
2006-04-04,102.899580921497,104.38549544744,102.781946021527,103.611581631845,3929854.0
2006-04-05,104.38549544744,104.63314786843,103.394885763478,104.075929921202,4564004.0
2006-04-07,104.571234763182,104.794121942074,102.732415537329,103.202955137211,4241119.0
2006-04-10,103.147233342488,104.224521373796,102.051371379605,103.549668526597,4603751.0
2006-04-12,103.407268384528,106.329566952214,101.673701437595,102.620971947883,9379270.0
2006-04-13,102.775754711002,105.611374931342,102.429041321616,104.818887184173,8754381.0
2006-04-17,105.252278920906,106.119062394372,104.769356699975,105.431826926124,2983707.0
2006-04-18,105.722818520788,110.917328051061,105.722818520788,110.366301414357,8211163.0
2006-04-19,111.30738061412,115.406028181511,110.700632182694,114.14300083446,10659773.0
2006-04-20,115.777506812996,123.789062632035,115.777506812996,122.903705226994,14912419.0
2006-04-21,123.826210495183,124.816820179145,118.068291707157,120.724363922279,8650976.0
2006-04-24,120.730555232804,123.764297389936,119.616119338347,121.002972895893,6676696.0
2006-04-25,121.040120759042,121.968817337756,117.758726180919,118.26641364395,3524708.0
2006-04-26,118.873162075376,121.59733870627,117.901126322989,121.182520901111,4795378.0
2006-04-27,121.59733870627,130.017521019943,121.59733870627,123.572366763668,9853311.0
2006-04-28,121.968817337756,125.18829881063,120.235250390823,124.928263768591,6259209.0
2006-05-02,126.921865757563,129.138354925427,126.798039547068,127.683396952108,3045647.0
2006-05-03,127.689588262633,129.026911335981,126.438943536632,128.228232278287,2673389.0
2006-05-04,129.026911335981,138.784416723002,128.779258914991,133.757072576897,14186838.0
2006-05-05,134.19046431363,137.323267439158,133.979959755788,136.11596188683,5974599.0
2006-05-08,138.066224702129,144.752840068869,137.694746070644,143.019273121937,7762822.0
2006-05-09,143.638404174413,144.839518416216,140.666575122528,142.907829532491,7244226.0
2006-05-10,143.638404174413,145.49579733184,140.821357885647,144.851901037265,10202815.0
2006-05-11,145.49579733184,146.659763710495,136.332657755197,137.478050202277,12118649.0
2006-05-12,138.753460170378,138.753460170378,130.884304493409,132.103992666786,8558303.0
2006-05-15,132.494045229846,132.494045229846,125.256403226403,126.507047952404,9724804.0
2006-05-16,126.915674447038,130.624269451369,120.854381443299,129.237415893823,12525373.0
2006-05-17,132.39498426145,135.212030550216,130.636652072418,134.500029839868,5845869.0
2006-05-18,131.87491417737,132.469279987747,122.897513916469,124.42057630556,9549377.0
2006-05-19,125.064472600135,131.255783124894,119.058901391119,121.114416485339,13997755.0
2006-05-22,123.207079442707,123.702384284688,104.014016815954,115.084080034223,12911483.0
2006-05-23,116.272811654977,121.34968628528,114.068705108163,119.752328169892,8397857.0
2006-05-24,120.359076601318,120.359076601318,107.109672078334,116.217089860254,11456992.0
2006-05-25,116.941473191651,119.120814496366,114.229679181807,117.634899970424,9098194.0
2006-05-26,118.873162075376,122.810835569123,117.950656807187,118.687422759633,6631388.0
2006-05-29,119.120814496366,121.102033864289,117.758726180919,118.371665922871,3726526.0
2006-05-30,118.836014212227,121.040120759042,117.015768917948,118.247839712375,3546189.0
2006-05-31,116.148985444482,119.232258085812,112.929503971607,118.148778743979,9106430.0
2006-06-01,119.492293127852,119.492293127852,114.539244708045,114.582583881718,8935806.0
2006-06-02,115.158375760521,119.120814496366,114.545436018569,118.637892275435,5698370.0
2006-06-05,119.120814496366,120.198102527675,114.545436018569,114.582583881718,5848259.0
2006-06-06,113.920113655569,114.539244708045,111.443589445665,112.248459813884,8414949.0
2006-06-07,112.062720498141,113.920113655569,108.824665093692,110.576805972199,11521168.0
2006-06-08,109.103274067306,109.586196288237,99.927751869613,102.243302005873,11944784.0
2006-06-09,100.918361553574,115.059314792124,100.918361553574,114.26063573443,11297369.0
2006-06-12,113.672461234578,117.387247549434,110.613953835347,111.573606966685,7039646.0
2006-06-13,110.205327340713,110.205327340713,105.376105131401,106.323375641689,7244040.0
2006-06-14,107.109672078334,110.576805972199,104.410260689539,106.29861039959,8583434.0
2006-06-15,108.595586604276,111.443589445665,108.038368657048,110.867797566862,6000097.0
2006-06-16,112.434199129627,117.015768917948,112.434199129627,114.118235592361,6956151.0
2006-06-19,113.672461234578,116.396637865472,111.815068077151,115.616532739353,4003171.0
2006-06-20,115.158375760521,115.901333023492,113.424808813588,114.539244708045,4529902.0
2006-06-21,115.158375760521,119.925684864585,113.672461234578,119.387040848931,6496928.0
2006-06-22,120.111424180328,123.008957505915,119.764710790941,120.742937853853,4852544.0
2006-06-23,119.863771759338,125.869342968354,117.894935012464,125.299742400076,6031015.0
2006-06-25,125.064472600135,126.798039547068,124.086245537223,124.717759210749,835543.0
2006-06-26,125.683603652611,126.773274304969,121.040120759042,121.498277737874,7047164.0
2006-06-27,122.959427021717,125.175916189581,121.293964490557,122.061686995627,12507571.0
2006-06-28,119.139388427941,124.569167758154,119.139388427941,123.943845395154,6403778.0
2006-06-29,126.785656926018,127.540996810039,124.011949810926,124.860159352818,6026607.0
2006-06-30,126.909483136513,131.751087966875,126.909483136513,131.23720919332,5951444.0
2006-07-03,131.460096372211,133.69515947165,130.549973725072,132.630254061391,4381854.0
2006-07-04,132.494045229846,134.19046431363,132.246392808856,133.076028419174,3618844.0
2006-07-05,132.989350071827,136.085005334207,131.893488108945,135.484448213305,4376904.0
2006-07-06,133.719924713749,135.094395650245,132.636445371916,134.134742518907,4269451.0
2006-07-07,135.465874281731,135.465874281731,127.076648520682,127.739118746831,6609409.0
2006-07-10,128.28395407301,129.998947088368,126.698978578672,129.187885409625,4474993.0
2006-07-11,129.398389967467,130.358043098804,128.308719315109,129.918460051546,3469398.0
2006-07-12,128.308719315109,136.208831544702,125.20068143168,135.967370434236,7344439.0
2006-07-13,134.506221150393,135.589700492226,132.53738440352,133.168898077045,3334343.0
2006-07-14,131.87491417737,134.103785966284,130.110390677814,132.382601640401,3247287.0
2006-07-17,131.008130703904,132.295923293054,127.262387836425,127.714353504732,2941065.0
2006-07-18,127.912475441524,128.779258914991,122.476504800786,124.371045821362,6374130.0
2006-07-19,125.064472600135,127.528614188989,120.996781585368,121.72735622729,6736611.0
2006-07-20,123.454731863698,125.064472600135,121.999773890379,123.256609926906,7203202.0
2006-07-21,122.587948390232,123.207079442707,118.328326749197,119.808049964615,6653511.0
2006-07-24,119.120814496366,120.730555232804,116.582377181215,120.297163496071,5322776.0
2006-07-25,121.944052095657,122.711774600727,120.978207653794,122.315530727142,3152067.0
2006-07-26,122.587948390232,124.43295892661,121.485895116824,123.813827874134,2948918.0
2006-07-27,124.43295892661,125.782664621007,122.371252521865,123.838593116233,4682950.0
2006-07-28,124.903498526491,124.903498526491,120.606729022309,121.232051385309,3609008.0
2006-07-31,122.340295969241,123.578558074193,120.866764064348,121.201094832685,3319820.0
2006-08-01,120.606729022309,122.705583290202,120.606729022309,121.547808222072,3479516.0
2006-08-02,121.225860074785,123.138975026935,121.225860074785,122.699391979677,2060549.0
2006-08-03,123.207079442707,124.816820179145,121.516851669448,122.340295969241,3973655.0
2006-08-04,122.340295969241,123.764297389936,119.15177104899,119.839006517238,4994599.0
2006-08-07,119.863771759338,119.950450106684,117.882552391415,118.247839712375,2432744.0
2006-08-08,118.315944128148,121.312538422131,118.2540310229,120.996781585368,2209516.0
2006-08-09,120.996781585368,123.380436137401,120.111424180328,122.340295969241,3368611.0
2006-08-10,122.340295969241,122.587948390232,119.764710790941,121.21966876426,2701869.0
2006-08-11,122.080260927201,125.683603652611,120.730555232804,125.18829881063,5525255.0
2006-08-14,125.683603652611,127.788649231029,124.098628158273,127.448127152167,2643615.0
2006-08-16,128.160127862515,130.636652072418,128.048684273069,129.584129283209,4117495.0
2006-08-17,131.131956914399,132.989350071827,128.537797804525,132.011123008915,5353897.0
2006-08-18,132.246392808856,133.546568019055,129.893694809447,130.748095661864,2157694.0
2006-08-21,130.636652072418,133.100793661273,129.398389967467,132.196862324658,2365329.0
2006-08-22,133.732307334798,134.339055766224,130.704756488191,131.850148935271,3095055.0
2006-08-23,131.503435545885,132.976967450777,130.655226003993,131.491052924835,2384297.0
2006-08-24,131.255783124894,138.660590512506,130.265173440933,137.057041086594,5654802.0
2006-08-25,138.066224702129,139.304486807081,136.332657755197,137.527580686475,4796556.0
2006-08-28,137.818572281139,139.168277975537,137.094188949742,138.945390796645,2073874.0
2006-08-29,139.911235238508,141.14949734346,138.066224702129,138.542955612536,3949482.0
2006-08-30,138.066224702129,140.542748912033,137.087997639217,139.775026406963,3288304.0
2006-08-31,128.779258914991,140.641809880429,128.779258914991,138.357216296793,5138080.0
2006-09-01,138.066224702129,139.725495922765,138.066224702129,138.994921280843,2145745.0
2006-09-04,139.310678117606,140.908036232994,139.310678117606,140.121739796349,2482734.0
2006-09-05,139.304486807081,140.542748912033,138.190050912625,139.422121707052,1488628.0
2006-09-06,139.428313017576,141.90483722748,139.180660596586,140.852314438271,3579830.0
2006-09-07,140.542748912033,140.542748912033,138.722503617754,139.391165154428,2806030.0
2006-09-08,139.923617859557,140.474644496261,137.756659175892,140.022678827953,4495580.0
2006-09-11,140.171270280548,140.536557601508,134.103785966284,134.685769155611,4762799.0
2006-09-12,135.21822186074,137.41613709703,132.877906482381,137.057041086594,5799339.0
2006-09-13,137.669980828545,139.34163467023,137.570919860149,138.208624844199,4004791.0
2006-09-14,138.685355754605,140.778018711974,138.165285670526,139.47165219125,3167438.0
2006-09-15,139.552139228072,141.65718480649,137.973355044258,141.236175690806,3008309.0
2006-09-18,141.781011016985,142.480629106283,139.323060738656,140.350818285766,2757594.0
2006-09-19,140.542748912033,141.830541501183,137.323267439158,138.419129402041,3060577.0
2006-09-20,137.942398491634,140.146505038449,136.834153907702,139.694539370141,3127726.0
2006-09-21,140.313670422617,141.620036943341,139.954574412181,141.025671132964,3702426.0
2006-09-22,140.511792359409,143.502195342868,139.675965438567,143.143099332432,5310389.0
2006-09-25,143.613638932314,145.49579733184,143.143099332432,144.022265426948,4309600.0
2006-09-26,144.133709016393,146.362580805307,143.656978105987,146.003484794871,3786786.0
2006-09-27,146.857885647287,148.195208720635,144.907622831988,145.37816243187,2420909.0
2006-09-28,145.025257731959,146.114928384316,144.009882805898,144.629013858374,3831187.0
2006-09-29,147.328425247169,147.328425247169,144.765222689919,145.093362147731,2026064.0
2006-10-03,144.288491779512,145.662962716009,143.638404174413,143.861291353304,1039522.0
2006-10-04,144.257535226889,144.505187647879,141.533358595995,142.28250716949,5087322.0
2006-10-05,143.638404174413,144.183239500592,142.474437795758,143.006890500887,4079358.0
2006-10-06,144.381361437384,145.421501605543,142.647794490451,143.991308874324,2702479.0
2006-10-09,143.019273121937,144.505187647879,142.41252469051,142.827342495669,1653865.0
2006-10-10,143.638404174413,144.23276998479,142.0348547485,142.511585658907,1316925.0
2006-10-11,143.019273121937,143.873673974354,140.976140648766,141.570506459143,2707855.0
2006-10-12,141.712906601213,145.24814491085,141.440488938123,144.721883516246,3890228.0
2006-10-13,145.24814491085,148.089956441715,145.24814491085,147.439868836615,5415820.0
2006-10-16,147.972321541744,150.944150593629,147.848495331249,150.250723814856,4348186.0
2006-10-17,150.448845751648,151.290863983015,149.222966267745,150.473610993747,2535472.0
2006-10-18,148.863870257309,151.129889909371,148.863870257309,149.643975383429,2466134.0
2006-10-19,150.325019541153,150.325019541153,146.932181373585,148.232356583784,3684154.0
2006-10-20,149.309644615092,150.981298456777,148.59145259422,149.031035641478,3792624.0
2006-10-23,148.59145259422,148.702896183666,147.56369504711,147.829921399675,1779594.0
2006-10-26,147.353190489268,147.848495331249,144.876666279365,145.489606021316,2425246.0
2006-10-27,146.597850605248,151.94714289864,146.127311005366,151.402307572461,4776535.0
2006-10-30,151.6871078566,153.544501014027,150.095941051737,153.067770103621,2043590.0
2006-10-31,152.925369961551,153.420674803532,150.851280935757,151.810934067095,2048330.0
2006-11-01,151.191803014619,157.011634907893,151.080359425173,156.56586055011,5496687.0
2006-11-02,157.011634907893,160.850247433243,155.835285908188,158.912367238994,4150837.0
2006-11-03,159.735811538787,159.971081338727,157.011634907893,159.451011254648,3253964.0
2006-11-06,159.240506696806,162.831466801166,158.528505986459,161.531291590967,3496771.0
2006-11-07,161.9646833277,162.949101701137,159.135254417885,159.89678561243,3643621.0
2006-11-08,159.89678561243,160.317794728114,153.711666398196,155.061372092593,4882281.0
2006-11-09,155.52572038195,156.838278213199,154.015040613909,156.095320950228,4096597.0
2006-11-10,156.887808697397,160.193968517619,155.172815682039,159.153828349459,3433415.0
2006-11-13,159.488159117796,160.478768801758,158.745201854825,159.166210970509,1127083.0
2006-11-14,159.785342022985,160.466386180708,157.562661544596,158.423253707538,1624814.0
2006-11-15,158.745201854825,159.221932765232,155.78575542399,156.349164681743,2094408.0
2006-11-16,156.640156276407,158.745201854825,155.420468103029,156.733025934278,1616180.0
2006-11-17,157.259287328883,157.506939749873,155.073754713643,155.92815556606,1255215.0
2006-11-20,151.718064409223,156.999252286843,151.718064409223,155.897199013436,2787002.0
2006-11-21,156.887808697397,158.299427497042,155.91577294501,157.760783481388,1829275.0
2006-11-22,158.485166812785,159.797724644034,157.544087613022,158.268470944419,1802105.0
2006-11-23,158.497549433835,159.711046296688,157.135461118388,157.500748439348,1840998.0
2006-11-24,157.259287328883,157.804122655062,155.810520666089,156.312016818595,2104153.0
2006-11-27,156.268677644921,157.135461118388,154.863250155801,155.13566781889,1812379.0
2006-11-28,154.696084771633,157.222139465734,153.532118392978,154.869441466326,3116339.0
2006-11-29,155.414276792505,156.726834623754,154.306032208573,154.696084771633,1766782.0
2006-11-30,154.906589329474,156.144851434426,153.550692324552,154.095527650731,2691326.0
2006-12-01,154.176014687553,157.123078497338,154.176014687553,156.151042744951,2280348.0
2006-12-04,156.640156276407,158.002244591854,155.476189897752,156.008642602882,2498187.0
2006-12-05,158.497549433835,160.280646864965,156.640156276407,158.441827639112,3765214.0
2006-12-06,159.091915244212,160.844056122718,157.277861260457,158.664714818003,3199081.0
2006-12-07,158.62137564433,162.088509538195,158.62137564433,161.097899854234,3823498.0
2006-12-08,161.593204696214,161.593204696214,156.640156276407,157.154035049962,2917691.0
2006-12-11,158.497549433835,158.497549433835,151.848081930243,153.544501014027,4535936.0
2006-12-12,153.296848593037,155.897199013436,145.662962716009,149.260114130894,6878210.0
2006-12-13,150.436463130598,153.804536056067,148.715278804715,153.346379077235,5255745.0
2006-12-14,154.163632066503,157.680296444567,153.426866114057,155.952920808159,3005436.0
2006-12-15,156.763982486902,157.259287328883,154.225545171751,155.240920097811,2415209.0
2006-12-18,156.021025223931,160.726421222748,153.922170956038,159.624367949341,2522336.0
2006-12-19,160.701655980649,160.701655980649,152.306238909076,155.222346166237,4225479.0
2006-12-20,156.021025223931,157.878418381359,152.71486540371,154.646554287435,4201035.0
2006-12-21,155.03041553997,156.962104423694,153.928362266562,156.200573229149,2314366.0
2006-12-22,156.212955850199,157.878418381359,155.556676934574,157.575044165646,1402800.0
2006-12-26,159.104297865261,159.104297865261,156.763982486902,158.126070802349,1647160.0
2006-12-27,159.116680486311,160.714038601699,158.559462539082,160.150629343945,2336334.0
2006-12-28,160.602595012253,161.345552275224,157.042591460516,157.84127051821,4093985.0
2006-12-29,158.503740744359,159.364332907301,156.664921518506,157.277861260457,2244378.0
2007-01-02,157.878418381359,159.215741454707,157.296435192031,158.60899302328,1149902.0
2007-01-03,159.116680486311,159.847255128232,157.921757555032,159.060958691588,1489730.0
2007-01-04,159.735811538787,160.974073643738,158.126070802349,158.559462539082,3022423.0
2007-01-05,157.878418381359,162.459988169681,157.878418381359,159.50673304937,3047126.0
2007-01-08,160.231116380767,160.231116380767,156.838278213199,158.107496870775,2191355.0
2007-01-09,160.330177349163,160.330177349163,157.506939749873,158.287044875993,2561246.0
2007-01-10,157.878418381359,159.847255128232,156.528712686961,157.649339891943,4813168.0
2007-01-11,157.878418381359,160.974073643738,156.664921518506,160.540681907005,2228244.0
2007-01-12,162.051361675046,166.546253116022,160.354942591262,165.865208958298,4479089.0
2007-01-15,168.998012083826,169.889560799392,166.670079326517,169.016586015401,3217452.0
2007-01-16,169.270429746916,169.889560799392,166.434809526576,166.787714226487,1793509.0
2007-01-17,168.155993852459,168.65129869444,166.564827047596,167.146810236923,1564256.0
2007-01-18,167.784515220973,171.46215367268,167.041557958002,169.319960231114,3531763.0
2007-01-19,176.823828587122,176.823828587122,170.168169773006,171.220692562215,6458817.0
2007-01-22,171.499301535829,172.731372330256,169.771925899421,170.118639288808,1567523.0
2007-01-23,169.771925899421,170.973040141224,168.112654678786,168.471750689222,1213863.0
2007-01-24,170.18674370458,170.18674370458,168.434602826073,169.579995273154,1682940.0
2007-01-25,170.843022620204,170.843022620204,168.719403110212,169.716204104698,2529979.0
2007-01-29,169.641908378401,172.601354809236,169.053733878549,171.164970767492,1691270.0
2007-01-31,171.616936435799,171.99460637781,168.230289578756,169.202325331143,2700046.0
2007-02-01,169.394255957411,171.375475325334,168.905142425955,170.582987578165,919579.0
2007-02-02,171.338327462185,172.576589567137,169.400447267936,170.267230741402,1631888.0
2007-02-05,170.880170483353,172.2422587988,169.889560799392,171.790293130493,962858.0
2007-02-06,164.688859958594,174.347304377218,164.688859958594,172.019371619909,1756515.0
2007-02-07,173.109042272266,173.331929451158,171.034953246472,172.725181019731,1527047.0
2007-02-08,172.979024751246,173.728173324742,171.003996693848,172.991407372296,1002039.0
2007-02-09,173.418607798504,174.198712924624,169.641908378401,172.341319767196,1538248.0
2007-02-12,171.746953956819,171.746953956819,167.561628042082,168.273628752429,1268179.0
2007-02-13,167.908341431469,171.499301535829,166.174774484536,169.14660353642,1443752.0
2007-02-14,169.0413512575,171.709806093671,166.20573103716,170.514883162392,1421621.0
2007-02-15,171.189736009591,175.053113777041,171.189736009591,174.217286856198,2044494.0
2007-02-19,174.594956798209,177.071481008112,174.594956798209,175.926088561032,1562912.0
2007-02-20,176.947654797617,178.854578439243,174.625913350832,175.164557366486,3280207.0
2007-02-21,172.2422587988,176.452349955636,172.2422587988,174.192521614099,1527424.0
2007-02-22,175.214087850684,176.569984855607,173.356694693257,174.848800529724,3719836.0
2007-02-23,176.328523745141,178.767900091896,173.616729735297,174.997391982318,3751615.0
2007-02-26,175.83321890316,177.046715766013,169.951473904639,174.167756372,7248366.0
2007-02-27,161.605587317264,175.226470471734,161.605587317264,174.031547540455,2988590.0
2007-02-28,167.177766789547,170.880170483353,164.831260100663,167.474949694736,7056818.0
2007-03-01,170.261039430877,170.261039430877,163.332962953672,169.363299404787,3952391.0
2007-03-02,169.765734588896,169.765734588896,161.9646833277,162.98005825376,4747034.0
2007-03-05,160.974073643738,161.097899854234,154.559875940088,155.940538187109,5389119.0
2007-03-06,157.754592170864,161.828474496155,156.429651718565,160.707847291174,3553116.0
2007-03-07,162.336161959185,164.565033748099,156.157234055476,159.568646154618,3450264.0
2007-03-08,163.326771643147,165.927122063546,159.735811538787,165.376095426842,3345797.0
2007-03-09,165.679469642555,167.140618926399,161.593204696214,163.227710674751,2411381.0
2007-03-12,164.676477337544,165.258460526872,161.840857117205,162.918145148513,2156009.0
2007-03-13,162.918145148513,164.899364516436,161.624161248838,164.286424774485,1581553.0
2007-03-14,162.088509538195,162.088509538195,156.17580798705,159.160019659984,2687015.0
2007-03-15,160.850247433243,162.199953127641,158.37372322334,158.918558549518,2859247.0
2007-03-16,158.918558549518,161.69226566461,158.002244591854,160.992647575313,2567950.0
2007-03-19,161.110282475283,163.202945432652,160.614977633302,162.651918795948,1180894.0
2007-03-20,163.202945432652,165.30799101107,162.955293011661,163.815885174603,1172767.0
2007-03-21,163.450597853642,166.397661663427,161.593204696214,165.927122063546,1198964.0
2007-03-22,166.793905537012,170.873979172828,166.793905537012,170.291995983501,2414019.0
2007-03-23,170.384865641372,171.350710083235,168.403646273449,170.391056951897,1906116.0
2007-03-26,171.251649114839,171.251649114839,167.165384168498,168.967055531202,1473727.0
2007-03-28,168.403646273449,170.137213220382,166.242878900308,167.165384168498,2133169.0
2007-03-29,168.89895111543,169.518082167906,166.670079326517,168.056932884063,2648059.0
2007-03-30,168.403646273449,170.248656809828,167.561628042082,169.67905624155,2645527.0
2007-04-02,167.784515220973,168.255054820855,161.624161248838,162.701449280146,3290334.0
2007-04-03,163.51251095889,166.670079326517,162.150422643443,166.019991721417,2661129.0
2007-04-04,166.917731747507,169.511890857381,166.880583884359,168.806081457559,1990052.0
2007-04-05,168.775124904935,168.998012083826,167.437801831587,168.26124613138,1213467.0
2007-04-09,169.022777325925,171.870780167315,168.65129869444,171.412623188482,1111931.0
2007-04-10,172.056519483057,172.118432588305,169.716204104698,171.425005809532,1325433.0
2007-04-11,171.517875467403,173.158572756464,170.514883162392,171.697423472621,1677682.0
2007-04-12,171.375475325334,172.48991121979,169.920517352015,171.808867062067,1099116.0
2007-04-13,170.291995983501,175.32553144013,170.291995983501,174.836417908674,1520073.0
2007-04-16,175.59794910322,181.281572164948,175.492696824299,180.507658349354,1697452.0
2007-04-17,181.405398375444,184.253401216833,179.83899681268,182.742721448792,3820017.0
2007-04-18,182.396008059405,185.231628279745,182.396008059405,183.925261759021,2291918.0
2007-04-19,181.436354928067,185.677402637527,180.860563049265,184.792045232487,2200255.0
2007-04-20,185.120184690299,191.311495215058,185.120184690299,190.8719121678,2386403.0
2007-04-23,191.063842794068,193.168888372486,188.872118868303,192.463078972664,2501245.0
2007-04-24,192.425931109515,196.834144203143,190.822381683602,196.010699903351,2380022.0
2007-04-25,195.89306500338,198.121936792293,193.540367003972,197.923814855501,2062547.0
2007-04-26,199.360198897245,201.415713991465,196.14071742437,197.731884229234,6204641.0
2007-04-27,199.607851318236,199.607851318236,189.701754478621,190.593303194186,3137369.0
2007-04-30,191.905861025435,194.654802898428,185.86314195327,193.298905893506,2385514.0
2007-05-03,195.026281529914,201.836723107149,195.026281529914,201.359992196742,3685012.0
2007-05-04,201.867679659773,202.57968037012,195.286316571954,196.03546514545,3685098.0
2007-05-07,198.741067844769,200.350808581207,197.626631950313,198.926807160512,2832701.0
2007-05-08,199.174459581502,199.905034223424,196.883674687342,197.273727250401,2145696.0
2007-05-09,196.883674687342,198.121936792293,194.840542214171,197.905240923927,2307786.0
2007-05-10,198.98872026576,199.335433655146,195.026281529914,195.818769277083,1810733.0
2007-05-11,192.054452478029,198.121936792293,189.60888482075,196.772231097896,3365965.0
2007-05-14,199.360198897245,201.465244475663,198.741067844769,200.629417554821,1910033.0
2007-05-15,200.660374107445,201.329035644119,197.317066424075,197.936197476551,3468852.0
2007-05-16,198.245763002789,204.065594896062,197.9485800976,202.418706296476,2843184.0
2007-05-17,203.706498885626,209.235339184236,203.706498885626,208.678121237008,2854239.0
2007-05-18,208.622399442285,211.247515104783,206.802154148006,210.312627215544,2318273.0
2007-05-21,211.742819946764,219.172392576475,211.024627925892,218.051765371493,3239284.0
2007-05-22,219.048566365979,221.029785733902,215.228527772203,220.317785023555,3931802.0
2007-05-23,220.410654681426,222.614761228241,216.695868366571,217.457399561116,1603841.0
2007-05-24,216.702059677096,217.934130471523,212.615794730755,213.872630767281,2824875.0
2007-05-25,210.659340604931,215.086127630134,210.640766673356,213.977883046202,2419081.0
2007-05-28,215.44522364057,216.695868366571,212.522925072883,213.464004272647,1540056.0
2007-05-29,213.228734472706,218.924740155484,212.08953333615,217.550269218988,2321445.0
2007-05-30,216.695868366571,220.410654681426,215.717641303659,217.048773066482,3083875.0
2007-05-31,217.314999419047,219.389088444841,216.324389735085,217.785539018929,1866498.0
2007-06-01,219.519105965861,220.398272060377,216.367728908759,216.85065112969,1504954.0
2007-06-04,219.048566365979,219.048566365979,215.278058256401,215.699067372085,1394408.0
2007-06-05,215.333780051124,216.819694577066,213.24730840428,216.126267798293,1810873.0
2007-06-06,216.819694577066,217.686478050532,208.312833916047,209.427269810504,2727682.0
2007-06-07,207.161250158442,211.346576073179,205.551509422004,206.684519248035,2589690.0
2007-06-08,206.046814263985,210.238331489247,203.954151306617,205.186222101044,3453696.0
2007-06-11,222.88717889133,222.88717889133,205.582465974628,206.31304061655,2155325.0
2007-06-12,207.396519958383,211.97189843618,205.885840190341,210.368349010267,2972202.0
2007-06-13,210.29405328397,211.718054704665,206.789771526956,207.45843306363,2240665.0
2007-06-14,208.770990894879,210.876036473297,208.647164684384,210.015444310356,1996192.0
2007-06-15,210.504557841812,211.742819946764,206.56069303754,208.263303431849,1996976.0
2007-06-18,210.232140178722,210.232140178722,206.356379790223,206.987893463749,1424616.0
2007-06-19,206.987893463749,214.268874640865,206.802154148006,213.792143730459,2202023.0
2007-06-20,213.792143730459,216.547276913977,213.228734472706,214.584631477628,1960094.0
2007-06-21,214.838475209143,216.386302840333,213.12967350431,214.757988172321,1621509.0
2007-06-22,214.838475209143,214.838475209143,210.337392457643,211.136071515337,2055653.0
2007-06-25,211.495167525773,212.238124788744,210.108313968227,211.637567667843,2889439.0
2007-06-26,211.618993736268,212.981082051715,210.504557841812,210.906993025921,1442066.0
2007-06-27,210.380731631317,212.968699430666,209.594435194672,210.325009836594,1571971.0
2007-06-28,211.618993736268,212.33718575714,208.814330068552,209.51394815785,2817089.0
2007-06-29,210.504557841812,211.866646157259,209.142469526365,210.572662257584,2635833.0
2007-07-02,210.999862683792,211.990472367754,207.910398731938,208.560486337037,2737732.0
2007-07-03,207.545111410977,212.095724646675,207.545111410977,211.408489178427,2680539.0
2007-07-04,211.866646157259,214.423657403984,211.618993736268,212.752003562299,2179332.0
2007-07-05,212.733429630725,213.600213104191,208.089946737156,211.724246015189,1759660.0
2007-07-06,212.238124788744,214.28744857244,208.647164684384,211.730437325714,1577879.0
2007-07-09,210.863653852248,212.912977635943,210.628384052307,211.860454846734,1509831.0
2007-07-10,212.368142309764,212.368142309764,209.885426789336,210.838888610149,1126790.0
2007-07-11,212.60960342023,212.832490599121,208.789564826453,210.913184336446,1231205.0
2007-07-12,211.32181083108,213.612595725241,211.32181083108,212.900595014894,1417920.0
2007-07-13,214.194578914568,221.735595133725,213.75499586731,219.550062518485,4454697.0
2007-07-16,220.410654681426,221.525090575883,218.831870497613,220.002028186792,1506972.0
2007-07-17,221.525090575883,227.691635858543,220.423037302476,226.335738853621,3566387.0
2007-07-18,227.221096258662,227.716401100642,223.326761938588,225.691842559046,3072600.0
2007-07-19,225.735181732719,236.384235835305,225.016989711847,234.378251225283,3840133.0
2007-07-20,235.145973730353,237.127193098276,232.91710194144,234.297764188461,3610919.0
2007-07-23,232.793275730945,237.127193098276,232.174144678469,236.409001077404,2359687.0
2007-07-24,236.755714466791,239.108412466199,236.26040962481,236.830010193088,2313661.0
2007-07-25,234.650668888372,236.755714466791,232.174144678469,235.591748088136,2253970.0
2007-07-26,236.5080620458,241.275371149865,236.01275720382,240.464309471121,3789715.0
2007-07-27,237.721558908653,239.727543518675,229.697620468565,231.245448099755,6558586.0
2007-07-30,233.412406783421,235.127399798779,227.840227311137,228.92370665297,2788649.0
2007-07-31,230.935882573517,235.49268711974,226.973443837671,234.46492957263,2246392.0
2007-08-01,230.935882573517,232.174144678469,221.797508238972,222.608569917716,4187001.0
2007-08-02,227.468748679652,227.803079447989,221.896569207369,222.955283307102,2392662.0
2007-08-03,224.249267206777,227.691635858543,222.342343565151,223.0295790334,2985750.0
2007-08-06,220.782133312912,221.896569207369,216.869225061264,220.429228613001,2210646.0
2007-08-07,224.125440996282,225.487529311729,221.927525759992,224.150206238381,3094692.0
2007-08-08,225.735181732719,233.400024162371,225.21511164864,232.229866473192,3259975.0
2007-08-09,233.660059204411,236.817627572038,227.283009363909,228.558419332009,3666336.0
2007-08-10,225.363703101234,225.363703101234,219.940115081545,224.007806096311,3363768.0
2007-08-13,225.611355522224,227.443983437553,223.822066780569,226.502904237789,1574985.0
2007-08-14,222.88717889133,227.840227311137,222.88717889133,226.979635148196,1019447.0
2007-08-16,221.896569207369,221.896569207369,213.600213104191,215.339971361649,4004899.0
2007-08-17,211.866646157259,219.655314797406,208.424277505493,217.054964377007,5958453.0
2007-08-20,222.88717889133,228.459358363613,220.534480891922,222.63952647034,2357903.0
2007-08-21,222.88717889133,224.459771764619,214.875623072292,216.305815803511,3838397.0
2007-08-22,216.324389735085,222.11945638626,212.399098862388,218.701852976593,4304130.0
2007-08-23,222.763352680835,223.877788575292,214.838475209143,215.9529111036,3057645.0
2007-08-24,217.383103834819,220.658307102417,215.717641303659,219.958689013119,1699023.0
2007-08-27,225.116050680243,227.889757795336,221.896569207369,227.072504806067,2052305.0
2007-08-28,227.072504806067,234.031537835897,226.2304865747,233.102841257183,3221906.0
2007-08-29,229.57379425807,235.74033954073,228.459358363613,233.994389972748,2659196.0
2007-08-30,235.269799940848,238.365455203228,232.91710194144,236.761905777315,4219933.0
2007-08-31,235.269799940848,243.937634675511,235.127399798779,242.810816160005,3631120.0
2007-09-03,242.810816160005,245.052070569968,240.222848360656,242.445528839044,1994257.0
2007-09-04,243.19467741254,244.785844217403,237.901106913871,244.296730685947,2030637.0
2007-09-05,246.042680253929,246.909463727396,241.584936676103,243.268973138837,2495169.0
2007-09-06,240.718153202636,246.166506464425,240.594326992141,245.528801480374,1531284.0
2007-09-07,245.547375411949,246.414158885415,242.080241518083,243.058468580995,1840068.0
2007-09-10,242.080241518083,247.033289937891,240.718153202636,245.869323559236,1558841.0
2007-09-11,246.414158885415,248.704943779576,245.795027832939,246.426541506464,2167892.0
2007-09-12,247.157116148386,250.252771410766,246.661811306405,249.280735658378,2407667.0
2007-09-13,250.748076252746,251.986338357698,249.342648763626,251.057641778984,1975162.0
2007-09-14,251.986338357698,256.431699314475,251.150511436856,251.955381805074,2558842.0
2007-09-17,251.367207305222,255.007697893781,250.252771410766,251.15670274738,1444760.0
2007-09-18,250.12894520027,255.577298462058,249.62125773724,254.840532509612,2514217.0
2007-09-19,264.368959407216,270.287852268886,257.552326519457,269.185798995479,3308060.0
2007-09-20,269.445834037519,272.63435895777,268.331398143062,271.2165488476,2726830.0
2007-09-21,270.43644372148,284.676457928427,270.077347711044,282.379481723741,2888883.0
2007-09-24,284.800284138922,294.706380978536,282.961464913068,291.672638821404,4048123.0
2007-09-25,286.688633848973,300.402386661315,286.688633848973,297.133374704242,3355641.0
2007-09-26,297.059078977945,299.040298345868,286.65767729635,287.518269459291,3935791.0
2007-09-27,288.601748801124,293.468118873585,285.475136986121,287.066303790984,3494924.0
2007-09-28,290.991594663681,290.991594663681,280.46636677159,284.558823028456,3454315.0
2007-10-01,286.038546243874,288.385052932757,280.125844692729,283.834439697059,4448285.0
2007-10-03,285.047936559912,302.135953608247,276.751580456735,296.67521772541,6704314.0
2007-10-04,294.706380978536,302.117379676673,292.477509189623,300.390004040265,3492432.0
2007-10-05,308.921629943383,311.422919395386,299.659429398344,308.636829659245,4065960.0
2007-10-08,310.184657290434,313.527964973804,295.430764309933,299.808020850938,3736225.0
2007-10-09,288.638896664272,324.282271355311,272.132862805264,321.948147287477,4137315.0
2007-10-10,326.269682033759,332.349548969072,319.750232051187,324.226549560588,4999438.0
2007-10-11,329.253893706693,329.253893706693,319.768805982762,325.731038018105,4903126.0
2007-10-12,325.97249912857,337.389275736226,314.747653147182,317.707099578017,9947936.0
2007-10-15,320.103136751099,331.854244127091,319.001083477691,330.164016353832,4920977.0
2007-10-16,328.758588864712,334.32457702647,324.300845286885,328.331388438504,5638322.0
2007-10-17,311.794398026872,334.949899389471,278.732799824658,332.78913201633,8626308.0
2007-10-18,340.522078861754,370.116543170103,312.785007710833,319.861675640633,7574262.0
2007-10-19,324.919976339361,334.330768336995,299.622281535195,305.764061575756,5322440.0
2007-10-22,297.18290518844,307.46048065954,293.691006052476,298.427358603917,5051715.0
2007-10-23,305.850739923103,323.681714234409,303.993346765675,321.929573355903,4880073.0
2007-10-24,326.901195707284,328.226136159583,316.574089751986,323.811731755429,4302258.0
2007-10-25,322.567278339953,330.34356435905,320.982302845614,325.421472491867,4181650.0
2007-10-26,328.139457812236,336.039570041829,322.604426203101,334.120263779153,3942809.0
2007-10-29,342.379472019182,352.285568858797,338.664685704327,350.168140659329,4509529.0
2007-10-30,351.542611595826,353.455726547976,339.320964619951,342.93668996641,4374145.0
2007-10-31,342.750950650668,349.004174280674,341.017383703735,344.707404776492,4153087.0
2007-11-01,349.189913596417,351.542611595826,328.145649122761,331.928539853389,5986480.0
2007-11-02,319.100144446088,337.426423599375,319.100144446088,335.977656936581,3867608.0
2007-11-05,335.977656936581,338.664685704327,326.034412233818,329.520120059257,4453574.0
2007-11-06,334.169794263351,341.14120991423,328.294240575355,330.145442422258,3027331.0
2007-11-07,341.14120991423,347.208694228494,334.330768336995,343.110046661104,3482112.0
2007-11-08,340.522078861754,346.069493091939,328.387110233226,339.636721456714,3639342.0
2007-11-09,345.475127281562,345.475127281562,333.092506232043,338.590389978029,681498.0
2007-11-12,328.139457812236,334.912751526322,322.195799708467,331.309408800913,4521756.0
2007-11-13,332.597201390063,337.277832146781,329.377719917188,333.476367484578,4241726.0
2007-11-14,338.045554651851,358.972184225537,338.045554651851,357.665817704812,6131511.0
2007-11-15,356.619486226128,360.334272540984,352.904699911273,356.012737794702,2639340.0
2007-11-16,352.904699911273,362.563144329897,349.437566017408,356.823799473445,2545231.0
2007-11-19,357.257191210178,359.838967699003,351.69120304842,353.016143500718,1839787.0
2007-11-20,354.749710447651,354.749710447651,341.760340966706,344.837422297511,3866242.0
2007-11-21,342.998603071658,346.453354344474,333.092506232043,335.507117336699,4566625.0
2007-11-22,340.522078861754,342.961455208509,329.996850969664,337.395467046751,3588610.0
2007-11-23,343.493907913639,350.799654332855,336.819675167948,348.100242944059,2467139.0
2007-11-26,355.059275973889,359.708950177983,350.192905901428,357.182895483881,3037119.0
2007-11-27,358.476879383556,358.476879383556,349.809044648893,352.075064300955,2440931.0
2007-11-28,353.523830963749,355.975589931553,342.874776861163,345.759927565701,2496196.0
2007-11-29,349.809044648893,352.657047490282,346.174745370859,348.267408328228,4045517.0
2007-11-30,349.809044648893,357.028112720762,348.360277986099,353.10901315859,3086761.0
2007-12-03,357.634861152189,364.408154866275,353.647657174244,363.417545182314,2451946.0
2007-12-04,365.287320960791,367.219009844516,352.929465153372,354.452527542462,2637250.0
2007-12-05,360.668603309321,361.572534645935,354.7620930687,359.269367130725,1958011.0
2007-12-06,365.287320960791,369.992716959608,354.793049621324,355.851763721058,2480173.0
2007-12-07,359.715141488508,359.715141488508,347.004380981177,351.845985811539,3296976.0
2007-12-10,352.904699911273,355.232632668582,346.874363460157,349.555200917378,1845761.0
2007-12-11,353.523830963749,358.965992915012,350.428175701369,357.319104315426,3182745.0
2007-12-12,355.505050331671,360.334272540984,351.666437806321,356.730929815574,3105727.0
2007-12-13,356.867138647119,362.315491908907,348.570782543941,350.768697780231,3310270.0
2007-12-14,347.332520438989,359.096010436032,347.332520438989,357.690582946911,3562187.0
2007-12-17,352.910891221797,357.61009591009,335.569030441947,343.630116745183,3594591.0
2007-12-18,344.855996229086,346.725772007563,334.708438279005,337.742180436137,4143300.0
2007-12-19,331.860435437616,344.843613608036,328.331388438504,334.801307936877,3792872.0
2007-12-20,336.188161494423,344.732170018591,333.327776031984,336.020996110254,2500665.0
2007-12-24,342.503298229677,346.707198075989,334.083115916005,345.295579276344,2693235.0
2007-12-26,346.713389386513,360.916255730311,346.465736965523,358.662618699299,3170047.0
2007-12-27,359.096010436032,362.315491908907,356.012737794702,358.334479241486,3821936.0
2007-12-28,357.486269699594,362.810796750887,353.678613726868,358.458305451982,1816867.0
2007-12-31,359.529402172765,362.810796750887,355.381224121176,356.953816994465,1281379.0
2008-01-01,357.85774833108,358.972184225537,351.059689374894,352.688004042906,1204696.0
2008-01-02,353.523830963749,357.114791068109,348.112625565109,354.359657884591,3117451.0
2008-01-03,353.152352332263,362.810796750887,350.459132253993,359.554167414864,3452086.0
2008-01-04,359.591315278013,373.930390453355,359.591315278013,370.611848012084,4053144.0
2008-01-07,368.358210981072,375.193417800406,366.525583065743,373.986112248078,3132985.0
2008-01-08,377.731855115557,381.880033167146,371.47863148555,378.245733889112,4907826.0
2008-01-09,377.378950415646,380.146466220213,373.007885185166,375.645383468713,2522299.0
2008-01-10,375.812548852882,383.551687008831,373.336024642978,374.921000137316,4107103.0
2008-01-11,381.322815219917,388.814300954876,374.57428674793,387.278855944735,5031340.0
2008-01-14,391.166998954284,401.196922004394,387.080734007943,398.825650073411,2761350.0
2008-01-15,408.378842213115,408.378842213115,388.97527502852,391.978060633028,3798648.0
2008-01-16,385.09951464002,389.433432007352,374.57428674793,383.074956098424,5554677.0
2008-01-17,391.166998954284,391.166998954284,368.52537636524,371.051431059342,4791289.0
2008-01-18,368.382976223171,368.382976223171,344.23686517661,346.663858902315,5803304.0
2008-01-21,344.212099934511,344.212099934511,290.403420163829,314.617635626162,8279575.000000001
2008-01-22,291.270203637295,308.079611712016,262.511566249789,291.91409993187,8766276.0
2008-01-23,299.659429398344,349.809044648893,297.18290518844,315.843515110064,7329351.0
2008-01-24,320.709885182525,327.52032675976,301.516822555772,308.191055301462,4882441.0
2008-01-25,318.852492025097,325.043802549856,312.661181500338,323.855070929103,2996462.0
2008-01-28,317.614229920145,321.291868371852,300.897691503296,317.787586614839,3025440.0
2008-01-29,327.52032675976,327.52032675976,314.561913831439,319.087761825038,1988599.0
2008-01-30,315.162470952341,321.700494866486,303.745694344685,306.086009723044,2497759.0
2008-01-31,306.098392344093,318.196213109473,293.59194508408,306.95279319651,5649201.0
2008-02-01,308.327264133007,317.026055420293,299.659429398344,314.859096736628,2109433.0
2008-02-04,314.023269815785,327.148848128274,314.023269815785,320.858476635119,2950332.0
2008-02-05,321.948147287477,326.158238444313,317.775203993789,324.065575486944,1731683.0
2008-02-06,316.98271624662,318.233360972621,309.726500311602,316.066402288956,2201762.0
2008-02-07,312.042050447862,319.471623077573,298.062071282956,300.334282245543,3133544.0
2008-02-08,301.529205176821,305.603087502113,295.944643083488,300.451917145513,3160339.0
2008-02-11,298.916472135373,298.916472135373,276.751580456735,281.952281297533,4760592.0
2008-02-12,282.447586139513,299.659429398344,279.475757087629,287.877365469727,4073504.0
2008-02-13,293.468118873585,305.720722402083,290.997785974206,295.882729978241,4747799.0
2008-02-14,303.374215713199,313.6517911843,303.374215713199,311.639615263753,2879421.0
2008-02-15,310.172274669385,321.948147287477,305.355435081122,321.198998713981,2152508.0
2008-02-18,321.948147287477,323.805540444905,314.270922236775,316.21499374155,1304630.0
2008-02-19,320.709885182525,324.17701907639,313.280312552814,316.320246020471,1608669.0
2008-02-20,309.590291480057,315.756836762718,304.860130239141,307.584306870036,2207600.0
2008-02-21,310.80378834291,314.642400868261,304.785834512844,309.107369259126,1607483.0
2008-02-22,302.420753892386,307.089002028055,299.040298345868,301.448718139999,1982606.0
2008-02-25,308.946395185483,317.614229920145,298.427358603917,315.936384767936,1853574.0
2008-02-26,317.601847299096,320.214580340544,313.540347594854,319.056805272414,1461973.0
2008-02-27,322.567278339953,326.653543286294,318.239552283146,320.517954556257,2665462.0
2008-02-28,319.471623077573,321.948147287477,311.633423953228,313.682747736923,2821861.0
2008-02-29,316.004489183708,316.004489183708,298.421167293392,305.039678244359,3336910.0
2008-03-03,297.158139946341,297.158139946341,283.506300239247,285.543241401893,3028734.0
2008-03-04,287.276808348825,289.505680137739,273.655925194355,277.766955382795,4554609.0
2008-03-05,277.38309413026,287.276808348825,275.773353393823,283.902544112832,2937145.0
2008-03-07,282.162785855374,282.162785855374,268.238528485191,278.392277745796,3323902.0
2008-03-10,273.767368783801,283.413430581376,262.802557844452,281.648907081819,5243330.0
2008-03-11,278.608973614163,291.610725716157,272.962498415582,290.731559621641,3666369.0
2008-03-12,299.51083794575,300.699569566503,292.229856768633,294.037719441862,3195994.0
2008-03-13,283.56202203397,287.895939401301,272.615785026196,277.748381451221,4050878.0
2008-03-14,278.608973614163,289.74094993768,276.169597267407,287.598756496113,2736483.0
2008-03-17,279.983444550659,281.456976455552,266.84548361712,269.965904121599,4709376.0
2008-03-18,278.584208372064,278.584208372064,262.511566249789,266.350178775139,3965487.0
2008-03-19,278.608973614163,290.372463611205,265.625795443743,267.35317108015,3399737.0
2008-03-24,267.464614669596,273.618777331207,263.180227786463,272.448619642027,2985289.0
2008-03-25,274.275056246831,287.889748090777,274.275056246831,286.509085843755,3115010.0
2008-03-26,289.010375295758,289.264219027273,281.153602239839,284.732179723149,2331754.0
2008-03-27,283.56202203397,286.533851085854,277.866016351191,281.184558792462,4148373.0
2008-03-28,289.010375295758,293.208083831545,276.336762651576,291.294968879394,3944461.0
2008-03-31,285.419415191398,289.134201506253,278.621356235212,280.565427739986,3096566.0
2008-04-01,284.676457928427,294.087249926061,277.804103245944,290.403420163829,3063841.0
2008-04-02,296.563774135964,303.720929102586,288.515070453777,290.192915605987,3664625.0
2008-04-03,290.991594663681,299.411776977353,290.4962898217,296.693791656984,1977750.0
2008-04-04,295.325512031012,299.027915724818,286.249050801715,287.419208490895,2486271.0
2008-04-07,279.382887429757,300.860543640147,279.382887429757,297.789653619867,2632844.0
2008-04-08,297.18290518844,300.012334098255,292.223665458108,294.923076846903,2819713.0
2008-04-09,291.610725716157,301.120578682187,291.121612184701,299.442733529977,2281967.0
2008-04-10,300.27856045082,311.967754721565,297.925862451411,305.683574538934,3666638.0
2008-04-11,314.518574657766,317.861882341136,305.293521975875,315.948767388985,4286756.0
2008-04-15,311.410536774337,326.529717075799,307.875298464699,323.40929657132,4266890.0
2008-04-16,324.430862807905,330.120677180159,323.842688308053,327.210761233522,3601987.0
2008-04-17,331.87900936919,336.559640125908,324.486584602628,326.907387017809,2506892.0
2008-04-21,325.625785739184,331.854244127091,324.68470653942,327.346970065067,2114344.0
2008-04-22,322.071973497972,331.235113074616,321.595242587566,322.858269934616,2872718.0
2008-04-23,323.434061813419,325.910586023323,317.985708551631,319.174440172385,3176219.0
2008-04-24,321.948147287477,321.948147287477,316.543133199362,319.799762535385,3303999.0
2008-04-25,320.709885182525,326.158238444313,317.24275128866,324.981889444609,3370534.0
2008-04-28,325.786759812827,327.52032675976,319.787379914336,320.883241877218,2041983.0
2008-04-29,319.471623077573,331.235113074616,319.471623077573,329.371528606663,2486561.0
2008-04-30,328.139457812236,331.235113074616,322.765400276745,323.743627339657,2737552.0
2008-05-02,374.698112958425,374.698112958425,325.539107391837,331.204156521992,2409509.0
2008-05-05,331.247495695665,335.445204231452,328.139457812236,330.516921053743,2103808.0
2008-05-06,321.948147287477,332.101896548082,321.948147287477,328.139457812236,2103076.0
2008-05-07,334.330768336995,334.330768336995,324.919976339361,332.962488711023,2549324.0
2008-05-08,331.854244127091,332.597201390063,328.461405959523,330.275459943278,1894271.0
2008-05-09,330.058764074911,331.067947690447,310.80378834291,313.082190616022,3507684.0
2008-05-12,310.93380586393,317.5027863307,306.729906017619,316.233567673124,2761164.0
2008-05-13,321.948147287477,321.948147287477,308.079611712016,309.701735069503,2600800.0
2008-05-14,312.042050447862,316.382159125718,307.119958580679,313.373182210685,2009835.0
2008-05-15,313.39175614226,325.997264370669,313.373182210685,324.789958818341,2500502.0
2008-05-16,325.786759812827,327.891805391246,322.319625918962,326.368743002155,1933723.0
2008-05-20,325.043802549856,326.282064654808,318.728665814602,322.313434608438,1777614.0
2008-05-21,319.471623077573,331.235113074616,315.787793315341,330.331181738001,3334889.0
2008-05-22,326.282064654808,328.139457812236,321.576668655991,325.173820070876,2387252.0
2008-05-23,325.662933602332,326.901195707284,315.756836762718,316.524559267788,2063402.0
2008-05-26,314.518574657766,316.357393883619,309.825561279998,311.497215121683,2662132.0
2008-05-27,316.995098867669,320.685119940426,307.089002028055,308.958777806532,1747866.0
2008-05-28,310.184657290434,313.89944360529,305.974566133598,312.3516159741,2157344.0
2008-05-29,316.431689609916,316.431689609916,302.755084660723,304.946808586488,4122995.0
2008-05-30,309.429317406414,309.429317406414,295.975599636112,297.616296925173,3588787.0
2008-06-02,300.650039082305,302.135953608247,289.753332558729,292.081265316039,2742514.0
2008-06-03,290.991594663681,300.26617782977,286.410024875359,298.006349488233,3612031.0
2008-06-04,298.297341082897,302.631258450228,282.942890981494,285.667067612388,3894687.0
2008-06-05,290.991594663681,290.991594663681,269.322007827024,278.212729740578,7716138.0
2008-06-06,284.676457928427,284.676457928427,273.903577615346,277.184972193468,4965105.0
2008-06-09,270.18879130049,274.81989157301,261.397130355332,267.798945437933,5229890.0
2008-06-10,278.608973614163,278.608973614163,265.607221512168,272.139054115789,4559201.0
2008-06-11,282.323759929018,282.323759929018,273.655925194355,280.020592413808,4785355.0
2008-06-12,278.615164924687,284.181153086446,267.012649001289,281.989429160681,5237223.0
2008-06-13,283.190543402484,284.787901517872,276.751580456735,281.135028308264,3499671.0
2008-06-16,290.991594663681,290.991594663681,280.119653382204,282.614751523682,3163129.0
2008-06-17,282.329951239543,289.753332558729,279.847235719114,288.874166464213,2493500.0
2008-06-18,290.991594663681,290.991594663681,282.323759929018,283.202926023534,2881337.0
2008-06-19,279.704835577045,281.091689134591,276.163405956883,278.379895124747,2036997.0
2008-06-20,279.853427029639,279.853427029639,256.976534640654,259.935981071489,5356849.0
2008-06-23,257.558517829981,257.917613840417,245.466888375127,250.834754600093,5456421.0
2008-06-24,253.22460046265,264.121306986226,249.509814147794,255.416324388415,5989228.0
2008-06-25,242.235024281202,265.978700143654,242.235024281202,264.492785617712,4179505.0
2008-06-26,265.607221512168,279.834853098065,264.492785617712,277.314989714488,9536641.0
2008-06-27,269.445834037519,278.361321193172,264.39991595984,270.269278337312,6517499.0
2008-06-30,269.9411388795,274.510326046772,257.310865408991,259.434484918983,6026649.0
2008-07-01,261.273304144837,266.102526354149,250.915241636915,253.119348183729,5926354.0
2008-07-02,252.568321547026,270.312617510985,246.414158885415,265.483395301673,6945445.0
2008-07-03,263.749828354741,263.749828354741,250.822371979043,256.332638346079,4915980.0
2008-07-04,256.326447035554,263.898419807335,253.849922825651,259.775006997845,4070364.0
2008-07-07,258.802971245458,262.511566249789,247.280942358881,251.144320126331,3720988.0
2008-07-08,247.404768569376,249.75127525826,239.021734118852,245.107792364691,4810596.0
2008-07-09,247.652420990367,259.409719676884,247.652420990367,257.453265551061,3520252.0
2008-07-10,257.174656577446,258.146692329834,251.565329242015,253.428913709967,2878942.0
2008-07-11,254.339036357107,256.184046893485,246.661811306405,249.646022979339,3350305.0
2008-07-14,247.652420990367,256.939386777505,246.414158885415,253.032669836382,3713341.0
2008-07-15,248.271552042843,253.447487641541,243.689982254521,244.853948633176,4765338.0
2008-07-16,246.432732816989,250.748076252746,237.746324150752,240.656240097389,3876668.0
2008-07-17,252.357816989184,253.187452599501,243.330886244085,249.949397195052,3088057.0
2008-07-18,246.414158885415,263.378349723255,246.414158885415,261.669548018421,3849669.0
2008-07-21,266.102526354149,267.990876064201,259.174449876944,266.579257264556,2975966.0
2008-07-22,263.130697302265,272.293836878908,263.130697302265,266.492578917209,2853219.0
2008-07-23,268.702876774548,282.199933718523,268.702876774548,280.751167055729,5049840.0
2008-07-24,279.834853098065,288.515070453777,279.834853098065,285.797085133408,3331358.0
2008-07-25,289.561401932462,289.561401932462,264.368959407216,265.867256554208,7129220.0
2008-07-28,266.232543875169,271.055574773956,260.777999302856,269.92875625845,3383436.0
2008-07-29,264.963325217593,267.334597148576,256.939386777505,257.942379082516,3553556.0
2008-07-30,264.740438038702,269.198181616529,260.04123335041,268.14565882732,2096377.0
2008-07-31,274.250291004732,274.894187299307,266.876440169744,273.346359668117,3253164.0
2008-08-01,268.709068085073,286.410024875359,266.59783119613,284.503101233733,3774513.0
2008-08-04,290.966829421582,290.966829421582,276.454397551546,277.667894414399,4096186.0
2008-08-05,279.432417913956,283.066717191989,273.036794141879,281.834646397562,4797583.0
2008-08-06,283.56202203397,290.867768453186,283.079099813039,284.626927444229,4163954.0
2008-08-07,284.552631717931,286.89294709629,279.878192271738,281.407445971354,2806584.0
2008-08-08,278.571825751014,282.819064770999,276.262466925279,278.831860793054,3303349.0
2008-08-11,278.751373756232,289.258027716748,278.751373756232,287.926895953925,2927085.0
2008-08-12,289.753332558729,294.025336820813,286.670059917399,290.651072584819,3758158.0
2008-08-13,288.490305211678,294.211076136556,285.710406786061,289.363279995669,3252519.0
2008-08-14,289.258027716748,290.372463611205,280.014401103283,281.915133434384,2397678.0
2008-08-18,283.56202203397,283.56202203397,273.680690436454,275.488553109684,2513403.0
2008-08-19,275.513318351783,276.62775424624,271.848062521126,274.844656815109,2077098.0
2008-08-20,274.894187299307,279.847235719114,274.584621773069,278.157007945855,2273633.0
2008-08-21,280.002018482233,280.002018482233,272.733419926166,273.984064652167,1954673.0
2008-08-22,272.355749984156,279.834853098065,272.306219499958,277.965077319588,2294686.0
2008-08-25,273.080133315553,282.942890981494,273.080133315553,276.380101825249,1391259.0
2008-08-26,274.770361088812,274.770361088812,265.811534759485,269.860651842678,3475808.0
2008-08-27,272.405280468354,272.405280468354,264.988090459692,265.978700143654,3693248.0
2008-08-28,268.455224353558,268.455224353558,254.190444904512,256.42550800395,4800181.0
2008-08-29,264.988090459692,265.966317522604,259.91121582939,264.517550859811,2517428.0
2008-09-01,262.511566249789,268.139467516795,260.406520671371,265.192403707009,2288933.0
2008-09-02,264.988090459692,275.513318351783,263.130697302265,273.996447273217,2521424.0
2008-09-04,278.608973614163,278.608973614163,263.997480775731,266.504961538258,2663348.0
2008-09-05,260.654173092361,260.654173092361,255.701124672554,257.669961419427,3225044.0
2008-09-08,271.179400984452,271.179400984452,263.130697302265,264.146072228325,2868523.0
2008-09-09,265.607221512168,267.340788459101,258.369579508725,265.303847296455,1970535.0
2008-09-10,263.743637044216,264.331811544068,256.56790814602,257.886657287794,3817866.0
2008-09-11,256.32025572503,256.32025572503,245.454505754077,247.330472843079,5691958.0
2008-09-12,251.237189784202,252.605469410174,237.709176287604,239.312725713516,6817991.0
2008-09-15,233.994389972748,235.269799940848,225.766138285343,233.653867893886,5023992.0
2008-09-16,222.88717889133,239.60371730818,222.88717889133,238.743125145238,4476452.0
2008-09-17,242.699372570559,242.699372570559,228.892750100346,232.378457925786,4034391.0
2008-09-18,223.13483131232,241.213458044617,218.553261523999,240.006152492289,8745924.0
2008-09-19,245.299722990958,256.561716835495,242.699372570559,254.475245188651,5157010.0
2008-09-22,260.035042039885,261.273304144837,249.670788221438,252.494025820728,5798887.0
2008-09-23,247.652420990367,259.589267682102,247.652420990367,248.451100048061,5184886.0
2008-09-24,246.42035019594,255.694933362029,246.42035019594,253.360809294195,5464106.0
2008-09-25,252.741678241719,255.044845756929,246.7856375169,250.834754600093,4918882.0
2008-09-26,249.88129277928,251.986338357698,242.228832970678,243.095616444144,3470456.0
2008-09-29,244.556765727987,245.175896780463,232.91710194144,239.337490955615,6063788.0
2008-09-30,234.019155214847,245.795027832939,223.555840428004,241.380623428786,6794615.0
2008-10-01,242.699372570559,243.070851202045,233.220476157153,236.099435551166,3475963.0
2008-10-03,242.575546360064,242.575546360064,216.157224350917,218.113678476741,10688459.0
2008-10-06,214.095517946172,216.572042156076,202.158671254436,203.273107148893,6053146.0
2008-10-07,205.693909564074,211.990472367754,199.793590633978,207.365563405759,6456317.0
2008-10-08,201.836723107149,206.282084063926,186.841369016182,204.133699311835,7673196.0
2008-10-10,198.084788929145,198.084788929145,182.891312901386,189.156919152442,8394546.0
2008-10-13,192.921235951496,197.378979529322,191.955391509633,194.580507172131,4466997.0
2008-10-14,201.217592054673,206.542119105966,199.360198897245,200.728478523217,4625862.0
2008-10-15,196.889865997866,198.084788929145,186.537994800469,188.240605194778,5172738.0
2008-10-16,179.548005218016,181.405398375444,164.069728906118,172.35989369877,10250021.0
2008-10-17,173.356694693257,178.309743113064,159.339567665202,161.723222217234,7155727.0
2008-10-20,164.682668648069,170.880170483353,158.62137564433,163.562041443088,7029875.0
2008-10-21,167.165384168498,176.452349955636,163.883989590375,172.731372330256,6723686.0
2008-10-22,169.957665215164,170.081491425659,161.655117801462,163.054353980057,4467280.0
2008-10-23,157.383113539378,160.590212391203,148.021852025942,150.77698520946,7147612.0
2008-10-24,148.59145259422,149.804949457073,122.587948390232,126.240821599839,9257453.0
2008-10-27,127.188092110128,134.97056943975,115.158375760521,133.360828703313,9895825.0
2008-10-28,144.876666279365,144.876666279365,138.685355754605,142.771620700946,1550317.0
2008-10-29,148.59145259422,150.807941762084,142.276315858966,148.808148462587,7771683.0
2008-10-31,156.633964965882,172.731372330256,152.968709135225,170.3167612256,10466939.0
2008-11-03,178.185916902569,180.167136270492,172.997598682821,178.520247670906,7050582.0
2008-11-04,179.548005218016,181.281572164948,170.285804672976,179.746127154808,6263438.0
2008-11-05,186.38321203735,186.38321203735,153.333996456186,157.141652428912,11704998.0
2008-11-06,148.554304731072,152.677717540561,143.180247195581,144.944770695137,9580735.0
2008-11-07,145.24814491085,153.519735771928,142.561116143105,151.160846461995,7157451.0
2008-11-10,154.819910982128,162.057552985571,152.925369961551,161.357934896273,4959086.0
2008-11-11,158.509932054884,159.735811538787,147.854686641774,149.544914415033,6816077.0
2008-11-12,148.59145259422,149.408705583488,141.477636801272,143.910821837502,8267191.999999999
2008-11-14,147.278894762971,147.972321541744,134.642429981938,141.997706885352,11272905.0
2008-11-17,142.400142069461,144.864283658315,133.527994087481,141.335236659202,7437912.0
2008-11-18,136.462675276217,142.647794490451,132.53738440352,141.155688653984,7351488.0
2008-11-19,142.55492483258,151.29705529354,138.066224702129,140.22699207527,10156564.0
2008-11-20,134.351438387274,136.085005334207,128.779258914991,130.766669593438,7752644.0
2008-11-21,131.87491417737,143.143099332432,127.801031852079,139.223999770259,8694181.0
2008-11-24,145.687727958108,145.687727958108,133.113176282322,141.756245774886,7481339.0
2008-11-25,144.876666279365,147.204599036674,130.141347230438,132.716932408738,7571705.0
2008-11-26,132.079227424687,142.028663437975,132.079227424687,141.025671132964,8489033.0
2008-11-28,138.685355754605,144.839518416216,135.094395650245,140.474644496261,7291509.0
2008-12-01,139.34163467023,146.114928384316,135.979753055286,137.372797923356,6362857.0
2008-12-02,132.494045229846,134.19046431363,126.921865757563,132.983158761302,7197583.0
2008-12-03,136.276935960474,137.942398491634,130.017521019943,132.382601640401,6566724.0
2008-12-04,134.227612176779,144.876666279365,130.029903640992,143.526960584967,9266428.0
2008-12-05,145.49579733184,146.362580805307,136.580310176187,138.388172849417,6679613.0
2008-12-08,142.67255973255,145.458649468692,137.075615018168,138.505807749387,6965801.0
2008-12-10,142.239167995817,152.801543751056,140.790401333023,151.959525519689,7518930.0
2008-12-11,154.782763118979,160.689273359599,147.761816983902,155.897199013436,9088095.0
2008-12-12,153.544501014027,163.945902695623,149.365366409815,161.853239738254,9928592.0
2008-12-15,167.041557958002,168.279820062954,157.531704991972,165.995226479318,9859348.0
2008-12-16,167.165384168498,172.960450819672,164.15021594294,171.932693272562,7748498.0
2008-12-17,172.118432588305,174.223478166723,164.701242579643,167.338740863191,8838463.0
2008-12-18,165.927122063546,169.889560799392,158.813306270597,168.527472483945,10705844.0
2008-12-19,168.434602826073,170.570604957115,163.76016337988,167.326358242141,8237002.0
2008-12-22,161.593204696214,167.462567073686,158.37372322334,159.184784902083,4876273.0
2008-12-23,158.62137564433,158.62137564433,154.336988761197,155.990068671307,3848915.0
2008-12-24,154.906589329474,155.649546592445,152.32481284065,153.792153435018,4105712.0
2008-12-26,154.782763118979,157.878418381359,149.086757436201,149.848288630746,3172515.0
2008-12-29,148.59145259422,155.024224229445,147.105538068278,154.324606140147,5854190.0
2008-12-30,156.027216534456,157.630765960368,152.077160419659,154.844676224227,4507295.0
2008-12-31,155.27806796096,156.726834623754,150.572671962143,152.646760987937,4931305.0
2009-01-01,153.544501014027,156.392503855417,152.937752582601,155.358554997782,2856335.0
2009-01-02,155.983877360783,160.961691022689,155.03041553997,159.290037181004,4961862.0
2009-01-05,160.850247433243,170.508691851868,160.367325212312,169.128029604846,5506969.0
2009-01-06,168.403646273449,172.118432588305,164.843642721713,169.753351967847,6029600.0
2009-01-07,169.518082167906,171.623127746324,145.49579733184,148.684322252091,8500550.0
2009-01-09,149.829714699172,149.829714699172,135.422535108057,142.80257725357,9488130.0
2009-01-12,141.124732101361,141.781011016985,134.351438387274,135.948796502662,7364584.0
2009-01-13,135.552552629077,141.90483722748,131.87491417737,133.428933119085,6580241.0
2009-01-14,135.106778271295,150.820324383133,135.106778271295,146.083971831693,6550391.0
2009-01-15,141.3847671434,143.632212863888,137.137528123416,141.452871559173,6273731.0
2009-01-16,142.523968279956,152.430065119571,141.14949734346,150.739837346311,6661824.0
2009-01-19,151.637577372402,154.776571808454,149.582062278182,152.293856288026,4245780.0
2009-01-20,150.671732930539,150.671732930539,144.629013858374,146.566894052624,4647100.0
2009-01-21,143.638404174413,146.474024394752,137.447093649654,138.666781823031,4967385.0
2009-01-22,142.387759448411,143.000699190363,137.087997639217,140.703722985677,6995099.0
2009-01-23,148.34380017323,165.30799101107,138.685355754605,143.161673264006,8108608.0
2009-01-27,146.857885647287,152.733439335284,144.876666279365,151.80474275657,4483385.0
2009-01-28,154.535110697989,159.735811538787,151.860464551293,157.754592170864,4592859.0
2009-01-29,159.116680486311,160.354942591262,153.699283777146,157.271669949932,6343343.0
2009-01-30,153.296848593037,164.78792092699,153.296848593037,163.896372211425,5559302.0
2009-02-02,159.735811538787,167.512097557884,157.698870376141,158.497549433835,5365466.0
2009-02-03,159.735811538787,165.270843147921,157.636957270893,161.741796148809,6910891.0
2009-02-04,162.831466801166,165.617556537308,160.367325212312,161.902770222452,3966740.0
2009-02-05,164.565033748099,164.565033748099,157.401687470952,159.587220086192,4106585.0
2009-02-06,160.974073643738,167.165384168498,160.42923831756,166.527679184447,4341063.0
2009-02-09,167.784515220973,173.232868482762,166.050948274041,172.081284725156,4437777.0
2009-02-10,171.98222375676,175.102644261239,169.932899973065,173.598155803722,6796751.0
2009-02-11,169.022777325925,172.031754240958,168.527472483945,171.034953246472,4205287.0
2009-02-12,170.719196409709,170.719196409709,166.58340097917,167.357314794765,3144540.0
2009-02-13,169.270429746916,173.851999535237,168.527472483945,172.415615493493,2904652.0
2009-02-16,171.431197120057,172.991407372296,162.348544580235,163.475363095741,4594188.0
2009-02-17,161.116473785808,161.840857117205,155.79813804504,156.924956560546,3828752.0
2009-02-18,156.887808697397,163.178180190553,153.544501014027,160.373516522837,4574188.0
2009-02-19,159.735811538787,162.088509538195,158.757584475875,160.200159828143,3004383.0
2009-02-20,155.531911692475,158.86902806532,153.736431640295,155.203772234663,3677545.0
2009-02-24,152.925369961551,156.466799581714,148.758617978389,155.185198303089,4570169.0
2009-02-25,156.640156276407,159.240506696806,156.336782060694,156.832086902674,2954972.0
2009-02-26,155.773372802941,160.602595012253,154.943737192623,159.834872507183,3839552.0
2009-02-27,159.661515812489,160.107290170272,154.355562692771,156.770173797427,4810161.0
2009-03-02,152.145264835432,156.479182202763,150.448845751648,151.767594893422,4937991.0
2009-03-03,152.306238909076,155.024224229445,145.49579733184,148.20140003116,5237026.0
2009-03-04,143.06261229561,150.783176519985,143.06261229561,149.965923530717,5976700.0
2009-03-05,149.582062278182,151.067976804124,141.440488938123,142.375376827362,7117449.0
2009-03-06,139.923617859557,145.743449752831,138.103372565278,144.864283658315,4562909.0
2009-03-09,143.762230384908,144.629013858374,140.932801475093,142.81495987462,3346831.0
2009-03-12,146.238754594812,150.39931526745,143.390751753422,148.83910501521,4864919.0
2009-03-13,152.293856288026,160.206351138668,151.810934067095,159.023810828439,4113560.0
2009-03-16,159.023810828439,165.184164800575,157.383113539378,164.391677053405,4526883.0
2009-03-17,164.688859958594,166.298600695031,160.125864101846,160.998838885837,4755486.0
2009-03-18,162.843849422216,168.65129869444,162.843849422216,164.862216653287,4368767.0
2009-03-19,165.679469642555,167.642115078904,163.462980474692,166.632931463368,4341169.0
2009-03-20,165.803295853051,168.3912636524,163.698250274632,165.82806109515,5105940.0
2009-03-23,167.660689010478,179.548005218016,167.660689010478,178.117812486797,4971588.0
2009-03-24,179.554196528541,182.643660480395,178.309743113064,179.851379433729,6896741.0
2009-03-25,179.548005218016,191.806800057039,179.548005218016,189.72651972072,9567684.0
2009-03-26,191.893478404386,195.521586371895,188.587318584164,193.84993253021,8215501.0
2009-03-27,192.425931109515,196.066421698073,190.073233110106,191.775843504415,6744638.0
2009-03-30,188.352048784223,190.073233110106,185.120184690299,187.776256905421,6871088.0
2009-03-31,190.073233110106,192.172087378,187.596708900203,188.804014452531,5714483.0
2009-04-01,188.587318584164,197.378979529322,185.411176284963,195.800195345509,4777855.0
2009-04-02,199.360198897245,208.028033631908,198.400545765908,205.718674806173,5489146.0
2009-04-06,210.504557841812,215.742406545758,203.768411990874,206.987893463749,5259028.0
2009-04-08,203.068793901576,215.333780051124,198.741067844769,213.618787035766,9194966.0
2009-04-09,216.695868366571,218.90616622391,211.154645446911,214.931344867015,5193767.0
2009-04-13,217.927939160998,221.525090575883,213.352560683201,219.611975623732,3804850.0
2009-04-15,216.695868366571,227.803079447989,214.609396719727,226.60815651671,6047211.0
2009-04-16,224.261649827827,227.840227311137,212.776768804398,214.838475209143,6619758.0
2009-04-17,216.70825098762,220.491141718248,210.795549436475,212.603412109705,6420246.0
2009-04-20,212.981082051715,217.277851555898,209.055791179018,212.411481483438,4930249.0
2009-04-21,209.885426789336,214.671309824975,208.610016821235,211.259897725832,5002628.0
2009-04-22,212.981082051715,214.590822788153,209.390121947355,212.733429630725,4423560.0
2009-04-23,212.60960342023,219.779141007901,210.009252999831,218.392287450355,4239012.0
2009-04-24,216.695868366571,223.13483131232,213.847865525182,221.506516644309,5475144.0
2009-04-27,221.772742996873,223.753962364796,218.057956682018,221.097890149675,4197673.0
2009-04-28,220.534480891922,221.896569207369,214.343170367162,215.104701561708,4024229.0
2009-04-29,216.819694577066,225.363703101234,216.181989593016,223.661092706925,4271409.0
2009-05-04,229.202315626584,234.650668888372,227.877375174286,233.672441825461,4285511.0
2009-05-05,233.412406783421,234.613521025224,227.344922469157,233.245241399252,4878488.0
2009-05-06,233.907711625401,239.987578560715,230.316751521041,232.979015046688,4881911.0
2009-05-07,229.078489416089,238.353072582179,229.078489416089,237.195297514048,3674123.0
2009-05-08,237.746324150752,239.232238676694,232.174144678469,235.306947803997,3985320.0
2009-05-11,237.622497940257,238.736933834714,229.090872037139,230.514873457833,3757600.0
2009-05-12,229.072298105565,244.606296212185,228.211705942623,242.68698994951,4585587.0
2009-05-13,244.216243649125,244.556765727987,236.01275720382,239.356064887189,5226617.0
2009-05-14,235.548408914463,238.675020729466,232.818040973044,236.37804452478,4047066.0
2009-05-15,237.127193098276,242.699372570559,236.712375293117,241.547788812954,3153527.0
2009-05-18,265.854873933159,313.89944360529,260.189824803004,293.164744657871,52820.0
2009-05-19,303.374215713199,309.565526237958,272.417663089403,276.243892993705,10473822.0
2009-05-20,272.417663089403,278.9433043825,264.517550859811,266.529726780357,6746905.0
2009-05-21,265.607221512168,269.569660248014,260.350798876648,261.948156992036,3977372.0
2009-05-22,260.010276797786,273.309211804969,258.920606145428,270.653139589847,4446371.0
2009-05-25,272.417663089403,274.275056246831,266.721657406625,271.767575484304,3104057.0
2009-05-26,269.953521500549,273.53209898386,263.811741459988,265.322421228029,2484080.0
2009-05-27,268.950529195538,273.036794141879,266.529726780357,270.727435316144,5225093.0
2009-05-28,269.9411388795,278.113668772182,269.9411388795,274.962291715079,4498063.0
2009-05-29,277.965077319588,285.753745959735,274.027403825841,281.320767624007,6396695.0
2009-06-01,288.515070453777,288.515070453777,279.370504808708,282.596177592107,2977383.0
2009-06-02,284.812666759971,285.846615617606,275.395683451813,282.224698960622,3299111.0
2009-06-03,280.008209792758,285.728980717636,275.575231457031,278.101286151132,3438123.0
2009-06-04,275.488553109684,280.943097681997,267.464614669596,280.063931587481,3860237.0
2009-06-05,281.704628876542,282.447586139513,271.179400984452,273.996447273217,4677671.0
2009-06-08,273.28444656287,280.070122898006,269.445834037519,271.674705826432,3778012.0
2009-06-09,270.931748563461,283.685848244465,269.322007827024,281.351724176631,4153933.0
2009-06-10,283.685848244465,289.74094993768,283.085291123563,287.301573590924,3965233.0
2009-06-11,287.276808348825,287.895939401301,282.633325455256,285.202719323031,2541401.0
2009-06-12,286.038546243874,294.582554768041,285.450371744021,292.489891810673,4916730.0
2009-06-15,292.192708905484,292.192708905484,268.120893585221,269.792547426906,7140962.0
2009-06-16,266.226352564644,270.547887310926,263.328819239057,265.402908264851,5128268.0
2009-06-17,263.229758270661,269.693486458509,252.153503741867,254.010896899294,4919878.0
2009-06-18,254.834341199087,256.629821251268,246.426541506464,250.754267563271,6207405.0
2009-06-19,253.22460046265,255.385367835791,244.816800770027,252.791208725917,4851582.0
2009-06-22,253.558931230987,253.843731515126,239.300343092467,241.770675991846,4621154.0
2009-06-23,235.269799940848,251.825364284054,235.269799940848,249.546962010943,5946495.0
2009-06-24,250.748076252746,252.07920801557,244.191478407026,247.94341258503,4710244.0
2009-06-25,247.801012442961,250.624250042251,240.526222576369,242.464102770619,5335839.0
2009-06-26,243.460903765105,252.233990778689,243.06465989152,251.268146336826,3979065.0
2009-06-29,250.871902463242,261.632400155273,248.240595490219,258.425301303448,3726361.0
2009-06-30,260.035042039885,261.18662579749,248.964978821616,250.549954315954,2981288.0
2009-07-01,251.354824684173,258.177648882457,246.166506464425,254.933402167484,3718079.0
2009-07-02,270.312617510985,270.312617510985,247.076629111564,249.057848479487,3850061.0
2009-07-03,247.652420990367,251.998720978748,245.175896780463,251.076215710559,4332698.0
2009-07-06,253.596079094136,254.091383936116,230.446769042061,234.421590398956,5923485.0
2009-07-07,235.393626151344,236.879540677286,226.007599395809,229.753342263288,5835396.0
2009-07-08,229.753342263288,234.031537835897,222.552848122993,226.558626032512,5771172.0
2009-07-09,227.221096258662,232.161762057419,226.614347827235,229.499498531773,3688001.0
2009-07-10,229.449968047575,231.177343683983,216.076737314095,219.810097560525,4201235.0
2009-07-13,216.658720503422,218.986653260732,212.621986041279,216.813503266541,4149470.0
2009-07-14,219.667697418455,225.98283415371,218.677087734494,224.626937148787,3699051.0
2009-07-15,229.078489416089,234.031537835897,223.698240570074,232.335118752113,3173993.0
2009-07-16,235.393626151344,243.739512738719,232.793275730945,239.653247792378,5526846.0
2009-07-17,240.854362034181,243.442329833531,238.402603066377,239.857561039695,3305062.0
2009-07-20,242.699372570559,252.481643199679,241.461110465608,251.775833799856,4118480.0
2009-07-21,258.63580586129,258.63580586129,248.562543637506,249.961779816102,3083413.0
2009-07-22,250.748076252746,254.784810714889,243.021320717847,244.643444075334,3145153.0
2009-07-23,246.414158885415,254.314271115008,246.042680253929,252.797400036442,2965247.0
2009-07-24,253.843731515126,255.998307577742,245.931236664484,249.738892637211,4238518.0
2009-07-27,241.461110465608,247.033289937891,236.093244240641,240.303335397478,6017644.0
2009-07-28,241.089631834122,242.662224707411,233.486702509718,236.210879140612,5756294.0
2009-07-29,235.269799940848,239.975195939665,231.678839836488,239.034116739902,4766525.0
2009-07-30,237.746324150752,238.414985687426,233.907711625401,235.306947803997,3079359.0
2009-07-31,237.127193098276,244.544383106938,236.662844808919,242.129772002282,3491976.0
2009-08-03,243.801425843967,251.491033515717,242.464102770619,249.757466568785,2737892.0
2009-08-04,251.738685936708,254.215210146611,247.961986516605,252.57451285755,3837378.0
2009-08-05,251.986338357698,258.053822671962,251.565329242015,257.112743472199,3804751.0
2009-08-06,253.057435078482,263.130697302265,250.915241636915,253.447487641541,4917080.0
2009-08-07,252.172077673441,255.577298462058,246.438924127514,247.373812016753,3999933.0
2009-08-10,251.422929099945,251.955381805074,244.309113306997,246.178889085474,3013118.0
2009-08-11,246.7856375169,253.60227040466,245.052070569968,247.701951474565,3140057.0
2009-08-12,244.550574417462,247.652420990367,240.63147485529,246.500837232762,3424032.0
2009-08-13,250.748076252746,253.113156873204,247.280942358881,250.6613979054,3031487.0
2009-08-14,250.995728673737,255.577298462058,248.519204463833,252.165886362916,3344427.0
2009-08-17,248.766856884823,248.890683095319,238.365455203228,240.464309471121,3433349.0
2009-08-18,238.204481129584,242.228832970678,237.764898082326,240.37143981325,2973261.0
2009-08-19,240.222848360656,241.448727844558,231.678839836488,233.517659062342,3331420.0
2009-08-20,235.269799940848,238.860760045209,233.851989830679,235.071678004056,2352019.0
2009-08-21,233.783885414906,239.60371730818,231.257830720804,238.83599480311,3010806.0
2009-08-24,242.699372570559,245.287340369909,241.287753770914,244.470087380641,2530517.0
2009-08-25,243.343268865134,251.738685936708,242.148345933856,250.828563289568,3250116.0
2009-08-26,250.878093773766,253.435105020492,249.045465858438,252.624043341748,2513686.0
2009-08-27,251.862512147203,254.958167409583,250.12894520027,252.896461004838,2934592.0
2009-08-28,253.843731515126,257.558517829981,250.816180668519,256.82794318806,2500430.0
2009-08-31,255.577298462058,255.577298462058,247.033289937891,248.283934663892,3604830.0
2009-09-01,250.723311010647,252.853121831164,243.368034107233,245.281149059384,2598213.0
2009-09-02,243.813808465016,247.392385948327,242.699372570559,244.080034817581,2725762.0
2009-09-03,245.175896780463,246.067445496028,238.154950645386,239.0836472241,3022616.0
2009-09-04,239.975195939665,246.909463727396,239.60371730818,245.318296922533,2898625.0
2009-09-07,245.795027832939,248.760665574299,244.74250504373,248.005325690278,2580500.0
2009-09-08,249.509814147794,259.341615261112,248.314891216516,257.013682503803,5949983.0
2009-09-09,256.939386777505,269.260094721776,255.329646041068,268.51094614828,6009262.0
2009-09-10,271.185592294976,277.358328888161,264.071776502028,265.910595727882,4076750.0
2009-09-11,268.083745722072,268.863850848192,260.654173092361,265.093342738613,3585424.0
2009-09-14,264.368959407216,267.35317108015,261.45904346058,264.926177354445,2176986.0
2009-09-15,265.235742880683,270.43644372148,265.235742880683,270.052582468945,2157020.0
2009-09-16,271.922358247423,274.733213225663,267.910389027379,270.43644372148,2215286.0
2009-09-17,270.560269931976,272.417663089403,256.444081935525,258.320049024527,16579451.0
2009-09-18,257.558517829981,261.644782776322,256.951769398555,260.350798876648,2938873.0
2009-09-22,263.588854281097,264.950942596544,258.561510134992,259.78119830837,2629983.0
2009-09-23,259.6635634084,263.130697302265,258.796779934933,260.245546597727,2784741.0
2009-09-24,258.796779934933,263.749828354741,254.834341199087,260.152676939856,4761898.0
2009-09-25,258.10335315616,265.966317522604,256.951769398555,264.368959407216,3566397.0
2009-09-29,265.669134617416,270.139260816292,264.988090459692,268.832894295568,4600745.0
2009-09-30,270.43644372148,274.015021204791,268.083745722072,272.62197633672,4222636.0
2009-10-01,272.405280468354,272.405280468354,266.721657406625,269.241520790202,3010715.0
2009-10-05,267.452232048547,268.950529195538,262.672540323432,264.876646870247,2961545.0
2009-10-06,267.458423359071,267.458423359071,260.282694460875,264.257515817771,3669459.0
2009-10-07,266.164439459397,267.216962248606,258.066205293012,260.196016113529,3100036.0
2009-10-08,272.417663089403,276.813493561982,260.035042039885,262.468227076115,7026835.0
2009-10-09,263.582662970572,263.947950291533,258.796779934933,260.004085487261,3162237.0
2009-10-12,262.511566249789,270.684096142471,262.511566249789,268.585241874577,4496196.0
2009-10-14,269.322007827024,272.108097563165,266.554492022456,270.46120896358,3335821.0
2009-10-15,272.293836878908,275.117074478198,268.083745722072,268.888616090291,3250759.0
2009-10-16,268.702876774548,275.637144562278,267.588440880091,274.739404536188,3357818.0
2009-10-17,282.980038844643,282.980038844643,273.816899267999,275.538083593882,740522.0
2009-10-20,277.989842561687,282.732386423652,269.674912526935,270.504548137253,3161589.0
2009-10-21,269.817312669005,273.53209898386,268.535711390379,270.213556542589,2549442.0
2009-10-22,270.18879130049,270.18879130049,262.635392460284,264.393724649316,2310668.0
2009-10-23,265.755812964763,266.758805269774,252.308286504986,253.515592057314,5039726.0
2009-10-26,253.843731515126,256.072603304039,248.147725832347,249.553153321468,3170009.0
2009-10-27,247.900073411357,248.890683095319,244.556765727987,246.53798509591,3535555.0
2009-10-28,245.801219143464,253.020287215333,245.801219143464,251.881086078777,2949900.0
2009-10-29,247.776247200862,253.088391631105,245.225427264661,247.57812526407,3530103.0
2009-10-30,247.782438511387,251.986338357698,237.993976571742,239.126986397773,4981242.0
2009-11-03,237.752515461277,238.340689961129,223.165787864944,225.184155096016,4898276.0
2009-11-04,229.078489416089,238.736933834714,226.936295974523,237.833002498099,4567661.0
2009-11-05,236.402809766879,241.213458044617,229.202315626584,240.365248502725,3438724.0
2009-11-06,238.984586255704,244.544383106938,238.984586255704,242.389807044321,3498033.0
2009-11-09,244.556765727987,251.614859726213,242.897494507352,250.673780526449,3278186.0
2009-11-10,252.605469410174,260.338416255598,248.271552042843,254.400949462354,6326351.0
2009-11-11,256.072603304039,263.799358838939,252.06682539452,261.768608986818,4183569.0
2009-11-12,263.130697302265,265.731047722664,258.053822671962,260.189824803004,3808929.0
2009-11-13,258.796779934933,263.626002144245,258.066205293012,262.449653144541,2557890.0
2009-11-16,266.102526354149,267.699884469537,263.954141602058,266.672126922427,2067266.0
2009-11-17,267.464614669596,267.675119227438,260.901825513351,264.040819949404,3005633.0
2009-11-18,267.712267090586,267.712267090586,259.304467397963,260.04123335041,3907563.0
2009-11-19,259.880259276766,261.260921523787,256.679351735466,258.029057429863,2313331.0
2009-11-20,257.558517829981,264.362768096692,255.701124672554,262.920192744423,3088581.0
2009-11-23,267.464614669596,273.377316220741,264.127498296751,271.792340726403,5528258.0
2009-11-24,271.427053405442,273.036794141879,268.467606974607,269.594425490113,3472510.0
2009-11-25,270.653139589847,275.624761941229,268.690494153498,271.761384173779,4152810.0
2009-11-26,275.141839720297,275.141839720297,260.852295029153,263.440262828503,5079362.0
2009-11-27,260.035042039885,262.016261407808,250.376597621261,259.032049734874,5821983.0
2009-11-30,263.130697302265,267.192197006507,261.025651723847,263.378349723255,4130831.0
2009-12-01,266.226352564644,272.417663089403,264.294663680919,271.922358247423,2859884.0
2009-12-02,273.717838299603,277.036380740874,270.238321784688,272.529106678849,4727337.0
2009-12-03,273.631159952256,277.370711509211,270.46120896358,272.330984742057,3980841.0
2009-12-04,270.18879130049,274.151230036336,267.538910395893,269.544895005915,3191869.0
2009-12-07,269.445834037519,270.95651380556,260.035042039885,261.273304144837,4725251.0
2009-12-08,262.511566249789,268.566667943003,261.310452007985,267.551293016943,4670917.0
2009-12-09,264.988090459692,266.969309827615,263.044018954918,265.446247438525,2555542.0
2009-12-10,265.904404417357,267.959919511577,263.006871091769,265.433864817475,2958917.0
2009-12-11,267.464614669596,269.445834037519,263.626002144245,265.29765598593,3531678.0
2009-12-14,264.492785617712,268.455224353558,263.25452351276,264.480402996662,3182678.0
2009-12-15,264.492785617712,265.978700143654,259.539737197904,260.43128591347,3354156.0
2009-12-16,260.010276797786,261.273304144837,257.0879782301,259.329232640063,3376882.0
2009-12-17,261.223773660639,261.223773660639,255.081993620078,256.30787310398,3245059.0
2009-12-18,256.32025572503,256.32025572503,248.890683095319,249.546962010943,5025388.0
2009-12-21,247.900073411357,255.28011555687,245.175896780463,251.850129526153,5621862.0
2009-12-22,252.159695052391,254.784810714889,250.450893347558,252.407347473382,3186287.0
2009-12-23,253.843731515126,264.468020375613,252.952182799561,264.047011259929,4903897.0
2009-12-24,266.226352564644,268.405693869359,262.102939755155,266.548300711932,3691064.0
2009-12-29,267.216962248606,269.693486458509,264.988090459692,267.526527774844,2782375.0
2009-12-30,267.415084185398,268.702876774548,264.864264249197,266.486387606684,2121225.0
2009-12-31,268.455224353558,271.427053405442,267.798945437933,270.077347711044,4009836.0
2010-01-04,270.213556542589,270.213556542589,253.063626389006,266.350178775139,17520006.0
2010-01-05,284.775518896823,284.775518896823,263.848889323137,265.161447154386,4890040.0
2010-01-06,267.439849427497,271.055574773956,265.149064533336,269.445834037519,5415538.0
2010-01-07,269.445834037519,276.132449404259,266.969309827615,273.915960236395,5988404.0
2010-01-08,274.398882457326,275.83526649907,271.427053405442,273.197768215523,3453926.0
2010-01-11,281.011202097769,284.725988412625,260.035042039885,267.836093301082,43122135.0
2010-01-12,271.179400984452,281.655098392344,266.721657406625,268.541902700904,7495359.0
2010-01-13,269.445834037519,270.43644372148,264.641377070306,269.594425490113,3511078.0
2010-01-14,268.950529195538,278.559443129965,268.950529195538,277.791720624894,5610718.0
2010-01-15,278.807095550955,282.051342265929,273.668307815405,275.07992661505,4289733.0
2010-01-18,274.151230036336,276.491545414695,270.424061100431,272.293836878908,3239525.0
2010-01-19,272.417663089403,273.915960236395,268.120893585221,268.702876774548,2986363.0
2010-01-20,271.179400984452,271.699471068531,265.483395301673,266.84548361712,4418747.0
2010-01-21,266.226352564644,266.721657406625,260.096955145133,261.038034344896,4254235.0
2010-01-22,257.806170250972,265.235742880683,254.958167409583,260.988503860698,9113512.0
2010-01-25,259.948363692538,261.124712692243,256.741264840713,258.066205293012,3061478.0
2010-01-27,256.072603304039,260.035042039885,252.605469410174,254.475245188651,5678803.0
2010-01-28,257.558517829981,259.155875945369,253.843731515126,256.852708430159,7594324.0
2010-01-29,255.80018564095,260.480816397668,252.134929810292,259.093962840122,5333541.0
2010-02-01,256.939386777505,261.273304144837,256.456464556574,258.895840903329,2773369.0
2010-02-02,260.530346881866,261.607634913174,253.620844336235,254.413332083404,3942831.0
2010-02-03,255.354411283167,259.638798166301,255.354411283167,256.06022068299,3440695.0
2010-02-04,257.063212988001,257.063212988001,251.119554884232,252.394964852332,2737193.0
2010-02-05,241.461110465608,249.571727253042,241.461110465608,243.120381686243,6830723.0
2010-02-06,245.175896780463,247.033289937891,244.036695643907,246.104593359177,647435.0
2010-02-08,243.937634675511,248.729709021675,241.461110465608,246.253184811771,5919146.0
2010-02-09,246.104593359177,247.157116148386,243.368034107233,245.980767148682,3266918.0
2010-02-10,247.627655748268,247.627655748268,243.19467741254,243.96239991761,4174214.0
2010-02-11,244.99015746472,252.555938925976,244.804418148978,251.404355168371,5360299.0
2010-02-15,254.339036357107,254.339036357107,249.534579389894,250.12894520027,3085557.0
2010-02-16,250.153710442369,252.853121831164,248.890683095319,252.048251462946,2301434.0
2010-02-17,253.843731515126,257.013682503803,253.113156873204,255.713507293603,3572783.0
2010-02-18,255.081993620078,257.149891335347,246.414158885415,247.107585664188,4533745.0
2010-02-19,246.414158885415,246.414158885415,241.993563170737,243.491860317729,4058388.0
2010-02-22,246.488454611712,247.652420990367,240.222848360656,242.191685107529,2901188.0
2010-02-23,241.213458044617,243.442329833531,240.222848360656,241.547788812954,2966309.0
2010-02-24,240.222848360656,244.110991370205,239.393212750338,242.402189665371,2854453.0
2010-02-25,242.724137812658,243.937634675511,237.53581959291,238.514046655822,4332580.0
2010-02-26,239.975195939665,246.414158885415,239.294151781942,242.43933752852,5161233.0
2010-03-02,243.937634675511,247.404768569376,242.550781117965,243.491860317729,4162636.0
2010-03-03,244.680591938482,254.586688778097,244.680591938482,253.794201030928,6085791.0
2010-03-04,257.558517829981,257.558517829981,249.63364035829,251.119554884232,4750237.0
2010-03-05,253.100774252155,254.091383936116,248.915448337418,250.079414716072,2691454.0
2010-03-08,252.902652315363,254.339036357107,248.147725832347,248.667795916427,2729580.0
2010-03-09,249.262161726804,250.574719558053,244.692974559532,245.26257512781,3990953.0
2010-03-10,246.414158885415,252.333051747085,245.00254008577,249.819379674032,5670503.0
2010-03-11,250.12894520027,252.605469410174,249.385987937299,251.726303315658,3333605.0
2010-03-12,251.367207305222,255.824950883049,251.119554884232,253.001713283759,5105006.0
2010-03-15,253.100774252155,255.564915841009,250.896667705341,254.599071399147,4144602.0
2010-03-16,255.577298462058,265.433864817475,254.834341199087,264.480402996662,7771535.0
2010-03-17,266.176822080446,268.083745722072,263.947950291533,264.913794733395,4937276.0
2010-03-18,265.978700143654,267.860858543181,263.526941175849,266.709274785575,3495591.0
2010-03-19,267.167431764408,271.550879615937,265.025238322841,270.44882634253,4511717.0
2010-03-22,263.006871091769,272.170010668413,263.006871091769,265.966317522604,4678751.0
2010-03-23,266.956927206566,270.919365942412,266.709274785575,270.287852268886,4572931.0
2010-03-25,271.427053405442,271.674705826432,266.820718375021,270.300234889936,5250073.0
2010-03-26,271.674705826432,275.141839720297,271.2165488476,272.529106678849,4131759.0
2010-03-29,273.333977047068,274.881804678258,270.18879130049,270.758391868768,4628760.0
2010-03-30,271.427053405442,273.829281889049,268.207571932567,269.482981900668,4329090.0
2010-03-31,270.659330900372,271.179400984452,265.31003860698,266.040613248901,4948302.0
2010-04-01,266.969309827615,272.046184457918,266.721657406625,270.44882634253,2861856.0
2010-04-05,271.550879615937,279.760557371768,271.550879615937,278.831860793054,4551762.0
2010-04-06,279.351930877134,280.590192982086,277.420241993409,278.16319925638,2853138.0
2010-04-07,278.608973614163,284.725988412625,278.138434014281,279.772939992817,4621626.0
2010-04-08,280.590192982086,281.456976455552,272.789141720889,274.03978644689,3365528.0
2010-04-09,274.448412941524,280.094888140105,274.448412941524,278.534677887865,3846259.0
2010-04-12,283.56202203397,283.56202203397,278.026990424835,279.19095680349,2902957.0
2010-04-13,279.351930877134,280.837845403076,275.216135446595,277.593598688102,3193600.0
2010-04-15,278.608973614163,281.060732581967,269.210564237578,270.114495574193,5551581.0
2010-04-16,268.975294437637,271.179400984452,265.272890743831,268.517137458805,4158779.0
2010-04-19,267.415084185398,267.415084185398,260.282694460875,262.957340607571,3746293.0
2010-04-20,264.950942596544,267.402701564348,261.112330071193,263.304053996958,3828437.0
2010-04-21,264.988090459692,265.904404417357,259.576885061053,261.050416965946,4385951.0
2010-04-22,260.15886825038,270.906983321362,260.047424660935,266.412091880387,5851352.0
2010-04-23,267.464614669596,271.427053405442,267.464614669596,269.495364521717,5311168.0
2010-04-26,267.464614669596,271.872827763225,263.378349723255,265.29765598593,3806402.0
2010-04-27,263.25452351276,264.492785617712,261.273304144837,262.821131776027,3193352.0
2010-04-28,261.013269102797,261.013269102797,250.624250042251,251.924425252451,9168538.0
2010-04-29,253.596079094136,257.533752587882,252.394964852332,256.332638346079,5359600.0
2010-04-30,257.558517829981,259.341615261112,255.081993620078,255.973542335643,3616419.0
2010-05-03,254.091383936116,255.725889914653,252.134929810292,253.534165988888,2865346.0
2010-05-04,253.645609578334,257.310865408991,250.995728673737,252.890269694313,3965640.0
2010-05-05,250.12894520027,253.48463550469,248.469673979635,252.766443483818,3423392.0
2010-05-06,252.555938925976,253.422722399442,248.643030674328,249.596492495141,5454783.0
2010-05-07,241.708762886598,262.511566249789,241.708762886598,255.775420398851,16472546.0
2010-05-10,260.282694460875,267.959919511577,257.558517829981,267.316023217002,8697783.0
2010-05-11,269.693486458509,269.693486458509,263.341201860106,264.443255133514,6017564.0
2010-05-12,266.486387606684,269.804930047955,263.5145585548,268.195189311518,3496020.0
2010-05-13,263.006871091769,270.783157110867,263.006871091769,265.433864817475,2731043.0
2010-05-14,264.418489891415,265.235742880683,256.32025572503,258.462449166596,4151458.0
2010-05-17,256.245959998732,256.245959998732,249.88129277928,251.751068557757,4711513.0
2010-05-18,252.605469410174,255.936394472495,249.584109874092,252.754060862768,3530511.0
2010-05-19,251.862512147203,252.048251462946,246.438924127514,247.31809022203,5965445.0
2010-05-20,247.900073411357,250.871902463242,246.104593359177,247.640038369317,4246454.0
2010-05-21,245.151131538364,247.615273127218,241.733528128697,246.55036771696,4381347.0
2010-05-24,252.110164568193,259.775006997845,251.726303315658,253.261748325799,5652017.0
2010-05-25,253.843731515126,253.843731515126,243.380416728283,244.098608749155,5770796.0
2010-05-26,246.389393643316,250.12894520027,245.423549201453,249.646022979339,3137663.0
2010-05-27,250.376597621261,254.5123930518,248.048664863951,253.162687357402,6264345.0
2010-05-28,255.069610999028,257.310865408991,251.243381094727,256.728882219664,4008272.0
2010-05-31,255.119141483226,259.6635634084,254.77242809384,258.945371387527,3782780.0
2010-06-01,258.37577081925,258.796779934933,248.667795916427,250.265154031815,4449630.0
2010-06-02,251.367207305222,252.853121831164,248.482056600684,250.38898024231,4509546.0
2010-06-03,252.580704168075,257.063212988001,252.580704168075,255.28011555687,3910363.0
2010-06-04,255.329646041068,256.56790814602,253.2122178416,255.379176525266,3220285.0
2010-06-07,251.367207305222,251.367207305222,247.652420990367,249.571727253042,3086645.0
2010-06-08,250.054649473973,250.797606736944,246.438924127514,246.760872274801,3480569.0
2010-06-09,247.701951474565,251.367207305222,247.652420990367,249.398370558349,3484176.0
2010-06-10,250.12894520027,251.973955736649,249.423135800448,251.453885652569,3191686.0
2010-06-11,253.843731515126,260.245546597727,252.853121831164,259.14349332432,5327604.0
2010-06-14,261.248538902738,264.988090459692,259.812154860994,263.378349723255,3632863.0
2010-06-15,263.799358838939,264.963325217593,260.059807281984,264.02224601783,4341443.0
2010-06-16,264.988090459692,265.644369375317,261.298069386936,262.003878786758,2704841.0
2010-06-17,263.328819239057,266.721657406625,262.090557134105,265.334803849079,4811174.0
2010-06-18,267.514145153794,269.891608395302,260.17125087143,261.112330071193,8749692.0
2010-06-21,262.759218670779,265.409099575376,262.759218670779,263.910802428384,2695660.0
2010-06-22,263.25452351276,266.176822080446,261.756226365768,263.452645449552,2950749.0
2010-06-23,262.437270523492,264.368959407216,261.025651723847,262.189618102501,2665095.0
2010-06-24,262.263913828798,263.947950291533,259.366380503211,260.542729502915,4298567.0
2010-06-25,260.035042039885,264.492785617712,258.301475092953,263.24214089171,4646050.0
2010-06-28,265.978700143654,270.43644372148,263.786976217889,269.978286742648,7194118.0
2010-06-29,270.18879130049,270.18879130049,263.551706417948,264.356576786167,3249076.0
2010-06-30,262.511566249789,270.919365942412,261.892435197313,269.903991016351,6088910.0
2010-07-01,268.455224353558,269.037207542885,264.121306986226,266.535918090882,3042649.0
2010-07-02,266.474004985635,268.442841732508,263.824124081038,264.728055417653,2502708.0
2010-07-05,264.988090459692,265.768195585812,263.180227786463,264.567081344009,1462821.0
2010-07-06,263.873654565236,267.935154269478,263.873654565236,265.953934901555,2115540.0
2010-07-07,265.978700143654,266.176822080446,260.282694460875,260.914208134401,3140408.0
2010-07-08,262.511566249789,264.876646870247,261.335217250085,261.793374228917,2737949.0
2010-07-09,263.489793312701,263.997480775731,260.914208134401,261.929583060461,2965846.0
2010-07-12,262.511566249789,264.480402996662,260.542729502915,261.582869671075,2871831.0
2010-07-13,261.830522092065,266.907396722368,261.830522092065,266.052995869951,3438642.0
2010-07-14,267.464614669596,271.043192152907,264.307046301969,265.099534049138,3650519.0
2010-07-15,265.471012680624,267.687501848487,264.517550859811,265.842491312109,3172106.0
2010-07-16,265.248125501732,265.978700143654,262.511566249789,263.24214089171,2006855.0
2010-07-19,262.041026649907,263.972715533632,260.976121239648,261.533339186877,2242066.0
2010-07-20,261.768608986818,263.972715533632,259.812154860994,260.765616681807,1564673.0
2010-07-21,262.239148586699,263.25452351276,261.434278218481,262.115322376204,2245764.0
2010-07-22,262.115322376204,262.722070807631,259.440676229508,262.263913828798,3629863.0
2010-07-23,263.489793312701,265.210977638584,261.71907850262,262.623009839234,3152167.0
2010-07-26,263.378349723255,264.344194165117,260.096955145133,260.802764544955,2083245.0
2010-07-27,262.22676596565,262.796366533928,260.307459702974,260.901825513351,2773497.0
2010-07-28,263.25452351276,265.892021796307,252.110164568193,252.915034936412,12098248.0
2010-07-29,254.710514988592,254.710514988592,249.63364035829,250.166093063419,10579193.0
2010-07-30,251.354824684173,252.692147757521,249.447901042547,250.042266852924,4398414.0
2010-08-02,251.614859726213,253.051243767957,250.475658589657,251.255763715777,2897730.0
2010-08-03,252.394964852332,255.304880798969,251.119554884232,254.524775672849,4595476.0
2010-08-04,254.586688778097,255.329646041068,250.760458873796,251.627242347262,4187240.0
2010-08-05,252.593086789125,253.521783367838,248.903065716368,249.398370558349,4184906.0
2010-08-06,249.856527537181,250.153710442369,247.280942358881,247.677186232466,4561587.0
2010-08-09,247.652420990367,249.138335516309,245.671201622444,246.067445496028,5086803.0
2010-08-10,245.423549201453,248.246786800744,244.259582822799,244.655826696383,4569314.0
2010-08-11,245.126366296265,246.389393643316,242.724137812658,243.504242938778,5009919.0
2010-08-12,242.699372570559,243.504242938778,240.222848360656,240.866744655231,5694088.0
2010-08-13,240.346674571151,246.116975980226,240.346674571151,242.476485391668,6974575.0
2010-08-16,242.699372570559,245.646436380345,241.461110465608,241.931650065489,3206742.0
2010-08-17,242.699372570559,243.925252054462,240.222848360656,240.383822434299,3380458.0
2010-08-18,240.965805623627,241.956415307588,237.337697656118,238.885525287308,5682424.0
2010-08-19,238.662638108416,243.912869433412,238.662638108416,242.005945791786,4723202.0
2010-08-20,242.005945791786,246.01791501183,240.841979413132,244.841566012126,4799377.0
2010-08-23,245.683584243493,245.683584243493,241.609701918202,241.931650065489,3095800.0
2010-08-24,241.931650065489,242.94702499155,239.554186823982,240.817214171033,4406206.0
2010-08-25,240.222848360656,242.16691986543,239.108412466199,239.678013034477,4256327.0
2010-08-26,240.222848360656,240.965805623627,236.52044466685,236.867158056236,6362576.0
2010-08-27,237.473906487663,237.969211329643,234.415399088432,235.170738972452,5558199.0
2010-08-30,235.789870024928,238.935055771506,234.031537835897,234.762112477818,2722106.0
2010-08-31,233.94485948855,235.257417319799,226.601965206186,227.642105374345,10653128.0
2010-09-01,229.090872037139,233.734354930708,228.087879732128,231.852196531181,6374456.0
2010-09-02,234.031537835897,234.440164330531,231.802666046983,232.161762057419,4045759.0
2010-09-03,232.793275730945,233.189519604529,228.880367479297,229.251846110783,3300811.0
2010-09-06,230.552021320982,237.176723582474,228.409827879415,235.926078856473,7755451.0
2010-09-07,236.5080620458,240.148552634359,236.01275720382,238.31592471903,6487124.0
2010-09-08,236.532827287899,238.910290529407,235.765104782829,237.647263182356,2659076.0
2010-09-09,238.476898792674,239.529421581883,236.557592529998,237.387228140316,2311961.0
2010-09-13,240.718153202636,246.53798509591,239.071264603051,245.795027832939,6280165.0
2010-09-14,246.53798509591,248.395378253338,243.776660601868,244.717739801631,4451190.0
2010-09-15,244.928244359473,252.283521262887,244.928244359473,251.094789642133,7670039.0
2010-09-16,250.64901528435,251.453885652569,246.958994211594,247.739099337713,4238156.0
2010-09-17,248.890683095319,255.428707009464,248.890683095319,254.425714704453,7304408.0
2010-09-20,254.834341199087,258.536744892893,252.877887073263,257.905231219368,6953447.0
2010-09-21,258.053822671962,259.6635634084,253.856114136175,256.357403588178,4880691.0
2010-09-22,256.072603304039,258.474831787646,251.367207305222,252.617852031224,5914047.0
2010-09-23,252.617852031224,253.596079094136,246.661811306405,247.070437801039,5264383.0
2010-09-24,247.652420990367,249.88129277928,245.695966864543,248.061047485001,5181769.0
2010-09-27,249.63364035829,252.580704168075,248.915448337418,250.178475684469,3763708.0
2010-09-28,249.707936084587,250.624250042251,245.918854043434,247.280942358881,4499090.0
2010-09-29,247.652420990367,249.88129277928,246.414158885415,247.404768569376,4066504.0
2010-09-30,248.147725832347,248.147725832347,242.228832970678,244.49485262274,6624729.0
2010-10-01,245.671201622444,250.12894520027,245.175896780463,249.608875116191,4366861.0
2010-10-04,251.354824684173,254.041853451918,251.354824684173,252.073016705045,4837519.0
2010-10-05,251.614859726213,255.52776797786,249.88129277928,253.558931230987,5243466.0
2010-10-06,255.081993620078,259.292084776914,254.326653736057,258.784397313884,6431802.0
2010-10-07,258.784397313884,261.45904346058,255.701124672554,257.34801327214,7211287.0
2010-10-08,259.217789050617,261.223773660639,255.218202451622,259.948363692538,4769466.0
2010-10-11,261.520956565827,265.545308406921,260.802764544955,264.7899685229,5896732.0
2010-10-12,264.492785617712,264.839499007098,259.081580219072,261.421895597431,3195565.0
2010-10-13,261.545721807926,265.978700143654,261.19900841854,265.743430343713,5478523.0
2010-10-14,266.226352564644,267.836093301082,261.075182208045,262.263913828798,5580792.0
2010-10-15,262.511566249789,264.492785617712,256.468847177624,257.645196177328,2652016.0
2010-10-18,258.11573577721,263.737445733691,255.886863988296,259.40352836636,5076676.0
2010-10-19,263.749828354741,264.666142312405,257.372778514239,258.648188482339,4246988.0
2010-10-20,257.409926377387,263.601236902146,257.063212988001,259.89883320834,4167720.0
2010-10-21,260.530346881866,269.40868617437,259.836920103093,267.87324116423,8520014.0
2010-10-22,268.814320363994,270.882218079263,266.065378491001,267.910389027379,4486466.0
2010-10-25,269.445834037519,272.888202689285,268.950529195538,270.027817226846,4118875.0
2010-10-26,270.164026058391,272.652932889344,269.222946858628,272.132862805264,3530281.0
2010-10-27,271.922358247423,274.894187299307,268.269485037815,270.622183037223,5016615.0
2010-10-28,272.269071636809,272.640550268295,266.127291596248,267.959919511577,8271973.0
2010-10-29,269.371538311222,274.200760520534,267.588440880091,271.48896651069,6794099.0
2010-11-01,277.618363930201,278.584208372064,269.755399563757,270.733626626669,6973910.0
2010-11-02,271.278461952848,271.278461952848,265.06238618599,266.189204701496,4654108.0
2010-11-03,267.959919511577,268.678111532449,263.167845165413,263.824124081038,4557947.0
2010-11-04,266.944544585516,274.151230036336,266.226352564644,273.668307815405,5557273.0
2010-11-05,275.884796983269,276.751580456735,272.491958815701,273.829281889049,1458927.0
2010-11-08,275.86003174117,277.12305908822,272.553871920948,275.352344278139,5112060.0
2010-11-09,275.451405246535,277.494537719706,271.73661893168,274.535091288871,3522480.0
2010-11-10,274.076934310039,276.602989004141,272.219541152611,272.962498415582,2719925.0
2010-11-11,273.903577615346,275.33996165709,266.474004985635,267.439849427497,2900734.0
2010-11-12,267.501762532745,269.297242584925,261.768608986818,262.969723228621,4373231.0
2010-11-15,264.26989843882,264.468020375613,257.112743472199,261.19900841854,3676745.0
2010-11-16,262.263913828798,262.263913828798,254.227592767661,255.205819830573,4533561.0
2010-11-18,259.985511555687,259.985511555687,251.119554884232,255.812568261999,5206393.0
2010-11-19,256.56790814602,256.56790814602,244.457704759591,246.723724411653,5674916.0
2010-11-22,248.519204463833,251.726303315658,246.958994211594,250.686163147499,4333195.0
2010-11-23,248.804004747972,248.890683095319,241.461110465608,246.562750338009,7569264.0
2010-11-24,247.404768569376,252.060634083995,244.197669717551,246.674193927455,4503970.0
2010-11-25,248.147725832347,248.395378253338,240.965805623627,242.575546360064,6654697.0
2010-11-26,243.937634675511,245.274957748859,237.325315035068,238.328307340079,7003643.0
2010-11-29,240.099022150161,248.259169421793,238.340689961129,247.256177116782,5350926.0
2010-11-30,247.602890506169,249.806997052983,242.971790233649,244.086226128105,6968054.0
2010-12-01,243.937634675511,247.008524695792,243.45471245458,244.878713875275,4280638.0
2010-12-02,247.404768569376,250.983346052687,246.426541506464,250.413745484409,5676667.0
2010-12-03,251.119554884232,253.596079094136,247.157116148386,249.11357027421,4489664.0
2010-12-06,251.577711863064,255.081993620078,250.871902463242,252.642617273323,4066554.0
2010-12-07,252.605469410174,257.484222103684,252.605469410174,255.267732935821,5119800.0
2010-12-08,253.818966273027,254.524775672849,250.413745484409,252.741678241719,3885305.0
2010-12-09,253.73228792568,256.035455440891,242.389807044321,243.813808465016,7249786.0
2010-12-10,244.383409033294,255.081993620078,242.538398496916,253.571313852037,6064152.0
2010-12-13,253.608461715185,259.044432355924,250.12894520027,257.991909566715,3848074.0
2010-12-14,258.301475092953,262.511566249789,258.053822671962,261.335217250085,4590209.0
2010-12-15,261.025651723847,263.50217593375,256.56790814602,261.000886481748,4899915.0
2010-12-16,261.941965681511,262.511566249789,257.570900451031,261.731461123669,3550077.0
2010-12-20,258.796779934933,264.492785617712,258.697718966537,261.70669588157,3624895.0
2010-12-21,262.48680100769,266.201587322545,262.078174513056,265.768195585812,3677847.0
2010-12-22,265.681517238465,266.226352564644,259.626415545251,261.533339186877,3458953.0
2010-12-23,261.96673092361,263.675532628443,260.15886825038,262.362974797195,3335014.0
2010-12-24,260.777999302856,263.626002144245,260.035042039885,262.437270523492,2160796.0
2010-12-27,262.090557134105,264.690907554504,260.319842324024,261.335217250085,1321679.0
2010-12-28,261.595252292124,262.437270523492,258.11573577721,259.514971955805,2024641.0
2010-12-29,259.614032924201,261.273304144837,259.118728082221,259.688328650499,2556591.0
2010-12-30,260.629407850262,261.45904346058,259.106345461171,260.332224945074,3328572.0
2010-12-31,262.028644028858,264.121306986226,260.827529787054,262.189618102501,2279759.0
2011-01-03,263.749828354741,264.121306986226,260.67893833446,261.421895597431,2379838.0
2011-01-04,262.511566249789,267.439849427497,261.842904713115,266.746422648724,5033831.0
2011-01-05,267.464614669596,269.9411388795,264.988090459692,266.424474501437,5930189.0
2011-01-06,266.969309827615,270.287852268886,266.114908975199,268.851468227142,4974697.0
2011-01-07,267.786562816884,269.383920932271,262.016261407808,263.848889323137,4085949.0
2011-01-10,263.848889323137,265.099534049138,252.902652315363,255.936394472495,4223855.0
2011-01-11,257.558517829981,259.713093892598,247.30570760098,251.057641778984,4833870.0
2011-01-12,252.766443483818,256.481229798673,248.395378253338,255.28011555687,5301987.0
2011-01-13,255.081993620078,257.34801327214,250.40136286336,251.453885652569,5562896.0
2011-01-14,251.131937505281,255.03246313588,247.157116148386,248.023899621852,4368638.0
2011-01-17,248.395378253338,249.63364035829,245.683584243493,247.132350906287,3210798.0
2011-01-18,248.85353523217,249.63364035829,245.175896780463,246.377011022266,3399381.0
2011-01-19,247.553360021971,248.890683095319,241.461110465608,242.736520433708,5369775.0
2011-01-20,242.105006760183,242.105006760183,236.396618456355,240.185700497507,9450384.0
2011-01-21,241.461110465608,245.795027832939,240.965805623627,244.383409033294,4463927.0
2011-01-24,246.438924127514,246.637046064306,238.761699076813,240.61909223424,5084310.0
2011-01-25,241.981180549687,243.925252054462,236.817627572038,237.374845519267,4646080.0
2011-01-27,239.232238676694,239.578952066081,232.793275730945,233.461937267619,6424365.0
2011-01-28,234.031537835897,234.254425014788,223.382483733311,226.106660364205,7738844.0
2011-01-31,225.078902817095,230.031951236902,223.6549013964,227.666870616444,5790572.0
2011-02-01,229.103254658188,229.747150952763,220.05155867099,221.772742996873,8663045.0
2011-02-02,225.363703101234,229.796681436961,224.69504156456,228.162175458425,6506784.0
2011-02-03,229.82144667906,234.650668888372,226.601965206186,233.759120172807,3896824.0
2011-02-04,234.625903646273,234.625903646273,226.143808227353,227.840227311137,4735179.0
2011-02-07,229.251846110783,232.496092825756,226.453373753591,230.0814817211,3334195.0
2011-02-08,231.728370320686,231.728370320686,225.673268627472,226.663878311433,4499736.0
2011-02-09,224.967459227649,232.099848952172,223.791110227945,226.428608511492,8738283.0
2011-02-10,225.98283415371,228.03834924793,219.197157818574,222.800500543983,6479831.0
2011-02-11,222.874796270281,226.601965206186,219.927732460495,225.351320480184,4574486.0
2011-02-14,224.397858659371,227.406835574404,221.426029607487,226.552434721987,6890857.0
2011-02-15,226.453373753591,233.982007351698,225.685651248521,233.214284846628,6232645.0
2011-02-16,232.372266615261,235.467921877641,232.322736131063,233.821033278055,2523913.0
2011-02-17,234.737347235719,236.619505635246,231.864579152231,236.24802700376,3221065.0
2011-02-18,236.76809708784,238.489281413723,230.812056363022,231.691222457538,3599714.0
2011-02-21,231.827431289082,237.969211329643,231.356891689201,236.842392814137,5858555.0
2011-02-22,245.671201622444,249.980353747676,242.513633254817,243.900486812363,20326289.0
2011-02-23,244.284348064898,248.222021558645,243.937634675511,246.575132959059,7128252.0
2011-02-24,246.661811306405,247.30570760098,237.337697656118,238.786464318912,7521221.0
2011-02-25,242.872729265253,243.256590517788,236.396618456355,239.294151781942,3451930.0
2011-02-28,240.272378844854,246.240802190722,237.746324150752,238.798846939961,5140248.0
2011-03-01,241.13916231832,245.844558317137,239.529421581883,244.891096496324,2885282.0
2011-03-03,241.510640949806,243.937634675511,239.752308760774,242.055476275984,4461643.0
2011-03-04,243.850956328165,246.364628401217,242.228832970678,243.244207896738,3524743.0
2011-03-07,241.238223286716,243.516625559828,238.736933834714,241.968797928638,2702156.0
2011-03-08,242.204067728579,245.77026259084,242.204067728579,243.925252054462,2756185.0
2011-03-09,244.853948633176,248.742091642724,239.752308760774,246.129358601276,7422840.0
2011-03-10,245.844558317137,245.918854043434,243.19467741254,243.875721570264,2252418.0
2011-03-11,242.402189665371,246.389393643316,240.755301065785,245.683584243493,3428848.0
2011-03-14,245.906471422385,252.791208725917,245.733114727691,252.19684291554,6585771.0
2011-03-15,247.144733527337,259.935981071489,244.903479117374,256.877473672258,12902924.0
2011-03-16,258.796779934933,261.273304144837,257.0879782301,259.316850019013,4709984.0
2011-03-17,257.385161135288,259.737859134697,254.586688778097,255.29249817792,2830269.0
2011-03-18,256.32025572503,256.32025572503,244.333878549096,245.918854043434,9258050.0
2011-03-21,247.417151190426,247.652420990367,242.971790233649,245.25019250676,3553732.0
2011-03-22,245.931236664484,248.86591785322,245.708349485592,247.56574264302,2238646.0
2011-03-23,247.615273127218,251.775833799856,246.612280822207,250.933815568489,2610417.0
2011-03-24,251.590094484114,253.088391631105,248.60588281118,250.203240926568,2567887.0
2011-03-25,253.571313852037,255.069610999028,250.12894520027,254.23997538871,3518453.0
2011-03-28,254.153297041364,256.654586493367,251.193850610529,254.017088209819,4361259.0
2011-03-29,252.605469410174,255.577298462058,252.506408441778,253.286513567898,4137811.0
2011-03-30,254.462862567602,256.939386777505,253.620844336235,255.701124672554,2801842.0
2011-03-31,256.196429514534,261.248538902738,256.196429514534,259.812154860994,7201048.0
2011-04-01,259.799772239944,263.972715533632,255.329646041068,256.666969114416,4291094.0
2011-04-04,257.558517829981,261.223773660639,254.834341199087,260.196016113529,2997121.0
2011-04-05,260.654173092361,262.263913828798,257.558517829981,259.453058850558,2458823.0
2011-04-06,258.796779934933,261.087564829094,257.558517829981,258.759632071785,2076283.0
2011-04-07,258.809162555983,259.428293608459,256.345020967129,258.029057429863,2323242.0
2011-04-08,258.053822671962,260.257929218776,252.766443483818,253.571313852037,2742024.0
2011-04-11,250.871902463242,252.469260578629,248.556352326982,248.964978821616,2582208.0
2011-04-13,248.110577969199,253.596079094136,246.810402759,253.051243767957,4369725.0
2011-04-15,252.271138641837,253.806583651977,248.890683095319,252.840739210115,3240001.0
2011-04-18,252.407347473382,258.722484208636,247.801012442961,249.918440642429,3381601.0
2011-04-19,248.816387369021,251.973955736649,247.342855464129,250.537571694905,2748246.0
2011-04-20,251.614859726213,255.205819830573,249.683170842488,254.066618694017,2357930.0
2011-04-21,256.270725240832,258.598657998141,255.081993620078,257.707109282576,3413753.0
2011-04-25,251.119554884232,252.853121831164,248.927830958467,249.967971126627,4146270.0
2011-04-26,249.88129277928,249.88129277928,247.04567255894,247.937221274506,4035044.0
2011-04-27,248.890683095319,249.906058021379,242.724137812658,244.210052338601,5648346.0
2011-04-28,245.671201622444,245.918854043434,240.222848360656,240.817214171033,8163236.0
2011-04-29,241.461110465608,244.680591938482,240.544796507943,243.628069149273,3414200.0
2011-05-02,243.665217012422,244.383409033294,238.06827229804,238.922673150456,3110913.0
2011-05-03,239.009351497803,239.578952066081,233.053310772985,233.759120172807,5035348.0
2011-05-04,234.031537835897,236.941453782533,232.793275730945,234.687816751521,2667162.0
2011-05-05,234.031537835897,238.625490245268,233.69720706756,235.257417319799,4476339.0
2011-05-06,236.01275720382,237.746324150752,235.046912761957,236.52044466685,2952486.0
2011-05-09,237.746324150752,239.244621297744,235.616513330235,237.572967456059,1831616.0
2011-05-10,237.572967456059,238.712168592614,234.415399088432,235.455539256591,1861439.0
2011-05-11,236.26040962481,237.350080277167,233.660059204411,236.619505635246,1873699.0
2011-05-12,235.641278572334,236.446148940553,233.040928151935,234.155364046392,2107305.0
2011-05-13,234.093450941144,238.241628992733,232.285588267915,234.774495098868,3178684.0
2011-05-16,235.269799940848,235.616513330235,233.17713698348,234.031537835897,1601945.0
2011-05-17,234.19251190954,234.477312193679,227.159183153414,228.001201384781,3973699.0
2011-05-18,227.840227311137,228.79368913195,222.478552396696,223.345335870162,5672247.0
2011-05-19,224.967459227649,228.335532153118,224.063527891034,226.725791416681,4131089.0
2011-05-20,227.456366058602,229.276611352882,225.437998827531,228.632715058307,3171245.0
2011-05-23,227.592574890147,228.335532153118,223.704431880598,225.21511164864,3391416.0
2011-05-24,224.373093417272,228.063114490029,224.373093417272,226.787704521928,2538967.0
2011-05-25,226.379078027294,226.379078027294,223.13483131232,224.373093417272,2997245.0
2011-05-26,226.007599395809,232.013170604825,225.636120764323,231.270213341854,6857905.0
2011-05-27,231.332126447102,235.98799196172,231.332126447102,234.142981425342,3459497.0
2011-05-30,235.009764898809,236.01275720382,231.36927431025,232.508475446806,1729109.0
2011-05-31,234.031537835897,236.730949224692,232.124614194271,235.727956919681,3219213.0
2011-06-01,235.765104782829,237.411993382415,233.69720706756,234.477312193679,1838452.0
2011-06-02,231.938874878528,236.433766319503,231.938874878528,235.529834982888,2152963.0
2011-06-03,237.870150361247,239.479891097685,230.688230152527,231.455952657597,4368279.0
2011-06-06,231.468335278646,232.991397667737,229.858594542209,232.236057783716,1405741.0
2011-06-07,231.195917615557,237.746324150752,231.195917615557,237.312932414019,4025919.0
2011-06-08,236.569975151048,236.743331845741,233.771502793857,235.071678004056,3247038.0
2011-06-09,234.650668888372,237.213871445623,234.526842677877,236.26040962481,2092020.0
2011-06-10,236.532827287899,236.755714466791,230.824438984071,233.907711625401,2530136.0
2011-06-13,233.598146099163,233.598146099163,228.087879732128,229.227080868683,2954066.0
2011-06-14,229.152785142386,230.750143257774,225.363703101234,225.698033869571,4335560.0
2011-06-15,225.859007943214,227.567809648048,222.540465501944,223.023387722875,4607486.0
2011-06-16,223.13483131232,223.13483131232,218.949505397583,219.80390625,5707528.0
2011-06-17,220.732602828714,221.227907670695,214.268874640865,215.148040735381,5035618.0
2011-06-20,216.695868366571,216.695868366571,205.080969822123,206.356379790223,6926078.0
2011-06-21,208.003268389809,211.742819946764,207.359372095234,210.170227073475,3980489.0
2011-06-22,211.334193452129,212.522925072883,206.579266969114,209.464417673652,4596259.0
2011-06-23,209.650156989395,216.126267798293,209.489182915751,215.581432472114,4734842.0
2011-06-24,216.485363808729,217.859834745226,211.891411399358,215.804319651006,7239303.0
2011-06-27,214.640353272351,218.379904829305,213.439239030548,215.841467514154,3280025.0
2011-06-28,217.661712808433,217.661712808433,213.476386893696,215.730023924708,2336039.0
2011-06-29,216.869225061264,219.915349839446,215.977676345699,219.234305681722,2841435.0
2011-06-30,220.088706534139,223.382483733311,219.667697418455,222.515700259845,4970476.0
2011-07-01,224.620745838263,224.620745838263,212.163829062447,213.464004272647,6555284.0
2011-07-04,216.547276913977,217.785539018929,214.219344156667,215.061362388034,3771511.0
2011-07-05,215.284249566926,215.284249566926,209.01864331587,209.501565536801,7727430.0
2011-07-06,210.219757557673,212.60960342023,208.201390326601,211.222749862684,6143838.0
2011-07-07,212.485777209735,216.671103124472,211.804733052011,215.630962956312,4603204.0
2011-07-08,216.20056352459,216.448215945581,210.999862683792,211.705672083615,4785969.0
2011-07-11,211.495167525773,212.968699430666,209.761600578841,211.32181083108,2194126.0
2011-07-12,209.885426789336,212.33718575714,209.439652431553,209.947339894583,2986757.0
2011-07-13,211.259897725832,215.383310535322,210.776975504901,214.330787746113,3892719.0
2011-07-14,213.798335040984,217.414060387443,212.820107978072,214.850857830193,3043021.0
2011-07-15,214.888005693341,216.943520787561,214.219344156667,216.250094008788,2332976.0
2011-07-18,215.928145861501,216.423450703482,214.021222219875,214.863240451242,1504709.0
2011-07-19,214.838475209143,218.280843860909,214.466996577658,217.797921639978,2245330.0
2011-07-20,219.420044997465,219.618166934257,215.160423356431,216.993051271759,2555594.0
2011-07-21,216.931138166512,216.931138166512,212.374333620289,213.191586609557,1802647.0
2011-07-22,214.466996577658,217.191173208552,213.600213104191,216.287241871937,3498193.0
2011-07-25,220.905959523407,220.905959523407,217.723625913681,218.639939871345,5007164.0
2011-07-26,219.977262944693,220.447802544575,215.309014809025,215.829084893105,4677273.0
2011-07-27,216.695868366571,216.695868366571,212.770577493874,213.191586609557,3126064.0
2011-07-28,211.742819946764,211.742819946764,206.393527653372,207.371754716284,7154511.0
2011-07-29,208.028033631908,209.823513684088,203.85509033822,205.043821958974,4890181.0
2011-08-01,207.532728789927,207.532728789927,203.409315980438,205.762013979846,3255486.0
2011-08-02,204.944760990578,207.755615968819,202.703506580615,207.359372095234,3787775.0
2011-08-03,204.746639053786,207.086954432145,203.842707717171,204.325629938102,3219680.0
2011-08-04,205.056204580024,205.960135916639,200.610843623247,201.180444191524,3140142.0
2011-08-05,197.998110581798,197.998110581798,192.921235951496,196.14071742437,5994097.0
2011-08-08,192.351635383218,197.230388076728,189.949406899611,193.32986244613,5084300.0
2011-08-09,186.482273005746,192.921235951496,186.482273005746,189.528397783928,7463019.0
2011-08-10,194.493828824785,195.64541258239,189.454102057631,191.373408320306,4056543.0
2011-08-11,190.283737667948,194.394767856388,189.454102057631,191.237199488761,2489305.0
2011-08-12,193.911845635457,193.911845635457,187.720535110698,188.43872713157,3936767.0
2011-08-16,188.215839952679,191.26196473086,186.90328212143,188.005335394837,2580004.0
2011-08-17,188.339666163174,191.78203481494,185.986968163765,186.977577847727,3096352.0
2011-08-18,187.646239384401,188.215839952679,182.5198342699,183.55997443806,3914915.0
2011-08-19,181.046302365008,183.015139111881,178.631691260352,181.417780996493,4663092.0
2011-08-22,181.033919743958,188.17869208953,179.69659667061,187.472882689708,3552807.0
2011-08-23,188.302518300025,191.187669004563,185.120184690299,189.516015162878,4008613.0
2011-08-24,189.20644963664,190.568537952087,187.225230268717,188.537788099966,2968791.0
2011-08-25,188.612083826263,190.444711741592,185.801228848023,186.606099216241,4849218.0
2011-08-26,185.986968163765,187.249995510816,176.328523745141,178.16115166047,4457788.0
2011-08-29,181.058684986057,188.19107471058,180.377640828334,186.989960468776,4186930.0
2011-08-30,189.454102057631,197.205622834629,189.20644963664,193.812784667061,7821448.0
2011-09-02,197.304683803025,201.514774959861,195.509203750845,199.471642486691,7791545.0
2011-09-05,196.759848476846,197.874284371303,193.899463014408,195.360612298251,4567377.0
2011-09-06,193.961376119655,204.437073527548,192.30210489902,203.446463843586,7162305.0
2011-09-07,204.065594896062,208.894817105374,203.991299169765,206.418292895471,7186238.0
2011-09-08,206.418292895471,212.733429630725,201.712896896654,211.111306273238,8065388.0
2011-09-09,211.037010546941,212.621986041279,203.991299169765,204.498986632795,6757863.0
2011-09-12,200.685139349544,203.681733643527,196.945587792589,199.682147044533,4246961.0
2011-09-13,201.390948749366,204.251334211805,197.317066424075,200.660374107445,5806114.0
2011-09-14,201.56430544406,205.489596316757,199.409729381443,204.412308285449,4694876.0
2011-09-15,206.294466684976,207.681320242522,201.477627096713,207.111719674244,4664709.0
2011-09-16,210.504557841812,210.504557841812,203.322637633091,204.474221390696,6128496.0
2011-09-19,204.313247317053,205.341004864163,201.985314559743,203.458846464636,2924971.0
2011-09-20,203.817942475072,211.482784904724,202.158671254436,210.950332199594,4214600.0
2011-09-21,210.727445020703,210.727445020703,206.121109990282,207.433667821531,3892821.0
2011-09-22,204.053212275013,205.031439337925,193.168888372486,194.741481245775,6239874.0
2011-09-23,191.658208604445,196.289308876965,189.231214878739,190.840955615177,8803427.0
2011-09-26,190.49424222579,190.865720857276,185.132567311349,188.017718015886,6217951.0
2011-09-27,191.682973846544,198.295293486987,191.187669004563,197.42851001352,5039564.0
2011-09-28,198.060023687046,199.682147044533,195.422525403498,197.42851001352,5722488.0
2011-09-29,195.769238792885,201.279505159921,194.270941645893,200.028860433919,7203038.0
2011-09-30,198.98872026576,203.793177232973,196.264543634866,200.189834507563,7987653.0
2011-10-03,195.942595487578,198.097171550194,194.184263298547,195.199638224607,4825259.0
2011-10-04,194.159498056448,195.843534519182,189.516015162878,191.088608036167,6000741.0
2011-10-05,191.323877836108,192.648818288406,188.649231689412,189.949406899611,4739596.0
2011-10-07,194.828159593122,200.103156160216,194.382385235339,198.840128813165,4551326.0
2011-10-10,199.174459581502,205.774396600896,199.162076960453,205.365770106262,3393633.0
2011-10-11,206.789771526956,208.374747021295,203.694116264577,204.808552159033,3592510.0
2011-10-12,205.40291796941,210.975097441693,204.573282359092,210.417879494465,3947624.0
2011-10-13,210.504557841812,212.485777209735,208.548103715988,209.736835336742,4195352.0
2011-10-14,208.523338473889,215.383310535322,208.399512263394,214.689883756549,4085035.0
2011-10-17,214.714648998648,215.17280597748,205.836309706143,206.492588621768,5040808.0
2011-10-18,204.313247317053,204.659960706439,200.932791770534,203.050219970002,4182965.0
2011-10-19,204.437073527548,209.26629573686,204.090360138161,208.770990894879,2713867.0
2011-10-20,206.752623663808,208.250920810799,203.570290054081,207.706085484621,2279371.0
2011-10-21,208.028033631908,210.306435905019,205.823927085094,206.975510842699,2364175.0
2011-10-24,210.009252999831,211.495167525773,208.907199726424,209.637774368345,2075894.0
2011-10-25,211.742819946764,218.169400271464,208.560486337037,216.931138166512,5197046.0
2011-10-26,217.686478050532,218.305609103008,215.717641303659,216.349154977184,737231.0
2011-10-28,222.812883165033,223.877788575292,218.949505397583,222.88717889133,5606883.0
2011-10-31,222.391874049349,222.713822196637,216.089119935144,217.327382040096,3628082.0
2011-11-01,215.581432472114,217.562651840037,212.386716241339,213.12967350431,3745221.0
2011-11-02,211.742819946764,218.169400271464,211.742819946764,215.903380619402,3143275.0
2011-11-03,214.900388314391,220.249680607783,213.724039314687,219.395279755366,3666997.0
2011-11-04,224.125440996282,224.125440996282,216.113885177244,217.921747850473,4171957.0
2011-11-08,217.686478050532,219.172392576475,215.086127630134,218.850444429187,2313308.0
2011-11-09,220.423037302476,221.066933597051,213.265882335854,214.206961535618,2666312.0
2011-11-11,212.733429630725,220.113471776238,210.529323083911,219.259070923821,4969253.0
2011-11-14,220.757368070813,221.896569207369,216.20056352459,217.116877482255,3656473.0
2011-11-15,215.705258682609,217.438825629542,212.052385473002,213.340178062151,2262503.0
2011-11-16,212.758194872824,212.758194872824,207.371754716284,210.03401824193,3043186.0
2011-11-17,209.278678357909,210.170227073475,199.669764423483,200.586078381148,5538055.0
2011-11-18,198.196232518591,201.081383223128,194.902455319419,200.127921402315,4958044.0
2011-11-21,198.121936792293,198.121936792293,193.540367003972,194.741481245775,4049501.0
2011-11-22,195.174872982508,199.223990065701,194.803394351022,196.93320517154,4382352.0
2011-11-23,195.620647340291,195.620647340291,187.175699784519,191.53438239395,5419769.0
2011-11-24,191.930626267534,192.673583530505,186.519420868895,191.472469288702,6367715.0
2011-11-25,190.618068436285,191.00192968882,185.986968163765,186.680394942538,3699725.0
2011-11-28,189.454102057631,194.60527241423,188.847353626204,194.109967572249,2522069.0
2011-11-29,193.664193214467,193.664193214467,188.005335394837,189.454102057631,4803440.0
2011-11-30,187.398586963411,193.986141361754,186.507038247845,192.735496635753,4569146.0
2011-12-01,197.874284371303,200.78420031794,196.93320517154,197.874284371303,4714967.0
2011-12-02,197.378979529322,201.836723107149,194.791011729973,201.106148465227,4479880.0
2011-12-05,200.189834507563,201.143296328376,197.713310297659,199.793590633978,3160834.0
2011-12-07,199.855503739226,202.951159001606,198.914424539463,200.548930517999,3514150.0
2011-12-08,198.617241634274,200.028860433919,191.212434246662,192.884088088347,4442697.0
2011-12-09,190.667598920483,190.667598920483,186.407977279449,187.15093454242,5044876.0
2011-12-12,188.352048784223,188.711144794659,179.300352797026,180.167136270492,5097034.0
2011-12-13,179.275587554926,184.748706058814,178.557395534054,183.832392101149,5228468.0
2011-12-14,182.767486690891,186.705160184637,181.628285554335,183.733331132753,5304706.0
2011-12-15,181.256806922849,186.853751637232,179.17652658653,185.776463605924,6611139.0
2011-12-16,185.491663321785,209.167234768464,177.331516050152,178.767900091896,5828713.0
2011-12-19,178.111621176272,183.238026290772,177.108628871261,182.098825154217,4714116.0
2011-12-20,183.683800648555,183.683800648555,175.635096966368,176.687619755577,5550563.0
2011-12-21,180.043310059997,186.668012321489,178.978404649738,185.244010900794,4563405.0
2011-12-22,183.597122301208,188.290135678976,181.529224585939,186.866134258281,4473719.0
2011-12-23,188.215839952679,190.630451057335,183.857157343248,184.84776702721,3511075.0
2011-12-26,185.008741100853,189.404571573432,184.637262469368,188.463492373669,2376469.0
2011-12-27,189.701754478621,190.370416015295,184.58773198517,186.494655626796,3074308.0
2011-12-28,187.646239384401,187.844361321193,182.111207775266,183.027521732931,2829068.0
2011-12-29,181.690198659583,183.015139111881,175.139792124387,176.303758503042,5449524.0
2011-12-30,176.576176166131,178.445951944609,170.632518062363,171.610745125275,6662330.0
2012-01-02,172.564206946088,175.771305797913,170.174361083531,174.978818050744,4299217.0
2012-01-03,176.390436850389,180.018544817898,175.919897250507,179.461326870669,4683491.0
2012-01-04,180.142371028393,181.021537122909,176.662854513478,177.356281292251,4238367.0
2012-01-05,177.071481008112,179.535622596966,171.895545409414,173.232868482762,6619586.0
2012-01-06,172.626120051335,179.300352797026,172.527059082939,177.702994681638,4703147.0
2012-01-07,177.492490123796,178.037325449975,176.650471892429,177.009567902865,460231.0
2012-01-09,176.935272176568,176.935272176568,173.963443124683,174.904522324447,4202878.0
2012-01-10,176.328523745141,183.015139111881,176.328523745141,182.321712333108,4507724.0
2012-01-11,182.742721448792,186.482273005746,181.157745954453,185.305924006042,4842143.0
2012-01-12,185.120184690299,186.469890384697,181.430163617543,182.495069027801,3251624.0
2012-01-13,183.758096374852,185.974585542716,180.315727723086,181.23204168075,4692930.0
2012-01-16,180.773884701918,180.773884701918,176.080871324151,176.563793545082,4067488.0
2012-01-17,177.319133429103,184.352462185229,177.319133429103,183.770478995902,5197636.0
2012-01-18,188.711144794659,195.12534249831,187.732917731748,193.106975267238,9248756.0
2012-01-19,195.397760161399,197.118944487282,193.688958456566,194.568124551082,5483508.0
2012-01-20,195.64541258239,198.121936792293,191.200051625613,196.301691498014,7251864.0
2012-01-23,187.051873574024,193.106975267238,187.027108331925,191.076225415117,6457585.0
2012-01-24,191.831565299138,196.041656455974,190.791425130979,194.0975849512,5095499.0
2012-01-25,195.323464435102,196.883674687342,193.862315151259,195.880682382331,3837205.0
2012-01-27,198.121936792293,205.031439337925,197.874284371303,203.174046180497,5565491.0
2012-01-30,201.56430544406,202.790184927962,196.190247908569,196.821761582094,4829091.0
2012-01-31,199.23637268675,203.273107148893,198.46865018168,202.356793191229,6264462.0
2012-02-01,202.802567549011,206.542119105966,202.084375528139,205.848692327193,3776806.0
2012-02-02,206.789771526956,208.696695168582,204.102742759211,205.365770106262,4901979.0
2012-02-03,205.551509422004,208.028033631908,201.997697180793,207.607024516224,4569209.0
2012-02-06,209.489182915751,210.380731631317,204.090360138161,206.294466684976,3984412.0
2012-02-07,208.523338473889,211.173219378486,206.604032211213,209.154852147414,4815977.0
2012-02-08,209.761600578841,214.14504843037,209.26629573686,212.584838178131,3647626.0
2012-02-09,212.176211683497,212.956316809616,208.671929926483,211.458019662625,4309191.0
2012-02-10,210.591236189158,212.733429630725,207.532728789927,208.832904000127,3417975.0
2012-02-13,208.300451294997,212.683899146527,208.275686052898,210.318818526069,3493699.0
2012-02-14,209.736835336742,212.08953333615,208.770990894879,210.232140178722,3134221.0
2012-02-15,211.544698009971,211.928559262506,206.306849306025,207.19839802159,7182317.0
2012-02-16,205.799161842995,205.799161842995,199.285903170948,201.205209433623,6342577.0
2012-02-17,203.582672675131,204.659960706439,200.647991486395,202.629210854318,8211325.000000001
2012-02-21,202.455854159625,210.194992315574,201.861488349248,208.907199726424,8333665.000000001
2012-02-22,210.009252999831,212.33718575714,205.576274664103,206.393527653372,5748129.0
2012-02-23,206.046814263985,210.479792599713,204.709491190637,207.928972663512,4367293.0
2012-02-24,206.418292895471,208.449042747592,201.712896896654,203.062602591051,4285036.0
2012-02-27,203.520759569883,204.461838769647,189.540780404977,193.527984382922,6348215.0
2012-02-28,195.410142782449,198.20861513964,195.075812014112,197.255153318827,5289418.0
2012-02-29,199.372581518295,205.031439337925,199.149694339403,203.260724527844,6365349.0
2012-03-01,201.04423535998,202.753037064813,198.394354455383,200.833730802138,2962594.0
2012-03-02,202.146288633387,202.57968037012,199.545938212988,201.613835928258,2900087.0
2012-03-03,200.846113423187,201.849105728198,200.846113423187,201.452861854614,118842.0
2012-03-05,201.106148465227,201.589070686159,196.697935371599,197.502805739817,2988613.0
2012-03-06,197.378979529322,200.350808581207,191.682973846544,192.314487520069,8029991.0
2012-03-07,192.314487520069,192.54975732001,185.986968163765,188.661614310461,6446729.0
2012-03-09,192.004921993831,193.06982740409,190.49424222579,191.633443362346,3942927.0
2012-03-12,195.64541258239,198.864894055265,193.094592646189,197.762840781857,3438333.0
2012-03-13,198.97633764471,203.557907433032,198.939189781562,203.062602591051,3684077.0
2012-03-14,205.056204580024,205.551509422004,199.781208012929,201.712896896654,4028509.0
2012-03-15,202.57968037012,203.372168117289,196.487430813757,197.292301181976,4630686.0
2012-03-16,193.168888372486,197.552336224016,190.036085246958,191.27434735191,5753096.0
2012-03-19,193.416540793476,193.911845635457,186.011733405864,187.002343089826,3652448.0
2012-03-20,187.249995510816,189.800815447017,185.813611469072,188.352048784223,2389920.0
2012-03-21,188.215839952679,191.559147636049,187.002343089826,190.209441941651,3248548.0
2012-03-22,189.676989236522,191.051460173018,181.281572164948,182.358860196257,6684658.0
2012-03-23,184.203870732635,185.61548953228,182.79225193299,184.265783837882,6161836.0
2012-03-26,184.228635974734,184.228635974734,180.043310059997,180.811032565067,5288348.0
2012-03-27,182.767486690891,182.965608627683,179.572770460115,181.046302365008,6216251.0
2012-03-28,180.786267322968,182.247416606811,178.433569323559,179.721361912709,4131114.0
2012-03-29,177.814438271083,180.711971596671,177.814438271083,179.461326870669,5480717.0
2012-03-30,180.662441112473,186.482273005746,180.068075302096,185.887907195369,3949204.0
2012-04-02,185.578341669131,185.949820300617,183.027521732931,183.399000364416,2564862.0
2012-04-03,184.31531432208,188.934031973551,184.31531432208,186.407977279449,4003770.0
2012-04-04,184.501053637823,187.472882689708,184.117192385288,184.996358479804,2700412.0
2012-04-09,183.275174153921,185.244010900794,181.801642249028,183.795244238001,2608520.0
2012-04-10,184.748706058814,184.996358479804,182.79225193299,183.919070448496,1913265.0
2012-04-11,183.015139111881,183.015139111881,179.869953365303,180.860563049265,3726842.0
2012-04-12,181.603520312236,184.649645090417,181.603520312236,184.08004452214,2692505.0
2012-04-13,184.761088679863,188.711144794659,182.643660480395,186.12317699531,3249224.0
2012-04-16,185.021123721903,186.593716595192,182.27218184891,185.268776142893,2404246.0
2012-04-17,186.928047363529,186.928047363529,183.349469880218,184.84776702721,3175927.0
2012-04-18,185.739315742775,187.42335220551,183.931453069545,185.392602353389,3428345.0
2012-04-19,186.705160184637,186.705160184637,182.891312901386,183.671418027506,4205746.0
2012-04-20,183.275174153921,183.510443953862,180.290962480987,180.99677188081,3410977.0
2012-04-23,179.758509775858,184.686792953566,179.349883281224,182.346477575207,5053199.0
2012-04-24,183.015139111881,183.386617743367,179.226057070728,182.049294670019,3809316.0
2012-04-25,181.801642249028,183.980983553743,180.303345102037,182.346477575207,3105631.0
2012-04-26,182.544599511999,185.491663321785,181.677816038533,184.513436258873,3469984.0
2012-04-27,183.584739680159,185.033506342953,182.396008059405,183.758096374852,2857701.0
2012-04-30,182.643660480395,185.219245658695,182.643660480395,184.525818879922,2776770.0
2012-05-02,185.219245658695,186.086029132162,183.262791532871,184.141957627387,2861902.0
2012-05-03,182.891312901386,184.364844806279,182.061677291068,182.977991248732,1897162.0
2012-05-04,181.628285554335,183.262791532871,178.805047955045,179.907101228452,3778468.0
2012-05-07,177.071481008112,178.805047955045,174.619722040308,177.244837702805,4591050.0
2012-05-08,177.814438271083,178.037325449975,173.109042272266,175.424592408526,3885415.0
2012-05-09,173.851999535237,175.412209787477,171.140205525393,172.143197830404,3670660.0
2012-05-10,172.675650535533,175.436975029576,171.016379314898,171.907928030463,3391819.0
2012-05-11,171.623127746324,174.099651956228,170.459161367669,172.663267914484,3042510.0
2012-05-14,172.861389851276,174.05012147203,168.044550263013,168.725594420737,4081094.0
2012-05-15,168.155993852459,170.384865641372,166.942496989606,168.812272768083,3696346.0
2012-05-16,167.165384168498,169.097073052222,166.682461947566,167.437801831587,3101760.0
2012-05-17,168.465559378697,170.843022620204,167.858810947271,169.67905624155,3560488.0
2012-05-18,167.635923768379,172.465145977691,167.165384168498,170.521074472917,2363960.0
2012-05-21,170.013387009887,173.53005138795,169.889560799392,172.2422587988,2334127.0
2012-05-22,174.495895829812,174.495895829812,170.570604957115,171.152588146442,2938047.0
2012-05-23,169.691438862599,170.867787862304,168.292202684004,170.100065357233,2583348.0
2012-05-24,171.870780167315,173.356694693257,169.914326041491,172.192728314602,2399818.0
2012-05-25,172.118432588305,172.192728314602,170.521074472917,171.177353388542,3085023.0
2012-05-28,171.375475325334,174.099651956228,171.375475325334,173.765321187891,2575102.0
2012-05-29,173.901530019436,175.783688418962,172.74994626183,173.814851672089,3434316.0
2012-05-30,173.27001634591,175.498888134823,172.155580451453,174.904522324447,3521032.0
2012-05-31,172.613737430286,180.550997523027,168.985629462777,174.743548250803,9024961.0
2012-06-01,175.176939987536,175.697010071616,167.920724052518,169.703821483649,4096569.0
2012-06-04,167.660689010478,172.613737430286,166.769140294913,171.561214641077,3261847.0
2012-06-05,172.366085009295,174.842609219199,172.143197830404,173.988208366782,3036638.0
2012-06-06,174.458747966664,177.814438271083,172.985216061771,177.294368187004,5315222.0
2012-06-07,178.569778155104,181.256806922849,177.38104653435,178.619308639302,6387716.0
2012-06-08,177.814438271083,181.256806922849,176.402819471438,180.711971596671,2907005.0
2012-06-11,181.454928859642,182.371242817306,177.839203513182,178.866961060292,2275396.0
2012-06-12,177.071481008112,179.795657639006,176.922889555518,179.040317754986,2734310.0
2012-06-13,178.866961060292,179.287970175976,176.427584713537,177.3934291554,2274408.0
2012-06-14,177.319133429103,178.507865049856,176.0932539452,177.405811776449,1709717.0
2012-06-15,177.938264481579,180.73673683877,177.938264481579,179.981396954749,2271367.0
2012-06-18,180.872945670314,181.900703217424,176.328523745141,178.037325449975,2293698.0
2012-06-19,177.566785850093,183.114200080277,177.566785850093,182.631277859346,1783875.0
2012-06-20,182.767486690891,183.993366174793,181.529224585939,182.618895238296,2357462.0
2012-06-21,181.776877006929,181.776877006929,175.932279871557,177.987794965777,5168092.0
2012-06-22,176.712384997676,177.046715766013,174.235860787773,176.080871324151,4372864.0
2012-06-25,176.87335907132,179.040317754986,176.328523745141,177.368663913301,2540620.0
2012-06-26,177.690612060588,179.671831428511,176.935272176568,179.17652658653,3676587.0
2012-06-27,179.894718607402,180.687206354572,177.814438271083,178.92887416554,1761932.0
2012-06-28,179.399413765422,180.241431996789,177.480107502746,178.284977870965,2720915.0
2012-06-29,179.572770460115,183.485678711763,179.572770460115,182.730338827742,3833575.0
2012-07-02,182.148355638415,183.460913469664,180.823415186116,182.618895238296,1561673.0
2012-07-03,183.250408911822,183.919070448496,181.108215470255,182.358860196257,2353246.0
2012-07-04,183.262791532871,183.262791532871,180.501467038829,181.838790112177,2136594.0
2012-07-05,182.01214680687,183.857157343248,181.293954785998,182.940843385584,1784218.0
2012-07-06,182.767486690891,182.767486690891,180.662441112473,181.987381564771,2116579.0
2012-07-09,180.538614901977,181.727346522731,179.820422881105,181.23204168075,1782674.0
2012-07-10,181.145363333404,183.758096374852,180.98438925976,183.188495806574,1365637.0
2012-07-11,181.640668175384,182.420773301504,178.805047955045,179.70897929166,2728637.0
2012-07-12,178.780282712946,180.73673683877,177.591551092192,178.606926018253,2301028.0
2012-07-13,178.309743113064,179.919483849501,177.071481008112,177.938264481579,2599717.0
2012-07-16,178.309743113064,179.337500660174,177.083863629162,178.396421460411,1670329.0
2012-07-17,179.498474733818,180.278579859937,177.64108157639,178.14876903942,2605134.0
2012-07-18,177.814438271083,178.767900091896,176.378054229339,177.269602944905,1955014.0
2012-07-19,178.359273597262,180.761502080869,177.814438271083,180.241431996789,2670132.0
2012-07-20,178.879343681342,180.501467038829,177.579168471142,178.966022028689,2836027.0
2012-07-23,177.071481008112,179.746127154808,176.650471892429,178.062090692074,2336356.0
2012-07-24,178.557395534054,180.006162196848,177.90111661843,179.424179007521,1836693.0
2012-07-25,178.40880408146,179.43656162857,176.36567160829,178.124003797321,1999696.0
2012-07-26,178.532630291955,178.532630291955,175.003583292843,175.870366766309,3204015.0
2012-07-27,178.062090692074,179.993779575799,177.356281292251,178.557395534054,3078195.0
2012-07-30,179.052700376035,181.23204168075,178.767900091896,180.687206354572,1591825.0
2012-07-31,181.182511196552,184.773471300913,178.557395534054,184.154340248437,3081258.0
2012-08-01,183.324704638119,185.962202921666,182.916078143485,184.934445374556,3298891.0
2012-08-02,183.782861616951,185.144949932398,182.457921164653,183.151347943426,1822852.0
2012-08-03,182.02452942792,185.244010900794,180.922476154512,183.894305206397,2501572.0
2012-08-06,185.256393521844,195.496821129796,185.256393521844,194.667185519478,8545516.0
2012-08-07,194.667185519478,197.118944487282,192.611670425258,194.0975849512,4496299.0
2012-08-08,194.419533098487,197.874284371303,193.800402046011,195.843534519182,4199284.0
2012-08-09,195.3729949193,197.230388076728,192.339252762168,193.206036235635,2914451.0
2012-08-10,192.586905183159,195.397760161399,191.720121709692,193.688958456566,2440868.0
2012-08-13,193.045062161991,195.64541258239,193.045062161991,195.187255603558,1413458.0
2012-08-14,195.12534249831,198.617241634274,194.902455319419,198.010493202848,3773614.0
2012-08-16,198.629624255324,203.533142190933,197.899049613402,202.121523391288,4944737.0
2012-08-17,202.554915128021,204.288482074954,200.51178265485,202.109140770238,3275638.0
2012-08-21,202.084375528139,204.040829653963,201.168061570475,201.650983791406,2527532.0
2012-08-22,200.400339065405,201.960549317644,199.533555591938,200.053625676018,1999746.0
2012-08-23,200.734669833742,200.945174391584,195.137725119359,196.759848476846,3808432.0
2012-08-24,196.078804319123,196.759848476846,192.846940225199,193.688958456566,3455630.0
2012-08-27,194.654802898428,197.18085759253,194.035671845952,194.989133666765,2092529.0
2012-08-28,194.86530745627,196.611257024252,192.80979236205,195.694943066588,2005624.0
2012-08-29,195.89306500338,197.502805739817,193.243184098783,193.701341077615,2021201.0
2012-08-30,193.106975267238,196.103569561222,190.345650773196,194.010906603853,6227911.0
2012-08-31,193.168888372486,194.258559024844,188.884501489353,189.800815447017,3378863.0
2012-09-03,190.197059320602,190.679981541533,188.228222573728,188.971179836699,2237861.0
2012-09-04,189.194067015591,193.453688656625,188.760675278858,193.06982740409,2001239.0
2012-09-05,191.992539372782,193.156505751437,189.255980120838,190.977164446721,3012632.0
2012-09-06,189.776050204918,191.831565299138,189.20644963664,190.2465898048,1212105.0
2012-09-07,192.846940225199,197.255153318827,192.797409741001,196.078804319123,3159455.0
2012-09-08,196.512196055856,197.874284371303,196.437900329559,197.131327108332,166487.0
2012-09-10,198.121936792293,198.951572402611,195.434908024548,196.15310004542,2006068.0
2012-09-11,195.521586371895,197.094179245183,193.961376119655,195.89306500338,3122198.0
2012-09-12,196.512196055856,198.047641065996,195.509203750845,197.651397192412,1776753.0
2012-09-13,197.651397192412,200.226982370712,196.710317992648,197.911432234452,2669369.0
2012-09-14,201.341418265168,209.439652431553,200.487017412751,208.461425368641,8300472.0
2012-09-17,210.03401824193,218.330374345107,210.03401824193,216.386302840333,9698936.0
2012-09-18,215.507136745817,216.423450703482,210.826505989099,211.891411399358,3953604.0
2012-09-20,208.201390326601,210.083548726128,205.118117685271,206.17064047448,3499635.0
2012-09-21,206.294466684976,211.668524220466,206.046814263985,210.578853568109,8214273.999999999
2012-09-24,210.504557841812,212.436246725537,206.232553579728,207.124102295293,3407033.0
2012-09-25,207.532728789927,209.216765252662,205.613422527252,207.96612052666,3163188.0
2012-09-26,207.532728789927,210.430262115515,206.504971242817,209.204382631612,3807711.0
2012-09-27,209.315826221058,210.009252999831,204.12750800131,205.514361558856,6953585.0
2012-09-28,207.285076368937,209.984487757732,206.628797453313,207.334606853135,3227049.0
2012-10-01,208.028033631908,208.597634200186,205.365770106262,206.418292895471,1991469.0
2012-10-03,206.653562695412,211.358958694229,206.604032211213,209.538713399949,5006639.0
2012-10-04,210.640766673356,212.708664388626,210.28167066292,211.222749862684,2886232.0
2012-10-05,212.956316809616,213.476386893696,168.985629462777,212.436246725537,3592138.0
2012-10-08,211.631376357318,211.631376357318,202.146288633387,202.926393759507,4775793.0
2012-10-09,204.437073527548,204.734256432736,201.366183507267,201.911018833446,2651961.0
2012-10-10,200.846113423187,203.644585780379,199.954564707622,202.084375528139,2144325.0
2012-10-11,202.82733279111,203.570290054081,200.425104307504,203.062602591051,2710338.0
2012-10-12,202.777802306912,204.659960706439,202.096758149189,202.802567549011,2429045.0
2012-10-15,202.82733279111,205.526744179905,202.82733279111,203.830325096121,2555825.0
2012-10-16,207.755615968819,208.015651010859,200.598461002197,201.205209433623,5068137.0
2012-10-17,202.096758149189,202.431088917526,198.505798044828,199.397346760394,4780912.0
2012-10-18,199.917416844474,202.084375528139,197.378979529322,200.920409149485,6080686.0
2012-10-19,200.028860433919,200.722287212692,197.96096271865,198.815363571066,2891282.0
2012-10-22,196.93320517154,202.31964532808,196.066421698073,201.985314559743,3237961.0
2012-10-23,201.465244475663,201.787192622951,199.310668413047,200.586078381148,2170107.0
2012-10-25,200.623226244296,202.753037064813,199.905034223424,200.697521970593,4127449.0
2012-10-26,198.914424539463,199.607851318236,196.177865287519,197.861901750254,1936406.0
2012-10-29,198.703919981621,201.688131654555,198.703919981621,200.895643907386,2511242.0
2012-10-30,200.598461002197,201.04423535998,197.911432234452,198.926807160512,2134370.0
2012-10-31,198.902041918413,199.942182086573,197.626631950313,199.48402510774,2153819.0
2012-11-01,196.883674687342,200.301278097009,195.323464435102,199.880268981325,4201156.0
2012-11-02,201.093765844178,201.81195786505,198.741067844769,200.090773539167,2639614.0
2012-11-05,199.025868128908,200.338425960157,198.580093771126,199.644999181384,1158128.0
2012-11-06,199.112546476255,199.954564707622,197.19324021358,199.471642486691,3531643.0
2012-11-07,198.617241634274,199.434494623542,197.626631950313,198.332441350135,2381384.0
2012-11-08,196.388369845361,197.70092767661,195.583499477142,197.279918560926,2837737.0
2012-11-09,196.475048192707,198.98872026576,194.407150477438,195.063429393062,2421910.0
2012-11-12,194.61765503528,195.496821129796,192.921235951496,194.815776972072,2894127.0
2012-11-13,195.434908024548,196.190247908569,194.010906603853,195.546351613994,765533.0
2012-11-15,195.360612298251,195.360612298251,192.438313730564,194.308089509042,3486440.0
2012-11-16,195.001516287815,196.301691498014,190.940016583573,191.967774130683,3281968.0
2012-11-19,191.992539372782,192.735496635753,188.550170721016,191.757269572841,4737114.0
2012-11-20,193.342245067179,193.342245067179,188.760675278858,189.540780404977,2156459.0
2012-11-21,189.825580689116,191.658208604445,188.488257615768,190.989547067771,1968764.0
2012-11-22,191.447704046603,191.608678120247,188.562553342065,189.664606615472,2397131.0
2012-11-23,189.701754478621,192.128748204327,189.701754478621,191.621060741296,1707395.0
2012-11-26,191.905861025435,193.032679540941,190.940016583573,191.596295499197,1038412.0
2012-11-27,192.425931109515,195.150107740409,191.682973846544,194.852924835221,2470660.0
2012-11-29,194.654802898428,199.112546476255,193.825167288111,197.70092767661,4483489.0
2012-11-30,197.143709729381,200.103156160216,195.64541258239,196.561726540054,4170481.0
2012-12-03,196.883674687342,199.855503739226,195.583499477142,199.112546476255,2359017.0
2012-12-04,199.644999181384,204.486604011746,199.607851318236,204.238951590755,3492574.0
2012-12-05,205.118117685271,207.309841611036,203.223576664695,206.195405716579,3089629.0
2012-12-06,207.025041326897,209.476800294702,203.570290054081,208.993878073771,2636685.0
2012-12-07,208.288068673948,210.430262115515,205.66295301145,206.69071055856,3014740.0
2012-12-10,206.69071055856,207.520346168878,203.384550738339,205.130500306321,1869316.0
2012-12-11,206.046814263985,207.619407137274,201.712896896654,203.08736783315,3715258.0
2012-12-12,204.313247317053,206.740241042758,202.914011138457,206.195405716579,2314044.0
2012-12-13,206.195405716579,208.275686052898,205.650570390401,206.604032211213,2652270.0
2012-12-14,206.665945316461,209.712070094643,205.180030790519,207.842294316165,2045918.0
2012-12-17,206.665945316461,209.117704284266,205.799161842995,206.579266969114,1656401.0
2012-12-18,206.665945316461,207.891824800363,204.560899738043,205.898222811391,1827793.0
2012-12-19,206.839302011154,208.783373515929,206.554501727015,207.904207421413,1993015.0
2012-12-20,208.510955852839,208.510955852839,205.427683211509,207.495580926779,2189272.0
2012-12-21,206.294466684976,206.665945316461,203.61982053828,204.3751604223,2149301.0
2012-12-24,204.461838769647,204.89523050638,201.985314559743,203.248341906794,1303847.0
2012-12-26,203.570290054081,207.012658705848,203.570290054081,205.118117685271,1331218.0
2012-12-27,205.625805148302,206.046814263985,201.861488349248,202.505384643823,3680616.0
2012-12-28,203.941768685567,209.51394815785,203.458846464636,208.089946737156,3326023.0
2012-12-31,208.102329358205,210.455027357614,207.235545884739,207.916590042462,2224287.0
2013-01-01,209.01864331587,209.662539610445,207.805146453017,208.201390326601,1561532.0
2013-01-02,209.01864331587,211.990472367754,208.659547305433,209.996870378781,3072592.0
2013-01-03,210.157844452425,213.476386893696,209.167234768464,213.166821367458,3946902.0
2013-01-04,213.451621651597,214.120283188271,211.383723936328,213.439239030548,3041614.0
2013-01-07,214.392700851361,215.705258682609,210.950332199594,212.139063820348,3498964.0
2013-01-08,211.767585188863,212.510542451834,209.984487757732,210.665531915455,3194175.0
2013-01-09,211.098923652189,212.943934188567,210.170227073475,211.173219378486,3902332.0
2013-01-10,212.423864104487,212.721047009676,209.761600578841,210.516940462861,2112066.0
2013-01-11,211.123688894288,211.247515104783,207.099337053194,208.003268389809,1840162.0
2013-01-14,208.275686052898,211.247515104783,207.780381210918,209.897809410385,1614000.0
2013-01-15,209.551096020999,210.950332199594,207.532728789927,209.798748441989,2374487.0
2013-01-16,209.5263307789,215.68049344051,209.5263307789,213.315412820052,4469088.0
2013-01-17,213.501152135795,221.289820775942,212.919168946468,220.410654681426,5055697.0
2013-01-18,221.648916786378,223.617753533252,219.333366650118,222.936709375528,5201345.0
2013-01-21,232.322736131063,236.5080620458,227.357305090206,227.827844690088,10047910.0
2013-01-22,227.840227311137,230.490108215734,226.73817403773,227.852609932187,4266371.0
2013-01-23,228.360297395217,230.019568615853,226.899148111374,228.595567195158,2674869.0
2013-01-24,229.078489416089,229.908125026407,224.620745838263,226.73817403773,3071712.0
2013-01-25,226.911530732424,227.183948395513,224.150206238381,225.908538427413,3220389.0
2013-01-28,225.698033869571,226.143808227353,221.648916786378,222.280430459904,3063239.0
2013-01-29,221.648916786378,223.382483733311,217.958895713622,218.639939871345,3529188.0
2013-01-30,219.791523628951,223.729197122697,219.791523628951,222.738587438736,4032649.0
2013-01-31,222.057543281012,222.391874049349,218.701852976593,219.581019071109,3825017.0
2013-02-01,220.744985449763,222.837648407132,218.825679187088,221.401264365388,1863597.0
2013-02-04,221.908951828418,223.13483131232,218.949505397583,219.593401692158,3130914.0
2013-02-05,218.924740155484,219.395279755366,216.20056352459,216.633955261323,2219184.0
2013-02-06,218.045574060968,218.652322492395,215.655728198411,216.856842440215,2257604.0
2013-02-07,215.853850135204,218.429435313503,215.048979766985,216.175798282491,1952688.0
2013-02-08,215.44522364057,216.448215945581,212.238124788744,213.860248146231,2190791.0
2013-02-11,214.219344156667,216.695868366571,213.12967350431,215.061362388034,1904074.0
2013-02-12,215.110892872233,218.020808818869,214.268874640865,216.807311956017,2223818.0
2013-02-13,218.924740155484,219.915349839446,216.076737314095,217.686478050532,2407720.0
2013-02-14,217.934130471523,218.78853132394,210.752210262802,212.002854988803,2808132.0
2013-02-15,211.718054704665,212.33718575714,206.566884348065,209.464417673652,3289431.0
2013-02-18,210.009252999831,211.643758978367,208.820521379077,209.885426789336,1213793.0
2013-02-19,210.256905420821,211.742819946764,206.604032211213,210.108313968227,2212004.0
2013-02-20,212.473394588685,217.649330187384,212.139063820348,216.646337882373,3399774.0
2013-02-21,215.209953840629,217.141642724354,211.408489178427,212.782960114923,3706369.0
2013-02-22,212.60960342023,215.9529111036,212.485777209735,213.62497834629,2223041.0
2013-02-25,213.971691735677,214.206961535618,210.752210262802,211.58184587312,2258056.0
2013-02-26,210.430262115515,210.430262115515,202.765419685863,203.941768685567,3080139.0
2013-02-27,205.551509422004,208.263303431849,204.845700022182,205.873457569292,4048013.0
2013-02-28,207.334606853135,207.916590042462,199.545938212988,201.55192282301,6324405.0
2013-03-01,202.084375528139,202.703506580615,199.48402510774,200.697521970593,3178835.0
2013-03-04,200.326043339108,202.641593475368,199.335433655146,201.242357296772,3416863.0
2013-03-05,202.852098033209,206.653562695412,202.852098033209,204.64757808539,3008011.0
2013-03-06,206.022049021886,207.631789758323,204.734256432736,206.851684632204,2463693.0
2013-03-07,205.861074948242,208.399512263394,204.077977517112,207.161250158442,2406954.0
2013-03-08,208.770990894879,211.668524220466,208.028033631908,210.826505989099,2315993.0
2013-03-11,211.024627925892,213.12967350431,208.040416252958,209.142469526365,2415898.0
2013-03-12,210.628384052307,211.618993736268,208.907199726424,209.972105136682,1954963.0
2013-03-13,208.572868958087,212.139063820348,208.077564116106,209.26629573686,2149116.0
2013-03-14,209.01864331587,213.835482904132,206.851684632204,212.993464672765,3380827.0
2013-03-15,214.15743105142,215.309014809025,207.607024516224,208.931964968523,2924340.0
2013-03-18,206.789771526956,208.894817105374,205.749631358797,206.616414832263,1833998.0
2013-03-19,207.186015400541,207.780381210918,201.069000602079,204.313247317053,4107716.0
2013-03-20,205.40291796941,205.501978937806,201.428096612515,203.743646748775,4612611.0
2013-03-21,204.313247317053,206.244936200777,199.298285791998,201.242357296772,3808222.0
2013-03-22,200.177451886513,203.322637633091,199.199224823602,200.747052454791,2714879.0
2013-03-25,203.223576664695,203.904620822418,198.679154739522,200.412721686454,3213575.0
2013-03-26,198.741067844769,199.360198897245,193.168888372486,193.998523982804,4449515.0
2013-03-28,194.407150477438,194.642420277379,189.305510605036,191.410556183454,6060564.0
2013-04-01,193.416540793476,195.843534519182,191.633443362346,192.859322846248,1903323.0
2013-04-02,193.218418856684,197.255153318827,192.747879256802,196.611257024252,2539732.0
2013-04-03,197.577101466115,197.874284371303,190.940016583573,192.314487520069,2130749.0
2013-04-04,191.311495215058,192.661200909456,189.255980120838,190.085615731156,2723719.0
2013-04-05,190.444711741592,193.763254182863,190.122763594305,193.193653614585,2969243.0
2013-04-08,192.698348772604,196.722700613698,192.673583530505,195.496821129796,2029499.0
2013-04-09,196.16548266647,197.032266139936,190.964781825672,192.413548488465,2990299.0
2013-04-10,193.193653614585,194.147115435398,191.088608036167,193.020296919892,2786488.0
2013-04-11,194.159498056448,194.431915719537,189.243597499789,190.964781825672,2612370.0
2013-04-12,189.949406899611,193.267949340882,189.454102057631,192.017304614881,2594372.0
2013-04-15,191.447704046603,198.109554171244,191.447704046603,196.536961297955,3699483.0
2013-04-16,197.378979529322,200.598461002197,194.506211445834,199.347816276196,4062976.0
2013-04-17,199.570703455087,200.499400033801,190.49424222579,191.608678120247,7338828.0
2013-04-18,192.30210489902,194.456680961636,191.348643078207,193.565132246071,3152921.0
2013-04-22,194.654802898428,196.809378961044,192.747879256802,195.583499477142,2923783.0
2013-04-23,196.016891213875,199.558320834038,194.667185519478,199.038250749958,2824426.0
2013-04-25,200.00409519182,204.709491190637,200.00409519182,202.988306864754,5925225.0
2013-04-26,201.341418265168,204.313247317053,195.571116856093,196.239778392767,4766434.0
2013-04-29,196.41313508746,197.849519129204,195.261551329855,196.301691498014,4793061.0
2013-04-30,196.549343919005,197.292301181976,192.463078972664,195.199638224607,4011397.0
2013-05-02,195.001516287815,199.855503739226,194.010906603853,198.840128813165,6225752.0
2013-05-03,198.864894055265,202.05961028604,196.858909445243,198.245763002789,2952640.0
2013-05-06,198.666772118472,204.300864696003,198.666772118472,203.471229085685,2139146.0
2013-05-07,203.446463843586,207.012658705848,202.988306864754,205.093352443172,3778450.0
2013-05-08,205.576274664103,206.269701442876,203.582672675131,205.464831074658,2710630.0
2013-05-09,205.15526554842,205.960135916639,201.836723107149,202.604445612219,1870391.0
2013-05-10,201.762427380852,203.198811422596,200.400339065405,201.329035644119,2075931.0
2013-05-11,201.440479233564,201.81195786505,201.093765844178,201.613835928258,111054.0
2013-05-13,201.428096612515,204.437073527548,197.824753887105,198.864894055265,2077188.0
2013-05-14,198.258145623838,200.350808581207,197.032266139936,197.663779813461,2017950.0
2013-05-15,198.617241634274,203.273107148893,198.617241634274,202.82733279111,2572806.0
2013-05-16,202.084375528139,208.969112831671,201.960549317644,208.189007705552,3473901.0
2013-05-17,208.189007705552,209.192000010563,203.892238201369,206.913597737451,2853857.0
2013-05-20,207.384137337333,211.742819946764,205.241943895766,205.836309706143,3025949.0
2013-05-21,205.823927085094,208.028033631908,204.38754304335,205.204796032618,2421664.0
2013-05-22,205.576274664103,206.542119105966,201.465244475663,202.765419685863,2875414.0
2013-05-23,201.007087496831,202.084375528139,193.193653614585,194.270941645893,2925439.0
2013-05-24,196.487430813757,196.809378961044,192.970766435694,194.766246487874,1823040.0
2013-05-27,198.802980950017,206.244936200777,198.369589213284,205.130500306321,4333130.0
2013-05-28,205.551509422004,209.736835336742,204.610430222241,208.870051863275,4968154.0
2013-05-29,208.151859842403,210.455027357614,206.405910274421,209.984487757732,5886563.0
2013-05-30,209.26629573686,209.51394815785,205.551509422004,207.235545884739,4165950.0
2013-05-31,206.566884348065,206.975510842699,198.642006876373,199.682147044533,3922347.0
2013-06-03,199.038250749958,199.446877244592,194.469063582685,195.12534249831,3237910.0
2013-06-04,195.794004034984,198.072406308095,192.958383814644,193.218418856684,3372217.0
2013-06-05,193.292714582981,199.186842202552,193.292714582981,198.617241634274,2914171.0
2013-06-06,198.121936792293,199.087781234156,195.174872982508,196.14071742437,3911834.0
2013-06-07,196.685552750549,198.617241634274,193.416540793476,194.060437088051,2153414.0
2013-06-10,195.397760161399,197.007500897837,193.664193214467,195.484438508746,2597020.0
2013-06-11,194.035671845952,196.016891213875,192.004921993831,194.555741930032,3026936.0
2013-06-12,193.924228256507,197.502805739817,193.713723698665,195.843534519182,2920051.0
2013-06-13,193.911845635457,196.363604603262,193.305097204031,195.595882098192,2223263.0
2013-06-14,197.18085759253,203.037837348952,197.156092350431,201.750044759802,4017490.0
2013-06-17,201.960549317644,205.031439337925,200.870878665286,204.449456148597,2534907.0
2013-06-18,203.991299169765,207.408902579432,202.443471538575,203.917003443468,3579236.0
2013-06-19,203.570290054081,206.356379790223,201.81195786505,205.972518537688,3961700.0
2013-06-20,202.554915128021,202.554915128021,196.883674687342,197.626631950313,3982470.0
2013-06-21,198.097171550194,200.685139349544,194.060437088051,196.351221982212,4682806.0
2013-06-24,195.64541258239,197.16847497148,192.797409741001,196.301691498014,3728564.0
2013-06-25,198.047641065996,203.050219970002,196.883674687342,199.063015992057,4396198.0
2013-06-26,200.462252170652,201.700514275604,198.394354455383,199.013485507859,3808494.0
2013-06-27,202.208201738634,207.272693747887,201.688131654555,205.551509422004,5886358.0
2013-06-28,215.333780051124,216.20056352459,209.51394815785,213.62497834629,11002553.0
2013-07-01,213.476386893696,219.915349839446,211.903794020407,219.345749271168,4685396.0
2013-07-02,218.701852976593,220.856429039209,215.148040735381,215.915763240451,4064138.0
2013-07-03,213.104908262211,213.810717662033,210.145461831376,210.715062399654,2929628.0
2013-07-04,211.272280346882,215.606197714213,209.848278926187,213.38970854635,3024958.0
2013-07-05,214.553674925004,219.110479471227,214.553674925004,218.020808818869,2915951.0
2013-07-08,215.457606261619,216.312007114036,212.522925072883,214.702266377598,3258017.0
2013-07-09,215.234719082728,218.379904829305,214.727031619697,216.646337882373,2953811.0
2013-07-10,216.510129050828,217.896982608374,207.780381210918,211.990472367754,5083109.0
2013-07-11,214.219344156667,216.274859250887,212.795342735973,215.469988882669,2598534.0
2013-07-12,216.510129050828,221.896569207369,215.358545293223,220.398272060377,3285192.0
2013-07-15,219.420044997465,222.862413649231,219.420044997465,222.10707376521,2951748.0
2013-07-16,219.667697418455,223.989232164737,218.689470355543,223.035770343924,2965797.0
2013-07-17,223.630136154301,227.320157227058,223.630136154301,226.589582585136,5287638.0
2013-07-18,227.344922469157,227.827844690088,225.165581164441,227.159183153414,2812387.0
2013-07-19,227.604957511197,229.796681436961,226.119042985254,228.756541268802,3268422.0
2013-07-22,226.601965206186,226.601965206186,222.62714384929,225.128433301293,3876482.0
2013-07-23,225.871390564264,229.078489416089,224.68265894351,225.252259511788,2841507.0
2013-07-24,224.868398259253,227.072504806067,221.686064649527,225.20272902759,3151838.0
2013-07-25,224.360710796223,225.908538427413,217.302616797997,220.596393997169,3618768.0
2013-07-26,220.955490007605,223.803492848994,219.28383616592,220.447802544575,2186491.0
2013-07-29,219.680080039505,222.552848122993,218.565644145048,219.345749271168,2091846.0
2013-07-30,219.680080039505,220.905959523407,211.470402283674,212.324803136091,2604256.0
2013-07-31,212.646751283378,217.859834745226,208.671929926483,215.965293724649,3610644.0
2013-08-01,216.733016229719,218.639939871345,209.229147873711,210.504557841812,2530722.0
2013-08-02,212.981082051715,215.94052848255,210.504557841812,212.324803136091,2930875.0
2013-08-05,212.981082051715,216.175798282491,211.928559262506,213.36494330425,2870806.0
2013-08-06,212.59722079918,214.021222219875,205.588657285153,208.288068673948,2837977.0
2013-08-07,209.26629573686,218.392287450355,205.799161842995,216.064354693045,4296180.0
2013-08-08,214.801327345995,216.064354693045,212.275272651893,214.380318230311,2598354.0
2013-08-12,215.209953840629,216.163415661442,208.139477221354,209.427269810504,1995272.0
2013-08-13,208.770990894879,212.968699430666,206.789771526956,211.222749862684,2637165.0
2013-08-14,211.990472367754,214.962301419638,209.873044168286,214.219344156667,2573906.0
2013-08-16,214.219344156667,214.714648998648,202.369175812278,204.734256432736,6245328.0
2013-08-19,203.817942475072,206.542119105966,199.991712570771,203.136898317348,3691650.0
2013-08-20,200.870878665286,205.749631358797,199.372581518295,204.399925664399,2610167.0
2013-08-21,206.294466684976,206.715475800659,193.218418856684,194.060437088051,3591352.0
2013-08-22,193.775636803912,200.26413023386,191.732504330742,199.632616560335,5095979.0
2013-08-23,201.514774959861,204.238951590755,200.226982370712,202.951159001606,3276098.0
2013-08-26,203.694116264577,205.91060543244,200.202217128612,203.718881506676,2266639.0
2013-08-27,201.589070686159,204.288482074954,198.121936792293,198.926807160512,2993270.0
2013-08-28,196.908439929441,202.715889201665,189.181684394541,201.04423535998,5900451.0
2013-08-29,202.084375528139,211.346576073179,201.217592054673,209.328208842108,7049010.0
2013-08-30,208.969112831671,212.981082051715,205.130500306321,211.458019662625,4901683.0
2013-09-02,211.297045588981,220.410654681426,211.297045588981,219.605784313208,4812235.0
2013-09-03,219.964880323644,220.83166379711,205.130500306321,205.799161842995,3960633.0
2013-09-04,206.480206000718,214.107900567222,206.294466684976,210.343583768168,3045550.0
2013-09-05,213.724039314687,215.395693156371,210.776975504901,213.612595725241,3258258.0
2013-09-06,215.457606261619,216.324389735085,208.399512263394,214.962301419638,3439791.0
2013-09-10,216.175798282491,221.289820775942,214.528909682905,220.497333028773,4227364.0
2013-09-11,220.163002260436,221.128846702298,216.485363808729,219.853436734198,3396942.0
2013-09-12,219.915349839446,223.13483131232,215.742406545758,216.794929334967,4109760.0
2013-09-13,214.962301419638,218.850444429187,214.727031619697,216.20056352459,2246049.0
2013-09-16,219.407662376415,219.841054113149,211.495167525773,213.414473788449,2754524.0
2013-09-17,212.077150715101,213.971691735677,211.148454136387,212.522925072883,2498437.0
2013-09-18,213.104908262211,216.695868366571,212.188594304546,215.94052848255,3132560.0
2013-09-19,219.927732460495,221.884186586319,218.070339303067,220.559246134021,4328339.0
2013-09-20,219.420044997465,223.13483131232,215.581432472114,218.404670071404,4197357.0
2013-09-23,215.965293724649,218.181782892513,214.219344156667,216.534894292927,2028677.0
2013-09-24,215.9529111036,219.060948987029,214.999449282787,216.596807398175,2823675.0
2013-09-25,216.051972071996,216.671103124472,208.572868958087,210.269288041871,3993925.0
2013-09-26,209.674922231494,210.54170570496,206.851684632204,207.594641895175,4543087.0
2013-09-27,208.523338473889,211.618993736268,207.285076368937,208.003268389809,2744478.0
2013-09-30,206.059196885035,209.142469526365,202.852098033209,203.669351022478,3639687.0
2013-10-01,204.63519546434,205.526744179905,202.505384643823,203.434081222537,2082088.0
2013-10-03,203.917003443468,210.232140178722,203.917003443468,209.749217957791,2082009.0
2013-10-04,208.164242463453,212.906786325418,207.532728789927,211.594228494169,2265225.0
2013-10-07,209.910192031435,211.098923652189,207.037423947947,209.031025936919,2575155.0
2013-10-08,210.430262115515,211.668524220466,207.829911695116,209.25391311581,2770271.0
2013-10-09,208.015651010859,214.875623072292,207.408902579432,213.203969230607,2732625.0
2013-10-10,212.733429630725,213.674508830488,210.021635620881,212.981082051715,2142108.0
2013-10-11,214.219344156667,214.962301419638,211.56946325207,213.810717662033,2233967.0
2013-10-14,214.219344156667,216.695868366571,213.773569798885,215.531901987916,2778882.0
2013-10-15,222.218517354656,222.552848122993,213.971691735677,214.91277093544,5266950.0
2013-10-17,215.457606261619,219.915349839446,214.132665809321,218.020808818869,4026153.0
2013-10-18,218.330374345107,224.868398259253,218.330374345107,224.286415069926,5069374.0
2013-10-21,224.286415069926,226.725791416681,221.933717070517,226.156190848403,3461572.0
2013-10-22,224.719806806659,225.598972901175,222.268047838854,223.92731905949,2342103.0
2013-10-23,224.17497148048,225.165581164441,219.828671492099,222.082308523111,2044698.0
2013-10-24,220.918342144457,225.611355522224,218.26846123986,219.048566365979,2678332.0
2013-10-25,218.949505397583,221.104081460199,217.773156397879,219.667697418455,2273430.0
2013-10-28,219.915349839446,224.088293133133,219.878201976297,220.596393997169,3514321.0
2013-10-29,220.187767502535,223.865405954242,218.899974913385,222.094691144161,3303172.0
2013-10-30,222.020395417864,223.605370912202,221.574621060081,222.429021912498,2197777.0
2013-10-31,222.88717889133,227.344922469157,221.896569207369,226.527669479888,4521314.0
2013-11-01,225.388468343333,229.462350668624,223.716814501648,224.930311364501,2718063.0
2013-11-03,225.363703101234,226.453373753591,224.571215354065,225.041754953946,425619.0
2013-11-05,223.716814501648,228.261236426821,223.716814501648,225.289407374937,2504263.0
2013-11-06,225.363703101234,227.815462069038,221.636534165329,222.540465501944,2198926.0
2013-11-07,222.63952647034,224.323562933074,218.454200555603,219.395279755366,2238424.0
2013-11-08,219.420044997465,219.915349839446,215.742406545758,216.931138166512,2001425.0
2013-11-11,216.448215945581,218.454200555603,213.030612535913,213.946926493578,2034671.0
2013-11-12,214.219344156667,215.853850135204,210.55408832601,211.148454136387,2781812.0
2013-11-13,210.479792599713,213.327795441102,208.548103715988,209.117704284266,1918164.0
2013-11-14,210.81412336805,213.971691735677,210.603618810208,210.913184336446,1835838.0
2013-11-18,212.510542451834,217.376912524294,212.027620230902,216.633955261323,2759723.0
2013-11-19,216.695868366571,219.147627334376,216.695868366571,217.525503976889,1928073.0
2013-11-20,216.658720503422,218.677087734494,212.238124788744,213.600213104191,2992305.0
2013-11-21,212.956316809616,212.981082051715,208.882434484325,209.910192031435,2620866.0
2013-11-22,210.752210262802,212.1019159572,207.805146453017,208.956730210622,1710289.0
2013-11-25,209.848278926187,212.200976925596,209.031025936919,210.925566957495,2303754.0
2013-11-26,210.628384052307,212.188594304546,207.421285200482,208.337599158146,3192390.0
2013-11-27,209.142469526365,210.380731631317,206.851684632204,207.520346168878,2610836.0
2013-11-28,208.795756136978,212.08953333615,208.795756136978,209.996870378781,2867965.0
2013-11-29,210.739827641753,212.114298578249,210.157844452425,211.297045588981,2259353.0
2013-12-02,211.247515104783,213.711656693637,211.07415841009,211.817115673061,1650771.0
2013-12-03,211.742819946764,214.343170367162,210.665531915455,213.451621651597,2099451.0
2013-12-04,213.203969230607,214.838475209143,211.297045588981,212.002854988803,2002635.0
2013-12-05,215.9529111036,217.191173208552,214.974684040688,215.705258682609,2865154.0
2013-12-06,215.494754124768,216.609190019224,213.278264956904,214.640353272351,1668901.0
2013-12-09,218.454200555603,219.915349839446,216.993051271759,217.674095429483,2904113.0
2013-12-10,217.562651840037,220.088706534139,217.562651840037,219.085714229128,1992917.0
2013-12-11,218.553261523999,219.160009955425,216.076737314095,218.578026766098,1137789.0
2013-12-12,217.438825629542,217.934130471523,214.962301419638,215.507136745817,1300646.0
2013-12-13,214.714648998648,214.987066661737,212.399098862388,214.14504843037,2040359.0
2013-12-16,212.981082051715,213.538299998944,208.820521379077,209.278678357909,2296374.0
2013-12-17,210.182609694524,211.222749862684,207.223163263689,207.829911695116,2306272.0
2013-12-18,207.829911695116,213.934543872528,207.829911695116,212.968699430666,2745251.0
2013-12-19,214.070752704073,214.070752704073,208.944347589572,211.507550146823,3074567.0
2013-12-20,215.9529111036,222.391874049349,213.501152135795,221.686064649527,4687926.0
2013-12-23,222.63952647034,225.116050680243,220.410654681426,221.958482312616,3701213.0
2013-12-24,222.020395417864,224.125440996282,221.673682028477,222.404256670399,1670206.0
2013-12-26,221.525090575883,222.88717889133,218.454200555603,219.80390625,3341856.0
2013-12-27,220.06394129204,221.376499123289,217.166407966453,217.649330187384,1770277.0
2013-12-30,218.181782892513,220.373506818278,216.906372924413,219.692462660554,2357956.0
2013-12-31,219.915349839446,222.453787154597,219.692462660554,221.698447270576,1304298.0
2014-01-01,222.255665217805,222.453787154597,219.81628887105,220.113471776238,1337074.0
2014-01-02,219.841054113149,221.896569207369,215.482371503718,216.695868366571,1376901.0
2014-01-03,215.853850135204,216.287241871937,211.742819946764,214.033604840924,2933613.0
2014-01-06,213.501152135795,213.785952419934,210.504557841812,211.730437325714,3043781.0
2014-01-07,211.643758978367,212.968699430666,208.040416252958,208.548103715988,3957111.0
2014-01-08,209.117704284266,212.324803136091,209.117704284266,210.269288041871,2909048.0
2014-01-09,210.616001431257,211.445637041575,209.278678357909,210.677914536505,1899340.0
2014-01-10,210.095931347178,217.017816513858,210.009252999831,212.522925072883,3392170.0
2014-01-13,215.024214524886,218.677087734494,214.962301419638,218.033191439919,2756390.0
2014-01-14,217.562651840037,219.060948987029,216.064354693045,218.305609103008,2760267.0
2014-01-15,219.098096850177,221.648916786378,218.181782892513,219.28383616592,2893960.0
2014-01-16,220.088706534139,221.227907670695,218.441817934553,219.457192860613,4123266.0
2014-01-17,220.200150123585,222.11945638626,217.99604357677,219.110479471227,3534630.0
2014-01-20,219.642932176356,220.163002260436,214.491761819757,215.395693156371,3789008.0
2014-01-21,216.113885177244,216.349154977184,213.476386893696,213.736421935736,2241570.0
2014-01-22,213.847865525182,216.782546713918,212.522925072883,216.064354693045,1947009.0
2014-01-23,213.12967350431,215.779554408907,213.12967350431,214.41746609346,3146981.0
2014-01-24,213.476386893696,216.609190019224,213.253499714805,214.875623072292,2715344.0
2014-01-27,211.990472367754,213.179203988508,208.114711979255,208.808138758028,2822051.0
2014-01-28,209.761600578841,211.990472367754,208.696695168582,209.229147873711,2645575.0
2014-01-29,210.455027357614,211.123688894288,206.789771526956,207.186015400541,2828526.0
2014-01-30,205.898222811391,206.504971242817,203.61982053828,204.313247317053,3223490.0
2014-01-31,204.808552159033,206.405910274421,204.598047601192,205.836309706143,2523182.0
2014-02-03,204.610430222241,205.501978937806,202.938776380556,203.297872390992,1880728.0
2014-02-04,201.712896896654,204.721873811687,201.378566128317,203.458846464636,2825803.0
2014-02-05,203.0997504542,203.446463843586,199.830738497127,202.393941054377,2582636.0
2014-02-06,203.074985212101,204.090360138161,200.140304023365,202.047227664991,2474757.0
2014-02-07,203.595055296181,204.016064411864,200.747052454791,201.700514275604,1933597.0
2014-02-10,201.898636212397,204.461838769647,200.883261286336,203.557907433032,2364740.0
2014-02-11,203.817942475072,204.313247317053,198.802980950017,199.422112002493,2882244.0
2014-02-12,200.103156160216,203.545524811982,199.954564707622,202.554915128021,2246719.0
2014-02-13,202.802567549011,202.802567549011,199.372581518295,199.954564707622,1978914.0
2014-02-14,201.069000602079,204.065594896062,200.103156160216,203.582672675131,2107250.0
2014-02-17,202.493002022773,203.570290054081,199.867886360275,201.168061570475,2070622.0
2014-02-18,199.880268981325,202.542532506971,199.880268981325,201.378566128317,1312359.0
2014-02-19,201.341418265168,203.074985212101,200.598461002197,201.155678949425,1401247.0
2014-02-20,200.920409149485,201.514774959861,198.889659297364,199.471642486691,1838151.0
2014-02-21,199.880268981325,202.084375528139,199.508790349839,200.969939633683,1430079.0
2014-02-24,200.115538781266,201.824340486099,199.434494623542,201.180444191524,1554509.0
2014-02-25,201.663366412456,202.084375528139,199.991712570771,200.734669833742,1609074.0
2014-02-26,200.846113423187,202.294880085981,200.165069265464,200.77181769689,3110571.0
2014-02-28,200.77181769689,201.923401454496,196.41313508746,198.109554171244,4331622.0
2014-03-03,198.146702034392,199.805973255028,197.416127392471,198.963955023661,2659675.0
2014-03-04,198.864894055265,201.750044759802,198.765833086868,201.329035644119,2056575.0
2014-03-05,201.972931938694,202.57968037012,199.397346760394,199.855503739226,2703603.0
2014-03-06,200.437486928553,204.164655864458,200.425104307504,203.681733643527,2325283.0
2014-03-07,204.313247317053,216.448215945581,204.313247317053,215.309014809025,7679752.0
2014-03-10,214.244109398766,223.791110227945,213.823100283083,219.28383616592,7513409.0
2014-03-11,219.172392576475,219.865819355248,215.977676345699,216.633955261323,2921335.0
2014-03-12,216.448215945581,218.652322492395,214.875623072292,215.791937029956,2155857.0
2014-03-13,216.695868366571,221.587003681131,216.621572640274,217.822686882077,3936620.0
2014-03-14,216.448215945581,220.398272060377,215.222336461678,219.457192860613,3780891.0
2014-03-18,220.286828470931,225.066520196045,220.286828470931,222.008012796814,4351046.0
2014-03-19,222.88717889133,225.338937859135,221.710829891626,223.630136154301,3743369.0
2014-03-20,223.283422764915,224.744572048758,222.429021912498,224.373093417272,6791651.0
2014-03-21,224.620745838263,226.193338711551,218.466583176652,219.370514513267,5040481.0
2014-03-22,219.81628887105,220.373506818278,218.813296566039,219.952497702594,231511.0
2014-03-24,220.720220207664,225.054137574996,220.683072344516,224.224501964678,6586731.0
2014-03-25,217.686478050532,218.553261523999,216.076737314095,217.760773776829,7154556.0
2014-03-26,218.243695997761,223.617753533252,218.218930755662,220.707837586615,3156965.0
2014-03-27,221.61176892323,224.100675754183,220.930724765506,223.072918207073,12665322.0
2014-03-28,222.88717889133,227.827844690088,222.88717889133,226.886765490324,4267110.0
2014-03-31,226.911530732424,232.743745246747,226.156190848403,230.502490836784,4286368.0
2014-04-01,231.802666046983,234.031537835897,230.143394826348,233.43717202552,3575180.0
2014-04-02,234.031537835897,238.241628992733,232.322736131063,237.300549792969,6121499.0
2014-04-03,236.953836403583,238.476898792674,232.892336699341,235.926078856473,6069088.0
2014-04-04,235.765104782829,236.074670309067,233.17713698348,233.845798520154,2860462.0
2014-04-07,233.783885414906,236.495679424751,231.394039552349,233.821033278055,2949923.0
2014-04-09,235.269799940848,239.405595371388,234.563990541026,238.278776855881,3071917.0
2014-04-10,238.910290529407,241.188692802518,238.291159476931,239.987578560715,2434297.0
2014-04-11,238.31592471903,240.482883402696,235.418391393443,236.198496519562,2672508.0
2014-04-15,235.269799940848,236.26040962481,231.951257499578,235.046912761957,2117715.0
2014-04-16,234.403016467382,237.498671729762,232.322736131063,233.115223878232,2830152.0
2014-04-17,234.031537835897,238.192098508535,233.734354930708,237.523436971861,1793418.0
2014-04-21,240.210465739606,240.210465739606,236.78047970889,237.647263182356,2701214.0
2014-04-22,237.746324150752,244.866331254225,236.78047970889,239.665630413427,4418930.0
2014-04-23,239.975195939665,243.19467741254,238.798846939961,239.517038960833,3494693.0
2014-04-25,239.727543518675,239.975195939665,234.279190256887,234.836408204115,3029220.0
2014-04-28,235.22026945665,236.755714466791,233.127606499282,234.031537835897,3796899.0
2014-04-29,234.291572877936,235.703191677582,232.297970888964,232.867571457242,1919298.0
2014-04-30,233.759120172807,237.746324150752,230.09386434215,231.753135562785,3289582.0
2014-05-02,232.793275730945,234.625903646273,229.32614183708,229.846211921159,2073376.0
2014-05-05,229.078489416089,237.374845519267,229.078489416089,234.489694814729,3474292.0
2014-05-06,234.749729856769,239.479891097685,234.663051509422,238.57595976107,2832651.0
2014-05-07,237.771089392851,240.569561750042,237.01574950883,237.956828708594,2416483.0
2014-05-08,238.514046655822,240.247613602755,235.455539256591,237.820619877049,2731382.0
2014-05-09,236.706183982593,247.404768569376,236.706183982593,247.05805517999,4217843.0
2014-05-12,246.389393643316,259.787389618895,246.191271706524,254.76004547279,7051280.0
2014-05-13,257.558517829981,264.690907554504,256.196429514534,263.353584481156,6140492.0
2014-05-14,263.50217593375,264.492785617712,257.830935493071,258.920606145428,4428958.0
2014-05-15,258.920606145428,262.511566249789,257.372778514239,260.877060271252,4769324.0
2014-05-16,269.965904121599,283.623935139218,263.031636333869,267.278875353853,12031151.0
2014-05-19,270.18879130049,278.547060508915,269.17341637443,277.38309413026,5439813.0
2014-05-20,279.327165635035,279.599583298124,266.399709259338,267.427466806448,5145199.0
2014-05-21,267.427466806448,273.148237731325,265.916787038406,267.068370796012,5026907.0
2014-05-22,268.950529195538,275.736205530674,268.628581048251,272.615785026196,4284833.0
2014-05-23,275.278048551842,280.342540561095,272.912967931384,279.215722045589,3786896.0
2014-05-26,280.46636677159,282.323759929018,266.226352564644,272.838672205087,3674151.0
2014-05-27,273.160620352375,274.398882457326,266.251117806743,269.43345141647,2576905.0
2014-05-28,269.842077911104,274.05216906794,268.6409636693,269.66872121641,2594834.0
2014-05-29,270.560269931976,270.783157110867,264.579463965058,265.867256554208,6322422.0
2014-05-30,268.702876774548,269.866843153203,262.511566249789,263.675532628443,3953091.0
2014-06-02,266.164439459397,269.507747142767,263.824124081038,268.009449995775,2012972.0
2014-06-03,268.281867658864,272.912967931384,266.808335753972,271.278461952848,2485694.0
2014-06-04,270.597417795124,272.863437447186,266.535918090882,266.84548361712,2017568.0
2014-06-05,267.093136038111,271.154635742353,263.564089038998,269.916373637401,4565820.0
2014-06-06,274.250291004732,280.590192982086,273.433038015464,277.965077319588,6701908.0
2014-06-09,279.847235719114,280.515897255788,275.414257383387,278.026990424835,3085371.0
2014-06-10,279.95867930856,279.95867930856,272.529106678849,276.949702393527,3602608.0
2014-06-11,277.370711509211,277.370711509211,270.560269931976,272.937733173483,3466329.0
2014-06-12,272.058567078967,275.760970772773,268.479989595657,270.96889642661,2689818.0
2014-06-13,272.491958815701,274.151230036336,265.656751996366,267.935154269478,3348036.0
2014-06-16,268.455224353558,268.455224353558,261.805756849966,263.861271944186,3285055.0
2014-06-17,262.041026649907,270.758391868768,262.041026649907,269.953521500549,3617320.0
2014-06-18,269.445834037519,272.826289584038,262.672540323432,264.183220091474,4391701.0
2014-06-19,265.978700143654,266.213969943595,255.478237493662,258.078587914061,5286280.0
2014-06-20,259.019667113825,259.886450587291,256.134516409287,256.691734356515,2938456.0
2014-06-23,256.81556056701,258.772014692834,253.596079094136,257.050830366951,3375785.0
2014-06-24,258.796779934933,263.204993028562,258.796779934933,262.47441838664,2717888.0
2014-06-25,261.929583060461,262.350592176145,259.576885061053,260.282694460875,2414935.0
2014-06-26,253.843731515126,254.314271115008,249.311692211002,250.599484800152,5595871.0
2014-06-27,250.12894520027,253.47225288364,249.435518421497,250.64901528435,2108794.0
2014-06-30,250.760458873796,252.605469410174,247.652420990367,251.466268273618,4721740.0
2014-07-01,251.912042631401,252.741678241719,249.37360531625,249.63364035829,2206576.0
2014-07-02,251.862512147203,254.425714704453,250.624250042251,252.172077673441,2810085.0
2014-07-03,252.605469410174,253.843731515126,248.519204463833,249.262161726804,2645940.0
2014-07-04,248.890683095319,256.766030082812,248.469673979635,255.564915841009,2961779.0
2014-07-07,255.824950883049,256.81556056701,252.853121831164,254.388566841305,3204529.0
2014-07-08,254.091383936116,256.196429514534,245.175896780463,246.426541506464,3996724.0
2014-07-09,248.147725832347,250.104179958171,245.795027832939,247.887690790308,3406611.0
2014-07-10,247.714334095614,252.97694804166,242.959407612599,246.958994211594,4251670.0
2014-07-11,246.463689369613,248.147725832347,238.650255487367,239.356064887189,4065087.0
2014-07-14,239.876134971269,241.436345223509,237.374845519267,238.179715887485,3146395.0
2014-07-15,238.588342382119,242.699372570559,238.501664034773,240.767683686835,3507637.0
2014-07-16,241.213458044617,245.918854043434,241.213458044617,245.101601054166,3190489.0
2014-07-17,244.680591938482,247.206646632584,242.773668296857,243.318503623035,2154828.0
2014-07-18,242.699372570559,243.578538665075,240.049491665962,241.894502202341,2133298.0
2014-07-21,247.652420990367,249.63364035829,246.426541506464,247.070437801039,3883004.0
2014-07-22,248.643030674328,256.04783806194,247.924838653456,255.317263420019,6512321.0
2014-07-23,256.332638346079,257.508987345783,252.865504452214,255.886863988296,3136481.0
2014-07-24,255.081993620078,258.351005577151,253.596079094136,257.818552872021,2211291.0
2014-07-25,258.029057429863,258.37577081925,249.398370558349,253.063626389006,3093322.0
2014-07-28,252.853121831164,253.48463550469,248.048664863951,249.039274547913,2142490.0
2014-07-30,248.643030674328,250.376597621261,245.918854043434,249.175483379457,4255466.0
2014-07-31,249.62125773724,252.580704168075,248.147725832347,249.249779105755,4051138.0
2014-08-01,246.414158885415,247.404768569376,241.461110465608,241.783058612895,3617603.0
2014-08-04,242.94702499155,245.101601054166,241.721145507647,243.937634675511,3353808.0
2014-08-05,243.96239991761,244.643444075334,240.470500781646,243.652834391372,2796475.0
2014-08-06,243.912869433412,247.30570760098,242.575546360064,244.717739801631,3739249.0
2014-08-07,244.928244359473,246.835168001099,243.529008180877,245.00254008577,2478789.0
2014-08-08,242.587928981114,243.566156044026,240.990570865726,242.823198781055,2084325.0
2014-08-11,243.97478253866,244.49485262274,242.055476275984,242.823198781055,1530775.0
2014-08-12,244.185287096502,244.420556896442,241.795441233945,243.789043222917,2184401.0
2014-08-13,243.516625559828,246.810402759,242.699372570559,245.213044643612,3226166.0
2014-08-14,246.414158885415,248.890683095319,245.609288517196,248.382995632288,2757188.0
2014-08-18,247.924838653456,251.478650894668,247.033289937891,250.884285084291,1747178.0
2014-08-19,251.367207305222,253.348426673145,249.163100758408,249.955588505577,3328022.0
2014-08-20,250.376597621261,252.221608157639,246.500837232762,247.243794495733,2976628.0
2014-08-21,247.652420990367,248.643030674328,245.200662022562,246.438924127514,3760015.0
2014-08-22,247.677186232466,249.385987937299,246.488454611712,247.231411874683,1959327.0
2014-08-25,247.652420990367,249.757466568785,246.03029763288,246.612280822207,1704141.0
2014-08-26,246.661811306405,246.897081106346,243.442329833531,246.005532390781,2182560.0
2014-08-27,246.958994211594,248.098195348149,244.395791654343,246.092210738127,1918182.0
2014-08-28,246.315097917019,248.643030674328,246.315097917019,247.330472843079,3637682.0
2014-09-01,248.729709021675,252.853121831164,246.562750338009,251.144320126331,3702468.0
2014-09-02,252.233990778689,255.465854872613,250.277536652865,253.546548609937,3784599.0
2014-09-03,253.880879378275,256.55552552497,252.877887073263,255.391559146316,5011067.0
2014-09-04,254.834341199087,256.04783806194,252.134929810292,254.066618694017,2136513.0
2014-09-05,254.5123930518,255.936394472495,252.754060862768,254.00470558877,2075273.0
2014-09-08,256.04783806194,257.397543756338,254.586688778097,256.988917261704,3174286.0
2014-09-09,255.602063704158,257.880465977269,254.636219262295,255.824950883049,2095351.0
2014-09-10,254.623836641246,254.859106441186,250.772841494845,251.577711863064,2162176.0
2014-09-11,252.679765136471,255.081993620078,249.63364035829,252.45687795758,2427349.0
2014-09-12,252.233990778689,253.596079094136,250.488041210706,251.515798757816,2000076.0
2014-09-15,249.906058021379,250.624250042251,247.900073411357,248.33346514809,1997452.0
2014-09-16,247.999134379753,248.680178537477,241.832589097093,242.550781117965,3027126.0
2014-09-17,243.912869433412,245.312105612008,242.43933752852,244.841566012126,2488647.0
2014-09-18,243.937634675511,250.12894520027,243.615686528224,248.86591785322,2077617.0
2014-09-19,249.138335516309,251.565329242015,245.423549201453,246.525602474861,3924732.0
2014-09-22,245.918854043434,246.661811306405,244.606296212185,245.559758032998,1805858.0
2014-09-23,245.596905896147,246.525602474861,238.501664034773,239.195090813546,4044643.0
2014-09-24,239.85136972917,241.238223286716,236.607123014196,238.996968876753,3518809.0
2014-09-25,239.257003918793,239.678013034477,228.496506226762,230.279603657893,7564288.0
2014-09-26,230.069099100051,233.201902225579,227.171565774463,231.12162188926,3635611.0
2014-09-29,232.037935846924,233.461937267619,230.217690552645,231.096856647161,2852977.0
2014-09-30,229.82144667906,234.885938688313,229.090872037139,234.20489453059,4032700.0
2014-10-01,233.68482444651,234.180129288491,229.32614183708,229.623324742268,1978672.0
2014-10-07,229.635707363318,231.530248383894,228.694628163554,229.363289700228,2835389.0
2014-10-08,228.125027595276,233.16475436243,228.125027595276,231.976022741677,2246466.0
2014-10-09,232.347501373162,237.065279993029,232.347501373162,236.421383698454,2552056.0
2014-10-10,234.526842677877,239.975195939665,231.827431289082,237.907298224396,3535189.0
2014-10-13,238.192098508535,238.922673150456,234.786877719917,237.226254066672,3173161.0
2014-10-14,242.451720149569,242.451720149569,237.399610761366,238.05588967699,4360890.0
2014-10-16,235.678426435483,236.978601645682,229.82144667906,230.564403942031,4347008.0
2014-10-17,231.802666046983,232.954249804588,229.128019900287,232.273205646865,3500356.0
2014-10-20,232.421797099459,232.941867183539,225.747564353769,231.567396247042,4843061.0
2014-10-21,231.36927431025,232.050318467974,229.598559500169,230.155777447397,4028045.0
2014-10-22,231.579778868092,235.467921877641,231.096856647161,234.19251190954,3059361.0
2014-10-23,235.145973730353,236.384235835305,235.022147519858,235.938461477522,565357.0
2014-10-27,238.724551213664,238.724551213664,232.000787983776,233.127606499282,2302432.0
2014-10-28,233.065693394034,233.288580572925,229.350907079179,231.319743826052,5034195.0
2014-10-29,231.951257499578,236.111818172216,231.344509068151,235.666043814433,4004057.0
2014-10-30,234.774495098868,243.083233823094,234.551607919976,242.513633254817,7484984.0
2014-10-31,243.157529549392,248.568734948031,243.157529549392,247.788629821911,3219842.0
2014-11-03,248.643030674328,249.88129277928,245.213044643612,248.234404179694,2828980.0
2014-11-05,248.147725832347,249.757466568785,244.779652906878,245.497844927751,3595614.0
2014-11-07,245.287340369909,246.500837232762,242.216450349628,242.823198781055,2659263.0
2014-11-10,243.392799349332,245.126366296265,239.541804202932,240.061874287012,2396133.0
2014-11-11,240.817214171033,244.631061454284,239.294151781942,242.129772002282,2308713.0
2014-11-12,243.182294791491,243.442329833531,239.900900213368,241.225840665667,2122642.0
2014-11-13,241.213458044617,242.649842086361,238.588342382119,240.037109044913,1609576.0
2014-11-14,239.975195939665,242.142154623331,238.996968876753,240.012343802814,1925588.0
2014-11-17,239.232238676694,244.569148349037,239.232238676694,243.987165159709,2337114.0
2014-11-18,244.049078264957,247.082820422089,243.987165159709,244.841566012126,3065433.0
2014-11-19,244.841566012126,245.671201622444,241.832589097093,242.241215591727,1851368.0
2014-11-20,242.204067728579,243.615686528224,240.297144086953,242.885111886302,2592595.0
2014-11-21,242.748903054758,247.900073411357,242.748903054758,247.082820422089,2683538.0
2014-11-24,247.701951474565,248.680178537477,243.120381686243,244.024313022858,2840424.0
2014-11-25,243.96239991761,246.389393643316,241.040101349924,245.918854043434,3338732.0
2014-11-26,245.658819001394,245.918854043434,243.343268865134,244.445322138541,3007076.0
2014-11-27,245.175896780463,245.918854043434,243.45471245458,244.841566012126,2806993.0
2014-11-28,245.101601054166,251.94919049455,243.491860317729,245.572140654048,4773085.0
2014-12-01,244.928244359473,245.658819001394,237.387228140316,238.142568024337,3973275.0
2014-12-02,238.241628992733,240.532413886894,237.251019308771,238.402603066377,2160807.0
2014-12-03,237.387228140316,241.213458044617,237.387228140316,239.814221866022,2237796.0
2014-12-04,239.752308760774,241.448727844558,236.681418740494,237.387228140316,2463051.0
2014-12-05,237.993976571742,239.479891097685,236.532827287899,237.090045235128,2296865.0
2014-12-08,237.746324150752,238.452133550575,233.350493678173,233.9324768675,2340414.0
2014-12-09,233.040928151935,235.443156635542,230.564403942031,232.756127867796,2422696.0
2014-12-10,230.675847531477,233.028545530886,230.316751521041,230.948265194566,3027071.0
2014-12-11,230.069099100051,230.069099100051,223.716814501648,224.410241280421,5170702.0
2014-12-12,224.620745838263,225.611355522224,217.773156397879,218.51611366085,4085890.0
2014-12-15,217.426443008493,218.379904829305,215.9529111036,217.636947566334,2891112.0
2014-12-16,217.141642724354,218.739000839741,212.906786325418,214.120283188271,4774252.0
2014-12-17,214.281257261915,216.671103124472,214.083135325123,215.333780051124,4749947.0
2014-12-18,218.317991724058,219.122862092276,214.132665809321,217.958895713622,3422050.0
2014-12-19,219.197157818574,224.967459227649,218.553261523999,223.023387722875,4588473.0
2014-12-22,223.382483733311,224.571215354065,220.658307102417,224.100675754183,1898416.0
2014-12-23,223.469162080657,223.91493643844,220.856429039209,221.33935126014,2419143.0
2014-12-24,221.33935126014,222.181369491508,217.934130471523,218.961888018633,5138493.0
2014-12-26,219.568636450059,221.066933597051,217.958895713622,220.125854397288,1117804.0
2014-12-29,220.039176049941,222.651909091389,219.655314797406,222.144221628359,1584461.0
2014-12-30,222.168986870458,222.490935017745,217.215938450651,217.971278334671,2657831.0
2014-12-31,217.934130471523,221.376499123289,217.698860671582,220.695454965565,1934955.0
2015-01-01,219.494340723762,220.905959523407,218.838061808138,219.890584597347,677439.0
2015-01-02,219.940115081545,221.908951828418,218.999035881781,219.308601408019,1675827.0
2015-01-05,219.172392576475,220.633541860318,216.47298118768,216.906372924413,2309591.0
2015-01-06,215.457606261619,216.20056352459,206.046814263985,207.062189190046,4258043.0
2015-01-07,207.309841611036,212.683899146527,207.285076368937,211.56946325207,4736315.0
2015-01-08,213.005847293814,213.699274072587,208.065181495057,208.535721094938,4542457.0
2015-01-09,210.108313968227,213.476386893696,209.26629573686,213.055377778013,3061366.0
2015-01-12,213.104908262211,213.228734472706,208.424277505493,210.578853568109,2308716.0
2015-01-13,211.247515104783,211.730437325714,208.151859842403,208.808138758028,2274108.0
2015-01-14,208.770990894879,209.761600578841,205.848692327193,206.777388905907,2601286.0
2015-01-15,208.028033631908,215.730023924708,208.028033631908,214.033604840924,3869247.0
2015-01-16,212.981082051715,216.695868366571,211.012245304842,215.383310535322,4374388.0
2015-01-19,215.507136745817,219.420044997465,212.671516525477,217.847452124176,3049291.0
2015-01-20,218.305609103008,224.261649827827,217.649330187384,223.642518775351,3054173.0
2015-01-21,224.125440996282,225.71041649062,220.918342144457,224.558832733015,3905183.0
2015-01-22,224.16258885943,224.670276322461,217.810304261028,218.862827050237,5422365.0
2015-01-23,220.410654681426,222.342343565151,217.191173208552,219.642932176356,4132897.0
2015-01-27,221.128846702298,222.069925902062,218.057956682018,220.175384881486,4100754.0
2015-01-28,219.444810239564,225.314172617036,219.444810239564,224.583597975114,4411227.0
2015-01-29,224.645511080362,231.431187415498,224.595980596164,230.168160068447,8255888.000000001
2015-01-30,230.316751521041,230.626317047279,225.116050680243,226.663878311433,4970953.0
2015-02-02,226.862000248225,227.815462069038,224.298797690975,224.880780880303,4412275.0
2015-02-03,226.156190848403,233.003780288787,226.156190848403,232.198909920568,3907020.0
2015-02-04,232.570388552053,233.734354930708,229.301376594981,230.019568615853,3216827.0
2015-02-05,231.802666046983,232.768510488846,227.245861500761,228.756541268802,2826578.0
2015-02-06,228.855602237198,230.316751521041,223.630136154301,225.338937859135,2067728.0
2015-02-09,223.184361796519,227.344922469157,220.905959523407,222.069925902062,2020605.0
2015-02-10,222.391874049349,224.001614785787,213.303030199003,218.429435313503,3120391.0
2015-02-11,219.420044997465,224.063527891034,218.677087734494,223.060535586023,2235774.0
2015-02-12,224.868398259253,226.341930164146,219.729610523703,225.153198543392,1990874.0
2015-02-13,226.354312785195,228.03834924793,225.128433301293,227.221096258662,1690071.0
2015-02-16,227.51827916385,228.880367479297,222.88717889133,223.580605670103,2803961.0
2015-02-18,222.88717889133,224.868398259253,221.500325333784,223.295805385964,2248124.0
2015-02-19,224.608363217213,224.769337290857,219.80390625,223.39486635436,2183115.0
2015-02-20,221.710829891626,221.896569207369,215.779554408907,216.225328766689,4278437.0
2015-02-23,215.44522364057,217.129260103304,209.78636582094,210.863653852248,3224043.0
2015-02-24,211.557080631021,212.188594304546,207.285076368937,208.387129642344,4559370.0
2015-02-25,210.207374936623,212.114298578249,208.288068673948,208.808138758028,3491406.0
2015-02-26,209.538713399949,210.504557841812,207.186015400541,208.523338473889,4905338.0
2015-02-27,209.897809410385,213.228734472706,209.167234768464,211.879028778308,4265220.0
2015-02-28,213.674508830488,215.061362388034,209.662539610445,214.256492019816,2093776.0
2015-03-02,215.209953840629,216.819694577066,211.879028778308,214.033604840924,3332631.0
2015-03-03,215.209953840629,224.484537006718,214.813709967044,223.085300828122,4717254.0
2015-03-04,224.373093417272,225.277024753887,217.946513092572,219.878201976297,3308981.0
2015-03-05,221.029785733902,222.577613365092,217.475973492691,219.160009955425,2449658.0
2015-03-09,219.197157818574,220.84404641816,214.008839598825,215.370927914272,3215112.0
2015-03-10,215.197571219579,216.893990303363,211.84188091516,212.770577493874,3482250.0
2015-03-11,213.216351851656,215.358545293223,211.098923652189,211.978089746704,2659765.0
2015-03-12,212.485777209735,214.813709967044,211.891411399358,213.922161251479,2693254.0
2015-03-13,215.209953840629,215.358545293223,209.761600578841,210.529323083911,2956988.0
2015-03-16,210.876036473297,211.482784904724,208.102329358205,208.548103715988,3163589.0
2015-03-17,210.640766673356,212.956316809616,208.275686052898,212.200976925596,4359100.0
2015-03-18,212.238124788744,216.014824208847,211.668524220466,215.123275493282,2118940.0
2015-03-19,216.832077198116,217.116877482255,211.519932767872,212.027620230902,3185218.0
2015-03-20,212.461011967636,213.265882335854,210.157844452425,211.519932767872,2378572.0
2015-03-23,212.114298578249,213.971691735677,207.557494032026,208.510955852839,3029112.0
2015-03-24,208.548103715988,211.56946325207,208.548103715988,209.996870378781,2111750.0
2015-03-25,210.256905420821,210.380731631317,208.275686052898,209.241530494761,2346393.0
2015-03-26,208.300451294997,210.318818526069,204.090360138161,205.378152727311,4713693.0
2015-03-27,206.517353863867,206.789771526956,198.481032802729,201.019470117881,5332142.0
2015-03-30,202.232966980733,202.505384643823,197.242770697778,200.78420031794,3961481.0
2015-03-31,202.57968037012,206.269701442876,202.57968037012,204.560899738043,4625471.0
2015-04-01,204.288482074954,207.780381210918,201.366183507267,207.049806568996,3334693.0
2015-04-06,207.037423947947,207.532728789927,203.421698601487,204.226568969706,2819367.0
2015-04-07,204.573282359092,207.062189190046,204.573282359092,206.257318821827,4863211.0
2015-04-08,206.418292895471,215.333780051124,206.269701442876,214.442231335559,5673710.0
2015-04-09,214.343170367162,222.63952647034,212.683899146527,221.673682028477,6234931.0
2015-04-10,221.636534165329,225.066520196045,220.187767502535,223.964466922638,5788462.0
2015-04-13,224.571215354065,229.016576310842,222.577613365092,228.459358363613,4612201.0
2015-04-15,228.087879732128,232.694214762549,224.670276322461,228.744158647752,5081693.0
2015-04-16,228.954663205594,232.297970888964,227.592574890147,229.908125026407,4612192.0
2015-04-17,231.567396247042,233.858181141203,228.484123605712,229.536646394921,5476551.0
2015-04-20,232.124614194271,232.161762057419,217.562651840037,219.333366650118,8601165.0
2015-04-21,220.447802544575,221.772742996873,216.064354693045,217.054964377007,4047524.0
2015-04-22,218.404670071404,219.605784313208,214.714648998648,217.872217366275,3374188.0
2015-04-23,218.887592292336,220.262063228832,215.222336461678,217.203555829601,3048801.0
2015-04-24,217.191173208552,219.03618374493,215.123275493282,217.661712808433,2905259.0
2015-04-27,217.946513092572,219.791523628951,215.816702272055,216.770164092868,2524227.0
2015-04-28,216.621572640274,218.429435313503,212.621986041279,214.268874640865,3357286.0
2015-04-29,213.476386893696,215.593815093164,209.860661547237,210.504557841812,3746012.0
2015-04-30,210.504557841812,214.442231335559,209.996870378781,213.563065241043,7955186.0
2015-05-04,214.516527061856,221.376499123289,213.104908262211,220.645924481367,3446692.0
2015-05-05,221.326968639091,223.332953249113,219.197157818574,220.943107386556,4079468.0
2015-05-06,220.410654681426,222.082308523111,215.9529111036,217.99604357677,5128997.0
2015-05-07,216.695868366571,217.550269218988,212.981082051715,215.643345577362,3825462.0
2015-05-08,215.705258682609,221.33935126014,213.253499714805,220.336358955129,3909788.0
2015-05-11,221.116464081249,222.750970059785,218.77614870289,221.884186586319,3249083.0
2015-05-12,221.624151544279,221.624151544279,214.256492019816,215.135658114332,3805956.0
2015-05-13,216.287241871937,220.076323913089,212.287655272942,219.197157818574,3817667.0
2015-05-14,219.420044997465,219.469575481663,215.531901987916,217.48835611374,2818365.0
2015-05-15,218.404670071404,219.655314797406,215.482371503718,216.435833324531,1904490.0
2015-05-18,216.671103124472,221.401264365388,216.002441587798,220.794515933961,2250982.0
2015-05-19,220.720220207664,224.063527891034,219.568636450059,221.785125617923,3317436.0
2015-05-20,222.986239859726,225.611355522224,222.317578323052,225.078902817095,1990706.0
2015-05-21,225.673268627472,226.701026174582,221.426029607487,222.082308523111,2459446.0
2015-05-22,222.144221628359,224.274032448876,222.144221628359,223.840640712143,1908452.0
2015-05-25,222.88717889133,224.868398259253,220.992637870754,221.525090575883,1512612.0
2015-05-26,221.648916786378,221.896569207369,218.602792008197,219.073331608078,2173883.0
2015-05-27,219.420044997465,220.633541860318,217.983660955721,219.246688302772,1846549.0
2015-05-28,219.382897134316,221.463177470635,215.9529111036,216.893990303363,6066339.0
2015-05-29,217.909365229424,219.531488586911,216.225328766689,217.191173208552,6692348.0
2015-06-01,217.934130471523,224.100675754183,217.438825629542,223.444396838558,4479082.0
2015-06-02,224.311180312025,227.543044405949,220.769750691862,222.552848122993,4612571.0
2015-06-03,222.63952647034,225.475146690679,220.039176049941,221.983247554715,3553618.0
2015-06-04,223.92731905949,226.899148111374,221.042168354952,226.032364637908,3641649.0
2015-06-05,225.338937859135,227.084887427117,223.989232164737,224.806485154005,2986745.0
2015-06-08,224.571215354065,225.363703101234,218.701852976593,219.28383616592,2479431.0
2015-06-09,218.813296566039,220.57162875507,217.277851555898,218.850444429187,2092303.0
2015-06-10,219.420044997465,225.338937859135,219.172392576475,224.323562933074,3088017.0
2015-06-11,224.373093417272,225.239876890739,216.361537598234,217.2283210717,3354787.0
2015-06-12,217.686478050532,221.0793162181,217.50073873479,220.373506818278,4924556.0
2015-06-15,221.624151544279,224.125440996282,220.410654681426,223.320570628063,2939253.0
2015-06-16,222.63952647034,224.125440996282,221.203142428596,223.865405954242,3184005.0
2015-06-17,224.137823617331,233.375258920272,221.401264365388,230.61393442623,5996339.0
2015-06-18,230.948265194566,243.19467741254,230.935882573517,242.43933752852,11284420.0
2015-06-19,243.318503623035,249.237396484705,243.318503623035,246.822785380049,10448751.0
2015-06-22,246.897081106346,249.806997052983,244.309113306997,245.596905896147,4433185.0
2015-06-23,245.832175696088,248.321082527041,245.423549201453,246.414158885415,3659045.0
2015-06-24,246.414158885415,249.249779105755,244.346261170145,245.398783959354,4252334.0
2015-06-25,244.432939517492,249.88129277928,243.937634675511,248.779239505873,6211775.0
2015-06-26,247.627655748268,251.144320126331,246.513219853811,247.82577768506,4792657.0
2015-06-29,244.655826696383,246.129358601276,240.718153202636,245.386401338305,4610282.0
2015-06-30,245.151131538364,248.358230390189,244.680591938482,247.677186232466,5299670.0
2015-07-01,247.900073411357,250.240388789716,247.900073411357,249.051657168962,3388578.0
2015-07-02,249.88129277928,252.543556304926,249.410753179398,250.339449758112,3641605.0
2015-07-03,250.067032095023,251.070024400034,248.407760874387,249.435518421497,3161556.0
2015-07-06,246.686576548504,252.333051747085,246.463689369613,251.503416136767,2797340.0
2015-07-07,250.376597621261,251.763451178807,247.652420990367,248.457291358585,2581847.0
2015-07-08,246.624663443257,249.806997052983,245.584523275097,246.810402759,3472328.0
2015-07-09,246.661811306405,247.900073411357,243.479477696679,244.532000485888,3713532.0
2015-07-10,245.448314443552,248.643030674328,245.237809885711,248.098195348149,3682606.0
2015-07-13,248.098195348149,250.748076252746,246.451306748563,249.385987937299,2253887.0
2015-07-14,249.856527537181,250.500423831756,246.463689369613,247.107585664188,2272786.0
2015-07-15,247.590507885119,251.218615852628,247.540977400921,250.413745484409,3093396.0
2015-07-16,250.624250042251,254.537158293899,250.413745484409,253.521783367838,3395442.0
2015-07-17,253.905644620373,255.366793904217,252.110164568193,253.026478525858,2330438.0
2015-07-20,254.537158293899,255.069610999028,252.085399326094,253.781818409878,1451127.0
2015-07-21,254.586688778097,254.698132367543,248.33346514809,249.584109874092,1811142.0
2015-07-22,248.890683095319,261.013269102797,248.791622126922,260.134103008281,3956647.0
2015-07-23,260.901825513351,264.455637754563,257.85570073517,258.87107566123,4261457.0
2015-07-24,259.539737197904,259.948363692538,252.877887073263,253.856114136175,2994363.0
2015-07-27,253.818966273027,255.057228377979,248.0858127271,248.977361442665,4598763.0
2015-07-28,249.707936084587,251.788216420906,247.677186232466,250.190858305518,3059101.0
2015-07-29,250.005118989775,250.797606736944,245.695966864543,246.661811306405,3380933.0
2015-07-30,247.677186232466,249.63364035829,245.745497348741,247.689568853515,2674704.0
2015-07-31,247.652420990367,249.608875116191,245.175896780463,248.110577969199,3802312.0
2015-08-03,247.900073411357,251.082407021083,247.503829537773,248.259169421793,2260182.0
2015-08-04,248.494439221734,249.051657168962,242.699372570559,244.680591938482,2744569.0
2015-08-05,244.74250504373,247.850542927159,243.71474749662,244.618678833235,3279028.0
2015-08-06,245.423549201453,245.671201622444,242.080241518083,242.43933752852,1990511.0
2015-08-07,242.451720149569,246.166506464425,241.993563170737,243.776660601868,1967847.0
2015-08-10,243.813808465016,244.878713875275,238.860760045209,239.950430697566,2123285.0
2015-08-11,240.470500781646,241.126779697271,237.251019308771,239.232238676694,2002952.0
2015-08-12,238.637872866317,239.232238676694,232.929484562489,233.511467751817,2205902.0
2015-08-13,234.526842677877,236.24802700376,230.168160068447,231.146387131359,2135047.0
2015-08-14,232.855188836192,240.718153202636,231.3816569313,239.467508476635,2912005.0
2015-08-17,239.232238676694,239.232238676694,234.291572877936,235.443156635542,2481826.0
2015-08-18,236.755714466791,236.755714466791,233.338111057124,233.808650657005,1515583.0
2015-08-19,233.783885414906,237.993976571742,232.6570668994,236.409001077404,2029201.0
2015-08-20,237.733941529703,237.733941529703,226.292399679948,226.923913353473,4344929.0
2015-08-21,225.363703101234,225.834242701115,222.144221628359,224.856015638204,4583212.0
2015-08-24,217.934130471523,217.934130471523,202.57968037012,205.440065832559,8145723.0
2015-08-25,208.23853818975,213.142056125359,203.86747295927,210.04640086298,11315843.0
2015-08-26,209.959722515633,216.646337882373,208.028033631908,211.346576073179,4332912.0
2015-08-27,214.66511851445,218.243695997761,212.250507409794,215.247101703777,6171185.0
2015-08-28,216.695868366571,218.677087734494,214.491761819757,216.051972071996,2461890.0
2015-08-31,216.163415661442,216.163415661442,211.445637041575,211.965707125655,4733716.0
2015-09-01,211.470402283674,211.470402283674,206.814536769055,207.99088576876,4947842.0
2015-09-02,210.504557841812,212.262890030843,208.671929926483,210.393114252366,4492201.0
2015-09-03,211.507550146823,213.166821367458,209.117704284266,211.458019662625,2665275.0
2015-09-04,210.430262115515,210.430262115515,204.338012559152,207.012658705848,3703036.0
2015-09-07,207.594641895175,209.01864331587,204.981908853727,206.343997169174,2339465.0
2015-09-08,207.037423947947,211.235132483733,204.338012559152,210.157844452425,2948830.0
2015-09-09,213.228734472706,217.612182324235,210.628384052307,216.46059856663,3963791.0
2015-09-10,213.228734472706,215.581432472114,211.866646157259,214.714648998648,2531423.0
2015-09-11,215.9529111036,216.96828602966,212.040002851952,213.216351851656,2430944.0
2015-09-14,213.414473788449,214.392700851361,210.975097441693,213.934543872528,1820453.0
2015-09-15,213.476386893696,215.457606261619,211.891411399358,214.999449282787,2630944.0
2015-09-16,215.977676345699,217.277851555898,214.268874640865,216.089119935144,3068686.0
2015-09-18,217.550269218988,222.763352680835,217.2283210717,221.747977754774,7831592.0
2015-09-21,217.934130471523,219.964880323644,216.955903408611,217.463590871641,2910364.0
2015-09-22,217.934130471523,219.147627334376,209.142469526365,209.984487757732,3599162.0
2015-09-23,208.770990894879,212.188594304546,208.028033631908,210.591236189158,3479324.0
2015-09-24,210.009252999831,210.009252999831,206.727858421709,207.371754716284,6646509.0
2015-09-28,207.97850314771,208.250920810799,205.229561274717,206.604032211213,2657197.0
2015-09-29,205.551509422004,210.566470947059,204.585664980142,208.213772947651,3623837.0
2015-09-30,210.752210262802,214.169813672469,207.656555000423,213.550682619993,3952665.0
2015-10-01,216.435833324531,216.435833324531,212.634368662329,214.14504843037,1980306.0
2015-10-05,213.674508830488,220.410654681426,213.439239030548,219.915349839446,3660854.0
2015-10-06,221.809890860022,223.011005101825,219.358131892217,222.404256670399,2818498.0
2015-10-07,221.574621060081,227.357305090206,220.658307102417,226.304782300997,2632179.0
2015-10-08,226.577199964087,226.577199964087,219.481958102713,220.187767502535,2457989.0
2015-10-09,221.413646986437,224.236884585728,218.305609103008,219.754375765802,2132195.0
2015-10-12,219.915349839446,223.283422764915,219.915349839446,220.84404641816,1420049.0
2015-10-13,219.184775197524,221.970864933666,218.652322492395,221.302203396992,1408658.0
2015-10-14,221.847038723171,224.125440996282,221.388881744338,223.617753533252,1829257.0
2015-10-15,224.794102532956,225.611355522224,222.911944133429,223.803492848994,2068330.0
2015-10-16,224.001614785787,226.552434721987,223.803492848994,225.896155806363,3485193.0
2015-10-19,233.040928151935,239.108412466199,233.040928151935,238.613107624218,7658875.0
2015-10-20,238.984586255704,239.405595371388,236.01275720382,236.929071161484,4135503.0
2015-10-21,236.631888256295,241.411579981409,236.01275720382,236.5080620458,3292615.0
2015-10-23,238.724551213664,240.978188244676,233.078076015084,236.669036119444,2778068.0
2015-10-26,238.216863750634,238.489281413723,233.115223878232,233.499085130767,2500420.0
2015-10-27,232.496092825756,234.836408204115,232.14937943637,232.681832141499,2651976.0
2015-10-28,232.025553225875,234.006772593798,230.291986278942,232.037935846924,2733564.0
2015-10-29,231.802666046983,234.031537835897,231.542631004943,233.040928151935,3035672.0
2015-10-30,233.313345815025,236.730949224692,232.818040973044,234.700199372571,3055325.0
2015-11-02,235.022147519858,238.117802782238,234.081068320095,237.696793666554,1650838.0
2015-11-03,238.551194518971,240.334291950101,238.05588967699,239.529421581883,2599796.0
2015-11-04,239.727543518675,241.461110465608,234.328720741085,235.591748088136,2293418.0
2015-11-05,235.022147519858,235.517452361839,231.059708784012,231.951257499578,2461259.0
2015-11-06,232.6570668994,236.446148940553,232.273205646865,235.864165751225,1912599.0
2015-11-09,231.183534994507,238.984586255704,228.694628163554,238.05588967699,3893160.0
2015-11-10,237.003366887781,237.622497940257,226.923913353473,228.521271468861,2625561.0
2015-11-11,229.598559500169,231.022560920864,229.598559500169,229.932890268506,299511.0
2015-11-13,226.614347827235,232.434179720509,226.47813899569,231.072091405062,3127549.0
2015-11-16,229.32614183708,233.288580572925,229.016576310842,231.3816569313,3507963.0
2015-11-17,232.310353510014,232.520858067855,229.375672321278,229.759533573813,1963105.0
2015-11-18,229.722385710664,230.638699668329,225.351320480184,225.859007943214,2571383.0
2015-11-19,227.567809648048,232.471327583657,227.159183153414,231.493100520745,2784876.0
2015-11-20,231.307361205003,235.963226719621,229.214698247634,234.489694814729,2583965.0
2015-11-23,235.269799940848,237.226254066672,234.328720741085,236.198496519562,2400013.0
2015-11-24,236.01275720382,240.61909223424,235.529834982888,239.653247792378,3384443.0
2015-11-26,240.470500781646,245.658819001394,239.789456623923,244.841566012126,5441612.0
2015-11-27,244.928244359473,245.795027832939,241.238223286716,242.464102770619,2489697.0
2015-11-30,242.327893939074,243.789043222917,238.31592471903,239.195090813546,6839027.0
2015-12-01,238.736933834714,242.402189665371,238.05588967699,239.207473434595,2967325.0
2015-12-02,239.294151781942,242.625076844262,238.860760045209,242.191685107529,1731204.0
2015-12-03,241.436345223509,244.915861738423,241.238223286716,242.005945791786,2597024.0
2015-12-04,240.792448928934,241.758293370796,238.093037540139,239.09602984515,3073001.0
2015-12-07,239.09602984515,240.965805623627,235.207886835601,235.777487403879,3310778.0
2015-12-08,234.997382277759,236.161348656414,231.827431289082,233.016162909836,1721726.0
2015-12-09,231.852196531181,233.647676583362,226.069512501056,226.824852385077,2097118.0
2015-12-10,228.459358363613,236.210879140612,227.840227311137,235.356478288195,4249865.0
2015-12-11,235.703191677582,237.498671729762,233.511467751817,236.00037458277,4150045.0
2015-12-14,234.675434130472,238.613107624218,234.279190256887,236.532827287899,2414730.0
2015-12-15,237.003366887781,242.191685107529,236.173731277463,241.683997644499,3593061.0
2015-12-16,241.683997644499,244.569148349037,241.089631834122,242.365041802222,2765248.0
2015-12-17,242.711755191609,251.367207305222,242.204067728579,250.054649473973,4427435.0
2015-12-18,248.59350019013,249.88129277928,245.175896780463,245.646436380345,3661020.0
2015-12-21,244.655826696383,247.404768569376,243.776660601868,245.695966864543,2818835.0
2015-12-22,245.869323559236,248.296317284942,243.689982254521,244.507235243789,2646828.0
2015-12-23,245.621671138246,249.3612226952,245.175896780463,248.59350019013,2953173.0
2015-12-24,248.618265432229,249.435518421497,246.736107032702,247.788629821911,2720569.0
2015-12-28,247.801012442961,251.057641778984,247.652420990367,250.228006168667,2945508.0
2015-12-29,250.228006168667,252.283521262887,249.423135800448,251.466268273618,3409060.0
2015-12-30,251.367207305222,251.614859726213,248.147725832347,248.766856884823,1863321.0
2015-12-31,248.494439221734,252.531173683877,247.429533811475,251.268146336826,4225066.0
2016-01-01,250.079414716072,252.333051747085,249.683170842488,251.453885652569,1238135.0
2016-01-04,248.890683095319,251.070024400034,244.358643791195,246.488454611712,6896571.0
2016-01-05,247.726716716664,250.12894520027,246.909463727396,248.927830958467,3416459.0
2016-01-06,249.534579389894,257.162273956397,247.751481958763,255.626828946257,6116855.0
2016-01-07,252.865504452214,254.586688778097,249.646022979339,250.933815568489,4512219.0
2016-01-08,252.605469410174,255.80018564095,251.788216420906,254.029470830869,4871839.0
2016-01-11,251.602477105163,262.709688186581,250.376597621261,260.43128591347,6632671.0
2016-01-12,261.273304144837,263.848889323137,257.830935493071,258.908223524379,5342761.0
2016-01-13,260.802764544955,269.879225774252,259.341615261112,266.684509543476,16412811.0
2016-01-14,263.465028070602,267.712267090586,260.790381923906,262.920192744423,6359913.0
2016-01-15,264.926177354445,269.817312669005,263.898419807335,265.805343448961,6575725.0
2016-01-18,266.226352564644,268.442841732508,249.658405600389,251.825364284054,6229959.0
2016-01-19,254.834341199087,259.985511555687,251.144320126331,258.450066545547,4912096.0
2016-01-20,256.295490482931,256.295490482931,245.175896780463,248.779239505873,10312353.0
2016-01-21,251.998720978748,254.029470830869,241.882119581291,243.739512738719,7261772.0
2016-01-22,246.178889085474,250.376597621261,246.178889085474,248.680178537477,5413455.0
2016-01-25,250.12894520027,252.295903883936,247.652420990367,248.630648053279,2994340.0
2016-01-27,249.658405600389,250.12894520027,246.897081106346,247.491446916723,3943295.0
2016-01-28,247.900073411357,253.051243767957,246.934228969495,251.837746905104,5274473.0
2016-01-29,252.345434368134,257.558517829981,252.110164568193,256.419316693426,4383577.0
2016-02-01,257.546135208932,258.004292187764,253.979940346671,255.156289346375,2267273.0
2016-02-02,255.156289346375,255.775420398851,245.299722990958,247.937221274506,3376466.0
2016-02-03,244.680591938482,246.166506464425,241.461110465608,243.046085959946,3586808.0
2016-02-04,244.680591938482,247.900073411357,239.157942950397,240.978188244676,4161079.0
2016-02-05,242.476485391668,243.19467741254,238.093037540139,240.445735539547,4799882.0
2016-02-08,240.495266023745,243.888104191313,237.238636687722,238.006359192792,2760853.0
2016-02-09,235.98799196172,239.925665455467,235.269799940848,237.127193098276,4481029.0
2016-02-10,235.690809056532,240.965805623627,234.935469172511,238.402603066377,3859250.0
2016-02-11,238.452133550575,239.219856055645,226.725791416681,228.967045826644,3912163.0
2016-02-12,231.282595962903,231.282595962903,219.940115081545,224.509302248817,6701935.0
2016-02-15,227.344922469157,235.604130709185,227.344922469157,234.46492957263,4407889.0
2016-02-16,235.542217603938,237.251019308771,229.57379425807,230.452960352586,2977263.0
2016-02-17,231.579778868092,237.114810477227,226.948678595572,235.913696235423,3529832.0
2016-02-18,238.476898792674,239.900900213368,231.802666046983,232.818040973044,3299161.0
2016-02-19,232.793275730945,235.950844098572,232.13699681532,233.870563762253,2339664.0
2016-02-22,233.808650657005,239.801839244972,233.808650657005,238.31592471903,2919198.0
2016-02-23,238.514046655822,239.529421581883,233.474319888668,235.183121593502,4340746.0
2016-02-24,234.006772593798,237.387228140316,233.288580572925,235.926078856473,3471311.0
2016-02-25,236.309940109008,236.891923298335,233.003780288787,233.808650657005,5675025.0
2016-02-26,236.01275720382,237.436758624514,233.858181141203,235.356478288195,1908533.0
2016-02-29,235.591748088136,246.315097917019,231.555013625993,239.393212750338,7093474.0
2016-03-01,238.910290529407,243.950017296561,238.897907908357,243.021320717847,3760923.0
2016-03-02,245.894088801335,249.076422411061,244.49485262274,248.023899621852,4595886.0
2016-03-03,250.12894520027,252.110164568193,247.033289937891,250.834754600093,3630006.0
2016-03-04,251.119554884232,251.367207305222,248.519204463833,249.237396484705,2054428.0
2016-03-08,249.509814147794,255.304880798969,249.509814147794,254.339036357107,3022554.0
2016-03-09,252.605469410174,258.524362271844,252.258756020788,257.979526945665,2709831.0
2016-03-10,258.066205293012,259.019667113825,249.88129277928,250.562336937004,4733124.0
2016-03-11,251.342442063123,254.970550030632,250.277536652865,251.243381094727,3501676.0
2016-03-14,252.382582231283,254.190444904512,250.859519842192,252.543556304926,2715590.0
2016-03-15,253.596079094136,254.549540914948,251.391972547321,252.729295620669,2397332.0
2016-03-16,252.853121831164,254.041853451918,249.002126684764,253.038861146907,2529074.0
2016-03-17,254.339036357107,256.790795324911,250.624250042251,251.614859726213,3847740.0
2016-03-18,252.172077673441,255.119141483226,251.540563999916,254.388566841305,3207246.0
2016-03-21,254.574306157048,257.929996461467,253.286513567898,256.889856293307,2904852.0
2016-03-22,256.81556056701,260.592259987113,256.481229798673,259.502589334756,3504967.0
2016-03-23,259.267319534815,259.267319534815,253.199835220551,254.883871683285,3841654.0
2016-03-28,255.081993620078,255.503002735761,251.528181378866,252.70453037857,4130553.0
2016-03-29,253.546548609937,258.053822671962,252.654999894372,256.629821251268,3627901.0
2016-03-30,258.227179366655,260.468433776618,258.227179366655,259.304467397963,3303780.0
2016-03-31,257.806170250972,261.520956565827,255.750655156752,258.846310419131,7047985.0
2016-04-01,257.33563065109,259.118728082221,253.843731515126,256.184046893485,2830115.0
2016-04-04,257.558517829981,258.10335315616,253.918027241423,256.332638346079,1973260.0
2016-04-05,255.416324388415,258.152883640358,253.150304736353,254.326653736057,2345148.0
2016-04-06,255.602063704158,256.741264840713,253.249365704749,256.010690198792,1597975.0
2016-04-07,256.295490482931,259.539737197904,253.125539494254,256.877473672258,2009055.0
2016-04-08,256.543142903921,261.137095313292,255.379176525266,256.654586493367,3065701.0
2016-04-11,256.81556056701,258.920606145428,255.824950883049,257.632813556279,2356318.0
2016-04-12,257.632813556279,261.880052576263,257.07559560905,259.39114574531,2552099.0
2016-04-13,260.666555713411,264.963325217593,260.666555713411,264.00986339678,3666141.0
2016-04-18,263.947950291533,264.195602712523,261.372365113233,263.687915249493,4358102.0
2016-04-20,264.7899685229,264.7899685229,256.518377661822,256.889856293307,4957497.0
2016-04-21,257.905231219368,260.530346881866,256.32025572503,257.84331811412,2601436.0
2016-04-22,257.310865408991,259.415910987409,254.908636925384,257.298482787942,2675586.0
2016-04-25,258.660571103389,258.660571103389,250.698545768548,251.837746905104,13979586.0
2016-04-26,251.466268273618,253.571313852037,249.509814147794,251.850129526153,6041279.0
2016-04-27,252.085399326094,254.079001315067,251.614859726213,252.45687795758,3315060.0
2016-04-28,251.119554884232,252.407347473382,245.411166580404,246.835168001099,14160507.0
2016-04-29,246.03029763288,247.293324979931,242.414572286421,243.368034107233,5367060.0
2016-05-02,242.451720149569,245.77026259084,242.204067728579,244.420556896442,2427753.0
2016-05-03,244.680591938482,246.401776264365,240.903892518379,241.6592324024,4016624.0
2016-05-04,241.225840665667,243.615686528224,240.965805623627,242.228832970678,3096453.0
2016-05-05,242.699372570559,243.553773422976,240.445735539547,241.523023570855,4952411.0
2016-05-06,240.965805623627,241.90688482339,239.479891097685,239.962813318616,3371220.0
2016-05-09,241.461110465608,244.185287096502,240.916275139429,243.46709507563,3508088.0
2016-05-10,243.46709507563,243.863338949214,242.204067728579,243.330886244085,1656840.0
2016-05-11,240.668622718438,242.885111886302,240.222848360656,241.560171434004,2820699.0
2016-05-12,241.708762886598,246.216036948623,241.473493086657,245.869323559236,2922714.0
2016-05-13,244.915861738423,245.312105612008,241.461110465608,242.241215591727,3348353.0
2016-05-16,241.956415307588,243.318503623035,240.495266023745,241.696380265548,2132072.0
2016-05-17,242.761285675807,243.46709507563,239.318917024041,240.012343802814,2779023.0
2016-05-18,239.207473434595,240.841979413132,238.761699076813,240.3590571922,1880974.0
2016-05-19,240.643857476339,240.693387960537,234.180129288491,235.566982846037,2088058.0
2016-05-20,235.765104782829,236.384235835305,230.651082289378,231.356891689201,4238988.0
2016-05-23,232.13699681532,232.966632425638,229.239463489733,230.316751521041,4198098.0
2016-05-24,229.83382930011,233.783885414906,229.83382930011,232.90471932039,2807737.0
2016-05-25,235.2326520777,235.963226719621,233.078076015084,235.566982846037,2112135.0
2016-05-26,235.269799940848,235.864165751225,233.808650657005,234.489694814729,3243601.0
2016-05-27,235.034530140908,241.931650065489,234.96023441461,241.38681473931,3063379.0
2016-05-30,241.807823854994,243.070851202045,238.984586255704,239.900900213368,2202091.0
2016-05-31,239.975195939665,240.965805623627,236.879540677286,237.213871445623,5333469.0
2016-06-01,237.238636687722,239.257003918793,235.715574298631,236.161348656414,2067034.0
2016-06-02,236.384235835305,237.04051475093,234.056303077996,236.817627572038,2343852.0
2016-06-03,237.746324150752,238.464516171624,236.718566603642,237.659645803405,1975712.0
2016-06-06,237.993976571742,238.489281413723,235.901313614374,236.458531561602,1982466.0
2016-06-07,237.065279993029,237.981593950693,235.666043814433,236.52044466685,4332627.0
2016-06-08,237.251019308771,237.251019308771,235.059295383007,236.285174866909,2773975.0
2016-06-09,237.746324150752,241.820206476044,236.805244950989,240.507648644795,3575840.0
2016-06-10,241.213458044617,243.789043222917,239.801839244972,241.882119581291,3729737.0
2016-06-13,240.198083118557,243.553773422976,238.501664034773,242.971790233649,2334856.0
2016-06-14,242.9346423705,244.036695643907,240.049491665962,241.770675991846,2497008.0
2016-06-15,242.699372570559,244.309113306997,241.15154493937,243.838573707115,2543921.0
2016-06-16,242.94702499155,243.603303907174,239.492273718734,241.783058612895,2142329.0
2016-06-17,241.956415307588,242.365041802222,240.247613602755,241.436345223509,2408096.0
2016-06-20,240.755301065785,245.819793075038,239.727543518675,245.225427264661,2459237.0
2016-06-21,246.191271706524,246.203654327573,242.625076844262,244.457704759591,3184865.0
2016-06-22,243.937634675511,244.160521854403,241.981180549687,242.823198781055,2923284.0
2016-06-23,242.68698994951,243.19467741254,240.222848360656,242.810816160005,2248693.0
2016-06-24,238.959821013605,238.959821013605,231.158769752408,235.628895951284,5711173.0
2016-06-27,232.91710194144,237.350080277167,232.91710194144,236.669036119444,2094599.0
2016-06-28,236.854775435187,238.130185403287,236.5080620458,237.201488824573,1738370.0
2016-06-29,238.241628992733,239.962813318616,237.746324150752,239.455125855586,1719857.0
2016-06-30,240.718153202636,242.080241518083,239.492273718734,240.012343802814,2916329.0
2016-07-01,240.903892518379,241.90688482339,240.222848360656,241.077249213073,1510979.0
2016-07-04,241.584936676103,246.067445496028,241.584936676103,244.358643791195,1783750.0
2016-07-05,244.210052338601,248.370613011239,242.773668296857,245.943619285533,2596678.0
2016-07-07,245.795027832939,247.776247200862,244.22243495965,244.655826696383,2749648.0
2016-07-08,244.432939517492,244.928244359473,241.795441233945,242.303128696975,1632225.0
2016-07-11,245.423549201453,246.401776264365,244.061460886006,245.795027832939,1889606.0
2016-07-12,246.476071990663,248.890683095319,245.423549201453,248.494439221734,2232685.0
2016-07-13,248.940213579517,251.788216420906,248.680178537477,249.819379674032,3409386.0
2016-07-14,249.658405600389,251.144320126331,247.219029253634,248.86591785322,2459183.0
2016-07-15,249.88129277928,252.853121831164,248.519204463833,250.673780526449,3198562.0
2016-07-18,254.586688778097,257.248952303743,248.0858127271,249.200248621557,7339086.0
2016-07-19,249.138335516309,253.336044052096,246.488454611712,252.060634083995,3805750.0
2016-07-20,252.593086789125,254.660984504394,251.751068557757,253.348426673145,2803645.0
2016-07-21,253.596079094136,253.843731515126,248.890683095319,249.225013863656,1534044.0
2016-07-22,249.138335516309,252.060634083995,248.915448337418,251.330059442074,1577114.0
2016-07-25,251.119554884232,253.534165988888,249.472666284646,253.286513567898,1883884.0
2016-07-26,253.348426673145,256.270725240832,251.41673778942,253.608461715185,2403872.0
2016-07-27,253.360809294195,254.091383936116,249.868910158231,250.896667705341,2521448.0
2016-07-28,251.354824684173,255.205819830573,250.884285084291,254.178062283463,3568375.0
2016-07-29,253.596079094136,253.818966273027,250.624250042251,251.342442063123,2201164.0
2016-08-01,252.110164568193,252.679765136471,248.903065716368,250.005118989775,1823694.0
2016-08-02,249.63364035829,252.605469410174,249.212631242606,250.822371979043,1762408.0
2016-08-03,251.218615852628,251.218615852628,245.547375411949,246.154123843375,2713804.0
2016-08-04,247.404768569376,247.652420990367,243.541390801927,245.918854043434,2328716.0
2016-08-05,247.157116148386,252.357816989184,246.921846348445,251.67677283146,2767914.0
2016-08-08,252.580704168075,256.072603304039,252.271138641837,254.896254304335,3098753.0
2016-08-09,254.339036357107,256.196429514534,252.853121831164,255.255350314771,3038046.0
2016-08-10,255.391559146316,256.208812135584,248.147725832347,248.556352326982,3079463.0
2016-08-11,248.135343211298,253.311278809997,247.553360021971,251.144320126331,3238899.0
2016-08-12,251.862512147203,258.276709850853,251.862512147203,256.518377661822,3740861.0
2016-08-16,256.629821251268,258.747249450735,251.491033515717,253.818966273027,3055603.0
2016-08-17,253.620844336235,254.784810714889,249.435518421497,250.946198189539,3539970.0
2016-08-18,251.614859726213,253.509400746789,251.614859726213,252.122547189243,1771449.0
2016-08-19,252.110164568193,253.100774252155,249.410753179398,251.342442063123,1869308.0
2016-08-22,250.624250042251,252.531173683877,249.435518421497,250.587102179103,1527904.0
2016-08-23,250.624250042251,251.367207305222,248.890683095319,250.240388789716,1673328.0
2016-08-24,250.549954315954,253.088391631105,250.376597621261,252.729295620669,1993153.0
2016-08-25,252.902652315363,254.834341199087,249.88129277928,250.797606736944,3419775.0
2016-08-26,252.085399326094,255.28011555687,251.268146336826,254.561923535998,2203465.0
2016-08-29,254.400949462354,262.449653144541,254.116149178215,261.880052576263,3701495.0
2016-08-30,263.006871091769,264.616611828207,260.777999302856,264.096541744127,4153522.0
2016-08-31,263.725063112642,265.978700143654,259.292084776914,262.511566249789,5324960.0
2016-09-01,260.777999302856,265.669134617416,254.017088209819,254.883871683285,9742454.0
2016-09-02,255.354411283167,255.713507293603,248.222021558645,250.958580810588,6428814.0
2016-09-06,252.580704168075,253.843731515126,251.367207305222,252.580704168075,2631091.0
2016-09-07,253.100774252155,254.351418978156,250.884285084291,252.023486220847,2954995.0
2016-09-08,253.360809294195,256.55552552497,252.654999894372,255.924011851445,2790196.0
2016-09-09,256.32025572503,260.010276797786,255.081993620078,258.685336345488,3490441.0
2016-09-12,255.181054588474,261.520956565827,254.871489062236,259.168258566419,7699800.0
2016-09-14,259.539737197904,262.263913828798,257.781405008873,258.734866829686,4252754.0
2016-09-15,259.292084776914,265.03762094389,259.292084776914,263.749828354741,7170885.0
2016-09-16,264.245133196721,270.894600700313,262.288679070897,266.362561396189,8988926.0
2016-09-19,265.619604133218,269.445834037519,265.235742880683,268.058980479973,3812324.0
2016-09-20,268.455224353558,268.6409636693,264.752820659752,266.028230627852,2635854.0
2016-09-21,265.978700143654,268.678111532449,264.740438038702,265.545308406921,2501476.0
2016-09-22,268.207571932567,271.377522921244,267.216962248606,269.68110383746,4288544.0
2016-09-23,269.693486458509,274.757978467762,269.693486458509,273.111089868176,7105725.0
2016-09-26,273.259681320771,279.735792129669,272.479576194651,274.200760520534,8734943.0
2016-09-27,276.62775424624,278.844243414103,274.05216906794,275.018013509802,4428693.0
2016-09-28,274.374117215227,274.398882457326,269.024824921835,270.102112953143,5673488.0
2016-09-29,271.179400984452,275.07992661505,264.344194165117,265.594838891119,4859746.0
2016-09-30,264.492785617712,271.067957395006,264.071776502028,268.38092862726,2560105.0
2016-10-03,269.198181616529,274.386499836277,266.535918090882,270.114495574193,4143109.0
2016-10-04,270.69647876352,274.473178183623,270.43644372148,271.513731752789,2997544.0
2016-10-05,273.408272773365,274.027403825841,268.90099871134,269.792547426906,2466397.0
2016-10-06,270.43644372148,278.918539140401,270.43644372148,275.092309236099,4825630.0
2016-10-07,275.884796983269,278.126051393231,274.027403825841,274.646534878317,3492838.0
2016-10-10,275.884796983269,277.866016351191,270.931748563461,271.513731752789,2640973.0
2016-10-13,269.693486458509,269.705869079559,260.530346881866,261.805756849966,5014667.0
2016-10-14,263.25452351276,267.959919511577,262.920192744423,266.882631480269,3489473.0
2016-10-17,267.464614669596,267.662736606388,262.202000723551,262.672540323432,2246237.0
2016-10-18,263.997480775731,268.14565882732,263.019253712819,267.737032332685,2531133.0
2016-10-19,268.566667943003,271.105105258154,267.811328058983,269.284859963875,3902656.0
2016-10-20,270.919365942412,271.922358247423,268.467606974607,269.334390448073,2314521.0
2016-10-21,271.674705826432,271.674705826432,262.115322376204,263.551706417948,9968242.0
2016-10-24,264.988090459692,265.978700143654,262.672540323432,263.328819239057,2403099.0
2016-10-25,263.749828354741,263.811741459988,261.075182208045,262.722070807631,1750711.0
2016-10-26,261.533339186877,262.375357418244,260.555112123965,261.038034344896,2502055.0
2016-10-27,260.307459702974,261.000886481748,258.400536061349,259.713093892598,2935574.0
2016-10-28,260.035042039885,262.016261407808,258.499597029745,261.260921523787,1857917.0
2016-10-30,262.202000723551,262.202000723551,259.118728082221,260.332224945074,362170.0
2016-11-01,260.356990187173,261.508573944778,259.39114574531,260.282694460875,2337011.0
2016-11-02,257.806170250972,258.264327229804,252.853121831164,253.534165988888,1609225.0
2016-11-03,253.558931230987,256.258342619782,252.754060862768,253.583696473086,1671371.0
2016-11-04,252.667382515422,254.314271115008,247.652420990367,249.026891926863,2636911.0
2016-11-07,251.119554884232,251.751068557757,247.417151190426,247.937221274506,2172921.0
2016-11-08,249.064039790012,249.064039790012,247.231411874683,248.519204463833,3070346.0
2016-11-09,235.269799940848,249.88129277928,230.316751521041,248.791622126922,4946573.0
2016-11-10,252.258756020788,254.821958578038,249.385987937299,250.228006168667,2231907.0
2016-11-11,247.119968285237,251.986338357698,246.438924127514,248.0858127271,3377392.0
2016-11-15,246.7856375169,247.652420990367,242.587928981114,244.036695643907,3311592.0
2016-11-16,246.414158885415,246.859933243198,242.872729265253,244.321495928046,3783226.0
2016-11-17,244.185287096502,247.194264011535,241.312519013013,242.142154623331,2886635.0
2016-11-18,243.937634675511,245.844558317137,243.19467741254,244.556765727987,4151928.0
2016-11-21,244.569148349037,246.055062874979,243.491860317729,245.547375411949,3024712.0
2016-11-22,247.082820422089,249.584109874092,245.993149769731,248.011517000803,4033660.0
2016-11-23,248.890683095319,250.252771410766,247.540977400921,249.88129277928,2996248.0
2016-11-24,249.026891926863,249.026891926863,243.244207896738,244.519617864839,4323375.0
2016-11-25,245.175896780463,246.637046064306,243.776660601868,246.092210738127,2389829.0
2016-11-28,245.918854043434,247.801012442961,243.71474749662,244.346261170145,1900161.0
2016-11-29,244.928244359473,248.717326400625,244.692974559532,247.082820422089,2259609.0
2016-11-30,247.640038369317,247.640038369317,244.346261170145,245.188279401513,6308004.0
2016-12-01,247.652420990367,251.367207305222,246.414158885415,247.095203043138,2886513.0
2016-12-02,246.637046064306,248.890683095319,245.621671138246,246.352245780167,2853045.0
2016-12-05,246.414158885415,247.57812526407,244.309113306997,246.129358601276,911410.0
2016-12-06,246.661811306405,249.274544347854,246.315097917019,248.940213579517,1537535.0
2016-12-07,248.643030674328,249.534579389894,246.748489653752,247.441916432525,1127113.0
2016-12-08,248.903065716368,253.051243767957,248.729709021675,252.617852031224,2000230.0
2016-12-09,253.100774252155,255.54015059891,252.679765136471,254.821958578038,1883333.0
2016-12-12,252.729295620669,257.979526945665,252.729295620669,254.388566841305,2062700.0
2016-12-13,254.586688778097,257.806170250972,254.475245188651,257.508987345783,2369453.0
2016-12-14,257.508987345783,263.613619523196,257.112743472199,262.387740039294,5517829.0
2016-12-15,260.629407850262,264.393724649316,259.700711271548,260.765616681807,4418967.0
2016-12-16,260.530346881866,263.006871091769,260.530346881866,261.805756849966,3415537.0
2016-12-19,261.273304144837,264.232750575672,261.112330071193,263.143079923314,3430950.0
2016-12-20,261.19900841854,262.759218670779,260.815147166005,261.991496165709,2671719.0
2016-12-21,262.536331491888,264.319428923018,261.818139471016,263.316436618007,4655758.0
2016-12-22,262.016261407808,263.167845165413,260.270311839826,260.864677650203,6604416.0
2016-12-23,260.530346881866,264.728055417653,260.530346881866,261.842904713115,2346414.0
2016-12-26,261.112330071193,263.997480775731,258.710101587587,259.40352836636,3502299.0
2016-12-27,259.502589334756,264.26989843882,259.292084776914,263.675532628443,3987142.0
2016-12-28,264.468020375613,264.876646870247,259.316850019013,259.960746313588,2202927.0
2016-12-29,260.035042039885,264.690907554504,259.91121582939,263.861271944186,2005206.0
2016-12-30,263.700297870543,268.702876774548,263.279288754859,268.058980479973,3591493.0
2017-01-02,268.455224353558,269.9411388795,265.57007364902,268.727642016647,1622458.0
2017-01-03,269.903991016351,271.674705826432,267.737032332685,269.792547426906,1470751.0
2017-01-04,270.659330900372,270.684096142471,263.576471660047,264.28228105987,2375547.0
2017-01-05,265.235742880683,267.439849427497,264.678524933454,266.820718375021,1996483.0
2017-01-06,266.028230627852,268.702876774548,265.755812964763,266.213969943595,1793427.0
2017-01-09,266.721657406625,268.950529195538,265.235742880683,266.895014101318,1195257.0
2017-01-10,267.464614669596,271.030809531857,267.464614669596,269.903991016351,2594400.0
2017-01-11,271.179400984452,271.352757679145,268.455224353558,268.962911816588,2623211.0
2017-01-12,269.198181616529,270.027817226846,267.415084185398,268.281867658864,999364.0
2017-01-13,268.591433185102,271.798532036928,268.591433185102,270.040199847896,1653669.0
2017-01-16,269.92875625845,270.919365942412,265.966317522604,266.535918090882,2746005.0
2017-01-17,263.749828354741,264.492785617712,257.187039198496,257.868083356219,8968290.0
2017-01-18,258.202414124556,259.539737197904,254.77242809384,255.713507293603,3627071.0
2017-01-19,256.357403588178,258.87107566123,255.329646041068,255.998307577742,3493728.0
2017-01-20,256.06022068299,256.927004156456,253.571313852037,254.041853451918,2008082.0
2017-01-23,253.051243767957,255.329646041068,250.822371979043,251.590094484114,3133533.0
2017-01-24,251.862512147203,254.784810714889,251.862512147203,254.413332083404,2153091.0
2017-01-25,255.577298462058,255.750655156752,251.652007589361,251.9368078735,5453230.0
2017-01-27,252.667382515422,254.809575956988,252.357816989184,253.868496757225,4997239.0
2017-01-30,253.831348894076,259.155875945369,253.794201030928,258.747249450735,3583756.0
2017-01-31,259.254936913765,260.976121239648,257.632813556279,258.846310419131,3457365.0
2017-02-01,259.069197598023,260.257929218776,256.369786209228,259.948363692538,2585798.0
2017-02-02,260.035042039885,260.233163976677,257.125126093248,258.425301303448,2079908.0
2017-02-03,259.044432355924,260.146485629331,255.106758862177,255.985924956693,3021751.0
2017-02-06,256.81556056701,258.772014692834,255.589681083108,257.967144324616,2283982.0
2017-02-07,258.053822671962,258.140501019309,254.388566841305,255.304880798969,2264245.0
2017-02-08,255.304880798969,257.125126093248,253.100774252155,253.880879378275,3710094.0
2017-02-09,254.586688778097,256.072603304039,254.289505872909,255.763037777801,2254216.0
2017-02-10,256.32025572503,256.456464556574,253.979940346671,255.119141483226,2861531.0
2017-02-13,255.824950883049,256.072603304039,253.100774252155,255.044845756929,1957988.0
2017-02-14,256.32025572503,260.753234060757,255.057228377979,259.985511555687,4170414.0
2017-02-15,260.753234060757,261.892435197313,258.858693040181,260.356990187173,3482845.0
2017-02-16,260.666555713411,264.851881628148,260.666555713411,264.368959407216,4492847.0
2017-02-17,264.121306986226,267.018840311813,262.127704997254,266.350178775139,3393856.0
2017-02-20,265.124299291237,267.179814385457,264.121306986226,266.32541353304,2663127.0
2017-02-21,266.275883048842,270.176408679441,265.743430343713,269.495364521717,3242790.0
2017-02-22,270.684096142471,300.068055892978,270.43644372148,299.040298345868,29103926.0
2017-02-23,300.550978113909,302.631258450228,292.068882694989,292.910900926356,14229234.0
2017-02-27,294.830207189032,311.249562700693,294.793059325883,306.816584364965,19068911.0
2017-02-28,305.107782660132,309.070221395978,304.240999186666,306.606079807124,8254531.000000001
2017-03-01,307.113767270154,308.178672680412,304.612477818151,305.726913712608,5574153.0
2017-03-02,306.568931943975,310.729492616613,303.88190317623,306.284131659836,4129033.0
2017-03-03,307.47286328059,318.926787751394,307.47286328059,311.682954437426,19270851.0
2017-03-06,314.270922236775,324.919976339361,313.342225658062,323.273087739775,15252154.0
2017-03-07,326.616395423145,328.634762654217,320.994685466664,323.174026771379,9616850.0
2017-03-08,323.855070929103,323.855070929103,318.505778635711,319.768805982762,9906103.0
2017-03-09,319.471623077573,321.452842445496,317.366577499155,318.666752709354,7107670.0
2017-03-10,319.533536182821,320.957537603515,312.339233353051,317.403725362304,5665568.0
2017-03-14,326.591630181046,326.653543286294,318.295274077869,319.347796867078,6346620.0
2017-03-15,319.731658119613,325.98488174962,319.570684045969,323.174026771379,5510658.0
2017-03-16,324.42467149738,324.523732465777,320.363171793138,321.366164098149,3639964.0
2017-03-17,323.9293666554,326.888813086235,321.465225066546,322.12150398217,5195076.0
2017-03-20,323.434061813419,323.495974918667,316.586472373035,317.193220804462,2941714.0
2017-03-21,317.539934193848,317.960943309532,311.868693753169,312.983129647626,5165107.0
2017-03-22,310.060831079939,313.503199731705,308.711125385542,311.967754721565,4638338.0
2017-03-23,312.822155573982,316.388350436243,311.546745605881,315.335827647034,2699090.0
2017-03-24,315.533949583826,319.966927919554,314.134713405231,318.666752709354,3721911.0
2017-03-27,314.790992320855,316.685533341431,308.872099459185,309.837943901048,7418122.0
2017-03-28,311.546745605881,313.032660131824,307.609072112135,308.513003448749,4961934.0
2017-03-29,309.986535353642,312.042050447862,305.442113428469,311.212414837544,4325787.0
2017-03-30,310.80378834291,315.69492365747,310.30848350093,314.67954873141,6368859.0
2017-03-31,313.527964973804,331.272260937764,313.527964973804,327.124082886175,10375519.0
2017-04-03,332.349548969072,341.884167177201,331.12366948517,340.435400514408,10260327.0
2017-04-05,345.52465776576,351.17113296434,341.785106208805,350.428175701369,9217360.0
2017-04-06,348.942261175427,358.823592772942,347.258224712692,356.248007594643,11571075.0
2017-04-07,351.988385953608,355.133571700186,347.344903060039,348.34789536505,7286151.0
2017-04-10,349.189913596417,352.879934669174,341.091679430032,342.094671735043,7033141.0
2017-04-11,343.70441247148,346.824832975959,339.308581998901,339.86579994613,7371727.0
2017-04-12,342.453767745479,343.357699082094,334.615568621134,335.321378020957,6274215.0
2017-04-13,335.321378020957,340.12583498817,333.674489421371,337.996024167653,2906188.0
2017-04-17,338.045554651851,345.611336113106,338.045554651851,344.695022155442,2705854.0
2017-04-18,346.701006765464,349.189913596417,338.540859493831,339.333347241001,3661083.0
2017-04-19,339.036164335812,342.391854640232,336.200544115472,338.986633851614,2645292.0
2017-04-20,341.512688545716,343.444377429441,337.822667472959,339.172373167357,1918612.0
2017-04-21,341.884167177201,351.914090227311,341.40124495627,347.332520438989,6910277.0
2017-04-24,348.954643796476,355.381224121176,346.762919870712,351.022541511746,5831731.0
2017-04-25,361.572534645935,363.491840908611,353.177117574362,354.836388794997,8403704.0
2017-04-26,355.381224121176,356.631868847178,347.357285681088,350.787271711805,3831775.0
2017-04-27,350.92348054335,352.694195353431,347.258224712692,349.066087385922,2873655.0
2017-04-28,349.12800049117,351.740733532618,344.4845175976,345.52465776576,2708404.0
2017-05-02,347.208694228494,347.208694228494,338.367502799138,339.420025588347,4249684.0
2017-05-03,340.992618461636,341.946080282449,338.045554651851,339.308581998901,2171549.0
2017-05-04,340.522078861754,341.66127999831,335.333760642006,336.299605083869,3283811.0
2017-05-05,337.203536420483,338.627537841178,328.139457812236,328.944328180455,3565543.0
2017-05-08,329.377719917188,331.730417916596,326.49256921265,327.247909096671,3672585.0
2017-05-09,327.891805391246,330.281651253803,326.963108812532,329.464398264534,4824511.0
2017-05-10,330.566451537942,337.698841262464,329.538693990832,336.584405368007,5235932.0
2017-05-11,337.822667472959,339.221903651555,334.739394831629,336.695848957453,3150756.0
2017-05-12,336.819675167948,337.79790223086,332.857236432102,334.442211926441,1719729.0
2017-05-15,335.915743831333,335.915743831333,330.244503390654,332.869619053152,1540213.0
2017-05-16,333.352541274083,340.992618461636,332.101896548082,335.890978589234,2892947.0
2017-05-17,335.073725599966,338.280824451791,333.773550389767,335.098490842065,2250304.0
2017-05-18,331.916157232339,334.330768336995,327.916570633345,328.721441001563,2237916.0
2017-05-19,330.120677180159,330.789338716833,324.42467149738,326.616395423145,2928883.0
2017-05-22,328.510936443722,330.269268632753,325.71246408653,327.928953254394,2011859.0
2017-05-23,328.312814506929,329.340572054039,322.443452129458,323.322618223973,2108223.0
2017-05-24,323.805540444905,325.340985455045,320.734650424624,321.378546719199,3274804.0
2017-05-25,321.948147287477,325.019037307757,321.068981192961,322.554895718903,5925335.0
2017-05-26,322.926374350389,332.943914779449,321.948147287477,331.185582590417,4898639.0
2017-05-29,331.11128686412,338.156998241296,330.764573474734,336.039570041829,5491170.0
2017-05-30,335.791917620838,337.971258925554,333.95928970551,336.646318473255,2207727.0
2017-05-31,338.540859493831,338.776129293772,330.814103958932,332.027600821785,3754099.0
2017-06-01,330.046381453862,331.854244127091,327.644152970255,328.944328180455,2179328.0
2017-06-02,330.61598202214,331.532295979804,326.158238444313,328.077544706988,2627565.0
2017-06-05,328.449023338474,332.101896548082,325.873438160174,329.216745843544,2476706.0
2017-06-06,330.3559469801,330.3559469801,324.672323918371,325.118098276153,2192356.0
2017-06-07,324.721854402569,332.349548969072,324.17701907639,331.606591706101,2559954.0
2017-06-08,331.854244127091,333.042975747845,328.894797696257,329.798729032871,1806521.0
2017-06-09,333.117271474142,335.061342978917,329.625372338178,330.789338716833,3162802.0
2017-06-12,328.523319064771,329.31580681194,326.158238444313,326.764986875739,1927513.0
2017-06-13,327.049787159878,328.634762654217,324.672323918371,325.501959528689,1377291.0
2017-06-14,325.885820781224,336.807292546899,325.885820781224,336.188161494423,12101027.0
2017-06-15,336.807292546899,345.475127281562,336.584405368007,342.738568029618,6466804.0
2017-06-16,344.013977997718,345.673249218354,339.110460062109,343.939682271421,7477157.0
2017-06-19,344.286395660808,350.626297638161,344.286395660808,349.004174280674,3482912.0
2017-06-20,348.942261175427,352.186507890401,348.558399922892,349.771896785744,2318399.0
2017-06-21,348.645078270238,353.647657174244,347.765912175723,352.161742648302,4569943.0
2017-06-22,354.00675318468,357.956809299476,353.573361447947,354.799240931849,5055942.0
2017-06-23,355.628876542167,357.114791068109,354.291553468819,355.591728679018,7118832.0
2017-06-27,354.638266858205,357.362443489099,352.904699911273,355.913676826306,7449878.0
2017-06-28,356.607103605079,356.607103605079,345.611336113106,346.341910755028,3558538.0
2017-06-29,346.713389386513,349.189913596417,344.261630418709,344.905526713284,2948322.0
2017-06-30,344.732170018591,344.831230986987,340.534461482804,341.760340966706,1786211.0
2017-07-03,343.791090818827,345.400831555265,339.531469177793,342.020376008746,2101886.0
2017-07-04,344.23686517661,353.424769995352,343.989212755619,352.149360027252,4301200.0
2017-07-05,354.00675318468,358.464496762506,352.657047490282,357.275765141753,6219522.0
2017-07-06,358.774062288744,359.096010436032,356.124181384147,357.250999899654,3106517.0
2017-07-07,357.362443489099,370.921413538322,356.619486226128,369.286907559785,8193635.0
2017-07-10,378.908204115261,383.861252535068,368.779220096755,369.707916675469,815433.0
2017-07-11,371.72628390654,372.568302137908,368.259150012675,370.079395306955,4799229.0
2017-07-12,371.330040032956,377.669942010309,370.859500433074,374.227573358543,3909797.0
2017-07-13,373.645590169216,377.669942010309,373.001693874641,376.951749989437,5259759.0
2017-07-14,376.431679905357,380.394118641203,375.32962663195,379.836900693975,4693011.0
2017-07-17,380.641771062194,386.238715776576,380.641771062194,384.294644271802,4285809.0
2017-07-18,383.068764787899,384.307026892851,374.202808116444,376.406914663258,4489412.0
2017-07-19,374.599051990029,380.889423483184,374.599051990029,379.638778757183,2695041.0
2017-07-20,381.322815219917,383.861252535068,377.347993863022,378.635786452172,3114686.0
2017-07-21,383.861252535068,394.188358490367,382.610607809067,392.529087269731,22205112.0
2017-07-24,396.243873584587,402.410418867247,392.529087269731,400.02057300469,9927229.0
2017-07-25,402.360888383049,402.422801488296,395.64950777421,396.776326289716,4586079.0
2017-07-26,397.284013752746,403.648680972199,396.516291247676,401.877966162118,5018389.0
2017-07-27,403.178141372317,404.044924845783,393.358722880049,394.956080995437,4208071.0
2017-07-28,394.076914900921,397.717405489479,390.795520322799,394.86940264809,3276023.0
2017-07-31,396.726795805518,400.899739099206,395.253263900625,400.00819038364,3787034.0
2017-08-01,401.877966162118,401.877966162118,394.138828006169,397.135422300152,2814298.0
2017-08-02,398.72039779449,405.085065013943,398.249858194609,403.475324277506,4751385.0
2017-08-03,402.893341088178,412.316515706862,400.466347362473,408.651259876204,4504776.0
2017-08-04,411.84597610698,411.84597610698,399.983425141541,401.729374709523,4247045.0
2017-08-07,404.069690087882,404.069690087882,399.351911468016,400.292990667779,2180018.0
2017-08-08,400.701617162413,401.456957046434,392.974861627514,396.875387258112,2505568.0
2017-08-09,396.615352216072,401.196922004394,392.529087269731,395.946690679398,2385643.0
2017-08-10,394.522689258704,397.890762184173,390.783137701749,392.368113196088,2328843.0
2017-08-11,384.096522335009,391.290825164779,379.651161378232,382.932555956355,3885064.0
2017-08-14,386.585429165962,392.405261059236,386.585429165962,389.569640838896,3072299.0
2017-08-16,389.309605796857,390.300215480818,383.910783019267,387.848456513013,3103394.0
2017-08-17,388.566648533885,395.661890395259,386.622577029111,388.096108934004,3618179.0
2017-08-18,387.328386428934,390.745989838601,384.641357661188,390.151624028224,1814011.0
2017-08-21,390.547867901808,392.31858271189,386.39968985022,387.42744739733,1731188.0
2017-08-22,389.309605796857,391.26605992268,385.35954968206,386.350159366022,2179230.0
2017-08-23,387.538890986775,392.912948522266,384.641357661188,391.79851262781,1901824.0
2017-08-24,393.767349374683,394.535071879753,387.452212639429,388.331378733945,2892571.0
2017-08-28,391.055555364839,391.773747385711,386.634959650161,387.959900102459,2815328.0
2017-08-29,386.795933723804,388.1951699024,378.908204115261,379.44065682039,3466421.0
2017-08-30,383.254504103642,388.517118049687,381.694293851403,387.353151671033,2362387.0
2017-08-31,390.052563059828,395.612359911061,389.804910638837,394.88178526914,5738495.0
2017-09-01,396.206725721438,400.354903773027,395.996221163596,398.745163036589,3527477.0
2017-09-04,400.082486109937,405.196508603389,395.216116037477,399.550033404808,4928375.0
2017-09-05,403.673446214298,404.874560456101,401.456957046434,404.317342508873,5764131.0
2017-09-06,402.781897498733,409.245625686581,401.890348783167,407.487293497549,11142512.0
2017-09-07,407.635884950144,412.341280948961,403.673446214298,405.208891224438,7408536.0
2017-09-08,406.149970424201,407.759711160639,402.237062172554,404.614525414061,6056729.0
2017-09-11,406.793866718776,409.542808591769,404.441168719368,405.109830256042,5801712.0
2017-09-12,407.512058739648,408.626494634105,404.664055898259,408.007363581629,2971669.0
2017-09-13,408.131189792124,425.912633619233,407.140580108163,420.513810841643,13430225.0
2017-09-14,423.881883767112,426.705121366402,417.046676947778,417.962990905442,5425486.0
2017-09-15,417.046676947778,422.420734483269,413.455716843417,416.947615979381,13072853.0
2017-09-18,421.009115683623,421.529185767703,417.591512273956,418.805009136809,2314174.0
2017-09-19,420.365219389049,420.389984631148,414.570152737874,415.362640485043,3528729.0
2017-09-20,424.030475219706,432.15347462819,418.582121957918,419.597496883978,11402965.0
2017-09-21,419.523201157681,421.851133914991,414.198674106388,416.72472880049,5920552.0
2017-09-22,416.006536779618,416.006536779618,402.781897498733,404.862177835052,5620443.0
2017-09-25,403.673446214298,410.087643917948,398.819458762887,406.917692929272,6505309.0
2017-09-26,406.991988655569,409.641869560166,402.286592656752,406.1995009084,4829571.0
2017-09-27,408.923677539294,408.973208023492,394.015001795673,395.822864468903,8434196.0
2017-09-28,396.070516889894,397.680257626331,386.436837713368,389.532492975748,13508179.0
2017-09-29,392.157608638246,392.974861627514,385.892002387189,386.783551102755,7619230.0
2017-10-03,393.767349374683,398.150797226213,388.987657649569,395.426620595319,8387058.999999999
2017-10-04,395.847629711002,408.601729392006,394.064532279872,405.580369855924,8643924.0
2017-10-05,408.626494634105,410.335296338939,405.481308887527,408.205485518421,4860479.0
2017-10-06,408.131189792124,415.734119116529,407.437763013351,414.594917979973,5942106.0
2017-10-09,415.560762421835,415.95700629542,410.112409160047,411.424966991296,4046109.0
2017-10-10,411.59832368599,419.671792610275,411.59832368599,417.641042758155,6734986.0
2017-10-11,418.681182926314,425.169676356262,414.074847895893,416.130362990113,7049800.0
2017-10-12,417.096207431976,434.283285448707,417.096207431976,432.277300838685,8522926.0
2017-10-13,435.521547553659,441.168022752239,432.574483743874,434.109928754014,9833512.0
2017-10-16,435.372956101065,441.811919046814,426.606060398006,434.283285448707,14633539.0
2017-10-17,434.877651259084,437.849480310968,429.528358965692,433.069788585854,6354084.0
2017-10-18,434.580468353896,454.640314454115,433.391736733142,452.956277991381,16765178.0
2017-10-19,453.600174285956,456.621533822038,447.260272308602,450.677875718269,3664082.0
2017-10-23,452.163790244212,467.914484219199,450.281631844685,465.462725251394,12551649.0
2017-10-24,469.400398745141,469.400398745141,459.741954326517,462.7385486205,6335308.0
2017-10-25,465.636081946088,468.508850029576,460.385850621092,465.537020977691,4577050.0
2017-10-26,465.586551461889,474.402977649147,461.128807884063,469.251807292547,7698704.0
2017-10-27,470.539599881697,473.858142322968,458.503692221565,460.559207315785,5256749.0
2017-10-30,462.614722410005,468.335493334883,460.930685947271,466.824813566841,3576533.0
2017-10-31,468.038310429694,468.434554303279,461.72317369444,466.007560577573,4345360.0
2017-11-01,469.42516398724,474.402977649147,468.434554303279,471.802627228748,8033040.0
2017-11-02,471.926453439243,473.759081354572,467.691597040308,468.855563418962,4698609.0
2017-11-03,473.486663691482,473.486663691482,465.660847188187,468.211667124387,2193730.0
2017-11-06,466.824813566841,466.824813566841,460.138198200101,461.871765147034,4460799.0
2017-11-07,462.292774262718,463.110027251986,447.285037550701,449.092900223931,9347943.0
2017-11-08,447.012619887612,448.746186834545,437.899010795166,439.731638710495,8115980.0
2017-11-09,443.174007362261,450.677875718269,441.836684288913,446.022010203651,6860798.0
2017-11-10,446.244897382542,446.244897382542,435.472017069461,437.775184584671,6365174.0
2017-11-13,438.344785152949,441.762388562616,432.648779470171,433.515562943637,4155011.0
2017-11-14,433.391736733142,443.297833572756,432.40112704918,439.186803384316,5706105.0
2017-11-15,438.097132731959,441.118492268041,434.852886016985,437.700888858374,6981872.0
2017-11-16,438.592437573939,448.746186834545,438.592437573939,447.681281424286,6931038.0
2017-11-17,455.160384538195,458.10744834798,449.984448939496,451.668485402231,5586242.0
2017-11-20,448.845247802941,457.835030684891,448.250881992564,456.101463737958,4220192.0
2017-11-21,459.048527547744,465.413194767196,458.404631253169,461.896530389133,5980763.0
2017-11-22,464.323524114839,464.917889925215,457.389256327108,461.004981673568,5055490.0
2017-11-23,461.128807884063,470.490069397499,458.974231821447,469.053685355755,7329126.0
2017-11-24,470.539599881697,475.244995880514,469.251807292547,471.084435207876,6394443.0
2017-11-27,469.17751156625,474.254386196552,467.567770829812,471.208261418371,4680074.0
2017-11-28,470.4653041554,471.208261418371,464.645472262126,467.245822682525,4641893.0
2017-11-29,466.502865419554,470.539599881697,466.08185630387,468.558380513774,3674864.0
2017-11-30,466.304743482762,466.304743482762,455.432802201284,456.448177127345,9434893.0
2017-12-01,457.884561169089,461.252634094558,449.588205065912,450.776936686666,5081389.0
2017-12-04,452.4609731494,452.609564601994,444.461799951411,446.566845529829,4618847.0
2017-12-05,446.29442786674,456.05193325376,443.520720751648,452.560034117796,8369174.000000001
2017-12-06,450.727406202467,460.782094494676,450.133040392091,458.974231821447,11007689.0
2017-12-07,460.658268284181,463.605332093967,457.166369148217,461.401225547152,5529565.0
2017-12-08,462.540426683708,464.075871693848,455.209915022393,456.175759464256,5588486.0
2017-12-11,456.893951485128,458.652283674159,452.485738391499,453.773530980649,4933853.0
2017-12-12,453.674470012253,460.138198200101,449.736796518506,453.50111331756,7215014.0
2017-12-13,454.145009612135,458.132213590079,451.074119591854,453.030573717678,4182097.0
2017-12-14,455.185149780294,458.10744834798,450.108275149992,456.423411885246,5021130.0
2017-12-15,461.128807884063,462.094652325925,454.541253485719,455.55662841178,11158706.0
2017-12-18,451.69325064433,461.946060873331,427.27472193468,456.175759464256,8494801.0
2017-12-19,457.463552053405,459.14758851614,455.680454622275,458.62751843206,4064982.0
2017-12-20,458.602753189961,459.345710452932,454.194540096333,454.76414066461,4774414.0
2017-12-21,454.912732117205,457.636908748099,450.727406202467,452.188555486311,4147162.0
2017-12-22,453.030573717678,456.869186243029,450.380692813081,455.878576559067,4872675.0
2017-12-26,458.082683105881,465.041716135711,454.76414066461,460.534442073686,5301456.0
2017-12-27,462.119417568024,464.348289356938,455.185149780294,457.537847779703,4352384.0
2017-12-28,458.280805042674,462.812844346797,455.234680264492,457.760734958594,7091515.0
2017-12-29,458.89993609515,461.772704178638,454.937497359304,456.200524706355,5069838.0
2018-01-01,457.017777695623,457.017777695623,449.489144097516,450.603579991972,4321686.0
2018-01-02,452.21332072841,455.457567443383,448.944308771337,451.297006770745,4342815.0
2018-01-03,458.156978832178,458.652283674159,452.238085970509,453.104869443975,6175312.0
2018-01-04,454.76414066461,456.57200333784,453.550643801758,455.829046074869,4118581.0
2018-01-05,456.57200333784,459.098058031942,455.80428083277,457.290195358712,3401905.0
2018-01-08,458.701814158357,461.128807884063,457.414021569207,459.91531102121,4035417.0
2018-01-09,459.717189084418,467.518240345614,457.661673990198,466.057091061771,6534997.0
2018-01-10,467.072465987832,469.251807292547,463.357679672976,466.750517840544,5361502.0
2018-01-11,466.478100177455,466.899109293138,463.110027251986,464.472115567433,3588727.0
2018-01-12,467.072465987832,471.926453439243,464.719767988423,470.044295039716,6890028.0
2018-01-15,470.539599881697,474.749691038533,468.162136640189,470.118590766013,5084113.0
2018-01-16,469.400398745141,469.400398745141,455.680454622275,457.141603906118,4948895.0
2018-01-17,458.652283674159,460.138198200101,449.241491676525,457.909326411188,6036432.0
2018-01-18,460.138198200101,460.43538110529,453.253460896569,455.531863169681,4289053.0
2018-01-19,457.166369148217,462.812844346797,456.720594790434,461.277399336657,4559564.0
2018-01-22,469.548990197735,482.575507541829,465.586551461889,481.188653984283,20892838.0
2018-01-23,482.922220931215,490.822333160808,482.922220931215,487.008485877556,10298500.0
2018-01-24,486.265528614585,486.265528614585,476.805206132753,478.637834048082,6532672.0
2018-01-25,479.405556553152,481.436306405273,473.585724659878,478.41494686919,6249419.0
2018-01-29,478.563538321785,484.061422067771,475.145934912118,477.721520090417,4524605.0
2018-01-30,478.365416384992,478.365416384992,470.044295039716,470.737721818489,4198139.0
2018-01-31,470.539599881697,477.721520090417,466.35427396696,476.136544596079,5738209.0
2018-02-01,477.102389037942,481.733489310461,463.902514999155,467.493475103515,7554587.0
2018-02-02,463.110027251986,467.543005587713,446.269662624641,447.928933845276,13242095.0
2018-02-05,442.802528730776,451.965668307419,436.759809658611,446.839263192919,8773525.0
2018-02-06,434.382346417103,444.783748098699,431.410517365219,441.861449531012,11000567.0
2018-02-07,447.037385129711,448.449003929356,440.821309362853,443.000650667568,7100838.0
2018-02-08,444.734217614501,451.049354349755,441.985275741508,448.027994813672,6320734.0
2018-02-09,440.326004520872,446.764967466622,438.84008999493,444.709452372402,5294279.0
2018-02-12,447.260272308602,454.788905906709,446.789732708721,453.451582833362,5429792.0
2018-02-14,457.166369148217,466.824813566841,456.175759464256,462.441365715312,10170959.0
2018-02-15,464.422585083235,468.434554303279,459.717189084418,463.431975399273,6109454.0
2018-02-16,465.388429525097,466.874344051039,454.739375422511,456.32435091685,4401672.0
2018-02-19,456.175759464256,461.624112726044,452.485738391499,459.14758851614,4087936.0
2018-02-20,460.138198200101,460.410615863191,455.086088811898,456.225289948454,3866919.0
2018-02-21,460.633503042082,461.871765147034,456.745360032533,460.311554894795,5448230.0
2018-02-22,456.671064306236,461.128807884063,455.680454622275,457.835030684891,5118850.0
2018-02-23,458.355100768971,464.595941777928,457.042542937722,462.7385486205,4850839.0
2018-02-26,465.091246619909,468.013545187595,463.902514999155,464.942655167315,3856478.0
2018-02-27,465.091246619909,473.412367965185,464.769298472621,470.787252302687,6410097.0
2018-02-28,468.533615271675,474.05626425976,467.171526956228,472.793236912709,25898694.0
2018-03-01,470.415773671202,475.443117817306,468.533615271675,469.747112134528,4094652.0
2018-03-05,467.072465987832,470.613895607994,456.472942369444,457.711204474396,5634893.0
2018-03-06,460.138198200101,463.704393062363,448.300412476762,451.148415318151,7323680.0
2018-03-07,450.355927570982,450.355927570982,439.85546492099,440.697483152358,7247708.0
2018-03-08,444.610391404005,452.956277991381,442.455815341389,451.44559822334,6072983.0
2018-03-09,453.154399928173,455.358506474987,451.247476286547,452.262851212608,4863577.0
2018-03-12,455.680454622275,462.168948052222,454.466957759422,460.782094494676,3801407.0
2018-03-13,461.574582241846,463.605332093967,456.349116158949,461.549816999747,5096825.0
2018-03-14,460.039137231705,461.648877968143,455.28421074869,460.1629634422,6731530.0
2018-03-15,458.156978832178,460.361085378993,450.727406202467,451.618954918033,5811424.0
2018-03-16,450.232101360487,450.578814749873,438.864855237029,445.799123024759,14087564.0
2018-03-19,446.269662624641,449.191961192327,441.811919046814,443.545485993747,5774392.0
2018-03-20,442.455815341389,447.755577150583,439.36016007901,440.722248394457,6945721.0
2018-03-21,443.223537846459,446.938324161315,442.455815341389,444.23891277252,6727261.0
2018-03-22,443.793138414737,451.69325064433,443.669312204242,449.811092244803,10116965.0
2018-03-23,441.118492268041,445.77435778266,440.37553500507,442.752998246578,10729694.0
2018-03-26,442.777763488677,447.904168603177,442.059571467805,446.319193108839,6047262.0
2018-03-27,449.340552644921,451.098884833953,444.288443256718,445.675296814264,6939577.0
2018-03-28,443.694077446341,443.71884268844,435.868260943045,437.205584016393,8759586.0
2018-04-02,442.307223888795,446.244897382542,439.08774241592,442.282458646696,5712065.0
2018-04-03,441.316614204834,446.616376014027,438.468611363444,445.551470603769,6364728.0
2018-04-04,448.10229053997,451.618954918033,441.836684288913,443.248303088558,6498407.0
2018-04-05,448.300412476762,450.727406202467,447.507924729593,449.835857486902,3898676.0
2018-04-06,449.736796518506,454.937497359304,448.250881992564,451.222711044448,4418462.0
2018-04-09,451.990433549518,455.185149780294,451.990433549518,453.699235254352,3572251.0
2018-04-10,454.887966875106,457.612143506,452.782921296688,454.219305338432,3865402.0
2018-04-11,456.57200333784,461.995591357529,453.724000496451,461.054512157766,6007539.0
2018-04-12,460.559207315785,463.927280241254,457.760734958594,459.989606747507,4947725.0
2018-04-13,461.97082611543,466.428569693257,459.989606747507,465.016950893612,5767984.0
2018-04-16,462.837609588896,465.586551461889,459.890545779111,464.125402178046,4084450.0
2018-04-17,465.586551461889,469.152746324151,463.605332093967,467.691597040308,4388713.0
2018-04-18,468.186901882288,469.648051166131,463.134792494085,464.595941777928,3365196.0
2018-04-19,465.140777104107,468.063075671793,463.110027251986,466.725752598445,4481413.0
2018-04-20,464.595941777928,466.502865419554,456.274820432652,459.593362873923,3349519.0
2018-04-23,460.633503042082,467.741127524506,459.890545779111,463.605332093967,3508515.0
2018-04-24,463.50627112557,483.268934320602,463.110027251986,480.470461963411,9107264.0
2018-04-25,482.253559394541,486.290293856684,477.250980490536,480.693349142302,6436620.0
2018-04-26,481.931611247254,489.361183876965,476.607084195961,483.095577625908,15588001.0
2018-04-27,490.25273259253,500.753195242522,488.122921772013,493.472214065405,11666267.0
2018-04-30,486.38935482508,491.639586150076,475.492648301504,477.127154280041,8871802.0
2018-05-02,478.959782195369,485.002501267534,477.993937753507,481.783019794659,6117761.0
2018-05-03,484.358604972959,484.358604972959,475.121169670019,476.285136048673,3947546.0
2018-05-04,476.904267101149,477.820581058814,470.539599881697,472.496054007521,3795692.0
2018-05-07,474.923047733226,482.055437457749,473.684785628274,480.941001563292,3512532.0
2018-05-08,484.160483036167,486.38935482508,478.068233479804,479.009312679567,4934036.0
2018-05-09,478.41494686919,487.528555961636,476.607084195961,483.764239162582,4494423.0
2018-05-10,485.398745141119,487.67714741423,482.55074229973,485.968345709397,4014645.0
2018-05-11,486.017876193595,490.995689855501,484.284309246662,489.980314929441,4011516.0
2018-05-14,491.317638002789,491.317638002789,483.764239162582,488.667757098192,2579561.0
2018-05-15,486.90942490916,495.304841980734,483.739473920483,484.878675057039,4800923.0
2018-05-16,482.426916089234,482.426916089234,471.75309674455,473.585724659878,8613363.0
2018-05-17,475.170700154217,475.492648301504,466.329508724861,468.236432366486,4733477.0
2018-05-18,468.360258576982,472.273166828629,461.624112726044,462.540426683708,5230037.0
2018-05-21,461.004981673568,463.456740641372,456.720594790434,461.302164578756,6624893.0
2018-05-22,462.193713294321,462.614722410005,458.156978832178,459.023762305645,5170585.0
2018-05-23,458.652283674159,458.652283674159,450.306397086784,451.841842096924,4567562.0
2018-05-24,452.70862557039,456.175759464256,450.801701928765,453.624939528055,5317983.0
2018-05-25,453.699235254352,457.364491085009,452.931512749282,456.076698495859,8129520.0
2018-05-28,458.10744834798,459.14758851614,454.739375422511,455.878576559067,5197835.0
2018-05-29,456.423411885246,459.642893358121,452.906747507183,454.417427275224,8173396.0
2018-05-30,453.129634686074,457.265430116613,449.043369739733,453.74876573855,5991222.0
2018-05-31,456.175759464256,456.81965575883,452.98104323348,456.349116158949,16951801.0
2018-06-01,455.680454622275,463.481505883471,454.912732117205,460.905920705172,8765835.0
2018-06-04,462.317539504817,467.567770829812,460.905920705172,466.007560577573,5600357.0
2018-06-05,466.973405019436,473.0161240916,466.08185630387,469.375633503042,7971524.0
2018-06-06,469.053685355755,473.511428933581,466.899109293138,472.718941186412,4189483.0
2018-06-07,472.966593607402,483.417525773196,472.743706428511,481.114358257985,6857300.0
2018-06-08,478.637834048082,488.642991856093,475.789831206693,487.553321203735,6532599.0
2018-06-11,488.915409519182,495.280076738634,484.928205541237,486.711302972368,6866053.0
2018-06-12,487.082781603853,495.304841980734,485.547336593713,493.893223181088,7445221.0
2018-06-13,495.304841980734,498.22714054842,490.104141139936,496.543104085685,5926020.0
2018-06-14,494.041814633683,501.149439116106,489.064000971776,499.24251547448,5484867.0
2018-06-15,498.276671032618,506.944505767281,494.933363349248,502.33817073686,11294702.0
2018-06-18,499.663524590164,505.43382599924,498.771975874599,503.006832273534,5652374.0
2018-06-19,502.189579284266,502.635353642048,492.159656234156,493.34838785491,6346101.0
2018-06-20,493.323622612811,506.647322862092,492.754022044533,504.839460188863,7193824.0
2018-06-21,506.919740525182,513.13581629204,505.854835114923,511.129831682018,10509756.0
2018-06-22,509.371499492986,509.767743366571,499.490167895471,501.496152505493,16169978.0
2018-06-25,500.951317179314,503.477371873416,496.444043117289,497.508948527548,5197694.0
2018-06-26,498.276671032618,498.276671032618,483.04604714171,484.878675057039,8068585.0
2018-06-27,484.655787878148,488.073391287815,476.829971374852,478.390181627091,8958555.0
2018-06-28,476.483257985466,479.70273945834,465.735142914484,468.038310429694,8581234.0
2018-06-29,470.093825523914,483.169873352206,470.044295039716,481.659193584164,7966401.0
2018-07-02,481.609663099966,481.609663099966,474.006733775562,475.789831206693,6660916.0
2018-07-03,477.969172511408,484.631022636049,475.666004996197,481.089593015886,5067261.0
2018-07-04,481.337245436877,491.342403244888,480.941001563292,490.401324045124,5000724.0
2018-07-05,493.818927454791,499.465402653372,474.799221522731,477.721520090417,18719353.0
2018-07-06,477.845346300913,486.884659667061,477.721520090417,484.185248278266,9161266.0
2018-07-09,488.915409519182,495.304841980734,487.132312088051,493.868457938989,5170189.0
2018-07-10,496.666930296181,509.421029977184,495.304841980734,508.034176419638,10444513.0
2018-07-11,507.687463030252,515.562810017746,504.14603341009,514.522669849586,8665072.0
2018-07-12,517.271611722579,544.340021336826,516.404828249113,536.093195717847,24109297.0
2018-07-13,535.176881760183,549.293069756633,534.929229339192,544.736265210411,17967282.0
2018-07-16,544.736265210411,549.243539272435,531.486860687426,533.047070939665,6595781.0
2018-07-17,534.087211107825,542.829341568785,529.778058982592,541.046244137654,6469256.0
2018-07-18,544.042838431638,547.113728451918,533.591906265844,541.14530510605,4682099.0
2018-07-19,541.516783737536,552.264898808518,538.07441508577,547.237554662413,5433617.0
2018-07-20,551.472411061349,563.904562595065,550.729453798378,559.025809901555,8018150.0
2018-07-23,559.595410469833,559.595410469833,551.323819608754,554.890014471016,5842496.0
2018-07-24,555.732032702383,558.084730701792,548.500582009464,550.258914198496,4469144.0
2018-07-25,549.788374598614,556.227337544364,546.915606515126,552.339194534815,5949680.0
2018-07-26,549.837905082812,555.484380281393,548.698703946257,550.110322745902,6424867.0
2018-07-27,554.493770597431,563.359727268886,550.853280008873,559.620175711932,6679468.0
2018-07-30,559.694471438229,573.216293624303,558.703861754267,570.293995056617,13872467.0
2018-07-31,570.095873119824,589.610883893865,568.188949478198,587.43154258915,13875377.0
2018-08-01,589.610883893865,595.802194418624,587.134359683962,590.576728335728,9704295.0
2018-08-02,590.155719220044,590.155719220044,577.500680507436,578.68941212819,6248975.0
2018-08-03,581.983189327362,586.193280484198,579.283777938567,582.949033769224,6645397.0
2018-08-06,582.825207558729,592.384591008957,582.156546022055,590.700554546223,4016418.0
2018-08-07,591.839755682778,595.059237155653,582.973799011323,586.539993873585,4059460.0
2018-08-08,586.936237747169,605.510169321447,586.936237747169,603.132706079939,7912437.0
2018-08-09,605.014864479466,610.06697386767,600.309468480649,603.256532290434,6846928.0
2018-08-10,599.814163638668,601.795383006591,595.505011513436,596.446090713199,3581210.0
2018-08-13,593.152313514027,594.341045134781,585.797036610614,588.273560820517,4668159.0
2018-08-14,589.412761957073,602.885053658949,586.589524357783,599.616041701876,5299536.0
2018-08-16,595.975551113318,602.290687848572,592.136938587967,594.762054250465,5982490.0
2018-08-17,598.823553954707,601.993504943384,594.390575618979,596.223203534308,3830992.0
2018-08-20,598.278718628528,612.593028561771,598.154892418033,611.651949362008,7607036.0
2018-08-21,612.815915740662,619.874009738888,607.73904111036,617.744198918371,7279641.0
2018-08-23,617.298424560588,631.018368683454,613.38551630894,628.764731652442,7968123.0
2018-08-24,626.684451316123,633.96543249324,624.108866137823,632.751935630387,6652005.0
2018-08-27,633.69301483015,641.840779480733,633.371066682863,639.686203418117,5572177.0
2018-08-28,641.915075207031,655.28830594051,641.41977036505,653.307086572587,8694751.0
2018-08-29,651.969763499239,658.260134992395,639.042307123542,641.023526491465,11077203.0
2018-08-30,640.726343586277,642.484675775308,629.260036494423,631.241255862346,9850042.0
2018-08-31,629.037149315532,629.037149315532,612.493967593375,614.995257045378,15305857.0
2018-09-03,616.654528266013,623.043960727565,607.268501510478,608.803946520619,12200022.0
2018-09-04,611.775775572503,621.508515717424,608.729650794322,615.143848497972,8838770.0
2018-09-05,615.416266161061,620.443610307166,598.575901533716,607.73904111036,10324923.0
2018-09-06,609.299251362599,626.907338495014,606.921788121092,624.777527674497,11195043.0
2018-09-07,626.51109462143,634.658859272013,621.35992426483,633.296770956566,10692787.0
2018-09-10,631.513673525435,632.504283209397,619.180582960115,622.028585801504,7059008.0
2018-09-11,623.588796053744,628.244661568362,611.33000121472,613.038802919554,10874768.0
2018-09-12,620.022601191482,623.440204601149,608.655355068024,620.369314580869,8065553.0
2018-09-14,623.786917990536,631.810856430624,617.967086097262,620.691262728156,7878583.0
2018-09-17,619.502531107402,619.502531107402,605.064394963664,607.194205784181,6754086.0
2018-09-18,607.243736268379,613.880821150921,601.473434859304,602.86028841685,7616412.0
2018-09-19,606.253126584418,606.253126584418,594.861115218861,599.690337428173,11265786.0
2018-09-21,603.776602374514,612.89021146696,586.193280484198,603.033645111543,19070172.0
2018-09-24,601.522965343502,614.128473571912,596.594682165794,610.240330562363,10102589.0
2018-09-25,611.949132267196,616.654528266013,591.889286166976,609.522138541491,9715020.0
2018-09-26,613.682699214129,621.087506601741,607.813336836657,619.82447925469,6396828.0
2018-09-27,621.607576685821,625.570015421666,612.939741951158,620.988445633345,10808749.0
2018-09-28,624.034570411526,629.879167546899,617.793729402569,623.068725969664,11073023.0
2018-10-01,622.944899759168,622.944899759168,596.347029744803,610.06697386767,7332693.0
2018-10-03,608.977303215312,613.979882119317,594.390575618979,596.891865070982,7376575.0
2018-10-04,589.165109536082,589.610883893865,547.807155230691,555.855858912878,23212443.0
2018-10-05,544.587673757816,552.413490261112,514.200721702299,519.500483511492,21943190.0
2018-10-08,520.07008407977,553.255508492479,507.959880693341,549.491191693426,24679428.0
2018-10-09,555.55867600769,556.375928996958,535.523595149569,539.907043001098,10991196.0
2018-10-10,541.813966642724,552.685907924201,537.059040159709,545.875466346966,9502176.0
2018-10-11,527.0043518675,552.141072598023,516.602950185905,538.792607106642,13224172.0
2018-10-12,547.287085146612,559.199166596248,545.77640537857,557.985669733395,9058536.0
2018-10-15,559.644940954031,568.065123267703,553.825109060757,564.523693647541,8871776.0
2018-10-16,567.619348909921,578.218872528308,564.647519858036,576.435775097178,7478601.0
2018-10-17,583.964408695285,584.137765389978,564.647519858036,570.244464572418,12785646.0
2018-10-19,544.835326178807,550.283679440595,530.10000712988,545.479222473382,25421229.0
2018-10-22,549.788374598614,552.165837840122,523.710574668328,526.335690330827,13165542.0
2018-10-23,521.432172395217,527.351065256887,516.924898333193,522.39801683708,10573730.0
2018-10-24,532.403174645091,532.92324472917,510.857414018929,517.965038501352,13655337.0
2018-10-25,513.13581629204,515.43898380725,503.427841389218,510.56023111374,14096237.0
2018-10-26,511.6003712819,523.537217973635,506.20154850431,517.544029385669,9182613.0
2018-10-29,518.088864711847,541.789201400625,518.088864711847,538.792607106642,7671807.0
2018-10-30,537.653405970086,537.653405970086,521.11022424793,523.537217973635,8806701.0
2018-10-31,524.527827657597,527.920665825165,518.584169553828,525.642263552053,16457691.0
2018-11-01,528.936040751225,528.936040751225,520.07008407977,523.16573934215,9396027.0
2018-11-02,528.490266393443,535.424534181173,526.583342751817,532.403174645091,16796200.0
2018-11-05,531.684982624218,541.219600832348,527.499656709481,540.030869211594,7582518.0
2018-11-06,541.863497126922,550.778984282576,540.674765506169,546.866076030928,8634266.0
2018-11-07,552.264898808518,552.264898808518,548.153868620078,550.135087988001,1283997.0
2018-11-09,547.930981441186,551.670532998141,537.405753549096,541.591079463833,10840462.0
2018-11-12,543.696125042251,544.24096036843,532.229817950397,534.929229339192,5801720.0
2018-11-13,531.957400287308,546.321240704749,530.000946161484,544.562908515717,6811598.0
2018-11-14,547.33661563081,551.100932429863,537.653405970086,543.819951252746,7787530.0
2018-11-15,543.324646410766,546.321240704749,538.148710812067,543.275115926568,6831740.0
2018-11-16,543.819951252746,559.66970619613,543.398942137063,558.406678849079,11031889.0
2018-11-19,561.130855479973,570.442586509211,560.18977628021,569.600568277844,7308981.0
2018-11-20,567.12404406794,572.52286684553,559.694471438229,563.359727268886,5719901.0
2018-11-21,563.409257753084,567.37169648893,548.327225314771,551.224758640358,7507812.0
2018-11-22,552.017246387528,557.391303923018,544.884856663005,546.246944978452,5792568.0
2018-11-26,549.293069756633,553.50316091347,543.547533589657,549.664548388119,6386556.0
2018-11-27,548.748234430455,559.694471438229,547.534737567602,558.802922722664,6810228.0
2018-11-28,560.907968301082,573.439180803194,557.8618435229,570.913126109093,8003964.0
2018-11-29,575.048921539632,584.410183053068,574.553616697651,578.763707854487,12636169.0
2018-11-30,580.645866254014,587.43154258915,575.692817834206,578.293168254605,10717448.0
2018-12-03,581.933658843164,581.933658843164,568.857611014872,572.795284508619,5569578.0
2018-12-04,573.563007013689,573.563007013689,565.737190510394,570.739769414399,5192825.0
2018-12-05,566.504913015464,573.959250887274,564.30080646865,572.151388214044,5819618.0
2018-12-06,569.105263435863,569.105263435863,553.874639544955,556.549285691651,5866108.0
2018-12-07,559.422053775139,563.136840089995,548.971121609346,561.576629837756,7214078.0
2018-12-10,549.788374598614,551.918185419131,536.464674349332,540.006103969495,9381544.0
2018-12-11,527.994961551462,545.875466346966,522.546608289674,543.621829315954,13494665.0
2018-12-12,544.340021336826,551.521941545547,538.767841864543,550.036027019604,12605431.0
2018-12-13,558.703861754267,558.703861754267,542.383567211002,548.327225314771,9297518.0
2018-12-14,546.370771188947,552.21536832432,540.773826474565,550.878045250972,7221324.0
2018-12-17,552.7354384084,561.180385964171,550.531331861585,559.644940954031,5064357.0
2018-12-18,556.375928996958,564.152215016055,554.989075439412,562.864422426906,5870928.0
2018-12-19,565.390477121007,568.263245204496,561.279446932567,563.062544363698,7368799.0
2018-12-20,555.236727860402,560.932733543181,552.834499376796,558.926748933159,5764731.0
2018-12-21,557.217947228325,560.313602490705,542.854106810884,544.934387147203,8281941.000000001
2018-12-24,545.28110053659,546.420301673145,538.173476054166,539.461268643316,4144535.0
2018-12-26,537.80199742268,544.835326178807,527.821604856769,544.018073189539,7210059.0
2018-12-27,548.401521041068,558.208556912287,546.81654554673,554.840483986818,12478000.0
2018-12-28,557.465599649316,562.294821858628,555.335788828798,557.490364891415,7666016.0
2018-12-31,560.165011038111,561.601395079855,552.859264618895,555.360554070897,7222817.0
2019-01-01,557.34177343882,558.357148364881,549.837905082812,555.236727860402,4455850.0
2019-01-02,552.017246387528,558.208556912287,545.330631020788,548.005277167484,7144970.0
2019-01-03,548.550112493662,552.066776871726,539.931808243198,541.244366074446,7446457.0
2019-01-04,543.547533589657,547.039432725621,535.474064665371,544.166664642133,8465141.0
2019-01-07,548.302460072672,553.973700513351,545.330631020788,547.188024178215,5513559.0
2019-01-08,547.361380872909,549.763609356515,542.854106810884,547.138493694017,5625153.0
2019-01-09,550.778984282576,553.255508492479,544.191429884232,550.1598532301,5766805.0
2019-01-10,548.673938704158,550.283679440595,546.321240704749,548.550112493662,4080283.0
2019-01-11,548.59964297786,551.670532998141,539.188850980226,543.869481736944,6463903.0
2019-01-14,542.358801968903,545.082978599797,538.099180327869,543.250350684468,4111782.0
2019-01-15,547.31185038871,560.68508112219,547.31185038871,559.521114743536,10062875.0
2019-01-16,562.170995648132,567.12404406794,559.867828132922,562.616770005915,6382777.0
2019-01-17,566.85162640485,568.560428109684,559.694471438229,561.898577985043,7487963.0
2019-01-18,569.006202467467,589.363231472875,562.294821858628,586.614289599882,25684142.0
2019-01-21,591.393981324996,614.15323881401,588.744100420399,613.038802919554,22038534.0
2019-01-22,610.636574435947,617.620372707876,604.073785279703,611.775775572503,16552819.0
2019-01-23,610.859461614839,616.258284392429,605.262516900456,607.392327720973,8829502.0
2019-01-24,606.748431426399,620.716027970255,604.321437700693,617.868025128866,13155185.0
2019-01-25,619.353939654808,626.412033653034,611.899601782998,617.149833107994,8550836.0
2019-01-28,619.378704896907,622.078116285702,605.460638837249,609.002068457411,8569265.0
2019-01-29,609.720260478283,610.04220862557,595.034471913554,599.640806943975,9328866.0
2019-01-30,601.795383006591,606.748431426399,589.957597283252,592.235999556363,7846940.0
2019-01-31,595.356420060842,609.076364183708,594.861115218861,607.813336836657,10185347.0
2019-02-01,611.206175004225,621.607576685821,607.763806352459,619.106287233818,9228965.0
2019-02-04,617.645137949975,642.385614806912,615.19337898217,639.389020512929,11670570.0
2019-02-05,639.933855839108,646.075635879669,633.296770956566,639.710968660216,9362406.0
2019-02-06,642.038901417526,652.638425035914,641.048291733564,648.973169205256,9411585.0
2019-02-07,648.973169205256,654.396757224945,637.011557271421,639.141368091938,9212227.0
2019-02-08,636.367660976846,644.143946995944,630.151585209988,632.850996598783,6505502.0
2019-02-11,631.959447883218,632.008978367416,619.626357317898,620.740793212354,7523999.0
2019-02-12,619.874009738888,630.201115694186,619.874009738888,622.301003464594,6399485.0
2019-02-13,624.579405737705,630.993603441356,612.072958477691,617.125067865895,6964042.0
2019-02-14,614.67330889809,614.67330889809,603.281297532533,606.352187552814,6627360.0
2019-02-15,609.101129425807,619.081521991719,601.30007816461,616.382110602924,9597961.0
2019-02-18,619.131052475917,620.369314580869,601.795383006591,604.321437700693,9649017.0
2019-02-19,603.281297532533,614.029412603515,599.913224607064,602.34021833277,6244189.0
2019-02-20,606.178830858121,614.17800405611,603.776602374514,611.379531698918,6298179.0
2019-02-21,612.196784688187,622.994430243367,608.903007489015,617.595607465777,10580178.0
2019-02-22,616.456406329221,616.803119718607,607.243736268379,610.388922014957,8755865.0
2019-02-25,612.196784688187,615.663918582052,604.593855363782,610.364156772858,7852528.0
2019-02-26,599.071206375697,611.60241887781,597.337639428765,604.39573342699,10131050.0
2019-02-27,608.25911119444,616.604997781815,598.823553954707,606.005474163427,11113182.0
2019-02-28,611.08234879373,614.103708329812,607.516153931469,609.745025720382,11286916.0
2019-03-01,612.692089530167,615.341970434764,605.386343110952,607.268501510478,7922513.0
2019-03-05,605.955943679229,614.078943087713,603.578480437722,613.014037677455,7121509.0
2019-03-06,614.078943087713,630.572594325672,611.751010330404,626.461564137232,12038231.0
2019-03-07,626.065320263647,633.891136766943,623.16778693806,629.160975526027,8109259.0
2019-03-08,627.080695189708,631.241255862346,625.074710579686,627.600765273787,6040052.0
2019-03-11,629.061914557631,649.839952678722,628.04653963157,645.927044427075,9718840.0
2019-03-12,652.266946404428,660.736659202298,650.954388573179,659.424101371049,11228736.0
2019-03-13,662.222573728241,673.614585093798,657.814360634612,667.324213600642,11236048.0
2019-03-14,668.537710463495,674.605194777759,661.776799370458,664.476210759253,10402048.0
2019-03-15,666.185012464087,673.020219283421,649.443708805138,654.619644403836,15893093.0
2019-03-18,659.250744676356,672.599210167737,658.260134992395,668.686301916089,10105234.0
2019-03-19,673.614585093798,683.520681933412,665.243933264323,681.811880228579,9805318.0
2019-03-20,682.431011281055,687.483120669258,675.59580446172,681.2670449024,9892823.0
2019-03-22,679.805895618557,683.966456291195,662.073982275646,664.575271727649,11465112.0
2019-03-25,659.052622739564,662.148278001943,652.167885436032,656.006497961382,7951992.0
2019-03-26,658.90403128697,679.360121260774,658.755439834376,677.205545198158,9479288.0
2019-03-27,682.505307007352,682.505307007352,665.813533832601,668.290058042505,10094174.0
2019-03-28,668.785362884485,678.468572545209,665.095341811729,673.614585093798,10482938.0
2019-03-29,678.592398755704,681.960471681173,671.187591368092,675.224325830235,7699271.0
2019-04-01,678.567633513605,696.794851698496,674.877612440848,689.390044310884,10098281.0
2019-04-02,692.436169089065,694.962223783167,683.57021241761,688.325138900625,8012636.0
2019-04-03,689.835818668667,694.912693298969,679.558243197566,681.143218691905,7849461.0
2019-04-04,683.025377091431,685.353309848741,667.299448358543,670.172216442031,8375674.000000001
2019-04-05,674.085124693679,675.546273977522,665.194402780125,670.593225557715,6728239.0
2019-04-08,671.633365725875,672.376322988846,655.635019329897,658.38396120289,8723577.0
2019-04-09,658.210604508197,664.055201643569,654.297696256549,660.95954638119,9497621.0
2019-04-10,662.693113328122,667.670926990029,657.021872887443,659.448866613149,7612711.0
2019-04-11,660.216589118219,670.147451199932,658.260134992395,667.076561179652,5741333.0
2019-04-12,668.66153667399,672.079140083657,662.049217033548,665.243933264323,5919742.0
2019-04-15,666.185012464087,668.14146658991,661.231964044279,663.78278398048,4245127.0
2019-04-16,666.185012464087,673.614585093798,663.708488254183,665.565881411611,7936553.0
2019-04-18,681.044157723509,688.349904142724,676.091109303701,686.467745743198,17960482.0
2019-04-22,673.614585093798,677.081718987663,664.352384548758,666.35836915878,10792748.0
2019-04-23,667.670926990029,680.053548039547,666.680317306067,675.521508735423,9055300.0
2019-04-24,678.716224966199,690.851193594727,676.710240356177,688.226077932229,7360887.0
2019-04-25,688.027955995437,699.568558813588,674.902377682947,679.756365134359,13929820.0
2019-04-26,681.044157723509,691.420794163005,678.914346902991,689.860583910766,6889444.0
2019-04-30,691.643681341896,691.643681341896,676.982658019267,689.860583910766,10217019.0
2019-05-02,689.464340037181,700.311516076559,684.560822101572,695.92806822503,8682505.0
2019-05-03,697.364452266774,702.09461350769,694.739336604276,697.810226624556,6510169.0
2019-05-06,692.436169089065,694.813632330573,682.579602733649,685.947675659118,7237910.0
2019-05-07,690.851193594727,690.950254563123,663.807549222579,665.442055201115,8877095.0
2019-05-08,663.708488254183,663.708488254183,640.032916807504,643.623876911864,14610543.0
2019-05-09,638.348880344769,638.348880344769,619.997835949383,622.325768706693,19507368.0
2019-05-10,626.560625105628,632.850996598783,616.654528266013,619.700653044195,11226831.0
2019-05-13,618.090912307757,624.480344769309,607.98669353135,610.240330562363,8047801.0
2019-05-14,612.444437109177,628.715201168244,609.967912899273,624.306988074616,13001004.0
2019-05-15,630.523063841474,632.999588051377,619.428235381105,622.548655885584,11163801.0
2019-05-16,624.059335653625,629.978228515295,623.143021695961,626.733981800321,6606652.0
2019-05-17,627.551234789589,632.479517967298,620.121662159878,627.749356726382,7898440.0
2019-05-20,650.632440425891,662.569287117627,645.629861521886,656.724689982255,12333937.0
2019-05-21,659.845110486733,677.081718987663,658.780205076475,663.609427285787,13872055.0
2019-05-22,666.506960611374,673.465993641203,661.281494528477,663.906610190975,11287400.0
2019-05-23,679.558243197566,689.464340037181,656.278915624472,660.6871287181,17722514.0
2019-05-24,667.670926990029,670.543695073517,652.068824467636,662.148278001943,10180759.0
2019-05-27,662.272104212439,662.470226149231,647.363428468819,649.171291142048,7349720.0
2019-05-28,653.703330446172,661.132903075883,650.508614215396,655.659784571996,19472659.0
2019-05-29,654.297696256549,660.389945812912,645.951809669174,650.360022762802,7112830.0
2019-05-30,651.94499825714,664.699097938144,651.94499825714,658.63161362388,10740841.0
2019-05-31,662.668348086023,664.649567453946,653.901452382964,658.829735560673,11760178.0
2019-06-03,661.231964044279,677.205545198158,654.396757224945,673.713646062194,8483610.0
2019-06-04,672.351557746747,680.672679092023,667.720457474227,669.478789663258,7059911.0
2019-06-06,674.555664293561,674.555664293561,654.347226740747,657.442882003127,7664319.0
2019-06-07,656.749455224354,657.393351518929,646.670001690046,651.276336720466,6730595.0
2019-06-10,654.248165772351,657.269525308433,648.898873478959,653.381382298885,5380148.0
2019-06-11,654.718705372233,660.984311623289,652.811781730607,658.334430718692,5253790.0
2019-06-12,661.083372591685,662.916000507014,656.278915624472,659.820345244634,4707716.0
2019-06-13,658.755439834376,661.083372591685,648.180681458087,657.393351518929,7171189.0
2019-06-14,654.743470614332,656.278915624472,648.552160089572,652.588894551715,6831331.0
2019-06-17,653.802391414568,653.802391414568,633.247240472368,635.129398871895,6815554.0
2019-06-18,633.44536240916,637.927871229086,628.591374957749,634.48550257732,7679193.0
2019-06-19,637.407801145006,644.886904258915,625.371893484874,632.67763990409,6625604.0
2019-06-20,633.990197735339,643.896294574954,632.999588051377,642.286553838516,4914012.0
2019-06-21,641.890309964932,641.915075207031,631.786091188525,633.742545314348,10623098.0
2019-06-24,630.10205472579,632.231865546307,622.64771685398,625.272832516478,5150998.0
2019-06-25,623.539265569545,642.905684890992,621.236098054335,641.840779480733,6842363.0
2019-06-26,639.438550997127,646.174696848065,637.135383481917,640.998761249366,5299942.0
2019-06-27,640.503456407386,642.360849564813,629.532454157512,631.092664409752,11385972.0
2019-06-28,632.553813693595,635.401816534984,618.462390939243,620.666497486057,8659721.0
2019-07-01,623.118256453862,630.34970714678,617.372720286885,628.467548747254,6162080.0
2019-07-02,630.993603441356,634.48550257732,625.718606874261,633.247240472368,4638751.0
2019-07-03,635.426581777083,637.209679208214,631.538438767534,635.25322508239,4026032.0
2019-07-04,634.683624514112,639.438550997127,633.990197735339,635.971417103262,4275148.0
2019-07-05,636.516252429441,639.190898576137,624.084100895724,625.74337211636,4995344.0
2019-07-08,623.093491211763,628.096070115768,618.239503760352,620.146427401977,6404544.0
2019-07-09,618.610982391837,635.723764682271,616.902180687004,634.039728219537,8016757.0
2019-07-10,634.014962977438,638.621298007859,628.393253020957,633.420597167061,5494315.0
2019-07-11,637.457331629204,638.84418518675,633.643484345952,634.757920240409,3935460.0
2019-07-12,635.476112261281,643.896294574954,633.024353293476,634.237850156329,7174054.0
2019-07-15,636.466721945243,638.695593734156,629.210506010225,632.058508851614,4873164.0
2019-07-16,633.96543249324,641.370239880852,632.529048451496,640.429160681088,4604019.0
2019-07-17,641.073056975663,642.410380049011,633.990197735339,634.906511693003,4334958.0
2019-07-18,634.9808074193,637.160148724016,623.093491211763,625.000414853389,5459896.0
2019-07-19,628.145600599966,630.498298599375,615.515327129458,618.635747633936,7468515.0
2019-07-22,619.626357317898,636.219069524252,607.887632562954,634.237850156329,13300153.0
2019-07-23,636.466721945243,640.874935038871,624.282222832517,630.795481504563,9287951.0
2019-07-24,630.770716262464,633.395831924962,620.889384664948,623.638326537941,6943982.0
2019-07-25,626.065320263647,628.56660971565,607.73904111036,609.967912899273,9968545.0
2019-07-26,609.967912899273,615.416266161061,599.318858796688,601.201017196214,9320481.0
2019-07-29,602.736462206355,605.262516900456,596.891865070982,599.789398396569,8058035.0
2019-07-30,601.275312922511,604.271907216495,582.453728927244,584.905487895048,9533344.0
2019-07-31,582.354667958847,586.936237747169,575.742348318405,577.64927196003,9705619.0
2019-08-01,576.237653160385,588.521213241508,569.773924972537,584.583539747761,10344862.0
2019-08-02,582.329902716748,593.499026903414,575.59375686581,586.614289599882,10865385.0
2019-08-05,578.020750591516,578.020750591516,558.703861754267,566.306791078672,13897461.0
2019-08-06,562.047169437637,569.402446341051,555.732032702383,558.852453206862,13288909.0
2019-08-07,557.960904491296,563.929327837164,546.370771188947,549.491191693426,11588879.0
2019-08-08,548.971121609346,573.563007013689,542.507393421497,570.764534656498,14262936.0
2019-08-09,575.469930655315,582.230841748352,570.739769414399,575.59375686581,10043949.0
2019-08-13,610.785165888542,645.2831481325,607.243736268379,631.38984731494,47923444.0
2019-08-14,645.877513942876,646.100401121768,634.163554430032,638.07646268168,14487137.0
2019-08-16,639.537611965523,639.834794870711,630.523063841474,632.999588051377,10047496.0
2019-08-19,634.510267819419,642.311319080615,633.990197735339,640.231038744296,7459859.0
2019-08-20,638.84418518675,640.231038744296,630.324941904681,631.984213125317,6843460.0
2019-08-21,631.835621672723,633.321536198665,627.303582368599,629.507688915413,4881553.0
2019-08-22,629.507688915413,629.532454157512,613.633168729931,617.52131173948,6414937.0
2019-08-23,613.682699214129,635.971417103262,607.49138868937,631.934682641119,9741262.0
2019-08-26,640.924465523069,640.924465523069,623.588796053744,627.452173821193,8778739.0
2019-08-27,636.466721945243,636.466721945243,624.678466706101,631.439377799138,12984396.0
2019-08-28,630.894542472959,634.48550257732,622.1276467699,625.718606874261,5305639.0
2019-08-29,622.325768706693,624.207927106219,611.8500712988,615.044787529576,8635974.0
2019-08-30,616.902180687004,621.310393780632,604.767212058476,618.412860455045,11308120.0
2019-09-03,615.292439950566,615.663918582052,594.36581037688,597.535761365557,8563009.0
2019-09-04,594.63822803997,596.966160797279,587.456307831249,594.935410945158,15063355.0
2019-09-05,597.733883302349,600.903834291026,591.047267935609,593.672383598107,10512763.0
2019-09-06,595.851724902822,608.729650794322,592.013112377472,605.510169321447,10600234.0
2019-09-09,604.593855363782,610.710870162244,600.879069048927,605.361577868852,5370758.0
2019-09-11,605.510169321447,614.17800405611,605.510169321447,611.404296941017,5544468.0
2019-09-12,611.701479846206,614.400891235001,597.18904797617,599.492215491381,5431139.0
2019-09-13,600.309468480649,608.481998373331,597.783413786547,607.045614331587,5919260.0
2019-09-16,588.917457115092,603.826132858712,587.4810730733479,599.690337428173,9393731.0
2019-09-17,599.814163638668,599.814163638668,591.146328904005,593.102783029829,7150435.0
2019-09-18,596.817569344685,602.439279301166,592.978956819334,597.18904797617,6827281.0
2019-09-19,598.253953386429,599.170267344093,580.819222948707,583.989173937384,6293454.0
2019-09-20,588.397387031012,628.987618831334,581.636475937975,621.285628538533,22019674.0
2019-09-23,631.092664409752,634.48550257732,611.701479846206,613.781760182525,9879751.0
2019-09-24,615.96110148724,643.301928764577,615.540092371557,633.346301440764,15982067.0
2019-09-25,635.971417103262,641.41977036505,628.467548747254,633.767310556448,8316894.0
2019-09-26,639.933855839108,643.301928764577,635.723764682271,642.311319080615,8389212.0
2019-09-27,640.181508260098,651.325867204665,635.971417103262,648.378803394879,8712980.0
2019-09-30,648.849342994761,661.603442675765,646.645236447947,659.869875728832,11549746.0
2019-10-01,662.222573728241,664.699097938144,640.577752133683,646.323288300659,8192597.0
2019-10-03,636.962026787223,651.17727575207,634.634094029914,649.369413078841,6183107.0
2019-10-04,653.75286093037,658.062013055603,645.803218216579,647.908263794997,6853954.0
2019-10-07,647.908263794997,654.198635288153,644.738312806321,648.898873478959,4599818.0
2019-10-09,648.205446700186,658.730674592277,640.181508260098,656.155089413977,8040938.0
2019-10-10,656.278915624472,678.072328671624,654.297696256549,674.976673409245,16003744.0
2019-10-11,675.447213009126,676.38829220889,661.999686549349,669.94932926314,7587648.0
2019-10-14,676.066344061602,676.066344061602,669.082545789674,672.623975409836,6123412.0
2019-10-15,674.852847198749,678.567633513605,670.791347494507,675.670100188018,4422075.0
2019-10-16,678.518103029407,683.347325238719,675.447213009126,679.73159989226,8870701.0
2019-10-17,681.044157723509,692.931473931046,679.558243197566,691.693211826094,7332464.0
2019-10-18,695.40799814095,707.245783864289,692.782882478452,701.525012939412,12856410.0
2019-10-22,705.809399822545,711.678762200017,695.086049993662,700.435342287054,12703054.0
2019-10-23,701.500247697313,706.279939422427,685.080892185652,689.662461973973,8432964.0
2019-10-24,693.922083615008,713.932399231029,686.764928648386,711.480640263225,10351384.0
2019-10-25,713.783807778435,713.957164473128,698.99895824531,708.880289842826,6190013.0
2019-10-27,713.734277294237,715.71549666216,708.285924032449,710.390969610867,1378313.0
2019-10-29,715.96314908315,733.051166131486,714.279112620416,726.636968427835,11780494.0
2019-10-30,733.051166131486,735.304803162498,723.293660744465,732.605391773703,7470723.0
2019-10-31,735.032385499409,737.8308578566,723.987087523238,725.299645354487,8898168.0
2019-11-01,720.668545081967,724.036618007436,713.734277294237,721.609624281731,6356579.0
2019-11-04,726.067367859557,728.593422553659,715.765027146358,721.981102913216,6429329.0
2019-11-05,724.680514302011,727.578047627598,713.734277294237,716.854697798716,5799318.0
2019-11-06,714.576295525604,716.433688683032,707.542966769478,710.712917758155,6686289.0
2019-11-07,710.762448242353,724.630983817813,709.375594684807,722.451642513098,6438749.0
2019-11-08,717.696716030083,722.971712597178,713.882868746831,715.96314908315,5494844.0
2019-11-11,712.793198094474,715.344018030674,704.595902959692,707.196253380091,5192423.0
2019-11-13,708.285924032449,731.020416279365,708.285924032449,729.237318848234,11532364.0
2019-11-14,731.069946763563,733.843653878655,721.064788955552,724.507157607318,6518339.0
2019-11-15,725.943541649062,736.419239056955,724.70527954411,728.519126827362,7173674.0
2019-11-18,729.410675542927,736.02299518337,720.86666701876,722.748825418286,6435097.0
2019-11-19,726.612203185736,750.337305116613,725.621593501775,747.786485180412,13795569.0
2019-11-20,770.22379452214,778.817333530505,764.354432144668,766.558538691482,19904164.0
2019-11-21,765.245980860233,770.694334122021,757.09821620965,761.580725029576,6810577.0
2019-11-22,763.809596818489,777.380949488761,761.580725029576,765.988938123204,10218978.0
2019-11-25,768.292105638415,775.053016731452,768.217809912118,773.443275995014,6924313.0
2019-11-26,776.687522709988,780.773787656329,770.694334122021,772.799379700439,16152137.0
2019-11-27,772.650788247845,780.352778540646,770.743864606219,777.554306183454,4408336.0
2019-11-28,778.941159741001,784.637165423779,774.632007615768,782.730241782153,6284885.0
2019-11-29,783.547494771421,783.547494771421,766.657599659878,768.292105638415,8484822.0
2019-12-02,792.487747169174,799.644902135795,781.095735803617,785.801131802434,14275186.0
2019-12-03,788.896787064813,789.515918117289,778.916394498901,782.03681500338,5938786.0
2019-12-04,779.114516435694,781.343388224607,759.67380138795,769.059828143485,9594828.0
2019-12-05,779.609821277675,782.457824119064,764.750676018253,768.14351418582,9117022.0
2019-12-06,769.208419596079,776.63799222579,763.314291976508,770.149498795843,5982129.0
2019-12-09,770.768629848318,781.293857740409,765.988938123204,778.916394498901,5779807.0
2019-12-10,778.643976835812,779.411699340882,769.778020164357,773.641397931807,4650906.0
2019-12-11,770.496212185229,779.857473698665,768.019687975325,773.864285110698,5652698.0
2019-12-12,777.752428120247,779.535525551377,771.016282269309,776.737053194186,4720977.0
2019-12-13,782.581650329559,787.534698749366,778.817333530505,784.018034371303,5791522.0
2019-12-16,788.525308433328,789.466387633091,774.83012955256,775.944565447017,5436951.0
2019-12-17,776.018861173314,782.086345487578,770.47144694313,774.012876563292,9291724.0
2019-12-18,774.161468015887,782.581650329559,773.666163173906,780.526135235339,6739582.0
2019-12-19,779.46122982508,799.867789314687,778.520150625317,797.416030346882,9375484.0
2019-12-20,799.917319798885,801.180347145935,790.556058285449,792.041972811391,9724619.0
2019-12-23,772.725083974142,781.368153466706,771.585882837587,778.322028688525,11478429.0
2019-12-24,777.083766583573,778.643976835812,764.007718755281,765.964172881105,8251144.0
2019-12-26,763.586709639598,769.18365435398,747.984607117205,750.584957537604,13605737.0
2019-12-27,756.33049370458,765.84034667061,753.50725610529,763.933423028984,8081591.0
2019-12-30,765.716520460115,766.558538691482,756.85056378866,764.849736986649,7828402.0
2019-12-31,763.760066334291,764.602084565658,746.944466949045,749.916296000929,10150467.0
2020-01-01,751.872750126753,756.380024188778,745.681439601994,747.712189454115,6402372.0
2020-01-02,748.900921074869,763.239996250211,748.900921074869,760.44152389302,8096561.0
2020-01-03,759.302322756464,763.586709639598,754.349274336657,761.357837850685,9593498.0
2020-01-06,752.863359810715,756.776268062363,741.966653287139,743.700220234071,11209343.0
2020-01-07,752.368054968734,760.045280019435,749.64387833784,755.141762083826,7627191.0
2020-01-08,750.386835600811,760.020514777337,747.910311390908,749.470521643147,7336561.0
2020-01-09,762.076029871557,767.722505070137,758.435539282998,766.731895386175,6849606.0
2020-01-10,768.6635842699,771.660178563884,762.596099955636,766.558538691482,5704686.0
2020-01-13,765.270746102332,772.031657195369,761.97696890316,764.602084565658,8358090.0
2020-01-14,762.76945665033,767.722505070137,753.779673768379,757.519225325334,7230788.0
2020-01-15,760.713941556109,762.719926166132,751.996576337249,754.770283452341,7231393.0
2020-01-16,757.321103388541,764.428727870965,756.825798546561,761.72931648217,5873662.0
2020-01-17,769.456072017069,785.033409297364,769.307480564475,783.07695517154,13469708.0
2020-01-20,796.945490747,796.945490747,756.033310799392,758.980374609177,14878868.0
2020-01-21,757.122981451749,765.666989975917,753.853969494676,759.748097114247,8650831.0
2020-01-22,764.750676018253,766.112764333699,758.361243556701,759.475679451158,4719245.0
2020-01-23,761.035889703397,763.735301092192,753.210073200101,756.256197978283,5142088.0
2020-01-24,756.33049370458,760.9615939771,752.145167789843,753.631082315785,6687633.0
2020-01-27,750.337305116613,755.067466357529,745.433787181004,746.201509686074,6120429.0
2020-01-28,747.216884612135,747.910311390908,724.928166723001,728.964901185145,11215313.0
2020-01-29,730.1041023217,740.183555856008,725.151053901893,732.976870405188,11313297.0
2020-01-30,732.555861289505,732.902574678891,713.238972452256,715.096365609684,10241756.0
2020-01-31,719.677935398006,719.801761608501,696.992973635288,699.197080182102,15886673.0
2020-02-01,696.051894435525,706.775244264408,679.112468839784,685.179953154048,11022901.0
2020-02-03,678.518103029407,693.402013530928,675.125264861839,686.244858564306,14040626.0
2020-02-04,693.426778773027,709.524186137401,692.337108120669,706.502826601318,11604666.0
2020-02-05,710.712917758155,719.57887442961,708.434515485043,717.449063609092,8444823.0
2020-02-06,720.222770724185,726.612203185736,713.288502936454,722.055398639513,7103715.0
2020-02-07,718.687325714044,719.355987250718,707.443905801082,710.093786705679,5581641.0
2020-02-10,707.295314348487,715.96314908315,698.602714371726,711.059631147541,6922631.0
2020-02-11,716.904228282914,726.215959312151,715.740261904259,719.554109187511,6400245.0
2020-02-12,721.238145650245,730.500346195285,720.668545081967,728.246709164272,6187091.0
2020-02-13,731.936730237029,731.936730237029,724.432861881021,730.153632805898,6201763.0
2020-02-14,731.689077816039,743.675454991972,719.727465882204,736.815482930539,9704655.0
2020-02-17,737.508909709312,746.003387749282,730.227928532195,732.184382658019,6011340.0
2020-02-18,731.020416279365,731.020416279365,721.857276702721,726.810325122528,5086964.0
2020-02-19,732.729217984198,746.151979201876,730.62417240578,744.839421370627,6438918.0
2020-02-20,741.471348445158,746.919701706946,734.933324531012,735.998229941271,7722577.0
2020-02-24,727.974291501183,731.565251605543,713.016085273365,715.690731420061,9769743.0
2020-02-25,718.885447650837,718.885447650837,698.379827192834,701.549778181511,12684109.0
2020-02-26,698.379827192834,699.543793571489,687.161172521971,689.464340037181,13423661.0
2020-02-27,687.483120669258,690.355888752746,678.072328671624,686.616337195792,11454300.0
2020-02-28,671.088530399696,672.128670567855,656.278915624472,658.086778297702,17973847.0
2020-03-02,671.187591368092,678.072328671624,644.441129901132,651.895467772942,13486634.0
2020-03-03,658.606848381781,670.593225557715,654.79300109853,665.120107053828,12525809.0
2020-03-04,669.652146357952,670.543695073517,647.809202826601,663.559896801589,10105782.0
2020-03-05,669.751207326348,672.599210167737,646.868123626838,649.418943563039,13948324.0
2020-03-06,629.037149315532,638.026932197482,614.722839382288,629.532454157512,15422068.0
2020-03-09,614.202769298209,614.67330889809,542.358801968903,551.843889692834,40317808.0
2020-03-11,548.797764914653,583.691991032195,548.797764914653,571.358900466875,27237627.0
2020-03-12,537.405753549096,545.330631020788,519.426187785195,526.50904702552,25588170.0
2020-03-13,494.314232296772,564.647519858036,466.775283082643,547.460441841305,33509757.0
2020-03-16,525.295550162667,534.780637886598,497.781366190637,503.081127999831,17594729.0
2020-03-17,518.707995764323,525.023132499578,496.889817475072,499.267280716579,20777442.0
2020-03-18,507.836054482846,513.086285807842,475.987953143485,479.70273945834,20450497.0
2020-03-19,455.729985106473,478.959782195369,441.91098001521,454.541253485719,28072062.0
2020-03-20,465.338899040899,512.590980965861,460.633503042082,504.195563894288,28967526.0
2020-03-23,453.798296222748,470.539599881697,433.713684880429,437.874245553067,18593713.0
2020-03-24,460.633503042082,480.445696721311,443.694077446341,467.270587924624,20919322.0
2020-03-25,477.374806701031,570.368290782914,477.102389037942,536.043665233649,33433126.0
2020-03-26,542.755045842488,553.205978008281,516.281002038618,528.094022519858,20912934.0
2020-03-27,542.358801968903,548.451051525266,518.187925680243,527.79683961467,19044644.0
2020-03-30,515.414218565151,532.353644160892,505.210938820348,510.386874419047,13820286.0
2020-03-31,531.932635045209,559.595410469833,519.079474395809,551.645767756042,20249909.0
2020-04-01,555.855858912878,557.019825291533,517.692620838263,535.152116518084,19017099.0
2020-04-03,561.898577985043,561.898577985043,523.190504584249,533.666201992141,18912044.0
2020-04-07,545.875466346966,601.30007816461,544.835326178807,597.387169912963,24859057.0
2020-04-08,584.459713537266,608.729650794322,574.553616697651,590.477667367331,22803774.0
2020-04-09,601.30007816461,610.611809193848,590.898676483015,604.247141974396,15101711.0
2020-04-13,596.322264502704,601.795383006591,584.459713537266,588.991752841389,10822871.0
2020-04-15,592.904661093037,612.196784688187,566.133434383978,569.526272551546,16147959.0
2020-04-16,569.526272551546,588.149734610022,567.12404406794,578.540820675596,17123533.0
2020-04-17,602.290687848572,609.224955636302,590.725319788322,606.253126584418,15209707.0
2020-04-20,607.243736268379,622.598186369782,595.356420060842,616.060162455636,16472339.0
2020-04-21,599.318858796688,620.121662159878,576.534836065574,612.865446224861,28057706.0
2020-04-22,653.802391414568,685.947675659118,643.896294574954,675.397682524928,65230894.0
2020-04-23,677.255075682356,686.418215258999,670.296042652527,679.013407871388,29928331.0
2020-04-24,668.735832400287,740.455973519098,667.274683116444,701.846961086699,61711388.0
2020-04-27,710.267143400372,730.574641921582,704.818790138584,708.162097821954,26736512.0
2020-04-28,718.192020872064,720.891432260859,689.538635763478,707.369610074785,35866381.0
2020-04-29,715.665966177962,719.999883545293,703.332875612642,706.775244264408,17141540.0
2020-04-30,720.148474997887,740.455973519098,712.273128010394,726.116898343755,32617901.0
2020-05-04,713.238972452256,725.621593501775,702.069848265591,710.861509210749,24439240.0
2020-05-05,720.024648787392,732.555861289505,716.805167314518,723.467017439158,20528706.0
2020-05-06,725.126288659794,735.50292509929,715.96314908315,723.516547923356,18510304.0
2020-05-07,720.668545081967,749.718174064137,715.71549666216,746.399631622866,22871529.0
2020-05-08,765.245980860233,782.532119845361,761.333072608585,773.56710220551,38522385.0
2020-05-11,782.581650329559,799.917319798885,778.767803046307,780.996674835221,30670404.0
2020-05-12,775.053016731452,776.811348920483,725.621593501775,732.6796875,46029119.0
2020-05-13,763.5,763.5,727.0,748.225,30658051.0
2020-05-14,734.5,748.35,715.025,717.975,22736714.0
2020-05-15,722.0,733.35,707.55,729.7,28683432.0
2020-05-18,735.0,741.0,714.0,720.375,28981620.0
2020-05-19,728.5,730.85,701.625,704.45,19529216.0
2020-05-20,705.0,723.425,696.5,716.85,25530692.0
2020-05-21,717.5,730.725,712.5,720.625,18077196.0
2020-05-22,725.9,729.0,713.25,715.775,17458503.0
2020-05-26,724.075,724.85,708.15,712.025,15330793.0
2020-05-27,715.5,727.0,706.0,722.775,16460764.0
2020-05-28,727.5,739.875,724.5,736.125,18519252.0
2020-05-29,734.0,736.0,726.325,732.2,18471770.0
2020-06-01,740.0,769.175,737.975,760.175,18434065.0
2020-06-02,763.0,770.0,760.4,767.85,10224102.0
2020-06-03,772.5,780.0,766.675,770.825,11713666.0
2020-06-04,772.0,794.75,770.5,789.9,15784612.0
2020-06-05,797.5,809.0,786.85,790.85,15270435.0
2020-06-08,809.2,809.2,782.5,784.75,14498055.0
2020-06-09,780.15,791.5,766.5,768.575,11934073.0
2020-06-10,771.55,789.775,770.025,786.075,10214426.0
2020-06-11,783.0,783.975,765.5,768.85,9408283.0
2020-06-12,750.0,796.5,748.5,794.4,17790565.0
2020-06-15,782.5,813.475,780.55,807.275,24509162.0
2020-06-16,821.5,824.275,792.65,808.85,23623299.0
2020-06-17,804.125,817.725,801.05,807.675,19282519.0
2020-06-18,803.5,832.5,802.8,827.95,18677694.0
2020-06-19,835.0,894.4,831.0,879.7,48828852.0
2020-06-22,886.7,902.1,867.5,873.075,27781772.0
2020-06-23,875.0,881.875,858.05,860.45,17521196.0
2020-06-24,867.95,886.35,855.85,863.925,23808524.0
2020-06-25,863.5,874.5,856.525,858.95,18312705.0
2020-06-26,864.4,876.0,858.5,870.825,14270695.0
2020-06-29,864.025,869.875,857.775,861.575,11825126.0
2020-06-30,868.5,870.5,847.775,852.05,13973038.0
2020-07-01,860.0,874.5,854.025,868.8,13136706.0
2020-07-02,871.5,883.8,867.525,880.175,13286760.0
2020-07-03,889.9,896.5,884.0,893.95,13584004.0
2020-07-06,902.5,929.0,896.05,925.9,21698149.0
2020-07-07,930.0,932.175,903.15,911.725,16240102.0
2020-07-08,912.025,917.475,895.0,899.0,12093523.0
2020-07-09,904.5,917.5,893.125,912.125,16807403.0
2020-07-10,914.25,942.3,912.125,939.025,20195490.0
2020-07-13,951.675,973.85,950.0,967.5,32124397.0
2020-07-14,967.0,970.85,943.65,958.5,31073591.0
2020-07-15,968.975,989.4,899.0,922.0,64458598.0
2020-07-16,923.5,934.5,906.225,921.7,28133993.0
2020-07-17,922.5,960.0,919.0,955.85,22949535.0
2020-07-20,958.9,966.0,949.825,959.95,16887752.0
2020-07-21,969.5,988.5,968.25,985.775,19463498.0
2020-07-22,991.5,1005.0,980.35,1002.0,27584769.0
2020-07-23,1001.975,1039.85,995.675,1028.9,26921058.0
2020-07-24,1029.0,1081.5,1028.9,1073.075,55656793.0
2020-07-27,1089.4,1099.4,1063.95,1078.1,37060949.0
2020-07-28,1078.1,1097.0,1075.325,1088.85,25435618.0
2020-07-29,1088.95,1091.4,1035.225,1048.325,33536361.0
2020-07-30,1049.5,1069.85,1036.0,1054.425,33624516.0
2020-07-31,1057.25,1064.5,1026.4,1033.55,34593375.0
2020-08-03,1025.65,1028.5,1001.55,1004.5,21560137.0
2020-08-04,1010.3,1083.5,1000.125,1075.3,42477225.0
2020-08-05,1084.5,1098.0,1059.15,1063.225,34405886.0
2020-08-06,1078.5,1083.85,1053.9,1067.05,22762726.0
2020-08-07,1064.9,1078.9,1060.1,1073.225,15222384.0
2020-08-10,1079.55,1082.5,1054.05,1059.925,12441939.0
2020-08-11,1067.4,1080.0,1050.175,1066.9,21611359.0
2020-08-12,1060.5,1072.5,1053.4,1063.8,13967529.0
2020-08-13,1064.0,1069.45,1055.0,1061.025,11459251.0
2020-08-14,1061.275,1078.5,1044.625,1056.9,15333759.0
2020-08-17,1052.5,1052.5,1035.05,1045.675,14297224.0
2020-08-18,1042.5,1067.15,1041.175,1059.275,14097932.0
2020-08-19,1070.5,1077.0,1060.675,1065.775,15731409.0
2020-08-20,1060.0,1061.95,1044.0,1048.525,10402292.0
2020-08-21,1059.0,1061.0,1038.5,1040.925,11667281.0
2020-08-24,1045.7,1052.25,1035.25,1047.875,15099030.0
2020-08-25,1053.0,1055.65,1039.0,1041.05,8947709.0
2020-08-26,1042.5,1073.975,1023.5,1068.65,27631028.0
2020-08-27,1074.0,1075.0,1051.625,1055.3,12962139.0
2020-08-28,1060.0,1066.45,1053.125,1058.075,12537684.0
2020-08-31,1087.0,1087.0,1030.175,1040.35,28649141.0
2020-09-01,1050.0,1061.2,1031.2,1043.625,17821488.0
2020-09-02,1046.0,1069.0,1042.5,1064.1,12437209.0
2020-09-03,1064.0,1069.375,1051.5,1056.05,8577741.0
2020-09-04,1041.775,1048.475,1036.1,1038.625,13141705.0
2020-09-07,1042.0,1052.875,1022.125,1041.325,10119099.0
2020-09-08,1046.0,1060.5,1040.25,1053.55,12643762.0
2020-09-09,1042.5,1083.9,1040.725,1080.675,25526055.0
2020-09-10,1091.55,1172.475,1087.675,1157.0,64751766.0
2020-09-11,1156.0,1168.925,1143.55,1159.875,27445883.0
2020-09-14,1162.5,1180.0,1141.0,1151.275,20335480.0
2020-09-15,1155.975,1162.875,1144.075,1159.425,12543161.0
2020-09-16,1160.0,1184.675,1155.275,1162.275,15669133.0
2020-09-17,1160.0,1166.85,1145.925,1149.375,11919991.0
2020-09-18,1157.125,1159.725,1138.275,1152.85,15264101.0
2020-09-21,1150.0,1168.0,1123.675,1127.925,15519433.0
2020-09-22,1138.5,1138.5,1100.775,1105.575,16056621.0
2020-09-23,1130.0,1138.375,1102.65,1115.4,19839809.0
2020-09-24,1103.95,1113.0,1088.025,1090.6,13765321.0
2020-09-25,1094.5,1106.4,1083.65,1100.85,13095950.0
2020-09-28,1113.5,1119.0,1103.525,1108.125,9076787.0
2020-09-29,1112.5,1132.0,1108.125,1122.525,11927459.0
2020-09-30,1130.0,1133.5,1112.5,1117.175,11291280.0
2020-10-01,1131.9,1131.9,1107.0,1112.625,9591467.0
2020-10-05,1122.0,1124.575,1103.0,1106.1,8732890.0
2020-10-06,1112.625,1116.95,1100.825,1105.175,8497352.0
2020-10-07,1117.5,1154.5,1110.0,1128.75,24538620.0
2020-10-08,1129.5,1134.0,1111.05,1119.625,9727508.0
2020-10-09,1117.5,1126.5,1108.55,1116.725,8558747.0
2020-10-12,1117.5,1127.875,1113.125,1118.525,6565525.0
2020-10-13,1115.3,1142.875,1112.925,1140.35,10666280.0
2020-10-14,1139.45,1152.0,1134.25,1143.75,12341487.0
2020-10-15,1145.0,1145.0,1097.5,1103.25,9246893.0
2020-10-16,1107.5,1116.25,1086.325,1087.9,9961080.0
2020-10-19,1095.025,1114.35,1077.575,1088.1,14399062.0
2020-10-20,1089.5,1096.5,1076.125,1077.95,8529621.0
2020-10-21,1084.0,1096.0,1048.875,1062.3,15729989.0
2020-10-22,1063.7,1066.25,1045.5,1053.475,14215255.0
2020-10-23,1053.0,1067.5,1048.2,1056.525,10809383.0
2020-10-26,1050.975,1050.975,1009.25,1014.55,17225340.0
2020-10-27,1017.45,1029.925,1002.5,1017.25,16835011.0
2020-10-28,1020.9,1028.85,1003.7,1005.725,13810054.0
2020-10-29,998.5,1021.0,995.5,1013.45,14147681.0
2020-10-30,1016.75,1032.55,1010.9,1027.25,15701123.0
2020-11-02,1013.5,1013.5,929.575,938.725,45857806.0
2020-11-03,945.0,954.5,917.55,925.2,40931170.0
2020-11-04,918.5,964.5,918.5,956.6,37003111.0
2020-11-05,977.475,980.475,966.0,977.5,17170274.0
2020-11-06,995.0,1020.0,989.075,1014.575,30770080.0
2020-11-09,1031.05,1034.5,1018.0,1025.35,16539467.0
2020-11-10,1038.5,1045.0,1020.6,1042.275,17045147.0
2020-11-11,1044.5,1047.5,989.05,998.6,26178477.0
2020-11-12,990.5,1004.225,982.5,990.0,18481466.0
2020-11-13,991.0,1018.325,990.875,998.2,20946864.0
2020-11-14,1007.45,1007.65,997.675,1001.15,2411900.0
2020-11-17,1042.5,1042.5,992.5,996.625,21479385.0
2020-11-18,996.625,1003.25,980.05,993.6,14030652.0
2020-11-19,993.6,1005.225,984.1,986.575,12828008.0
2020-11-20,987.5,991.9,947.5,949.75,26522972.0
2020-11-23,975.5,985.0,963.125,975.35,20918665.0
2020-11-24,982.0,987.0,966.0,982.025,14277083.0
2020-11-25,990.0,996.475,971.1,973.9,15062376.0
2020-11-26,976.525,982.5,965.025,976.3,11924527.0
2020-11-27,970.25,978.05,960.7,964.9,21845931.0
2020-12-01,970.175,983.125,965.025,977.45,9114939.0
2020-12-02,979.25,981.0,967.5,979.075,10240168.0
2020-12-03,986.0,990.55,979.325,982.025,12822945.0
2020-12-04,984.5,984.5,970.0,973.375,8521388.0
2020-12-07,970.3,982.5,970.3,979.1,8418767.0
2020-12-08,980.575,1007.125,975.0,996.875,20030506.0
2020-12-09,1004.975,1016.9,999.625,1013.475,13464375.0
2020-12-10,1010.8,1014.25,1000.5,1003.5,7414229.0
2020-12-11,1006.5,1019.0,987.125,1002.9,12434745.0
2020-12-14,1003.975,1007.5,993.175,995.65,7989830.0
2020-12-15,994.85,994.85,980.55,987.175,8561406.0
2020-12-16,994.0,997.475,982.85,988.275,8565904.0
2020-12-17,992.25,1002.5,988.575,992.8,9346460.0
2020-12-18,990.05,1002.45,982.5,995.775,8522215.0
2020-12-21,1005.0,1011.0,927.625,969.85,20368545.0
2020-12-22,974.5,979.45,944.225,968.35,12986606.0
2020-12-23,965.0,975.725,960.325,971.925,8999898.0
2020-12-24,973.5,999.4,972.95,997.075,9588577.0
2020-12-28,1003.35,1009.0,997.65,1001.65,7947719.0
2020-12-29,1004.5,1006.15,991.275,995.025,8589407.0
2020-12-30,997.625,1003.6,987.775,997.75,10173132.0
2020-12-31,996.75,1005.95,989.3,992.65,8667516.0
2021-01-01,994.0,998.5,991.0,993.75,4622002.0
2021-01-04,997.55,999.45,984.0,995.425,11312992.0
2021-01-05,984.5,991.8,978.0,983.05,11132803.0
2021-01-06,982.95,983.0,952.575,957.125,21414270.0
2021-01-07,960.25,972.5,952.575,955.575,14918406.0
2021-01-08,959.0,969.2,956.05,966.85,12709792.0
2021-01-11,969.4,969.4,946.25,948.625,15371556.0
2021-01-12,951.5,980.0,949.95,978.525,18996047.0
2021-01-13,981.775,987.475,959.225,969.4,12284876.0
2021-01-14,972.5,983.45,969.525,980.3,9946818.0
2021-01-15,980.3,986.9,960.025,968.725,9503790.0
2021-01-18,974.55,998.5,961.675,991.975,16198856.0
2021-01-19,997.325,1015.5,997.325,1008.2,14771048.0
2021-01-20,1010.7,1029.0,1000.7,1027.35,14271669.0
2021-01-21,1041.0,1060.0,1037.5,1049.7,18038987.0
2021-01-22,1055.5,1057.675,1017.575,1024.8,14090818.0
2021-01-25,1017.475,1017.475,966.0,970.5,25016570.0
2021-01-27,962.5,962.5,944.0,947.5,19553809.0
2021-01-28,940.075,961.65,935.0,938.275,15722291.0
2021-01-29,947.15,956.55,915.0,920.975,20173258.0
2021-02-01,929.7,952.5,924.0,947.65,15774504.0
2021-02-02,957.125,970.0,927.475,962.9,19138414.0
2021-02-03,964.15,976.0,950.0,965.325,13984228.0
2021-02-04,962.0,970.0,952.5,962.15,11826848.0
2021-02-05,965.025,972.325,960.0,961.875,9344470.0
2021-02-08,966.525,984.5,964.525,975.725,9776136.0
2021-02-09,980.975,994.8,976.15,978.075,9047308.0
2021-02-10,976.875,992.375,963.65,987.15,9799560.0
2021-02-11,990.0,1032.1,986.125,1027.85,19631870.0
2021-02-12,1027.75,1039.0,1007.7,1020.8,14074374.0
2021-02-15,1024.025,1030.65,1012.5,1016.3,7287590.0
2021-02-16,1019.875,1039.7,1017.5,1029.75,9886093.0
2021-02-17,1030.0,1047.975,1025.3,1041.625,10957388.0
2021-02-18,1042.5,1054.2,1029.55,1033.85,8605531.0
2021-02-19,1028.5,1052.475,1026.65,1040.15,10800704.0
2021-02-22,1040.0,1044.95,997.475,1004.05,10985697.0
2021-02-23,1024.0,1026.45,1006.8,1011.725,11834752.0
2021-02-24,1015.0,1032.625,1013.075,1030.5,4987735.0
2021-02-25,1038.0,1076.0,1036.5,1072.175,16085897.0
2021-02-26,1058.5,1066.95,1035.35,1042.9,17297575.0
2021-03-01,1055.1,1056.0,1031.25,1050.85,8159670.0
2021-03-02,1061.0,1065.0,1044.55,1053.0,7915073.0
2021-03-03,1060.525,1109.95,1053.6,1101.05,14733134.0
2021-03-04,1090.0,1094.975,1078.85,1087.925,9892597.0
2021-03-05,1078.0,1105.975,1076.525,1089.35,11773630.0
2021-03-08,1084.25,1115.95,1084.0,1095.55,9002404.0
2021-03-09,1100.0,1106.9,1073.3,1095.525,6993792.0
2021-03-10,1103.5,1107.55,1085.125,1090.975,5316182.0
2021-03-12,1097.5,1103.2,1061.95,1068.8,7783173.0
2021-03-15,1070.025,1074.45,1040.25,1054.45,7706302.0
2021-03-16,1057.0,1063.0,1047.75,1050.3,6402757.0
2021-03-17,1049.025,1051.5,1017.55,1027.675,8865521.0
2021-03-18,1036.45,1042.4,1000.5,1004.55,9528809.0
2021-03-19,995.5,1047.925,991.4,1041.0,19284892.0
2021-03-22,1035.5,1037.0,1016.6,1031.2,8571196.0
2021-03-23,1030.975,1054.85,1028.0,1043.75,8039865.0
2021-03-24,1039.875,1039.875,1020.2,1023.65,7763726.0
2021-03-25,1027.0,1027.0,992.5,995.725,10153757.0
2021-03-26,1006.0,1006.85,986.85,997.325,9313160.0
2021-03-30,1004.0,1024.45,995.775,1014.65,9433850.0
2021-03-31,1009.0,1024.95,999.5,1001.55,7499740.0
2021-04-01,1009.0,1015.0,1001.575,1010.925,5410307.0
2021-04-05,1012.475,1012.5,981.05,996.3,6864856.0
2021-04-06,1002.0,1002.475,984.5,992.15,6465241.0
2021-04-07,1000.0,1023.45,996.65,1001.425,11198918.0
2021-04-08,1005.5,1011.0,996.5,1002.675,7092878.0
2021-04-09,999.225,1003.175,990.0,991.025,6478482.0
2021-04-12,979.5,980.7,950.125,955.575,9646031.0
2021-04-13,962.0,970.3,958.925,965.9,8958261.0
2021-04-15,963.15,980.5,956.5,972.15,9102492.0
2021-04-16,968.3,974.95,963.225,966.05,7225679.0
2021-04-19,952.0,958.2,945.0,950.85,8527967.0
2021-04-20,955.25,959.5,945.225,950.575,7939490.0
2021-04-22,946.125,957.225,938.35,953.2,6687573.0
2021-04-23,953.0,959.45,947.675,952.175,5459016.0
2021-04-26,960.0,981.0,955.75,968.925,9620785.0
2021-04-27,970.0,998.6,969.125,994.325,9226547.0
2021-04-28,998.925,1004.0,990.075,998.65,7902002.0
2021-04-29,1011.45,1022.25,1003.65,1012.025,8035915.0
2021-04-30,1004.25,1018.0,993.775,997.25,9150974.0
2021-05-03,983.0,989.5,971.55,979.525,10909942.0
2021-05-04,975.0,983.9,955.5,958.3,10083693.0
2021-05-05,961.675,969.25,954.025,960.05,5719649.0
2021-05-06,960.925,967.5,953.3,965.5,6749281.0
2021-05-07,968.875,977.825,963.0,965.875,5671163.0
2021-05-10,969.5,973.4,960.475,963.1,6433879.0
2021-05-11,957.5,969.275,955.0,966.575,6220217.0
2021-05-12,965.05,966.45,953.5,956.575,6081627.0
2021-05-14,964.025,971.0,953.0,968.65,6134079.0
2021-05-17,968.65,981.725,965.2,980.175,5479424.0
2021-05-18,990.5,1001.3,986.25,993.975,5567958.0
2021-05-19,990.0,1008.225,986.0,998.525,7530294.0
2021-05-20,998.95,1005.45,990.5,992.7,5271497.0
2021-05-21,996.0,1004.8,993.0,1001.275,4977555.0
2021-05-24,1004.0,1004.9,991.0,992.825,3946636.0
2021-05-25,998.2,998.5,980.0,981.575,6821015.0
2021-05-26,987.5,989.75,982.65,985.025,3452113.0
2021-05-27,985.15,996.5,981.125,988.05,12377100.0
2021-05-28,995.0,1052.5,995.0,1047.4,26060864.0
2021-05-31,1051.0,1095.85,1042.525,1080.15,27285782.0
2021-06-01,1083.0,1101.0,1073.25,1084.45,12928379.0
2021-06-02,1078.5,1104.75,1078.5,1100.625,11366816.0
2021-06-03,1110.5,1125.0,1098.05,1104.825,11064116.0
2021-06-04,1107.4,1108.225,1092.125,1095.25,6677278.0
2021-06-07,1101.0,1121.0,1092.5,1113.7,7539326.0
2021-06-08,1113.3,1113.575,1099.075,1107.3,4464889.0
2021-06-09,1109.5,1110.5,1078.975,1087.5,5265326.0
2021-06-10,1096.7,1115.0,1088.775,1091.5,6532832.0
2021-06-11,1091.45,1114.0,1090.05,1106.575,6351520.0
2021-06-14,1107.5,1129.125,1097.525,1122.45,9383416.0
2021-06-15,1130.5,1137.45,1120.15,1125.0,7002898.0
2021-06-16,1122.45,1123.525,1102.925,1105.8,4982975.0
2021-06-17,1100.0,1117.5,1089.95,1107.825,7266765.0
2021-06-18,1112.75,1117.5,1092.175,1112.825,13553801.0
2021-06-21,1101.75,1123.75,1100.075,1118.625,5624044.0
2021-06-22,1127.0,1130.5,1109.675,1112.875,5940386.0
2021-06-23,1125.0,1125.3,1100.85,1102.675,7685796.0
2021-06-24,1103.425,1107.3,1070.0,1076.75,42209687.0
2021-06-25,1076.75,1076.75,1040.55,1052.225,25546334.0
2021-06-28,1061.0,1063.25,1040.5,1043.0,9357852.0
2021-06-29,1044.75,1054.5,1042.05,1043.9,12526981.0
2021-06-30,1048.125,1061.325,1045.525,1055.325,9120556.0
2021-07-01,1059.0,1061.575,1047.5,1048.975,5784627.0
2021-07-02,1048.5,1066.45,1046.475,1064.525,6500973.0
2021-07-05,1068.225,1076.775,1065.75,1075.1,5400604.0
2021-07-06,1072.475,1074.45,1060.1,1062.4,4647361.0
2021-07-07,1063.875,1063.875,1049.0,1055.025,4824931.0
2021-07-08,1058.475,1058.475,1040.5,1046.3,5162088.0
2021-07-09,1044.0,1045.85,1033.05,1035.6,4170886.0
2021-07-12,1039.875,1050.75,1037.25,1042.05,3962111.0
2021-07-13,1050.0,1051.525,1044.025,1049.85,3099956.0
2021-07-14,1050.175,1053.425,1040.625,1043.0,3937768.0
2021-07-15,1047.5,1047.5,1039.25,1041.175,4360415.0
2021-07-16,1043.875,1057.375,1043.8,1056.2,4074206.0
2021-07-19,1050.0,1062.0,1046.125,1049.475,3855577.0
2021-07-20,1049.75,1054.0,1042.0,1046.9,3111185.0
2021-07-22,1059.5,1061.95,1049.075,1060.35,3679260.0
2021-07-23,1067.225,1067.225,1051.025,1052.85,4585938.0
2021-07-26,1054.0,1060.5,1035.55,1038.425,5717830.0
2021-07-27,1038.4,1041.85,1021.0,1027.5,4995516.0
2021-07-28,1029.0,1029.0,1008.125,1018.675,5952355.0
2021-07-29,1027.0,1037.2,1021.7,1026.625,6352886.0
2021-07-30,1029.0,1033.975,1015.55,1017.65,5238304.0
2021-08-02,1027.15,1039.7,1020.575,1036.25,5041934.0
2021-08-03,1045.0,1045.5,1032.1,1043.875,5453682.0
2021-08-04,1047.2,1057.0,1043.5,1051.875,6077861.0
2021-08-05,1057.15,1077.4,1052.125,1067.125,9807831.0
2021-08-06,1064.975,1073.475,1039.375,1044.525,7670583.0
2021-08-09,1040.5,1044.9,1033.25,1038.575,3458546.0
2021-08-10,1041.0,1056.5,1036.875,1044.025,5500708.0
2021-08-11,1048.475,1060.0,1041.7,1058.65,4238859.0
2021-08-12,1062.45,1063.1,1052.5,1055.25,3755507.0
2021-08-13,1058.65,1074.95,1054.475,1072.825,5898384.0
2021-08-16,1074.675,1101.5,1064.075,1086.75,10123204.0
2021-08-17,1084.425,1092.6,1073.925,1082.125,5841743.0
2021-08-18,1087.0,1093.4,1076.3,1086.325,4650008.0
2021-08-20,1071.5,1086.0,1068.5,1074.125,4350228.0
2021-08-23,1087.0,1087.0,1066.15,1081.175,4547802.0
2021-08-24,1082.525,1096.0,1077.8,1091.85,5475452.0
2021-08-25,1092.7,1110.0,1090.05,1101.3,6175126.0
2021-08-26,1104.0,1122.45,1102.5,1115.225,8579105.0
2021-08-27,1118.5,1121.375,1108.025,1113.7,4836812.0
2021-08-30,1125.0,1137.925,1118.4,1135.125,6473487.0
2021-08-31,1138.45,1141.875,1121.125,1129.075,12223037.0
2021-09-01,1136.5,1146.45,1131.5,1133.55,5143640.0
2021-09-02,1127.5,1153.9,1127.5,1147.2,4595048.0
2021-09-03,1155.0,1197.5,1151.25,1194.25,14151629.0
2021-09-06,1206.5,1240.0,1206.0,1212.8,15525644.0
2021-09-07,1215.0,1229.0,1206.0,1220.45,8006968.0
2021-09-08,1226.0,1227.0,1203.325,1215.675,6600210.0
2021-09-09,1213.95,1218.925,1208.05,1212.8,4136538.0
2021-09-13,1216.5,1216.5,1184.025,1185.775,7527598.0
2021-09-14,1187.5,1197.0,1183.0,1184.225,4111205.0
2021-09-15,1184.25,1197.875,1184.25,1189.15,4186300.0
2021-09-16,1190.775,1218.375,1183.5,1214.1,6206657.0
2021-09-17,1223.0,1227.925,1187.8,1195.275,16098099.0
2021-09-20,1186.05,1209.175,1185.0,1197.175,5436385.0
2021-09-21,1202.5,1208.3,1192.0,1202.35,4576111.0
2021-09-22,1204.0,1221.0,1199.125,1215.25,5074612.0
2021-09-23,1223.7,1248.5,1222.75,1244.95,7267883.0
2021-09-24,1251.775,1252.725,1236.0,1241.35,7011181.0
2021-09-27,1243.5,1264.95,1237.65,1262.225,7095022.0
2021-09-28,1267.0,1282.45,1256.4,1274.025,8323269.0
2021-09-29,1285.0,1285.0,1260.025,1263.925,4485721.0
2021-09-30,1262.5,1267.3,1250.175,1259.625,6272085.0
2021-10-01,1250.975,1269.9,1247.5,1261.85,4134544.0
2021-10-04,1276.5,1287.425,1268.525,1278.075,5038910.0
2021-10-05,1277.55,1306.0,1273.675,1304.6,6245770.0
2021-10-06,1309.975,1309.975,1275.55,1279.925,4734472.0
2021-10-07,1297.5,1299.375,1283.85,1286.2,2924370.0
2021-10-08,1292.625,1342.2,1290.75,1335.625,7279003.0
2021-10-11,1350.7,1360.0,1322.675,1326.325,6815737.0
2021-10-12,1322.5,1341.5,1320.625,1333.9,3083747.0
2021-10-13,1339.5,1359.75,1334.65,1347.475,4596429.0
2021-10-14,1350.175,1358.725,1343.6,1350.2,3979730.0
2021-10-18,1334.3,1372.5,1331.15,1353.8,6273850.0
2021-10-19,1361.9,1375.675,1354.0,1365.925,4076617.0
2021-10-20,1371.375,1371.375,1345.75,1350.2,5865926.0
2021-10-21,1363.7,1364.0,1301.6,1311.25,9613812.0
2021-10-22,1310.0,1332.45,1305.75,1313.7,5089178.0
2021-10-25,1340.0,1340.0,1285.0,1300.9,7937067.0
2021-10-26,1308.55,1334.45,1301.575,1330.525,4499706.0
2021-10-27,1326.0,1338.4,1309.975,1313.7,4567140.0
2021-10-28,1310.0,1318.975,1295.25,1299.3,4562471.0
2021-10-29,1298.075,1298.075,1250.85,1268.125,6568539.0
2021-11-01,1268.125,1278.0,1247.05,1268.9,7144532.0
2021-11-02,1272.5,1274.0,1247.625,1250.4,4877652.0
2021-11-03,1253.025,1260.0,1230.5,1241.8,5533120.0
2021-11-04,1246.475,1252.45,1245.0,1249.425,787160.0
2021-11-08,1259.7,1260.0,1228.2,1250.975,9385607.0
2021-11-09,1252.5,1264.45,1243.525,1260.85,7237470.0
2021-11-10,1258.35,1279.0,1251.825,1274.95,4731975.0
2021-11-11,1270.025,1285.25,1267.775,1277.275,4948422.0
2021-11-12,1281.45,1299.375,1278.5,1296.55,4020744.0
2021-11-15,1300.0,1301.1,1285.0,1288.9,2216708.0
2021-11-16,1286.025,1287.5,1247.5,1258.95,5232292.0
2021-11-17,1249.475,1249.475,1230.5,1232.0,4708235.0
2021-11-18,1230.0,1244.5,1225.025,1236.65,3925345.0
2021-11-22,1218.05,1224.5,1175.5,1181.875,11133364.0
2021-11-23,1166.525,1200.625,1154.5,1192.925,11688406.0
2021-11-24,1190.0,1204.95,1171.775,1175.7,7762564.0
2021-11-25,1186.5,1251.0,1178.575,1246.475,19568487.0
2021-11-26,1233.9,1238.8,1200.75,1206.3,7274686.0
2021-11-29,1219.55,1250.0,1199.55,1220.75,11226147.0
2021-11-30,1234.0,1237.95,1194.425,1202.7,14847511.0
2021-12-01,1216.5,1237.0,1212.55,1233.5,4663276.0
2021-12-02,1234.85,1248.1,1230.8,1241.425,5870468.0
2021-12-03,1249.2,1249.25,1200.0,1204.125,8871172.0
2021-12-06,1208.0,1212.5,1178.575,1181.3,4768334.0
2021-12-07,1188.075,1202.0,1180.0,1190.925,5185007.0
2021-12-08,1212.05,1215.9,1203.15,1209.05,4035437.0
2021-12-09,1217.5,1237.45,1212.5,1228.225,6098050.0
2021-12-10,1220.125,1233.0,1215.175,1229.475,3860176.0
2021-12-13,1236.75,1237.05,1202.0,1204.825,5954148.0
2021-12-14,1190.0,1203.0,1186.7,1190.075,5995586.0
2021-12-15,1192.0,1202.5,1180.55,1186.6,4322855.0
2021-12-16,1202.85,1207.75,1184.325,1201.95,4504829.0
2021-12-17,1199.025,1204.0,1160.0,1170.225,9714489.0
2021-12-20,1158.925,1158.925,1123.55,1138.675,6611376.0
2021-12-21,1155.675,1173.0,1146.1,1155.625,5924071.0
2021-12-22,1162.45,1185.95,1161.0,1183.05,8149415.0
2021-12-23,1187.0,1190.0,1179.025,1182.625,4186912.0
2021-12-24,1185.0,1196.0,1168.775,1186.4,3639616.0
2021-12-27,1180.775,1189.0,1174.05,1185.125,1853948.0
2021-12-28,1187.8,1202.425,1186.525,1199.2,2941883.0
2021-12-29,1195.5,1209.5,1191.05,1201.25,7118779.0
2021-12-30,1200.0,1202.475,1172.8,1179.55,13537254.0
2021-12-31,1186.5,1191.95,1180.0,1184.075,4373768.0
2022-01-03,1182.5,1203.975,1181.775,1201.925,2502073.0
2022-01-04,1207.95,1230.5,1202.0,1229.05,5006225.0
2022-01-05,1231.0,1238.5,1216.475,1234.8,5373618.0
2022-01-06,1225.6,1227.0,1204.5,1208.25,6667483.0
2022-01-07,1215.475,1229.025,1205.775,1218.0,6051239.0
2022-01-10,1226.0,1228.5,1208.025,1219.0,4267365.0
2022-01-11,1218.0,1237.475,1217.5,1227.775,7478681.0
2022-01-12,1235.65,1262.475,1232.5,1260.55,6830402.0
2022-01-13,1260.625,1270.5,1254.2,1267.65,5471871.0
2022-01-14,1267.5,1283.65,1262.925,1269.5,9197773.0
2022-01-17,1269.0,1282.5,1268.5,1276.125,3708822.0
2022-01-18,1277.375,1281.175,1257.875,1260.9,2868235.0
2022-01-19,1265.0,1271.0,1254.5,1260.8,4502155.0
2022-01-20,1250.025,1254.975,1227.5,1238.725,7612203.0
2022-01-21,1226.0,1251.125,1226.0,1238.925,6155759.0
2022-01-24,1237.5,1252.375,1177.55,1188.95,10092511.0
2022-01-25,1174.775,1194.325,1152.5,1186.625,11311456.0
2022-01-27,1168.0,1178.05,1155.525,1169.05,9239426.0
2022-01-28,1182.5,1187.95,1164.2,1167.925,6769154.0
2022-01-31,1180.1,1203.2,1178.1,1193.3,5604308.0
2022-02-01,1204.0,1210.3,1173.55,1189.35,6092033.0
2022-02-02,1203.5,1203.5,1187.55,1191.775,4623163.0
2022-02-03,1196.0,1200.725,1173.6,1176.375,4417864.0
2022-02-04,1170.5,1174.225,1160.55,1165.65,5104761.0
2022-02-07,1171.0,1178.4,1152.5,1158.55,4944725.0
2022-02-08,1165.325,1180.0,1155.0,1178.025,5566080.0
2022-02-09,1185.575,1193.6,1179.0,1191.75,5300891.0
2022-02-10,1197.85,1197.85,1182.55,1190.525,5752361.0
2022-02-11,1186.625,1192.25,1172.05,1188.2,7357863.0
2022-02-14,1170.125,1177.475,1156.5,1169.275,4947109.0
2022-02-15,1175.6,1211.95,1167.85,1208.975,5174646.0
2022-02-16,1215.0,1216.5,1197.975,1206.475,4796294.0
2022-02-17,1210.05,1227.45,1205.0,1221.75,5931774.0
2022-02-18,1222.2,1228.2,1210.075,1212.2,3126873.0
2022-02-21,1206.0,1218.75,1192.3,1199.95,5125968.0
2022-02-22,1176.45,1197.95,1173.575,1194.5,6227901.0
2022-02-23,1200.55,1203.275,1184.0,1187.025,3373615.0
2022-02-24,1152.5,1169.95,1121.7,1127.875,11466725.0
2022-02-25,1140.05,1153.975,1138.125,1141.975,6724094.0
2022-02-28,1121.5,1183.675,1121.5,1179.775,9828768.0
2022-03-02,1167.225,1200.5,1164.6,1199.275,9909226.0
2022-03-03,1200.0,1207.425,1185.025,1189.15,4701183.0
2022-03-04,1176.5,1182.15,1160.175,1162.775,4986814.0
2022-03-07,1139.35,1156.05,1111.0,1119.775,8299295.0
2022-03-08,1105.75,1123.0,1090.0,1117.75,9825043.0
2022-03-09,1118.0,1183.5,1117.075,1177.05,9421163.0
2022-03-10,1200.0,1202.5,1180.0,1196.125,8297995.000000001
2022-03-11,1188.025,1205.5,1188.025,1199.575,5656799.0
2022-03-14,1193.45,1212.2,1187.0,1209.425,3849222.0
2022-03-15,1213.975,1213.975,1170.425,1181.725,7349740.0
2022-03-16,1191.0,1203.95,1188.55,1201.675,5145644.0
2022-03-17,1216.375,1248.7,1207.55,1240.85,9886295.0
2022-03-21,1222.0,1242.0,1219.5,1233.7,5537752.0
2022-03-22,1230.05,1267.475,1226.8,1265.575,10410082.0
2022-03-23,1261.5,1282.425,1261.5,1269.6,7135797.0
2022-03-24,1255.0,1292.075,1255.0,1289.325,6077153.0
2022-03-25,1291.25,1308.0,1288.5,1297.925,6563676.0
2022-03-28,1305.0,1314.875,1293.25,1310.975,4564891.0
2022-03-29,1319.0,1319.0,1303.7,1311.275,4007695.0
2022-03-30,1319.95,1344.0,1308.55,1336.475,7297028.0
2022-03-31,1332.475,1334.85,1314.3,1317.375,6102744.0
2022-04-01,1318.0,1332.575,1311.0,1327.925,3656408.0
2022-04-04,1327.725,1337.5,1320.825,1331.85,3659307.0
2022-04-05,1325.55,1334.95,1310.35,1313.025,6068663.0
2022-04-06,1293.55,1317.25,1293.55,1309.525,5656703.0
2022-04-07,1297.55,1303.0,1283.5,1286.425,7151632.0
2022-04-08,1280.0,1312.5,1280.0,1307.825,6992874.0
2022-04-11,1300.0,1319.275,1291.5,1305.1,4270816.0
2022-04-12,1293.5,1301.3,1277.7,1280.525,6099986.0
2022-04-13,1287.25,1296.3,1272.75,1275.825,4778478.0
2022-04-18,1266.5,1279.9,1260.9,1271.925,4603103.0
2022-04-19,1279.0,1334.0,1275.525,1320.4,12064446.0
2022-04-20,1328.55,1367.0,1324.55,1359.225,11570835.0
2022-04-21,1375.45,1394.5,1366.0,1391.05,10018531.0
2022-04-22,1379.45,1401.0,1372.1,1379.4,6947490.0
2022-04-25,1371.2,1379.2,1331.825,1347.5,7874671.0
2022-04-26,1355.0,1397.5,1353.85,1387.825,5643066.0
2022-04-27,1377.925,1414.0,1377.525,1389.175,8924920.0
2022-04-28,1404.975,1425.5,1393.05,1409.925,11820892.0
2022-04-29,1428.075,1428.075,1388.65,1395.125,8406156.0
2022-05-02,1381.0,1402.75,1379.025,1390.225,4369022.0
2022-05-04,1392.5,1395.0,1338.15,1346.825,8882792.0
2022-05-05,1361.75,1365.0,1316.0,1320.45,7942721.0
2022-05-06,1306.1,1329.5,1296.775,1310.325,9068448.0
2022-05-09,1287.475,1298.55,1253.5,1259.15,8345648.999999999
2022-05-10,1247.5,1263.3,1229.0,1237.325,9004636.0
2022-05-11,1236.325,1242.475,1210.975,1224.65,7681157.0
2022-05-12,1213.75,1217.425,1185.0,1199.7,9456280.0
2022-05-13,1213.0,1239.0,1207.675,1213.3,8910998.0
2022-05-16,1217.225,1240.5,1208.325,1213.6,6201594.0
2022-05-17,1217.55,1269.95,1216.0,1264.575,7638666.0
2022-05-18,1269.825,1285.0,1254.125,1269.175,7973235.0
2022-05-19,1242.0,1256.25,1233.025,1239.925,6783641.0
2022-05-20,1256.25,1322.2,1251.0,1312.225,10057508.0
2022-05-23,1315.75,1326.775,1296.5,1303.45,7039144.0
2022-05-24,1303.5,1319.0,1298.85,1307.925,6243086.0
2022-05-25,1317.5,1328.35,1300.75,1306.0,5867760.0
2022-05-26,1312.2,1317.45,1274.0,1293.55,8252550.999999999
2022-05-27,1296.525,1302.575,1270.05,1287.55,7624888.0
2022-05-30,1307.5,1337.0,1297.1,1332.4,6393341.0
2022-05-31,1320.7,1339.4,1307.85,1316.325,32591420.0
2022-06-01,1317.15,1327.6,1308.1,1316.75,4512079.0
2022-06-02,1317.0,1366.225,1317.0,1362.15,10211408.0
2022-06-03,1372.0,1408.675,1371.0,1389.75,11048210.0
2022-06-06,1390.0,1407.0,1375.9,1383.775,5119488.0
2022-06-07,1384.95,1395.55,1376.025,1386.375,5703333.0
2022-06-08,1386.375,1390.5,1358.15,1362.025,5759172.0
2022-06-09,1355.0,1401.5,1355.0,1399.375,7973935.0
2022-06-10,1385.95,1394.95,1350.75,1357.125,8349942.999999999
2022-06-13,1325.0,1336.4,1308.15,1331.45,8131998.0
2022-06-14,1325.025,1335.925,1306.725,1314.05,6790653.0
2022-06-15,1308.775,1318.65,1292.2,1298.15,5166738.0
2022-06-16,1311.5,1329.525,1277.0,1280.0,7896943.0
2022-06-17,1280.0,1312.425,1278.05,1295.0,11286988.0
2022-06-20,1302.5,1308.55,1260.55,1271.525,5568825.0
2022-06-21,1280.0,1296.7,1264.15,1292.05,5408801.0
2022-06-22,1279.05,1279.15,1250.5,1252.8,4899839.0
2022-06-23,1257.525,1262.5,1222.5,1232.475,8974475.0
2022-06-24,1240.0,1255.5,1234.0,1250.025,6571866.0
2022-06-27,1272.475,1272.475,1240.775,1246.325,7141493.0
2022-06-28,1241.05,1266.975,1241.05,1263.85,6263867.0
2022-06-29,1253.6,1298.5,1250.5,1290.075,8863172.0
2022-06-30,1290.0,1307.95,1283.0,1297.825,10666627.0
2022-07-01,1287.45,1296.0,1182.5,1204.35,37841671.0
2022-07-04,1189.475,1221.0,1183.05,1206.85,19317335.0
2022-07-05,1211.5,1232.45,1208.55,1216.625,8144239.0
2022-07-06,1210.05,1220.975,1194.0,1205.925,11050026.0
2022-07-07,1212.95,1216.625,1187.5,1194.05,10753423.0
2022-07-08,1209.0,1209.0,1191.275,1195.7,8773162.0
2022-07-11,1188.25,1214.4,1185.0,1211.95,6390604.0
2022-07-12,1202.0,1219.85,1202.0,1210.225,4974502.0
2022-07-13,1213.65,1217.0,1186.5,1188.775,6564435.0
2022-07-14,1194.0,1216.975,1188.475,1198.575,7831798.0
2022-07-15,1207.5,1207.5,1191.55,1200.9,4431880.0
2022-07-18,1210.5,1212.5,1196.15,1211.125,6996757.0
2022-07-19,1200.15,1223.5,1200.15,1218.55,7587006.0
2022-07-20,1270.0,1271.25,1243.125,1251.5,11041036.0
2022-07-21,1247.0,1250.0,1233.65,1243.15,7625468.0
2022-07-22,1250.0,1258.15,1247.5,1251.55,5062651.0
2022-07-25,1233.725,1233.725,1201.5,1210.2,10665470.0
2022-07-26,1210.55,1221.95,1205.675,1210.75,5216466.0
2022-07-27,1209.975,1213.5,1201.0,1209.6,3994321.0
2022-07-28,1218.0,1233.975,1210.5,1228.55,5766936.0
2022-07-29,1237.35,1258.55,1232.0,1254.725,6982808.0
2022-08-01,1259.575,1293.875,1253.8,1287.425,7245568.0
2022-08-02,1286.25,1303.9,1280.775,1292.325,6423115.0
2022-08-03,1300.0,1305.0,1283.725,1303.175,6576824.0
2022-08-04,1305.0,1308.875,1267.5,1285.95,6676577.0
2022-08-05,1288.0,1289.4,1263.475,1267.0,6434433.0
2022-08-08,1265.5,1291.775,1265.5,1283.575,4691228.0
2022-08-10,1288.45,1294.95,1278.525,1291.25,4949442.0
2022-08-11,1301.55,1304.95,1290.1,1295.55,3783480.0
2022-08-12,1295.15,1320.675,1291.1,1316.5,5838244.0
2022-08-16,1323.1,1328.65,1313.65,1325.65,3049304.0
2022-08-17,1332.5,1338.45,1327.775,1332.575,3044037.0
2022-08-18,1330.0,1334.5,1320.1,1330.65,3419730.0
2022-08-19,1325.0,1330.85,1302.475,1306.925,4366123.0
2022-08-22,1308.5,1315.65,1293.0,1303.3,4371179.0
2022-08-23,1297.0,1326.6,1295.675,1323.4,4466619.0
2022-08-24,1320.05,1335.0,1317.675,1319.875,4785579.0
2022-08-25,1324.475,1331.45,1311.3,1316.025,3632902.0
2022-08-26,1316.5,1325.0,1303.5,1309.0,4957449.0
2022-08-29,1292.5,1327.5,1289.025,1298.825,9155684.0
2022-08-30,1307.0,1322.625,1288.3,1318.975,10678670.0
2022-09-01,1291.325,1302.475,1275.35,1280.2,9188434.0
2022-09-02,1280.2,1287.675,1262.85,1265.25,5999196.0
2022-09-05,1265.5,1290.75,1265.5,1284.9,5227785.0
2022-09-06,1286.5,1303.0,1286.0,1298.425,5030172.0
2022-09-07,1287.5,1297.45,1285.0,1290.875,3455942.0
2022-09-08,1294.125,1299.0,1285.5,1292.7,3256840.0
2022-09-09,1305.0,1305.0,1282.0,1284.65,3837302.0
2022-09-12,1285.275,1306.0,1285.275,1299.025,3431445.0
2022-09-13,1309.0,1314.85,1300.5,1309.875,4102114.0
2022-09-14,1287.5,1305.0,1286.375,1294.175,4004997.0
2022-09-15,1291.5,1301.775,1278.375,1281.35,4783723.0
2022-09-16,1271.875,1276.5,1245.5,1249.6,9330469.0
2022-09-19,1249.6,1261.35,1240.675,1251.225,3498286.0
2022-09-20,1261.225,1268.85,1247.35,1251.425,3881882.0
2022-09-21,1248.375,1266.5,1247.5,1254.875,4249172.0
2022-09-22,1243.0,1251.5,1236.05,1243.05,4757219.0
2022-09-23,1242.5,1247.975,1218.05,1219.75,4397194.0
2022-09-26,1197.025,1208.9,1187.575,1188.675,5759298.0
2022-09-27,1197.0,1213.0,1180.05,1198.125,7455448.0
2022-09-28,1180.175,1189.0,1163.55,1166.225,7844140.0
2022-09-29,1180.0,1183.75,1156.5,1162.65,6771046.0
2022-09-30,1155.5,1201.0,1155.5,1188.875,8589908.0
2022-10-03,1195.75,1208.475,1181.5,1184.75,5470030.0
2022-10-04,1198.9,1209.0,1195.075,1206.6,4129893.0
2022-10-06,1214.5,1225.0,1209.075,1211.05,6162021.0
2022-10-07,1207.325,1221.95,1207.325,1216.175,3560167.0
2022-10-10,1202.5,1208.8,1194.0,1202.9,2921076.0
2022-10-11,1207.0,1207.0,1175.55,1178.95,4252803.0
2022-10-12,1176.0,1190.85,1171.55,1187.625,3422992.0
2022-10-13,1185.7,1197.0,1180.05,1191.4,3382098.0
2022-10-14,1207.5,1208.175,1184.55,1185.35,4202459.0
2022-10-17,1177.5,1207.0,1171.8,1204.375,7720595.0
2022-10-18,1211.0,1231.5,1210.075,1225.625,5729899.0
2022-10-19,1227.25,1263.925,1220.85,1246.95,8882553.0
2022-10-20,1242.5,1259.5,1242.5,1250.3,4022919.0
2022-10-21,1253.85,1258.4,1233.5,1235.8,3804352.0
2022-10-24,1230.0,1251.25,1227.65,1239.925,1555270.0
2022-10-25,1249.5,1249.5,1219.0,1220.775,5645639.0
2022-10-27,1229.0,1234.225,1216.4,1225.575,5774775.0
2022-10-28,1232.5,1267.5,1229.725,1263.075,8126824.0
2022-10-31,1270.5,1280.475,1266.1,1274.8,5731802.0
2022-11-01,1300.0,1300.0,1254.0,1264.925,6443999.0
2022-11-02,1266.15,1275.1,1257.5,1272.825,4145144.0
2022-11-03,1264.925,1279.775,1262.525,1277.575,3089026.0
2022-11-04,1276.95,1300.0,1275.55,1296.375,5803737.0
2022-11-07,1295.5,1305.15,1287.0,1303.3,5440967.0
2022-11-09,1305.15,1310.975,1295.025,1302.0,5193814.0
2022-11-10,1295.0,1298.275,1281.5,1286.25,2753420.0
2022-11-11,1300.0,1318.0,1294.0,1315.9,5681124.0
2022-11-14,1315.375,1321.0,1302.575,1309.525,4173395.0
2022-11-15,1311.15,1313.2,1295.0,1303.65,3270388.0
2022-11-16,1305.0,1307.975,1290.675,1296.175,4484007.0
2022-11-17,1292.475,1306.5,1290.0,1299.525,3074259.0
2022-11-18,1303.375,1304.5,1285.55,1298.825,2447425.0
2022-11-21,1294.0,1294.0,1271.55,1275.45,2949108.0
2022-11-22,1272.5,1284.25,1268.25,1282.525,3051201.0
2022-11-23,1287.5,1288.95,1276.125,1278.525,2959787.0
2022-11-24,1283.0,1297.0,1274.1,1289.55,4333225.0
2022-11-25,1294.5,1312.45,1291.05,1308.8,3391988.0
2022-11-28,1304.45,1360.525,1251.0,1353.775,14549929.0
2022-11-29,1351.975,1365.825,1347.0,1356.1,5103687.0
2022-11-30,1356.25,1372.725,1349.1,1365.675,12075137.0
2022-12-01,1370.9,1377.5,1358.0,1361.65,4377696.0
2022-12-02,1365.0,1374.0,1350.3,1361.075,5348595.0
2022-12-05,1356.0,1358.375,1339.0,1341.225,6843367.0
2022-12-06,1332.55,1348.5,1330.5,1345.1,3966243.0
2022-12-07,1342.5,1347.5,1321.075,1325.25,3905263.0
2022-12-08,1330.0,1332.5,1320.05,1324.625,3579858.0
2022-12-09,1323.0,1330.0,1300.925,1304.55,5840633.0
2022-12-12,1292.75,1311.5,1292.5,1306.55,4374946.0
2022-12-13,1306.55,1316.5,1303.35,1312.5,3845839.0
2022-12-14,1318.825,1319.475,1305.5,1307.75,3354618.0
2022-12-15,1301.25,1307.5,1285.5,1289.175,4009765.0
2022-12-16,1285.5,1309.4,1279.075,1282.8,7308934.0
2022-12-19,1290.5,1302.0,1283.35,1299.65,3567363.0
2022-12-20,1291.95,1313.0,1283.0,1310.9,3446291.0
2022-12-21,1310.5,1316.5,1288.05,1292.25,3935463.0
2022-12-22,1299.0,1302.325,1283.375,1288.9,3438692.0
2022-12-23,1281.65,1295.25,1246.125,1251.1,4733657.0
2022-12-26,1257.375,1271.0,1246.2,1262.025,2764496.0
2022-12-27,1265.0,1274.4,1257.625,1272.35,2659749.0
2022-12-28,1269.0,1274.9,1260.75,1272.225,3442509.0
2022-12-29,1263.5,1274.45,1262.75,1271.65,3198493.0
2022-12-30,1272.55,1288.5,1270.55,1273.6,3364092.0
2023-01-02,1275.0,1289.5,1274.1,1287.95,2453414.0
2023-01-03,1282.525,1286.5,1273.9,1278.525,3534596.0
2023-01-04,1278.5,1280.525,1257.0,1259.275,4275746.0
2023-01-05,1261.75,1268.2,1252.0,1257.025,6293519.0
2023-01-06,1263.325,1273.975,1259.15,1268.45,2930338.0
2023-01-09,1272.65,1301.0,1271.675,1298.4,4948549.0
2023-01-10,1303.0,1303.0,1273.0,1279.2,3713755.0
2023-01-11,1276.25,1279.0,1260.55,1263.075,5311657.0
2023-01-12,1262.425,1266.25,1232.5,1235.8,8163366.0
2023-01-13,1229.2,1236.45,1217.3,1233.8,9515473.0
2023-01-16,1236.35,1239.825,1213.5,1222.05,6287407.0
2023-01-17,1229.0,1241.5,1225.3,1239.4,4961585.0
2023-01-18,1236.75,1245.55,1230.175,1237.35,6206382.0
2023-01-19,1236.45,1240.575,1228.325,1236.025,5510333.0
2023-01-20,1237.5,1237.5,1218.625,1221.325,6890325.0
2023-01-23,1224.5,1233.1,1212.5,1215.15,5055324.0
2023-01-24,1220.0,1221.825,1193.675,1207.975,7609558.0
2023-01-25,1206.225,1207.35,1190.0,1191.275,5715684.0
2023-01-27,1192.2,1193.675,1155.825,1168.675,11920991.0
2023-01-30,1165.85,1185.95,1150.5,1179.875,10047822.0
2023-01-31,1191.0,1193.825,1170.5,1176.925,10472167.0
2023-02-01,1189.975,1189.975,1152.5,1169.95,8929007.0
2023-02-02,1159.0,1174.0,1155.5,1163.475,6305317.0
2023-02-03,1174.5,1174.5,1146.5,1164.5,11398850.0
2023-02-06,1157.5,1160.5,1152.9,1155.725,6847679.0
2023-02-07,1156.0,1163.7,1146.5,1152.95,6985001.0
2023-02-08,1156.5,1179.95,1153.5,1175.975,9765490.0
2023-02-09,1176.725,1185.425,1167.0,1178.025,6079228.0
2023-02-10,1177.45,1177.45,1160.65,1168.325,4979789.0
2023-02-13,1170.1,1175.0,1156.775,1161.675,4777674.0
2023-02-14,1164.975,1190.95,1161.825,1189.05,6609564.0
2023-02-15,1188.0,1218.6,1186.5,1215.975,15461902.0
2023-02-16,1224.725,1231.9,1212.525,1215.025,7967558.0
2023-02-17,1210.0,1223.75,1205.3,1220.1,5450092.0
2023-02-20,1222.5,1224.875,1205.05,1207.2,4078245.0
2023-02-21,1212.0,1223.4,1206.175,1217.05,6143298.0
2023-02-22,1212.975,1215.0,1187.525,1189.45,5087729.0
2023-02-23,1189.0,1197.375,1180.675,1183.75,4546655.0
2023-02-24,1186.0,1198.075,1184.0,1191.85,4353814.0
2023-02-27,1191.0,1194.825,1175.85,1183.925,5168667.0
2023-02-28,1178.05,1183.5,1156.825,1161.275,10150245.0
2023-03-01,1172.0,1172.75,1161.625,1171.95,5330852.0
2023-03-02,1168.5,1175.825,1160.8,1163.025,4307425.0
2023-03-03,1174.575,1196.725,1170.775,1192.7,6758115.0
2023-03-06,1200.0,1212.3,1200.0,1204.35,4694338.0
2023-03-08,1204.35,1209.5,1192.5,1208.675,7283694.0
2023-03-09,1208.0,1208.45,1177.55,1179.625,7492509.0
2023-03-10,1170.75,1172.0,1157.525,1161.35,6153681.0
2023-03-13,1164.5,1172.0,1137.5,1142.25,5894088.0
2023-03-14,1140.0,1152.475,1134.525,1137.975,7396699.0
2023-03-15,1142.05,1149.15,1113.7,1118.525,10027725.0
2023-03-16,1121.5,1127.0,1101.1,1112.95,8474595.0
2023-03-17,1122.375,1125.975,1106.35,1111.55,15697554.0
2023-03-20,1107.5,1110.0,1090.0,1100.625,9010595.0
2023-03-21,1109.475,1137.0,1108.5,1134.85,9876263.0
2023-03-22,1142.5,1145.725,1135.0,1138.3,5039622.0
2023-03-23,1134.0,1134.95,1121.525,1123.9,7499082.0
2023-03-24,1122.625,1125.0,1099.0,1101.65,5711497.0
2023-03-27,1108.75,1127.0,1100.1,1118.775,6486068.0
2023-03-28,1122.5,1128.25,1118.5,1124.0,5804018.0
2023-03-29,1119.5,1122.4,1105.55,1117.35,8678073.0
2023-03-31,1127.5,1171.725,1127.35,1165.525,13001005.0
2023-04-03,1172.5,1174.5,1157.5,1165.725,4750238.0
2023-04-05,1174.0,1174.0,1154.275,1162.925,7505339.0
2023-04-06,1159.075,1177.0,1159.075,1170.725,8507771.0
2023-04-10,1175.0,1175.2,1160.775,1162.425,5981688.0
2023-04-11,1167.0,1170.5,1162.025,1168.175,4865301.0
2023-04-12,1168.175,1183.9,1165.025,1173.325,8389646.0
2023-04-13,1176.5,1182.9,1171.0,1177.75,5712541.0
2023-04-17,1212.475,1212.475,1174.525,1183.725,8274451.999999999
2023-04-18,1188.5,1188.5,1163.0,1170.175,4802172.0
2023-04-19,1169.525,1178.95,1166.1,1176.0,5664207.0
2023-04-20,1177.05,1179.5,1166.05,1173.025,3233882.0
2023-04-21,1175.325,1180.5,1168.2,1174.5,3529236.0
2023-04-24,1187.5,1190.45,1174.0,1179.0,5970048.0
2023-04-25,1183.0,1190.3,1175.25,1188.025,4262471.0
2023-04-26,1189.5,1193.05,1177.025,1181.05,3977129.0
2023-04-27,1187.5,1192.0,1182.0,1188.525,4230627.0
2023-04-28,1191.0,1211.95,1190.875,1210.25,7183342.0
2023-05-02,1218.1,1222.9,1214.05,1220.525,5991101.0
2023-05-03,1222.5,1222.5,1206.525,1210.05,3259053.0
2023-05-04,1210.575,1226.425,1207.3,1224.0,3985159.0
2023-05-05,1220.5,1230.675,1218.0,1220.875,4036548.0
2023-05-08,1225.0,1241.825,1222.075,1235.95,4224469.0
2023-05-09,1237.5,1243.4,1231.625,1239.775,2983468.0
2023-05-10,1245.0,1249.925,1240.6,1248.3,5017544.0
2023-05-11,1249.475,1254.75,1238.275,1240.15,4872451.0
2023-05-12,1234.9,1243.7,1228.25,1242.175,3209889.0
2023-05-15,1244.95,1252.275,1236.575,1244.625,3153587.0
2023-05-16,1247.0,1249.8,1225.075,1226.9,4023000.0
2023-05-17,1231.5,1232.5,1214.5,1219.65,4060722.0
2023-05-18,1224.775,1228.5,1213.575,1217.025,4857531.0
2023-05-19,1217.025,1222.975,1209.425,1220.975,3715280.0
2023-05-22,1217.5,1233.0,1216.175,1227.5,3431208.0
2023-05-23,1230.325,1234.0,1225.725,1227.275,2811473.0
2023-05-24,1222.95,1232.0,1216.725,1220.125,3743804.0
2023-05-25,1216.95,1224.5,1208.025,1219.975,5301647.0
2023-05-26,1229.0,1254.5,1225.375,1253.25,5827017.0
2023-05-29,1260.5,1265.0,1253.6,1260.3,4619754.0
2023-05-30,1260.3,1268.85,1257.175,1259.975,5234564.0
2023-05-31,1250.0,1254.925,1230.5,1234.95,12510304.0
2023-06-01,1240.075,1242.45,1229.0,1231.625,6734525.0
2023-06-02,1235.5,1241.425,1225.5,1227.6,7291995.0
2023-06-05,1233.6,1241.875,1229.225,1238.625,5034355.0
2023-06-06,1241.725,1243.85,1231.0,1239.675,3458161.0
2023-06-07,1243.5,1250.0,1236.3,1249.075,4759238.0
2023-06-08,1253.0,1258.425,1245.5,1249.825,5570815.0
2023-06-09,1253.5,1254.275,1239.0,1240.975,2712243.0
2023-06-12,1237.75,1244.6,1232.5,1242.075,2949893.0
2023-06-13,1247.5,1261.725,1243.125,1260.425,5190958.0
2023-06-14,1260.5,1277.5,1258.5,1275.925,6127509.0
2023-06-15,1275.9,1281.275,1267.75,1276.275,5451926.0
2023-06-16,1280.1,1291.2,1280.1,1288.7,11155180.0
2023-06-19,1292.0,1292.0,1271.325,1275.9,3137532.0
2023-06-20,1273.775,1282.0,1267.5,1278.55,3194085.0
2023-06-21,1278.5,1284.925,1274.0,1282.15,3212779.0
2023-06-22,1278.0,1286.65,1266.0,1267.75,3516244.0
2023-06-23,1264.45,1266.7,1256.0,1257.375,3059084.0
2023-06-26,1253.5,1257.7,1244.35,1247.775,5833893.0
2023-06-27,1248.275,1254.75,1243.325,1248.225,4471687.0
2023-06-28,1256.5,1268.925,1248.925,1264.75,5239872.0
2023-06-30,1273.2,1278.325,1266.725,1275.125,5146441.0
2023-07-03,1279.025,1311.0,1277.675,1307.85,5609248.0
2023-07-04,1312.5,1312.5,1286.625,1294.375,3720447.0
2023-07-05,1304.5,1304.5,1287.9,1292.25,4729479.0
2023-07-06,1288.025,1322.225,1288.025,1319.375,8822948.0
2023-07-07,1317.5,1332.475,1314.0,1316.8,6172684.0
2023-07-10,1344.45,1378.0,1337.5,1367.525,15340262.0
2023-07-11,1376.45,1385.0,1368.8,1382.35,9262001.0
2023-07-12,1383.15,1401.0,1380.825,1383.875,8645662.0
2023-07-13,1391.95,1399.5,1368.625,1371.5,6776172.0
2023-07-14,1375.0,1380.45,1362.55,1370.35,6979790.0
2023-07-17,1373.5,1407.525,1364.0,1398.35,10254545.0
2023-07-18,1408.5,1418.725,1396.5,1410.225,11937761.0
2023-07-19,1415.0,1428.0,1398.5,1420.925,18054869.0
2023-07-20,1290.0,1315.475,1290.0,1309.925,19358812.0
2023-07-21,1304.5,1307.45,1261.8,1269.375,15124619.0
2023-07-24,1240.5,1257.475,1234.65,1243.7,11863933.0
2023-07-25,1247.0,1252.6,1240.0,1242.9,6013010.0
2023-07-26,1242.5,1273.5,1242.5,1263.1,6455506.0
2023-07-27,1267.025,1268.825,1245.175,1251.35,8613449.0
2023-07-28,1256.025,1271.425,1250.275,1263.925,10413926.0
2023-07-31,1263.925,1276.95,1258.975,1274.625,4275587.0
2023-08-01,1277.5,1279.5,1252.65,1256.6,4768316.0
2023-08-02,1254.6,1256.0,1231.8,1243.175,6374107.0
2023-08-03,1237.65,1250.45,1229.025,1237.95,5084175.0
2023-08-04,1249.4,1258.0,1235.8,1254.775,11442805.0
2023-08-07,1260.5,1264.2,1252.5,1261.925,2991435.0
2023-08-08,1264.0,1267.225,1249.775,1254.325,4922036.0
2023-08-09,1252.425,1264.5,1240.55,1262.6,5743293.0
2023-08-10,1262.475,1275.0,1254.225,1268.225,7735299.0
2023-08-11,1266.225,1279.425,1256.175,1273.575,11089665.0
2023-08-14,1269.5,1291.15,1262.5,1288.625,4787906.0
2023-08-16,1275.5,1291.4,1275.5,1287.575,5101556.0
2023-08-17,1283.55,1289.05,1266.425,1269.0,6836872.0
2023-08-18,1265.625,1288.8,1254.275,1278.4,9319989.0
2023-08-21,1269.975,1277.725,1257.825,1260.0,4610873.0
2023-08-22,1258.45,1268.975,1249.5,1259.7,3856522.0
2023-08-23,1262.1,1271.425,1258.475,1261.1,4758976.0
2023-08-24,1269.95,1269.95,1235.5,1239.9,7070010.0
2023-08-25,1228.0,1252.5,1221.3,1234.175,11111200.0
2023-08-28,1236.0,1242.0,1215.55,1221.875,6290413.0
2023-08-29,1226.025,1226.725,1204.075,1210.175,8438322.0
2023-08-30,1216.0,1221.5,1207.5,1209.025,6084473.0
2023-08-31,1211.5,1212.5,1199.95,1203.5,10819300.0
2023-09-01,1203.275,1212.825,1200.825,1206.325,9056421.0
2023-09-04,1206.325,1211.825,1202.65,1205.35,4673813.0
2023-09-05,1210.0,1216.975,1206.225,1211.8,4337938.0
2023-09-06,1210.55,1218.075,1208.625,1214.35,4100185.0
2023-09-07,1210.85,1219.125,1205.5,1216.0,6826286.0
2023-09-08,1220.0,1228.0,1211.475,1224.1,11554644.0
2023-09-11,1226.0,1238.425,1226.0,1237.3,6635537.0
2023-09-12,1241.5,1241.5,1217.975,1219.425,8127833.0
2023-09-13,1220.0,1231.325,1213.125,1225.525,6401669.0
2023-09-14,1230.0,1232.9,1222.5,1226.65,4604818.0
2023-09-15,1234.0,1234.0,1224.75,1228.925,12734296.0
2023-09-18,1220.025,1225.5,1216.025,1218.225,3758150.0
2023-09-20,1211.525,1213.8,1177.5,1191.075,28540942.0
2023-09-21,1187.475,1195.05,1180.0,1182.4,6113091.0
2023-09-22,1188.0,1191.225,1175.0,1177.475,9588393.0
2023-09-25,1175.2,1180.35,1167.55,1170.225,7127442.0
2023-09-26,1169.275,1175.1,1167.8,1171.25,5043891.0
2023-09-27,1171.75,1185.9,1169.25,1184.45,5861389.0
2023-09-28,1191.5,1191.5,1162.5,1167.05,7259173.0
2023-09-29,1170.9,1184.55,1167.05,1172.5,6171007.0
2023-10-03,1164.975,1167.8,1158.0,1159.075,4429528.0
2023-10-04,1154.5,1159.5,1147.55,1157.075,5143193.0
2023-10-05,1159.625,1164.7,1154.5,1157.05,5476841.0
2023-10-06,1158.525,1162.4,1156.025,1159.0,2715513.0
2023-10-09,1154.05,1155.975,1147.5,1149.125,3788439.0
2023-10-10,1153.275,1158.95,1151.875,1154.2,5118016.0
2023-10-11,1157.225,1174.85,1156.5,1172.525,4907059.0
2023-10-12,1171.925,1179.675,1169.075,1174.7,6277225.0
2023-10-13,1170.0,1178.75,1164.575,1174.65,5075158.0
2023-10-16,1172.5,1177.275,1168.0,1172.025,2964518.0
2023-10-17,1178.0,1179.85,1170.65,1177.625,3964090.0
2023-10-18,1177.625,1183.5,1160.5,1162.0,4459160.0
2023-10-19,1156.0,1160.9,1150.5,1153.075,6016278.0
2023-10-20,1150.0,1157.35,1148.15,1149.55,4456656.0
2023-10-23,1145.0,1153.125,1127.625,1131.6,3926981.0
2023-10-25,1125.025,1140.6,1121.5,1128.975,5810344.0
2023-10-26,1125.5,1129.0,1110.15,1113.25,7611267.0
2023-10-27,1120.0,1136.75,1117.975,1132.9,5885542.0
2023-10-30,1137.0,1162.5,1134.975,1156.25,8406652.0
2023-10-31,1164.0,1164.0,1141.45,1143.95,6404219.0
2023-11-01,1144.575,1158.75,1137.6,1148.7,5154595.0
2023-11-02,1156.975,1162.15,1153.975,1160.1,5281052.0
2023-11-03,1163.6,1167.475,1157.875,1159.85,4425078.0
2023-11-06,1166.15,1170.0,1162.8,1169.5,5323652.0
2023-11-07,1167.025,1169.55,1159.775,1161.9,3480102.0
2023-11-08,1166.0,1170.5,1160.875,1167.95,3942247.0
2023-11-09,1167.925,1167.95,1152.1,1155.275,7256805.0
2023-11-10,1152.775,1158.175,1149.025,1157.45,3867477.0
2023-11-12,1163.025,1166.0,1161.25,1165.325,709922.0
2023-11-13,1161.45,1162.3,1155.85,1157.3,1927405.0
2023-11-15,1170.0,1180.975,1163.5,1178.225,6110324.0
2023-11-16,1175.55,1187.075,1173.475,1180.35,6567455.0
2023-11-17,1176.45,1186.625,1176.025,1177.775,3879317.0
2023-11-20,1174.275,1179.2,1168.2,1174.675,2245093.0
2023-11-21,1183.0,1194.0,1180.1,1189.45,4107225.0
2023-11-22,1187.5,1197.225,1186.1,1194.1,4267407.0
2023-11-23,1194.1,1200.0,1194.1,1197.75,4265771.0
2023-11-24,1195.8,1201.3,1195.525,1196.95,3374743.0
2023-11-28,1196.95,1199.85,1187.625,1197.2,6896087.0
2023-11-29,1204.0,1205.975,1199.025,1200.35,6265653.0
2023-11-30,1197.35,1200.35,1184.95,1188.725,14219992.0
2023-12-01,1189.0,1198.2,1188.8,1197.15,7171421.0
2023-12-04,1225.0,1225.0,1199.3,1210.1,7795495.0
2023-12-05,1219.5,1220.425,1210.825,1218.875,6346812.0
2023-12-06,1223.55,1236.475,1217.5,1230.55,8211221.0
2023-12-07,1230.0,1230.475,1221.0,1228.525,4071048.0
2023-12-08,1231.925,1238.35,1222.5,1227.875,5102447.0
2023-12-11,1228.0,1233.8,1226.2,1229.675,3533069.0
2023-12-12,1230.0,1232.475,1210.075,1212.025,4598562.0
2023-12-13,1211.0,1219.175,1203.15,1216.975,5015591.0
2023-12-14,1227.0,1237.475,1221.325,1232.075,8486177.0
2023-12-15,1239.0,1250.0,1235.025,1247.8,7966076.0
2023-12-18,1247.8,1267.45,1245.475,1260.5,7082594.0
2023-12-19,1277.5,1286.95,1262.6,1279.05,8410302.0
2023-12-20,1285.525,1299.425,1260.0,1263.575,8868361.0
2023-12-21,1263.5,1286.75,1259.125,1281.275,6882727.0
2023-12-22,1279.8,1290.45,1273.825,1282.525,8270892.0
2023-12-26,1284.0,1295.975,1281.35,1289.025,3732832.0
2023-12-27,1291.0,1299.95,1286.55,1293.425,4602078.0
2023-12-28,1294.9,1306.0,1293.425,1302.775,6151318.0
2023-12-29,1305.55,1307.0,1289.65,1292.475,5432292.0
2024-01-01,1290.275,1303.425,1286.575,1295.125,2015270.0
2024-01-02,1292.5,1307.5,1286.5,1305.85,3724400.0
2024-01-03,1305.0,1317.0,1288.6,1291.65,4518768.0
2024-01-04,1294.0,1304.925,1289.55,1298.325,4806389.0
2024-01-05,1301.45,1309.925,1299.0,1303.85,4043203.0
2024-01-08,1305.0,1315.975,1284.475,1293.675,3867326.0
2024-01-09,1300.0,1303.4,1288.6,1290.25,2701537.0
2024-01-10,1288.5,1329.5,1287.525,1325.05,5551370.0
2024-01-11,1329.5,1362.5,1328.5,1359.9,11862926.0
2024-01-12,1359.9,1373.325,1345.75,1370.725,7506082.0
2024-01-15,1375.0,1396.45,1366.0,1394.125,4305297.0
2024-01-16,1389.975,1396.3,1370.5,1374.625,4534512.0
2024-01-17,1359.5,1386.275,1355.025,1361.575,6098691.0
2024-01-18,1351.4,1371.0,1351.25,1367.95,5139719.0
2024-01-19,1376.0,1376.0,1359.0,1367.45,5211352.0
2024-01-20,1365.0,1383.475,1350.0,1356.65,3641697.0
2024-01-23,1371.75,1371.75,1322.55,1328.575,10027710.0
2024-01-24,1335.225,1349.5,1323.925,1343.875,10959564.0
2024-01-25,1342.95,1364.15,1335.2,1353.075,5904436.0
2024-01-29,1364.5,1452.5,1360.175,1448.05,11946719.0
2024-01-30,1459.95,1459.975,1404.425,1407.625,7046989.0
2024-01-31,1404.0,1434.25,1402.5,1426.625,7565113.0
2024-02-01,1435.0,1443.35,1418.05,1426.65,6674681.0
2024-02-02,1433.175,1474.9,1433.175,1457.7,9826294.0
2024-02-05,1460.75,1470.5,1431.525,1439.025,4407216.0
2024-02-06,1441.85,1441.85,1419.825,1427.8,4523992.0
2024-02-07,1435.925,1449.5,1429.25,1442.15,4648284.0
2024-02-08,1450.0,1459.475,1427.525,1450.125,7347317.0
2024-02-09,1454.0,1471.975,1450.95,1460.75,6278399.0
2024-02-12,1460.75,1461.0,1442.35,1452.35,3337215.0
2024-02-13,1455.5,1479.0,1454.0,1465.1,3857797.0
2024-02-14,1457.5,1483.65,1457.5,1481.375,3558944.0
2024-02-15,1483.35,1484.725,1466.525,1470.6,5003391.0
2024-02-16,1476.475,1477.0,1458.55,1460.575,4883749.0
2024-02-19,1462.05,1479.5,1453.525,1474.0,3364914.0
2024-02-20,1475.025,1475.5,1461.8,1471.025,3558748.0
2024-02-21,1474.0,1488.525,1457.55,1467.7,6360146.0
2024-02-22,1468.15,1484.95,1458.0,1481.75,9246864.0
2024-02-23,1489.5,1497.55,1483.35,1493.625,7219292.0
2024-02-26,1493.55,1494.525,1482.5,1487.325,3756553.0
2024-02-27,1483.025,1499.95,1478.05,1485.65,5413022.0
2024-02-28,1483.0,1491.275,1450.175,1455.625,4323975.0
2024-02-29,1465.0,1478.975,1454.525,1460.8,11814488.0
2024-03-01,1463.5,1500.0,1462.5,1492.125,6066463.0
2024-03-02,1492.0,1500.45,1488.0,1491.075,358150.0
2024-03-04,1490.475,1512.45,1487.225,1507.4,5012210.0
2024-03-05,1505.775,1507.4,1486.05,1500.2,3553834.0
2024-03-06,1493.45,1509.0,1478.5,1503.0,3902838.0
2024-03-07,1502.975,1503.1,1475.55,1478.925,4157863.0
2024-03-11,1489.0,1489.0,1463.5,1466.6,5638565.0
2024-03-12,1466.6,1488.0,1465.025,1475.425,4716339.0
2024-03-13,1479.775,1483.1,1427.775,1432.175,6761067.0
2024-03-14,1439.7,1448.525,1425.5,1431.475,9285551.0
2024-03-15,1425.95,1433.225,1412.9,1418.225,9611909.0
2024-03-18,1420.0,1441.725,1416.525,1439.475,4584696.0
2024-03-19,1428.75,1437.6,1417.25,1425.25,4137882.0
2024-03-20,1427.95,1445.0,1424.025,1443.75,4244403.0
2024-03-21,1452.525,1457.9,1444.675,1450.975,6503468.0
2024-03-22,1449.975,1460.0,1447.35,1455.025,9763804.0
2024-03-26,1445.0,1452.4,1439.0,1441.575,5707953.0
2024-03-27,1448.0,1500.0,1447.0,1492.85,8163322.0
2024-03-28,1492.875,1505.95,1478.65,1485.85,10927182.0
2024-04-01,1492.475,1493.975,1482.5,1484.775,2506940.0
2024-04-02,1484.0,1494.0,1475.0,1486.95,4455083.0
2024-04-03,1482.075,1484.45,1468.9,1471.6,3504146.0
2024-04-04,1479.75,1479.75,1450.0,1462.925,7245136.0
2024-04-05,1460.875,1470.8,1456.0,1460.1,3721149.0
2024-04-08,1462.975,1490.975,1461.0,1485.975,4178559.0
2024-04-09,1489.0,1489.8,1462.5,1463.65,3535707.0
2024-04-10,1466.35,1487.0,1466.35,1479.575,4569165.0
2024-04-12,1475.875,1486.475,1463.075,1467.15,7775506.0
2024-04-15,1461.0,1482.125,1446.325,1464.825,6451031.0
2024-04-16,1453.35,1471.175,1450.925,1465.75,4683092.0
2024-04-18,1463.5,1486.0,1459.35,1464.325,9502846.0
2024-04-19,1456.775,1474.0,1443.025,1470.125,7870889.0
2024-04-22,1472.45,1482.825,1467.8,1479.85,5175181.0
2024-04-23,1479.0,1493.5,1455.55,1459.325,7302777.0
2024-04-24,1463.5,1468.55,1449.5,1450.175,5231388.0
2024-04-25,1442.5,1467.975,1441.5,1459.975,7971963.0
2024-04-26,1463.95,1465.0,1450.0,1452.55,4706924.0
2024-04-29,1450.0,1467.9,1450.0,1465.025,3623987.0
2024-04-30,1468.0,1483.075,1462.875,1467.0,5737131.0
2024-05-02,1472.0,1477.325,1464.125,1466.55,7256323.0
2024-05-03,1471.0,1474.95,1416.15,1434.0,8613479.0
2024-05-06,1435.5,1440.0,1418.0,1419.525,3697104.0
2024-05-07,1415.975,1420.75,1392.0,1401.475,7258736.0
2024-05-08,1397.5,1432.95,1397.5,1418.55,4719501.0
2024-05-09,1413.0,1423.75,1390.0,1394.125,5504806.0
2024-05-10,1396.75,1410.0,1388.075,1407.425,5252548.0
2024-05-13,1399.9,1406.975,1384.0,1402.7,4228310.0
2024-05-14,1400.975,1427.075,1400.025,1420.075,3594150.0
2024-05-15,1420.5,1429.975,1413.025,1416.275,2523267.0
2024-05-16,1418.55,1427.5,1398.025,1425.35,7355887.0
2024-05-17,1423.05,1437.2,1413.25,1435.7,5458238.0
2024-05-18,1437.5,1439.5,1432.7,1434.825,213020.0
2024-05-21,1425.6,1441.825,1425.6,1436.125,5588064.0
2024-05-22,1436.275,1468.775,1436.275,1460.65,5140802.0
2024-05-23,1458.55,1492.225,1455.0,1486.05,7304130.0
2024-05-24,1483.625,1488.5,1476.1,1480.25,3547388.0
2024-05-27,1480.225,1484.9,1461.55,1466.25,3314505.0
2024-05-28,1468.0,1478.5,1452.75,1456.2,3910081.0
2024-05-29,1446.5,1458.0,1438.45,1440.775,3691778.0
2024-05-30,1435.5,1440.4,1420.1,1424.85,6603429.0
2024-05-31,1431.3,1442.25,1422.25,1430.4,15534916.0
2024-06-03,1483.0,1514.5,1459.0,1510.325,10763971.0
2024-06-04,1498.05,1498.05,1359.3,1397.275,18354549.0
2024-06-05,1422.0,1431.15,1384.1,1420.75,8732445.0
2024-06-06,1435.0,1443.7,1421.35,1431.6,8927861.0
2024-06-07,1428.5,1472.0,1426.5,1469.95,9279348.0
2024-06-10,1469.95,1493.35,1468.075,1471.4,4625880.0
2024-06-11,1469.0,1473.675,1454.675,1456.675,5887451.0
2024-06-12,1457.5,1476.0,1455.175,1463.325,5040871.0
2024-06-13,1472.0,1472.25,1460.1,1465.25,4590580.0
2024-06-14,1470.0,1479.675,1457.225,1477.55,4078999.0
2024-06-18,1487.35,1487.4,1471.35,1481.025,3598383.0
2024-06-19,1487.5,1487.5,1456.0,1458.65,4362937.0
2024-06-20,1459.0,1482.85,1450.1,1473.7,8056888.0
2024-06-21,1473.625,1474.7,1440.575,1454.2,15585180.0
2024-06-24,1445.525,1449.5,1437.5,1441.475,4439193.0
2024-06-25,1443.0,1455.925,1441.0,1454.15,3522693.0
2024-06-26,1446.05,1518.975,1445.125,1514.025,11007441.0
2024-06-27,1513.75,1537.5,1506.0,1530.55,14191515.0
2024-06-28,1531.025,1581.0,1531.025,1565.4,14478668.0
2024-07-01,1562.525,1579.4,1555.675,1560.15,3862153.0
2024-07-02,1569.5,1573.5,1557.0,1565.175,3874623.0
2024-07-03,1566.325,1575.0,1542.775,1552.425,4524810.0
2024-07-04,1557.0,1567.5,1550.8,1554.025,3418588.0
2024-07-05,1553.825,1598.5,1548.0,1588.625,6134855.0
2024-07-08,1589.0,1608.8,1582.525,1600.9,4750403.0
2024-07-09,1597.6,1600.5,1580.5,1590.275,3480001.0
2024-07-10,1595.0,1597.5,1563.15,1584.225,3567289.0
2024-07-11,1587.5,1604.25,1570.5,1580.65,5970473.0
2024-07-12,1584.5,1605.15,1574.5,1596.725,6462392.0
2024-07-15,1604.45,1605.85,1585.5,1597.225,2664844.0
2024-07-16,1593.5,1600.0,1569.125,1576.25,4693419.0
2024-07-18,1576.0,1593.9,1557.825,1586.675,6149187.0
2024-07-19,1586.0,1589.975,1552.8,1555.15,6570195.0
2024-07-22,1537.25,1537.5,1499.275,1500.675,9837188.0
2024-07-23,1501.0,1505.75,1463.0,1487.9,9026022.0
2024-07-24,1485.0,1509.5,1476.4,1495.7,5956681.0
2024-07-25,1481.0,1500.475,1477.075,1492.4,6259938.0
2024-07-26,1492.4,1512.425,1490.35,1509.025,4929970.0
2024-07-29,1511.95,1527.5,1511.775,1520.1,3769275.0
2024-07-30,1517.025,1525.0,1510.0,1513.15,4114104.0
2024-07-31,1504.0,1510.45,1501.15,1505.425,5028673.0
2024-08-01,1512.0,1518.0,1504.3,1515.3,5382111.0
2024-08-02,1505.0,1509.325,1493.275,1499.325,5134124.0
2024-08-05,1480.0,1483.9,1433.25,1447.325,8523352.0
2024-08-06,1455.15,1477.5,1451.325,1456.05,5118093.0
2024-08-07,1469.0,1472.5,1461.5,1464.825,4087284.0
2024-08-08,1457.525,1465.0,1445.925,1449.125,6193596.0
2024-08-09,1460.0,1476.5,1456.0,1474.3,3124888.0
2024-08-12,1470.0,1473.0,1457.75,1460.625,4092292.0
2024-08-13,1460.75,1470.075,1458.0,1463.625,3132532.0
2024-08-14,1463.55,1472.0,1453.7,1461.85,3133733.0
2024-08-16,1468.65,1480.4,1458.05,1478.2,4708451.0
2024-08-19,1482.5,1498.3,1480.5,1488.4,6898871.0
2024-08-20,1497.225,1503.925,1490.025,1495.95,4205904.0
2024-08-21,1493.25,1507.875,1490.0,1498.675,3884998.0
2024-08-22,1503.0,1506.5,1490.65,1498.125,5222891.0
2024-08-23,1503.75,1511.325,1498.425,1499.975,4624827.0
2024-08-26,1506.975,1523.0,1503.0,1512.6,4408057.0
2024-08-27,1510.5,1513.475,1499.45,1500.45,3125578.0
2024-08-28,1505.0,1507.475,1493.0,1498.3,4805143.0
2024-08-29,1503.1,1537.0,1494.0,1520.925,19167679.0
2024-08-30,1534.0,1539.725,1503.325,1509.625,20810365.0
2024-09-02,1510.875,1526.8,1506.625,1516.25,5620426.0
2024-09-03,1521.25,1523.0,1507.5,1509.125,5461900.0
2024-09-04,1500.7,1517.5,1499.5,1514.55,5991652.0
2024-09-05,1519.05,1525.775,1487.05,1492.975,8132084.0
2024-09-06,1492.5,1497.0,1461.625,1464.825,9697114.0
2024-09-09,1466.5,1469.925,1455.6,1462.45,4505149.0
2024-09-10,1460.5,1472.05,1457.575,1461.525,5384130.0
2024-09-11,1463.05,1468.75,1447.55,1451.5,4880101.0
2024-09-12,1457.0,1486.0,1445.875,1479.8,11174688.0
2024-09-13,1476.4,1483.15,1469.5,1472.625,4355664.0
2024-09-16,1477.55,1480.9,1464.75,1471.35,2740887.0
2024-09-17,1474.0,1477.475,1466.625,1472.3,2967664.0
2024-09-18,1470.0,1482.0,1460.55,1463.45,4287357.0
2024-09-19,1466.25,1476.5,1455.55,1469.675,8477951.0
2024-09-20,1474.0,1495.0,1471.375,1485.925,15448660.0
2024-09-23,1491.0,1501.5,1488.95,1493.375,4416157.0
2024-09-24,1488.5,1500.5,1487.875,1489.375,8568722.0
2024-09-25,1483.9,1496.5,1480.2,1493.95,3534501.0
2024-09-26,1490.65,1504.0,1488.05,1497.95,9409499.0
2024-09-27,1499.0,1533.475,1492.0,1526.175,10298739.0
2024-09-30,1519.4,1524.975,1474.4,1476.575,13504407.0
2024-10-01,1480.65,1487.95,1462.825,1464.825,8215821.0
2024-10-03,1436.575,1449.4,1402.075,1406.975,18878647.0
2024-10-04,1403.925,1417.35,1381.775,1386.525,18536438.0
2024-10-07,1393.5,1396.5,1361.375,1370.725,11090670.0
2024-10-08,1372.975,1401.0,1365.1,1397.35,8510404.0
2024-10-09,1397.525,1400.975,1372.5,1374.6,7155305.0
2024-10-10,1380.025,1386.0,1369.425,1371.05,11179323.0
2024-10-11,1370.0,1383.275,1368.825,1372.1,3990061.0
2024-10-14,1379.45,1380.075,1368.25,1372.525,6110716.0
2024-10-15,1358.525,1371.7,1340.7,1344.025,16881397.0
2024-10-16,1340.0,1364.0,1337.625,1354.075,10017219.0
2024-10-17,1365.7,1368.45,1352.05,1356.425,7771830.0
2024-10-18,1352.175,1368.425,1341.325,1359.3,6041226.0
2024-10-21,1367.125,1374.0,1357.725,1369.2,7033704.0
2024-10-22,1369.2,1376.0,1340.225,1343.35,7915980.0
2024-10-23,1337.5,1357.475,1335.0,1338.525,8607371.0
2024-10-24,1335.275,1343.7,1323.125,1339.8,11077967.0
2024-10-25,1343.5,1344.35,1322.0,1327.85,9298748.0
2024-10-28,1337.0,1353.0,1322.1,1334.35,10824350.0
2024-10-29,1328.1,1343.2,1320.3,1340.0,12008361.0
2024-10-30,1335.0,1350.0,1325.35,1343.9,11984423.0
2024-10-31,1340.0,1343.0,1326.15,1332.05,9331650.0
2024-11-01,1333.05,1341.95,1333.0,1338.65,2127335.0
2024-11-04,1337.85,1340.0,1285.1,1302.15,19796890.0
2024-11-05,1293.0,1309.55,1286.15,1305.3,16267479.0
2024-11-06,1310.0,1328.3,1300.2,1325.35,21625209.0
2024-11-07,1324.0,1324.0,1302.6,1305.65,9611974.0
2024-11-08,1297.65,1301.65,1275.0,1283.75,19814406.0
2024-11-11,1278.95,1286.0,1267.0,1272.7,9056552.0
2024-11-12,1275.55,1289.3,1267.5,1274.25,10671091.0
2024-11-13,1270.25,1275.45,1249.5,1252.05,14633633.0
2024-11-14,1253.6,1272.6,1251.1,1267.6,12612633.0
2024-11-18,1267.6,1272.9,1243.9,1260.75,13620611.0
2024-11-19,1260.75,1281.5,1235.15,1241.65,14183746.0
2024-11-21,1241.65,1243.95,1217.25,1223.0,19433843.0
2024-11-22,1229.4,1268.85,1222.45,1265.4,20471957.0
2024-11-25,1290.0,1304.45,1282.45,1287.0,28923341.0
2024-11-26,1294.95,1297.85,1284.2,1295.7,9247557.0
2024-11-27,1293.5,1303.85,1286.0,1293.2,9572746.0
2024-11-28,1289.95,1296.6,1269.05,1270.8,15027412.0
2024-11-29,1280.0,1299.5,1275.25,1292.2,13202307.0
2024-12-02,1288.0,1311.35,1277.05,1309.15,11024152.0
2024-12-03,1317.0,1326.8,1307.0,1323.3,16869482.0
2024-12-04,1326.0,1328.4,1304.05,1308.95,19608540.0
2024-12-05,1314.35,1329.95,1306.15,1322.05,16858723.0
2024-12-06,1323.9,1323.9,1310.0,1311.55,9037514.0
2024-12-09,1303.0,1315.0,1293.1,1295.15,14650002.0
2024-12-10,1289.25,1294.9,1280.2,1284.85,16043729.0
2024-12-11,1285.0,1290.0,1276.05,1278.2,11724373.0
2024-12-12,1270.0,1278.2,1260.6,1262.9,20906813.0
2024-12-13,1260.0,1275.2,1239.6,1272.85,28630222.0
2024-12-16,1275.0,1281.0,1266.55,1268.3,9486781.0
2024-12-17,1261.05,1263.9,1242.8,1245.3,17462791.0
2024-12-18,1240.65,1259.95,1240.65,1253.25,12670179.0
2024-12-19,1239.0,1244.9,1229.0,1230.45,14244653.0
2024-12-20,1224.0,1239.5,1201.5,1205.3,20312896.0
2024-12-23,1215.0,1227.2,1213.2,1222.3,10052824.0
2024-12-24,1222.3,1233.55,1221.0,1222.75,6734917.0
2024-12-26,1224.25,1227.7,1214.25,1216.55,10016178.0
2024-12-27,1218.3,1227.9,1217.0,1221.05,7000397.0
2024-12-30,1216.4,1223.2,1208.1,1210.7,8818766.0
2024-12-31,1208.0,1219.1,1206.15,1215.45,6405475.0
2025-01-01,1214.85,1226.3,1211.6,1221.25,5892590.0
2025-01-02,1221.25,1244.45,1220.0,1241.8,15486276.0
2025-01-03,1243.9,1262.05,1235.5,1251.15,15521102.0
2025-01-06,1253.95,1262.0,1215.0,1218.0,14816766.0
2025-01-07,1222.0,1244.5,1221.25,1240.85,10070505.0
2025-01-08,1249.0,1271.05,1245.35,1265.5,19346579.0
2025-01-09,1267.0,1269.75,1248.05,1254.75,12794704.0
2025-01-10,1253.85,1256.75,1236.0,1241.9,8120332.0
2025-01-13,1230.0,1245.25,1226.4,1239.85,13764861.0
2025-01-14,1244.1,1253.35,1227.25,1238.75,13095266.0
2025-01-15,1244.95,1257.0,1241.85,1252.2,9578856.0
2025-01-16,1258.9,1275.0,1251.3,1266.45,14117603.0
2025-01-17,1322.25,1326.0,1285.0,1302.35,29366277.0
2025-01-20,1316.0,1316.0,1300.25,1305.45,14040244.0
2025-01-21,1310.5,1313.0,1270.2,1273.7,14562976.0
2025-01-22,1278.3,1282.9,1268.7,1277.1,10273590.0
2025-01-23,1270.0,1277.35,1261.6,1263.65,8720682.0
2025-01-24,1266.0,1273.0,1243.5,1246.3,14235970.0
2025-01-27,1239.1,1240.45,1220.0,1229.35,9536019.0
2025-01-28,1238.0,1244.75,1218.5,1234.4,10568025.0
2025-01-29,1236.0,1242.75,1228.05,1235.5,5928156.0
2025-01-30,1235.55,1257.0,1232.4,1253.05,9269259.0
2025-01-31,1255.85,1267.0,1249.0,1265.1,6584612.0
2025-02-01,1265.1,1270.55,1241.0,1264.6,7118453.0
2025-02-03,1251.0,1256.0,1237.55,1245.9,9252345.0
2025-02-04,1248.05,1288.8,1246.6,1285.2,16691069.0
2025-02-05,1282.65,1290.5,1276.7,1278.2,10112028.0
2025-02-06,1273.7,1288.0,1270.35,1281.55,9956001.0
2025-02-07,1276.15,1283.7,1262.0,1266.7,8764283.0
2025-02-10,1264.5,1266.5,1245.55,1253.65,6970972.0
2025-02-11,1264.55,1264.55,1230.1,1234.85,8859714.0
2025-02-12,1219.45,1226.9,1193.35,1216.55,21131654.0
2025-02-13,1217.05,1228.0,1212.0,1216.1,8511216.0
2025-02-14,1219.0,1224.0,1205.45,1217.25,10298145.0
2025-02-17,1211.1,1227.5,1204.5,1224.9,8166683.0
2025-02-18,1224.85,1229.9,1216.1,1225.4,6673250.0
2025-02-19,1219.5,1232.75,1217.55,1227.45,6217338.0
2025-02-20,1223.95,1239.35,1222.0,1233.0,7795582.0
2025-02-21,1228.7,1240.0,1222.15,1228.15,6904025.0
2025-02-24,1216.55,1223.25,1210.5,1214.55,7172498.0
2025-02-25,1211.0,1221.0,1201.5,1204.0,11552182.0
2025-02-27,1212.8,1215.0,1200.65,1207.1,11509215.0
2025-02-28,1202.0,1217.35,1193.3,1200.1,23007298.0
2025-03-03,1204.0,1206.45,1156.0,1171.25,17944938.0
2025-03-04,1162.2,1174.0,1159.55,1161.9,11377373.0
2025-03-05,1161.0,1183.0,1157.0,1175.6,8664095.0
2025-03-06,1197.0,1213.95,1185.15,1209.6,14468014.0
2025-03-07,1216.0,1254.8,1212.0,1249.8,16474965.0
2025-03-10,1245.0,1258.0,1235.4,1238.4,11931051.0
2025-03-11,1240.0,1249.5,1229.75,1247.3,10089838.0
2025-03-12,1258.0,1263.0,1244.0,1257.05,11977555.0
2025-03-13,1260.05,1264.15,1243.85,1247.9,9505270.0
2025-03-17,1242.15,1257.4,1233.1,1238.85,16640952.0
2025-03-18,1244.7,1248.35,1235.0,1238.8,15745877.0
2025-03-19,1241.05,1253.25,1238.8,1247.15,16162399.0
2025-03-20,1251.85,1273.0,1250.05,1269.15,15971477.0
2025-03-21,1275.0,1281.0,1270.1,1276.35,21780769.0
2025-03-24,1291.0,1306.0,1284.25,1302.1,20299319.0
2025-03-25,1307.7,1307.7,1282.6,1285.45,13713899.0
2025-03-26,1291.0,1293.8,1268.75,1273.05,12074747.0
2025-03-27,1278.15,1285.0,1271.3,1278.2,15028056.0
2025-03-28,1280.0,1295.75,1269.0,1275.1,18147129.0
