symbol,status,load_time_s,indicator_calc_time_s,signal_gen_time_s,portfolio_sim_time_s,total_symbol_time_s,Start,End,Period,Start Value,End Value,Total Return [%],Benchmark Return [%],Max Gross Exposure [%],Total Fees Paid,Max Drawdown [%],Max Drawdown Duration,Total Trades,Total Closed Trades,Total Open Trades,Open Trade PnL,Win Rate [%],Best Trade [%],Worst Trade [%],Avg Winning Trade [%],Avg Losing Trade [%],Avg Winning Trade Duration,Avg Losing Trade Duration,Profit Factor,Expectancy,Sharpe Ratio,Calmar Ratio,Omega Ratio,Sortino Ratio
20MICRONS,Success,0.011721800000486837,0.16190039999946748,0.0007541000004493981,4.8996446999999534,5.074255300000004,2008-10-06 09:15:00,2025-06-26 09:15:00,4130 days 00:00:00,100000.0,202084.664003,102.084664,1268.736917,100.0,3803.493476,34.819272,1671 days 00:00:00,9.0,9.0,0.0,0.0,44.444444,55.292314,-13.43651,40.799199,-12.163431,72 days 12:00:00,26 days 04:48:00,1.673714,11342.740445,0.417942,0.184233,1.241155,0.788946
21STCENMGM,Success,0.004729600000246137,0.0085081999995964,0.0006399000003511901,0.21920099999988452,0.233280399999785,2018-01-11 09:15:00,2025-06-26 09:15:00,1821 days 00:00:00,100000.0,79608.889702,-20.39111,83.233522,100.0,714.273427,21.644605,1671 days 00:00:00,4.0,4.0,0.0,0.0,0.0,-4.795618,-6.537316,,-5.544838,,8 days 06:00:00,0.0,-5097.777574,-1.097234,-0.206426,0.378136,-1.275805
360ONE,Success,0.004611099999237922,0.007869000000027881,0.0005783999995401246,0.03176149999944755,0.045087299999977404,2019-09-19 09:15:00,2025-06-26 09:15:00,1432 days 00:00:00,100000.0,165307.777838,65.307778,266.737505,100.0,1735.170834,12.327507,650 days 00:00:00,7.0,7.0,0.0,0.0,57.142857,27.994741,-10.860992,22.618025,-9.849133,25 days 12:00:00,11 days 16:00:00,2.728592,9329.682548,0.964965,1.108786,1.527614,1.738146
3IINFOLTD,Success,0.008485299999847484,0.008134400000017195,0.0007078999997247593,0.03194860000076005,0.04946289999952569,2005-04-22 09:15:00,2025-06-26 09:15:00,4951 days 00:00:00,100000.0,161553.672083,61.553672,-94.797146,100.0,4953.453402,56.478222,1128 days 00:00:00,15.0,15.0,0.0,0.0,40.0,44.796421,-20.24706,35.205233,-13.611637,41 days 00:00:00,56 days 13:20:00,1.280048,4103.578139,0.265696,0.063732,1.104439,0.443729
3MINDIA,Success,0.01011930000004213,0.00827949999984412,0.0008696000004420057,0.03208069999982399,0.051538499999878695,1995-01-23 09:15:00,2025-06-26 09:15:00,7311 days 00:00:00,100000.0,208914.404368,108.914404,13521.428571,100.0,6883.563947,31.324473,1784 days 00:00:00,21.0,21.0,0.0,0.0,38.095238,37.526333,-10.087156,24.012373,-7.145412,34 days 21:00:00,18 days 14:46:09,1.71212,5186.400208,0.377234,0.11961,1.242355,0.647148
3PLAND,Success,0.007852199999433651,0.00788490000013553,0.000582100000428909,0.03103090000058728,0.04754600000069331,2008-03-28 09:15:00,2025-06-26 09:15:00,3380 days 00:00:00,100000.0,61939.147649,-38.060852,157.48913,100.0,1493.498325,48.95366,2193 days 00:00:00,10.0,10.0,0.0,0.0,20.0,44.78368,-20.065875,43.01277,-13.760151,12 days 12:00:00,10 days 21:00:00,0.575829,-3806.085235,-0.144971,-0.102981,0.86252,-0.275235
5PAISA,Success,0.004311700000471319,0.008727700000235927,0.0006950000006327173,0.0305170999999973,0.04443100000025879,2017-11-16 09:15:00,2025-06-26 09:15:00,1885 days 00:00:00,100000.0,53571.585488,-46.428415,77.755281,100.0,1644.969124,63.898721,1752 days 00:00:00,9.0,9.0,0.0,0.0,11.111111,41.139555,-14.271446,41.139555,-11.394189,61 days 00:00:00,15 days 06:00:00,0.469552,-5158.712724,-0.650974,-0.178156,0.745062,-0.867555
63MOONS,Success,0.008884500000021944,0.008022399999390473,0.0009584999997969135,0.032453699999678065,0.050527100000181235,2006-11-02 09:15:00,2025-06-26 09:15:00,4609 days 00:00:00,100000.0,39513.025756,-60.486974,-41.222956,100.0,1026.198742,72.119902,3821 days 00:00:00,8.0,8.0,0.0,0.0,0.0,-6.659602,-16.876092,,-10.910309,,56 days 09:00:00,0.0,-7560.871781,-0.399401,-0.098302,0.836001,-0.527507
A2ZINFRA,Success,0.007558700000117824,0.008058800000071642,0.0007287999997060979,0.03192330000001675,0.04847539999991568,2010-12-23 09:15:00,2025-06-26 09:15:00,3588 days 00:00:00,100000.0,83336.449644,-16.66355,-93.967432,100.0,1666.394512,47.566462,1199 days 00:00:00,9.0,9.0,0.0,0.0,33.333333,38.714977,-23.7428,29.118431,-14.325645,24 days 16:00:00,37 days 16:00:00,0.804366,-1851.505595,0.004301,-0.038625,1.002074,0.006578
AAATECH,Success,0.0027345000007699127,0.00846220000039466,0.0006221000003279187,0.20880030000080296,0.2208277999998245,2022-11-28 09:15:00,2025-06-26 09:15:00,641 days 00:00:00,100000.0,85985.125748,-14.014874,5.879365,100.0,274.281253,17.559197,170 days 00:00:00,2.0,1.0,1.0,-1205.363768,0.0,-12.82232,-12.82232,,-12.82232,,12 days 00:00:00,0.0,-12809.510484,-1.030246,-0.469201,0.393584,-1.161085
AADHARHFC,Success,0.00222719999965193,0.007589699999698496,0.00044580000030691735,0.032690700000785,0.04314879999947152,2024-05-15 09:15:00,2025-06-26 09:15:00,279 days 00:00:00,100000.0,89127.299085,-10.872701,34.770067,100.0,189.116616,27.393786,187 days 00:00:00,1.0,1.0,0.0,0.0,0.0,-10.883574,-10.883574,,-10.883574,,117 days 00:00:00,0.0,-10872.700915,-0.375179,-0.510317,0.922633,-0.55029
AAKASH,Success,0.0033045999998648767,0.008086099999673024,0.0005055000001448207,0.032059099999969476,0.044217099999514176,2020-09-29 09:15:00,2025-06-26 09:15:00,1177 days 00:00:00,100000.0,89415.742046,-10.584258,127.497532,100.0,379.984776,10.584258,440 days 00:00:00,2.0,2.0,0.0,0.0,0.0,-4.715091,-6.1704,,-5.442746,,7 days 00:00:00,0.0,-5292.128977,-0.99498,-0.32216,0.336571,-1.167023
AAREYDRUGS,Success,0.0028898999999000807,0.008050100000218663,0.0004765999992741854,0.03219179999996413,0.04379400000016176,2021-08-06 09:15:00,2025-06-26 09:15:00,965 days 00:00:00,100000.0,108242.96773,8.242968,49.365635,100.0,628.320215,26.815363,250 days 00:00:00,3.0,3.0,0.0,0.0,33.333333,36.031465,-11.011755,36.031465,-10.795576,56 days 00:00:00,45 days 00:00:00,1.346449,2747.65591,0.244927,0.113416,1.104343,0.463148
AARON,Success,0.0030114000001049135,0.00806760000068607,0.000503000000207976,0.03147190000072442,0.04330290000052628,2020-11-06 09:15:00,2025-06-26 09:15:00,1150 days 00:00:00,100000.0,213905.148168,113.905148,1011.620761,100.0,615.07607,15.132409,58 days 00:00:00,2.0,2.0,0.0,0.0,100.0,50.578729,42.145142,46.361936,,51 days 12:00:00,,inf,56952.574084,1.426926,1.803706,1.921267,2.920022
AARTECH,Success,0.0025190000005750335,0.008072399999946356,0.0006462999999712338,0.031779500000084226,0.04320629999983794,2023-07-10 09:15:00,2025-06-26 09:15:00,489 days 00:00:00,100000.0,88185.775549,-11.814224,86.7208,100.0,188.174149,15.69691,402 days 00:00:00,1.0,1.0,0.0,0.0,0.0,-11.826039,-11.826039,,-11.826039,,39 days 00:00:00,0.0,-11814.224451,-0.655505,-0.570652,0.737678,-0.931288
AARTIDRUGS,Success,0.009496100000433216,0.008443299999271403,0.0007254000001921668,0.032674000000042724,0.05153390000032232,2003-09-19 09:15:00,2025-06-26 09:15:00,5381 days 00:00:00,100000.0,104821.204335,4.821204,4072.365242,100.0,2912.361036,34.685896,2441 days 00:00:00,15.0,15.0,0.0,0.0,33.333333,42.177077,-14.320414,25.918093,-10.335656,16 days 14:24:00,37 days 04:48:00,1.045567,321.413622,0.094777,0.009223,1.054905,0.150122
AARTIIND,Success,0.010181799999372743,0.008580400000028021,0.0007058000001052278,0.03247509999982867,0.05214020000039454,1999-01-01 09:15:00,2025-06-26 09:15:00,6343 days 00:00:00,100000.0,191353.972419,91.353972,50019.921839,100.0,5955.685328,38.851031,2817 days 00:00:00,23.0,22.0,1.0,8460.606341,36.363636,35.93724,-13.968763,27.024881,-8.836186,48 days 15:00:00,19 days 13:42:51,1.514412,3767.880276,0.320025,0.097936,1.151906,0.473683
AARTIPHARM,Success,0.002856900000551832,0.09564810000028956,0.0005104000001665554,0.02869109999937791,0.12788590000036493,2023-01-30 09:15:00,2025-06-26 09:15:00,597 days 00:00:00,100000.0,115652.373686,15.652374,202.810061,100.0,398.534037,19.292352,111 days 00:00:00,2.0,2.0,0.0,0.0,50.0,26.515414,-8.575761,26.515414,-8.575761,136 days 00:00:00,3 days 00:00:00,2.827013,7826.186843,0.466668,0.481951,1.148313,0.813738
AARTISURF,Success,0.00405759999921429,0.00726699999995617,0.00056010000025708,0.03151949999937642,0.04359980000026553,2020-07-14 09:15:00,2025-06-26 09:15:00,1232 days 00:00:00,100000.0,96764.329302,-3.235671,16.952977,100.0,824.281462,20.797332,672 days 00:00:00,4.0,4.0,0.0,0.0,25.0,28.613343,-9.199348,28.613343,-9.05073,30 days 00:00:00,17 days 00:00:00,0.889164,-808.917675,-0.005168,-0.046628,0.996622,-0.009566
AARVEEDEN,Success,0.008799899999758054,0.0081185999997615,0.0008473000007143128,0.032234600000265345,0.05019240000001446,2006-11-21 09:15:00,2025-06-26 09:15:00,4440 days 00:00:00,100000.0,101555.685379,1.555685,168.364606,100.0,1394.65293,60.327434,4357 days 00:00:00,9.0,9.0,0.0,0.0,33.333333,41.640405,-19.889678,35.696049,-13.813958,24 days 16:00:00,27 days 16:00:00,1.023553,172.853931,0.089852,0.002105,1.064015,0.150541
AARVI,Success,0.0033898000001499895,0.008351200000106473,0.0005258999999568914,0.031539100000372855,0.044004499999573454,2020-06-24 09:15:00,2025-06-26 09:15:00,1245 days 00:00:00,100000.0,184115.724828,84.115725,349.514152,100.0,973.732329,25.086799,959 days 00:00:00,3.0,3.0,0.0,0.0,66.666667,53.748673,-11.862534,44.841158,-11.862534,74 days 12:00:00,2 days 00:00:00,4.398301,28038.574943,0.801149,0.781136,1.396215,1.427779
AAVAS,Success,0.0042905999998765765,0.008107900000140944,0.0005346000007193652,0.032369000000471715,0.04549600000063947,2018-10-08 09:15:00,2025-06-26 09:15:00,1665 days 00:00:00,100000.0,97253.354487,-2.746646,150.868477,100.0,1059.54807,21.254907,887 days 00:00:00,5.0,5.0,0.0,0.0,20.0,31.676948,-8.283197,31.676948,-7.295465,56 days 00:00:00,14 days 06:00:00,0.914358,-549.329103,-0.012907,-0.028637,0.991873,-0.021311
ABAN,Success,0.009118799999669136,0.008560500000385218,0.0006681000004391535,0.0313627000004999,0.04988919999959762,2006-08-18 09:15:00,2025-06-26 09:15:00,4659 days 00:00:00,100000.0,40117.215672,-59.882784,-95.361845,100.0,1086.600595,59.882784,3630 days 00:00:00,8.0,8.0,0.0,0.0,0.0,-6.368972,-14.664726,,-10.754645,,41 days 21:00:00,0.0,-7485.348041,-0.55532,-0.115318,0.733173,-0.7148
ABB,Success,0.010018500000114727,0.007793400000082329,0.0007059999998091371,0.03128939999987779,0.049986600000011094,1999-01-01 09:15:00,2025-06-26 09:15:00,6543 days 00:00:00,100000.0,502068.701536,402.068702,6546.270743,100.0,14259.44984,35.861135,2707 days 00:00:00,24.0,24.0,0.0,0.0,50.0,38.328023,-10.211873,24.064376,-7.659685,56 days 06:00:00,20 days 06:00:00,2.350644,16752.862564,0.689838,0.262646,1.328109,1.21525
ABBOTINDIA,Success,0.008327100000315113,0.00789359999998851,0.0007081000003381632,0.030671800000163785,0.0477710000004663,2010-01-08 09:15:00,2025-06-26 09:15:00,3826 days 00:00:00,100000.0,120255.562397,20.255562,3996.034696,100.0,3180.283984,31.196729,2345 days 00:00:00,15.0,15.0,0.0,0.0,33.333333,48.149767,-13.996517,20.767401,-6.979494,98 days 09:36:00,68 days 07:12:00,1.269905,1350.370826,0.19128,0.056904,1.052552,0.294124
ABCAPITAL,Success,0.0042751000000862405,0.007687700000133191,0.0005243000005066278,0.030319800000143005,0.042985800000678864,2017-09-01 09:15:00,2025-06-26 09:15:00,1937 days 00:00:00,100000.0,168125.790579,68.125791,16.547368,100.0,2485.334386,18.514305,528 days 00:00:00,8.0,8.0,0.0,0.0,50.0,32.258752,-10.109222,23.751733,-7.83766,29 days 18:00:00,48 days 12:00:00,2.285179,8515.723822,0.6284,0.555532,1.249043,1.012452
ABDL,Success,0.002020799999627343,0.008644700000331795,0.00046299999939947156,0.031130299999858835,0.04244310000012774,2024-07-02 09:15:00,2025-06-26 09:15:00,246 days 00:00:00,100000.0,83167.124576,-16.832875,36.914128,100.0,364.791747,20.60014,174 days 00:00:00,2.0,2.0,0.0,0.0,0.0,-8.435398,-9.188634,,-8.812016,,7 days 00:00:00,0.0,-8416.437712,-1.739693,-1.161509,0.382655,-2.054845
ABFRL,Success,0.006544599999870115,0.007463099999768019,0.0005221999999776017,0.03050080000048183,0.045203399999991234,2016-01-29 09:15:00,2025-06-26 09:15:00,2329 days 00:00:00,100000.0,172095.354427,72.095354,1.662031,100.0,2827.928412,31.519914,799 days 00:00:00,10.0,10.0,0.0,0.0,50.0,34.790876,-12.15107,23.130356,-9.341965,85 days 19:12:00,53 days 19:12:00,2.022652,7209.535443,0.487705,0.281739,1.131787,0.758517
ABINFRA,Success,0.0026064000003316323,0.0073011000004044035,0.0004968000002918416,0.037390500000583415,0.04799769999954151,2019-07-12 09:15:00,2025-06-26 09:15:00,758 days 00:00:00,100000.0,78643.03052,-21.356969,503.918778,100.0,353.227046,21.538385,277 days 00:00:00,2.0,2.0,0.0,0.0,0.0,-9.928854,-12.710188,,-11.319521,,13 days 00:00:00,0.0,-10678.48474,-0.856931,-0.507221,0.543155,-0.998245
ABMINTLLTD,Success,0.0038884000005054986,0.015382399999907648,0.0010929999998552375,0.04231800000070507,0.06288589999985561,2021-09-13 09:15:00,2025-06-26 09:15:00,915 days 00:00:00,100000.0,87646.236428,-12.353764,-47.495922,100.0,187.63407,16.351654,149 days 00:00:00,1.0,1.0,0.0,0.0,0.0,-12.366117,-12.366117,,-12.366117,,16 days 00:00:00,0.0,-12353.763572,-0.49412,-0.313369,0.645408,-0.653959
ABREL,Success,0.010715499999605527,0.012006099999780417,0.0009062999997695442,0.0320689999998649,0.05591320000075939,1999-01-01 09:15:00,2025-06-26 09:15:00,6542 days 00:00:00,100000.0,166792.551519,66.792552,28550.896303,100.0,6172.660352,46.188742,1846 days 00:00:00,21.0,21.0,0.0,0.0,33.333333,54.257642,-18.498667,34.317317,-10.24799,45 days 06:51:25,17 days 06:51:25,1.30484,3180.597691,0.259428,0.062686,1.13362,0.387751
ABSLAMC,Success,0.0028071000006093527,0.00796249999984866,0.0005013999998482177,0.029511900000215974,0.04098650000014459,2021-10-11 09:15:00,2025-06-26 09:15:00,921 days 00:00:00,100000.0,106118.532188,6.118532,11.101578,100.0,619.844593,12.167496,122 days 00:00:00,3.0,3.0,0.0,0.0,33.333333,23.8418,-7.584412,23.8418,-7.430155,59 days 00:00:00,7 days 12:00:00,1.384939,2039.510729,0.233928,0.195722,1.124977,0.39953
ACC,Success,0.009717500000078871,0.007792999999765016,0.000794599999608181,0.03144760000031965,0.050011600000289036,1999-01-01 09:15:00,2025-06-26 09:15:00,6543 days 00:00:00,100000.0,68326.908476,-31.673092,2046.060896,100.0,4125.616101,60.049635,4553 days 00:00:00,24.0,24.0,0.0,0.0,20.833333,35.433613,-14.308354,22.121179,-6.904627,81 days 04:48:00,29 days 15:09:28,0.743361,-1319.712147,-0.062314,-0.035008,0.976612,-0.08528
ACCELYA,Success,0.009337700000287441,0.00842200000079174,0.0007260000002133893,0.031756200000018,0.050436599999557075,1999-12-01 09:15:00,2025-06-26 09:15:00,6290 days 00:00:00,100000.0,135353.719615,35.35372,293.09096,100.0,4003.727083,58.464393,1938 days 00:00:00,17.0,17.0,0.0,0.0,35.294118,45.873583,-20.648271,32.872929,-11.690644,64 days 16:00:00,20 days 04:21:49,1.237489,2079.630566,0.187106,0.030312,1.100523,0.28534
ACCURACY,Success,0.003158399999847461,0.01003339999988384,0.0004853000000366592,0.03155530000003637,0.045417499999530264,2020-12-11 09:15:00,2025-06-26 09:15:00,1126 days 00:00:00,100000.0,89365.359036,-10.634641,180.32,100.0,189.354914,10.634641,842 days 00:00:00,1.0,1.0,0.0,0.0,0.0,-10.645276,-10.645276,,-10.645276,,3 days 00:00:00,0.0,-10634.640964,-0.864581,-0.336551,0.0,-0.86408
ACE,Success,0.008648199999697681,0.008411099999648286,0.0006407999999282765,0.03410910000002332,0.05200220000006084,2006-09-26 09:15:00,2025-06-26 09:15:00,4630 days 00:00:00,100000.0,690001.337051,590.001337,3061.115578,100.0,12707.117663,29.332039,985 days 00:00:00,14.0,14.0,0.0,0.0,57.142857,57.277238,-13.453394,38.689729,-10.512046,71 days 15:00:00,15 days 04:00:00,2.583926,42142.952646,0.735595,0.56073,1.342707,1.344635
ACEINTEG,Success,0.0026663000007829396,0.009167299999717216,0.0005693000002793269,0.03235020000010991,0.04494790000080684,2022-11-04 09:15:00,2025-06-26 09:15:00,655 days 00:00:00,100000.0,100000.0,0.0,-46.948454,0.0,0.0,,,0.0,0.0,0.0,0.0,,,,,,,,,,inf,,inf,inf
ACI,Success,0.0028183000003991765,0.008340600000337872,0.00048689999948692275,0.03137050000077579,0.04320499999994354,2022-11-21 09:15:00,2025-06-26 09:15:00,646 days 00:00:00,100000.0,121006.575269,21.006575,37.738735,100.0,512.385821,9.146898,213 days 00:00:00,3.0,2.0,1.0,7798.842769,50.0,21.704735,-6.972043,21.704735,-6.972043,21 days 00:00:00,2 days 00:00:00,2.896279,6603.86625,0.976549,1.243609,1.63704,1.945565
ACL,Success,0.008057399999415793,0.00941919999968377,0.0006757000001016422,0.0318569999999454,0.05019870000069204,2010-11-08 09:15:00,2025-06-26 09:15:00,3422 days 00:00:00,100000.0,99067.829686,-0.93217,-84.984198,100.0,1774.32205,46.216453,1671 days 00:00:00,7.0,7.0,0.0,0.0,28.571429,42.523636,-17.002763,41.785587,-13.174806,27 days 00:00:00,12 days 00:00:00,0.989571,-133.167188,0.063544,-0.00216,1.050442,0.115667
ACLGATI,Success,0.008968399999503163,0.008511299999554467,0.0006237999996301369,0.03302110000004177,0.05132350000076258,2006-10-10 09:15:00,2025-06-26 09:15:00,4621 days 00:00:00,100000.0,35358.596305,-64.641404,-37.010214,100.0,1756.498806,64.641404,4374 days 00:00:00,15.0,15.0,0.0,0.0,13.333333,35.964532,-23.899694,31.205014,-11.320902,18 days 12:00:00,20 days 11:04:36,0.331451,-4309.426913,-0.551871,-0.121959,0.743818,-0.793333
ACMESOLAR,Success,0.0020554000002448447,0.007848299999750452,0.00044660000003204914,0.030417199999646982,0.04095270000016171,2024-11-13 09:15:00,2025-06-26 09:15:00,153 days 00:00:00,100000.0,100000.0,0.0,-2.626901,0.0,0.0,,,0.0,0.0,0.0,0.0,,,,,,,,,,inf,,inf,inf
ADANIENSOL,Success,0.004923299999973096,0.007940899999994144,0.0005313999999998487,0.030243899999732093,0.04381589999957214,2015-07-31 09:15:00,2025-06-26 09:15:00,2451 days 00:00:00,100000.0,179962.329027,79.962329,3033.152174,100.0,2245.185505,30.143908,996 days 00:00:00,7.0,7.0,0.0,0.0,57.142857,28.346131,-12.008884,26.448567,-11.018835,64 days 12:00:00,24 days 08:00:00,2.321712,11423.189861,0.551642,0.303357,1.249524,0.955846
ADANIENT,Success,0.008607900000242807,0.00903329999982816,0.0008160999996107421,0.031020899999930407,0.049681800000143994,2006-09-20 09:15:00,2025-06-26 09:15:00,4635 days 00:00:00,100000.0,135375.232173,35.375232,43313.434701,100.0,5073.747738,49.419947,3434 days 00:00:00,21.0,21.0,0.0,0.0,33.333333,32.727325,-11.800819,26.914299,-9.265961,47 days 00:00:00,12 days 22:17:08,1.216114,1684.534865,0.232859,0.048843,1.110402,0.338143
ADANIGREEN,Success,0.004281999999875552,0.007843099999263359,0.0005016999994040816,0.030273100000158593,0.04308179999952699,2018-06-18 09:15:00,2025-06-26 09:15:00,1740 days 00:00:00,100000.0,143464.393452,43.464393,3049.206349,100.0,2390.826779,36.374993,772 days 00:00:00,8.0,7.0,1.0,7277.268988,42.857143,35.287714,-17.616062,32.492166,-12.452104,41 days 00:00:00,34 days 12:00:00,1.397474,5169.589209,0.478753,0.216218,1.205067,0.79582
ADANIPORTS,Success,0.008037700000386394,0.0075670000005629845,0.0006118000001151813,0.02998200000001816,0.046379200000046694,2007-11-27 09:15:00,2025-06-26 09:15:00,4341 days 00:00:00,100000.0,87125.227813,-12.874772,642.185051,100.0,2033.096338,37.368845,3630 days 00:00:00,13.0,12.0,1.0,5218.898006,25.0,22.392451,-11.433965,19.63819,-7.843667,33 days 16:00:00,23 days 10:39:59,0.70358,-1507.805849,-0.033167,-0.030832,0.98248,-0.048556
ADANIPOWER,Success,0.007418799999868497,0.007951399999910791,0.0012176999998700921,0.03378439999960392,0.050569699999869044,2009-08-20 09:15:00,2025-06-26 09:15:00,3920 days 00:00:00,100000.0,143843.184707,43.843185,477.572428,100.0,1498.488919,23.503767,1985 days 00:00:00,7.0,7.0,0.0,0.0,42.857143,41.306628,-11.824099,29.697967,-9.741911,38 days 08:00:00,6 days 12:00:00,2.067261,6263.312101,0.386658,0.14649,1.323368,0.657034
ADFFOODS,Success,0.00770250000005035,0.009289800000260584,0.0005983000000924221,0.029836300000170013,0.04761060000055295,2010-09-15 09:15:00,2025-06-26 09:15:00,3657 days 00:00:00,100000.0,84078.093869,-15.921906,1674.635429,100.0,1503.180288,46.087581,3301 days 00:00:00,9.0,9.0,0.0,0.0,22.222222,40.255549,-15.539,36.060503,-10.622969,44 days 00:00:00,20 days 10:17:08,0.759999,-1769.100681,-0.058495,-0.037234,0.966054,-0.098688
ADL,Success,0.003335000000333821,0.007568400000309339,0.0005029999992984813,0.030926499999623047,0.04252089999954478,2020-10-01 09:15:00,2025-06-26 09:15:00,1174 days 00:00:00,100000.0,121093.309432,21.093309,307.396061,100.0,505.843938,17.093304,628 days 00:00:00,2.0,2.0,0.0,0.0,50.0,42.406879,-14.956309,42.406879,-14.956309,59 days 00:00:00,72 days 00:00:00,1.991637,10546.654716,0.427254,0.358679,1.170847,0.662173
ADOR,Success,0.008904299999812793,0.009167400000478665,0.0010492999999769381,0.039128700000219396,0.058633999999983644,2004-09-27 09:15:00,2025-06-26 09:15:00,5127 days 00:00:00,100000.0,357892.31223,257.892312,1994.594595,100.0,11902.806935,44.64604,943 days 00:00:00,17.0,17.0,0.0,0.0,47.058824,47.908119,-11.831563,31.110727,-9.192374,39 days 03:00:00,40 days 13:20:00,1.772361,15170.136014,0.513149,0.212833,1.256168,0.956741
ADROITINFO,Success,0.00569420000010723,0.009699399999590241,0.0005230000006122282,0.030409799999688403,0.04654630000004545,2018-04-19 09:15:00,2025-06-26 09:15:00,1746 days 00:00:00,100000.0,194155.122036,94.155122,-53.749941,100.0,1619.341801,39.42475,663 days 00:00:00,6.0,6.0,0.0,0.0,50.0,53.63945,-18.485617,46.890577,-14.937776,97 days 08:00:00,7 days 00:00:00,2.423326,15692.520339,0.657803,0.37738,1.242801,1.144686
ADSL,Success,0.008945100000346429,0.0087586999998166,0.0006182999995871796,0.030766699999730918,0.049410700000407815,2007-07-25 09:15:00,2025-06-26 09:15:00,4428 days 00:00:00,100000.0,59562.580954,-40.437419,12.233837,100.0,1226.74538,75.443285,4216 days 00:00:00,10.0,10.0,0.0,0.0,20.0,58.689101,-24.33865,47.98158,-14.866153,47 days 00:00:00,36 days 12:00:00,0.498261,-4043.741905,-0.118688,-0.055421,0.942093,-0.185375
ADVANIHOTR,Success,0.008178199999747449,0.008163599999534199,0.00061699999969278,0.031542499999886786,0.048695299999963026,2007-06-25 09:15:00,2025-06-26 09:15:00,3881 days 00:00:00,100000.0,109285.103759,9.285104,149.326795,100.0,1732.514542,31.202399,2615 days 00:00:00,7.0,7.0,0.0,0.0,28.571429,38.531554,-15.603322,35.516606,-9.761367,97 days 12:00:00,31 days 04:48:00,1.151802,1326.443394,0.127901,0.026874,1.078094,0.224844
ADVENZYMES,Success,0.004470699999728822,0.007852099999581696,0.0005464999994728714,0.03294319999986328,0.046010000000023865,2016-08-01 09:15:00,2025-06-26 09:15:00,2205 days 00:00:00,100000.0,83387.116174,-16.612884,37.742976,100.0,1062.883886,27.793869,1102 days 00:00:00,6.0,6.0,0.0,0.0,16.666667,27.693462,-10.287726,27.693462,-8.15909,82 days 00:00:00,21 days 04:48:00,0.563755,-2768.813971,-0.18607,-0.106591,0.910436,-0.283517
AEGISLOG,Success,0.009599600000001374,0.008559500000046683,0.0009982000001400593,0.03302540000004228,0.05239830000027723,1999-01-01 09:15:00,2025-06-26 09:15:00,6217 days 00:00:00,100000.0,322196.181558,222.196182,138157.956449,100.0,9350.599419,60.174748,4280 days 00:00:00,17.0,17.0,0.0,0.0,41.176471,81.137261,-29.146471,45.798366,-12.665728,37 days 03:25:42,28 days 19:12:00,1.578451,13070.363621,0.403257,0.118163,1.23874,0.709251
AEROFLEX,Success,0.002734200000304554,0.00880189999952563,0.0004487999995035352,0.03012589999980264,0.04230550000011135,2023-08-31 09:15:00,2025-06-26 09:15:00,452 days 00:00:00,100000.0,100000.0,0.0,25.304747,0.0,0.0,,,0.0,0.0,0.0,0.0,,,,,,,,,,inf,,inf,inf
AETHER,Success,0.003246700000090641,0.00859390000005078,0.00048749999950814527,0.030758299999433802,0.043282100000396895,2022-06-03 09:15:00,2025-06-26 09:15:00,761 days 00:00:00,100000.0,100000.0,0.0,-0.639207,0.0,0.0,,,0.0,0.0,0.0,0.0,,,,,,,,,,inf,,inf,inf
AFCONS,Success,0.0021575000000666478,0.007585999999719206,0.0004546000000118511,0.02975129999958881,0.040136700000402925,2024-11-04 09:15:00,2025-06-26 09:15:00,160 days 00:00:00,100000.0,100000.0,0.0,-7.507381,0.0,0.0,,,0.0,0.0,0.0,0.0,,,,,,,,,,inf,,inf,inf
AFFLE,Success,0.0032400000000052387,0.008232899999711663,0.0005293000003803172,0.030466500000329688,0.04268000000047323,2019-08-08 09:15:00,2025-06-26 09:15:00,1458 days 00:00:00,100000.0,147376.47895,47.376479,1019.784785,100.0,2328.698108,32.16877,1009 days 00:00:00,7.0,7.0,0.0,0.0,42.857143,32.417886,-11.659173,28.29541,-8.5255,25 days 16:00:00,24 days 12:00:00,1.749545,6768.068421,0.629329,0.316945,1.292558,1.126597
AFFORDABLE,Success,0.002197400000113703,0.008581900000535825,0.0004523999996308703,0.02996649999931833,0.04140649999953894,2024-10-23 09:15:00,2025-06-26 09:15:00,168 days 00:00:00,100000.0,100000.0,0.0,-38.402626,0.0,0.0,,,0.0,0.0,0.0,0.0,,,,,,,,,,inf,,inf,inf
AFIL,Success,0.00218719999975292,0.007681099999899743,0.00046020000081625767,0.031540400000267255,0.04207039999982953,2024-06-26 09:15:00,2025-06-26 09:15:00,250 days 00:00:00,100000.0,100000.0,0.0,-43.832025,0.0,0.0,,,0.0,0.0,0.0,0.0,,,,,,,,,,inf,,inf,inf
AFSL,Success,0.0024614999992991216,0.007809599999745842,0.00046769999971729703,0.030481899999358575,0.041424000000006345,2022-12-23 09:15:00,2025-06-26 09:15:00,621 days 00:00:00,100000.0,92025.546477,-7.974454,13.818681,100.0,456.370932,30.376746,195 days 00:00:00,2.0,2.0,0.0,0.0,50.0,32.208628,-30.407123,32.208628,-30.407123,26 days 00:00:00,1 days 00:00:00,0.801388,-3987.226762,-0.094142,-0.156934,0.927353,-0.111535
AGARIND,Success,0.005227700000432378,0.009097800000745337,0.0005701000000044587,0.03341860000000452,0.048515800000132,2014-05-26 09:15:00,2025-06-26 09:15:00,2741 days 00:00:00,100000.0,339324.223687,239.324224,463.929193,100.0,5687.772065,26.28453,957 days 00:00:00,11.0,11.0,0.0,0.0,45.454545,58.65553,-11.202625,44.887112,-9.683186,48 days 00:00:00,31 days 04:00:00,2.449229,21756.747608,0.874612,0.672182,1.400275,1.644137
AGARWALEYE,Success,0.001978899999812711,0.00832429999991291,0.0004362999998193118,0.030069999999795982,0.04100190000008297,2025-02-04 09:15:00,2025-06-26 09:15:00,96 days 00:00:00,100000.0,100000.0,0.0,-0.423254,0.0,0.0,,,0.0,0.0,0.0,0.0,,,,,,,,,,inf,,inf,inf
AGI,Success,0.007906200000434183,0.008088099999440601,0.0006534999993164092,0.03150340000047436,0.04837969999971392,2009-04-27 09:15:00,2025-06-26 09:15:00,3953 days 00:00:00,100000.0,80247.072025,-19.752928,8313.315322,100.0,2381.258598,56.780991,3233 days 00:00:00,13.0,13.0,0.0,0.0,23.076923,38.139943,-16.17047,33.387582,-10.22198,35 days 08:00:00,13 days 21:36:00,0.794537,-1519.455998,-0.024043,-0.035424,0.985555,-0.035909
AGIIL,Success,0.0021280000000842847,0.008084799999778625,0.000519700000040757,0.12535840000055032,0.13628119999975752,2024-07-15 09:15:00,2025-06-26 09:15:00,237 days 00:00:00,100000.0,91566.317682,-8.433682,122.034646,100.0,191.558076,17.389938,64 days 00:00:00,1.0,1.0,0.0,0.0,0.0,-8.442116,-8.442116,,-8.442116,,53 days 00:00:00,0.0,-8433.682318,-0.468499,-0.729665,0.847523,-0.718755
AGRITECH,Success,0.0054724999999962165,0.008240699999987555,0.000607799999670533,0.03071860000000015,0.04521999999997206,2014-01-28 09:15:00,2025-06-26 09:15:00,2719 days 00:00:00,100000.0,235911.944083,135.911944,350.953033,100.0,3576.076292,33.074966,1869 days 00:00:00,8.0,8.0,0.0,0.0,50.0,48.192466,-13.26361,40.457887,-11.62701,33 days 00:00:00,13 days 00:00:00,2.098596,16988.99301,0.705428,0.369213,1.472425,1.375393
AGROPHOS,Success,0.004130900000745896,0.008353700000043318,0.00048210000022663735,0.029851899999812304,0.04301980000036565,2019-03-08 09:15:00,2025-06-26 09:15:00,1561 days 00:00:00,100000.0,99333.080842,-0.666919,-38.637139,100.0,1743.689473,48.599185,906 days 00:00:00,6.0,6.0,0.0,0.0,33.333333,43.973737,-19.074102,39.138102,-15.302699,27 days 00:00:00,4 days 00:00:00,0.992899,-111.153193,0.064558,-0.003217,1.046411,0.093513
AGSTRA,Success,0.003174399999807065,0.00776289999976143,0.00047420000009879004,0.030521300000145857,0.042145999999775086,2022-01-31 09:15:00,2025-06-26 09:15:00,845 days 00:00:00,100000.0,87330.853052,-12.669147,-97.181,100.0,187.318371,14.999671,173 days 00:00:00,1.0,1.0,0.0,0.0,0.0,-12.681816,-12.681816,,-12.681816,,12 days 00:00:00,0.0,-12669.146948,-0.948793,-0.378915,0.389916,-1.090806
AHLADA,Success,0.0030015000002094894,0.008045100000344974,0.0005909000001338427,0.03118739999990794,0.04303330000038841,2021-01-28 09:15:00,2025-06-26 09:15:00,1094 days 00:00:00,100000.0,56604.539311,-43.395461,-0.451569,100.0,607.451117,43.395461,960 days 00:00:00,4.0,4.0,0.0,0.0,0.0,-12.46405,-14.580193,,-13.270865,,32 days 06:00:00,0.0,-10848.865172,-0.986416,-0.3985,0.680291,-1.349926
AHLEAST,Success,0.008422500000051514,0.007542000000285043,0.0006154000002425164,0.03196579999985261,0.04875880000054167,2010-08-11 09:15:00,2025-06-26 09:15:00,3595 days 00:00:00,100000.0,90803.551002,-9.196449,-44.762031,100.0,1248.904292,43.261617,1777 days 00:00:00,6.0,6.0,0.0,0.0,33.333333,33.272376,-18.734969,26.894301,-13.219187,33 days 12:00:00,56 days 06:00:00,0.844918,-1532.7415,0.005417,-0.02253,1.002711,0.008278
AHLUCONT,Success,0.008293299999422743,0.009020499999678577,0.0007103999996616039,0.030620499999713502,0.04884120000042458,2009-12-14 09:15:00,2025-06-26 09:15:00,3843 days 00:00:00,100000.0,72498.40485,-27.501595,428.992452,100.0,1899.629955,57.499842,2532 days 00:00:00,10.0,10.0,0.0,0.0,20.0,37.407307,-12.934763,28.678209,-9.733106,26 days 12:00:00,16 days 00:00:00,0.648286,-2750.159515,-0.214771,-0.052319,0.870911,-0.334428
AIAENG,Success,0.008205899999666144,0.008766399999331043,0.0007501000000047497,0.02903879999939818,0.04695629999969242,2005-12-14 09:15:00,2025-06-26 09:15:00,4827 days 00:00:00,100000.0,165497.929635,65.49793,3281.688708,100.0,4524.333214,38.284642,1312 days 00:00:00,13.0,12.0,1.0,127.784445,41.666667,32.899098,-13.51397,24.157589,-7.824265,65 days 00:00:00,8 days 17:08:34,1.600532,5447.512099,0.425652,0.101423,1.235071,0.66768
AIIL,Success,0.0021928999994997866,0.007285799999408482,0.000480799999422743,0.02998589999970136,0.04014510000070004,2024-04-23 09:15:00,2025-06-26 09:15:00,294 days 00:00:00,100000.0,131307.989299,31.307989,185.726622,100.0,231.339529,6.088684,3 days 00:00:00,1.0,1.0,0.0,0.0,100.0,31.339297,31.339297,31.339297,,11 days 00:00:00,,inf,31307.989299,1.642938,6.608248,4.496702,5.702032
AIRAN,Success,0.003381700000318233,0.0078041999995548395,0.0005005000002711313,0.029812800000399875,0.04169980000006035,2019-05-03 09:15:00,2025-06-26 09:15:00,1526 days 00:00:00,100000.0,124443.912767,24.443913,-23.37992,100.0,721.941633,34.760404,750 days 00:00:00,4.0,4.0,0.0,0.0,50.0,34.367164,-18.346467,33.637873,-16.49868,23 days 00:00:00,6 days 12:00:00,1.807214,6110.978192,0.403569,0.154483,1.416568,0.824429
AIROLAM,Success,0.003088000000389002,0.007913899999948626,0.0005246000000624917,0.02894079999987298,0.04065530000025319,2017-10-06 09:15:00,2025-06-26 09:15:00,1453 days 00:00:00,100000.0,83635.112463,-16.364888,151.293871,100.0,183.618931,16.667675,830 days 00:00:00,1.0,1.0,0.0,0.0,0.0,-16.381252,-16.381252,,-16.381252,,10 days 00:00:00,0.0,-16364.887537,-0.502759,-0.263379,0.42916,-0.583303
AJANTPHARM,Success,0.009674000000813976,0.008799500000350235,0.000766000000112399,0.032940099999905215,0.052374100000633916,2000-06-05 09:15:00,2025-06-26 09:15:00,6073 days 00:00:00,100000.0,72962.612224,-27.037388,16298.612697,100.0,2700.959386,46.677422,4967 days 00:00:00,16.0,16.0,0.0,0.0,25.0,31.442991,-17.572912,27.353991,-10.045123,78 days 18:00:00,20 days 10:00:00,0.754256,-1689.836736,-0.075838,-0.040206,0.9637,-0.11463
AJAXENGG,Success,0.002356099999815342,0.007792000000335975,0.0004558000000542961,0.030594200000450655,0.04139000000031956,2025-02-17 09:15:00,2025-06-26 09:15:00,87 days 00:00:00,100000.0,100000.0,0.0,5.576083,0.0,0.0,,,0.0,0.0,0.0,0.0,,,,,,,,,,inf,,inf,inf
AJMERA,Success,0.007854599999518541,0.007598700000016834,0.0005972999997538864,0.030958000000282482,0.04722769999989396,2009-06-23 09:15:00,2025-06-26 09:15:00,3962 days 00:00:00,100000.0,54238.222759,-45.761777,638.695478,100.0,1237.394145,54.867375,3611 days 00:00:00,9.0,9.0,0.0,0.0,11.111111,44.506022,-14.01195,44.506022,-11.512288,123 days 00:00:00,14 days 15:00:00,0.325215,-5084.641916,-0.364492,-0.099881,0.799238,-0.553294
AJOONI,Success,0.002629099999467144,0.007487400000172784,0.0005439000005935668,0.029614000000037777,0.040463399999680405,2021-05-07 09:15:00,2025-06-26 09:15:00,1028 days 00:00:00,100000.0,115273.272373,15.273272,-10.849287,100.0,480.568027,17.051564,176 days 00:00:00,2.0,2.0,0.0,0.0,50.0,32.67214,-13.105896,32.67214,-13.105896,54 days 00:00:00,10 days 00:00:00,1.879481,7636.636186,0.396296,0.303559,1.263201,0.749093
AKASH,Success,0.00293489999967278,0.008740400000533555,0.0005693000002793269,0.029544700000769808,0.04197349999958533,2019-10-11 09:15:00,2025-06-26 09:15:00,1371 days 00:00:00,100000.0,112651.030843,12.651031,-53.371901,100.0,470.411173,13.682371,325 days 00:00:00,2.0,2.0,0.0,0.0,50.0,28.902384,-12.600496,28.902384,-12.600496,38 days 00:00:00,19 days 00:00:00,1.779846,6325.515422,0.318796,0.235505,1.215397,0.477762
AKG,Success,0.0032494000006408896,0.007921899999928428,0.0005694000001312816,0.0299723999996786,0.04189029999997729,2021-02-16 09:15:00,2025-06-26 09:15:00,1081 days 00:00:00,100000.0,180067.372036,80.067372,-67.804202,100.0,1033.980079,22.049017,374 days 00:00:00,3.0,3.0,0.0,0.0,66.666667,55.168345,-21.448159,51.480301,-21.448159,23 days 12:00:00,56 days 00:00:00,2.63057,26689.124012,0.935099,0.996349,1.680762,2.301139
AKI,Success,0.0021353000001909095,0.007913200000075449,0.0004897999997410807,0.029359199999817065,0.04006329999992886,2023-04-06 09:15:00,2025-06-26 09:15:00,552 days 00:00:00,100000.0,92969.255836,-7.030744,-51.668728,100.0,192.962418,8.661574,337 days 00:00:00,1.0,1.0,0.0,0.0,0.0,-7.037775,-7.037775,,-7.037775,,8 days 00:00:00,0.0,-7030.744164,-0.935788,-0.543334,0.388539,-1.034147
AKSHAR,Success,0.0026131000004170346,0.007343299999774899,0.0005498000000443426,0.029629700000441517,0.040293799999744806,2022-05-23 09:15:00,2025-06-26 09:15:00,770 days 00:00:00,100000.0,100000.0,0.0,-87.042455,0.0,0.0,,,0.0,0.0,0.0,0.0,,,,,,,,,,inf,,inf,inf
AKSHARCHEM,Success,0.004091399999197165,0.008825699999761127,0.0005070999995950842,0.032466699999531556,0.04607800000030693,2017-03-28 09:15:00,2025-06-26 09:15:00,2044 days 00:00:00,100000.0,131995.704679,31.995705,-64.806861,100.0,419.258969,10.946262,886 days 00:00:00,2.0,2.0,0.0,0.0,50.0,41.038815,-6.39096,41.038815,-6.39096,29 days 00:00:00,3 days 00:00:00,6.011407,15997.85234,0.522749,0.464273,2.325813,1.950772
AKSHOPTFBR,Success,0.00929459999952087,0.007894000000305823,0.000683000000208267,0.03196059999936551,0.050013299999591254,2000-08-23 09:15:00,2025-06-26 09:15:00,5938 days 00:00:00,100000.0,18096.063752,-81.903936,-86.0,100.0,1016.527198,83.540535,5843 days 00:00:00,11.0,11.0,0.0,0.0,0.0,-10.220955,-19.222199,,-14.359433,,33 days 21:49:05,0.0,-7445.812386,-0.672345,-0.119399,0.690395,-0.887362
AKUMS,Success,0.0022388999996110215,0.007466199999726086,0.0004642000003514113,0.029573099999652186,0.03990109999995184,2024-08-06 09:15:00,2025-06-26 09:15:00,222 days 00:00:00,100000.0,100000.0,0.0,-26.794349,0.0,0.0,,,0.0,0.0,0.0,0.0,,,,,,,,,,inf,,inf,inf
AKZOINDIA,Success,0.007000200000220502,0.007458300000507734,0.0005923999997321516,0.030251700000007986,0.0454675999999381,2010-05-27 09:15:00,2025-06-26 09:15:00,3735 days 00:00:00,100000.0,154686.641445,54.686641,443.970673,100.0,1465.073595,31.403695,665 days 00:00:00,6.0,6.0,0.0,0.0,50.0,48.928286,-10.675514,26.452986,-7.782117,293 days 08:00:00,48 days 08:00:00,2.707368,9114.440241,0.349826,0.138685,1.105084,0.54848
ALANKIT,Success,0.0044643000001087785,0.008267100000011851,0.000536600000486942,0.02984180000021297,0.04328689999965718,2015-06-30 09:15:00,2025-06-26 09:15:00,2474 days 00:00:00,100000.0,50622.304375,-49.377696,28.75,100.0,1197.787509,58.583934,2152 days 00:00:00,8.0,8.0,0.0,0.0,12.5,26.817432,-19.090772,26.817432,-12.214289,36 days 00:00:00,30 days 06:51:25,0.275025,-6172.211953,-0.382178,-0.163115,0.836896,-0.533076
ALBERTDAVD,Success,0.005204000000048836,0.009821600000577746,0.0005380000002332963,0.031563200000164215,0.047312699999565666,2016-06-14 09:15:00,2025-06-26 09:15:00,2238 days 00:00:00,100000.0,147045.344749,47.045345,169.91193,100.0,1614.280332,25.124454,1257 days 00:00:00,6.0,6.0,0.0,0.0,50.0,39.925715,-17.702955,27.89453,-10.745615,73 days 00:00:00,15 days 08:00:00,2.011106,7840.890791,0.47471,0.258325,1.227289,0.785022
ALEMBICLTD,Success,0.011303299999781302,0.00992339999993419,0.0007629000001543318,0.033075600000302074,0.05525909999960277,1995-01-04 09:15:00,2025-06-26 09:15:00,7268 days 00:00:00,100000.0,103257.531256,3.257531,2757.19483,100.0,4420.802753,69.60996,5248 days 00:00:00,17.0,17.0,0.0,0.0,29.411765,54.212125,-17.137947,36.607257,-11.838649,48 days 04:48:00,24 days 22:00:00,1.01633,191.619486,0.083718,0.002315,1.045645,0.125811
ALICON,Success,0.007455900000422844,0.007558000000244647,0.0006431000001612119,0.02985259999968548,0.04570229999990261,2011-09-08 09:15:00,2025-06-26 09:15:00,3230 days 00:00:00,100000.0,238448.484636,138.448485,1311.022409,100.0,3816.759671,41.007845,878 days 00:00:00,9.0,9.0,0.0,0.0,44.444444,54.721277,-12.329753,42.785487,-10.253875,84 days 06:00:00,38 days 14:24:00,2.165183,15383.16496,0.55051,0.251613,1.221129,0.940777
ALIVUS,Success,0.0027472000001580454,0.007996700000148849,0.0004760000001624576,0.032994399999552115,0.044416800000362855,2021-08-06 09:15:00,2025-06-26 09:15:00,964 days 00:00:00,100000.0,112966.879867,12.96688,32.879092,100.0,468.518154,21.587048,178 days 00:00:00,2.0,2.0,0.0,0.0,50.0,27.796688,-11.596593,27.796688,-11.596593,78 days 00:00:00,17 days 00:00:00,1.87602,6483.439934,0.388607,0.218865,1.208078,0.602075
ALKALI,Success,0.007486399999834248,0.007451099999343569,0.0005732999998144805,0.028709099999105092,0.04442219999964436,2008-11-06 09:15:00,2025-06-26 09:15:00,4109 days 00:00:00,100000.0,80192.977689,-19.807022,-43.483272,100.0,1229.554128,46.293699,3756 days 00:00:00,8.0,8.0,0.0,0.0,25.0,41.40442,-15.801563,37.745579,-13.355861,39 days 00:00:00,18 days 08:00:00,0.703592,-2475.877789,-0.066882,-0.041942,0.953577,-0.115657
ALKEM,Success,0.00413010000011127,0.007037599999421218,0.0005234000000200467,0.028597600000466628,0.04047290000016801,2015-12-23 09:15:00,2025-06-26 09:15:00,2354 days 00:00:00,100000.0,79402.383914,-20.597616,250.365492,100.0,1708.679042,30.242091,1312 days 00:00:00,9.0,9.0,0.0,0.0,22.222222,15.381206,-13.063105,14.610334,-6.904053,26 days 12:00:00,15 days 13:42:51,0.569705,-2288.62401,-0.348139,-0.116164,0.804206,-0.420088
ALKYLAMINE,Success,0.007914900000287162,0.00782580000031885,0.0006395999998858315,0.030803300000115996,0.04737419999946724,1999-01-01 09:15:00,2025-06-26 09:15:00,4736 days 00:00:00,100000.0,50650.582497,-49.349418,33634.024741,100.0,931.30103,62.127914,4629 days 00:00:00,7.0,7.0,0.0,0.0,14.285714,22.511155,-32.036267,22.511155,-13.183183,15 days 00:00:00,40 days 08:00:00,0.206589,-7049.916786,-0.219423,-0.082207,0.876462,-0.30544
ALLCARGO,Success,0.008718299999600276,0.008954799999628449,0.000793100000009872,0.03035509999972419,0.04898589999993419,2006-06-23 09:15:00,2025-06-26 09:15:00,4695 days 00:00:00,100000.0,44407.118056,-55.592882,167.910139,100.0,1529.470739,55.592882,4534 days 00:00:00,11.0,11.0,0.0,0.0,9.090909,31.370638,-18.357431,31.370638,-10.219955,32 days 00:00:00,52 days 12:00:00,0.260389,-5053.898359,-0.376309,-0.110012,0.838802,-0.506761
ALLDIGI,Success,0.007824299999811046,0.008077599999523954,0.0006340999998428742,0.030332600000292587,0.04703719999997702,2005-05-09 09:15:00,2025-06-26 09:15:00,4703 days 00:00:00,100000.0,141935.862232,41.935862,620.249707,100.0,1676.523408,50.493147,4167 days 00:00:00,10.0,10.0,0.0,0.0,40.0,48.848037,-17.23963,31.904856,-11.563792,39 days 18:00:00,23 days 12:00:00,1.737685,4193.586223,0.250436,0.054566,1.155591,0.392938
ALMONDZ,Success,0.007760699999380449,0.007575900000119873,0.0007071999998515821,0.032411099999990256,0.0486507999994501,2008-06-16 09:15:00,2025-06-26 09:15:00,3903 days 00:00:00,100000.0,376926.27307,276.926273,152.741213,100.0,5840.869688,49.077674,1828 days 00:00:00,11.0,11.0,0.0,0.0,54.545455,58.456256,-25.45484,45.781452,-16.685083,29 days 04:00:00,33 days 04:48:00,2.051541,25175.115734,0.63931,0.269194,1.372197,1.251875
ALOKINDS,Success,0.0031947999996191356,0.008501100000103179,0.0005180999996809987,0.030588300000090385,0.04300989999956073,2020-02-19 09:15:00,2025-06-26 09:15:00,1328 days 00:00:00,100000.0,173107.097768,73.107098,20.890208,100.0,548.86574,4.878059,5 days 00:00:00,2.0,2.0,0.0,0.0,100.0,37.880336,25.608844,31.74459,,16 days 00:00:00,,inf,36553.548884,1.470474,3.337155,4.563837,4.488531
ALPA,Success,0.0077158999993116595,0.009258799999770417,0.0006893999998283107,0.03125809999983176,0.049210199999834,2007-08-06 09:15:00,2025-06-26 09:15:00,4199 days 00:00:00,100000.0,120139.904046,20.139904,80.81595,100.0,2205.667912,43.029722,2756 days 00:00:00,8.0,8.0,0.0,0.0,37.5,43.599926,-15.723275,32.597859,-12.290784,32 days 08:00:00,21 days 14:24:00,1.222361,2517.488006,0.181477,0.037364,1.12918,0.296029
ALPHAGEO,Success,0.008185100000446255,0.008059200000388955,0.0006521999994220096,0.03200269999979355,0.04908700000032695,2007-05-11 09:15:00,2025-06-26 09:15:00,4372 days 00:00:00,100000.0,89177.54045,-10.82246,8.86909,100.0,1073.637198,56.187696,3112 days 00:00:00,8.0,8.0,0.0,0.0,25.0,54.730217,-14.310031,39.738904,-12.069893,71 days 00:00:00,25 days 04:00:00,0.798741,-1352.807444,0.016881,-0.016938,1.010465,0.02738
ALPSINDUS,Success,0.009255099999791128,0.008242899999459041,0.0006591000001208158,0.0325831999998627,0.050931300000229385,1999-03-04 09:15:00,2025-06-23 09:15:00,5975 days 00:00:00,100000.0,14526.299708,-85.4737,-80.0,100.0,1068.90513,85.757099,5788 days 00:00:00,13.0,13.0,0.0,0.0,7.692308,37.699259,-32.646107,37.699259,-16.709074,30 days 00:00:00,15 days 18:00:00,0.130668,-6574.900022,-0.772284,-0.129636,0.544633,-0.953709
AMBER,Success,0.0046213000005081994,0.008260500000687898,0.0005163000005268259,0.02919930000007298,0.04278370000065479,2018-01-30 09:15:00,2025-06-26 09:15:00,1834 days 00:00:00,100000.0,59744.986087,-40.255014,444.990966,100.0,1017.125991,47.237881,1525 days 00:00:00,7.0,7.0,0.0,0.0,14.285714,25.264628,-18.976635,25.264628,-11.531905,26 days 00:00:00,10 days 00:00:00,0.254136,-5750.716273,-0.643391,-0.206259,0.621124,-0.896326
AMBICAAGAR,Success,0.004071700000167766,0.008315500000207976,0.0005294000002322719,0.027975099999821396,0.04105379999964498,2006-11-02 09:15:00,2025-06-26 09:15:00,1812 days 00:00:00,100000.0,118018.355176,18.018355,190.1,100.0,1265.828879,48.227775,690 days 00:00:00,5.0,5.0,0.0,0.0,40.0,47.569199,-24.157377,44.249795,-17.048379,6 days 00:00:00,119 days 00:00:00,1.243027,3603.671035,0.252329,0.070364,1.094943,0.467456
AMBIKCO,Success,0.008391000000301574,0.007711900000686001,0.000602699999944889,0.030004100000041944,0.04689039999993838,2008-01-29 09:15:00,2025-06-26 09:15:00,4199 days 00:00:00,100000.0,260417.958587,160.417959,993.866183,100.0,3709.88771,17.766171,1013 days 00:00:00,9.0,9.0,0.0,0.0,55.555556,62.819332,-12.211437,31.117596,-8.519342,44 days 09:36:00,17 days 06:00:00,3.048097,17824.217621,0.666593,0.488326,1.575204,1.330365
AMBUJACEM,Success,0.009383900000102585,0.007697299999563256,0.0008257999998022569,0.030315300000438583,0.0483976999994411,2007-07-24 09:15:00,2025-06-26 09:15:00,4430 days 00:00:00,100000.0,65669.472568,-34.330527,322.632332,100.0,2825.82994,43.310685,4320 days 00:00:00,19.0,19.0,0.0,0.0,21.052632,21.392384,-10.016642,18.564098,-7.068491,65 days 00:00:00,23 days 16:00:00,0.586049,-1806.869865,-0.180102,-0.078631,0.931714,-0.24003
AMDIND,Success,0.008233600000494334,0.007732099999884667,0.0006621000002269284,0.03044170000066515,0.04724330000044574,2008-02-25 09:15:00,2025-06-26 09:15:00,4214 days 00:00:00,100000.0,87819.524438,-12.180476,29.194805,100.0,1784.940621,54.61014,852 days 00:00:00,8.0,8.0,0.0,0.0,25.0,61.247288,-16.722081,49.284832,-14.266959,42 days 00:00:00,31 days 04:00:00,0.880022,-1522.559445,0.025236,-0.020486,1.014969,0.040306
AMJLAND,Success,0.009272299999793177,0.008219199999984994,0.0006450999999287887,0.03049749999991036,0.04879590000018652,1999-01-01 09:15:00,2025-06-26 09:15:00,6040 days 00:00:00,100000.0,34931.388366,-65.068612,2258.455891,100.0,1635.680729,73.131801,5868 days 00:00:00,16.0,16.0,0.0,0.0,18.75,53.836502,-29.41298,45.683849,-15.290062,63 days 08:00:00,13 days 22:09:13,0.443112,-4066.788227,-0.239351,-0.084207,0.865787,-0.35321
AMNPLST,Success,0.0022879999996803235,0.007518999999774678,0.0008039000003918773,0.029638200000590587,0.04048160000002099,2023-11-10 09:15:00,2025-06-26 09:15:00,404 days 00:00:00,100000.0,90905.621564,-9.094378,54.9375,100.0,190.896718,15.273923,170 days 00:00:00,1.0,1.0,0.0,0.0,0.0,-9.103473,-9.103473,,-9.103473,,15 days 00:00:00,0.0,-9094.378436,-0.506115,-0.540384,0.68185,-0.685676
AMRUTANJAN,Success,0.008798600000773149,0.007832300000700343,0.0006008000000292668,0.032376600000134204,0.049802700000327604,2009-11-05 09:15:00,2025-06-26 09:15:00,3871 days 00:00:00,100000.0,115853.072368,15.853072,1612.291853,100.0,3099.696608,39.264318,1332 days 00:00:00,12.0,12.0,0.0,0.0,33.333333,35.896993,-17.2193,27.817696,-9.815797,33 days 06:00:00,71 days 12:00:00,1.149863,1321.089364,0.169435,0.035584,1.06189,0.278298
ANANDRATHI,Success,0.0028326000001470675,0.007501499999307271,0.0004731999997602543,0.03038159999960044,0.04138690000036149,2021-12-14 09:15:00,2025-06-26 09:15:00,878 days 00:00:00,100000.0,137407.654332,37.407654,610.376158,100.0,770.3309,15.077223,113 days 00:00:00,3.0,3.0,0.0,0.0,66.666667,25.916578,-7.471172,21.943254,-7.471172,102 days 00:00:00,21 days 00:00:00,4.375258,12469.218111,0.836203,0.936718,1.284201,1.349636
ANANTRAJ,Success,0.008832999999867752,0.008669699999700242,0.0006067999993319972,0.03090859999974782,0.04921860000013112,2006-09-27 09:15:00,2025-06-26 09:15:00,4626 days 00:00:00,100000.0,329569.802731,229.569803,539.330971,100.0,3981.191562,38.124687,2606 days 00:00:00,14.0,14.0,0.0,0.0,50.0,46.56606,-16.112674,34.973582,-11.958703,32 days 20:34:17,23 days 17:08:34,3.214888,16397.843052,0.576572,0.258807,1.327033,0.93149
ANDHRAPAP,Success,0.00849000000016531,0.007837000000108674,0.0006534000003739493,0.12114990000009129,0.13832120000006398,2006-11-02 09:15:00,2025-06-26 09:15:00,4511 days 00:00:00,100000.0,36791.394854,-63.208605,286.660448,100.0,1284.539011,63.208605,4444 days 00:00:00,11.0,11.0,0.0,0.0,9.090909,21.352005,-15.136438,21.352005,-11.215623,22 days 00:00:00,30 days 04:48:00,0.130232,-5746.236831,-0.37715,-0.122957,0.795068,-0.509456
ANDHRSUGAR,Success,0.009817799999837007,0.00779569999940577,0.0008202999997592997,0.02944279999974242,0.048041299999567855,1999-01-04 09:15:00,2025-06-26 09:15:00,6337 days 00:00:00,100000.0,29899.12074,-70.100879,1331.732419,100.0,1895.009123,75.676939,5387 days 00:00:00,22.0,22.0,0.0,0.0,18.181818,42.723331,-18.19353,31.443048,-11.915024,22 days 12:00:00,21 days 22:39:59,0.351214,-3186.403603,-0.365878,-0.088769,0.821351,-0.494303
ANGELONE,Success,0.0029380999994828016,0.0073140999993484,0.0005295999999361811,0.03107720000025438,0.042038700000375684,2020-10-05 09:15:00,2025-06-26 09:15:00,1174 days 00:00:00,100000.0,169431.484404,69.431484,952.574367,100.0,1715.568904,29.39541,523 days 00:00:00,6.0,6.0,0.0,0.0,50.0,41.73384,-10.618363,32.853819,-10.146232,35 days 08:00:00,50 days 08:00:00,2.500221,11571.914067,0.741542,0.605995,1.274123,1.316146
ANIKINDS,Success,0.00800009999966278,0.007913700000244717,0.0006106999999246909,0.029783299999508017,0.04648369999995339,2008-05-20 09:15:00,2025-06-26 09:15:00,4096 days 00:00:00,100000.0,85483.431755,-14.516568,96.169072,100.0,2444.664825,57.00549,2307 days 00:00:00,10.0,10.0,0.0,0.0,20.0,87.149883,-17.701288,54.275802,-11.433084,26 days 12:00:00,24 days 12:00:00,0.879931,-1451.656824,0.014875,-0.024348,1.008896,0.025282
ANMOL,Success,0.0026060999998662737,0.008076500000242959,0.00044549999984155875,0.02814829999988433,0.039428099999895494,2021-06-04 09:15:00,2025-06-26 09:15:00,1009 days 00:00:00,100000.0,66354.996217,-33.645004,-53.143314,100.0,633.234373,33.645004,934 days 00:00:00,4.0,4.0,0.0,0.0,0.0,-7.159665,-15.694418,,-9.686188,,8 days 00:00:00,0.0,-8411.250946,-1.748055,-0.409831,0.187781,-1.803398
ANTGRAPHIC,Success,0.008530700000846991,0.0073234000001320965,0.0007097000006979215,0.029510299999856215,0.04623040000024048,1999-01-01 09:15:00,2025-06-26 09:15:00,5644 days 00:00:00,100000.0,6040.384506,-93.959615,610.526316,100.0,536.588916,93.999566,4305 days 00:00:00,10.0,10.0,0.0,0.0,10.0,25.574326,-75.14995,25.574326,-24.566653,7 days 00:00:00,93 days 00:00:00,0.016086,-9395.961549,0.195335,-0.176587,1.099856,0.302618
ANUHPHR,Success,0.0017975000000660657,0.0068278999997346546,0.0004073999998581712,0.02970370000002731,0.03897830000005342,2024-12-20 09:15:00,2025-06-26 09:15:00,128 days 00:00:00,100000.0,100000.0,0.0,-7.220103,0.0,0.0,,,0.0,0.0,0.0,0.0,,,,,,,,,,inf,,inf,inf
ANUP,Success,0.0054546000001209904,0.00804619999962597,0.0004808999992746976,0.03041430000030232,0.04457230000025447,2019-03-01 09:15:00,2025-06-26 09:15:00,1565 days 00:00:00,100000.0,303683.083941,203.683084,1007.047619,100.0,1463.8875,14.504648,46 days 00:00:00,4.0,4.0,0.0,0.0,100.0,35.689994,29.704442,32.0608,,55 days 18:00:00,,inf,50920.770985,1.35114,2.038841,1.805605,2.851778
ANURAS,Success,0.0031998999993447796,0.008007200000065495,0.00047109999923122814,0.032159999999748834,0.044146899999759626,2021-03-24 09:15:00,2025-06-26 09:15:00,1056 days 00:00:00,100000.0,127265.781144,27.265781,114.388766,100.0,227.293274,1.534796,2 days 00:00:00,1.0,1.0,0.0,0.0,100.0,27.293047,27.293047,27.293047,,16 days 00:00:00,,inf,27265.781144,1.355805,5.662539,15.378149,9.383266
APARINDS,Success,0.009649599999647762,0.009135999999671185,0.000803700000687968,0.035290900000291,0.05508839999947668,2004-07-12 09:15:00,2025-06-26 09:15:00,5182 days 00:00:00,100000.0,118462.567597,18.462568,24397.174622,100.0,2677.018977,57.896105,4822 days 00:00:00,15.0,15.0,0.0,0.0,33.333333,33.362889,-11.531508,26.527307,-9.539119,53 days 14:24:00,29 days 04:48:00,1.208311,1230.83784,0.154603,0.020736,1.069458,0.239082
APCL,Success,0.004793799999788462,0.008318799999869952,0.0005543000006582588,0.03001109999968321,0.04386209999938728,2017-04-10 09:15:00,2025-06-26 09:15:00,2036 days 00:00:00,100000.0,77624.257089,-22.375743,-37.343327,100.0,350.005513,27.201806,946 days 00:00:00,2.0,2.0,0.0,0.0,0.0,-9.960322,-13.812157,,-11.88624,,53 days 00:00:00,0.0,-11187.871456,-0.425787,-0.163197,0.770584,-0.533061
APCOTEXIND,Success,0.007952799999657145,0.007848100000046543,0.0006437000001824345,0.031076000000211934,0.04773789999944711,2006-11-02 09:15:00,2025-06-26 09:15:00,4474 days 00:00:00,100000.0,54613.912119,-45.386088,9510.500611,100.0,1478.104335,60.426955,4087 days 00:00:00,11.0,11.0,0.0,0.0,18.181818,31.524314,-22.650887,27.786732,-11.323895,53 days 00:00:00,40 days 21:19:59,0.422914,-4126.007989,-0.205419,-0.079683,0.90746,-0.312512
APEX,Success,0.0044125000003987225,0.008721900000637106,0.0005160999999134219,0.03248600000006263,0.046334200000273995,2017-09-04 09:15:00,2025-06-26 09:15:00,1936 days 00:00:00,100000.0,117829.720209,17.82972,13.606784,100.0,392.189085,17.260271,132 days 00:00:00,2.0,2.0,0.0,0.0,50.0,35.206615,-12.842258,35.206615,-12.842258,88 days 00:00:00,16 days 00:00:00,2.389752,8914.860105,0.29743,0.182014,1.198019,0.520102
APLAPOLLO,Success,0.008194700000785815,0.009924900000441994,0.0009883000002446352,0.03597360000003391,0.055302900000242516,2011-12-14 09:15:00,2025-06-26 09:15:00,3344 days 00:00:00,100000.0,108303.552627,8.303553,12226.012354,100.0,3948.15809,30.509573,2322 days 00:00:00,16.0,16.0,0.0,0.0,31.25,32.640602,-12.580255,26.077451,-9.295534,34 days 09:36:00,14 days 13:05:27,1.062957,518.972039,0.134583,0.028662,1.061474,0.215206
APLLTD,Success,0.008913699999538949,0.009257300000172108,0.0006713999991916353,0.0343801999997595,0.05342689999997674,2011-09-28 09:15:00,2025-06-26 09:15:00,3397 days 00:00:00,100000.0,69120.136766,-30.879863,2231.579003,100.0,1605.931,47.928748,3121 days 00:00:00,8.0,8.0,0.0,0.0,12.5,30.240183,-11.034369,30.240183,-8.647827,54 days 00:00:00,65 days 03:25:42,0.494517,-3859.982904,-0.219413,-0.081175,0.921921,-0.3064
APOLLO,Success,0.004841099999794096,0.009118500000113272,0.0005605000005743932,0.03064150000045629,0.045355799999924784,2018-01-22 09:15:00,2025-06-26 09:15:00,1839 days 00:00:00,100000.0,63628.733016,-36.371267,345.4103,100.0,651.810588,41.450565,1183 days 00:00:00,4.0,4.0,0.0,0.0,0.0,-9.090628,-12.168622,,-10.690798,,16 days 00:00:00,0.0,-9092.816746,-0.7202,-0.207053,0.580808,-0.945235
APOLLOHOSP,Success,0.010024899999734771,0.009013500000037311,0.0007974000000103842,0.03112740000051417,0.05123009999988426,1999-01-01 09:15:00,2025-06-26 09:15:00,6543 days 00:00:00,100000.0,328665.376775,228.665377,55707.463426,100.0,9672.451103,24.346361,1319 days 00:00:00,16.0,16.0,0.0,0.0,43.75,56.318997,-20.946681,33.144592,-8.09551,61 days 06:51:25,25 days 02:40:00,1.963479,14291.586048,0.545034,0.281887,1.299956,0.909741
APOLLOPIPE,Success,0.003968600000007427,0.009281399999963469,0.0006917000000612461,0.03505840000070748,0.0492073999994318,2019-11-11 09:15:00,2025-06-26 09:15:00,1399 days 00:00:00,100000.0,138315.451509,38.315452,240.425249,100.0,709.962154,13.321413,246 days 00:00:00,3.0,3.0,0.0,0.0,66.666667,24.161612,-10.056256,24.025198,-10.056256,50 days 00:00:00,12 days 00:00:00,4.072337,12771.81717,0.662093,0.66293,1.412471,1.206873
APOLLOTYRE,Success,0.010274899999785703,0.008099900000161142,0.0007542999992438126,0.0336912000002485,0.053031600000394974,1999-01-01 09:15:00,2025-06-26 09:15:00,6541 days 00:00:00,100000.0,50877.844823,-49.122155,6676.934544,100.0,2112.603297,64.116422,4865 days 00:00:00,16.0,16.0,0.0,0.0,18.75,34.788193,-22.114818,26.44723,-9.93335,44 days 00:00:00,17 days 22:09:13,0.501134,-3070.134699,-0.234759,-0.057716,0.869793,-0.331371
APOLSINHOT,Success,0.005140299999766285,0.007971500000166998,0.0006422000005841255,0.02988439999990078,0.04382979999991221,2015-02-16 09:15:00,2025-06-26 09:15:00,2415 days 00:00:00,100000.0,106265.166483,6.265166,1765.70799,100.0,1134.591114,28.237312,1506 days 00:00:00,5.0,5.0,0.0,0.0,40.0,29.96726,-12.768977,23.103833,-11.057738,13 days 12:00:00,48 days 16:00:00,1.155679,1253.033297,0.135595,0.032675,1.076649,0.209869
APTECHT,Success,0.009680199999820616,0.009023900000102003,0.0006666999997833045,0.03268170000046666,0.052245200000470504,2002-09-27 09:15:00,2025-06-26 09:15:00,5608 days 00:00:00,100000.0,200996.678043,100.996678,486.014004,100.0,5217.583893,48.268099,3372 days 00:00:00,16.0,15.0,1.0,3513.9664,40.0,62.498964,-19.281121,36.035634,-11.833383,41 days 08:00:00,20 days 00:00:00,1.505825,6498.847443,0.356007,0.096307,1.200033,0.591045
APTUS,Success,0.003662800000711286,0.009875699999611243,0.0008158000000548782,0.03371470000001864,0.04825720000008005,2021-08-24 09:15:00,2025-06-26 09:15:00,954 days 00:00:00,100000.0,80092.802683,-19.907197,-7.552606,100.0,437.001125,25.676053,667 days 00:00:00,3.0,2.0,1.0,-610.703874,0.0,-8.139706,-12.165316,,-10.152511,,35 days 00:00:00,0.0,-9648.246721,-0.680973,-0.317122,0.714019,-0.947982
ARCHIDPLY,Success,0.0087149999999383,0.00869330000023183,0.0008098999996946077,0.033848699999907694,0.052270799999860174,2008-07-04 09:15:00,2025-06-26 09:15:00,4078 days 00:00:00,100000.0,76640.640828,-23.359359,112.781061,100.0,1380.437205,44.184745,1541 days 00:00:00,7.0,7.0,0.0,0.0,14.285714,70.935576,-15.541858,70.935576,-12.50937,275 days 00:00:00,26 days 16:00:00,0.701532,-3337.05131,-0.01891,-0.053255,0.991599,-0.031615
ARCHIES,Success,0.010764600000584323,0.008957799999734561,0.000803500000074564,0.03125290000025416,0.051975100000163366,1999-01-01 09:15:00,2025-06-26 09:15:00,6182 days 00:00:00,100000.0,10504.868269,-89.495132,-76.824983,100.0,1370.983462,91.69828,5641 days 00:00:00,19.0,19.0,0.0,0.0,5.263158,33.341073,-19.941329,33.341073,-13.102488,27 days 00:00:00,44 days 09:19:59,0.059228,-4710.270091,-0.470818,-0.13585,0.826228,-0.704171
ARE&M,Success,0.010619699999551813,0.008975500000815373,0.0007310999999390333,0.03203209999992396,0.05255409999972471,1999-01-01 09:15:00,2025-06-26 09:15:00,6358 days 00:00:00,100000.0,266386.488587,166.386489,7102.377648,100.0,7603.163001,37.612255,2406 days 00:00:00,19.0,19.0,0.0,0.0,47.368421,39.862688,-18.270832,25.594519,-9.920179,36 days 05:20:00,18 days 14:24:00,1.827038,8757.18361,0.478551,0.15383,1.292254,0.782618
ARENTERP,Success,0.0036368000000948086,0.008305500000460597,0.0004947999996147701,0.03191320000041742,0.04455069999949046,2017-11-07 09:15:00,2025-06-26 09:15:00,1417 days 00:00:00,100000.0,126703.584746,26.703585,190.82153,100.0,524.08406,21.120066,841 days 00:00:00,2.0,2.0,0.0,0.0,50.0,48.7253,-14.79386,48.7253,-14.79386,30 days 00:00:00,10 days 00:00:00,2.215289,13351.792373,0.442769,0.297643,1.416093,0.845968
ARIES,Success,0.00883369999974093,0.009244500000022526,0.000735000000531727,0.035463700000036624,0.05449820000012551,2008-01-11 09:15:00,2025-06-26 09:15:00,4216 days 00:00:00,100000.0,122578.375707,22.578376,28.381071,100.0,3486.383903,46.821248,2066 days 00:00:00,12.0,12.0,0.0,0.0,33.333333,42.76148,-16.232644,36.964796,-12.277965,58 days 00:00:00,25 days 15:00:00,1.147909,1881.531309,0.184596,0.037977,1.090198,0.323723
ARIHANTCAP,Success,0.0030515000007653725,0.008393099999921105,0.00047730000005685724,0.031171399999948335,0.04329589999997552,2021-06-15 09:15:00,2025-06-26 09:15:00,1002 days 00:00:00,100000.0,126005.47889,26.005479,243.884892,100.0,404.442879,12.612284,499 days 00:00:00,2.0,2.0,0.0,0.0,50.0,41.294299,-10.805299,41.294299,-10.805299,58 days 00:00:00,6 days 00:00:00,3.409141,13002.739445,0.55639,0.696543,1.358867,1.081675
ARIHANTSUP,Success,0.004475600000660052,0.008782300000348187,0.0005498000000443426,0.031103600000278675,0.0451152000005095,2017-03-28 09:15:00,2025-06-26 09:15:00,2044 days 00:00:00,100000.0,46156.915397,-53.843085,261.472684,100.0,861.021111,53.843085,1958 days 00:00:00,6.0,6.0,0.0,0.0,0.0,-6.10479,-15.686555,,-12.051967,,21 days 16:00:00,0.0,-8973.847434,-1.055518,-0.239495,0.550447,-1.251763
ARKADE,Success,0.002210200000263285,0.007856799999899522,0.0004411999998410465,0.03020250000008673,0.041086299999733455,2024-09-24 09:15:00,2025-06-26 09:15:00,188 days 00:00:00,100000.0,100000.0,0.0,16.224527,0.0,0.0,,,0.0,0.0,0.0,0.0,,,,,,,,,,inf,,inf,inf
ARMANFIN,Success,0.0044705999998768675,0.007648899999367131,0.000530100000105449,0.032132900000760856,0.044979399999647285,2016-06-14 09:15:00,2025-06-26 09:15:00,2238 days 00:00:00,100000.0,122470.804675,22.470805,669.014684,100.0,3066.181387,55.484222,1034 days 00:00:00,14.0,14.0,0.0,0.0,35.714286,41.814194,-23.03652,33.816017,-12.789141,32 days 19:11:59,19 days 21:20:00,1.165786,1605.057477,0.256097,0.060579,1.101566,0.396407
AROGRANITE,Success,0.008566200000132085,0.008089800000561809,0.0006402999997590086,0.03079909999996744,0.04828929999985121,2007-04-24 09:15:00,2025-06-26 09:15:00,4267 days 00:00:00,100000.0,37442.783656,-62.557216,-13.434341,100.0,1262.022625,69.316374,4090 days 00:00:00,10.0,10.0,0.0,0.0,10.0,52.046036,-25.439544,52.046036,-14.299473,88 days 00:00:00,31 days 00:00:00,0.319861,-6255.721634,-0.320277,-0.116274,0.846386,-0.469112
ARROWGREEN,Success,0.004509999999754655,0.008793799999693874,0.00056010000025708,0.03808389999994688,0.052171199999975215,2016-05-11 09:15:00,2025-06-26 09:15:00,2262 days 00:00:00,100000.0,390747.158632,290.747159,25.63355,100.0,2497.775716,17.656944,396 days 00:00:00,6.0,6.0,0.0,0.0,83.333333,45.39781,-11.702666,34.841614,-11.702666,31 days 04:48:00,11 days 00:00:00,14.390243,48457.859772,1.291024,1.393077,1.853984,2.385842
ARTEMISMED,Success,0.007159599999795319,0.01794609999979002,0.0013957000001028064,0.04928340000060416,0.07635000000027503,2020-01-24 09:15:00,2025-06-26 09:15:00,1347 days 00:00:00,100000.0,148082.945448,48.082945,1016.943522,100.0,1832.634353,30.733415,474 days 00:00:00,7.0,7.0,0.0,0.0,42.857143,38.522852,-13.658225,32.202192,-10.446911,73 days 08:00:00,18 days 00:00:00,1.842427,6868.992207,0.518922,0.365236,1.170384,0.893358
ARTNIRMAN,Success,0.004948899999362766,0.01533709999966959,0.0009235999996235478,0.04985949999991135,0.07132840000031138,2016-10-19 09:15:00,2025-06-26 09:15:00,1011 days 00:00:00,100000.0,86600.20675,-13.399793,103.566667,100.0,186.586994,17.345501,854 days 00:00:00,1.0,1.0,0.0,0.0,0.0,-13.413193,-13.413193,,-13.413193,,9 days 00:00:00,0.0,-13399.79325,-0.606902,-0.291803,0.490534,-0.741438
ARVEE,Success,0.0036350999998830957,0.009274099999856844,0.0006450000000768341,0.04235940000035043,0.05611849999968399,2021-03-22 09:15:00,2025-06-26 09:15:00,1053 days 00:00:00,100000.0,100000.0,0.0,272.146966,0.0,0.0,,,0.0,0.0,0.0,0.0,,,,,,,,,,inf,,inf,inf
ARVIND,Success,0.013051500000074157,0.010168300000259478,0.0009903999998641666,0.0415818000001309,0.066217499999766,2008-07-07 09:15:00,2025-06-26 09:15:00,4192 days 00:00:00,100000.0,230555.293242,130.555293,3270.513361,100.0,5448.570592,46.815853,2518 days 00:00:00,15.0,15.0,0.0,0.0,40.0,39.875679,-13.703279,35.00207,-10.069682,64 days 08:00:00,33 days 08:00:00,1.725282,8703.686216,0.427689,0.161147,1.169957,0.676428
ARVINDFASN,Success,0.006190199999764445,0.0215595999998186,0.0011459000006652786,0.04095030000007682,0.07005449999996927,2019-03-08 09:15:00,2025-06-26 09:15:00,1561 days 00:00:00,100000.0,192058.279173,92.058279,5.035176,100.0,1090.535344,11.525109,61 days 00:00:00,4.0,4.0,0.0,0.0,75.0,29.029197,-6.451515,27.129359,-6.451515,34 days 08:00:00,6 days 00:00:00,12.243881,23014.569793,1.177071,1.430438,1.892545,2.212703
ARVSMART,Success,0.00484619999951974,0.009352600000056555,0.0008067999997365405,0.033971699999710836,0.04917860000023211,2015-12-09 09:15:00,2025-06-26 09:15:00,2364 days 00:00:00,100000.0,106131.944805,6.131945,669.257143,100.0,1876.642894,37.569223,879 days 00:00:00,9.0,9.0,0.0,0.0,33.333333,36.254725,-13.715758,30.254591,-11.449851,37 days 16:00:00,17 days 16:00:00,1.08011,681.327201,0.140886,0.024571,1.07262,0.239974
ASAHIINDIA,Success,0.010020700000495708,0.009059199999683187,0.0009583999999449588,0.031971899999916786,0.05220720000033907,1999-01-11 09:15:00,2025-06-26 09:15:00,6173 days 00:00:00,100000.0,362364.68195,262.364682,14766.056141,100.0,11081.54852,31.0149,1447 days 00:00:00,26.0,25.0,1.0,8442.4389,44.0,43.378676,-14.544254,28.631734,-10.071992,55 days 08:43:38,33 days 00:00:00,1.813513,10156.889722,0.473657,0.255037,1.176553,0.75796
ASAHISONG,Success,0.008212799999455456,0.009006199999930686,0.0006121000005805399,0.03461010000046372,0.05265659999986383,2011-08-29 09:15:00,2025-06-26 09:15:00,3414 days 00:00:00,100000.0,383369.429518,283.36943,437.70274,100.0,3687.291621,24.287656,674 days 00:00:00,7.0,7.0,0.0,0.0,71.428571,48.69253,-8.72801,35.934214,-8.39944,51 days 00:00:00,37 days 12:00:00,5.911118,40481.347074,0.854428,0.63615,1.534412,1.616256
ASAL,Success,0.009145600000010745,0.008998499999506748,0.0008500000003550667,0.04035529999964638,0.05957029999990482,2003-10-14 09:15:00,2025-06-26 09:15:00,5090 days 00:00:00,100000.0,44804.904375,-55.195096,998.880576,100.0,2115.557688,65.455567,4224 days 00:00:00,14.0,14.0,0.0,0.0,21.428571,37.911433,-30.946269,33.058186,-13.769946,86 days 16:00:00,24 days 00:00:00,0.551005,-3942.50683,-0.187824,-0.085472,0.913939,-0.270152
ASALCBR,Success,0.006016999999701511,0.012914300000375079,0.0005977999999231542,0.04290029999992839,0.06266299999970215,2020-02-12 09:15:00,2025-06-26 09:15:00,1333 days 00:00:00,100000.0,136935.927528,36.935928,300.894339,100.0,972.445486,27.221073,543 days 00:00:00,5.0,4.0,1.0,-10120.269326,50.0,32.528193,-8.713289,31.522428,-7.775921,42 days 12:00:00,62 days 00:00:00,4.149334,11764.049214,0.457737,0.330207,1.168528,0.661094
ASHAPURMIN,Success,0.013566399999945133,0.013496999999915715,0.0007857999999032472,0.04674010000053386,0.07480310000028112,1999-01-01 09:15:00,2025-06-26 09:15:00,5911 days 00:00:00,100000.0,50662.573111,-49.337427,4453.248039,100.0,2432.266082,75.940518,4679 days 00:00:00,16.0,16.0,0.0,0.0,25.0,38.679309,-19.961356,34.739359,-14.374826,48 days 18:00:00,19 days 22:00:00,0.661169,-3083.589181,-0.196359,-0.054147,0.904508,-0.281515
ASHIANA,Success,0.008413300000029267,0.009886299999379844,0.0007317999998122104,0.03577729999960866,0.0550308000001678,2011-06-29 09:15:00,2025-06-26 09:15:00,3458 days 00:00:00,100000.0,217558.875154,117.558875,1070.450066,100.0,2459.246147,32.867346,2099 days 00:00:00,11.0,11.0,0.0,0.0,45.454545,34.868352,-10.939866,29.437235,-8.111993,29 days 00:00:00,30 days 16:00:00,3.374825,10687.170469,0.584105,0.260153,1.325838,0.949316
ASHIMASYN,Success,0.01071959999990213,0.013408300000264717,0.001023699999677774,0.033350400000017544,0.058741299999383045,1995-05-10 09:15:00,2025-06-26 09:15:00,6687 days 00:00:00,100000.0,44295.89971,-55.7041,-32.43468,100.0,1453.339176,71.06427,5771 days 00:00:00,13.0,13.0,0.0,0.0,15.384615,51.771771,-19.615968,45.147631,-13.128901,45 days 00:00:00,11 days 17:27:16,0.363743,-4284.930792,-0.226664,-0.061174,0.840167,-0.348656
ASHOKA,Success,0.009146599999439786,0.00795540000035544,0.0006874000000607339,0.13682520000020304,0.15481799999997747,2010-10-14 09:15:00,2025-06-26 09:15:00,3636 days 00:00:00,100000.0,109584.407851,9.584408,142.494575,100.0,2242.203204,30.50081,2436 days 00:00:00,12.0,11.0,1.0,6906.563966,27.272727,36.332672,-9.622948,28.381048,-8.607483,27 days 00:00:00,10 days 09:00:00,1.038334,243.440353,0.137176,0.030262,1.093098,0.200438
ASHOKAMET,Success,0.0025373999997100327,0.009539499999846157,0.0005363000000215834,0.030667600000015227,0.043475800000123854,2023-06-27 09:15:00,2025-06-26 09:15:00,497 days 00:00:00,100000.0,100000.0,0.0,1.651911,0.0,0.0,,,0.0,0.0,0.0,0.0,,,,,,,,,,inf,,inf,inf
ASHOKLEY,Success,0.012681199999860837,0.009415000000444707,0.0007372999998551677,0.033960900000238325,0.05699540000023262,1999-01-01 09:15:00,2025-06-26 09:15:00,6543 days 00:00:00,100000.0,1074797.975525,974.797976,10901.98895,100.0,23701.242545,35.557197,1201 days 00:00:00,24.0,24.0,0.0,0.0,54.166667,75.815573,-16.851229,31.080888,-9.273791,58 days 05:32:18,17 days 00:00:00,3.063295,40616.582314,0.756556,0.398368,1.334953,1.29231
ASIANENE,Success,0.003195199999936449,0.007709499999691616,0.00047110000014072284,0.031134599999859347,0.04270910000013828,2021-12-09 09:15:00,2025-06-26 09:15:00,869 days 00:00:00,100000.0,121792.143888,21.792144,112.583013,100.0,498.709116,32.58643,207 days 00:00:00,2.0,2.0,0.0,0.0,50.0,38.485788,-12.042017,38.485788,-12.042017,7 days 00:00:00,117 days 00:00:00,2.308429,10896.071944,0.446296,0.264928,1.172629,0.739587
ASIANHOTNR,Success,0.007911400000011781,0.007944799999677343,0.0006112000000939588,0.03823279999960505,0.0551672999999937,2010-04-07 09:15:00,2025-06-26 09:15:00,3747 days 00:00:00,100000.0,89468.149396,-10.531851,-31.000197,100.0,667.335845,33.360514,3655 days 00:00:00,4.0,4.0,0.0,0.0,25.0,33.582875,-16.562899,33.582875,-12.447949,8 days 00:00:00,17 days 08:00:00,0.680925,-2632.962651,-0.114347,-0.03232,0.895386,-0.158607
ASIANPAINT,Success,0.01107049999973242,0.007809900000211201,0.0008499000005031121,0.03187400000024354,0.0517970000000787,1994-11-07 09:15:00,2025-06-26 09:15:00,7540 days 00:00:00,100000.0,934085.440958,834.085441,18715.119145,100.0,29623.223635,22.704941,1332 days 00:00:00,28.0,28.0,0.0,0.0,57.142857,35.906822,-12.483262,20.819699,-6.063465,71 days 09:00:00,34 days 04:00:00,2.875756,29788.765749,0.819059,0.503107,1.314257,1.367795
ASIANTILES,Success,0.008723200000531506,0.008724900000743219,0.0005939000002399553,0.029268000000229222,0.04751289999967412,2007-08-23 09:15:00,2025-06-26 09:15:00,4284 days 00:00:00,100000.0,120030.282767,20.030283,8.914089,100.0,3095.774566,51.938914,2583 days 00:00:00,10.0,10.0,0.0,0.0,30.0,56.846254,-17.659859,42.046146,-11.409099,45 days 16:00:00,37 days 03:25:42,1.148138,2003.028277,0.17844,0.030184,1.090618,0.270303
ASKAUTOLTD,Success,0.004180699999778881,0.01102660000015021,0.0005093000008855597,0.042226900000059686,0.05814979999922798,2023-11-15 09:15:00,2025-06-26 09:15:00,401 days 00:00:00,100000.0,91281.685175,-8.718315,66.607541,100.0,191.273158,10.65908,107 days 00:00:00,1.0,1.0,0.0,0.0,0.0,-8.727033,-8.727033,,-8.727033,,7 days 00:00:00,0.0,-8718.314825,-1.262398,-0.747504,0.250084,-1.297097
ASMS,Success,0.0024380000004384783,0.007384600000477803,0.00045229999977891566,0.030016900000191526,0.04048700000021199,2023-02-09 09:15:00,2025-06-26 09:15:00,580 days 00:00:00,100000.0,116218.93112,16.218931,3.257576,100.0,216.235366,1.380763,1 days 00:00:00,1.0,1.0,0.0,0.0,100.0,16.23515,16.23515,16.23515,,9 days 00:00:00,,inf,16218.93112,2.125179,7.184927,12.002087,8.727855
ASPINWALL,Success,0.004835699999603094,0.007539500000348198,0.0005391000004237867,0.029361400000198046,0.04247029999987717,2016-06-14 09:15:00,2025-06-26 09:15:00,2237 days 00:00:00,100000.0,121601.836068,21.601836,73.541667,100.0,1254.686282,33.171617,823 days 00:00:00,5.0,5.0,0.0,0.0,40.0,50.237893,-16.759537,42.20109,-15.489705,19 days 00:00:00,28 days 08:00:00,1.343649,4320.367214,0.260926,0.097755,1.199228,0.528516
ASTEC,Success,0.007845899999665562,0.008216400000492285,0.0006032999999661115,0.034411099999488215,0.05127300000003743,2009-11-25 09:15:00,2025-06-26 09:15:00,3823 days 00:00:00,100000.0,111015.549027,11.015549,1056.904762,100.0,2529.043014,41.888607,1678 days 00:00:00,9.0,9.0,0.0,0.0,33.333333,43.005741,-16.781888,38.477453,-13.45942,31 days 00:00:00,57 days 04:00:00,1.089678,1223.949892,0.144533,0.023937,1.073536,0.274686
ASTERDM,Success,0.004464399999960733,0.008997400000225753,0.0005130999998073094,0.032240799999271985,0.04642650000005233,2018-02-26 09:15:00,2025-06-26 09:15:00,1816 days 00:00:00,100000.0,120247.016115,20.247016,228.284219,100.0,475.879986,7.694061,98 days 00:00:00,2.0,2.0,0.0,0.0,50.0,27.83393,-5.920426,27.83393,-5.920426,18 days 00:00:00,8 days 00:00:00,3.678493,10123.508057,0.469365,0.490684,1.932323,0.999635
ASTRAL,Success,0.008608200000708166,0.010030800000095041,0.00067380000018602,0.030816099999356084,0.05036329999984446,2007-03-20 09:15:00,2025-06-26 09:15:00,4508 days 00:00:00,100000.0,363419.742375,263.419742,32010.952637,100.0,9337.482303,26.859215,856 days 00:00:00,20.0,20.0,0.0,0.0,50.0,32.372913,-13.106304,24.328172,-8.373618,41 days 19:11:59,22 days 19:12:00,2.308767,13170.987119,0.732922,0.410035,1.345669,1.233139
ASTRAMICRO,Success,0.011955099999795493,0.008181600000170874,0.0006359999997584964,0.031028000000333122,0.05200220000006084,2004-11-01 09:15:00,2025-06-26 09:15:00,5105 days 00:00:00,100000.0,37710.924996,-62.289075,3893.243604,100.0,1666.461005,75.500077,4411 days 00:00:00,17.0,17.0,0.0,0.0,17.647059,26.164027,-17.588534,23.358261,-10.798443,19 days 00:00:00,38 days 17:08:34,0.275443,-3664.063236,-0.317197,-0.089207,0.874996,-0.457473
ASTRAZEN,Success,0.010119399999894085,0.00834000000031665,0.0008657999997012666,0.031250299999555864,0.050781100000676815,1998-07-30 09:15:00,2025-06-26 09:15:00,6534 days 00:00:00,100000.0,165909.244425,65.909244,29356.228956,100.0,5482.781412,40.074992,3821 days 00:00:00,19.0,19.0,0.0,0.0,31.578947,42.734844,-13.551658,30.1452,-7.844967,40 days 00:00:00,28 days 05:32:18,1.414252,3468.907601,0.265112,0.071578,1.154553,0.485449
ASTRON,Success,0.004499700000451412,0.007855300000301213,0.0005362000001696288,0.03126799999972718,0.04435300000022835,2017-12-29 09:15:00,2025-06-26 09:15:00,1855 days 00:00:00,100000.0,52852.991224,-47.147009,-86.302277,100.0,715.291989,52.707961,1628 days 00:00:00,5.0,5.0,0.0,0.0,0.0,-6.046132,-16.988157,,-11.917325,,37 days 09:36:00,0.0,-9429.401755,-0.69068,-0.223717,0.715124,-0.968408
ATALREAL,Success,0.0025159000006169663,0.007781399999657879,0.00046860000020387815,0.03216870000051131,0.04313300000012532,2023-05-12 09:15:00,2025-06-26 09:15:00,529 days 00:00:00,100000.0,139689.656564,39.689657,-11.360555,100.0,239.729586,5.033763,5 days 00:00:00,1.0,1.0,0.0,0.0,100.0,39.729346,39.729346,39.729346,,26 days 00:00:00,,inf,39689.656564,1.956822,5.153024,4.026658,6.222582
ATAM,Success,0.0023952000001372653,0.0079078999997364,0.00046550000024581095,0.03318849999959639,0.04415320000043721,2023-05-10 09:15:00,2025-06-26 09:15:00,531 days 00:00:00,100000.0,88390.117831,-11.609882,-51.482236,100.0,188.378696,21.648357,259 days 00:00:00,1.0,1.0,0.0,0.0,0.0,-11.621492,-11.621492,,-11.621492,,29 days 00:00:00,0.0,-11609.882169,-0.728024,-0.375693,0.668831,-1.032665
ATGL,Success,0.004055800000060117,0.007715299999290437,0.0005084000003989786,0.03211329999976442,0.04458950000025652,2018-11-05 09:15:00,2025-06-26 09:15:00,1646 days 00:00:00,100000.0,83233.915106,-16.766085,753.902134,100.0,1004.241552,31.840117,996 days 00:00:00,5.0,5.0,0.0,0.0,20.0,33.561884,-14.021423,33.561884,-11.137153,9 days 00:00:00,21 days 18:00:00,0.645568,-3353.216979,-0.14896,-0.125243,0.909352,-0.194015
ATL,Success,0.0022815000002083252,0.007803000000421889,0.0005851999994774815,0.03220099999998638,0.043062900000222726,2023-08-10 09:15:00,2025-06-26 09:15:00,466 days 00:00:00,100000.0,100000.0,0.0,-36.68496,0.0,0.0,,,0.0,0.0,0.0,0.0,,,,,,,,,,inf,,inf,inf
ATLANTAA,Success,0.008301800000481308,0.008703000000423344,0.0007407000002785935,0.032222799999544804,0.05017190000035043,2006-09-25 09:15:00,2025-06-26 09:15:00,4632 days 00:00:00,100000.0,83382.92122,-16.617079,-7.046282,100.0,1952.048757,62.174283,2327 days 00:00:00,11.0,11.0,0.0,0.0,27.272727,53.654636,-21.890286,44.305097,-14.678496,35 days 00:00:00,8 days 15:00:00,0.851392,-1510.643525,-0.015834,-0.022868,0.987758,-0.025957
ATLASCYCLE,Success,0.01134879999972327,0.009604999999282882,0.0009012999998958549,0.031641900000067835,0.05369509999945876,1999-01-01 09:15:00,2025-06-26 09:15:00,5194 days 00:00:00,100000.0,385873.192112,285.873192,974.583333,100.0,8688.625485,30.777028,1122 days 00:00:00,13.0,13.0,0.0,0.0,53.846154,49.078816,-14.34193,33.639633,-10.317472,42 days 10:17:08,25 days 04:00:00,2.060501,21990.245547,0.649553,0.323426,1.421759,1.29667
ATUL,Success,0.008899600000404462,0.00799619999997958,0.0006631000005654641,0.030370899999979883,0.048136800000065705,2005-03-10 09:15:00,2025-06-26 09:15:00,5016 days 00:00:00,100000.0,106137.584705,6.137585,8334.081944,100.0,2983.420711,49.755949,3638 days 00:00:00,17.0,17.0,0.0,0.0,35.294118,28.357996,-16.50667,21.479308,-9.452302,80 days 00:00:00,27 days 15:16:21,1.067181,361.034394,0.100281,0.00873,1.037484,0.147085
ATULAUTO,Success,0.008557299999665702,0.009807800000089628,0.0006282999993345584,0.03879239999969286,0.05802820000008069,2013-06-26 09:15:00,2025-06-26 09:15:00,2966 days 00:00:00,100000.0,73928.252435,-26.071748,375.385899,100.0,1108.732858,40.440491,2808 days 00:00:00,7.0,7.0,0.0,0.0,14.285714,29.251506,-11.199471,29.251506,-8.877128,17 days 00:00:00,25 days 20:00:00,0.417784,-3724.535366,-0.250663,-0.090235,0.849422,-0.401858
AUBANK,Success,0.005389599999944039,0.01247109999985696,0.000645500000246102,0.030569800000193936,0.04926749999958702,2017-07-10 09:15:00,2025-06-26 09:15:00,1974 days 00:00:00,100000.0,49910.754702,-50.089245,205.430834,100.0,1109.94545,50.089245,1477 days 00:00:00,8.0,8.0,0.0,0.0,0.0,-5.263814,-13.394948,,-8.286821,,18 days 03:00:00,0.0,-6261.155662,-0.95884,-0.240736,0.605469,-1.177647
AURIONPRO,Success,0.008638900000732974,0.008487000000059197,0.0006424000002880348,0.032406799999989744,0.05049280000002909,2005-10-25 09:15:00,2025-06-26 09:15:00,4490 days 00:00:00,100000.0,39401.243763,-60.598756,3011.924962,100.0,2053.938226,65.944394,2632 days 00:00:00,16.0,16.0,0.0,0.0,18.75,44.604407,-21.666645,38.913102,-13.615641,34 days 00:00:00,33 days 07:23:04,0.513578,-3787.422265,-0.256377,-0.110575,0.898374,-0.378123
AUROPHARMA,Success,0.012082400000508642,0.00912499999958527,0.001089700000193261,0.034668999999666994,0.05716949999987264,1999-01-01 09:15:00,2025-06-26 09:15:00,6542 days 00:00:00,100000.0,184055.823786,84.055824,24054.839125,100.0,7161.117549,46.874039,5296 days 00:00:00,20.0,20.0,0.0,0.0,35.0,43.804959,-14.250497,30.091165,-8.853048,29 days 17:08:34,29 days 01:50:46,1.370338,4202.791189,0.316196,0.073865,1.162183,0.512919
AURUM,Success,0.006545199999891338,0.007671899999877496,0.0005304999995132675,0.03196679999928165,0.046913999999560474,2015-08-19 09:15:00,2025-06-26 09:15:00,2438 days 00:00:00,100000.0,73741.234725,-26.258765,-19.319141,100.0,775.155192,39.556896,2330 days 00:00:00,5.0,5.0,0.0,0.0,20.0,24.21817,-17.056091,24.21817,-12.17221,10 days 00:00:00,10 days 12:00:00,0.373297,-5251.753055,-0.424845,-0.112697,0.67364,-0.609983
AUSOMENT,Success,0.006522799999402196,0.008111000000099011,0.0005589000002146349,0.030187400000613707,0.04559929999959422,2010-02-23 09:15:00,2025-06-26 09:15:00,2965 days 00:00:00,100000.0,65166.117803,-34.833882,508.300802,100.0,663.172754,65.035153,2342 days 00:00:00,5.0,5.0,0.0,0.0,20.0,48.686332,-25.33345,48.686332,-18.369106,86 days 00:00:00,69 days 00:00:00,0.379714,-6966.776439,-0.038523,-0.078959,0.984058,-0.057735
AUTOAXLES,Success,0.010050699999737844,0.010969699999805016,0.0008127999999487656,0.0397398000004614,0.062237399999503396,1995-03-23 09:15:00,2025-06-26 09:15:00,6681 days 00:00:00,100000.0,105066.63843,5.066638,4243.095238,100.0,2830.010604,46.188774,5715 days 00:00:00,13.0,13.0,0.0,0.0,30.769231,38.476128,-14.298925,32.079578,-11.097224,63 days 06:00:00,37 days 05:20:00,1.044413,389.741418,0.099738,0.005854,1.05236,0.156751
AUTOIND,Success,0.009716399999888381,0.010602499999549764,0.0007162000001699198,0.03508049999982177,0.056376300000010815,2007-01-31 09:15:00,2025-06-26 09:15:00,4421 days 00:00:00,100000.0,131049.206517,31.049207,-68.563094,100.0,2233.477349,44.99148,3215 days 00:00:00,11.0,10.0,1.0,-4241.856109,40.0,44.850238,-23.931914,36.032751,-14.053229,50 days 06:00:00,8 days 16:00:00,1.383618,3529.106263,0.211196,0.050178,1.132626,0.340637
AVADHSUGAR,Success,0.004997500000172295,0.008353499999429914,0.0005589000002146349,0.03464630000053148,0.04876770000009856,2017-07-28 09:15:00,2025-06-26 09:15:00,1960 days 00:00:00,100000.0,161188.525553,61.188526,129.68093,100.0,1702.866084,21.970388,613 days 00:00:00,6.0,6.0,0.0,0.0,50.0,43.947568,-13.874134,35.313163,-13.039214,43 days 16:00:00,11 days 00:00:00,2.030969,10198.087592,0.550185,0.423189,1.325964,0.973174
AVALON,Success,0.0026912999992418918,0.008969399999841698,0.0004826000003959052,0.034454399999958696,0.04685750000044209,2023-04-18 09:15:00,2025-06-26 09:15:00,546 days 00:00:00,100000.0,87552.656309,-12.447344,108.065327,100.0,187.540397,12.447344,107 days 00:00:00,1.0,1.0,0.0,0.0,0.0,-12.459791,-12.459791,,-12.459791,,1 days 00:00:00,0.0,-12447.343691,-1.150151,-0.683113,0.0,-1.149121
AVANTEL,Success,0.002373900000748108,0.007923099999970873,0.00048409999999421416,0.03294280000045546,0.043926500000452506,2024-07-31 09:15:00,2025-06-26 09:15:00,226 days 00:00:00,100000.0,100000.0,0.0,-18.888785,0.0,0.0,,,0.0,0.0,0.0,0.0,,,,,,,,,,inf,,inf,inf
AVANTIFEED,Success,0.008429700000306184,0.013581600000179606,0.0006121000005805399,0.033259100000577746,0.05612889999974868,2010-01-11 09:15:00,2025-06-26 09:15:00,2869 days 00:00:00,100000.0,137414.643797,37.414644,41525.755911,100.0,3052.466281,38.902005,2393 days 00:00:00,11.0,11.0,0.0,0.0,36.363636,39.02588,-12.550429,30.759094,-10.167311,33 days 12:00:00,52 days 03:25:42,1.355247,3401.331254,0.290161,0.106072,1.121981,0.537709
AVG,Success,0.004275599999346014,0.008038199999646167,0.0005049000001235981,0.03628320000007079,0.04929909999918891,2018-04-25 09:15:00,2025-06-26 09:15:00,1152 days 00:00:00,100000.0,68603.176018,-31.396824,110.00356,100.0,914.348897,52.66976,960 days 00:00:00,6.0,6.0,0.0,0.0,16.666667,29.788595,-14.293293,29.788595,-11.967059,63 days 00:00:00,7 days 19:12:00,0.361991,-5232.803997,-0.410063,-0.213677,0.807209,-0.556629
AVL,Success,0.0019417999992583646,0.007631499999661173,0.0005596000000878121,0.03431670000009035,0.04467400000066846,2024-11-06 09:15:00,2025-06-26 09:15:00,158 days 00:00:00,100000.0,100000.0,0.0,-12.16018,0.0,0.0,,,0.0,0.0,0.0,0.0,,,,,,,,,,inf,,inf,inf
AVONMORE,Success,0.003376399999979185,0.010695200000554905,0.0005084000003989786,0.03751009999996313,0.05229870000039227,2023-01-04 09:15:00,2025-06-26 09:15:00,614 days 00:00:00,100000.0,137124.341046,37.124341,167.59359,100.0,884.978536,17.366524,196 days 00:00:00,4.0,4.0,0.0,0.0,50.0,39.776761,-12.729852,29.694897,-9.363716,20 days 00:00:00,32 days 12:00:00,2.853912,9281.085262,0.970052,1.188784,1.366525,1.533681
AVROIND,Success,0.0032040999994933372,0.15102219999971567,0.0006724999993821257,0.03013970000029076,0.1852528000008533,2019-11-21 09:15:00,2025-06-26 09:15:00,967 days 00:00:00,100000.0,91160.545744,-8.839454,1123.923531,100.0,812.471382,24.840176,536 days 00:00:00,4.0,4.0,0.0,0.0,25.0,37.110255,-14.556254,37.110255,-12.697261,47 days 00:00:00,17 days 08:00:00,0.78302,-2209.863564,-0.122381,-0.138202,0.950953,-0.172496
AVTNPL,Success,0.010243800000353076,0.008637799999632989,0.0006838999997853534,0.03239199999916309,0.052220999999917694,2007-01-10 09:15:00,2025-06-26 09:15:00,4504 days 00:00:00,100000.0,156174.303008,56.174303,883.498904,100.0,2168.620198,56.103576,3142 days 00:00:00,10.0,10.0,0.0,0.0,40.0,50.676754,-22.224694,40.227622,-13.775624,74 days 12:00:00,29 days 16:00:00,1.626081,5617.430301,0.28746,0.065571,1.136818,0.446267
AWFIS,Success,0.0028539000004457193,0.008678499999405176,0.0004672999993999838,0.030122999999548483,0.04233639999984007,2024-05-30 09:15:00,2025-06-26 09:15:00,268 days 00:00:00,100000.0,89293.947409,-10.706053,54.463545,100.0,189.283431,21.161889,134 days 00:00:00,1.0,1.0,0.0,0.0,0.0,-10.716759,-10.716759,,-10.716759,,46 days 00:00:00,0.0,-10706.052591,-0.580527,-0.675354,0.825129,-0.846632
AWHCL,Success,0.003112499999588181,0.007617000000209373,0.0005212999994910206,0.030230899999878602,0.04171409999980824,2021-01-01 09:15:00,2025-06-26 09:15:00,1112 days 00:00:00,100000.0,99823.22163,-0.176778,63.029332,100.0,539.414516,28.776365,919 days 00:00:00,3.0,3.0,0.0,0.0,33.333333,23.851102,-10.830244,23.851102,-10.222363,19 days 00:00:00,35 days 00:00:00,0.990881,-58.926123,0.076606,-0.002018,1.040608,0.1135
AWL,Success,0.003065999999307678,0.008397399999921618,0.0004987000002074637,0.028952000000572298,0.041122500000710716,2022-02-08 09:15:00,2025-06-26 09:15:00,839 days 00:00:00,100000.0,100000.0,0.0,-3.970177,0.0,0.0,,,0.0,0.0,0.0,0.0,,,,,,,,,,inf,,inf,inf
AXISBANK,Success,0.009060300000783172,0.015687500000240107,0.0007485999994969461,0.030876200000420795,0.056588100000226405,2006-11-02 09:15:00,2025-06-26 09:15:00,4609 days 00:00:00,100000.0,153465.991621,53.465992,1283.623107,100.0,4907.454231,36.157648,2529 days 00:00:00,18.0,18.0,0.0,0.0,38.888889,26.964535,-17.134135,20.250482,-7.424047,59 days 20:34:17,22 days 02:10:54,1.483451,2970.332868,0.327169,0.095418,1.126908,0.469847
AXISCADES,Success,0.009461099999498401,0.0080630000002202,0.0006824000001870445,0.030467999999927997,0.048880699999244825,2001-01-08 09:15:00,2025-06-26 09:15:00,5725 days 00:00:00,100000.0,53614.170102,-46.38583,1788.472222,100.0,1245.37277,70.94298,5531 days 00:00:00,12.0,12.0,0.0,0.0,25.0,41.996422,-23.20797,39.144744,-16.362564,27 days 00:00:00,19 days 21:20:00,0.485899,-3865.485825,-0.20076,-0.054922,0.88824,-0.284658
AXITA,Success,0.0026124999994863174,0.007700299999669369,0.0005031000000599306,0.03173789999982546,0.0427678999994896,2022-06-21 09:15:00,2025-06-26 09:15:00,749 days 00:00:00,100000.0,149225.535169,49.225535,-12.257901,100.0,249.27501,7.023705,9 days 00:00:00,1.0,1.0,0.0,0.0,100.0,49.274761,49.274761,49.274761,,35 days 00:00:00,,inf,49225.535169,1.886565,3.066653,3.690664,3.88132
AYMSYNTEX,Success,0.005669199999829289,0.008734000000004016,0.0005755000001954613,0.030795100000432285,0.04598989999976766,2015-08-14 09:15:00,2025-06-26 09:15:00,2441 days 00:00:00,100000.0,139683.904054,39.683904,86.843557,100.0,1326.49311,27.8602,806 days 00:00:00,5.0,5.0,0.0,0.0,40.0,49.730426,-14.786685,47.750121,-13.814687,70 days 00:00:00,12 days 08:00:00,1.66284,7936.780811,0.363777,0.183933,1.203429,0.604864
AZAD,Success,0.002205599999797414,0.008123900000100548,0.0004650999999284977,0.02881210000032297,0.039808000000448374,2023-12-28 09:15:00,2025-06-26 09:15:00,372 days 00:00:00,100000.0,91103.272249,-8.896728,134.199262,100.0,191.094567,10.010178,217 days 00:00:00,1.0,1.0,0.0,0.0,0.0,-8.905624,-8.905624,,-8.905624,,24 days 00:00:00,0.0,-8896.727751,-0.837239,-0.872797,0.615123,-1.286482
BAFNAPH,Success,0.0028953000000910833,0.008876400000190188,0.0005367999992813566,0.029714100000092003,0.04225490000044374,2020-03-02 09:15:00,2025-06-26 09:15:00,1153 days 00:00:00,100000.0,87465.454945,-12.534545,1600.869565,100.0,187.453108,33.263471,892 days 00:00:00,1.0,1.0,0.0,0.0,0.0,-12.54708,-12.54708,,-12.54708,,140 days 00:00:00,0.0,-12534.545055,-0.158946,-0.124792,0.933947,-0.259789
BAGFILMS,Success,0.009058999999979278,0.008266499999990629,0.0006591000001208158,0.029561000000285276,0.0477405000001454,2003-10-17 09:15:00,2025-06-26 09:15:00,5196 days 00:00:00,100000.0,101459.935411,1.459935,-40.321285,100.0,3042.715042,57.699826,3081 days 00:00:00,12.0,12.0,0.0,0.0,33.333333,45.658202,-17.788938,39.028186,-14.956674,58 days 18:00:00,20 days 00:00:00,1.008886,121.661284,0.106597,0.001765,1.059349,0.181849
BAIDFIN,Success,0.0024508000005880604,0.007895400000052177,0.0005150999995748862,0.028500800000074378,0.03955390000010084,2023-01-20 09:15:00,2025-06-26 09:15:00,602 days 00:00:00,100000.0,100000.0,0.0,-61.190476,0.0,0.0,,,0.0,0.0,0.0,0.0,,,,,,,,,,inf,,inf,inf
BAJAJCON,Success,0.007580600000437698,0.008901899999727902,0.0005852000003869762,0.028788899999199202,0.04605360000005021,2010-08-18 09:15:00,2025-06-26 09:15:00,3676 days 00:00:00,100000.0,63218.677344,-36.781323,36.810544,100.0,948.658082,36.781323,3482 days 00:00:00,6.0,6.0,0.0,0.0,0.0,-5.883065,-9.597068,,-7.358651,,33 days 00:00:00,0.0,-6130.220443,-0.468059,-0.121017,0.755685,-0.611959
BAJAJELEC,Success,0.008287799999379786,0.007467899999937799,0.0006155999999464257,0.029961100000036822,0.046530100000381935,2007-11-02 09:15:00,2025-06-26 09:15:00,4358 days 00:00:00,100000.0,28283.598065,-71.716402,1026.979013,100.0,1009.702072,75.546519,4292 days 00:00:00,10.0,10.0,0.0,0.0,0.0,-8.29657,-27.886847,,-11.652461,,25 days 07:12:00,0.0,-7171.640193,-0.773992,-0.132859,0.596911,-0.909281
BAJAJFINSV,Success,0.008118100000501727,0.0076355000001058215,0.0006235999999262276,0.02969389999998384,0.04628049999973882,2008-05-26 09:15:00,2025-06-26 09:15:00,4221 days 00:00:00,100000.0,247651.837921,147.651838,4005.215788,100.0,8954.952188,37.191114,2368 days 00:00:00,19.0,19.0,0.0,0.0,42.105263,35.83677,-10.787875,24.450092,-7.277055,47 days 09:00:00,34 days 06:32:43,1.725759,7771.149364,0.573624,0.219339,1.223546,0.916487
BAJAJHCARE,Success,0.0027116000001115026,0.007716399999480927,0.00045229999977891566,0.02864640000007057,0.03975480000008247,2021-11-25 09:15:00,2025-06-26 09:15:00,891 days 00:00:00,100000.0,117299.559764,17.29956,44.248515,100.0,484.844425,15.037418,412 days 00:00:00,2.0,2.0,0.0,0.0,50.0,33.797304,-12.32058,33.797304,-12.32058,18 days 00:00:00,56 days 00:00:00,2.050752,8649.779882,0.457512,0.449199,1.350483,1.087951
BAJAJHFL,Success,0.002127299999301613,0.008390699999836215,0.0004518000005191425,0.02812549999998737,0.03929539999990084,2024-09-16 09:15:00,2025-06-26 09:15:00,194 days 00:00:00,100000.0,100000.0,0.0,-26.115152,0.0,0.0,,,0.0,0.0,0.0,0.0,,,,,,,,,,inf,,inf,inf
BAJAJHIND,Success,0.01093479999963165,0.008632900000520749,0.0007238000007419032,0.0306535999998232,0.05114770000000135,1995-05-22 09:15:00,2025-06-26 09:15:00,6803 days 00:00:00,100000.0,22656.263326,-77.343737,114.455813,100.0,2231.144147,84.887053,6257 days 00:00:00,22.0,22.0,0.0,0.0,18.181818,34.971831,-22.972602,28.060374,-12.774026,21 days 00:00:00,35 days 06:40:00,0.395327,-3515.624394,-0.294266,-0.090202,0.880981,-0.421967
BAJAJHLDNG,Success,0.008048099999541591,0.007935300000099232,0.0006182999995871796,0.02961799999957293,0.04642249999960768,2008-03-14 09:15:00,2025-06-26 09:15:00,4266 days 00:00:00,100000.0,294602.559526,194.60256,1681.974736,100.0,4391.428951,39.385251,3652 days 00:00:00,13.0,13.0,0.0,0.0,53.846154,45.438343,-14.318885,25.143705,-7.3888,58 days 20:34:17,11 days 04:00:00,3.682387,14969.427656,0.705277,0.245909,1.389311,1.093474
BAJAJINDEF,Success,0.0018877000002248678,0.007298699999410019,0.00042409999969095225,0.02768949999972392,0.03750579999996262,2025-02-21 09:15:00,2025-06-26 09:15:00,83 days 00:00:00,100000.0,100000.0,0.0,56.692264,0.0,0.0,,,0.0,0.0,0.0,0.0,,,,,,,,,,inf,,inf,inf
BAJAJ_AUTO,Success,0.008430099999714002,0.00974919999953272,0.0006160000002637389,0.03048579999995127,0.04958309999983612,2008-05-26 09:15:00,2025-06-26 09:15:00,4222 days 00:00:00,100000.0,129208.337578,29.208338,2688.921042,100.0,2389.57848,21.045424,2620 days 00:00:00,11.0,11.0,0.0,0.0,36.363636,19.212072,-6.83088,16.756205,-5.042897,90 days 18:00:00,25 days 06:51:25,1.746158,2655.303416,0.281806,0.106441,1.117563,0.407974
BAJEL,Success,0.0024268999995911145,0.008614800000032119,0.0005178999999770895,0.030574399999750312,0.04234809999979916,2023-12-19 09:15:00,2025-06-26 09:15:00,378 days 00:00:00,100000.0,129017.440694,29.017441,23.742105,100.0,517.974928,17.275801,226 days 00:00:00,2.0,2.0,0.0,0.0,50.0,44.50844,-10.703002,44.50844,-10.703002,22 days 00:00:00,39 days 00:00:00,2.878573,14508.720347,1.093798,1.614507,1.467521,2.276629
BAJFINANCE,Success,0.011663500000395288,0.008261099999799626,0.0007851999998820247,0.0311690999997154,0.05208579999998619,1995-02-09 09:15:00,2025-06-26 09:15:00,7501 days 00:00:00,100000.0,130073.231825,30.073232,67670.655271,100.0,7369.083335,53.63982,3420 days 00:00:00,27.0,27.0,0.0,0.0,37.037037,37.848466,-23.856966,21.681494,-9.241648,30 days 14:24:00,17 days 02:49:24,1.132698,1113.823401,0.162064,0.024005,1.092055,0.226205
BALAJEE,Success,0.0020304999998188578,0.00745089999963966,0.00045959999988554046,0.02829600000040955,0.03849559999980556,2024-09-12 09:15:00,2025-06-26 09:15:00,196 days 00:00:00,100000.0,100000.0,0.0,-50.645503,0.0,0.0,,,0.0,0.0,0.0,0.0,,,,,,,,,,inf,,inf,inf
BALAJITELE,Success,0.009884200000669807,0.009517099999357015,0.0006914999994478421,0.030958800000007614,0.05126910000035423,2000-11-22 09:15:00,2025-06-26 09:15:00,6071 days 00:00:00,100000.0,342331.309036,242.331309,189.808917,100.0,7172.094744,38.358751,1940 days 00:00:00,14.0,14.0,0.0,0.0,50.0,49.832632,-18.281818,36.53393,-12.436797,39 days 10:17:08,34 days 06:51:25,1.913698,17309.379217,0.568947,0.200195,1.326168,0.990847
BALAMINES,Success,0.008319099999425816,0.007892200000242156,0.0006491000003734371,0.030634599999757484,0.04770210000060615,2007-04-05 09:15:00,2025-06-26 09:15:00,4471 days 00:00:00,100000.0,98287.250974,-1.712749,6023.504143,100.0,2476.034263,46.808031,1793 days 00:00:00,13.0,13.0,0.0,0.0,30.769231,55.450269,-26.909423,41.795466,-14.220964,58 days 06:00:00,23 days 10:39:59,0.986677,-131.749925,0.101359,-0.003011,1.046946,0.165094
BALAXI,Success,0.004336400000283902,0.007773600000291481,0.0005283000000417815,0.029879599999731,0.0427161999996315,2015-12-01 09:15:00,2025-06-26 09:15:00,1843 days 00:00:00,100000.0,64500.770096,-35.49923,1730.769231,100.0,1450.483901,76.525337,1497 days 00:00:00,9.0,9.0,0.0,0.0,22.222222,44.353871,-23.027732,41.372917,-14.816748,28 days 12:00:00,12 days 20:34:17,0.620968,-3944.358878,-0.352703,-0.108694,0.84719,-0.497229
BALKRISHNA,Success,0.00645760000043083,0.008040400000027148,0.0005375000000640284,0.030074799999965762,0.045383099999526166,2015-07-28 09:15:00,2025-06-26 09:15:00,2425 days 00:00:00,100000.0,74733.393598,-25.266606,-64.865384,100.0,346.981791,25.266606,1056 days 00:00:00,2.0,2.0,0.0,0.0,0.0,-13.251812,-13.877205,,-13.564508,,8 days 12:00:00,0.0,-12633.303201,-0.650125,-0.169748,0.351781,-0.710296
BALKRISIND,Success,0.009031300000060583,0.00882759999967675,0.0006790999996155733,0.030890899999576504,0.0496541000002253,2006-01-27 09:15:00,2025-06-26 09:15:00,4782 days 00:00:00,100000.0,96662.983819,-3.337016,2006.662049,100.0,3950.280373,38.008009,2150 days 00:00:00,20.0,20.0,0.0,0.0,30.0,45.216673,-18.205875,24.383287,-8.952144,36 days 08:00:00,30 days 03:25:42,0.974336,-166.850809,0.067461,-0.006807,1.027576,0.0956
BALMLAWRIE,Success,0.011461299999609764,0.008217999999942549,0.0006973999998081126,0.03035639999961859,0.050941100000272854,1999-01-01 09:15:00,2025-06-26 09:15:00,6458 days 00:00:00,100000.0,42264.140393,-57.73586,6494.365459,100.0,2242.697731,60.338713,5627 days 00:00:00,18.0,17.0,1.0,802.460553,11.764706,34.942452,-14.172035,29.508495,-8.85423,20 days 12:00:00,26 days 04:48:00,0.381042,-3443.430598,-0.405969,-0.078739,0.788613,-0.567694
BALPHARMA,Success,0.008016100000531878,0.007822800000212737,0.0006631999995079241,0.029601500000353553,0.046291000000564964,2006-05-08 09:15:00,2025-06-26 09:15:00,4515 days 00:00:00,100000.0,224781.025552,124.781026,65.766368,100.0,3813.293715,41.207725,788 days 00:00:00,12.0,12.0,0.0,0.0,50.0,52.008944,-16.420606,32.439535,-13.277927,36 days 04:00:00,30 days 08:00:00,1.939491,10398.418796,0.403644,0.164216,1.238305,0.756656
BALRAMCHIN,Success,0.010337499999877764,0.007857399999920744,0.000717899999472138,0.03064000000085798,0.04975769999964541,1999-01-01 09:15:00,2025-06-26 09:15:00,6542 days 00:00:00,100000.0,114978.019553,14.97802,5218.284424,100.0,4096.691369,66.56154,4724 days 00:00:00,18.0,18.0,0.0,0.0,27.777778,45.738695,-14.379231,32.903687,-9.280974,51 days 04:48:00,16 days 20:18:27,1.098843,832.112197,0.12501,0.011745,1.068812,0.186928
BALUFORGE,Success,0.002376899999944726,0.008488100000249688,0.0004818999996132334,0.029999299999872164,0.04154649999964022,2024-04-29 09:15:00,2025-06-26 09:15:00,290 days 00:00:00,100000.0,85737.101104,-14.262899,139.056261,100.0,185.723024,24.157435,135 days 00:00:00,1.0,1.0,0.0,0.0,0.0,-14.277162,-14.277162,,-14.277162,,51 days 00:00:00,0.0,-14262.898896,-0.658831,-0.728887,0.801261,-0.895878
BANARBEADS,Success,0.007725200000095356,0.008819799999400857,0.0005855999997947947,0.029936500000076194,0.04726159999972879,1999-01-13 09:15:00,2025-06-26 09:15:00,3163 days 00:00:00,100000.0,71918.522567,-28.081477,1958.333333,100.0,1151.044366,44.246071,1832 days 00:00:00,6.0,6.0,0.0,0.0,16.666667,51.220343,-16.374852,51.220343,-13.722462,30 days 00:00:00,28 days 14:24:00,0.604144,-4680.246239,-0.193211,-0.084357,0.874474,-0.300339
BANARISUG,Success,0.009252400000150374,0.007924200000161363,0.0007131000002118526,0.030753299999560113,0.04882819999966159,1999-01-01 09:15:00,2025-06-26 09:15:00,6305 days 00:00:00,100000.0,80994.062611,-19.005937,8776.136364,100.0,2691.015179,49.663712,5869 days 00:00:00,18.0,17.0,1.0,-1913.819703,23.529412,39.532027,-17.338859,32.731325,-9.582563,34 days 12:00:00,23 days 22:09:13,0.831453,-1005.418687,-0.013051,-0.024422,0.99248,-0.019976
BANCOINDIA,Success,0.008509000000231026,0.008049300000493531,0.0006214999993972015,0.0304348999998183,0.04780159999972966,2006-12-22 09:15:00,2025-06-26 09:15:00,4560 days 00:00:00,100000.0,397078.477214,297.078477,3865.25539,100.0,5645.699701,38.851654,2812 days 00:00:00,18.0,18.0,0.0,0.0,50.0,50.322371,-24.212882,32.547407,-11.778773,36 days 08:00:00,31 days 02:40:00,3.019216,16504.359845,0.625407,0.300372,1.30994,1.158988
BANDHANBNK,Success,0.004298599999856378,0.00907550000010815,0.000539300000127696,0.029942099999971106,0.04408320000038657,2018-03-27 09:15:00,2025-06-26 09:15:00,1796 days 00:00:00,100000.0,60336.247803,-39.663752,-61.191151,100.0,778.986159,39.663752,1678 days 00:00:00,5.0,5.0,0.0,0.0,0.0,-8.352998,-11.728468,,-9.61325,,15 days 19:12:00,0.0,-7932.750439,-0.878088,-0.246027,0.558533,-1.013146
BANG,Success,0.007517600000028324,0.008406400000239955,0.0006029999995007529,0.03162830000019312,0.04846530000031635,2008-02-20 09:15:00,2025-06-26 09:15:00,3929 days 00:00:00,100000.0,63711.09717,-36.288903,-67.9552,100.0,910.77316,53.907907,3824 days 00:00:00,6.0,6.0,0.0,0.0,16.666667,49.540201,-18.70739,49.540201,-15.660122,92 days 00:00:00,23 days 09:35:59,0.449571,-6048.150472,-0.152217,-0.076084,0.893677,-0.211937
BANKA,Success,0.0034358000002612243,0.007856100000026345,0.000518499999998312,0.03093689999968774,0.04293760000018665,2020-10-29 09:15:00,2025-06-26 09:15:00,1156 days 00:00:00,100000.0,92107.414917,-7.892585,106.129496,100.0,192.099714,7.892585,329 days 00:00:00,1.0,1.0,0.0,0.0,0.0,-7.900478,-7.900478,,-7.900478,,5 days 00:00:00,0.0,-7892.585083,-1.157518,-0.324669,0.0,-1.155898
BANKBARODA,Success,0.009784699999727309,0.007922799999505514,0.0006927000003997819,0.029637900000125228,0.04822409999997035,1999-01-01 09:15:00,2025-06-26 09:15:00,6543 days 00:00:00,100000.0,205957.305049,105.957305,2272.051489,100.0,8656.112764,50.678399,2179 days 00:00:00,28.0,27.0,1.0,10659.089531,33.333333,49.828434,-17.55019,30.209283,-8.889384,58 days 08:00:00,14 days 09:20:00,1.370296,3529.563538,0.312951,0.081154,1.139883,0.46404
BANKINDIA,Success,0.009648299999753362,0.008754000000408269,0.0006981999995332444,0.03038979999928415,0.049728699999832315,1999-01-01 09:15:00,2025-06-26 09:15:00,6543 days 00:00:00,100000.0,31318.541679,-68.681458,419.777778,100.0,2888.38738,72.263695,4873 days 00:00:00,21.0,20.0,1.0,125.162697,15.0,46.047444,-15.360151,30.53271,-10.836497,49 days 08:00:00,24 days 21:10:35,0.488553,-3440.331051,-0.309976,-0.086781,0.861806,-0.424218
BANKNIFTY,Success,0.00989209999988816,0.008305500000460597,0.0007444999992003432,0.03200789999937115,0.051142099999196944,2000-01-03 09:15:00,2025-06-26 09:15:00,6319 days 00:00:00,100000.0,149674.10156,49.674102,5323.412233,100.0,8104.198925,26.000753,1463 days 00:00:00,31.0,31.0,0.0,0.0,38.709677,23.897346,-10.020323,11.437448,-4.528558,39 days 02:00:00,13 days 15:09:28,1.435035,1602.390373,0.290358,0.090645,1.124124,0.435825
BANSALWIRE,Success,0.0021261000001686625,0.007955699999911303,0.0004704000002675457,0.03117110000039247,0.04191590000027645,2024-07-10 09:15:00,2025-06-26 09:15:00,240 days 00:00:00,100000.0,90348.408556,-9.651591,10.104178,100.0,190.338947,26.760815,137 days 00:00:00,1.0,1.0,0.0,0.0,0.0,-9.661243,-9.661243,,-9.661243,,62 days 00:00:00,0.0,-9651.591444,-0.564745,-0.534499,0.856254,-0.735304
BANSWRAS,Success,0.008247099999607599,0.008431799999925715,0.0006384000007528812,0.03134760000011738,0.04892389999986335,2007-04-11 09:15:00,2025-06-26 09:15:00,4317 days 00:00:00,100000.0,64184.506246,-35.815494,312.288118,100.0,684.062012,52.669703,3385 days 00:00:00,5.0,4.0,1.0,3326.266668,0.0,-8.65245,-13.412371,,-11.669364,,92 days 00:00:00,0.0,-9785.440105,-0.229239,-0.069862,0.892698,-0.317317
BARBEQUE,Success,0.003133999999590742,0.008329700000103912,0.0005116000002090004,0.029421199999887904,0.04164609999952518,2021-04-07 09:15:00,2025-06-26 09:15:00,1048 days 00:00:00,100000.0,91836.893127,-8.163107,-45.040829,100.0,191.828922,12.982829,694 days 00:00:00,1.0,1.0,0.0,0.0,0.0,-8.17127,-8.17127,,-8.17127,,16 days 00:00:00,0.0,-8163.106873,-0.615759,-0.225089,0.499679,-0.718284
BASF,Success,0.009560099999362137,0.007815500000106113,0.0007255000000441214,0.03077599999960512,0.04907140000068466,1999-01-01 09:15:00,2025-06-26 09:15:00,6541 days 00:00:00,100000.0,175729.8695,75.729869,3289.864865,100.0,5080.974789,37.963672,4561 days 00:00:00,18.0,18.0,0.0,0.0,33.333333,36.612602,-12.588207,28.899738,-7.62757,67 days 08:00:00,16 days 14:00:00,1.568464,4207.214972,0.306897,0.084186,1.167766,0.519989
BASML,Success,0.008694899999682093,0.008187299999917741,0.0006945000004634494,0.12615400000049704,0.1439319000000978,2005-11-14 09:15:00,2025-06-26 09:15:00,4753 days 00:00:00,100000.0,273076.0904,173.07609,-14.523145,100.0,2991.945269,30.884035,614 days 00:00:00,7.0,7.0,0.0,0.0,57.142857,48.186355,-13.200536,41.207339,-11.673122,123 days 12:00:00,15 days 08:00:00,2.897652,24725.155771,0.511778,0.259678,1.239181,0.812198
BATAINDIA,Success,0.010515500000110478,0.007911900000181049,0.0007349999996222323,0.03044640000007348,0.049796400000559515,1999-01-01 09:15:00,2025-06-26 09:15:00,6543 days 00:00:00,100000.0,71384.621435,-28.615379,1274.644199,100.0,3984.94904,56.408251,4720 days 00:00:00,21.0,21.0,0.0,0.0,23.809524,35.798144,-22.949559,25.584779,-8.636534,22 days 14:24:00,27 days 10:30:00,0.807301,-1362.637075,-0.060813,-0.033025,0.965572,-0.09823
BAYERCROP,Success,0.008159299999533687,0.009306300000389456,0.000611600000411272,0.03069450000020879,0.04896839999946678,2010-01-08 09:15:00,2025-06-26 09:15:00,3828 days 00:00:00,100000.0,89092.422207,-10.907578,963.512074,100.0,2996.180945,48.184369,3617 days 00:00:00,13.0,13.0,0.0,0.0,23.076923,39.675232,-11.830207,24.482442,-7.285701,30 days 08:00:00,25 days 12:00:00,0.87611,-839.044446,-0.032266,-0.02273,0.984278,-0.050285
BBL,Success,0.008708600000318256,0.008020200000828481,0.0006563000006281072,0.030798499999946216,0.04837099999986094,2006-11-21 09:15:00,2025-06-26 09:15:00,4596 days 00:00:00,100000.0,197603.784618,97.603785,441.316422,100.0,2688.101044,27.588548,3652 days 00:00:00,9.0,9.0,0.0,0.0,55.555556,32.527219,-15.043808,27.421837,-12.31191,44 days 19:11:59,29 days 06:00:00,2.224397,10844.864958,0.409844,0.20146,1.286298,0.639091
BBOX,Success,0.010792699999910838,0.007943800000248302,0.0007318999996641651,0.0314607000000251,0.051119600000674836,1995-01-18 09:15:00,2025-06-26 09:15:00,7426 days 00:00:00,100000.0,46785.898073,-53.214102,5420.555556,100.0,2278.168115,66.594114,6712 days 00:00:00,21.0,21.0,0.0,0.0,23.809524,42.936077,-25.205696,32.951543,-12.633539,30 days 00:00:00,20 days 15:00:00,0.574862,-2534.004854,-0.14913,-0.05503,0.918344,-0.230174
BBTC,Success,0.010683699999390228,0.008322699999553151,0.0007314000004043919,0.03136499999982334,0.05129470000065339,1995-05-15 09:15:00,2025-06-26 09:15:00,6659 days 00:00:00,100000.0,107871.416159,7.871416,3783.866551,100.0,4567.487149,38.106938,2720 days 00:00:00,17.0,17.0,0.0,0.0,29.411765,40.067571,-16.198872,31.702097,-10.20761,13 days 00:00:00,16 days 12:00:00,1.04502,463.02448,0.091294,0.010921,1.074009,0.161367
BBTCL,Success,0.002419999999801803,0.0076759000003221445,0.0004695999996329192,0.0292779999999766,0.040028999999776715,2022-11-23 09:15:00,2025-06-26 09:15:00,644 days 00:00:00,100000.0,121214.3325,21.214333,-31.394419,100.0,221.235768,12.562815,33 days 00:00:00,1.0,1.0,0.0,0.0,100.0,21.235547,21.235547,21.235547,,44 days 00:00:00,,inf,21214.3325,0.713319,0.917056,1.595255,1.75355
BCLIND,Success,0.003089200000431447,0.008188200000404322,0.00047989999984565657,0.029699100000470935,0.041660699999738426,2021-03-04 09:15:00,2025-06-26 09:15:00,1069 days 00:00:00,100000.0,71566.554149,-28.433446,230.943102,100.0,500.61361,47.93742,800 days 00:00:00,3.0,3.0,0.0,0.0,0.0,-8.182277,-14.239835,,-10.522735,,52 days 08:00:00,0.0,-9477.815284,-0.454263,-0.225177,0.860273,-0.641132
BCONCEPTS,Success,0.003152500000396685,0.007753300000331365,0.0004885000007561757,0.03100670000003447,0.042648499999813794,2018-01-10 09:15:00,2025-06-26 09:15:00,1386 days 00:00:00,100000.0,130240.659868,30.24066,551.388889,100.0,933.183286,28.020021,615 days 00:00:00,4.0,4.0,0.0,0.0,50.0,38.919718,-16.068232,35.498583,-15.7417,10 days 00:00:00,22 days 12:00:00,1.750316,7560.164967,0.560677,0.257166,1.371533,0.878555
BDL,Success,0.0044563000001289765,0.007811800000126823,0.0005257000002529821,0.030729400000382157,0.043710199999623,2018-03-23 09:15:00,2025-06-26 09:15:00,1798 days 00:00:00,100000.0,151463.349742,51.46335,837.557746,100.0,1879.656525,25.355484,226 days 00:00:00,6.0,6.0,0.0,0.0,50.0,32.54964,-16.925245,29.919343,-11.487249,32 days 16:00:00,22 days 08:00:00,1.811748,8577.224957,0.559993,0.346809,1.302771,0.817511
BEARDSELL,Success,0.0050069999997504056,0.007813199999873177,0.0005510000000867876,0.0302639999999883,0.043838200000209326,2015-12-09 09:15:00,2025-06-26 09:15:00,2316 days 00:00:00,100000.0,99281.557076,-0.718443,89.883323,100.0,714.760795,39.486374,2116 days 00:00:00,3.0,3.0,0.0,0.0,33.333333,38.21501,-16.979792,38.21501,-15.23222,9 days 00:00:00,53 days 00:00:00,0.981529,-239.480975,0.054076,-0.002876,1.031056,0.084179
BECTORFOOD,Success,0.002710500000830507,0.008381000000554195,0.000671600000714534,0.02966420000029757,0.041616500000600354,2020-12-24 09:15:00,2025-06-26 09:15:00,1117 days 00:00:00,100000.0,174165.56782,74.165568,128.609892,100.0,1216.462038,17.557614,139 days 00:00:00,4.0,4.0,0.0,0.0,75.0,29.226174,-9.741564,24.561879,-9.741564,28 days 16:00:00,46 days 00:00:00,4.949845,18541.391955,1.119285,1.132148,1.601512,1.859032
BEDMUTHA,Success,0.00733829999990121,0.00784990000011021,0.0007408999999825028,0.031463000000258035,0.04758430000038061,2010-10-14 09:15:00,2025-06-26 09:15:00,3613 days 00:00:00,100000.0,127257.628894,27.257629,-14.021765,100.0,983.815025,58.185845,2983 days 00:00:00,6.0,6.0,0.0,0.0,50.0,39.994796,-22.860799,33.792538,-18.883798,43 days 00:00:00,41 days 16:00:00,1.583576,4542.938149,0.228174,0.042364,1.145594,0.355647
BEL,Success,0.010224399999970046,0.008557099999961792,0.0007267999999385211,0.03109839999979158,0.050792400000318594,1999-01-01 09:15:00,2025-06-26 09:15:00,6543 days 00:00:00,100000.0,553351.865623,453.351866,184445.549946,100.0,19121.161959,36.816006,1853 days 00:00:00,30.0,30.0,0.0,0.0,43.333333,63.216227,-18.92917,30.247922,-9.166903,30 days 14:46:09,21 days 02:49:24,1.950706,15111.728854,0.619335,0.272003,1.32002,1.049362
BEML,Success,0.010037799999736308,0.008023999999750231,0.0007144999999582069,0.03045399999973597,0.04940889999943465,1999-01-01 09:15:00,2025-06-26 09:15:00,6541 days 00:00:00,100000.0,68278.876592,-31.721123,22321.371872,100.0,2454.06947,56.184597,4586 days 00:00:00,18.0,18.0,0.0,0.0,22.222222,43.132184,-22.764781,34.673759,-10.49512,63 days 06:00:00,20 days 00:00:00,0.715011,-1762.284634,-0.070762,-0.037496,0.962939,-0.106093
BEPL,Success,0.008782699999756005,0.008607300000221585,0.0008617000003141584,0.0310948999995162,0.04953959999966173,2005-03-21 09:15:00,2025-06-26 09:15:00,4731 days 00:00:00,100000.0,121804.122412,21.804122,397.404752,100.0,1679.025477,42.247731,1668 days 00:00:00,10.0,9.0,1.0,7879.567856,33.333333,41.452236,-13.210701,34.464594,-11.77496,84 days 16:00:00,21 days 00:00:00,1.220088,1547.172728,0.174644,0.036295,1.09499,0.281598
BERGEPAINT,Success,0.010896499999944353,0.008290900000247348,0.0007186000002548099,0.03172619999986637,0.051874599999791826,1995-05-15 09:15:00,2025-06-26 09:15:00,7367 days 00:00:00,100000.0,491219.701894,391.219702,68413.732796,100.0,15364.691684,48.751209,1083 days 00:00:00,27.0,26.0,1.0,7263.622255,46.153846,45.983058,-14.591463,26.951386,-8.54702,62 days 04:00:00,26 days 22:17:08,2.217725,14767.541525,0.535261,0.168314,1.238461,0.914451
BESTAGRO,Success,0.0028021999996781233,0.007989699999598088,0.0004936999994242797,0.029515999999603082,0.04098549999980605,2021-02-22 09:15:00,2025-06-26 09:15:00,902 days 00:00:00,100000.0,127890.924322,27.890924,-33.067206,100.0,227.919043,1.828538,3 days 00:00:00,1.0,1.0,0.0,0.0,100.0,27.918815,27.918815,27.918815,,5 days 00:00:00,,inf,27890.924322,0.802696,5.724357,11.941416,8.7853
BFINVEST,Success,0.007824000000255182,0.0079926999997042,0.0005695999998351908,0.030406699999730336,0.04698169999937818,2011-01-25 09:15:00,2025-06-26 09:15:00,3549 days 00:00:00,100000.0,152478.799656,52.4788,414.764398,100.0,2249.238086,44.780102,2527 days 00:00:00,8.0,8.0,0.0,0.0,37.5,47.499245,-15.603048,40.724481,-11.241344,46 days 08:00:00,58 days 04:48:00,1.61452,6559.849957,0.300772,0.099019,1.138618,0.508079
BFUTILITIE,Success,0.008466799999951036,0.00875140000061947,0.0007664000004297122,0.030686900000546302,0.04887069999949745,2007-05-03 09:15:00,2025-06-26 09:15:00,4487 days 00:00:00,100000.0,100212.091363,0.212091,-56.219086,100.0,994.738458,55.752715,4217 days 00:00:00,7.0,7.0,0.0,0.0,28.571429,50.374025,-14.84672,41.018392,-12.713147,104 days 12:00:00,48 days 04:48:00,1.004297,30.298766,0.093195,0.000309,1.044239,0.142761
BGRENERGY,Success,0.008478300000206218,0.00802919999932783,0.0008233999997173669,0.03194379999968078,0.049461300000075425,2008-01-03 09:15:00,2025-06-26 09:15:00,4317 days 00:00:00,100000.0,85895.028787,-14.104971,-88.824671,100.0,2460.951122,54.195764,3642 days 00:00:00,9.0,9.0,0.0,0.0,22.222222,53.095346,-15.69802,36.732303,-10.293072,19 days 00:00:00,34 days 20:34:17,0.856496,-1567.219024,-0.034934,-0.023568,0.980553,-0.049516
BHAGCHEM,Success,0.002750900000137335,0.0077369000000544474,0.0005549999996219412,0.030262299999776587,0.041489599999295024,2021-10-18 09:15:00,2025-06-26 09:15:00,917 days 00:00:00,100000.0,103357.970629,3.357971,306.870135,100.0,611.181692,17.098903,533 days 00:00:00,3.0,3.0,0.0,0.0,33.333333,28.996132,-10.95456,28.996132,-10.486713,53 days 00:00:00,15 days 12:00:00,1.149648,1119.323543,0.16367,0.077392,1.077754,0.253362
BHAGERIA,Success,0.0044914000000062515,0.00795410000046104,0.000534200000402052,0.030582000000322296,0.043740600000091945,2016-03-02 09:15:00,2025-06-26 09:15:00,2306 days 00:00:00,100000.0,86339.762362,-13.660238,622.11031,100.0,1630.927098,56.952391,2075 days 00:00:00,10.0,10.0,0.0,0.0,30.0,31.126514,-17.137278,28.653228,-12.058228,72 days 16:00:00,40 days 03:25:42,0.813775,-1366.023764,0.021925,-0.04035,1.00728,0.033915
BHAGYANGR,Success,0.004297899999983201,0.0087573999999222,0.0005198999997446663,0.030763300000216987,0.04462190000049304,2017-05-17 09:15:00,2025-06-26 09:15:00,2011 days 00:00:00,100000.0,89334.826522,-10.665173,201.466165,100.0,588.934246,22.473006,947 days 00:00:00,3.0,3.0,0.0,0.0,33.333333,30.121561,-20.940914,30.121561,-17.058491,36 days 00:00:00,35 days 12:00:00,0.710152,-3555.057826,-0.119337,-0.090159,0.925591,-0.177451
BHANDARI,Success,0.005138799999258481,0.008485500000460888,0.000602900000558293,0.030328100000588165,0.0447600000006787,2017-01-30 09:15:00,2025-06-26 09:15:00,2083 days 00:00:00,100000.0,63747.095929,-36.252904,116.214077,100.0,854.786834,58.019473,1845 days 00:00:00,6.0,6.0,0.0,0.0,16.666667,31.875743,-15.853078,31.875743,-13.513096,52 days 00:00:00,16 days 19:12:00,0.320343,-6042.150679,-0.547394,-0.130756,0.758266,-0.736518
BHARATFORG,Success,0.009688000000096508,0.008048800000324263,0.0007791999996697996,0.030901099999937287,0.04960829999981797,1999-01-01 09:15:00,2025-06-26 09:15:00,6543 days 00:00:00,100000.0,327805.526391,227.805526,18805.215919,100.0,11390.764609,34.529167,2619 days 00:00:00,20.0,20.0,0.0,0.0,45.0,48.523319,-14.9141,27.647758,-8.51776,61 days 08:00:00,27 days 02:10:54,1.803068,11390.27632,0.489424,0.198305,1.221994,0.80382
BHARATGEAR,Success,0.010048899999674177,0.008215300000301795,0.0006753000006938237,0.03186379999988276,0.05112349999944854,1995-09-20 09:15:00,2025-06-26 09:15:00,6685 days 00:00:00,100000.0,32176.71038,-67.82329,175.895035,100.0,1526.656125,84.554099,6576 days 00:00:00,18.0,18.0,0.0,0.0,22.222222,54.573118,-26.173885,39.336677,-15.936642,49 days 06:00:00,16 days 15:25:42,0.392827,-3767.960534,-0.24171,-0.071001,0.869845,-0.35616
BHARATRAS,Success,0.009229100000084145,0.008858700000018871,0.0006588999995074118,0.02999459999955434,0.048923399999694084,1999-01-04 09:15:00,2025-06-26 09:15:00,5420 days 00:00:00,100000.0,171096.272201,71.096272,45150.535332,100.0,4105.524245,47.309744,2156 days 00:00:00,16.0,16.0,0.0,0.0,43.75,39.761177,-19.492146,32.079973,-14.336851,50 days 17:08:34,29 days 10:40:00,1.417745,4443.517013,0.272638,0.077847,1.127795,0.434301
BHARATSE,Skipped: Data rows 64 < 70,,,,,0.0020276000004741945,,,,,,,,,,,,,,,,,,,,,,,,,,,,
BHARATWIRE,Success,0.0044575000001714216,0.007951399999910791,0.0005196000001888024,0.030842500000289874,0.04396900000028836,2016-04-01 09:15:00,2025-06-26 09:15:00,2287 days 00:00:00,100000.0,193970.202348,93.970202,385.225038,100.0,2243.540833,33.584616,921 days 00:00:00,8.0,8.0,0.0,0.0,50.0,39.318673,-15.802977,34.907682,-12.460429,36 days 18:00:00,9 days 00:00:00,2.245021,11746.275294,0.671379,0.332092,1.376149,1.11421
BHARTIARTL,Success,0.009473900000557478,0.007921299999907205,0.0007043000005069189,0.03206700000009732,0.050368799999887415,2002-02-18 09:15:00,2025-06-26 09:15:00,5783 days 00:00:00,100000.0,67542.034095,-32.457966,9979.043922,100.0,4387.590097,63.506255,4512 days 00:00:00,21.0,21.0,0.0,0.0,23.809524,29.160891,-13.361974,21.182803,-8.024688,57 days 04:48:00,14 days 22:30:00,0.773849,-1545.617424,-0.101934,-0.038522,0.950509,-0.133435
BHARTIHEXA,Success,0.002238699999907112,0.007634199999301927,0.0005257000002529821,0.02866619999986142,0.039240199999767356,2024-04-12 09:15:00,2025-06-26 09:15:00,300 days 00:00:00,100000.0,100000.0,0.0,122.869792,0.0,0.0,,,0.0,0.0,0.0,0.0,,,,,,,,,,inf,,inf,inf
BHEL,Success,0.010437699999783945,0.00872110000000248,0.0008035999999265186,0.031064900000274065,0.05122120000032737,1994-11-03 09:15:00,2025-06-26 09:15:00,7476 days 00:00:00,100000.0,113008.936222,13.008936,2044.188034,100.0,3681.188332,49.046647,2995 days 00:00:00,19.0,19.0,0.0,0.0,31.578947,35.269839,-14.365182,26.901172,-9.513281,62 days 12:00:00,39 days 11:04:36,1.104247,684.680854,0.113852,0.01221,1.049459,0.174099
BIGBLOC,Success,0.004863999999543012,0.00805579999996553,0.0005446999994092039,0.03184869999950024,0.045502899999519286,2016-09-02 09:15:00,2025-06-26 09:15:00,2179 days 00:00:00,100000.0,144310.25248,44.310252,1954.285714,100.0,1238.54605,30.119069,1279 days 00:00:00,6.0,6.0,0.0,0.0,33.333333,50.97735,-11.763158,45.735001,-9.159044,116 days 00:00:00,14 days 18:00:00,2.142523,7385.04208,0.39055,0.210391,1.158944,0.634343
BIKAJI,Success,0.0025790999998207553,0.00814159999936237,0.00043420000019978033,0.03128550000019459,0.04264779999994062,2022-11-16 09:15:00,2025-06-26 09:15:00,649 days 00:00:00,100000.0,70626.968413,-29.373032,136.415176,100.0,676.185141,29.682345,585 days 00:00:00,4.0,4.0,0.0,0.0,0.0,-6.074997,-9.921469,,-8.322208,,16 days 18:00:00,0.0,-7343.257897,-2.019374,-0.59848,0.404866,-2.314003
BIL,Success,0.009618900000532449,0.008329799999955867,0.0007113000001481851,0.031109700000342855,0.049959599999965576,2000-04-12 09:15:00,2025-06-26 09:15:00,6064 days 00:00:00,100000.0,84628.745731,-15.371254,958.106061,100.0,2674.674702,56.659405,4441 days 00:00:00,16.0,16.0,0.0,0.0,25.0,57.956578,-16.87218,41.031471,-11.897732,56 days 12:00:00,15 days 22:00:00,0.877331,-960.703392,0.022658,-0.017641,1.012991,0.037893
BINANIIND,Success,0.007707600000685488,0.008659400000397,0.0005956000004516682,0.030189400000381283,0.04733970000052068,2006-09-27 09:15:00,2025-06-26 09:15:00,3831 days 00:00:00,100000.0,92990.54398,-7.009456,-95.302316,100.0,1748.623553,42.87952,2890 days 00:00:00,9.0,9.0,0.0,0.0,33.333333,54.266366,-16.127488,30.538089,-13.149648,49 days 00:00:00,21 days 04:00:00,0.915179,-778.828447,0.03493,-0.016092,1.018892,0.054026
BIOCON,Success,0.009117100000366918,0.008277199999611184,0.0007069999992381781,0.031473600000026636,0.04976819999956206,2004-04-07 09:15:00,2025-06-26 09:15:00,5249 days 00:00:00,100000.0,106007.277415,6.007277,768.919396,100.0,3409.816438,43.652447,2714 days 00:00:00,16.0,16.0,0.0,0.0,31.25,31.36443,-12.545391,22.196101,-8.152791,68 days 19:12:00,36 days 04:21:49,1.060387,375.454838,0.101724,0.009312,1.039547,0.149139
BIOFILCHEM,Success,0.004900999999335909,0.00837500000034197,0.0005379000003813417,0.03145850000055361,0.04547450000063691,1999-01-05 09:15:00,2025-06-26 09:15:00,2616 days 00:00:00,100000.0,28449.673272,-71.550327,5151.111111,100.0,401.795851,74.122649,2468 days 00:00:00,4.0,4.0,0.0,0.0,0.0,-14.496904,-38.358481,,-26.156359,,17 days 18:00:00,0.0,-17887.581682,-0.790201,-0.217031,0.52082,-0.944262
BIRLACABLE,Success,0.008148400000209222,0.008323299999574374,0.0006187999997564475,0.03093090000038501,0.04822119999971619,2006-11-02 09:15:00,2025-06-26 09:15:00,4381 days 00:00:00,100000.0,193926.103079,93.926103,690.562771,100.0,3923.103166,56.000107,2469 days 00:00:00,15.0,15.0,0.0,0.0,40.0,45.275617,-25.118613,39.198284,-13.463809,45 days 04:00:00,17 days 21:20:00,1.59393,6261.740205,0.370642,0.101304,1.172696,0.606933
BIRLACORPN,Success,0.008467199999358854,0.008579000000281667,0.0006836000002294895,0.03106090000073891,0.048981500000081724,2008-07-28 09:15:00,2025-06-26 09:15:00,4176 days 00:00:00,100000.0,187568.426619,87.568427,697.155825,100.0,5062.394866,48.624331,3228 days 00:00:00,18.0,17.0,1.0,3205.779466,41.176471,37.076736,-11.078807,24.700467,-8.789877,32 days 06:51:25,14 days 16:48:00,1.632813,4962.508656,0.434233,0.116226,1.235845,0.700762
BIRLAMONEY,Success,0.008242899999459041,0.008224399999562593,0.000584599999456259,0.0317536000002292,0.04900030000044353,2009-09-09 09:15:00,2025-06-26 09:15:00,3877 days 00:00:00,100000.0,56865.762887,-43.134237,350.31174,100.0,1198.170362,61.345361,3757 days 00:00:00,9.0,9.0,0.0,0.0,22.222222,35.159641,-21.668187,33.235804,-14.948276,50 days 00:00:00,19 days 00:00:00,0.44756,-4792.693013,-0.287045,-0.084367,0.845533,-0.42593
BIRLANU,Success,0.008530199999768229,0.008497300000271935,0.0006739999998899293,0.030547800000022107,0.04844450000018696,2006-11-02 09:15:00,2025-06-26 09:15:00,4607 days 00:00:00,100000.0,135922.494451,35.922494,752.885345,100.0,2407.009451,29.176842,2433 days 00:00:00,11.0,11.0,0.0,0.0,36.363636,33.37765,-11.681209,24.807768,-7.879563,29 days 06:00:00,34 days 03:25:42,1.583433,3265.681314,0.2708,0.084362,1.149326,0.421474
BLACKBUCK,Success,0.0020648999998229556,0.007642200000191224,0.0004209000007904251,0.028708300000289455,0.03901199999927485,2024-11-22 09:15:00,2025-06-26 09:15:00,148 days 00:00:00,100000.0,100000.0,0.0,65.410498,0.0,0.0,,,0.0,0.0,0.0,0.0,,,,,,,,,,inf,,inf,inf
BLAL,Success,0.0024416000005658134,0.008135800000673044,0.00046970000039436854,0.029498799999601033,0.0408556000002136,2023-04-19 09:15:00,2025-06-26 09:15:00,545 days 00:00:00,100000.0,87047.689163,-12.952311,-19.933978,100.0,187.034924,12.952311,220 days 00:00:00,1.0,1.0,0.0,0.0,0.0,-12.965263,-12.965263,,-12.965263,,29 days 00:00:00,0.0,-12952.310837,-1.248878,-0.68494,0.501381,-1.550655
BLBLIMITED,Success,0.008593500000642962,0.00837480000063806,0.0006585000000995933,0.03113500000017666,0.048945000000458094,2000-05-31 09:15:00,2025-06-26 09:15:00,5264 days 00:00:00,100000.0,207775.827753,107.775828,-59.89305,100.0,2879.178478,44.113367,1574 days 00:00:00,12.0,12.0,0.0,0.0,41.666667,52.366241,-20.320482,42.576288,-13.587139,48 days 04:48:00,22 days 13:42:51,1.895946,8981.318979,0.338673,0.117911,1.19686,0.566667
BLISSGVS,Success,0.00813430000016524,0.008967499999926076,0.000802099999418715,0.029970399999911024,0.048054400000182795,2010-07-26 09:15:00,2025-06-26 09:15:00,3692 days 00:00:00,100000.0,21783.35832,-78.216642,264.730401,100.0,1472.954055,79.646497,3118 days 00:00:00,14.0,14.0,0.0,0.0,0.0,-5.593696,-14.46398,,-10.286249,,46 days 05:08:34,0.0,-5586.902977,-0.751462,-0.17561,0.759274,-1.066925
BLKASHYAP,Success,0.008660800000143354,0.007925899999463581,0.0006284000000960077,0.02941019999980199,0.046809399999801826,2006-03-17 09:15:00,2025-06-26 09:15:00,4764 days 00:00:00,100000.0,113295.497844,13.295498,82.158282,100.0,2419.59089,61.884512,3632 days 00:00:00,11.0,11.0,0.0,0.0,36.363636,53.947415,-29.97013,40.660754,-15.903117,30 days 18:00:00,15 days 06:51:25,1.09763,1208.681622,0.140281,0.015529,1.095777,0.208864
BLS,Success,0.00470099999984086,0.008271499999864318,0.0005215999999563792,0.031118799999603652,0.04482060000009369,2016-06-15 09:15:00,2025-06-26 09:15:00,2237 days 00:00:00,100000.0,116672.2036,16.672204,1591.665256,100.0,1093.732544,21.446854,381 days 00:00:00,5.0,5.0,0.0,0.0,40.0,37.753114,-13.801382,30.975671,-11.962718,24 days 00:00:00,28 days 00:00:00,1.406326,3334.44072,0.243299,0.1188,1.148927,0.423733
BLSE,Success,0.0023401999997076928,0.008537400000022899,0.0006303000000116299,0.12088409999978467,0.13260209999953076,2024-02-06 09:15:00,2025-06-26 09:15:00,345 days 00:00:00,100000.0,100000.0,0.0,-44.775956,0.0,0.0,,,0.0,0.0,0.0,0.0,,,,,,,,,,inf,,inf,inf
BLUECOAST,Success,0.0043595000006462215,0.007749800000055984,0.0005443000000013853,0.0301419999996142,0.04300050000074407,2007-03-01 09:15:00,2025-06-26 09:15:00,1603 days 00:00:00,100000.0,106918.089271,6.918089,-77.022274,100.0,856.872013,40.475951,1257 days 00:00:00,5.0,5.0,0.0,0.0,40.0,28.589731,-15.840765,26.241959,-12.392879,7 days 12:00:00,64 days 00:00:00,1.210525,1383.617854,0.186525,0.037919,1.067657,0.271317
BLUEDART,Success,0.010012699999606411,0.008087499999419379,0.0009225000003425521,0.03275089999988268,0.05209190000005037,1999-01-01 09:15:00,2025-06-26 09:15:00,6530 days 00:00:00,100000.0,87743.987707,-12.256012,30871.849742,100.0,2886.410241,68.664532,6224 days 00:00:00,21.0,21.0,0.0,0.0,33.333333,32.939247,-21.501841,23.160454,-10.578916,39 days 17:08:34,34 days 10:17:08,0.885937,-583.619633,0.022388,-0.010605,1.0097,0.032952
BLUEJET,Success,0.0028393000002324698,0.009294299999965006,0.0004992000003767316,0.029764900000373018,0.0425969999996596,2023-11-01 09:15:00,2025-06-26 09:15:00,411 days 00:00:00,100000.0,127022.742918,27.022743,110.365269,100.0,227.049993,9.282662,19 days 00:00:00,1.0,1.0,0.0,0.0,100.0,27.049766,27.049766,27.049766,,48 days 00:00:00,,inf,27022.742918,1.269485,2.549623,1.74174,2.547125
BLUESTARCO,Success,0.010021199999755481,0.00825150000036956,0.00068950000058976,0.031197299999803363,0.050350299999990966,2001-07-02 09:15:00,2025-06-26 09:15:00,5918 days 00:00:00,100000.0,203213.614517,103.213615,44428.151328,100.0,6652.167847,34.978804,4514 days 00:00:00,20.0,20.0,0.0,0.0,45.0,38.458631,-14.320623,22.128618,-9.252118,44 days 10:40:00,18 days 13:05:27,1.556469,5160.680726,0.411663,0.127804,1.210627,0.608561
BODALCHEM,Success,0.007646899999599555,0.008084000000053493,0.0006732000001647975,0.03185940000003029,0.04854499999964901,2011-08-22 09:15:00,2025-06-26 09:15:00,3260 days 00:00:00,100000.0,289501.827341,189.501827,167.949193,100.0,4212.581769,31.607709,1589 days 00:00:00,10.0,9.0,1.0,13449.284467,55.555556,52.919441,-14.198338,35.722576,-11.655177,32 days 00:00:00,35 days 18:00:00,2.514224,19561.393653,0.75302,0.399864,1.426929,1.335797
BOHRAIND,Success,0.002589599999737402,0.008005899999261601,0.00046719999954802915,0.029777699999613105,0.04103260000010778,2022-10-27 09:15:00,2025-06-26 09:15:00,499 days 00:00:00,100000.0,88604.535385,-11.395465,-60.116534,100.0,188.593329,26.695,22 days 00:00:00,1.0,1.0,0.0,0.0,0.0,-11.40686,-11.40686,,-11.40686,,36 days 00:00:00,0.0,-11395.464615,-0.557192,-0.317268,0.781087,-0.84368
BOMDYEING,Success,0.010024199999861594,0.008292299999993702,0.0007189999996626284,0.03121839999948861,0.050448400000277616,1999-01-01 09:15:00,2025-06-26 09:15:00,6543 days 00:00:00,100000.0,34093.691728,-65.906308,1208.576208,100.0,2437.352094,72.723299,4565 days 00:00:00,17.0,17.0,0.0,0.0,17.647059,35.370615,-21.866217,28.231479,-12.123627,42 days 08:00:00,15 days 13:42:51,0.491064,-3876.841663,-0.321748,-0.080114,0.81267,-0.43553
BOROLTD,Success,0.003104499999608379,0.007910799999990559,0.0005496000003404333,0.030073100000663544,0.04183949999969627,2020-07-22 09:15:00,2025-06-26 09:15:00,1226 days 00:00:00,100000.0,95095.150042,-4.90485,67.572164,100.0,620.988196,29.598986,1083 days 00:00:00,4.0,3.0,1.0,-66.161945,33.333333,22.677127,-12.214596,22.677127,-11.929182,48 days 00:00:00,26 days 00:00:00,0.784133,-1612.896004,-0.05699,-0.050209,0.973381,-0.08613
BORORENEW,Success,0.004662899999857473,0.008057600000029197,0.0004939999998896383,0.0303462000001673,0.04374279999956343,2018-05-25 09:15:00,2025-06-26 09:15:00,1756 days 00:00:00,100000.0,65346.726974,-34.653273,936.95517,100.0,962.938196,35.369383,1671 days 00:00:00,6.0,6.0,0.0,0.0,16.666667,37.025478,-15.629611,37.025478,-13.760865,34 days 00:00:00,19 days 19:12:00,0.415224,-5775.545504,-0.474092,-0.239299,0.787892,-0.695468
BOROSCI,Success,0.0022974000003159745,0.0075317000000723056,0.0006098999992900644,0.03130590000000666,0.041933599999538274,2024-06-07 09:15:00,2025-06-26 09:15:00,262 days 00:00:00,100000.0,100000.0,0.0,2.278239,0.0,0.0,,,0.0,0.0,0.0,0.0,,,,,,,,,,inf,,inf,inf
BOSCHLTD,Success,0.00875259999975242,0.008483999999953085,0.000703800000337651,0.03131130000019766,0.0494472999998834,2008-02-28 09:15:00,2025-06-26 09:15:00,4276 days 00:00:00,100000.0,214192.65077,114.192651,714.620927,100.0,3768.747109,16.046132,997 days 00:00:00,11.0,11.0,0.0,0.0,63.636364,25.130068,-9.157765,15.652802,-6.016627,48 days 13:42:51,55 days 06:00:00,3.460934,10381.15007,0.742757,0.418666,1.359227,1.217371
BPCL,Success,0.01094219999959023,0.008544999999685388,0.000888900000063586,0.03165160000025935,0.052233800000067276,1996-01-02 09:15:00,2025-06-26 09:15:00,7258 days 00:00:00,100000.0,179554.703148,79.554703,3282.051282,100.0,6282.200411,44.471701,2509 days 00:00:00,24.0,24.0,0.0,0.0,37.5,35.081271,-18.908576,23.008617,-8.013324,39 days 21:19:59,31 days 14:24:00,1.517343,3314.779298,0.259884,0.067172,1.121632,0.404035
BPL,Success,0.010395700000117358,0.00862689999939903,0.0007039000001896056,0.031107699999665783,0.05103839999992488,1999-01-01 09:15:00,2025-06-26 09:15:00,5894 days 00:00:00,100000.0,82236.491393,-17.763509,-38.290541,100.0,1359.093864,43.350671,3610 days 00:00:00,8.0,8.0,0.0,0.0,25.0,42.83224,-18.29785,42.609411,-13.973212,29 days 00:00:00,18 days 04:00:00,0.770943,-2220.438576,-0.032779,-0.027769,0.970238,-0.051877
BRIGADE,Success,0.008617299999968964,0.007888399999501416,0.0006130000001576263,0.030587600000217208,0.04790580000008049,2007-12-31 09:15:00,2025-06-26 09:15:00,4319 days 00:00:00,100000.0,265640.122321,165.640122,345.38082,100.0,4016.095942,34.600795,2336 days 00:00:00,10.0,10.0,0.0,0.0,50.0,47.486688,-14.220303,35.703179,-10.107591,44 days 14:24:00,42 days 00:00:00,2.464804,16564.012232,0.57168,0.248747,1.310166,1.02306
BRITANNIA,Success,0.00963190000038594,0.008047700000133773,0.0006978000001254259,0.031104200000299898,0.049670399999740766,1999-01-01 09:15:00,2025-06-26 09:15:00,6542 days 00:00:00,100000.0,127614.923507,27.614924,6572.009159,100.0,5734.176206,27.698617,2397 days 00:00:00,23.0,23.0,0.0,0.0,30.434783,31.338853,-9.502553,20.328267,-6.266934,72 days 10:17:08,19 days 16:30:00,1.216668,1200.648848,0.183645,0.049454,1.07799,0.27263
BRNL,Success,0.004345100000136881,0.007781400000567373,0.0005154999998921994,0.031550099999549275,0.04444280000006984,2017-09-18 09:15:00,2025-06-26 09:15:00,1926 days 00:00:00,100000.0,59994.329245,-40.005671,-89.820101,100.0,476.33008,40.005671,960 days 00:00:00,3.0,3.0,0.0,0.0,0.0,-13.301682,-17.587966,,-15.656475,,21 days 00:00:00,0.0,-13335.223585,-0.996327,-0.230681,0.495135,-1.227747
BROOKS,Success,0.008055599999352125,0.008332100000188802,0.0005860999999640626,0.03049490000012156,0.04768289999992703,2011-09-05 09:15:00,2025-06-26 09:15:00,3414 days 00:00:00,100000.0,141265.190831,41.265191,195.371159,100.0,3002.732186,45.423051,1279 days 00:00:00,11.0,11.0,0.0,0.0,36.363636,43.817021,-18.188446,37.828497,-12.400354,43 days 12:00:00,32 days 13:42:51,1.328393,3751.380985,0.275036,0.082834,1.128806,0.467174
BSE,Success,0.004340800000136369,0.007511800000429503,0.0005373000003601192,0.030059000000619562,0.04265369999939139,2017-02-03 09:15:00,2025-06-26 09:15:00,2079 days 00:00:00,100000.0,126714.535863,26.714536,2259.427609,100.0,1559.537407,22.484767,796 days 00:00:00,7.0,7.0,0.0,0.0,28.571429,35.81978,-8.784762,34.182147,-6.765988,19 days 12:00:00,16 days 04:48:00,1.66755,3816.362266,0.362959,0.188768,1.272164,0.731992
BSHSL,Success,0.002828800000315823,0.01368839999940974,0.0010944999994535465,0.030346999999892432,0.04815890000008949,2020-10-28 09:15:00,2025-06-26 09:15:00,1157 days 00:00:00,100000.0,145827.784879,45.827785,1396.32,100.0,972.383018,13.291847,347 days 00:00:00,4.0,4.0,0.0,0.0,50.0,37.159593,-10.102788,32.702534,-8.927737,31 days 12:00:00,22 days 12:00:00,3.051824,11456.94622,0.813771,0.950846,1.512258,1.660335
BSL,Success,0.008796900000561436,0.00764919999983249,0.0006754000005457783,0.0300732000005155,0.04740990000027523,1999-01-01 09:15:00,2025-06-26 09:15:00,5932 days 00:00:00,100000.0,118283.04193,18.283042,851.77305,100.0,1657.577342,44.126164,4356 days 00:00:00,9.0,9.0,0.0,0.0,33.333333,39.264451,-15.35441,36.470343,-11.896946,50 days 16:00:00,24 days 12:00:00,1.261752,2031.449103,0.141678,0.023535,1.095966,0.246466
BSOFT,Success,0.009845200000199839,0.008524700000634766,0.0006992000007812749,0.03195969999978843,0.05127290000018547,1999-11-24 09:15:00,2025-06-26 09:15:00,6263 days 00:00:00,100000.0,146711.957913,46.711958,6471.542065,100.0,2581.605013,49.492486,4786 days 00:00:00,11.0,11.0,0.0,0.0,36.363636,65.364314,-20.775727,42.578286,-13.28129,42 days 12:00:00,30 days 00:00:00,1.414864,4246.541628,0.213547,0.045643,1.147207,0.381575
BTML,Success,0.003208400000403344,0.008191000000806525,0.0005110000001877779,0.029996399999618006,0.04208810000000085,2020-10-21 09:15:00,2025-06-26 09:15:00,953 days 00:00:00,100000.0,76273.544646,-23.726455,552.168684,100.0,347.919902,27.213174,764 days 00:00:00,2.0,2.0,0.0,0.0,0.0,-11.150346,-14.179297,,-12.664822,,5 days 12:00:00,0.0,-11863.227677,-1.109121,-0.362084,0.262082,-1.241308
BUTTERFLY,Success,0.005121899999721791,0.007843299999876763,0.0005627999998978339,0.029311500000403612,0.04302929999994376,2014-04-28 09:15:00,2025-06-26 09:15:00,2762 days 00:00:00,100000.0,83788.888908,-16.211111,132.645619,100.0,1378.893607,47.947057,2437 days 00:00:00,9.0,8.0,1.0,1624.98461,25.0,37.938048,-16.013035,35.857778,-12.586691,85 days 12:00:00,16 days 20:00:00,0.728057,-2229.511963,-0.017686,-0.048183,0.989862,-0.02422
BVCL,Success,0.007795399999849906,0.007739599999695201,0.0006045000000085565,0.029860600000574777,0.0461832000000868,2007-11-23 09:15:00,2025-06-26 09:15:00,4168 days 00:00:00,100000.0,120773.105007,20.773105,-31.320071,100.0,894.578217,38.352866,1260 days 00:00:00,5.0,5.0,0.0,0.0,40.0,43.233906,-17.9116,40.70353,-15.153482,152 days 12:00:00,29 days 08:00:00,1.489775,4154.621001,0.179195,0.043454,1.088442,0.296645
BYKE,Success,0.005237200000010489,0.008157700000083423,0.0005524999996850966,0.030557400000361667,0.0446842999999717,2015-04-15 09:15:00,2025-06-26 09:15:00,2527 days 00:00:00,100000.0,29217.635334,-70.782365,-49.57104,100.0,1278.200697,71.307021,2436 days 00:00:00,11.0,10.0,1.0,-1118.168874,0.0,-5.756541,-14.930987,,-11.203449,,34 days 07:11:59,0.0,-6966.419579,-0.752476,-0.22834,0.733865,-1.086029
CALSOFT,Success,0.007431699999870034,0.008246200000030512,0.0007838000001356704,0.03165919999992184,0.048318299999664305,2000-06-28 09:15:00,2025-06-26 09:15:00,3386 days 00:00:00,100000.0,27372.652167,-72.627348,-79.113902,100.0,1067.148639,77.251371,3241 days 00:00:00,9.0,9.0,0.0,0.0,0.0,-4.794341,-17.815754,,-13.349273,,21 days 13:20:00,0.0,-8069.705315,-0.567664,-0.168735,0.719002,-0.809215
CAMLINFINE,Success,0.006895499999700405,0.008441099999799917,0.0005959999998594867,0.030794099999184255,0.04695409999931144,2015-01-20 09:15:00,2025-06-26 09:15:00,2583 days 00:00:00,100000.0,130941.207062,30.941207,286.402909,100.0,2280.50239,41.095258,1075 days 00:00:00,12.0,12.0,0.0,0.0,33.333333,41.325966,-16.475233,34.893694,-10.871107,39 days 12:00:00,26 days 03:00:00,1.366388,2578.433922,0.281001,0.094484,1.114708,0.474614
CAMPUS,Success,0.0031030999998620246,0.008158999999977823,0.0005256000004010275,0.03047119999973802,0.0424444999998741,2022-05-09 09:15:00,2025-06-26 09:15:00,780 days 00:00:00,100000.0,121171.998689,21.171999,-26.022695,100.0,221.193392,4.198473,13 days 00:00:00,1.0,1.0,0.0,0.0,100.0,21.193171,21.193171,21.193171,,22 days 00:00:00,,inf,21171.998689,1.391364,2.239549,3.678365,4.135291
CAMS,Success,0.0031349999999292777,0.008049400000345486,0.0005175999995117309,0.031766899999638554,0.04367999999976746,2020-10-05 09:15:00,2025-06-26 09:15:00,1174 days 00:00:00,100000.0,130871.880099,30.87188,200.613672,100.0,990.447763,23.261899,622 days 00:00:00,4.0,4.0,0.0,0.0,50.0,25.455531,-8.171436,24.566605,-8.149892,41 days 00:00:00,36 days 12:00:00,2.42437,7717.970025,0.563607,0.37506,1.241013,0.874628
CANBK,Success,0.009691499999462394,0.007994900000085181,0.0006863999997221981,0.031897099999696366,0.05050920000030601,2003-01-01 09:15:00,2025-06-26 09:15:00,5566 days 00:00:00,100000.0,140051.589172,40.051589,1052.296647,100.0,5412.958571,49.550611,3602 days 00:00:00,22.0,21.0,1.0,6125.468396,38.095238,34.452689,-16.832261,23.715421,-10.135533,39 days 15:00:00,18 days 01:50:46,1.195014,1615.529561,0.217509,0.045074,1.108309,0.287572
CANFINHOME,Success,0.00962710000021616,0.008362000000488479,0.0007341999998971005,0.03029679999963264,0.04919530000006489,1999-01-01 09:15:00,2025-06-26 09:15:00,6351 days 00:00:00,100000.0,139162.862293,39.162862,26426.845638,100.0,3019.349403,47.068985,2756 days 00:00:00,16.0,16.0,0.0,0.0,37.5,35.911776,-13.357126,26.408802,-10.133594,114 days 00:00:00,31 days 00:00:00,1.412493,2447.678893,0.196765,0.040737,1.079206,0.307141
CANTABIL,Success,0.007800999999744818,0.007622799999808194,0.0006914999994478421,0.03859980000015639,0.054931699999542616,2010-10-12 09:15:00,2025-06-26 09:15:00,3638 days 00:00:00,100000.0,93664.907071,-6.335093,1149.47619,100.0,2162.007038,50.929878,1526 days 00:00:00,8.0,8.0,0.0,0.0,25.0,41.0712,-15.591157,38.226634,-11.141304,20 days 00:00:00,8 days 04:00:00,0.934834,-791.886616,0.029369,-0.01285,1.028091,0.050965
CAPACITE,Success,0.004494800000429677,0.008246400000643916,0.0005384000005506095,0.03084500000022672,0.04433870000048046,2017-09-25 09:15:00,2025-06-26 09:15:00,1921 days 00:00:00,100000.0,104569.63629,4.569636,-3.342575,100.0,1264.423028,40.821072,959 days 00:00:00,6.0,6.0,0.0,0.0,33.333333,36.931473,-19.331466,33.590246,-12.401599,75 days 00:00:00,18 days 18:00:00,1.080313,761.606048,0.143142,0.020887,1.067109,0.191329
CAPITALSFB,Success,0.00225860000045941,0.008007500000530854,0.00046689999999216525,0.03030419999959122,0.041261800000029325,2024-02-14 09:15:00,2025-06-26 09:15:00,339 days 00:00:00,100000.0,100000.0,0.0,-32.229885,0.0,0.0,,,0.0,0.0,0.0,0.0,,,,,,,,,,inf,,inf,inf
CAPLIPOINT,Success,0.007572800000161806,0.00825040000017907,0.0005854999999428401,0.030507899999975052,0.047117899999648216,2014-06-23 09:15:00,2025-06-26 09:15:00,2723 days 00:00:00,100000.0,176017.090242,76.01709,5710.614525,100.0,2765.911949,33.471709,797 days 00:00:00,13.0,13.0,0.0,0.0,46.153846,42.909572,-26.648918,29.957875,-13.081374,26 days 20:00:00,40 days 17:08:34,1.781872,5847.46848,0.442745,0.23523,1.184204,0.743539
CAPTRUST,Success,0.004567400000269117,0.008413300000029267,0.0006512999998449231,0.031327199999395816,0.04515790000004927,2017-01-16 09:15:00,2025-06-26 09:15:00,2091 days 00:00:00,100000.0,60453.384424,-39.546616,-83.761053,100.0,863.781537,52.143955,1873 days 00:00:00,6.0,6.0,0.0,0.0,16.666667,31.484909,-18.303845,31.484909,-14.353179,45 days 00:00:00,27 days 00:00:00,0.298801,-6591.102596,-0.338188,-0.161295,0.82722,-0.574985
CARBORUNIV,Success,0.010575799999969604,0.00807379999969271,0.0007343999996010098,0.13164570000026288,0.15124639999976353,1995-02-24 09:15:00,2025-06-26 09:15:00,7304 days 00:00:00,100000.0,419654.284044,319.654284,15298.4,100.0,12486.157627,46.744972,3367 days 00:00:00,19.0,19.0,0.0,0.0,47.368421,58.053322,-21.148163,32.207953,-9.855013,78 days 18:39:59,14 days 02:24:00,1.856436,16823.909687,0.508158,0.158958,1.275754,0.808435
CARERATING,Success,0.008067299999311217,0.00838209999983519,0.0006112999999459134,0.03139590000046155,0.04866220000076282,2012-12-26 09:15:00,2025-06-26 09:15:00,3091 days 00:00:00,100000.0,104698.319144,4.698319,90.211915,100.0,2713.367103,45.058595,1973 days 00:00:00,12.0,12.0,0.0,0.0,33.333333,24.37549,-10.595091,21.057102,-8.567764,40 days 12:00:00,67 days 21:00:00,1.058332,391.526595,0.116451,0.012065,1.035952,0.183948
CARRARO,Success,0.0019518999997671926,0.007483899999897403,0.00045310000041354215,0.03006439999990107,0.04015149999941059,2024-12-30 09:15:00,2025-06-26 09:15:00,123 days 00:00:00,100000.0,105766.35663,5.766357,-31.868909,100.0,99.9001,1.611622,1 days 00:00:00,1.0,0.0,1.0,5766.35663,,,,,,,,,,1.772907,11.231082,4.573557,6.155944
CARTRADE,Success,0.00311390000024403,0.00846200000069075,0.0004946999997628154,0.031254900000021735,0.04353650000030029,2021-08-20 09:15:00,2025-06-26 09:15:00,956 days 00:00:00,100000.0,188953.048462,88.953048,5.25299,100.0,675.120655,23.305296,38 days 00:00:00,3.0,2.0,1.0,24176.592782,100.0,34.180295,22.856368,28.518331,,65 days 00:00:00,,inf,32388.22784,0.972783,1.180008,1.32232,1.490729
CARYSIL,Success,0.0031839999992371304,0.007864299999710056,0.0005136999998285319,0.029178099999626284,0.040934999999990396,2021-01-14 09:15:00,2025-06-26 09:15:00,1103 days 00:00:00,100000.0,93374.748312,-6.625252,329.522613,100.0,193.368316,10.028963,468 days 00:00:00,1.0,1.0,0.0,0.0,0.0,-6.631877,-6.631877,,-6.631877,,11 days 00:00:00,0.0,-6625.251688,-0.351265,-0.223639,0.578404,-0.381451
CASTROLIND,Success,0.008795300000201678,0.0076318999999784864,0.0006597000001420383,0.029859700000088196,0.047149500000159605,2007-08-16 09:15:00,2025-06-26 09:15:00,4408 days 00:00:00,100000.0,96756.93061,-3.243069,555.015267,100.0,2274.824877,29.489315,3119 days 00:00:00,10.0,10.0,0.0,0.0,30.0,17.282182,-8.413195,15.993822,-6.592052,32 days 08:00:00,23 days 03:25:42,0.939688,-324.306939,0.008977,-0.009245,1.005479,0.013363
CCCL,Success,0.007756300000437477,0.008412299999690731,0.0005940000000919099,0.03138250000029075,0.048343499999646156,2007-10-15 09:15:00,2025-06-26 09:15:00,3619 days 00:00:00,100000.0,39287.256629,-60.712743,-87.829819,100.0,893.216451,61.165351,1234 days 00:00:00,7.0,7.0,0.0,0.0,0.0,-10.087779,-18.158783,,-12.466915,,12 days 17:08:34,0.0,-8673.249053,-0.774804,-0.147018,0.518533,-0.987854
CCHHL,Success,0.004830200000469631,0.00836040000012872,0.000527700000020559,0.03004380000038509,0.04395870000007562,2015-02-03 09:15:00,2025-06-26 09:15:00,2574 days 00:00:00,100000.0,57356.60435,-42.643396,10.387097,100.0,614.587564,49.246059,1971 days 00:00:00,4.0,4.0,0.0,0.0,0.0,-11.870102,-15.110104,,-12.978383,,29 days 12:00:00,0.0,-10660.848912,-0.67443,-0.153919,0.639294,-0.956123
CCL,Success,0.009370999999191554,0.008118499999909545,0.0007049999994706013,0.03254300000025978,0.0509397000005265,2004-06-07 09:15:00,2025-06-26 09:15:00,5154 days 00:00:00,100000.0,150009.666533,50.009667,12687.78626,100.0,4615.933272,40.548935,2503 days 00:00:00,14.0,14.0,0.0,0.0,35.714286,35.340972,-11.97964,29.755568,-9.434184,72 days 09:36:00,45 days 00:00:00,1.329617,3572.119038,0.246665,0.071853,1.099295,0.385305
CDSL,Success,0.0046044000000620144,0.008273800000097253,0.0005381999999372056,0.03053040000031615,0.04413899999963178,2017-06-30 09:15:00,2025-06-26 09:15:00,1980 days 00:00:00,100000.0,163973.898251,63.973898,1235.473955,100.0,1330.980824,20.698143,229 days 00:00:00,5.0,5.0,0.0,0.0,60.0,32.935939,-6.378729,23.367514,-6.266643,35 days 16:00:00,43 days 00:00:00,4.713537,12794.77965,0.739201,0.461149,1.413459,1.257731
CEATLTD,Success,0.010825500000464672,0.008239199999479752,0.000760699999773351,0.03233579999960057,0.05239320000055159,1994-11-03 09:15:00,2025-06-26 09:15:00,7510 days 00:00:00,100000.0,117130.43765,17.130438,2711.908526,100.0,4658.771986,32.458167,2607 days 00:00:00,18.0,17.0,1.0,123.872433,29.411765,39.371353,-18.098403,32.527149,-9.758647,37 days 09:36:00,15 days 10:00:00,1.105545,1000.386189,0.123505,0.023767,1.085887,0.208896
CEIGALL,Success,0.0022822000000815024,0.008980699999483477,0.00047029999950609636,0.030491499999698135,0.042420400000082736,2024-08-08 09:15:00,2025-06-26 09:15:00,220 days 00:00:00,100000.0,100000.0,0.0,-34.575307,0.0,0.0,,,0.0,0.0,0.0,0.0,,,,,,,,,,inf,,inf,inf
CELEBRITY,Success,0.008784300000115763,0.008211600000322505,0.000754400000005262,0.032164600000214705,0.05012689999966824,2006-01-12 09:15:00,2025-06-26 09:15:00,4495 days 00:00:00,100000.0,359587.528038,259.587528,-93.835736,100.0,1976.579236,40.801834,902 days 00:00:00,5.0,5.0,0.0,0.0,80.0,50.104341,-19.252066,45.403481,-19.252066,65 days 06:00:00,34 days 00:00:00,7.606625,51917.505608,0.625262,0.2684,1.407133,1.155165
CELLO,Success,0.0023339999997915584,0.008104200000161654,0.0005091000002721557,0.030213900000489957,0.04136390000076062,2023-11-06 09:15:00,2025-06-26 09:15:00,408 days 00:00:00,100000.0,92279.030559,-7.720969,-23.436909,100.0,192.271502,7.720969,268 days 00:00:00,1.0,1.0,0.0,0.0,0.0,-7.72869,-7.72869,,-7.72869,,4 days 00:00:00,0.0,-7720.969441,-1.296618,-0.898356,0.168517,-1.348186
CENTENKA,Success,0.010620000000017171,0.008819799999400857,0.0008655999999973574,0.03168129999994562,0.05218989999957557,1996-01-02 09:15:00,2025-06-26 09:15:00,7227 days 00:00:00,100000.0,156536.924415,56.536924,152.718204,100.0,3708.439756,51.221652,3765 days 00:00:00,14.0,14.0,0.0,0.0,35.714286,45.253819,-13.43413,30.304687,-9.050635,44 days 00:00:00,30 days 16:00:00,1.497538,4038.351744,0.238941,0.044689,1.144051,0.371749
CENTEXT,Success,0.009505899999567191,0.009033600000293518,0.0007320999993680744,0.030482600000141247,0.049952200000007,2004-07-20 09:15:00,2025-06-26 09:15:00,5002 days 00:00:00,100000.0,236316.840755,136.316841,1704.807478,100.0,3282.407232,47.266775,2119 days 00:00:00,8.0,8.0,0.0,0.0,50.0,62.745757,-20.087771,46.161668,-14.758016,69 days 12:00:00,22 days 00:00:00,1.981653,17039.605094,0.398936,0.137022,1.249728,0.727256
CENTRALBK,Success,0.008836599999995087,0.008959499999946274,0.0006427999996958533,0.03317189999961556,0.05182039999999688,2007-08-21 09:15:00,2025-06-26 09:15:00,4411 days 00:00:00,100000.0,66505.383443,-33.494617,-60.503002,100.0,1897.919124,55.949359,3606 days 00:00:00,11.0,11.0,0.0,0.0,18.181818,36.759528,-13.80879,32.441156,-10.189645,112 days 12:00:00,25 days 00:00:00,0.593071,-3044.965142,-0.148594,-0.059319,0.931164,-0.207628
CENTRUM,Success,0.0044993999999860534,0.00796379999974306,0.0005471999993460486,0.03087599999980739,0.044099699999605946,2018-04-04 09:15:00,2025-06-26 09:15:00,1792 days 00:00:00,100000.0,75592.020547,-24.407979,-48.589745,100.0,350.806879,25.044145,731 days 00:00:00,2.0,2.0,0.0,0.0,0.0,-12.392923,-13.740629,,-13.066776,,42 days 12:00:00,0.0,-12203.989726,-0.493354,-0.221212,0.715219,-0.710685
CENTUM,Success,0.008915499999602616,0.007902500000454893,0.0006074000002627145,0.030983800000285555,0.04861319999963598,2007-10-05 09:15:00,2025-06-26 09:15:00,4120 days 00:00:00,100000.0,89040.634248,-10.959366,1026.712491,100.0,1836.228201,41.141969,2782 days 00:00:00,9.0,9.0,0.0,0.0,33.333333,32.000187,-17.536228,28.966939,-13.574876,15 days 08:00:00,61 days 08:00:00,0.876212,-1217.707306,0.060887,-0.024867,1.030001,0.091514
CENTURYPLY,Success,0.009010599999783153,0.009025900000779075,0.0008108000001811888,0.032182900000407244,0.05123120000007475,2006-03-23 09:15:00,2025-06-26 09:15:00,4755 days 00:00:00,100000.0,111084.030596,11.084031,3600.525209,100.0,2293.761552,39.232452,2282 days 00:00:00,11.0,11.0,0.0,0.0,36.363636,34.277435,-16.39552,25.156368,-10.590778,34 days 00:00:00,43 days 00:00:00,1.136137,1007.639145,0.12894,0.02065,1.066945,0.189723
CERA,Success,0.00913230000060139,0.008553300000130548,0.0006630999996559694,0.034932800000206043,0.05350629999975354,2007-11-02 09:15:00,2025-06-26 09:15:00,4261 days 00:00:00,100000.0,129696.256265,29.696256,8936.30137,100.0,2897.397324,21.889333,994 days 00:00:00,11.0,11.0,0.0,0.0,36.363636,25.288046,-12.171001,23.958378,-8.177175,60 days 06:00:00,24 days 17:08:34,1.375541,2699.65966,0.255013,0.102899,1.124254,0.394375
CESC,Success,0.011477499999273277,0.008569000000534288,0.00078269999994518,0.03220280000005005,0.05323140000018611,1994-11-03 09:15:00,2025-06-26 09:15:00,7528 days 00:00:00,100000.0,106784.611041,6.784611,652.629575,100.0,3678.313013,64.349922,6987 days 00:00:00,25.0,25.0,0.0,0.0,32.0,44.958631,-17.96216,27.522052,-10.261168,51 days 03:00:00,15 days 14:07:03,1.050802,271.384442,0.096631,0.004954,1.0495,0.14931
CEWATER,Success,0.002045900000666734,0.007996299999831535,0.00043899999946006574,0.02892599999995582,0.039594900000338384,2024-12-27 09:15:00,2025-06-26 09:15:00,124 days 00:00:00,100000.0,105797.390331,5.79739,-29.50671,100.0,99.9001,1.169591,1 days 00:00:00,1.0,0.0,1.0,5797.390331,,,,,,,,,,2.224453,15.427457,5.900997,8.408528
CGCL,Success,0.00754159999996773,0.008994900000288908,0.0006847000004199799,0.03084800000033283,0.04829109999991488,2013-08-13 09:15:00,2025-06-26 09:15:00,2903 days 00:00:00,100000.0,92299.099538,-7.7009,2677.236002,100.0,1875.632409,41.741088,2245 days 00:00:00,11.0,11.0,0.0,0.0,36.363636,30.448157,-16.563608,24.908324,-12.883108,44 days 00:00:00,34 days 03:25:42,0.905645,-700.08186,0.054819,-0.024017,1.024691,0.098399
CGPOWER,Success,0.009039900000061607,0.008159900000464404,0.0006640000001425506,0.031572899999446236,0.04963620000035007,2006-11-02 09:15:00,2025-06-26 09:15:00,4609 days 00:00:00,100000.0,141865.208405,41.865208,1938.733408,100.0,1823.76533,38.00964,2157 days 00:00:00,9.0,9.0,0.0,0.0,44.444444,33.242706,-11.709664,24.488311,-9.897228,36 days 00:00:00,29 days 04:48:00,1.82409,4651.689823,0.305797,0.07388,1.186603,0.463602
CHALET,Success,0.00421840000035445,0.00788289999945846,0.000541700000212586,0.03156739999940328,0.044414200000574056,2019-02-07 09:15:00,2025-06-26 09:15:00,1581 days 00:00:00,100000.0,137679.562764,37.679563,214.175512,100.0,820.78487,27.06473,255 days 00:00:00,4.0,4.0,0.0,0.0,50.0,40.969135,-8.946705,29.198568,-8.790313,51 days 12:00:00,23 days 00:00:00,3.243879,9419.890691,0.517271,0.28308,1.279176,0.917284
CHAMBLFERT,Success,0.00999740000042948,0.008654100000057952,0.0007053999997879146,0.031230300000061106,0.05079530000057275,1999-01-01 09:15:00,2025-06-26 09:15:00,6222 days 00:00:00,100000.0,249659.255337,149.659255,4549.166667,100.0,5158.498777,30.095664,950 days 00:00:00,15.0,15.0,0.0,0.0,46.666667,42.943368,-12.421028,27.242462,-8.989345,63 days 06:51:25,18 days 21:00:00,2.199919,9977.283689,0.454548,0.183211,1.241285,0.730709
CHEMBOND,Success,0.0043087000003652065,0.009087299999919196,0.0005043999999543303,0.031686700000136625,0.04577849999986938,2019-11-20 09:15:00,2025-06-26 09:15:00,1393 days 00:00:00,100000.0,69606.409746,-30.39359,80.121982,100.0,501.887123,34.160544,923 days 00:00:00,3.0,3.0,0.0,0.0,0.0,-10.058877,-12.843808,,-11.380349,,24 days 00:00:00,0.0,-10131.196751,-0.688506,-0.265124,0.657425,-1.012743
CHEMCON,Success,0.0031336000001829234,0.00813689999995404,0.0006039999998392886,0.03276740000001155,0.044850899999801186,2020-10-01 09:15:00,2025-06-26 09:15:00,1175 days 00:00:00,100000.0,75474.944548,-24.525055,-65.249657,100.0,518.232606,24.525055,960 days 00:00:00,3.0,3.0,0.0,0.0,0.0,-7.904221,-10.565359,,-8.954164,,20 days 00:00:00,0.0,-8175.018484,-0.970502,-0.341256,0.554424,-1.29278
CHEMFAB,Success,0.004898799999864423,0.008371199999601231,0.0005580999995800084,0.031102699999792094,0.04514579999977286,2018-04-25 09:15:00,2025-06-26 09:15:00,1777 days 00:00:00,100000.0,142438.500423,42.4385,201.777499,100.0,900.504418,35.217662,580 days 00:00:00,4.0,4.0,0.0,0.0,50.0,46.832764,-12.494576,36.659994,-12.414502,46 days 12:00:00,45 days 12:00:00,2.495028,10609.625106,0.503685,0.213994,1.247607,0.79789
CHEMPLASTS,Success,0.0027936000005865935,0.008151500000167289,0.0004982999998901505,0.02932020000025659,0.04096600000048056,2021-08-24 09:15:00,2025-06-26 09:15:00,954 days 00:00:00,100000.0,82144.15456,-17.855845,-20.332335,100.0,363.889967,21.24544,348 days 00:00:00,2.0,2.0,0.0,0.0,0.0,-9.127466,-9.623763,,-9.375615,,32 days 00:00:00,0.0,-8927.92272,-0.681976,-0.341218,0.665786,-0.862083
CHENNPETRO,Success,0.00972040000033303,0.009563800000250922,0.0008507000002282439,0.03234340000017255,0.052681500000289816,2000-08-09 09:15:00,2025-06-26 09:15:00,6164 days 00:00:00,100000.0,166032.407738,66.032408,1938.087963,100.0,4236.073249,54.065555,2660 days 00:00:00,17.0,16.0,1.0,9961.046992,37.5,37.921763,-20.724027,30.629595,-10.770871,47 days 12:00:00,33 days 16:48:00,1.395062,3504.460047,0.257834,0.056372,1.129364,0.414657
CHEVIOT,Success,0.003129100000478502,0.008420099999966624,0.000525999999808846,0.032093199999508215,0.04436139999961597,2022-06-20 09:15:00,2025-06-26 09:15:00,750 days 00:00:00,100000.0,100000.0,0.0,-4.732983,0.0,0.0,,,0.0,0.0,0.0,0.0,,,,,,,,,,inf,,inf,inf
CHOICEIN,Success,0.00268560000040452,0.007905999999820779,0.000491100000544975,0.031035099999826343,0.04231030000028113,2022-04-08 09:15:00,2025-06-26 09:15:00,798 days 00:00:00,100000.0,107999.116111,7.999116,849.775934,100.0,438.613748,7.660365,108 days 00:00:00,2.0,2.0,0.0,0.0,50.0,15.3184,-6.340927,15.3184,-6.340927,45 days 00:00:00,7 days 00:00:00,2.095172,3999.558056,0.613056,0.467661,1.391135,0.956157
CHOLAFIN,Success,0.00819240000055288,0.008304100000714243,0.0006614000003537512,0.03182040000046982,0.0491957000003822,2010-06-22 09:15:00,2025-06-26 09:15:00,3717 days 00:00:00,100000.0,85111.448811,-14.888551,5663.372707,100.0,1223.31035,35.88042,3599 days 00:00:00,8.0,7.0,1.0,7797.010391,14.285714,28.920406,-12.270854,28.920406,-8.15169,115 days 00:00:00,27 days 00:00:00,0.466829,-3240.794511,-0.049075,-0.043772,0.977391,-0.068662
CHOLAHLDNG,Success,0.00466729999970994,0.00890010000057373,0.000551899999663874,0.029771200000141107,0.04412219999994704,2017-09-25 09:15:00,2025-06-26 09:15:00,1921 days 00:00:00,100000.0,161376.255251,61.376255,246.925627,100.0,879.187341,11.932637,397 days 00:00:00,3.0,3.0,0.0,0.0,66.666667,33.109322,-8.211881,32.622384,-8.211881,62 days 12:00:00,4 days 00:00:00,5.255763,20458.75175,1.010263,0.797752,1.684643,1.735948
CIEINDIA,Success,0.009110899999541289,0.008471000000099593,0.0006412999991880497,0.03389049999987037,0.05231090000052063,2007-08-30 09:15:00,2025-06-26 09:15:00,4350 days 00:00:00,100000.0,156966.027476,56.966027,100.0,100.0,2919.479815,24.389256,631 days 00:00:00,10.0,10.0,0.0,0.0,40.0,42.484572,-21.811297,32.519619,-10.397947,57 days 00:00:00,8 days 00:00:00,1.616513,5696.602748,0.309415,0.158084,1.209169,0.560468
CIGNITITEC,Success,0.005317299999660463,0.008991599999717437,0.0005534000001716777,0.033338999999614316,0.04840810000041529,2014-10-13 09:15:00,2025-06-26 09:15:00,2649 days 00:00:00,100000.0,64148.722173,-35.851278,266.566351,100.0,1028.840563,44.749259,2438 days 00:00:00,7.0,7.0,0.0,0.0,14.285714,19.644071,-11.041867,19.644071,-9.868147,92 days 00:00:00,14 days 16:00:00,0.241835,-5121.611118,-0.570856,-0.132605,0.738947,-0.769886
CINELINE,Success,0.005739599999287748,0.008610200000475743,0.0007149000002755201,0.03227280000010069,0.04754330000014306,2013-08-23 09:15:00,2025-06-26 09:15:00,2902 days 00:00:00,100000.0,258234.58658,158.234587,1187.338129,100.0,4497.703011,65.175837,1853 days 00:00:00,10.0,10.0,0.0,0.0,50.0,57.129689,-19.882033,40.699498,-13.756966,37 days 00:00:00,91 days 19:12:00,1.875137,15823.458658,0.581632,0.194449,1.196075,1.006652
CINEVISTA,Success,0.009918099999595142,0.009669799999755924,0.0006817000003138673,0.03185620000022027,0.0523416999994879,2000-05-03 09:15:00,2025-06-26 09:15:00,5558 days 00:00:00,100000.0,13039.853076,-86.960147,-93.832483,100.0,1059.258947,90.794221,4387 days 00:00:00,13.0,13.0,0.0,0.0,23.076923,52.579025,-80.420299,44.311178,-21.864034,29 days 08:00:00,18 days 04:48:00,0.372221,-6689.242071,-0.223655,-0.137916,0.814564,-0.260333
CIPLA,Success,0.012037200000122539,0.008919099999729951,0.0007625999996889732,0.03201160000025993,0.05392719999963447,1999-01-01 09:15:00,2025-06-26 09:15:00,6543 days 00:00:00,100000.0,139512.135542,39.512136,6350.485842,100.0,4049.496452,35.21455,3579 days 00:00:00,18.0,18.0,0.0,0.0,33.333333,29.565837,-11.568371,20.992173,-6.461645,54 days 00:00:00,41 days 14:00:00,1.453095,2195.118641,0.213104,0.053242,1.090212,0.32279
CLEAN,Success,0.006241299999601324,0.013009099999180762,0.0006364999999277643,0.030231699999603734,0.050317899999754445,2021-07-19 09:15:00,2025-06-26 09:15:00,978 days 00:00:00,100000.0,72479.930443,-27.52007,-7.074594,100.0,676.829853,28.870842,840 days 00:00:00,4.0,4.0,0.0,0.0,0.0,-6.659989,-9.66824,,-7.731823,,18 days 18:00:00,0.0,-6880.017389,-1.131169,-0.392048,0.564551,-1.32627
CLEDUCATE,Success,0.004727700000330515,0.00809549999939918,0.0005498999998962972,0.028506900000138558,0.04208169999947131,2017-03-31 09:15:00,2025-06-26 09:15:00,2041 days 00:00:00,100000.0,99464.489114,-0.535511,-14.930113,100.0,1354.231502,41.215373,842 days 00:00:00,7.0,7.0,0.0,0.0,28.571429,42.588493,-13.90892,34.643103,-11.225567,19 days 12:00:00,12 days 19:12:00,0.990785,-76.501555,0.062657,-0.002329,1.03996,0.10153
CLSEL,Success,0.00296269999944343,0.008238499999606574,0.0004996999996365048,0.029305499999281892,0.04142269999920245,2021-05-12 09:15:00,2025-06-26 09:15:00,1025 days 00:00:00,100000.0,84848.821778,-15.151178,169.883268,100.0,763.681626,33.414394,334 days 00:00:00,4.0,4.0,0.0,0.0,25.0,26.440541,-14.917924,26.440541,-12.434538,75 days 00:00:00,60 days 08:00:00,0.597352,-3787.794555,-0.12185,-0.17007,0.963625,-0.18847
CMSINFO,Success,0.0027194000003873953,0.008542499999748543,0.00046829999973851955,0.0328655000002982,0.04479380000066158,2021-12-31 09:15:00,2025-06-26 09:15:00,865 days 00:00:00,100000.0,113418.112052,13.418112,106.633081,100.0,457.482415,15.831478,177 days 00:00:00,2.0,2.0,0.0,0.0,50.0,22.047239,-7.060597,22.047239,-7.060597,184 days 00:00:00,32 days 00:00:00,2.558958,6709.056026,0.389651,0.344673,1.120868,0.536803
COALINDIA,Success,0.008322399999997288,0.008734699999877193,0.0006129000003056717,0.03172480000012001,0.049595799999224255,2010-11-04 09:15:00,2025-06-26 09:15:00,3621 days 00:00:00,100000.0,178373.589529,78.37359,15.063498,100.0,2807.997013,20.64054,2512 days 00:00:00,13.0,13.0,0.0,0.0,46.153846,23.895857,-8.002306,18.507007,-6.029146,48 days 08:00:00,14 days 20:34:17,2.868436,6028.737656,0.57977,0.291027,1.286407,0.986121
COASTCORP,Success,0.0029971000003570225,0.008104999999886786,0.0004883999999947264,0.029553299999861338,0.04134960000010324,2021-10-08 09:15:00,2025-06-26 09:15:00,922 days 00:00:00,100000.0,63533.29589,-36.466704,-32.09881,100.0,470.735756,43.825913,799 days 00:00:00,3.0,3.0,0.0,0.0,0.0,-11.670528,-18.454081,,-13.987649,,30 days 00:00:00,0.0,-12155.568037,-0.778098,-0.375059,0.707823,-1.071391
COCHINSHIP,Success,0.004516700000749552,0.00893290000021807,0.0005313999999998487,0.029857300000003306,0.044035900000380934,2017-08-11 09:15:00,2025-06-26 09:15:00,1950 days 00:00:00,100000.0,165769.06684,65.769067,691.896212,100.0,707.332795,12.664481,1477 days 00:00:00,3.0,3.0,0.0,0.0,66.666667,32.206055,-4.925912,32.073296,-4.925912,19 days 00:00:00,23 days 00:00:00,14.365005,21923.02228,0.974728,0.78349,2.69016,3.1126
COFFEEDAY,Success,0.00448699999924429,0.008009799999854295,0.0006465999995270977,0.031114399999751186,0.04445150000083231,2015-11-02 09:15:00,2025-06-26 09:15:00,2053 days 00:00:00,100000.0,132864.275791,32.864276,-86.071363,100.0,232.897373,9.460838,21 days 00:00:00,1.0,1.0,0.0,0.0,100.0,32.89714,32.89714,32.89714,,36 days 00:00:00,,inf,32864.275791,0.599311,0.54771,2.541691,2.214828
COFORGE,Success,0.008854500000779808,0.008220100000471575,0.0006691999997201492,0.12853670000004058,0.14649129999997967,2004-08-30 09:15:00,2025-06-26 09:15:00,5149 days 00:00:00,100000.0,91897.703662,-8.102296,10814.587078,100.0,2686.810945,56.317829,4213 days 00:00:00,13.0,13.0,0.0,0.0,30.769231,31.98114,-13.708987,24.317403,-10.003628,39 days 06:00:00,30 days 18:40:00,0.917586,-623.253564,0.037936,-0.010604,1.018833,0.057994
COLPAL,Success,0.009165499999653548,0.008251100000052247,0.000692200000230514,0.03096659999937401,0.04929589999937889,2007-12-17 09:15:00,2025-06-26 09:15:00,4327 days 00:00:00,100000.0,192152.787195,92.152787,1124.272063,100.0,5152.55648,17.001485,1823 days 00:00:00,15.0,15.0,0.0,0.0,46.666667,27.599484,-11.058025,17.681643,-5.815818,60 days 06:51:25,20 days 21:00:00,2.122177,6143.519146,0.604452,0.333143,1.261524,0.995907
COMPUSOFT,Success,0.007773100000122213,0.009223600000041188,0.0005840000003445311,0.03082520000043587,0.048599900000226626,2012-03-02 09:15:00,2025-06-26 09:15:00,3292 days 00:00:00,100000.0,125462.602692,25.462603,70.230769,100.0,834.233021,34.731018,836 days 00:00:00,4.0,4.0,0.0,0.0,50.0,41.792801,-16.047366,33.379437,-15.848708,42 days 12:00:00,19 days 12:00:00,1.731555,6365.650673,0.251225,0.073334,1.20551,0.394524
COMSYN,Success,0.0022735000002285233,0.008059900000262132,0.00044489999982033623,0.02923370000007708,0.04020049999962794,2024-01-23 09:15:00,2025-06-26 09:15:00,353 days 00:00:00,100000.0,100000.0,0.0,61.570254,0.0,0.0,,,0.0,0.0,0.0,0.0,,,,,,,,,,inf,,inf,inf
CONCOR,Success,0.010095999999975902,0.007941400000163412,0.0007109999996828265,0.030946400000175345,0.04990280000038183,1999-01-05 09:15:00,2025-06-26 09:15:00,6203 days 00:00:00,100000.0,99212.663354,-0.787337,2974.169408,100.0,5566.170861,65.980711,5234 days 00:00:00,21.0,21.0,0.0,0.0,28.571429,30.671591,-16.357168,24.486486,-8.341535,44 days 00:00:00,33 days 09:36:00,0.99576,-37.492221,0.068418,-0.000705,1.030142,0.096966
CONCORDBIO,Success,0.0023506999996243394,0.007211500000266824,0.00047790000007807976,0.02918539999973291,0.03942349999942962,2023-08-18 09:15:00,2025-06-26 09:15:00,461 days 00:00:00,100000.0,101824.292936,1.824293,90.77217,100.0,610.83939,22.746567,92 days 00:00:00,3.0,3.0,0.0,0.0,33.333333,24.28953,-10.152109,24.28953,-9.485719,24 days 00:00:00,12 days 00:00:00,1.089853,608.097645,0.175276,0.06338,1.080267,0.223166
CONFIPET,Success,0.004132999999455933,0.007896300000538758,0.000495000000228174,0.0295310999999856,0.04224419999991369,2019-06-13 09:15:00,2025-06-26 09:15:00,1498 days 00:00:00,100000.0,112698.107802,12.698108,40.583749,100.0,999.868508,25.315103,624 days 00:00:00,5.0,5.0,0.0,0.0,40.0,30.572601,-12.80146,27.137878,-11.29765,13 days 12:00:00,29 days 16:00:00,1.357542,2539.62156,0.249121,0.116752,1.144867,0.440059
CONSOFINVT,Success,0.008888399999705143,0.008423100000072736,0.0006235999999262276,0.029630600000018603,0.04775900000004185,2005-03-29 09:15:00,2025-06-26 09:15:00,4698 days 00:00:00,100000.0,52124.676776,-47.875323,324.41208,100.0,1240.437742,64.380739,4006 days 00:00:00,11.0,11.0,0.0,0.0,18.181818,40.733035,-22.253788,35.384609,-12.935804,31 days 12:00:00,39 days 10:40:00,0.38151,-4352.302111,-0.282844,-0.076668,0.873644,-0.397493
CONTROLPR,Success,0.004688199999691278,0.007664599999770871,0.0005646999998134561,0.0303051000000778,0.04341109999950277,2016-06-24 09:15:00,2025-06-26 09:15:00,2230 days 00:00:00,100000.0,175759.642482,75.759642,171.154185,100.0,1204.706591,23.640687,1019 days 00:00:00,5.0,5.0,0.0,0.0,60.0,35.190971,-12.606096,31.044712,-11.520558,93 days 00:00:00,16 days 00:00:00,3.796018,15151.928496,0.597897,0.409039,1.278538,0.958622
CORALFINAC,Success,0.004348399999798858,0.007623299999977462,0.0006147000003693393,0.03037939999921946,0.04316279999966355,2017-03-29 09:15:00,2025-06-26 09:15:00,2041 days 00:00:00,100000.0,115217.762519,15.217763,29.410112,100.0,382.250325,23.569331,756 days 00:00:00,2.0,2.0,0.0,0.0,50.0,38.009302,-16.50801,38.009302,-16.50801,17 days 00:00:00,3 days 00:00:00,1.922763,7608.881259,0.272727,0.108854,1.536775,0.672229
CORDSCABLE,Success,0.008238700000219978,0.008036499999434454,0.0006090999995649327,0.03004979999968782,0.047132300000157556,2008-02-13 09:15:00,2025-06-26 09:15:00,4189 days 00:00:00,100000.0,234452.720436,134.45272,47.687343,100.0,3258.388044,50.799052,2125 days 00:00:00,13.0,13.0,0.0,0.0,46.153846,48.563802,-17.861395,37.448709,-13.873901,48 days 20:00:00,20 days 10:17:08,2.141569,10342.516957,0.41182,0.151716,1.218665,0.758771
COROMANDEL,Success,0.008278100000097766,0.008648299999549636,0.0005997999996907311,0.030020299999705458,0.0477379000003566,2009-10-12 09:15:00,2025-06-26 09:15:00,3886 days 00:00:00,100000.0,122118.924921,22.118925,2030.0,100.0,3329.913159,37.549915,1832 days 00:00:00,12.0,12.0,0.0,0.0,33.333333,34.725722,-12.150028,23.933698,-7.80096,56 days 00:00:00,18 days 00:00:00,1.239008,1843.243743,0.209126,0.050456,1.094213,0.317482
COSMOFIRST,Success,0.010412699999506003,0.007843599999432627,0.000704799999766692,0.031443299999409646,0.0506018000005497,1999-01-01 09:15:00,2025-06-26 09:15:00,6525 days 00:00:00,100000.0,651007.210142,551.00721,35172.727273,100.0,13798.074435,54.28041,2329 days 00:00:00,21.0,21.0,0.0,0.0,47.619048,63.774577,-19.437642,41.723939,-13.176118,69 days 19:12:00,32 days 02:10:54,2.163344,26238.438578,0.559079,0.203537,1.256215,1.002336
COUNCODOS,Success,0.005428699999356468,0.007970399999976507,0.000557200000002922,0.03025069999966945,0.04439619999993738,2012-08-31 09:15:00,2025-06-26 09:15:00,2953 days 00:00:00,100000.0,180499.559017,80.499559,464.0,100.0,2207.607426,29.881744,1440 days 00:00:00,9.0,8.0,1.0,-14470.882632,50.0,47.604296,-15.085015,37.416513,-13.897085,20 days 00:00:00,7 days 18:00:00,2.34382,11871.305206,0.516042,0.253416,1.380652,0.948092
CPCAP,Success,0.010315000000446162,0.008495899999616086,0.000649399999929301,0.02996019999955024,0.04961340000045311,2011-11-16 09:15:00,2025-06-26 09:15:00,3365 days 00:00:00,100000.0,74771.692919,-25.228307,-1.639747,100.0,1260.402383,42.319012,2698 days 00:00:00,8.0,8.0,0.0,0.0,25.0,30.796195,-20.163187,28.590451,-12.288262,65 days 12:00:00,22 days 08:00:00,0.59979,-3153.538385,-0.108857,-0.073356,0.943028,-0.153622
CRAFTSMAN,Success,0.0033206999996764353,0.00844390000020212,0.0004778000002261251,0.029161999999814725,0.04159799999979441,2021-03-25 09:15:00,2025-06-26 09:15:00,1055 days 00:00:00,100000.0,91602.035387,-8.397965,281.16467,100.0,856.165043,25.238743,892 days 00:00:00,4.0,4.0,0.0,0.0,25.0,22.548604,-10.565328,22.548604,-9.240772,29 days 00:00:00,10 days 00:00:00,0.728433,-2099.491153,-0.26071,-0.118435,0.827451,-0.396457
CREATIVE,Success,0.004151899999669695,0.008062900000368245,0.0005049000001235981,0.03139439999995375,0.04434270000001561,2019-08-05 09:15:00,2025-06-26 09:15:00,1456 days 00:00:00,100000.0,119204.239358,19.204239,931.019248,100.0,1278.520203,38.184218,804 days 00:00:00,6.0,6.0,0.0,0.0,33.333333,47.346751,-13.446858,38.096225,-10.967201,26 days 12:00:00,46 days 00:00:00,1.390683,3200.70656,0.303263,0.117907,1.10708,0.491571
CREATIVEYE,Success,0.008732600000257662,0.008240499999374151,0.0006217000000106054,0.030574200000046403,0.04836390000036772,2000-12-20 09:15:00,2025-06-26 09:15:00,4696 days 00:00:00,100000.0,97910.144066,-2.089856,-84.27457,100.0,2063.131303,51.429755,4404 days 00:00:00,12.0,12.0,0.0,0.0,33.333333,58.292553,-28.890836,39.346016,-15.106629,52 days 06:00:00,21 days 18:00:00,0.981033,-174.154661,0.107613,-0.003189,1.056183,0.175533
CREDITACC,Success,0.00456430000031105,0.008046899999499146,0.0007204000003184774,0.03214680000019143,0.04568329999983689,2018-08-23 09:15:00,2025-06-26 09:15:00,1694 days 00:00:00,100000.0,123316.985439,23.316985,181.151529,100.0,860.585097,22.235859,1312 days 00:00:00,4.0,4.0,0.0,0.0,50.0,32.871868,-18.075378,27.192267,-12.416765,23 days 12:00:00,1 days 12:00:00,1.800745,5829.24636,0.4646,0.207747,1.527709,0.624048
CREST,Success,0.005522999999811873,0.009508899999673304,0.0006425000001399894,0.032032000000072,0.047901899999487796,2014-10-31 09:15:00,2025-06-26 09:15:00,2582 days 00:00:00,100000.0,77295.727293,-22.704273,753.779442,100.0,795.122432,38.378848,1838 days 00:00:00,5.0,5.0,0.0,0.0,20.0,43.18193,-20.132795,43.18193,-14.219725,18 days 00:00:00,12 days 18:00:00,0.539345,-4540.854541,-0.330343,-0.093152,0.777941,-0.458753
CRISIL,Success,0.011300199999823235,0.009675199999946926,0.0007420000001729932,0.03611449999971228,0.05803800000012416,1999-01-01 09:15:00,2025-06-26 09:15:00,6506 days 00:00:00,100000.0,295351.595657,195.351596,13477.625571,100.0,4426.653725,24.885568,1238 days 00:00:00,13.0,13.0,0.0,0.0,53.846154,34.04321,-15.074057,25.572442,-7.976727,118 days 10:17:08,12 days 04:00:00,3.589116,15027.04582,0.493608,0.25172,1.219739,0.8018
CROMPTON,Success,0.0049566000006961985,0.009895000000142318,0.0011598000000958564,0.03178179999940767,0.04799220000040805,2016-05-13 09:15:00,2025-06-26 09:15:00,2260 days 00:00:00,100000.0,83078.929686,-16.92107,164.119601,100.0,1107.650484,25.971757,1064 days 00:00:00,6.0,6.0,0.0,0.0,16.666667,18.325877,-8.196938,18.325877,-6.827574,44 days 00:00:00,10 days 19:12:00,0.482136,-2820.178386,-0.286668,-0.113569,0.822992,-0.409538
CROWN,Success,0.0030314000005091657,0.008825800000522577,0.00047479999921051785,0.02912099999957718,0.04164849999961007,2016-09-27 09:15:00,2025-06-26 09:15:00,1060 days 00:00:00,100000.0,104450.21912,4.450219,74.220183,100.0,450.533606,25.049664,226 days 00:00:00,2.0,2.0,0.0,0.0,50.0,23.062282,-15.123315,23.062282,-15.123315,33 days 00:00:00,35 days 00:00:00,1.2394,2225.10956,0.179276,0.060303,1.085099,0.260453
CSBBANK,Success,0.0032657000001563574,0.008629400000245369,0.0005195000003368477,0.030554700000720914,0.043161399999917194,2019-12-04 09:15:00,2025-06-26 09:15:00,1383 days 00:00:00,100000.0,122527.605884,22.527606,31.04483,100.0,876.402522,11.595837,493 days 00:00:00,4.0,4.0,0.0,0.0,50.0,23.257559,-9.483949,20.127842,-7.800462,41 days 00:00:00,4 days 12:00:00,2.291032,5631.901471,0.659578,0.475024,1.428245,1.109971
CSLFINANCE,Success,0.0024911999998948886,0.008392400000047928,0.0006646000001637731,0.03216789999987668,0.04390479999983654,2022-07-21 09:15:00,2025-06-26 09:15:00,727 days 00:00:00,100000.0,100000.0,0.0,45.357461,0.0,0.0,,,0.0,0.0,0.0,0.0,,,,,,,,,,inf,,inf,inf
CTE,Success,0.008408899999267305,0.008653699999740638,0.0009146000002147048,0.03358219999972789,0.051845699999830686,2007-02-07 09:15:00,2025-06-26 09:15:00,4311 days 00:00:00,100000.0,71903.450562,-28.096549,-55.500496,100.0,1844.03101,55.885807,2327 days 00:00:00,10.0,10.0,0.0,0.0,20.0,48.14324,-18.095503,43.593878,-12.248546,44 days 12:00:00,25 days 09:00:00,0.698359,-2809.654944,-0.112885,-0.04928,0.942269,-0.18017
CUB,Success,0.010732099999586353,0.008517899999787915,0.0009762999998201849,0.03267420000065613,0.05316489999950136,1999-01-01 09:15:00,2025-06-26 09:15:00,6490 days 00:00:00,100000.0,58294.034018,-41.705966,19985.344846,100.0,2196.471571,57.486684,5642 days 00:00:00,18.0,18.0,0.0,0.0,22.222222,34.494867,-18.720514,25.551303,-9.725389,60 days 00:00:00,23 days 03:25:42,0.54973,-2316.99811,-0.158768,-0.052004,0.915043,-0.210164
CUBEXTUB,Success,0.00803619999987859,0.009546500000396918,0.0006605000007766648,0.03794850000031147,0.056397099999230704,1999-01-01 09:15:00,2025-06-26 09:15:00,3817 days 00:00:00,100000.0,491268.056455,391.268056,6961.333333,100.0,7510.0163,46.230097,1130 days 00:00:00,14.0,14.0,0.0,0.0,57.142857,51.701357,-38.357256,40.449413,-16.156607,37 days 12:00:00,11 days 08:00:00,2.514585,27947.718318,0.686594,0.355642,1.412562,1.058193
CUMMINSIND,Success,0.013212599999860686,0.0104194000005009,0.0008481999993819045,0.03656150000006164,0.06126719999974739,1994-11-03 09:15:00,2025-06-26 09:15:00,7441 days 00:00:00,100000.0,93538.145807,-6.461854,7146.827866,100.0,2749.241255,55.470065,6272 days 00:00:00,19.0,19.0,0.0,0.0,31.578947,32.555453,-12.273354,20.432475,-8.624699,28 days 04:00:00,34 days 16:36:55,0.923072,-340.097589,0.03223,-0.005898,1.016042,0.048455
CUPID,Success,0.0052208999995855265,0.00913349999973434,0.0005392000002757413,0.03416250000009313,0.049350000000231375,2016-09-16 09:15:00,2025-06-26 09:15:00,2174 days 00:00:00,100000.0,144171.763499,44.171763,709.212156,100.0,1197.172897,31.346798,1232 days 00:00:00,6.0,5.0,1.0,17708.243932,40.0,59.795528,-18.633126,43.928832,-14.775619,168 days 12:00:00,52 days 00:00:00,1.521308,5292.703913,0.359757,0.202084,1.124336,0.665765
CURAA,Skipped: Data rows 61 < 70,,,,,0.0019929999998566927,,,,,,,,,,,,,,,,,,,,,,,,,,,,
CYBERMEDIA,Success,0.007911900000181049,0.009106499999688822,0.0006008000000292668,0.03318860000035784,0.0510720999991463,2005-06-10 09:15:00,2025-06-26 09:15:00,3623 days 00:00:00,100000.0,37370.951644,-62.629048,-83.552197,100.0,761.592664,72.59347,2619 days 00:00:00,6.0,6.0,0.0,0.0,0.0,-11.603506,-21.443528,,-15.084807,,37 days 08:00:00,0.0,-10438.174726,-0.441355,-0.130044,0.772522,-0.650358
CYBERTECH,Success,0.010486899999705201,0.00993670000025304,0.0010255000006509363,0.0350202999998146,0.05667509999966569,1999-01-27 09:15:00,2025-06-26 09:15:00,6163 days 00:00:00,100000.0,203700.703813,103.700704,-9.444444,100.0,2535.383673,46.281331,3251 days 00:00:00,11.0,11.0,0.0,0.0,45.454545,70.463174,-22.366173,43.000522,-16.040227,43 days 09:36:00,25 days 00:00:00,1.969903,9427.33671,0.31229,0.092991,1.219631,0.554838
CYIENT,Success,0.00597970000035275,0.008929399999942689,0.0006407000000763219,0.030663800000183983,0.046418699999776436,2014-05-22 09:15:00,2025-06-26 09:15:00,2745 days 00:00:00,100000.0,94426.050849,-5.573949,352.892867,100.0,925.714627,18.350945,1448 days 00:00:00,5.0,5.0,0.0,0.0,20.0,25.394772,-7.761422,25.394772,-6.845571,3 days 00:00:00,24 days 18:00:00,0.787965,-1114.78983,-0.029469,-0.041399,0.971933,-0.059563
CYIENTDLM,Success,0.002370600000176637,0.007652399999642512,0.0004933000000164611,0.030370999999831838,0.041075500000260945,2023-07-10 09:15:00,2025-06-26 09:15:00,489 days 00:00:00,100000.0,100000.0,0.0,11.768899,0.0,0.0,,,0.0,0.0,0.0,0.0,,,,,,,,,,inf,,inf,inf
DABUR,Success,0.010803699999996752,0.009105400000407826,0.0007627999993928825,0.03756400000020221,0.058441099999981816,1999-01-01 09:15:00,2025-06-26 09:15:00,6542 days 00:00:00,100000.0,125401.480965,25.401481,6445.728945,100.0,3276.894941,51.347983,4346 days 00:00:00,15.0,15.0,0.0,0.0,40.0,34.040261,-20.314598,18.475814,-8.161021,78 days 08:00:00,91 days 10:40:00,1.310977,1693.432064,0.159935,0.024751,1.05655,0.228715
DALBHARAT,Success,0.009492999999565654,0.008764700000028824,0.0006706000003759982,0.034144400000514,0.05327130000023317,2004-09-15 09:15:00,2025-06-26 09:15:00,5083 days 00:00:00,100000.0,183998.921876,83.998922,2783.573642,100.0,2941.176494,33.865506,3792 days 00:00:00,11.0,11.0,0.0,0.0,45.454545,35.270015,-16.951715,27.332587,-9.325346,25 days 14:24:00,31 days 08:00:00,2.089598,7636.265625,0.448344,0.132165,1.285478,0.745289
DALMIASUG,Success,0.007693700000345416,0.00800749999962136,0.0006158999995022896,0.032848299999386654,0.0493599000001268,2010-10-08 09:15:00,2025-06-26 09:15:00,3639 days 00:00:00,100000.0,134988.433705,34.988434,624.889648,100.0,4347.583401,40.800255,957 days 00:00:00,14.0,13.0,1.0,-2674.561832,30.769231,62.611371,-13.70813,41.188112,-10.844766,33 days 00:00:00,29 days 08:00:00,1.219814,2897.153503,0.243879,0.074877,1.125488,0.418504
DAMCAPITAL,Success,0.001984200000151759,0.007542999999714084,0.00043399999958637636,0.03111170000011043,0.041268899999522546,2024-12-27 09:15:00,2025-06-26 09:15:00,124 days 00:00:00,100000.0,100000.0,0.0,-39.147193,0.0,0.0,,,0.0,0.0,0.0,0.0,,,,,,,,,,inf,,inf,inf
DAMODARIND,Success,0.004807500000424625,0.009787699999833421,0.0005547000000660773,0.03118389999963256,0.04653130000042438,2016-07-04 09:15:00,2025-06-26 09:15:00,2222 days 00:00:00,100000.0,124884.571931,24.884572,-2.054795,100.0,1172.587989,33.809396,790 days 00:00:00,5.0,5.0,0.0,0.0,40.0,45.881379,-18.962561,42.597919,-14.911586,48 days 00:00:00,38 days 00:00:00,1.424032,4976.914386,0.27487,0.109963,1.142616,0.445925
DANGEE,Success,0.002945000000181608,0.00869209999927989,0.0005194000004848931,0.032228699999905075,0.044897199999468285,2020-11-13 09:15:00,2025-06-26 09:15:00,1145 days 00:00:00,100000.0,137435.624642,37.435625,-41.032019,100.0,237.473298,7.445322,13 days 00:00:00,1.0,1.0,0.0,0.0,100.0,37.47306,37.47306,37.47306,,55 days 00:00:00,,inf,37435.624642,0.873851,1.432876,1.862045,1.981813
DATAMATICS,Success,0.010141700000531273,0.009118399999351823,0.0007473000005120412,0.03079840000009426,0.05104420000043319,2004-05-07 09:15:00,2025-06-26 09:15:00,5215 days 00:00:00,100000.0,52427.390161,-47.57261,281.456753,100.0,1616.414733,55.495836,4863 days 00:00:00,12.0,12.0,0.0,0.0,16.666667,45.357878,-19.809862,43.67499,-12.738885,29 days 00:00:00,28 days 12:00:00,0.492106,-3964.384153,-0.182284,-0.079627,0.899633,-0.290785
DATAPATTNS,Success,0.0028642000006584567,0.007729800000561227,0.0005046999995101942,0.03043969999998808,0.04173369999989518,2021-12-24 09:15:00,2025-06-26 09:15:00,870 days 00:00:00,100000.0,107161.095226,7.161095,279.139073,100.0,633.817428,11.828807,216 days 00:00:00,3.0,3.0,0.0,0.0,33.333333,32.35628,-11.815091,32.35628,-10.000685,31 days 00:00:00,17 days 12:00:00,1.317997,2387.031742,0.29376,0.248899,1.162436,0.509
DAVANGERE,Success,0.0021650999997291365,0.007459899999957997,0.00046180000026652124,0.02998180000031425,0.040267699999276374,2024-01-25 09:15:00,2025-06-26 09:15:00,352 days 00:00:00,100000.0,100000.0,0.0,-64.099841,0.0,0.0,,,0.0,0.0,0.0,0.0,,,,,,,,,,inf,,inf,inf
DBCORP,Success,0.00804969999990135,0.009424500000022817,0.0006186000000525382,0.030502500000693544,0.04884760000004462,2010-01-06 09:15:00,2025-06-26 09:15:00,3830 days 00:00:00,100000.0,62749.028768,-37.250971,2.632572,100.0,1838.0747,55.425134,2782 days 00:00:00,9.0,9.0,0.0,0.0,11.111111,32.851936,-15.786038,32.851936,-8.88119,166 days 00:00:00,20 days 12:00:00,0.468376,-4138.996804,-0.26363,-0.078377,0.880459,-0.394935
DBEIL,Success,0.002120899999681569,0.007907200000772718,0.0004179999996267725,0.03351500000007945,0.04417230000035488,2024-10-28 09:15:00,2025-06-26 09:15:00,165 days 00:00:00,100000.0,88102.000549,-11.897999,-9.69435,100.0,188.090291,15.098041,104 days 00:00:00,1.0,1.0,0.0,0.0,0.0,-11.909897,-11.909897,,-11.909897,,20 days 00:00:00,0.0,-11897.999451,-1.242743,-1.618639,0.618525,-1.777626
DBL,Success,0.004686900000706373,0.008898500000213971,0.0005308999998305808,0.030001099999935832,0.0443159000005835,2016-08-11 09:15:00,2025-06-26 09:15:00,2197 days 00:00:00,100000.0,141566.93347,41.566933,103.038729,100.0,1572.570389,23.539819,699 days 00:00:00,6.0,6.0,0.0,0.0,50.0,27.471336,-11.849851,25.236762,-10.294473,44 days 16:00:00,30 days 08:00:00,1.93044,6927.822245,0.406448,0.252547,1.221222,0.634322
DBOL,Success,0.003062000000682019,0.008082899999863002,0.0006640999999945052,0.03127010000025621,0.04327190000003611,2022-09-08 09:15:00,2025-06-26 09:15:00,695 days 00:00:00,100000.0,121446.214507,21.446215,-51.903632,100.0,221.467882,1.580914,3 days 00:00:00,1.0,1.0,0.0,0.0,100.0,21.467661,21.467661,21.467661,,17 days 00:00:00,,inf,21446.214507,1.756995,6.795514,7.529135,8.540357
DBREALTY,Success,0.007884200000262354,0.009119899999859626,0.0005891000000701752,0.0315454999999929,0.04933419999997568,2010-02-24 09:15:00,2025-06-26 09:15:00,3797 days 00:00:00,100000.0,128273.008628,28.273009,-48.998248,100.0,1889.974743,38.940259,2340 days 00:00:00,11.0,11.0,0.0,0.0,36.363636,42.850518,-15.674281,38.816339,-14.05219,13 days 18:00:00,12 days 17:08:34,1.319918,2570.273512,0.235248,0.062208,1.173861,0.412488
DBSTOCKBRO,Success,0.00735030000032566,0.00894730000072741,0.0006793000002289773,0.15407310000045982,0.1712611000002653,2012-02-29 09:15:00,2025-06-26 09:15:00,2918 days 00:00:00,100000.0,79295.968151,-20.704032,-66.509764,100.0,1097.501138,32.102493,1443 days 00:00:00,6.0,6.0,0.0,0.0,16.666667,39.653999,-16.589317,39.653999,-10.536739,7 days 00:00:00,40 days 09:36:00,0.590578,-3450.671975,-0.058713,-0.089092,0.97037,-0.081523
DCAL,Success,0.004933000000164611,0.0084114999999656,0.0005409000004874542,0.030925699999897915,0.04500259999986156,2017-09-21 09:15:00,2025-06-26 09:15:00,1923 days 00:00:00,100000.0,69900.076023,-30.099924,-30.166168,100.0,957.98707,42.926525,1814 days 00:00:00,6.0,6.0,0.0,0.0,16.666667,34.053735,-18.701869,34.053735,-12.150741,64 days 00:00:00,18 days 19:12:00,0.420265,-5016.653996,-0.345161,-0.153081,0.836542,-0.508753
DCBBANK,Success,0.00918180000007851,0.0083678000000873,0.0006785999994463054,0.03225289999954839,0.05082250000032218,2006-11-02 09:15:00,2025-06-26 09:15:00,4608 days 00:00:00,100000.0,43834.358632,-56.165641,203.150112,100.0,2113.448312,63.035765,3811 days 00:00:00,15.0,15.0,0.0,0.0,13.333333,31.026983,-15.26983,23.195746,-9.058974,39 days 00:00:00,8 days 22:09:13,0.379093,-3744.376091,-0.492678,-0.100325,0.699979,-0.654893
DCI,Success,0.004101999999875261,0.011524500000632543,0.0005866999999852851,0.031219399999827147,0.04775030000018887,2022-10-19 09:15:00,2025-06-26 09:15:00,667 days 00:00:00,100000.0,105774.235053,5.774235,344.393255,100.0,445.721729,11.83323,321 days 00:00:00,2.0,2.0,0.0,0.0,50.0,19.990608,-11.845064,19.990608,-11.845064,15 days 00:00:00,2 days 00:00:00,1.406739,2887.117526,0.383326,0.263632,1.364192,0.604642
DCM,Success,0.014840499999991152,0.008942000000388362,0.0007226999996419181,0.031202199999825098,0.05590230000052543,1999-01-01 09:15:00,2025-06-26 09:15:00,6029 days 00:00:00,100000.0,60312.584028,-39.687416,3826.131279,100.0,3467.305431,83.805671,5642 days 00:00:00,22.0,22.0,0.0,0.0,27.272727,127.906953,-29.454915,54.685375,-16.886707,84 days 20:00:00,38 days 06:00:00,0.849528,-1803.973453,0.056938,-0.035973,1.021359,0.089741
DCMFINSERV,Success,0.004393000000163738,0.0078089999997246196,0.0005324999992808443,0.02896729999974923,0.041895999999724154,2006-11-01 09:15:00,2025-06-26 09:15:00,2103 days 00:00:00,100000.0,71262.310562,-28.737689,158.518519,100.0,817.447172,53.130745,2028 days 00:00:00,6.0,6.0,0.0,0.0,16.666667,37.032509,-21.310369,37.032509,-12.129836,80 days 00:00:00,8 days 04:47:59,0.401074,-4789.614906,-0.392272,-0.107485,0.789553,-0.506102
DCMNVL,Success,0.0032087999998111627,0.007423199999720964,0.0005034999994677491,0.03126960000008694,0.042612799999915296,2019-07-16 09:15:00,2025-06-26 09:15:00,1475 days 00:00:00,100000.0,173350.708914,73.350709,240.670492,100.0,541.954655,11.639676,21 days 00:00:00,2.0,2.0,0.0,0.0,100.0,34.299292,29.139955,31.719623,,29 days 12:00:00,,inf,36675.354457,1.088059,1.252956,2.194108,2.25309
DCMSHRIRAM,Success,0.007537800000136485,0.013525300000765128,0.0010025999999925261,0.03493049999997311,0.05722869999954128,2014-03-13 09:15:00,2025-06-26 09:15:00,2789 days 00:00:00,100000.0,101706.823155,1.706823,1524.72973,100.0,689.919111,28.785888,993 days 00:00:00,3.0,3.0,0.0,0.0,33.333333,27.470832,-12.831724,27.470832,-10.650139,13 days 00:00:00,152 days 00:00:00,1.066319,568.941052,0.100634,0.007703,1.045798,0.15216
DCMSRIND,Success,0.002881800000068324,0.008081599999968603,0.0005301999999574036,0.0306548999997176,0.04234770000039134,2021-12-24 09:15:00,2025-06-26 09:15:00,870 days 00:00:00,100000.0,76955.204499,-23.044796,87.818788,100.0,352.42054,23.944531,256 days 00:00:00,2.0,2.0,0.0,0.0,0.0,-12.268242,-12.308074,,-12.288158,,49 days 00:00:00,0.0,-11522.397751,-0.699243,-0.434645,0.761798,-0.982881
DCW,Success,0.01183509999918897,0.00924849999955768,0.0007416999997076346,0.033136000000013155,0.05516489999990881,1999-01-01 09:15:00,2025-06-26 09:15:00,6515 days 00:00:00,100000.0,33676.450955,-66.323549,4386.592179,100.0,1278.678904,72.116105,6264 days 00:00:00,12.0,12.0,0.0,0.0,25.0,39.466312,-33.296672,34.388989,-19.271954,28 days 00:00:00,29 days 00:00:00,0.410188,-5526.96242,-0.199543,-0.082026,0.870662,-0.294004
DCXINDIA,Success,0.002896300000429619,0.00847890000022744,0.0005212999994910206,0.03477920000023005,0.04689070000040374,2022-11-11 09:15:00,2025-06-26 09:15:00,652 days 00:00:00,100000.0,116207.265131,16.207265,-10.487926,100.0,479.987568,12.720912,217 days 00:00:00,2.0,2.0,0.0,0.0,50.0,31.91369,-11.897181,31.91369,-11.897181,14 days 00:00:00,5 days 00:00:00,2.033986,8103.632565,0.742335,0.689603,1.908514,1.5118
DDEVPLSTIK,Success,0.0020304999998188578,0.008189900000616035,0.0004554999995889375,0.02897419999953854,0.039841400000113936,2025-01-15 09:15:00,2025-06-26 09:15:00,111 days 00:00:00,100000.0,100000.0,0.0,4.308521,0.0,0.0,,,0.0,0.0,0.0,0.0,,,,,,,,,,inf,,inf,inf
DECCANCE,Success,0.008366099999875587,0.007796699999744305,0.0006328999998004292,0.030931199999940873,0.04792949999955454,2007-08-02 09:15:00,2025-06-26 09:15:00,4227 days 00:00:00,100000.0,73025.014028,-26.974986,965.303704,100.0,2017.598088,53.520785,2144 days 00:00:00,12.0,12.0,0.0,0.0,16.666667,46.760379,-11.701553,38.798619,-9.21022,46 days 00:00:00,28 days 21:36:00,0.670009,-2247.915498,-0.111557,-0.050037,0.946183,-0.166473
DEEDEV,Success,0.002019799999288807,0.008155599999554397,0.00042579999990266515,0.031614400000762544,0.04241309999997611,2024-06-26 09:15:00,2025-06-26 09:15:00,250 days 00:00:00,100000.0,100000.0,0.0,-6.611598,0.0,0.0,,,0.0,0.0,0.0,0.0,,,,,,,,,,inf,,inf,inf
DEEPAKFERT,Success,0.010478999999577354,0.00849480000033509,0.0007919999998193816,0.03289949999998498,0.05286859999978333,1999-01-01 09:15:00,2025-06-26 09:15:00,6542 days 00:00:00,100000.0,111225.920415,11.22592,10274.900059,100.0,3580.697637,50.858065,4270 days 00:00:00,19.0,19.0,0.0,0.0,36.842105,36.244782,-19.937032,27.262209,-12.223962,58 days 17:08:34,22 days 06:00:00,1.076354,590.837917,0.11281,0.011706,1.051609,0.167451
DEEPAKNTR,Success,0.008120699999381031,0.008691600000020117,0.0006708999999318621,0.034315399999286456,0.05200839999997697,2010-09-29 09:15:00,2025-06-26 09:15:00,3520 days 00:00:00,100000.0,152061.095649,52.061096,11007.727016,100.0,3801.394529,30.917285,1097 days 00:00:00,15.0,15.0,0.0,0.0,40.0,28.821586,-14.921168,25.01151,-9.629969,40 days 08:00:00,25 days 16:00:00,1.46319,3470.73971,0.339538,0.143665,1.146093,0.526831
DEEPINDS,Success,0.003680799999528972,0.009418300000106683,0.0006071000007068506,0.035776499999883526,0.04968860000008135,2021-04-27 09:15:00,2025-06-26 09:15:00,1036 days 00:00:00,100000.0,73663.937513,-26.336062,2433.14621,100.0,1135.750915,45.257265,756 days 00:00:00,6.0,6.0,0.0,0.0,16.666667,45.144232,-19.421936,45.144232,-12.601634,27 days 00:00:00,40 days 09:36:00,0.595001,-4389.343748,-0.219247,-0.225582,0.929171,-0.357566
DELHIVERY,Success,0.0029508999996323837,0.00882739999997284,0.0005753000004915521,0.03220890000011423,0.044793099999878905,2022-05-24 09:15:00,2025-06-26 09:15:00,769 days 00:00:00,100000.0,79829.330849,-20.170669,-28.2558,100.0,537.761902,20.229868,412 days 00:00:00,3.0,3.0,0.0,0.0,0.0,-6.385622,-8.837438,,-7.234554,,22 days 08:00:00,0.0,-6723.556384,-1.035489,-0.501282,0.603093,-1.215574
DELPHIFX,Success,0.00817910000023403,0.010481999999683467,0.0007120999998733168,0.03380819999983942,0.05340169999999489,2011-07-12 09:15:00,2025-06-26 09:15:00,3128 days 00:00:00,100000.0,73577.057287,-26.422943,84.144248,100.0,1189.300793,45.558095,1169 days 00:00:00,6.0,6.0,0.0,0.0,16.666667,41.045997,-17.961979,41.045997,-12.159041,37 days 00:00:00,10 days 00:00:00,0.584166,-4403.823785,-0.17622,-0.0772,0.869501,-0.272115
DELTACORP,Success,0.009072099999684724,0.00929829999950016,0.0007200000000011642,0.03300699999999779,0.05230110000047716,2008-12-11 09:15:00,2025-06-26 09:15:00,4084 days 00:00:00,100000.0,85698.155416,-14.301845,279.157895,100.0,1316.555172,61.274544,3580 days 00:00:00,10.0,10.0,0.0,0.0,30.0,33.840501,-26.630083,27.698172,-11.641173,48 days 00:00:00,18 days 13:42:51,0.772961,-1430.184458,-0.010992,-0.022357,0.99419,-0.016071
DELTAMAGNT,Success,0.005542099999729544,0.00970809999944322,0.0006683000001430628,0.03339789999972709,0.04951970000001893,2008-12-22 09:15:00,2025-06-26 09:15:00,2792 days 00:00:00,100000.0,179531.540163,79.53154,887.244898,100.0,2067.570472,34.477541,704 days 00:00:00,8.0,8.0,0.0,0.0,50.0,45.099501,-18.247811,38.125816,-16.090697,23 days 18:00:00,30 days 00:00:00,1.906523,9941.44252,0.465177,0.230595,1.245599,0.79135
DEN,Success,0.008514400000422029,0.00976260000061302,0.0006970000004002941,0.032067499999357096,0.051300500000252214,2009-11-24 09:15:00,2025-06-26 09:15:00,3858 days 00:00:00,100000.0,80108.337241,-19.891663,-76.682985,100.0,2015.466727,37.636957,2701 days 00:00:00,11.0,11.0,0.0,0.0,27.272727,33.905112,-12.240421,24.921209,-10.469172,21 days 16:00:00,22 days 21:00:00,0.753471,-1808.332978,-0.088491,-0.055171,0.950426,-0.144633
DENORA,Success,0.009044100000210165,0.008433599999989383,0.0006375000002663,0.032682199999726436,0.05100640000000567,2007-08-21 09:15:00,2025-06-26 09:15:00,4135 days 00:00:00,100000.0,180712.972635,80.712973,692.009132,100.0,2204.778686,40.059252,1768 days 00:00:00,9.0,9.0,0.0,0.0,44.444444,55.121256,-14.370732,38.458446,-13.023394,82 days 00:00:00,20 days 14:24:00,1.986093,8968.108071,0.356339,0.133856,1.187113,0.62582
DENTA,Success,0.0019457999997030129,0.007999699999345466,0.0005060000003140885,0.030811800000265066,0.04147550000016054,2025-01-29 09:15:00,2025-06-26 09:15:00,101 days 00:00:00,100000.0,100000.0,0.0,-14.080586,0.0,0.0,,,0.0,0.0,0.0,0.0,,,,,,,,,,inf,,inf,inf
DEVIT,Success,0.0034122999995815917,0.008964399999968009,0.0005305000004227622,0.03515849999985221,0.048293899999407586,2017-04-17 09:15:00,2025-06-26 09:15:00,1455 days 00:00:00,100000.0,164524.36926,64.524369,329.603158,100.0,1447.02721,37.255578,641 days 00:00:00,6.0,6.0,0.0,0.0,50.0,40.837919,-13.670429,34.539547,-12.153071,51 days 16:00:00,30 days 16:00:00,2.402281,10754.061543,0.551772,0.357087,1.227598,0.843434
DEVYANI,Success,0.00325059999977384,0.008250500000031025,0.0005308999998305808,0.03133539999998902,0.04356589999952121,2021-08-16 09:15:00,2025-06-26 09:15:00,959 days 00:00:00,100000.0,75551.769884,-24.44823,39.165992,100.0,521.522161,24.44823,833 days 00:00:00,3.0,3.0,0.0,0.0,0.0,-7.263684,-10.255159,,-8.922188,,5 days 16:00:00,0.0,-8149.410039,-1.545671,-0.413968,0.17297,-1.585518
DGCONTENT,Success,0.0032047000004240545,0.008196900000257301,0.0005160999999134219,0.031111400000554568,0.04323260000001028,2019-06-18 09:15:00,2025-06-26 09:15:00,1451 days 00:00:00,100000.0,114110.16401,14.110164,195.657895,100.0,781.964008,35.552147,925 days 00:00:00,3.0,3.0,0.0,0.0,33.333333,54.299412,-15.945672,54.299412,-13.980082,50 days 00:00:00,30 days 12:00:00,1.351568,4703.388003,0.271658,0.094961,1.137389,0.402425
DHAMPURSUG,Success,0.011435599999458645,0.008855299999595445,0.0007771000000502681,0.03250759999991715,0.05377969999972265,1996-01-01 09:15:00,2025-06-26 09:15:00,7171 days 00:00:00,100000.0,67800.541437,-32.199459,215.984634,100.0,3890.887172,57.867821,4996 days 00:00:00,20.0,20.0,0.0,0.0,20.0,72.066161,-18.524185,49.994194,-11.622731,40 days 00:00:00,15 days 13:30:00,0.831931,-1609.972928,-0.023075,-0.033845,0.987018,-0.033428
DHANBANK,Success,0.009867599999779486,0.008876400000190188,0.0007068999993862235,0.031936299999870243,0.05166760000065551,2004-04-01 09:15:00,2025-06-26 09:15:00,4999 days 00:00:00,100000.0,47633.7308,-52.366269,51.689458,100.0,1457.015355,58.398304,4759 days 00:00:00,13.0,12.0,1.0,893.635924,16.666667,34.276315,-16.470393,31.890147,-12.2752,125 days 12:00:00,30 days 07:12:00,0.349352,-4438.325427,-0.264017,-0.090259,0.891832,-0.400045
DHANI,Success,0.009571900000082678,0.008262800000011339,0.0007980000000316068,0.03228709999984858,0.051121499999680964,2008-04-02 09:15:00,2025-06-26 09:15:00,4256 days 00:00:00,100000.0,61043.237084,-38.956763,-29.724424,100.0,1058.593527,62.652504,3279 days 00:00:00,8.0,8.0,0.0,0.0,12.5,39.279772,-13.469616,39.279772,-11.105985,72 days 00:00:00,19 days 00:00:00,0.306324,-4869.595364,-0.256749,-0.066154,0.835558,-0.400379
DHANUKA,Success,0.007660499999474268,0.008352900000318186,0.0006157999996503349,0.032107900000482914,0.04894960000001447,2011-06-29 09:15:00,2025-06-26 09:15:00,3459 days 00:00:00,100000.0,124103.758309,24.103758,1745.030819,100.0,1702.057935,23.935104,1156 days 00:00:00,9.0,9.0,0.0,0.0,44.444444,28.986111,-18.185217,21.721822,-10.615625,25 days 18:00:00,14 days 19:12:00,1.458229,2678.195368,0.251301,0.096297,1.187944,0.370222
DHARMAJ,Success,0.002624400000058813,0.008882400000402413,0.0005479000001287204,0.03176789999997709,0.04402699999991455,2022-12-08 09:15:00,2025-06-26 09:15:00,633 days 00:00:00,100000.0,100000.0,0.0,23.79272,0.0,0.0,,,0.0,0.0,0.0,0.0,,,,,,,,,,inf,,inf,inf
DHRUV,Success,0.0033823000003394554,0.008487999999488238,0.0005283999998937361,0.03357380000034027,0.04622029999973165,2021-11-25 09:15:00,2025-06-26 09:15:00,891 days 00:00:00,100000.0,60434.197985,-39.565802,-19.368684,100.0,612.381206,39.839371,783 days 00:00:00,4.0,4.0,0.0,0.0,0.0,-8.582461,-15.853019,,-11.802104,,22 days 00:00:00,0.0,-9891.450504,-1.130029,-0.467921,0.631531,-1.488394
DHUNINV,Success,0.00802049999947485,0.00859500000024127,0.000551100000848237,0.03299129999959405,0.05035709999992832,2011-03-30 09:15:00,2025-06-26 09:15:00,3199 days 00:00:00,100000.0,80002.949115,-19.997051,2090.331796,100.0,1447.014809,50.751302,1948 days 00:00:00,6.0,6.0,0.0,0.0,16.666667,62.509276,-15.855623,62.509276,-13.192507,399 days 00:00:00,19 days 04:48:00,0.757447,-3332.841814,-0.014448,-0.049525,0.993963,-0.021738
DIACABS,Success,0.002536800000598305,0.008196399999178539,0.0004896000000371714,0.031120699999519275,0.042555900000479596,2023-09-18 09:15:00,2025-06-26 09:15:00,439 days 00:00:00,100000.0,74297.258191,-25.702742,5405.579399,100.0,533.401212,25.702742,194 days 00:00:00,3.0,3.0,0.0,0.0,0.0,-4.772842,-11.911655,,-9.380313,,5 days 00:00:00,0.0,-8567.580603,-2.109822,-0.851551,0.210025,-2.242386
DIAMINESQ,Success,0.0023707000000285916,0.00829639999938081,0.0004487999995035352,0.030618099999628612,0.041937899999538786,2023-09-25 09:15:00,2025-06-26 09:15:00,436 days 00:00:00,100000.0,100000.0,0.0,-16.588039,0.0,0.0,,,0.0,0.0,0.0,0.0,,,,,,,,,,inf,,inf,inf
DIAMONDYD,Success,0.004588499999954365,0.008086599999842292,0.0005525000005945913,0.031138299999838637,0.04460949999975128,2017-10-05 09:15:00,2025-06-26 09:15:00,1914 days 00:00:00,100000.0,64881.531083,-35.118469,-12.353365,100.0,650.94755,35.118469,960 days 00:00:00,4.0,4.0,0.0,0.0,0.0,-6.886464,-13.001555,,-10.232861,,10 days 00:00:00,0.0,-8779.617229,-1.115148,-0.225485,0.294656,-1.242426
DICIND,Success,0.009405099999639788,0.008270199999969918,0.0006626999993386562,0.14592809999976453,0.1644676999994772,2004-09-06 09:15:00,2025-06-26 09:15:00,5098 days 00:00:00,100000.0,209357.209116,109.357209,389.390556,100.0,5245.018178,51.56734,2344 days 00:00:00,17.0,17.0,0.0,0.0,41.176471,39.303116,-16.532966,28.179433,-9.396633,75 days 10:17:08,43 days 16:48:00,1.708751,6432.777007,0.3715,0.105348,1.140504,0.575008
DIFFNKG,Success,0.0020796999997401144,0.008075299999291019,0.0004523999996308703,0.03705050000007759,0.047876499999802036,2024-10-04 09:15:00,2025-06-26 09:15:00,181 days 00:00:00,100000.0,100000.0,0.0,56.297682,0.0,0.0,,,0.0,0.0,0.0,0.0,,,,,,,,,,inf,,inf,inf
DIGIDRIVE,Success,0.002659000000676315,0.008543200000531215,0.00047850000009930227,0.03213609999966138,0.04401580000012473,2024-01-10 09:15:00,2025-06-26 09:15:00,363 days 00:00:00,100000.0,100000.0,0.0,-68.587399,0.0,0.0,,,0.0,0.0,0.0,0.0,,,,,,,,,,inf,,inf,inf
DIGISPICE,Success,0.007699200000388373,0.009613199999876088,0.0005991000007270486,0.030395700000553916,0.0485527999999249,2011-07-26 09:15:00,2025-06-26 09:15:00,3229 days 00:00:00,100000.0,144187.501635,44.187502,-79.615216,100.0,1357.570079,32.348313,1348 days 00:00:00,6.0,6.0,0.0,0.0,50.0,44.88002,-27.911185,40.824957,-19.492516,39 days 00:00:00,18 days 00:00:00,1.63459,7364.583606,0.321971,0.130557,1.215715,0.522158
DIGJAMLMTD,Success,0.0027450999996290193,0.007832000000234984,0.0004797000001417473,0.030098999999609077,0.04137119999995775,2021-10-18 09:15:00,2025-06-26 09:15:00,817 days 00:00:00,100000.0,100000.0,0.0,94.202899,0.0,0.0,,,0.0,0.0,0.0,0.0,,,,,,,,,,inf,,inf,inf
DIL,Success,0.0027283999997962383,0.007529499999691325,0.000488499999846681,0.031348000000434695,0.04233990000011545,2022-01-12 09:15:00,2025-06-26 09:15:00,805 days 00:00:00,100000.0,100000.0,0.0,-96.355865,0.0,0.0,,,0.0,0.0,0.0,0.0,,,,,,,,,,inf,,inf,inf
DISHTV,Success,0.009291000000303029,0.0094504999997298,0.0006966999999349355,0.03169350000007398,0.051330700000107754,2007-04-18 09:15:00,2025-06-26 09:15:00,4497 days 00:00:00,100000.0,56263.85585,-43.736144,-95.190244,100.0,1152.761816,52.298077,2204 days 00:00:00,7.0,7.0,0.0,0.0,14.285714,24.976138,-17.631011,24.976138,-12.418773,17 days 00:00:00,37 days 04:00:00,0.309123,-6248.020593,-0.344066,-0.087206,0.81596,-0.447044
DIVGIITTS,Success,0.0025892000003295834,0.008741700000427954,0.0004754999999931897,0.03011900000001333,0.042122099999687634,2023-03-14 09:15:00,2025-06-26 09:15:00,567 days 00:00:00,100000.0,80681.222902,-19.318777,-2.899869,100.0,357.266702,35.600638,396 days 00:00:00,2.0,2.0,0.0,0.0,0.0,-8.639215,-11.709477,,-10.174346,,87 days 12:00:00,0.0,-9659.388549,-0.526363,-0.362535,0.874183,-0.745119
DIVISLAB,Success,0.010211900000285823,0.008341900000232272,0.0006718000004184432,0.03387650000058784,0.05330760000015289,2003-03-12 09:15:00,2025-06-26 09:15:00,5517 days 00:00:00,100000.0,158804.046887,58.804047,74975.177305,100.0,4814.760391,33.098777,1510 days 00:00:00,17.0,17.0,0.0,0.0,35.294118,35.680385,-12.634656,25.380269,-7.689434,58 days 04:00:00,9 days 21:49:05,1.49007,3459.061582,0.294935,0.093875,1.161028,0.442899
DIXON,Success,0.005191599999307073,0.009197899999890069,0.0008772000001044944,0.03468090000023949,0.05015850000017963,2017-09-18 09:15:00,2025-06-26 09:15:00,1926 days 00:00:00,100000.0,201320.152235,101.320152,2375.316007,100.0,2125.459786,17.810943,166 days 00:00:00,7.0,7.0,0.0,0.0,57.142857,30.305601,-7.415038,24.765952,-5.887214,45 days 00:00:00,6 days 08:00:00,4.49095,14474.307462,1.035454,0.796143,1.621972,1.843549
DJML,Success,0.002768800000012561,0.009068200000001525,0.0005199999995966209,0.04450429999997141,0.057469899999887275,2022-12-05 09:15:00,2025-06-26 09:15:00,636 days 00:00:00,100000.0,106529.760091,6.52976,62.985725,100.0,447.68344,12.836673,111 days 00:00:00,2.0,2.0,0.0,0.0,50.0,20.593925,-11.65899,20.593925,-11.65899,46 days 00:00:00,8 days 00:00:00,1.464964,3264.880046,0.329545,0.287991,1.156475,0.493582
DLF,Success,0.01726209999924322,0.020469000000048254,0.0009228999997503706,0.04961210000055871,0.08847330000025977,2007-07-05 09:15:00,2025-06-26 09:15:00,4443 days 00:00:00,100000.0,84815.488604,-15.184511,48.666201,100.0,2294.57011,52.072359,3506 days 00:00:00,12.0,12.0,0.0,0.0,25.0,34.552598,-10.736453,24.090722,-8.559074,29 days 00:00:00,19 days 18:40:00,0.805103,-1265.37595,-0.056994,-0.025808,0.966565,-0.075069
DLINKINDIA,Success,0.01270100000056118,0.013534900000195194,0.001049800000146206,0.05668950000017503,0.08431350000046223,2009-12-18 09:15:00,2025-06-26 09:15:00,3840 days 00:00:00,100000.0,213880.44207,113.880442,1344.176784,100.0,2875.462026,30.161855,1006 days 00:00:00,9.0,9.0,0.0,0.0,55.555556,36.514896,-12.914653,28.720973,-11.695134,52 days 00:00:00,29 days 12:00:00,2.339975,12653.382452,0.449593,0.248453,1.2422,0.816794
DMART,Success,0.006238899999516434,0.017612100000405917,0.0013988000000608736,0.05842229999962001,0.0839059999998426,2017-03-21 09:15:00,2025-06-26 09:15:00,2049 days 00:00:00,100000.0,91380.508433,-8.619492,572.599772,100.0,1215.3752,42.036978,1707 days 00:00:00,8.0,7.0,1.0,5809.058688,28.571429,17.855387,-11.487058,13.950897,-7.962394,56 days 12:00:00,27 days 04:48:00,0.575697,-2061.221465,-0.067087,-0.037892,0.975361,-0.09686
DMCC,Success,0.0028292000006331364,0.010085199999593897,0.0005652999998346786,0.03582860000005894,0.04993280000053346,2021-12-01 09:15:00,2025-06-26 09:15:00,887 days 00:00:00,100000.0,87262.613676,-12.737386,-14.626576,100.0,187.250064,18.165795,106 days 00:00:00,1.0,1.0,0.0,0.0,0.0,-12.750124,-12.750124,,-12.750124,,9 days 00:00:00,0.0,-12737.386324,-0.807042,-0.300142,0.340752,-0.93755
DNAMEDIA,Success,0.005261199999949895,0.020229900000231282,0.001429400000233727,0.056685700000343786,0.08406060000015714,2017-12-11 09:15:00,2025-06-26 09:15:00,1833 days 00:00:00,100000.0,121767.32212,21.767322,-48.210526,100.0,399.437651,15.046913,119 days 00:00:00,2.0,2.0,0.0,0.0,50.0,37.125275,-11.187095,37.125275,-11.187095,14 days 00:00:00,3 days 00:00:00,2.947699,10883.66106,0.63301,0.265806,2.148093,1.14532
DODLA,Success,0.005232299999988754,0.013143000000127358,0.000869800000145915,0.05777050000051531,0.07745739999973011,2021-06-28 09:15:00,2025-06-26 09:15:00,993 days 00:00:00,100000.0,108182.018882,8.182019,137.088039,100.0,631.094203,18.997588,273 days 00:00:00,3.0,3.0,0.0,0.0,33.333333,29.86212,-9.441957,29.86212,-8.723676,65 days 00:00:00,41 days 00:00:00,1.424721,2727.339627,0.257375,0.154386,1.101101,0.444236
DOLATALGO,Success,0.007770900000650727,0.014758400000573602,0.0010029000004578847,0.05511999999998807,0.07906929999990098,2019-08-19 09:15:00,2025-06-26 09:15:00,1453 days 00:00:00,100000.0,101734.75288,1.734753,139.952539,100.0,536.073925,33.157972,1373 days 00:00:00,3.0,3.0,0.0,0.0,33.333333,33.808416,-16.555046,33.808416,-12.722416,31 days 00:00:00,28 days 12:00:00,1.07243,578.25096,0.100403,0.013058,1.054821,0.150601
DOLLAR,Success,0.008310399999572837,0.015435900000738911,0.0009437999997317092,0.05444749999969645,0.07955339999989519,2017-04-21 09:15:00,2025-06-26 09:15:00,2028 days 00:00:00,100000.0,86675.943745,-13.324056,38.925129,100.0,727.722099,28.192705,1011 days 00:00:00,4.0,4.0,0.0,0.0,25.0,29.783733,-16.072673,29.783733,-12.524285,38 days 00:00:00,22 days 00:00:00,0.633913,-3331.014064,-0.094609,-0.090122,0.940267,-0.138297
DOLPHIN,Success,0.003843600000436709,0.01622219999990193,0.0010724000003392575,0.05699370000002091,0.07855509999990318,2023-08-21 09:15:00,2025-06-26 09:15:00,459 days 00:00:00,100000.0,88229.47716,-11.770523,3456.574924,100.0,188.217895,19.86606,217 days 00:00:00,1.0,1.0,0.0,0.0,0.0,-11.782293,-11.782293,,-11.782293,,48 days 00:00:00,0.0,-11770.52284,-0.562054,-0.477121,0.797658,-0.766609
DOMS,Success,0.00409389999913401,0.01559720000022935,0.000874699999258155,0.06102830000054382,0.08199770000010176,2023-12-20 09:15:00,2025-06-26 09:15:00,377 days 00:00:00,100000.0,115500.469587,15.50047,87.790807,100.0,469.435091,20.250749,146 days 00:00:00,2.0,2.0,0.0,0.0,50.0,26.986285,-9.034638,26.986285,-9.034638,28 days 00:00:00,72 days 00:00:00,2.352707,7750.234794,0.658966,0.739326,1.190455,1.00869
DONEAR,Success,0.017015700000229117,0.0156805999995413,0.001141499999903317,0.06023549999918032,0.094538499999544,2006-12-20 09:15:00,2025-06-26 09:15:00,4362 days 00:00:00,100000.0,133283.584829,33.283585,-49.592357,100.0,1074.979022,43.989308,2329 days 00:00:00,5.0,5.0,0.0,0.0,40.0,56.016027,-17.597864,44.600765,-13.678542,167 days 00:00:00,35 days 08:00:00,1.723186,6656.716966,0.218283,0.055315,1.110911,0.345515
DPABHUSHAN,Success,0.007567399999970803,0.017110300000240386,0.0009372000004077563,0.05576960000053077,0.08187110000017128,2017-10-23 09:15:00,2025-06-26 09:15:00,1584 days 00:00:00,100000.0,139517.726003,39.517726,4278.27407,100.0,1490.009683,30.020508,733 days 00:00:00,7.0,7.0,0.0,0.0,42.857143,36.813627,-15.893581,34.087382,-12.705661,29 days 16:00:00,47 days 00:00:00,1.718857,5645.389429,0.461597,0.265682,1.169495,0.727313
DPSCLTD,Success,0.014089100000092003,0.017745700000887155,0.001214300000356161,0.05592089999936434,0.08936900000026071,2008-04-21 09:15:00,2025-06-26 09:15:00,4099 days 00:00:00,100000.0,163901.543867,63.901544,392.983292,100.0,3293.785957,32.482035,1144 days 00:00:00,10.0,10.0,0.0,0.0,40.0,50.507574,-14.688656,37.833522,-12.180097,12 days 12:00:00,27 days 12:00:00,1.473176,6390.154387,0.34117,0.138475,1.310851,0.684691
DPWIRES,Success,0.008142100000441133,0.01657809999960591,0.0009166999998342362,0.07399780000014289,0.10005079999973532,2020-01-17 09:15:00,2025-06-26 09:15:00,1350 days 00:00:00,100000.0,89620.92716,-10.379073,203.925344,100.0,189.610738,10.379073,892 days 00:00:00,1.0,1.0,0.0,0.0,0.0,-10.389452,-10.389452,,-10.389452,,3 days 00:00:00,0.0,-10379.07284,-0.946652,-0.281267,0.0,-0.945841
DRCSYSTEMS,Success,0.004436100000020815,0.014172899999721267,0.0010065000005852198,0.054257699999652687,0.0743333000000348,2021-03-10 09:15:00,2025-06-26 09:15:00,936 days 00:00:00,100000.0,80795.347338,-19.204653,328.254881,100.0,357.935623,23.082443,833 days 00:00:00,2.0,2.0,0.0,0.0,0.0,-8.796609,-11.431859,,-10.114234,,12 days 12:00:00,0.0,-9602.326331,-0.856259,-0.345695,0.473075,-1.060596
DREAMFOLKS,Success,0.004522200000792509,0.016090999999505584,0.0009233999999196385,0.05718720000004396,0.07919480000055046,2022-09-06 09:15:00,2025-06-26 09:15:00,697 days 00:00:00,100000.0,93205.911818,-6.794088,-50.281141,100.0,193.199311,10.655373,348 days 00:00:00,1.0,1.0,0.0,0.0,0.0,-6.800882,-6.800882,,-6.800882,,13 days 00:00:00,0.0,-6794.088182,-0.469464,-0.339496,0.647126,-0.663608
DREDGECORP,Success,0.01603869999962626,0.019341000000167696,0.0013878999998269137,0.058553199999551,0.09590560000015103,2004-01-15 09:15:00,2025-06-26 09:15:00,5304 days 00:00:00,100000.0,75653.732039,-24.346268,27.445455,100.0,1976.38442,48.753647,5001 days 00:00:00,14.0,14.0,0.0,0.0,28.571429,26.472538,-20.47532,23.649725,-10.590301,30 days 12:00:00,11 days 09:36:00,0.702821,-1739.01914,-0.096051,-0.039006,0.926044,-0.155689
DRREDDY,Success,0.021813100000144914,0.019244800000706164,0.001720000000204891,0.06019600000036007,0.10348920000069484,1994-11-03 09:15:00,2025-06-26 09:15:00,7581 days 00:00:00,100000.0,265448.084541,165.448085,6672.209619,100.0,11407.680128,33.009824,2177 days 00:00:00,30.0,30.0,0.0,0.0,40.0,40.221768,-10.762404,19.657765,-6.163313,33 days 04:00:00,23 days 20:00:00,1.831787,5514.936151,0.428572,0.145791,1.215963,0.640629
DSSL,Success,0.009074499999769614,0.015278000000762404,0.0011848999993162579,0.06070940000063274,0.08671840000079101,2011-11-30 09:15:00,2025-06-26 09:15:00,3030 days 00:00:00,100000.0,364759.948451,264.759948,13243.209877,100.0,5645.502808,47.118113,2176 days 00:00:00,16.0,16.0,0.0,0.0,43.75,60.617861,-20.187521,44.217135,-12.865955,28 days 03:25:42,15 days 08:00:00,2.381967,16547.496778,0.67104,0.358022,1.349941,1.20413
DTIL,Success,0.014006500000505184,0.01949880000029225,0.001335000000835862,0.06630700000005163,0.10175989999970625,2008-01-11 09:15:00,2025-06-26 09:15:00,3066 days 00:00:00,100000.0,143436.076548,43.436077,72.871972,100.0,1673.455166,30.46355,960 days 00:00:00,5.0,5.0,0.0,0.0,40.0,63.491689,-11.684345,44.867579,-11.417218,135 days 12:00:00,19 days 08:00:00,1.691233,8687.21531,0.315113,0.144035,1.175821,0.543417
DUCON,Success,0.010868000000300526,0.024487600000611565,0.0015930999998090556,0.06257219999952213,0.10004550000030576,2016-05-11 09:15:00,2025-06-26 09:15:00,2262 days 00:00:00,100000.0,124667.728048,24.667728,-53.705009,100.0,1236.481498,30.021051,439 days 00:00:00,5.0,5.0,0.0,0.0,40.0,43.955636,-16.873119,41.188061,-14.449239,33 days 00:00:00,5 days 08:00:00,1.425106,4933.54561,0.299978,0.120641,1.197507,0.462765
DVL,Success,0.011394099999961327,0.022678600000290317,0.0011650999995254097,0.06186260000049515,0.09762880000016594,2019-01-02 09:15:00,2025-06-26 09:15:00,1607 days 00:00:00,100000.0,85757.010315,-14.24299,214.862385,100.0,779.466063,24.66495,591 days 00:00:00,4.0,4.0,0.0,0.0,25.0,32.51573,-14.711922,32.51573,-13.49979,187 days 00:00:00,9 days 16:00:00,0.662118,-3560.747421,-0.120776,-0.139053,0.949871,-0.191012
DWARKESH,Success,0.021512699999220786,0.021048800000244228,0.0014170999993439182,0.05905509999956848,0.10363909999978205,2004-12-31 09:15:00,2025-06-26 09:15:00,5052 days 00:00:00,100000.0,871238.261856,771.238262,265.112782,100.0,9582.248943,29.964854,1288 days 00:00:00,13.0,13.0,0.0,0.0,61.538462,61.306721,-16.474721,42.536122,-12.074531,38 days 15:00:00,17 days 09:35:59,4.487227,59326.020143,0.922827,0.564974,1.637722,1.813584
DYCL,Success,0.00525270000071032,0.01705969999966328,0.0008754000000408269,0.0516405999997005,0.07528699999966193,2022-07-27 09:15:00,2025-06-26 09:15:00,723 days 00:00:00,100000.0,102477.156525,2.477157,596.522643,100.0,700.813022,21.483682,413 days 00:00:00,3.0,3.0,0.0,0.0,33.333333,30.547534,-13.643855,30.547534,-11.372889,28 days 00:00:00,8 days 12:00:00,1.088344,825.718842,0.157524,0.057858,1.097428,0.292109
DYNAMATECH,Success,0.015059999999721185,0.016641100000015285,0.0011873000003106426,0.0548188000002483,0.0881253999996261,2006-09-14 09:15:00,2025-06-26 09:15:00,4476 days 00:00:00,100000.0,174686.761453,74.686761,527.439182,100.0,2720.167923,34.732374,1391 days 00:00:00,10.0,10.0,0.0,0.0,50.0,40.917138,-15.518449,28.35749,-12.740611,33 days 00:00:00,69 days 14:23:59,1.809335,7468.676145,0.322807,0.133993,1.15618,0.543264
DYNPRO,Success,0.007475400000657828,0.01388039999983448,0.0009574999994583777,0.05802440000024944,0.08074480000050244,2017-07-19 09:15:00,2025-06-26 09:15:00,1967 days 00:00:00,100000.0,137931.122277,37.931122,116.89253,100.0,1095.444943,34.994433,836 days 00:00:00,5.0,5.0,0.0,0.0,40.0,39.66167,-11.328109,38.744245,-10.501783,68 days 00:00:00,64 days 08:00:00,2.090728,7586.224455,0.370494,0.175714,1.140599,0.624487
E2E,Success,0.004061199999341625,0.012734599999930651,0.001136400000177673,0.05316839999977674,0.07154140000056941,2022-04-12 09:15:00,2025-06-26 09:15:00,796 days 00:00:00,100000.0,122622.525028,22.622525,1723.335772,100.0,222.64537,0.1997,1 days 00:00:00,1.0,1.0,0.0,0.0,100.0,22.645148,22.645148,22.645148,,9 days 00:00:00,,inf,22622.525028,1.880243,49.087318,104.492768,70.080937
EASEMYTRIP,Success,0.004636499999833177,0.012874600000031933,0.0009036000001287903,0.06149569999979576,0.08030150000013236,2021-03-19 09:15:00,2025-06-26 09:15:00,1059 days 00:00:00,100000.0,119952.750466,19.95275,61.803791,100.0,401.860516,21.886873,123 days 00:00:00,2.0,2.0,0.0,0.0,50.0,31.929702,-9.065351,31.929702,-9.065351,130 days 00:00:00,18 days 00:00:00,3.203191,9976.375233,0.380219,0.295665,1.173605,0.690999
ECLERX,Success,0.014688400000522961,0.01664989999972022,0.0012637999998332816,0.06460199999946781,0.09760079999978188,2007-12-31 09:15:00,2025-06-26 09:15:00,4259 days 00:00:00,100000.0,319745.490567,219.745491,2244.213955,100.0,5139.500457,29.309948,1786 days 00:00:00,14.0,14.0,0.0,0.0,50.0,36.933943,-12.738564,28.732474,-8.14747,27 days 00:00:00,14 days 17:08:34,2.958663,15696.106469,0.753873,0.357371,1.577678,1.501253
ECOSMOBLTY,Success,0.003485000000182481,0.014954100000068138,0.0007852000007915194,0.05504090000067663,0.07465769999998884,2024-09-04 09:15:00,2025-06-26 09:15:00,202 days 00:00:00,100000.0,100000.0,0.0,-29.515965,0.0,0.0,,,0.0,0.0,0.0,0.0,,,,,,,,,,inf,,inf,inf
EDELWEISS,Success,0.013801299999613548,0.013233800000307383,0.0011121000006824033,0.05829059999996389,0.08685680000053253,2007-12-12 09:15:00,2025-06-26 09:15:00,4331 days 00:00:00,100000.0,106241.772005,6.241772,22.159565,100.0,4019.338784,47.875601,3626 days 00:00:00,14.0,14.0,0.0,0.0,28.571429,50.505296,-14.119768,36.672083,-11.048199,96 days 12:00:00,28 days 14:24:00,1.037396,445.840858,0.128025,0.010685,1.049017,0.196737
EICHERMOT,Success,0.01814269999977114,0.01555740000003425,0.001359700000648445,0.056696999999985565,0.09218460000010964,1999-01-01 09:15:00,2025-06-26 09:15:00,6537 days 00:00:00,100000.0,450152.602952,350.152603,459859.016393,100.0,10956.237712,33.738039,1409 days 00:00:00,22.0,22.0,0.0,0.0,50.0,35.193215,-12.724775,24.590654,-7.742254,64 days 00:00:00,21 days 10:54:32,2.786166,15916.027407,0.640846,0.259735,1.298641,1.112147
EIDPARRY,Success,0.01944039999943925,0.01732380000066769,0.0013791999999739346,0.06048720000035246,0.0991680000006454,1999-01-01 09:15:00,2025-06-26 09:15:00,6542 days 00:00:00,100000.0,402002.317318,302.002317,13609.482548,100.0,13442.692088,36.438585,2466 days 00:00:00,22.0,22.0,0.0,0.0,45.454545,45.709499,-17.863551,30.258792,-9.731536,59 days 14:24:00,33 days 22:00:00,1.772881,13727.37806,0.492596,0.221515,1.203232,0.762855
EIEL,Success,0.004244300000209478,0.0161443999995754,0.0008529999995516846,0.0569575999998051,0.07864840000002005,2024-11-29 09:15:00,2025-06-26 09:15:00,143 days 00:00:00,100000.0,100000.0,0.0,13.681364,0.0,0.0,,,0.0,0.0,0.0,0.0,,,,,,,,,,inf,,inf,inf
EIFFL,Success,0.008263200000328652,0.0160264999994979,0.0009804000001167879,0.0599926000004416,0.08580649999930756,2017-03-31 09:15:00,2025-06-26 09:15:00,1930 days 00:00:00,100000.0,46489.494513,-53.510505,139.988876,100.0,1009.682262,58.04831,1749 days 00:00:00,7.0,7.0,0.0,0.0,0.0,-6.584844,-14.507373,,-10.345742,,33 days 17:08:34,0.0,-7644.357927,-0.831474,-0.23231,0.681068,-0.98389
EIHAHOTELS,Success,0.01476860000002489,0.01807690000077855,0.0020512999999482417,0.0568900999996913,0.09235630000057427,2008-04-08 09:15:00,2025-06-26 09:15:00,4126 days 00:00:00,100000.0,384196.442903,284.196443,443.195263,100.0,2574.03092,24.202875,659 days 00:00:00,6.0,6.0,0.0,0.0,66.666667,56.012083,-9.409369,47.234378,-9.39548,86 days 06:00:00,38 days 12:00:00,7.768263,47366.073817,0.705967,0.522455,1.459144,1.457298
EIHOTEL,Success,0.019244699999944714,0.019202899999982037,0.001415199999428296,0.056424400000651076,0.09688579999965441,1999-01-01 09:15:00,2025-06-26 09:15:00,6541 days 00:00:00,100000.0,178704.96699,78.704967,1239.226423,100.0,3901.332493,42.108206,3208 days 00:00:00,16.0,16.0,0.0,0.0,43.75,39.18314,-23.767429,25.810792,-10.544783,52 days 03:25:42,24 days 16:00:00,1.649404,4919.060437,0.300696,0.078197,1.158384,0.478486
EIMCOELECO,Success,0.019035700000131328,0.017666100000496954,0.0014911999996911618,0.060354000000188535,0.09907250000014756,1999-01-05 09:15:00,2025-06-26 09:15:00,5745 days 00:00:00,100000.0,293613.466249,193.613466,2808.235294,100.0,6451.588594,33.95148,1471 days 00:00:00,17.0,17.0,0.0,0.0,47.058824,36.947603,-13.143652,29.590712,-10.388244,34 days 00:00:00,27 days 05:20:00,2.005622,11389.027426,0.445297,0.208613,1.237893,0.704631
EKC,Success,0.018107400000189955,0.01808470000014495,0.0013613999999506632,0.45809939999981,0.4962357999993401,2005-12-15 09:15:00,2025-06-26 09:15:00,4826 days 00:00:00,100000.0,360082.496092,260.082496,236.073285,100.0,2584.358267,30.246328,2236 days 00:00:00,8.0,8.0,0.0,0.0,62.5,57.194548,-11.499806,38.539483,-10.554935,65 days 04:48:00,28 days 16:00:00,8.500536,32510.312011,0.631443,0.336394,1.370715,1.12125
ELDEHSG,Success,0.008302800000819843,0.02141200000005483,0.001127700000324694,0.09510320000026695,0.12676720000035857,2022-04-12 09:15:00,2025-06-26 09:15:00,796 days 00:00:00,100000.0,143103.503564,43.103504,3.876623,100.0,243.14685,14.921216,162 days 00:00:00,1.0,1.0,0.0,0.0,100.0,43.146607,43.146607,43.146607,,191 days 00:00:00,,inf,43103.503564,0.830033,1.19706,1.332654,1.651315
ELECON,Success,0.03372839999974531,0.024298400000589027,0.0015142000002015266,0.06835030000002007,0.12846149999950285,2006-09-29 09:15:00,2025-06-26 09:15:00,4629 days 00:00:00,100000.0,118426.592302,18.426592,1673.935716,100.0,3252.005881,60.568047,3636 days 00:00:00,14.0,14.0,0.0,0.0,28.571429,51.171389,-14.24778,40.80507,-11.224437,52 days 06:00:00,16 days 02:24:00,1.13493,1316.185164,0.163875,0.022165,1.086628,0.23553
ELECTCAST,Success,0.02487589999964257,0.020871900000202004,0.001858399999946414,0.061728199999379285,0.10981129999981931,1995-05-15 09:15:00,2025-06-26 09:15:00,7279 days 00:00:00,100000.0,65128.414329,-34.871586,2092.64,100.0,3762.760528,62.550229,6233 days 00:00:00,19.0,19.0,0.0,0.0,21.052632,45.703336,-14.888408,35.704273,-10.34597,49 days 18:00:00,27 days 14:24:00,0.784544,-1835.346614,-0.038211,-0.034009,0.980332,-0.057565
ELECTHERM,Success,0.018063900000015565,0.01653080000050977,0.001405900000463589,0.06086109999978362,0.09746960000029503,2007-08-20 09:15:00,2025-06-26 09:15:00,4327 days 00:00:00,100000.0,124417.352104,24.417352,159.958678,100.0,2430.884407,52.246444,3411 days 00:00:00,12.0,11.0,1.0,21420.506993,36.363636,38.015639,-17.142622,26.0086,-11.79414,35 days 18:00:00,15 days 20:34:17,1.032616,272.440465,0.190863,0.0356,1.120458,0.303628
ELGIEQUIP,Success,0.022246099999392754,0.01583030000074359,0.0014572999998563319,0.05764309999995021,0.09758979999969597,1995-06-14 09:15:00,2025-06-26 09:15:00,7334 days 00:00:00,100000.0,106833.110087,6.83311,12301.885302,100.0,2946.979491,50.269064,6276 days 00:00:00,16.0,16.0,0.0,0.0,31.25,36.154165,-22.00132,29.673016,-10.418865,74 days 09:36:00,9 days 00:00:00,1.061526,427.06938,0.090678,0.006555,1.056925,0.139948
ELGIRUBCO,Success,0.014067299999624083,0.018850700000257348,0.0011631999996097875,0.052687999999761814,0.08722750000015367,2011-08-19 09:15:00,2025-06-26 09:15:00,3414 days 00:00:00,100000.0,106003.561357,6.003561,131.877395,100.0,1739.382121,41.629851,2441 days 00:00:00,9.0,9.0,0.0,0.0,33.333333,38.844758,-16.691344,30.800218,-11.518501,19 days 16:00:00,31 days 00:00:00,1.086145,667.062373,0.124573,0.01502,1.073416,0.186408
ELIN,Success,0.004621499999302614,0.01825020000069344,0.0009826999994402286,0.05174710000028426,0.0760219000003417,2022-12-30 09:15:00,2025-06-26 09:15:00,617 days 00:00:00,100000.0,78021.605712,-21.978394,-21.489125,100.0,354.938702,25.755029,406 days 00:00:00,2.0,2.0,0.0,0.0,0.0,-11.542171,-11.82127,,-11.68172,,23 days 00:00:00,0.0,-10989.197144,-1.303195,-0.530187,0.512257,-1.545288
EMAMILTD,Success,0.01605680000011489,0.01384429999961867,0.0011425000002418528,0.058370300000206043,0.0898352000003797,2006-08-03 09:15:00,2025-06-26 09:15:00,4668 days 00:00:00,100000.0,158396.091105,58.396091,1182.532635,100.0,3374.723483,34.164546,3064 days 00:00:00,16.0,16.0,0.0,0.0,43.75,29.886472,-13.939157,21.156294,-9.247335,55 days 06:51:25,25 days 00:00:00,1.66682,3649.755694,0.32372,0.107179,1.135682,0.505428
EMAMIPAP,Success,0.007310799999686424,0.015035100000204693,0.0009380999999848427,0.061813899999833666,0.08576460000040242,2019-05-30 09:15:00,2025-06-26 09:15:00,1507 days 00:00:00,100000.0,96424.266659,-3.575733,-37.677632,100.0,1199.799288,34.998784,779 days 00:00:00,5.0,5.0,0.0,0.0,20.0,48.390593,-12.307732,48.390593,-10.210657,58 days 00:00:00,25 days 18:00:00,0.931127,-715.146668,0.054003,-0.025088,1.030568,0.10232
EMAMIREAL,Success,0.014918099999704282,0.014819899999565678,0.0011319000004732516,0.053912299999865354,0.08529969999926834,2010-07-28 09:15:00,2025-06-26 09:15:00,3646 days 00:00:00,100000.0,99376.968458,-0.623032,11.832061,100.0,2315.576702,49.829196,1790 days 00:00:00,9.0,9.0,0.0,0.0,33.333333,40.356176,-18.238873,38.52411,-15.094195,34 days 16:00:00,33 days 08:00:00,0.995078,-69.225727,0.09451,-0.001255,1.050317,0.166964
EMBDL,Success,0.015219300000353542,0.01988340000025346,0.0016574000001128297,0.05858230000012554,0.09578069999952277,2007-03-23 09:15:00,2025-06-26 09:15:00,4512 days 00:00:00,100000.0,117331.649754,17.33165,-61.984031,100.0,1764.739132,71.530785,3885 days 00:00:00,10.0,10.0,0.0,0.0,30.0,49.500708,-18.353186,44.672298,-12.60182,71 days 08:00:00,49 days 13:42:51,1.205909,1733.164975,0.172236,0.018193,1.074142,0.255536
EMCURE,Success,0.006152799999654235,0.020256499999959487,0.001416300000528281,0.055658000000221364,0.08392480000020441,2024-07-10 09:15:00,2025-06-26 09:15:00,240 days 00:00:00,100000.0,91629.874313,-8.370126,-2.998197,100.0,191.621696,13.636004,170 days 00:00:00,1.0,1.0,0.0,0.0,0.0,-8.378496,-8.378496,,-8.378496,,27 days 00:00:00,0.0,-8370.125687,-0.7777,-0.912897,0.704522,-1.006991
EMIL,Success,0.00446399999964342,0.0134766999999556,0.0008720999994693557,0.05432639999980893,0.07352839999930438,2022-10-17 09:15:00,2025-06-26 09:15:00,669 days 00:00:00,100000.0,89431.996198,-10.568004,75.585799,100.0,189.421618,23.955281,258 days 00:00:00,1.0,1.0,0.0,0.0,0.0,-10.578572,-10.578572,,-10.578572,,99 days 00:00:00,0.0,-10568.003802,-0.250161,-0.246786,0.913178,-0.393033
EMKAY,Success,0.01531669999985752,0.014163199999529752,0.0010933000003205962,0.05892859999948996,0.09006779999981518,2006-04-28 09:15:00,2025-06-26 09:15:00,4540 days 00:00:00,100000.0,88155.498186,-11.844502,64.606947,100.0,1154.906859,44.318294,3532 days 00:00:00,7.0,7.0,0.0,0.0,28.571429,39.156087,-19.230063,35.615738,-13.545815,17 days 12:00:00,44 days 14:24:00,0.802648,-1692.071688,0.01034,-0.022754,1.006178,0.016188
EMMBI,Success,0.018186499999501393,0.019652800000585557,0.0012603999994098558,0.061830700000427896,0.10133910000058677,2010-02-24 09:15:00,2025-06-26 09:15:00,3794 days 00:00:00,100000.0,220002.851903,120.002852,280.313043,100.0,7483.508737,57.169746,1858 days 00:00:00,13.0,13.0,0.0,0.0,38.461538,55.985621,-15.980598,43.349265,-11.646717,43 days 09:36:00,28 days 09:00:00,1.418116,9230.988608,0.464115,0.137845,1.260821,0.900394
EMSLIMITED,Success,0.0044096000001445645,0.016547500000342552,0.0011053999996875064,0.06445690000055038,0.08693200000016077,2023-09-21 09:15:00,2025-06-26 09:15:00,438 days 00:00:00,100000.0,80750.126458,-19.249874,124.455171,100.0,362.414232,29.573906,129 days 00:00:00,2.0,2.0,0.0,0.0,0.0,-9.167662,-11.119876,,-10.143769,,38 days 00:00:00,0.0,-9624.936771,-0.566749,-0.551853,0.83018,-0.829457
EMUDHRA,Success,0.004653199999665958,0.015326799999456853,0.0009018000000651227,0.056452799999533454,0.07805199999984325,2022-06-01 09:15:00,2025-06-26 09:15:00,763 days 00:00:00,100000.0,90127.027857,-9.872972,195.67663,100.0,190.117345,16.914027,658 days 00:00:00,1.0,1.0,0.0,0.0,0.0,-9.882845,-9.882845,,-9.882845,,83 days 00:00:00,0.0,-9872.972143,-0.340197,-0.286809,0.859897,-0.497457
ENDURANCE,Success,0.008162199999787845,0.013792800000373973,0.0009534999999232241,0.0593734999993103,0.08288070000071457,2016-10-19 09:15:00,2025-06-26 09:15:00,2153 days 00:00:00,100000.0,102326.59304,2.326593,306.631615,100.0,1212.519417,24.064887,880 days 00:00:00,6.0,6.0,0.0,0.0,33.333333,26.001597,-11.170668,23.251598,-9.385517,47 days 00:00:00,44 days 12:00:00,1.059139,387.765507,0.092084,0.016234,1.038116,0.145253
ENERGYDEV,Success,0.014672499999505817,0.019978599999376456,0.001363100000162376,0.06079719999979716,0.09720709999965038,2007-11-02 09:15:00,2025-06-26 09:15:00,4319 days 00:00:00,100000.0,64902.656221,-35.097344,-87.932559,100.0,1445.185147,45.544499,1874 days 00:00:00,8.0,8.0,0.0,0.0,25.0,29.897102,-17.137798,28.890315,-14.487891,45 days 12:00:00,19 days 04:00:00,0.57459,-4387.167972,-0.180678,-0.078765,0.891595,-0.283671
ENGINERSIN,Success,0.017129599999861966,0.01454329999978654,0.001411299999745097,0.05615089999992051,0.08965039999930013,1999-01-29 09:15:00,2025-06-26 09:15:00,6422 days 00:00:00,100000.0,60617.870045,-39.38213,2334.098752,100.0,2499.341536,50.667379,4157 days 00:00:00,14.0,14.0,0.0,0.0,21.428571,25.4757,-16.963806,23.597812,-9.757773,27 days 08:00:00,31 days 08:43:38,0.595963,-2813.009283,-0.180925,-0.055361,0.901156,-0.254298
ENIL,Success,0.01387330000034126,0.014557399999830523,0.001198599999952421,0.05430549999982759,0.08446610000009969,2006-02-15 09:15:00,2025-06-26 09:15:00,4784 days 00:00:00,100000.0,316329.098842,216.329099,-43.989424,100.0,4808.28828,23.2845,1323 days 00:00:00,10.0,10.0,0.0,0.0,60.0,55.286674,-15.494147,31.223463,-10.759364,155 days 04:00:00,26 days 18:00:00,2.731067,21632.909884,0.499402,0.394421,1.176322,0.832647
ENTERO,Success,0.003855699999803619,0.013871300000573683,0.0008211000003939262,0.05398520000017015,0.07296429999951215,2024-02-16 09:15:00,2025-06-26 09:15:00,337 days 00:00:00,100000.0,100000.0,0.0,-2.718455,0.0,0.0,,,0.0,0.0,0.0,0.0,,,,,,,,,,inf,,inf,inf
EPACK,Success,0.0039666000002398505,0.014687900000353693,0.0008109000000331434,0.05192449999958626,0.07184760000018287,2024-01-30 09:15:00,2025-06-26 09:15:00,350 days 00:00:00,100000.0,152007.347237,52.007347,63.872824,100.0,854.581534,12.548081,103 days 00:00:00,3.0,3.0,0.0,0.0,66.666667,36.425929,-12.560629,31.94792,-12.560629,20 days 00:00:00,11 days 00:00:00,3.384472,17335.782412,1.798212,4.364016,1.777579,3.161765
EPIGRAL,Success,0.005621900000733149,0.015166799999860814,0.0009512000005997834,0.05290140000033716,0.07508510000025126,2021-08-18 09:15:00,2025-06-26 09:15:00,957 days 00:00:00,100000.0,65812.497221,-34.187503,345.171597,100.0,652.166731,34.187503,899 days 00:00:00,4.0,4.0,0.0,0.0,0.0,-6.789881,-12.101022,,-9.912737,,15 days 00:00:00,0.0,-8546.875695,-1.353413,-0.431396,0.486075,-1.731639
EPL,Success,0.015423699999701057,0.01367389999995794,0.002295899999808171,0.061887900000328955,0.09367979999933596,1999-01-01 09:15:00,2025-06-26 09:15:00,6494 days 00:00:00,100000.0,135711.995372,35.711995,1421.764942,100.0,5605.445864,51.458389,1528 days 00:00:00,20.0,20.0,0.0,0.0,35.0,46.149265,-16.044142,30.455441,-11.161557,101 days 13:42:51,30 days 00:00:00,1.16755,1785.599769,0.185139,0.033642,1.068285,0.274397
EQUIPPP,Success,0.005704899999727786,0.015087400000084017,0.0008175000002665911,0.05311290000008739,0.07514279999941209,2021-05-20 09:15:00,2025-06-26 09:15:00,907 days 00:00:00,100000.0,77734.300626,-22.265699,1205.517241,100.0,353.673977,25.7934,785 days 00:00:00,2.0,2.0,0.0,0.0,0.0,-11.657931,-12.031225,,-11.844578,,7 days 12:00:00,0.0,-11132.849687,-1.147532,-0.373711,0.322585,-1.319302
EQUITASBNK,Success,0.004984500000318803,0.016771999999946274,0.0011782000001403503,0.05869429999984277,0.08211370000026363,2020-11-02 09:15:00,2025-06-26 09:15:00,1154 days 00:00:00,100000.0,128274.093923,28.274094,105.731714,100.0,1767.144485,27.693652,467 days 00:00:00,6.0,6.0,0.0,0.0,33.333333,37.432987,-8.491579,33.29049,-7.792596,50 days 12:00:00,13 days 12:00:00,1.575501,4712.348987,0.512716,0.295882,1.2609,1.061578
ERIS,Success,0.008997699999781616,0.01668989999961923,0.0011087000002589775,0.0570981999999276,0.08433160000004136,2017-06-29 09:15:00,2025-06-26 09:15:00,1981 days 00:00:00,100000.0,103072.696739,3.072697,168.994181,100.0,1520.378261,23.271227,814 days 00:00:00,7.0,7.0,0.0,0.0,28.571429,29.508553,-8.509633,24.985877,-7.955364,121 days 00:00:00,34 days 04:48:00,1.068412,438.956677,0.115002,0.024029,1.036286,0.163229
ESABINDIA,Success,0.017259899999771733,0.014275200000156474,0.0013524999994842801,0.05595690000063769,0.08932550000008632,1999-01-01 09:15:00,2025-06-26 09:15:00,6501 days 00:00:00,100000.0,68319.568065,-31.680432,6592.763158,100.0,2168.872225,62.444935,6344 days 00:00:00,17.0,17.0,0.0,0.0,23.529412,36.063788,-21.338761,28.583956,-9.98936,120 days 06:00:00,15 days 16:36:55,0.652784,-1863.55482,-0.062792,-0.03389,0.971454,-0.089422
ESAFSFB,Success,0.0039550000001327135,0.017036799999914365,0.0008565000007365597,0.05518639999991137,0.07745710000017425,2023-11-10 09:15:00,2025-06-26 09:15:00,404 days 00:00:00,100000.0,100000.0,0.0,-52.74439,0.0,0.0,,,0.0,0.0,0.0,0.0,,,,,,,,,,inf,,inf,inf
ESCORTS,Success,0.01650560000052792,0.014891099999658763,0.0014343000002554618,0.05623849999938102,0.08958759999950416,1999-01-01 09:15:00,2025-06-26 09:15:00,6543 days 00:00:00,100000.0,104392.160276,4.39216,4462.500124,100.0,6360.009306,59.547546,3294 days 00:00:00,23.0,23.0,0.0,0.0,30.434783,38.116483,-19.479163,26.93025,-9.532928,34 days 17:08:34,16 days 13:30:00,1.019708,190.96349,0.085753,0.004032,1.045676,0.128934
ESSARSHPNG,Success,0.01617400000031921,0.016163000000233296,0.0012658000005103531,0.05568889999995008,0.08976330000041344,2011-11-18 09:15:00,2025-06-26 09:15:00,3364 days 00:00:00,100000.0,42795.33943,-57.204661,18.72,100.0,1084.261373,59.818754,3277 days 00:00:00,9.0,9.0,0.0,0.0,11.111111,20.180371,-17.079209,20.180371,-12.071085,9 days 00:00:00,20 days 00:00:00,0.127906,-6356.073397,-0.719873,-0.147072,0.619586,-0.881613
ESSENTIA,Success,0.011801399999967543,0.020547900000565278,0.0011201999996046652,0.059241900000415626,0.09317190000001574,2013-08-20 09:15:00,2025-06-26 09:15:00,1741 days 00:00:00,100000.0,163703.318194,63.703318,115.406337,100.0,745.948824,21.341743,31 days 00:00:00,3.0,3.0,0.0,0.0,66.666667,45.961904,-12.976687,37.445607,-12.976687,21 days 12:00:00,14 days 00:00:00,4.81222,21234.439398,0.871503,0.510084,1.844499,1.500004
ESTER,Success,0.014579000000594533,0.015476200000193785,0.0011581000007936382,0.05813230000057956,0.08984220000002097,2011-06-20 09:15:00,2025-06-26 09:15:00,3465 days 00:00:00,100000.0,98915.095572,-1.084904,195.652167,100.0,1630.542931,40.107344,2077 days 00:00:00,8.0,8.0,0.0,0.0,25.0,42.535844,-13.845334,42.373226,-11.251948,22 days 00:00:00,30 days 12:00:00,0.985221,-135.613054,0.078781,-0.002863,1.050815,0.130533
ETERNAL,Success,0.006857100000161154,0.01828869999917515,0.0009586000005583628,0.05709610000030807,0.0836485999998331,2021-07-23 09:15:00,2025-06-26 09:15:00,975 days 00:00:00,100000.0,92281.091697,-7.718908,110.460317,100.0,192.273565,7.718908,169 days 00:00:00,1.0,1.0,0.0,0.0,0.0,-7.726627,-7.726627,,-7.726627,,1 days 00:00:00,0.0,-7718.908303,-0.86407,-0.383797,0.0,-0.86363
ETHOSLTD,Success,0.00507370000013907,0.013853200000085053,0.0008790000001681619,0.05586570000014035,0.07613840000067285,2022-05-30 09:15:00,2025-06-26 09:15:00,765 days 00:00:00,100000.0,94338.28852,-5.661711,232.197392,100.0,824.229295,22.153443,311 days 00:00:00,4.0,4.0,0.0,0.0,25.0,27.641277,-12.643681,27.641277,-9.560412,16 days 00:00:00,25 days 00:00:00,0.819161,-1415.42787,-0.123499,-0.123796,0.946284,-0.188816
EUREKAFORB,Success,0.004624000000148953,0.014892899999722431,0.0010603999999148073,0.05458899999939604,0.07563769999978831,2024-09-11 09:15:00,2025-06-26 09:15:00,197 days 00:00:00,100000.0,100000.0,0.0,18.881533,0.0,0.0,,,0.0,0.0,0.0,0.0,,,,,,,,,,inf,,inf,inf
EUROTEXIND,Success,0.014324699999633594,0.01657950000026176,0.0015132999997149454,0.0580710000003819,0.09116549999998824,1999-01-04 09:15:00,2025-06-26 09:15:00,5213 days 00:00:00,100000.0,26358.024955,-73.641975,15.071429,100.0,1560.4253,80.006178,5152 days 00:00:00,15.0,15.0,0.0,0.0,13.333333,109.802343,-27.101267,77.017451,-16.979377,20 days 12:00:00,29 days 11:04:36,0.449782,-4909.465003,-0.13044,-0.11141,0.911026,-0.258325
EVEREADY,Success,0.020505600000433333,0.0208835999992516,0.0013231000002633664,0.05921739999939746,0.1024174000003768,2005-04-27 09:15:00,2025-06-26 09:15:00,4923 days 00:00:00,100000.0,63737.565027,-36.262435,277.653289,100.0,1553.678316,42.230115,2446 days 00:00:00,9.0,9.0,0.0,0.0,11.111111,34.95944,-11.311271,34.95944,-8.939638,44 days 00:00:00,22 days 00:00:00,0.434126,-4029.159441,-0.311174,-0.077769,0.81493,-0.470024
EVERESTIND,Success,0.019284999999399588,0.018798600000081933,0.0013888000003134948,0.05839860000014596,0.0983183000007557,2005-05-27 09:15:00,2025-06-26 09:15:00,4900 days 00:00:00,100000.0,118043.993069,18.043993,199.61057,100.0,4319.199114,58.973981,3066 days 00:00:00,18.0,18.0,0.0,0.0,27.777778,44.43005,-17.374942,35.773135,-9.835424,73 days 19:12:00,17 days 16:36:55,1.118191,1002.444059,0.156469,0.021083,1.069309,0.259772
EXCEL,Success,0.013018399999964458,0.01624770000034914,0.001118500000302447,0.0587772999997469,0.08969130000059522,2015-05-05 09:15:00,2025-06-26 09:15:00,2512 days 00:00:00,100000.0,206199.880112,106.19988,121.100672,100.0,2589.793781,29.44512,960 days 00:00:00,7.0,7.0,0.0,0.0,57.142857,46.706183,-17.878245,36.816847,-15.899242,19 days 18:00:00,8 days 00:00:00,2.028786,15171.411445,0.74334,0.376563,1.638783,1.414161
EXCELINDUS,Success,0.017332700000224577,0.017470899999352696,0.0013482999993357225,0.06572740000046906,0.10238480000043637,2004-06-16 09:15:00,2025-06-26 09:15:00,4966 days 00:00:00,100000.0,90948.223298,-9.051777,2060.311921,100.0,1559.602847,56.519394,2900 days 00:00:00,10.0,10.0,0.0,0.0,30.0,44.915535,-19.072376,32.932166,-12.50515,88 days 00:00:00,26 days 13:42:51,0.874983,-905.17767,0.032541,-0.012296,1.015887,0.048639
EXICOM,Success,0.005446500000289234,0.027314900000419584,0.0014776999996684026,0.06351100000028964,0.09837210000023333,2024-03-05 09:15:00,2025-06-26 09:15:00,324 days 00:00:00,100000.0,86947.682808,-13.052317,-12.785063,100.0,186.934817,15.704625,218 days 00:00:00,1.0,1.0,0.0,0.0,0.0,-13.06537,-13.06537,,-13.06537,,16 days 00:00:00,0.0,-13052.317192,-1.542888,-0.928239,0.390366,-1.729816
EXIDEIND,Success,0.025988000000324973,0.01932940000006056,0.0016572999993513804,0.06572759999926348,0.11324929999955202,1995-01-02 09:15:00,2025-06-26 09:15:00,7393 days 00:00:00,100000.0,26776.592047,-73.223408,9528.288966,100.0,1977.880398,75.207799,7146 days 00:00:00,21.0,21.0,0.0,0.0,9.52381,31.106727,-13.3382,24.258304,-8.768717,85 days 12:00:00,22 days 20:12:37,0.183166,-3486.82895,-0.456242,-0.083745,0.795808,-0.59065
EXPLEOSOL,Success,0.012617600000339735,0.020918999999594234,0.0013349999999263673,0.06501329999991867,0.10041000000001077,2014-09-30 09:15:00,2025-06-26 09:15:00,2595 days 00:00:00,100000.0,93666.631477,-6.333369,114.621149,100.0,1475.162333,27.839455,1432 days 00:00:00,7.0,7.0,0.0,0.0,28.571429,39.688613,-17.071523,34.838665,-12.346265,48 days 12:00:00,32 days 04:48:00,0.909791,-904.766932,0.026193,-0.032905,1.012239,0.039848
EXXARO,Success,0.0067195000001447625,0.017270299999836425,0.0012191000005259411,0.056632799999533745,0.08228110000072775,2021-08-16 09:15:00,2025-06-26 09:15:00,959 days 00:00:00,100000.0,80143.138296,-19.856862,-33.93802,100.0,364.061609,24.464516,890 days 00:00:00,2.0,2.0,0.0,0.0,0.0,-8.039049,-12.871372,,-10.45521,,31 days 00:00:00,0.0,-9928.430852,-0.487376,-0.330265,0.775321,-0.650968
FACT,Success,0.017169300000205112,0.01630810000006022,0.0013400999996520113,0.0561665000004723,0.09147360000042681,1999-01-06 09:15:00,2025-06-26 09:15:00,5938 days 00:00:00,100000.0,33380.088855,-66.619911,10631.666667,100.0,924.322965,81.12438,5786 days 00:00:00,11.0,11.0,0.0,0.0,18.181818,32.831153,-37.101124,30.642133,-16.145836,23 days 12:00:00,23 days 08:00:00,0.207418,-6056.355559,-0.147465,-0.080395,0.882826,-0.218582
FAIRCHEMOR,Success,0.007888099999945553,0.018788499999573105,0.0011786000004576636,0.40824609999981476,0.4365685000002486,2020-12-24 09:15:00,2025-06-26 09:15:00,1117 days 00:00:00,100000.0,87933.660951,-12.066339,44.739871,100.0,187.921783,15.298404,903 days 00:00:00,1.0,1.0,0.0,0.0,0.0,-12.078405,-12.078405,,-12.078405,,24 days 00:00:00,0.0,-12066.339049,-0.562047,-0.268968,0.591505,-0.705995
FAZE3Q,Success,0.005982800000310817,0.01669949999995879,0.0009224999994330574,0.05761090000032709,0.08164269999997487,2022-11-18 09:15:00,2025-06-26 09:15:00,647 days 00:00:00,100000.0,100000.0,0.0,86.068515,0.0,0.0,,,0.0,0.0,0.0,0.0,,,,,,,,,,inf,,inf,inf
FCL,Success,0.009682599999905506,0.017211300000781193,0.0010916000001088833,0.05754400000023452,0.0859798999999839,2015-01-15 09:15:00,2025-06-26 09:15:00,2586 days 00:00:00,100000.0,54301.265671,-45.698734,1020.625889,100.0,1229.298142,48.511899,2450 days 00:00:00,9.0,9.0,0.0,0.0,11.111111,43.287474,-14.982175,43.287474,-11.395316,30 days 00:00:00,21 days 18:00:00,0.331251,-5077.637148,-0.478245,-0.170219,0.786542,-0.695534
FCSSOFT,Success,0.016813600000205042,0.017128800000136835,0.0012279999991733348,0.05788070000016887,0.09355550000054791,2005-09-21 09:15:00,2025-06-26 09:15:00,4763 days 00:00:00,100000.0,46110.274361,-53.889726,-70.980392,100.0,1568.830592,85.771314,2224 days 00:00:00,6.0,6.0,0.0,0.0,33.333333,67.018259,-57.328486,56.798416,-31.100466,13 days 12:00:00,246 days 12:00:00,0.706744,-8981.62094,0.370007,-0.067153,1.141475,0.567399
FDC,Success,0.017052500000318105,0.014629600000262144,0.001460899999983667,0.05617499999971187,0.08973890000015672,1999-01-01 09:15:00,2025-06-26 09:15:00,6429 days 00:00:00,100000.0,95192.141049,-4.807859,6103.921569,100.0,2307.865936,51.556281,5566 days 00:00:00,16.0,16.0,0.0,0.0,25.0,48.331205,-12.390785,27.914444,-8.097364,63 days 00:00:00,12 days 02:00:00,0.935291,-300.491184,0.040489,-0.005418,1.024978,0.068312
FEDERALBNK,Success,0.020214199999827542,0.016669099999489845,0.0014037000000826083,0.05778720000034809,0.09650049999982002,1994-11-30 09:15:00,2025-06-26 09:15:00,7250 days 00:00:00,100000.0,210755.713692,110.755714,3136.459404,100.0,7432.05412,51.487247,2467 days 00:00:00,26.0,26.0,0.0,0.0,38.461538,47.275417,-18.128589,26.115765,-9.135637,79 days 04:48:00,23 days 04:30:00,1.573897,4259.835142,0.298406,0.074284,1.117148,0.44122
FEDFINA,Success,0.00397400000019843,0.01565310000023601,0.0008127999999487656,0.059525299999222625,0.08047170000008919,2023-11-30 09:15:00,2025-06-26 09:15:00,391 days 00:00:00,100000.0,100000.0,0.0,-17.197861,0.0,0.0,,,0.0,0.0,0.0,0.0,,,,,,,,,,inf,,inf,inf
FIBERWEB,Success,0.00550199999997858,0.016398300000219024,0.0008948000004238565,0.060564700000213634,0.0838223000000653,2022-02-16 09:15:00,2025-06-26 09:15:00,833 days 00:00:00,100000.0,117865.391425,17.865391,6.280987,100.0,394.812728,18.05074,71 days 00:00:00,2.0,2.0,0.0,0.0,50.0,33.267855,-11.546997,33.267855,-11.546997,54 days 00:00:00,2 days 00:00:00,2.548737,8932.695712,0.406542,0.41373,1.303507,0.831705
FIEMIND,Success,0.013805899999169924,0.018910699999651115,0.0013641000005009118,0.05995230000007723,0.0945400000000518,2006-10-19 09:15:00,2025-06-26 09:15:00,4611 days 00:00:00,100000.0,169236.936172,69.236936,2890.20979,100.0,3960.257795,35.649767,1320 days 00:00:00,15.0,15.0,0.0,0.0,40.0,64.589293,-17.126777,31.603143,-11.267587,27 days 04:00:00,9 days 08:00:00,1.510016,4615.795745,0.33079,0.119291,1.262966,0.599658
FILATEX,Success,0.012492500000007567,0.015177500000390864,0.0011752999998861924,0.059020600000621926,0.08829450000030192,2011-08-29 09:15:00,2025-06-26 09:15:00,3224 days 00:00:00,100000.0,41709.691324,-58.290309,1283.021258,100.0,1196.543696,60.390453,3162 days 00:00:00,9.0,9.0,0.0,0.0,11.111111,44.724065,-30.751656,44.724065,-14.139884,80 days 00:00:00,22 days 18:00:00,0.313384,-6476.700964,-0.407518,-0.156077,0.79928,-0.60615
FILATFASH,Success,0.0036511999996946543,0.014188699999976961,0.0008723999999347143,0.056569699999272416,0.07572410000011587,2024-05-06 09:15:00,2025-06-26 09:15:00,286 days 00:00:00,100000.0,100000.0,0.0,-80.694981,0.0,0.0,,,0.0,0.0,0.0,0.0,,,,,,,,,,inf,,inf,inf
FINCABLES,Success,0.01804580000043643,0.01734550000037416,0.001627800000278512,0.059297499999956926,0.09671909999997297,1994-11-03 09:15:00,2025-06-26 09:15:00,7541 days 00:00:00,100000.0,68081.421081,-31.918579,1264.496396,100.0,2739.204802,54.741375,6349 days 00:00:00,21.0,20.0,1.0,-353.854229,25.0,30.536082,-16.344279,26.509608,-9.782041,41 days 00:00:00,16 days 17:36:00,0.710679,-1578.236235,-0.095844,-0.03368,0.943928,-0.142653
FINEORG,Success,0.007587699999930919,0.020294099999773607,0.0012381999995341175,0.05860789999951521,0.0881600000002436,2018-07-02 09:15:00,2025-06-26 09:15:00,1730 days 00:00:00,100000.0,160201.640185,60.20164,495.61255,100.0,1452.592698,16.712548,483 days 00:00:00,5.0,5.0,0.0,0.0,60.0,26.398964,-8.970087,23.47809,-7.687904,56 days 08:00:00,7 days 00:00:00,3.403292,12040.328037,0.821897,0.625514,1.471513,1.371071
FINOPB,Success,0.004744800000480609,0.014413799999601906,0.0008881999992809142,0.0588926000000356,0.0795164000001023,2021-11-12 09:15:00,2025-06-26 09:15:00,899 days 00:00:00,100000.0,100000.0,0.0,-46.146352,0.0,0.0,,,0.0,0.0,0.0,0.0,,,,,,,,,,inf,,inf,inf
FINPIPE,Success,0.021947799999907147,0.017453499999646738,0.0013869999993403326,0.05649360000006709,0.09771069999987958,1999-01-01 09:15:00,2025-06-26 09:15:00,6542 days 00:00:00,100000.0,205547.598396,105.547598,14513.422819,100.0,4448.622912,46.108553,2111 days 00:00:00,15.0,15.0,0.0,0.0,40.0,39.643227,-14.01896,31.235808,-9.506717,66 days 20:00:00,21 days 05:20:00,1.893884,7036.50656,0.348923,0.088961,1.187564,0.571717
FIRSTCRY,Success,0.003790800000388117,0.017903999999361986,0.0009962999993149424,0.04989740000019083,0.07312509999974282,2024-08-13 09:15:00,2025-06-26 09:15:00,217 days 00:00:00,100000.0,89797.877631,-10.202122,-41.569723,100.0,189.787865,10.202122,163 days 00:00:00,1.0,1.0,0.0,0.0,0.0,-10.212324,-10.212324,,-10.212324,,3 days 00:00:00,0.0,-10202.122369,-1.995496,-1.622854,0.09952,-2.018449
FIVESTAR,Success,0.004488300000048184,0.013082800000120187,0.0009006000000226777,0.06075609999970766,0.07972669999981008,2022-11-21 09:15:00,2025-06-26 09:15:00,646 days 00:00:00,100000.0,90181.215949,-9.818784,54.918367,100.0,190.171587,21.114693,400 days 00:00:00,1.0,1.0,0.0,0.0,0.0,-9.828603,-9.828603,,-9.828603,,123 days 00:00:00,0.0,-9818.784051,-0.349432,-0.268636,0.900953,-0.472213
FLAIR,Success,0.004487100000005739,0.016954599999735365,0.0009222999997291481,0.05331240000032267,0.07609830000001239,2023-12-01 09:15:00,2025-06-26 09:15:00,390 days 00:00:00,100000.0,100000.0,0.0,-42.592591,0.0,0.0,,,0.0,0.0,0.0,0.0,,,,,,,,,,inf,,inf,inf
FLEXITUFF,Success,0.015367199999673176,0.017345700000078068,0.001416899999640009,0.05725940000047558,0.09181070000067848,2011-10-19 09:15:00,2025-06-26 09:15:00,3378 days 00:00:00,100000.0,82769.439085,-17.230561,-78.254304,100.0,1801.844217,62.174426,1975 days 00:00:00,10.0,10.0,0.0,0.0,30.0,48.174583,-18.319629,36.234703,-14.438786,15 days 00:00:00,32 days 20:34:17,0.830549,-1723.056092,-0.013007,-0.032532,0.993792,-0.018698
FLUOROCHEM,Success,0.008078199999545177,0.01360110000041459,0.0011749000004783738,0.058853499999713677,0.0822587000002386,2019-10-16 09:15:00,2025-06-26 09:15:00,1415 days 00:00:00,100000.0,83901.709764,-16.09829,395.952381,100.0,1222.013645,43.062299,812 days 00:00:00,6.0,6.0,0.0,0.0,16.666667,35.060258,-13.064942,35.060258,-9.052878,25 days 00:00:00,30 days 09:36:00,0.666864,-2683.048373,-0.177605,-0.102797,0.93011,-0.261926
FMGOETZE,Success,0.01809289999982866,0.016873600000508304,0.0017754999998942367,0.05916400000023714,0.09634909999931551,2006-09-12 09:15:00,2025-06-26 09:15:00,4568 days 00:00:00,100000.0,48787.675391,-51.212325,73.189557,100.0,1334.739641,52.548075,3577 days 00:00:00,10.0,10.0,0.0,0.0,10.0,16.174436,-12.550813,16.174436,-9.170715,11 days 00:00:00,25 days 05:20:00,0.152468,-5121.232461,-0.394865,-0.106061,0.743656,-0.531176
FMNL,Success,0.015499500000260014,0.014539600000716746,0.0011512999999467866,0.054738199999519566,0.08637859999998909,2011-01-14 09:15:00,2025-06-26 09:15:00,3510 days 00:00:00,100000.0,101965.122695,1.965123,-73.395271,100.0,804.029283,44.825693,3071 days 00:00:00,5.0,5.0,0.0,0.0,40.0,38.937885,-17.25606,29.962417,-15.308631,34 days 12:00:00,14 days 00:00:00,1.049985,393.024539,0.07231,0.004519,1.062337,0.107813
FOCUS,Success,0.007443700000294484,0.01601360000040586,0.0011058000000048196,0.05769629999940662,0.08275680000042485,2017-04-13 09:15:00,2025-06-26 09:15:00,1506 days 00:00:00,100000.0,169183.524176,69.183524,3035.836443,100.0,905.937176,23.080174,361 days 00:00:00,3.0,3.0,0.0,0.0,66.666667,38.567427,-8.49923,36.030677,-8.49923,28 days 12:00:00,46 days 00:00:00,5.407214,23061.174725,0.93252,0.588881,1.65972,1.673596
FOODSIN,Success,0.005600399999821093,0.01978300000064337,0.0010118999998667277,0.056495900000300026,0.08332980000068346,2021-11-16 09:15:00,2025-06-26 09:15:00,897 days 00:00:00,100000.0,108991.460559,8.991461,36.636872,100.0,619.996553,23.513609,223 days 00:00:00,3.0,3.0,0.0,0.0,33.333333,40.7944,-14.65862,40.7944,-11.97441,92 days 00:00:00,26 days 00:00:00,1.348584,2997.15352,0.271207,0.151639,1.098436,0.426313
FORCEMOT,Success,0.005532600000151433,0.01773700000012468,0.001276299999517505,0.05780539999977918,0.08283000000028551,2019-08-19 09:15:00,2025-06-26 09:15:00,1377 days 00:00:00,100000.0,138602.096321,38.602096,983.074326,100.0,1964.019547,28.17569,820 days 00:00:00,7.0,7.0,0.0,0.0,42.857143,31.159796,-9.737842,26.020624,-8.692653,22 days 00:00:00,23 days 18:00:00,1.720584,5514.585189,0.541284,0.320781,1.282286,0.861364
FORTIS,Success,0.014303300000392483,0.01618659999985539,0.0011991999999736436,0.055105700000240176,0.08723389999977371,2007-05-09 09:15:00,2025-06-26 09:15:00,4484 days 00:00:00,100000.0,115898.804207,15.898804,689.515726,100.0,1782.680176,36.273089,2919 days 00:00:00,10.0,10.0,0.0,0.0,30.0,34.664276,-8.740414,25.364559,-7.235685,165 days 16:00:00,24 days 03:25:42,1.348361,1589.880421,0.155076,0.033311,1.060538,0.238988
FOSECOIND,Success,0.0151544999998805,0.013467099999616039,0.0013073000000076718,0.054122800000186544,0.08445390000088082,1999-01-01 09:15:00,2025-06-26 09:15:00,6389 days 00:00:00,100000.0,551928.116389,451.928116,2672.820501,100.0,9430.310636,22.953399,1706 days 00:00:00,17.0,17.0,0.0,0.0,58.823529,38.084892,-10.908613,27.111599,-9.136613,62 days 16:48:00,24 days 06:51:25,3.513341,26584.006846,0.696838,0.446609,1.343807,1.177057
FSL,Success,0.01354929999979504,0.01374850000047445,0.0012569999998959247,0.051195000000006985,0.08014290000028268,2007-02-22 09:15:00,2025-06-26 09:15:00,4534 days 00:00:00,100000.0,100325.302389,0.325302,381.898159,100.0,2454.177849,41.38746,1719 days 00:00:00,12.0,12.0,0.0,0.0,33.333333,34.860571,-16.026138,26.326243,-10.905792,25 days 00:00:00,21 days 00:00:00,1.003397,27.108532,0.065222,0.000632,1.037562,0.092747
FUSION,Success,0.004967400000168709,0.014241500000025553,0.000918699999601813,0.055311799999799405,0.0759330000000773,2022-11-15 09:15:00,2025-06-26 09:15:00,650 days 00:00:00,100000.0,81201.9731,-18.798027,-34.795604,100.0,362.855122,23.081022,453 days 00:00:00,2.0,2.0,0.0,0.0,0.0,-9.173372,-10.616358,,-9.894865,,30 days 12:00:00,0.0,-9399.01345,-1.173768,-0.478108,0.588479,-1.428872
GABRIEL,Success,0.013990899999953399,0.012451300000066112,0.0011942999999519088,0.0514301000002888,0.07952879999993456,1996-01-01 09:15:00,2025-06-26 09:15:00,6134 days 00:00:00,100000.0,82342.295058,-17.657705,5341.649485,100.0,2062.30265,49.23099,6048 days 00:00:00,13.0,13.0,0.0,0.0,23.076923,38.556835,-15.360724,31.636639,-9.621739,65 days 08:00:00,25 days 07:12:00,0.786119,-1358.284996,-0.021455,-0.023348,0.988245,-0.031117
GAEL,Success,0.014434200000323472,0.015443799999957264,0.0012440000000424334,0.05400360000021465,0.08554749999984779,2001-02-12 09:15:00,2025-06-26 09:15:00,5946 days 00:00:00,100000.0,87415.489131,-12.584511,24700.0,100.0,2697.329605,55.368033,4553 days 00:00:00,15.0,14.0,1.0,2330.563768,28.571429,44.639465,-16.725363,35.192913,-12.725424,50 days 06:00:00,33 days 04:48:00,0.882736,-1065.362474,0.058938,-0.01485,1.030032,0.092523
GAIL,Success,0.015196500000456581,0.013150800000403251,0.0012174000003142282,0.05273019999913231,0.08269960000052379,1999-01-01 09:15:00,2025-06-26 09:15:00,6221 days 00:00:00,100000.0,198310.99304,98.310993,1608.770784,100.0,5464.893215,38.983272,1610 days 00:00:00,24.0,23.0,1.0,379.756092,43.478261,30.39231,-16.979604,20.844127,-8.780207,48 days 14:24:00,22 days 16:36:55,1.771471,4257.879867,0.354031,0.105144,1.156463,0.509583
GALAPREC,Success,0.003508499999952619,0.013009199999942211,0.0007587999998577288,0.04984779999995226,0.06755989999965095,2024-09-09 09:15:00,2025-06-26 09:15:00,199 days 00:00:00,100000.0,100000.0,0.0,15.987585,0.0,0.0,,,0.0,0.0,0.0,0.0,,,,,,,,,,inf,,inf,inf
GALAXYSURF,Success,0.009073700000044482,0.016140400000040245,0.0010279999996782863,0.04944359999990411,0.07613560000027064,2018-02-08 09:15:00,2025-06-26 09:15:00,1827 days 00:00:00,100000.0,94980.231682,-5.019768,53.024199,100.0,845.302619,19.029438,939 days 00:00:00,4.0,4.0,0.0,0.0,25.0,17.169109,-8.117421,17.169109,-6.754491,29 days 00:00:00,33 days 00:00:00,0.773596,-1254.94208,-0.06293,-0.053792,0.965924,-0.098634
GALLANTT,Success,0.012243799999851035,0.015060900000207766,0.0011806000002252404,0.05312130000038451,0.0820120999997016,2006-04-04 09:15:00,2025-06-26 09:15:00,4587 days 00:00:00,100000.0,321469.9421,221.469942,3640.766551,100.0,7385.588988,41.895043,2008 days 00:00:00,16.0,16.0,0.0,0.0,43.75,59.079464,-16.833544,42.702161,-13.42424,88 days 17:08:34,29 days 00:00:00,1.718734,13841.871381,0.474613,0.232423,1.187181,0.830891
GANDHAR,Success,0.0039048999997248757,0.013347899999644142,0.0008791000000201166,0.05320870000014111,0.07199530000070808,2023-11-30 09:15:00,2025-06-26 09:15:00,391 days 00:00:00,100000.0,92613.16762,-7.386832,-42.475114,100.0,192.605973,8.187336,118 days 00:00:00,1.0,1.0,0.0,0.0,0.0,-7.394219,-7.394219,,-7.394219,,11 days 00:00:00,0.0,-7386.83238,-1.202711,-0.844357,0.380966,-1.282354
GANDHITUBE,Success,0.014027300000634568,0.01431719999982306,0.0011867000002894201,0.05234870000003866,0.08229089999986172,2007-01-31 09:15:00,2025-06-26 09:15:00,4280 days 00:00:00,100000.0,191162.786153,91.162786,851.917306,100.0,2550.313831,34.175555,2499 days 00:00:00,9.0,9.0,0.0,0.0,44.444444,39.956361,-12.14864,31.046061,-8.208693,98 days 12:00:00,31 days 19:12:00,2.523764,10129.198461,0.406856,0.166239,1.201051,0.692995
GANECOS,Success,0.008336599999893224,0.014787599999181111,0.0010345000000597793,0.29426950000015495,0.3189862000008361,2015-03-09 09:15:00,2025-06-26 09:15:00,2551 days 00:00:00,100000.0,89997.781855,-10.002218,792.020476,100.0,1818.185605,36.59114,1128 days 00:00:00,10.0,10.0,0.0,0.0,30.0,24.30082,-13.097671,22.88405,-9.80333,43 days 00:00:00,29 days 17:08:34,0.846038,-1000.221815,-0.016945,-0.040899,0.993304,-0.027333
GANESHBE,Success,0.006950800000595336,0.01674780000030296,0.0011431000002630753,0.056933899999421556,0.08240139999998064,2021-09-16 09:15:00,2025-06-26 09:15:00,938 days 00:00:00,100000.0,114937.065074,14.937065,4.467976,100.0,760.745947,19.105513,441 days 00:00:00,3.0,3.0,0.0,0.0,33.333333,42.124774,-12.1491,42.124774,-10.044091,188 days 00:00:00,18 days 12:00:00,1.550257,4979.021691,0.354845,0.291362,1.103791,0.565631
GANESHHOUC,Success,0.018019099999946775,0.015530499999840686,0.0012188000000605825,0.056560500000159664,0.09179930000027525,2007-03-02 09:15:00,2025-06-26 09:15:00,4524 days 00:00:00,100000.0,172510.53039,72.51053,319.831642,100.0,5777.522384,39.281207,1133 days 00:00:00,14.0,14.0,0.0,0.0,35.714286,53.577783,-14.279716,40.70492,-11.930068,23 days 14:24:00,22 days 13:20:00,1.297582,5179.323599,0.324592,0.114498,1.186603,0.5465
GANGAFORGE,Success,0.004968000000189932,0.015873499999543128,0.0008882000001904089,0.05098619999989751,0.0731510999994498,2020-11-14 18:00:00,2025-06-26 09:15:00,979 days 00:00:00,100000.0,91764.002898,-8.235997,97.037037,100.0,191.755959,8.235997,841 days 00:00:00,1.0,1.0,0.0,0.0,0.0,-8.244233,-8.244233,,-8.244233,,4 days 00:00:00,0.0,-8235.997102,-0.881057,-0.382913,0.130975,-0.902138
GANGESSECU,Success,0.009536600000501494,0.016569200000049022,0.001083199999811768,0.05468300000029558,0.08229519999986223,2017-07-28 09:15:00,2025-06-26 09:15:00,1948 days 00:00:00,100000.0,143266.054248,43.266054,126.926753,100.0,1114.928187,30.714971,998 days 00:00:00,5.0,5.0,0.0,0.0,40.0,48.956278,-15.655945,45.408914,-12.107409,99 days 00:00:00,7 days 16:00:00,2.069032,8653.21085,0.413052,0.226884,1.213284,0.694375
GARFIBRES,Success,0.018570299999737472,0.015753699999550008,0.0016193999999813968,0.058727700000417826,0.09509130000060395,1997-06-27 09:15:00,2025-06-26 09:15:00,6708 days 00:00:00,100000.0,234483.406249,134.483406,22573.161757,100.0,5834.87034,39.334965,1162 days 00:00:00,18.0,18.0,0.0,0.0,44.444444,45.478164,-19.175055,29.122801,-10.903897,66 days 15:00:00,32 days 07:11:59,1.860398,7471.300347,0.361474,0.120664,1.173958,0.572949
GARUDA,Success,0.003759199999876728,0.01631829999951151,0.0009243000004062196,0.05450290000044333,0.07594010000048002,2024-10-15 09:15:00,2025-06-26 09:15:00,174 days 00:00:00,100000.0,84335.029102,-15.664971,18.155322,100.0,184.319548,15.664971,89 days 00:00:00,1.0,1.0,0.0,0.0,0.0,-15.680636,-15.680636,,-15.680636,,34 days 00:00:00,0.0,-15664.970898,-1.102679,-1.918301,0.72714,-1.473378
GATECH,Success,0.0046484000004056725,0.016564000000471424,0.0012737999995806604,0.055148600000393344,0.07811320000018895,2023-07-10 09:15:00,2025-06-26 09:15:00,405 days 00:00:00,100000.0,80573.615436,-19.426385,-2.394958,100.0,369.14157,19.426385,337 days 00:00:00,2.0,2.0,0.0,0.0,0.0,-5.712201,-14.564747,,-10.138474,,2 days 12:00:00,0.0,-9713.192282,-1.844616,-0.910567,0.0,-1.838328
GATECHDVR,Success,0.005364300000110234,0.01654049999979179,0.0009902000001602573,0.05483540000022913,0.07818689999930939,2023-07-13 09:15:00,2025-06-26 09:15:00,486 days 00:00:00,100000.0,94241.415843,-5.758584,-88.712828,100.0,194.235851,6.007183,395 days 00:00:00,1.0,1.0,0.0,0.0,0.0,-5.764343,-5.764343,,-5.764343,,3 days 00:00:00,0.0,-5758.584157,-1.424488,-0.725237,0.043141,-1.425908
GATEWAY,Success,0.017705600000226696,0.017699300000458607,0.0015039999998407438,0.0560910000003787,0.0934293999998772,2005-03-31 09:15:00,2025-06-26 09:15:00,4952 days 00:00:00,100000.0,58468.691209,-41.531309,205.294248,100.0,2051.283469,53.515769,2286 days 00:00:00,12.0,12.0,0.0,0.0,16.666667,48.743479,-16.795701,35.41361,-10.688806,64 days 00:00:00,44 days 02:24:00,0.559137,-3460.942399,-0.207847,-0.072474,0.914691,-0.300354
GAYAHWS,Success,0.0055370000000039,0.013832399999955669,0.000937000000703847,0.05410620000020572,0.07490810000035708,2018-06-28 09:15:00,2025-06-26 09:15:00,1486 days 00:00:00,100000.0,355992.66898,255.992669,-87.596154,100.0,1277.211389,30.0,96 days 00:00:00,3.0,3.0,0.0,0.0,100.0,74.55035,36.468694,53.539781,,64 days 00:00:00,,inf,85330.88966,0.860383,1.219974,1.427128,1.3551
GEECEE,Success,0.01581400000031863,0.018426099999487633,0.0012088000003132038,0.05561200000011013,0.09147810000013123,2010-03-05 09:15:00,2025-06-26 09:15:00,3697 days 00:00:00,100000.0,54332.489918,-45.66751,321.919316,100.0,1753.970568,72.239289,2338 days 00:00:00,11.0,11.0,0.0,0.0,18.181818,53.785042,-28.96037,42.210761,-13.264719,55 days 12:00:00,34 days 10:40:00,0.580226,-4151.591826,-0.192548,-0.080913,0.913348,-0.279244
GEEKAYWIRE,Success,0.005673800000295159,0.012060500000188767,0.0009114000004046829,0.05672300000060204,0.07591400000001158,2020-03-06 09:15:00,2025-06-26 09:15:00,1317 days 00:00:00,100000.0,75007.320436,-24.99268,851.333333,100.0,953.603571,44.111471,1178 days 00:00:00,6.0,6.0,0.0,0.0,16.666667,38.978782,-14.394241,38.978782,-11.586445,32 days 00:00:00,11 days 09:36:00,0.493833,-4165.446594,-0.24494,-0.173672,0.856051,-0.442962
GENCON,Success,0.00559999999950378,0.01660730000003241,0.0012243000001035398,0.061607000000549306,0.08546799999930954,2021-02-16 09:15:00,2025-06-26 09:15:00,1081 days 00:00:00,100000.0,87710.381711,-12.289618,-26.589904,100.0,187.69828,19.167552,530 days 00:00:00,1.0,1.0,0.0,0.0,0.0,-12.301908,-12.301908,,-12.301908,,61 days 00:00:00,0.0,-12289.618289,-0.321195,-0.225956,0.842427,-0.470406
GENESYS,Success,0.01629129999946599,0.017359299999952782,0.001323700000284589,0.05991360000007262,0.0954474999998638,2003-01-23 09:15:00,2025-06-26 09:15:00,5243 days 00:00:00,100000.0,102153.880947,2.153881,1956.397785,100.0,2547.750681,62.339807,4161 days 00:00:00,13.0,13.0,0.0,0.0,30.769231,47.69935,-21.156465,39.004946,-13.243445,33 days 18:00:00,14 days 13:20:00,1.016944,165.68315,0.090697,0.002382,1.057383,0.130585
GENSOL,Success,0.0075575999999273336,0.019611800000348012,0.0009880999996312312,0.053866199999902165,0.08252050000010058,2023-07-03 09:15:00,2025-06-26 09:15:00,494 days 00:00:00,100000.0,83539.97198,-16.460028,-90.907943,100.0,183.523695,16.460028,323 days 00:00:00,1.0,1.0,0.0,0.0,0.0,-16.476488,-16.476488,,-16.476488,,3 days 00:00:00,0.0,-16460.02802,-1.34084,-0.755959,0.026471,-1.340102
GENUSPAPER,Success,0.009180100000776292,0.01610629999959201,0.0011126000008516712,0.05504479999945033,0.0819179999998596,2015-02-16 09:15:00,2025-06-26 09:15:00,2565 days 00:00:00,100000.0,140941.396588,40.941397,295.625,100.0,1392.741953,30.953456,1020 days 00:00:00,6.0,5.0,1.0,2543.932017,40.0,66.753459,-17.397883,50.201035,-14.657524,43 days 12:00:00,32 days 16:00:00,1.649185,7679.492914,0.343921,0.161681,1.213461,0.65639
GENUSPOWER,Success,0.013744699999733712,0.014809199999945122,0.0013260999994599842,0.053575599999931,0.08390830000007554,2008-01-14 09:15:00,2025-06-26 09:15:00,4270 days 00:00:00,100000.0,277952.103725,177.952104,330.728303,100.0,3401.851789,49.435286,2708 days 00:00:00,14.0,14.0,0.0,0.0,50.0,45.608787,-16.355984,35.257585,-14.322013,44 days 20:34:17,24 days 17:08:34,2.516528,12710.864552,0.504575,0.184719,1.241357,0.804892
GEOJITFSL,Success,0.01431959999990795,0.013121399999363348,0.0015107999997781008,0.05876239999997779,0.0881390000004103,2005-07-01 09:15:00,2025-06-26 09:15:00,4938 days 00:00:00,100000.0,116838.882217,16.838882,918.803457,100.0,3408.318902,62.224023,3892 days 00:00:00,16.0,16.0,0.0,0.0,31.25,46.100817,-17.457568,38.710893,-12.49076,44 days 09:36:00,34 days 13:05:27,1.106103,1052.430139,0.159838,0.018594,1.07456,0.256368
GEPIL,Success,0.015540899999905378,0.01615700000002107,0.0011791999995693914,0.053767100000186474,0.08707349999986036,2006-11-02 09:15:00,2025-06-26 09:15:00,4609 days 00:00:00,100000.0,177017.860139,77.01786,-31.754786,100.0,2231.988469,32.801929,2391 days 00:00:00,10.0,10.0,0.0,0.0,40.0,46.080621,-12.758842,34.001393,-9.249937,60 days 00:00:00,21 days 16:00:00,2.211146,7701.786014,0.424078,0.14104,1.248495,0.743935
GESHIP,Success,0.016480300000694115,0.01716480000050069,0.001204199999847333,0.06260680000013963,0.09795029999986582,2006-11-27 09:15:00,2025-06-26 09:15:00,4592 days 00:00:00,100000.0,222458.791105,122.458791,343.424596,100.0,3118.378952,30.986119,2446 days 00:00:00,13.0,13.0,0.0,0.0,46.153846,46.450128,-12.461291,29.127047,-9.76624,95 days 20:00:00,41 days 20:34:17,2.60331,9419.907008,0.420407,0.211765,1.154323,0.612934
GFLLIMITED,Success,0.02351120000002993,0.018338699999731034,0.0016437000003861613,0.0561453000000256,0.10012219999953231,1999-01-01 09:15:00,2025-06-26 09:15:00,6458 days 00:00:00,100000.0,243985.536314,143.985536,13850.629995,100.0,6289.570924,30.801387,2667 days 00:00:00,14.0,14.0,0.0,0.0,42.857143,45.345251,-13.784094,34.77626,-10.4216,62 days 00:00:00,19 days 18:00:00,1.689334,10284.681165,0.401682,0.167862,1.227173,0.683025
GHCL,Success,0.017128100000263657,0.014395399999557412,0.0012933999996675993,0.05505509999966307,0.0883626999993794,1999-01-01 09:15:00,2025-06-26 09:15:00,6533 days 00:00:00,100000.0,72307.267868,-27.692732,4047.931034,100.0,3681.758803,58.432107,4878 days 00:00:00,16.0,16.0,0.0,0.0,25.0,34.019736,-16.920306,27.394842,-10.136726,30 days 12:00:00,34 days 20:00:00,0.812783,-1730.795758,-0.087533,-0.030724,0.95264,-0.135222
GHCLTEXTIL,Success,0.0049941999996008235,0.019366399999853456,0.0010027999996964354,0.05342130000008183,0.07921340000029886,2023-06-12 09:15:00,2025-06-26 09:15:00,508 days 00:00:00,100000.0,100000.0,0.0,35.935669,0.0,0.0,,,0.0,0.0,0.0,0.0,,,,,,,,,,inf,,inf,inf
GICHSGFIN,Success,0.018190900000263355,0.017201799999384093,0.0015009999997346313,0.060936100000617444,0.09829410000020289,1999-01-01 09:15:00,2025-06-26 09:15:00,6461 days 00:00:00,100000.0,311956.555197,211.956555,1367.809433,100.0,6029.483058,28.099452,2171 days 00:00:00,15.0,15.0,0.0,0.0,46.666667,56.449333,-19.724,34.222698,-10.574825,95 days 10:17:08,32 days 03:00:00,2.219615,14130.437013,0.443527,0.236239,1.211412,0.755555
GICRE,Success,0.00975300000027346,0.01773440000033588,0.0009896999999909895,0.062129900000400085,0.09116180000000895,2017-10-25 09:15:00,2025-06-26 09:15:00,1901 days 00:00:00,100000.0,93191.556023,-6.808444,-12.718745,100.0,591.162391,18.129127,1335 days 00:00:00,3.0,3.0,0.0,0.0,33.333333,20.14448,-14.194765,20.14448,-11.903067,26 days 00:00:00,15 days 00:00:00,0.727668,-2269.481326,-0.076182,-0.074177,0.936647,-0.107906
GILLANDERS,Success,0.019076900000072783,0.018509499999709078,0.0013337999998839223,0.05530419999922742,0.09465809999983321,2009-12-14 09:15:00,2025-06-26 09:15:00,3788 days 00:00:00,100000.0,96401.131524,-3.598868,47.709855,100.0,1257.526973,43.636459,3178 days 00:00:00,7.0,7.0,0.0,0.0,28.571429,38.403514,-14.557944,30.029207,-10.521976,133 days 00:00:00,10 days 14:24:00,0.927196,-514.124068,0.065382,-0.008079,1.034624,0.109642
GILLETTE,Success,0.015993500000149652,0.01591439999992872,0.0012097999997422448,0.05393670000012207,0.08747320000020409,2006-04-04 09:15:00,2025-06-26 09:15:00,4749 days 00:00:00,100000.0,122398.218904,22.398219,1094.515235,100.0,3316.273224,23.963862,3522 days 00:00:00,14.0,14.0,0.0,0.0,28.571429,25.314023,-7.986053,19.694731,-5.000188,41 days 18:00:00,36 days 02:24:00,1.366157,1599.872779,0.207497,0.065328,1.09748,0.328465
GINNIFILA,Success,0.016172399999959453,0.014772200000152225,0.0013363000007302617,0.05562680000002729,0.08832669999992504,1999-01-01 09:15:00,2025-06-26 09:15:00,5968 days 00:00:00,100000.0,225345.768784,125.345769,806.6,100.0,3652.864115,60.179899,2659 days 00:00:00,15.0,15.0,0.0,0.0,46.666667,55.420891,-34.55489,41.057289,-17.458899,42 days 20:34:17,12 days 06:00:00,1.740697,8356.384586,0.326941,0.084655,1.211161,0.549252
GIPCL,Success,0.017427699999643664,0.014865000000099826,0.0013988999999128282,0.056824000000233355,0.09095160000015312,1999-01-01 09:15:00,2025-06-26 09:15:00,6542 days 00:00:00,100000.0,277376.197084,177.376197,739.274227,100.0,8973.092868,39.334844,1731 days 00:00:00,23.0,23.0,0.0,0.0,43.478261,45.131257,-17.545329,29.428709,-11.148209,71 days 14:23:59,44 days 11:04:36,1.603831,7712.008569,0.393745,0.148906,1.142342,0.635104
GKWLIMITED,Success,0.015143100000386767,0.017436100000850274,0.0012683000004471978,0.059025699999438075,0.09336329999950976,2009-07-20 09:15:00,2025-06-26 09:15:00,3724 days 00:00:00,100000.0,46152.685929,-53.847314,1253.056867,100.0,1160.029213,63.854789,2641 days 00:00:00,9.0,8.0,1.0,865.334421,12.5,33.549051,-16.121783,33.549051,-14.315303,19 days 00:00:00,88 days 13:42:51,0.275205,-6839.081062,-0.259467,-0.114298,0.904794,-0.373936
GLAND,Success,0.006115700000009383,0.017898799999784387,0.0010341000006519607,0.05352669999956561,0.07902830000057293,2020-11-20 09:15:00,2025-06-26 09:15:00,1140 days 00:00:00,100000.0,93602.807573,-6.397192,-1.497623,100.0,193.596604,6.938303,419 days 00:00:00,1.0,1.0,0.0,0.0,0.0,-6.40359,-6.40359,,-6.40359,,3 days 00:00:00,0.0,-6397.192427,-0.730867,-0.301865,0.082319,-0.735604
GLAXO,Success,0.019716900000275928,0.017805399999815563,0.0015342000006057788,0.05643569999938336,0.09590849999949569,1999-01-01 09:15:00,2025-06-26 09:15:00,6542 days 00:00:00,100000.0,173953.027952,73.953028,973.788618,100.0,5129.094677,38.297763,1592 days 00:00:00,18.0,18.0,0.0,0.0,38.888889,39.063962,-13.881642,24.82106,-8.50389,119 days 17:08:34,27 days 06:32:43,1.568698,4108.501553,0.289293,0.081911,1.113768,0.459941
GLENMARK,Success,0.017559699999765144,0.014648500000475906,0.0015404000005219132,0.0579358000004504,0.09220679999998538,2000-02-10 09:15:00,2025-06-26 09:15:00,6262 days 00:00:00,100000.0,114201.715239,14.201715,6287.019688,100.0,3378.068343,64.876373,5703 days 00:00:00,18.0,18.0,0.0,0.0,33.333333,40.456385,-14.329221,23.521428,-8.919883,42 days 12:00:00,26 days 04:00:00,1.134958,788.98418,0.126249,0.011977,1.06216,0.185697
GLFL,Success,0.013705299999855924,0.014266500000303495,0.0012164999998276471,0.056191499999840744,0.08593700000074023,1999-01-01 09:15:00,2025-06-26 09:15:00,4050 days 00:00:00,100000.0,79697.045764,-20.302954,2.0,100.0,1555.296262,58.715796,2036 days 00:00:00,10.0,10.0,0.0,0.0,30.0,43.362787,-22.981664,37.297212,-15.24628,18 days 16:00:00,29 days 20:34:17,0.773342,-2030.295424,0.006364,-0.034479,1.003564,0.009513
GLOBAL,Success,0.006017000000611006,0.01773719999982859,0.0009821999992709607,0.055161900000712194,0.08042240000031597,2020-12-07 09:15:00,2025-06-26 09:15:00,1130 days 00:00:00,100000.0,73053.200426,-26.9468,521.335967,100.0,345.731774,26.9468,576 days 00:00:00,2.0,2.0,0.0,0.0,0.0,-13.66106,-15.416662,,-14.538861,,15 days 00:00:00,0.0,-13473.399787,-1.146939,-0.357911,0.379831,-1.338526
GLOBALE,Success,0.0038802000008217874,0.015997299999980896,0.0008603000005678041,0.05505559999983234,0.07620589999987715,2024-08-27 09:15:00,2025-06-26 09:15:00,208 days 00:00:00,100000.0,100000.0,0.0,-79.072614,0.0,0.0,,,0.0,0.0,0.0,0.0,,,,,,,,,,inf,,inf,inf
GLOBALVECT,Success,0.014429400000153692,0.01641010000003007,0.0013514000002032844,0.0598480999997264,0.09267110000018874,2006-10-27 09:15:00,2025-06-26 09:15:00,4446 days 00:00:00,100000.0,227270.14863,127.270149,39.248,100.0,2214.253405,47.910413,1091 days 00:00:00,9.0,9.0,0.0,0.0,55.555556,57.448918,-16.132587,33.715396,-14.046205,15 days 09:36:00,22 days 06:00:00,3.242964,14141.127626,0.510437,0.145525,1.411073,0.881754
GLOBE,Success,0.00792399999954796,0.017540499999995518,0.000956400000177382,0.05446459999984654,0.08136930000000575,2020-10-07 09:15:00,2025-06-26 09:15:00,1145 days 00:00:00,100000.0,149940.412159,49.940412,-8.486801,100.0,771.092765,37.114188,329 days 00:00:00,3.0,3.0,0.0,0.0,66.666667,40.073921,-13.951245,32.256365,-13.951245,34 days 00:00:00,150 days 00:00:00,3.558822,16646.804053,0.722592,0.371378,1.247709,1.181622
GLOBUSSPR,Success,0.015229000000545057,0.015935800000079325,0.0011784000007537543,0.057351500000550004,0.09013150000009773,2009-09-23 09:15:00,2025-06-26 09:15:00,3897 days 00:00:00,100000.0,159210.123949,59.210124,949.505495,100.0,3123.619353,38.463661,1032 days 00:00:00,13.0,12.0,1.0,-9497.263561,41.666667,53.142725,-21.740974,38.116851,-14.266092,34 days 04:48:00,24 days 00:00:00,1.5056,5725.615626,0.31113,0.115747,1.163527,0.513621
GLOSTERLTD,Success,0.004140799999731826,0.01597499999934371,0.000955200000134937,0.060725299999830895,0.08237539999936416,2024-04-26 09:15:00,2025-06-26 09:15:00,291 days 00:00:00,100000.0,100000.0,0.0,-21.964372,0.0,0.0,,,0.0,0.0,0.0,0.0,,,,,,,,,,inf,,inf,inf
GMBREW,Success,0.02278200000000652,0.022003300000505988,0.002123300000675954,0.06384560000060446,0.111234300000433,1999-01-05 09:15:00,2025-06-26 09:15:00,5602 days 00:00:00,100000.0,139288.933373,39.288933,33814.620536,100.0,5101.483766,50.690934,2285 days 00:00:00,14.0,14.0,0.0,0.0,28.571429,90.185714,-16.552493,47.439842,-10.990763,50 days 06:00:00,21 days 02:24:00,1.182145,2806.352384,0.205481,0.043057,1.123484,0.333312
GMDCLTD,Success,0.021996699999363045,0.021070400000098743,0.0015681999993830686,0.05785759999980655,0.10293760000058683,1999-01-01 09:15:00,2025-06-26 09:15:00,6526 days 00:00:00,100000.0,120237.095455,20.237095,7536.792453,100.0,4721.779633,40.41927,1481 days 00:00:00,20.0,20.0,0.0,0.0,35.0,47.528942,-23.441876,29.441596,-11.479056,35 days 13:42:51,21 days 11:04:36,1.107897,1011.854773,0.142965,0.025634,1.079461,0.227483
GMMPFAUDLR,Success,0.009457600000132516,0.019100699999398785,0.000976999999693362,0.05289639999955398,0.08294719999958033,2018-03-05 09:15:00,2025-06-26 09:15:00,1812 days 00:00:00,100000.0,157300.257147,57.300257,400.837629,100.0,2509.237984,21.53827,437 days 00:00:00,9.0,9.0,0.0,0.0,44.444444,24.621369,-7.862654,22.646083,-6.996095,20 days 12:00:00,23 days 09:35:59,2.111172,6366.695239,0.61643,0.443582,1.352039,1.203149
GMRAIRPORT,Success,0.015747899999951187,0.015289999999367865,0.0014571000001524226,0.05594509999991715,0.08885649999956513,2006-08-21 09:15:00,2025-06-26 09:15:00,4658 days 00:00:00,100000.0,274602.950447,174.60295,354.797874,100.0,5640.633804,39.438834,2128 days 00:00:00,14.0,14.0,0.0,0.0,50.0,46.404752,-18.40625,32.415577,-12.562013,90 days 03:25:42,61 days 13:42:51,1.907844,12471.639318,0.440248,0.208862,1.143701,0.649703
GMRP&UI,Success,0.004822999999305466,0.016387600000598468,0.0009049000000231899,0.05483509999976377,0.07735810000031051,2022-03-23 09:15:00,2025-06-26 09:15:00,810 days 00:00:00,100000.0,78048.257646,-21.951742,135.877203,100.0,352.3866,23.42766,685 days 00:00:00,2.0,2.0,0.0,0.0,0.0,-10.485028,-12.832849,,-11.658939,,28 days 00:00:00,0.0,-10975.871177,-0.587383,-0.451055,0.752261,-0.792221
GNA,Success,0.009488400000009278,0.01720000000022992,0.001161099999990256,0.05230039999969449,0.08059610000054818,2016-09-26 09:15:00,2025-06-26 09:15:00,2168 days 00:00:00,100000.0,105666.90941,5.666909,162.803509,100.0,1330.665816,41.879395,1754 days 00:00:00,6.0,6.0,0.0,0.0,33.333333,34.419781,-13.964952,27.021146,-9.932388,48 days 12:00:00,8 days 12:00:00,1.123094,944.484902,0.139477,0.022262,1.084871,0.226347
GNFC,Success,0.018297900000106893,0.016291300000375486,0.0014054000002943212,0.05795910000051663,0.09438129999944067,1999-01-01 09:15:00,2025-06-26 09:15:00,6543 days 00:00:00,100000.0,191155.086914,91.155087,2841.443693,100.0,6112.440641,38.504992,1960 days 00:00:00,17.0,17.0,0.0,0.0,35.294118,52.813435,-20.321075,36.298082,-10.202534,69 days 00:00:00,15 days 04:21:49,1.416331,5362.063936,0.308005,0.095585,1.164965,0.465385
GOACARBON,Success,0.014792200000556477,0.015794500000083644,0.0013358000005609938,0.05215330000009999,0.08446660000026895,2007-06-05 09:15:00,2025-06-26 09:15:00,4327 days 00:00:00,100000.0,161246.701848,61.246702,809.133237,100.0,2462.613395,25.089894,1243 days 00:00:00,9.0,9.0,0.0,0.0,44.444444,38.979911,-16.821343,32.903805,-12.256508,25 days 12:00:00,9 days 19:12:00,1.696824,6805.189094,0.335838,0.163909,1.33981,0.608347
GOCLCORP,Success,0.007035100000393868,0.013311299999259063,0.001240499999767053,0.2575036000007458,0.2795642000000953,2015-11-10 09:15:00,2025-06-26 09:15:00,2383 days 00:00:00,100000.0,94530.810838,-5.469189,148.005426,100.0,1491.4911,35.387757,936 days 00:00:00,7.0,7.0,0.0,0.0,28.571429,38.341517,-13.9976,31.72635,-11.377705,37 days 12:00:00,39 days 04:48:00,0.915265,-781.312737,0.044027,-0.02424,1.020103,0.07734
GOCOLORS,Success,0.00603659999978845,0.01520500000060565,0.0009330000002591987,0.05060520000006363,0.07318810000015219,2021-11-30 09:15:00,2025-06-26 09:15:00,888 days 00:00:00,100000.0,94005.659649,-5.99434,-29.967297,100.0,193.999859,7.124459,417 days 00:00:00,1.0,1.0,0.0,0.0,0.0,-6.000335,-6.000335,,-6.000335,,22 days 00:00:00,0.0,-5994.340351,-0.695923,-0.352142,0.556232,-0.90924
GODAVARIB,Success,0.0035422000000835396,0.01385019999997894,0.00078029999986029,0.05184520000057091,0.0705790000001798,2024-10-30 09:15:00,2025-06-26 09:15:00,163 days 00:00:00,100000.0,100000.0,0.0,-28.175991,0.0,0.0,,,0.0,0.0,0.0,0.0,,,,,,,,,,inf,,inf,inf
GODFRYPHLP,Success,0.017037100000379723,0.014669799999865063,0.00135009999939939,0.05502870000054827,0.08850249999977677,1999-01-01 09:15:00,2025-06-26 09:15:00,6478 days 00:00:00,100000.0,41562.478968,-58.437521,11586.141304,100.0,1861.699767,63.576514,6099 days 00:00:00,14.0,14.0,0.0,0.0,14.285714,20.278966,-13.786314,19.116263,-9.701494,22 days 12:00:00,55 days 08:00:00,0.27325,-4174.108645,-0.262105,-0.075917,0.887894,-0.372803
GODHA,Success,0.007560600000033446,0.014098900000135473,0.0009102999993046978,0.05344340000010561,0.0764325000000099,2018-05-11 09:15:00,2025-06-26 09:15:00,1351 days 00:00:00,100000.0,107905.411761,7.905412,-62.237785,100.0,1315.557607,35.288085,781 days 00:00:00,5.0,5.0,0.0,0.0,40.0,39.512686,-14.595504,29.543679,-13.512055,30 days 12:00:00,16 days 08:00:00,1.13435,1581.082352,0.201422,0.058854,1.098379,0.327354
GODIGIT,Success,0.0036169999993944657,0.014360300000589632,0.0008029000000533415,0.05483139999978448,0.07400539999980538,2024-05-23 09:15:00,2025-06-26 09:15:00,273 days 00:00:00,100000.0,89872.793165,-10.127207,15.833333,100.0,189.862856,25.63425,181 days 00:00:00,1.0,1.0,0.0,0.0,0.0,-10.137334,-10.137334,,-10.137334,,105 days 00:00:00,0.0,-10127.206835,-0.269856,-0.518977,0.942701,-0.408297
GODREJAGRO,Success,0.008716800000001967,0.016606500000307278,0.0010190000002694433,0.05237829999987298,0.07914369999980408,2017-10-16 09:15:00,2025-06-26 09:15:00,1907 days 00:00:00,100000.0,87696.888344,-12.303112,29.539155,100.0,1022.376437,25.687375,1329 days 00:00:00,5.0,5.0,0.0,0.0,20.0,18.028764,-8.740822,18.028764,-7.146956,26 days 00:00:00,27 days 00:00:00,0.594142,-2460.622331,-0.233677,-0.096603,0.872796,-0.353108
GODREJCP,Success,0.017068299999664305,0.01688800000010815,0.0013590999997177278,0.055304399999840825,0.09103400000003603,2001-06-20 09:15:00,2025-06-26 09:15:00,5926 days 00:00:00,100000.0,124911.657043,24.911657,28192.144179,100.0,5126.910818,52.391273,4718 days 00:00:00,17.0,17.0,0.0,0.0,35.294118,33.244566,-12.035961,22.088554,-8.381026,47 days 12:00:00,28 days 02:10:54,1.164375,1465.391591,0.167535,0.02633,1.087062,0.266778
GODREJIND,Success,0.016208600000027218,0.014070199999878241,0.0016354999997929554,0.05287009999938164,0.08522940000057133,2003-02-25 09:15:00,2025-06-26 09:15:00,5526 days 00:00:00,100000.0,188887.273745,88.887274,49755.002701,100.0,5367.794189,45.399692,3850 days 00:00:00,15.0,15.0,0.0,0.0,33.333333,47.744069,-13.19452,36.19346,-8.450579,37 days 00:00:00,34 days 14:24:00,1.554948,5925.81825,0.356135,0.094499,1.186274,0.611881
GODREJPROP,Success,0.013296699999955308,0.013438400000268302,0.0011373999996067141,0.053878200000326615,0.08221880000019155,2010-01-05 09:15:00,2025-06-26 09:15:00,3831 days 00:00:00,100000.0,116538.295586,16.538296,790.311773,100.0,2127.935081,31.963082,2465 days 00:00:00,11.0,11.0,0.0,0.0,36.363636,27.934733,-14.450374,23.130355,-9.187321,39 days 18:00:00,32 days 06:51:25,1.255584,1503.481417,0.174729,0.045955,1.084193,0.261314
GOKEX,Success,0.014876500000355009,0.013527300000532705,0.0012730999997074832,0.05008490000000165,0.08021089999965625,2005-04-27 09:15:00,2025-06-26 09:15:00,4923 days 00:00:00,100000.0,249040.164982,149.040165,180.241432,100.0,3542.588196,45.255236,1134 days 00:00:00,12.0,12.0,0.0,0.0,50.0,41.577384,-20.032496,35.209088,-13.761473,36 days 16:00:00,16 days 20:00:00,2.245828,12420.013749,0.431912,0.154658,1.307629,0.815297
GOKUL,Success,0.014219899999261543,0.015432399999554036,0.0010472000003574067,0.05312439999943308,0.08424099999956525,2008-06-04 09:15:00,2025-06-26 09:15:00,4210 days 00:00:00,100000.0,87364.815656,-12.635184,23.31777,100.0,2548.725647,54.49216,2192 days 00:00:00,11.0,11.0,0.0,0.0,27.272727,43.902657,-19.343769,38.98367,-13.007224,37 days 00:00:00,18 days 03:00:00,0.901571,-1148.653122,-0.0045,-0.021366,0.997396,-0.006726
GOKULAGRO,Success,0.011264699999628647,0.014657499999884749,0.0014541999998982647,0.054752600000028906,0.08255199999985052,2016-03-11 09:15:00,2025-06-26 09:15:00,2299 days 00:00:00,100000.0,67568.962926,-32.431037,2703.001389,100.0,983.439907,37.240647,2162 days 00:00:00,6.0,6.0,0.0,0.0,16.666667,41.594009,-16.503341,41.594009,-13.743347,44 days 00:00:00,24 days 00:00:00,0.463397,-5405.172846,-0.387218,-0.162032,0.805635,-0.564704
GOLDIAM,Success,0.01699969999936002,0.01513150000027963,0.0013079000000288943,0.0555633999993006,0.08944059999976162,2005-08-29 09:15:00,2025-06-26 09:15:00,4866 days 00:00:00,100000.0,128637.298539,28.637299,2431.458067,100.0,3586.889807,45.036821,1959 days 00:00:00,11.0,11.0,0.0,0.0,36.363636,39.849703,-19.910378,36.286061,-13.082528,91 days 18:00:00,8 days 20:34:17,1.177977,2603.390776,0.19382,0.042341,1.098649,0.305928
GOLDTECH,Success,0.014609800000471296,0.01325379999980214,0.0011994000005870475,0.05448160000014468,0.08413279999967926,2001-04-11 09:15:00,2025-06-26 09:15:00,5734 days 00:00:00,100000.0,25705.073254,-74.294927,115.007942,100.0,1180.185039,82.614156,5552 days 00:00:00,14.0,13.0,1.0,950.333136,15.384615,54.629592,-28.456521,39.435412,-16.867055,73 days 00:00:00,34 days 02:10:54,0.260243,-5788.096914,-0.297296,-0.100275,0.875744,-0.451754
GOODLUCK,Success,0.00811359999988781,0.014312799999970593,0.000934400000005553,0.05233440000029077,0.076113200000691,2015-01-08 09:15:00,2025-06-26 09:15:00,2591 days 00:00:00,100000.0,64457.209413,-35.542791,1412.371134,100.0,1304.361342,53.873063,1824 days 00:00:00,7.0,7.0,0.0,0.0,14.285714,29.930981,-16.94102,29.930981,-10.989381,28 days 00:00:00,13 days 20:00:00,0.456897,-5077.541512,-0.522241,-0.111358,0.714491,-0.704627
GOPAL,Success,0.0036215999998603365,0.01354189999983646,0.0007605999999213964,0.053152599999521044,0.07152959999984887,2024-03-14 09:15:00,2025-06-26 09:15:00,318 days 00:00:00,100000.0,100000.0,0.0,-1.792117,0.0,0.0,,,0.0,0.0,0.0,0.0,,,,,,,,,,inf,,inf,inf
GOYALALUM,Success,0.0048593999999866355,0.013664399999470334,0.0009485000000495347,0.05255919999945036,0.07251970000015717,2022-11-04 09:15:00,2025-06-26 09:15:00,635 days 00:00:00,100000.0,81460.013944,-18.539986,-43.586159,100.0,369.464541,19.969629,345 days 00:00:00,2.0,2.0,0.0,0.0,0.0,-5.99464,-13.364223,,-9.679431,,5 days 12:00:00,0.0,-9269.993028,-1.511735,-0.556778,0.132348,-1.535875
GPIL,Success,0.012657200000830926,0.013633399999889662,0.0010778000005302601,0.053312100000766804,0.0810938000004171,2006-04-25 09:15:00,2025-06-26 09:15:00,4681 days 00:00:00,100000.0,71029.853567,-28.970146,3558.943286,100.0,2375.859777,59.956569,4305 days 00:00:00,15.0,15.0,0.0,0.0,26.666667,46.894779,-19.937825,34.998325,-12.960899,52 days 12:00:00,9 days 21:49:05,0.769547,-1931.343096,-0.06907,-0.043899,0.962742,-0.09571
GPPL,Success,0.012317200000325101,0.015660699999898497,0.001069199999619741,0.053756199999952514,0.08321590000014112,2010-09-09 09:15:00,2025-06-26 09:15:00,3660 days 00:00:00,100000.0,72430.92041,-27.56908,199.185944,100.0,1107.59618,39.502795,3372 days 00:00:00,7.0,7.0,0.0,0.0,14.285714,26.783772,-12.837857,26.783772,-8.890292,28 days 00:00:00,52 days 12:00:00,0.388818,-3938.439941,-0.166927,-0.08013,0.923862,-0.257837
GPTHEALTH,Success,0.0037432999997690786,0.012770700000146462,0.0008256999999503023,0.05540769999970507,0.07318290000057459,2024-02-29 09:15:00,2025-06-26 09:15:00,328 days 00:00:00,100000.0,100000.0,0.0,-27.409068,0.0,0.0,,,0.0,0.0,0.0,0.0,,,,,,,,,,inf,,inf,inf
GPTINFRA,Success,0.007128199999897333,0.014664799999991374,0.001362400000289199,0.053823900000679714,0.07738010000048234,2016-07-11 09:15:00,2025-06-26 09:15:00,2220 days 00:00:00,100000.0,100200.921565,0.200922,327.950986,100.0,986.236579,33.315758,952 days 00:00:00,4.0,4.0,0.0,0.0,25.0,50.31203,-13.781741,50.31203,-12.637754,104 days 00:00:00,11 days 08:00:00,1.004014,50.230391,0.091993,0.000991,1.057957,0.162977
GRANULES,Success,0.014110899999650428,0.013397700000496116,0.0011230999998588231,0.05152580000049056,0.0808882999999696,2005-06-20 09:15:00,2025-06-26 09:15:00,4946 days 00:00:00,100000.0,89300.748221,-10.699252,4671.003361,100.0,2236.914852,47.44053,2788 days 00:00:00,14.0,13.0,1.0,2360.37157,30.769231,32.925363,-14.877357,23.564587,-10.309409,25 days 18:00:00,58 days 21:20:00,0.838179,-1004.586411,0.00532,-0.01753,1.00217,0.008073
GRAPHITE,Success,0.019579699999667355,0.01576370000020688,0.0014895999993314035,0.052172300000165706,0.08938169999964884,2003-01-13 09:15:00,2025-06-26 09:15:00,5558 days 00:00:00,100000.0,157192.043232,57.192043,9411.092475,100.0,1946.902765,36.370076,2551 days 00:00:00,8.0,8.0,0.0,0.0,50.0,32.906861,-21.428671,26.208376,-10.880356,28 days 12:00:00,49 days 18:00:00,2.036401,7149.005404,0.300207,0.082894,1.227567,0.534214
GRASIM,Success,0.016537900000002992,0.014301200000772951,0.0013619999999718857,0.0571341000004395,0.08974710000074992,1999-01-01 09:15:00,2025-06-26 09:15:00,6543 days 00:00:00,100000.0,508674.858436,408.674858,9673.519291,100.0,15296.470937,27.245383,1560 days 00:00:00,27.0,27.0,0.0,0.0,51.851852,41.725374,-14.958974,20.656028,-7.143691,41 days 10:17:08,46 days 09:13:50,2.585713,15136.105868,0.635035,0.348632,1.24473,0.984298
GRAVITA,Success,0.012977400000636408,0.013405199999397155,0.0010333000000173342,0.05276219999996101,0.08059529999991355,2010-11-16 09:15:00,2025-06-26 09:15:00,3613 days 00:00:00,100000.0,246019.053913,146.019054,4213.781593,100.0,2601.934181,19.248127,293 days 00:00:00,9.0,9.0,0.0,0.0,55.555556,40.049201,-13.763972,32.293542,-11.61372,32 days 00:00:00,21 days 00:00:00,3.233443,16224.339324,0.634615,0.494644,1.479897,1.369714
GREAVESCOT,Success,0.014504699999633885,0.014350599999488622,0.001123899999583955,0.05022409999946831,0.08094240000082209,2004-09-09 09:15:00,2025-06-26 09:15:00,5140 days 00:00:00,100000.0,184189.925325,84.189925,1337.144846,100.0,6205.197305,46.929821,2433 days 00:00:00,16.0,16.0,0.0,0.0,37.5,39.842863,-15.961933,31.078728,-9.525791,38 days 16:00:00,66 days 07:12:00,1.431929,5261.870333,0.318986,0.094456,1.118083,0.495574
GREENLAM,Success,0.008157600000231469,0.015067799999997078,0.0009571999999025138,0.05748990000029153,0.08213880000039353,2015-03-02 09:15:00,2025-06-26 09:15:00,2555 days 00:00:00,100000.0,250167.826107,150.167826,388.635205,100.0,4955.000733,30.781518,783 days 00:00:00,10.0,10.0,0.0,0.0,50.0,41.273886,-11.289282,32.159978,-8.966124,84 days 14:23:59,18 days 04:48:00,2.120668,15016.782611,0.677584,0.454693,1.25907,1.085605
GREENPANEL,Success,0.008384300000216172,0.015239899999869522,0.0009218000004693749,0.05442450000009558,0.07938719999947352,2019-10-23 09:15:00,2025-06-26 09:15:00,1411 days 00:00:00,100000.0,122667.852351,22.667852,560.815806,100.0,823.324108,32.337884,781 days 00:00:00,4.0,4.0,0.0,0.0,50.0,31.02077,-13.860907,26.060633,-12.048323,90 days 00:00:00,26 days 00:00:00,1.892902,5666.963088,0.37564,0.167831,1.136948,0.543598
GREENPLY,Success,0.015236999999615364,0.015360399999735819,0.0012541000005512615,0.057051599999795144,0.08934989999943355,1999-02-25 09:15:00,2025-06-26 09:15:00,5380 days 00:00:00,100000.0,43667.210545,-56.332789,29945.608552,100.0,1759.999367,64.076586,5328 days 00:00:00,16.0,16.0,0.0,0.0,18.75,37.734246,-29.477885,33.078708,-11.947372,57 days 08:00:00,39 days 12:55:23,0.445785,-3520.799341,-0.223001,-0.085309,0.905354,-0.328763
GREENPOWER,Success,0.014871100000164006,0.013935599999967963,0.0011894999997821287,0.0525748999998541,0.08301159999973606,2010-10-08 09:15:00,2025-06-26 09:15:00,3639 days 00:00:00,100000.0,64453.586902,-35.546413,-62.763566,100.0,849.761015,53.16111,2556 days 00:00:00,6.0,6.0,0.0,0.0,16.666667,38.605362,-18.00561,38.605362,-14.143351,31 days 00:00:00,24 days 00:00:00,0.356105,-5924.402183,-0.328128,-0.081072,0.80323,-0.476967
GRINDWELL,Success,0.01614389999940613,0.02511750000030588,0.0012465999998312327,0.058717300000353134,0.10163749999992433,2006-09-11 09:15:00,2025-06-26 09:15:00,4640 days 00:00:00,100000.0,81007.913634,-18.992086,2448.961424,100.0,1393.724109,39.975227,3371 days 00:00:00,7.0,7.0,0.0,0.0,14.285714,28.525686,-8.526938,28.525686,-7.407009,43 days 00:00:00,42 days 00:00:00,0.582175,-2713.155195,-0.148669,-0.041105,0.917898,-0.222727
GRINFRA,Success,0.004908900000373251,0.014829300000201329,0.0008619000000180677,0.055492100000265054,0.07654769999953714,2021-07-19 09:15:00,2025-06-26 09:15:00,978 days 00:00:00,100000.0,93104.51302,-6.895487,-27.239425,100.0,193.097811,9.079609,449 days 00:00:00,1.0,1.0,0.0,0.0,0.0,-6.902382,-6.902382,,-6.902382,,24 days 00:00:00,0.0,-6895.48698,-0.499497,-0.289799,0.606489,-0.597724
GRMOVER,Success,0.004331699999966077,0.014445900000282563,0.0010103000004164642,0.05671100000017759,0.07690739999998186,2022-09-07 09:15:00,2025-06-26 09:15:00,696 days 00:00:00,100000.0,85999.295256,-14.000705,-23.624868,100.0,185.985481,15.304338,177 days 00:00:00,1.0,1.0,0.0,0.0,0.0,-14.014705,-14.014705,,-14.014705,,10 days 00:00:00,0.0,-14000.704744,-1.460484,-0.496932,0.181726,-1.529891
GROBTEA,Success,0.008332099999279308,0.015511000000515196,0.0010163999995711492,0.054002500000024156,0.07928520000041317,2016-07-14 09:15:00,2025-06-26 09:15:00,2161 days 00:00:00,100000.0,54268.286648,-45.731713,207.280265,100.0,801.348598,53.419528,1810 days 00:00:00,6.0,6.0,0.0,0.0,16.666667,25.500829,-21.416881,25.500829,-15.365149,6 days 00:00:00,10 days 09:36:00,0.211634,-7621.952225,-0.620778,-0.183619,0.588902,-0.865243
GRPLTD,Success,0.008388000000195461,0.016077100000075006,0.001008700000056706,0.05379960000027495,0.0798043000004327,2015-02-12 09:15:00,2025-06-26 09:15:00,2542 days 00:00:00,100000.0,239670.766159,139.670766,589.780206,100.0,2231.657267,28.008852,1133 days 00:00:00,7.0,7.0,0.0,0.0,57.142857,42.754272,-11.571742,34.29387,-9.48102,70 days 06:00:00,33 days 08:00:00,3.942071,19952.966594,0.685753,0.477442,1.322852,1.173766
GRSE,Success,0.007643999999345397,0.013116500000251108,0.0010649000005287235,0.05896779999966384,0.08124820000011823,2018-10-10 09:15:00,2025-06-26 09:15:00,1663 days 00:00:00,100000.0,129259.182721,29.259183,2787.608906,100.0,411.739469,21.854792,301 days 00:00:00,2.0,2.0,0.0,0.0,50.0,41.733933,-8.783467,41.733933,-8.783467,156 days 00:00:00,4 days 00:00:00,4.334497,14629.59136,0.421129,0.265145,1.236409,0.77168
GRWRHITECH,Success,0.005669000000125379,0.01890960000037012,0.001095000000532309,0.057928399999582325,0.08402090000072349,2022-02-03 09:15:00,2025-06-26 09:15:00,842 days 00:00:00,100000.0,140448.428893,40.448429,388.801178,100.0,240.489118,13.651361,44 days 00:00:00,1.0,1.0,0.0,0.0,100.0,40.488877,40.488877,40.488877,,68 days 00:00:00,,inf,40448.428893,0.822459,1.162059,1.521842,1.452258
GSFC,Success,0.019223000000238244,0.015889700000116136,0.0017243000002054032,0.055946899999980815,0.09322059999976773,1994-12-16 09:15:00,2025-06-26 09:15:00,7475 days 00:00:00,100000.0,96397.731274,-3.602269,384.14795,100.0,3426.856639,67.471414,4715 days 00:00:00,21.0,20.0,1.0,2647.725127,25.0,75.877235,-16.440883,42.23395,-11.216423,70 days 04:48:00,18 days 06:24:00,0.959438,-312.499693,0.090196,-0.002653,1.047537,0.134174
GSLSU,Success,0.00434040000072855,0.014497299999675306,0.0008337999997820589,0.05215359999965585,0.07229730000017298,2023-03-23 09:15:00,2025-06-26 09:15:00,560 days 00:00:00,100000.0,100000.0,0.0,-29.967846,0.0,0.0,,,0.0,0.0,0.0,0.0,,,,,,,,,,inf,,inf,inf
GSPL,Success,0.01608719999967434,0.014708400000017718,0.001274100000046019,0.05626329999995505,0.08876489999965997,2006-02-16 09:15:00,2025-06-26 09:15:00,4784 days 00:00:00,100000.0,104850.430137,4.85043,690.729276,100.0,3550.246205,42.087501,3631 days 00:00:00,14.0,14.0,0.0,0.0,21.428571,55.083315,-10.074049,36.073253,-7.526675,34 days 16:00:00,24 days 13:05:27,1.044511,346.459295,0.093613,0.008602,1.049661,0.137285
GSS,Success,0.014641299999311741,0.01619879999998375,0.0011414000000513624,0.058038500000293425,0.0904712000001382,2011-08-24 09:15:00,2025-06-26 09:15:00,3419 days 00:00:00,100000.0,81348.995572,-18.651004,-74.179613,100.0,867.492569,54.365623,1502 days 00:00:00,5.0,5.0,0.0,0.0,20.0,39.055485,-17.434514,39.055485,-12.467943,74 days 00:00:00,46 days 06:00:00,0.59693,-3730.200886,-0.016479,-0.040091,0.99166,-0.025081
GTECJAINX,Success,0.004535900000519177,0.016918400000577094,0.0008314000006066635,0.05675679999967542,0.07947729999978037,2023-09-06 09:15:00,2025-06-26 09:15:00,437 days 00:00:00,100000.0,100000.0,0.0,-67.06724,0.0,0.0,,,0.0,0.0,0.0,0.0,,,,,,,,,,inf,,inf,inf
GTL,Success,0.017712400000164052,0.024368200000026263,0.001423199999408098,0.057377899999664805,0.10133279999990918,2002-07-01 09:15:00,2025-06-26 09:15:00,5642 days 00:00:00,100000.0,28300.970803,-71.699029,-90.004454,100.0,1420.598016,79.475992,5343 days 00:00:00,13.0,13.0,0.0,0.0,15.384615,34.422111,-19.498545,24.649262,-14.19663,15 days 00:00:00,27 days 08:43:38,0.219161,-5515.309938,-0.549367,-0.098666,0.687732,-0.714784
GTLINFRA,Success,0.014744299999620125,0.02056319999974221,0.0019778999994741753,0.06256529999973282,0.10036080000008951,2006-11-09 09:15:00,2025-06-26 09:15:00,4602 days 00:00:00,100000.0,68638.127565,-31.361872,-95.724138,100.0,1061.020141,42.783732,1877 days 00:00:00,6.0,6.0,0.0,0.0,16.666667,38.326465,-14.804428,38.326465,-13.078046,27 days 00:00:00,10 days 04:47:59,0.487043,-5226.978739,-0.197511,-0.068732,0.781273,-0.28904
GTPL,Success,0.008025900000575348,0.014408399999410904,0.0010642999995980063,0.05473280000023806,0.07864169999993464,2017-07-04 09:15:00,2025-06-26 09:15:00,1978 days 00:00:00,100000.0,144790.668954,44.790669,-30.637922,100.0,910.537236,18.900806,717 days 00:00:00,4.0,4.0,0.0,0.0,50.0,43.179246,-14.562378,36.590032,-11.745722,34 days 00:00:00,22 days 12:00:00,2.606213,11197.667238,0.49567,0.373975,1.415744,1.113471
GUFICBIO,Success,0.015092399999957706,0.014710200000081386,0.0012213999998493819,0.05114859999957844,0.08257989999947313,2004-10-19 09:15:00,2025-06-26 09:15:00,4943 days 00:00:00,100000.0,42131.173302,-57.868827,1042.964005,100.0,933.522057,66.62526,4185 days 00:00:00,8.0,8.0,0.0,0.0,12.5,23.881995,-19.230446,23.881995,-14.209608,57 days 00:00:00,34 days 13:42:51,0.122991,-7233.603337,-0.38718,-0.092807,0.806089,-0.54376
GUJALKALI,Success,0.018820299999788404,0.015546800000265648,0.0014897000000928529,0.055980499999350286,0.09241769999971439,1994-11-14 09:15:00,2025-06-26 09:15:00,7498 days 00:00:00,100000.0,276273.632449,176.273632,248.181097,100.0,4078.442467,48.590433,4189 days 00:00:00,16.0,16.0,0.0,0.0,50.0,47.677006,-19.78789,28.874112,-11.400131,62 days 15:00:00,35 days 15:00:00,2.696977,11017.102028,0.40828,0.104369,1.214048,0.628675
GUJAPOLLO,Success,0.017877299999781826,0.013356100000237348,0.00118190000011964,0.2490594000000783,0.2818886000004568,2007-07-06 09:15:00,2025-06-26 09:15:00,4438 days 00:00:00,100000.0,151365.518863,51.365519,95.041103,100.0,2604.330513,22.307167,1337 days 00:00:00,9.0,9.0,0.0,0.0,44.444444,35.795355,-12.344549,26.211463,-9.592775,19 days 18:00:00,21 days 19:12:00,1.66409,5707.279874,0.348799,0.155467,1.308761,0.718642
GUJGASLTD,Success,0.008138600000165752,0.013155900000128895,0.0012853000007453375,0.055938799999239563,0.0789545999996335,2015-09-15 09:15:00,2025-06-26 09:15:00,2419 days 00:00:00,100000.0,106448.314437,6.448314,257.004644,100.0,1450.826465,28.019,627 days 00:00:00,7.0,6.0,1.0,1001.028179,33.333333,21.288726,-9.261774,20.813466,-7.800862,22 days 12:00:00,42 days 12:00:00,1.150429,907.881043,0.137168,0.033811,1.076746,0.203903
GUJRAFFIA,Success,0.007361500000115484,0.013845000000401342,0.0010264000002280227,0.05349409999962518,0.07625139999981911,2017-12-13 09:15:00,2025-06-26 09:15:00,1650 days 00:00:00,100000.0,132152.011469,32.152011,-18.382065,100.0,1356.198723,19.870963,445 days 00:00:00,5.0,5.0,0.0,0.0,40.0,38.141766,-15.428439,37.309499,-11.101848,32 days 12:00:00,11 days 08:00:00,1.662642,6430.402294,0.505097,0.320122,1.308419,0.802928
GUJTHEM,Success,0.004091800000423973,0.01785340000060387,0.0010062999999718159,0.05732389999957377,0.08069580000028509,2025-02-25 09:15:00,2025-06-26 09:15:00,81 days 00:00:00,100000.0,100000.0,0.0,41.932966,0.0,0.0,,,0.0,0.0,0.0,0.0,,,,,,,,,,inf,,inf,inf
GULFOILLUB,Success,0.013486099999681755,0.016711999999643012,0.0011280999997325125,0.056642399999873305,0.08840070000042033,2014-07-31 09:15:00,2025-06-26 09:15:00,2696 days 00:00:00,100000.0,126865.174256,26.865174,384.160191,100.0,2476.470496,43.500243,811 days 00:00:00,9.0,9.0,0.0,0.0,33.333333,33.968066,-17.300508,30.880038,-8.920931,81 days 16:00:00,20 days 04:00:00,1.329939,2985.019362,0.268418,0.075264,1.117549,0.404202
GULFPETRO,Success,0.009207000000060361,0.017286999999669206,0.0013603999996121274,0.06374820000019099,0.09206509999967238,2015-05-06 09:15:00,2025-06-26 09:15:00,2513 days 00:00:00,100000.0,43795.924375,-56.204076,28.072126,100.0,842.76094,57.315987,1520 days 00:00:00,6.0,6.0,0.0,0.0,0.0,-9.987916,-19.693786,,-12.801335,,49 days 16:00:00,0.0,-9367.345937,-0.549825,-0.197165,0.795057,-0.803736
GULPOLY,Success,0.013959500000055414,0.01926140000068699,0.0011489999997138511,0.05959940000047936,0.09445930000038061,2015-01-28 09:15:00,2025-06-26 09:15:00,2578 days 00:00:00,100000.0,173828.024369,73.828024,375.646651,100.0,2445.935405,37.871206,704 days 00:00:00,7.0,7.0,0.0,0.0,42.857143,39.117762,-11.045137,37.436457,-9.519051,51 days 16:00:00,23 days 18:00:00,1.976522,10546.860624,0.522396,0.215008,1.28588,0.946438
GVKPIL,Success,0.018865699999878416,0.015968200000315846,0.001291999999921245,0.05641800000012154,0.09299370000007912,2006-02-27 09:15:00,2025-06-26 09:15:00,4414 days 00:00:00,100000.0,96619.582402,-3.380418,-86.607567,100.0,2304.517788,51.530249,3459 days 00:00:00,13.0,13.0,0.0,0.0,30.769231,43.982408,-18.817495,34.151344,-12.492824,20 days 06:00:00,27 days 18:40:00,0.968017,-260.032123,0.060028,-0.005511,1.030932,0.089055
GVPTECH,Success,0.005011000000195054,0.015738199999759672,0.0013220999999248306,0.05784120000043913,0.08034289999977773,2022-09-08 09:15:00,2025-06-26 09:15:00,695 days 00:00:00,100000.0,89942.140865,-10.057859,132.951945,100.0,189.932273,14.565962,234 days 00:00:00,1.0,1.0,0.0,0.0,0.0,-10.067917,-10.067917,,-10.067917,,20 days 00:00:00,0.0,-10057.859135,-0.695179,-0.371755,0.565548,-0.840097
GVT&D,Success,0.01581239999995887,0.015644399999473535,0.001214099999742757,0.06700790000013512,0.10020389999954205,2008-06-30 09:15:00,2025-06-26 09:15:00,4197 days 00:00:00,100000.0,74135.612523,-25.864387,933.20755,100.0,1094.395894,41.882052,1451 days 00:00:00,7.0,7.0,0.0,0.0,14.285714,35.021043,-11.149042,35.021043,-9.50631,57 days 00:00:00,56 days 00:00:00,0.450561,-3694.912497,-0.113083,-0.061342,0.950961,-0.169214
HAL,Success,0.009199199999784469,0.0190124000000651,0.0011211000000912463,0.05556980000073963,0.08531790000051842,2018-03-28 09:15:00,2025-06-26 09:15:00,1795 days 00:00:00,100000.0,130345.86144,30.345861,750.439158,100.0,2052.577554,16.259449,422 days 00:00:00,8.0,8.0,0.0,0.0,37.5,23.851977,-9.485698,22.945195,-6.825453,61 days 08:00:00,16 days 09:35:59,1.66203,3793.23268,0.457729,0.340532,1.184803,0.674002
HAPPSTMNDS,Success,0.005618999999569496,0.015104999999493884,0.0009512999995422433,0.05587130000003526,0.07816609999918,2020-09-17 09:15:00,2025-06-26 09:15:00,1185 days 00:00:00,100000.0,87405.818657,-12.594181,74.214849,100.0,373.78817,13.990958,916 days 00:00:00,2.0,2.0,0.0,0.0,0.0,-6.220416,-6.809517,,-6.514966,,12 days 12:00:00,0.0,-6297.090671,-0.919908,-0.290286,0.445019,-1.077009
HAPPYFORGE,Success,0.00414320000072621,0.018514800000048126,0.0011070000000472646,0.06220090000078926,0.08641820000048028,2023-12-27 09:15:00,2025-06-26 09:15:00,373 days 00:00:00,100000.0,93633.51487,-6.366485,-6.121459,100.0,193.627342,8.593028,197 days 00:00:00,1.0,1.0,0.0,0.0,0.0,-6.372852,-6.372852,,-6.372852,,25 days 00:00:00,0.0,-6366.48513,-0.75163,-0.725505,0.625758,-1.177689
HARDWYN,Success,0.005004799999369425,0.014483300000392774,0.0009775999997145846,0.056393500000012864,0.07727740000063932,2022-04-12 09:15:00,2025-06-26 09:15:00,796 days 00:00:00,100000.0,62219.794149,-37.780206,231.800665,100.0,486.648615,42.941481,359 days 00:00:00,3.0,3.0,0.0,0.0,0.0,-11.597936,-16.523283,,-14.616811,,65 days 00:00:00,0.0,-12593.40195,-0.69064,-0.455351,0.818786,-1.023067
HARIOMPIPE,Success,0.005272799999147537,0.015025700000478537,0.0009364999996250845,0.05753350000031787,0.0791877999999997,2022-04-13 09:15:00,2025-06-26 09:15:00,795 days 00:00:00,100000.0,107724.365967,7.724366,75.17316,100.0,561.131392,22.239731,250 days 00:00:00,3.0,3.0,0.0,0.0,33.333333,27.345308,-8.128975,27.345308,-8.024,28 days 00:00:00,15 days 12:00:00,1.501924,2574.788656,0.300331,0.156258,1.255467,0.624347
HARRMALAYA,Success,0.019670599999699334,0.016904600000088976,0.001726599999528844,0.06024080000042886,0.09902370000054361,1997-01-13 09:15:00,2025-06-26 09:15:00,6983 days 00:00:00,100000.0,53041.434404,-46.958566,585.538183,100.0,2916.734017,65.345354,6314 days 00:00:00,15.0,15.0,0.0,0.0,26.666667,43.793568,-26.994759,39.351667,-16.134452,35 days 12:00:00,20 days 06:32:43,0.745381,-3130.57104,-0.124387,-0.04989,0.921265,-0.189353
HARSHA,Success,0.00755490000028658,0.01565070000015112,0.0008951999998316751,0.06024170000000595,0.08486369999991439,2022-09-26 09:15:00,2025-06-26 09:15:00,683 days 00:00:00,100000.0,90606.806942,-9.393193,-16.793422,100.0,190.597604,17.668386,220 days 00:00:00,1.0,1.0,0.0,0.0,0.0,-9.402586,-9.402586,,-9.402586,,64 days 00:00:00,0.0,-9393.193058,-0.283178,-0.290627,0.880438,-0.420961
HATHWAY,Success,0.013650500000039756,0.01441179999983433,0.0011973000000580214,0.060638400000243564,0.09038430000055087,2010-02-25 09:15:00,2025-06-26 09:15:00,3796 days 00:00:00,100000.0,125408.196541,25.408197,-61.305079,100.0,1558.930017,21.231004,2218 days 00:00:00,7.0,6.0,1.0,9523.415568,33.333333,32.166754,-10.480562,28.789537,-8.528193,32 days 00:00:00,22 days 06:00:00,1.361681,2647.463495,0.285123,0.103661,1.230782,0.487074
HATSUN,Success,0.014638300000115123,0.017116499999247026,0.001035299999784911,0.06213909999951284,0.09534879999955592,2014-06-20 09:15:00,2025-06-26 09:15:00,2724 days 00:00:00,100000.0,74642.476294,-25.357524,608.542795,100.0,695.035211,25.357524,1756 days 00:00:00,4.0,4.0,0.0,0.0,0.0,-4.898516,-9.089365,,-7.045196,,23 days 00:00:00,0.0,-6339.380927,-0.758961,-0.151553,0.572281,-0.940816
HAVELLS,Success,0.017850799999905576,0.015194799999335373,0.0014196000001902576,0.056482599999981176,0.09136809999927209,2001-03-21 09:15:00,2025-06-26 09:15:00,5872 days 00:00:00,100000.0,174329.561596,74.329562,80718.410561,100.0,7765.497556,39.038608,1677 days 00:00:00,26.0,26.0,0.0,0.0,38.461538,31.198778,-18.326017,22.722162,-8.773524,44 days 21:36:00,27 days 10:30:00,1.365258,2858.829292,0.297983,0.09004,1.126199,0.416761
HAVISHA,Success,0.006790999999793712,0.014917500000592554,0.0011353999998391373,0.058162000000265834,0.08174059999964811,2018-04-12 09:15:00,2025-06-26 09:15:00,1750 days 00:00:00,100000.0,62801.481599,-37.198518,26.315789,100.0,1239.395466,51.421605,1086 days 00:00:00,7.0,7.0,0.0,0.0,14.285714,68.792646,-27.518037,68.792646,-14.958511,75 days 00:00:00,14 days 08:00:00,0.572578,-5314.074057,-0.212364,-0.179822,0.89577,-0.305227
HBLENGINE,Success,0.015070699999341741,0.015438100000210397,0.001509799999439565,0.0580430999998498,0.09069510000063019,2007-01-04 09:15:00,2025-06-26 09:15:00,4513 days 00:00:00,100000.0,52359.477394,-47.640523,2065.12582,100.0,1680.502194,61.178698,4257 days 00:00:00,14.0,14.0,0.0,0.0,21.428571,41.911024,-23.93669,33.714288,-12.773799,28 days 00:00:00,16 days 19:38:10,0.503006,-3402.894472,-0.211269,-0.083338,0.88428,-0.303861
HBSL,Success,0.005923000000620959,0.016488700000081735,0.0009690000006230548,0.05656809999982215,0.0803777999999511,2018-07-26 09:15:00,2025-06-26 09:15:00,1584 days 00:00:00,100000.0,89506.385398,-10.493615,906.972477,100.0,189.496081,10.493615,187 days 00:00:00,1.0,1.0,0.0,0.0,0.0,-10.504108,-10.504108,,-10.504108,,6 days 00:00:00,0.0,-10493.614602,-0.985921,-0.240355,0.02884,-0.986755
HCC,Success,0.021696099999644503,0.01672099999996135,0.0014549000006809365,0.06139290000010078,0.10173519999989367,1995-05-12 09:15:00,2025-06-26 09:15:00,7423 days 00:00:00,100000.0,183468.909767,83.46891,647.913657,100.0,4395.786668,42.189522,1943 days 00:00:00,21.0,21.0,0.0,0.0,38.095238,42.887567,-17.701415,34.17844,-12.448367,52 days 18:00:00,14 days 03:41:32,1.474499,3974.709989,0.254457,0.071797,1.133317,0.402182
HCG,Success,0.009008500000163622,0.014907300000231771,0.001111000000491913,0.054110600000058184,0.07962150000003021,2016-03-30 09:15:00,2025-06-26 09:15:00,2289 days 00:00:00,100000.0,148860.071596,48.860072,219.97076,100.0,1893.636762,18.484795,592 days 00:00:00,8.0,7.0,1.0,11206.225109,42.857143,35.876075,-9.929644,24.229184,-7.78613,72 days 08:00:00,41 days 12:00:00,1.897841,5379.120927,0.417866,0.354312,1.156934,0.734171
HCLTECH,Success,0.022265700000389188,0.014941800000087824,0.0014002999996591825,0.05380609999974695,0.09283849999974336,2000-01-11 09:15:00,2025-06-26 09:15:00,6288 days 00:00:00,100000.0,202427.827475,102.427827,1674.621249,100.0,6988.656601,41.111852,2262 days 00:00:00,23.0,23.0,0.0,0.0,39.130435,46.129795,-17.148688,26.545794,-9.257672,79 days 16:00:00,23 days 15:25:42,1.550134,4453.383803,0.327365,0.101637,1.12767,0.455672
HCL_INSYS,Success,0.01645159999952739,0.015291900000192982,0.0012731999995594379,0.05972139999994397,0.09319049999976414,2006-11-02 09:15:00,2025-06-26 09:15:00,4607 days 00:00:00,100000.0,40338.038647,-59.661961,-86.432575,100.0,1647.494259,61.243685,4416 days 00:00:00,12.0,12.0,0.0,0.0,8.333333,43.37824,-13.862966,43.37824,-10.871665,44 days 00:00:00,15 days 10:54:32,0.301846,-4971.830113,-0.478979,-0.113322,0.741437,-0.655214
HDFCAMC,Success,0.011184799999682582,0.015153100000134145,0.0009479000000283122,0.05110089999925549,0.07880779999959486,2018-08-06 09:15:00,2025-06-26 09:15:00,1705 days 00:00:00,100000.0,122290.63916,22.290639,179.468047,100.0,929.041939,27.914628,1277 days 00:00:00,5.0,5.0,0.0,0.0,40.0,27.378829,-10.048535,24.526334,-7.572432,56 days 00:00:00,37 days 00:00:00,2.058181,4458.127832,0.395713,0.157695,1.172671,0.636919
HDFCBANK,Success,0.022191299999576586,0.01599050000004354,0.0019122000003335415,0.057254700000157754,0.09779879999950936,1995-06-15 09:15:00,2025-06-26 09:15:00,7416 days 00:00:00,100000.0,224512.48081,124.512481,44433.039648,100.0,7711.263028,38.419433,4111 days 00:00:00,26.0,26.0,0.0,0.0,42.307692,26.55322,-13.28629,18.071664,-6.405275,48 days 10:54:32,27 days 19:12:00,1.878826,4788.94157,0.376274,0.105698,1.169676,0.595925
HDFCLIFE,Success,0.008897199999410077,0.014529899999615736,0.0013828000001012697,0.05692040000030829,0.08213890000024548,2017-11-17 09:15:00,2025-06-26 09:15:00,1884 days 00:00:00,100000.0,141842.357862,41.842358,131.993609,100.0,2142.683885,10.187851,369 days 00:00:00,8.0,8.0,0.0,0.0,50.0,18.990299,-6.504661,15.36936,-5.376346,47 days 00:00:00,11 days 12:00:00,2.380124,5230.294733,0.73633,0.687736,1.337017,1.233385
HEADSUP,Success,0.007729399999334419,0.01484939999954804,0.0012130999994042213,0.05344619999959832,0.07764970000062021,2016-12-14 09:15:00,2025-06-26 09:15:00,2115 days 00:00:00,100000.0,64867.828105,-35.132172,-95.599197,100.0,493.174688,35.132172,1831 days 00:00:00,3.0,3.0,0.0,0.0,0.0,-11.822172,-14.641002,,-13.440171,,10 days 00:00:00,0.0,-11710.723965,-0.919194,-0.204863,0.371758,-1.023411
HECPROJECT,Success,0.004772899999807123,0.012895200000457407,0.0009853000001385226,0.054225599999881524,0.07328589999997348,2016-03-30 09:15:00,2025-06-26 09:15:00,1040 days 00:00:00,100000.0,73205.545333,-26.794455,83.237994,100.0,353.144828,43.315454,614 days 00:00:00,2.0,2.0,0.0,0.0,0.0,-10.027155,-18.663658,,-14.345407,,14 days 00:00:00,0.0,-13397.227333,-0.504817,-0.239374,0.673664,-0.811457
HEG,Success,0.017627400000492344,0.015565099999548693,0.0013676999997187522,0.058681099999375874,0.09363240000038786,1999-01-01 09:15:00,2025-06-26 09:15:00,6533 days 00:00:00,100000.0,74780.105436,-25.219895,10668.478261,100.0,2124.620546,52.04804,5403 days 00:00:00,15.0,14.0,1.0,4592.562167,21.428571,34.222145,-12.781891,30.297886,-9.888221,28 days 16:00:00,18 days 06:32:43,0.650594,-2129.461195,-0.059739,-0.030944,0.956255,-0.089977
HEIDELBERG,Success,0.017197199999827717,0.019137500000397267,0.0012321000003794325,0.05729989999963436,0.09529509999993024,2006-11-02 09:15:00,2025-06-26 09:15:00,4609 days 00:00:00,100000.0,95556.295982,-4.443704,223.304205,100.0,1367.295476,39.772272,3086 days 00:00:00,7.0,7.0,0.0,0.0,28.571429,30.597318,-13.525563,24.865588,-9.263785,53 days 12:00:00,55 days 09:36:00,0.906269,-634.81486,0.029824,-0.009034,1.014279,0.042373
HEMIPROP,Success,0.005268700000669924,0.014054599999326456,0.0008916999995562946,0.057466500000373344,0.07819319999998697,2020-10-22 09:15:00,2025-06-26 09:15:00,1161 days 00:00:00,100000.0,79361.544037,-20.638456,50.873572,100.0,695.140915,32.810381,741 days 00:00:00,4.0,4.0,0.0,0.0,25.0,19.796925,-14.915446,19.796925,-12.812986,7 days 00:00:00,74 days 08:00:00,0.427294,-5159.613991,-0.200473,-0.213634,0.934234,-0.289411
HERANBA,Success,0.0061037000004944275,0.019642000000203552,0.0011425000002418528,0.05330359999970824,0.08067810000011377,2021-03-05 09:15:00,2025-06-26 09:15:00,1068 days 00:00:00,100000.0,100000.0,0.0,-62.084666,0.0,0.0,,,0.0,0.0,0.0,0.0,,,,,,,,,,inf,,inf,inf
HERCULES,Success,0.01741459999993822,0.015992699999515025,0.001219199999468401,0.06488029999945866,0.0999775000000227,2008-02-20 09:15:00,2025-06-26 09:15:00,4281 days 00:00:00,100000.0,215240.12225,115.240122,312.148817,100.0,3194.365519,22.390412,901 days 00:00:00,8.0,8.0,0.0,0.0,50.0,60.771537,-12.297237,35.296739,-9.944594,41 days 06:00:00,13 days 06:00:00,2.290369,14405.015281,0.469869,0.301658,1.382843,1.008753
HERITGFOOD,Success,0.01873909999994794,0.01618529999996099,0.0014951000002838555,0.3538687000000209,0.3908779000003051,1999-01-01 09:15:00,2025-06-26 09:15:00,6480 days 00:00:00,100000.0,90216.387945,-9.783612,31815.4582,100.0,2911.849536,59.872631,4303 days 00:00:00,18.0,18.0,0.0,0.0,33.333333,36.020715,-19.25095,28.431295,-12.414726,52 days 20:00:00,25 days 12:00:00,0.926206,-543.534003,0.041064,-0.009658,1.019224,0.063129
HEROMOTOCO,Success,0.03261389999988751,0.026098299999830488,0.0016411999995398219,0.06245960000069317,0.1233671999998478,2002-07-01 09:15:00,2025-06-26 09:15:00,5691 days 00:00:00,100000.0,62620.612538,-37.379387,1269.61739,100.0,2634.520318,53.406626,5247 days 00:00:00,20.0,20.0,0.0,0.0,25.0,17.289087,-10.754353,14.536848,-7.342695,38 days 14:24:00,33 days 16:00:00,0.526295,-1868.969373,-0.202432,-0.055376,0.921156,-0.273199
HESTERBIO,Success,0.008867999999893073,0.014536499999849184,0.0012617000002137502,0.05221620000065741,0.07731460000013612,2015-03-13 09:15:00,2025-06-26 09:15:00,2547 days 00:00:00,100000.0,72926.316218,-27.073684,294.26344,100.0,1125.153051,39.46445,1787 days 00:00:00,7.0,7.0,0.0,0.0,14.285714,22.329559,-12.094271,22.329559,-8.227203,8 days 00:00:00,33 days 16:00:00,0.35848,-3867.669112,-0.272016,-0.112092,0.872603,-0.425013
HEUBACHIND,Success,0.016114300000481308,0.016174999999748252,0.001316600000791368,0.05411649999950896,0.08816790000037145,2006-06-05 09:15:00,2025-06-26 09:15:00,4710 days 00:00:00,100000.0,208945.155087,108.945155,143.489096,100.0,3144.283407,19.79704,1959 days 00:00:00,10.0,10.0,0.0,0.0,50.0,30.377122,-8.551848,24.713859,-6.995677,28 days 09:36:00,6 days 00:00:00,2.854567,10894.515509,0.575654,0.296852,1.574747,1.215882
HEXATRADEX,Success,0.015502100000048813,0.01746370000000752,0.0012144000002081157,0.06318049999936193,0.09780980000050477,2012-04-27 09:15:00,2025-06-26 09:15:00,3253 days 00:00:00,100000.0,87925.351133,-12.074649,159.287717,100.0,1070.108073,59.836653,3084 days 00:00:00,7.0,7.0,0.0,0.0,28.571429,43.57315,-16.667618,38.064545,-14.30245,9 days 12:00:00,21 days 09:35:59,0.796976,-1724.949838,-0.056527,-0.023957,0.964943,-0.081662
HEXT,Success,0.0036927999999534222,0.016684999999597494,0.0009018999999170774,0.06791419999990467,0.08968159999949421,2025-02-19 09:15:00,2025-06-26 09:15:00,85 days 00:00:00,100000.0,100000.0,0.0,12.064783,0.0,0.0,,,0.0,0.0,0.0,0.0,,,,,,,,,,inf,,inf,inf
HFCL,Success,0.017422099999748752,0.014278700000431854,0.0014387000001079286,0.05925909999950818,0.09281250000003638,2002-08-12 09:15:00,2025-06-26 09:15:00,5658 days 00:00:00,100000.0,173731.571128,73.731571,80.267769,100.0,4324.633608,49.49907,1647 days 00:00:00,17.0,16.0,1.0,10154.399441,43.75,41.239254,-21.10302,30.976271,-14.165295,37 days 17:08:34,27 days 21:20:00,1.361822,3973.57323,0.279722,0.073283,1.153321,0.477764
HGINFRA,Success,0.007414300000164076,0.016469099999994796,0.0009580000005371403,0.05731259999993199,0.0825922999993054,2018-03-09 09:15:00,2025-06-26 09:15:00,1808 days 00:00:00,100000.0,115914.425586,15.914426,296.7507,100.0,1169.101149,40.950092,1506 days 00:00:00,6.0,6.0,0.0,0.0,33.333333,36.779658,-10.509168,30.134565,-8.973295,33 days 00:00:00,56 days 12:00:00,1.444896,2652.404264,0.250365,0.073902,1.097601,0.38828
HGS,Success,0.014190699999744538,0.017404899999746704,0.0016105000004245085,0.057516900000337046,0.09140979999938281,2011-11-30 09:15:00,2025-06-26 09:15:00,3356 days 00:00:00,100000.0,133018.356379,33.018356,236.124835,100.0,1784.509297,22.715313,1157 days 00:00:00,8.0,8.0,0.0,0.0,37.5,42.419775,-13.144249,28.582915,-8.759778,68 days 08:00:00,32 days 09:36:00,1.628451,4127.294547,0.286991,0.138751,1.146667,0.510409
HIKAL,Success,0.018306899999515736,0.017846900000222377,0.0024764999998296844,0.06003599999985454,0.09938940000029106,2001-02-14 09:15:00,2025-06-26 09:15:00,5845 days 00:00:00,100000.0,298959.104599,198.959105,3612.485133,100.0,4408.478968,35.223381,1323 days 00:00:00,10.0,10.0,0.0,0.0,50.0,75.614881,-12.085733,39.393812,-9.987647,51 days 19:12:00,21 days 09:35:59,2.656326,19895.91046,0.534967,0.200946,1.392777,1.091506
HILTON,Success,0.030460699999821372,0.018706700000620913,0.0016113000001496403,0.05495169999994687,0.10626529999990453,2007-05-24 09:15:00,2025-06-26 09:15:00,4279 days 00:00:00,100000.0,121331.343025,21.331343,4.289634,100.0,1524.263619,49.545572,1461 days 00:00:00,8.0,8.0,0.0,0.0,37.5,49.487272,-22.899847,42.925246,-15.901379,24 days 16:00:00,28 days 14:24:00,1.268839,2666.417878,0.179477,0.033565,1.120037,0.306003
HIMATSEIDE,Success,0.019212100000004284,0.014899800000421237,0.0013419000006251736,0.08923909999975876,0.12533970000004047,1999-01-01 09:15:00,2025-06-26 09:15:00,6558 days 00:00:00,100000.0,58304.867188,-41.695133,824.762646,100.0,2296.502804,52.565216,5103 days 00:00:00,13.0,13.0,0.0,0.0,15.384615,23.401066,-12.815065,23.169915,-8.308186,55 days 00:00:00,19 days 06:32:43,0.496698,-3207.317909,-0.277804,-0.056273,0.826862,-0.391108
HINDALCO,Success,0.03404580000005808,0.026055299999825365,0.002188399999795365,0.0811905000000479,0.14420809999955964,1994-11-03 09:15:00,2025-06-26 09:15:00,7574 days 00:00:00,100000.0,226683.09123,126.683091,978.139007,100.0,8860.171224,36.656412,1704 days 00:00:00,29.0,29.0,0.0,0.0,41.37931,37.267761,-17.225954,21.309155,-8.318803,41 days 18:00:00,22 days 05:38:49,1.592735,4368.382456,0.347178,0.10974,1.157002,0.521101
HINDCOMPOS,Success,0.0268952000005811,0.022734099999979662,0.0015817999992577825,0.06896599999981845,0.12078269999983604,1997-01-24 09:15:00,2025-06-26 09:15:00,4915 days 00:00:00,100000.0,131672.244205,31.672244,4390.561801,100.0,2539.279795,56.880941,3232 days 00:00:00,11.0,11.0,0.0,0.0,36.363636,45.909504,-21.531047,38.972826,-13.604676,47 days 12:00:00,13 days 10:17:08,1.269369,2879.294928,0.203355,0.036292,1.151539,0.320157
HINDCON,Success,0.007321799999772338,0.016258300000117742,0.0009807999995246064,0.060374599999704515,0.08550980000018171,2018-03-09 09:15:00,2025-06-26 09:15:00,1261 days 00:00:00,100000.0,207758.995837,107.758996,496.587051,100.0,986.51259,17.423736,238 days 00:00:00,3.0,3.0,0.0,0.0,66.666667,81.059058,-12.518848,56.148675,-12.518848,25 days 00:00:00,19 days 00:00:00,5.76099,35919.665279,0.780984,1.352843,2.456783,3.229075
HINDCOPPER,Success,0.021859099999346654,0.02300230000037118,0.0017932000000655535,0.060847800000374264,0.10813559999951394,2010-01-08 09:15:00,2025-06-26 09:15:00,3828 days 00:00:00,100000.0,75889.318493,-24.110682,-25.86376,100.0,1663.223117,35.453143,3292 days 00:00:00,10.0,10.0,0.0,0.0,20.0,39.353142,-13.977982,35.284597,-10.395201,25 days 12:00:00,19 days 03:00:00,0.671795,-2411.068151,-0.137833,-0.073233,0.909417,-0.234506
HINDMOTORS,Success,0.021416300000055344,0.023898499999631895,0.002129399999830639,0.06525699999929202,0.11317550000057963,2011-03-08 09:15:00,2025-06-26 09:15:00,3537 days 00:00:00,100000.0,40843.058139,-59.156942,66.685879,100.0,1046.023101,66.717795,2345 days 00:00:00,9.0,9.0,0.0,0.0,11.111111,33.382767,-26.048629,33.382767,-13.616212,69 days 00:00:00,28 days 09:00:00,0.201675,-6572.99354,-0.47151,-0.132294,0.782115,-0.722679
HINDOILEXP,Success,0.023262400000021444,0.019705000000612927,0.0016791999996712548,0.05931990000044607,0.10442649999913556,1999-01-01 09:15:00,2025-06-26 09:15:00,6543 days 00:00:00,100000.0,67566.431988,-32.433568,683.912525,100.0,1941.762421,62.281706,5326 days 00:00:00,14.0,14.0,0.0,0.0,28.571429,44.22099,-18.617039,31.4289,-13.700254,40 days 06:00:00,27 days 09:36:00,0.692803,-2316.683429,-0.042468,-0.034735,0.977449,-0.063435
HINDPETRO,Success,0.01906550000057905,0.01588030000038998,0.0015116000004127272,0.05311770000025717,0.0900456999997914,1999-01-01 09:15:00,2025-06-26 09:15:00,6542 days 00:00:00,100000.0,109574.78497,9.574785,1113.444615,100.0,3419.438259,42.415638,3201 days 00:00:00,14.0,14.0,0.0,0.0,28.571429,37.21375,-10.168728,25.571781,-7.805728,26 days 12:00:00,27 days 19:12:00,1.096726,683.913212,0.101985,0.012058,1.061126,0.147614
HINDUNILVR,Success,0.018395999999484047,0.016636499999549414,0.0014419999997699051,0.0560432000002038,0.09299369999916962,1996-01-01 09:15:00,2025-06-26 09:15:00,7302 days 00:00:00,100000.0,149555.04246,49.555042,3590.316317,100.0,6762.79294,30.989538,3934 days 00:00:00,28.0,28.0,0.0,0.0,39.285714,18.799395,-8.044391,13.892134,-5.851691,30 days 17:27:16,14 days 16:56:28,1.411687,1769.822945,0.264079,0.06558,1.147428,0.394776
HINDWAREAP,Success,0.007780299999467388,0.014835299999504059,0.0009834000002229004,0.05759779999971215,0.08182220000071538,2019-12-26 09:15:00,2025-06-26 09:15:00,1368 days 00:00:00,100000.0,78741.29258,-21.258707,86.703161,100.0,355.064958,24.338582,875 days 00:00:00,2.0,2.0,0.0,0.0,0.0,-10.706792,-11.839543,,-11.273167,,48 days 12:00:00,0.0,-10629.35371,-0.465323,-0.253828,0.781718,-0.611957
HINDZINC,Success,0.019084399999883317,0.018776400000206195,0.0012707000005320879,0.06408030000056897,0.10414140000011685,2006-11-21 09:15:00,2025-06-26 09:15:00,4596 days 00:00:00,100000.0,77534.786325,-22.465214,415.325462,100.0,1834.028321,35.001367,3810 days 00:00:00,12.0,11.0,1.0,554.429028,18.181818,28.381831,-10.383858,25.04792,-7.548991,66 days 00:00:00,14 days 10:40:00,0.598563,-2092.694791,-0.144517,-0.057153,0.917983,-0.191882
HIRECT,Success,0.023836299999857147,0.019195099999706144,0.0013593000003311317,0.05746420000014041,0.10231759999987844,2006-12-26 09:15:00,2025-06-26 09:15:00,4541 days 00:00:00,100000.0,131592.397746,31.592398,1318.495024,100.0,1682.139728,55.353218,3245 days 00:00:00,9.0,9.0,0.0,0.0,33.333333,56.712161,-15.645083,41.710334,-11.924414,90 days 16:00:00,15 days 00:00:00,1.470465,3510.266416,0.206874,0.040309,1.120263,0.376531
HISARMETAL,Success,0.010422499999549473,0.01871320000009291,0.0011498000003484776,0.053333699999711826,0.08412560000033409,2017-01-05 09:15:00,2025-06-26 09:15:00,2098 days 00:00:00,100000.0,39629.528829,-60.370471,585.679419,100.0,1016.217314,69.19919,2018 days 00:00:00,9.0,9.0,0.0,0.0,11.111111,34.578951,-18.85774,34.578951,-14.138103,76 days 00:00:00,34 days 15:00:00,0.158072,-6707.83013,-0.433256,-0.214936,0.850002,-0.62368
HITECH,Success,0.0076810000000477885,0.014591199999813398,0.0009545999992042198,0.052444300000388466,0.07611629999973957,2018-05-07 09:15:00,2025-06-26 09:15:00,1770 days 00:00:00,100000.0,161378.37734,61.378377,146.02349,100.0,1027.425043,28.221369,547 days 00:00:00,5.0,5.0,0.0,0.0,60.0,35.487744,-15.588016,29.155716,-13.317643,69 days 16:00:00,105 days 12:00:00,3.465979,12275.675468,0.506691,0.36754,1.167116,0.843189
HITECHCORP,Success,0.016749500000514672,0.014309499999399122,0.001108399999793619,0.05311910000000353,0.08570620000045892,2007-12-20 09:15:00,2025-06-26 09:15:00,4105 days 00:00:00,100000.0,92482.715084,-7.517285,76.479195,100.0,1674.814569,51.891944,2024 days 00:00:00,11.0,11.0,0.0,0.0,36.363636,41.761588,-21.20662,31.836776,-15.444941,31 days 12:00:00,101 days 06:51:25,0.916292,-683.389538,0.11066,-0.013344,1.040661,0.189772
HITECHGEAR,Success,0.01726760000019567,0.015673900000365393,0.001267599999664526,0.05257369999981165,0.08724359999996523,2003-05-15 09:15:00,2025-06-26 09:15:00,5344 days 00:00:00,100000.0,60957.671679,-39.042328,2911.991794,100.0,2145.681127,42.739588,4509 days 00:00:00,14.0,14.0,0.0,0.0,21.428571,41.319643,-17.008162,38.538468,-12.485795,62 days 08:00:00,17 days 13:05:27,0.654091,-2788.737737,-0.160297,-0.077781,0.91538,-0.220754
HLEGLAS,Success,0.0058937999992849655,0.01681300000018382,0.0008919000001696986,0.053716200000053504,0.07774370000061026,2021-02-22 09:15:00,2025-06-26 09:15:00,1077 days 00:00:00,100000.0,86295.773957,-13.704226,17.945269,100.0,186.282256,19.800885,854 days 00:00:00,1.0,1.0,0.0,0.0,0.0,-13.71793,-13.71793,,-13.71793,,62 days 00:00:00,0.0,-13704.226043,-0.343985,-0.246069,0.791194,-0.421013
HLVLTD,Success,0.01733440000043629,0.015100799999345327,0.0014312000002973946,0.05730409999978292,0.09164890000010928,1999-01-01 09:15:00,2025-06-26 09:15:00,6456 days 00:00:00,100000.0,76158.224536,-23.841775,76.214843,100.0,2030.220699,47.591213,3744 days 00:00:00,12.0,12.0,0.0,0.0,25.0,46.205862,-17.338859,35.600621,-12.229455,52 days 08:00:00,35 days 05:20:00,0.759082,-1986.814622,-0.015639,-0.032107,0.991295,-0.024401
HMAAGRO,Success,0.00449899999966874,0.015100399999937508,0.0008953999995355844,0.054788100000223494,0.0756731999999829,2023-07-04 09:15:00,2025-06-26 09:15:00,493 days 00:00:00,100000.0,91217.251466,-8.782749,-44.352431,100.0,191.20866,8.782749,413 days 00:00:00,1.0,1.0,0.0,0.0,0.0,-8.791531,-8.791531,,-8.791531,,20 days 00:00:00,0.0,-8782.748534,-0.824883,-0.749134,0.542159,-0.931251
HMVL,Success,0.012255999999979394,0.013982500000565778,0.0011005999995177262,0.05284070000016072,0.08059570000023086,2010-07-21 09:15:00,2025-06-26 09:15:00,3693 days 00:00:00,100000.0,113154.594314,13.154594,-52.627679,100.0,1918.457156,43.111425,1114 days 00:00:00,7.0,7.0,0.0,0.0,28.571429,44.116605,-16.661104,41.057617,-10.582757,56 days 12:00:00,30 days 09:36:00,1.167287,1879.227759,0.154828,0.028506,1.097815,0.268691
HNDFDS,Success,0.005664700000124867,0.01386610000008659,0.0009267000004911097,0.052442100000007486,0.07330759999967995,2019-08-19 09:15:00,2025-06-26 09:15:00,1453 days 00:00:00,100000.0,66304.097588,-33.695902,546.06405,100.0,658.625302,39.984356,1328 days 00:00:00,4.0,4.0,0.0,0.0,0.0,-8.96282,-11.583076,,-9.766276,,35 days 06:00:00,0.0,-8423.975603,-0.846481,-0.245285,0.665413,-1.172218
HOMEFIRST,Success,0.005387299999711104,0.01411279999956605,0.0009783000004972564,0.05517429999963497,0.07626259999960894,2021-02-03 09:15:00,2025-06-26 09:15:00,1090 days 00:00:00,100000.0,108902.878139,8.902878,162.97034,100.0,556.845129,24.587232,460 days 00:00:00,3.0,3.0,0.0,0.0,33.333333,30.226247,-9.688584,30.226247,-8.543577,33 days 00:00:00,40 days 00:00:00,1.544362,2967.626046,0.258901,0.117829,1.110503,0.404607
HONASA,Success,0.005085199999484757,0.01650599999993574,0.0009614000000510714,0.05545979999988049,0.07859389999975974,2023-11-07 09:15:00,2025-06-26 09:15:00,407 days 00:00:00,100000.0,83647.398042,-16.352602,-7.282708,100.0,363.463981,17.016348,265 days 00:00:00,2.0,2.0,0.0,0.0,0.0,-6.978888,-10.093797,,-8.536343,,11 days 12:00:00,0.0,-8176.300979,-0.690447,-0.869576,0.632862,-0.777752
HONAUT,Success,0.01950719999967987,0.01648490000025049,0.001625400000193622,0.05348630000025878,0.09165199999915785,2005-03-24 09:15:00,2025-06-26 09:15:00,5004 days 00:00:00,100000.0,82771.366935,-17.228633,6320.798963,100.0,5049.107427,62.597628,3699 days 00:00:00,22.0,22.0,0.0,0.0,27.272727,37.728231,-12.431449,19.933724,-7.58631,18 days 04:00:00,31 days 15:00:00,0.882925,-783.119685,-0.035797,-0.021882,0.984355,-0.056527
HONDAPOWER,Success,0.015975999999682244,0.01763440000013361,0.0012888999999631778,0.052956499999709195,0.08826030000000173,2006-04-04 09:15:00,2025-06-26 09:15:00,4661 days 00:00:00,100000.0,165838.408586,65.838409,1822.557138,100.0,6078.454496,54.295558,2338 days 00:00:00,13.0,13.0,0.0,0.0,38.461538,37.201516,-12.416442,29.571593,-9.319417,60 days 14:24:00,47 days 15:00:00,1.334186,5064.492968,0.30704,0.074421,1.133594,0.533084
HOVS,Success,0.014589999999770953,0.015358000000560423,0.0012024000006931601,0.057892400000127964,0.0894616000005044,2006-09-27 09:15:00,2025-06-26 09:15:00,4342 days 00:00:00,100000.0,116960.712451,16.960712,-69.040488,100.0,2618.534329,49.623595,951 days 00:00:00,9.0,8.0,1.0,-1766.682028,37.5,39.587218,-22.026977,38.966986,-14.968003,68 days 16:00:00,20 days 19:12:00,1.142561,2340.92431,0.159601,0.026715,1.09723,0.300831
HPAL,Success,0.005286999999952968,0.014189900000019406,0.0008666000003358931,0.05367800000021816,0.07446119999985967,2021-12-27 09:15:00,2025-06-26 09:15:00,869 days 00:00:00,100000.0,92321.843991,-7.678156,-22.524565,100.0,192.314358,7.678156,441 days 00:00:00,1.0,1.0,0.0,0.0,0.0,-7.685834,-7.685834,,-7.685834,,4 days 00:00:00,0.0,-7678.156009,-1.364871,-0.429773,0.0,-1.362181
HPIL,Success,0.004518999999163498,0.014360600000145496,0.0009119999995164108,0.05059170000004087,0.07079440000052273,2022-11-07 09:15:00,2025-06-26 09:15:00,654 days 00:00:00,100000.0,100000.0,0.0,25.962554,0.0,0.0,,,0.0,0.0,0.0,0.0,,,,,,,,,,inf,,inf,inf
HPL,Success,0.00797320000037871,0.018861200000173994,0.0009560999997120234,0.05250189999969734,0.08076009999967937,2016-10-04 09:15:00,2025-06-26 09:15:00,2162 days 00:00:00,100000.0,89577.04523,-10.422955,185.736926,100.0,1414.47067,46.65517,1922 days 00:00:00,8.0,8.0,0.0,0.0,25.0,39.684846,-12.438137,36.771635,-11.540223,29 days 00:00:00,60 days 16:00:00,0.839161,-1302.869346,0.027758,-0.039462,1.00922,0.044548
HSCL,Success,0.01854410000032658,0.015761000000566128,0.0012667999999393942,0.05817139999999199,0.09424500000022817,2007-03-02 09:15:00,2025-06-26 09:15:00,4526 days 00:00:00,100000.0,70502.747735,-29.497252,1395.005045,100.0,1755.321825,41.799933,1823 days 00:00:00,11.0,11.0,0.0,0.0,27.272727,30.318709,-20.784958,24.164897,-11.592937,16 days 00:00:00,40 days 03:00:00,0.63684,-2681.568388,-0.111029,-0.066492,0.942001,-0.162816
HTMEDIA,Success,0.02008879999993951,0.017016099999636936,0.0012674999998125713,0.0554165000003195,0.09422300000005635,2005-09-01 09:15:00,2025-06-26 09:15:00,4896 days 00:00:00,100000.0,91872.299895,-8.1277,-79.387829,100.0,1297.264432,45.37657,3443 days 00:00:00,7.0,7.0,0.0,0.0,28.571429,35.153632,-17.416409,30.823268,-11.621379,45 days 00:00:00,19 days 09:35:59,0.854491,-1161.100015,-0.007763,-0.013883,0.994566,-0.011929
HUBTOWN,Success,0.01407770000059827,0.014752299999599927,0.0010959999999613501,0.05187999999998283,0.08233560000007856,2011-11-15 09:15:00,2025-06-26 09:15:00,3367 days 00:00:00,100000.0,135862.121175,35.862121,28.944024,100.0,1684.279106,49.625297,2980 days 00:00:00,9.0,9.0,0.0,0.0,33.333333,62.628395,-22.405257,47.356417,-13.038556,70 days 16:00:00,13 days 00:00:00,1.487877,3984.680131,0.265174,0.068072,1.130754,0.390403
HUDCO,Success,0.010532100000091305,0.017015100000207894,0.0010615000001052977,0.05462549999992916,0.0837098000001788,2017-05-19 09:15:00,2025-06-26 09:15:00,2009 days 00:00:00,100000.0,153959.522723,53.959523,231.399021,100.0,1282.894016,20.25936,664 days 00:00:00,6.0,5.0,1.0,9592.309651,40.0,46.86016,-11.300884,39.789542,-9.498029,37 days 00:00:00,8 days 08:00:00,2.273781,8873.442614,0.650837,0.402553,1.536518,1.159743
HUHTAMAKI,Success,0.018678299999919545,0.014881899999636516,0.001307700000324985,0.05453540000053181,0.0898269999997865,1999-01-01 09:15:00,2025-06-26 09:15:00,6481 days 00:00:00,100000.0,125551.010323,25.55101,1928.148148,100.0,2660.295428,51.188247,3894 days 00:00:00,15.0,15.0,0.0,0.0,40.0,27.052538,-14.759555,21.394197,-9.802282,61 days 12:00:00,48 days 00:00:00,1.317616,1703.400688,0.160228,0.025196,1.072792,0.246293
HYBRIDFIN,Success,0.005203700000492972,0.013887299999623792,0.0008594999999331776,0.05405030000019906,0.07440210000004299,2022-12-06 09:15:00,2025-06-26 09:15:00,635 days 00:00:00,100000.0,95036.148456,-4.963852,58.888889,100.0,195.03138,4.963852,380 days 00:00:00,1.0,1.0,0.0,0.0,0.0,-4.968815,-4.968815,,-4.968815,,5 days 00:00:00,0.0,-4963.851544,-0.997411,-0.581017,0.264788,-1.131772
HYUNDAI,Success,0.0033308000001852633,0.012894200000118872,0.0008018999997148057,0.049250900000515685,0.06666889999996783,2024-10-22 09:15:00,2025-06-26 09:15:00,169 days 00:00:00,100000.0,100000.0,0.0,16.838866,0.0,0.0,,,0.0,0.0,0.0,0.0,,,,,,,,,,inf,,inf,inf
ICDSLTD,Success,0.005006899999898451,0.014335200000459736,0.000842499999635038,0.049362400000063644,0.06993419999980688,2021-07-06 09:15:00,2025-06-26 09:15:00,976 days 00:00:00,100000.0,73319.572694,-26.680427,236.173913,100.0,344.473008,26.680427,914 days 00:00:00,2.0,2.0,0.0,0.0,0.0,-14.350508,-14.424525,,-14.387516,,6 days 00:00:00,0.0,-13340.213653,-1.286123,-0.410708,0.215916,-1.411893
ICEMAKE,Success,0.007478399999854446,0.015661899999940943,0.0009883000002446352,0.05295730000034382,0.07748010000068462,2017-12-12 09:15:00,2025-06-26 09:15:00,1733 days 00:00:00,100000.0,87227.782387,-12.772218,700.564984,100.0,794.00413,42.835632,380 days 00:00:00,4.0,3.0,1.0,-7985.631455,33.333333,38.418238,-18.027467,38.418238,-17.062158,33 days 00:00:00,94 days 00:00:00,0.889113,-1595.528719,-0.026575,-0.06623,0.989692,-0.039381
ICICIBANK,Success,0.017892299999402894,0.013088699999570963,0.001273100000616978,0.2906576999994286,0.3233107000005475,1997-09-24 09:15:00,2025-06-26 09:15:00,6853 days 00:00:00,100000.0,183410.808531,83.410809,15651.350587,100.0,9228.528548,40.185551,2255 days 00:00:00,30.0,30.0,0.0,0.0,36.666667,38.206194,-15.774438,19.839147,-6.826746,48 days 08:43:38,25 days 11:22:06,1.409656,2780.360284,0.284438,0.081705,1.115299,0.425826
ICICIGI,Success,0.007993399999577377,0.013373800000408664,0.0009405000000697328,0.05259550000027957,0.07539580000047863,2017-09-27 09:15:00,2025-06-26 09:15:00,1919 days 00:00:00,100000.0,123440.972182,23.440972,196.095122,100.0,1411.035429,15.444344,1346 days 00:00:00,6.0,6.0,0.0,0.0,33.333333,39.129016,-6.186503,25.719338,-5.718903,74 days 00:00:00,7 days 12:00:00,1.851954,3906.828697,0.415392,0.264618,1.204286,0.66067
ICICIPRULI,Success,0.009065100000043458,0.015134700000089651,0.001197399999909976,0.053797100000338105,0.07959140000002662,2016-09-29 09:15:00,2025-06-26 09:15:00,2165 days 00:00:00,100000.0,57330.102436,-42.669898,117.543277,100.0,1376.63433,43.425083,1958 days 00:00:00,9.0,9.0,0.0,0.0,0.0,-3.758908,-7.050828,,-5.994871,,12 days 13:20:00,0.0,-4741.099729,-1.062273,-0.206172,0.523143,-1.240438
ICIL,Success,0.01538429999982327,0.016941599999881873,0.001424399999450543,0.06045149999954447,0.09462159999930009,2005-09-12 09:15:00,2025-06-26 09:15:00,4451 days 00:00:00,100000.0,102696.769508,2.69677,3345.02924,100.0,1602.770558,35.475592,1613 days 00:00:00,7.0,7.0,0.0,0.0,28.571429,36.624266,-14.04845,35.406982,-10.92152,24 days 12:00:00,38 days 09:36:00,1.040701,385.252787,0.094092,0.006158,1.058616,0.144532
ICRA,Success,0.01656609999918146,0.016828699999678065,0.001424399999450543,0.05645189999995637,0.09171940000032919,2007-04-13 09:15:00,2025-06-26 09:15:00,4499 days 00:00:00,100000.0,131861.761491,31.861761,732.928727,100.0,2603.834603,33.890951,2611 days 00:00:00,12.0,12.0,0.0,0.0,33.333333,22.037618,-7.936746,21.572751,-6.102587,68 days 12:00:00,38 days 00:00:00,1.589889,2655.146791,0.231889,0.066958,1.133436,0.400349
IDBI,Success,0.018372900000031223,0.013662700000168115,0.0013814000003549154,0.06486990000030346,0.09884119999969698,1995-09-20 09:15:00,2025-06-26 09:15:00,7370 days 00:00:00,100000.0,136432.812121,36.432812,47.540097,100.0,3463.926192,50.31103,6322 days 00:00:00,21.0,21.0,0.0,0.0,33.333333,47.594136,-16.695447,29.965079,-10.136679,106 days 20:34:17,19 days 05:08:34,1.307937,1734.895815,0.177447,0.030817,1.074659,0.25016
IDEA,Success,0.01985560000048281,0.01972569999998086,0.0016692999997758307,0.0596691999999166,0.10163250000005064,2007-03-09 09:15:00,2025-06-26 09:15:00,4523 days 00:00:00,100000.0,28175.038179,-71.824962,-86.013121,100.0,1319.484649,75.400143,4429 days 00:00:00,11.0,11.0,0.0,0.0,0.0,-6.739544,-20.467795,,-10.774137,,48 days 06:32:43,0.0,-6529.541984,-0.326661,-0.128876,0.863586,-0.478294
IDEAFORGE,Success,0.007260099999257363,0.017977699999391916,0.0009660999994594022,0.05987450000066019,0.08656090000022232,2023-07-07 09:15:00,2025-06-26 09:15:00,490 days 00:00:00,100000.0,100000.0,0.0,-54.276227,0.0,0.0,,,0.0,0.0,0.0,0.0,,,,,,,,,,inf,,inf,inf
IDFCFIRSTB,Success,0.012541600000076869,0.020216899999468296,0.0012175000001661829,0.06287589999919874,0.09734920000028069,2015-11-06 09:15:00,2025-06-26 09:15:00,2385 days 00:00:00,100000.0,104900.266984,4.900267,2.130679,100.0,1174.959857,29.230804,1525 days 00:00:00,6.0,6.0,0.0,0.0,33.333333,23.11699,-10.149309,23.084669,-8.77537,66 days 12:00:00,13 days 00:00:00,1.136461,816.711164,0.122512,0.025139,1.067053,0.177206
IEL,Success,0.005141599999660684,0.016531499999473453,0.0008742999998503365,0.05569680000007793,0.07867239999995945,2022-12-27 09:15:00,2025-06-26 09:15:00,608 days 00:00:00,100000.0,116647.432865,16.647433,54.121622,100.0,216.664297,,,1.0,1.0,0.0,0.0,100.0,16.66408,16.66408,16.66408,,5 days 00:00:00,,inf,16647.432865,1.58921,,inf,inf
IEX,Success,0.007456299999830662,0.014418300000215822,0.0009632000001147389,0.05200390000027255,0.07528820000061387,2017-10-23 09:15:00,2025-06-26 09:15:00,1903 days 00:00:00,100000.0,111070.610366,11.07061,250.133505,100.0,499.566831,23.025012,1325 days 00:00:00,3.0,2.0,1.0,-251.518322,50.0,25.797803,-11.500452,25.797803,-11.500452,91 days 00:00:00,24 days 00:00:00,1.985479,5661.064344,0.225771,0.08835,1.139885,0.327208
IFBAGRO,Success,0.017348399999718822,0.017325199999504548,0.0014025000000401633,0.053328699999838136,0.08995580000009795,1995-10-17 09:15:00,2025-06-26 09:15:00,6650 days 00:00:00,100000.0,57155.042707,-42.844957,1684.404762,100.0,1595.353514,66.313569,5852 days 00:00:00,12.0,12.0,0.0,0.0,25.0,80.997923,-35.364735,53.150309,-17.910176,35 days 00:00:00,14 days 05:20:00,0.632022,-3570.413108,-0.04338,-0.045598,0.966664,-0.061176
IFBIND,Success,0.02153959999941435,0.01873639999939769,0.0014265999998315237,0.058178700000098615,0.10040359999948123,1999-01-01 09:15:00,2025-06-26 09:15:00,6004 days 00:00:00,100000.0,19245.254001,-80.754746,25101.6,100.0,960.530728,83.503861,5796 days 00:00:00,17.0,17.0,0.0,0.0,23.529412,42.761198,-61.153581,26.833408,-16.377854,39 days 12:00:00,20 days 22:09:13,0.214121,-4750.279176,-0.384382,-0.114158,0.760342,-0.453257
IFCI,Success,0.019916800000828516,0.014815700000326615,0.00143839999964257,0.05531450000034965,0.09192729999995208,1999-01-01 09:15:00,2025-06-26 09:15:00,6543 days 00:00:00,100000.0,71110.088295,-28.889912,274.540059,100.0,4288.120083,61.040832,5525 days 00:00:00,18.0,18.0,0.0,0.0,22.222222,76.254514,-25.079277,47.149058,-12.287557,100 days 06:00:00,32 days 12:00:00,0.866393,-1604.995095,0.024894,-0.030864,1.010785,0.041173
IFGLEXPOR,Success,0.008475200000248151,0.013854400000127498,0.0010350000002290471,0.05800120000003517,0.0817919000000984,2017-11-14 09:15:00,2025-06-26 09:15:00,1887 days 00:00:00,100000.0,80453.070204,-19.54693,60.219845,100.0,368.393618,27.210333,611 days 00:00:00,2.0,2.0,0.0,0.0,0.0,-6.026157,-14.407682,,-10.216919,,28 days 12:00:00,0.0,-9773.464898,-0.310924,-0.151403,0.722057,-0.374055
IGARASHI,Success,0.01981049999994866,0.01584180000008928,0.001434499999959371,0.058722300000226824,0.09624640000038198,1995-05-19 09:15:00,2025-06-26 09:15:00,7291 days 00:00:00,100000.0,108063.336642,8.063337,2487.066932,100.0,3774.309789,64.647388,6218 days 00:00:00,21.0,21.0,0.0,0.0,33.333333,48.298603,-20.013406,31.57247,-12.161151,27 days 13:42:51,34 days 00:00:00,1.049148,383.968412,0.112571,0.006017,1.055765,0.18365
IGIL,Success,0.0036065000003873138,0.01574759999948583,0.0008350000007339986,0.05672500000036962,0.07734280000022409,2024-12-20 09:15:00,2025-06-26 09:15:00,128 days 00:00:00,100000.0,100000.0,0.0,-23.580601,0.0,0.0,,,0.0,0.0,0.0,0.0,,,,,,,,,,inf,,inf,inf
IGL,Success,0.020093699999961245,0.018406800000775547,0.001434499999959371,0.06119309999940015,0.10187229999974079,2003-12-26 09:15:00,2025-06-26 09:15:00,5318 days 00:00:00,100000.0,205686.448108,105.686448,1644.80737,100.0,5116.186547,25.290026,960 days 00:00:00,17.0,17.0,0.0,0.0,47.058824,29.200337,-12.561693,19.38114,-7.349027,70 days 06:00:00,19 days 02:40:00,2.037408,6216.849889,0.424689,0.200647,1.177266,0.68757
IGPL,Success,0.019437500000094587,0.016304300000228977,0.001386599999932514,0.05504130000008445,0.09271270000044751,2007-01-29 09:15:00,2025-06-26 09:15:00,4461 days 00:00:00,100000.0,140938.506621,40.938507,533.17437,100.0,1927.865394,35.750193,2397 days 00:00:00,7.0,7.0,0.0,0.0,42.857143,63.857471,-21.355206,42.186618,-15.732208,42 days 16:00:00,15 days 12:00:00,1.431988,5848.358089,0.243764,0.079649,1.193216,0.40828
IIFL,Success,0.019065299999965646,0.01908440000079281,0.0012529999994512764,0.054521800000657095,0.09441459999925428,2005-05-17 09:15:00,2025-06-26 09:15:00,4971 days 00:00:00,100000.0,159114.432707,59.114433,6475.663112,100.0,3183.699069,59.107474,2807 days 00:00:00,16.0,16.0,0.0,0.0,43.75,43.46465,-24.193714,29.487235,-13.561206,82 days 13:42:51,9 days 21:20:00,1.471809,3694.652044,0.272384,0.058692,1.1132,0.398492
IIFLCAPS,Success,0.005154700000275625,0.012978499999917403,0.0009096000003410154,0.05501860000003944,0.07451179999952728,2019-09-20 09:15:00,2025-06-26 09:15:00,1430 days 00:00:00,100000.0,74930.502227,-25.069498,1380.519481,100.0,735.292229,45.770765,1315 days 00:00:00,5.0,5.0,0.0,0.0,20.0,34.338319,-16.144595,34.338319,-13.557623,19 days 00:00:00,27 days 00:00:00,0.432923,-5013.899555,-0.279406,-0.15516,0.871416,-0.404324
IITL,Success,0.010495200000150362,0.013625800000227173,0.001039600000694918,0.05075010000018665,0.07633700000042154,2010-08-17 09:15:00,2025-06-26 09:15:00,2875 days 00:00:00,100000.0,93279.59214,-6.720408,-8.857377,100.0,2089.318508,51.745385,2421 days 00:00:00,13.0,13.0,0.0,0.0,30.769231,35.222305,-16.091407,31.057836,-11.963356,52 days 12:00:00,20 days 05:20:00,0.926867,-516.954451,0.074764,-0.016993,1.029133,0.117246
IKIO,Success,0.003957500000069558,0.014511899999888556,0.0011667999997371226,0.0516739000004236,0.07173429999966174,2023-06-16 09:15:00,2025-06-26 09:15:00,504 days 00:00:00,100000.0,100000.0,0.0,-46.89365,0.0,0.0,,,0.0,0.0,0.0,0.0,,,,,,,,,,inf,,inf,inf
IKS,Success,0.0040130999996108585,0.014899800000421237,0.0007503999995606137,0.05920770000011544,0.07926710000083403,2024-12-19 09:15:00,2025-06-26 09:15:00,129 days 00:00:00,100000.0,100000.0,0.0,-18.917816,0.0,0.0,,,0.0,0.0,0.0,0.0,,,,,,,,,,inf,,inf,inf
IMAGICAA,Success,0.009338799999568437,0.01821170000039274,0.001302199999372533,0.054669099999955506,0.084019800000533,2015-04-06 09:15:00,2025-06-26 09:15:00,2533 days 00:00:00,100000.0,220846.386,120.846386,-64.012456,100.0,2300.021563,35.69312,943 days 00:00:00,9.0,9.0,0.0,0.0,44.444444,50.075539,-14.328799,43.905784,-12.354046,29 days 00:00:00,54 days 04:48:00,2.538082,13427.376222,0.617735,0.338835,1.242593,1.027492
IMFA,Success,0.015898999999990338,0.013258699999823875,0.001151699999354605,0.05642150000039692,0.08714759999929811,2010-07-23 09:15:00,2025-06-26 09:15:00,3650 days 00:00:00,100000.0,118720.676527,18.720677,117.490112,100.0,1588.696155,45.387269,2941 days 00:00:00,9.0,9.0,0.0,0.0,33.333333,42.635099,-13.42353,34.580646,-11.253252,60 days 08:00:00,28 days 08:00:00,1.300202,2080.07517,0.183699,0.038135,1.08825,0.300048
IMPAL,Success,0.015068199999404897,0.013297200000124576,0.0011491999994177604,0.05085860000053799,0.08078330000080314,2005-10-07 09:15:00,2025-06-26 09:15:00,4815 days 00:00:00,100000.0,101630.246302,1.630246,933.18489,100.0,1630.937071,30.577562,1843 days 00:00:00,7.0,7.0,0.0,0.0,28.571429,30.026536,-9.858744,25.094711,-8.231995,131 days 12:00:00,9 days 19:12:00,1.033258,232.892329,0.061058,0.004011,1.042335,0.105502
INCREDIBLE,Success,0.007937600000332168,0.01565440000013041,0.0011457999999038293,0.05274669999926118,0.07788239999990765,2016-07-01 09:15:00,2025-06-26 09:15:00,2194 days 00:00:00,100000.0,101529.823131,1.529823,-55.154809,100.0,1177.136014,56.691319,1386 days 00:00:00,6.0,6.0,0.0,0.0,33.333333,47.944849,-17.660574,40.793677,-15.332626,54 days 12:00:00,10 days 06:00:00,1.02355,254.970522,0.104963,0.004461,1.06079,0.135767
INDBANK,Success,0.014396200000192039,0.014649300000201038,0.00134520000028715,0.0551885000004404,0.08604930000001332,2008-10-08 09:15:00,2025-06-26 09:15:00,4070 days 00:00:00,100000.0,81992.6499,-18.00735,180.163934,100.0,2202.388992,45.456093,1822 days 00:00:00,11.0,11.0,0.0,0.0,27.272727,70.3552,-19.707744,51.678217,-16.412876,65 days 00:00:00,26 days 12:00:00,0.873017,-1637.031827,0.026608,-0.038824,1.013759,0.048649
INDGN,Success,0.004430500000125903,0.016439799999716342,0.0008447999998679734,0.05556290000004083,0.07766459999947983,2024-05-13 09:15:00,2025-06-26 09:15:00,281 days 00:00:00,100000.0,100000.0,0.0,0.656854,0.0,0.0,,,0.0,0.0,0.0,0.0,,,,,,,,,,inf,,inf,inf
INDHOTEL,Success,0.01903610000044864,0.016147000000273692,0.001452900000003865,0.051834799999596726,0.088871900000413,1999-01-01 09:15:00,2025-06-26 09:15:00,6543 days 00:00:00,100000.0,434739.659639,334.73966,2505.770668,100.0,11362.668245,38.217782,1854 days 00:00:00,24.0,24.0,0.0,0.0,45.833333,38.26566,-10.281323,26.154342,-7.898995,48 days 00:00:00,22 days 16:36:55,2.371468,13947.485818,0.620652,0.223546,1.281325,1.038554
INDIACEM,Success,0.017897400000038033,0.01734790000045905,0.0012908000007882947,0.052258200000323995,0.0895077000004676,1999-01-01 09:15:00,2025-06-26 09:15:00,6543 days 00:00:00,100000.0,29770.267966,-70.229732,916.540182,100.0,2260.479577,78.836494,6343 days 00:00:00,21.0,20.0,1.0,1895.243696,15.0,30.632576,-19.084846,27.217817,-11.013512,25 days 08:00:00,25 days 22:35:17,0.381327,-3606.248787,-0.277429,-0.082904,0.871569,-0.371973
INDIAGLYCO,Success,0.017284799999288225,0.013331400000424765,0.0012395000003380119,0.05627780000031635,0.0885943999992378,1994-12-28 09:15:00,2025-06-26 09:15:00,6804 days 00:00:00,100000.0,54123.695726,-45.876304,3167.729084,100.0,2297.067524,74.964092,5627 days 00:00:00,16.0,16.0,0.0,0.0,18.75,48.150859,-16.451595,35.463127,-10.961058,14 days 16:00:00,27 days 01:50:46,0.586923,-2867.269017,-0.13789,-0.043216,0.923412,-0.210947
INDIAMART,Success,0.007232300000396208,0.01399669999955222,0.0009215000000040163,0.051245500000732136,0.07381170000007842,2019-07-04 09:15:00,2025-06-26 09:15:00,1483 days 00:00:00,100000.0,111977.648057,11.977648,305.130765,100.0,714.966359,18.642445,1033 days 00:00:00,3.0,3.0,0.0,0.0,33.333333,33.009797,-10.889189,33.009797,-8.203859,50 days 00:00:00,19 days 00:00:00,1.570387,3992.549352,0.269157,0.151455,1.192624,0.451904
INDIANB,Success,0.018119499999556865,0.013463700000102108,0.0013066000001344946,0.051876999999876716,0.08517340000071272,2007-03-01 09:15:00,2025-06-26 09:15:00,4529 days 00:00:00,100000.0,111168.82145,11.168821,546.61923,100.0,4026.711512,61.25908,2701 days 00:00:00,17.0,17.0,0.0,0.0,29.411765,36.937537,-13.804859,30.038233,-9.508837,103 days 19:12:00,13 days 02:00:00,1.078308,656.989497,0.139114,0.013989,1.054381,0.210127
INDIANCARD,Success,0.015658499999517517,0.014636900000368769,0.001424600000063947,0.053607300000294344,0.0857518999991953,1999-01-01 09:15:00,2025-06-26 09:15:00,6202 days 00:00:00,100000.0,42037.904312,-57.962096,859.545455,100.0,3407.496936,78.49204,5141 days 00:00:00,18.0,17.0,1.0,215.185958,17.647059,41.467205,-20.448563,33.129556,-11.558914,30 days 08:00:00,28 days 22:17:08,0.656149,-3422.193038,-0.166873,-0.063347,0.917694,-0.256075
INDIANHUME,Success,0.015873199999987264,0.013803800000459887,0.0012596000005942187,0.054087699999399774,0.08542170000055194,1995-05-19 09:15:00,2025-06-26 09:15:00,5870 days 00:00:00,100000.0,244883.77398,144.883774,6948.38395,100.0,5890.29079,39.807176,1581 days 00:00:00,18.0,17.0,1.0,12079.116814,41.176471,41.638255,-16.807883,31.927514,-10.229147,47 days 17:08:34,24 days 09:36:00,1.73736,7812.038657,0.405408,0.143868,1.216021,0.727882
INDIASHLTR,Success,0.003768199999285571,0.015005700000074285,0.0008821000001262291,0.05454639999970823,0.07463870000083261,2023-12-20 09:15:00,2025-06-26 09:15:00,377 days 00:00:00,100000.0,100000.0,0.0,61.823019,0.0,0.0,,,0.0,0.0,0.0,0.0,,,,,,,,,,inf,,inf,inf
INDIGO,Success,0.00919160000012198,0.014246899999307061,0.000993900000139547,0.05437510000047041,0.07931159999952797,2015-11-10 09:15:00,2025-06-26 09:15:00,2383 days 00:00:00,100000.0,187324.795283,87.324795,548.788829,100.0,3401.911121,21.635927,686 days 00:00:00,10.0,10.0,0.0,0.0,50.0,26.729822,-7.089268,20.871971,-6.152995,58 days 19:12:00,16 days 04:48:00,2.485075,8732.479528,0.710791,0.466413,1.285522,1.096662
INDIGOPNTS,Success,0.0069536999999399995,0.016984000000775268,0.0012772999998560408,0.05570650000026944,0.08140730000013718,2021-02-02 09:15:00,2025-06-26 09:15:00,1091 days 00:00:00,100000.0,91464.249412,-8.535751,-62.597243,100.0,191.455905,9.011362,147 days 00:00:00,1.0,1.0,0.0,0.0,0.0,-8.544286,-8.544286,,-8.544286,,26 days 00:00:00,0.0,-8535.750588,-0.559234,-0.32635,0.622203,-0.735368
INDNIPPON,Success,0.019760000000133005,0.016229699999712466,0.001351799999611103,0.05884399999922607,0.09661370000048919,1999-01-04 09:15:00,2025-06-26 09:15:00,6200 days 00:00:00,100000.0,85114.210503,-14.885789,1730.834987,100.0,2571.081235,54.763985,6134 days 00:00:00,17.0,17.0,0.0,0.0,29.411765,44.117128,-14.832612,28.264472,-10.967116,79 days 00:00:00,21 days 14:00:00,0.85763,-875.634676,0.025523,-0.017244,1.012565,0.042594
INDOAMIN,Success,0.004656500000237429,0.01400649999959569,0.0008530000004611793,0.05094629999985045,0.07088329999987764,2022-04-29 09:15:00,2025-06-26 09:15:00,785 days 00:00:00,100000.0,108965.931854,8.965932,44.278783,100.0,382.167218,25.44539,669 days 00:00:00,2.0,2.0,0.0,0.0,50.0,25.858401,-13.417435,25.858401,-13.417435,16 days 00:00:00,40 days 00:00:00,1.668898,4482.965927,0.316248,0.160077,1.188901,0.635451
INDOBORAX,Success,0.004238299999997253,0.014579699999558215,0.0008765000002313172,0.05093010000018694,0.07101550000061252,2022-03-29 09:15:00,2025-06-26 09:15:00,806 days 00:00:00,100000.0,122692.187719,22.692188,42.454371,100.0,964.33475,16.275383,220 days 00:00:00,4.0,4.0,0.0,0.0,50.0,30.013496,-13.895316,24.383696,-10.796103,16 days 12:00:00,20 days 00:00:00,1.78502,5673.04693,0.58715,0.596216,1.310549,1.050246
INDOCO,Success,0.0145397000005687,0.017660200000136683,0.0012403999999150983,0.05362839999997959,0.08748340000056487,2005-01-14 09:15:00,2025-06-26 09:15:00,4985 days 00:00:00,100000.0,138164.699763,38.1647,461.396405,100.0,2815.109026,42.721758,1592 days 00:00:00,10.0,10.0,0.0,0.0,40.0,61.324139,-24.653827,36.073399,-13.558723,82 days 18:00:00,12 days 16:00:00,1.291173,3816.469976,0.229317,0.056066,1.130309,0.354409
INDOFARM,Success,0.0032698999993954203,0.013934200000221608,0.0009173999997074134,0.053685699999732606,0.07228690000010829,2025-01-07 09:15:00,2025-06-26 09:15:00,117 days 00:00:00,100000.0,100000.0,0.0,-36.270963,0.0,0.0,,,0.0,0.0,0.0,0.0,,,,,,,,,,inf,,inf,inf
INDORAMA,Success,0.015583399999741232,0.01710129999992205,0.0013716999992539058,0.05506839999998192,0.08956140000009327,2003-06-20 09:15:00,2025-06-26 09:15:00,5449 days 00:00:00,100000.0,62708.350035,-37.29165,43.240876,100.0,1789.80365,65.998018,4317 days 00:00:00,12.0,12.0,0.0,0.0,25.0,35.058525,-19.139291,30.785234,-13.120939,41 days 08:00:00,33 days 21:19:59,0.60486,-3107.637497,-0.0699,-0.046633,0.963038,-0.111732
INDOSTAR,Success,0.00768069999958243,0.01537559999997029,0.001043500000378117,0.05273769999985234,0.0772713999995176,2018-05-21 09:15:00,2025-06-26 09:15:00,1760 days 00:00:00,100000.0,129662.69069,29.662691,-39.899333,100.0,1001.646002,29.015394,373 days 00:00:00,4.0,4.0,0.0,0.0,50.0,31.210655,-13.191917,29.796378,-12.252541,62 days 00:00:00,54 days 00:00:00,1.887123,7415.672672,0.396637,0.190759,1.19698,0.627735
INDOTECH,Success,0.014657800000350107,0.014981000000261702,0.0012877999997726874,0.055136099999799626,0.08662249999997584,2006-03-16 09:15:00,2025-06-26 09:15:00,4745 days 00:00:00,100000.0,126974.319706,26.97432,731.32577,100.0,1301.165438,46.337416,3985 days 00:00:00,6.0,6.0,0.0,0.0,33.333333,54.486875,-13.417719,43.150049,-11.100645,17 days 00:00:00,30 days 12:00:00,1.54426,4495.719951,0.210004,0.040011,1.186358,0.346955
INDOTHAI,Success,0.013792300000204705,0.017123300000093877,0.0012335000001257868,0.36956000000009226,0.40216010000040114,2011-11-02 09:15:00,2025-06-26 09:15:00,3360 days 00:00:00,100000.0,89461.758981,-10.538241,7686.609071,100.0,1278.108736,53.116442,2641 days 00:00:00,6.0,6.0,0.0,0.0,33.333333,50.600329,-26.332191,45.334291,-19.125067,14 days 12:00:00,47 days 00:00:00,0.882763,-1756.373503,0.026652,-0.022637,1.015258,0.040922
INDOUS,Success,0.004454700000678713,0.01738790000035806,0.000913800000489573,0.05737839999983407,0.08057730000018637,2024-09-27 09:15:00,2025-06-26 09:15:00,185 days 00:00:00,100000.0,100000.0,0.0,-47.15311,0.0,0.0,,,0.0,0.0,0.0,0.0,,,,,,,,,,inf,,inf,inf
INDOWIND,Success,0.01836230000026262,0.015131600000131584,0.001359299999421637,0.05575109999972483,0.09103870000035386,2007-09-14 09:15:00,2025-06-26 09:15:00,4354 days 00:00:00,100000.0,73624.88296,-26.375117,-79.96452,100.0,2467.582209,66.67315,2700 days 00:00:00,9.0,9.0,0.0,0.0,22.222222,53.286047,-16.260819,46.562781,-14.158743,60 days 12:00:00,8 days 06:51:25,0.812402,-2930.56856,-0.089427,-0.038008,0.942894,-0.141677
INDRAMEDCO,Success,0.019640399999843794,0.01624210000045423,0.0014651999999841792,0.05789790000017092,0.09572250000019267,1999-01-01 09:15:00,2025-06-26 09:15:00,6552 days 00:00:00,100000.0,358362.815397,258.362815,6096.969697,100.0,10108.103073,58.268322,4876 days 00:00:00,17.0,17.0,0.0,0.0,41.176471,89.321782,-14.072761,44.672304,-11.46781,51 days 03:25:42,29 days 02:24:00,1.677757,15197.81267,0.428071,0.126473,1.266874,0.793864
INDSWFTLAB,Success,0.020930600000610866,0.019389599999158236,0.0014143999997031642,0.05745610000030865,0.0996528000005128,1999-01-01 09:15:00,2025-06-26 09:15:00,6403 days 00:00:00,100000.0,448350.530338,348.35053,1389.866667,100.0,6254.885864,56.150143,4180 days 00:00:00,14.0,14.0,0.0,0.0,50.0,95.033141,-19.903411,47.121147,-15.016295,77 days 10:17:08,36 days 10:17:08,2.429795,24882.180738,0.454118,0.159027,1.225824,0.795242
INDSWFTLTD,Success,0.018884900000557536,0.01558740000018588,0.0015191000002232613,0.058826200000112294,0.09529490000022633,2004-10-18 09:15:00,2025-06-26 09:15:00,4752 days 00:00:00,100000.0,132932.194933,32.932195,-91.0722,100.0,1469.874575,37.100111,3653 days 00:00:00,6.0,6.0,0.0,0.0,33.333333,50.286904,-12.309574,43.06309,-10.148382,33 days 12:00:00,23 days 00:00:00,1.629066,5488.699155,0.247772,0.059585,1.21234,0.397193
INDTERRAIN,Success,0.01869319999968866,0.017838200000369397,0.0012630000001081498,0.057297100000141654,0.09557549999954063,2011-03-25 09:15:00,2025-06-26 09:15:00,3398 days 00:00:00,100000.0,124305.619075,24.305619,166.313548,100.0,1228.914807,24.378941,1824 days 00:00:00,5.0,4.0,1.0,-380.853661,50.0,29.446627,-14.708194,28.190532,-12.862901,55 days 12:00:00,7 days 00:00:00,1.624125,6171.618184,0.308012,0.096994,1.268746,0.52983
INDUSINDBK,Success,0.020330899999862595,0.01732460000039282,0.001407699999617762,0.05890019999969809,0.09853209999982937,1998-01-29 09:15:00,2025-06-26 09:15:00,6771 days 00:00:00,100000.0,105614.631652,5.614632,1874.262173,100.0,2580.907109,45.997198,3593 days 00:00:00,13.0,13.0,0.0,0.0,23.076923,69.290436,-13.680149,37.120222,-8.087767,115 days 00:00:00,20 days 04:48:00,1.066391,431.894742,0.090076,0.006411,1.048227,0.138401
INDUSTOWER,Success,0.017719800000122632,0.019438199999967765,0.001178500000605709,0.05706139999983861,0.09590079999998125,2012-12-28 09:15:00,2025-06-26 09:15:00,3089 days 00:00:00,100000.0,209361.817301,109.361817,116.723205,100.0,2080.139131,23.098476,1108 days 00:00:00,7.0,7.0,0.0,0.0,71.428571,29.610113,-13.122734,21.765528,-11.40269,21 days 04:48:00,59 days 00:00:00,3.929711,15623.116757,0.757491,0.394976,1.48952,1.173555
INFIBEAM,Success,0.016195299999708368,0.017398200000570796,0.0011888999997609062,0.055529399999613815,0.09077069999966625,2016-04-04 09:15:00,2025-06-26 09:15:00,2286 days 00:00:00,100000.0,88561.935533,-11.438064,99.456423,100.0,557.82403,22.259508,601 days 00:00:00,3.0,3.0,0.0,0.0,33.333333,26.393893,-18.453517,26.393893,-16.272418,45 days 00:00:00,30 days 00:00:00,0.65281,-3812.688156,-0.094798,-0.08629,0.939449,-0.136936
INFOBEAN,Success,0.008433099999820115,0.01794140000038169,0.001044999999976426,0.056868499999836786,0.08471889999964333,2019-07-15 09:15:00,2025-06-26 09:15:00,1476 days 00:00:00,100000.0,108700.421794,8.700422,477.871336,100.0,382.711533,15.907858,101 days 00:00:00,2.0,2.0,0.0,0.0,50.0,24.966499,-13.011985,24.966499,-13.011985,18 days 00:00:00,5 days 00:00:00,1.669315,4350.210897,0.314391,0.131033,1.359316,0.575275
INFOMEDIA,Success,0.014078600000175356,0.016131599999425816,0.0011510999993333826,0.054711800000404764,0.0865085999994335,2006-10-12 09:15:00,2025-06-23 09:15:00,3551 days 00:00:00,100000.0,116350.106567,16.350107,-92.598498,100.0,802.33929,44.435493,2380 days 00:00:00,5.0,5.0,0.0,0.0,40.0,43.659812,-18.88058,40.392543,-16.063191,42 days 12:00:00,19 days 00:00:00,1.399726,3270.021313,0.187067,0.035304,1.126386,0.276755
INFY,Success,0.02171009999983653,0.016821799999888754,0.001692900000307418,0.05741440000019793,0.0980716999993092,1996-01-01 09:15:00,2025-06-26 09:15:00,7300 days 00:00:00,100000.0,179480.363162,79.480363,202741.872372,100.0,6073.006462,28.902508,1822 days 00:00:00,21.0,21.0,0.0,0.0,42.857143,34.206627,-12.538853,19.078345,-7.748715,69 days 05:20:00,17 days 14:00:00,1.590609,3784.779198,0.298838,0.102678,1.139254,0.422251
INGERRAND,Success,0.020788200000424695,0.015959499999553373,0.0013929000006100978,0.0587098000005426,0.09735670000009122,1999-01-01 09:15:00,2025-06-26 09:15:00,6541 days 00:00:00,100000.0,138597.122636,38.597123,776.129032,100.0,5182.879773,39.155367,3264 days 00:00:00,25.0,25.0,0.0,0.0,32.0,30.083192,-11.351072,23.060214,-7.488938,60 days 15:00:00,7 days 21:10:35,1.285647,1543.884905,0.202066,0.046943,1.112393,0.352306
INNOVACAP,Success,0.004482700000153272,0.016752999999880558,0.0009190000000671716,0.05427109999982349,0.07688119999966148,2023-12-29 09:15:00,2025-06-26 09:15:00,371 days 00:00:00,100000.0,130374.386876,30.374387,57.702248,100.0,230.404992,2.202795,1 days 00:00:00,1.0,1.0,0.0,0.0,100.0,30.404761,30.404761,30.404761,,11 days 00:00:00,,inf,30374.386876,2.225876,13.535683,9.580092,11.221661
INNOVANA,Success,0.0034841999995478545,0.014149399999951129,0.0008723999999347143,0.05454409999947529,0.07352809999974852,2024-12-17 09:15:00,2025-06-26 09:15:00,131 days 00:00:00,100000.0,100000.0,0.0,10.573017,0.0,0.0,,,0.0,0.0,0.0,0.0,,,,,,,,,,inf,,inf,inf
INOXGREEN,Success,0.005335500000001048,0.02108010000029026,0.0010554999998930725,0.05414680000012595,0.08211740000024292,2022-11-23 09:15:00,2025-06-26 09:15:00,644 days 00:00:00,100000.0,154970.649875,54.97065,154.280888,100.0,1036.502364,22.693191,178 days 00:00:00,4.0,3.0,1.0,-5600.470374,66.666667,41.38464,-10.914891,34.459562,-10.914891,70 days 12:00:00,9 days 00:00:00,4.082273,20190.373416,0.990136,1.241879,1.31197,1.669134
INOXINDIA,Success,0.004265099999429367,0.015309399999750894,0.0009114000004046829,0.052591900000152236,0.07350359999963985,2023-12-21 09:15:00,2025-06-26 09:15:00,376 days 00:00:00,100000.0,91381.164678,-8.618835,30.538857,100.0,191.372737,9.043055,226 days 00:00:00,1.0,1.0,0.0,0.0,0.0,-8.627454,-8.627454,,-8.627454,,13 days 00:00:00,0.0,-8618.835322,-1.047487,-0.926408,0.497608,-1.188004
INOXWIND,Success,0.009817299999667739,0.015283699999599776,0.0010588999994070036,0.05520590000014636,0.0818236999994042,2015-04-09 09:15:00,2025-06-26 09:15:00,2530 days 00:00:00,100000.0,89760.566956,-10.239433,58.658763,100.0,906.567304,51.431519,884 days 00:00:00,4.0,4.0,0.0,0.0,25.0,39.864786,-16.05971,39.864786,-13.727138,5 days 00:00:00,60 days 16:00:00,0.795475,-2559.858261,0.024356,-0.030067,1.01307,0.038639
INSECTICID,Success,0.01822919999995065,0.0169543000001795,0.0012894000001324457,0.055542699999932665,0.09247129999948811,2009-05-11 09:15:00,2025-06-26 09:15:00,3992 days 00:00:00,100000.0,96115.1869,-3.884813,5295.797448,100.0,3500.446694,36.964094,1883 days 00:00:00,15.0,15.0,0.0,0.0,26.666667,41.867019,-12.508368,25.739423,-8.177296,28 days 06:00:00,12 days 21:49:05,0.96506,-258.98754,0.032413,-0.009783,1.019057,0.052407
INSPIRISYS,Success,0.016416499999650114,0.01578960000006191,0.0011973000000580214,0.05629839999983233,0.09015549999912764,2006-10-30 09:15:00,2025-06-26 09:15:00,4270 days 00:00:00,100000.0,124988.381117,24.988381,42.978723,100.0,2707.264572,38.242009,830 days 00:00:00,9.0,9.0,0.0,0.0,33.333333,46.676096,-16.471129,39.040267,-11.869764,19 days 08:00:00,14 days 04:00:00,1.210845,2776.486791,0.212269,0.050336,1.177514,0.372397
INTELLECT,Success,0.014367500000844302,0.015837400000236812,0.0010494999996808474,0.054656899999827147,0.08640399999967485,2014-12-18 09:15:00,2025-06-26 09:15:00,2605 days 00:00:00,100000.0,125099.889995,25.09989,1545.658434,100.0,1709.158914,33.426913,1743 days 00:00:00,6.0,6.0,0.0,0.0,33.333333,45.87938,-11.364821,37.338552,-9.656917,53 days 00:00:00,25 days 18:00:00,1.425152,4183.314999,0.284942,0.095358,1.152833,0.429436
INTENTECH,Success,0.00787399999990157,0.015264599999682105,0.0009930999995049206,0.0543084999999337,0.07887729999947624,2017-03-23 09:15:00,2025-06-26 09:15:00,2047 days 00:00:00,100000.0,54174.67187,-45.825328,-46.976883,100.0,593.604519,45.825328,1194 days 00:00:00,4.0,4.0,0.0,0.0,0.0,-12.478479,-16.09582,,-14.209308,,11 days 18:00:00,0.0,-11456.332032,-1.11067,-0.225934,0.375814,-1.271804
INTERARCH,Success,0.003590000000258442,0.016042500000367,0.0008980000002338784,0.052456399999755376,0.0734175999996296,2024-08-26 09:15:00,2025-06-26 09:15:00,209 days 00:00:00,100000.0,87933.053691,-12.066946,77.594714,100.0,187.921175,14.692258,109 days 00:00:00,1.0,1.0,0.0,0.0,0.0,-12.079013,-12.079013,,-12.079013,,8 days 00:00:00,0.0,-12066.946309,-1.803226,-1.36907,0.321825,-1.958123
INTLCONV,Success,0.005650999999488704,0.01835549999941577,0.0009020999996209866,0.05151130000012927,0.07681660000071133,2021-09-16 09:15:00,2025-06-26 09:15:00,938 days 00:00:00,100000.0,82600.475327,-17.399525,27.713311,100.0,182.583258,30.800079,802 days 00:00:00,1.0,1.0,0.0,0.0,0.0,-17.416924,-17.416924,,-17.416924,,76 days 00:00:00,0.0,-17399.524673,-0.320234,-0.23274,0.86027,-0.459303
INVENTURE,Success,0.014555400000062946,0.016568800000641204,0.0013905999994676677,0.05457589999969059,0.08750729999974283,2011-08-04 09:15:00,2025-06-26 09:15:00,3431 days 00:00:00,100000.0,57107.457884,-42.892542,-67.231206,100.0,750.480917,58.799542,3241 days 00:00:00,6.0,6.0,0.0,0.0,16.666667,29.777804,-22.901543,29.777804,-15.004919,48 days 00:00:00,58 days 09:36:00,0.233869,-7148.757019,-0.233225,-0.098399,0.891322,-0.323529
IOB,Success,0.0200513999998293,0.013857500000085565,0.0012725000005957554,0.053501699999287666,0.08910269999978482,2000-12-13 09:15:00,2025-06-26 09:15:00,6056 days 00:00:00,100000.0,148662.358096,48.662358,282.020202,100.0,4221.015217,44.851743,4515 days 00:00:00,15.0,15.0,0.0,0.0,40.0,41.079687,-20.691343,30.28429,-12.238642,57 days 16:00:00,40 days 08:00:00,1.288422,3244.157206,0.223456,0.053924,1.101944,0.355064
IOC,Success,0.018699600000218197,0.014432400000259804,0.0014503000002150657,0.053150900000218826,0.0881323000003249,1995-10-19 09:15:00,2025-06-26 09:15:00,7031 days 00:00:00,100000.0,70085.932571,-29.914067,674.422664,100.0,3651.792095,49.166497,5239 days 00:00:00,20.0,20.0,0.0,0.0,25.0,31.035912,-14.643974,21.270804,-8.334359,29 days 19:12:00,31 days 16:00:00,0.753277,-1495.703371,-0.07845,-0.037186,0.962828,-0.104658
IOLCP,Success,0.012867999999798485,0.014358899999933783,0.001049800000146206,0.053192599999420054,0.0819989000001442,2010-11-08 09:15:00,2025-06-26 09:15:00,3487 days 00:00:00,100000.0,152677.401619,52.677402,757.220186,100.0,2659.695949,34.3657,1114 days 00:00:00,9.0,9.0,0.0,0.0,33.333333,45.16045,-11.567408,38.763017,-8.852865,108 days 16:00:00,9 days 04:00:00,1.628507,5853.044624,0.321046,0.131787,1.146215,0.533891
IONEXCHANG,Success,0.004331000000092899,0.013513099999727274,0.0010507000006327871,0.05285649999950692,0.07228440000017144,2022-02-22 09:15:00,2025-06-26 09:15:00,829 days 00:00:00,100000.0,154631.429353,54.631429,183.838357,100.0,855.709338,14.330028,365 days 00:00:00,3.0,3.0,0.0,0.0,66.666667,31.196855,-9.323319,30.612521,-9.323319,38 days 00:00:00,20 days 00:00:00,4.439921,18210.476451,1.098616,1.476358,1.582335,2.140052
IPCALAB,Success,0.016223099999479018,0.014577299999473325,0.0013441000000966596,0.05497689999992872,0.08756039999934728,1999-01-01 09:15:00,2025-06-26 09:15:00,6541 days 00:00:00,100000.0,62039.464903,-37.960535,27061.616162,100.0,2323.525561,66.465425,6306 days 00:00:00,19.0,19.0,0.0,0.0,26.315789,37.520822,-21.577,25.208142,-10.69373,53 days 09:36:00,48 days 15:25:42,0.629059,-1997.9229,-0.079622,-0.039551,0.969511,-0.115319
IPL,Success,0.004605199999787146,0.01334469999983412,0.0008803000000625616,0.051601799999843934,0.07098039999982575,2021-07-05 09:15:00,2025-06-26 09:15:00,988 days 00:00:00,100000.0,90478.950947,-9.521049,-35.558792,100.0,190.46962,9.521049,322 days 00:00:00,1.0,1.0,0.0,0.0,0.0,-9.53057,-9.53057,,-9.53057,,2 days 00:00:00,0.0,-9521.049053,-0.832691,-0.381135,0.0,-0.832322
IRB,Success,0.015180500000496977,0.016706099999282742,0.0013787000007141614,0.05178370000066934,0.085460499999499,2008-02-25 09:15:00,2025-06-26 09:15:00,4280 days 00:00:00,100000.0,200854.9449,100.854945,164.909057,100.0,1650.817319,25.787677,1734 days 00:00:00,7.0,6.0,1.0,8170.733982,50.0,38.219793,-9.24979,35.629534,-8.218346,47 days 16:00:00,11 days 16:00:00,4.195548,15447.368486,0.505642,0.237632,1.428796,0.835628
IRCON,Success,0.006969900000513007,0.01425790000030247,0.0012243999999554944,0.05483260000073642,0.07768870000018069,2018-09-28 09:15:00,2025-06-26 09:15:00,1670 days 00:00:00,100000.0,261874.097343,161.874097,388.779208,100.0,1452.662274,18.001583,921 days 00:00:00,5.0,5.0,0.0,0.0,80.0,44.06523,-6.79011,30.091792,-6.79011,38 days 12:00:00,8 days 00:00:00,24.863527,32374.819469,1.394926,1.300901,1.868953,2.817355
IRCTC,Success,0.005084399999759626,0.013425400000414811,0.0009542999996483559,0.05332289999932982,0.07323409999935393,2019-10-14 09:15:00,2025-06-26 09:15:00,1417 days 00:00:00,100000.0,100652.865215,0.652865,431.123325,100.0,630.884421,26.886139,854 days 00:00:00,4.0,3.0,1.0,3262.381096,33.333333,19.635825,-13.331043,19.635825,-9.704437,40 days 00:00:00,82 days 00:00:00,0.859559,-869.838627,0.086321,0.00624,1.034406,0.118731
IREDA,Success,0.0051770999998552725,0.014725399999406363,0.0008660000003146706,0.05438219999996363,0.07562789999974484,2023-11-29 09:15:00,2025-06-26 09:15:00,392 days 00:00:00,100000.0,87014.80595,-12.985194,184.883333,100.0,187.002008,12.985194,321 days 00:00:00,1.0,1.0,0.0,0.0,0.0,-12.998179,-12.998179,,-12.998179,,2 days 00:00:00,0.0,-12985.19405,-1.636873,-0.935493,0.0,-1.632967
IRFC,Success,0.005198799999561743,0.01570129999981873,0.0009770999995453167,0.05184370000006311,0.07414259999950445,2021-01-29 09:15:00,2025-06-26 09:15:00,1093 days 00:00:00,100000.0,147046.333429,47.046333,463.991958,100.0,915.260818,12.079489,217 days 00:00:00,4.0,3.0,1.0,7732.75083,66.666667,41.762402,-11.470147,26.398382,-11.470147,37 days 12:00:00,27 days 00:00:00,3.180521,13104.527533,0.98966,1.137617,1.688179,2.237516
IRIS,Success,0.004723500000181957,0.01626410000062606,0.000995399999737856,0.0528243000007933,0.07529909999993833,2021-11-08 09:15:00,2025-06-26 09:15:00,903 days 00:00:00,100000.0,115401.705915,15.401706,75.103088,100.0,215.417323,0.1997,1 days 00:00:00,1.0,1.0,0.0,0.0,100.0,15.417108,15.417108,15.417108,,3 days 00:00:00,,inf,15401.705915,1.087228,29.850502,74.522576,46.74372
IRISDOREME,Success,0.006869900000310736,0.013918600000579318,0.0013384000003497931,0.05803789999936271,0.08059620000040013,2018-11-16 09:15:00,2025-06-26 09:15:00,1210 days 00:00:00,100000.0,81261.717513,-18.738282,1639.963068,100.0,358.349949,20.973313,878 days 00:00:00,2.0,2.0,0.0,0.0,0.0,-8.242357,-11.458141,,-9.850249,,29 days 12:00:00,0.0,-9369.141243,-0.656545,-0.289286,0.652756,-0.869194
IRMENERGY,Success,0.004120999999940977,0.01365540000006149,0.0008394000005864655,0.05110609999974258,0.07014040000012756,2023-10-26 09:15:00,2025-06-26 09:15:00,415 days 00:00:00,100000.0,88554.779746,-11.44522,-36.436647,100.0,188.543523,11.44522,321 days 00:00:00,1.0,1.0,0.0,0.0,0.0,-11.456665,-11.456665,,-11.456665,,2 days 00:00:00,0.0,-11445.220254,-1.56763,-0.885858,0.0,-1.564252
ISFT,Success,0.013530899999750545,0.015542999999524909,0.0010931999995591468,0.05148379999991448,0.08204440000008617,2010-04-12 09:15:00,2025-06-26 09:15:00,3726 days 00:00:00,100000.0,150625.782886,50.625783,-29.484605,100.0,1825.515681,35.408988,1161 days 00:00:00,6.0,6.0,0.0,0.0,50.0,42.939363,-18.759395,35.164346,-15.051047,48 days 00:00:00,60 days 16:00:00,1.665979,8437.630481,0.309831,0.11563,1.154866,0.504025
ISGEC,Success,0.004879600000094797,0.014412599999559461,0.0008358000004591304,0.054259300000012445,0.07482980000077077,2021-05-05 09:15:00,2025-06-26 09:15:00,1030 days 00:00:00,100000.0,87997.236487,-12.002764,107.644643,100.0,187.985422,21.180969,938 days 00:00:00,1.0,1.0,0.0,0.0,0.0,-12.014766,-12.014766,,-12.014766,,61 days 00:00:00,0.0,-12002.763513,-0.386111,-0.20915,0.772529,-0.544267
ISHANCH,Skipped: Data rows 64 < 70,,,,,0.003693599999678554,,,,,,,,,,,,,,,,,,,,,,,,,,,,
ITC,Success,0.021383899999818823,0.014242100000046776,0.001308699999754026,0.05290979999972478,0.09024680000038643,1994-11-03 09:15:00,2025-06-26 09:15:00,7561 days 00:00:00,100000.0,186274.911176,86.274911,4875.003772,100.0,7869.654176,31.713514,1609 days 00:00:00,26.0,26.0,0.0,0.0,42.307692,26.323106,-14.38512,17.087416,-7.053093,69 days 10:54:32,27 days 04:48:00,1.533268,3318.265814,0.293789,0.096124,1.112485,0.426839
ITCHOTELS,Success,0.003322499999740103,0.012122899999667425,0.0009012999998958549,0.03867069999978412,0.055430499999602034,2025-01-29 09:15:00,2025-06-26 09:15:00,101 days 00:00:00,100000.0,112588.62846,12.588628,30.17748,100.0,99.9001,4.235627,10 days 00:00:00,1.0,0.0,1.0,12588.62846,,,,,,,,,,2.38288,12.62976,1.92087,5.093742
ITDC,Success,0.008498000000145112,0.01671619999979157,0.0010290999998687766,0.05463849999978265,0.08129980000012438,2016-12-30 09:15:00,2025-06-26 09:15:00,2103 days 00:00:00,100000.0,58757.81433,-41.242186,181.088678,100.0,614.49097,49.834639,1995 days 00:00:00,4.0,4.0,0.0,0.0,0.0,-8.3451,-14.748249,,-12.427184,,120 days 00:00:00,0.0,-10310.546417,-0.264666,-0.176905,0.913474,-0.454679
ITDCEM,Success,0.014879600000313076,0.01335170000038488,0.0014626999991378398,0.0536500000007436,0.08378450000054727,2005-08-16 09:15:00,2025-06-26 09:15:00,4790 days 00:00:00,100000.0,224055.553167,124.055553,2665.476716,100.0,5336.227014,25.126048,845 days 00:00:00,14.0,14.0,0.0,0.0,42.857143,40.641821,-13.305432,30.459032,-9.213856,51 days 00:00:00,18 days 18:00:00,1.804299,8861.11094,0.427821,0.252334,1.235715,0.718932
ITI,Success,0.01842159999978321,0.01412629999958881,0.0014254999996410334,0.2576738000007026,0.29207659999974567,1999-01-01 09:15:00,2025-06-26 09:15:00,6413 days 00:00:00,100000.0,31434.009585,-68.56599,2814.090909,100.0,1200.834746,72.063611,6335 days 00:00:00,11.0,11.0,0.0,0.0,9.090909,16.347869,-21.825333,16.347869,-12.179976,16 days 00:00:00,26 days 04:48:00,0.104429,-6233.271856,-0.402227,-0.088456,0.719761,-0.571088
IVC,Success,0.016521100000318256,0.013045700000475335,0.0013581000002886867,0.05302049999954761,0.0843379999996614,1999-09-15 09:15:00,2025-06-26 09:15:00,6211 days 00:00:00,100000.0,84245.567631,-15.754432,1120.381648,100.0,2207.688553,50.175774,2418 days 00:00:00,13.0,13.0,0.0,0.0,30.769231,45.931175,-23.690536,39.464872,-15.189424,39 days 12:00:00,20 days 00:00:00,0.872158,-1211.879413,0.019238,-0.019978,1.012136,0.028661
IVP,Success,0.014929199999642151,0.014888499999869964,0.001184599999760394,0.053743600000416336,0.08514110000032815,1999-01-04 09:15:00,2025-06-26 09:15:00,5368 days 00:00:00,100000.0,202311.901936,102.311902,265.130246,100.0,3132.656333,45.856331,3436 days 00:00:00,12.0,12.0,0.0,0.0,41.666667,59.034708,-16.6724,42.574821,-13.91665,60 days 09:36:00,19 days 00:00:00,1.768369,8525.991828,0.317142,0.107027,1.175202,0.56512
IWEL,Success,0.004688500000156637,0.01328300000022864,0.0009638999999879161,0.05247809999946185,0.07181190000028437,2021-06-11 09:15:00,2025-06-19 09:15:00,999 days 00:00:00,100000.0,119443.295884,19.443296,5071.062547,100.0,877.294905,32.037439,469 days 00:00:00,4.0,4.0,0.0,0.0,50.0,25.727057,-13.446707,24.894714,-12.481997,24 days 00:00:00,34 days 12:00:00,1.671316,4860.823971,0.456935,0.209344,1.194599,0.731882
IXIGO,Success,0.003936799999792129,0.014427899999645888,0.0007807000001776032,0.05436399999962305,0.0738920000003418,2024-06-18 09:15:00,2025-06-26 09:15:00,256 days 00:00:00,100000.0,100000.0,0.0,7.82042,0.0,0.0,,,0.0,0.0,0.0,0.0,,,,,,,,,,inf,,inf,inf
IZMO,Success,0.015149599999858765,0.01650199999949109,0.0019284999998490093,0.053799599999365455,0.08779380000032688,2007-02-05 09:15:00,2025-06-26 09:15:00,4445 days 00:00:00,100000.0,434947.809487,334.947809,49.690207,100.0,7071.948201,41.270819,837 days 00:00:00,12.0,12.0,0.0,0.0,58.333333,65.445355,-19.873456,39.679583,-15.377524,41 days 17:08:34,48 days 04:48:00,2.283195,27912.317457,0.632168,0.310877,1.280229,1.089649
J&KBANK,Success,0.013308700000379758,0.014158199999656063,0.001124800000070536,0.05200799999965966,0.08118680000006862,2006-11-02 09:15:00,2025-06-26 09:15:00,4608 days 00:00:00,100000.0,227853.070249,127.85307,136.29419,100.0,5607.619407,37.241491,1509 days 00:00:00,14.0,14.0,0.0,0.0,42.857143,38.156199,-11.525534,29.842939,-8.781555,72 days 12:00:00,26 days 09:00:00,1.823088,9132.362161,0.453935,0.180999,1.209215,0.687137
JAGRAN,Success,0.01440089999960037,0.013207099999817729,0.0015631999995093793,0.05654150000009395,0.08612409999932424,2006-02-22 09:15:00,2025-06-26 09:15:00,4779 days 00:00:00,100000.0,407152.020429,307.15202,59.291895,100.0,6593.911072,20.609142,1476 days 00:00:00,10.0,10.0,0.0,0.0,60.0,60.028425,-10.74604,34.641498,-8.079018,69 days 08:00:00,31 days 12:00:00,3.322707,30715.202043,0.7284,0.549239,1.401602,1.334503
JAGSNPHARM,Success,0.016237400000136404,0.013067400000181806,0.0015704000006735441,0.05260600000019622,0.08388139999988198,1999-01-04 09:15:00,2025-06-26 09:15:00,6204 days 00:00:00,100000.0,232546.923585,132.546924,5119.759074,100.0,4100.131603,64.325647,2825 days 00:00:00,16.0,16.0,0.0,0.0,43.75,47.533402,-17.842289,34.906978,-12.718147,42 days 03:25:42,44 days 18:40:00,1.915391,8284.182724,0.326009,0.079134,1.166508,0.568544
JAIBALAJI,Success,0.014435100000810053,0.013766199999736273,0.001331200000095123,0.05378440000004048,0.08397010000044247,2007-08-31 09:15:00,2025-06-26 09:15:00,4401 days 00:00:00,100000.0,63003.724229,-36.996276,268.189483,100.0,1100.623247,38.422093,2689 days 00:00:00,7.0,7.0,0.0,0.0,14.285714,41.214889,-14.853996,41.214889,-12.583634,19 days 00:00:00,14 days 16:00:00,0.417133,-5285.182253,-0.3589,-0.097833,0.745376,-0.466927
JAICORPLTD,Success,0.01682650000020658,0.01409570000032545,0.0012302000004638103,0.05360669999936363,0.0861520999997083,1999-01-01 09:15:00,2025-06-26 09:15:00,6096 days 00:00:00,100000.0,31197.482603,-68.802517,8623.846154,100.0,1466.509396,71.291921,5943 days 00:00:00,14.0,14.0,0.0,0.0,14.285714,29.312037,-18.90231,28.864444,-12.956564,11 days 12:00:00,11 days 18:00:00,0.255812,-4914.465528,-0.530299,-0.094496,0.648798,-0.693994
JAIPURKURT,Success,0.005077599999822269,0.013300399999934598,0.0008303999993586331,0.05247670000062499,0.07215300000007119,2021-09-02 09:15:00,2025-06-26 09:15:00,947 days 00:00:00,100000.0,90660.076082,-9.339924,-30.903069,100.0,190.650927,10.359878,594 days 00:00:00,1.0,1.0,0.0,0.0,0.0,-9.349264,-9.349264,,-9.349264,,19 days 00:00:00,0.0,-9339.923918,-0.577227,-0.357988,0.564994,-0.74806
JAMNAAUTO,Success,0.012519500000053085,0.01360940000085975,0.0010302999999112217,0.06133820000013657,0.08887909999975818,2010-12-10 09:15:00,2025-06-26 09:15:00,3514 days 00:00:00,100000.0,340664.98962,240.66499,571.117458,100.0,5926.670036,30.58492,589 days 00:00:00,13.0,13.0,0.0,0.0,53.846154,39.807429,-13.163769,31.137362,-10.456697,43 days 13:42:51,63 days 16:00:00,2.533832,18512.691509,0.657852,0.443934,1.24512,1.145965
JASH,Success,0.004900500000076136,0.01572870000018156,0.0008731999996598461,0.057171200000084355,0.07908449999922595,2019-10-30 09:15:00,2025-06-26 09:15:00,1406 days 00:00:00,100000.0,244166.8743,144.166874,2401.519757,100.0,1907.001171,22.205799,98 days 00:00:00,5.0,5.0,0.0,0.0,80.0,31.374993,-12.167514,29.156939,-12.167514,94 days 00:00:00,14 days 00:00:00,5.267035,28833.37486,1.034515,1.174441,1.365063,1.953126
JAYAGROGN,Success,0.017513599999801954,0.015610100000230887,0.001325899999756075,0.05341130000033445,0.08825160000014876,1999-01-04 09:15:00,2025-06-26 09:15:00,6287 days 00:00:00,100000.0,770423.140626,670.423141,3164.126984,100.0,13712.341394,37.244153,1212 days 00:00:00,19.0,18.0,1.0,37349.430203,50.0,59.765135,-19.336833,42.217702,-11.936529,47 days 05:20:00,44 days 21:19:59,2.587992,35170.76169,0.623985,0.337903,1.294464,1.150954
JAYBARMARU,Success,0.015861999999287946,0.013148900000487629,0.0012814000001526438,0.05184180000014749,0.08252720000018599,1999-01-04 09:15:00,2025-06-26 09:15:00,6123 days 00:00:00,100000.0,181168.678378,81.168678,6541.525367,100.0,4771.352819,56.419046,4598 days 00:00:00,14.0,14.0,0.0,0.0,35.714286,59.303096,-19.439565,45.865261,-13.249176,57 days 14:24:00,25 days 08:00:00,1.368735,5797.762741,0.270169,0.063914,1.147577,0.428028
JAYNECOIND,Success,0.011496500000248489,0.01399169999967853,0.0010830999999598134,0.055100900000070396,0.08216329999959271,2008-02-22 09:15:00,2025-06-26 09:15:00,4233 days 00:00:00,100000.0,98461.770058,-1.53823,-19.271258,100.0,1007.79834,37.834227,2688 days 00:00:00,6.0,6.0,0.0,0.0,33.333333,42.946953,-20.51874,40.740773,-15.99039,32 days 00:00:00,44 days 00:00:00,0.973507,-256.371657,0.058776,-0.003531,1.035511,0.086748
JAYSREETEA,Success,0.0180276999999478,0.015355900000031397,0.0012370000004011672,0.06027689999973518,0.09535419999974692,1999-01-01 09:15:00,2025-06-26 09:15:00,6502 days 00:00:00,100000.0,38857.82194,-61.142178,143.626374,100.0,2763.858886,68.223074,4725 days 00:00:00,20.0,20.0,0.0,0.0,20.0,46.115842,-20.101427,31.315024,-11.841978,55 days 06:00:00,25 days 13:30:00,0.552287,-3057.108903,-0.186957,-0.075752,0.916289,-0.278877
JBCHEPHARM,Success,0.01693780000005063,0.013814999999340216,0.001251899999260786,0.05480470000020432,0.08739220000006753,1999-01-01 09:15:00,2025-06-26 09:15:00,6522 days 00:00:00,100000.0,291616.246826,191.616247,15264.313897,100.0,9335.030756,42.066287,2396 days 00:00:00,22.0,22.0,0.0,0.0,40.909091,84.851642,-18.115515,31.921467,-9.747536,53 days 02:40:00,36 days 20:18:27,1.69504,8709.829401,0.400203,0.146738,1.166507,0.658181
JBMA,Success,0.014623699999901874,0.017233499999747437,0.0017980000002353336,0.058529999999336724,0.09259770000062417,2004-12-17 09:15:00,2025-06-26 09:15:00,4828 days 00:00:00,100000.0,382457.561384,282.457561,21421.217027,100.0,7165.04102,32.096808,1061 days 00:00:00,16.0,16.0,0.0,0.0,50.0,43.46331,-16.012673,33.119556,-11.034549,42 days 09:00:00,16 days 06:00:00,2.362073,17653.597586,0.660594,0.332541,1.393422,1.276612
JCHAC,Success,0.0144295999998576,0.013467900000250665,0.001264900000023772,0.05697460000010324,0.08655969999927038,2006-11-02 09:15:00,2025-06-26 09:15:00,4607 days 00:00:00,100000.0,91699.794919,-8.300205,2074.496724,100.0,1928.920764,42.23572,3107 days 00:00:00,12.0,12.0,0.0,0.0,33.333333,36.941724,-27.711262,25.896239,-11.520848,41 days 00:00:00,92 days 00:00:00,0.897275,-691.683757,0.064367,-0.016198,1.023401,0.103175
JETFREIGHT,Success,0.006773999999495572,0.014667500000541622,0.0008801999993011123,0.05713300000024901,0.07993110000006709,2016-12-06 09:15:00,2025-06-26 09:15:00,1389 days 00:00:00,100000.0,152948.614499,52.948614,96.589728,100.0,868.233731,12.449961,321 days 00:00:00,3.0,3.0,0.0,0.0,66.666667,32.950056,-12.462411,32.20782,-12.462411,10 days 12:00:00,1 days 00:00:00,3.434431,17649.538166,1.054303,0.948888,2.678336,1.946241
JGCHEM,Success,0.004089900000508351,0.013893500000449421,0.0010477999994691345,0.054757700000664045,0.07446319999962725,2024-03-13 09:15:00,2025-06-26 09:15:00,319 days 00:00:00,100000.0,112266.691283,12.266691,116.477273,100.0,466.051134,16.532734,171 days 00:00:00,2.0,2.0,0.0,0.0,50.0,26.912741,-11.533029,26.912741,-11.533029,39 days 00:00:00,12 days 00:00:00,1.839083,6133.345642,0.631172,0.856215,1.233444,0.990869
JHS,Success,0.013778200000160723,0.015131699999983539,0.0010946000002149958,0.0585133999993559,0.08890280000014172,2006-10-23 09:15:00,2025-06-26 09:15:00,4308 days 00:00:00,100000.0,67036.351955,-32.963648,-73.960784,100.0,4698.469324,71.969132,1953 days 00:00:00,16.0,16.0,0.0,0.0,25.0,62.758033,-20.115357,39.202605,-13.163079,44 days 00:00:00,28 days 18:00:00,0.861739,-2060.228003,-0.042481,-0.046294,0.982209,-0.066464
JINDALPHOT,Success,0.015272200000254088,0.01991089999955875,0.0014937000005375012,0.0627212999997937,0.10007999999925232,2005-04-07 09:15:00,2025-06-26 09:15:00,4996 days 00:00:00,100000.0,118542.031893,18.542032,496.663033,100.0,3010.367391,34.014408,2165 days 00:00:00,14.0,14.0,0.0,0.0,28.571429,52.637697,-17.374792,41.881563,-11.460673,38 days 12:00:00,16 days 09:35:59,1.143426,1324.43085,0.155293,0.036763,1.100258,0.266545
JINDALPOLY,Success,0.018231099999866274,0.018569099999695027,0.0011992999998255982,0.06296180000026652,0.10160639999958221,1999-01-01 09:15:00,2025-06-26 09:15:00,6112 days 00:00:00,100000.0,96892.614132,-3.107386,4173.352257,100.0,2153.488598,44.043561,4386 days 00:00:00,14.0,14.0,0.0,0.0,28.571429,40.641514,-15.145096,30.200654,-10.1732,48 days 12:00:00,20 days 16:48:00,0.963529,-221.956133,0.04834,-0.004276,1.03155,0.075591
JINDALSAW,Success,0.027931100000387232,0.01974459999928513,0.0025405000005775946,0.050819099999898754,0.1014247000002797,2005-02-18 09:15:00,2025-06-26 09:15:00,5031 days 00:00:00,100000.0,341762.331397,241.762331,820.439536,100.0,7210.592721,48.296575,1815 days 00:00:00,17.0,17.0,0.0,0.0,47.058824,42.217593,-21.026141,32.594258,-10.626334,38 days 09:00:00,39 days 05:20:00,2.079856,14221.313612,0.564284,0.19309,1.247456,0.934278
JINDALSTEL,Success,0.015940299999783747,0.012833800000407791,0.001284500000110711,0.05295139999998355,0.08340600000065024,1999-09-22 09:15:00,2025-06-26 09:15:00,6383 days 00:00:00,100000.0,226198.509355,126.198509,36473.79955,100.0,3197.247504,45.919818,4035 days 00:00:00,11.0,11.0,0.0,0.0,54.545455,38.467723,-19.299801,28.373018,-12.547599,31 days 20:00:00,17 days 00:00:00,2.329199,11472.59176,0.442083,0.104055,1.364377,0.698319
JINDRILL,Success,0.014651899999989837,0.014703399999234534,0.0010746999996626982,0.055010699999911594,0.08582670000032522,2006-12-22 09:15:00,2025-06-26 09:15:00,4572 days 00:00:00,100000.0,52755.254111,-47.244746,120.920853,100.0,790.085567,63.5065,4297 days 00:00:00,7.0,7.0,0.0,0.0,14.285714,41.874148,-27.097043,41.874148,-14.993164,110 days 00:00:00,20 days 20:00:00,0.247749,-6749.249413,-0.321614,-0.078374,0.797169,-0.485134
JINDWORLD,Success,0.013163499999791384,0.013541399999667192,0.0009858000003077905,0.05571739999959391,0.08380169999963982,2010-11-25 09:15:00,2025-06-26 09:15:00,3578 days 00:00:00,100000.0,149846.04608,49.846046,921.483658,100.0,3535.057287,51.525233,999 days 00:00:00,11.0,11.0,0.0,0.0,45.454545,55.279836,-22.206298,35.603065,-16.724845,71 days 19:12:00,53 days 16:00:00,1.28692,4531.458735,0.283525,0.081748,1.099342,0.473058
JIOFIN,Success,0.004176599999482278,0.01305899999988469,0.0008566000005885144,0.05458619999990333,0.0730649999995876,2023-08-21 09:15:00,2025-06-26 09:15:00,460 days 00:00:00,100000.0,92902.734413,-7.097266,25.552436,100.0,192.89583,11.948656,272 days 00:00:00,1.0,1.0,0.0,0.0,0.0,-7.104363,-7.104363,,-7.104363,,16 days 00:00:00,0.0,-7097.265587,-0.522427,-0.474867,0.646464,-0.604692
JISLDVREQS,Success,0.012785100000655802,0.014823399999841058,0.00097749999986263,0.054542400000173075,0.08388259999992442,2011-11-30 09:15:00,2025-06-26 09:15:00,3356 days 00:00:00,100000.0,45650.062545,-54.349937,-65.97593,100.0,850.231294,54.349937,3068 days 00:00:00,6.0,6.0,0.0,0.0,0.0,-9.957884,-14.393353,,-12.254281,,15 days 12:00:00,0.0,-9058.322909,-0.966374,-0.150415,0.462622,-1.169349
JISLJALEQS,Success,0.01428570000007312,0.013555100000303355,0.0015544000007139402,0.0572744999999486,0.0873263000003135,2002-01-18 09:15:00,2025-06-26 09:15:00,5765 days 00:00:00,100000.0,42512.566642,-57.487433,2210.8,100.0,3365.744785,77.984168,4314 days 00:00:00,17.0,17.0,0.0,0.0,17.647059,37.277776,-14.559293,29.374817,-10.925309,51 days 08:00:00,29 days 06:51:25,0.621115,-3381.613727,-0.222513,-0.067598,0.903044,-0.310862
JITFINFRA,Success,0.007253199999468052,0.01398940000035509,0.0008924999992814264,0.053077399999892805,0.07572950000030687,2017-02-27 09:15:00,2025-06-26 09:15:00,2059 days 00:00:00,100000.0,87163.356935,-12.836643,658.071066,100.0,2114.945911,54.695759,899 days 00:00:00,8.0,8.0,0.0,0.0,25.0,40.564844,-15.787657,38.757207,-12.343438,15 days 00:00:00,16 days 20:00:00,0.878016,-1604.580383,-0.098948,-0.043989,0.952581,-0.14402
JKCEMENT,Success,0.014517699999487377,0.013993999999911466,0.0010993999994752812,0.05368630000066332,0.08367040000030102,2006-03-14 09:15:00,2025-06-26 09:15:00,4765 days 00:00:00,100000.0,126622.541959,26.622542,3799.03537,100.0,3397.511667,33.599277,3324 days 00:00:00,15.0,15.0,0.0,0.0,33.333333,30.099232,-11.628771,23.100091,-7.649227,30 days 19:12:00,24 days 02:24:00,1.302593,1774.836131,0.216334,0.054302,1.117208,0.333878
JKIL,Success,0.013297800000145799,0.01410940000005212,0.0013494999993781676,0.06000840000069729,0.08921079999981885,2008-02-12 09:15:00,2025-06-26 09:15:00,4285 days 00:00:00,100000.0,105521.13821,5.521138,1306.86986,100.0,1455.546115,46.18272,3339 days 00:00:00,9.0,9.0,0.0,0.0,33.333333,35.250724,-21.025634,32.794836,-12.324743,47 days 16:00:00,42 days 16:00:00,1.087169,613.459801,0.111477,0.009935,1.059486,0.170842
JKLAKSHMI,Success,0.014365099999849917,0.013461399999869172,0.0012514999998529674,0.053004999999757274,0.08247160000064468,2006-06-19 09:15:00,2025-06-26 09:15:00,4702 days 00:00:00,100000.0,46406.036398,-53.593964,1594.896464,100.0,1221.691565,55.277743,4606 days 00:00:00,9.0,9.0,0.0,0.0,0.0,-5.88017,-11.273421,,-8.170368,,19 days 16:00:00,0.0,-5954.884845,-0.849776,-0.104664,0.532643,-0.990609
JKPAPER,Success,0.014704600000186474,0.014055200000257173,0.0011415999997552717,0.05202040000040142,0.0823207999992519,2005-06-16 09:15:00,2025-06-26 09:15:00,4948 days 00:00:00,100000.0,265614.172842,165.614173,601.382519,100.0,6708.607856,43.547209,1049 days 00:00:00,16.0,16.0,0.0,0.0,43.75,40.070521,-15.543922,32.355065,-10.260652,70 days 03:25:42,50 days 18:40:00,1.777609,10350.885803,0.456617,0.171587,1.166801,0.741267
JKTYRE,Success,0.016169900000022608,0.2001390999994328,0.001157700000476325,0.05404210000051535,0.27198200000020734,2007-03-19 09:15:00,2025-06-26 09:15:00,4500 days 00:00:00,100000.0,82803.993823,-17.196006,1218.249258,100.0,1982.824097,57.708779,4407 days 00:00:00,14.0,13.0,1.0,1421.798953,30.769231,35.459968,-36.829894,29.548291,-12.326709,30 days 12:00:00,22 days 00:00:00,0.795681,-1432.138856,-0.020098,-0.026319,0.988968,-0.030569
JLHL,Success,0.004899500000647095,0.01344280000012077,0.0007878999995227787,0.05577830000038375,0.0753709999999046,2023-09-18 09:15:00,2025-06-26 09:15:00,440 days 00:00:00,100000.0,97696.962245,-2.303038,33.813618,100.0,436.88437,25.305113,62 days 00:00:00,2.0,2.0,0.0,0.0,50.0,19.614231,-18.328223,19.614231,-18.328223,36 days 00:00:00,34 days 00:00:00,0.894827,-1151.518878,0.039244,-0.075647,1.018403,0.044471
JMA,Success,0.0100626999992528,0.016048899999987043,0.001105900000766269,0.05930090000038035,0.08698309999999765,2015-03-16 09:15:00,2025-06-26 09:15:00,2534 days 00:00:00,100000.0,126171.330355,26.17133,109.109087,100.0,1183.973765,34.660433,1369 days 00:00:00,6.0,6.0,0.0,0.0,33.333333,49.703468,-16.003721,48.499079,-12.968103,112 days 00:00:00,19 days 06:00:00,1.468532,4361.888392,0.265226,0.098245,1.136173,0.446545
JMFINANCIL,Success,0.018097900000611844,0.015793000000485335,0.001560300000164716,0.058881599999949685,0.09478169999965758,2006-10-10 09:15:00,2025-06-26 09:15:00,4621 days 00:00:00,100000.0,113074.2622,13.074262,403.258708,100.0,3179.632993,45.825377,2362 days 00:00:00,15.0,15.0,0.0,0.0,40.0,41.881233,-19.658696,27.512096,-13.655004,33 days 04:00:00,19 days 00:00:00,1.093289,871.61748,0.143155,0.021282,1.079272,0.20811
JNKINDIA,Success,0.0038457000000562402,0.013044999999692664,0.0007883999996920465,0.05274310000004334,0.07085300000017014,2024-04-30 09:15:00,2025-06-26 09:15:00,289 days 00:00:00,100000.0,89558.32809,-10.441672,-49.01015,100.0,189.548076,15.325859,211 days 00:00:00,1.0,1.0,0.0,0.0,0.0,-10.452114,-10.452114,,-10.452114,,35 days 00:00:00,0.0,-10441.67191,-0.982953,-0.848347,0.691804,-1.392446
JOCIL,Success,0.015801500000634405,0.021050400000603986,0.0013804000000163796,0.05180899999959365,0.09057829999983369,2008-10-08 09:15:00,2025-06-26 09:15:00,4000 days 00:00:00,100000.0,91367.572843,-8.632427,643.736798,100.0,1321.826306,18.760698,1951 days 00:00:00,7.0,7.0,0.0,0.0,28.571429,26.691617,-12.275824,22.339467,-9.362098,38 days 12:00:00,10 days 09:36:00,0.813878,-1233.20388,-0.047955,-0.043731,0.963375,-0.066165
JPOLYINVST,Success,0.015752299999803654,0.019835400000374648,0.001357799999823328,0.06583330000012211,0.10336550000010902,2013-11-11 09:15:00,2025-06-26 09:15:00,2741 days 00:00:00,100000.0,62235.267683,-37.764732,657.107335,100.0,1102.482362,44.051153,1906 days 00:00:00,8.0,7.0,1.0,3524.414993,14.285714,48.727044,-18.477694,48.727044,-14.325669,12 days 00:00:00,44 days 04:00:00,0.408377,-5898.449616,-0.2272,-0.138928,0.901259,-0.341521
JPPOWER,Success,0.021512000000257103,0.01660390000051848,0.0014480999998340849,0.06474989999969694,0.10489200000029086,2010-01-08 09:15:00,2025-06-26 09:15:00,3828 days 00:00:00,100000.0,58002.552693,-41.997447,-77.883077,100.0,1195.858218,51.928399,3078 days 00:00:00,7.0,7.0,0.0,0.0,14.285714,26.252621,-13.792276,26.252621,-12.158411,9 days 00:00:00,29 days 00:00:00,0.352284,-5999.63533,-0.358718,-0.097461,0.80448,-0.513757
JSFB,Success,0.0038721999999324908,0.01344029999927443,0.0008831999994072248,0.05615010000019538,0.07478350000019418,2024-02-14 09:15:00,2025-06-26 09:15:00,339 days 00:00:00,100000.0,100000.0,0.0,35.71914,0.0,0.0,,,0.0,0.0,0.0,0.0,,,,,,,,,,inf,,inf,inf
JSL,Success,0.017044499999428808,0.019502900000588852,0.0012188999999125372,0.0539214999998876,0.09214850000080332,2003-11-17 09:15:00,2025-06-26 09:15:00,5338 days 00:00:00,100000.0,212256.861288,112.256861,1856.181313,100.0,4614.962494,44.608878,2984 days 00:00:00,19.0,19.0,0.0,0.0,42.105263,44.393214,-15.952669,29.536456,-11.172519,41 days 06:00:00,41 days 13:05:27,1.757716,5908.255857,0.346551,0.118385,1.141447,0.569601
JSWENERGY,Success,0.018030799999905867,0.0214243999998871,0.0011802999997598818,0.060967100000198116,0.10214749999977357,2010-01-04 09:15:00,2025-06-26 09:15:00,3832 days 00:00:00,100000.0,167607.126535,67.607127,412.59296,100.0,2973.033925,41.569184,2215 days 00:00:00,14.0,14.0,0.0,0.0,35.714286,38.203608,-10.910277,32.061424,-9.220748,56 days 04:48:00,29 days 18:40:00,1.771089,4829.080467,0.354668,0.121298,1.145943,0.554169
JSWHL,Success,0.01825860000008106,0.020180700000310026,0.0013848000007783412,0.060070900000027905,0.1004745999998704,2005-06-21 09:15:00,2025-06-26 09:15:00,4943 days 00:00:00,100000.0,321788.557963,221.788558,7670.257911,100.0,5785.567748,32.228859,1449 days 00:00:00,15.0,15.0,0.0,0.0,53.333333,58.051421,-19.110309,28.648486,-10.746203,76 days 12:00:00,24 days 13:42:51,2.621068,14785.903864,0.52899,0.279669,1.240457,0.933062
JSWINFRA,Success,0.004940000000715372,0.015475999999580381,0.0010105000001203734,0.057863199999701465,0.07979150000028312,2023-10-03 09:15:00,2025-06-26 09:15:00,431 days 00:00:00,100000.0,121582.349474,21.582349,101.843611,100.0,485.876434,16.350755,184 days 00:00:00,2.0,2.0,0.0,0.0,50.0,32.168144,-7.994953,32.168144,-7.994953,64 days 00:00:00,51 days 00:00:00,3.045011,10791.174737,0.811317,1.100735,1.253145,1.202834
JSWSTEEL,Success,0.016692000000148255,0.018187099999522616,0.0015028999996502534,0.06016679999993357,0.09700650000013411,2005-09-16 09:15:00,2025-06-26 09:15:00,4886 days 00:00:00,100000.0,136747.645399,36.747645,3182.626078,100.0,8895.755415,44.508679,3744 days 00:00:00,26.0,26.0,0.0,0.0,26.923077,51.787005,-14.39088,30.241593,-7.607056,49 days 17:08:34,14 days 00:00:00,1.14651,1413.370977,0.22431,0.053147,1.092578,0.325425
JTEKTINDIA,Success,0.019116599999506434,0.018390500000350585,0.001695599999948172,0.06519290000051114,0.1048609999998007,1995-01-03 09:15:00,2025-06-26 09:15:00,6560 days 00:00:00,100000.0,47052.974407,-52.947026,2266.0,100.0,1882.409338,66.648656,6155 days 00:00:00,17.0,17.0,0.0,0.0,23.529412,31.398655,-20.093897,26.439354,-12.111602,36 days 06:00:00,34 days 03:41:32,0.442781,-3114.530917,-0.174222,-0.061636,0.920091,-0.2433
JTLIND,Success,0.005311400000209687,0.016291699999783305,0.001000700000076904,0.059242299999823445,0.08239170000069862,2021-12-23 09:15:00,2025-06-26 09:15:00,871 days 00:00:00,100000.0,127713.830439,27.71383,29.564091,100.0,227.741772,19.97791,122 days 00:00:00,1.0,1.0,0.0,0.0,100.0,27.741544,27.741544,27.741544,,145 days 00:00:00,,inf,27713.830439,0.732059,0.540344,1.312944,1.266301
JUBLCPL,Success,0.004394499999762047,0.015553199999885692,0.0008987999999590102,0.06350879999990866,0.08491119999962393,2025-02-14 09:15:00,2025-06-26 09:15:00,88 days 00:00:00,100000.0,100000.0,0.0,13.387182,0.0,0.0,,,0.0,0.0,0.0,0.0,,,,,,,,,,inf,,inf,inf
JUBLFOOD,Success,0.015182500000264554,0.018466099999386643,0.0012435999997251201,0.06286770000042452,0.09823229999983596,2010-02-08 09:15:00,2025-06-26 09:15:00,3808 days 00:00:00,100000.0,128125.140559,28.125141,3004.102876,100.0,2086.02925,32.476207,1978 days 00:00:00,11.0,11.0,0.0,0.0,36.363636,23.914036,-10.721158,22.087301,-7.536351,44 days 06:00:00,35 days 17:08:34,1.551522,2556.83096,0.240234,0.074023,1.105464,0.353146
JUBLINGREA,Success,0.006187599999975646,0.02383709999958228,0.0014541999998982647,0.06246099999953003,0.094467099999747,2021-03-19 09:15:00,2025-06-26 09:15:00,1059 days 00:00:00,100000.0,92859.829219,-7.140171,185.876431,100.0,192.852882,8.686996,424 days 00:00:00,1.0,1.0,0.0,0.0,0.0,-7.147311,-7.147311,,-7.147311,,17 days 00:00:00,0.0,-7140.170781,-0.60537,-0.290195,0.545754,-0.812951
JUBLPHARMA,Success,0.016770100000030652,0.017162099999950442,0.0015481000000363565,0.06550139999944804,0.1016301999998177,2003-09-30 09:15:00,2025-06-26 09:15:00,5369 days 00:00:00,100000.0,232786.794702,132.786795,2135.113005,100.0,4415.11183,44.330625,3292 days 00:00:00,19.0,19.0,0.0,0.0,47.368421,39.39754,-16.888986,24.163606,-10.167073,46 days 00:00:00,24 days 02:24:00,2.166255,6988.778669,0.407593,0.133371,1.203196,0.648447
JUNIPER,Success,0.004539900000054331,0.015655700000024808,0.0011026000001947978,0.04962530000011611,0.07132809999984602,2024-02-28 09:15:00,2025-06-26 09:15:00,329 days 00:00:00,100000.0,100000.0,0.0,-28.455791,0.0,0.0,,,0.0,0.0,0.0,0.0,,,,,,,,,,inf,,inf,inf
JUSTDIAL,Success,0.009091300000363844,0.017337199999929,0.0028771000006599934,0.06018149999999878,0.08996099999967555,2013-06-05 09:15:00,2025-06-26 09:15:00,2981 days 00:00:00,100000.0,115953.249594,15.95325,50.421488,100.0,1564.652235,27.485403,1028 days 00:00:00,6.0,6.0,0.0,0.0,33.333333,36.337,-11.023722,31.854913,-9.594758,22 days 12:00:00,11 days 00:00:00,1.295546,2658.874932,0.205862,0.06654,1.197262,0.387922
JWL,Success,0.02115250000042579,0.01513980000072479,0.0011567999999897438,0.05583589999969263,0.09367389999988518,2010-10-18 09:15:00,2025-06-26 09:15:00,3634 days 00:00:00,100000.0,160394.411728,60.394412,240.434012,100.0,3898.945894,43.280005,1820 days 00:00:00,14.0,14.0,0.0,0.0,35.714286,51.982759,-21.331209,42.181788,-13.209277,54 days 00:00:00,14 days 16:00:00,1.343222,4313.886552,0.319319,0.112289,1.141259,0.508572
JYOTHYLAB,Success,0.013255699999717763,0.016308599999319995,0.0011535000003277673,0.05232149999937974,0.08349540000017441,2007-12-19 09:15:00,2025-06-26 09:15:00,4326 days 00:00:00,100000.0,249998.260873,149.998261,745.286858,100.0,4019.851786,30.008039,1713 days 00:00:00,11.0,11.0,0.0,0.0,54.545455,41.543796,-11.616239,27.592154,-10.145828,99 days 00:00:00,51 days 09:36:00,2.500191,13636.205534,0.519145,0.267852,1.191886,0.818538
JYOTICNC,Success,0.0038727000001017586,0.012439399999493617,0.000770100000409002,0.051117599999997765,0.06865629999992962,2024-01-16 09:15:00,2025-06-26 09:15:00,359 days 00:00:00,100000.0,88074.954882,-11.925045,160.018419,100.0,188.063218,24.607498,208 days 00:00:00,1.0,1.0,0.0,0.0,0.0,-11.93697,-11.93697,,-11.93697,,54 days 00:00:00,0.0,-11925.045118,-0.542475,-0.492198,0.835279,-0.820213
JYOTISTRUC,Success,0.015982499999154243,0.013886599999750615,0.0012731999995594379,0.05176969999956782,0.08330060000025696,1999-01-01 09:15:00,2025-06-26 09:15:00,6164 days 00:00:00,100000.0,112748.529873,12.74853,90.328613,100.0,2739.755542,43.776023,4606 days 00:00:00,12.0,12.0,0.0,0.0,33.333333,46.748865,-21.995496,38.466118,-13.612247,33 days 06:00:00,12 days 00:00:00,1.095579,1062.377489,0.119436,0.016289,1.091586,0.195245
KABRAEXTRU,Success,0.014559900000676862,0.012332699999205943,0.0011784999996962142,0.04994879999958357,0.0784339000001637,1999-01-01 09:15:00,2025-06-26 09:15:00,6135 days 00:00:00,100000.0,119166.769756,19.16677,13711.764706,100.0,2380.045826,46.285395,2368 days 00:00:00,12.0,12.0,0.0,0.0,33.333333,38.508652,-21.300668,35.47097,-12.076571,56 days 18:00:00,37 days 00:00:00,1.193123,1597.230813,0.14682,0.022658,1.076795,0.235652
KAJARIACER,Success,0.01630380000005971,0.013567100000727805,0.0014864999993733363,0.05671100000017759,0.08845579999979236,1999-01-01 09:15:00,2025-06-26 09:15:00,6357 days 00:00:00,100000.0,303885.89778,203.885898,32854.343654,100.0,13852.934227,37.082355,4580 days 00:00:00,24.0,24.0,0.0,0.0,37.5,54.224658,-17.019577,33.31431,-9.094596,58 days 21:20:00,33 days 16:00:00,1.484338,8495.245741,0.427772,0.177708,1.182071,0.70703
KAKATCEM,Success,0.01586799999950017,0.013047499999629508,0.0014992999995229184,0.05313459999979386,0.08413490000020829,1999-01-01 09:15:00,2025-06-26 09:15:00,6347 days 00:00:00,100000.0,70339.602941,-29.660397,751.105263,100.0,2914.377813,56.07196,3126 days 00:00:00,16.0,16.0,0.0,0.0,25.0,58.926671,-21.287822,38.8823,-12.790472,41 days 00:00:00,49 days 22:00:00,0.800882,-1853.774816,-0.025035,-0.035722,0.989398,-0.037329
KALAMANDIR,Success,0.004616899999746238,0.014390700000149081,0.001078399999641988,0.05536149999988993,0.07585860000017419,2023-09-27 09:15:00,2025-06-26 09:15:00,434 days 00:00:00,100000.0,91307.4323,-8.692568,-42.013064,100.0,191.298931,14.501897,369 days 00:00:00,1.0,1.0,0.0,0.0,0.0,-8.70126,-8.70126,,-8.70126,,17 days 00:00:00,0.0,-8692.5677,-0.907271,-0.507717,0.54851,-1.203519
KALYANIFRG,Success,0.012573999999403895,0.020794900000510097,0.0010269000003972906,0.05638920000001235,0.09118820000003325,2007-12-20 09:15:00,2025-06-26 09:15:00,3550 days 00:00:00,100000.0,41447.309207,-58.552691,169.72906,100.0,1081.433033,61.081789,2811 days 00:00:00,8.0,8.0,0.0,0.0,0.0,-8.492362,-13.169962,,-10.424362,,20 days 15:00:00,0.0,-7319.086349,-0.729823,-0.141739,0.636671,-0.913394
KALYANKJIL,Success,0.005043600000135484,0.014335800000480958,0.0010196000002906658,0.05576969999947323,0.07683739999993122,2021-03-26 09:15:00,2025-06-26 09:15:00,1054 days 00:00:00,100000.0,172532.787347,72.532787,635.837795,100.0,1425.002446,23.924356,163 days 00:00:00,5.0,5.0,0.0,0.0,60.0,32.943954,-10.477885,28.925118,-10.20528,40 days 16:00:00,27 days 12:00:00,3.262684,14506.557469,0.975847,0.868961,1.386006,1.680131
KAMATHOTEL,Success,0.01646470000014233,0.012607399999978952,0.001245299999936833,0.049052600000322855,0.07976080000025831,1999-01-04 09:15:00,2025-06-26 09:15:00,5996 days 00:00:00,100000.0,213354.178682,113.354179,1916.083333,100.0,7556.468987,52.07984,3598 days 00:00:00,20.0,20.0,0.0,0.0,35.0,51.17018,-21.613063,42.182609,-12.056392,54 days 06:51:25,13 days 05:32:18,1.406915,5667.708934,0.315389,0.090649,1.172507,0.557972
KAMDHENU,Success,0.007491499999559892,0.01432089999980235,0.000934600000618957,0.04024010000011913,0.06336180000016611,2016-03-18 09:15:00,2025-06-26 09:15:00,2295 days 00:00:00,100000.0,134987.907274,34.987907,1249.29268,100.0,2041.990878,42.341478,1792 days 00:00:00,6.0,6.0,0.0,0.0,33.333333,67.354646,-12.036246,48.520075,-11.189921,79 days 00:00:00,28 days 00:00:00,1.427151,5831.317879,0.343901,0.115422,1.159952,0.606026
KAMOPAINTS,Success,0.0040225000002465094,0.014538200000060897,0.0007780000005368493,0.059376700000029814,0.07913910000024771,2023-01-24 09:15:00,2025-06-26 09:15:00,600 days 00:00:00,100000.0,100000.0,0.0,-44.103652,0.0,0.0,,,0.0,0.0,0.0,0.0,,,,,,,,,,inf,,inf,inf
KANANIIND,Success,0.012342699999862816,0.014056600000003527,0.0011330999996062019,0.06071400000018912,0.08866420000049402,2011-12-14 09:15:00,2025-06-26 09:15:00,3247 days 00:00:00,100000.0,37042.629206,-62.957371,-84.120621,100.0,743.990201,62.957371,2428 days 00:00:00,6.0,6.0,0.0,0.0,0.0,-11.896382,-23.002097,,-15.180134,,4 days 16:00:00,0.0,-10492.895132,-1.13143,-0.16778,0.201273,-1.233988
KANORICHEM,Success,0.01773510000020906,0.015260699999998906,0.0012926999997944222,0.055114299999331706,0.08982149999974354,1999-01-01 09:15:00,2025-06-26 09:15:00,5939 days 00:00:00,100000.0,71851.34832,-28.148652,1544.987625,100.0,1902.643924,60.111415,5398 days 00:00:00,11.0,11.0,0.0,0.0,27.272727,29.993678,-15.987457,28.3934,-12.608373,31 days 00:00:00,89 days 06:00:00,0.700943,-2558.968335,-0.023583,-0.033457,0.990018,-0.0356
KANPRPLA,Success,0.004885100000137754,0.01596940000035829,0.0009671999996498926,0.05509210000036546,0.07732409999971424,2021-01-01 09:15:00,2025-06-26 09:15:00,1112 days 00:00:00,100000.0,106522.730082,6.52273,141.54786,100.0,705.419214,20.226032,960 days 00:00:00,3.0,3.0,0.0,0.0,33.333333,33.564221,-13.206229,33.564221,-10.658105,17 days 00:00:00,10 days 00:00:00,1.241511,2174.243361,0.231187,0.103616,1.174146,0.361059
KANSAINER,Success,0.018218899999737914,0.013416699999652337,0.001475199999731558,0.054871100000127626,0.08837149999999383,1995-01-25 09:15:00,2025-06-26 09:15:00,7397 days 00:00:00,100000.0,340484.451607,240.484452,7856.245565,100.0,14028.793978,39.126532,1597 days 00:00:00,24.0,24.0,0.0,0.0,41.666667,47.666104,-13.687979,27.299772,-7.864908,70 days 00:00:00,15 days 18:51:25,1.735357,10020.185484,0.478326,0.159282,1.2322,0.781899
KAPSTON,Success,0.005524200000763813,0.01408850000007078,0.0008789000003162073,0.058221299999786424,0.07945010000003094,2020-05-27 09:15:00,2025-06-26 09:15:00,1263 days 00:00:00,100000.0,95171.796462,-4.828204,390.817481,100.0,531.894572,24.763447,1094 days 00:00:00,3.0,3.0,0.0,0.0,33.333333,23.032167,-14.987598,23.032167,-12.001376,27 days 00:00:00,6 days 00:00:00,0.786649,-1609.401179,-0.070509,-0.057341,0.947335,-0.10653
KARMAENG,Success,0.012848000000303728,0.014328000000205066,0.000986199999715609,0.05735689999983151,0.08590300000014395,2011-07-12 09:15:00,2025-06-26 09:15:00,3119 days 00:00:00,100000.0,93552.379424,-6.447621,301.146109,100.0,1134.019443,34.511633,426 days 00:00:00,6.0,6.0,0.0,0.0,33.333333,24.406761,-14.144944,23.23005,-11.358609,12 days 12:00:00,27 days 12:00:00,0.856355,-1074.603429,0.014397,-0.022512,1.008993,0.021892
KARURVYSYA,Success,0.017225999999936903,0.01633549999951356,0.0016820999999254127,0.056360900000072434,0.09199440000065806,1999-01-01 09:15:00,2025-06-26 09:15:00,6541 days 00:00:00,100000.0,147963.015986,47.963016,14572.446184,100.0,4697.310369,48.043806,4993 days 00:00:00,22.0,22.0,0.0,0.0,36.363636,29.814134,-17.893619,23.028795,-8.507721,62 days 03:00:00,19 days 13:42:51,1.366917,2180.13709,0.218998,0.046007,1.098368,0.331242
KAUSHALYA,Success,0.01434270000027027,0.017634699999689474,0.003723500000887725,0.060875099999975646,0.09724189999997179,2007-12-14 09:15:00,2025-06-26 09:15:00,4087 days 00:00:00,100000.0,107648.605147,7.648605,-89.082473,100.0,1967.748425,58.585812,2860 days 00:00:00,9.0,9.0,0.0,0.0,33.333333,50.178001,-19.178946,37.208319,-13.376052,35 days 16:00:00,23 days 16:00:00,1.078079,849.845016,0.127666,0.011272,1.080001,0.200998
KAYA,Success,0.008352500000000873,0.014067399999476038,0.0009303999995609047,0.058165599999483675,0.08195350000005419,2015-08-14 09:15:00,2025-06-26 09:15:00,2441 days 00:00:00,100000.0,103164.008599,3.164009,-70.141293,100.0,1770.951479,30.225776,916 days 00:00:00,8.0,8.0,0.0,0.0,25.0,37.060075,-11.650543,37.03053,-9.483528,66 days 12:00:00,42 days 16:00:00,1.047365,395.501075,0.114666,0.015446,1.041083,0.182388
KAYNES,Success,0.004080400000020745,0.012984899999537447,0.0009577999999237363,0.051038500000686327,0.06944269999985409,2022-11-22 09:15:00,2025-06-26 09:15:00,645 days 00:00:00,100000.0,90962.577667,-9.037422,736.147535,100.0,277.323364,11.512916,110 days 00:00:00,2.0,1.0,1.0,2251.034228,0.0,-11.299745,-11.299745,,-11.299745,,4 days 00:00:00,0.0,-11288.456561,-0.590228,-0.453326,0.472349,-0.653895
KCP,Success,0.014536300000145275,0.015879300000051444,0.0017852000000857515,0.0574335000001156,0.09001360000002023,1999-01-01 09:15:00,2025-06-26 09:15:00,6210 days 00:00:00,100000.0,75998.898813,-24.001101,6844.40678,100.0,2781.674462,51.287036,3254 days 00:00:00,17.0,17.0,0.0,0.0,29.411765,41.035179,-19.679321,32.527156,-12.980887,47 days 19:11:59,54 days 20:00:00,0.822336,-1411.829482,0.029607,-0.0312,1.011589,0.044277
KCPSUGIND,Success,0.015894000000116648,0.015590699999847857,0.0016534000005776761,0.05643099999997503,0.08998979999978474,1999-01-01 09:15:00,2025-06-26 09:15:00,6183 days 00:00:00,100000.0,157484.039912,57.48404,1113.0,100.0,4135.63531,50.877891,3692 days 00:00:00,14.0,14.0,0.0,0.0,35.714286,100.263838,-18.445291,47.46023,-14.485184,76 days 04:48:00,17 days 16:00:00,1.275857,4106.002851,0.233225,0.053408,1.131002,0.371612
KDDL,Success,0.00794190000033268,0.013598999999885564,0.001142000000072585,0.2561681999995926,0.27923769999961223,2016-03-23 09:15:00,2025-06-26 09:15:00,2291 days 00:00:00,100000.0,133111.479745,33.11148,1248.641379,100.0,1524.183789,37.159443,1135 days 00:00:00,7.0,7.0,0.0,0.0,42.857143,34.285947,-14.964364,31.092789,-12.267159,20 days 16:00:00,19 days 00:00:00,1.589674,4730.211392,0.342586,0.125465,1.211799,0.516339
KEC,Success,0.014498999999887019,0.0147237999999561,0.0015529000002061366,0.058223500000167405,0.08997269999963464,2006-03-10 09:15:00,2025-06-26 09:15:00,4767 days 00:00:00,100000.0,408747.578304,308.747578,980.085659,100.0,5591.611508,36.651158,1944 days 00:00:00,15.0,15.0,0.0,0.0,60.0,30.705814,-15.343654,25.057008,-9.451355,38 days 10:40:00,31 days 12:00:00,4.306156,20583.171887,0.750501,0.31057,1.387955,1.227034
KECL,Success,0.013662100000146893,0.018966100000398,0.00176740000006248,0.05354369999986375,0.08849629999986064,2010-03-09 09:15:00,2025-06-26 09:15:00,3730 days 00:00:00,100000.0,122352.154443,22.352154,70.598802,100.0,1240.600161,25.044318,1953 days 00:00:00,5.0,5.0,0.0,0.0,40.0,38.262276,-15.838738,38.180948,-13.74819,47 days 12:00:00,27 days 16:00:00,1.408943,4470.430889,0.216111,0.079606,1.142676,0.363725
KEEPLEARN,Success,0.00487410000005184,0.014374100000168255,0.0010813999997481005,0.05429989999993268,0.0750118999994811,2022-04-04 09:15:00,2025-06-26 09:15:00,749 days 00:00:00,100000.0,152059.551505,52.059552,343.952569,100.0,802.390213,21.142857,169 days 00:00:00,3.0,3.0,0.0,0.0,66.666667,42.892417,-6.050998,28.100868,-6.050998,21 days 00:00:00,3 days 00:00:00,6.321253,17353.183835,1.500839,1.071694,2.159359,3.157541
KEI,Success,0.014321900000140886,0.01375480000024254,0.001059099999110913,0.06838510000034148,0.09795180000037362,2006-03-23 09:15:00,2025-06-26 09:15:00,4740 days 00:00:00,100000.0,610062.327314,510.062327,4919.281915,100.0,10648.071165,41.638199,1237 days 00:00:00,17.0,17.0,0.0,0.0,52.941176,47.887064,-11.329674,33.125022,-8.882226,53 days 05:20:00,34 days 03:00:00,3.177484,30003.666313,0.759327,0.358843,1.319402,1.308215
KELLTONTEC,Success,0.008033299999624433,0.013253199999780918,0.0009615000008125207,0.05430380000052537,0.07693459999973129,2016-03-02 09:15:00,2025-06-26 09:15:00,2306 days 00:00:00,100000.0,62327.123317,-37.672877,38.59019,100.0,1244.289255,55.317082,1541 days 00:00:00,7.0,7.0,0.0,0.0,14.285714,28.823226,-15.92121,28.823226,-11.362907,16 days 00:00:00,34 days 12:00:00,0.410693,-5381.839526,-0.311993,-0.13034,0.870129,-0.45889
KERNEX,Success,0.014666699999906996,0.014088299999457377,0.0013084000001981622,0.05466620000061084,0.08517639999990934,2005-12-20 09:15:00,2025-06-26 09:15:00,4389 days 00:00:00,100000.0,234641.424086,134.641424,286.475654,100.0,4962.794125,60.383724,2586 days 00:00:00,19.0,19.0,0.0,0.0,36.842105,53.877451,-15.415241,42.226661,-12.461027,32 days 10:17:08,32 days 04:00:00,1.661802,7086.390741,0.441184,0.121729,1.160934,0.676359
KESORAMIND,Success,0.01718449999953009,0.014875800000481831,0.0015333999999711523,0.04766070000005129,0.08164100000067265,1999-01-01 09:15:00,2025-06-26 09:15:00,6490 days 00:00:00,100000.0,123162.846372,23.162846,1113.468572,100.0,3593.288883,58.238876,3761 days 00:00:00,17.0,17.0,0.0,0.0,41.176471,38.698286,-22.477622,26.101408,-12.903845,40 days 06:51:25,63 days 16:48:00,1.155676,1362.520375,0.154548,0.020237,1.063379,0.232686
KEYFINSERV,Success,0.0055528999992020545,0.013412799999969138,0.0008461999996143277,0.05887429999984306,0.07910250000077212,2019-05-03 09:15:00,2025-06-26 09:15:00,1380 days 00:00:00,100000.0,248179.853524,148.179854,565.165861,100.0,1878.726477,27.133489,66 days 00:00:00,5.0,5.0,0.0,0.0,60.0,55.70641,-15.831466,48.891562,-13.133831,58 days 00:00:00,14 days 12:00:00,3.386968,29635.970705,0.827166,1.00165,1.371006,1.627952
KFINTECH,Success,0.004806799999641953,0.016698100000212435,0.0011391000007279217,0.05494870000075025,0.07799809999960416,2022-12-29 09:15:00,2025-06-26 09:15:00,618 days 00:00:00,100000.0,232784.392728,132.784393,263.721304,100.0,2206.031598,14.038281,110 days 00:00:00,6.0,6.0,0.0,0.0,66.666667,33.890692,-14.05232,31.315752,-11.434063,33 days 12:00:00,2 days 12:00:00,3.495779,22130.732121,2.141176,4.609767,1.905968,3.598252
KHADIM,Success,0.007773899999847345,0.013040200000432378,0.0008600999999544001,0.05433960000027582,0.0766206999996939,2017-11-14 09:15:00,2025-06-26 09:15:00,1887 days 00:00:00,100000.0,80417.193828,-19.582806,-61.551861,100.0,872.471376,25.24669,1827 days 00:00:00,5.0,5.0,0.0,0.0,20.0,17.34862,-13.035374,17.34862,-8.981299,8 days 00:00:00,34 days 06:00:00,0.401803,-3916.561234,-0.30318,-0.163507,0.853352,-0.429785
KHAICHEM,Success,0.005083899999590358,0.014341300000523916,0.0008060999998633633,0.056672400000024936,0.07728750000023865,2020-10-30 09:15:00,2025-06-26 09:15:00,1155 days 00:00:00,100000.0,53345.450392,-46.65455,250.859539,100.0,594.519127,52.643231,1088 days 00:00:00,4.0,4.0,0.0,0.0,0.0,-13.347444,-15.559696,,-14.546737,,26 days 18:00:00,0.0,-11663.637402,-0.806553,-0.342124,0.683204,-1.09942
KHAITANLTD,Success,0.008600799999840092,0.013974500000585977,0.001100600000427221,0.05644629999915196,0.0805436999999074,1999-02-25 09:15:00,2025-06-26 09:15:00,2409 days 00:00:00,100000.0,111208.832699,11.208833,1150.1,100.0,1453.530766,68.188461,1445 days 00:00:00,7.0,7.0,0.0,0.0,28.571429,56.465263,-15.855847,52.648504,-13.69314,59 days 00:00:00,38 days 14:24:00,1.144292,1601.261814,0.189246,0.023798,1.084645,0.335449
KHANDSE,Success,0.013846199999534292,0.013974100000268663,0.0016291000001729117,0.05699209999966115,0.08682750000025408,2001-02-12 09:15:00,2025-06-26 09:15:00,4423 days 00:00:00,100000.0,40451.194927,-59.548805,-85.257862,100.0,779.862199,59.548805,3755 days 00:00:00,6.0,6.0,0.0,0.0,0.0,-8.684104,-17.862298,,-13.967435,,45 days 12:00:00,0.0,-9924.800846,-0.411425,-0.120856,0.79404,-0.593478
KICL,Success,0.011905700000170327,0.014831700000286219,0.0011215000004085596,0.05401830000027985,0.08229070000015781,2011-01-25 09:15:00,2025-06-26 09:15:00,3528 days 00:00:00,100000.0,214743.895123,114.743895,480.41279,100.0,2837.563395,46.39793,2408 days 00:00:00,13.0,13.0,0.0,0.0,46.153846,39.452454,-11.718378,27.325724,-9.183663,28 days 16:00:00,18 days 03:25:42,2.712201,8826.453471,0.565477,0.177337,1.357046,0.996213
KILITCH,Success,0.01251830000001064,0.015814100000170583,0.0010290999998687766,0.053910999999970954,0.08365709999998217,2010-09-29 09:15:00,2025-06-26 09:15:00,3630 days 00:00:00,100000.0,298913.181873,198.913182,236.291913,100.0,4289.659665,39.188434,1534 days 00:00:00,9.0,9.0,0.0,0.0,55.555556,65.098863,-21.290395,45.313573,-17.099138,53 days 14:24:00,31 days 06:00:00,2.02709,22101.464653,0.558303,0.297005,1.308004,1.057124
KIMS,Success,0.004886300000180199,0.01436219999959576,0.0008385000000998843,0.05527929999971093,0.07575489999999263,2021-06-28 09:15:00,2025-06-26 09:15:00,993 days 00:00:00,100000.0,92366.600669,-7.633399,239.410198,100.0,457.27308,13.842041,785 days 00:00:00,3.0,2.0,1.0,6208.642,0.0,-6.891687,-7.479119,,-7.185403,,24 days 00:00:00,0.0,-6921.020665,-0.335284,-0.20781,0.815225,-0.465292
KINGFA,Success,0.009975300000405696,0.017987000000175613,0.0008982999997897423,0.056075999999848136,0.08532569999988482,2016-11-15 09:15:00,2025-06-26 09:15:00,2136 days 00:00:00,100000.0,81013.401977,-18.986598,268.339745,100.0,895.542863,42.138201,1606 days 00:00:00,6.0,5.0,1.0,2928.743257,20.0,23.140571,-13.131788,23.140571,-10.744024,9 days 00:00:00,22 days 18:00:00,0.419866,-4383.068256,-0.206375,-0.083867,0.875724,-0.327129
KIOCL,Success,0.007772400000249036,0.013662499999554711,0.0008804999997664709,0.05412299999989045,0.07684950000020763,2016-11-29 09:15:00,2025-06-26 09:15:00,2033 days 00:00:00,100000.0,74155.085799,-25.844914,2693.333333,100.0,343.398596,37.717123,1858 days 00:00:00,2.0,2.0,0.0,0.0,0.0,-12.394353,-15.38086,,-13.887606,,47 days 00:00:00,0.0,-12922.457101,-0.342943,-0.13858,0.798376,-0.520184
KIRIINDUS,Success,0.01266250000026048,0.014719400000103633,0.0010177000003750436,0.05236669999976584,0.081159999999727,2011-03-28 09:15:00,2025-06-26 09:15:00,3523 days 00:00:00,100000.0,114138.709126,14.138709,102.872462,100.0,1331.586021,45.635446,2690 days 00:00:00,6.0,5.0,1.0,-6383.768607,40.0,43.620131,-21.213057,41.091441,-15.259865,21 days 12:00:00,36 days 08:00:00,1.341262,4104.495547,0.16553,0.03023,1.107202,0.254225
KIRLOSBROS,Success,0.012497400000029302,0.013544700000238663,0.0010675000003175228,0.056628899999850546,0.08412339999995311,2010-04-20 09:15:00,2025-06-26 09:15:00,3762 days 00:00:00,100000.0,121932.13571,21.932136,533.110994,100.0,1683.574288,34.500554,1752 days 00:00:00,8.0,8.0,0.0,0.0,37.5,36.722578,-16.279139,34.110754,-12.71381,59 days 00:00:00,4 days 19:12:00,1.310611,2741.516964,0.205311,0.056304,1.140618,0.325739
KIRLOSENG,Success,0.013610300000436837,0.01442259999930684,0.001020000000607979,0.05452109999987442,0.08395870000003924,2011-01-07 09:15:00,2025-06-26 09:15:00,3577 days 00:00:00,100000.0,186018.167989,86.018168,285.51433,100.0,1819.1268,30.629895,998 days 00:00:00,8.0,8.0,0.0,0.0,50.0,31.064327,-9.877065,27.968805,-8.704166,56 days 06:00:00,14 days 06:00:00,3.317199,10752.270999,0.557045,0.21346,1.419798,1.13958
KIRLOSIND,Success,0.012068600000020524,0.014176799999404466,0.00142870000036055,0.05401549999987765,0.08206520000021555,2010-06-24 09:15:00,2025-06-26 09:15:00,3690 days 00:00:00,100000.0,150372.581871,50.372582,808.290659,100.0,2898.367049,30.486615,1680 days 00:00:00,11.0,11.0,0.0,0.0,36.363636,43.571845,-13.959856,31.26107,-9.113849,81 days 00:00:00,16 days 17:08:34,1.571881,4579.325625,0.328892,0.135068,1.142479,0.547567
KIRLPNU,Success,0.004117700000279001,0.016140200000336336,0.0007993999997779611,0.0554005000003599,0.07684690000041883,2023-04-26 09:15:00,2025-06-26 09:15:00,540 days 00:00:00,100000.0,166277.827272,66.277827,133.382253,100.0,517.873352,11.89536,38 days 00:00:00,2.0,2.0,0.0,0.0,100.0,32.245999,25.790129,29.018064,,41 days 12:00:00,,inf,33138.913636,1.634382,3.448047,1.844121,3.675955
KITEX,Success,0.013267399999676854,0.013582499999756692,0.0009806999996726518,0.055268499999328924,0.0838517000001957,2012-09-25 09:15:00,2025-06-26 09:15:00,3152 days 00:00:00,100000.0,96058.775358,-3.941225,1805.91982,100.0,1382.689024,36.869505,1333 days 00:00:00,8.0,8.0,0.0,0.0,37.5,34.401617,-16.660489,25.861365,-13.465528,35 days 16:00:00,40 days 00:00:00,0.936818,-492.65308,0.062984,-0.0126,1.031482,0.095847
KKCL,Success,0.014484700000139128,0.01431360000060522,0.0013516999997591483,0.05797080000047572,0.08850940000047558,2006-04-13 09:15:00,2025-06-26 09:15:00,4682 days 00:00:00,100000.0,56504.140219,-43.49586,927.521052,100.0,1693.824744,58.677591,4472 days 00:00:00,12.0,12.0,0.0,0.0,16.666667,31.325605,-11.73524,25.908952,-9.778271,51 days 12:00:00,9 days 16:47:59,0.407786,-3624.654982,-0.364898,-0.07418,0.765772,-0.507828
KMEW,Success,0.003983499999776541,0.013643100000081176,0.0007303000002139015,0.05288230000041949,0.07162799999969138,2024-11-14 09:15:00,2025-06-26 09:15:00,152 days 00:00:00,100000.0,100000.0,0.0,-20.471714,0.0,0.0,,,0.0,0.0,0.0,0.0,,,,,,,,,,inf,,inf,inf
KMSUGAR,Success,0.008268800000223564,0.015420099999573722,0.0009289999998145504,0.05317829999967216,0.07819680000011431,2015-12-09 09:15:00,2025-06-26 09:15:00,2364 days 00:00:00,100000.0,134207.079272,34.207079,518.27957,100.0,1547.412346,31.422706,2069 days 00:00:00,5.0,5.0,0.0,0.0,40.0,40.849118,-12.914621,39.93637,-11.821137,31 days 00:00:00,37 days 00:00:00,1.556259,6841.415854,0.329977,0.147899,1.195278,0.58045
KNRCON,Success,0.014023400000041875,0.014568900000085705,0.0011967000000367989,0.05515360000026703,0.08532519999971555,2008-02-18 09:15:00,2025-06-26 09:15:00,4207 days 00:00:00,100000.0,169755.239575,69.75524,1361.265427,100.0,2704.512182,19.449385,918 days 00:00:00,9.0,9.0,0.0,0.0,44.444444,35.659643,-9.372735,27.494211,-8.354468,48 days 12:00:00,18 days 09:35:59,2.029812,7750.582175,0.418005,0.241564,1.267087,0.714542
KOHINOOR,Success,0.01381409999976313,0.01487859999997454,0.0014105999998719199,0.060927100000299106,0.09142289999999775,2006-08-18 09:15:00,2025-06-26 09:15:00,4263 days 00:00:00,100000.0,18442.057692,-81.557942,-56.715152,100.0,1245.616603,81.60575,4137 days 00:00:00,13.0,13.0,0.0,0.0,0.0,-8.749877,-18.204158,,-12.16625,,16 days 09:13:50,0.0,-6273.68787,-0.921858,-0.165131,0.533969,-1.231187
KOKUYOCMLN,Success,0.013369100000090839,0.014053300000341551,0.0011088000001109322,0.054395000000113214,0.08331679999992048,2008-07-28 09:15:00,2025-06-26 09:15:00,4116 days 00:00:00,100000.0,55898.502489,-44.101498,695.426148,100.0,1320.821608,47.769367,3864 days 00:00:00,9.0,9.0,0.0,0.0,11.111111,43.388772,-14.670822,43.388772,-11.087407,257 days 00:00:00,14 days 06:00:00,0.365714,-4900.16639,-0.316334,-0.105236,0.863897,-0.435336
KOLTEPATIL,Success,0.013992899999720976,0.014655900000434485,0.0011760999996113242,0.05226889999994455,0.08248350000030769,2007-12-13 09:15:00,2025-06-26 09:15:00,4330 days 00:00:00,100000.0,63470.35732,-36.529643,153.101723,100.0,1327.373299,44.50838,2533 days 00:00:00,8.0,8.0,0.0,0.0,12.5,42.544123,-13.4956,42.544123,-10.908849,76 days 00:00:00,52 days 17:08:34,0.44747,-4566.205335,-0.140781,-0.084469,0.939048,-0.200972
KOPRAN,Success,0.01668229999995674,0.016145399999913934,0.0013973999994050246,0.058473699999922246,0.09339129999989382,1994-12-01 09:15:00,2025-06-26 09:15:00,7000 days 00:00:00,100000.0,23460.987227,-76.539013,-65.966851,100.0,2254.722588,81.061483,6506 days 00:00:00,21.0,21.0,0.0,0.0,14.285714,44.872689,-19.807998,39.121447,-12.611673,38 days 16:00:00,19 days 21:20:00,0.416362,-3644.714894,-0.364268,-0.089823,0.814587,-0.548146
KOTAKBANK,Success,0.015904999999293068,0.01435700000001816,0.0011561999999685213,0.06256980000034673,0.09445120000054885,2003-04-21 09:15:00,2025-06-26 09:15:00,5493 days 00:00:00,100000.0,150358.772966,50.358773,28300.773196,100.0,5556.147457,36.65873,2461 days 00:00:00,19.0,19.0,0.0,0.0,31.578947,41.348752,-17.7263,27.249218,-7.388523,61 days 04:00:00,26 days 07:23:04,1.380677,2650.461735,0.263938,0.074939,1.108915,0.377431
KOTARISUG,Success,0.015137700000195764,0.013744100000621984,0.001219699999637669,0.05130929999995715,0.08180699999957142,2004-12-13 09:15:00,2025-06-26 09:15:00,4908 days 00:00:00,100000.0,132387.048737,32.387049,-70.643411,100.0,2539.299028,40.51945,3351 days 00:00:00,9.0,9.0,0.0,0.0,33.333333,43.199449,-15.229195,38.726453,-10.979117,61 days 00:00:00,12 days 00:00:00,1.318641,3598.560971,0.207653,0.052034,1.160183,0.390694
KOTHARIPET,Success,0.014962799999921117,0.014847800000097777,0.0012283000005481881,0.05431079999925714,0.08612749999974767,1998-05-06 09:15:00,2025-06-26 09:15:00,6275 days 00:00:00,100000.0,342266.95346,242.266953,8627.142857,100.0,7879.531153,56.412987,3899 days 00:00:00,14.0,14.0,0.0,0.0,42.857143,124.45045,-35.5234,59.603865,-16.558548,50 days 08:00:00,17 days 06:00:00,1.63237,17304.78239,0.391468,0.131519,1.256044,0.655004
KOTHARIPRO,Success,0.01748680000036984,0.013795099999697413,0.0015133000006244401,0.05814029999964987,0.09164289999989705,1999-01-01 09:15:00,2025-06-26 09:15:00,6461 days 00:00:00,100000.0,127524.576321,27.524576,600.903041,100.0,1829.373558,43.625789,5288 days 00:00:00,8.0,8.0,0.0,0.0,37.5,40.729171,-16.796574,34.475212,-11.960567,43 days 16:00:00,15 days 04:48:00,1.377475,3440.57204,0.171004,0.031702,1.15707,0.284991
KPEL,Success,0.005278599999655853,0.015632700000423938,0.0009244999992006342,0.055091200000788376,0.07732339999984106,2024-11-14 09:15:00,2025-06-26 09:15:00,152 days 00:00:00,100000.0,100000.0,0.0,-4.855459,0.0,0.0,,,0.0,0.0,0.0,0.0,,,,,,,,,,inf,,inf,inf
KPIGREEN,Success,0.005678999999872758,0.013917500000388827,0.0008470000002489542,0.051537500000449654,0.07258209999963583,2021-07-27 09:15:00,2025-06-26 09:15:00,973 days 00:00:00,100000.0,214854.788685,114.854789,3431.45932,100.0,1451.491626,29.087092,217 days 00:00:00,4.0,4.0,0.0,0.0,75.0,42.01292,-10.883653,34.229213,-10.883653,56 days 08:00:00,72 days 00:00:00,5.382014,28713.697171,1.16457,1.142379,1.38467,2.02488
KPIL,Success,0.015517000000727421,0.015059800000017276,0.001231000000188942,0.052911300000232586,0.08509950000006938,1999-01-01 09:15:00,2025-06-26 09:15:00,6327 days 00:00:00,100000.0,140689.705174,40.689705,37623.076923,100.0,6240.499155,52.115089,3060 days 00:00:00,20.0,20.0,0.0,0.0,30.0,48.294014,-12.633808,32.970087,-9.182386,56 days 20:00:00,26 days 13:42:51,1.193243,2034.485259,0.203158,0.038165,1.091121,0.303209
KPITTECH,Success,0.006772300000193354,0.014242999999623862,0.0008452000001852866,0.05498340000031021,0.07728450000013254,2019-04-22 09:15:00,2025-06-26 09:15:00,1533 days 00:00:00,100000.0,154573.967427,54.573967,1127.417027,100.0,1340.615973,20.041337,341 days 00:00:00,5.0,5.0,0.0,0.0,60.0,28.025815,-13.888255,25.002843,-10.957251,38 days 16:00:00,17 days 00:00:00,2.747294,10914.793485,0.774857,0.545162,1.422173,1.327429
KPRMILL,Success,0.014696700000058627,0.01441279999926337,0.00105729999995674,0.061487799999667914,0.09204130000034638,2007-08-28 09:15:00,2025-06-26 09:15:00,4403 days 00:00:00,100000.0,357870.405041,257.870405,6312.16992,100.0,5874.160832,30.609673,1315 days 00:00:00,17.0,17.0,0.0,0.0,47.058824,48.771162,-14.184557,30.568943,-8.85867,58 days 12:00:00,18 days 08:00:00,3.063233,15168.847355,0.661799,0.364208,1.295019,1.086329
KRBL,Success,0.01572180000039225,0.01391790000070614,0.0011457999999038293,0.056588899999951536,0.08775630000036472,2002-01-24 09:15:00,2025-06-26 09:15:00,5699 days 00:00:00,100000.0,49138.189555,-50.86181,22165.625,100.0,3461.208944,75.698851,3754 days 00:00:00,18.0,17.0,1.0,-360.920264,17.647059,36.020342,-20.148818,34.158957,-10.627581,20 days 16:00:00,17 days 18:51:25,0.67348,-2970.640599,-0.217025,-0.058769,0.874177,-0.317062
KREBSBIO,Success,0.011160799999743176,0.014651299999968614,0.0009911999995892984,0.0518978000000061,0.07908039999983885,1999-01-01 09:15:00,2025-06-26 09:15:00,2902 days 00:00:00,100000.0,198200.436397,98.200436,-50.223525,100.0,1647.752573,47.783347,1588 days 00:00:00,9.0,9.0,0.0,0.0,44.444444,39.599276,-14.013662,37.705794,-11.188682,58 days 00:00:00,3 days 04:48:00,3.191759,10911.1596,0.505311,0.188045,1.304382,0.987858
KRIDHANINF,Success,0.007759299999634095,0.014567100000022037,0.001153399999566318,0.05632900000000518,0.08065279999937047,2015-12-11 09:15:00,2025-06-26 09:15:00,2362 days 00:00:00,100000.0,115173.644253,15.173644,-94.899598,100.0,474.271962,11.091202,1231 days 00:00:00,2.0,2.0,0.0,0.0,50.0,29.570876,-11.102293,29.570876,-11.102293,21 days 00:00:00,4 days 00:00:00,2.056095,7586.822127,0.372531,0.198992,1.605725,0.713249
KRISHANA,Success,0.0062150000003384775,0.013206999999965774,0.000857900000482914,0.057297899999866786,0.07797759999994014,2019-08-22 09:15:00,2025-06-26 09:15:00,1399 days 00:00:00,100000.0,144375.266737,44.375267,1851.585052,100.0,1512.57102,20.98932,561 days 00:00:00,5.0,5.0,0.0,0.0,40.0,48.506044,-8.405873,35.80699,-7.557129,24 days 00:00:00,8 days 00:00:00,2.157006,8875.053347,0.575049,0.479077,1.612833,1.406008
KRITI,Success,0.0050215000001117005,0.013690300000234856,0.0010757999998531886,0.05119029999968916,0.07139699999970617,2021-11-01 09:15:00,2025-06-26 09:15:00,907 days 00:00:00,100000.0,65996.724946,-34.003275,25.378788,100.0,500.470408,36.263935,782 days 00:00:00,3.0,3.0,0.0,0.0,0.0,-8.139591,-17.606836,,-12.862775,,20 days 08:00:00,0.0,-11334.425018,-0.905316,-0.42466,0.625211,-1.156083
KRITIKA,Success,0.005027499999414431,0.015206499999294465,0.0008525000002919114,0.051938800000243646,0.07350430000042252,2018-10-26 09:15:00,2025-06-26 09:15:00,988 days 00:00:00,100000.0,150231.166787,50.231167,343.363224,100.0,1656.961724,20.60014,359 days 00:00:00,6.0,6.0,0.0,0.0,50.0,39.035116,-10.977214,25.990673,-8.761113,21 days 16:00:00,4 days 16:00:00,2.33511,8371.861131,1.092212,0.787635,1.679383,1.811074
KRITINUT,Success,0.004926700000396522,0.013604199999463162,0.0009805999998206971,0.25507139999990613,0.275121599999693,2022-10-07 09:15:00,2025-06-26 09:15:00,675 days 00:00:00,100000.0,80118.457705,-19.881542,108.550459,100.0,361.89337,26.184348,419 days 00:00:00,2.0,2.0,0.0,0.0,0.0,-9.111887,-11.870041,,-10.490964,,26 days 00:00:00,0.0,-9940.771147,-0.953922,-0.431394,0.613591,-1.215471
KRN,Success,0.0035667000001922133,0.014035999999578053,0.0007522000005337759,0.05303820000062842,0.0717620999994324,2024-10-03 09:15:00,2025-06-26 09:15:00,182 days 00:00:00,100000.0,100000.0,0.0,73.478978,0.0,0.0,,,0.0,0.0,0.0,0.0,,,,,,,,,,inf,,inf,inf
KRONOX,Success,0.0037484000004042173,0.013400300000284915,0.0007670000004509347,0.05579480000051262,0.07410390000040934,2024-06-10 09:15:00,2025-06-26 09:15:00,261 days 00:00:00,100000.0,100000.0,0.0,17.530748,0.0,0.0,,,0.0,0.0,0.0,0.0,,,,,,,,,,inf,,inf,inf
KROSS,Success,0.00412400000004709,0.014829900000222551,0.0012427999999999884,0.061506899999585585,0.08229550000032759,2024-09-16 09:15:00,2025-06-26 09:15:00,194 days 00:00:00,100000.0,100000.0,0.0,-23.759671,0.0,0.0,,,0.0,0.0,0.0,0.0,,,,,,,,,,inf,,inf,inf
KRSNAA,Success,0.006470699999226781,0.014785300000767165,0.000846399999318237,0.057604600000559,0.08025790000010602,2021-08-16 09:15:00,2025-06-26 09:15:00,959 days 00:00:00,100000.0,91982.094331,-8.017906,-28.890578,100.0,191.974268,20.053193,377 days 00:00:00,1.0,1.0,0.0,0.0,0.0,-8.025924,-8.025924,,-8.025924,,81 days 00:00:00,0.0,-8017.905669,-0.253627,-0.156129,0.885727,-0.377119
KRYSTAL,Success,0.004509200000029523,0.015448000000105822,0.0009190999999191263,0.05252769999970042,0.07379859999946348,2024-03-21 09:15:00,2025-06-26 09:15:00,313 days 00:00:00,100000.0,100000.0,0.0,-16.167494,0.0,0.0,,,0.0,0.0,0.0,0.0,,,,,,,,,,inf,,inf,inf
KSB,Success,0.015887300000031246,0.013730300000133866,0.001267300000108662,0.05666639999981271,0.08799589999944146,1999-01-01 09:15:00,2025-06-26 09:15:00,6509 days 00:00:00,100000.0,256830.125731,156.830126,5427.491409,100.0,7117.969041,32.463892,1185 days 00:00:00,22.0,22.0,0.0,0.0,45.454545,33.79137,-16.311931,24.655115,-9.859642,47 days 12:00:00,28 days 12:00:00,1.825236,7128.642079,0.385017,0.167316,1.17778,0.639589
KSCL,Success,0.013774600000033388,0.014122600000519014,0.001214599999912025,0.05450120000023162,0.08401239999966492,2007-10-04 09:15:00,2025-06-26 09:15:00,4326 days 00:00:00,100000.0,58634.029683,-41.36597,2431.933319,100.0,2646.724755,53.188944,3076 days 00:00:00,16.0,16.0,0.0,0.0,18.75,35.093017,-16.162855,27.166267,-9.130426,79 days 00:00:00,22 days 09:13:50,0.602456,-2585.373145,-0.213175,-0.082806,0.916108,-0.300238
KSHITIJPOL,Success,0.004607099999702768,0.013477299999976822,0.0011993999996775528,0.05146779999995488,0.07112940000024537,2022-07-27 09:15:00,2025-06-26 09:15:00,720 days 00:00:00,100000.0,74508.451161,-25.491549,-46.181915,100.0,348.18584,26.396443,630 days 00:00:00,2.0,2.0,0.0,0.0,0.0,-13.161883,-14.225651,,-13.693767,,4 days 00:00:00,0.0,-12745.77442,-1.772002,-0.524992,0.041017,-1.775049
KSL,Success,0.013227200000073935,0.014710699999341159,0.0010311000005458482,0.05718720000004396,0.08654480000041076,2010-05-19 09:15:00,2025-06-26 09:15:00,3741 days 00:00:00,100000.0,69192.810154,-30.80719,948.739496,100.0,1619.427323,46.749274,2160 days 00:00:00,9.0,9.0,0.0,0.0,22.222222,40.644092,-20.156402,30.761383,-11.976554,46 days 12:00:00,17 days 17:08:34,0.61696,-3423.021094,-0.185538,-0.075496,0.892961,-0.264989
KSOLVES,Success,0.005341199999747914,0.01540229999955045,0.0008625999998912448,0.05411309999999503,0.07609439999941969,2020-07-06 09:15:00,2025-06-26 09:15:00,1168 days 00:00:00,100000.0,107458.202499,7.458202,5000.093469,100.0,634.64309,30.72368,356 days 00:00:00,3.0,3.0,0.0,0.0,33.333333,39.676184,-13.672899,39.676184,-12.276813,140 days 00:00:00,139 days 12:00:00,1.267608,2486.0675,0.21643,0.073993,1.059018,0.346318
KTKBANK,Success,0.016530199999579054,0.01556220000020403,0.0011862000001201523,0.05572229999961564,0.08951219999926252,2000-05-10 09:15:00,2025-06-26 09:15:00,6224 days 00:00:00,100000.0,21932.782094,-78.067218,3072.981565,100.0,1952.078426,78.405837,6171 days 00:00:00,22.0,22.0,0.0,0.0,13.636364,32.277057,-17.479804,27.293574,-11.052286,27 days 00:00:00,28 days 18:56:50,0.288838,-3548.509905,-0.485021,-0.108577,0.805392,-0.653875
KUANTUM,Success,0.00576309999996738,0.013786999999865657,0.0014540000001943554,0.05497170000035112,0.07637270000032004,2019-10-23 09:15:00,2025-06-26 09:15:00,1411 days 00:00:00,100000.0,67452.446373,-32.547554,156.804469,100.0,482.129887,32.547554,833 days 00:00:00,3.0,3.0,0.0,0.0,0.0,-8.728942,-16.558162,,-12.251925,,14 days 00:00:00,0.0,-10849.184542,-0.984638,-0.297533,0.392529,-1.078696
LAGNAM,Success,0.005203499999879568,0.013862900000276568,0.0009122000001298147,0.053930299999592535,0.07432620000054158,2018-10-04 09:15:00,2025-06-26 09:15:00,1372 days 00:00:00,100000.0,195019.979046,95.019979,376.314607,100.0,1151.988558,31.302127,529 days 00:00:00,4.0,4.0,0.0,0.0,75.0,43.070519,-16.827511,33.393916,-16.827511,21 days 00:00:00,48 days 00:00:00,4.951933,23754.994761,1.066476,0.621232,1.640185,2.011752
LAL,Success,0.004460699999981443,0.01352590000078635,0.0007789000001139357,0.05361739999989368,0.07276550000005955,2023-04-10 09:15:00,2025-06-26 09:15:00,550 days 00:00:00,100000.0,103664.238892,3.664239,58.632598,100.0,700.198497,24.711985,383 days 00:00:00,3.0,3.0,0.0,0.0,33.333333,30.709417,-11.851638,30.709417,-10.940262,56 days 00:00:00,18 days 12:00:00,1.13564,1221.412964,0.219354,0.097806,1.069331,0.314569
LALPATHLAB,Success,0.007903700000497338,0.012945399999807705,0.0014043000001038308,0.05364669999926264,0.0762934000003952,2015-12-23 09:15:00,2025-06-26 09:15:00,2354 days 00:00:00,100000.0,107010.639892,7.01064,233.260606,100.0,1365.683558,25.336817,680 days 00:00:00,7.0,6.0,1.0,-1446.507237,33.333333,22.047818,-9.73196,21.075447,-7.239276,27 days 12:00:00,51 days 12:00:00,1.270734,1409.524521,0.145063,0.041685,1.061873,0.21655
LAMBODHARA,Success,0.00881889999982377,0.014772400000765629,0.0014000000001033186,0.062414199999693665,0.08781859999999142,2015-02-04 09:15:00,2025-06-26 09:15:00,2573 days 00:00:00,100000.0,74074.28649,-25.925714,64.01562,100.0,780.505369,44.271341,2407 days 00:00:00,5.0,5.0,0.0,0.0,20.0,38.175483,-19.30688,38.175483,-14.370425,66 days 00:00:00,18 days 18:00:00,0.480038,-5185.142702,-0.155647,-0.094143,0.899954,-0.269884
LANCORHOL,Success,0.0038023000006432994,0.013657500000590517,0.0008189999998649,0.05452830000012909,0.07318080000004556,2024-03-12 09:15:00,2025-06-26 09:15:00,320 days 00:00:00,100000.0,100000.0,0.0,-57.043478,0.0,0.0,,,0.0,0.0,0.0,0.0,,,,,,,,,,inf,,inf,inf
LANDMARK,Success,0.0041867999998430605,0.012598899999829882,0.0009962000003724825,0.05247189999954571,0.07064720000016678,2022-12-23 09:15:00,2025-06-26 09:15:00,622 days 00:00:00,100000.0,100000.0,0.0,19.666233,0.0,0.0,,,0.0,0.0,0.0,0.0,,,,,,,,,,inf,,inf,inf
LAOPALA,Success,0.014173000000482716,0.01395570000022417,0.0010491000002730289,0.05704040000000532,0.08662270000058925,2007-03-16 09:15:00,2025-06-26 09:15:00,4470 days 00:00:00,100000.0,146435.475151,46.435475,6014.07957,100.0,5149.079832,44.957294,2602 days 00:00:00,17.0,17.0,0.0,0.0,35.294118,40.908369,-24.590796,36.88764,-12.586707,49 days 16:00:00,35 days 19:38:10,1.218721,2731.498538,0.247395,0.070366,1.099131,0.392822
LASA,Success,0.007687300000725372,0.014370599999892875,0.0009972999996534782,0.054967199999737204,0.07841740000003483,2017-09-21 09:15:00,2025-06-26 09:15:00,1923 days 00:00:00,100000.0,70301.064977,-29.698935,-93.369565,100.0,515.033473,29.698935,1376 days 00:00:00,3.0,3.0,0.0,0.0,0.0,-7.458293,-13.755108,,-11.05456,,7 days 08:00:00,0.0,-9899.645008,-0.699069,-0.217844,0.408812,-0.841761
LATENTVIEW,Success,0.004515300000093703,0.013113100000737177,0.0016064999999798601,0.05294240000057471,0.07256080000024667,2021-11-23 09:15:00,2025-06-26 09:15:00,893 days 00:00:00,100000.0,147877.411729,47.877412,-16.542199,100.0,635.564238,8.775351,20 days 00:00:00,3.0,2.0,1.0,2392.213325,100.0,22.36895,18.931244,20.650097,,50 days 00:00:00,,inf,22742.599202,1.16168,1.975949,1.651906,2.268609
LATTEYS,Success,0.0036562000004778383,0.013722700000471377,0.0008072000000538537,0.05445869999948627,0.07302049999998417,2023-05-23 09:15:00,2025-06-26 09:15:00,522 days 00:00:00,100000.0,100342.430683,0.342431,-47.985349,100.0,613.579544,11.322834,216 days 00:00:00,3.0,3.0,0.0,0.0,33.333333,21.08969,-11.334157,21.08969,-8.938685,4 days 00:00:00,4 days 12:00:00,1.017698,114.143561,0.084419,0.021136,1.069758,0.111946
LAURUSLABS,Success,0.008621599999969476,0.014933999999811931,0.0009212999993906124,0.05427189999954862,0.07913790000020526,2016-12-19 09:15:00,2025-06-26 09:15:00,2112 days 00:00:00,100000.0,210522.506444,110.522506,608.107842,100.0,1884.378692,22.747706,698 days 00:00:00,8.0,7.0,1.0,37203.533935,57.142857,40.666389,-17.86854,24.946856,-10.226219,54 days 12:00:00,15 days 16:00:00,3.000758,10474.13893,0.819878,0.603555,1.333606,1.241773
LAXMICOT,Success,0.0054727000006096205,0.013897099999667262,0.0008351999995284132,0.05435540000053152,0.07506819999980507,2017-03-31 09:15:00,2025-06-26 09:15:00,1250 days 00:00:00,100000.0,78393.324805,-21.606675,40.80402,100.0,360.723622,22.74633,197 days 00:00:00,2.0,2.0,0.0,0.0,0.0,-8.833053,-14.033585,,-11.433319,,32 days 12:00:00,0.0,-10803.337598,-0.51231,-0.301651,0.73004,-0.642211
LAXMIDENTL,Success,0.003524200000356359,0.013807700000143086,0.0014806999997745152,0.05470049999985349,0.0738854999999603,2025-01-20 09:15:00,2025-06-26 09:15:00,108 days 00:00:00,100000.0,100000.0,0.0,-20.652075,0.0,0.0,,,0.0,0.0,0.0,0.0,,,,,,,,,,inf,,inf,inf
LCCINFOTEC,Success,0.007799999999406282,0.013883200000236684,0.0009067000000868575,0.058316999999988184,0.08147819999976491,2000-03-02 09:15:00,2025-06-23 09:15:00,2433 days 00:00:00,100000.0,60062.805871,-39.937194,-97.865756,100.0,456.944969,39.937194,1033 days 00:00:00,3.0,3.0,0.0,0.0,0.0,-12.829004,-20.451764,,-15.570724,,3 days 16:00:00,0.0,-13312.398043,-1.334175,-0.184355,0.0,-1.331206
LEMONTREE,Success,0.007270699999935459,0.01565409999966505,0.0010632000003170106,0.05431159999989177,0.07868610000059562,2018-04-09 09:15:00,2025-06-26 09:15:00,1789 days 00:00:00,100000.0,291064.655408,191.064655,92.854147,100.0,2798.03654,15.875272,147 days 00:00:00,7.0,7.0,0.0,0.0,71.428571,35.890907,-8.244728,28.236917,-7.914665,45 days 04:48:00,10 days 00:00:00,6.300946,27294.950773,1.201918,1.534183,1.626881,2.344375
LEXUS,Success,0.004322599999795784,0.01500300000043353,0.0007882999998400919,0.0545574999996461,0.0750583999997616,2023-03-13 09:15:00,2025-06-26 09:15:00,568 days 00:00:00,100000.0,82275.687725,-17.724312,-55.071475,100.0,182.258146,30.068092,143 days 00:00:00,1.0,1.0,0.0,0.0,0.0,-17.742037,-17.742037,,-17.742037,,98 days 00:00:00,0.0,-17724.312275,-0.385913,-0.391872,0.876357,-0.609141
LFIC,Success,0.009192200000143202,0.014239000000088708,0.0009065000003829482,0.06286399999953574,0.08760520000032557,2015-04-17 09:15:00,2025-06-26 09:15:00,2210 days 00:00:00,100000.0,124830.346868,24.830347,780.649087,100.0,399.022778,32.408425,185 days 00:00:00,2.0,2.0,0.0,0.0,50.0,43.388758,-12.929316,43.388758,-12.929316,67 days 00:00:00,62 days 00:00:00,2.922389,12415.173434,0.289626,0.115121,1.235306,0.646002
LGBBROSLTD,Success,0.015060599999742408,0.01625499999954627,0.0010361000004195375,0.05229779999990569,0.08508809999966616,2010-03-30 09:15:00,2025-06-26 09:15:00,3767 days 00:00:00,100000.0,85592.417543,-14.407582,1962.156706,100.0,1869.313833,44.012022,3419 days 00:00:00,12.0,12.0,0.0,0.0,25.0,33.892555,-13.239399,28.951553,-9.663545,65 days 08:00:00,19 days 18:40:00,0.799972,-1200.631871,-0.031842,-0.033993,0.985074,-0.049982
LGHL,Success,0.003877499999362044,0.013038999999480438,0.0007842000004529837,0.046736099999179714,0.06463979999989533,2023-11-10 09:15:00,2025-06-26 09:15:00,404 days 00:00:00,100000.0,126620.272723,26.620273,362.05042,100.0,226.64712,,,1.0,1.0,0.0,0.0,100.0,26.646893,26.646893,26.646893,,5 days 00:00:00,,inf,26620.272723,2.237063,,inf,inf
LIBAS,Success,0.007080399999722431,0.013449199999740813,0.001514800000222749,0.05654640000011568,0.07898690000001807,2019-07-23 09:15:00,2025-06-26 09:15:00,1450 days 00:00:00,100000.0,71888.512653,-28.111487,-54.426938,100.0,339.637208,28.111487,1395 days 00:00:00,2.0,2.0,0.0,0.0,0.0,-14.318719,-16.127878,,-15.223299,,1 days 12:00:00,0.0,-14055.743674,-1.053731,-0.283602,0.0,-1.052494
LIBERTSHOE,Success,0.016233500000453205,0.014561500000127126,0.001262499999938882,0.056164699999499135,0.08875429999989137,1999-01-01 09:15:00,2025-06-26 09:15:00,6462 days 00:00:00,100000.0,58719.557518,-41.280442,1451.182651,100.0,2007.525242,57.331561,6174 days 00:00:00,16.0,16.0,0.0,0.0,25.0,35.607288,-16.937518,29.357808,-12.131909,61 days 18:00:00,49 days 10:00:00,0.595619,-2580.027655,-0.066993,-0.051672,0.971275,-0.103169
LICHSGFIN,Success,0.01679280000007566,0.014310700000351062,0.0016231999998126412,0.05521679999947082,0.08833679999952437,1999-01-01 09:15:00,2025-06-26 09:15:00,6543 days 00:00:00,100000.0,134637.049963,34.63705,7895.500874,100.0,4122.135052,43.03085,3086 days 00:00:00,18.0,18.0,0.0,0.0,33.333333,34.556891,-11.304322,25.458134,-8.37926,77 days 20:00:00,33 days 18:00:00,1.292915,1924.280553,0.185808,0.038878,1.073069,0.273807
LICI,Success,0.004653599999983271,0.015214500000183762,0.0009529999997539562,0.059089700000185985,0.08040540000001783,2022-05-17 09:15:00,2025-06-26 09:15:00,774 days 00:00:00,100000.0,82878.295289,-17.121705,9.403028,100.0,364.573462,17.121705,317 days 00:00:00,2.0,2.0,0.0,0.0,0.0,-8.789345,-9.153182,,-8.971264,,17 days 12:00:00,0.0,-8560.852355,-1.388981,-0.494999,0.414084,-1.598228
LIKHITHA,Success,0.006224700000529992,0.013836600000104227,0.0008238000000346801,0.05378800000016781,0.07505500000024767,2020-10-15 09:15:00,2025-06-26 09:15:00,1166 days 00:00:00,100000.0,159296.240803,59.296241,326.593407,100.0,1063.874617,16.4391,352 days 00:00:00,4.0,4.0,0.0,0.0,50.0,41.189031,-11.202743,39.358533,-9.391106,41 days 12:00:00,22 days 00:00:00,3.144821,14824.060201,0.766217,0.954461,1.438753,1.488647
LINC,Success,0.008057300000473333,0.01388889999998355,0.0010152999993806588,0.2404420000002574,0.263821999999891,2015-03-09 09:15:00,2025-06-26 09:15:00,2550 days 00:00:00,100000.0,115633.441233,15.633441,246.080781,100.0,1902.041284,32.987831,1260 days 00:00:00,10.0,9.0,1.0,5677.166835,33.333333,42.498973,-13.614595,31.832208,-11.409573,26 days 08:00:00,47 days 20:00:00,1.139936,1106.252711,0.202177,0.063687,1.085337,0.330793
LINCOLN,Success,0.008677900000293448,0.013500900000508409,0.000987399999758054,0.05483929999991233,0.07880870000008144,2015-12-17 09:15:00,2025-06-26 09:15:00,2358 days 00:00:00,100000.0,65648.421402,-34.351579,157.534885,100.0,1059.241303,47.567935,2138 days 00:00:00,7.0,7.0,0.0,0.0,14.285714,16.924879,-13.439707,16.924879,-9.145535,16 days 00:00:00,48 days 16:00:00,0.23117,-4907.368371,-0.302048,-0.132587,0.889285,-0.457236
LINDEINDIA,Success,0.01370409999981348,0.014289600000665814,0.00158599999940634,0.0605135000005248,0.09047479999935604,2006-11-02 09:15:00,2025-06-26 09:15:00,4607 days 00:00:00,100000.0,453281.474147,353.281474,3600.617284,100.0,7905.72684,28.441505,514 days 00:00:00,16.0,15.0,1.0,-24014.187133,66.666667,42.454845,-15.315332,23.720943,-10.287075,46 days 16:48:00,12 days 00:00:00,4.020574,25153.044085,0.814742,0.447245,1.466609,1.347768
LLOYDSENGG,Success,0.011135200000353507,0.015502299999752722,0.0009158000002571498,0.05371819999982108,0.0816703000000416,2016-07-18 09:15:00,2025-06-26 09:15:00,2215 days 00:00:00,100000.0,94629.813856,-5.370186,2807.490634,100.0,1590.257741,39.453786,1030 days 00:00:00,8.0,8.0,0.0,0.0,25.0,47.875949,-16.057726,44.335175,-12.269657,20 days 00:00:00,10 days 12:00:00,0.931257,-671.273268,0.022743,-0.02295,1.014482,0.038361
LLOYDSENT,Success,0.0034813000002031913,0.0139472000000751,0.000981399999545829,0.05807790000017121,0.07688099999995757,2024-10-17 09:15:00,2025-06-26 09:15:00,172 days 00:00:00,100000.0,100000.0,0.0,49.018882,0.0,0.0,,,0.0,0.0,0.0,0.0,,,,,,,,,,inf,,inf,inf
LLOYDSME,Success,0.004406800000651856,0.01260069999989355,0.0007760999997117324,0.05601870000009512,0.07419950000075914,2023-07-17 09:15:00,2025-06-26 09:15:00,484 days 00:00:00,100000.0,150650.903194,50.650903,174.809165,100.0,588.106241,12.984885,55 days 00:00:00,3.0,2.0,1.0,35340.07596,50.0,28.820791,-10.477866,28.820791,-10.477866,75 days 00:00:00,9 days 00:00:00,2.135719,7655.413617,1.409638,2.788753,1.452012,2.321837
LMW,Success,0.01503359999969689,0.013889900000322086,0.0007330000007641502,0.045241799999530485,0.075278199999957,1999-01-04 09:15:00,2025-06-26 09:15:00,6367 days 00:00:00,100000.0,116374.428058,16.374428,8894.444444,100.0,5258.89719,44.971595,4373 days 00:00:00,23.0,23.0,0.0,0.0,30.434783,33.87491,-14.973694,22.775793,-7.622897,39 days 10:17:08,20 days 03:00:00,1.111818,711.931655,0.131423,0.019415,1.065148,0.203192
LODHA,Success,0.005446799999845098,0.01749240000026475,0.0008268000001407927,0.05400999999983469,0.07815790000040579,2021-04-19 09:15:00,2025-06-26 09:15:00,1041 days 00:00:00,100000.0,200023.956926,100.023957,519.623858,100.0,1349.363039,22.020118,397 days 00:00:00,5.0,5.0,0.0,0.0,60.0,38.42084,-8.253114,33.621667,-8.25157,39 days 00:00:00,18 days 00:00:00,5.594195,20004.791385,1.282678,1.249612,1.583403,2.127935
LOKESHMACH,Success,0.018220599999949627,0.013310100000126113,0.0010877000004256843,0.05733520000012504,0.0903454999997848,2006-05-05 09:15:00,2025-06-26 09:15:00,4692 days 00:00:00,100000.0,123306.106137,23.306106,-19.098501,100.0,2675.38362,54.232919,2437 days 00:00:00,11.0,11.0,0.0,0.0,36.363636,49.130688,-17.098536,36.640689,-13.672262,48 days 06:00:00,21 days 03:25:42,1.185676,2118.736922,0.179765,0.030297,1.10279,0.293816
LORDSCHLO,Success,0.003888399999596004,0.014137799999843992,0.0010620999992170255,0.05400210000061634,0.07369689999995899,2023-08-28 09:15:00,2025-06-26 09:15:00,455 days 00:00:00,100000.0,100000.0,0.0,-11.473619,0.0,0.0,,,0.0,0.0,0.0,0.0,,,,,,,,,,inf,,inf,inf
LOTUSEYE,Success,0.013219800000115356,0.013790500000141037,0.0010564000003796536,0.054899200000363635,0.08353269999952317,2008-07-11 09:15:00,2025-06-26 09:15:00,4024 days 00:00:00,100000.0,163322.504177,63.322504,100.532948,100.0,1627.880157,53.225521,2934 days 00:00:00,7.0,7.0,0.0,0.0,42.857143,62.563305,-20.404481,47.794332,-15.444141,66 days 08:00:00,41 days 12:00:00,1.857019,9046.072025,0.304799,0.085487,1.172691,0.476189
LOVABLE,Success,0.012512600000263774,0.01637029999983497,0.0009947999997166335,0.05417340000076365,0.08444539999982226,2011-03-24 09:15:00,2025-06-26 09:15:00,3525 days 00:00:00,100000.0,104462.093909,4.462094,-59.382889,100.0,1636.731077,32.564025,3293 days 00:00:00,7.0,7.0,0.0,0.0,28.571429,35.947199,-12.067638,34.289891,-10.326858,24 days 12:00:00,46 days 09:36:00,1.070016,637.441987,0.103396,0.013912,1.062836,0.195979
LOYALTEX,Success,0.004513500000030035,0.01351879999947414,0.0013890999998693587,0.05574309999974503,0.07555499999944004,2022-08-11 09:15:00,2025-06-26 09:15:00,713 days 00:00:00,100000.0,89810.440351,-10.18956,-70.847302,100.0,189.800441,10.18956,337 days 00:00:00,1.0,1.0,0.0,0.0,0.0,-10.199749,-10.199749,,-10.199749,,13 days 00:00:00,0.0,-10189.559649,-1.12103,-0.525338,0.365833,-1.272933
LPDC,Success,0.012444200000572891,0.014091899999584712,0.0015530000000580912,0.055247399999643676,0.08371809999971447,2008-08-12 09:15:00,2025-06-26 09:15:00,3875 days 00:00:00,100000.0,125529.984995,25.529985,-75.649794,100.0,1672.771955,36.25708,1085 days 00:00:00,6.0,6.0,0.0,0.0,33.333333,53.438769,-16.312034,53.438769,-14.541388,95 days 12:00:00,5 days 00:00:00,1.291114,4254.997499,0.205937,0.059708,1.136933,0.334654
LT,Success,0.015425000000504951,0.01509139999961917,0.001158699999905366,0.05712930000026972,0.08924440000009781,2004-06-23 09:15:00,2025-06-26 09:15:00,5197 days 00:00:00,100000.0,167781.814963,67.781815,5079.065616,100.0,5105.270122,32.343951,2540 days 00:00:00,20.0,20.0,0.0,0.0,40.0,34.688989,-8.88091,17.838364,-6.284841,70 days 21:00:00,12 days 10:00:00,1.70636,3389.090748,0.384908,0.114438,1.155509,0.569018
LTF,Success,0.013471100000060687,0.015727200000583252,0.0010383999997429783,0.052419100000406615,0.08316079999985959,2011-08-12 09:15:00,2025-06-26 09:15:00,3427 days 00:00:00,100000.0,68993.779218,-31.006221,342.815164,100.0,2560.893747,38.841621,2144 days 00:00:00,15.0,15.0,0.0,0.0,20.0,19.035832,-9.684007,18.085184,-6.988117,36 days 16:00:00,12 days 10:00:00,0.579304,-2067.081385,-0.236928,-0.099788,0.885647,-0.314704
LTFOODS,Success,0.013344799999686074,0.013146100000085426,0.0010468000000400934,0.05452479999985371,0.08276829999977053,2006-12-18 09:15:00,2025-06-26 09:15:00,4576 days 00:00:00,100000.0,72198.9442,-27.801056,8196.992325,100.0,4845.437344,50.463564,1966 days 00:00:00,23.0,23.0,0.0,0.0,26.086957,42.197102,-18.961043,32.405019,-11.056075,40 days 00:00:00,27 days 09:52:56,0.866662,-1208.741557,-0.017767,-0.050825,0.993435,-0.027416
LTIM,Success,0.00791289999961009,0.01426179999998567,0.0009279999994760146,0.05890300000010029,0.08240160000059404,2016-07-21 09:15:00,2025-06-26 09:15:00,2212 days 00:00:00,100000.0,96188.893782,-3.811106,670.212178,100.0,1224.811693,20.60349,1657 days 00:00:00,6.0,6.0,0.0,0.0,33.333333,15.884149,-9.904432,13.002638,-6.805407,66 days 00:00:00,16 days 18:00:00,0.867954,-635.18437,-0.029488,-0.03102,0.986081,-0.042158
LTTS,Success,0.009719399999994494,0.017268599999624712,0.00101379999978235,0.05403149999983725,0.08244420000028185,2016-09-23 09:15:00,2025-06-26 09:15:00,2169 days 00:00:00,100000.0,128537.986989,28.537987,397.03107,100.0,931.729567,14.971457,1377 days 00:00:00,4.0,4.0,0.0,0.0,50.0,24.741669,-6.221378,20.915349,-6.179437,9 days 00:00:00,8 days 12:00:00,2.912356,7134.496747,0.486727,0.288233,2.119845,1.644053
LUMAXIND,Success,0.01612070000010135,0.018360699999902863,0.0016731000005165697,0.059393599999566504,0.09595699999954377,1999-01-01 09:15:00,2025-06-26 09:15:00,6291 days 00:00:00,100000.0,145413.102498,45.413102,10487.762016,100.0,5186.770861,49.699607,3606 days 00:00:00,17.0,17.0,0.0,0.0,29.411765,53.874219,-14.897441,37.533012,-9.552405,62 days 14:24:00,24 days 10:00:00,1.244066,2671.35897,0.210006,0.044187,1.112543,0.362171
LUMAXTECH,Success,0.014265599999816914,0.015552000000752741,0.0017675999997663894,0.05880040000010922,0.09077119999983552,2007-01-16 09:15:00,2025-06-26 09:15:00,4495 days 00:00:00,100000.0,123770.059986,23.77006,5214.137308,100.0,2018.242454,47.456507,2595 days 00:00:00,9.0,9.0,0.0,0.0,33.333333,41.899855,-12.625499,32.830443,-9.983827,34 days 08:00:00,38 days 08:00:00,1.334369,2641.117776,0.191173,0.036807,1.104786,0.314673
LUPIN,Success,0.016774400000031164,0.016066000000137137,0.0012472999997044099,0.05901059999996505,0.0939808000002813,2001-09-10 09:15:00,2025-06-26 09:15:00,5892 days 00:00:00,100000.0,108449.765481,8.449765,23856.257074,100.0,4008.652051,55.590485,5218 days 00:00:00,18.0,18.0,0.0,0.0,27.777778,64.02765,-15.442503,28.210235,-8.179326,82 days 04:48:00,14 days 09:13:50,1.066173,469.431416,0.105777,0.009062,1.055134,0.167524
LUXIND,Success,0.00798650000069756,0.015109400000255846,0.0009536999996271334,0.05794030000015482,0.08237819999976637,2015-12-01 09:15:00,2025-06-26 09:15:00,2370 days 00:00:00,100000.0,164252.13839,64.252138,107.229677,100.0,1594.947686,13.844818,204 days 00:00:00,6.0,6.0,0.0,0.0,50.0,33.697275,-8.2974,26.867828,-6.89144,32 days 16:00:00,22 days 00:00:00,3.122978,10708.689732,0.787931,0.573645,1.521155,1.351314
LXCHEM,Success,0.00533610000002227,0.015130800000406452,0.001531799999611394,0.056723499999861815,0.07940020000023651,2021-03-25 09:15:00,2025-06-26 09:15:00,1055 days 00:00:00,100000.0,81280.457191,-18.719543,20.304044,100.0,355.630957,18.719543,909 days 00:00:00,2.0,2.0,0.0,0.0,0.0,-6.778594,-12.828384,,-9.803489,,12 days 00:00:00,0.0,-9359.771404,-0.831119,-0.369651,0.482373,-0.980674
LYKALABS,Success,0.01683150000008027,0.01447569999982079,0.0016875000001164153,0.06067400000029011,0.09406039999976201,1999-01-01 09:15:00,2025-06-26 09:15:00,6219 days 00:00:00,100000.0,688084.111254,588.084111,462.243902,100.0,18912.95082,45.589193,1520 days 00:00:00,17.0,17.0,0.0,0.0,47.058824,73.767599,-24.861019,52.920812,-14.60052,53 days 06:00:00,24 days 13:20:00,1.714079,34593.183015,0.569882,0.262904,1.282904,1.011208
LYPSAGEMS,Success,0.011819199999990815,0.015383399999336689,0.001247000000148546,0.05765860000065004,0.08649870000044757,2013-11-05 09:15:00,2025-06-26 09:15:00,2878 days 00:00:00,100000.0,52040.569046,-47.959431,-88.79528,100.0,753.166346,52.84944,2035 days 00:00:00,5.0,5.0,0.0,0.0,0.0,-8.566458,-14.450575,,-12.226071,,25 days 14:24:00,0.0,-9591.886191,-0.715431,-0.150421,0.614394,-0.912858
M&M,Success,0.014313099999526457,0.014714700000695302,0.0010959000001093955,0.05658870000024763,0.08716509999976552,2006-11-02 09:15:00,2025-06-26 09:15:00,4609 days 00:00:00,100000.0,95118.448686,-4.881551,1555.602012,100.0,1729.197577,36.644298,4537 days 00:00:00,11.0,11.0,0.0,0.0,27.272727,23.86508,-8.56819,18.170799,-6.614503,38 days 16:00:00,17 days 03:00:00,0.889339,-443.777392,-0.005302,-0.010794,0.996699,-0.0079
M&MFIN,Success,0.017248099999960687,0.018429400000059104,0.0015862999998716987,0.05308899999999994,0.09077170000000478,2006-11-02 09:15:00,2025-06-26 09:15:00,4608 days 00:00:00,100000.0,106723.672423,6.723672,832.909431,100.0,2357.135995,49.551271,4276 days 00:00:00,13.0,13.0,0.0,0.0,38.461538,29.978262,-26.066397,25.276213,-12.185778,53 days 00:00:00,39 days 09:00:00,1.06944,517.205571,0.115946,0.010429,1.048889,0.172541
MAANALU,Success,0.011029999999664142,0.013515499999812164,0.001051000000188651,0.05341820000012376,0.07960739999998623,2011-03-16 09:15:00,2025-06-26 09:15:00,3292 days 00:00:00,100000.0,194895.175396,94.895175,4835.698414,100.0,879.742542,29.225853,690 days 00:00:00,3.0,3.0,0.0,0.0,66.666667,58.31409,-15.266425,51.836737,-15.266425,44 days 12:00:00,32 days 00:00:00,4.931707,31631.725132,0.631553,0.262752,1.604997,1.278437
MACPOWER,Success,0.0049914999999600695,0.013933599999290891,0.0013738000006924267,0.05519359999925655,0.0758813000002192,2020-08-19 09:15:00,2025-06-26 09:15:00,1206 days 00:00:00,100000.0,116655.546757,16.655547,1826.177097,100.0,1832.16272,38.299668,414 days 00:00:00,7.0,7.0,0.0,0.0,28.571429,48.263035,-13.643212,42.11811,-10.30266,87 days 00:00:00,25 days 14:24:00,1.231909,2379.363822,0.301416,0.124621,1.091839,0.515563
MADHAV,Success,0.01334119999955874,0.013990299999932176,0.001043000000208849,0.054769800000030955,0.08352350000041042,2007-12-20 09:15:00,2025-06-26 09:15:00,4111 days 00:00:00,100000.0,21979.4426,-78.020557,-55.7669,100.0,1506.60019,84.023687,3496 days 00:00:00,12.0,12.0,0.0,0.0,8.333333,37.719572,-25.24985,37.719572,-15.254559,10 days 00:00:00,34 days 15:16:21,0.28519,-6501.713117,-0.554288,-0.149793,0.755048,-0.805411
MADHUCON,Success,0.01327560000027006,0.015302799999517447,0.0010540000002947636,0.05546249999952124,0.08556169999974372,2006-10-05 09:15:00,2025-06-26 09:15:00,4596 days 00:00:00,100000.0,292497.239933,192.49724,-94.194439,100.0,4688.110614,28.791262,2261 days 00:00:00,12.0,12.0,0.0,0.0,50.0,52.226621,-19.150949,38.827448,-13.550742,22 days 12:00:00,19 days 20:00:00,2.153312,16041.436661,0.620329,0.309035,1.453626,1.127724
MADRASFERT,Success,0.01550760000009177,0.014743500000804488,0.0013194999992265366,0.0701364000005924,0.10210539999934554,1999-01-04 09:15:00,2025-06-26 09:15:00,5967 days 00:00:00,100000.0,51227.00542,-48.772995,1020.969697,100.0,1896.238323,71.220219,5796 days 00:00:00,17.0,16.0,1.0,1829.011815,25.0,38.56327,-22.764511,36.121891,-14.820816,24 days 00:00:00,31 days 18:00:00,0.570144,-3162.6254,-0.094982,-0.056291,0.95009,-0.155034
MAGADSUGAR,Success,0.007619500000146218,0.012597599999935483,0.0008820000002742745,0.05403829999977461,0.07565359999989596,2017-07-28 09:15:00,2025-06-26 09:15:00,1960 days 00:00:00,100000.0,130186.529192,30.186529,226.650604,100.0,774.196271,26.688363,989 days 00:00:00,4.0,4.0,0.0,0.0,50.0,28.093064,-10.474257,27.228241,-10.308092,11 days 12:00:00,37 days 00:00:00,2.545221,7546.632298,0.455003,0.188668,1.34589,0.844903
MAGNUM,Success,0.013594300000477233,0.014178399999764224,0.0010460000003149617,0.0616373000002568,0.09087019999969925,2007-09-20 09:15:00,2025-06-26 09:15:00,4017 days 00:00:00,100000.0,119494.24242,19.494242,-45.948524,100.0,1359.860462,51.256892,1953 days 00:00:00,8.0,8.0,0.0,0.0,37.5,47.610904,-19.437352,42.062089,-16.016735,13 days 16:00:00,5 days 14:23:59,1.268714,2436.780303,0.184287,0.031829,1.207038,0.338121
MAHABANK,Success,0.01526929999999993,0.016617399999631743,0.0012237000000823173,0.055072199999813165,0.08918799999992189,2004-04-12 09:15:00,2025-06-26 09:15:00,5247 days 00:00:00,100000.0,185861.784564,85.861785,36.823387,100.0,4380.685758,43.153803,3145 days 00:00:00,18.0,18.0,0.0,0.0,38.888889,45.425383,-18.070599,30.160659,-10.369468,39 days 06:51:25,29 days 02:10:54,1.597562,4770.099142,0.349367,0.102102,1.17091,0.537636
MAHAPEXLTD,Success,0.008737199999814038,0.014376200000697281,0.000860600000123668,0.05578220000006695,0.08016909999969357,2018-04-05 09:15:00,2025-06-26 09:15:00,1744 days 00:00:00,100000.0,52512.73134,-47.487269,-26.84227,100.0,711.491795,51.051386,1191 days 00:00:00,5.0,5.0,0.0,0.0,0.0,-7.784143,-16.239287,,-12.042985,,24 days 09:36:00,0.0,-9497.453732,-0.755605,-0.247035,0.701036,-0.986922
MAHASTEEL,Success,0.007578899999316491,0.012872600000264356,0.0009244000002581743,0.052660099999229715,0.07448949999979959,2016-07-01 09:15:00,2025-06-26 09:15:00,2225 days 00:00:00,100000.0,75093.783858,-24.906216,157.100149,100.0,903.051855,33.284131,1174 days 00:00:00,5.0,5.0,0.0,0.0,20.0,35.196665,-19.967047,35.196665,-13.565758,21 days 00:00:00,27 days 06:00:00,0.53055,-4981.243228,-0.325457,-0.137906,0.832882,-0.462961
MAHEPC,Success,0.005333900000550784,0.017259899999771733,0.0009847000001173,0.05125709999992978,0.07522620000054303,2020-02-14 09:15:00,2025-06-26 09:15:00,1331 days 00:00:00,100000.0,82444.448139,-17.555552,-1.748894,100.0,363.952552,23.515398,614 days 00:00:00,2.0,2.0,0.0,0.0,0.0,-9.173948,-9.24659,,-9.210269,,39 days 12:00:00,0.0,-8777.775931,-0.588622,-0.219269,0.725428,-0.796555
MAHESHWARI,Success,0.006311699999969278,0.014538300000822346,0.0010800000000017462,0.04679169999963051,0.06891919999998208,2019-04-15 09:15:00,2025-06-26 09:15:00,1536 days 00:00:00,100000.0,100000.0,0.0,-54.022624,0.0,0.0,,,0.0,0.0,0.0,0.0,,,,,,,,,,inf,,inf,inf
MAHLIFE,Success,0.014045799999621522,0.013415299999905983,0.0010351000000810018,0.05379629999970348,0.08270670000001701,2007-11-23 09:15:00,2025-06-26 09:15:00,4344 days 00:00:00,100000.0,118277.498361,18.277498,95.427102,100.0,2397.637537,37.123879,3072 days 00:00:00,10.0,10.0,0.0,0.0,30.0,49.414958,-20.739037,37.365318,-10.372134,58 days 00:00:00,25 days 17:08:34,1.19197,1827.749836,0.169775,0.038262,1.100909,0.268467
MAHLOG,Success,0.007900700000391225,0.016208799999731127,0.000906100000065635,0.05666269999983342,0.08207429999947635,2017-11-10 09:15:00,2025-06-26 09:15:00,1889 days 00:00:00,100000.0,135723.300088,35.7233,-21.45518,100.0,1457.05132,20.747193,430 days 00:00:00,5.0,5.0,0.0,0.0,40.0,31.007703,-8.326756,30.831493,-7.429833,66 days 12:00:00,12 days 00:00:00,2.010143,7144.660018,0.48581,0.293034,1.267847,0.831556
MAHSCOOTER,Success,0.01602790000015375,0.015994500000488188,0.001539500000035332,0.057213400000364345,0.09116720000019995,1999-01-01 09:15:00,2025-06-26 09:15:00,6223 days 00:00:00,100000.0,363868.6792,263.868679,20895.562751,100.0,6166.867356,17.137989,1948 days 00:00:00,12.0,12.0,0.0,0.0,66.666667,34.3803,-11.446989,23.450498,-8.985993,32 days 06:00:00,5 days 18:00:00,3.450007,21989.0566,0.712136,0.459223,1.786475,1.670565
MAHSEAMLES,Success,0.015841100000216102,0.014587099999516795,0.0014934999999240972,0.05197600000064995,0.08432179999999789,1999-01-01 09:15:00,2025-06-26 09:15:00,6523 days 00:00:00,100000.0,192549.607453,92.549607,21252.982396,100.0,5254.977532,46.884065,1753 days 00:00:00,20.0,20.0,0.0,0.0,40.0,43.425208,-17.094678,28.632004,-10.53824,64 days 21:00:00,53 days 18:00:00,1.569376,4627.480373,0.299933,0.079647,1.112145,0.444839
MAITHANALL,Success,0.014005099999849335,0.014149999999972351,0.0009967999994842103,0.05305029999999533,0.08258769999974902,2011-07-05 09:15:00,2025-06-26 09:15:00,3278 days 00:00:00,100000.0,169140.565031,69.140565,1580.24607,100.0,1831.290056,32.10822,1080 days 00:00:00,7.0,7.0,0.0,0.0,57.142857,35.654968,-20.373196,28.593246,-14.571178,47 days 00:00:00,32 days 08:00:00,2.16449,9877.223576,0.458252,0.187698,1.259231,0.730654
MALLCOM,Success,0.0043284000003041,0.013137799999640265,0.0011127999996460858,0.05461540000032983,0.07357709999996587,2022-02-02 09:15:00,2025-06-26 09:15:00,843 days 00:00:00,100000.0,91921.746043,-8.078254,40.69207,100.0,191.91386,8.685461,417 days 00:00:00,1.0,1.0,0.0,0.0,0.0,-8.086332,-8.086332,,-8.086332,,2 days 00:00:00,0.0,-8078.253957,-0.847934,-0.412341,0.074896,-0.852249
MALUPAPER,Success,0.012993100000130653,0.013105300000461284,0.0010530999998081825,0.050521500000286323,0.07822419999956765,2006-04-05 09:15:00,2025-06-26 09:15:00,4398 days 00:00:00,100000.0,78699.826077,-21.300174,26.74884,100.0,1211.256587,57.800018,4019 days 00:00:00,7.0,7.0,0.0,0.0,28.571429,36.619013,-26.776317,33.147646,-14.747045,31 days 12:00:00,5 days 14:23:59,0.704271,-3042.881989,-0.066843,-0.034053,0.923987,-0.104815
MAMATA,Success,0.0032403999994130572,0.014358200000060606,0.0007636000000275089,0.053567300000395335,0.07232240000030288,2024-12-27 09:15:00,2025-06-26 09:15:00,124 days 00:00:00,100000.0,100000.0,0.0,-34.896825,0.0,0.0,,,0.0,0.0,0.0,0.0,,,,,,,,,,inf,,inf,inf
MANAKALUCO,Success,0.00773140000001149,0.01295140000001993,0.0009454999999434222,0.053631799999493524,0.07567300000027899,2015-03-30 09:15:00,2025-06-26 09:15:00,2525 days 00:00:00,100000.0,85213.139867,-14.78686,43.222222,100.0,1344.55205,40.23234,1376 days 00:00:00,7.0,7.0,0.0,0.0,28.571429,55.144755,-25.114535,43.903769,-16.037384,48 days 00:00:00,18 days 04:48:00,0.820122,-2112.40859,-0.020668,-0.056833,0.98954,-0.032311
MANAKCOAT,Success,0.007505900000069232,0.013384299999415816,0.0010210999998889747,0.2503892000004271,0.2726997999998275,2015-03-30 09:15:00,2025-06-26 09:15:00,2517 days 00:00:00,100000.0,92000.445991,-7.999554,619.833333,100.0,729.735694,44.03484,1811 days 00:00:00,5.0,5.0,0.0,0.0,40.0,31.676828,-23.400639,27.733366,-17.246519,45 days 00:00:00,22 days 08:00:00,0.816248,-1599.910802,-0.003086,-0.027292,0.998382,-0.004609
MANAKSIA,Success,0.013639499999953841,0.012422300000253017,0.001092600000447419,0.05092599999989034,0.07847190000029514,2008-01-08 09:15:00,2025-06-26 09:15:00,4267 days 00:00:00,100000.0,267029.544006,167.029544,42.638546,100.0,3050.527441,34.949873,1443 days 00:00:00,10.0,10.0,0.0,0.0,50.0,43.53769,-12.830351,38.088112,-11.794423,65 days 09:36:00,39 days 09:36:00,2.867288,16702.954401,0.517654,0.250779,1.256213,0.911524
MANAKSTEEL,Success,0.00835949999964214,0.015755299999909766,0.0009352999995826394,0.05281390000072861,0.07825289999982488,2015-03-30 09:15:00,2025-06-26 09:15:00,2527 days 00:00:00,100000.0,102762.05763,2.762058,239.111111,100.0,1319.569767,45.55179,1845 days 00:00:00,6.0,6.0,0.0,0.0,33.333333,53.865983,-23.47508,48.218414,-17.187625,39 days 00:00:00,28 days 18:00:00,1.033016,460.342938,0.120886,0.008656,1.060248,0.189105
MANALIPETC,Success,0.01272530000005645,0.013670600000295963,0.0013714999995499966,0.04772980000052485,0.07587129999956232,2006-12-06 09:15:00,2025-06-26 09:15:00,4408 days 00:00:00,100000.0,142304.848021,42.304848,397.785714,100.0,2396.726237,40.688658,2368 days 00:00:00,9.0,9.0,0.0,0.0,44.444444,45.583839,-21.13519,34.496492,-15.110812,27 days 12:00:00,41 days 00:00:00,1.387174,4700.538669,0.244938,0.072856,1.148366,0.385657
MANAPPURAM,Success,0.013664399999470334,0.013526400000046124,0.0009841999999480322,0.056468100000529375,0.08503560000008292,2010-06-30 09:15:00,2025-06-26 09:15:00,3711 days 00:00:00,100000.0,148780.296479,48.780296,649.418982,100.0,3179.344233,42.906996,1745 days 00:00:00,16.0,16.0,0.0,0.0,37.5,32.691368,-16.147337,27.65819,-10.027799,66 days 00:00:00,29 days 04:48:00,1.497551,3048.76853,0.289468,0.092877,1.103131,0.448787
MANBA,Success,0.0035243000002083136,0.013513899999452406,0.0007308000003831694,0.05648949999977049,0.07464110000000801,2024-09-30 09:15:00,2025-06-26 09:15:00,184 days 00:00:00,100000.0,85547.032059,-14.452968,0.052545,100.0,185.532765,14.452968,121 days 00:00:00,1.0,1.0,0.0,0.0,0.0,-14.467421,-14.467421,,-14.467421,,33 days 00:00:00,0.0,-14452.967941,-2.039537,-1.842566,0.536075,-2.419613
MANCREDIT,Success,0.0040380000000368454,0.013742999999521999,0.0008005999998204061,0.05401789999996254,0.07297990000006394,2024-08-16 09:15:00,2025-06-26 09:15:00,215 days 00:00:00,100000.0,100000.0,0.0,37.080121,0.0,0.0,,,0.0,0.0,0.0,0.0,,,,,,,,,,inf,,inf,inf
MANGALAM,Success,0.014705200000207697,0.0157933000000412,0.001192599999740196,0.05535909999980504,0.0874324999995224,2005-05-23 09:15:00,2025-06-26 09:15:00,4738 days 00:00:00,100000.0,153527.152642,53.527153,121.7647,100.0,2241.563855,44.035761,1792 days 00:00:00,11.0,11.0,0.0,0.0,36.363636,56.945992,-19.79525,46.735558,-14.486488,46 days 06:00:00,20 days 06:51:25,1.49616,4866.104786,0.268636,0.076251,1.161453,0.48405
MANGCHEFER,Success,0.014035799999874143,0.01448160000018106,0.001315200000135519,0.05789619999995921,0.08842619999995804,2007-10-22 09:15:00,2025-06-26 09:15:00,4306 days 00:00:00,100000.0,88835.985694,-11.164014,766.344633,100.0,2157.224948,44.138595,2701 days 00:00:00,11.0,11.0,0.0,0.0,27.272727,35.597462,-16.332525,29.996707,-10.613213,78 days 16:00:00,29 days 06:00:00,0.871586,-1014.910391,0.017993,-0.02262,1.007916,0.027406
MANGLMCEM,Success,0.018018100000517734,0.016268899999886344,0.0014482000005955342,0.05487329999959911,0.09099009999954433,1999-01-01 09:15:00,2025-06-26 09:15:00,6386 days 00:00:00,100000.0,489313.526742,389.313527,8232.768362,100.0,6509.833548,36.462696,2284 days 00:00:00,14.0,14.0,0.0,0.0,57.142857,74.181785,-20.910722,36.870991,-13.526958,62 days 00:00:00,26 days 04:00:00,3.252371,27808.109053,0.58011,0.260541,1.319112,1.041281
MANINDS,Success,0.013785500000267348,0.013340299999981653,0.0010995000002367306,0.05395920000046317,0.08256809999966208,2005-06-24 09:15:00,2025-06-26 09:15:00,4942 days 00:00:00,100000.0,60364.434841,-39.635565,333.510922,100.0,2831.941657,67.222688,4377 days 00:00:00,16.0,16.0,0.0,0.0,25.0,42.852459,-17.574291,32.774512,-12.67053,41 days 00:00:00,16 days 12:00:00,0.716442,-2477.222822,-0.143145,-0.054437,0.920119,-0.22218
MANINFRA,Success,0.01291049999963434,0.015438400000675756,0.0010081000000354834,0.05666480000036245,0.08671959999992396,2010-03-11 09:15:00,2025-06-26 09:15:00,3787 days 00:00:00,100000.0,151630.32484,51.630325,283.328558,100.0,1664.124134,17.999576,970 days 00:00:00,6.0,6.0,0.0,0.0,50.0,30.651246,-9.456111,26.862576,-9.395248,23 days 00:00:00,21 days 16:00:00,2.213424,8605.05414,0.530061,0.227435,1.478781,0.98389
MANKIND,Success,0.005605600000308186,0.014199199999893608,0.0007822999996278668,0.05558959999962099,0.07659929999954329,2023-05-09 09:15:00,2025-06-26 09:15:00,532 days 00:00:00,100000.0,101383.824742,1.383825,61.955987,100.0,657.840229,21.266638,149 days 00:00:00,3.0,3.0,0.0,0.0,33.333333,18.592389,-7.549072,18.592389,-7.539857,80 days 00:00:00,31 days 12:00:00,1.080502,461.274914,0.150261,0.044548,1.040717,0.215671
MANOMAY,Success,0.004160800000136078,0.012427000000570843,0.0007798999995429767,0.05268100000012055,0.07054060000064055,2023-01-18 09:15:00,2025-06-26 09:15:00,597 days 00:00:00,100000.0,68851.942656,-31.148057,31.355196,100.0,502.667372,41.463272,294 days 00:00:00,3.0,3.0,0.0,0.0,0.0,-10.528249,-13.470314,,-11.700162,,21 days 00:00:00,0.0,-10382.685781,-1.025603,-0.492044,0.61629,-1.24544
MANORAMA,Success,0.004250699999829521,0.013197199999922304,0.0008017000000108965,0.053960299999744166,0.07259249999970052,2022-07-01 09:15:00,2025-06-26 09:15:00,741 days 00:00:00,100000.0,89118.289482,-10.881711,592.401423,100.0,189.107597,10.881711,121 days 00:00:00,1.0,1.0,0.0,0.0,0.0,-10.892592,-10.892592,,-10.892592,,9 days 00:00:00,0.0,-10881.710518,-0.887036,-0.506975,0.33084,-0.957248
MANORG,Success,0.004767299999912211,0.016507199999978184,0.0008138000002873014,0.05373730000064825,0.07623729999977513,2021-11-02 09:15:00,2025-06-26 09:15:00,906 days 00:00:00,100000.0,83367.612451,-16.632388,-36.646648,100.0,362.915074,22.560936,477 days 00:00:00,2.0,2.0,0.0,0.0,0.0,-7.151408,-10.228353,,-8.68988,,31 days 00:00:00,0.0,-8316.193775,-0.742263,-0.313219,0.666633,-1.056711
MANUGRAPH,Success,0.01522110000041721,0.014632299999902898,0.0010753000005934155,0.0561385999999402,0.08797210000011546,2006-09-14 09:15:00,2025-06-26 09:15:00,4599 days 00:00:00,100000.0,253823.788662,153.823789,-91.196028,100.0,1309.437283,31.77496,2410 days 00:00:00,4.0,4.0,0.0,0.0,75.0,58.089257,-16.101334,44.972174,-16.101334,168 days 00:00:00,111 days 00:00:00,7.051358,38455.947165,0.45474,0.241471,1.19992,0.761324
MANYAVAR,Success,0.004591000000800705,0.01363489999948797,0.0010871000004044618,0.05549750000045606,0.07524370000010094,2022-02-16 09:15:00,2025-06-26 09:15:00,833 days 00:00:00,100000.0,160153.958579,60.153959,-14.139574,100.0,524.584859,13.264231,25 days 00:00:00,2.0,2.0,0.0,0.0,100.0,32.217296,21.180008,26.698652,,46 days 00:00:00,,inf,30076.979289,1.521291,1.727973,2.10163,3.762707
MAPMYINDIA,Success,0.004979999999704887,0.014740999999958149,0.0013687999999092426,0.050525800000286836,0.07202440000037313,2021-12-21 09:15:00,2025-06-26 09:15:00,873 days 00:00:00,100000.0,103141.923486,3.141923,26.911348,100.0,617.088838,14.04118,217 days 00:00:00,3.0,3.0,0.0,0.0,33.333333,24.295026,-10.075172,24.295026,-8.898205,26 days 00:00:00,24 days 00:00:00,1.16316,1047.307829,0.155317,0.092714,1.097705,0.334073
MARALOVER,Success,0.01610129999971832,0.015087600000697421,0.0014048000002730987,0.05318689999967319,0.08624729999974079,1999-01-01 09:15:00,2025-06-26 09:15:00,6276 days 00:00:00,100000.0,280094.195153,180.094195,88.254777,100.0,5014.585797,42.619257,2569 days 00:00:00,16.0,16.0,0.0,0.0,43.75,60.813181,-18.77957,43.807704,-15.318658,42 days 06:51:25,17 days 18:40:00,1.833961,11255.887197,0.403161,0.144842,1.244338,0.702056
MARATHON,Success,0.008332700000210025,0.01496320000023843,0.001461599999856844,0.05283709999912389,0.0781459999998333,2016-09-29 09:15:00,2025-06-26 09:15:00,2165 days 00:00:00,100000.0,64251.55223,-35.748448,444.194033,100.0,878.335682,44.804653,1832 days 00:00:00,6.0,6.0,0.0,0.0,16.666667,24.739929,-14.438162,24.739929,-12.415561,63 days 00:00:00,16 days 14:24:00,0.281275,-5958.074628,-0.568831,-0.160398,0.737094,-0.736732
MARICO,Success,0.013593300000138697,0.01408380000066245,0.0011686999996527447,0.05657179999980144,0.08583309999994526,2005-06-14 09:15:00,2025-06-26 09:15:00,4950 days 00:00:00,100000.0,112208.378185,12.208378,5487.612788,100.0,4353.092487,36.09489,1928 days 00:00:00,17.0,17.0,0.0,0.0,29.411765,24.811114,-17.238387,22.029741,-6.98962,73 days 19:12:00,24 days 14:00:00,1.112844,718.139893,0.130421,0.023632,1.053808,0.187706
MARINE,Success,0.007155399999646761,0.013779299999441719,0.0008556000002499786,0.053708400000687107,0.07587890000013431,2018-10-26 09:15:00,2025-06-26 09:15:00,1610 days 00:00:00,100000.0,112835.415899,12.835416,1471.501504,100.0,754.741579,22.288691,675 days 00:00:00,3.0,3.0,0.0,0.0,33.333333,43.82087,-11.562695,43.82087,-11.422695,22 days 00:00:00,6 days 12:00:00,1.414826,4278.471966,0.337523,0.124527,1.359175,0.622609
MARKSANS,Success,0.014557299999978568,0.016222100000049977,0.001118799999858311,0.05519559999993362,0.08747799999946437,2005-11-14 09:15:00,2025-06-26 09:15:00,4847 days 00:00:00,100000.0,73613.5184,-26.386482,1017.367656,100.0,2127.337196,55.842397,2351 days 00:00:00,12.0,12.0,0.0,0.0,25.0,45.992036,-22.717858,34.831214,-12.308133,37 days 16:00:00,25 days 21:20:00,0.757524,-2198.873467,-0.038766,-0.040838,0.979386,-0.058116
MARUTI,Success,0.014437400000133493,0.015792600000168022,0.0011627999992924742,0.06292600000051607,0.09470449999935227,2003-07-09 09:15:00,2025-06-26 09:15:00,5437 days 00:00:00,100000.0,114834.459533,14.83446,7638.89227,100.0,4014.554496,34.528178,2381 days 00:00:00,17.0,17.0,0.0,0.0,29.411765,27.027696,-11.323509,19.791149,-6.128227,53 days 09:36:00,32 days 20:00:00,1.16841,872.615267,0.138122,0.027019,1.059216,0.204144
MASFIN,Success,0.009202700000059849,0.014094500000283006,0.0008968000001914334,0.053372399999716436,0.07794809999995778,2017-10-18 09:15:00,2025-06-26 09:15:00,1905 days 00:00:00,100000.0,96063.803733,-3.936196,41.633695,100.0,579.692713,12.29854,666 days 00:00:00,3.0,3.0,0.0,0.0,33.333333,16.102081,-11.242807,16.102081,-9.013468,38 days 00:00:00,25 days 12:00:00,0.783909,-1312.065422,-0.05784,-0.062322,0.958469,-0.094836
MASKINVEST,Success,0.004902300000139803,0.012959300000147778,0.0009843000007094815,0.05282840000018041,0.07205370000065159,2016-10-14 09:15:00,2025-06-26 09:15:00,1261 days 00:00:00,100000.0,64255.565385,-35.744435,965.333333,100.0,499.971984,35.744435,804 days 00:00:00,3.0,3.0,0.0,0.0,0.0,-11.020029,-18.563659,,-13.650466,,13 days 00:00:00,0.0,-11914.811538,-0.941865,-0.33619,0.512172,-1.128804
MASTEK,Success,0.018059099999845785,0.016771199999311648,0.0015056000002005021,0.05406620000030671,0.09082029999990482,1999-01-01 09:15:00,2025-06-26 09:15:00,6541 days 00:00:00,100000.0,84165.350017,-15.83465,10798.150562,100.0,2549.153168,54.252036,3846 days 00:00:00,14.0,14.0,0.0,0.0,28.571429,39.23431,-23.774192,35.897838,-12.904536,23 days 06:00:00,24 days 07:12:00,0.86941,-1131.046427,0.011137,-0.017646,1.007408,0.017117
MASTERTR,Success,0.003447000000051048,0.013145699999768112,0.0007814000000507804,0.05302239999946323,0.07078020000062679,2024-11-12 09:15:00,2025-06-26 09:15:00,154 days 00:00:00,100000.0,100000.0,0.0,-15.074746,0.0,0.0,,,0.0,0.0,0.0,0.0,,,,,,,,,,inf,,inf,inf
MATRIMONY,Success,0.007233399999677204,0.013874899999791523,0.0009116999999605468,0.06201909999981581,0.08447249999971973,2017-09-21 09:15:00,2025-06-26 09:15:00,1922 days 00:00:00,100000.0,76527.785461,-23.472215,-40.485272,100.0,359.390566,32.998891,1506 days 00:00:00,2.0,2.0,0.0,0.0,0.0,-8.56561,-16.327204,,-12.446407,,114 days 00:00:00,0.0,-11736.107269,-0.229663,-0.150109,0.908706,-0.328222
MAWANASUG,Success,0.0135733999995864,0.013994899999488553,0.001151899999968009,0.05564609999964887,0.08495050000055926,2009-03-20 09:15:00,2025-06-26 09:15:00,3925 days 00:00:00,100000.0,53026.048024,-46.973952,556.025641,100.0,583.882975,51.496083,2699 days 00:00:00,4.0,4.0,0.0,0.0,0.0,-11.055047,-16.74119,,-14.651681,,33 days 12:00:00,0.0,-11743.487994,-0.479614,-0.111246,0.697345,-0.607714
MAXESTATES,Success,0.00427159999981086,0.01885480000055395,0.001381299999593466,0.056078500000694476,0.08097199999974691,2023-10-30 09:15:00,2025-06-26 09:15:00,413 days 00:00:00,100000.0,71844.545085,-28.155455,78.343055,100.0,512.980655,28.75059,344 days 00:00:00,3.0,3.0,0.0,0.0,0.0,-9.701642,-11.122218,,-10.445007,,18 days 16:00:00,0.0,-9385.151638,-1.501051,-0.881396,0.590229,-1.8679
MAXHEALTH,Success,0.005856499999936204,0.014013199999681092,0.0008336999999301042,0.05808849999993981,0.07918989999961923,2020-08-21 09:15:00,2025-06-26 09:15:00,1204 days 00:00:00,100000.0,109708.565804,9.708566,1033.333333,100.0,560.815843,20.318289,660 days 00:00:00,3.0,3.0,0.0,0.0,33.333333,29.924747,-8.919925,29.924747,-8.102608,135 days 00:00:00,3 days 00:00:00,1.624727,3236.188601,0.259311,0.140208,1.107919,0.400332
MAXIND,Success,0.007128499999453197,0.015302300000257674,0.0010013000000981265,0.06748650000008638,0.09132930000032502,2020-08-28 09:15:00,2025-06-26 09:15:00,1199 days 00:00:00,100000.0,122935.012667,22.935013,164.292347,100.0,1006.002763,21.83033,299 days 00:00:00,5.0,5.0,0.0,0.0,40.0,39.329057,-11.427669,26.250679,-7.914506,34 days 00:00:00,29 days 08:00:00,1.943345,4587.002533,0.449092,0.297183,1.212053,0.722264
MAYURUNIQ,Success,0.01199590000032913,0.015500800000154413,0.001026599999931932,0.05474410000078933,0.08365419999972801,2012-09-25 09:15:00,2025-06-26 09:15:00,3152 days 00:00:00,100000.0,91760.774011,-8.239226,482.041885,100.0,731.48525,20.42595,2271 days 00:00:00,4.0,4.0,0.0,0.0,25.0,23.703598,-11.670975,23.703598,-9.467154,134 days 00:00:00,106 days 16:00:00,0.699916,-2059.806497,-0.001733,-0.048505,0.99934,-0.002584
MAZDA,Success,0.007863800000450283,0.016088200000012876,0.0009090000003197929,0.056679799999983516,0.08192789999975503,2016-11-01 09:15:00,2025-06-26 09:15:00,2143 days 00:00:00,100000.0,139015.445098,39.015445,233.333333,100.0,1701.708841,23.233478,1153 days 00:00:00,7.0,7.0,0.0,0.0,42.857143,28.83394,-10.764474,26.658504,-9.021568,30 days 16:00:00,18 days 06:00:00,1.837347,5573.635014,0.484688,0.248393,1.29052,0.867252
MAZDOCK,Success,0.005206499999985681,0.014528499999869382,0.0008571000007577823,0.06288330000006681,0.0838635999998587,2020-10-12 09:15:00,2025-06-26 09:15:00,1169 days 00:00:00,100000.0,50516.971805,-49.483028,3531.171852,100.0,897.488311,50.781844,1056 days 00:00:00,6.0,6.0,0.0,0.0,0.0,-8.682228,-13.921032,,-10.745912,,38 days 04:00:00,0.0,-8247.171366,-1.036513,-0.378117,0.718492,-1.400719
MBAPL,Success,0.006730500000230677,0.01560929999959626,0.0010075000000142609,0.061952999999448366,0.08582380000007106,2019-08-22 09:15:00,2025-06-26 09:15:00,1379 days 00:00:00,100000.0,114755.763692,14.755764,2158.064516,100.0,1027.676818,23.124768,909 days 00:00:00,4.0,4.0,0.0,0.0,25.0,49.324614,-10.257929,49.324614,-8.390522,38 days 00:00:00,13 days 00:00:00,1.427461,3688.940923,0.342878,0.160442,1.230804,0.596222
MBLINFRA,Success,0.014794600000641367,0.01914270000088436,0.0011982000005446025,0.06309069999952044,0.098956900000303,2010-01-11 09:15:00,2025-06-26 09:15:00,3826 days 00:00:00,100000.0,77356.229636,-22.64377,-57.18228,100.0,1053.077339,37.795623,1921 days 00:00:00,6.0,6.0,0.0,0.0,16.666667,42.471714,-14.169609,42.471714,-11.481764,48 days 00:00:00,16 days 09:35:59,0.576483,-3773.961727,-0.162777,-0.064019,0.887302,-0.254882
MCL,Success,0.006833399999777612,0.021284299999933864,0.0014693000002807821,0.0634303999995609,0.09349879999990662,2020-08-19 09:15:00,2025-06-26 09:15:00,1206 days 00:00:00,100000.0,80376.073156,-19.623927,-28.279848,100.0,360.136906,25.473311,678 days 00:00:00,2.0,2.0,0.0,0.0,0.0,-10.120061,-10.594598,,-10.35733,,12 days 12:00:00,0.0,-9811.963422,-0.666119,-0.251155,0.560517,-0.801718
MCLEODRUSS,Success,0.017179000000396627,0.015137599999434315,0.001131800000621297,0.054802500000732834,0.08864739999989979,2005-07-29 09:15:00,2025-06-26 09:15:00,4918 days 00:00:00,100000.0,77119.066457,-22.880934,-32.356436,100.0,1464.724707,49.570819,4215 days 00:00:00,11.0,11.0,0.0,0.0,18.181818,42.669721,-18.349721,42.085873,-10.050562,28 days 00:00:00,39 days 10:40:00,0.658315,-2080.084868,-0.076181,-0.038527,0.9624,-0.110468
MCLOUD,Success,0.0035767999997915467,0.014855399999760266,0.0007501999998567044,0.054767200000242156,0.07449809999980062,2025-02-07 09:15:00,2025-06-26 09:15:00,93 days 00:00:00,100000.0,100000.0,0.0,-4.361001,0.0,0.0,,,0.0,0.0,0.0,0.0,,,,,,,,,,inf,,inf,inf
MCX,Success,0.013123300000188465,0.014315400000668888,0.0009802999993553385,0.05406000000039057,0.08286489999954938,2012-03-09 09:15:00,2025-06-26 09:15:00,3288 days 00:00:00,100000.0,77521.969459,-22.478031,581.653428,100.0,2665.265321,53.39077,2521 days 00:00:00,11.0,11.0,0.0,0.0,18.181818,35.53938,-10.711033,29.153187,-8.132941,67 days 00:00:00,19 days 00:00:00,0.746873,-2043.457322,-0.121492,-0.052197,0.940426,-0.196394
MEDANTA,Success,0.0043284000003041,0.015988999999535736,0.0007789999999658903,0.051736600000367616,0.07319819999975152,2022-11-16 09:15:00,2025-06-26 09:15:00,649 days 00:00:00,100000.0,100000.0,0.0,172.911155,0.0,0.0,,,0.0,0.0,0.0,0.0,,,,,,,,,,inf,,inf,inf
MEDIASSIST,Success,0.0038183999995453632,0.01408850000007078,0.0007656999996470404,0.05560299999979179,0.07467339999948308,2024-01-23 09:15:00,2025-06-26 09:15:00,354 days 00:00:00,100000.0,120790.110459,20.79011,7.563023,100.0,485.859602,13.012356,163 days 00:00:00,2.0,2.0,0.0,0.0,50.0,32.556632,-8.86309,32.556632,-8.86309,26 days 00:00:00,16 days 00:00:00,2.771784,10395.05523,0.990564,1.652364,1.522537,2.063562
MEDICAMEQ,Success,0.005200200000217592,0.01386850000017148,0.0010038999998869258,0.05535799999961455,0.07581579999987298,2021-10-27 09:15:00,2025-06-26 09:15:00,910 days 00:00:00,100000.0,86503.617722,-13.496382,-23.623188,100.0,186.490308,19.821932,243 days 00:00:00,1.0,1.0,0.0,0.0,0.0,-13.509879,-13.509879,,-13.509879,,40 days 00:00:00,0.0,-13496.382278,-0.511763,-0.285009,0.697694,-0.764493
MEDICO,Success,0.004475199999433244,0.012776900000062597,0.0007984999992913799,0.05222830000002432,0.0706557999992583,2022-05-26 09:15:00,2025-06-26 09:15:00,767 days 00:00:00,100000.0,87258.165328,-12.741835,102.479339,100.0,187.245611,12.741835,82 days 00:00:00,1.0,1.0,0.0,0.0,0.0,-12.754577,-12.754577,,-12.754577,,2 days 00:00:00,0.0,-12741.834672,-0.928566,-0.49289,0.0,-0.928075
MEDPLUS,Success,0.004580200000418699,0.014379600000211212,0.0013450999995257007,0.053036299999803305,0.07407200000034209,2021-12-23 09:15:00,2025-06-26 09:15:00,871 days 00:00:00,100000.0,122261.532557,22.261533,-19.4577,100.0,485.610614,17.852291,110 days 00:00:00,2.0,2.0,0.0,0.0,50.0,31.69483,-7.147812,31.69483,-7.147812,106 days 00:00:00,4 days 00:00:00,3.367836,11130.766279,0.518521,0.492242,1.263753,1.006482
MEGASOFT,Success,0.013274799999635434,0.014340700000502693,0.001421499999196385,0.29440580000027694,0.32391160000042873,2007-07-19 09:15:00,2025-06-26 09:15:00,4309 days 00:00:00,100000.0,163109.197038,63.109197,-23.068132,100.0,1831.352126,37.626608,3231 days 00:00:00,8.0,8.0,0.0,0.0,50.0,58.303773,-17.996088,36.141854,-16.496899,58 days 12:00:00,12 days 12:00:00,1.826321,7888.64963,0.345382,0.112456,1.216897,0.590379
MEGASTAR,Success,0.007936500000141677,0.020324099999925238,0.0009534000000712695,0.06029990000024554,0.0899541999997382,2022-02-16 09:15:00,2025-06-26 09:15:00,833 days 00:00:00,100000.0,100000.0,0.0,143.700441,0.0,0.0,,,0.0,0.0,0.0,0.0,,,,,,,,,,inf,,inf,inf
MENONBE,Success,0.009516699999949196,0.009756899999956659,0.0012386000007609255,0.0619806000004246,0.0828931999994893,2015-03-09 09:15:00,2025-06-26 09:15:00,2551 days 00:00:00,100000.0,276461.299221,176.461299,426.655092,100.0,4313.200756,25.828304,1103 days 00:00:00,9.0,9.0,0.0,0.0,55.555556,58.680089,-15.891523,37.813643,-13.172463,63 days 04:48:00,24 days 12:00:00,2.186198,19606.811025,0.683276,0.606377,1.31908,1.279036
METROBRAND,Success,0.005685299999640847,0.017395899999428366,0.0010388000000602915,0.05425869999999122,0.07875909999984287,2021-12-22 09:15:00,2025-06-26 09:15:00,872 days 00:00:00,100000.0,71323.961324,-28.676039,130.424643,100.0,599.890561,29.028479,784 days 00:00:00,4.0,3.0,1.0,-4134.744419,0.0,-8.001658,-10.310021,,-8.962777,,15 days 00:00:00,0.0,-8180.431419,-1.640658,-0.454396,0.366815,-1.838627
METROPOLIS,Success,0.00775569999950676,0.013676600000508188,0.0008353999992323224,0.056067800000164425,0.0787319999999454,2019-04-15 09:15:00,2025-06-26 09:15:00,1536 days 00:00:00,100000.0,113214.83408,13.214834,76.308802,100.0,1041.270839,17.390282,373 days 00:00:00,5.0,5.0,0.0,0.0,40.0,29.579984,-15.379966,25.442407,-10.275213,57 days 00:00:00,7 days 08:00:00,1.401296,2642.966816,0.270362,0.172126,1.130218,0.383135
MFML,Success,0.004491100000450388,0.01340269999946031,0.000724600000467035,0.05419110000002547,0.07319379999989906,2024-08-27 09:15:00,2025-06-26 09:15:00,208 days 00:00:00,100000.0,100000.0,0.0,-74.736842,0.0,0.0,,,0.0,0.0,0.0,0.0,,,,,,,,,,inf,,inf,inf
MFSL,Success,0.014448500000071363,0.013926100000389852,0.0010859000003620167,0.05380609999974695,0.08389770000030694,2006-11-02 09:15:00,2025-06-26 09:15:00,4608 days 00:00:00,100000.0,96576.046633,-3.423953,768.800179,100.0,1685.243345,33.529712,2012 days 00:00:00,10.0,10.0,0.0,0.0,30.0,22.42569,-11.980675,20.889158,-8.240692,46 days 16:00:00,68 days 03:25:42,0.932644,-342.395337,0.04905,-0.008219,1.01957,0.073555
MGEL,Success,0.0056254000000990345,0.013539399999899615,0.000807399999757763,0.051935100000264356,0.072305900000174,2020-12-23 09:15:00,2025-06-26 09:15:00,1118 days 00:00:00,100000.0,131542.020061,31.54202,216.726941,100.0,231.573794,4.591837,14 days 00:00:00,1.0,1.0,0.0,0.0,100.0,31.573562,31.573562,31.573562,,19 days 00:00:00,,inf,31542.020061,0.869339,2.039123,3.520706,3.154402
MGL,Success,0.007515500000408792,0.013141299999915645,0.0009134000001722598,0.05555089999961638,0.07788410000011936,2016-07-01 09:15:00,2025-06-26 09:15:00,2225 days 00:00:00,100000.0,114941.584625,14.941585,178.128008,100.0,1636.734871,25.738524,1202 days 00:00:00,7.0,7.0,0.0,0.0,42.857143,18.578786,-7.613823,15.813806,-7.229555,47 days 00:00:00,20 days 00:00:00,1.422902,2134.512089,0.258535,0.089775,1.130488,0.397954
MHLXMIRU,Success,0.00495630000023084,0.013934099999460159,0.001135700000304496,0.05495210000026418,0.0753580000000511,2022-01-27 09:15:00,2025-06-26 09:15:00,847 days 00:00:00,100000.0,205631.370134,105.63137,308.920016,100.0,612.758628,12.17692,28 days 00:00:00,2.0,2.0,0.0,0.0,100.0,53.564017,33.986589,43.775303,,48 days 12:00:00,,inf,52815.685067,1.122854,2.991998,1.805191,2.866035
MHRIL,Success,0.014737600000444218,0.01405239999985497,0.001442799999495037,0.062307399999554036,0.09303809999983059,2009-07-16 09:15:00,2025-06-26 09:15:00,3945 days 00:00:00,100000.0,51780.919225,-48.219081,141.869033,100.0,1426.309276,62.692202,3775 days 00:00:00,10.0,9.0,1.0,390.524789,11.111111,15.798626,-13.219464,15.798626,-9.645112,13 days 00:00:00,44 days 15:00:00,0.205626,-5401.067285,-0.502937,-0.094232,0.792683,-0.675835
MICEL,Success,0.013077500000690634,0.014092700000219338,0.0012313999995967606,0.055085399999370566,0.08394049999969866,2007-05-30 09:15:00,2025-06-26 09:15:00,4219 days 00:00:00,100000.0,88322.029777,-11.67797,-80.090196,100.0,2320.801391,64.357134,2181 days 00:00:00,13.0,13.0,0.0,0.0,30.769231,41.583963,-19.555956,39.277946,-14.824525,23 days 12:00:00,25 days 18:40:00,0.910072,-898.305402,0.046834,-0.016604,1.023452,0.072809
MIDHANI,Success,0.008331200000611716,0.015669100000195613,0.0010062000001198612,0.0627502999996068,0.08845360000032088,2018-04-04 09:15:00,2025-06-26 09:15:00,1792 days 00:00:00,100000.0,82033.015122,-17.966985,382.454176,100.0,1236.527019,32.6849,903 days 00:00:00,6.0,6.0,0.0,0.0,16.666667,29.038894,-14.104252,29.038894,-8.614168,46 days 00:00:00,13 days 19:12:00,0.601263,-2994.49748,-0.224213,-0.120962,0.881191,-0.352685
MINDACORP,Success,0.015342699999564502,0.020578699999532546,0.0013816000000588247,0.06455039999946166,0.10229220000019268,2012-03-19 09:15:00,2025-06-26 09:15:00,2874 days 00:00:00,100000.0,47885.119468,-52.114881,6726.0,100.0,987.765433,58.744157,2564 days 00:00:00,7.0,7.0,0.0,0.0,0.0,-7.548285,-13.644683,,-9.974352,,33 days 06:51:25,0.0,-7444.982933,-0.449967,-0.15198,0.781865,-0.622766
MINDTECK,Success,0.010107699999934994,0.015150700000049255,0.0013495000002876623,0.05746759999965434,0.08456139999998413,2016-08-02 09:15:00,2025-06-26 09:15:00,2203 days 00:00:00,100000.0,53706.878761,-46.293121,220.985202,100.0,999.11739,49.522387,2136 days 00:00:00,7.0,7.0,0.0,0.0,14.285714,43.57947,-19.82878,43.57947,-15.076366,67 days 00:00:00,21 days 12:00:00,0.352391,-6613.303034,-0.413305,-0.197622,0.81965,-0.618258
MIRCELECTR,Success,0.016399699999965378,0.014136300000245683,0.0012984000004507834,0.05437949999941338,0.08659679999982473,1999-01-01 09:15:00,2025-06-26 09:15:00,6542 days 00:00:00,100000.0,108580.326397,8.580326,342.241379,100.0,4084.187747,73.745931,2352 days 00:00:00,18.0,18.0,0.0,0.0,27.777778,51.545369,-24.427166,42.761998,-12.054236,37 days 09:36:00,33 days 18:27:41,1.044748,476.6848,0.126651,0.006242,1.061521,0.202452
MIRZAINT,Success,0.015020899999399262,0.01224259999980859,0.0011750000003303285,0.05844560000059573,0.08728460000020277,2002-07-01 09:15:00,2025-06-26 09:15:00,5630 days 00:00:00,100000.0,80532.683053,-19.467317,2195.748388,100.0,2743.337458,67.319235,5337 days 00:00:00,15.0,15.0,0.0,0.0,26.666667,49.440036,-19.981591,40.270704,-13.230866,46 days 18:00:00,37 days 06:32:43,0.862122,-1297.82113,0.03807,-0.020705,1.017669,0.057203
MITCON,Success,0.007242900000164809,0.013983400000142865,0.0014700000001539593,0.05379910000010568,0.07703899999978603,2013-11-01 09:15:00,2025-06-26 09:15:00,1547 days 00:00:00,100000.0,96614.690192,-3.38531,91.585421,100.0,593.485003,20.420714,530 days 00:00:00,3.0,3.0,0.0,0.0,33.333333,34.364887,-15.332997,34.364887,-15.207617,32 days 00:00:00,2 days 00:00:00,0.895699,-1128.436603,0.020567,-0.03963,1.017217,0.026586
MITTAL,Success,0.008337399999618356,0.014400900000509864,0.0015462000001207343,0.05385290000049281,0.07857449999937671,2018-04-16 09:15:00,2025-06-26 09:15:00,1620 days 00:00:00,100000.0,93497.330746,-6.502669,45.275498,100.0,837.707185,24.282909,841 days 00:00:00,4.0,4.0,0.0,0.0,25.0,32.051632,-14.908179,32.051632,-10.808339,5 days 00:00:00,5 days 00:00:00,0.821609,-1625.667313,-0.113618,-0.061916,0.877061,-0.148972
MKPL,Success,0.004244000000653614,0.013729999999668507,0.0007832000001144479,0.05973859999994602,0.07896970000001602,2023-06-13 09:15:00,2025-06-26 09:15:00,507 days 00:00:00,100000.0,100000.0,0.0,-63.811899,0.0,0.0,,,0.0,0.0,0.0,0.0,,,,,,,,,,inf,,inf,inf
MMFL,Success,0.013108500000271306,0.013724999999794818,0.0010609000000840751,0.054724600000554346,0.08323959999961517,2006-12-20 09:15:00,2025-06-26 09:15:00,4540 days 00:00:00,100000.0,55033.36606,-44.966634,1564.123917,100.0,1452.047325,44.966634,3812 days 00:00:00,9.0,9.0,0.0,0.0,11.111111,31.311143,-14.878997,31.311143,-10.273441,40 days 00:00:00,25 days 06:00:00,0.344697,-4996.29266,-0.401776,-0.104257,0.782711,-0.545076
MMP,Success,0.006599800000003597,0.013711499999772059,0.0011135999993712176,0.05388119999952323,0.07568850000006933,2018-04-26 09:15:00,2025-06-26 09:15:00,1639 days 00:00:00,100000.0,195866.909851,95.86691,71.259755,100.0,1666.652232,16.188569,170 days 00:00:00,5.0,5.0,0.0,0.0,60.0,40.247005,-11.651026,33.450416,-8.933922,54 days 16:00:00,14 days 12:00:00,3.643149,19173.38197,0.881922,0.99761,1.478027,1.699182
MMTC,Success,0.013298099999701662,0.014080400000239024,0.0016181000000869972,0.05998810000073718,0.08940650000022288,2010-01-08 09:15:00,2025-06-26 09:15:00,3828 days 00:00:00,100000.0,145586.210274,45.58621,-93.946079,100.0,1633.820573,28.228994,977 days 00:00:00,7.0,7.0,0.0,0.0,42.857143,51.501724,-11.649737,32.340193,-10.613068,42 days 00:00:00,18 days 00:00:00,1.868917,6512.315753,0.332888,0.129166,1.269726,0.626462
MOBIKWIK,Success,0.003753399999368412,0.013644399999975576,0.0009587000004103174,0.05356099999971775,0.07238240000060614,2024-12-18 09:15:00,2025-06-26 09:15:00,130 days 00:00:00,100000.0,100000.0,0.0,-50.293561,0.0,0.0,,,0.0,0.0,0.0,0.0,,,,,,,,,,inf,,inf,inf
MODIRUBBER,Success,0.008068199999797798,0.015580899999804387,0.0012744999994538375,0.059710099999392696,0.08503550000023097,2018-06-20 09:15:00,2025-06-26 09:15:00,1604 days 00:00:00,100000.0,128579.490731,28.579491,53.346335,100.0,228.608299,23.236126,31 days 00:00:00,1.0,1.0,0.0,0.0,100.0,28.60807,28.60807,28.60807,,76 days 00:00:00,,inf,28579.490731,0.509733,0.253356,1.376916,0.867129
MODISONLTD,Success,0.006464900000537455,0.017289899999923364,0.0009003000004668138,0.05970590000015363,0.08518830000048183,2021-05-03 09:15:00,2025-06-26 09:15:00,1032 days 00:00:00,100000.0,85841.655509,-14.158344,179.13806,100.0,185.827683,14.158344,960 days 00:00:00,1.0,1.0,0.0,0.0,0.0,-14.172503,-14.172503,,-14.172503,,5 days 00:00:00,0.0,-14158.344491,-1.168715,-0.371253,0.017481,-1.16781
MODTHREAD,Success,0.005007699999623583,0.019142400000419002,0.0009753999993336038,0.05566450000060286,0.08124729999963165,2024-02-14 09:15:00,2025-06-26 09:15:00,328 days 00:00:00,100000.0,117492.47834,17.492478,112.238095,100.0,217.510188,0.1997,1 days 00:00:00,1.0,1.0,0.0,0.0,100.0,17.509971,17.509971,17.509971,,7 days 00:00:00,,inf,17492.47834,2.243056,98.390279,83.188558,86.700354
MOHITIND,Success,0.013969599999654747,0.014173900000059803,0.0009959999997590785,0.05495200000041223,0.0846744000000399,2013-03-14 09:15:00,2025-06-26 09:15:00,2916 days 00:00:00,100000.0,149675.622103,49.675622,2.86233,100.0,2617.32243,43.913205,1343 days 00:00:00,10.0,10.0,0.0,0.0,40.0,51.411459,-19.934472,42.759055,-15.57336,58 days 00:00:00,4 days 20:00:00,1.376132,4967.56221,0.324518,0.117909,1.182822,0.561114
MOIL,Success,0.012097700000595069,0.01357579999967129,0.001019100000121398,0.05334060000041063,0.08040429999982734,2010-12-15 09:15:00,2025-06-26 09:15:00,3593 days 00:00:00,100000.0,48596.475893,-51.403524,66.519733,100.0,1161.000165,56.173884,3282 days 00:00:00,8.0,8.0,0.0,0.0,0.0,-5.688317,-12.613316,,-8.609163,,20 days 06:00:00,0.0,-6425.440513,-0.794766,-0.125831,0.551085,-0.925142
MOKSH,Success,0.00820910000038566,0.01814399999966554,0.0010972999998557498,0.057152500000484,0.08499209999990853,2018-01-03 09:15:00,2025-06-26 09:15:00,1507 days 00:00:00,100000.0,138682.047532,38.682048,89.007608,100.0,730.485105,31.044524,848 days 00:00:00,3.0,3.0,0.0,0.0,66.666667,40.929431,-25.503251,36.524056,-25.503251,63 days 12:00:00,1 days 00:00:00,2.077637,12894.015844,0.542536,0.265505,1.439904,0.799344
MOL,Success,0.004498299999795563,0.013247299999420648,0.0008376999994652579,0.05367039999964618,0.07263750000038272,2021-08-18 09:15:00,2025-06-26 09:15:00,957 days 00:00:00,100000.0,179296.568216,79.296568,8.212885,100.0,536.480863,18.136438,73 days 00:00:00,2.0,2.0,0.0,0.0,100.0,39.513185,28.580783,34.046984,,76 days 00:00:00,,inf,39648.284108,1.267191,1.375305,1.550389,2.292977
MOLDTECH,Success,0.007942000000184635,0.013912699999309552,0.001223599999320868,0.05274620000000141,0.07624750000013591,2016-07-07 09:15:00,2025-06-26 09:15:00,2222 days 00:00:00,100000.0,67768.536984,-32.231463,174.018086,100.0,499.032351,32.231463,1835 days 00:00:00,3.0,3.0,0.0,0.0,0.0,-11.087701,-13.094573,,-12.171574,,11 days 00:00:00,0.0,-10743.821005,-1.241267,-0.192086,0.205113,-1.31183
MOLDTKPAC,Success,0.009248100000149861,0.014153199999782373,0.0010358999998061336,0.053763599999911094,0.0785885999994207,2015-02-23 09:15:00,2025-06-26 09:15:00,2561 days 00:00:00,100000.0,76965.011646,-23.034988,467.456227,100.0,1377.149631,35.105458,2330 days 00:00:00,8.0,8.0,0.0,0.0,25.0,20.434534,-13.158275,19.858611,-9.869684,19 days 00:00:00,34 days 20:00:00,0.572506,-2879.373544,-0.252929,-0.104336,0.882367,-0.382237
MONARCH,Success,0.004415000000335567,0.012993700000151875,0.0009065999993254081,0.052536500000314845,0.07125040000028093,2022-01-06 09:15:00,2025-06-26 09:15:00,861 days 00:00:00,100000.0,88545.781038,-11.454219,315.360203,100.0,720.068687,30.812279,575 days 00:00:00,4.0,4.0,0.0,0.0,25.0,27.83572,-13.350999,27.83572,-11.510562,29 days 00:00:00,32 days 08:00:00,0.656205,-2863.55474,-0.094572,-0.163128,0.967221,-0.129564
MONTECARLO,Success,0.0076911999994990765,0.01311230000010255,0.0009303000006184448,0.05606510000052367,0.07824739999978192,2014-12-19 09:15:00,2025-06-26 09:15:00,2604 days 00:00:00,100000.0,105478.718777,5.478719,7.729598,100.0,1490.167812,22.992023,926 days 00:00:00,7.0,6.0,1.0,3939.398935,33.333333,28.445939,-12.891717,27.355644,-11.03403,31 days 00:00:00,14 days 12:00:00,1.028356,256.553307,0.127746,0.03264,1.083455,0.187632
MOREPENLAB,Success,0.019436300000052142,0.013898299999709707,0.0013202000000092085,0.05022579999968002,0.08532029999969382,1995-05-15 09:15:00,2025-06-26 09:15:00,7450 days 00:00:00,100000.0,45292.372127,-54.707628,205.747674,100.0,2268.774742,67.617048,6246 days 00:00:00,15.0,15.0,0.0,0.0,20.0,57.736491,-18.961626,40.061779,-13.762358,24 days 00:00:00,23 days 22:00:00,0.587325,-3647.175192,-0.160606,-0.056289,0.901753,-0.240466
MOSCHIP,Success,0.0035926000000472413,0.015268799999830662,0.0008109999998850981,0.05748299999959272,0.07758270000067569,2025-02-05 09:15:00,2025-06-26 09:15:00,95 days 00:00:00,100000.0,100000.0,0.0,-8.709872,0.0,0.0,,,0.0,0.0,0.0,0.0,,,,,,,,,,inf,,inf,inf
MOTHERSON,Success,0.01967659999991156,0.0174351999994542,0.0013340999994397862,0.3115120000002207,0.3503692000003866,1999-01-01 09:15:00,2025-06-26 09:15:00,6333 days 00:00:00,100000.0,352348.896367,252.348896,170668.944718,100.0,7720.984261,37.157462,920 days 00:00:00,23.0,23.0,0.0,0.0,43.478261,37.88774,-15.367381,28.326877,-8.942808,50 days 14:24:00,19 days 22:09:13,2.419512,10971.691146,0.490093,0.202617,1.239902,0.755132
MOTILALOFS,Success,0.01366539999980887,0.012601200000062818,0.001456299999517796,0.05774400000063906,0.08586779999950522,2007-09-11 09:15:00,2025-06-26 09:15:00,4396 days 00:00:00,100000.0,183668.88759,83.668888,1658.407161,100.0,4607.246419,34.731697,1326 days 00:00:00,11.0,11.0,0.0,0.0,36.363636,58.678117,-13.007309,37.8528,-8.962122,123 days 06:00:00,13 days 03:25:42,1.585644,7606.262508,0.369004,0.149072,1.168624,0.609742
MOTISONS,Success,0.004113800000595802,0.013398300000517338,0.0007697000000916887,0.05308340000010503,0.0717493000001923,2023-12-26 09:15:00,2025-06-26 09:15:00,374 days 00:00:00,100000.0,100000.0,0.0,92.950266,0.0,0.0,,,0.0,0.0,0.0,0.0,,,,,,,,,,inf,,inf,inf
MOTOGENFIN,Success,0.014514999999846623,0.016776699999354605,0.0013655000002472661,0.0584856999994372,0.09157830000003742,1999-01-04 09:15:00,2025-06-26 09:15:00,4520 days 00:00:00,100000.0,336582.789229,236.582789,212.235294,100.0,4269.621683,37.504313,3372 days 00:00:00,6.0,6.0,0.0,0.0,50.0,205.687804,-18.130769,88.056662,-12.632334,27 days 16:00:00,29 days 08:00:00,2.440944,39430.464872,0.322624,0.274556,1.991267,2.089843
MPHASIS,Success,0.015539799999714887,0.013917299999775423,0.0011878000004799105,0.05531740000060381,0.08639380000022356,2006-12-26 09:15:00,2025-06-26 09:15:00,4572 days 00:00:00,100000.0,67305.613415,-32.694387,869.890951,100.0,1401.76474,33.208821,4140 days 00:00:00,9.0,9.0,0.0,0.0,11.111111,21.50102,-11.302478,21.50102,-7.106458,17 days 00:00:00,18 days 18:00:00,0.304978,-3632.709621,-0.363187,-0.093692,0.762034,-0.481386
MPSLTD,Success,0.012716899999759335,0.013647700000547047,0.0010765999995783204,0.056100799999512674,0.08395300000029238,2009-09-11 09:15:00,2025-06-26 09:15:00,3897 days 00:00:00,100000.0,347167.875095,247.167875,3600.206186,100.0,5746.688063,48.024928,2007 days 00:00:00,14.0,14.0,0.0,0.0,50.0,54.504272,-14.566504,34.840256,-11.184117,62 days 03:25:42,67 days 17:08:34,2.441262,17654.848221,0.572929,0.257453,1.206546,0.963138
MRF,Success,0.01721499999985099,0.01440550000006624,0.0017445000003135647,0.058273499999813794,0.09203319999960513,1999-01-04 09:15:00,2025-06-26 09:15:00,6541 days 00:00:00,100000.0,164636.481445,64.636481,9432.77592,100.0,6942.79859,34.818164,2554 days 00:00:00,19.0,19.0,0.0,0.0,31.578947,37.260075,-10.287061,25.762974,-6.464648,67 days 04:00:00,23 days 20:18:27,1.398839,3401.920076,0.307956,0.081026,1.144223,0.501525
MRPL,Success,0.020995799999582232,0.013986300000397023,0.0013405999998212792,0.052171399999679124,0.08894030000010389,1994-11-03 09:15:00,2025-06-26 09:15:00,7566 days 00:00:00,100000.0,158368.640656,58.368641,117.969466,100.0,7108.44573,68.088615,4884 days 00:00:00,14.0,13.0,1.0,9541.903167,30.769231,67.164668,-16.740686,45.438594,-11.220464,73 days 00:00:00,65 days 18:39:59,1.169704,3755.902884,0.208591,0.032939,1.102135,0.344389
MSPL,Success,0.015098699999725795,0.01395090000005439,0.0023238000003402703,0.0825555000001259,0.1143792000002577,2005-07-18 09:15:00,2025-06-26 09:15:00,4865 days 00:00:00,100000.0,115569.277177,15.569277,79.542484,100.0,1304.80779,34.963193,2057 days 00:00:00,7.0,7.0,0.0,0.0,28.571429,55.717086,-14.240976,49.607929,-12.338917,50 days 00:00:00,10 days 04:47:59,1.259742,2224.182454,0.146308,0.03122,1.114306,0.242185
MSTCLTD,Success,0.007289200000741403,0.014815999999882479,0.0009304000004703994,0.053195899999991525,0.07668620000004012,2019-03-29 09:15:00,2025-06-26 09:15:00,1547 days 00:00:00,100000.0,88066.525733,-11.933474,354.36595,100.0,793.433377,29.018713,602 days 00:00:00,4.0,4.0,0.0,0.0,25.0,34.560526,-14.554038,34.560526,-13.170377,90 days 00:00:00,47 days 00:00:00,0.712027,-2983.368567,-0.040536,-0.101789,0.984667,-0.057332
MSUMI,Success,0.00451710000015737,0.017698599999675935,0.0008650999998280895,0.0596177000006719,0.08310220000021218,2022-03-28 09:15:00,2025-06-26 09:15:00,807 days 00:00:00,100000.0,93447.42755,-6.552572,35.86454,100.0,193.441068,6.552572,221 days 00:00:00,1.0,1.0,0.0,0.0,0.0,-6.559125,-6.559125,,-6.559125,,5 days 00:00:00,0.0,-6552.57245,-1.128043,-0.460695,0.116326,-1.142616
MTARTECH,Success,0.006694000000607048,0.020805799999834562,0.0009461999998165993,0.05797759999950358,0.08688030000030267,2021-03-15 09:15:00,2025-06-26 09:15:00,1063 days 00:00:00,100000.0,107373.598739,7.373599,49.330254,100.0,711.793963,24.63107,842 days 00:00:00,3.0,3.0,0.0,0.0,33.333333,33.161779,-10.565129,33.161779,-10.201879,41 days 00:00:00,6 days 12:00:00,1.286297,2457.866246,0.264486,0.100399,1.178245,0.418297
MTEDUCARE,Success,0.011967500000537257,0.013940800000455056,0.0015106000000741915,0.057127300000502146,0.08514660000037111,2012-04-26 09:15:00,2025-06-26 09:15:00,3167 days 00:00:00,100000.0,81447.839195,-18.552161,-98.067151,100.0,810.940765,47.762643,2169 days 00:00:00,4.0,4.0,0.0,0.0,25.0,24.768684,-17.753694,24.768684,-13.138592,19 days 00:00:00,57 days 08:00:00,0.571505,-4638.040201,-0.118799,-0.048935,0.934409,-0.180738
MTNL,Success,0.01740479999989475,0.013664500000231783,0.0011979999999311985,0.05668950000017503,0.08934040000076493,1999-01-01 09:15:00,2025-06-26 09:15:00,6543 days 00:00:00,100000.0,146901.580018,46.90158,-70.992365,100.0,2131.128949,40.045355,3246 days 00:00:00,9.0,9.0,0.0,0.0,44.444444,42.439581,-15.746038,31.194916,-12.920088,22 days 00:00:00,30 days 14:24:00,1.565816,5211.286669,0.223614,0.054154,1.180641,0.378065
MUFIN,Success,0.0041635999996287865,0.014091300000472984,0.001141299999289913,0.052726500000062515,0.07285779999983788,2023-11-06 09:15:00,2025-06-26 09:15:00,408 days 00:00:00,100000.0,82282.294049,-17.717706,-45.695167,100.0,182.264759,17.717706,321 days 00:00:00,1.0,1.0,0.0,0.0,0.0,-17.735424,-17.735424,,-17.735424,,4 days 00:00:00,0.0,-17717.705951,-1.90855,-0.903563,0.0,-1.901406
MUFTI,Success,0.0043771999999080435,0.015305400000215741,0.0013869000003978726,0.05353700000068784,0.07508159999997588,2023-12-27 09:15:00,2025-06-26 09:15:00,373 days 00:00:00,100000.0,89332.958748,-10.667041,-47.469572,100.0,189.322481,13.69192,175 days 00:00:00,1.0,1.0,0.0,0.0,0.0,-10.677708,-10.677708,,-10.677708,,9 days 00:00:00,0.0,-10667.041252,-1.257148,-0.763272,0.289199,-1.311932
MUKANDLTD,Success,0.014917999999852327,0.014733500000147615,0.0011193000000275788,0.05869230000007519,0.0898655000000872,2004-02-23 09:15:00,2025-06-26 09:15:00,5204 days 00:00:00,100000.0,34918.579254,-65.081421,731.87324,100.0,664.55318,65.081421,5133 days 00:00:00,6.0,6.0,0.0,0.0,0.0,-9.711888,-30.733381,,-15.782102,,25 days 00:00:00,0.0,-10846.903458,-0.675206,-0.109308,0.533369,-0.800162
MUKKA,Success,0.004012699999293545,0.014204000000063388,0.0007593999998789513,0.05527029999939259,0.07461980000061885,2024-03-07 09:15:00,2025-06-26 09:15:00,322 days 00:00:00,100000.0,100000.0,0.0,-28.804734,0.0,0.0,,,0.0,0.0,0.0,0.0,,,,,,,,,,inf,,inf,inf
MUKTAARTS,Success,0.015732100000604987,0.014320199999929173,0.0016093000003820634,0.05640490000041609,0.08847049999985757,2000-09-13 09:15:00,2025-06-26 09:15:00,5612 days 00:00:00,100000.0,88981.980358,-11.01802,-59.012466,100.0,2289.957833,53.398635,3710 days 00:00:00,10.0,10.0,0.0,0.0,30.0,40.232295,-16.478316,34.95972,-13.467182,69 days 08:00:00,48 days 17:08:34,0.904193,-1101.801964,0.066154,-0.014165,1.031705,0.10228
MUNJALAU,Success,0.012820400000236987,0.014727699999639299,0.0011279999998805579,0.05934539999998378,0.08863740000015241,2006-07-19 09:15:00,2025-06-26 09:15:00,4659 days 00:00:00,100000.0,85973.020654,-14.026979,469.432651,100.0,3349.963686,47.302796,3235 days 00:00:00,15.0,14.0,1.0,-2554.245752,28.571429,32.554231,-17.530091,29.647818,-10.900027,37 days 18:00:00,36 days 12:00:00,0.914857,-819.480971,0.006342,-0.024884,1.002935,0.009582
MUNJALSHOW,Success,0.019889799999873503,0.01907310000024154,0.0013558000000557513,0.06520579999960319,0.10598230000050535,1999-01-01 09:15:00,2025-06-26 09:15:00,6404 days 00:00:00,100000.0,152465.612975,52.465613,365.104542,100.0,3417.160524,29.700374,2406 days 00:00:00,14.0,13.0,1.0,2986.673685,38.461538,35.199954,-11.752282,27.074656,-9.403076,36 days 00:00:00,15 days 06:00:00,1.501422,3806.072253,0.259558,0.081919,1.206986,0.394431
MURUDCERA,Success,0.019484500000544358,0.017271799999434734,0.001355399999738438,0.06271060000017314,0.1014592999999877,1995-03-08 09:15:00,2025-06-26 09:15:00,5678 days 00:00:00,100000.0,52844.655441,-47.155345,-50.926561,100.0,1528.286842,54.425051,5301 days 00:00:00,11.0,11.0,0.0,0.0,18.181818,47.564668,-19.166139,43.54462,-13.978805,109 days 00:00:00,21 days 02:40:00,0.507994,-4286.849505,-0.141634,-0.073811,0.925944,-0.216872
MUTHOOTCAP,Success,0.009977100000469363,0.01890240000011545,0.001566599999932805,0.06737690000045404,0.09825180000007094,2015-08-24 09:15:00,2025-06-26 09:15:00,2435 days 00:00:00,100000.0,65615.579302,-34.384421,138.321333,100.0,1337.519568,47.904145,1585 days 00:00:00,7.0,7.0,0.0,0.0,14.285714,25.977583,-11.691506,25.977583,-10.304137,7 days 00:00:00,28 days 20:00:00,0.430118,-4912.0601,-0.542996,-0.12777,0.734572,-0.735883
MUTHOOTFIN,Success,0.014706599999954051,0.016046199999436794,0.0010283999999955995,0.05479930000001332,0.0869700000002922,2011-05-06 09:15:00,2025-06-26 09:15:00,3497 days 00:00:00,100000.0,72382.594594,-27.617405,1368.561766,100.0,2981.429828,47.091176,1525 days 00:00:00,17.0,17.0,0.0,0.0,17.647059,41.360222,-12.447347,29.597828,-7.47884,57 days 16:00:00,27 days 20:34:17,0.715015,-1624.553259,-0.09372,-0.070442,0.964491,-0.144637
MUTHOOTMF,Success,0.003856199999972887,0.013305100000252423,0.0009279000005335547,0.049503899999763235,0.06778630000007979,2023-12-26 09:15:00,2025-06-26 09:15:00,374 days 00:00:00,100000.0,100000.0,0.0,-47.116286,0.0,0.0,,,0.0,0.0,0.0,0.0,,,,,,,,,,inf,,inf,inf
MVGJL,Success,0.002266100000269944,0.009561200000462122,0.0013822999999320018,0.05406149999998888,0.06787609999992128,2023-10-03 09:15:00,2025-06-26 09:15:00,431 days 00:00:00,100000.0,74658.051537,-25.341948,11.897912,100.0,349.563146,27.867991,343 days 00:00:00,2.0,2.0,0.0,0.0,0.0,-12.547492,-14.657054,,-13.602273,,10 days 00:00:00,0.0,-12670.974232,-1.427817,-0.78674,0.307841,-1.509206
NACLIND,Success,0.008244199999353441,0.013898999999582884,0.0008822999998301384,0.05592329999944923,0.07934130000012374,2017-04-07 09:15:00,2025-06-26 09:15:00,2037 days 00:00:00,100000.0,111038.189962,11.03819,533.856,100.0,1476.184842,60.251609,1848 days 00:00:00,7.0,7.0,0.0,0.0,28.571429,45.303641,-12.625357,43.15013,-11.528067,26 days 00:00:00,49 days 14:24:00,1.171098,1576.88428,0.198063,0.031432,1.0802,0.332421
NAGAFERT,Success,0.008651099999951839,0.014405099999748927,0.0014378999994733022,0.05390050000005431,0.07878640000035375,2016-06-15 09:15:00,2025-06-26 09:15:00,2221 days 00:00:00,100000.0,71095.154449,-28.904846,-70.597826,100.0,1005.171561,47.850428,1810 days 00:00:00,5.0,5.0,0.0,0.0,20.0,33.629784,-17.02981,33.629784,-14.565074,30 days 00:00:00,9 days 12:00:00,0.53753,-5780.96911,-0.472492,-0.113943,0.691748,-0.650626
NAGREEKCAP,Success,0.012906300000395277,0.015356900000369933,0.001271199999791861,0.05543089999991935,0.08534559999952762,2007-09-18 09:15:00,2025-06-26 09:15:00,3565 days 00:00:00,100000.0,55593.687685,-44.406312,-77.219298,100.0,1198.077903,54.6472,2213 days 00:00:00,7.0,7.0,0.0,0.0,14.285714,34.991554,-18.561369,34.991554,-13.704679,45 days 00:00:00,13 days 12:00:00,0.408193,-6343.758902,-0.376232,-0.106756,0.767284,-0.518162
NAGREEKEXP,Success,0.013147599999683734,0.014835299999504059,0.001118799999858311,0.05643380000037723,0.08591950000027282,2007-06-18 09:15:00,2025-06-26 09:15:00,4150 days 00:00:00,100000.0,24657.950994,-75.342049,-10.135749,100.0,887.107305,75.342049,3650 days 00:00:00,8.0,8.0,0.0,0.0,0.0,-9.543001,-22.547061,,-15.965135,,19 days 09:00:00,0.0,-9417.756126,-0.915192,-0.153777,0.528342,-1.102474
NAHARCAP,Success,0.014057500000490109,0.014243100000385311,0.0010723999994297628,0.05207059999975172,0.08185630000025412,2008-03-11 09:15:00,2025-06-26 09:15:00,4171 days 00:00:00,100000.0,241235.722614,141.235723,118.088624,100.0,4458.464685,32.18356,2470 days 00:00:00,12.0,12.0,0.0,0.0,50.0,47.373838,-12.893157,30.657482,-11.073599,31 days 08:00:00,12 days 00:00:00,2.035103,11769.643551,0.549275,0.248909,1.439159,1.087367
NAHARINDUS,Success,0.01353319999998348,0.01909780000005412,0.0019669000002977555,0.06457980000050156,0.10000229999968724,2005-12-15 09:15:00,2025-06-26 09:15:00,4761 days 00:00:00,100000.0,339948.262839,239.948263,0.672897,100.0,2809.496063,31.197316,1553 days 00:00:00,9.0,9.0,0.0,0.0,55.555556,55.510713,-13.417385,39.889904,-10.286455,62 days 09:36:00,28 days 12:00:00,5.182033,26660.918093,0.652142,0.31525,1.362411,1.104273
NAHARPOLY,Success,0.016627200000584708,0.01971849999972619,0.0018198999996457133,0.06863909999992757,0.10725839999940945,2011-06-16 09:15:00,2025-06-26 09:15:00,3353 days 00:00:00,100000.0,251427.375714,151.427376,1095.27027,100.0,3156.313634,54.568378,2341 days 00:00:00,9.0,9.0,0.0,0.0,55.555556,54.648951,-20.003265,40.742772,-17.646602,31 days 00:00:00,29 days 18:00:00,2.104207,16825.263968,0.545614,0.193472,1.328549,0.941157
NAHARSPING,Success,0.02252020000014454,0.017868999999336665,0.0024745000000621076,0.06725120000010065,0.11056079999980284,1994-11-21 09:15:00,2025-06-26 09:15:00,7460 days 00:00:00,100000.0,120292.176726,20.292177,-48.025039,100.0,2994.149185,49.986577,2345 days 00:00:00,15.0,15.0,0.0,0.0,40.0,34.170872,-20.28949,29.357735,-13.899258,27 days 00:00:00,43 days 08:00:00,1.150247,1352.811782,0.13688,0.018166,1.078785,0.204918
NAM_INDIA,Success,0.009329200000138371,0.01908499999990454,0.0012968999999429798,0.05636219999996683,0.08654220000062196,2017-11-06 09:15:00,2025-06-26 09:15:00,1893 days 00:00:00,100000.0,139417.364531,39.417365,179.658941,100.0,1059.904184,30.726,597 days 00:00:00,4.0,4.0,0.0,0.0,50.0,32.41165,-10.864569,30.604236,-9.563584,21 days 12:00:00,86 days 00:00:00,2.41274,9854.341133,0.451954,0.215356,1.207708,0.761062
NARMADA,Success,0.00488850000056118,0.015609000000040396,0.0008453999998891959,0.054267600000457605,0.0759925000002113,2022-10-27 09:15:00,2025-06-26 09:15:00,662 days 00:00:00,100000.0,86758.770569,-13.241229,-2.351074,100.0,186.745716,13.241229,193 days 00:00:00,1.0,1.0,0.0,0.0,0.0,-13.254471,-13.254471,,-13.254471,,9 days 00:00:00,0.0,-13241.229431,-1.376626,-0.568877,0.095783,-1.401286
NATCAPSUQ,Success,0.0038328000000547036,0.014598900000237336,0.0012599000001500826,0.055071000000680215,0.07513500000004569,2025-02-14 09:15:00,2025-06-26 09:15:00,88 days 00:00:00,100000.0,100000.0,0.0,-12.294129,0.0,0.0,,,0.0,0.0,0.0,0.0,,,,,,,,,,inf,,inf,inf
NATCOPHARM,Success,0.016952500000115833,0.014427499999328575,0.001392899999700603,0.0576799000000392,0.09083689999988565,1999-01-01 09:15:00,2025-06-26 09:15:00,6414 days 00:00:00,100000.0,152977.409396,52.977409,24508.755672,100.0,4027.239595,71.339055,3836 days 00:00:00,22.0,22.0,0.0,0.0,36.363636,67.646663,-22.477622,33.112503,-11.920922,69 days 09:00:00,21 days 20:34:17,1.377766,2408.064063,0.219206,0.034325,1.097127,0.333794
NATHBIOGEN,Success,0.012578599999869766,0.013723699999900418,0.0009371999994982616,0.055301999999755935,0.08294650000061665,2014-01-28 09:15:00,2025-06-26 09:15:00,2819 days 00:00:00,100000.0,203297.683687,103.297684,896.333333,100.0,2445.396661,23.918781,1685 days 00:00:00,6.0,6.0,0.0,0.0,50.0,43.128488,-9.575001,38.911034,-8.710993,57 days 00:00:00,21 days 16:00:00,2.616205,17216.280614,0.617068,0.402266,1.403733,1.2867
NATIONALUM,Success,0.01603149999937159,0.014834100000371109,0.001761100000294391,0.055017399999996996,0.08802569999988918,1999-04-28 09:15:00,2025-06-26 09:15:00,6466 days 00:00:00,100000.0,256551.25771,156.551258,2805.666028,100.0,6262.670106,48.503201,4037 days 00:00:00,20.0,20.0,0.0,0.0,45.0,40.121386,-22.654213,27.794518,-10.600887,71 days 18:39:59,11 days 15:16:21,1.80864,7827.562885,0.400888,0.112619,1.180901,0.621993
NAUKRI,Success,0.014261099999202997,0.014297599999736121,0.0010684999997465638,0.05682819999947242,0.08686219999981404,2006-11-21 09:15:00,2025-06-26 09:15:00,4595 days 00:00:00,100000.0,245019.939386,145.019939,5018.217958,100.0,7001.135468,41.205708,2075 days 00:00:00,19.0,19.0,0.0,0.0,42.105263,48.69345,-14.86885,28.100283,-9.184122,60 days 18:00:00,19 days 17:27:16,1.746688,7632.628389,0.488702,0.179056,1.195874,0.798761
NAVA,Success,0.013920699999289354,0.014811899999585876,0.001386899999488378,0.05718550000074174,0.08770619999995688,2006-07-31 09:15:00,2025-06-26 09:15:00,4671 days 00:00:00,100000.0,178929.261976,78.929262,2390.899448,100.0,1913.634284,53.635207,3876 days 00:00:00,11.0,11.0,0.0,0.0,36.363636,44.681168,-11.387394,35.559067,-8.593342,93 days 00:00:00,14 days 13:42:51,2.688997,7175.387452,0.332799,0.086723,1.172816,0.57011
NAVINFLUOR,Success,0.012783600000147999,0.013631700000587443,0.0012296000004425878,0.05792639999981475,0.0863800999995874,2007-06-01 09:15:00,2025-06-26 09:15:00,4466 days 00:00:00,100000.0,1005547.140523,905.547141,7065.035398,100.0,16585.487335,39.68076,944 days 00:00:00,16.0,16.0,0.0,0.0,68.75,74.651562,-8.47752,28.274932,-6.853574,48 days 17:27:16,41 days 14:24:00,4.429795,56596.696283,1.063873,0.523188,1.519741,2.029484
NAVKARCORP,Success,0.009141700000327546,0.020403299999998126,0.0010351000000810018,0.05732129999978497,0.08836449999944307,2015-09-09 09:15:00,2025-06-26 09:15:00,2423 days 00:00:00,100000.0,52054.287477,-47.945713,-33.646919,100.0,885.692302,49.369099,2328 days 00:00:00,6.0,6.0,0.0,0.0,0.0,-7.925474,-12.277103,,-10.310583,,20 days 08:00:00,0.0,-7990.952087,-0.830953,-0.189731,0.583133,-1.033637
NAVKARURB,Success,0.003969399999732559,0.015070200000081968,0.0009282999999413732,0.0599781000000803,0.08038889999988896,2025-01-17 09:15:00,2025-06-26 09:15:00,109 days 00:00:00,100000.0,100000.0,0.0,-43.643512,0.0,0.0,,,0.0,0.0,0.0,0.0,,,,,,,,,,inf,,inf,inf
NAVNETEDUL,Success,0.017473799999606854,0.017400699999598146,0.0014384999994945247,0.06301880000046367,0.09977519999938522,2006-11-02 09:15:00,2025-06-26 09:15:00,4608 days 00:00:00,100000.0,118457.771943,18.457772,500.42338,100.0,2925.271888,32.296395,1326 days 00:00:00,12.0,12.0,0.0,0.0,41.666667,29.452049,-26.153837,22.681029,-11.154872,61 days 00:00:00,44 days 20:34:17,1.188905,1538.147662,0.163516,0.041824,1.077468,0.261281
NAZARA,Success,0.006406299999980547,0.017873700000563986,0.00108639999962179,0.051515699999981734,0.07726940000065952,2021-03-30 09:15:00,2025-06-26 09:15:00,1053 days 00:00:00,100000.0,86388.778977,-13.611221,65.816583,100.0,759.891309,32.113272,469 days 00:00:00,4.0,4.0,0.0,0.0,25.0,20.803527,-13.425267,20.803527,-10.556211,24 days 00:00:00,53 days 16:00:00,0.569355,-3402.805256,-0.182344,-0.153991,0.942188,-0.271831
NBCC,Success,0.0122668000003614,0.014400799999748415,0.0020200999997541658,0.05404439999983879,0.08311500000036176,2012-04-26 09:15:00,2025-06-26 09:15:00,3256 days 00:00:00,100000.0,83915.508382,-16.084492,2743.427308,100.0,1155.376538,32.35715,2452 days 00:00:00,7.0,7.0,0.0,0.0,28.571429,26.055954,-14.321316,22.371916,-10.891815,46 days 00:00:00,37 days 04:48:00,0.666112,-2297.784517,-0.133354,-0.06016,0.937235,-0.176866
NBIFIN,Success,0.007663999999749649,0.014311599999928148,0.0009410000002390007,0.05719959999987623,0.08049839999966935,2016-12-07 09:15:00,2025-06-26 09:15:00,2097 days 00:00:00,100000.0,101260.830873,1.260831,2108.148148,100.0,708.048501,28.379314,1712 days 00:00:00,4.0,4.0,0.0,0.0,25.0,30.487181,-8.815919,30.487181,-8.103849,18 days 00:00:00,9 days 08:00:00,1.056338,315.207718,0.071639,0.007693,1.060033,0.105736
NCC,Success,0.01915869999993447,0.014086500000303204,0.001504699999713921,0.23846030000004248,0.2735990999999558,1995-08-24 09:15:00,2025-06-26 09:15:00,7386 days 00:00:00,100000.0,248345.062664,148.345063,2216.742898,100.0,5590.589072,64.500793,5401 days 00:00:00,23.0,22.0,1.0,11321.898402,40.909091,53.060088,-24.256105,35.289832,-13.021464,43 days 05:20:00,39 days 20:18:27,1.625348,6228.325648,0.31123,0.071284,1.139723,0.50156
NCLIND,Success,0.014343300000291492,0.015576599999803875,0.0011764999999286374,0.057911500000045635,0.08943720000024769,2007-04-03 09:15:00,2025-06-26 09:15:00,4505 days 00:00:00,100000.0,103864.64674,3.864647,524.80108,100.0,1904.669824,42.67294,2853 days 00:00:00,10.0,10.0,0.0,0.0,30.0,34.016621,-13.180336,29.440451,-9.955182,39 days 08:00:00,29 days 10:17:08,1.056188,386.464674,0.091761,0.00721,1.052898,0.126696
NDGL,Success,0.007935199999337783,0.014977799999542185,0.0009190000000671716,0.0501005999994959,0.07436460000008083,2016-08-30 09:15:00,2025-06-26 09:15:00,2150 days 00:00:00,100000.0,75911.478502,-24.088521,450.587312,100.0,352.299585,25.078118,1930 days 00:00:00,2.0,2.0,0.0,0.0,0.0,-11.805873,-13.95228,,-12.879076,,31 days 12:00:00,0.0,-12044.260749,-0.621194,-0.182273,0.620327,-0.801891
NDL,Success,0.011491599999317259,0.017962400000214984,0.0019033000007766532,0.06417690000034781,0.09606029999940802,2013-11-21 09:15:00,2025-06-26 09:15:00,2867 days 00:00:00,100000.0,244998.910856,144.998911,303.558717,100.0,2253.778544,34.933097,2036 days 00:00:00,8.0,8.0,0.0,0.0,62.5,41.384762,-20.785852,32.343955,-15.235914,27 days 19:12:00,19 days 08:00:00,3.408882,18124.863857,0.745559,0.345927,1.552559,1.347297
NDLVENTURE,Success,0.018981500000336382,0.018723799999861512,0.0020600999996531755,0.06345510000028298,0.10363589999997203,2007-11-29 09:15:00,2025-06-26 09:15:00,4339 days 00:00:00,100000.0,92384.525327,-7.615475,-13.678029,100.0,1324.113325,40.809587,3826 days 00:00:00,7.0,7.0,0.0,0.0,28.571429,29.122744,-14.191666,23.533441,-9.46481,82 days 00:00:00,46 days 00:00:00,0.838633,-1087.924953,0.012943,-0.016273,1.006154,0.020066
NDRAUTO,Success,0.007092099999681523,0.01786450000054174,0.0009589999999661813,0.06870729999991454,0.0950686999995014,2020-07-30 09:15:00,2025-06-26 09:15:00,1215 days 00:00:00,100000.0,112089.207007,12.089207,3250.822511,100.0,761.747558,28.642444,342 days 00:00:00,3.0,3.0,0.0,0.0,33.333333,41.514931,-15.959099,41.514931,-10.853689,95 days 00:00:00,11 days 00:00:00,1.411418,4029.735669,0.264556,0.121774,1.128643,0.450927
NDTV,Success,0.020584900000358175,0.020420899999407993,0.001170300000012503,0.05862909999996191,0.1015105999995285,2004-05-19 09:15:00,2025-06-26 09:15:00,5222 days 00:00:00,100000.0,92961.490689,-7.038509,58.441433,100.0,3974.696569,64.78627,4427 days 00:00:00,13.0,13.0,0.0,0.0,30.769231,46.664686,-19.08572,35.345642,-13.179403,39 days 00:00:00,15 days 10:40:00,0.96359,-541.423793,0.029541,-0.007854,1.018169,0.043458
NECCLTD,Success,0.008629900000414636,0.015365199999905599,0.0015300999993996811,0.05720190000010916,0.08337259999916569,2016-03-02 09:15:00,2025-06-26 09:15:00,2304 days 00:00:00,100000.0,318176.373658,218.176374,-44.829678,100.0,1549.127997,7.109005,14 days 00:00:00,4.0,4.0,0.0,0.0,100.0,49.503308,23.556017,34.0352,,14 days 18:00:00,,inf,54544.093415,1.10786,2.83089,3.673667,4.500697
NECLIFE,Success,0.015537899999799265,0.015024799999991956,0.0010898999998971703,0.05992930000047636,0.09213920000001963,2005-07-18 09:15:00,2025-06-26 09:15:00,4878 days 00:00:00,100000.0,37585.471748,-62.414528,-13.264133,100.0,1948.369556,65.038461,2632 days 00:00:00,15.0,15.0,0.0,0.0,13.333333,40.5944,-15.015933,39.92062,-11.903692,33 days 12:00:00,25 days 05:32:18,0.411872,-4160.96855,-0.333596,-0.108558,0.839604,-0.501417
NELCAST,Success,0.015084399999977904,0.015778299999510637,0.0010605000006762566,0.0626100999998016,0.09527450000041426,2007-06-27 09:15:00,2025-06-26 09:15:00,4448 days 00:00:00,100000.0,252878.377877,152.878378,257.14973,100.0,2848.444837,25.860039,485 days 00:00:00,7.0,7.0,0.0,0.0,57.142857,46.291581,-14.071734,37.081952,-10.352659,44 days 06:00:00,54 days 16:00:00,3.078098,21839.768268,0.539786,0.305887,1.319286,0.954557
NELCO,Success,0.017652600000474195,0.014873099999931583,0.0018629000005603302,0.05921649999982037,0.09424029999991035,1995-10-09 09:15:00,2025-06-26 09:15:00,6964 days 00:00:00,100000.0,113211.312364,13.211312,4412.173913,100.0,3831.022779,70.322355,6215 days 00:00:00,15.0,15.0,0.0,0.0,33.333333,69.696586,-26.74909,46.55689,-15.949531,43 days 04:48:00,25 days 19:12:00,1.057282,880.754158,0.131424,0.009278,1.076256,0.216815
NEOGEN,Success,0.007959100000334729,0.01609109999935754,0.0008533000000170432,0.05588460000035411,0.08123319999958767,2019-05-08 09:15:00,2025-06-26 09:15:00,1523 days 00:00:00,100000.0,116340.515937,16.340516,519.35119,100.0,1242.061867,32.443888,841 days 00:00:00,5.0,5.0,0.0,0.0,40.0,37.262363,-20.456903,35.077172,-13.782421,70 days 00:00:00,7 days 16:00:00,1.279654,3268.103187,0.271632,0.113853,1.149914,0.459213
NESCO,Success,0.013939399999799207,0.015492600000470702,0.0011347999998179148,0.0648628999997527,0.09586310000031517,2008-04-08 09:15:00,2025-06-26 09:15:00,4249 days 00:00:00,100000.0,86718.569484,-13.281431,968.919435,100.0,1803.988696,29.668534,2546 days 00:00:00,10.0,10.0,0.0,0.0,30.0,21.671046,-14.776424,19.356269,-9.113812,41 days 16:00:00,36 days 17:08:34,0.779673,-1328.143052,-0.041823,-0.041009,0.979727,-0.060031
NESTLEIND,Success,0.012997100000575301,0.014430799999900046,0.0015286999996533268,0.06054130000029545,0.08996870000009949,2010-01-08 09:15:00,2025-06-26 09:15:00,3828 days 00:00:00,100000.0,102069.892241,2.069892,874.645781,100.0,2486.218926,23.802179,2531 days 00:00:00,12.0,11.0,1.0,2252.289128,27.272727,19.274192,-6.288224,15.193456,-5.170706,36 days 00:00:00,30 days 18:00:00,0.996044,-16.581535,0.065194,0.008215,1.031938,0.103985
NETWEB,Success,0.006416899999749148,0.017571300000781775,0.0014449999998760177,0.06261059999997087,0.08846450000055484,2023-07-27 09:15:00,2025-06-26 09:15:00,476 days 00:00:00,100000.0,123458.765748,23.458766,101.241208,100.0,498.308461,22.780203,130 days 00:00:00,2.0,2.0,0.0,0.0,50.0,37.450282,-10.165029,37.450282,-10.165029,37 days 00:00:00,72 days 00:00:00,2.681137,11729.382874,0.771976,0.769895,1.244769,1.246635
NETWORK18,Success,0.0174710999999661,0.02027929999985645,0.0011561999999685213,0.061888899999757996,0.10125850000076753,2007-02-02 09:15:00,2025-06-26 09:15:00,4547 days 00:00:00,100000.0,52667.34024,-47.33266,-83.780987,100.0,1304.537968,60.338738,4451 days 00:00:00,10.0,10.0,0.0,0.0,20.0,28.748992,-18.375385,24.85051,-12.610224,23 days 00:00:00,59 days 06:00:00,0.354503,-4733.265976,-0.163022,-0.083142,0.93384,-0.248522
NEULANDLAB,Success,0.020676400000411377,0.017367599999488448,0.0017029999999067513,0.06512999999995372,0.10528280000016821,1999-01-01 09:15:00,2025-06-26 09:15:00,4935 days 00:00:00,100000.0,123584.862695,23.584863,33581.101073,100.0,2448.053858,63.172676,3550 days 00:00:00,11.0,11.0,0.0,0.0,27.272727,67.39077,-12.809765,47.467025,-11.058414,25 days 08:00:00,24 days 09:00:00,1.222724,2144.078427,0.175561,0.024987,1.120166,0.297187
NEWGEN,Success,0.0081304999994245,0.014712900000631635,0.0008835999997245381,0.055650799999966694,0.08026770000014949,2018-01-29 09:15:00,2025-06-26 09:15:00,1835 days 00:00:00,100000.0,66429.910409,-33.57009,834.231416,100.0,1321.01098,42.95655,1518 days 00:00:00,8.0,7.0,1.0,657.472149,14.285714,18.817744,-10.551721,18.817744,-9.384189,12 days 00:00:00,30 days 04:00:00,0.336147,-4889.651677,-0.493368,-0.181898,0.806112,-0.69297
NEXTMEDIA,Success,0.01255239999954938,0.014142099999844504,0.0009919000003719702,0.0543840000000273,0.08271330000025046,2011-06-15 09:15:00,2025-06-26 09:15:00,3349 days 00:00:00,100000.0,53341.026375,-46.658974,15.5,100.0,586.09347,50.445784,2636 days 00:00:00,4.0,4.0,0.0,0.0,0.0,-11.649772,-18.942909,,-14.510822,,14 days 18:00:00,0.0,-11664.743406,-0.700916,-0.131234,0.510197,-0.856823
NFL,Success,0.014240699999390927,0.015417200000229059,0.0010731999991548946,0.05458439999983966,0.08569979999992938,2006-12-28 09:15:00,2025-06-26 09:15:00,4570 days 00:00:00,100000.0,65394.925171,-34.605075,225.016181,100.0,831.81482,62.476829,3621 days 00:00:00,6.0,6.0,0.0,0.0,16.666667,31.678768,-14.762521,31.678768,-13.058297,8 days 00:00:00,73 days 04:48:00,0.312376,-5767.512471,-0.13308,-0.053385,0.931783,-0.205493
NGIL,Success,0.005124900000737398,0.014041799999176874,0.0011829000004581758,0.055566900000485475,0.07669319999968138,2021-08-20 09:15:00,2025-06-26 09:15:00,956 days 00:00:00,100000.0,81033.171773,-18.966828,-47.086329,100.0,181.014386,29.73338,827 days 00:00:00,1.0,1.0,0.0,0.0,0.0,-18.985795,-18.985795,,-18.985795,,41 days 00:00:00,0.0,-18966.828227,-0.573797,-0.259498,0.689143,-0.697926
NGLFINE,Success,0.0048337000007450115,0.013811400000122376,0.0007895999997344916,0.053942100000313076,0.0737515999999232,2022-07-08 09:15:00,2025-06-26 09:15:00,736 days 00:00:00,100000.0,100000.0,0.0,-44.674817,0.0,0.0,,,0.0,0.0,0.0,0.0,,,,,,,,,,inf,,inf,inf
NH,Success,0.008733900000152062,0.013750500000242027,0.0009217999995598802,0.05430239999986952,0.07810160000008182,2016-01-06 09:15:00,2025-06-26 09:15:00,2345 days 00:00:00,100000.0,123700.852235,23.700852,515.313827,100.0,1379.602127,19.735519,1182 days 00:00:00,7.0,7.0,0.0,0.0,42.857143,25.480903,-10.073341,20.145317,-8.047002,68 days 16:00:00,31 days 00:00:00,1.740979,3385.836034,0.314282,0.170557,1.133699,0.514317
NHPC,Success,0.012683000000834,0.01677399999971385,0.0010240000001431326,0.066135299999587,0.09702440000000934,2009-09-01 09:15:00,2025-06-26 09:15:00,3912 days 00:00:00,100000.0,99982.94308,-0.017057,132.326531,100.0,2576.95702,33.017912,2115 days 00:00:00,15.0,14.0,1.0,2240.560257,21.428571,38.459588,-10.178788,26.017158,-6.223998,44 days 00:00:00,25 days 02:10:54,0.96376,-161.25837,0.062698,-4.8e-05,1.028118,0.087274
NIACL,Success,0.007482299999537645,0.01425440000002709,0.0011058999998567742,0.05424199999924895,0.07746900000074675,2017-11-13 09:15:00,2025-06-26 09:15:00,1888 days 00:00:00,100000.0,64177.483851,-35.822516,-48.939622,100.0,495.097932,45.763073,1346 days 00:00:00,3.0,3.0,0.0,0.0,0.0,-11.982102,-17.177271,,-13.721732,,61 days 00:00:00,0.0,-11940.838716,-0.433828,-0.179556,0.807627,-0.586838
NIBE,Success,0.003186299999470066,0.014922499999556749,0.0013150999993740697,0.06290939999962575,0.08298950000062177,2025-02-07 09:15:00,2025-06-26 09:15:00,93 days 00:00:00,100000.0,100000.0,0.0,6.466194,0.0,0.0,,,0.0,0.0,0.0,0.0,,,,,,,,,,inf,,inf,inf
NIBL,Success,0.011557100000572973,0.018011199999818928,0.001041100000293227,0.06201249999958236,0.09304330000031769,2013-04-16 09:15:00,2025-06-26 09:15:00,2933 days 00:00:00,100000.0,122530.828023,22.530828,422.242991,100.0,504.177728,15.826273,350 days 00:00:00,2.0,2.0,0.0,0.0,50.0,40.852744,-12.995621,40.852744,-12.995621,50 days 00:00:00,11 days 00:00:00,2.232465,11265.414012,0.349186,0.161813,1.39716,0.594768
NIFTY,Success,0.02357639999991079,0.02033009999922797,0.0014674999993076199,0.06414850000055594,0.11028110000006563,1990-07-03 09:15:00,2025-06-26 09:15:00,8464 days 00:00:00,100000.0,165323.773544,65.323774,9056.691605,100.0,9132.824093,19.644554,1713 days 00:00:00,37.0,37.0,0.0,0.0,40.540541,19.396178,-13.054823,10.309027,-4.207205,44 days 11:12:00,12 days 21:49:05,1.585614,1765.507393,0.317865,0.111566,1.148099,0.439623
NIITLTD,Success,0.018304499999430845,0.01917169999978796,0.0012281999997867388,0.06143940000038128,0.1005393000004915,2004-08-16 09:15:00,2025-06-26 09:15:00,5158 days 00:00:00,100000.0,313005.69577,213.005696,2575.834144,100.0,5910.454829,54.320272,3657 days 00:00:00,14.0,14.0,0.0,0.0,42.857143,49.809892,-12.998853,38.878013,-9.713673,59 days 08:00:00,8 days 09:00:00,2.149299,15214.692555,0.546841,0.154813,1.338951,0.990069
NIITMTS,Success,0.004085499999746389,0.013477999999849999,0.0007989999994606478,0.05563299999994342,0.07438559999991412,2023-08-08 09:15:00,2025-06-26 09:15:00,468 days 00:00:00,100000.0,80537.191082,-19.462809,-11.958225,100.0,357.16439,27.778502,296 days 00:00:00,2.0,2.0,0.0,0.0,0.0,-8.824127,-11.688525,,-10.256326,,28 days 12:00:00,0.0,-9731.404459,-0.97383,-0.559186,0.66661,-1.341408
NILAINFRA,Success,0.00809060000028694,0.013718900000640133,0.0009630999993532896,0.05352169999969192,0.0767959000004339,2015-05-21 09:15:00,2025-06-26 09:15:00,2502 days 00:00:00,100000.0,128818.136949,28.818137,69.267139,100.0,1313.663984,41.642308,1838 days 00:00:00,5.0,5.0,0.0,0.0,40.0,71.979566,-20.44296,50.206744,-16.386677,46 days 00:00:00,46 days 08:00:00,1.402565,5763.62739,0.278848,0.090372,1.157367,0.529358
NILASPACES,Success,0.0059056000000055064,0.015467100000023493,0.0011948000001211767,0.05381820000002335,0.07710769999994227,2018-12-28 09:15:00,2025-06-26 09:15:00,1610 days 00:00:00,100000.0,90440.191902,-9.559808,240.0,100.0,1067.880073,41.946864,1077 days 00:00:00,7.0,7.0,0.0,0.0,28.571429,29.343824,-15.385877,27.371628,-10.973484,18 days 00:00:00,25 days 09:36:00,0.78912,-1365.686871,-0.028196,-0.053693,0.98889,-0.04268
NILKAMAL,Success,0.014552099999491475,0.013984100000016042,0.0010892000000239932,0.05754049999995914,0.08757629999945493,2007-01-05 09:15:00,2025-06-26 09:15:00,4554 days 00:00:00,100000.0,271255.500686,171.255501,1079.837067,100.0,3666.383874,41.701306,2327 days 00:00:00,10.0,9.0,1.0,-871.211047,66.666667,40.574189,-19.509916,26.851788,-12.43563,41 days 04:00:00,24 days 00:00:00,3.239355,19125.190193,0.629423,0.199672,1.438595,1.055793
NINSYS,Success,0.0044560999995155726,0.013803400000142574,0.0010980999995808816,0.05440369999996619,0.07422090000000026,2023-02-21 09:15:00,2025-06-26 09:15:00,561 days 00:00:00,100000.0,63543.356188,-36.456644,200.896301,100.0,648.438158,37.408351,440 days 00:00:00,4.0,4.0,0.0,0.0,0.0,-9.973423,-11.364833,,-10.726021,,16 days 00:00:00,0.0,-9114.160953,-1.66084,-0.682966,0.526366,-2.075099
NIPPOBATRY,Success,0.01622479999969073,0.014369099999385071,0.0011388000002625631,0.05673019999994722,0.08886259999962931,1999-10-07 09:15:00,2025-06-26 09:15:00,5640 days 00:00:00,100000.0,95176.172685,-4.823827,172.535211,100.0,2561.491092,51.119649,2398 days 00:00:00,13.0,13.0,0.0,0.0,30.769231,33.904986,-18.050208,29.160481,-11.11062,69 days 12:00:00,52 days 21:20:00,0.953408,-371.06364,0.063487,-0.006249,1.02875,0.094259
NIRAJ,Success,0.00517279999985476,0.015242499999658321,0.0008237000001827255,0.054902900000342925,0.07669589999932214,2020-10-01 09:15:00,2025-06-26 09:15:00,1175 days 00:00:00,100000.0,113189.012835,13.189013,45.926897,100.0,474.924097,13.504204,160 days 00:00:00,2.0,2.0,0.0,0.0,50.0,30.891571,-13.517708,30.891571,-13.517708,51 days 00:00:00,8 days 00:00:00,1.746335,6594.506417,0.360567,0.290537,1.249837,0.626734
NITCO,Success,0.014740200000233017,0.014353000000483007,0.0011781000002883957,0.05274749999989581,0.0832868999996208,2006-03-21 09:15:00,2025-06-26 09:15:00,4677 days 00:00:00,100000.0,157327.395482,57.327395,-26.188267,100.0,3755.570505,50.328565,2626 days 00:00:00,17.0,17.0,0.0,0.0,41.176471,32.896148,-26.331494,28.996505,-12.221496,30 days 20:34:17,17 days 07:12:00,1.400835,3372.199734,0.27355,0.071526,1.14659,0.459393
NITINSPIN,Success,0.016603000000031898,0.01889819999996689,0.0012814000001526438,0.06582999999955064,0.10302920000049198,2006-02-02 09:15:00,2025-06-26 09:15:00,4790 days 00:00:00,100000.0,168913.751166,68.913751,1430.769231,100.0,5460.46647,46.076161,1531 days 00:00:00,19.0,18.0,1.0,7189.028539,38.888889,52.231597,-22.615373,35.514497,-13.655642,58 days 13:42:51,16 days 10:54:32,1.264599,3429.151257,0.296597,0.08845,1.132159,0.463802
NITIRAJ,Success,0.0062718999997741776,0.015093800000613555,0.0013030000000071595,0.05578010000044742,0.0788617999996859,2017-03-09 09:15:00,2025-06-26 09:15:00,1430 days 00:00:00,100000.0,66923.083084,-33.076917,171.362434,100.0,468.504611,37.2058,777 days 00:00:00,3.0,3.0,0.0,0.0,0.0,-6.59578,-20.857601,,-12.320495,,18 days 16:00:00,0.0,-11025.638972,-0.86579,-0.261877,0.517508,-1.063818
NIVABUPA,Success,0.004339799999797833,0.01923830000032467,0.0008536000004824018,0.059129899999788904,0.08402579999983573,2024-11-14 09:15:00,2025-06-26 09:15:00,152 days 00:00:00,100000.0,100000.0,0.0,10.75385,0.0,0.0,,,0.0,0.0,0.0,0.0,,,,,,,,,,inf,,inf,inf
NKIND,Success,0.01015929999994114,0.018413699999655364,0.0016439000000900705,0.06109010000000126,0.09201499999926455,1999-01-04 09:15:00,2025-06-26 09:15:00,2277 days 00:00:00,100000.0,80341.026379,-19.658974,1083.166667,100.0,364.287917,32.089836,882 days 00:00:00,2.0,2.0,0.0,0.0,0.0,-8.024924,-12.669402,,-10.347163,,21 days 00:00:00,0.0,-9829.48681,-0.361735,-0.107446,0.734546,-0.464569
NLCINDIA,Success,0.013625999999931082,0.013981199999761884,0.0016865999996298342,0.05522560000008525,0.08491780000076687,2006-11-02 09:15:00,2025-06-26 09:15:00,4609 days 00:00:00,100000.0,125945.546217,25.945546,252.644575,100.0,3376.645689,34.596353,2174 days 00:00:00,11.0,11.0,0.0,0.0,36.363636,28.541165,-16.846562,25.478872,-9.131755,60 days 18:00:00,32 days 10:17:08,1.249367,2358.68602,0.195057,0.053289,1.102289,0.304455
NMDC,Success,0.013914999999542488,0.014355099999193044,0.0010692000005292357,0.05436730000019452,0.08408739999958925,2008-03-03 09:15:00,2025-06-26 09:15:00,4275 days 00:00:00,100000.0,125311.751408,25.311751,-25.163511,100.0,2719.225222,38.408245,2821 days 00:00:00,11.0,10.0,1.0,4821.584646,30.0,47.376952,-11.234283,30.663539,-8.23138,78 days 08:00:00,50 days 20:34:17,1.261853,2049.016676,0.198807,0.050644,1.084432,0.330024
NOCIL,Success,0.015569600000162609,0.015924499999528052,0.0012148999994678888,0.054802799999379204,0.08791759999985516,1999-01-01 09:15:00,2025-06-26 09:15:00,6443 days 00:00:00,100000.0,535886.329659,435.88633,681.833333,100.0,11489.511504,40.066718,1971 days 00:00:00,17.0,17.0,0.0,0.0,58.823529,47.572448,-24.300098,31.51224,-13.426405,48 days 02:24:00,34 days 00:00:00,2.273488,25640.372333,0.556338,0.249013,1.2914,1.018515
NOIDATOLL,Success,0.01552709999941726,0.01396059999933641,0.0014217999996617436,0.055330099999991944,0.0866256000008434,2003-01-01 09:15:00,2025-06-26 09:15:00,5467 days 00:00:00,100000.0,59031.484094,-40.968516,-49.333333,100.0,1373.687164,58.303651,4801 days 00:00:00,7.0,7.0,0.0,0.0,14.285714,41.616284,-21.916721,41.616284,-13.471847,40 days 00:00:00,59 days 04:00:00,0.503672,-5852.645129,-0.205166,-0.059309,0.889563,-0.303686
NORBTEAEXP,Success,0.0134448999997403,0.014421199999560486,0.0010789000007207505,0.05603090000022348,0.08544480000000476,1999-01-01 09:15:00,2025-06-26 09:15:00,4694 days 00:00:00,100000.0,35843.890595,-64.156109,589.183673,100.0,718.758334,78.100235,4056 days 00:00:00,7.0,7.0,0.0,0.0,0.0,-5.225707,-36.227872,,-12.99443,,25 days 13:42:51,0.0,-9165.158486,-0.273947,-0.098183,0.784502,-0.396171
NORTHARC,Success,0.0038178999993760954,0.013420400000541122,0.0007465000007869094,0.0528439999998227,0.07133820000035485,2024-09-24 09:15:00,2025-06-26 09:15:00,188 days 00:00:00,100000.0,100000.0,0.0,-25.435993,0.0,0.0,,,0.0,0.0,0.0,0.0,,,,,,,,,,inf,,inf,inf
NOVAAGRI,Success,0.004052999999657914,0.014862799999718845,0.001441500000510132,0.05322209999940242,0.07415760000003502,2024-01-31 09:15:00,2025-06-26 09:15:00,349 days 00:00:00,100000.0,89985.818634,-10.014181,-13.904762,100.0,189.975994,10.679464,194 days 00:00:00,1.0,1.0,0.0,0.0,0.0,-10.024196,-10.024196,,-10.024196,,17 days 00:00:00,0.0,-10014.181366,-1.43922,-0.978367,0.400813,-1.765676
NPST,Success,0.005694399999811139,0.013277600000037637,0.001294400000006135,0.3262086000004274,0.34693370000059076,2021-08-10 09:15:00,2025-06-26 09:15:00,829 days 00:00:00,100000.0,123546.985299,23.546985,7159.331232,100.0,506.412539,13.58263,182 days 00:00:00,2.0,2.0,0.0,0.0,50.0,41.462171,-12.651353,41.462171,-12.651353,10 days 00:00:00,5 days 00:00:00,2.317405,11773.492649,0.955732,0.718353,2.415121,1.775261
NRAIL,Success,0.013235200000053737,0.01892059999954654,0.0013485999998010811,0.06013560000064899,0.09430190000057337,2017-04-05 09:15:00,2025-06-26 09:15:00,2039 days 00:00:00,100000.0,100488.466553,0.488467,42.988059,100.0,793.047551,39.658587,1823 days 00:00:00,5.0,5.0,0.0,0.0,40.0,28.637991,-16.890803,26.148642,-14.150584,39 days 00:00:00,46 days 08:00:00,1.013273,97.693311,0.084904,0.0022,1.035958,0.124333
NRBBEARING,Success,0.015343699999903038,0.014477300000180549,0.0012340000002950546,0.05460769999990589,0.08605039999929431,2000-03-08 09:15:00,2025-06-26 09:15:00,6006 days 00:00:00,100000.0,444068.076524,344.068077,3392.857143,100.0,12433.978281,33.942457,2224 days 00:00:00,19.0,19.0,0.0,0.0,47.368421,51.965879,-17.514002,34.420139,-10.835512,37 days 02:40:00,32 days 02:24:00,1.870221,18108.846133,0.541424,0.279388,1.285077,0.938968
NRL,Success,0.00462359999983164,0.014951500000279339,0.0007702000002609566,0.05472970000027999,0.07551329999932932,2023-01-12 09:15:00,2025-06-26 09:15:00,608 days 00:00:00,100000.0,100000.0,0.0,-20.410694,0.0,0.0,,,0.0,0.0,0.0,0.0,,,,,,,,,,inf,,inf,inf
NSIL,Success,0.0132791999994879,0.01436450000073819,0.0010741999994934304,0.056782599999678496,0.08589729999948759,2005-06-07 09:15:00,2025-06-26 09:15:00,4445 days 00:00:00,100000.0,293739.261461,193.739261,2355.322266,100.0,3456.019711,37.141911,1007 days 00:00:00,10.0,9.0,1.0,5770.749997,55.555556,38.485659,-11.568294,34.818649,-10.27015,87 days 04:48:00,39 days 18:00:00,3.494107,20885.390163,0.529067,0.24908,1.257248,0.925273
NSLNISP,Success,0.005083899999590358,0.013636200000291865,0.0007881999999881373,0.053604900000209454,0.07352319999972678,2023-02-20 09:15:00,2025-06-26 09:15:00,582 days 00:00:00,100000.0,92881.78026,-7.11822,29.133858,100.0,192.874855,9.148259,425 days 00:00:00,1.0,1.0,0.0,0.0,0.0,-7.125338,-7.125338,,-7.125338,,10 days 00:00:00,0.0,-7118.21974,-0.992046,-0.494677,0.3256,-1.060609
NTPC,Success,0.01480100000026141,0.014893100000335835,0.0011457999999038293,0.055038699999386154,0.08655300000009447,2004-11-05 09:15:00,2025-06-26 09:15:00,5102 days 00:00:00,100000.0,92376.500241,-7.6235,435.513097,100.0,2648.946009,55.532184,3832 days 00:00:00,16.0,16.0,0.0,0.0,25.0,28.193543,-11.801949,20.964662,-6.726149,106 days 12:00:00,46 days 20:00:00,0.892838,-476.468735,0.012478,-0.010187,1.003924,0.0179
NTPCGREEN,Success,0.003525499999341264,0.014690700000755896,0.0007546000006186659,0.05404570000064268,0.07340110000041022,2024-11-27 09:15:00,2025-06-26 09:15:00,145 days 00:00:00,100000.0,100000.0,0.0,-12.248253,0.0,0.0,,,0.0,0.0,0.0,0.0,,,,,,,,,,inf,,inf,inf
NUCLEUS,Success,0.015121999999792024,0.013599299999441428,0.001983500000278582,0.059916299999713374,0.09100690000013856,2003-01-01 09:15:00,2025-06-26 09:15:00,5564 days 00:00:00,100000.0,245763.186441,145.763186,3830.982995,100.0,4009.712561,39.124123,2440 days 00:00:00,10.0,10.0,0.0,0.0,50.0,43.949889,-13.543107,34.677538,-10.971807,47 days 00:00:00,27 days 00:00:00,2.174213,14576.318644,0.465048,0.155306,1.297046,0.803763
NURECA,Success,0.004707500000222353,0.013634300000376243,0.0011094999999841093,0.05594310000014957,0.0758363000004465,2021-02-25 09:15:00,2025-06-26 09:15:00,1074 days 00:00:00,100000.0,86541.791962,-13.458208,-56.879597,100.0,186.52852,13.458208,178 days 00:00:00,1.0,1.0,0.0,0.0,0.0,-13.471666,-13.471666,,-13.471666,,9 days 00:00:00,0.0,-13458.208038,-0.762661,-0.356184,0.353995,-0.884806
NUVAMA,Success,0.006011899999975867,0.018885199999203905,0.001273599999876751,0.06708629999957338,0.09376299999985349,2023-09-26 09:15:00,2025-06-26 09:15:00,435 days 00:00:00,100000.0,103876.594791,3.876595,202.430622,100.0,689.060679,22.901937,156 days 00:00:00,3.0,3.0,0.0,0.0,33.333333,27.662583,-9.944625,27.662583,-9.79564,5 days 00:00:00,40 days 00:00:00,1.163168,1292.198264,0.254851,0.141594,1.091492,0.372382
NUVOCO,Success,0.007073800000398478,0.015551700000287383,0.0014690999996673781,0.05976550000013958,0.08428319999984524,2021-08-23 09:15:00,2025-06-26 09:15:00,955 days 00:00:00,100000.0,92913.211784,-7.086788,-33.769044,100.0,192.906318,11.310585,631 days 00:00:00,1.0,1.0,0.0,0.0,0.0,-7.093875,-7.093875,,-7.093875,,28 days 00:00:00,0.0,-7086.788216,-0.536095,-0.244924,0.630991,-0.71809
NYKAA,Success,0.006691599999612663,0.012150999999903433,0.0015304999997169944,0.06570920000012848,0.0865338999992673,2021-11-10 09:15:00,2025-06-26 09:15:00,901 days 00:00:00,100000.0,100000.0,0.0,-43.734474,0.0,0.0,,,0.0,0.0,0.0,0.0,,,,,,,,,,inf,,inf,inf
OAL,Success,0.0061864999997851555,0.01655449999998382,0.0013484000000971719,0.061270799999874725,0.08598600000004808,2019-07-11 09:15:00,2025-06-26 09:15:00,1478 days 00:00:00,100000.0,89146.181269,-10.853819,100.077042,100.0,189.135517,14.888533,959 days 00:00:00,1.0,1.0,0.0,0.0,0.0,-10.864673,-10.864673,,-10.864673,,6 days 00:00:00,0.0,-10853.818731,-0.630651,-0.187894,0.297079,-0.686008
OBCL,Success,0.004887700000836048,0.014525900000080583,0.0011082999999416643,0.0569126000000324,0.07792450000033568,2022-04-07 09:15:00,2025-06-26 09:15:00,799 days 00:00:00,100000.0,100000.0,0.0,-65.440856,0.0,0.0,,,0.0,0.0,0.0,0.0,,,,,,,,,,inf,,inf,inf
OBEROIRLTY,Success,0.013214099999458995,0.015154600000641949,0.000998299999992014,0.06006669999987935,0.08983869999974559,2010-12-10 09:15:00,2025-06-26 09:15:00,3596 days 00:00:00,100000.0,213925.621022,113.925621,647.755536,100.0,2998.024517,32.091857,1553 days 00:00:00,12.0,12.0,0.0,0.0,50.0,29.48943,-10.288894,24.310875,-8.632862,63 days 08:00:00,23 days 08:00:00,2.853488,9493.801752,0.489538,0.250048,1.2077,0.837341
OCCL,Success,0.01233440000032715,0.014759599999706552,0.0016845000000103028,0.05900389999987965,0.08816610000030778,2016-01-27 09:15:00,2025-06-26 09:15:00,2329 days 00:00:00,100000.0,80291.835854,-19.708164,56.195815,100.0,963.402832,27.22861,1696 days 00:00:00,5.0,5.0,0.0,0.0,20.0,22.429251,-12.601206,22.429251,-9.996937,15 days 00:00:00,19 days 06:00:00,0.506124,-3941.632829,-0.326345,-0.12419,0.787233,-0.505981
OCCLLTD,Success,0.004759000000376545,0.014814899999691988,0.0009700999999040505,0.05826880000040546,0.07919949999995879,2024-10-29 09:15:00,2025-06-26 09:15:00,164 days 00:00:00,100000.0,84640.934533,-15.359065,26.471527,100.0,184.62576,15.359065,111 days 00:00:00,1.0,1.0,0.0,0.0,0.0,-15.374425,-15.374425,,-15.374425,,9 days 00:00:00,0.0,-15359.065467,-2.248211,-2.018629,0.265317,-2.355774
ODIGMA,Success,0.0035734000002776156,0.016087699999843608,0.0009256000003006193,0.05839410000044154,0.0793839999996635,2024-12-12 09:15:00,2025-06-26 09:15:00,134 days 00:00:00,100000.0,100000.0,0.0,-72.581792,0.0,0.0,,,0.0,0.0,0.0,0.0,,,,,,,,,,inf,,inf,inf
OFSS,Success,0.013924400000178139,0.01486780000050203,0.0013846000001649372,0.05671230000007199,0.08727300000009564,2008-09-18 09:15:00,2025-06-26 09:15:00,4141 days 00:00:00,100000.0,153726.090314,53.72609,889.36981,100.0,3246.5702,28.244049,2861 days 00:00:00,12.0,12.0,0.0,0.0,41.666667,31.96098,-10.465903,21.006599,-7.086499,53 days 09:36:00,52 days 20:34:17,1.762713,4477.174193,0.354906,0.136769,1.145556,0.597164
OIL,Success,0.015038800000183983,0.015856199999689125,0.0012451000002329238,0.05849899999975605,0.0910238999995272,2009-09-30 09:15:00,2025-06-26 09:15:00,3893 days 00:00:00,100000.0,63087.523694,-36.912476,190.681443,100.0,1469.105603,49.763768,3404 days 00:00:00,10.0,10.0,0.0,0.0,10.0,33.237536,-14.852181,33.237536,-7.931187,23 days 00:00:00,21 days 21:20:00,0.32267,-3691.247631,-0.389836,-0.084941,0.777597,-0.509802
OILCOUNTUB,Success,0.015426099999785947,0.014041700000234414,0.0011950000007345807,0.06690370000069379,0.0984109000000899,1999-01-01 09:15:00,2025-06-26 09:15:00,6062 days 00:00:00,100000.0,51239.476094,-48.760524,615.531136,100.0,1339.254805,73.884383,5888 days 00:00:00,15.0,15.0,0.0,0.0,33.333333,42.436752,-33.160842,27.128685,-16.60982,73 days 19:12:00,20 days 04:48:00,0.477371,-3250.701594,-0.039565,-0.053409,0.979834,-0.052398
OLAELEC,Success,0.005363299999771698,0.018274299999575305,0.0013052999993306003,0.060671000000183994,0.0861242000000857,2024-08-09 09:15:00,2025-06-26 09:15:00,219 days 00:00:00,100000.0,100000.0,0.0,-52.675437,0.0,0.0,,,0.0,0.0,0.0,0.0,,,,,,,,,,inf,,inf,inf
OLECTRA,Success,0.019469800000479154,0.017447299999730603,0.0019352000008439063,0.06376970000019355,0.10314500000004045,2003-05-07 09:15:00,2025-06-26 09:15:00,5474 days 00:00:00,100000.0,152924.156822,52.924157,14309.69697,100.0,4817.949532,45.550385,2220 days 00:00:00,18.0,18.0,0.0,0.0,33.333333,50.363298,-24.840833,42.183023,-12.92079,69 days 08:00:00,13 days 18:00:00,1.247816,2940.230935,0.237465,0.063069,1.117349,0.377739
OMAXAUTO,Success,0.01850419999937003,0.019293199999992794,0.0016628000003038323,0.06158460000006016,0.10173920000033831,2003-02-24 09:15:00,2025-06-26 09:15:00,5527 days 00:00:00,100000.0,805937.825088,705.937825,174.71875,100.0,10851.112604,41.734733,1663 days 00:00:00,16.0,16.0,0.0,0.0,56.25,69.039312,-22.314551,42.73075,-14.171248,41 days 16:00:00,56 days 17:08:34,2.968873,44121.114068,0.718926,0.354049,1.361845,1.300558
OMAXE,Success,0.013989700000820449,0.013583900000412541,0.0014650000002802699,0.053612199999406585,0.08353309999984049,2007-08-09 09:15:00,2025-06-26 09:15:00,4418 days 00:00:00,100000.0,86042.978615,-13.957021,-63.003677,100.0,1421.940586,18.09495,3566 days 00:00:00,8.0,8.0,0.0,0.0,25.0,10.450376,-13.040251,8.006096,-4.866081,123 days 12:00:00,12 days 12:00:00,0.492513,-1744.627673,-0.264197,-0.068209,0.851054,-0.31918
OMINFRAL,Success,0.013098899999931746,0.013736900000367314,0.000976000000264321,0.05658610000045883,0.08478759999979957,2011-06-17 09:15:00,2025-06-26 09:15:00,3376 days 00:00:00,100000.0,97464.439849,-2.53556,244.441583,100.0,2491.297644,44.848688,1476 days 00:00:00,11.0,11.0,0.0,0.0,27.272727,51.725208,-20.869935,42.131407,-12.472697,78 days 16:00:00,28 days 00:00:00,0.979035,-230.505468,0.09577,-0.006183,1.038523,0.145326
ONELIFECAP,Success,0.01193169999987731,0.013416599999800383,0.0011514999996506958,0.05366109999977198,0.08053399999971589,2011-10-17 09:15:00,2025-06-26 09:15:00,3330 days 00:00:00,100000.0,34987.4161,-65.012584,-90.496745,100.0,569.445203,65.012584,2597 days 00:00:00,5.0,5.0,0.0,0.0,0.0,-12.857256,-28.015278,,-18.782452,,46 days 09:36:00,0.0,-13002.51678,-0.615331,-0.167247,0.724511,-0.844032
ONEPOINT,Success,0.0076176000002305955,0.015348599999924772,0.0008959999995568069,0.05701680000038323,0.08126309999988734,2017-12-26 09:15:00,2025-06-26 09:15:00,1822 days 00:00:00,100000.0,52930.649803,-47.06935,628.591078,100.0,1055.661442,55.357178,1514 days 00:00:00,8.0,8.0,0.0,0.0,25.0,36.305745,-21.018551,25.499347,-16.474084,48 days 12:00:00,12 days 08:00:00,0.35819,-5883.668775,-0.53886,-0.21616,0.78225,-0.691066
ONESOURCE,Success,0.00397160000011354,0.013296699999955308,0.0007307999994736747,0.055065300000023853,0.07399879999957193,2025-01-24 09:15:00,2025-06-26 09:15:00,104 days 00:00:00,100000.0,144023.127014,44.023127,17.116959,100.0,244.067394,4.201326,11 days 00:00:00,1.0,1.0,0.0,0.0,100.0,44.06715,44.06715,44.06715,,45 days 00:00:00,,inf,44023.127014,4.091599,61.832699,2.366639,9.189202
ONGC,Success,0.017124999999396096,0.014031400000021677,0.0014726999997947132,0.05652749999990192,0.08960120000028837,1999-01-01 09:15:00,2025-06-26 09:15:00,6542 days 00:00:00,100000.0,179365.80303,79.365803,987.684538,100.0,5507.890355,57.652419,5246 days 00:00:00,18.0,18.0,0.0,0.0,38.888889,42.479083,-14.575692,26.629746,-9.02904,80 days 13:42:51,23 days 13:05:27,1.480511,4409.211279,0.29192,0.057473,1.133803,0.418184
ONMOBILE,Success,0.015702499999861175,0.01707170000008773,0.0011064999998779967,0.05308430000059161,0.0873464000005697,2008-02-19 09:15:00,2025-06-26 09:15:00,4283 days 00:00:00,100000.0,85994.515853,-14.005484,-78.959761,100.0,1261.326126,42.50798,2980 days 00:00:00,8.0,8.0,0.0,0.0,25.0,50.989603,-17.870408,43.069295,-13.38219,21 days 12:00:00,19 days 04:00:00,0.799872,-1750.685518,-0.031554,-0.030056,0.976427,-0.053416
ONWARDTEC,Success,0.019241699999838602,0.013527999999496387,0.001285400000597292,0.05341429999953107,0.0879069000002346,1995-08-23 09:15:00,2025-06-26 09:15:00,6719 days 00:00:00,100000.0,955526.569964,855.52657,562.142857,100.0,8994.65274,41.565758,3555 days 00:00:00,15.0,15.0,0.0,0.0,60.0,60.984347,-24.530696,42.297937,-13.789848,53 days 00:00:00,27 days 04:00:00,5.491184,57035.104664,0.676455,0.313833,1.390794,1.314356
OPTIEMUS,Success,0.008352400000148918,0.011070200000176555,0.0005538999994314509,0.07633379999970202,0.09674969999923633,2017-08-08 09:15:00,2025-06-26 09:15:00,1953 days 00:00:00,100000.0,168237.968347,68.237968,1017.879073,100.0,1116.061338,32.154697,593 days 00:00:00,4.0,4.0,0.0,0.0,50.0,47.450239,-15.070496,47.206071,-11.811067,77 days 12:00:00,41 days 12:00:00,2.778822,17059.492087,0.544372,0.317546,1.225236,0.866443
ORBTEXP,Success,0.00899810000009893,0.01456640000014886,0.0012553999995361664,0.05068329999994603,0.07593480000014097,2013-11-05 09:15:00,2025-06-26 09:15:00,2878 days 00:00:00,100000.0,62648.336848,-37.351663,324.265215,100.0,1637.238607,55.028756,2555 days 00:00:00,8.0,8.0,0.0,0.0,12.5,39.346855,-16.21867,39.346855,-10.762319,32 days 00:00:00,17 days 20:34:17,0.512757,-4668.957894,-0.436158,-0.104641,0.770722,-0.605313
ORCHASP,Success,0.0041469000007055,0.017605099999855156,0.0010211999997409293,0.060701000000335625,0.08433380000042234,2025-02-07 09:15:00,2025-06-26 09:15:00,93 days 00:00:00,100000.0,100000.0,0.0,-20.670391,0.0,0.0,,,0.0,0.0,0.0,0.0,,,,,,,,,,inf,,inf,inf
ORCHPHARMA,Success,0.007968900000378198,0.017447600000195962,0.0012028000001009787,0.06506369999988237,0.0920906000001196,2020-11-03 09:15:00,2025-06-26 09:15:00,1153 days 00:00:00,100000.0,91018.56351,-8.981436,3808.055556,100.0,874.856016,38.291014,1035 days 00:00:00,5.0,5.0,0.0,0.0,20.0,40.224357,-12.113908,40.224357,-10.235607,88 days 00:00:00,13 days 00:00:00,0.763729,-1796.287298,-0.049712,-0.076654,0.98008,-0.07817
ORICONENT,Success,0.011966500000198721,0.01670280000053026,0.0009307999998782179,0.23888580000038928,0.2689453000002686,2015-07-24 09:15:00,2025-06-26 09:15:00,2456 days 00:00:00,100000.0,142577.933926,42.577934,-14.654028,100.0,646.732337,31.13711,1971 days 00:00:00,3.0,3.0,0.0,0.0,66.666667,28.584633,-11.606337,27.031624,-11.606337,10 days 00:00:00,43 days 00:00:00,4.672176,14192.644642,0.46401,0.173847,1.501731,0.802811
ORIENTALTL,Success,0.011976900000263413,0.0136118999998871,0.0009316999994553044,0.054652599999826634,0.08155900000019756,2015-12-08 09:15:00,2025-06-26 09:15:00,2348 days 00:00:00,100000.0,112769.115874,12.769116,333.382831,100.0,1067.07627,56.831794,2218 days 00:00:00,6.0,6.0,0.0,0.0,33.333333,55.983522,-19.429179,47.303656,-14.910527,53 days 00:00:00,58 days 06:00:00,1.238672,2128.185979,0.197012,0.03318,1.083007,0.326489
ORIENTBELL,Success,0.013050300000031712,0.013709600000765931,0.0012079999996785773,0.05426840000018274,0.08263520000036806,2012-04-17 09:15:00,2025-06-26 09:15:00,3262 days 00:00:00,100000.0,240879.418609,140.879419,453.274473,100.0,1201.751602,40.365115,1605 days 00:00:00,4.0,4.0,0.0,0.0,75.0,47.786815,-16.266747,42.38851,-16.266747,70 days 16:00:00,82 days 00:00:00,6.959003,35219.854652,0.58349,0.256088,1.368044,1.053935
ORIENTCEM,Success,0.01205019999997603,0.015192900000329246,0.0009596999998393585,0.053594700000758166,0.08217899999999645,2013-07-12 09:15:00,2025-06-26 09:15:00,2954 days 00:00:00,100000.0,68632.181361,-31.367819,317.54386,100.0,1685.727121,50.6496,1994 days 00:00:00,10.0,10.0,0.0,0.0,20.0,30.771942,-12.344132,26.490389,-10.019873,26 days 00:00:00,66 days 15:00:00,0.552579,-3136.781864,-0.146668,-0.089723,0.952516,-0.214418
ORIENTCER,Success,0.004454800000530668,0.014920500000698667,0.0008051000004343223,0.05367310000019643,0.07426130000021658,2023-07-31 09:15:00,2025-06-26 09:15:00,474 days 00:00:00,100000.0,131948.391428,31.948391,6.438155,100.0,231.980572,15.262325,10 days 00:00:00,1.0,1.0,0.0,0.0,100.0,31.98034,31.98034,31.98034,,22 days 00:00:00,,inf,31948.391428,1.248811,1.559313,2.156741,2.466652
ORIENTELEC,Success,0.007268299999850569,0.012970099999620288,0.0008895999999367632,0.05153539999992063,0.07307589999982156,2018-05-14 09:15:00,2025-06-26 09:15:00,1765 days 00:00:00,100000.0,110362.310934,10.362311,58.835714,100.0,633.332214,15.187969,592 days 00:00:00,3.0,3.0,0.0,0.0,33.333333,28.821299,-7.574708,28.821299,-7.438432,131 days 00:00:00,4 days 00:00:00,1.637625,3454.103645,0.245373,0.135629,1.134073,0.35631
ORIENTHOT,Success,0.020775899999534886,0.019725100000869134,0.002165199999581091,0.05989899999985937,0.10299070000019128,1999-01-01 09:15:00,2025-06-26 09:15:00,6342 days 00:00:00,100000.0,73579.311127,-26.420689,894.535944,100.0,2606.838391,51.904187,6158 days 00:00:00,18.0,18.0,0.0,0.0,27.777778,46.298802,-21.280519,31.976371,-12.077904,62 days 00:00:00,25 days 11:04:36,0.785439,-1467.816048,-0.013205,-0.033721,0.993391,-0.020568
ORIENTLTD,Success,0.014974400000028254,0.018608999999742082,0.0013603999996121274,0.05890389999967738,0.09425089999967895,2010-03-03 09:15:00,2025-06-26 09:15:00,3240 days 00:00:00,100000.0,97950.508294,-2.049492,43.930719,100.0,519.617402,35.903085,1700 days 00:00:00,3.0,3.0,0.0,0.0,33.333333,33.593247,-16.1969,33.593247,-14.356785,57 days 00:00:00,20 days 12:00:00,0.92313,-683.163902,0.032341,-0.00649,1.025255,0.053422
ORIENTPPR,Success,0.020892999999887252,0.017936899999767775,0.0014326000000437489,0.06696099999953731,0.10787540000001172,1999-01-01 09:15:00,2025-06-26 09:15:00,6391 days 00:00:00,100000.0,747035.318458,647.035318,40048.638936,100.0,9872.576721,29.453009,791 days 00:00:00,14.0,14.0,0.0,0.0,57.142857,54.760027,-15.138274,40.667767,-10.904817,77 days 18:00:00,29 days 20:00:00,3.801877,46216.808461,0.655924,0.413211,1.332426,1.21691
ORIENTTECH,Success,0.005320700000083889,0.015135300000110874,0.0007835000005798065,0.054719200000363344,0.07635470000059286,2024-08-28 09:15:00,2025-06-26 09:15:00,207 days 00:00:00,100000.0,82690.287264,-17.309713,10.598549,100.0,182.67316,17.309713,96 days 00:00:00,1.0,1.0,0.0,0.0,0.0,-17.327022,-17.327022,,-17.327022,,4 days 00:00:00,0.0,-17309.712736,-2.306498,-1.645117,0.050665,-2.305171
ORISSAMINE,Success,0.012529499999800464,0.013363099999878614,0.0018492999997761217,0.05394999999953143,0.08206980000068143,2010-09-29 09:15:00,2025-06-26 09:15:00,3647 days 00:00:00,100000.0,33806.063716,-66.193936,49.095757,100.0,1078.811027,66.193936,3294 days 00:00:00,9.0,9.0,0.0,0.0,0.0,-7.149278,-16.647091,,-11.322804,,29 days 13:20:00,0.0,-7354.881809,-0.765353,-0.15539,0.664763,-1.03182
ORTINGLOBE,Success,0.0037237000005916343,0.0151506000001973,0.0010126000006493996,0.053696599999966566,0.07409660000030271,2024-09-03 09:15:00,2025-06-26 09:15:00,203 days 00:00:00,100000.0,100000.0,0.0,-40.139793,0.0,0.0,,,0.0,0.0,0.0,0.0,,,,,,,,,,inf,,inf,inf
OSIAHYPER,Success,0.005040099999860104,0.01344150000022637,0.000779099999817845,0.055648999999903026,0.07532460000038554,2022-12-01 09:15:00,2025-06-26 09:15:00,638 days 00:00:00,100000.0,100000.0,0.0,-55.091382,0.0,0.0,,,0.0,0.0,0.0,0.0,,,,,,,,,,inf,,inf,inf
OSWALAGRO,Success,0.008101899999928719,0.01331930000014836,0.000882399999682093,0.055136099999799626,0.07782120000047144,2018-02-01 09:15:00,2025-06-26 09:15:00,1832 days 00:00:00,100000.0,291193.181585,191.193182,521.172414,100.0,2026.438121,23.729952,180 days 00:00:00,6.0,6.0,0.0,0.0,66.666667,59.232917,-13.217095,39.443222,-11.150138,60 days 00:00:00,8 days 00:00:00,7.28518,31865.530264,1.005452,1.00008,1.534202,2.223298
OSWALGREEN,Success,0.016881800000192015,0.01413949999914621,0.0012174000003142282,0.055141400000138674,0.08803360000001703,1999-01-01 09:15:00,2025-06-26 09:15:00,6386 days 00:00:00,100000.0,130055.135199,30.055135,162.954545,100.0,2296.618256,51.313026,4787 days 00:00:00,12.0,12.0,0.0,0.0,41.666667,50.629901,-31.331278,37.417456,-16.936594,36 days 04:48:00,22 days 20:34:17,1.242721,2504.5946,0.171012,0.029492,1.120253,0.306736
OSWALSEEDS,Success,0.00431159999970987,0.014239500000257976,0.0008314999995491235,0.053439000000253145,0.07329149999986839,2023-02-22 09:15:00,2025-06-26 09:15:00,577 days 00:00:00,100000.0,73135.368844,-26.864631,-75.511597,100.0,352.216268,29.22077,512 days 00:00:00,2.0,2.0,0.0,0.0,0.0,-10.45674,-18.351843,,-14.404292,,27 days 12:00:00,0.0,-13432.315578,-1.370596,-0.614478,0.550914,-1.69887
PAGEIND,Success,0.014654699999482546,0.013417900000604277,0.0012349999997240957,0.0622494999997798,0.09196380000048521,2007-03-16 09:15:00,2025-06-26 09:15:00,4419 days 00:00:00,100000.0,173466.394861,73.466395,17817.58712,100.0,3405.808887,26.552359,1143 days 00:00:00,13.0,12.0,1.0,8111.579527,50.0,22.458106,-11.904475,17.349493,-7.249696,48 days 00:00:00,36 days 12:00:00,2.095981,5446.234611,0.463871,0.175302,1.208426,0.724568
PAISALO,Success,0.012973599999895669,0.014662800000223797,0.0010611000006974791,0.06292539999958535,0.09204800000043178,2009-06-16 09:15:00,2025-06-26 09:15:00,3955 days 00:00:00,100000.0,251471.181901,151.471182,1334.341129,100.0,4737.247809,35.59901,1492 days 00:00:00,13.0,13.0,0.0,0.0,53.846154,62.689773,-21.48152,34.604428,-16.649739,69 days 03:25:42,32 days 04:00:00,1.736842,11651.629377,0.486026,0.249531,1.21693,0.859482
PAKKA,Success,0.00725609999972221,0.017389799999364186,0.0013634000006277347,0.05961479999950825,0.08603709999988496,2023-07-11 09:15:00,2025-06-26 09:15:00,488 days 00:00:00,100000.0,112409.461492,12.409461,71.683327,100.0,465.617887,13.522636,176 days 00:00:00,2.0,2.0,0.0,0.0,50.0,26.624373,-11.218603,26.624373,-11.218603,17 days 00:00:00,12 days 00:00:00,1.874626,6204.730746,0.530158,0.676166,1.42771,1.449078
PALASHSECU,Success,0.009513800000604533,0.019633500000054482,0.0009642999993957346,0.05857360000027256,0.08935269999983575,2017-07-28 09:15:00,2025-06-26 09:15:00,1936 days 00:00:00,100000.0,153552.324573,53.552325,140.795564,100.0,1006.514095,31.661776,429 days 00:00:00,4.0,4.0,0.0,0.0,50.0,41.739735,-12.404601,40.296444,-11.653869,64 days 00:00:00,23 days 12:00:00,2.722993,13388.081143,0.449059,0.265984,1.264922,0.80885
PALREDTEC,Success,0.01002989999960846,0.01625170000079379,0.0011040999997931067,0.0665540999998484,0.09447869999985414,2016-05-09 09:15:00,2025-06-26 09:15:00,2263 days 00:00:00,100000.0,125604.790113,25.60479,-56.708208,100.0,1566.39736,39.630548,989 days 00:00:00,5.0,5.0,0.0,0.0,40.0,49.17135,-16.432131,44.367062,-15.495307,17 days 00:00:00,10 days 08:00:00,1.310529,5120.958023,0.322602,0.094507,1.290028,0.606139
PANACEABIO,Success,0.022195300000021234,0.013912999999774911,0.0012006999995719525,0.0562750999997661,0.09395870000025752,1999-01-12 09:15:00,2025-06-26 09:15:00,6449 days 00:00:00,100000.0,26149.861677,-73.850138,10281.177988,100.0,3138.754022,87.810014,6137 days 00:00:00,22.0,22.0,0.0,0.0,13.636364,58.282917,-20.290248,49.239396,-12.472365,53 days 00:00:00,38 days 16:25:15,0.601053,-3356.824469,-0.22303,-0.083255,0.912869,-0.35166
PANACHE,Success,0.005226299999776529,0.01431849999971746,0.0008474000005662674,0.055020499999955064,0.07580030000008264,2020-01-06 09:15:00,2025-06-26 09:15:00,1358 days 00:00:00,100000.0,128630.520441,28.63052,273.235571,100.0,929.792033,26.543583,917 days 00:00:00,5.0,5.0,0.0,0.0,40.0,46.124068,-13.992574,32.371407,-9.373412,3 days 00:00:00,7 days 00:00:00,2.111699,5726.104088,0.502592,0.263768,1.629604,1.118914
PANAMAPET,Success,0.012795700000424404,0.015324500000133412,0.001166699999885168,0.05425809999997,0.08392670000012004,2011-09-30 09:15:00,2025-06-26 09:15:00,3294 days 00:00:00,100000.0,145524.971041,45.524971,1030.168557,100.0,2495.866521,48.140277,858 days 00:00:00,8.0,7.0,1.0,-2178.517825,42.857143,39.641954,-15.889414,35.57597,-12.208648,36 days 16:00:00,68 days 18:00:00,1.508484,6814.784124,0.308805,0.088177,1.1348,0.48766
PANSARI,Success,0.0054258000000118045,0.014051799999833747,0.0008265000005849288,0.05593760000010661,0.07680959999925108,2016-10-18 09:15:00,2025-06-26 09:15:00,1094 days 00:00:00,100000.0,121787.066623,21.787067,896.943231,100.0,842.32502,34.345697,862 days 00:00:00,4.0,4.0,0.0,0.0,50.0,39.143638,-15.969987,30.085389,-14.948644,10 days 12:00:00,15 days 12:00:00,1.651228,5446.766656,0.464738,0.197905,1.296105,0.738027
PAR,Success,0.0054132000004756264,0.013567899999543442,0.001376199999867822,0.055856999999377877,0.07659989999956451,2019-05-30 09:15:00,2025-06-26 09:15:00,1312 days 00:00:00,100000.0,64595.268707,-35.404731,263.96498,100.0,942.360213,48.545672,878 days 00:00:00,5.0,5.0,0.0,0.0,20.0,16.923406,-22.183469,16.923406,-13.597239,13 days 00:00:00,25 days 06:00:00,0.323191,-7080.946259,-0.78481,-0.235822,0.694454,-1.074973
PARACABLES,Success,0.01324560000011843,0.015082299999448878,0.0013318999999683,0.05367309999928693,0.08371929999975691,2007-01-03 09:15:00,2025-06-26 09:15:00,4460 days 00:00:00,100000.0,79543.770938,-20.456229,28.406525,100.0,1652.353361,47.83576,2220 days 00:00:00,10.0,10.0,0.0,0.0,30.0,51.06795,-22.590125,40.088643,-16.078055,45 days 16:00:00,18 days 00:00:00,0.799059,-2045.622906,-0.017791,-0.03879,0.989684,-0.02844
PARADEEP,Success,0.004823599999326689,0.01646549999986746,0.0013024999998378917,0.05548519999956625,0.078525200000513,2022-05-27 09:15:00,2025-06-26 09:15:00,766 days 00:00:00,100000.0,85765.75891,-14.234241,265.694744,100.0,370.327062,14.68088,657 days 00:00:00,2.0,2.0,0.0,0.0,0.0,-7.073916,-7.720129,,-7.397023,,6 days 00:00:00,0.0,-7117.120545,-1.368907,-0.480587,0.152696,-1.3908
PARAGMILK,Success,0.008010100000319653,0.012942700000166951,0.0008880999994289596,0.05791669999962323,0.0801422000004095,2016-05-19 09:15:00,2025-06-26 09:15:00,2256 days 00:00:00,100000.0,91038.114799,-8.961885,-9.109312,100.0,869.074248,30.456056,1836 days 00:00:00,4.0,4.0,0.0,0.0,25.0,24.198637,-10.418693,24.198637,-9.836628,85 days 00:00:00,25 days 16:00:00,0.729545,-2240.4713,-0.07703,-0.049501,0.959085,-0.121593
PARAS,Success,0.004749000000629167,0.01399440000022878,0.0008378000002267072,0.061447499999303545,0.08208079999985785,2021-10-01 09:15:00,2025-06-26 09:15:00,927 days 00:00:00,100000.0,102375.901529,2.375902,227.58655,100.0,610.003457,15.426536,331 days 00:00:00,3.0,3.0,0.0,0.0,33.333333,26.765997,-10.146717,26.765997,-10.134216,9 days 00:00:00,24 days 12:00:00,1.109693,791.967176,0.135072,0.060211,1.090385,0.235953
PARASPETRO,Success,0.01170780000029481,0.02014919999965059,0.002391699999861885,0.06488380000064353,0.0996169000000009,1999-02-11 09:15:00,2025-06-26 09:15:00,2625 days 00:00:00,100000.0,102725.108372,2.725108,154.0,100.0,2058.542935,84.977474,884 days 00:00:00,9.0,9.0,0.0,0.0,55.555556,199.300599,-63.072328,53.484262,-31.182871,26 days 14:24:00,107 days 18:00:00,1.011158,302.789819,0.6093,0.004408,1.241795,0.96518
PARKHOTELS,Success,0.004701899999417947,0.019859600000017963,0.0008551000000807107,0.06215350000002218,0.0879932000007102,2024-02-12 09:15:00,2025-06-26 09:15:00,341 days 00:00:00,100000.0,100000.0,0.0,-19.14026,0.0,0.0,,,0.0,0.0,0.0,0.0,,,,,,,,,,inf,,inf,inf
PARSVNATH,Success,0.018266400000356953,0.01980320000075153,0.0022372000003088033,0.06864909999967495,0.10956629999964207,2006-11-30 09:15:00,2025-06-26 09:15:00,4585 days 00:00:00,100000.0,272966.261028,172.966261,-92.667174,100.0,3084.444812,40.396988,2286 days 00:00:00,10.0,10.0,0.0,0.0,50.0,48.429168,-15.754935,38.094357,-11.136544,16 days 09:35:59,13 days 09:36:00,3.093295,17296.626103,0.714801,0.206011,1.646204,1.269625
PASUPTAC,Success,0.0059314999998605344,0.01506509999944683,0.0009921000000758795,0.05828939999992144,0.08067690000007133,2021-10-12 09:15:00,2025-06-26 09:15:00,920 days 00:00:00,100000.0,110159.806467,10.159806,39.269279,100.0,547.185079,32.024878,388 days 00:00:00,3.0,3.0,0.0,0.0,33.333333,37.672752,-11.54182,37.672752,-10.541226,197 days 00:00:00,27 days 00:00:00,1.508946,3386.602156,0.273982,0.122204,1.091089,0.476007
PATANJALI,Success,0.0058675999998740735,0.014822399999502522,0.0009457999994992861,0.05602420000013808,0.07805999999982305,2020-01-27 09:15:00,2025-06-26 09:15:00,1346 days 00:00:00,100000.0,107957.308983,7.957309,9620.0,100.0,390.556688,10.852775,648 days 00:00:00,2.0,2.0,0.0,0.0,50.0,18.268647,-8.713189,18.268647,-8.713189,62 days 00:00:00,5 days 00:00:00,1.914162,3978.654492,0.304708,0.193311,1.196793,0.507271
PATELENG,Success,0.01586669999960577,0.015496399999392452,0.0017052000002877321,0.06026110000038898,0.09373699999923701,2005-02-24 09:15:00,2025-06-26 09:15:00,5027 days 00:00:00,100000.0,37567.587321,-62.432413,-54.487916,100.0,1455.232387,74.212042,3819 days 00:00:00,9.0,9.0,0.0,0.0,11.111111,33.318378,-22.585284,33.318378,-14.550851,32 days 00:00:00,28 days 21:00:00,0.347743,-6936.934742,-0.54897,-0.092461,0.701318,-0.66129
PATINTLOG,Success,0.016123899999911373,0.015595300000313728,0.00105729999995674,0.060326099999656435,0.09351380000043719,2008-01-11 09:15:00,2025-06-26 09:15:00,4142 days 00:00:00,100000.0,36072.45607,-63.927544,-61.252379,100.0,1029.424389,73.215362,3556 days 00:00:00,9.0,9.0,0.0,0.0,11.111111,48.930162,-23.809673,48.930162,-16.165765,12 days 00:00:00,53 days 00:00:00,0.245296,-7103.060437,-0.3049,-0.117371,0.873242,-0.467633
PAVNAIND,Success,0.004504600000473147,0.013800200000332552,0.0007782999991832185,0.05822020000050543,0.07768870000018069,2023-06-01 09:15:00,2025-06-26 09:15:00,515 days 00:00:00,100000.0,86695.018655,-13.304981,29.267151,100.0,186.6819,14.249326,140 days 00:00:00,1.0,1.0,0.0,0.0,0.0,-13.318286,-13.318286,,-13.318286,,24 days 00:00:00,0.0,-13304.981345,-1.598578,-0.675386,0.276224,-1.659024
PAYTM,Success,0.005794400000013411,0.014575399999557703,0.0012776000003213994,0.055991700000049605,0.07807749999938096,2021-11-18 09:15:00,2025-06-26 09:15:00,895 days 00:00:00,100000.0,113871.696988,13.871697,-41.328165,100.0,398.814222,12.028167,229 days 00:00:00,2.0,2.0,0.0,0.0,50.0,23.17545,-7.543409,23.17545,-7.543409,55 days 00:00:00,16 days 00:00:00,2.840755,6935.848494,0.509421,0.452315,1.275676,0.869373
PCBL,Success,0.01930640000045969,0.015424899999743502,0.001319300000432122,0.05163830000037706,0.08808030000000144,1995-01-06 09:15:00,2025-06-26 09:15:00,6974 days 00:00:00,100000.0,83405.779955,-16.59422,4981.212121,100.0,2205.30664,72.006537,6147 days 00:00:00,15.0,15.0,0.0,0.0,33.333333,41.132404,-25.478751,33.535477,-14.812732,53 days 19:12:00,15 days 12:00:00,0.86754,-1106.281336,0.022786,-0.013126,1.014837,0.032107
PCJEWELLER,Success,0.01146249999965221,0.013699600000109058,0.0013242000004538568,0.05567259999952512,0.08258240000031947,2012-12-27 09:15:00,2025-06-26 09:15:00,3090 days 00:00:00,100000.0,98721.533027,-1.278467,63.672922,100.0,1999.774004,50.367288,1213 days 00:00:00,9.0,9.0,0.0,0.0,33.333333,37.135951,-13.827483,30.160696,-12.489954,56 days 08:00:00,20 days 00:00:00,0.985431,-142.051886,0.08957,-0.003015,1.040502,0.12942
PDMJEPAPER,Success,0.009604699999727018,0.016263200000139477,0.0016172999994523707,0.05986829999983456,0.08780549999937648,2016-03-30 09:15:00,2025-06-26 09:15:00,2289 days 00:00:00,100000.0,178424.069855,78.42407,640.503145,100.0,1649.015567,36.180826,1958 days 00:00:00,6.0,6.0,0.0,0.0,50.0,55.795914,-17.279695,40.180181,-13.107759,60 days 16:00:00,45 days 08:00:00,2.371338,13070.678309,0.50277,0.267328,1.205114,0.814005
PDSL,Success,0.009464299999308423,0.015015600000879203,0.0012192000003778958,0.05758280000009108,0.08370040000045265,2014-10-21 09:15:00,2025-06-26 09:15:00,2640 days 00:00:00,100000.0,55095.14563,-44.904854,750.705412,100.0,1072.849235,44.904854,2565 days 00:00:00,7.0,7.0,0.0,0.0,0.0,-3.277024,-11.243682,,-8.132132,,17 days 20:34:17,0.0,-6414.979196,-1.180134,-0.176176,0.451837,-1.408918
PEARLPOLY,Success,0.01600640000015119,0.020231800000146904,0.0019156000007569673,0.06282710000050429,0.10139350000008562,1999-01-01 09:15:00,2025-06-26 09:15:00,5681 days 00:00:00,100000.0,213252.669645,113.25267,253.409091,100.0,5609.023647,55.23818,1990 days 00:00:00,13.0,13.0,0.0,0.0,38.461538,86.654829,-24.466925,56.426799,-16.492782,48 days 09:36:00,25 days 00:00:00,1.370862,8711.743819,0.311898,0.090263,1.184049,0.543028
PEL,Success,0.016825100000460225,0.0171650000002046,0.0011477999996714061,0.05724890000055893,0.09277840000049764,2008-06-19 09:15:00,2025-06-26 09:15:00,4203 days 00:00:00,100000.0,126487.250751,26.487251,504.610155,100.0,1665.748286,34.646425,3926 days 00:00:00,9.0,9.0,0.0,0.0,33.333333,29.497071,-11.629144,28.795441,-8.344752,66 days 00:00:00,11 days 20:00:00,1.563106,2943.027861,0.233195,0.059502,1.147357,0.348826
PENIND,Success,0.012243600000147126,0.013141000000359782,0.000983500000074855,0.05542830000013055,0.08220979999987321,2010-11-25 09:15:00,2025-06-26 09:15:00,3606 days 00:00:00,100000.0,213753.197069,113.753197,376.421248,100.0,2731.794554,33.706477,2210 days 00:00:00,10.0,10.0,0.0,0.0,50.0,37.270055,-15.587098,32.675233,-12.161233,24 days 09:36:00,16 days 04:48:00,2.310868,11375.319707,0.517506,0.237122,1.384053,0.887667
PENINLAND,Success,0.014857499999379797,0.014554700000189769,0.0017705000000205473,0.0538579000003665,0.08542690000012954,2006-06-09 09:15:00,2025-06-26 09:15:00,4705 days 00:00:00,100000.0,65515.600311,-34.4844,-64.317293,100.0,2495.912529,65.93851,3820 days 00:00:00,12.0,12.0,0.0,0.0,25.0,46.640569,-17.290108,37.271549,-14.077846,25 days 08:00:00,32 days 16:00:00,0.75138,-2873.699974,-0.12175,-0.048945,0.94191,-0.182357
PERSISTENT,Success,0.012540800000351737,0.014890999999806809,0.0010530999998081825,0.05420869999943534,0.08351719999973284,2010-04-06 09:15:00,2025-06-26 09:15:00,3771 days 00:00:00,100000.0,142556.24917,42.556249,5860.870994,100.0,3373.859934,23.86543,1112 days 00:00:00,12.0,12.0,0.0,0.0,33.333333,32.001775,-7.313939,25.082696,-6.482285,32 days 00:00:00,10 days 21:00:00,1.552218,3546.354097,0.381142,0.146298,1.252724,0.639104
PETRONET,Success,0.015041699999528646,0.013934099999460159,0.0015558000004602945,0.06306800000038493,0.09416450000026089,2004-03-26 09:15:00,2025-06-26 09:15:00,5257 days 00:00:00,100000.0,141638.321128,41.638321,3992.832765,100.0,3212.110191,51.282496,4576 days 00:00:00,17.0,17.0,0.0,0.0,41.176471,27.221452,-20.417004,20.872657,-9.123249,77 days 10:17:08,32 days 12:00:00,1.46493,2449.313008,0.240403,0.047704,1.095003,0.338366
PFC,Success,0.013922000000093249,0.014498200000161887,0.0010809999994307873,0.2380721999998059,0.2679618999991362,2007-02-23 09:15:00,2025-06-26 09:15:00,4533 days 00:00:00,100000.0,55772.369963,-44.22763,840.998657,100.0,1728.854633,56.298702,3810 days 00:00:00,13.0,13.0,0.0,0.0,15.384615,39.979624,-13.680547,30.695144,-9.611057,66 days 00:00:00,39 days 04:21:49,0.407396,-3402.125387,-0.207915,-0.081578,0.923965,-0.276166
PFIZER,Success,0.019206999999369145,0.01906299999973271,0.0021692000000257394,0.06371570000010252,0.10456319999957486,1994-12-09 09:15:00,2025-06-26 09:15:00,7503 days 00:00:00,100000.0,113729.023314,13.729023,2811.538462,100.0,6193.625561,59.460016,6473 days 00:00:00,30.0,30.0,0.0,0.0,33.333333,37.308091,-23.988451,20.38879,-8.109551,49 days 09:36:00,31 days 14:24:00,1.074953,457.63411,0.114559,0.010558,1.047286,0.172859
PFOCUS,Success,0.01580759999978909,0.016533099999833212,0.001540499999464373,0.058691400000498106,0.09301490000052581,2006-06-20 09:15:00,2025-06-26 09:15:00,4660 days 00:00:00,100000.0,139626.159288,39.626159,249.624417,100.0,2378.17174,59.803802,4273 days 00:00:00,11.0,11.0,0.0,0.0,45.454545,45.248524,-27.08783,30.610651,-14.736137,38 days 09:36:00,31 days 12:00:00,1.362508,3602.378117,0.237564,0.044295,1.139034,0.360864
PFS,Success,0.016530599999896367,0.017222700000274926,0.001337200000307348,0.05952330000036454,0.09513689999948838,2011-03-30 09:15:00,2025-06-26 09:15:00,3521 days 00:00:00,100000.0,129089.669445,29.089669,72.329317,100.0,1653.576098,21.302401,872 days 00:00:00,7.0,7.0,0.0,0.0,42.857143,29.036844,-14.647396,25.132199,-9.828555,24 days 16:00:00,19 days 06:00:00,1.569404,4155.667064,0.290924,0.125914,1.251868,0.574709
PGEL,Success,0.013065699999970093,0.015986299999894982,0.0010867999999391031,0.05697729999974399,0.08751099999972212,2011-09-26 09:15:00,2025-06-26 09:15:00,3397 days 00:00:00,100000.0,402196.583096,302.196583,1713.989931,100.0,4939.273825,36.177361,535 days 00:00:00,13.0,13.0,0.0,0.0,53.846154,59.603254,-14.962804,37.240728,-12.456163,26 days 03:25:42,8 days 04:00:00,3.312007,23245.891007,0.859971,0.445867,1.609301,1.631579
PGHH,Success,0.014002399999299087,0.013736499999140506,0.0016713000004529022,0.055372300000271935,0.08517100000062783,2004-07-08 09:15:00,2025-06-26 09:15:00,5183 days 00:00:00,100000.0,91812.637232,-8.187363,3380.098625,100.0,2990.462307,35.789041,4602 days 00:00:00,15.0,15.0,0.0,0.0,26.666667,19.761547,-8.432396,17.477988,-6.405742,69 days 18:00:00,43 days 02:10:54,0.886496,-545.824185,-0.005651,-0.016758,0.997838,-0.00842
PGHL,Success,0.015729100000498875,0.015895099999397644,0.0011428999996496714,0.055669899999884365,0.08920140000009269,2007-11-05 09:15:00,2025-06-26 09:15:00,4357 days 00:00:00,100000.0,223518.693348,123.518693,1401.602731,100.0,3838.771272,20.003421,646 days 00:00:00,13.0,13.0,0.0,0.0,53.846154,27.533478,-8.778249,19.596089,-7.126895,90 days 10:17:08,25 days 00:00:00,2.916847,9501.43795,0.54714,0.348455,1.231993,0.930869
PGIL,Success,0.014114700000391167,0.01595369999995455,0.001067000000148255,0.057100899999568355,0.08869060000051832,2007-02-15 09:15:00,2025-06-26 09:15:00,4532 days 00:00:00,100000.0,149514.63259,49.514633,613.045674,100.0,1766.181314,36.042508,2585 days 00:00:00,7.0,7.0,0.0,0.0,42.857143,42.773385,-13.928902,34.561045,-11.390602,41 days 08:00:00,32 days 12:00:00,1.813329,7073.518941,0.284616,0.09135,1.191032,0.463446
PHOENIXLTD,Success,0.014188600000125007,0.013927800000601565,0.0010884999992413213,0.05642619999980525,0.08629490000021178,2007-04-23 09:15:00,2025-06-26 09:15:00,4492 days 00:00:00,100000.0,160395.524573,60.395525,904.505895,100.0,2085.615131,44.179352,3235 days 00:00:00,11.0,11.0,0.0,0.0,45.454545,39.314427,-17.220059,27.574984,-11.525344,63 days 19:12:00,68 days 08:00:00,1.943124,5490.502234,0.319359,0.088588,1.121024,0.479085
PIDILITIND,Success,0.016778700000031677,0.01424349999979313,0.0012378999999782536,0.05681220000042231,0.08946259999993345,1999-01-01 09:15:00,2025-06-26 09:15:00,6539 days 00:00:00,100000.0,512644.196421,412.644196,24011.776447,100.0,19634.305958,31.437063,1687 days 00:00:00,29.0,29.0,0.0,0.0,48.275862,35.19203,-14.03981,22.262571,-7.35709,45 days 00:00:00,15 days 06:24:00,2.06951,14229.110221,0.747393,0.303852,1.353397,1.197266
PIGL,Success,0.0050188999994134065,0.013691400000425347,0.0008185999995475868,0.05346339999960037,0.07338329999947746,2018-05-08 09:15:00,2025-06-26 09:15:00,988 days 00:00:00,100000.0,70231.687599,-29.768312,387.953037,100.0,1020.3261,49.683569,760 days 00:00:00,5.0,5.0,0.0,0.0,20.0,33.242311,-15.491703,33.242311,-14.80151,6 days 00:00:00,7 days 12:00:00,0.527318,-5953.66248,-0.600878,-0.246328,0.692171,-0.751406
PIIND,Success,0.0125716000002285,0.015011899999990419,0.0015943000007609953,0.06288429999949585,0.0924923000002309,2011-06-15 09:15:00,2025-06-26 09:15:00,3465 days 00:00:00,100000.0,88348.155056,-11.651845,5633.047191,100.0,2573.595294,30.337673,2499 days 00:00:00,13.0,13.0,0.0,0.0,23.076923,27.360938,-11.227974,23.610668,-7.29559,56 days 00:00:00,29 days 19:12:00,0.844156,-896.295765,0.005156,-0.042736,1.002018,0.006901
PILANIINVS,Success,0.011672300000100222,0.014249000000745582,0.0012384999999994761,0.06630070000028354,0.09449179999955959,2015-12-09 09:15:00,2025-06-26 09:15:00,2358 days 00:00:00,100000.0,187775.568435,87.775568,387.335807,100.0,1548.732637,8.079613,711 days 00:00:00,6.0,6.0,0.0,0.0,66.666667,24.078368,-8.087693,21.504218,-7.109009,27 days 00:00:00,1 days 12:00:00,6.0149,14629.261406,0.958515,1.267953,2.153049,2.423322
PILITA,Success,0.009260800000447489,0.016251699999884295,0.001010800000585732,0.06193349999921338,0.08895610000035958,2015-09-03 09:15:00,2025-06-26 09:15:00,2427 days 00:00:00,100000.0,75591.07561,-24.408924,256.959055,100.0,777.598561,44.103387,2124 days 00:00:00,5.0,5.0,0.0,0.0,20.0,44.760119,-20.209837,44.760119,-14.938744,59 days 00:00:00,11 days 18:00:00,0.520034,-4881.784878,-0.375326,-0.093442,0.788651,-0.488071
PIONEEREMB,Success,0.02006729999993695,0.01912220000031084,0.0016138999999384396,0.06648210000003019,0.10816000000068016,2006-05-16 09:15:00,2025-06-26 09:15:00,4416 days 00:00:00,100000.0,97931.214839,-2.068785,-54.832987,100.0,1780.469377,58.740459,2443 days 00:00:00,8.0,8.0,0.0,0.0,37.5,45.276578,-19.598281,34.715398,-16.579115,28 days 16:00:00,39 days 14:24:00,0.979567,-258.598145,0.093976,-0.002939,1.055976,0.150786
PITTIENG,Success,0.01987470000040048,0.021290399999998044,0.0011832999998659943,0.05985010000040347,0.10259429999950953,2007-02-02 09:15:00,2025-06-26 09:15:00,4444 days 00:00:00,100000.0,246929.668916,146.929669,2175.043986,100.0,4579.936243,49.587081,1640 days 00:00:00,14.0,14.0,0.0,0.0,42.857143,52.331171,-16.065685,37.821544,-11.787767,100 days 12:00:00,29 days 09:00:00,1.958857,10494.976351,0.430453,0.15542,1.16075,0.748252
PIXTRANS,Success,0.004675799999859009,0.01416869999957271,0.0013656999999511754,0.055139000000053784,0.07574600000043574,2022-04-28 09:15:00,2025-06-26 09:15:00,786 days 00:00:00,100000.0,106066.192415,6.066192,55.939096,100.0,538.412676,28.291609,266 days 00:00:00,3.0,3.0,0.0,0.0,33.333333,33.381115,-13.384465,33.381115,-10.787263,49 days 00:00:00,70 days 00:00:00,1.296505,2022.064138,0.232301,0.098001,1.079542,0.387975
PKTEA,Success,0.007438900000124704,0.013560700000198267,0.001231299999744806,0.056003400000008696,0.07861569999931817,2015-10-06 09:15:00,2025-06-26 09:15:00,2356 days 00:00:00,100000.0,95317.11758,-4.682882,164.461153,100.0,857.841869,45.074743,2126 days 00:00:00,5.0,5.0,0.0,0.0,20.0,57.756827,-13.888379,57.756827,-11.813343,31 days 00:00:00,34 days 18:00:00,0.890286,-936.576484,0.043353,-0.016423,1.023007,0.061956
PLASTIBLEN,Success,0.014117400000031921,0.014563900000212016,0.0010734000006777933,0.054131900000356836,0.08427000000028784,2006-12-28 09:15:00,2025-06-26 09:15:00,4305 days 00:00:00,100000.0,116133.048884,16.133049,356.080233,100.0,2697.177769,35.490766,1695 days 00:00:00,12.0,12.0,0.0,0.0,33.333333,40.531606,-18.970108,31.023328,-10.84472,88 days 06:00:00,18 days 12:00:00,1.156002,1344.42074,0.159813,0.035958,1.073865,0.237672
PLATIND,Success,0.003936500000236265,0.015360899999905087,0.00107060000027559,0.05492750000030355,0.07568020000053366,2024-03-05 09:15:00,2025-06-26 09:15:00,324 days 00:00:00,100000.0,88718.996795,-11.281003,25.632911,100.0,188.707904,31.583661,131 days 00:00:00,1.0,1.0,0.0,0.0,0.0,-11.292284,-11.292284,,-11.292284,,74 days 00:00:00,0.0,-11281.003205,-0.298383,-0.399405,0.923729,-0.400872
PLAZACABLE,Success,0.00407329999961803,0.014695300000312272,0.0008103000000119209,0.054500199999893084,0.0744540000005145,2023-10-12 09:15:00,2025-06-26 09:15:00,424 days 00:00:00,100000.0,100000.0,0.0,-24.551119,0.0,0.0,,,0.0,0.0,0.0,0.0,,,,,,,,,,inf,,inf,inf
PNB,Success,0.01542040000003908,0.01384299999972427,0.001520199999504257,0.05845740000040678,0.08976559999973688,2002-04-26 09:15:00,2025-06-26 09:15:00,5736 days 00:00:00,100000.0,97937.466557,-2.062533,1324.262735,100.0,3355.999881,37.569581,3018 days 00:00:00,19.0,19.0,0.0,0.0,26.315789,34.256189,-9.879037,25.610192,-7.913905,35 days 04:48:00,17 days 18:51:25,0.979841,-108.554392,0.054702,-0.003528,1.029732,0.077513
PNBGILTS,Success,0.01725319999968633,0.015054799999234092,0.0014590999999199994,0.052001000000018394,0.08629649999966205,2000-09-21 09:15:00,2025-06-26 09:15:00,6026 days 00:00:00,100000.0,83669.895731,-16.330104,605.668411,100.0,2612.810945,36.920273,3218 days 00:00:00,13.0,13.0,0.0,0.0,23.076923,37.946559,-17.258573,31.068503,-9.337954,65 days 00:00:00,31 days 12:00:00,0.82991,-1256.161867,0.00104,-0.029093,1.000621,0.001584
PNBHOUSING,Success,0.010676899999452871,0.010964200000671553,0.0005466000002343208,0.04162739999992482,0.06422699999984616,2016-11-07 09:15:00,2025-06-26 09:15:00,2141 days 00:00:00,100000.0,125076.066679,25.076067,50.469651,100.0,2185.554811,28.303121,941 days 00:00:00,8.0,8.0,0.0,0.0,37.5,31.996035,-13.196939,27.131219,-9.401823,25 days 16:00:00,13 days 19:12:00,1.361839,3134.508335,0.339644,0.137378,1.2143,0.573241
PNC,Success,0.01779019999958109,0.019649800000479445,0.0015210999999908381,0.06438040000011824,0.10382709999976214,2000-12-11 09:15:00,2025-06-26 09:15:00,5884 days 00:00:00,100000.0,37005.510339,-62.99449,-83.838933,100.0,2522.804176,81.304276,4980 days 00:00:00,12.0,12.0,0.0,0.0,16.666667,71.673119,-29.040477,66.533994,-18.077158,64 days 12:00:00,37 days 21:36:00,0.686197,-5249.540805,-0.140443,-0.073556,0.932008,-0.209975
PNCINFRA,Success,0.009913699999742676,0.01697630000035133,0.0016237999998338637,0.06235920000017359,0.09133250000013504,2015-05-26 09:15:00,2025-06-26 09:15:00,2499 days 00:00:00,100000.0,87519.320122,-12.48068,320.665742,100.0,801.41924,39.300069,2159 days 00:00:00,5.0,5.0,0.0,0.0,20.0,32.143833,-11.127576,32.143833,-9.784483,43 days 00:00:00,12 days 12:00:00,0.630241,-2496.135976,-0.127127,-0.049066,0.897551,-0.22003
PNGJL,Success,0.003870299999107374,0.014870300000438874,0.0011825999999928172,0.06112269999994169,0.08148760000040056,2024-09-17 09:15:00,2025-06-26 09:15:00,193 days 00:00:00,100000.0,100000.0,0.0,-27.001135,0.0,0.0,,,0.0,0.0,0.0,0.0,,,,,,,,,,inf,,inf,inf
POCL,Success,0.006033699999534292,0.01656150000053458,0.001494000000093365,0.057093499999609776,0.08157040000060078,2023-03-06 09:15:00,2025-06-26 09:15:00,572 days 00:00:00,100000.0,178597.509048,78.597509,372.751376,100.0,527.19307,14.194874,76 days 00:00:00,2.0,2.0,0.0,0.0,100.0,43.774674,24.282476,34.028575,,56 days 00:00:00,,inf,39298.754524,1.382576,3.155038,1.775575,3.421252
PODDARMENT,Success,0.008062999999310705,0.013543899999604037,0.0015881999997873208,0.05404640000051586,0.07762690000072325,2016-11-22 09:15:00,2025-06-26 09:15:00,2131 days 00:00:00,100000.0,126379.933908,26.379934,58.296738,100.0,226.40654,16.857335,126 days 00:00:00,1.0,1.0,0.0,0.0,100.0,26.406314,26.406314,26.406314,,163 days 00:00:00,,inf,26379.933908,0.441807,0.242717,1.284334,0.88365
POKARNA,Success,0.00826740000047721,0.013388800000029732,0.001007299999400857,0.056796099999701255,0.07984659999965515,2016-07-07 09:15:00,2025-06-26 09:15:00,2222 days 00:00:00,100000.0,120385.990679,20.385991,462.693587,100.0,394.333582,30.556623,1595 days 00:00:00,2.0,2.0,0.0,0.0,50.0,38.471364,-13.049631,38.471364,-13.049631,40 days 00:00:00,128 days 00:00:00,2.563751,10192.995339,0.27155,0.101274,1.160168,0.434608
POLICYBZR,Success,0.004708700000264798,0.013252299999294337,0.001202999999804888,0.053305899999941175,0.07285669999964739,2021-11-15 09:15:00,2025-06-26 09:15:00,898 days 00:00:00,100000.0,106328.857783,6.328858,52.549281,100.0,634.403221,31.143861,118 days 00:00:00,3.0,3.0,0.0,0.0,33.333333,28.578905,-11.687904,28.578905,-9.022939,26 days 00:00:00,48 days 00:00:00,1.310115,2109.619261,0.226026,0.081097,1.08995,0.320007
POLYCAB,Success,0.006859999999505817,0.01618010000038339,0.000989099999969767,0.05439750000005006,0.07881330000054731,2019-04-16 09:15:00,2025-06-26 09:15:00,1535 days 00:00:00,100000.0,227067.598675,127.067599,887.858903,100.0,3542.278129,27.256577,383 days 00:00:00,9.0,9.0,0.0,0.0,66.666667,31.049388,-11.844996,19.586388,-7.81816,72 days 20:00:00,19 days 00:00:00,3.214607,14118.622075,1.000469,0.789951,1.301752,1.508353
POLYMED,Success,0.012292999999772292,0.013898799999878975,0.0010003999996115454,0.05615929999930813,0.08389590000024327,2011-12-07 09:15:00,2025-06-26 09:15:00,3349 days 00:00:00,100000.0,91546.646494,-8.453354,6481.620244,100.0,1884.389125,34.442997,3200 days 00:00:00,10.0,10.0,0.0,0.0,30.0,26.45086,-12.749689,24.665575,-10.132908,49 days 08:00:00,30 days 03:25:42,0.880673,-845.335351,0.020997,-0.027813,1.010191,0.029656
POLYPLEX,Success,0.015866400000049907,0.014537199999722361,0.001211400000102003,0.056474299999536015,0.08847960000002786,1999-01-01 09:15:00,2025-06-26 09:15:00,6317 days 00:00:00,100000.0,113294.280413,13.29428,27240.0,100.0,3715.115946,54.858684,4364 days 00:00:00,21.0,21.0,0.0,0.0,33.333333,36.697485,-28.908308,26.544756,-10.077268,44 days 00:00:00,21 days 17:08:34,1.098191,633.060972,0.122096,0.013194,1.064926,0.195575
PONNIERODE,Success,0.01657829999930982,0.01303630000074918,0.0011338999993313337,0.051549400000112655,0.0828166000001147,2002-04-16 09:15:00,2025-06-26 09:15:00,5457 days 00:00:00,100000.0,137276.341561,37.276342,3231.0,100.0,3522.358053,48.416126,2844 days 00:00:00,12.0,11.0,1.0,1459.667088,27.272727,106.463204,-16.437385,66.038433,-13.291509,132 days 16:00:00,13 days 21:00:00,1.198084,3256.061316,0.221809,0.044236,1.110645,0.359909
POONAWALLA,Success,0.014668300000266754,0.019430000000284053,0.0014977999999246094,0.05721929999981512,0.09329669999988255,2004-04-27 09:15:00,2025-06-26 09:15:00,5173 days 00:00:00,100000.0,117525.393653,17.525394,8893.0,100.0,2698.918397,38.198592,2897 days 00:00:00,14.0,14.0,0.0,0.0,28.571429,41.233076,-14.964208,35.192163,-9.838006,73 days 18:00:00,36 days 07:11:59,1.178689,1251.813832,0.156488,0.029999,1.06929,0.240114
POWERGRID,Success,0.018746900000223832,0.019791300000179035,0.001804400000764872,0.06823210000038671,0.109016999999767,2007-10-05 09:15:00,2025-06-26 09:15:00,4379 days 00:00:00,100000.0,123717.267306,23.717267,418.665783,100.0,2040.856378,23.628312,2035 days 00:00:00,10.0,10.0,0.0,0.0,40.0,20.898198,-12.384764,16.827352,-6.531,47 days 06:00:00,50 days 20:00:00,1.581072,2371.726731,0.226263,0.075748,1.100467,0.327954
POWERINDIA,Success,0.007532800000262796,0.01722220000010566,0.0012668000008488889,0.06452129999979661,0.09097769999971206,2020-03-30 09:15:00,2025-06-26 09:15:00,1302 days 00:00:00,100000.0,337283.195515,237.283196,2622.829132,100.0,3536.703971,23.892431,302 days 00:00:00,8.0,8.0,0.0,0.0,75.0,37.821738,-10.385186,26.904509,-9.661006,38 days 16:00:00,40 days 12:00:00,5.112788,29660.399439,1.53496,1.699711,1.579391,2.929399
POWERMECH,Success,0.01078979999965668,0.01938960000006773,0.001551100000142469,0.06422380000003614,0.09636030000001483,2015-08-26 09:15:00,2025-06-26 09:15:00,2432 days 00:00:00,100000.0,86431.68227,-13.568318,975.850311,100.0,1062.939465,36.672583,881 days 00:00:00,5.0,5.0,0.0,0.0,20.0,27.999403,-11.040791,27.999403,-9.343685,45 days 00:00:00,22 days 18:00:00,0.673365,-2713.663546,-0.125572,-0.059027,0.929128,-0.174004
PPAP,Success,0.01704669999980979,0.022291299999778857,0.00130410000019765,0.056492400000024645,0.09753749999981665,2008-01-11 09:15:00,2025-06-26 09:15:00,4247 days 00:00:00,100000.0,120189.618894,20.189619,79.177063,100.0,3451.739746,50.560375,2137 days 00:00:00,10.0,10.0,0.0,0.0,30.0,45.528996,-14.354749,40.939439,-11.350987,66 days 16:00:00,28 days 03:25:42,1.135404,2018.961889,0.176662,0.031508,1.084659,0.282572
PPL,Success,0.005503899999894202,0.01482659999965108,0.0014614000001529348,0.05825180000010732,0.08042850000038015,2019-06-14 09:15:00,2025-06-26 09:15:00,1497 days 00:00:00,100000.0,94861.394576,-5.138605,327.436432,100.0,1836.524286,42.005243,773 days 00:00:00,8.0,7.0,1.0,-519.6112,28.571429,36.898312,-13.849522,31.130295,-11.069099,32 days 00:00:00,23 days 04:48:00,0.936359,-659.856318,0.015281,-0.030425,1.006343,0.026235
PPLPHARMA,Success,0.004450299999916751,0.016194499999983236,0.0007898000003478955,0.05883799999992334,0.08067620000019815,2022-10-19 09:15:00,2025-06-26 09:15:00,667 days 00:00:00,100000.0,101536.177289,1.536177,8.315545,100.0,560.24368,16.841213,430 days 00:00:00,3.0,3.0,0.0,0.0,33.333333,17.985614,-7.737332,17.985614,-7.231277,12 days 00:00:00,19 days 12:00:00,1.110288,512.059096,0.12899,0.049743,1.070651,0.203609
PRABHA,Skipped: Data rows 67 < 70,,,,,0.003604099999392929,,,,,,,,,,,,,,,,,,,,,,,,,,,,
PRAENG,Success,0.014155699999719218,0.015358399999968242,0.00123630000052799,0.05897299999924144,0.09013810000033118,2007-01-02 09:15:00,2025-06-26 09:15:00,4500 days 00:00:00,100000.0,81835.237358,-18.164763,-91.939934,100.0,1877.593122,56.087616,3676 days 00:00:00,13.0,13.0,0.0,0.0,30.769231,53.507281,-16.885483,32.925945,-13.631959,73 days 00:00:00,26 days 10:40:00,0.811368,-1397.289434,0.051355,-0.028755,1.021746,0.080612
PRAJIND,Success,0.016270299999632698,0.01623680000011518,0.0012592000002769055,0.055971199999476084,0.09032049999950686,1999-01-01 09:15:00,2025-06-26 09:15:00,6288 days 00:00:00,100000.0,333287.931349,233.287931,65750.162866,100.0,15595.967123,65.238395,5077 days 00:00:00,25.0,25.0,0.0,0.0,40.0,79.857702,-22.509258,39.58515,-12.666732,54 days 00:00:00,21 days 01:36:00,1.360122,9331.517254,0.401543,0.110945,1.169213,0.672427
PRAKASH,Success,0.01610309999978199,0.01464750000013737,0.0015419999999721767,0.06036930000027496,0.09311949999937497,1999-01-01 09:15:00,2025-06-26 09:15:00,5799 days 00:00:00,100000.0,620757.067179,520.757067,6416.06887,100.0,15270.814755,53.991382,4290 days 00:00:00,14.0,14.0,0.0,0.0,42.857143,112.939758,-17.926204,69.858268,-13.928543,52 days 12:00:00,16 days 09:00:00,1.713337,37196.93337,0.542989,0.225556,1.360701,1.02476
PRAKASHSTL,Success,0.012783799999851908,0.013966100000288861,0.001120699999773933,0.05863260000023729,0.08690219999971305,2010-08-25 09:15:00,2025-06-26 09:15:00,3450 days 00:00:00,100000.0,73080.703017,-26.919297,-66.280011,100.0,349.617039,38.910043,2342 days 00:00:00,2.0,2.0,0.0,0.0,0.0,-11.730266,-17.235727,,-14.482997,,119 days 12:00:00,0.0,-13459.648492,-0.14568,-0.083871,0.920084,-0.240243
PRAXIS,Success,0.008161499999914668,0.015555500000118627,0.0010613000004013884,0.05045179999979155,0.07562760000018898,2018-01-31 09:15:00,2025-06-26 09:15:00,1780 days 00:00:00,100000.0,86186.008061,-13.813992,-90.391601,100.0,774.567185,28.91599,1346 days 00:00:00,4.0,4.0,0.0,0.0,25.0,26.324235,-13.462593,26.324235,-11.960519,46 days 00:00:00,6 days 00:00:00,0.622311,-3453.497985,-0.142241,-0.103832,0.907857,-0.224678
PRECAM,Success,0.0072755000001052395,0.016204999999899883,0.001084900000023481,0.058114600000408245,0.0831054000000222,2016-02-08 09:15:00,2025-06-26 09:15:00,2323 days 00:00:00,100000.0,200118.789354,100.118789,15.711468,100.0,1984.8975,32.164552,833 days 00:00:00,6.0,6.0,0.0,0.0,50.0,56.513115,-14.341785,43.741656,-12.125288,47 days 00:00:00,23 days 00:00:00,2.459126,16686.464892,0.585155,0.358054,1.367879,1.137544
PRECOT,Success,0.018149200000152632,0.01658270000007178,0.0017692000001261476,0.2922675999998319,0.32927509999990434,2006-11-02 09:15:00,2025-06-26 09:15:00,4423 days 00:00:00,100000.0,189311.061246,89.311061,170.690616,100.0,2592.057546,50.536328,999 days 00:00:00,11.0,11.0,0.0,0.0,45.454545,41.102648,-21.7986,31.725074,-11.295626,25 days 00:00:00,81 days 12:00:00,2.062466,8119.187386,0.332446,0.107012,1.137065,0.536493
PRECWIRE,Success,0.01775980000002164,0.013961000000563217,0.001285499999539752,0.05532779999975901,0.0891948999997112,1995-08-25 09:15:00,2025-06-26 09:15:00,6794 days 00:00:00,100000.0,213459.959281,113.459959,5205.667975,100.0,4304.923631,43.095523,4903 days 00:00:00,15.0,15.0,0.0,0.0,46.666667,39.457664,-22.608084,30.660698,-12.822535,49 days 17:08:34,17 days 12:00:00,1.713845,7563.997285,0.340364,0.096481,1.199762,0.557464
PREMEXPLN,Success,0.008290900000247348,0.013851400000021385,0.000935600000047998,0.05279160000009142,0.07624620000024152,2016-06-17 09:15:00,2025-06-26 09:15:00,2235 days 00:00:00,100000.0,67560.26578,-32.439734,704.150654,100.0,496.901347,32.439734,1189 days 00:00:00,3.0,3.0,0.0,0.0,0.0,-11.232672,-12.780348,,-12.262615,,11 days 08:00:00,0.0,-10813.24474,-0.609713,-0.191231,0.518122,-0.82775
PREMIER,Success,0.013906400000450958,0.014655099999799859,0.0010698999994929181,0.05505249999987427,0.08507280000048922,2005-07-08 09:15:00,2025-06-26 09:15:00,4563 days 00:00:00,100000.0,24522.123698,-75.477876,-90.526316,100.0,829.339945,76.052076,4509 days 00:00:00,8.0,8.0,0.0,0.0,0.0,-10.293354,-23.168753,,-16.023916,,29 days 21:00:00,0.0,-9434.734538,-0.623551,-0.139832,0.683881,-0.855742
PREMIERENE,Success,0.003730399999767542,0.013777399999526097,0.0007782000002407585,0.05544430000009015,0.07411030000002938,2024-09-03 09:15:00,2025-06-26 09:15:00,203 days 00:00:00,100000.0,102571.165455,2.571165,24.288603,100.0,99.9001,0.234972,1 days 00:00:00,1.0,0.0,1.0,2571.165455,,,,,,,,,,1.395718,19.876356,11.931752,14.658455
PREMIERPOL,Success,0.009001400000670401,0.01432589999967604,0.0009464000004300033,0.05450710000059189,0.07915539999976318,1999-03-22 09:15:00,2025-06-26 09:15:00,2331 days 00:00:00,100000.0,146571.899504,46.5719,8505.0,100.0,1459.417463,40.500449,834 days 00:00:00,6.0,6.0,0.0,0.0,50.0,52.879984,-22.286383,39.651843,-18.408452,47 days 16:00:00,81 days 16:00:00,1.631596,7761.983251,0.345804,0.15234,1.141997,0.632908
PRESTIGE,Success,0.012837199999921722,0.015154200000324636,0.0010932000004686415,0.05265699999927165,0.08212639999965177,2010-10-27 09:15:00,2025-06-26 09:15:00,3627 days 00:00:00,100000.0,282676.508381,182.676508,779.627278,100.0,3230.351016,26.640084,348 days 00:00:00,9.0,9.0,0.0,0.0,66.666667,36.24371,-15.183806,27.107057,-12.222778,112 days 20:00:00,13 days 00:00:00,3.455561,20297.38982,0.607283,0.413796,1.212168,0.98215
PRICOLLTD,Success,0.007501899999624584,0.013105100000757375,0.0009259999997084378,0.05417710000074294,0.07610899999963294,2017-02-10 09:15:00,2025-06-26 09:15:00,2074 days 00:00:00,100000.0,166767.650393,66.76765,363.217396,100.0,1250.235289,25.983893,573 days 00:00:00,5.0,5.0,0.0,0.0,60.0,34.37259,-11.587544,28.105676,-10.827682,24 days 08:00:00,4 days 12:00:00,3.428065,13353.530079,0.677892,0.362459,1.700214,1.309531
PRIMESECU,Success,0.015219200000501587,0.013823799999954645,0.0017496999998911633,0.06184750000011263,0.09327670000038779,2005-06-17 09:15:00,2025-06-26 09:15:00,4821 days 00:00:00,100000.0,56045.983465,-43.954017,733.792023,100.0,1143.878815,76.541182,4678 days 00:00:00,10.0,10.0,0.0,0.0,20.0,39.35705,-19.866934,38.593394,-14.225748,31 days 12:00:00,62 days 21:00:00,0.415933,-4395.401654,-0.076894,-0.056034,0.967655,-0.113556
PRINCEPIPE,Success,0.008123900000100548,0.01786160000028758,0.0009567000006427406,0.060323300000163727,0.08790779999981169,2019-12-30 09:15:00,2025-06-26 09:15:00,1366 days 00:00:00,100000.0,83506.380468,-16.49362,112.881978,100.0,658.661398,32.416132,967 days 00:00:00,4.0,4.0,0.0,0.0,25.0,16.748562,-12.238314,16.748562,-10.554292,56 days 00:00:00,40 days 16:00:00,0.420525,-4123.404883,-0.325828,-0.145055,0.867537,-0.43087
PRITI,Success,0.0058731999997689854,0.016876499999852967,0.0011487000001579872,0.060562300000128744,0.08487259999947128,2018-07-05 09:15:00,2025-06-26 09:15:00,964 days 00:00:00,100000.0,87583.961078,-12.416039,-3.284974,100.0,187.571733,18.613964,669 days 00:00:00,1.0,1.0,0.0,0.0,0.0,-12.428455,-12.428455,,-12.428455,,22 days 00:00:00,0.0,-12416.038922,-0.607154,-0.263012,0.601614,-0.759748
PRITIKAUTO,Success,0.0064860000002227025,0.019033600000511797,0.0015220000004774192,0.06047679999937827,0.0879464999998163,2021-08-10 09:15:00,2025-06-26 09:15:00,963 days 00:00:00,100000.0,85612.385269,-14.387615,-0.055096,100.0,185.598183,14.387615,847 days 00:00:00,1.0,1.0,0.0,0.0,0.0,-14.402002,-14.402002,,-14.402002,,18 days 00:00:00,0.0,-14387.614731,-1.294168,-0.39741,0.12833,-1.305631
PRIVISCL,Success,0.010442999999213498,0.01828179999938584,0.001170300000012503,0.055119200000262936,0.08539550000023155,2015-05-08 09:15:00,2025-06-26 09:15:00,2510 days 00:00:00,100000.0,143015.638799,43.015639,687.967625,100.0,1437.247522,28.622841,622 days 00:00:00,6.0,6.0,0.0,0.0,50.0,31.586192,-18.091825,26.618648,-10.824204,35 days 16:00:00,6 days 00:00:00,2.104684,7169.273133,0.445409,0.186584,1.448376,0.610535
PROTEAN,Success,0.00429450000046927,0.013337999999748718,0.000931999999920663,0.06093980000059673,0.08010980000017298,2025-02-06 09:15:00,2025-06-26 09:15:00,94 days 00:00:00,100000.0,100000.0,0.0,-41.654759,0.0,0.0,,,0.0,0.0,0.0,0.0,,,,,,,,,,inf,,inf,inf
PROZONER,Success,0.00941899999997986,0.01741200000014942,0.0012454999996407423,0.05568870000024617,0.08414559999982885,2014-10-07 09:15:00,2025-06-26 09:15:00,2653 days 00:00:00,100000.0,39700.926883,-60.299073,107.011494,100.0,918.635445,62.369923,1988 days 00:00:00,7.0,7.0,0.0,0.0,0.0,-9.21877,-16.834345,,-12.340548,,18 days 03:25:42,0.0,-8614.153302,-1.010605,-0.19136,0.5351,-1.248831
PRSMJOHNSN,Success,0.019457899999906658,0.014684099999612954,0.001549200000226847,0.05894590000025346,0.09503979999954026,1995-06-14 09:15:00,2025-06-26 09:15:00,7437 days 00:00:00,100000.0,19672.277501,-80.327722,1039.104478,100.0,1291.705245,86.520871,6881 days 00:00:00,20.0,20.0,0.0,0.0,20.0,30.856884,-23.812936,24.030078,-14.245994,51 days 00:00:00,38 days 00:00:00,0.15584,-4016.386125,-0.261749,-0.088648,0.888522,-0.368532
PRUDENT,Success,0.004718500000308268,0.02023639999970328,0.0008090000001175213,0.05074030000014318,0.07693339999968885,2022-05-20 09:15:00,2025-06-26 09:15:00,771 days 00:00:00,100000.0,121789.126611,21.789127,376.671117,100.0,489.827627,9.675434,125 days 00:00:00,2.0,2.0,0.0,0.0,50.0,34.042119,-9.127211,34.042119,-9.127211,41 days 00:00:00,3 days 00:00:00,2.783219,10894.563306,0.709396,1.010933,1.590315,1.344255
PRUDMOULI,Success,0.00386279999929684,0.01181170000018028,0.0007932999997137813,0.049202799999875424,0.06638130000010278,2023-12-22 09:15:00,2025-06-26 09:15:00,373 days 00:00:00,100000.0,92257.93703,-7.742063,32.040134,100.0,192.250387,18.728362,121 days 00:00:00,1.0,1.0,0.0,0.0,0.0,-7.749805,-7.749805,,-7.749805,,34 days 00:00:00,0.0,-7742.06297,-0.427749,-0.404866,0.84198,-0.577161
PSB,Success,0.013254499999675318,0.014478899999630812,0.001364599999760685,0.052843700000266836,0.08233740000014222,2010-12-30 09:15:00,2025-06-26 09:15:00,3583 days 00:00:00,100000.0,83705.125147,-16.294875,-76.114825,100.0,1833.010772,24.575881,2764 days 00:00:00,10.0,10.0,0.0,0.0,30.0,23.397736,-14.182507,20.49265,-9.951199,28 days 00:00:00,26 days 00:00:00,0.757119,-1629.487485,-0.061963,-0.073065,0.967097,-0.09021
PSPPROJECT,Success,0.007146599999941827,0.013052500000412692,0.0010167000000365078,0.05763329999990674,0.07960960000036721,2017-05-29 09:15:00,2025-06-26 09:15:00,2003 days 00:00:00,100000.0,112619.918943,12.619919,279.14787,100.0,1180.955291,21.001474,1028 days 00:00:00,6.0,6.0,0.0,0.0,33.333333,33.347362,-10.772751,26.289478,-8.245004,53 days 00:00:00,53 days 06:00:00,1.37444,2103.319824,0.211358,0.104248,1.082975,0.345929
PTC,Success,0.015006399999947462,0.014381199999661476,0.001437199999600125,0.06296280000060506,0.09433069999977306,2004-04-07 09:15:00,2025-06-26 09:15:00,5249 days 00:00:00,100000.0,93168.706488,-6.831294,293.370544,100.0,5113.455058,60.29981,3619 days 00:00:00,16.0,16.0,0.0,0.0,25.0,35.09916,-13.35329,28.352644,-8.471577,61 days 18:00:00,22 days 14:00:00,0.959575,-426.955844,0.051485,-0.00814,1.024273,0.080379
PTCIL,Success,0.005802399999993213,0.01875119999931485,0.0009174000006169081,0.06294849999994767,0.08901220000007015,2023-06-09 09:15:00,2025-06-26 09:15:00,509 days 00:00:00,100000.0,109393.216558,9.393217,383.429164,100.0,940.454564,32.580602,204 days 00:00:00,5.0,4.0,1.0,11760.005015,25.0,34.150112,-11.275142,34.150112,-10.047791,54 days 00:00:00,18 days 08:00:00,0.929032,-591.697114,0.35308,0.204101,1.123047,0.633064
PTL,Success,0.017258700000638783,0.017358000000058382,0.0011353999998391373,0.05783729999984644,0.09399740000026213,2007-01-29 09:15:00,2025-06-26 09:15:00,4146 days 00:00:00,100000.0,49342.189802,-50.65781,205.184184,100.0,978.351354,64.79273,2702 days 00:00:00,8.0,8.0,0.0,0.0,12.5,25.621144,-17.31531,25.621144,-12.464051,174 days 00:00:00,19 days 03:25:42,0.165624,-6332.226275,-0.507484,-0.093057,0.726288,-0.688584
PUNJABCHEM,Success,0.015499300000556104,0.015671799999836367,0.0011603000002651243,0.06201770000006945,0.09479139999984909,2007-03-08 09:15:00,2025-06-26 09:15:00,4468 days 00:00:00,100000.0,72043.445391,-27.956555,808.494415,100.0,1230.873988,76.594033,4092 days 00:00:00,9.0,9.0,0.0,0.0,33.333333,45.427102,-41.681487,34.84314,-17.508523,22 days 16:00:00,147 days 20:00:00,0.673791,-3106.283845,0.060722,-0.034508,1.020155,0.093311
PURVA,Success,0.016601100000116276,0.014738500000021304,0.0011820999998235493,0.05671440000060102,0.08997490000001562,2007-08-30 09:15:00,2025-06-26 09:15:00,4403 days 00:00:00,100000.0,131981.327756,31.981328,-19.334803,100.0,2462.718371,35.56243,2019 days 00:00:00,10.0,10.0,0.0,0.0,40.0,41.355922,-16.183078,31.604472,-12.672955,32 days 06:00:00,29 days 20:00:00,1.312019,3198.132776,0.217465,0.065434,1.124356,0.372264
PVP,Success,0.009441100000003644,0.013722499999857973,0.0014468999997916399,0.05637010000009468,0.08136829999966722,2008-06-23 09:15:00,2025-06-26 09:15:00,3590 days 00:00:00,100000.0,53355.618576,-46.644381,-76.919242,100.0,1156.054364,56.956341,1879 days 00:00:00,7.0,7.0,0.0,0.0,14.285714,42.614286,-19.382315,42.614286,-15.010104,31 days 00:00:00,28 days 12:00:00,0.434526,-6663.483061,-0.308594,-0.108631,0.840136,-0.443939
PVRINOX,Success,0.014734299999872746,0.014756800000213843,0.0016519000000698725,0.05550579999999172,0.08703919999970822,2006-01-04 09:15:00,2025-06-26 09:15:00,4713 days 00:00:00,100000.0,71818.534086,-28.181466,233.252775,100.0,2599.624235,36.950378,2371 days 00:00:00,15.0,15.0,0.0,0.0,20.0,31.223809,-13.521114,24.554619,-7.861273,93 days 16:00:00,18 days 06:00:00,0.669996,-1878.764394,-0.116461,-0.068499,0.950895,-0.166478
PVSL,Success,0.0049590999997235485,0.014223000000129105,0.0007562999999208841,0.0549964000001637,0.07531520000065939,2024-03-19 09:15:00,2025-06-26 09:15:00,315 days 00:00:00,100000.0,100000.0,0.0,-52.833603,0.0,0.0,,,0.0,0.0,0.0,0.0,,,,,,,,,,inf,,inf,inf
PYRAMID,Success,0.004375599999548285,0.014532000000144762,0.000820499999463209,0.05493099999966944,0.07504380000045785,2023-08-29 09:15:00,2025-06-26 09:15:00,454 days 00:00:00,100000.0,90878.036857,-9.121963,3.625111,100.0,190.869106,9.122917,377 days 00:00:00,1.0,1.0,0.0,0.0,0.0,-9.131085,-9.131085,,-9.131085,,29 days 00:00:00,0.0,-9121.963143,-1.032683,-0.811344,0.587184,-1.242042
QPOWER,Success,0.00401160000001255,0.013153099999726692,0.0012153999996371567,0.055142199999863806,0.07390790000044944,2025-02-24 09:15:00,2025-06-26 09:15:00,82 days 00:00:00,100000.0,100000.0,0.0,74.27172,0.0,0.0,,,0.0,0.0,0.0,0.0,,,,,,,,,,inf,,inf,inf
QUADFUTURE,Success,0.004187300000012328,0.014879800000016985,0.0007811999994373764,0.051676299999598996,0.07192239999949379,2025-01-14 09:15:00,2025-06-26 09:15:00,112 days 00:00:00,100000.0,100000.0,0.0,9.650901,0.0,0.0,,,0.0,0.0,0.0,0.0,,,,,,,,,,inf,,inf,inf
QUESS,Success,0.010888499999964552,0.012961899999936577,0.0009034999993673409,0.05960789999971894,0.08496399999967252,2016-07-12 09:15:00,2025-06-26 09:15:00,2219 days 00:00:00,100000.0,97321.285922,-2.678714,22.14852,100.0,1237.524573,41.461821,1743 days 00:00:00,7.0,7.0,0.0,0.0,28.571429,26.044694,-10.37925,23.582434,-8.599144,43 days 12:00:00,37 days 00:00:00,0.93204,-382.67344,0.046632,-0.010748,1.018437,0.069796
QUICKHEAL,Success,0.008294000000205415,0.014714400000229944,0.0013214999999036081,0.061996800000088115,0.08694649999961257,2016-02-18 09:15:00,2025-06-26 09:15:00,2315 days 00:00:00,100000.0,125384.36523,25.384365,39.531214,100.0,762.669816,38.821948,1765 days 00:00:00,4.0,4.0,0.0,0.0,50.0,27.024102,-11.891387,25.602548,-10.83027,50 days 12:00:00,60 days 00:00:00,2.239499,6346.091307,0.290645,0.09353,1.16109,0.484279
RACE,Success,0.006493400000181282,0.016221900000346068,0.0009024999999382999,0.06138379999993049,0.08546889999979612,2023-05-09 09:15:00,2025-06-26 09:15:00,532 days 00:00:00,100000.0,85727.834073,-14.272166,0.980196,100.0,370.010024,17.104212,439 days 00:00:00,2.0,2.0,0.0,0.0,0.0,-6.974247,-7.859806,,-7.417026,,19 days 00:00:00,0.0,-7136.082963,-1.392006,-0.586189,0.476574,-1.665881
RACLGEAR,Success,0.0037299000005077687,0.01721689999976661,0.0008731000007173861,0.05612389999987499,0.07838549999996758,2024-11-27 09:15:00,2025-06-26 09:15:00,145 days 00:00:00,100000.0,100000.0,0.0,7.270905,0.0,0.0,,,0.0,0.0,0.0,0.0,,,,,,,,,,inf,,inf,inf
RADAAN,Success,0.019364900000255147,0.01464399999986199,0.0012730999997074832,0.0588090999999622,0.09454550000009476,2003-03-03 09:15:00,2025-06-26 09:15:00,4620 days 00:00:00,100000.0,69115.846587,-30.884153,-93.166801,100.0,1048.57077,63.806998,4170 days 00:00:00,9.0,9.0,0.0,0.0,22.222222,38.58948,-17.784615,37.003823,-13.257507,11 days 00:00:00,7 days 17:08:34,0.510961,-3431.572601,-0.257421,-0.045076,0.776077,-0.330754
RADHIKAJWE,Success,0.00525389999984327,0.01725299999998242,0.0008293000000776374,0.057974600000306964,0.08174520000011398,2022-07-18 09:15:00,2025-06-26 09:15:00,730 days 00:00:00,100000.0,117793.083952,17.793084,163.940537,100.0,493.799056,18.593856,160 days 00:00:00,2.0,2.0,0.0,0.0,50.0,38.031837,-14.653523,38.031837,-14.653523,19 days 00:00:00,11 days 00:00:00,1.880813,8896.541976,0.50598,0.458889,1.458619,1.146868
RADIANTCMS,Success,0.0053041000001030625,0.014470099999925878,0.0008233999997173669,0.2416838999997708,0.26266210000085266,2023-01-04 09:15:00,2025-06-26 09:15:00,614 days 00:00:00,100000.0,100000.0,0.0,-40.438513,0.0,0.0,,,0.0,0.0,0.0,0.0,,,,,,,,,,inf,,inf,inf
RADICO,Success,0.017616799999814248,0.013713800000004994,0.0013260999994599842,0.0656503000000157,0.09871240000029502,1995-01-03 09:15:00,2025-06-26 09:15:00,6983 days 00:00:00,100000.0,955697.998556,855.697999,45989.655172,100.0,35298.64191,54.952745,4363 days 00:00:00,24.0,24.0,0.0,0.0,45.833333,82.963805,-21.685557,43.590437,-11.707053,78 days 21:49:05,28 days 07:23:04,1.681768,35654.083273,0.525858,0.227886,1.22461,0.891086
RADIOCITY,Success,0.007192899999608926,0.012585700000272482,0.0008738000005905633,0.0500413000008848,0.07108830000015587,2017-03-17 09:15:00,2025-06-26 09:15:00,2043 days 00:00:00,100000.0,93762.2815,-6.237718,-84.898766,100.0,193.756238,7.907151,1618 days 00:00:00,1.0,1.0,0.0,0.0,0.0,-6.243956,-6.243956,,-6.243956,,18 days 00:00:00,0.0,-6237.7185,-0.645213,-0.144692,0.408329,-0.802394
RAILTEL,Success,0.005010599999877741,0.014209100000698527,0.00083719999929599,0.050482600000577804,0.07107509999968897,2021-02-26 09:15:00,2025-06-26 09:15:00,1073 days 00:00:00,100000.0,124657.218823,24.657219,249.237742,100.0,401.851696,19.202066,353 days 00:00:00,2.0,2.0,0.0,0.0,50.0,40.761642,-11.426706,40.761642,-11.426706,19 days 00:00:00,29 days 00:00:00,3.160017,12328.609411,0.638653,0.405447,1.577986,1.206186
RAIN,Success,0.008711100000255101,0.014964599999984785,0.0010455000001456938,0.05931709999913437,0.08462560000043595,2013-08-23 09:15:00,2025-06-26 09:15:00,2926 days 00:00:00,100000.0,174142.761457,74.142761,326.211889,100.0,3430.744792,32.926416,909 days 00:00:00,10.0,10.0,0.0,0.0,40.0,35.991182,-12.193504,33.889877,-9.688108,45 days 06:00:00,20 days 00:00:00,1.691069,7414.276146,0.490878,0.217595,1.255659,0.849927
RAINBOW,Success,0.004997100000764476,0.014204300000528747,0.001254799999514944,0.06464910000067903,0.08553050000045914,2022-05-10 09:15:00,2025-06-26 09:15:00,779 days 00:00:00,100000.0,100000.0,0.0,235.184355,0.0,0.0,,,0.0,0.0,0.0,0.0,,,,,,,,,,inf,,inf,inf
RAJESHEXPO,Success,0.021699599999919883,0.019712100000106147,0.0016226999996433733,0.061301100000491715,0.10493730000052892,2000-02-09 09:15:00,2025-06-26 09:15:00,5611 days 00:00:00,100000.0,238464.887672,138.464888,2376.823596,100.0,4228.154535,40.72659,2748 days 00:00:00,12.0,12.0,0.0,0.0,50.0,38.902386,-12.332707,25.972995,-7.96556,56 days 20:00:00,25 days 20:00:00,2.486157,11538.740639,0.540476,0.142808,1.361394,0.933424
RAJMET,Success,0.0063786000000618515,0.021286700000018755,0.001337700000476616,0.05970129999968776,0.08914889999959996,2021-02-16 09:15:00,2025-06-26 09:15:00,1080 days 00:00:00,100000.0,79136.754773,-20.863245,186.941742,100.0,1008.638959,30.629831,698 days 00:00:00,5.0,5.0,0.0,0.0,20.0,14.093021,-12.641563,14.093021,-8.681393,18 days 00:00:00,8 days 00:00:00,0.402921,-4172.649045,-0.876792,-0.248238,0.576302,-1.084523
RAJRATAN,Success,0.006726599999637983,0.01610080000045855,0.0014610999996875762,0.07220420000066952,0.09694680000029621,2020-05-22 09:15:00,2025-06-26 09:15:00,1268 days 00:00:00,100000.0,100000.0,0.0,1001.126669,0.0,0.0,,,0.0,0.0,0.0,0.0,,,,,,,,,,inf,,inf,inf
RAJRILTD,Success,0.005836799999997311,0.017847499999334104,0.0009583000000930042,0.055090500000005704,0.0802415000007386,2022-03-16 09:15:00,2025-06-26 09:15:00,741 days 00:00:00,100000.0,94140.307913,-5.859692,1955.555556,100.0,194.134642,5.859692,180 days 00:00:00,1.0,1.0,0.0,0.0,0.0,-5.865552,-5.865552,,-5.865552,,11 days 00:00:00,0.0,-5859.692087,-1.016261,-0.500124,0.306867,-1.102186
RAJSREESUG,Success,0.01620790000015404,0.014956299999539624,0.001214599999912025,0.05742000000009284,0.09018640000067535,1999-01-01 09:15:00,2025-06-26 09:15:00,6444 days 00:00:00,100000.0,58541.724942,-41.458275,514.375,100.0,4110.689064,75.619068,4829 days 00:00:00,16.0,16.0,0.0,0.0,18.75,84.636903,-26.62746,64.163483,-14.048027,101 days 00:00:00,27 days 05:32:18,0.827182,-2591.142191,-0.016427,-0.039504,0.992106,-0.024135
RAJTV,Success,0.014009499999701802,0.01654690000032133,0.0013296000006448594,0.05758559999958379,0.08989309999924444,2007-03-16 09:15:00,2025-06-26 09:15:00,4295 days 00:00:00,100000.0,82769.446194,-17.230554,-21.221239,100.0,1685.534721,43.627958,897 days 00:00:00,9.0,9.0,0.0,0.0,33.333333,35.135791,-19.251732,27.590227,-14.11431,42 days 16:00:00,21 days 00:00:00,0.798119,-1914.505978,-0.054443,-0.036542,0.96367,-0.083448
RALLIS,Success,0.01728499999990163,0.015779100000145263,0.0015604999998686253,0.06042859999979555,0.09553320000031817,1999-01-01 09:15:00,2025-06-26 09:15:00,6511 days 00:00:00,100000.0,293416.873833,193.416874,3937.090166,100.0,18475.657286,65.924143,2649 days 00:00:00,29.0,29.0,0.0,0.0,37.931034,52.567814,-21.756843,33.902612,-10.95782,49 days 17:27:16,22 days 09:20:00,1.286794,6669.547374,0.386978,0.094352,1.161077,0.627581
RAMANEWS,Success,0.014593899999454152,0.0146389999999883,0.0010895000004893518,0.058842700000241166,0.08955839999998716,2006-09-20 09:15:00,2025-06-26 09:15:00,4528 days 00:00:00,100000.0,136083.171359,36.083171,178.488889,100.0,1197.390669,48.331777,2094 days 00:00:00,6.0,6.0,0.0,0.0,50.0,37.504783,-17.525588,31.923772,-15.936232,70 days 08:00:00,53 days 00:00:00,1.733,6013.861893,0.229817,0.052029,1.132566,0.394881
RAMAPHO,Success,0.004397099999550846,0.014464200000475103,0.000793100000009872,0.053429500000675034,0.07346210000014253,2022-08-05 09:15:00,2025-06-26 09:15:00,716 days 00:00:00,100000.0,100000.0,0.0,-6.096804,0.0,0.0,,,0.0,0.0,0.0,0.0,,,,,,,,,,inf,,inf,inf
RAMASTEEL,Success,0.011349099999279133,0.016848700000082317,0.000917499999559368,0.06194159999995463,0.09145230000012816,2015-08-24 09:15:00,2025-06-26 09:15:00,2435 days 00:00:00,100000.0,173454.883763,73.454884,1298.463001,100.0,2090.769601,35.494166,1088 days 00:00:00,9.0,9.0,0.0,0.0,44.444444,38.414313,-12.969306,33.781372,-11.508237,21 days 12:00:00,6 days 04:48:00,2.065246,8161.653751,0.574504,0.24246,1.425782,1.047799
RAMCOCEM,Success,0.014045099999748345,0.015020599999843398,0.001334800000222458,0.06433539999943605,0.09527609999986453,2006-11-02 09:15:00,2025-06-26 09:15:00,4609 days 00:00:00,100000.0,113663.304468,13.663304,494.714716,100.0,3663.383714,40.212903,1963 days 00:00:00,18.0,18.0,0.0,0.0,33.333333,33.454646,-13.767489,19.70318,-7.516594,42 days 12:00:00,46 days 20:00:00,1.144273,759.07247,0.142538,0.02535,1.050868,0.225508
RAMCOIND,Success,0.020509900000433845,0.017801900000449677,0.001266399999622081,0.061889399999927264,0.1018975999995746,1999-01-01 09:15:00,2025-06-26 09:15:00,6345 days 00:00:00,100000.0,268053.475906,168.053476,684.507042,100.0,3124.497333,23.311572,893 days 00:00:00,10.0,10.0,0.0,0.0,60.0,34.515925,-12.71261,27.408954,-10.917801,55 days 16:00:00,21 days 06:00:00,3.569558,16805.347591,0.506044,0.250351,1.333096,0.895301
RAMCOSYS,Success,0.02031799999986106,0.018887399999584886,0.0017051000004357775,0.06614710000030755,0.10748749999947904,2000-04-12 09:15:00,2025-06-26 09:15:00,6190 days 00:00:00,100000.0,187044.255067,87.044255,-85.954084,100.0,2877.095111,37.670116,3514 days 00:00:00,13.0,12.0,1.0,1718.37307,41.666667,37.44314,-15.178479,34.729469,-11.687235,88 days 09:36:00,16 days 03:25:42,1.953302,7110.490166,0.286151,0.099849,1.156483,0.495125
RAMKY,Success,0.015920899999400717,0.021449400000165042,0.0011639000003924593,0.06187359999967157,0.10080000000016298,2010-10-08 09:15:00,2025-06-26 09:15:00,3640 days 00:00:00,100000.0,281317.508254,181.317508,39.158496,100.0,2638.640583,28.304269,1112 days 00:00:00,9.0,9.0,0.0,0.0,55.555556,47.319368,-17.184665,38.827556,-13.771396,34 days 04:48:00,10 days 18:00:00,3.531647,20146.389806,0.760517,0.386107,1.592009,1.496341
RAMRAT,Success,0.004457999999431195,0.013034800000241376,0.000829399999929592,0.05311079999955837,0.0718511999994007,2022-07-29 09:15:00,2025-06-26 09:15:00,721 days 00:00:00,100000.0,102587.209591,2.58721,492.62868,100.0,528.774317,24.823884,436 days 00:00:00,3.0,3.0,0.0,0.0,33.333333,32.320418,-14.470771,32.320418,-11.913329,49 days 00:00:00,26 days 00:00:00,1.115235,862.403197,0.160576,0.052429,1.064784,0.279154
RANASUG,Success,0.01528500000040367,0.014182299999447423,0.0011225999996895553,0.05822080000052665,0.08919199999945704,2005-02-24 09:15:00,2025-06-26 09:15:00,5027 days 00:00:00,100000.0,27305.284935,-72.694715,-39.732281,100.0,876.930388,74.464072,4872 days 00:00:00,8.0,8.0,0.0,0.0,0.0,-10.179598,-20.862922,,-14.928181,,30 days 21:00:00,0.0,-9086.839383,-0.693669,-0.120791,0.64476,-0.89468
RANEHOLDIN,Success,0.0150006999992911,0.014287599999988743,0.001150000000052387,0.053633600000466686,0.084455700000035,2005-08-22 09:15:00,2025-06-26 09:15:00,4845 days 00:00:00,100000.0,139036.844423,39.036844,617.343646,100.0,3120.876658,32.363536,1195 days 00:00:00,14.0,14.0,0.0,0.0,35.714286,34.160426,-13.256996,29.533777,-10.1203,50 days 04:48:00,19 days 18:40:00,1.37109,2788.34603,0.23701,0.077677,1.12847,0.396359
RATEGAIN,Success,0.005022199999984878,0.014665400000012596,0.0008723999999347143,0.05383750000055443,0.07478060000084952,2021-12-17 09:15:00,2025-06-26 09:15:00,875 days 00:00:00,100000.0,88730.202765,-11.269797,29.480962,100.0,188.719122,13.179743,309 days 00:00:00,1.0,1.0,0.0,0.0,0.0,-11.281067,-11.281067,,-11.281067,,17 days 00:00:00,0.0,-11269.797235,-0.723635,-0.369159,0.467926,-0.832305
RATNAMANI,Success,0.014296299999841722,0.01363020000007964,0.0010757999998531886,0.05704890000015439,0.08644730000014533,2006-05-09 09:15:00,2025-06-26 09:15:00,4714 days 00:00:00,100000.0,531407.949104,431.407949,4708.04626,100.0,6239.955961,23.496612,312 days 00:00:00,12.0,11.0,1.0,937.856687,72.727273,45.767393,-17.501583,29.113461,-11.234175,61 days 09:00:00,4 days 00:00:00,6.051555,39133.644765,0.869966,0.587618,1.555058,1.685242
RATNAVEER,Success,0.005108199999995122,0.014291500000581436,0.000789299999269133,0.055063699999664095,0.07563169999957609,2023-09-11 09:15:00,2025-06-26 09:15:00,445 days 00:00:00,100000.0,116417.585145,16.417585,26.192491,100.0,216.434219,0.1997,1 days 00:00:00,1.0,1.0,0.0,0.0,100.0,16.434003,16.434003,16.434003,,4 days 00:00:00,,inf,16417.585145,1.726669,66.495484,78.743127,70.409042
RAYMOND,Success,0.01783640000030573,0.014137099999970815,0.0012185000005047186,0.056611899999552406,0.09021360000042478,1999-01-01 09:15:00,2025-06-26 09:15:00,6542 days 00:00:00,100000.0,408713.834466,308.713834,3004.907298,100.0,8085.418642,36.749249,1690 days 00:00:00,20.0,20.0,0.0,0.0,50.0,33.546244,-13.924836,27.720685,-9.768684,62 days 00:00:00,8 days 12:00:00,2.578738,15435.691723,0.581648,0.22236,1.290438,0.928695
RAYMONDLSL,Success,0.009295200000451587,0.016799900000478374,0.0010830999999598134,0.05583980000028532,0.08345170000029611,2024-09-05 09:15:00,2025-06-26 09:15:00,201 days 00:00:00,100000.0,100000.0,0.0,-59.783897,0.0,0.0,,,0.0,0.0,0.0,0.0,,,,,,,,,,inf,,inf,inf
RBA,Success,0.0055370999998558545,0.01636289999987639,0.0012722999999823514,0.06146340000032069,0.08510349999960454,2020-12-14 09:15:00,2025-06-26 09:15:00,1125 days 00:00:00,100000.0,92939.208181,-7.060792,-39.311111,100.0,284.036487,15.647294,677 days 00:00:00,2.0,1.0,1.0,871.106845,0.0,-7.939831,-7.939831,,-7.939831,,40 days 00:00:00,0.0,-7931.898664,-0.257394,-0.150041,0.833701,-0.337198
RBLBANK,Success,0.009821800000281655,0.0167911999997159,0.0009709999994811369,0.06555509999998321,0.09365840000009484,2016-08-31 09:15:00,2025-06-26 09:15:00,2184 days 00:00:00,100000.0,131025.752729,31.025753,-20.70474,100.0,2097.815085,30.940544,706 days 00:00:00,10.0,10.0,0.0,0.0,40.0,29.573467,-10.186338,21.208708,-7.852466,25 days 06:00:00,29 days 04:00:00,1.598012,3102.575273,0.355574,0.149307,1.151693,0.535446
RBZJEWEL,Success,0.0063200000004144385,0.018322200000511657,0.0010145000005650218,0.05898160000015196,0.08540089999951306,2023-12-27 09:15:00,2025-06-26 09:15:00,373 days 00:00:00,100000.0,118520.754804,18.520755,38.904762,100.0,218.539494,2.752722,4 days 00:00:00,1.0,1.0,0.0,0.0,100.0,18.539276,18.539276,18.539276,,14 days 00:00:00,,inf,18520.754804,1.886545,6.571536,4.533434,6.489599
RCF,Success,0.02060059999985242,0.019061300000430492,0.0016371000001527136,0.0563043000001926,0.09799219999968045,1999-01-01 09:15:00,2025-06-26 09:15:00,6526 days 00:00:00,100000.0,118741.850335,18.74185,1862.375,100.0,3249.265333,46.290972,4359 days 00:00:00,17.0,17.0,0.0,0.0,35.294118,49.112442,-22.477622,30.621697,-11.932323,47 days 00:00:00,20 days 17:27:16,1.144082,1102.461784,0.13885,0.020855,1.07888,0.225235
RECLTD,Success,0.013277300000481773,0.013738499999817577,0.0011373999996067141,0.05524760000025708,0.08378319999974337,2008-03-12 09:15:00,2025-06-26 09:15:00,4269 days 00:00:00,100000.0,52262.208488,-47.737792,787.166804,100.0,2127.350532,59.562201,4219 days 00:00:00,16.0,16.0,0.0,0.0,18.75,26.661179,-15.768424,22.326372,-9.148904,42 days 16:00:00,38 days 16:36:55,0.441433,-2983.61197,-0.229591,-0.090611,0.922542,-0.321189
REDINGTON,Success,0.014539100000547478,0.01398090000020602,0.0014070999995965394,0.05573259999982838,0.08604000000013912,2007-02-15 09:15:00,2025-06-26 09:15:00,4537 days 00:00:00,100000.0,133799.714267,33.799714,1713.683568,100.0,3416.898707,55.447903,4315 days 00:00:00,15.0,15.0,0.0,0.0,33.333333,45.222336,-15.486787,30.579928,-9.766683,47 days 14:24:00,22 days 19:12:00,1.284818,2253.314284,0.217556,0.042745,1.107169,0.333267
REDTAPE,Success,0.004015600000457198,0.014022599999407248,0.0013463999994201004,0.05291190000025381,0.07294430000001739,2023-08-11 09:15:00,2025-06-26 09:15:00,465 days 00:00:00,100000.0,148226.643392,48.226643,3.569908,100.0,1218.873784,18.094033,227 days 00:00:00,4.0,4.0,0.0,0.0,50.0,41.173393,-9.93396,34.231849,-9.161332,39 days 00:00:00,27 days 00:00:00,2.536734,12056.660848,1.710338,2.000501,1.534599,2.858408
REFEX,Success,0.013795400000162772,0.015786500000103842,0.0009870999992926954,0.06137330000001384,0.09237240000038582,2009-12-03 09:15:00,2025-06-26 09:15:00,3606 days 00:00:00,100000.0,79267.243696,-20.732756,7519.423875,100.0,2122.615209,42.707913,1863 days 00:00:00,12.0,12.0,0.0,0.0,25.0,58.119764,-23.132875,43.9534,-13.495685,59 days 16:00:00,13 days 16:00:00,0.821569,-1727.729692,0.026219,-0.054425,1.012669,0.04207
REGENCERAM,Success,0.014376699999957054,0.014962199999899894,0.0011735999996744795,0.05444870000064839,0.08549589999984164,1999-01-01 09:15:00,2025-06-26 09:15:00,4607 days 00:00:00,100000.0,174144.389032,74.144389,430.625,100.0,3344.33788,45.319522,3177 days 00:00:00,10.0,10.0,0.0,0.0,50.0,54.997255,-19.492146,31.357266,-14.310245,21 days 09:35:59,16 days 04:48:00,1.541412,7414.438903,0.342688,0.099137,1.294365,0.573724
RELAXO,Success,0.012192599999252707,0.012838200000260258,0.0012323000000833417,0.05184929999995802,0.0784975000005943,2011-06-17 09:15:00,2025-06-26 09:15:00,3464 days 00:00:00,100000.0,220978.843474,120.978843,2894.886333,100.0,3862.232184,20.961831,1373 days 00:00:00,10.0,10.0,0.0,0.0,50.0,52.674021,-12.012933,28.636653,-8.427539,34 days 04:48:00,16 days 14:24:00,2.36973,12097.884347,0.663841,0.415691,1.464725,1.321432
RELCHEMQ,Success,0.004818600000362494,0.013913400000092224,0.0009206999993693898,0.06282370000008086,0.08286620000035327,2022-05-25 09:15:00,2025-06-26 09:15:00,768 days 00:00:00,100000.0,81067.626586,-18.932373,-20.048458,100.0,361.133519,19.090421,354 days 00:00:00,2.0,2.0,0.0,0.0,0.0,-9.967726,-9.977074,,-9.9724,,26 days 12:00:00,0.0,-9466.186707,-1.003245,-0.497302,0.600758,-1.266527
RELIABLE,Success,0.004170500000327593,0.015462600000319071,0.0007742999996480648,0.05694009999933769,0.07778940000025614,2024-07-10 09:15:00,2025-06-26 09:15:00,240 days 00:00:00,100000.0,106011.350778,6.011351,39.981355,100.0,99.9001,14.234095,24 days 00:00:00,1.0,0.0,1.0,6011.350778,,,,,,,,,,0.475064,0.652239,1.138985,0.741261
RELIANCE,Success,0.02177209999990737,0.017799700000068697,0.0018933000001197797,0.06246890000056737,0.10441069999978936,1994-11-03 09:15:00,2025-06-26 09:15:00,7589 days 00:00:00,100000.0,147245.101319,47.245101,8771.00674,100.0,5647.602562,36.633103,3261 days 00:00:00,26.0,26.0,0.0,0.0,38.461538,27.865992,-11.260165,16.776613,-6.931969,27 days 21:36:00,21 days 04:30:00,1.391962,1817.119281,0.221498,0.051276,1.115476,0.332678
RELIGARE,Success,0.016758800000388874,0.019763199999943026,0.0015560000001642038,0.06436159999975644,0.10317820000000211,2007-11-21 09:15:00,2025-06-26 09:15:00,4346 days 00:00:00,100000.0,66136.663446,-33.863337,-55.695183,100.0,1278.11909,47.567131,3820 days 00:00:00,9.0,9.0,0.0,0.0,22.222222,31.075535,-14.035746,25.00793,-11.48663,14 days 00:00:00,21 days 13:42:51,0.4487,-3762.59295,-0.215155,-0.071746,0.854667,-0.309178
RELINFRA,Success,0.01753310000003694,0.019196500000361993,0.0016311999997924431,0.059583199999906356,0.09833750000052532,2006-11-02 09:15:00,2025-06-26 09:15:00,4609 days 00:00:00,100000.0,32934.038704,-67.065961,-12.714347,100.0,1178.855022,67.366983,3885 days 00:00:00,10.0,10.0,0.0,0.0,10.0,20.295702,-20.267506,20.295702,-13.357598,47 days 00:00:00,55 days 16:00:00,0.152208,-6706.59613,-0.391304,-0.124986,0.849126,-0.526239
RELTD,Success,0.003839699999844015,0.014425800000026356,0.0009435000001758453,0.0542262999997547,0.07383479999953124,2024-07-30 09:15:00,2025-06-26 09:15:00,227 days 00:00:00,100000.0,85322.275308,-14.677725,54.149788,100.0,185.307783,33.605459,140 days 00:00:00,1.0,1.0,0.0,0.0,0.0,-14.692402,-14.692402,,-14.692402,,112 days 00:00:00,0.0,-14677.724692,-0.33396,-0.670322,0.939595,-0.482665
REMSONSIND,Success,0.012675099999796657,0.014506299999993644,0.0010249000006297138,0.05592250000063359,0.08451700000023266,1999-01-29 09:15:00,2025-06-26 09:15:00,3784 days 00:00:00,100000.0,202657.185909,102.657186,1289.2961,100.0,2746.59425,41.446562,1598 days 00:00:00,11.0,11.0,0.0,0.0,45.454545,55.164832,-19.123718,39.315312,-14.439707,65 days 19:12:00,26 days 04:00:00,1.956485,9332.471446,0.402435,0.170118,1.187706,0.652388
RENUKA,Success,0.014170800000101735,0.014552200000252924,0.0019028999995498452,0.05520119999982853,0.08621680000032939,2005-10-31 09:15:00,2025-06-26 09:15:00,4856 days 00:00:00,100000.0,37717.180867,-62.282819,153.553602,100.0,1951.593199,81.826795,4227 days 00:00:00,12.0,12.0,0.0,0.0,16.666667,36.203719,-26.913187,29.561257,-13.661879,25 days 00:00:00,112 days 21:36:00,0.474427,-5190.234928,-0.082655,-0.086363,0.975193,-0.127113
REPCOHOME,Success,0.012530999999398773,0.016460300000289863,0.0010898999998971703,0.05265930000041408,0.08315419999962614,2013-04-01 09:15:00,2025-06-26 09:15:00,3025 days 00:00:00,100000.0,157449.407976,57.449408,169.672131,100.0,1433.940049,27.427738,1663 days 00:00:00,6.0,6.0,0.0,0.0,50.0,38.512999,-10.651426,27.972857,-8.878836,57 days 16:00:00,43 days 16:00:00,2.746703,9574.901329,0.421175,0.205267,1.21866,0.739008
REPL,Success,0.0048477999998794985,0.014725399999406363,0.0008513000002494664,0.04343750000043656,0.06459500000073604,2020-12-14 09:15:00,2025-06-26 09:15:00,1125 days 00:00:00,100000.0,72177.250574,-27.822749,78.848276,100.0,523.618763,27.822749,513 days 00:00:00,3.0,3.0,0.0,0.0,0.0,-8.144911,-13.95667,,-10.270074,,18 days 16:00:00,0.0,-9274.249809,-1.241092,-0.360786,0.453552,-1.395645
REPRO,Success,0.013490899999851536,0.01456400000006397,0.0014934000000721426,0.05749019999984739,0.08763039999939792,2005-12-22 09:15:00,2025-06-26 09:15:00,4766 days 00:00:00,100000.0,144101.285902,44.101286,120.067955,100.0,4726.694828,53.804368,1867 days 00:00:00,14.0,13.0,1.0,1857.364358,38.461538,32.094524,-16.078928,27.070373,-9.960545,27 days 09:36:00,18 days 00:00:00,1.286262,3249.532426,0.253691,0.052737,1.190065,0.487062
RESPONIND,Success,0.013411899999482557,0.013587599999482336,0.0009970000000976142,0.30539500000031694,0.33399740000004385,2010-10-29 09:15:00,2025-06-26 09:15:00,3597 days 00:00:00,100000.0,95515.935958,-4.484064,130.763405,100.0,1738.912218,57.372943,2322 days 00:00:00,8.0,8.0,0.0,0.0,25.0,56.251275,-19.118071,46.358633,-12.455844,21 days 12:00:00,83 days 08:00:00,0.949773,-560.508005,0.071726,-0.008095,1.029289,0.11428
RETAIL,Success,0.004902099999526399,0.02073489999929734,0.0009477000003244029,0.06285630000002129,0.09037239999997837,2024-06-26 09:15:00,2025-06-26 09:15:00,249 days 00:00:00,100000.0,100000.0,0.0,-5.677658,0.0,0.0,,,0.0,0.0,0.0,0.0,,,,,,,,,,inf,,inf,inf
RGL,Success,0.018024299999524374,0.019814899999801128,0.0011543999999048538,0.06405400000039663,0.1034365000004982,2007-12-12 09:15:00,2025-06-26 09:15:00,4326 days 00:00:00,100000.0,79307.630192,-20.69237,266.646475,100.0,1306.625295,49.607121,1822 days 00:00:00,8.0,8.0,0.0,0.0,25.0,34.97268,-13.458125,27.583637,-11.237179,52 days 12:00:00,51 days 00:00:00,0.647928,-2586.546226,-0.031738,-0.039048,0.984772,-0.048493
RHFL,Success,0.006691099999443395,0.014904800000294927,0.0008945999998104526,0.05466850000084378,0.07760039999993751,2017-09-22 09:15:00,2025-06-26 09:15:00,1899 days 00:00:00,100000.0,86812.186132,-13.187814,-94.113806,100.0,994.643452,29.22866,946 days 00:00:00,5.0,5.0,0.0,0.0,20.0,43.362787,-14.556972,43.362787,-11.700434,42 days 00:00:00,10 days 06:00:00,0.737334,-2637.562774,-0.134816,-0.091747,0.927113,-0.189068
RHIM,Success,0.012626499999896623,0.013364699999328877,0.0013342000002012355,0.054630399999950896,0.0823645000000397,2012-03-15 09:15:00,2025-06-26 09:15:00,3281 days 00:00:00,100000.0,116652.513121,16.652513,1766.796875,100.0,1234.317215,26.661843,770 days 00:00:00,6.0,6.0,0.0,0.0,33.333333,37.838807,-11.904062,34.382216,-10.32852,140 days 12:00:00,24 days 06:00:00,1.377573,2775.418854,0.189882,0.064823,1.09393,0.294701
RHL,Success,0.004364899999927729,0.013495000000148138,0.0010423999992781319,0.0563971000001402,0.07567879999987781,2023-04-25 09:15:00,2025-06-26 09:15:00,541 days 00:00:00,100000.0,94001.970188,-5.99803,179.507767,100.0,193.996166,5.99803,309 days 00:00:00,1.0,1.0,0.0,0.0,0.0,-6.004028,-6.004028,,-6.004028,,2 days 00:00:00,0.0,-5998.029812,-1.004196,-0.68144,0.0,-1.003738
RICOAUTO,Success,0.016279000000395172,0.014425700000174402,0.001548999999613443,0.05754180000076303,0.09019369999987248,1999-01-05 09:15:00,2025-06-26 09:15:00,6196 days 00:00:00,100000.0,225600.650871,125.600651,2067.428571,100.0,6126.052093,39.540416,2402 days 00:00:00,16.0,16.0,0.0,0.0,37.5,44.02015,-17.933825,38.750041,-10.790184,23 days 04:00:00,24 days 21:36:00,1.530965,7850.040679,0.356496,0.124165,1.240659,0.67407
RIIL,Success,0.01696570000058273,0.015997000000425032,0.0012219999998706044,0.0546916000002966,0.089302399999724,1999-01-01 09:15:00,2025-06-26 09:15:00,6522 days 00:00:00,100000.0,70045.112984,-29.954887,3166.216216,100.0,3279.090048,70.129736,4314 days 00:00:00,17.0,17.0,0.0,0.0,29.411765,30.236082,-17.287068,23.955153,-11.167471,19 days 09:35:59,28 days 00:00:00,0.781365,-1762.052177,-0.054714,-0.028131,0.967984,-0.087062
RISHABH,Success,0.0039663999996264465,0.013995000000250002,0.0009374999999636202,0.05247439999948256,0.07228930000019318,2023-09-11 09:15:00,2025-06-26 09:15:00,445 days 00:00:00,100000.0,100000.0,0.0,-35.868215,0.0,0.0,,,0.0,0.0,0.0,0.0,,,,,,,,,,inf,,inf,inf
RITCO,Success,0.004843300000175077,0.013452800000777643,0.0007863999999244697,0.054944999999861466,0.07481889999962732,2022-04-12 09:15:00,2025-06-26 09:15:00,796 days 00:00:00,100000.0,85406.934095,-14.593066,134.947368,100.0,185.392526,17.807753,673 days 00:00:00,1.0,1.0,0.0,0.0,0.0,-14.607659,-14.607659,,-14.607659,,22 days 00:00:00,0.0,-14593.065905,-1.057011,-0.39184,0.43075,-1.252238
RITES,Success,0.0068721999996341765,0.015331999999943946,0.0011404000006223214,0.06757120000020223,0.09174600000005739,2018-07-02 09:15:00,2025-06-26 09:15:00,1730 days 00:00:00,100000.0,51909.845709,-48.090154,226.945617,100.0,885.773953,53.226051,1639 days 00:00:00,6.0,6.0,0.0,0.0,0.0,-7.36212,-15.39553,,-10.315138,,44 days 08:00:00,0.0,-8015.025715,-0.53983,-0.242722,0.815481,-0.769793
RKDL,Success,0.012432300000000396,0.022177300000294053,0.0011076000000684871,0.06004190000021481,0.0962137000005896,2010-12-27 09:15:00,2025-06-26 09:15:00,3488 days 00:00:00,100000.0,57958.009095,-42.041991,-61.661463,100.0,1833.700051,73.19341,1925 days 00:00:00,9.0,9.0,0.0,0.0,11.111111,77.131389,-21.437875,77.131389,-12.887206,49 days 00:00:00,39 days 06:00:00,0.646992,-4671.332323,-0.104496,-0.075799,0.951053,-0.179563
RKEC,Success,0.008357300000170653,0.016800500000499596,0.0013211999994382495,0.06665630000043166,0.09361870000066119,2018-04-11 09:15:00,2025-06-26 09:15:00,1590 days 00:00:00,100000.0,236384.099727,136.3841,-41.340909,100.0,1120.875405,32.033676,534 days 00:00:00,4.0,4.0,0.0,0.0,75.0,50.175618,-12.097438,39.350271,-12.097438,46 days 16:00:00,1 days 00:00:00,12.285074,34096.024932,0.953865,0.681588,1.576098,1.86557
RKFORGE,Success,0.019898900000043795,0.020877399999335466,0.0014911999996911618,0.06874950000019453,0.11153269999977056,2004-05-05 09:15:00,2025-06-26 09:15:00,4943 days 00:00:00,100000.0,465611.127366,365.611127,8782.506759,100.0,7790.199424,38.404855,1092 days 00:00:00,16.0,16.0,0.0,0.0,50.0,57.230005,-14.102398,36.902992,-11.13894,58 days 18:00:00,14 days 18:00:00,2.714586,22850.69546,0.613182,0.313199,1.303552,1.064982
RKSWAMY,Success,0.004933700000037788,0.019370099999832746,0.0009104000000661472,0.059844600000360515,0.08571240000037506,2024-03-12 09:15:00,2025-06-26 09:15:00,320 days 00:00:00,100000.0,100000.0,0.0,-26.789797,0.0,0.0,,,0.0,0.0,0.0,0.0,,,,,,,,,,inf,,inf,inf
RML,Success,0.01471549999951094,0.015285500000572938,0.001131399999394489,0.05873059999976249,0.09044150000045192,2005-08-30 09:15:00,2025-06-26 09:15:00,4785 days 00:00:00,100000.0,217955.358688,117.955359,713.35842,100.0,4808.733277,30.321558,1733 days 00:00:00,14.0,14.0,0.0,0.0,42.857143,59.708271,-15.645245,33.532761,-10.953867,29 days 16:00:00,22 days 12:00:00,1.756261,8425.382763,0.4494,0.201945,1.308417,0.817174
ROHLTD,Success,0.015734699999484292,0.014678600000479491,0.001144199999544071,0.05976970000028814,0.09216010000000097,2006-02-06 09:15:00,2025-06-26 09:15:00,4790 days 00:00:00,100000.0,185032.055641,85.032056,66.681079,100.0,3790.533174,31.099832,1027 days 00:00:00,12.0,12.0,0.0,0.0,41.666667,43.963279,-18.742473,34.218164,-11.343448,87 days 00:00:00,10 days 10:17:08,1.62605,7086.004637,0.359211,0.154365,1.179973,0.544232
ROLEXRINGS,Success,0.005251900000075693,0.014451800000642834,0.0016492999993715785,0.05872590000035416,0.08046240000021498,2021-08-09 09:15:00,2025-06-26 09:15:00,964 days 00:00:00,100000.0,102021.657441,2.021657,34.301628,100.0,666.726359,20.56602,184 days 00:00:00,3.0,3.0,0.0,0.0,33.333333,20.204746,-9.05345,20.204746,-7.865812,46 days 00:00:00,34 days 12:00:00,1.111307,673.885814,0.125355,0.036988,1.054966,0.190657
ROLLT,Success,0.008375600000363193,0.014001200000166136,0.0012879999994765967,0.05686870000045019,0.08091020000028948,2016-11-22 09:15:00,2025-06-26 09:15:00,2118 days 00:00:00,100000.0,88994.695926,-11.005304,-88.4,100.0,188.98388,11.005304,2057 days 00:00:00,1.0,1.0,0.0,0.0,0.0,-11.016309,-11.016309,,-11.016309,,11 days 00:00:00,0.0,-11005.304074,-0.610745,-0.180752,0.276638,-0.673091
ROML,Success,0.005665700000463403,0.016041899999436282,0.0011157000008097384,0.05736029999934544,0.08068989999992482,2020-10-07 09:15:00,2025-06-26 09:15:00,1160 days 00:00:00,100000.0,122357.202881,22.357203,2045.42575,100.0,398.462506,33.883675,1058 days 00:00:00,2.0,2.0,0.0,0.0,50.0,39.01607,-11.970685,39.01607,-11.970685,171 days 00:00:00,21 days 00:00:00,2.86953,11178.601441,0.408979,0.193451,1.159304,0.694299
ROSSARI,Success,0.005023600000640727,0.014960400000745722,0.0010157999995499267,0.058494299999438226,0.07989900000029593,2020-07-23 09:15:00,2025-06-26 09:15:00,1225 days 00:00:00,100000.0,86611.58873,-13.388411,-8.481092,100.0,370.035438,13.388411,910 days 00:00:00,2.0,2.0,0.0,0.0,0.0,-5.573527,-8.289848,,-6.931688,,23 days 12:00:00,0.0,-6694.205635,-0.638996,-0.313133,0.619556,-0.792017
ROSSELLIND,Success,0.013166199999432138,0.01657130000057805,0.0013887000004615402,0.06293950000053883,0.09447880000061559,2012-09-25 09:15:00,2025-06-26 09:15:00,3070 days 00:00:00,100000.0,132385.614706,32.385615,733.161372,100.0,2211.633865,38.404109,1338 days 00:00:00,10.0,10.0,0.0,0.0,30.0,51.691496,-14.669873,47.259676,-11.788182,34 days 00:00:00,26 days 20:34:17,1.341981,3238.561471,0.253011,0.088318,1.138635,0.470091
ROSSTECH,Success,0.003802700000051118,0.016529800000171235,0.0008440000001428416,0.0605636999998751,0.08248170000024402,2024-12-09 09:15:00,2025-06-26 09:15:00,137 days 00:00:00,100000.0,100000.0,0.0,-25.058768,0.0,0.0,,,0.0,0.0,0.0,0.0,,,,,,,,,,inf,,inf,inf
ROTO,Success,0.005018300000301679,0.018474200000127894,0.001470799999879091,0.06047170000056212,0.08586040000045614,2022-04-21 09:15:00,2025-06-26 09:15:00,791 days 00:00:00,100000.0,108478.511239,8.478511,154.981135,100.0,641.921595,17.759931,206 days 00:00:00,3.0,3.0,0.0,0.0,33.333333,32.361025,-12.130186,32.361025,-9.428287,11 days 00:00:00,42 days 00:00:00,1.391115,2826.170413,0.303836,0.215468,1.137821,0.492195
ROUTE,Success,0.006723600000441365,0.017565999999533233,0.0009372999993502162,0.06456749999961175,0.09023310000065976,2020-09-21 09:15:00,2025-06-26 09:15:00,1183 days 00:00:00,100000.0,151794.420785,51.794421,52.610167,100.0,757.952592,16.623021,534 days 00:00:00,3.0,3.0,0.0,0.0,66.666667,33.009607,-9.710994,29.725561,-9.710994,147 days 00:00:00,20 days 00:00:00,5.014931,17264.806928,0.70801,0.826738,1.302319,1.39885
RPEL,Success,0.004239700000653102,0.017221000000063214,0.0008041000000957865,0.05941840000014054,0.08215840000048047,2024-08-08 09:15:00,2025-06-26 09:15:00,220 days 00:00:00,100000.0,88938.875948,-11.061124,43.057891,100.0,188.928004,16.648238,119 days 00:00:00,1.0,1.0,0.0,0.0,0.0,-11.072185,-11.072185,,-11.072185,,18 days 00:00:00,0.0,-11061.124052,-0.948111,-1.061598,0.657566,-1.152996
RPGLIFE,Success,0.016540900000109104,0.015271999999640684,0.001642300000639807,0.054496199999448436,0.08834590000060416,2008-06-10 09:15:00,2025-06-26 09:15:00,4163 days 00:00:00,100000.0,71669.84902,-28.330151,5308.017576,100.0,2535.342047,55.816753,2140 days 00:00:00,16.0,16.0,0.0,0.0,25.0,42.183636,-20.053821,34.38477,-11.712984,45 days 00:00:00,15 days 12:00:00,0.767417,-1770.634436,-0.059833,-0.051567,0.969113,-0.091824
RPOWER,Success,0.013824599999679776,0.015591200000017125,0.0010970000002998859,0.055459000000155356,0.08637039999939589,2008-02-11 09:15:00,2025-06-26 09:15:00,4290 days 00:00:00,100000.0,43500.330815,-56.499669,-71.37792,100.0,1546.919995,59.91998,2704 days 00:00:00,10.0,10.0,0.0,0.0,10.0,17.943955,-16.472955,17.943955,-10.437534,7 days 00:00:00,17 days 18:40:00,0.224037,-5649.966919,-0.685906,-0.114106,0.614855,-0.833784
RPPINFRA,Success,0.012344799999482348,0.01466930000060529,0.0013138000003891648,0.05592449999949167,0.08465399999931833,2010-12-06 09:15:00,2025-06-26 09:15:00,3598 days 00:00:00,100000.0,185966.267436,85.966267,165.541765,100.0,2822.850077,25.792617,1925 days 00:00:00,8.0,8.0,0.0,0.0,37.5,48.598243,-13.708914,46.478952,-9.920714,52 days 16:00:00,4 days 19:12:00,1.881692,10745.783429,0.462383,0.25185,1.36866,0.978845
RPPL,Success,0.007051399999909336,0.013150400000085938,0.0008287000000564149,0.056075200000123004,0.07749770000009448,2018-10-09 09:15:00,2025-06-26 09:15:00,1371 days 00:00:00,100000.0,65918.050011,-34.08195,49.176196,100.0,330.965552,37.291554,841 days 00:00:00,2.0,2.0,0.0,0.0,0.0,-17.476833,-20.158799,,-18.817816,,108 days 00:00:00,0.0,-17040.974994,-0.412313,-0.281617,0.860006,-0.613102
RPSGVENT,Success,0.006968099999539845,0.014391300000170304,0.0008857000002535642,0.05353769999965152,0.07616700000016863,2019-01-25 09:15:00,2025-06-26 09:15:00,1590 days 00:00:00,100000.0,173972.121613,73.972122,76.813134,100.0,1384.991562,17.363727,431 days 00:00:00,5.0,5.0,0.0,0.0,60.0,39.529942,-11.74514,29.607556,-10.275089,25 days 16:00:00,13 days 12:00:00,3.594391,14794.424323,0.849411,0.780623,1.71092,1.784242
RPTECH,Success,0.00396679999994376,0.016317799999342242,0.0007826000000932254,0.05310730000019248,0.0745690999992803,2024-02-14 09:15:00,2025-06-26 09:15:00,339 days 00:00:00,100000.0,100000.0,0.0,-6.034215,0.0,0.0,,,0.0,0.0,0.0,0.0,,,,,,,,,,inf,,inf,inf
RRKABEL,Success,0.004490700000133074,0.01417440000022907,0.0012035999998261104,0.0542899000001853,0.07453809999969963,2023-09-20 09:15:00,2025-06-26 09:15:00,439 days 00:00:00,100000.0,81980.932208,-18.019068,12.257418,100.0,367.776972,20.363562,240 days 00:00:00,2.0,2.0,0.0,0.0,0.0,-7.100248,-11.771834,,-9.436041,,51 days 00:00:00,0.0,-9009.533896,-0.872549,-0.747754,0.7576,-1.206441
RSSOFTWARE,Success,0.016025799999624724,0.014626500000304077,0.0017029000000547967,0.0679878999999346,0.10073479999937263,1999-05-19 09:15:00,2025-06-26 09:15:00,6299 days 00:00:00,100000.0,81545.681177,-18.454319,2.826906,100.0,3632.985319,54.688356,3313 days 00:00:00,15.0,15.0,0.0,0.0,26.666667,56.778693,-18.110854,41.326463,-13.310086,41 days 00:00:00,11 days 21:49:05,0.900999,-1230.287922,-0.017929,-0.021489,0.988009,-0.027513
RSWM,Success,0.015540700000201468,0.01607239999975718,0.0011736999995264341,0.06324390000008862,0.09645259999979316,2006-09-01 09:15:00,2025-06-26 09:15:00,4615 days 00:00:00,100000.0,182605.313084,82.605313,139.049596,100.0,4817.374789,29.842538,2676 days 00:00:00,12.0,12.0,0.0,0.0,41.666667,35.415018,-10.664453,29.274468,-9.170826,42 days 14:24:00,20 days 20:34:17,1.577454,6883.77609,0.421454,0.163447,1.247164,0.689803
RSYSTEMS,Success,0.018523800000366464,0.021467800000209536,0.0012897000005978043,0.0662095000006957,0.10792940000010276,2006-04-26 09:15:00,2025-06-26 09:15:00,4724 days 00:00:00,100000.0,213072.90564,113.072906,1732.565665,100.0,1301.695374,28.845568,906 days 00:00:00,6.0,6.0,0.0,0.0,50.0,61.544461,-13.774582,44.145689,-10.315643,139 days 00:00:00,28 days 16:00:00,4.855933,18845.484273,0.392059,0.208663,1.228753,0.70399
RTNINDIA,Success,0.014937300000383402,0.020902600000226812,0.0011681999994834769,0.06376139999974839,0.10117259999969974,2012-07-31 09:15:00,2025-06-26 09:15:00,3164 days 00:00:00,100000.0,69957.851765,-30.042148,1275.909091,100.0,1987.965126,50.736075,3043 days 00:00:00,9.0,9.0,0.0,0.0,22.222222,42.048255,-15.344674,36.134038,-12.952007,51 days 12:00:00,23 days 20:34:17,0.709501,-3338.016471,-0.201623,-0.079584,0.9052,-0.294296
RTNPOWER,Success,0.015429600000061328,0.01762990000042919,0.001259599999684724,0.05874260000018694,0.09344529999998485,2009-10-30 09:15:00,2025-06-26 09:15:00,3874 days 00:00:00,100000.0,19522.300359,-80.4777,-63.089005,100.0,1061.5646,80.4777,2705 days 00:00:00,11.0,11.0,0.0,0.0,0.0,-10.25802,-17.844794,,-13.785104,,24 days 06:32:43,0.0,-7316.154513,-0.998093,-0.177261,0.576677,-1.267913
RUBFILA,Success,0.0038517000002684654,0.013998799999171752,0.0010680000004867907,0.051972500000374566,0.07126530000005005,2024-08-08 09:15:00,2025-06-26 09:15:00,220 days 00:00:00,100000.0,100000.0,0.0,-12.146214,0.0,0.0,,,0.0,0.0,0.0,0.0,,,,,,,,,,inf,,inf,inf
RUBYMILLS,Success,0.014726899999914167,0.01547980000032112,0.002022199999373697,0.0547389999992447,0.08737399999972695,2001-01-29 09:15:00,2025-06-26 09:15:00,5011 days 00:00:00,100000.0,189559.955041,89.559955,1245.885714,100.0,3501.955815,41.167702,1534 days 00:00:00,13.0,13.0,0.0,0.0,38.461538,59.455178,-18.550911,42.062041,-12.852299,83 days 09:36:00,19 days 12:00:00,1.600166,6889.227311,0.32523,0.115833,1.162299,0.589421
RUCHINFRA,Success,0.013968400000521797,0.014245800000026065,0.0012551999998322572,0.05969360000017332,0.08967130000019097,1999-01-11 09:15:00,2025-06-26 09:15:00,5122 days 00:00:00,100000.0,36073.170614,-63.926829,95.414013,100.0,929.457127,66.278405,4737 days 00:00:00,8.0,7.0,1.0,-2899.719809,0.0,-5.966147,-19.861573,,-12.514467,,7 days 00:00:00,0.0,-8718.158511,-0.985673,-0.10574,0.26941,-1.14425
RUCHIRA,Success,0.01508769999963988,0.014406100000087463,0.0010657999991963152,0.05728259999978036,0.0882287999993423,2006-12-20 09:15:00,2025-06-26 09:15:00,4221 days 00:00:00,100000.0,629785.876493,529.785876,627.202662,100.0,6527.753735,32.692304,641 days 00:00:00,8.0,8.0,0.0,0.0,75.0,71.089883,-11.172202,41.856931,-9.940911,108 days 08:00:00,55 days 12:00:00,5.770726,66223.234562,0.735818,0.527608,1.287807,1.152432
RUPA,Success,0.012190100000225357,0.014038400000572437,0.0009944999992512749,0.054427099999884376,0.08245489999990241,2011-12-07 09:15:00,2025-06-26 09:15:00,3217 days 00:00:00,100000.0,56253.692622,-43.746307,47.821048,100.0,1509.19891,46.542726,3102 days 00:00:00,10.0,10.0,0.0,0.0,10.0,29.669382,-10.58378,29.669382,-8.860924,34 days 00:00:00,14 days 05:20:00,0.306535,-4374.630738,-0.616566,-0.135765,0.655468,-0.82292
RUSHIL,Success,0.013649800000166579,0.01642230000015843,0.0010185000001001754,0.05602290000024368,0.08751040000061039,2011-07-07 09:15:00,2025-06-26 09:15:00,3453 days 00:00:00,100000.0,125499.771109,25.499771,212.152761,100.0,1845.835359,36.743812,1385 days 00:00:00,10.0,10.0,0.0,0.0,40.0,42.216937,-20.535971,33.604415,-14.182225,52 days 06:00:00,19 days 12:00:00,1.307751,2549.977111,0.217766,0.066133,1.120468,0.355853
RUSTOMJEE,Success,0.0042685000007622875,0.014392900000530062,0.0008160999996107421,0.0639086999999563,0.08385189999989962,2022-11-24 09:15:00,2025-06-26 09:15:00,643 days 00:00:00,100000.0,80764.048956,-19.235951,2.603937,100.0,361.965413,26.756779,333 days 00:00:00,2.0,2.0,0.0,0.0,0.0,-9.399271,-10.87728,,-10.138275,,88 days 00:00:00,0.0,-9617.975522,-0.553457,-0.426834,0.861039,-0.777561
RVHL,Success,0.005549299999984214,0.014577599999938684,0.0008535999995729071,0.06141459999980725,0.08284220000041387,2020-12-18 09:15:00,2025-06-26 09:15:00,1121 days 00:00:00,100000.0,91380.741405,-8.619259,69.983085,100.0,924.174424,34.270396,620 days 00:00:00,4.0,4.0,0.0,0.0,25.0,39.064267,-14.100883,39.064267,-13.062175,7 days 00:00:00,13 days 00:00:00,0.819092,-2154.814649,-0.119773,-0.084393,0.92474,-0.216362
RVNL,Success,0.008425500000157626,0.017557499999384163,0.0009978000007322407,0.061994000000595406,0.08941980000054173,2019-04-11 09:15:00,2025-06-26 09:15:00,1538 days 00:00:00,100000.0,109720.143686,9.720144,1997.375438,100.0,724.138568,13.42348,673 days 00:00:00,4.0,3.0,1.0,3385.030114,33.333333,29.157677,-10.198679,29.157677,-9.258446,51 days 00:00:00,4 days 12:00:00,1.319541,2111.704524,0.283528,0.165819,1.238097,0.408909
RVTH,Success,0.004814700000679295,0.020362000000204716,0.0010960999998133047,0.04500259999986156,0.07148570000026666,2024-09-11 09:15:00,2025-06-26 09:15:00,197 days 00:00:00,100000.0,100000.0,0.0,-68.437074,0.0,0.0,,,0.0,0.0,0.0,0.0,,,,,,,,,,inf,,inf,inf
S&SPOWER,Success,0.0034838999999919906,0.009632799999963026,0.0010797999993883423,0.26798580000013317,0.2825708999998824,2020-03-30 09:15:00,2025-06-26 09:15:00,1112 days 00:00:00,100000.0,185712.788592,85.712789,2625.572519,100.0,2316.554449,30.123522,126 days 00:00:00,6.0,6.0,0.0,0.0,50.0,45.849397,-11.843511,34.035377,-8.013496,13 days 00:00:00,26 days 08:00:00,2.612734,14285.464765,0.991339,0.747935,1.443074,1.58985
SABEVENTS,Success,0.007725199999185861,0.013702300000659307,0.0014834999992672238,0.05526480000025913,0.07860049999999319,2016-09-15 09:15:00,2025-06-26 09:15:00,1840 days 00:00:00,100000.0,75994.838402,-24.005162,-93.465553,100.0,519.296463,27.479139,1135 days 00:00:00,3.0,3.0,0.0,0.0,0.0,-5.588251,-11.73223,,-8.718327,,8 days 00:00:00,0.0,-8001.720533,-0.700991,-0.192864,0.470538,-0.821553
SABTNL,Success,0.003938100000596023,0.013500300000487186,0.0009015999994517188,0.05618450000019948,0.07490760000018781,2024-04-02 09:15:00,2025-06-26 09:15:00,306 days 00:00:00,100000.0,100000.0,0.0,1918.822218,0.0,0.0,,,0.0,0.0,0.0,0.0,,,,,,,,,,inf,,inf,inf
SADBHAV,Success,0.0151387000005343,0.0140425999998115,0.0010687000003599678,0.054674099999829195,0.08559129999957804,2006-03-01 09:15:00,2025-06-26 09:15:00,4773 days 00:00:00,100000.0,36637.407697,-63.362592,-58.82319,100.0,1142.579446,74.196307,4713 days 00:00:00,11.0,11.0,0.0,0.0,9.090909,38.543522,-19.640739,38.543522,-12.372971,13 days 00:00:00,31 days 07:12:00,0.138486,-5760.235664,-0.582314,-0.099616,0.709513,-0.775098
SADBHIN,Success,0.008951400000114518,0.015400799999952142,0.00093029999970895,0.053062599999975646,0.07894299999952636,2015-09-16 09:15:00,2025-06-26 09:15:00,2418 days 00:00:00,100000.0,56743.225865,-43.256774,-95.178908,100.0,614.182756,46.20224,1823 days 00:00:00,4.0,4.0,0.0,0.0,0.0,-6.223146,-17.959226,,-13.101634,,25 days 00:00:00,0.0,-10814.193534,-0.801862,-0.177433,0.572712,-0.942617
SADHNANIQ,Success,0.004262200000084704,0.013638299999911396,0.0007784999997966224,0.05363080000006448,0.07268110000040906,2023-05-05 09:15:00,2025-06-26 09:15:00,534 days 00:00:00,100000.0,100000.0,0.0,-88.154862,0.0,0.0,,,0.0,0.0,0.0,0.0,,,,,,,,,,inf,,inf,inf
SAFARI,Success,0.0074813999999605585,0.014267399999880581,0.001481499999499647,0.0596547000004648,0.08328280000023369,2019-09-12 09:15:00,2025-06-26 09:15:00,1437 days 00:00:00,100000.0,106353.904027,6.353904,659.504955,100.0,794.853548,18.529361,201 days 00:00:00,4.0,3.0,1.0,-387.718506,33.333333,26.096784,-9.056885,26.096784,-7.986519,71 days 00:00:00,13 days 12:00:00,1.348781,2247.207511,0.185384,0.085109,1.106902,0.320186
SAGARDEEP,Success,0.007317999999941094,0.013860400000339723,0.0011751000001822831,0.060058899999603454,0.08293700000012905,2019-01-25 09:15:00,2025-06-26 09:15:00,1567 days 00:00:00,100000.0,90658.834595,-9.341165,-49.088465,100.0,190.649684,22.629172,1201 days 00:00:00,1.0,1.0,0.0,0.0,0.0,-9.350507,-9.350507,,-9.350507,,10 days 00:00:00,0.0,-9341.165405,-0.316133,-0.099799,0.645131,-0.382956
SAGCEM,Success,0.017510099999526574,0.0179775000005975,0.0016531000001123175,0.06333639999957086,0.10092149999945832,2007-01-29 09:15:00,2025-06-26 09:15:00,4450 days 00:00:00,100000.0,41372.706363,-58.627294,659.60792,100.0,1167.54172,69.734817,3865 days 00:00:00,10.0,9.0,1.0,2861.659807,0.0,-5.061153,-12.909939,,-10.037215,,31 days 10:40:00,0.0,-6832.105938,-0.474838,-0.100138,0.775257,-0.627655
SAGILITY,Success,0.004694100000051549,0.019289799999569368,0.0008782000004430301,0.060767899999518704,0.08608499999991182,2024-11-12 09:15:00,2025-06-26 09:15:00,154 days 00:00:00,100000.0,86168.116924,-13.831883,42.291951,100.0,186.154471,13.831883,80 days 00:00:00,1.0,1.0,0.0,0.0,0.0,-13.845715,-13.845715,,-13.845715,,25 days 00:00:00,0.0,-13831.883076,-1.75317,-2.149463,0.586836,-2.053497
SAH,Success,0.005247600000075181,0.01587519999975484,0.000845100000333332,0.06161019999944983,0.08399879999979021,2023-01-12 09:15:00,2025-06-26 09:15:00,608 days 00:00:00,100000.0,88128.926088,-11.871074,31.742297,100.0,188.117243,11.871074,352 days 00:00:00,1.0,1.0,0.0,0.0,0.0,-11.882945,-11.882945,,-11.882945,,1 days 00:00:00,0.0,-11871.073912,-0.951233,-0.61542,0.0,-0.950836
SAHYADRI,Success,0.004605000000083237,0.015900900000815454,0.0007820999999239575,0.05478480000056152,0.07705100000021048,2023-04-06 09:15:00,2025-06-26 09:15:00,552 days 00:00:00,100000.0,118431.706279,18.431706,-12.764777,100.0,476.730642,10.97976,226 days 00:00:00,2.0,2.0,0.0,0.0,50.0,29.169154,-8.300305,29.169154,-8.300305,43 days 00:00:00,14 days 00:00:00,2.721253,9215.853139,0.683994,1.077931,1.440667,1.566506
SAIL,Success,0.01745409999966796,0.015134100000068429,0.0015897000002951245,0.05457840000053693,0.08913699999993696,1996-01-01 09:15:00,2025-06-26 09:15:00,7327 days 00:00:00,100000.0,341455.830558,241.455831,399.514019,100.0,9527.082058,36.52198,3503 days 00:00:00,22.0,22.0,0.0,0.0,40.909091,81.583791,-20.913608,37.494675,-11.308317,33 days 00:00:00,16 days 07:23:04,1.771971,10975.265025,0.40684,0.172735,1.276351,0.739547
SAILIFE,Success,0.003780400000323425,0.013917500000388827,0.0013134000000718515,0.05220069999995758,0.07158040000012988,2024-12-18 09:15:00,2025-06-26 09:15:00,130 days 00:00:00,100000.0,110562.787531,10.562788,-2.059766,100.0,99.9001,11.802088,50 days 00:00:00,1.0,0.0,1.0,10562.787531,,,,,,,,,,0.91083,2.759561,1.257292,1.812783
SAKAR,Success,0.0075956000000587665,0.016891100000066217,0.0015394000001833774,0.058490599999458937,0.08500009999988833,2019-04-11 09:15:00,2025-06-26 09:15:00,1534 days 00:00:00,100000.0,240265.189276,140.265189,503.960416,100.0,2173.202246,25.041441,337 days 00:00:00,6.0,6.0,0.0,0.0,66.666667,46.739658,-17.774044,34.591914,-13.956863,27 days 12:00:00,49 days 00:00:00,3.640127,23377.531546,0.953072,0.926134,1.502314,1.91496
SAKHTISUG,Success,0.017127199999777076,0.014501200000268,0.0018664999997781706,0.05483269999967888,0.08872800000062853,1994-12-22 09:15:00,2025-06-26 09:15:00,7328 days 00:00:00,100000.0,186849.678768,86.849679,-74.561224,100.0,5236.019062,73.795707,3828 days 00:00:00,17.0,16.0,1.0,1353.407012,37.5,75.34784,-23.710764,46.131691,-14.78939,41 days 12:00:00,17 days 04:48:00,1.331539,5343.516985,0.255814,0.042858,1.16676,0.424715
SAKSOFT,Success,0.015080199999829347,0.014523199999530334,0.001883099999758997,0.05761200000051758,0.09002049999980954,2005-05-09 09:15:00,2025-06-26 09:15:00,4578 days 00:00:00,100000.0,80945.814412,-19.054186,2417.237103,100.0,1835.212403,57.993866,3915 days 00:00:00,14.0,14.0,0.0,0.0,28.571429,52.949758,-22.516276,38.311697,-13.877661,73 days 00:00:00,38 days 16:48:00,0.811543,-1361.013256,0.041652,-0.028818,1.016568,0.067325
SAKUMA,Success,0.01700909999999567,0.013346200000341923,0.0011825000001408625,0.05453829999987647,0.08671880000019883,2006-03-08 09:15:00,2025-06-26 09:15:00,4720 days 00:00:00,100000.0,80880.56547,-19.119435,221.825438,100.0,1058.42863,63.238562,3141 days 00:00:00,8.0,8.0,0.0,0.0,25.0,39.92342,-17.836075,37.210095,-13.072781,53 days 00:00:00,28 days 16:00:00,0.664566,-2389.929316,-0.01273,-0.025736,0.992243,-0.019653
SALASAR,Success,0.007345600000007835,0.015174500000284752,0.0009140000001934823,0.06717130000015459,0.09100889999990613,2017-07-25 09:15:00,2025-06-26 09:15:00,1963 days 00:00:00,100000.0,80121.560328,-19.87844,196.0,100.0,1315.47139,44.675362,1116 days 00:00:00,8.0,8.0,0.0,0.0,25.0,35.458509,-18.312519,32.694111,-12.242007,35 days 00:00:00,13 days 12:00:00,0.691286,-2484.804959,-0.124205,-0.090366,0.93262,-0.181035
SALONA,Success,0.009074499999769614,0.020205900000291876,0.0018899999995483086,0.06754150000051595,0.09913039999992179,2016-06-16 09:15:00,2025-06-26 09:15:00,2197 days 00:00:00,100000.0,80485.637434,-19.514363,739.700997,100.0,356.622229,31.03784,654 days 00:00:00,2.0,2.0,0.0,0.0,0.0,-8.628534,-11.934048,,-10.281291,,37 days 12:00:00,0.0,-9757.181283,-0.240444,-0.114132,0.836308,-0.334835
SALSTEEL,Success,0.019931200000428362,0.022210500000255706,0.0018962000003739377,0.07751499999994849,0.12200310000025638,2004-11-24 09:15:00,2025-06-26 09:15:00,4844 days 00:00:00,100000.0,58351.031568,-41.648968,-12.020456,100.0,2280.074508,56.077926,2212 days 00:00:00,14.0,14.0,0.0,0.0,21.428571,68.312837,-19.823462,48.172,-14.315486,27 days 08:00:00,17 days 00:00:00,0.700154,-2974.926317,-0.196818,-0.070934,0.898271,-0.286193
SALZERELEC,Success,0.009469199999330158,0.013453300000037416,0.0009703000005174545,0.05713830000058806,0.08148650000021007,2015-12-02 09:15:00,2025-06-26 09:15:00,2369 days 00:00:00,100000.0,169954.176873,69.954177,277.641447,100.0,2529.447774,29.547264,1014 days 00:00:00,8.0,8.0,0.0,0.0,50.0,35.732558,-15.163859,31.8336,-13.293372,30 days 06:00:00,19 days 12:00:00,1.747615,8744.272109,0.523121,0.288168,1.30549,0.963263
SAMBHAAV,Success,0.016529999999875145,0.020145700000284705,0.0011328999999022926,0.06314779999956954,0.10159380000004603,2005-10-18 09:15:00,2025-06-26 09:15:00,3900 days 00:00:00,100000.0,135552.173457,35.552173,163.333333,100.0,1467.913143,40.94105,3174 days 00:00:00,7.0,7.0,0.0,0.0,42.857143,45.878137,-18.357665,37.897411,-15.07781,71 days 16:00:00,41 days 12:00:00,1.530963,5078.881922,0.237348,0.070535,1.115091,0.371701
SAMHI,Success,0.004555900000013935,0.014329499999803375,0.0007771000000502681,0.05695519999972021,0.07699279999997088,2023-09-22 09:15:00,2025-06-26 09:15:00,437 days 00:00:00,100000.0,100000.0,0.0,54.762912,0.0,0.0,,,0.0,0.0,0.0,0.0,,,,,,,,,,inf,,inf,inf
SAMMAANCAP,Success,0.012210600000798877,0.016599099999439204,0.0009621999997762032,0.05606970000008005,0.08648670000002312,2013-07-23 09:15:00,2025-06-26 09:15:00,2946 days 00:00:00,100000.0,64370.204497,-35.629796,-44.361663,100.0,1682.646474,53.93383,2151 days 00:00:00,8.0,8.0,0.0,0.0,25.0,26.040842,-22.611065,21.00707,-12.630444,33 days 00:00:00,20 days 08:00:00,0.552054,-4453.724438,-0.314371,-0.098484,0.838598,-0.404207
SAMPANN,Success,0.0043670999993992154,0.014480000000730797,0.0012825000003431342,0.05917370000042865,0.0797021999997014,2023-08-23 09:15:00,2025-06-26 09:15:00,458 days 00:00:00,100000.0,87439.726964,-12.560273,67.142867,100.0,187.427354,19.149401,218 days 00:00:00,1.0,1.0,0.0,0.0,0.0,-12.572833,-12.572833,,-12.572833,,29 days 00:00:00,0.0,-12560.273036,-0.763676,-0.52975,0.685991,-0.97068
SANATHAN,Success,0.003525900000568072,0.013922000000093249,0.0007601000006616232,0.0567218000005596,0.07530080000015005,2024-12-27 09:15:00,2025-06-26 09:15:00,124 days 00:00:00,100000.0,100000.0,0.0,15.115231,0.0,0.0,,,0.0,0.0,0.0,0.0,,,,,,,,,,inf,,inf,inf
SANDESH,Success,0.01702110000042012,0.01505150000048161,0.001269000000320375,0.05670129999998608,0.09043440000004921,1999-01-01 09:15:00,2025-06-26 09:15:00,6167 days 00:00:00,100000.0,566767.424532,466.767425,2210.578935,100.0,11872.306001,32.71796,1013 days 00:00:00,17.0,17.0,0.0,0.0,52.941176,53.320298,-14.022328,34.429359,-10.617758,79 days 18:39:59,14 days 12:00:00,2.48071,27456.907325,0.591795,0.330494,1.284728,1.098933
SANDHAR,Success,0.008230000000367,0.01598759999978938,0.001171500000054948,0.056977199999892036,0.08278960000006919,2018-04-02 09:15:00,2025-06-26 09:15:00,1794 days 00:00:00,100000.0,110957.5409,10.957541,69.486269,100.0,553.653875,21.992869,732 days 00:00:00,3.0,3.0,0.0,0.0,33.333333,35.0558,-10.846546,35.0558,-9.344772,93 days 00:00:00,8 days 12:00:00,1.614836,3652.513633,0.233912,0.097214,1.130129,0.35309
SANDUMA,Success,0.004735900000014226,0.013989699999910954,0.0007605999999213964,0.06198500000027707,0.08186610000029759,2023-09-07 09:15:00,2025-06-26 09:15:00,447 days 00:00:00,100000.0,76332.464856,-23.667535,81.672611,100.0,421.798013,28.868991,329 days 00:00:00,3.0,2.0,1.0,-65.745371,0.0,-9.651651,-15.464864,,-12.558258,,20 days 12:00:00,0.0,-11800.894887,-1.294927,-0.685529,0.619109,-1.586673
SANGAMIND,Success,0.017933500000253844,0.013661800000591029,0.0013530000005630427,0.06660289999945235,0.09999289999996108,1996-07-25 09:15:00,2025-06-26 09:15:00,6097 days 00:00:00,100000.0,312463.568119,212.463568,4562.639641,100.0,9419.203878,45.319229,2144 days 00:00:00,19.0,19.0,0.0,0.0,42.105263,55.066394,-20.697564,39.096868,-12.482178,50 days 21:00:00,30 days 06:32:43,1.585523,11182.293059,0.431502,0.155752,1.217414,0.708991
SANGHIIND,Success,0.01948990000073536,0.016851100000167207,0.0011672000000544358,0.06465299999945273,0.10260089999974298,1995-08-24 09:15:00,2025-06-26 09:15:00,5211 days 00:00:00,100000.0,148723.868262,48.723868,-0.890057,100.0,2099.165024,53.959716,2736 days 00:00:00,11.0,10.0,1.0,5207.715301,40.0,43.20292,-22.590671,37.735204,-14.041859,55 days 12:00:00,116 days 04:00:00,1.4989,4351.615296,0.233546,0.052247,1.084326,0.381193
SANGHVIMOV,Success,0.017620599999645492,0.019601800000600633,0.0011580999998841435,0.06143939999947179,0.10027510000054463,2007-01-24 09:15:00,2025-06-26 09:15:00,4550 days 00:00:00,100000.0,60279.646318,-39.720354,224.808761,100.0,2180.040887,49.838037,3522 days 00:00:00,14.0,14.0,0.0,0.0,21.428571,35.58475,-21.737785,35.347463,-11.938568,58 days 00:00:00,18 days 10:54:32,0.636026,-2837.16812,-0.134396,-0.079843,0.934907,-0.194113
SANGINITA,Success,0.008509500000400294,0.019730400000298687,0.0009155999996437458,0.05893599999944854,0.08847919999971054,2019-07-15 09:15:00,2025-06-26 09:15:00,1476 days 00:00:00,100000.0,91009.29816,-8.990702,-86.041694,100.0,191.000498,9.819323,1323 days 00:00:00,1.0,1.0,0.0,0.0,0.0,-8.999693,-8.999693,,-8.999693,,4 days 00:00:00,0.0,-8990.70184,-0.637038,-0.234513,0.090988,-0.639245
SANOFI,Success,0.014515099999698577,0.014087900000049558,0.0014792000001762062,0.05542250000053173,0.08587950000037381,2006-11-02 09:15:00,2025-06-26 09:15:00,4607 days 00:00:00,100000.0,165277.289745,65.27729,575.173879,100.0,2030.794658,15.845694,686 days 00:00:00,8.0,7.0,1.0,7663.964553,57.142857,33.484024,-6.682239,17.65253,-5.928354,86 days 06:00:00,13 days 08:00:00,3.421667,8230.475027,0.479862,0.256291,1.280339,0.864689
SANOFICONR,Success,0.003871899999467132,0.014096200000494719,0.001105199999983597,0.052511500000036904,0.07201709999935701,2024-09-13 09:15:00,2025-06-26 09:15:00,195 days 00:00:00,100000.0,100000.0,0.0,2.212705,0.0,0.0,,,0.0,0.0,0.0,0.0,,,,,,,,,,inf,,inf,inf
SANSERA,Success,0.005767399999967893,0.014670800000203599,0.0008140999998431653,0.054129500000271946,0.07614639999974315,2021-09-24 09:15:00,2025-06-26 09:15:00,932 days 00:00:00,100000.0,140533.178035,40.533178,67.735632,100.0,796.151511,9.205016,157 days 00:00:00,3.0,3.0,0.0,0.0,66.666667,25.464416,-7.763833,23.469484,-7.763833,9 days 00:00:00,14 days 00:00:00,4.430263,13511.059345,1.422885,1.5486,2.919674,3.586343
SANSTAR,Success,0.003613700000641984,0.013035599999966507,0.0007603999993079924,0.054984200000035344,0.07277789999989182,2024-07-26 09:15:00,2025-06-26 09:15:00,229 days 00:00:00,100000.0,88956.567779,-11.043432,-18.658208,100.0,188.945713,11.043432,178 days 00:00:00,1.0,1.0,0.0,0.0,0.0,-11.054476,-11.054476,,-11.054476,,25 days 00:00:00,0.0,-11043.432221,-1.858656,-1.540805,0.470263,-2.367559
SAPPHIRE,Success,0.005051900000580645,0.014594299999771465,0.0008247000005212612,0.053230900000016845,0.07408790000044974,2021-11-18 09:15:00,2025-06-26 09:15:00,895 days 00:00:00,100000.0,68991.824159,-31.008176,35.36379,100.0,667.121127,34.786329,784 days 00:00:00,4.0,4.0,0.0,0.0,0.0,-7.470288,-10.134053,,-8.865681,,23 days 12:00:00,0.0,-7752.04396,-1.203191,-0.403824,0.606513,-1.469869
SARDAEN,Success,0.013473500000145577,0.015144400000281166,0.001048099999934493,0.05452499999955762,0.08457699999962642,2009-12-03 09:15:00,2025-06-26 09:15:00,3851 days 00:00:00,100000.0,897904.453188,797.904453,2459.804633,100.0,9672.610533,45.002626,1723 days 00:00:00,16.0,16.0,0.0,0.0,62.5,51.944702,-20.742558,35.226258,-12.292478,59 days 00:00:00,32 days 04:00:00,5.867598,49869.028324,0.977489,0.513868,1.370551,1.749731
SAREGAMA,Success,0.015383599999950093,0.01517639999929088,0.0011515000005601905,0.057650099999591475,0.08985480000046664,2001-08-20 09:15:00,2025-06-26 09:15:00,5669 days 00:00:00,100000.0,79241.672346,-20.758328,5969.664479,100.0,2560.008734,64.51063,4548 days 00:00:00,13.0,13.0,0.0,0.0,23.076923,57.06034,-18.963737,40.014785,-11.494371,31 days 00:00:00,25 days 14:24:00,0.833543,-1596.794435,-0.005092,-0.023048,0.997175,-0.00827
SARLAPOLY,Success,0.014933800000108022,0.016076500000053784,0.001736999999593536,0.06391830000029586,0.09711140000035812,2007-01-19 09:15:00,2025-06-26 09:15:00,4131 days 00:00:00,100000.0,239941.344518,139.941345,822.725418,100.0,2781.498367,37.275429,1598 days 00:00:00,10.0,10.0,0.0,0.0,50.0,49.265993,-20.239375,39.399313,-14.238281,49 days 19:12:00,24 days 14:24:00,2.452843,13994.134452,0.448396,0.215692,1.253543,0.734255
SARVESHWAR,Success,0.01109349999933329,0.01835080000000744,0.0016584000004513655,0.059825500000442844,0.0913886000007551,2018-03-15 09:15:00,2025-06-26 09:15:00,1634 days 00:00:00,100000.0,69122.257751,-30.877742,202.766987,100.0,1253.941227,45.316361,1356 days 00:00:00,7.0,7.0,0.0,0.0,14.285714,40.885937,-14.737547,40.885937,-11.16088,48 days 00:00:00,19 days 12:00:00,0.508706,-4411.106036,-0.225373,-0.17473,0.910872,-0.325859
SASKEN,Success,0.018140600000151608,0.014625299999352137,0.0008355999998457264,0.06365180000011605,0.0978728999998566,2005-09-09 09:15:00,2025-06-26 09:15:00,4890 days 00:00:00,100000.0,186176.268332,86.176268,210.396033,100.0,4813.778736,35.563657,2565 days 00:00:00,16.0,16.0,0.0,0.0,43.75,34.731256,-12.257471,25.849001,-10.332963,41 days 03:25:42,33 days 05:20:00,1.586983,5386.016771,0.350351,0.133521,1.183876,0.638185
SASTASUNDR,Success,0.015925700000479992,0.021324700000150187,0.001176800000393996,0.06309779999992315,0.10196700000051351,2010-10-05 09:15:00,2025-06-26 09:15:00,3634 days 00:00:00,100000.0,63562.433541,-36.437566,178.597285,100.0,2788.612439,61.872738,2527 days 00:00:00,14.0,14.0,0.0,0.0,21.428571,40.35948,-21.012352,36.569724,-11.77288,49 days 00:00:00,16 days 21:49:05,0.733976,-2602.683318,-0.159736,-0.071912,0.925119,-0.23451
SATIA,Success,0.007128500000362692,0.01757980000002135,0.0009563999992678873,0.05683560000034049,0.08290209999995568,2019-07-17 09:15:00,2025-06-26 09:15:00,1474 days 00:00:00,100000.0,83218.861848,-16.781138,20.961487,100.0,689.43452,37.693193,659 days 00:00:00,4.0,4.0,0.0,0.0,25.0,36.629209,-17.731142,36.629209,-15.211075,26 days 00:00:00,231 days 16:00:00,0.61157,-4195.284538,0.042449,-0.117976,1.009229,0.061229
SATIN,Success,0.008678199999849312,0.014252599999963422,0.0009450999996261089,0.2328551000000516,0.2571624000001975,2015-08-25 09:15:00,2025-06-26 09:15:00,2430 days 00:00:00,100000.0,58776.106603,-41.223893,1605.71411,100.0,1218.999997,62.902635,2327 days 00:00:00,10.0,10.0,0.0,0.0,20.0,36.964275,-17.725547,35.999717,-13.278573,74 days 12:00:00,41 days 12:00:00,0.443923,-4122.38934,-0.191776,-0.121969,0.937138,-0.283861
SAURASHCEM,Success,0.004252400000041234,0.013256000000183121,0.0007699999996475526,0.052580999999918276,0.07123760000013135,2024-02-27 09:15:00,2025-06-26 09:15:00,330 days 00:00:00,100000.0,100000.0,0.0,-25.29236,0.0,0.0,,,0.0,0.0,0.0,0.0,,,,,,,,,,inf,,inf,inf
SBC,Success,0.0053169000002526445,0.015485099999750673,0.0007803999997122446,0.05373729999973875,0.07569779999994353,2021-11-23 09:15:00,2025-06-26 09:15:00,893 days 00:00:00,100000.0,76545.813672,-23.454186,607.18302,100.0,727.78412,32.06668,488 days 00:00:00,4.0,4.0,0.0,0.0,25.0,25.041237,-18.821671,25.041237,-15.034448,17 days 00:00:00,12 days 08:00:00,0.473781,-5863.546582,-0.613455,-0.322737,0.722275,-0.899805
SBCL,Success,0.005602700000054028,0.01296490000004269,0.0009853000001385226,0.05538590000014665,0.07532159999936994,2021-06-24 09:15:00,2025-06-26 09:15:00,995 days 00:00:00,100000.0,85102.997611,-14.897002,555.814609,100.0,185.088286,38.158575,794 days 00:00:00,1.0,1.0,0.0,0.0,0.0,-14.911899,-14.911899,,-14.911899,,47 days 00:00:00,0.0,-14897.002389,-0.275415,-0.150573,0.8225,-0.371432
SBFC,Success,0.00406840000050579,0.01495230000000447,0.0007906000000730273,0.05827980000049138,0.07851149999987683,2023-08-16 09:15:00,2025-06-26 09:15:00,463 days 00:00:00,100000.0,117308.315516,17.308316,13.058572,100.0,347.525575,7.8402,45 days 00:00:00,2.0,1.0,1.0,-6504.297974,100.0,23.836426,23.836426,23.836426,,94 days 00:00:00,,inf,23812.61349,0.719246,1.710519,1.347205,1.619089
SBGLP,Success,0.004873800000495976,0.019468800000140618,0.0007722000000285334,0.05779270000039105,0.08335799999986193,2023-02-10 09:15:00,2025-06-26 09:15:00,588 days 00:00:00,100000.0,127964.849018,27.964849,100.0,100.0,512.403668,16.115164,213 days 00:00:00,2.0,2.0,0.0,0.0,50.0,42.247376,-10.023941,42.247376,-10.023941,16 days 00:00:00,40 days 00:00:00,2.963779,13982.424509,0.859266,1.026385,1.600477,2.000161
SBICARD,Success,0.00659799999993993,0.015167599999585946,0.0017219999999724678,0.05839449999984936,0.08234660000016447,2020-03-16 09:15:00,2025-06-26 09:15:00,1312 days 00:00:00,100000.0,116404.301577,16.404302,43.131783,100.0,1092.494354,20.034936,916 days 00:00:00,5.0,5.0,0.0,0.0,40.0,22.010683,-7.770403,20.136984,-6.903555,43 days 12:00:00,18 days 00:00:00,1.696709,3280.860315,0.400149,0.215445,1.185389,0.596704
SBILIFE,Success,0.010412199999336735,0.01767759999984264,0.0012616000003617955,0.06260790000033012,0.09235950000038429,2017-10-03 09:15:00,2025-06-26 09:15:00,1916 days 00:00:00,100000.0,103844.932945,3.844933,162.992018,100.0,1232.584478,19.392264,853 days 00:00:00,6.0,6.0,0.0,0.0,33.333333,16.314729,-6.027039,14.035529,-5.457698,68 days 00:00:00,43 days 06:00:00,1.167123,640.822157,0.119661,0.037196,1.040414,0.178796
SBIN,Success,0.02047709999988001,0.017272699999921315,0.0018786000000545755,0.06131550000009156,0.10177180000027874,1999-01-01 09:15:00,2025-06-26 09:15:00,6564 days 00:00:00,100000.0,142005.243649,42.005244,5179.763552,100.0,6994.850707,22.397761,1540 days 00:00:00,27.0,27.0,0.0,0.0,33.333333,29.003562,-11.85289,19.280842,-6.564154,38 days 16:00:00,11 days 18:40:00,1.269225,1555.749765,0.246924,0.08792,1.123498,0.364502
SCHAEFFLER,Success,0.022454399999332963,0.0158912999995664,0.001261500000509841,0.054490099999384256,0.09448190000057366,1996-01-02 09:15:00,2025-06-26 09:15:00,7209 days 00:00:00,100000.0,106895.796282,6.895796,27690.0,100.0,3929.581199,47.492871,3377 days 00:00:00,15.0,14.0,1.0,160.514674,28.571429,37.674926,-11.026386,24.878621,-7.81782,32 days 12:00:00,26 days 19:12:00,1.060324,481.091543,0.082271,0.007121,1.052273,0.130354
SCHAND,Success,0.0073618999995233025,0.014061099999707949,0.001072099999873899,0.05436439999994036,0.07724030000008497,2017-05-09 09:15:00,2025-06-26 09:15:00,2017 days 00:00:00,100000.0,111424.202269,11.424202,-64.661243,100.0,856.306167,34.583165,970 days 00:00:00,5.0,5.0,0.0,0.0,40.0,29.049377,-13.704695,27.074514,-11.612873,27 days 12:00:00,7 days 16:00:00,1.369096,2284.840454,0.205025,0.057162,1.194071,0.430761
SCHNEIDER,Success,0.013148000000001048,0.013918599999669823,0.0012649999998757266,0.05539560000033816,0.08423250000032567,2012-03-23 09:15:00,2025-06-26 09:15:00,3278 days 00:00:00,100000.0,50581.644656,-49.418355,1064.218182,100.0,736.090022,52.116939,2477 days 00:00:00,5.0,5.0,0.0,0.0,0.0,-10.182748,-16.634322,,-12.718661,,40 days 09:36:00,0.0,-9883.671069,-0.533718,-0.140232,0.728994,-0.771013
SCI,Success,0.01687560000027588,0.014432899999519577,0.0013707999996768194,0.05683070000031876,0.08989920000021812,1999-01-01 09:15:00,2025-06-26 09:15:00,6542 days 00:00:00,100000.0,146434.895666,46.434896,1862.355667,100.0,3907.059109,36.816386,2019 days 00:00:00,18.0,18.0,0.0,0.0,38.888889,36.840594,-13.799447,26.089634,-10.585223,45 days 20:34:17,28 days 08:43:38,1.350602,2579.716426,0.215268,0.05842,1.106211,0.347182
SCILAL,Success,0.004158700000516546,0.013138000000253669,0.0007453999996869243,0.05408949999946344,0.07250310000017635,2024-03-19 09:15:00,2025-06-26 09:15:00,315 days 00:00:00,100000.0,100000.0,0.0,21.981976,0.0,0.0,,,0.0,0.0,0.0,0.0,,,,,,,,,,inf,,inf,inf
SCPL,Success,0.004637699999875622,0.016109499999402033,0.001519899999948393,0.05872030000045925,0.08136259999992035,2022-11-22 09:15:00,2025-06-26 09:15:00,645 days 00:00:00,100000.0,100000.0,0.0,-52.488377,0.0,0.0,,,0.0,0.0,0.0,0.0,,,,,,,,,,inf,,inf,inf
SDBL,Success,0.011588600000322913,0.01349969999955647,0.0009440000003451132,0.054722799999581184,0.08113560000037978,2014-04-01 09:15:00,2025-06-26 09:15:00,2777 days 00:00:00,100000.0,176617.996597,76.617997,253.103742,100.0,537.423578,15.871706,19 days 00:00:00,2.0,2.0,0.0,0.0,100.0,35.515911,30.394577,32.955244,,52 days 12:00:00,,inf,38308.998298,0.736414,0.489106,1.715211,1.449492
SEAMECLTD,Success,0.01566629999979341,0.01563239999995858,0.0013334000004761037,0.06288740000036341,0.09592100000008941,2001-08-24 09:15:00,2025-06-26 09:15:00,5817 days 00:00:00,100000.0,53226.414339,-46.773586,2846.25,100.0,2671.178701,63.918739,2654 days 00:00:00,14.0,14.0,0.0,0.0,14.285714,46.394357,-13.815381,44.896385,-10.783371,22 days 12:00:00,21 days 16:00:00,0.639857,-3340.970404,-0.210456,-0.060697,0.871883,-0.342279
SECMARK,Success,0.004248400000506081,0.014120000000730215,0.0011785999995481689,0.06692390000080195,0.08689159999994445,2023-10-16 09:15:00,2025-06-26 09:15:00,418 days 00:00:00,100000.0,100000.0,0.0,59.78757,0.0,0.0,,,0.0,0.0,0.0,0.0,,,,,,,,,,inf,,inf,inf
SECURKLOUD,Success,0.01074109999990469,0.01633910000055039,0.0010387000002083369,0.06158109999978478,0.09014360000037414,2014-01-29 09:15:00,2025-06-26 09:15:00,2635 days 00:00:00,100000.0,230794.293367,130.794293,-30.382512,100.0,1864.144259,17.975141,906 days 00:00:00,5.0,5.0,0.0,0.0,60.0,50.889083,-17.364145,45.109447,-12.892522,63 days 00:00:00,9 days 00:00:00,3.139711,26158.858673,0.653273,0.683331,1.422667,1.287976
SEJALLTD,Success,0.005082900000161317,0.016747900000154914,0.000900799999726587,0.05952259999958187,0.0830482999999731,2021-12-13 09:15:00,2025-06-26 09:15:00,821 days 00:00:00,100000.0,91415.681594,-8.584318,3511.721612,100.0,716.660592,28.782632,404 days 00:00:00,4.0,4.0,0.0,0.0,25.0,33.83934,-13.969097,33.83934,-11.919007,39 days 00:00:00,26 days 00:00:00,0.748378,-2146.079601,-0.119063,-0.135904,0.959189,-0.170104
SELAN,Success,0.018152900000131922,0.01631210000050487,0.0019898999998986255,0.060384000000340166,0.09725830000024871,2006-09-26 09:15:00,2025-06-26 09:15:00,4568 days 00:00:00,100000.0,169515.800705,69.515801,816.868646,100.0,3109.335862,19.213657,1879 days 00:00:00,11.0,11.0,0.0,0.0,36.363636,42.045502,-10.654926,35.595034,-9.297865,31 days 00:00:00,11 days 10:17:08,1.713063,6319.618246,0.365751,0.224179,1.310106,0.720168
SELMC,Success,0.0058797000001504784,0.016909999999370484,0.0008209999996324768,0.054395999999542255,0.07838840000022174,2021-10-28 09:15:00,2025-06-26 09:15:00,799 days 00:00:00,100000.0,100000.0,0.0,597.171717,0.0,0.0,,,0.0,0.0,0.0,0.0,,,,,,,,,,inf,,inf,inf
SEMAC,Success,0.015010099999926751,0.014033200000085344,0.0010750999999800115,0.05378789999940636,0.0844321000004129,2005-08-11 09:15:00,2025-06-26 09:15:00,4677 days 00:00:00,100000.0,26264.322218,-73.735678,-11.156983,100.0,1121.077842,76.020363,4517 days 00:00:00,10.0,10.0,0.0,0.0,0.0,-8.715848,-16.140112,,-12.489348,,21 days 02:24:00,0.0,-7373.567778,-0.759362,-0.130333,0.585405,-0.902342
SENCO,Success,0.004106200000023819,0.01417310000033467,0.0007992999999260064,0.05355879999933677,0.07300600000053237,2023-07-14 09:15:00,2025-06-26 09:15:00,485 days 00:00:00,100000.0,156686.505157,56.686505,73.772518,100.0,506.550913,5.248801,9 days 00:00:00,2.0,2.0,0.0,0.0,100.0,25.471387,24.928511,25.199949,,27 days 00:00:00,,inf,28343.252579,2.288796,7.660635,2.767514,5.691747
SENORES,Success,0.004095999999663036,0.013399500000559783,0.0007318000007217051,0.05468380000002071,0.07362869999997201,2024-12-30 09:15:00,2025-06-26 09:15:00,123 days 00:00:00,100000.0,100000.0,0.0,2.863298,0.0,0.0,,,0.0,0.0,0.0,0.0,,,,,,,,,,inf,,inf,inf
SEPC,Success,0.013855400000466034,0.014283099999374826,0.0019419999998717685,0.055157700000563636,0.08561780000036379,2008-02-20 09:15:00,2025-06-26 09:15:00,4282 days 00:00:00,100000.0,44776.644127,-55.223356,-94.656266,100.0,1644.853767,70.626619,3103 days 00:00:00,11.0,11.0,0.0,0.0,18.181818,43.097306,-18.505332,35.602289,-14.470013,45 days 00:00:00,28 days 05:20:00,0.469253,-5020.305079,-0.271308,-0.093728,0.862162,-0.439017
SEQUENT,Success,0.008445499999652384,0.01497540000036679,0.0009362999999211752,0.05440829999952257,0.07925279999926715,2016-03-10 09:15:00,2025-06-26 09:15:00,2301 days 00:00:00,100000.0,73403.45361,-26.596546,14.048119,100.0,857.621898,32.093806,870 days 00:00:00,5.0,5.0,0.0,0.0,20.0,28.251613,-14.398509,28.251613,-13.024672,42 days 00:00:00,32 days 18:00:00,0.444214,-5319.309278,-0.258766,-0.149137,0.880944,-0.35753
SERVOTECH,Success,0.005644500000016706,0.01840710000033141,0.0009684999995442922,0.057427600000664825,0.08285319999959029,2017-08-24 09:15:00,2025-06-26 09:15:00,1343 days 00:00:00,100000.0,92329.952009,-7.670048,4532.967033,100.0,807.706018,24.477021,322 days 00:00:00,4.0,4.0,0.0,0.0,25.0,41.714831,-15.851982,41.714831,-13.293342,27 days 00:00:00,24 days 00:00:00,0.820558,-1917.511998,-0.02961,-0.087653,0.98569,-0.041143
SESHAPAPER,Success,0.015952300000208197,0.014398199999959616,0.0018404000002192333,0.05789679999998043,0.09049419999973907,1999-01-01 09:15:00,2025-06-26 09:15:00,6341 days 00:00:00,100000.0,646114.639706,546.11464,6693.722278,100.0,22393.142635,41.030044,1894 days 00:00:00,24.0,24.0,0.0,0.0,50.0,56.495934,-19.989282,31.747332,-10.936924,46 days 12:00:00,25 days 08:00:00,1.794548,22754.776654,0.63128,0.276331,1.307797,1.157678
SETCO,Success,0.007920600000034028,0.01395579999916663,0.0012652999994315905,0.0616755999999441,0.08526059999985591,2016-07-01 09:15:00,2025-06-26 09:15:00,2225 days 00:00:00,100000.0,64459.959592,-35.54004,-63.679525,100.0,1080.881985,43.401682,1971 days 00:00:00,7.0,7.0,0.0,0.0,14.285714,17.270658,-15.101901,17.270658,-9.416141,17 days 00:00:00,20 days 16:00:00,0.244103,-5077.14863,-0.5117,-0.160139,0.772216,-0.699983
SFL,Success,0.010520899999391986,0.01662049999958981,0.0010187999996560393,0.06270060000042577,0.09130579999964539,2016-12-09 09:15:00,2025-06-26 09:15:00,2118 days 00:00:00,100000.0,85854.518511,-14.145481,44.263566,100.0,1306.842095,30.112488,795 days 00:00:00,7.0,7.0,0.0,0.0,28.571429,20.039017,-11.311736,17.419825,-9.01591,35 days 12:00:00,27 days 04:48:00,0.680247,-2020.78307,-0.169523,-0.086147,0.928721,-0.248884
SGIL,Success,0.006215200000042387,0.019299599999612838,0.0015648999997210922,0.06403629999931582,0.09153280000009545,2021-07-28 09:15:00,2025-06-26 09:15:00,972 days 00:00:00,100000.0,83612.371396,-16.387629,207.00052,100.0,183.596167,16.387629,832 days 00:00:00,1.0,1.0,0.0,0.0,0.0,-16.404016,-16.404016,,-16.404016,,5 days 00:00:00,0.0,-16387.628604,-1.126226,-0.396643,0.054894,-1.128255
SGL,Success,0.01635729999998148,0.020405500000379106,0.0012200999999549822,0.06725970000024972,0.10610150000047724,2006-04-10 09:15:00,2025-06-26 09:15:00,4013 days 00:00:00,100000.0,45943.251041,-54.056749,-80.617808,100.0,1096.809952,70.4786,3273 days 00:00:00,9.0,9.0,0.0,0.0,11.111111,50.636112,-18.667331,50.636112,-13.738651,85 days 00:00:00,15 days 09:00:00,0.24509,-6006.30544,-0.363882,-0.096904,0.801037,-0.511339
SGLTL,Success,0.004134599999815691,0.017872699999315955,0.0007669000005989801,0.05556530000012572,0.07879529999991064,2025-01-13 09:15:00,2025-06-26 09:15:00,113 days 00:00:00,100000.0,100000.0,0.0,4.354483,0.0,0.0,,,0.0,0.0,0.0,0.0,,,,,,,,,,inf,,inf,inf
SHAH,Success,0.004607099999702768,0.013998499999615888,0.0007603000003655325,0.05679299999974319,0.07655630000044766,2023-07-03 09:15:00,2025-06-26 09:15:00,494 days 00:00:00,100000.0,89618.426338,-10.381574,29.354839,100.0,189.608234,10.381574,196 days 00:00:00,1.0,1.0,0.0,0.0,0.0,-10.391955,-10.391955,,-10.391955,,16 days 00:00:00,0.0,-10381.573662,-1.3353,-0.749346,0.412887,-1.591316
SHAHALLOYS,Success,0.014181200000166427,0.015115899999727844,0.0014353000005939975,0.057450299999800336,0.08858030000010331,2005-06-16 09:15:00,2025-06-26 09:15:00,4476 days 00:00:00,100000.0,224246.105977,124.246106,-21.275773,100.0,1896.639604,28.600173,1132 days 00:00:00,5.0,5.0,0.0,0.0,60.0,48.586178,-17.189065,45.035784,-14.168356,62 days 16:00:00,30 days 00:00:00,2.919004,24849.221195,0.434333,0.23801,1.286308,0.713712
SHAILY,Success,0.006181900000228779,0.013998999999785156,0.001211600000715407,0.0570648999992045,0.07884569999987434,2022-04-04 09:15:00,2025-06-26 09:15:00,802 days 00:00:00,100000.0,134043.698974,34.043699,310.601932,100.0,234.077977,18.546551,21 days 00:00:00,1.0,1.0,0.0,0.0,100.0,34.077743,34.077743,34.077743,,40 days 00:00:00,,inf,34043.698974,1.094287,0.76912,1.828784,1.924764
SHAKTIPUMP,Success,0.013542199999392324,0.016135700000631914,0.0010898999998971703,0.05809690000023693,0.08927550000043993,2011-10-25 09:15:00,2025-06-26 09:15:00,3376 days 00:00:00,100000.0,82240.336716,-17.759663,13536.614331,100.0,993.447938,46.903295,3288 days 00:00:00,7.0,7.0,0.0,0.0,28.571429,26.548791,-16.04653,24.495318,-11.859689,30 days 00:00:00,14 days 04:48:00,0.621356,-2537.094755,-0.144257,-0.044597,0.898415,-0.192944
SHALBY,Success,0.007641599999260507,0.20568619999994553,0.0009104000000661472,0.05771370000002207,0.27235079999991285,2017-12-15 09:15:00,2025-06-26 09:15:00,1864 days 00:00:00,100000.0,104177.097756,4.177098,-23.647749,100.0,611.074438,27.62767,1343 days 00:00:00,3.0,3.0,0.0,0.0,33.333333,32.661177,-12.557124,32.661177,-11.376193,9 days 00:00:00,33 days 00:00:00,1.171485,1392.365919,0.126563,0.029121,1.104566,0.201467
SHALPAINTS,Success,0.017787800000405696,0.018717199999628065,0.0014043000001038308,0.06302929999947082,0.10160160000032192,2008-03-03 09:15:00,2025-06-26 09:15:00,4071 days 00:00:00,100000.0,122637.54694,22.637547,99.868226,100.0,2086.889736,42.598261,2840 days 00:00:00,11.0,11.0,0.0,0.0,36.363636,39.691022,-16.340446,32.178528,-12.080599,85 days 12:00:00,23 days 03:25:42,1.273305,2057.958813,0.189943,0.043345,1.082424,0.308804
SHANKARA,Success,0.009408199999597855,0.016713500000150816,0.0012070000002495362,0.06159919999936392,0.08932639999966341,2017-04-05 09:15:00,2025-06-26 09:15:00,2039 days 00:00:00,100000.0,114458.052026,14.458052,57.97296,100.0,748.524115,22.392316,902 days 00:00:00,3.0,3.0,0.0,0.0,33.333333,40.359262,-9.710784,40.359262,-9.693614,80 days 00:00:00,16 days 12:00:00,1.55907,4819.350675,0.224607,0.109268,1.164379,0.415492
SHANTI,Success,0.006596600000193575,0.016464499999528925,0.0008902999998099403,0.058695300000181305,0.08309680000002118,2021-09-16 09:15:00,2025-06-26 09:15:00,938 days 00:00:00,100000.0,121761.731181,21.761731,-24.56621,100.0,391.56657,18.358336,702 days 00:00:00,2.0,2.0,0.0,0.0,50.0,43.47588,-15.123766,43.47588,-15.123766,12 days 00:00:00,13 days 00:00:00,2.440348,10880.86559,0.774678,0.433747,1.775979,1.317868
SHANTIGEAR,Success,0.020257899999705842,0.01581830000031914,0.0013159000000086962,0.05497839999952703,0.09276080000017828,1999-01-01 09:15:00,2025-06-26 09:15:00,6478 days 00:00:00,100000.0,225023.836503,125.023837,18393.457944,100.0,6348.183412,43.302556,4038 days 00:00:00,21.0,21.0,0.0,0.0,38.095238,45.805919,-14.458485,30.813608,-9.655061,31 days 21:00:00,28 days 18:27:41,1.637722,5953.516024,0.345145,0.107979,1.183628,0.56859
SHARDACROP,Success,0.007941400000163412,0.01521469999988767,0.0009139999992839876,0.05451850000008562,0.0792356000001746,2014-09-23 09:15:00,2025-06-26 09:15:00,2660 days 00:00:00,100000.0,127043.994625,27.043995,234.552934,100.0,1717.651661,34.549125,1498 days 00:00:00,8.0,8.0,0.0,0.0,37.5,37.261936,-13.347078,28.568385,-9.67931,85 days 16:00:00,65 days 19:12:00,1.492168,3380.499328,0.260664,0.096646,1.087938,0.408847
SHARDAMOTR,Success,0.0107797999999093,0.014581600000383332,0.0009188000003632624,0.054463500000565546,0.08116460000019288,2015-09-03 09:15:00,2025-06-26 09:15:00,2419 days 00:00:00,100000.0,105957.890992,5.957891,1125.143732,100.0,2041.209785,27.927621,1048 days 00:00:00,9.0,9.0,0.0,0.0,33.333333,32.834865,-14.556972,26.700353,-10.246842,6 days 16:00:00,23 days 00:00:00,1.08067,661.987888,0.132687,0.031404,1.083636,0.237976
SHAREINDIA,Success,0.005854899999576446,0.013314799999534443,0.0008333999994647456,0.05579730000044947,0.07631940000010218,2020-09-21 09:15:00,2025-06-26 09:15:00,1183 days 00:00:00,100000.0,144390.279338,44.390279,736.37131,100.0,1166.58201,17.478864,774 days 00:00:00,4.0,4.0,0.0,0.0,50.0,35.171925,-10.499638,32.340177,-9.158119,21 days 00:00:00,17 days 00:00:00,2.451449,11097.569834,0.845268,0.686624,1.70417,1.821705
SHEKHAWATI,Success,0.007543799999439216,0.013783100000182458,0.0014708999997310457,0.05392219999976078,0.07711180000023887,2015-12-09 09:15:00,2025-06-26 09:15:00,1870 days 00:00:00,100000.0,100000.0,0.0,-2.083337,0.0,0.0,,,0.0,0.0,0.0,0.0,,,,,,,,,,inf,,inf,inf
SHEMAROO,Success,0.008585499999753665,0.015996899999663583,0.0009490999991612625,0.054412999999840395,0.08033330000034766,2014-10-01 09:15:00,2025-06-26 09:15:00,2654 days 00:00:00,100000.0,119249.914826,19.249915,-28.280702,100.0,1635.40467,27.877391,1190 days 00:00:00,6.0,6.0,0.0,0.0,33.333333,40.953157,-19.861087,38.458498,-11.022099,71 days 12:00:00,15 days 06:00:00,1.294498,3208.319138,0.221899,0.087912,1.140597,0.39237
SHILPAMED,Success,0.013516699999854609,0.013323500000296917,0.0010347000006731832,0.055631999999604886,0.08408139999937703,2009-12-03 09:15:00,2025-06-26 09:15:00,3847 days 00:00:00,100000.0,58170.585956,-41.829414,1223.07821,100.0,2677.486223,58.61251,2533 days 00:00:00,14.0,14.0,0.0,0.0,21.428571,28.641371,-12.90582,24.522964,-10.306935,31 days 16:00:00,40 days 15:16:21,0.62241,-2987.815289,-0.190481,-0.085486,0.929469,-0.28078
SHIVALIK,Success,0.005006800000046496,0.014038799999980256,0.0009938000002875924,0.061539799999991374,0.08196600000064791,2021-12-09 09:15:00,2025-06-26 09:15:00,881 days 00:00:00,100000.0,122677.926404,22.677926,-42.98356,100.0,222.700827,6.604433,19 days 00:00:00,1.0,1.0,0.0,0.0,100.0,22.700604,22.700604,22.700604,,59 days 00:00:00,,inf,22677.926404,0.864057,1.338023,1.620957,1.640491
SHIVAMAUTO,Success,0.0145966000000044,0.013950399999885121,0.001043500000378117,0.0643222999997306,0.0943753999999899,2006-11-21 09:15:00,2025-06-26 09:15:00,4439 days 00:00:00,100000.0,318123.819849,218.12382,32.318048,100.0,4960.381738,34.726553,1838 days 00:00:00,10.0,10.0,0.0,0.0,50.0,65.247553,-12.799946,42.157825,-10.859992,65 days 00:00:00,12 days 04:48:00,2.430547,21812.381985,0.590991,0.28748,1.355271,1.074923
SHIVAMILLS,Success,0.010416199999781384,0.016298900000037975,0.0012371000002531218,0.06010839999999007,0.08846209999956045,2018-02-26 09:15:00,2025-06-26 09:15:00,1815 days 00:00:00,100000.0,73420.188871,-26.579811,-17.094912,100.0,341.166179,37.559299,289 days 00:00:00,2.0,2.0,0.0,0.0,0.0,-12.488827,-16.13,,-14.309413,,40 days 00:00:00,0.0,-13289.905564,-0.1995,-0.160396,0.846163,-0.350504
SHIVATEX,Success,0.008713300000636082,0.016416100000242295,0.0012340999992375146,0.06147770000006858,0.08825160000014876,2017-12-26 09:15:00,2025-06-26 09:15:00,1856 days 00:00:00,100000.0,143574.650175,43.57465,-55.106732,100.0,243.618468,4.614599,8 days 00:00:00,1.0,1.0,0.0,0.0,100.0,43.618225,43.618225,43.618225,,19 days 00:00:00,,inf,43574.650175,0.692213,1.597527,5.449153,3.76719
SHK,Success,0.009988600000724546,0.01583329999994021,0.001878200000646757,0.06037430000014865,0.088679399999819,2015-11-16 09:15:00,2025-06-26 09:15:00,2380 days 00:00:00,100000.0,156669.106927,56.669107,13.085234,100.0,1254.805162,27.410374,638 days 00:00:00,5.0,5.0,0.0,0.0,40.0,40.958043,-9.020206,40.899799,-7.572165,111 days 00:00:00,24 days 16:00:00,2.911459,11333.821385,0.475677,0.260047,1.230775,0.821239
SHOPERSTOP,Success,0.018432099999699858,0.016133899999658752,0.0010936999997284147,0.0544264000000112,0.09064060000036989,2005-05-23 09:15:00,2025-06-26 09:15:00,4962 days 00:00:00,100000.0,116770.787063,16.770787,186.380953,100.0,2577.774163,33.83572,2902 days 00:00:00,12.0,12.0,0.0,0.0,33.333333,32.820992,-14.815946,25.339627,-8.842415,44 days 12:00:00,32 days 15:00:00,1.208956,1397.565589,0.151372,0.033899,1.08193,0.235958
SHRADHA,Success,0.005175999999664782,0.014889000000039232,0.0013513000003513298,0.05233219999990979,0.07413180000003194,2020-10-22 09:15:00,2025-06-26 09:15:00,1153 days 00:00:00,100000.0,113322.60686,13.322607,898.289474,100.0,638.923508,20.611887,475 days 00:00:00,3.0,3.0,0.0,0.0,33.333333,41.878132,-12.021301,41.878132,-10.614569,36 days 00:00:00,13 days 12:00:00,1.567174,4440.868953,0.337465,0.195938,1.201774,0.4783
SHREDIGCEM,Success,0.007019499999842083,0.015059099999234604,0.0008561999993617064,0.05482019999999466,0.07815540000046894,2019-08-19 09:15:00,2025-06-26 09:15:00,1453 days 00:00:00,100000.0,75602.334973,-24.397665,363.668639,100.0,1006.168775,32.241471,1113 days 00:00:00,6.0,6.0,0.0,0.0,16.666667,22.112895,-11.382031,22.112895,-9.137669,35 days 00:00:00,35 days 19:11:59,0.396941,-4066.277505,-0.365184,-0.210432,0.872062,-0.533202
SHREECEM,Success,0.015690100000028906,0.014556300000549527,0.0017631999999139225,0.05771740000000136,0.090133099999548,1999-01-01 09:15:00,2025-06-26 09:15:00,6222 days 00:00:00,100000.0,163026.407936,63.026408,142916.633873,100.0,7882.725301,63.41655,4419 days 00:00:00,18.0,18.0,0.0,0.0,27.777778,55.979646,-17.370887,41.464928,-8.917095,123 days 14:24:00,23 days 09:13:50,1.211859,3501.467108,0.242728,0.045865,1.09961,0.371491
SHREEPUSHK,Success,0.00892420000036509,0.01382980000016687,0.0009307999998782179,0.05268179999984568,0.07696369999939634,2015-09-10 09:15:00,2025-06-26 09:15:00,2422 days 00:00:00,100000.0,160966.083177,60.966083,392.466304,100.0,2971.926555,33.890229,772 days 00:00:00,8.0,8.0,0.0,0.0,37.5,49.779132,-13.272171,43.959381,-11.55617,124 days 08:00:00,14 days 09:36:00,1.508541,7620.760397,0.416954,0.219454,1.147378,0.654361
SHREERAMA,Success,0.016052599999966333,0.015566500000204542,0.0011766999996325467,0.05378839999957563,0.08696440000039729,2000-03-21 09:15:00,2025-06-26 09:15:00,5769 days 00:00:00,100000.0,18410.894721,-81.589105,-57.80457,100.0,1425.047187,82.080129,5320 days 00:00:00,19.0,19.0,0.0,0.0,15.789474,47.362469,-30.857856,37.316015,-14.977349,128 days 00:00:00,18 days 16:30:00,0.260308,-4294.163436,-0.334511,-0.1237,0.865219,-0.484649
SHRENIK,Success,0.004973200000677025,0.014192000000548433,0.0008502999999109306,0.05890519999957178,0.07930780000060622,2019-08-02 09:15:00,2025-06-26 09:15:00,1462 days 00:00:00,100000.0,70181.056014,-29.818944,-94.553969,100.0,341.344631,29.883733,1387 days 00:00:00,2.0,2.0,0.0,0.0,0.0,-14.417877,-18.027467,,-16.222672,,6 days 00:00:00,0.0,-14909.471993,-1.301148,-0.283121,0.106679,-1.339115
SHREYANIND,Success,0.014448200000515499,0.014549999999871943,0.0011399999993955134,0.06301859999985027,0.09375580000050832,1999-01-05 09:15:00,2025-06-26 09:15:00,4201 days 00:00:00,100000.0,81212.577301,-18.787423,2858.35443,100.0,2155.893081,61.52951,3213 days 00:00:00,10.0,10.0,0.0,0.0,30.0,33.618315,-16.224855,28.403313,-12.729973,25 days 16:00:00,23 days 03:25:42,0.81246,-1878.74227,-0.019386,-0.029121,0.98794,-0.027521
SHRIPISTON,Success,0.009611000000404601,0.017566100000294682,0.0014571000001524226,0.059250299999803246,0.08829719999994268,2016-06-09 09:15:00,2025-06-26 09:15:00,2224 days 00:00:00,100000.0,73559.429084,-26.440571,1148.623377,100.0,922.464671,39.276336,2117 days 00:00:00,6.0,6.0,0.0,0.0,16.666667,32.437686,-12.774825,32.437686,-11.090701,14 days 00:00:00,11 days 19:12:00,0.426679,-4406.761819,-0.456759,-0.125134,0.708048,-0.639798
SHRIRAMFIN,Success,0.020933999999215303,0.02042879999953584,0.0016196999995372607,0.06363240000064252,0.10778269999991608,1999-01-01 09:15:00,2025-06-26 09:15:00,6362 days 00:00:00,100000.0,254108.082369,154.108082,70661.080705,100.0,10838.477153,42.81871,4292 days 00:00:00,23.0,22.0,1.0,26430.482396,36.363636,85.198743,-21.247912,33.003165,-9.257041,35 days 03:00:00,15 days 15:25:42,1.372196,5803.527272,0.364885,0.128359,1.233871,0.650855
SHRIRAMPPS,Success,0.005977499999971769,0.017666700000518176,0.0010931999995591468,0.06271550000019488,0.08786520000012388,2021-12-20 09:15:00,2025-06-26 09:15:00,874 days 00:00:00,100000.0,89426.622181,-10.573378,-0.823291,100.0,189.416238,10.573378,178 days 00:00:00,1.0,1.0,0.0,0.0,0.0,-10.583951,-10.583951,,-10.583951,,9 days 00:00:00,0.0,-10573.377819,-1.093933,-0.431248,0.170025,-1.118666
SHYAMCENT,Success,0.009347799999886774,0.016992699999718752,0.0014301000001069042,0.05902050000076997,0.08717950000027486,2015-07-28 09:15:00,2025-06-26 09:15:00,2454 days 00:00:00,100000.0,62853.521489,-37.146479,-22.842105,100.0,990.41129,56.188319,1848 days 00:00:00,6.0,6.0,0.0,0.0,16.666667,49.6003,-18.555934,49.6003,-15.901679,40 days 00:00:00,24 days 14:24:00,0.477847,-6191.079752,-0.334353,-0.118773,0.853519,-0.467384
SHYAMMETL,Success,0.004622899999958463,0.013403599999946891,0.001013299999613082,0.05213430000003427,0.07155520000014803,2021-06-24 09:15:00,2025-06-26 09:15:00,995 days 00:00:00,100000.0,103333.804268,3.333804,129.708899,100.0,667.847618,18.485473,325 days 00:00:00,3.0,3.0,0.0,0.0,33.333333,21.046126,-8.101701,21.046126,-7.603808,52 days 00:00:00,9 days 00:00:00,1.188443,1111.268089,0.166215,0.065472,1.094111,0.251059
SHYAMTEL,Success,0.012325699999564677,0.016307900000356312,0.0010144000007130671,0.053829500000574626,0.08385700000053475,2006-11-06 09:15:00,2025-06-26 09:15:00,3853 days 00:00:00,100000.0,62728.071114,-37.271929,-88.187772,100.0,636.302614,39.026645,3215 days 00:00:00,4.0,4.0,0.0,0.0,0.0,-10.04567,-12.144703,,-11.01163,,5 days 12:00:00,0.0,-9317.982222,-0.829731,-0.110738,0.220098,-0.874511
SIEMENS,Success,0.01702379999915138,0.014289899999312183,0.0012486000005083042,0.0574306999997134,0.09058379999987665,1999-01-01 09:15:00,2025-06-26 09:15:00,6543 days 00:00:00,100000.0,140124.363214,40.124363,26652.262569,100.0,4190.757867,38.270832,3771 days 00:00:00,25.0,24.0,1.0,-1260.813199,33.333333,43.921093,-15.223436,22.676852,-7.597347,66 days 09:00:00,24 days 13:30:00,1.401478,1724.382351,0.20365,0.04964,1.082706,0.286194
SIGACHI,Success,0.004391699999359844,0.013889599999856728,0.0013881000004403177,0.058916799999678915,0.0792116000002352,2021-11-15 09:15:00,2025-06-26 09:15:00,898 days 00:00:00,100000.0,84837.04347,-15.162957,-6.382623,100.0,184.822065,15.162957,323 days 00:00:00,1.0,1.0,0.0,0.0,0.0,-15.178119,-15.178119,,-15.178119,,2 days 00:00:00,0.0,-15162.95653,-0.752768,-0.426385,0.064537,-0.755111
SIGIND,Success,0.007329300000492367,0.014415499999813619,0.0013238000001365435,0.054248700000243844,0.07788009999967471,2018-08-29 09:15:00,2025-06-26 09:15:00,1690 days 00:00:00,100000.0,60929.158385,-39.070842,-4.523077,100.0,475.108283,39.757058,1562 days 00:00:00,3.0,3.0,0.0,0.0,0.0,-14.170382,-16.057726,,-15.235145,,20 days 16:00:00,0.0,-13023.613872,-1.022841,-0.255252,0.44784,-1.23769
SIGMA,Success,0.004362200000286975,0.014356300000144984,0.0009446999993087957,0.052048999999897205,0.07209390000025451,2023-06-09 09:15:00,2025-06-26 09:15:00,509 days 00:00:00,100000.0,87855.097371,-12.144903,24.739536,100.0,187.84314,32.800843,418 days 00:00:00,1.0,1.0,0.0,0.0,0.0,-12.157048,-12.157048,,-12.157048,,127 days 00:00:00,0.0,-12144.902629,-0.24374,-0.270328,0.930727,-0.391784
SIGNATURE,Success,0.004194300000563089,0.012737800000650168,0.0009545999992042198,0.05659670000022743,0.07487130000026809,2023-09-27 09:15:00,2025-06-26 09:15:00,434 days 00:00:00,100000.0,84377.006284,-15.622994,173.470729,100.0,366.270333,22.083381,300 days 00:00:00,2.0,2.0,0.0,0.0,0.0,-7.23865,-9.054754,,-8.146702,,58 days 12:00:00,0.0,-7811.496858,-0.532738,-0.602856,0.852877,-0.651179
SIGNPOST,Success,0.0038279999998849235,0.015014000000519445,0.0007791999996697996,0.059445099999720696,0.07945829999971465,2024-02-14 09:15:00,2025-06-26 09:15:00,339 days 00:00:00,100000.0,88428.54902,-11.571451,-39.767262,100.0,188.417166,11.727176,95 days 00:00:00,1.0,1.0,0.0,0.0,0.0,-11.583022,-11.583022,,-11.583022,,8 days 00:00:00,0.0,-11571.45098,-1.261514,-1.057507,0.321743,-1.472408
SIKKO,Success,0.006902399999489717,0.01618380000036268,0.0009734000004755217,0.05956030000015744,0.0840306000000055,2017-04-18 09:15:00,2025-06-26 09:15:00,1271 days 00:00:00,100000.0,65292.10769,-34.707892,241.232264,100.0,594.297591,51.626795,939 days 00:00:00,4.0,4.0,0.0,0.0,25.0,39.222287,-40.942415,39.222287,-20.92527,7 days 00:00:00,17 days 16:00:00,0.400187,-8676.973078,-0.176883,-0.22319,0.829352,-0.188083
SIL,Success,0.019080600000052073,0.01999660000001313,0.001592499999787833,0.06227690000014263,0.10335060000033991,2004-01-28 09:15:00,2025-06-26 09:15:00,4765 days 00:00:00,100000.0,56082.906963,-43.917093,283.333333,100.0,1258.782129,56.055743,4351 days 00:00:00,7.0,7.0,0.0,0.0,14.285714,27.650459,-16.906435,27.650459,-12.792871,36 days 00:00:00,23 days 16:00:00,0.386118,-6273.870434,-0.364757,-0.077305,0.775677,-0.505453
SILGO,Success,0.0071054000000003725,0.016999899999973422,0.0011574000000109663,0.06472579999990558,0.09043039999960456,2021-03-03 09:15:00,2025-06-26 09:15:00,1070 days 00:00:00,100000.0,205872.216218,105.872216,16.016227,100.0,595.54822,13.056924,32 days 00:00:00,2.0,2.0,0.0,0.0,100.0,44.829553,42.234094,43.531824,,56 days 12:00:00,,inf,52936.108109,1.251584,2.139152,1.856713,3.091719
SILINV,Success,0.014735100000507373,0.01480970000011439,0.0011385999996491591,0.05365869999968709,0.08477709999988292,2007-06-21 09:15:00,2025-06-26 09:15:00,4021 days 00:00:00,100000.0,222105.885213,122.105885,883.821138,100.0,2945.452703,30.303605,1062 days 00:00:00,8.0,8.0,0.0,0.0,50.0,50.038971,-15.927548,38.782104,-11.826158,95 days 12:00:00,22 days 18:00:00,2.244136,15263.235652,0.470004,0.247904,1.240751,0.800264
SILLYMONKS,Success,0.004896999999800755,0.012254700000084995,0.0009432999995624414,0.04789040000014211,0.06641119999949296,2020-07-08 09:15:00,2025-06-26 09:15:00,1233 days 00:00:00,100000.0,71258.008341,-28.741992,-42.04461,100.0,335.663897,41.544933,874 days 00:00:00,2.0,2.0,0.0,0.0,0.0,-13.342835,-17.800635,,-15.571735,,116 days 12:00:00,0.0,-14370.99583,-0.275099,-0.229739,0.921369,-0.383926
SILVERTUC,Success,0.007046300000183692,0.015329799999562965,0.0008513000002494664,0.05521560000033787,0.07882979999976669,2017-12-01 09:15:00,2025-06-26 09:15:00,1476 days 00:00:00,100000.0,185269.343045,85.269343,475.286885,100.0,1099.492618,22.225656,226 days 00:00:00,4.0,3.0,1.0,9455.487675,66.666667,41.228166,-7.304774,37.795301,-7.304774,33 days 00:00:00,27 days 00:00:00,6.477903,25271.285123,0.724542,0.741169,1.26486,1.203927
SIMBHALS,Success,0.007924500000626722,0.013257599999633385,0.0013678000004802016,0.05594219999966299,0.07898010000008071,2016-03-14 09:15:00,2025-06-26 09:15:00,2299 days 00:00:00,100000.0,65292.25278,-34.707747,-39.824561,100.0,484.116447,41.806647,2027 days 00:00:00,3.0,3.0,0.0,0.0,0.0,-11.461237,-14.319818,,-13.250432,,47 days 08:00:00,0.0,-11569.249073,-0.358212,-0.156533,0.821124,-0.522988
SIMPLEXINF,Success,0.016654099999868777,0.015711399999418063,0.0011948999999731313,0.05639430000064749,0.0903400999995938,2005-12-21 09:15:00,2025-06-26 09:15:00,4820 days 00:00:00,100000.0,391499.834355,291.499834,2.854681,100.0,5773.06608,41.886099,1179 days 00:00:00,18.0,18.0,0.0,0.0,50.0,44.86742,-18.927516,33.969895,-12.912837,36 days 13:20:00,10 days 08:00:00,2.709406,16194.435242,0.705294,0.259947,1.368164,1.109301
SINCLAIR,Success,0.003875700000207871,0.013027200000578887,0.0007959000004120753,0.05495840000003227,0.0730572000002212,2024-04-10 09:15:00,2025-06-26 09:15:00,301 days 00:00:00,100000.0,86973.714243,-13.026286,-33.628587,100.0,186.960875,13.562912,107 days 00:00:00,1.0,1.0,0.0,0.0,0.0,-13.039312,-13.039312,,-13.039312,,9 days 00:00:00,0.0,-13026.285757,-1.401185,-1.147932,0.383048,-1.633469
SINDHUTRAD,Success,0.004270200000064506,0.017372700000123587,0.0007912000000942498,0.053299000000151864,0.07611929999984568,2023-06-20 09:15:00,2025-06-26 09:15:00,502 days 00:00:00,100000.0,86544.731675,-13.455268,7.780127,100.0,186.531463,24.529632,176 days 00:00:00,1.0,1.0,0.0,0.0,0.0,-13.468724,-13.468724,,-13.468724,,14 days 00:00:00,0.0,-13455.268325,-0.542922,-0.406608,0.675468,-0.756174
SINTERCOM,Success,0.005723100000068371,0.014646699999502744,0.0008426000003964873,0.055759500000021944,0.07735219999995024,2020-10-07 09:15:00,2025-06-26 09:15:00,1168 days 00:00:00,100000.0,100000.0,0.0,53.726665,0.0,0.0,,,0.0,0.0,0.0,0.0,,,,,,,,,,inf,,inf,inf
SIRCA,Success,0.007699099999626924,0.015291599999727623,0.0013245999998616753,0.3563795999998547,0.38169139999990875,2018-06-13 09:15:00,2025-06-26 09:15:00,1724 days 00:00:00,100000.0,96963.076933,-3.036923,639.051127,100.0,900.51362,26.633832,975 days 00:00:00,4.0,4.0,0.0,0.0,25.0,28.958292,-9.891278,28.958292,-9.067206,7 days 00:00:00,20 days 00:00:00,0.904996,-759.230767,-0.037886,-0.024435,0.975275,-0.061148
SIS,Success,0.01161339999998745,0.019465200000013283,0.001484100000197941,0.06553639999947336,0.09867060000033234,2017-08-10 09:15:00,2025-06-26 09:15:00,1951 days 00:00:00,100000.0,76964.704411,-23.035296,-2.344626,100.0,524.098568,23.035296,960 days 00:00:00,3.0,3.0,0.0,0.0,0.0,-7.229409,-9.387127,,-8.361544,,19 days 08:00:00,0.0,-7678.431863,-0.574597,-0.207519,0.61062,-0.803535
SIYSIL,Success,0.01845080000020971,0.021208000000115135,0.0014919999994162936,0.06390170000031503,0.10545379999985016,2007-01-29 09:15:00,2025-06-26 09:15:00,4478 days 00:00:00,100000.0,335515.59656,235.515597,1515.073794,100.0,4986.887716,22.58197,435 days 00:00:00,12.0,12.0,0.0,0.0,58.333333,39.060907,-14.863174,28.388457,-10.021329,55 days 17:08:34,10 days 19:12:00,3.182112,19626.299713,0.673544,0.459211,1.377142,1.109545
SJS,Success,0.0055750999999872874,0.01488229999995383,0.0008060999998633633,0.05699410000033822,0.0786578000006557,2021-11-15 09:15:00,2025-06-26 09:15:00,898 days 00:00:00,100000.0,99142.630143,-0.85737,149.255189,100.0,904.316378,22.602346,685 days 00:00:00,4.0,4.0,0.0,0.0,25.0,28.123232,-8.676918,28.123232,-8.19337,25 days 00:00:00,6 days 00:00:00,0.970387,-214.342464,0.050134,-0.015458,1.029728,0.075344
SJVN,Success,0.012912399999549962,0.014940600000045379,0.0013429000000542146,0.05728689999978087,0.08704869999928633,2010-05-20 09:15:00,2025-06-26 09:15:00,3739 days 00:00:00,100000.0,150521.688417,50.521688,298.406375,100.0,1423.65905,35.714355,453 days 00:00:00,6.0,5.0,1.0,7209.785641,60.0,29.848181,-15.545458,21.609598,-10.421772,247 days 08:00:00,105 days 12:00:00,2.36886,8662.380555,0.318202,0.114038,1.102192,0.472187
SKFINDIA,Success,0.0159429999994245,0.014296700000159035,0.0011425999991843128,0.059169699999984005,0.09094700000059674,2004-10-20 09:15:00,2025-06-26 09:15:00,5112 days 00:00:00,100000.0,140369.241695,40.369242,3988.041594,100.0,5148.010264,31.632714,2531 days 00:00:00,16.0,16.0,0.0,0.0,31.25,38.29469,-13.091794,25.432317,-6.829917,63 days 19:12:00,42 days 04:21:49,1.315448,2523.077606,0.250463,0.077476,1.101311,0.401344
SKIPPER,Success,0.008817399999315967,0.015340300000389107,0.0014040999994904269,0.05591480000020965,0.08186540000042442,2015-05-27 09:15:00,2025-06-26 09:15:00,2498 days 00:00:00,100000.0,99238.305388,-0.761695,193.513337,100.0,1688.305894,50.493071,2345 days 00:00:00,10.0,10.0,0.0,0.0,30.0,36.389498,-19.894111,34.332429,-11.891443,52 days 00:00:00,19 days 20:34:17,0.989827,-76.169461,0.10183,-0.002211,1.045198,0.158584
SKMEGGPROD,Success,0.015290100000129314,0.016876300000149058,0.0012267000001884298,0.05656930000077409,0.09034429999974236,1999-01-01 09:15:00,2025-06-26 09:15:00,5478 days 00:00:00,100000.0,72732.491019,-27.267509,4033.333333,100.0,2386.642477,63.356264,2527 days 00:00:00,11.0,11.0,0.0,0.0,18.181818,69.946197,-14.095522,48.834026,-11.417276,44 days 00:00:00,32 days 10:40:00,0.768297,-2478.864453,-0.018334,-0.033131,0.98922,-0.027588
SKYGOLD,Success,0.004626999999345571,0.01442840000072465,0.0007778999997753999,0.0604005999994115,0.08061889999953564,2023-01-06 09:15:00,2025-06-26 09:15:00,612 days 00:00:00,100000.0,78878.168193,-21.121832,1355.313473,100.0,356.76499,23.175302,325 days 00:00:00,2.0,2.0,0.0,0.0,0.0,-11.057253,-11.338135,,-11.197694,,4 days 12:00:00,0.0,-10560.915904,-1.63801,-0.569358,0.165455,-1.712544
SMARTLINK,Success,0.014231600000130129,0.014506200000141689,0.0017426000003979425,0.06483159999970667,0.09611360000053537,2009-08-21 09:15:00,2025-06-26 09:15:00,3917 days 00:00:00,100000.0,81776.604943,-18.223395,288.897169,100.0,1050.41603,51.135749,3810 days 00:00:00,8.0,7.0,1.0,-200.187477,28.571429,29.175411,-19.214784,27.64911,-12.723234,25 days 12:00:00,39 days 14:24:00,0.637075,-2574.74394,-0.071029,-0.036319,0.957956,-0.112845
SMCGLOBAL,Success,0.0068525999995472375,0.018478099999811093,0.0012528000006568618,0.0614571000005526,0.0884888000000501,2021-02-24 09:15:00,2025-06-26 09:15:00,1075 days 00:00:00,100000.0,113198.688484,13.198688,58.983225,100.0,651.088608,13.991301,439 days 00:00:00,3.0,3.0,0.0,0.0,33.333333,35.119129,-10.031412,35.119129,-8.453233,26 days 00:00:00,40 days 00:00:00,1.6777,4399.562828,0.396413,0.307278,1.218093,0.684468
SMLISUZU,Success,0.016636800000014773,0.018355500000325264,0.0022269999999480206,0.06456179999986489,0.10219810000035068,2011-01-17 09:15:00,2025-06-26 09:15:00,3566 days 00:00:00,100000.0,74542.944412,-25.457056,368.811014,100.0,2987.260477,53.948038,2514 days 00:00:00,17.0,17.0,0.0,0.0,23.529412,32.986233,-16.06214,28.095017,-9.35696,39 days 18:00:00,26 days 05:32:18,0.773429,-1497.473858,-0.067831,-0.054912,0.972418,-0.105724
SMLT,Success,0.006978599999456492,0.017130700000052457,0.0008507000002282439,0.059632800000144925,0.08497850000003382,2021-11-25 09:15:00,2025-06-26 09:15:00,883 days 00:00:00,100000.0,156096.739629,56.09674,19.824732,100.0,256.153093,15.752508,27 days 00:00:00,1.0,1.0,0.0,0.0,100.0,56.152836,56.152836,56.152836,,173 days 00:00:00,,inf,56096.739629,0.83134,1.282994,1.305331,1.371492
SMSLIFE,Success,0.007605300000250281,0.013437500000691216,0.001055400000041118,0.053469000000404776,0.07595859999946697,2017-08-17 09:15:00,2025-06-26 09:15:00,1947 days 00:00:00,100000.0,62925.033849,-37.074966,773.414841,100.0,471.392232,41.805126,1578 days 00:00:00,3.0,3.0,0.0,0.0,0.0,-12.54593,-17.707572,,-14.28759,,55 days 00:00:00,0.0,-12358.32205,-0.492752,-0.198962,0.792792,-0.710744
SMSPHARMA,Success,0.015174099999967439,0.014061700000638666,0.0010775000000649015,0.055996300000515475,0.08669449999979406,2007-02-28 09:15:00,2025-06-26 09:15:00,4447 days 00:00:00,100000.0,98850.346172,-1.149654,631.44629,100.0,1533.772084,51.600122,3769 days 00:00:00,9.0,9.0,0.0,0.0,33.333333,33.129381,-16.435162,31.159341,-12.79953,20 days 00:00:00,23 days 04:00:00,0.98368,-127.739314,0.055467,-0.001838,1.043241,0.087578
SNOWMAN,Success,0.00830469999982597,0.014368199999807985,0.001529399999526504,0.05526390000068204,0.07984300000043731,2014-09-12 09:15:00,2025-06-26 09:15:00,2667 days 00:00:00,100000.0,48774.973829,-51.225026,-22.832083,100.0,844.165243,51.460704,2603 days 00:00:00,6.0,6.0,0.0,0.0,0.0,-8.225289,-13.241676,,-11.273434,,21 days 20:00:00,0.0,-8537.504362,-0.876061,-0.181856,0.566689,-1.161342
SOBHA,Success,0.015438399999766261,0.01355260000036651,0.0010506999997232924,0.05673850000039238,0.08718649999991612,2006-12-20 09:15:00,2025-06-26 09:15:00,4575 days 00:00:00,100000.0,104330.692956,4.330693,63.571816,100.0,2311.754664,50.239961,3745 days 00:00:00,11.0,11.0,0.0,0.0,27.272727,56.501161,-11.111489,34.913669,-9.93708,46 days 08:00:00,16 days 12:00:00,1.048923,393.69936,0.089715,0.006744,1.051981,0.1425
SOFTTECH,Success,0.004717600000731181,0.013453100000333507,0.0014916999998604297,0.054942799999480485,0.07500630000049568,2022-02-25 09:15:00,2025-06-26 09:15:00,824 days 00:00:00,100000.0,117927.677275,17.927677,194.526974,100.0,497.324504,18.768684,107 days 00:00:00,2.0,2.0,0.0,0.0,50.0,39.72889,-15.594108,39.72889,-15.594108,45 days 00:00:00,8 days 00:00:00,1.823825,8963.838637,0.577686,0.403751,1.344037,0.961703
SOLARA,Success,0.007799599999998463,0.013836000000083004,0.0012496999997893,0.05254140000033658,0.07582009999987349,2018-06-27 09:15:00,2025-06-26 09:15:00,1733 days 00:00:00,100000.0,374717.596084,274.717596,167.559831,100.0,3686.550732,25.79032,671 days 00:00:00,8.0,8.0,0.0,0.0,62.5,58.697419,-8.629642,37.387782,-7.770979,54 days 00:00:00,30 days 00:00:00,5.536279,34339.69951,1.155792,1.243819,1.456812,2.100748
SOLARINDS,Success,0.013851199999407982,0.015753599999698054,0.0017285000003539608,0.05484020000039891,0.08657680000032997,2009-04-13 09:15:00,2025-06-26 09:15:00,4004 days 00:00:00,100000.0,109561.195937,9.561196,39683.410138,100.0,2332.155237,25.889279,2380 days 00:00:00,11.0,11.0,0.0,0.0,36.363636,22.952286,-11.680987,19.788975,-8.568676,50 days 00:00:00,25 days 06:51:25,1.140494,869.199631,0.128596,0.032286,1.063814,0.199352
SOMANYCERA,Success,0.017446100000597653,0.020003900000119756,0.0018744999997579725,0.06100479999986419,0.10075159999996686,1995-11-22 09:15:00,2025-06-26 09:15:00,6851 days 00:00:00,100000.0,281214.375609,181.214376,869.971558,100.0,6520.394864,32.363014,2347 days 00:00:00,15.0,15.0,0.0,0.0,46.666667,73.451871,-19.398596,37.312949,-13.18599,84 days 03:25:42,30 days 21:00:00,1.763242,12080.958374,0.35567,0.174987,1.162875,0.569114
SOMATEX,Success,0.017859900000075868,0.018997199999830627,0.0014209000000846572,0.06547300000056566,0.10417270000016288,1999-01-01 09:15:00,2025-06-26 09:15:00,5278 days 00:00:00,100000.0,29316.981552,-70.683018,769.0,100.0,1151.327941,70.683018,4466 days 00:00:00,10.0,10.0,0.0,0.0,10.0,37.788199,-21.628066,37.788199,-15.736274,37 days 00:00:00,9 days 02:40:00,0.228585,-7068.301845,-0.638137,-0.115096,0.527641,-0.856922
SOMICONVEY,Success,0.0092545000006794,0.018869099999392347,0.0009989000000132364,0.06243020000056276,0.09198939999987488,2016-07-18 09:15:00,2025-06-26 09:15:00,2195 days 00:00:00,100000.0,297329.479999,197.32948,249.069257,100.0,1578.852354,14.170628,210 days 00:00:00,4.0,4.0,0.0,0.0,75.0,56.343563,-6.819303,47.400202,-6.819303,31 days 08:00:00,6 days 00:00:00,13.882512,49332.37,0.938553,1.401862,2.071845,2.378848
SONACOMS,Success,0.006024300000717631,0.020600099999683152,0.0008704000001671375,0.05942299999969691,0.08762299999943934,2021-06-24 09:15:00,2025-06-26 09:15:00,995 days 00:00:00,100000.0,118310.844456,18.310844,33.111846,100.0,218.329374,8.772475,10 days 00:00:00,1.0,1.0,0.0,0.0,100.0,18.329155,18.329155,18.329155,,27 days 00:00:00,,inf,18310.844456,0.745687,0.725262,1.858383,1.313118
SONAMLTD,Success,0.005647799999678682,0.015537499999481952,0.0008648000002722256,0.06029000000035012,0.08273759999974573,2023-11-15 09:15:00,2025-06-26 09:15:00,401 days 00:00:00,100000.0,82337.929231,-17.662071,18.928571,100.0,364.906006,17.662071,141 days 00:00:00,2.0,2.0,0.0,0.0,0.0,-8.71602,-9.818653,,-9.267337,,7 days 00:00:00,0.0,-8831.035384,-1.706724,-0.917952,0.336596,-2.061329
SONATSOFTW,Success,0.01574460000028921,0.014847600000393868,0.001215599999341066,0.05539740000040183,0.087672399999974,1999-07-28 09:15:00,2025-06-26 09:15:00,6424 days 00:00:00,100000.0,101859.614145,1.859614,2715.100388,100.0,2138.329782,58.848215,5704 days 00:00:00,14.0,14.0,0.0,0.0,35.714286,42.905144,-24.266592,30.411367,-13.259299,28 days 09:36:00,52 days 10:40:00,1.01866,132.829582,0.091932,0.00178,1.047561,0.154778
SOTL,Success,0.01298529999985476,0.01378960000056395,0.0010177999993175035,0.054090999999971245,0.08226450000074692,2009-08-24 09:15:00,2025-06-26 09:15:00,3918 days 00:00:00,100000.0,57647.283846,-42.352716,765.257048,100.0,1215.113454,43.049415,3680 days 00:00:00,8.0,8.0,0.0,0.0,12.5,20.607307,-11.943157,20.607307,-10.006378,1 days 00:00:00,29 days 20:34:17,0.241516,-5294.089519,-0.436401,-0.116193,0.741553,-0.635731
SOUTHBANK,Success,0.017396199999893724,0.015322700000069744,0.0017324000000371598,0.056208500000138883,0.09111699999994016,1999-01-01 09:15:00,2025-06-26 09:15:00,6533 days 00:00:00,100000.0,106273.567546,6.273568,2297.098452,100.0,5031.125541,65.498451,4293 days 00:00:00,18.0,18.0,0.0,0.0,33.333333,32.433617,-18.993965,27.851975,-10.984079,54 days 04:00:00,21 days 20:00:00,1.031189,348.53153,0.095335,0.005199,1.048306,0.149437
SOUTHWEST,Success,0.007118599999557773,0.0134859999998298,0.001170000000456639,0.05473279999932856,0.0769192000007024,2019-04-18 09:15:00,2025-06-26 09:15:00,1526 days 00:00:00,100000.0,97724.134403,-2.275866,381.495357,100.0,953.996134,32.457404,379 days 00:00:00,4.0,4.0,0.0,0.0,25.0,39.099731,-13.137674,39.099731,-11.088598,40 days 00:00:00,18 days 08:00:00,0.944943,-568.966399,0.030797,-0.016919,1.016051,0.043057
SPAL,Success,0.008505400000103691,0.01456289999987348,0.001317800000833813,0.05572299999948882,0.08050280000043131,2016-08-12 09:15:00,2025-06-26 09:15:00,2196 days 00:00:00,100000.0,74878.944844,-25.121055,194.441558,100.0,1029.322848,31.796922,2027 days 00:00:00,6.0,6.0,0.0,0.0,16.666667,31.18318,-14.126268,31.18318,-10.57984,13 days 00:00:00,12 days 14:24:00,0.475229,-4186.842526,-0.410373,-0.147646,0.727673,-0.640797
SPANDANA,Success,0.0072663000000829925,0.013577599999734957,0.0008319000007759314,0.05595119999998133,0.07813100000021223,2019-08-19 09:15:00,2025-06-26 09:15:00,1453 days 00:00:00,100000.0,65278.243353,-34.721757,-66.943854,100.0,650.870567,40.708179,1198 days 00:00:00,4.0,4.0,0.0,0.0,0.0,-9.243575,-10.945019,,-10.121315,,45 days 06:00:00,0.0,-8680.439162,-0.606138,-0.249585,0.793607,-0.80635
SPARC,Success,0.013878400000066904,0.01531189999968774,0.0010633000001689652,0.05774470000051224,0.0884091999996599,2007-07-18 09:15:00,2025-06-26 09:15:00,4434 days 00:00:00,100000.0,66636.096369,-33.363904,87.355077,100.0,974.252982,55.397672,3617 days 00:00:00,7.0,7.0,0.0,0.0,14.285714,24.851687,-13.159658,24.851687,-9.902396,6 days 00:00:00,63 days 04:00:00,0.2843,-4766.271947,-0.146871,-0.059322,0.928008,-0.225944
SPCENET,Success,0.005073100000117847,0.012362299999949755,0.0011820999998235493,0.05942270000014105,0.07851019999998243,2017-01-10 09:15:00,2025-06-26 09:15:00,1455 days 00:00:00,100000.0,181114.224944,81.114225,1330.0,100.0,1309.967521,24.214048,616 days 00:00:00,5.0,5.0,0.0,0.0,60.0,46.511246,-24.086463,39.172584,-17.503112,15 days 00:00:00,3 days 00:00:00,2.754234,16222.844989,1.052288,0.663551,2.089707,1.644114
SPECIALITY,Success,0.014020599999639671,0.0182383999999729,0.001205600000503182,0.06102149999969697,0.09508670000013808,2012-06-13 09:15:00,2025-06-26 09:15:00,3223 days 00:00:00,100000.0,115248.402116,15.248402,-41.381687,100.0,1136.548455,24.565714,1395 days 00:00:00,5.0,5.0,0.0,0.0,40.0,32.939098,-12.636118,27.927959,-10.97486,83 days 00:00:00,6 days 16:00:00,1.384655,3049.680423,0.184079,0.065954,1.119288,0.30716
SPECTRUM,Skipped: Data rows 60 < 70,,,,,0.00431990000015503,,,,,,,,,,,,,,,,,,,,,,,,,,,,
SPENCERS,Success,0.009079500000552798,0.017484500000136904,0.0015977999992173864,0.05523469999934605,0.08378429999993386,2019-01-25 09:15:00,2025-06-26 09:15:00,1590 days 00:00:00,100000.0,128903.940025,28.90394,-69.864842,100.0,228.933073,5.94556,11 days 00:00:00,1.0,1.0,0.0,0.0,100.0,28.932844,28.932844,28.932844,,25 days 00:00:00,,inf,28903.940025,0.703661,1.009436,2.421148,2.023672
SPIC,Success,0.01645349999944301,0.014861399999972491,0.001263699999981327,0.0548214000000371,0.08779669999967155,1999-01-01 09:15:00,2025-06-26 09:15:00,6141 days 00:00:00,100000.0,43361.522533,-56.638477,251.77867,100.0,2047.690513,78.661656,4654 days 00:00:00,14.0,13.0,1.0,1963.602285,15.384615,102.099374,-25.937527,62.405163,-14.89792,119 days 12:00:00,32 days 08:43:38,0.609092,-4507.852289,-0.155877,-0.061595,0.920163,-0.252197
SPLIL,Success,0.013224199999967823,0.014437599999837403,0.0010918999996647472,0.05706520000057935,0.0862065999999686,2005-07-26 09:15:00,2025-06-26 09:15:00,4609 days 00:00:00,100000.0,526231.324298,426.231324,-59.932269,100.0,9545.661302,35.812685,790 days 00:00:00,14.0,14.0,0.0,0.0,50.0,90.012796,-25.382644,51.635738,-15.607193,61 days 03:25:42,26 days 00:00:00,1.977844,30445.094593,0.595891,0.392442,1.295029,1.124979
SPLPETRO,Success,0.01629140000022744,0.013555900000028487,0.0012772000000040862,0.05676930000026914,0.08829610000066168,1994-11-30 09:15:00,2025-06-26 09:15:00,7489 days 00:00:00,100000.0,142473.162784,42.473163,3390.8,100.0,4611.901675,43.867842,2604 days 00:00:00,18.0,18.0,0.0,0.0,27.777778,55.125696,-21.023319,43.929736,-10.501566,90 days 19:12:00,24 days 22:09:13,1.231041,2359.620155,0.185649,0.03967,1.090251,0.279874
SPMLINFRA,Success,0.013111500000377418,0.014683100000183913,0.0012250999998286716,0.052436500000112574,0.08185390000016923,2010-05-14 09:15:00,2025-06-26 09:15:00,3669 days 00:00:00,100000.0,116772.939554,16.77294,46.850764,100.0,838.510085,54.292757,2396 days 00:00:00,5.0,5.0,0.0,0.0,40.0,51.382446,-18.344855,39.154665,-15.23821,50 days 12:00:00,49 days 00:00:00,1.427956,3354.587911,0.177565,0.028633,1.096093,0.270085
SPORTKING,Success,0.004220499999973981,0.015165900000283727,0.0014649999993707752,0.07306210000024294,0.0943822999997792,2022-08-24 09:15:00,2025-06-26 09:15:00,705 days 00:00:00,100000.0,92493.138821,-7.506861,11.673699,100.0,192.485824,10.894403,417 days 00:00:00,1.0,1.0,0.0,0.0,0.0,-7.514368,-7.514368,,-7.514368,,26 days 00:00:00,0.0,-7506.861179,-0.516529,-0.363455,0.598321,-0.595314
SRD,Success,0.0047263000005841604,0.01659010000003036,0.0010818000000654138,0.05297759999939444,0.07596680000006018,2024-10-09 09:15:00,2025-06-26 09:15:00,178 days 00:00:00,100000.0,100000.0,0.0,-27.248845,0.0,0.0,,,0.0,0.0,0.0,0.0,,,,,,,,,,inf,,inf,inf
SREEL,Success,0.007765300000755815,0.013436400000500726,0.0009694000000308733,0.05349419999947713,0.07604240000000573,2014-01-01 09:15:00,2025-06-26 09:15:00,2601 days 00:00:00,100000.0,58320.839801,-41.67916,-17.946844,100.0,765.120382,41.67916,1747 days 00:00:00,5.0,5.0,0.0,0.0,0.0,-7.905297,-12.748093,,-10.212247,,40 days 09:36:00,0.0,-8335.83204,-0.533867,-0.17485,0.759557,-0.770474
SRF,Success,0.015649699999812583,0.013999800000419782,0.0012644999997064588,0.054135800000040035,0.08543879999979254,1999-01-01 09:15:00,2025-06-26 09:15:00,6564 days 00:00:00,100000.0,135877.00521,35.877005,152060.194175,100.0,4437.794538,31.492692,3665 days 00:00:00,19.0,18.0,1.0,15970.853555,33.333333,35.927694,-19.012338,23.858633,-8.659174,35 days 12:00:00,20 days 06:00:00,1.155084,1105.897314,0.191727,0.054597,1.113484,0.312311
SRGHFL,Success,0.003787200000260782,0.015267799999492127,0.0008004999999684514,0.05663720000029571,0.07688489999964077,2023-08-21 09:15:00,2025-06-26 09:15:00,460 days 00:00:00,100000.0,100000.0,0.0,24.624017,0.0,0.0,,,0.0,0.0,0.0,0.0,,,,,,,,,,inf,,inf,inf
SRHHYPOLTD,Success,0.012972999999874446,0.016521999999895343,0.0011382000002413406,0.06157119999988936,0.09265099999993254,2007-05-08 09:15:00,2025-06-26 09:15:00,4245 days 00:00:00,100000.0,194844.848088,94.844848,2669.748016,100.0,3508.339369,32.500002,772 days 00:00:00,12.0,12.0,0.0,0.0,41.666667,66.265345,-23.138696,45.477088,-15.383291,59 days 14:24:00,18 days 10:17:08,1.591961,7903.737341,0.353641,0.181632,1.184399,0.610358
SRM,Success,0.00490669999999227,0.016879900000276393,0.0013407000005827285,0.05621530000007624,0.07975019999958022,2024-04-03 09:15:00,2025-06-26 09:15:00,306 days 00:00:00,100000.0,87454.69518,-12.545305,118.606195,100.0,187.442337,13.499114,98 days 00:00:00,1.0,1.0,0.0,0.0,0.0,-12.55785,-12.55785,,-12.55785,,21 days 00:00:00,0.0,-12545.30482,-1.48413,-1.094643,0.477917,-1.757731
SSDL,Success,0.004148600000007718,0.015948799999932817,0.0008354999999937718,0.059530999999878986,0.08117929999934859,2024-08-20 09:15:00,2025-06-26 09:15:00,213 days 00:00:00,100000.0,100000.0,0.0,-52.081492,0.0,0.0,,,0.0,0.0,0.0,0.0,,,,,,,,,,inf,,inf,inf
SSWL,Success,0.015862799999922572,0.018744999999398715,0.0014106999997238745,0.06147940000028029,0.09794379999948433,2005-06-06 09:15:00,2025-06-26 09:15:00,4901 days 00:00:00,100000.0,101282.829373,1.282829,2021.803507,100.0,2095.660634,54.6722,3829 days 00:00:00,14.0,14.0,0.0,0.0,35.714286,40.291842,-21.611301,30.834047,-13.52512,37 days 04:48:00,21 days 00:00:00,1.01338,91.630669,0.07874,0.001737,1.04475,0.114428
STALLION,Success,0.0038197000003492576,0.015820999999959895,0.0008140999998431653,0.26095600000007835,0.2817866999994294,2025-01-23 09:15:00,2025-06-26 09:15:00,105 days 00:00:00,100000.0,100000.0,0.0,-37.380952,0.0,0.0,,,0.0,0.0,0.0,0.0,,,,,,,,,,inf,,inf,inf
STANLEY,Success,0.003864699999212462,0.014354500000081316,0.001178000000436441,0.05302179999944201,0.07316119999995863,2024-06-28 09:15:00,2025-06-26 09:15:00,248 days 00:00:00,100000.0,100000.0,0.0,-27.130068,0.0,0.0,,,0.0,0.0,0.0,0.0,,,,,,,,,,inf,,inf,inf
STAR,Success,0.016872999999577587,0.013419900000371854,0.0011496999995870283,0.054682400000274356,0.0865137999999206,2000-02-02 09:15:00,2025-06-26 09:15:00,5844 days 00:00:00,100000.0,514758.009083,414.758009,407.305672,100.0,20888.618875,49.492461,1592 days 00:00:00,23.0,23.0,0.0,0.0,47.826087,43.530006,-13.227778,30.420045,-10.003232,40 days 19:38:10,28 days 22:00:00,1.640568,18032.956917,0.608175,0.217725,1.280127,0.952517
STARCEMENT,Success,0.0072803000002750196,0.014499500000056287,0.0009139000003415276,0.054373900000427966,0.07751529999950435,2017-06-16 09:15:00,2025-06-26 09:15:00,1989 days 00:00:00,100000.0,238721.354583,138.721355,63.663594,100.0,1766.14051,17.39457,814 days 00:00:00,7.0,6.0,1.0,7481.026934,66.666667,31.397494,-9.691939,29.292129,-8.97756,90 days 18:00:00,7 days 12:00:00,8.657892,21873.387942,0.878553,0.995317,1.302858,1.538447
STARHEALTH,Success,0.004645199999686156,0.015314000000216765,0.0008192999994207639,0.06487560000005033,0.08629149999978836,2021-12-10 09:15:00,2025-06-26 09:15:00,880 days 00:00:00,100000.0,96343.2245,-3.656775,-53.288856,100.0,99.9001,3.656775,3 days 00:00:00,1.0,0.0,1.0,-3656.7755,,,,,,,,,,-0.759348,-0.419299,0.122704,-0.769714
STARPAPER,Success,0.015216599999803293,0.015082099999744969,0.0012932999998156447,0.06084550000014133,0.09299699999974109,1999-01-01 09:15:00,2025-06-26 09:15:00,5972 days 00:00:00,100000.0,275752.67256,175.752673,2240.8,100.0,7337.558664,54.870348,3174 days 00:00:00,18.0,18.0,0.0,0.0,44.444444,60.6609,-25.525425,37.247196,-13.449188,47 days 06:00:00,35 days 09:36:00,1.601709,9764.037364,0.377217,0.11656,1.18058,0.631742
STARTECK,Success,0.005210100000113016,0.016664099999616155,0.0012295000005906331,0.06271409999953903,0.08629109999947104,2022-05-04 09:15:00,2025-06-26 09:15:00,775 days 00:00:00,100000.0,100000.0,0.0,82.230392,0.0,0.0,,,0.0,0.0,0.0,0.0,,,,,,,,,,inf,,inf,inf
STCINDIA,Success,0.018696900000577443,0.016609299999799987,0.0017738000005920185,0.05322939999950904,0.09075539999957982,2003-04-01 09:15:00,2025-06-26 09:15:00,5500 days 00:00:00,100000.0,50224.382379,-49.775618,302.148771,100.0,2236.240372,63.681009,3182 days 00:00:00,16.0,16.0,0.0,0.0,18.75,58.531267,-17.769255,41.209021,-12.306012,60 days 08:00:00,31 days 20:18:27,0.589382,-3110.976101,-0.156899,-0.070153,0.928208,-0.265227
STEELCAS,Success,0.004792099999576749,0.016004400000383612,0.0008970999997472973,0.05361499999980879,0.07578840000041964,2021-11-23 09:15:00,2025-06-26 09:15:00,893 days 00:00:00,100000.0,103133.665821,3.133666,266.866479,100.0,547.079281,24.188715,325 days 00:00:00,3.0,3.0,0.0,0.0,33.333333,26.401921,-9.696503,26.401921,-9.672026,145 days 00:00:00,20 days 12:00:00,1.17039,1044.555274,0.158621,0.052469,1.052755,0.25951
STEELCITY,Success,0.00818379999964236,0.015918500000225322,0.0008977999996204744,0.05695079999986774,0.08235889999923529,2019-06-27 09:15:00,2025-06-26 09:15:00,1488 days 00:00:00,100000.0,193034.541584,93.034542,78.739777,100.0,1359.880272,31.569183,655 days 00:00:00,5.0,5.0,0.0,0.0,60.0,49.213874,-15.908442,37.730548,-13.721939,82 days 00:00:00,104 days 12:00:00,3.437768,18606.908317,0.68669,0.554571,1.216596,1.23096
STEELXIND,Success,0.008363099999769474,0.014693500000248605,0.0012156000002505607,0.06050839999988966,0.08517359999950713,2017-07-20 09:15:00,2025-06-26 09:15:00,1966 days 00:00:00,100000.0,158536.387011,58.536387,-6.583719,100.0,1304.12399,20.872271,791 days 00:00:00,4.0,4.0,0.0,0.0,50.0,42.86333,-11.73406,41.594056,-11.054686,43 days 12:00:00,1 days 12:00:00,2.399768,14634.096753,0.590183,0.427933,1.60383,1.324864
STEL,Success,0.00931250000030559,0.014887099999214115,0.0009817000000111875,0.06301819999953295,0.08859159999974509,2014-01-13 09:15:00,2025-06-26 09:15:00,2805 days 00:00:00,100000.0,195919.832049,95.919832,3632.579186,100.0,1315.411724,20.484464,731 days 00:00:00,5.0,5.0,0.0,0.0,60.0,44.435064,-12.059119,35.40375,-10.830895,30 days 08:00:00,39 days 12:00:00,4.3794,19183.96641,0.689603,0.44647,1.475257,1.254816
STERTOOLS,Success,0.014486199999737437,0.016558899999836285,0.0010965999999825726,0.0553076999995028,0.08797950000007404,2006-02-02 09:15:00,2025-06-26 09:15:00,4550 days 00:00:00,100000.0,514576.199155,414.576199,1144.500846,100.0,5311.424739,32.437498,1624 days 00:00:00,11.0,11.0,0.0,0.0,63.636364,49.549654,-11.696978,34.891827,-10.52117,60 days 06:51:25,10 days 00:00:00,5.167086,37688.745378,0.811966,0.432955,1.496661,1.641028
STLTECH,Success,0.015602700000272307,0.01542040000003908,0.0011733000001186156,0.05244399999992311,0.08502450000014505,2007-12-17 09:15:00,2025-06-26 09:15:00,4328 days 00:00:00,100000.0,168030.038767,68.030039,49.016199,100.0,2593.972406,28.98546,1406 days 00:00:00,9.0,9.0,0.0,0.0,44.444444,38.884929,-13.034077,30.006684,-9.939399,32 days 18:00:00,31 days 00:00:00,1.886835,7558.893196,0.372628,0.154351,1.242065,0.642466
STOVEKRAFT,Success,0.0046026999998503015,0.01299879999987752,0.0011702000001605484,0.05616589999954158,0.07532609999998385,2021-02-05 09:15:00,2025-06-26 09:15:00,1088 days 00:00:00,100000.0,139009.71454,39.009715,31.113351,100.0,638.868845,16.847126,645 days 00:00:00,3.0,3.0,0.0,0.0,66.666667,25.576256,-10.821049,24.870091,-10.821049,7 days 12:00:00,61 days 00:00:00,4.60859,13003.23818,0.8596,0.693493,1.682942,1.834331
STYLAMIND,Success,0.006397799999831477,0.014113299999735318,0.0008127999999487656,0.05680149999989226,0.07852490000004764,2021-08-02 09:15:00,2025-06-26 09:15:00,969 days 00:00:00,100000.0,94624.368884,-5.375631,26.817062,100.0,747.399052,20.750415,375 days 00:00:00,4.0,4.0,0.0,0.0,25.0,21.396968,-8.613628,21.396968,-7.967747,36 days 00:00:00,21 days 16:00:00,0.768649,-1343.907779,-0.059577,-0.099267,0.971477,-0.093331
STYLEBAAZA,Success,0.003663500000584463,0.014686800000163203,0.001332400000137568,0.05391409999992902,0.07398229999944306,2024-09-06 09:15:00,2025-06-26 09:15:00,200 days 00:00:00,100000.0,100000.0,0.0,-28.05,0.0,0.0,,,0.0,0.0,0.0,0.0,,,,,,,,,,inf,,inf,inf
STYRENIX,Success,0.020722300000670657,0.013617699999485922,0.001035599999340775,0.060252400000536,0.0960800000002564,2008-07-23 09:15:00,2025-06-26 09:15:00,4174 days 00:00:00,100000.0,85436.432079,-14.563568,2170.650264,100.0,1561.27448,40.307738,3811 days 00:00:00,10.0,10.0,0.0,0.0,30.0,29.650171,-16.087865,23.500537,-10.605742,28 days 08:00:00,28 days 06:51:25,0.768947,-1456.356792,-0.049405,-0.033913,0.973451,-0.071299
SUBEXLTD,Success,0.01964940000016213,0.02087810000011814,0.0017189000000144006,0.06497090000084427,0.1078508000000511,2003-09-05 09:15:00,2025-06-26 09:15:00,5385 days 00:00:00,100000.0,63404.562965,-36.595437,-87.241071,100.0,1898.82775,58.88884,4705 days 00:00:00,9.0,9.0,0.0,0.0,22.222222,27.640629,-17.710645,24.258407,-11.887634,45 days 00:00:00,20 days 17:08:34,0.597067,-4066.159671,-0.191411,-0.051642,0.86986,-0.28261
SUBROS,Success,0.019187099999726343,0.018248599999424187,0.0014459000003625988,0.05698649999976624,0.09627329999966605,2005-07-13 09:15:00,2025-06-26 09:15:00,4885 days 00:00:00,100000.0,62085.199166,-37.914801,2464.903051,100.0,2167.171658,52.563751,2494 days 00:00:00,14.0,14.0,0.0,0.0,21.428571,48.77179,-22.443619,41.265029,-12.669172,158 days 08:00:00,33 days 15:16:21,0.677125,-2708.20006,-0.033911,-0.066564,0.987922,-0.054922
SUDARSCHEM,Success,0.016183300000193412,0.016919299999244686,0.0011463000000730972,0.05960369999957038,0.09470990000045276,2006-05-16 09:15:00,2025-06-26 09:15:00,4292 days 00:00:00,100000.0,92525.332832,-7.474667,5858.559447,100.0,1210.639357,46.901885,3436 days 00:00:00,7.0,7.0,0.0,0.0,28.571429,33.537047,-14.772647,25.75619,-10.058429,25 days 12:00:00,90 days 00:00:00,0.836158,-1067.809595,0.035031,-0.01404,1.015469,0.053195
SUKHJITS,Success,0.004927300000417745,0.01678379999975732,0.0009577000000717817,0.06509449999975914,0.08826450000015029,2022-11-07 09:15:00,2025-06-26 09:15:00,655 days 00:00:00,100000.0,81237.917518,-18.762082,-15.487082,100.0,359.627412,18.762082,341 days 00:00:00,2.0,2.0,0.0,0.0,0.0,-8.939063,-10.806848,,-9.872955,,17 days 00:00:00,0.0,-9381.041241,-1.113968,-0.582761,0.50334,-1.310468
SULA,Success,0.005504099999598111,0.016308000000208267,0.000808800000413612,0.060408600000300794,0.08347179999964283,2022-12-22 09:15:00,2025-06-26 09:15:00,623 days 00:00:00,100000.0,84111.026082,-15.888974,-7.910631,100.0,372.509166,16.418614,418 days 00:00:00,2.0,2.0,0.0,0.0,0.0,-5.798965,-10.727352,,-8.263158,,20 days 12:00:00,0.0,-7944.486959,-0.995514,-0.587176,0.574454,-1.299649
SUMICHEM,Success,0.00608749999992142,0.01776889999928244,0.0009110999999393243,0.05759779999971215,0.08306160000029195,2020-01-27 09:15:00,2025-06-26 09:15:00,1346 days 00:00:00,100000.0,80978.107695,-19.021892,156.826109,100.0,448.500024,36.748224,662 days 00:00:00,3.0,2.0,1.0,-2011.676737,0.0,-8.698687,-9.121168,,-8.909928,,112 days 12:00:00,0.0,-8505.107784,-0.256891,-0.151325,0.918746,-0.385311
SUMIT,Success,0.006926500000190572,0.017435499999919557,0.0008645999996588216,0.05406630000015866,0.0796994000002087,2019-07-30 09:15:00,2025-06-26 09:15:00,1451 days 00:00:00,100000.0,74335.215057,-25.664785,318.997803,100.0,1048.750686,34.043658,367 days 00:00:00,6.0,6.0,0.0,0.0,16.666667,38.097897,-16.309571,38.097897,-11.595995,7 days 00:00:00,20 days 14:24:00,0.520129,-4277.464157,-0.438888,-0.211173,0.817422,-0.594253
SUMMITSEC,Success,0.011922400000003108,0.014014299999871582,0.0014055999999982305,0.055186200000207464,0.08291060000010475,2011-02-04 09:15:00,2025-06-26 09:15:00,3535 days 00:00:00,100000.0,75693.62461,-24.306375,1306.919623,100.0,2338.877128,58.628959,2339 days 00:00:00,12.0,12.0,0.0,0.0,25.0,41.191318,-16.492312,34.630782,-12.110215,31 days 00:00:00,42 days 18:40:00,0.786148,-2025.531282,-0.023591,-0.048345,0.990308,-0.03358
SUNCLAY,Success,0.004201499999908265,0.013797399999930349,0.0012255999999979394,0.05448359999991226,0.07409480000023905,2023-12-29 09:15:00,2025-06-26 09:15:00,371 days 00:00:00,100000.0,168979.608644,68.979609,37.595502,100.0,529.367968,11.233723,18 days 00:00:00,2.0,2.0,0.0,0.0,100.0,30.189585,29.854929,30.022257,,23 days 12:00:00,,inf,34489.804322,2.376917,6.013324,3.441808,8.316967
SUNDARAM,Success,0.012928099999953702,0.014534699999785516,0.0014948999996704515,0.054153000000042084,0.08348589999968681,2010-06-02 09:15:00,2025-06-26 09:15:00,3731 days 00:00:00,100000.0,33081.339732,-66.91866,-87.465222,100.0,1005.491107,68.793916,2154 days 00:00:00,8.0,8.0,0.0,0.0,0.0,-6.792099,-17.893792,,-12.851187,,18 days 12:00:00,0.0,-8364.832533,-0.767577,-0.149095,0.592243,-0.981609
SUNDARMFIN,Success,0.016596899999967718,0.015391099999760627,0.0015235000000757282,0.06254030000036437,0.09647129999939352,1999-01-01 09:15:00,2025-06-26 09:15:00,6467 days 00:00:00,100000.0,173357.065169,73.357065,13188.737201,100.0,4243.489585,47.556642,2236 days 00:00:00,20.0,20.0,0.0,0.0,45.0,33.167389,-23.049596,22.365526,-10.57318,45 days 02:40:00,69 days 04:21:49,1.60849,3667.853258,0.263673,0.06632,1.109005,0.447031
SUNDARMHLD,Success,0.007955199999742035,0.016876099999535654,0.0009408999994775513,0.0667490000005273,0.09314020000056189,2018-03-27 09:15:00,2025-06-26 09:15:00,1796 days 00:00:00,100000.0,127246.450678,27.246451,79.870371,100.0,1075.009167,21.065193,812 days 00:00:00,5.0,5.0,0.0,0.0,40.0,37.467707,-12.072827,32.293356,-10.017697,17 days 00:00:00,18 days 00:00:00,1.787301,5449.290136,0.387855,0.238251,1.310549,0.743808
SUNDRMBRAK,Success,0.018664499999431428,0.016301900000144087,0.00125690000004397,0.06653869999991002,0.10323430000062217,1999-01-04 09:15:00,2025-06-26 09:15:00,6301 days 00:00:00,100000.0,363174.677189,263.174677,863.495066,100.0,5724.483615,34.387652,3727 days 00:00:00,16.0,16.0,0.0,0.0,50.0,45.160377,-15.353713,33.206428,-11.619302,81 days 03:00:00,28 days 09:00:00,2.513594,16448.417324,0.505151,0.225579,1.226459,0.858252
SUNDRMFAST,Success,0.02211280000028637,0.017800699999497738,0.0013485999998010811,0.0610765999999785,0.10277719999976398,1999-01-01 09:15:00,2025-06-26 09:15:00,6521 days 00:00:00,100000.0,139242.224999,39.242225,5239.2,100.0,4925.707756,47.425464,4763 days 00:00:00,21.0,21.0,0.0,0.0,38.095238,30.860377,-15.281284,23.894361,-9.987594,40 days 18:00:00,29 days 16:36:55,1.244091,1868.677381,0.203725,0.039435,1.092588,0.324018
SUNDROP,Success,0.020101799999793002,0.019168700000591343,0.0017977000006794697,0.05680690000008326,0.09837560000050871,2003-01-01 09:15:00,2025-06-26 09:15:00,5388 days 00:00:00,100000.0,98061.690693,-1.938309,2069.910371,100.0,2833.659672,33.630949,2182 days 00:00:00,13.0,12.0,1.0,528.522701,25.0,55.642088,-13.472237,35.144668,-9.584394,63 days 16:00:00,29 days 00:00:00,0.975608,-205.569334,0.063133,-0.00394,1.034212,0.100873
SUNFLAG,Success,0.013985699999466306,0.013776000000689237,0.001643599999624712,0.05576959999962128,0.08557539999947039,2005-09-29 09:15:00,2025-06-26 09:15:00,4876 days 00:00:00,100000.0,145913.276651,45.913277,1185.562687,100.0,3443.510066,41.804143,1422 days 00:00:00,11.0,11.0,0.0,0.0,36.363636,42.488964,-13.463755,36.045047,-11.440113,73 days 00:00:00,30 days 10:17:08,1.338835,4173.934241,0.2463,0.068624,1.118289,0.398449
SUNPHARMA,Success,0.016386600000259932,0.01508529999955499,0.0012642000001505949,0.05691980000028707,0.09003440000014962,1999-01-01 09:15:00,2025-06-26 09:15:00,6564 days 00:00:00,100000.0,248619.615141,148.619615,73311.244684,100.0,13477.010323,50.628199,3308 days 00:00:00,31.0,30.0,1.0,-5301.398927,40.0,52.922469,-21.715146,21.857992,-7.350863,58 days 20:00:00,17 days 17:20:00,1.532215,5130.700469,0.388273,0.102607,1.15267,0.585814
SUNTECK,Success,0.013952700000118057,0.014030000000275322,0.0010141000002477085,0.054742199999964214,0.08412609999959386,2009-11-13 09:15:00,2025-06-26 09:15:00,3865 days 00:00:00,100000.0,52224.529553,-47.77547,71.221078,100.0,1548.867637,47.775639,3038 days 00:00:00,11.0,11.0,0.0,0.0,9.090909,32.23566,-11.224672,32.23566,-8.862379,19 days 00:00:00,27 days 12:00:00,0.266409,-4343.224586,-0.44547,-0.124549,0.800514,-0.59899
SUNTV,Success,0.014675399999759975,0.015908000000308675,0.0018202999999630265,0.053581000000122,0.08636010000009264,2006-04-24 09:15:00,2025-06-26 09:15:00,4741 days 00:00:00,100000.0,90588.492631,-9.411507,61.08968,100.0,2100.353946,40.551442,4498 days 00:00:00,9.0,9.0,0.0,0.0,22.222222,34.371528,-11.742818,29.862407,-8.465029,26 days 12:00:00,30 days 20:34:17,0.869305,-1045.723041,-0.022131,-0.018694,0.987604,-0.031795
SUPERHOUSE,Success,0.008817400000225462,0.014055100000405218,0.0013317000002643908,0.0563241999998354,0.08090979999997217,2014-09-26 09:15:00,2025-06-26 09:15:00,2657 days 00:00:00,100000.0,60654.304104,-39.345696,-32.578091,100.0,1220.007681,45.786955,2216 days 00:00:00,8.0,8.0,0.0,0.0,12.5,27.389475,-13.679714,27.389475,-10.048156,42 days 00:00:00,28 days 10:17:08,0.311341,-4918.211987,-0.343114,-0.144972,0.843694,-0.469379
SUPERSPIN,Success,0.014955699999518401,0.014404000000467931,0.0015883999994912301,0.05659930000001623,0.08794630000011239,1999-01-01 09:15:00,2025-06-26 09:15:00,5288 days 00:00:00,100000.0,371676.472989,271.676473,239.6875,100.0,4815.015881,52.255639,1279 days 00:00:00,8.0,8.0,0.0,0.0,50.0,104.036772,-20.569777,66.514164,-15.362499,128 days 18:00:00,18 days 12:00:00,2.176812,33959.559124,0.378328,0.181514,1.25185,0.907591
SUPRAJIT,Success,0.014494800000647956,0.016103599999951257,0.0011433999998189392,0.05853590000060649,0.09066840000014054,2005-02-18 09:15:00,2025-06-26 09:15:00,4931 days 00:00:00,100000.0,246380.564971,146.380565,5693.014273,100.0,5950.438646,48.113749,2558 days 00:00:00,15.0,15.0,0.0,0.0,46.666667,50.176151,-17.431834,30.610361,-11.138551,64 days 13:42:51,24 days 06:00:00,1.769774,9758.704331,0.470351,0.143459,1.212764,0.774133
SUPREME,Success,0.0036116999999649124,0.018043500000203494,0.0011993999996775528,0.060207200000149896,0.08327559999997902,2025-02-03 09:15:00,2025-06-26 09:15:00,97 days 00:00:00,100000.0,100000.0,0.0,3.652194,0.0,0.0,,,0.0,0.0,0.0,0.0,,,,,,,,,,inf,,inf,inf
SUPREMEENG,Success,0.0037854000001971144,0.010640100000273378,0.0009056999997483217,0.06373139999959676,0.07950760000039736,2020-12-04 09:15:00,2025-06-23 09:15:00,1060 days 00:00:00,100000.0,62538.62571,-37.461374,630.844765,100.0,492.019456,40.527731,686 days 00:00:00,3.0,3.0,0.0,0.0,0.0,-11.91872,-18.445291,,-14.449671,,24 days 08:00:00,0.0,-12487.124763,-0.890637,-0.368248,0.670291,-1.142518
SUPREMEIND,Success,0.020500999999967462,0.01711769999928947,0.0019649999994726386,0.06513759999961621,0.10551369999939197,1999-01-01 09:15:00,2025-06-26 09:15:00,6535 days 00:00:00,100000.0,219242.838064,119.242838,24755.113636,100.0,5322.306767,46.563277,1571 days 00:00:00,21.0,21.0,0.0,0.0,42.857143,29.172204,-14.922036,23.194701,-8.603286,57 days 21:20:00,13 days 18:00:00,1.959441,5678.230384,0.389637,0.096257,1.207803,0.664861
SUPRIYA,Success,0.00731880000057572,0.01592530000016268,0.0011448000004747882,0.061591499999849475,0.08641690000058588,2021-12-28 09:15:00,2025-06-26 09:15:00,868 days 00:00:00,100000.0,135658.390442,35.65839,74.133295,100.0,1043.993689,21.947202,92 days 00:00:00,4.0,4.0,0.0,0.0,50.0,32.890176,-11.392171,31.208042,-11.213321,58 days 00:00:00,21 days 00:00:00,2.11199,8914.597611,0.622363,0.623441,1.217517,1.011392
SURAJEST,Success,0.005527999999685562,0.016403399999944668,0.0007720000003246241,0.053256499999406515,0.07634489999963989,2023-12-26 09:15:00,2025-06-26 09:15:00,374 days 00:00:00,100000.0,125378.841154,25.378841,9.970105,100.0,506.141849,14.957499,173 days 00:00:00,2.0,2.0,0.0,0.0,50.0,40.40893,-10.689509,40.40893,-10.689509,15 days 00:00:00,11 days 00:00:00,2.693083,12689.420577,1.393711,1.651233,2.003667,2.655526
SURAJLTD,Success,0.004491899999266025,0.013902300000154355,0.0007833999998183572,0.06006210000032297,0.07984190000024682,2024-08-29 09:15:00,2025-06-26 09:15:00,205 days 00:00:00,100000.0,100000.0,0.0,25.307754,0.0,0.0,,,0.0,0.0,0.0,0.0,,,,,,,,,,inf,,inf,inf
SURAKSHA,Success,0.00468540000019857,0.01577480000014475,0.0007719000004726695,0.23487700000077893,0.25665660000049684,2024-12-06 09:15:00,2025-06-26 09:15:00,138 days 00:00:00,100000.0,100000.0,0.0,-19.808268,0.0,0.0,,,0.0,0.0,0.0,0.0,,,,,,,,,,inf,,inf,inf
SURANASOL,Success,0.009412400000655907,0.013395199999649776,0.0009557000003042049,0.058447599999453814,0.08259879999968689,2014-11-19 09:15:00,2025-06-26 09:15:00,2626 days 00:00:00,100000.0,67392.247396,-32.607753,-26.137689,100.0,1203.073344,48.643466,2317 days 00:00:00,8.0,8.0,0.0,0.0,25.0,39.068752,-16.681075,34.014157,-15.049408,48 days 12:00:00,19 days 04:00:00,0.561985,-4075.969076,-0.229854,-0.109728,0.883485,-0.365705
SURANAT&P,Success,0.015246400000251015,0.015412699999615143,0.001263400000425463,0.053688599999986764,0.08614369999941118,2002-07-01 09:15:00,2025-06-26 09:15:00,5593 days 00:00:00,100000.0,41851.008949,-58.148991,1133.255014,100.0,1523.516525,59.050471,5267 days 00:00:00,12.0,12.0,0.0,0.0,16.666667,58.471429,-23.62744,46.934143,-14.969276,129 days 00:00:00,24 days 04:48:00,0.443597,-4845.749254,-0.231724,-0.09358,0.89292,-0.318218
SURYALAXMI,Success,0.01880550000078074,0.015196399999695132,0.0015869000008024159,0.05668599999989965,0.09268340000016906,2005-06-15 09:15:00,2025-06-26 09:15:00,4721 days 00:00:00,100000.0,51511.262805,-48.488737,-50.742063,100.0,867.485843,52.165801,4365 days 00:00:00,6.0,6.0,0.0,0.0,0.0,-8.525224,-11.349167,,-10.472297,,16 days 16:00:00,0.0,-8081.456199,-0.692933,-0.095838,0.501432,-0.834313
SURYAROSNI,Success,0.02237570000033884,0.018043699999907403,0.0013260000005175243,0.06487319999996544,0.10702889999993204,1999-01-01 09:15:00,2025-06-26 09:15:00,6448 days 00:00:00,100000.0,1333747.972499,1233.747972,10720.8,100.0,13675.529684,34.381673,1247 days 00:00:00,16.0,16.0,0.0,0.0,68.75,66.362809,-20.855662,35.545768,-13.32126,43 days 04:21:49,24 days 19:12:00,7.181495,77109.248281,0.844072,0.459378,1.532612,1.573378
SURYODAY,Success,0.007629400000041642,0.016256699999757984,0.0008840000000418513,0.06127639999976964,0.08645760000035807,2021-03-26 09:15:00,2025-06-26 09:15:00,1054 days 00:00:00,100000.0,125117.669908,25.11767,-50.579552,100.0,495.057712,8.34871,265 days 00:00:00,2.0,2.0,0.0,0.0,50.0,34.992172,-7.298153,34.992172,-7.298153,50 days 00:00:00,1 days 00:00:00,3.552727,12558.834954,0.649532,0.966505,1.553728,1.221163
SUTLEJTEX,Success,0.018001399999775458,0.019000299999788695,0.0012520000000222353,0.06246680000003835,0.10115549999954965,2006-12-14 09:15:00,2025-06-26 09:15:00,4474 days 00:00:00,100000.0,138543.703853,38.543704,136.08677,100.0,2650.777615,32.260933,1966 days 00:00:00,10.0,10.0,0.0,0.0,40.0,34.294404,-13.675736,29.542567,-11.110768,15 days 06:00:00,50 days 08:00:00,1.409271,3854.370385,0.246984,0.08355,1.141412,0.418214
SUVEN,Success,0.019928499999878113,0.013515699999516073,0.0015432999998665764,0.05605439999999362,0.09142710000014631,2003-10-24 09:15:00,2025-06-26 09:15:00,5234 days 00:00:00,100000.0,78838.525793,-21.161474,25006.380664,100.0,2217.544175,72.996047,4849 days 00:00:00,19.0,19.0,0.0,0.0,31.578947,35.278886,-22.523677,28.043841,-12.251199,34 days 00:00:00,29 days 05:32:18,0.797231,-1113.7618,0.000603,-0.022528,1.000275,0.000917
SUVIDHAA,Success,0.004938200000651705,0.013289200000144774,0.0011171000005560927,0.05450780000046507,0.07424220000029891,2021-03-31 09:15:00,2025-06-26 09:15:00,1052 days 00:00:00,100000.0,100000.0,0.0,-96.335878,0.0,0.0,,,0.0,0.0,0.0,0.0,,,,,,,,,,inf,,inf,inf
SUYOG,Success,0.0037611999996443046,0.014107300000432588,0.000974599999608472,0.05461340000056225,0.07383329999993293,2024-08-20 09:15:00,2025-06-26 09:15:00,213 days 00:00:00,100000.0,100000.0,0.0,-40.3895,0.0,0.0,,,0.0,0.0,0.0,0.0,,,,,,,,,,inf,,inf,inf
SUZLON,Success,0.014791700000387209,0.01456159999997908,0.001301199999943492,0.05364019999979064,0.0846919000005073,2005-10-19 09:15:00,2025-06-26 09:15:00,4864 days 00:00:00,100000.0,40933.553772,-59.066446,-49.269551,100.0,1487.497225,60.351003,4738 days 00:00:00,12.0,12.0,0.0,0.0,16.666667,34.474271,-26.809849,30.631548,-13.136347,32 days 00:00:00,17 days 00:00:00,0.343806,-4922.203852,-0.452064,-0.107424,0.742367,-0.632787
SVLL,Success,0.004297800000131247,0.013575500000115426,0.0014200000005075708,0.05672110000068642,0.07641460000013467,2023-04-21 09:15:00,2025-06-26 09:15:00,530 days 00:00:00,100000.0,132653.692041,32.653692,396.223146,100.0,517.747783,19.704005,82 days 00:00:00,2.0,2.0,0.0,0.0,50.0,42.57299,-6.936513,42.57299,-6.936513,50 days 00:00:00,7 days 00:00:00,4.306111,16326.84602,1.179463,1.090268,1.567537,1.938796
SVPGLOB,Success,0.005274799999824609,0.013351499999771477,0.0008361000000149943,0.05335259999992559,0.0732027999993079,2021-07-14 09:15:00,2025-06-26 09:15:00,981 days 00:00:00,100000.0,86136.202949,-13.863797,-96.950092,100.0,186.122525,14.281405,915 days 00:00:00,1.0,1.0,0.0,0.0,0.0,-13.877661,-13.877661,,-13.877661,,14 days 00:00:00,0.0,-13863.797051,-0.764196,-0.378214,0.435741,-0.924327
SWANENERGY,Success,0.01340040000013687,0.015340900000410329,0.001004300000204239,0.060346500000378,0.09050219999971887,2012-05-29 09:15:00,2025-06-26 09:15:00,3234 days 00:00:00,100000.0,96924.553687,-3.075446,524.381749,100.0,773.188862,17.431724,1562 days 00:00:00,4.0,4.0,0.0,0.0,25.0,30.116276,-12.442055,30.116276,-9.325317,24 days 00:00:00,15 days 08:00:00,0.892744,-768.861578,-0.019327,-0.020189,0.979098,-0.03136
SWARAJENG,Success,0.017295400000875816,0.014771699999982957,0.0017202999997607549,0.06360230000063893,0.09806010000011156,1999-01-01 09:15:00,2025-06-26 09:15:00,6418 days 00:00:00,100000.0,116820.81123,16.820811,2489.118679,100.0,3215.978049,37.83767,3824 days 00:00:00,17.0,17.0,0.0,0.0,35.294118,35.621889,-19.497244,21.753272,-8.726124,59 days 20:00:00,37 days 08:43:38,1.17476,989.459484,0.133302,0.023471,1.062506,0.194502
SWELECTES,Success,0.014905400000316149,0.015722599999207887,0.0015163000007305527,0.06877679999979591,0.10172109999984968,2006-11-02 09:15:00,2025-06-26 09:15:00,4602 days 00:00:00,100000.0,125438.516351,25.438516,425.56545,100.0,4841.712499,48.134946,1377 days 00:00:00,19.0,19.0,0.0,0.0,31.578947,49.721123,-13.779431,35.181715,-11.317953,29 days 20:00:00,25 days 00:00:00,1.12683,1338.869282,0.186309,0.037683,1.09093,0.34135
SWIGGY,Success,0.004147399999965273,0.017789300000004005,0.000840000000607688,0.06337649999932182,0.08686170000055426,2024-11-13 09:15:00,2025-06-26 09:15:00,153 days 00:00:00,100000.0,100000.0,0.0,-11.129386,0.0,0.0,,,0.0,0.0,0.0,0.0,,,,,,,,,,inf,,inf,inf
SWSOLAR,Success,0.008402399999795307,0.018362900000283844,0.001000199999907636,0.07037049999962619,0.0986057999998593,2019-08-20 09:15:00,2025-06-26 09:15:00,1452 days 00:00:00,100000.0,82047.501296,-17.952499,-56.912697,100.0,361.466161,20.395873,853 days 00:00:00,2.0,2.0,0.0,0.0,0.0,-8.558243,-10.292156,,-9.425199,,27 days 12:00:00,0.0,-8976.249352,-0.677761,-0.237909,0.611274,-0.86784
SYMPHONY,Success,0.014440300000387651,0.017992299999605166,0.0014351999998325482,0.06034289999934117,0.09474339999997028,2011-06-15 09:15:00,2025-06-26 09:15:00,3467 days 00:00:00,100000.0,76348.692389,-23.651308,829.216479,100.0,1537.213564,39.077351,2514 days 00:00:00,8.0,8.0,0.0,0.0,25.0,28.35368,-16.313897,25.233425,-11.245708,28 days 00:00:00,16 days 12:00:00,0.656275,-2956.413451,-0.1691,-0.07168,0.893744,-0.258758
SYNCOMF,Success,0.006284800000685209,0.018856699999560078,0.0009809999992285157,0.06435890000011568,0.09090960000048653,2022-11-18 09:15:00,2025-06-26 09:15:00,647 days 00:00:00,100000.0,99820.454671,-0.179545,137.530864,100.0,771.544681,26.104733,190 days 00:00:00,4.0,3.0,1.0,2087.623406,33.333333,26.239248,-12.654536,26.239248,-12.01261,14 days 00:00:00,29 days 00:00:00,0.920395,-755.722912,0.109259,-0.003882,1.050289,0.206974
SYNGENE,Success,0.00820449999991979,0.014469899999312474,0.0014470000005530892,0.060120699999970384,0.0846415000005436,2015-08-11 09:15:00,2025-06-26 09:15:00,2444 days 00:00:00,100000.0,72368.967453,-27.631033,315.842873,100.0,1200.003439,29.002455,2093 days 00:00:00,7.0,7.0,0.0,0.0,14.285714,14.776886,-9.810587,14.776886,-7.392066,44 days 00:00:00,34 days 16:00:00,0.304631,-3947.290364,-0.410123,-0.16257,0.835341,-0.594598
SYRMA,Success,0.00467209999987972,0.01582479999979114,0.0011838000000352622,0.05767070000001695,0.07973219999985304,2022-08-26 09:15:00,2025-06-26 09:15:00,703 days 00:00:00,100000.0,83351.335507,-16.648664,73.703704,100.0,449.029139,18.70025,358 days 00:00:00,3.0,2.0,1.0,1420.422183,0.0,-7.373935,-11.565177,,-9.469556,,11 days 00:00:00,0.0,-9034.543338,-1.38939,-0.482441,0.326405,-1.506539
TAINWALCHM,Success,0.01573839999946358,0.016061100000115403,0.001156999999693653,0.06917169999996986,0.10253590000047552,1999-01-01 09:15:00,2025-06-26 09:15:00,5231 days 00:00:00,100000.0,363120.236108,263.120236,8103.333333,100.0,4780.121272,67.503833,2792 days 00:00:00,9.0,9.0,0.0,0.0,55.555556,189.987178,-43.251785,67.669811,-21.560985,53 days 19:12:00,14 days 12:00:00,2.040472,29235.58179,0.430159,0.139479,1.323212,0.742946
TAJGVK,Success,0.015310199999476026,0.014642399999502231,0.0014155999997456092,0.05544750000080967,0.08720810000068013,2000-12-20 09:15:00,2025-06-26 09:15:00,5985 days 00:00:00,100000.0,126750.841906,26.750842,4404.395604,100.0,3006.571398,41.367313,1841 days 00:00:00,12.0,12.0,0.0,0.0,33.333333,44.712599,-22.21522,39.064669,-12.490328,77 days 18:00:00,67 days 06:00:00,1.197992,2229.236826,0.169002,0.035201,1.074398,0.296395
TALBROAUTO,Success,0.013694700000087323,0.015823800000362098,0.0011297000000922708,0.055332300000372925,0.08638859999973647,2006-09-29 09:15:00,2025-06-26 09:15:00,4519 days 00:00:00,100000.0,212875.245374,112.875245,2276.948279,100.0,3639.360514,31.669664,1431 days 00:00:00,12.0,12.0,0.0,0.0,41.666667,48.549767,-16.39087,37.693128,-11.204882,50 days 00:00:00,13 days 17:08:34,1.870934,9406.270448,0.420117,0.198692,1.28751,0.759088
TANLA,Success,0.014443500000197673,0.013661299999512266,0.0012660000002142624,0.05661099999997532,0.08681009999963862,2007-01-05 09:15:00,2025-06-26 09:15:00,4565 days 00:00:00,100000.0,178254.637383,78.254637,239.844667,100.0,2309.362516,38.516007,1020 days 00:00:00,8.0,8.0,0.0,0.0,37.5,62.372869,-21.856643,53.089923,-12.72112,80 days 00:00:00,18 days 04:48:00,1.887349,9781.829673,0.357744,0.122813,1.216442,0.637015
TARACHAND,Success,0.0056072999996104045,0.013900500000090688,0.0013269000000946107,0.06070060000001831,0.08196260000022448,2018-03-23 09:15:00,2025-06-26 09:15:00,1377 days 00:00:00,100000.0,76083.979022,-23.916021,526.503581,100.0,356.306027,23.916021,878 days 00:00:00,2.0,2.0,0.0,0.0,0.0,-9.887073,-15.593017,,-12.740045,,16 days 00:00:00,0.0,-11958.010489,-0.74433,-0.292229,0.516987,-1.056498
TARAPUR,Success,0.01176720000057685,0.01734160000069096,0.0016560999993089354,0.06383390000064537,0.09510709999995015,2010-05-18 09:15:00,2025-06-26 09:15:00,3323 days 00:00:00,100000.0,105666.162103,5.666162,-51.82927,100.0,1889.053413,41.125955,1642 days 00:00:00,10.0,10.0,0.0,0.0,40.0,58.250806,-24.908677,29.601915,-14.434124,28 days 12:00:00,20 days 00:00:00,1.063351,566.61621,0.141029,0.014765,1.075731,0.230183
TARC,Success,0.006868200000099023,0.018462199999703444,0.0010416000004624948,0.0616029000002527,0.0884461999994528,2020-12-18 09:15:00,2025-06-26 09:15:00,1121 days 00:00:00,100000.0,133487.656789,33.487657,792.834508,100.0,531.443555,17.1875,161 days 00:00:00,2.0,2.0,0.0,0.0,50.0,49.009901,-10.397864,49.009901,-10.397864,73 days 00:00:00,12 days 00:00:00,3.164224,16743.828395,0.570458,0.573736,1.354522,1.068224
TARIL,Success,0.015675300000111747,0.016276600000310282,0.001216000000567874,0.05751589999999851,0.09111849999953847,2007-12-28 09:15:00,2025-06-26 09:15:00,4320 days 00:00:00,100000.0,158433.044631,58.433045,1235.207405,100.0,3625.606835,32.167075,1005 days 00:00:00,12.0,12.0,0.0,0.0,41.666667,42.790515,-19.820987,37.373324,-14.741024,35 days 14:24:00,33 days 00:00:00,1.342802,4869.420386,0.301057,0.123247,1.151866,0.520322
TARMAT,Success,0.01142489999983809,0.013032100000600622,0.0010997999997925945,0.05027410000002419,0.07627679999950487,2012-10-04 09:15:00,2025-06-26 09:15:00,2995 days 00:00:00,100000.0,89956.406052,-10.043594,176.22449,100.0,1202.120104,43.154301,1834 days 00:00:00,6.0,6.0,0.0,0.0,33.333333,39.851922,-18.395513,33.58491,-15.67885,29 days 00:00:00,19 days 12:00:00,0.850566,-1673.932325,-0.011769,-0.029699,0.991964,-0.019163
TARSONS,Success,0.004269099999874015,0.013020700000197394,0.0010017000004154397,0.05838159999984782,0.07706549999966228,2021-11-26 09:15:00,2025-06-26 09:15:00,890 days 00:00:00,100000.0,77314.299839,-22.6857,-53.176932,100.0,354.572224,22.6857,836 days 00:00:00,2.0,2.0,0.0,0.0,0.0,-11.371232,-12.790092,,-12.080662,,34 days 00:00:00,0.0,-11342.85008,-0.666014,-0.441432,0.663946,-0.969104
TASTYBITE,Success,0.008126899999297166,0.015266399999745772,0.0013214000000516535,0.07085129999995843,0.09595660000013595,2017-03-23 09:15:00,2025-06-26 09:15:00,2047 days 00:00:00,100000.0,99800.394204,-0.199606,139.892218,100.0,1623.279823,30.02223,938 days 00:00:00,7.0,7.0,0.0,0.0,28.571429,29.904553,-9.817292,24.684519,-8.444971,35 days 12:00:00,23 days 00:00:00,0.996093,-28.515114,0.066122,-0.001186,1.03745,0.118333
TATACHEM,Success,0.01607849999982136,0.013587400000687921,0.0014236999995773658,0.051072799999928975,0.0824068999991141,1999-01-01 09:15:00,2025-06-26 09:15:00,6543 days 00:00:00,100000.0,204365.788299,104.365788,1993.24897,100.0,11875.15502,50.944864,2150 days 00:00:00,23.0,23.0,0.0,0.0,34.782609,34.433163,-13.113792,26.104356,-7.264152,49 days 06:00:00,21 days 09:35:59,1.349222,4537.64297,0.362418,0.079846,1.166951,0.582989
TATACOMM,Success,0.012936800000716175,0.015460899999197864,0.001270499999918684,0.054876400000466674,0.08530080000036833,1994-11-03 09:15:00,2025-06-26 09:15:00,6980 days 00:00:00,100000.0,249987.695185,149.987695,709.976431,100.0,5084.023794,32.544558,2653 days 00:00:00,21.0,21.0,0.0,0.0,42.857143,33.316393,-10.610196,25.097907,-8.674757,51 days 05:20:00,25 days 04:00:00,2.217781,7142.271199,0.394706,0.150805,1.194287,0.63611
TATACONSUM,Success,0.015364500000032422,0.014404999999896972,0.0010916000001088833,0.061921600000459875,0.09331810000003316,2006-11-02 09:15:00,2025-06-26 09:15:00,4609 days 00:00:00,100000.0,141238.934166,41.238934,1430.240629,100.0,3902.763951,27.187595,917 days 00:00:00,16.0,16.0,0.0,0.0,37.5,23.014923,-9.897435,19.041671,-6.726161,40 days 00:00:00,53 days 00:00:00,1.494681,2577.433385,0.260493,0.101963,1.094122,0.399698
TATAELXSI,Success,0.019219900000280177,0.013695300000108546,0.0012313999995967606,0.05603109999992739,0.09056330000021262,1999-01-01 09:15:00,2025-06-26 09:15:00,6543 days 00:00:00,100000.0,869766.670488,769.76667,17827.142857,100.0,16531.573815,32.734017,630 days 00:00:00,19.0,19.0,0.0,0.0,57.894737,60.926353,-15.561425,31.941819,-9.981131,57 days 00:00:00,30 days 18:00:00,3.178049,40514.035289,0.716547,0.391787,1.335002,1.162049
TATAINVEST,Success,0.014661899999737216,0.020447100000637874,0.001389500000186672,0.05526040000040666,0.09224489999996877,2005-07-07 09:15:00,2025-06-26 09:15:00,4932 days 00:00:00,100000.0,118551.735617,18.551736,2322.7627,100.0,3419.976401,43.131691,1924 days 00:00:00,15.0,15.0,0.0,0.0,33.333333,32.280477,-12.790054,21.898225,-7.738614,50 days 09:36:00,53 days 04:48:00,1.207586,1236.782374,0.157134,0.029384,1.068505,0.259912
TATAMOTORS,Success,0.02487790000031964,0.30382709999958024,0.0017450999994252925,0.0657842000000528,0.39673120000043127,1991-01-02 09:15:00,2025-06-26 09:15:00,8356 days 00:00:00,100000.0,57232.431779,-42.767568,3023.584459,100.0,3739.984184,47.25627,6518 days 00:00:00,25.0,25.0,0.0,0.0,20.0,33.642103,-15.918223,25.38062,-8.03374,44 days 19:11:59,18 days 21:35:59,0.662295,-1710.702729,-0.113242,-0.05096,0.94146,-0.153741
TATAPOWER,Success,0.022145199999613396,0.018527600000197708,0.0013390999993134756,0.06290660000013304,0.10531240000000253,1999-01-01 09:15:00,2025-06-26 09:15:00,6542 days 00:00:00,100000.0,151050.036706,51.050037,3869.364732,100.0,4938.580841,46.392172,4375 days 00:00:00,25.0,25.0,0.0,0.0,36.0,33.021378,-20.095286,25.610559,-9.607037,39 days 16:00:00,35 days 18:00:00,1.326641,2042.001468,0.222307,0.050177,1.088225,0.313218
TATASTEEL,Success,0.018039099999441532,0.014168800000334159,0.001895899999908579,0.054308799999489565,0.08878770000046643,1994-11-03 09:15:00,2025-06-26 09:15:00,7588 days 00:00:00,100000.0,104160.471839,4.160472,853.155654,100.0,5486.361909,33.428061,3564 days 00:00:00,28.0,28.0,0.0,0.0,25.0,45.666082,-12.480614,25.87651,-7.082905,63 days 03:25:42,11 days 00:00:00,1.027658,148.58828,0.084603,0.005871,1.040406,0.124061
TATATECH,Success,0.0045847999999750755,0.014015600000675477,0.0010351000000810018,0.05419559999972989,0.07452079999984562,2023-11-30 09:15:00,2025-06-26 09:15:00,391 days 00:00:00,100000.0,93856.870799,-6.143129,-46.416603,100.0,193.850922,7.146534,172 days 00:00:00,1.0,1.0,0.0,0.0,0.0,-6.149272,-6.149272,,-6.149272,,12 days 00:00:00,0.0,-6143.129201,-1.049805,-0.804112,0.483643,-1.248977
TATVA,Success,0.005150199999661709,0.013721399999667483,0.001247000000148546,0.05239799999981187,0.07289359999958833,2021-07-29 09:15:00,2025-06-26 09:15:00,971 days 00:00:00,100000.0,96682.135227,-3.317865,-60.025084,100.0,876.453124,35.779875,853 days 00:00:00,4.0,4.0,0.0,0.0,25.0,26.115039,-12.701994,26.115039,-8.428519,3 days 00:00:00,39 days 00:00:00,0.887174,-829.466193,0.004208,-0.035225,1.001857,0.006119
TBOTEK,Success,0.00408530000004248,0.014697899999191577,0.0007652000003872672,0.05579699999998411,0.07572239999990416,2024-05-15 09:15:00,2025-06-26 09:15:00,279 days 00:00:00,100000.0,100000.0,0.0,-5.994454,0.0,0.0,,,0.0,0.0,0.0,0.0,,,,,,,,,,inf,,inf,inf
TBZ,Success,0.011800799999946321,0.015108000000509492,0.0009927999999490567,0.05456219999996392,0.08306379999976343,2012-05-14 09:15:00,2025-06-26 09:15:00,3245 days 00:00:00,100000.0,99967.425412,-0.032575,64.091308,100.0,526.144175,32.570984,3082 days 00:00:00,3.0,3.0,0.0,0.0,33.333333,32.598133,-14.006656,32.598133,-13.170324,47 days 00:00:00,14 days 12:00:00,0.998675,-10.858196,0.046539,-0.000113,1.042245,0.068852
TCI,Success,0.015747400000691414,0.019187899999451474,0.0011967000000367989,0.05435029999989638,0.0908687999999529,2002-01-22 09:15:00,2025-06-26 09:15:00,5700 days 00:00:00,100000.0,352208.977506,252.208978,31304.621804,100.0,5561.690319,30.137828,2597 days 00:00:00,13.0,13.0,0.0,0.0,61.538462,55.672741,-21.801915,28.710932,-13.443694,41 days 09:00:00,14 days 14:24:00,2.726294,19400.690577,0.637426,0.278596,1.436435,1.115471
TCIEXP,Success,0.0084526000000551,0.01767779999954655,0.0006409999996321858,0.06096299999990151,0.0884632999996029,2016-12-15 09:15:00,2025-06-26 09:15:00,2114 days 00:00:00,100000.0,92314.905344,-7.685095,116.408575,100.0,1163.980203,23.706602,1023 days 00:00:00,6.0,6.0,0.0,0.0,16.666667,35.783758,-11.318096,35.783758,-7.40673,50 days 00:00:00,20 days 09:35:59,0.793063,-1280.849109,-0.063477,-0.057839,0.964378,-0.108415
TCIFINANCE,Success,0.017511500000182423,0.019419199999902048,0.0016709999999875436,0.060223100000257546,0.09926899999936722,1999-01-01 09:15:00,2025-06-26 09:15:00,4516 days 00:00:00,100000.0,23846.944359,-76.153056,132.941176,100.0,1560.492136,78.668217,4009 days 00:00:00,17.0,17.0,0.0,0.0,17.647059,76.06904,-59.181918,55.43964,-16.486672,25 days 00:00:00,44 days 22:17:08,0.462804,-4479.591508,-0.142835,-0.139067,0.943927,-0.213433
TCPLPACK,Success,0.00936470000033296,0.01736090000031254,0.0009612000003471621,0.06408769999961805,0.09241639999981999,2017-10-17 09:15:00,2025-06-26 09:15:00,1906 days 00:00:00,100000.0,173406.243084,73.406243,454.116249,100.0,1606.219423,25.083509,874 days 00:00:00,6.0,6.0,0.0,0.0,50.0,43.428129,-12.356501,34.167511,-10.321022,110 days 08:00:00,12 days 08:00:00,2.655493,12234.373847,0.563203,0.443205,1.233746,1.005344
TCS,Success,0.017636000000493368,0.018001100000219594,0.002096299999720941,0.05760350000036851,0.0957367000000886,2004-08-25 09:15:00,2025-06-26 09:15:00,5152 days 00:00:00,100000.0,111308.74861,11.308749,2687.023607,100.0,4792.590375,36.565723,4528 days 00:00:00,19.0,19.0,0.0,0.0,31.578947,17.705274,-11.571005,14.545439,-5.260977,43 days 04:00:00,17 days 00:00:00,1.124609,595.197295,0.131119,0.020837,1.062344,0.19052
TDPOWERSYS,Success,0.011050600000089617,0.01291639999999461,0.0011731000004147063,0.05344919999970443,0.07900280000012572,2011-09-08 09:15:00,2025-06-26 09:15:00,3406 days 00:00:00,100000.0,106752.895151,6.752895,881.19891,100.0,1451.973481,54.430635,2902 days 00:00:00,10.0,10.0,0.0,0.0,30.0,34.631589,-13.548116,30.867857,-10.004108,66 days 16:00:00,29 days 10:17:08,1.129102,675.289515,0.138151,0.012911,1.063501,0.20492
TEAMLEASE,Success,0.008444699999927252,0.01651529999980994,0.0009184000000459491,0.05622549999952753,0.08270160000029136,2016-02-12 09:15:00,2025-06-26 09:15:00,2319 days 00:00:00,100000.0,109807.051993,9.807052,96.490199,100.0,1879.65566,35.369738,1405 days 00:00:00,7.0,7.0,0.0,0.0,28.571429,34.506643,-9.623654,29.282982,-8.018919,40 days 00:00:00,20 days 04:48:00,1.172096,1401.007428,0.180383,0.04194,1.09963,0.322969
TECHM,Success,0.015095800000381132,0.015795100000104867,0.0015745000000606524,0.05692780000026687,0.08984310000050755,2006-08-28 09:15:00,2025-06-26 09:15:00,4653 days 00:00:00,100000.0,123905.150059,23.90515,1119.810555,100.0,3094.778129,33.074091,1970 days 00:00:00,14.0,14.0,0.0,0.0,35.714286,17.901685,-9.740127,16.345416,-5.832093,50 days 09:36:00,27 days 00:00:00,1.406089,1707.510719,0.212939,0.051268,1.09487,0.298769
TECHNOE,Success,0.007876000000578642,0.015548100000160048,0.0009686000003057416,0.053802899999936926,0.0787172999998802,2018-12-04 09:15:00,2025-06-26 09:15:00,1627 days 00:00:00,100000.0,179744.212805,79.744213,429.70916,100.0,1053.432556,27.442903,286 days 00:00:00,4.0,4.0,0.0,0.0,75.0,32.466973,-12.157244,27.054776,-12.157244,49 days 16:00:00,25 days 00:00:00,6.163854,19936.053201,0.841748,0.512296,1.438198,1.452776
TEGA,Success,0.005044900000029884,0.015389600000162318,0.0009299000003011315,0.0657842000000528,0.0876312999998845,2021-12-13 09:15:00,2025-06-26 09:15:00,879 days 00:00:00,100000.0,141514.905582,41.514906,103.222921,100.0,810.471358,13.289967,149 days 00:00:00,3.0,3.0,0.0,0.0,66.666667,34.633915,-13.303257,27.953733,-13.303257,61 days 12:00:00,13 days 00:00:00,2.914024,13838.301861,0.882754,1.16705,1.395819,1.624565
TEJASNET,Success,0.008237800000642892,0.020557599999847298,0.001270499999918684,0.057472699999379984,0.0879851999998209,2017-06-27 09:15:00,2025-06-26 09:15:00,1983 days 00:00:00,100000.0,80310.647081,-19.689353,172.56167,100.0,1129.739061,29.604869,861 days 00:00:00,6.0,6.0,0.0,0.0,16.666667,38.329657,-13.492283,38.329657,-10.289059,81 days 00:00:00,15 days 09:36:00,0.610261,-3281.55882,-0.214622,-0.133613,0.90253,-0.329412
TEMBO,Success,0.005089399999633315,0.013796000000183994,0.0009763999996721395,0.059056900000541646,0.07937409999976808,2021-04-23 09:15:00,2025-06-26 09:15:00,1038 days 00:00:00,100000.0,78426.044733,-21.573955,341.235911,100.0,818.723093,34.786945,858 days 00:00:00,5.0,5.0,0.0,0.0,20.0,24.343628,-15.864969,24.343628,-10.837282,33 days 00:00:00,20 days 12:00:00,0.438373,-4314.791053,-0.51097,-0.235444,0.796327,-0.724076
TERASOFT,Success,0.007953799999995681,0.014140899999802059,0.0010079000003315741,0.06038189999981114,0.0840293000001111,2016-12-29 09:15:00,2025-06-26 09:15:00,2104 days 00:00:00,100000.0,168826.794691,68.826795,159.839925,100.0,1048.231331,31.17404,730 days 00:00:00,5.0,5.0,0.0,0.0,60.0,37.811986,-15.872372,33.234891,-15.368375,37 days 16:00:00,5 days 00:00:00,3.427631,13765.358938,0.530649,0.305082,1.386107,0.963091
TEXINFRA,Success,0.01932570000008127,0.019861100000525767,0.0014357999998537707,0.060123899999780406,0.10122700000010809,2004-09-09 09:15:00,2025-06-26 09:15:00,5143 days 00:00:00,100000.0,120704.422486,20.704422,1775.553687,100.0,2418.735517,29.122118,1880 days 00:00:00,10.0,10.0,0.0,0.0,30.0,65.322249,-13.419838,39.745807,-10.671706,65 days 16:00:00,17 days 20:34:17,1.221061,2070.442249,0.162967,0.046165,1.099696,0.281263
TEXMOPIPES,Success,0.0158848000000944,0.018451599999934842,0.001158499999291962,0.05640130000028876,0.09244140000009793,2010-03-10 09:15:00,2025-06-26 09:15:00,3788 days 00:00:00,100000.0,45197.529406,-54.802471,-52.774331,100.0,1224.937433,62.697275,2223 days 00:00:00,8.0,8.0,0.0,0.0,12.5,49.401837,-19.945665,49.401837,-15.677434,21 days 00:00:00,52 days 20:34:17,0.384781,-6850.308824,-0.251591,-0.117494,0.888308,-0.405077
TEXRAIL,Success,0.014791900000091118,0.015120000000024447,0.0014455999998972402,0.05756000000019412,0.08949050000046554,2011-03-17 09:15:00,2025-06-26 09:15:00,3530 days 00:00:00,100000.0,48130.292715,-51.869707,180.878062,100.0,1533.763533,64.267671,3431 days 00:00:00,13.0,13.0,0.0,0.0,15.384615,46.027306,-23.243487,37.179034,-11.521823,36 days 00:00:00,25 days 00:00:00,0.3757,-3989.977483,-0.365632,-0.113313,0.85194,-0.505832
TFCILTD,Success,0.01968529999976454,0.015697300000283576,0.0014370999997481704,0.057958700000199315,0.09523790000002919,1999-01-01 09:15:00,2025-06-26 09:15:00,6402 days 00:00:00,100000.0,129868.413217,29.868413,1747.04,100.0,3973.212972,61.482629,3131 days 00:00:00,16.0,16.0,0.0,0.0,37.5,41.9354,-23.991209,34.820962,-13.982139,38 days 00:00:00,34 days 00:00:00,1.171638,1866.775826,0.17125,0.024417,1.09692,0.281424
TFL,Success,0.01403779999964172,0.015298299999813025,0.0011672000000544358,0.05247460000009596,0.08340399999997317,2007-02-26 09:15:00,2025-06-26 09:15:00,3926 days 00:00:00,100000.0,330120.986129,230.120986,-62.96707,100.0,3720.535204,41.503608,2481 days 00:00:00,8.0,8.0,0.0,0.0,50.0,74.41343,-18.589877,56.29279,-13.412679,119 days 00:00:00,11 days 12:00:00,2.584655,28765.123266,0.547281,0.282944,1.226962,0.926301
TGBHOTELS,Success,0.007913799999187177,0.014603399999941757,0.0010414999997010455,0.05544399999962479,0.07940850000068167,2013-05-31 09:15:00,2025-06-26 09:15:00,2982 days 00:00:00,100000.0,101168.575448,1.168575,-74.673469,100.0,1375.681702,32.764365,1219 days 00:00:00,6.0,6.0,0.0,0.0,33.333333,47.62684,-18.300137,39.812408,-15.095617,6 days 12:00:00,53 days 12:00:00,1.015594,194.762575,0.085698,0.004343,1.043339,0.133815
THANGAMAYL,Success,0.01587259999996604,0.015852300000005926,0.001215299999785202,0.05457200000000739,0.08792759999960253,2010-02-19 09:15:00,2025-06-26 09:15:00,3795 days 00:00:00,100000.0,97128.417407,-2.871583,5373.418815,100.0,2502.094186,38.200635,2267 days 00:00:00,13.0,13.0,0.0,0.0,30.769231,36.71826,-12.22561,27.912837,-10.579078,27 days 12:00:00,29 days 21:20:00,0.970512,-220.890969,0.068378,-0.007325,1.036155,0.104226
THEINVEST,Success,0.0068206000005375245,0.012915999999677297,0.0009465999992244178,0.05395409999982803,0.07503160000032949,2017-08-02 09:15:00,2025-06-26 09:15:00,1957 days 00:00:00,100000.0,81683.310205,-18.31669,-51.025723,100.0,181.665175,18.31669,1167 days 00:00:00,1.0,1.0,0.0,0.0,0.0,-18.335006,-18.335006,,-18.335006,,11 days 00:00:00,0.0,-18316.689795,-0.667926,-0.202175,0.294034,-0.756712
THEJO,Success,0.0073127000005115406,0.013856999999916297,0.0009202000001096167,0.05487910000010743,0.07759799999985262,2014-05-15 09:15:00,2025-06-26 09:15:00,1719 days 00:00:00,100000.0,198732.718962,98.732719,2538.708134,100.0,1865.059085,30.29937,548 days 00:00:00,7.0,7.0,0.0,0.0,57.142857,34.07855,-14.21171,27.508259,-8.829081,33 days 06:00:00,18 days 16:00:00,3.680923,14104.674137,0.816635,0.518154,1.497655,1.657001
THEMISMED,Success,0.007470499999726599,0.015596799999912037,0.0010030000003098394,0.056106800000634394,0.08059159999993426,2015-12-09 09:15:00,2025-06-26 09:15:00,2361 days 00:00:00,100000.0,159802.065837,59.802066,208.324559,100.0,1822.261116,35.0664,832 days 00:00:00,7.0,7.0,0.0,0.0,42.857143,49.396626,-16.154569,36.905281,-10.943294,54 days 16:00:00,37 days 06:00:00,1.992606,8543.152262,0.443766,0.214335,1.195199,0.753299
THERMAX,Success,0.01697639999929379,0.01774070000010397,0.0015869999997448758,0.05410860000029061,0.09080900000026304,1999-01-01 09:15:00,2025-06-26 09:15:00,6541 days 00:00:00,100000.0,86686.095061,-13.313905,12029.597198,100.0,3376.370809,43.911449,2160 days 00:00:00,15.0,15.0,0.0,0.0,26.666667,25.01865,-11.90191,22.5115,-8.293256,42 days 18:00:00,27 days 02:10:54,0.873391,-887.593663,-0.031161,-0.018084,0.983469,-0.048821
THOMASCOOK,Success,0.017099900000175694,0.01805789999980334,0.0018819999995685066,0.06291320000036649,0.10045119999995222,1999-01-01 09:15:00,2025-06-26 09:15:00,6542 days 00:00:00,100000.0,37990.416416,-62.009584,1198.145422,100.0,2078.430341,70.284352,6152 days 00:00:00,19.0,19.0,0.0,0.0,15.789474,31.488715,-16.555527,29.94836,-10.349687,28 days 00:00:00,28 days 19:30:00,0.365414,-3263.662294,-0.318828,-0.074792,0.854143,-0.437806
THOMASCOTT,Success,0.009949199999937264,0.014397500000086438,0.0009904999997161212,0.05347239999991871,0.07924230000026,2012-02-13 09:15:00,2025-06-26 09:15:00,2372 days 00:00:00,100000.0,138609.1038,38.609104,1164.310345,100.0,1654.027736,31.515265,755 days 00:00:00,7.0,7.0,0.0,0.0,42.857143,35.78181,-15.65129,29.926843,-10.654703,35 days 00:00:00,8 days 12:00:00,1.718551,5515.586257,0.375797,0.163485,1.205432,0.578976
THYROCARE,Success,0.00855160000082833,0.019391300000279443,0.0010820999996212777,0.054582200000368175,0.08407520000037039,2016-05-09 09:15:00,2025-06-26 09:15:00,2264 days 00:00:00,100000.0,104120.754009,4.120754,62.055594,100.0,1237.942692,26.276361,1802 days 00:00:00,7.0,7.0,0.0,0.0,28.571429,21.032853,-7.576177,20.237487,-6.349623,53 days 12:00:00,15 days 09:36:00,1.1427,588.679144,0.114844,0.024857,1.059915,0.179015
TI,Success,0.015013700000054087,0.017828699999881792,0.0012071000001014909,0.062456299999212206,0.09715020000021468,2010-07-16 09:15:00,2025-06-26 09:15:00,3699 days 00:00:00,100000.0,115184.014509,15.184015,531.219154,100.0,1738.866598,63.388685,3104 days 00:00:00,12.0,12.0,0.0,0.0,33.333333,42.735734,-13.435148,32.141264,-11.378946,36 days 06:00:00,25 days 21:00:00,1.227767,1265.334542,0.165128,0.022159,1.078617,0.279571
TICL,Success,0.004333599999881699,0.01729669999986072,0.0008917999994082493,0.04960249999930966,0.07251160000032542,2025-02-03 09:15:00,2025-06-26 09:15:00,97 days 00:00:00,100000.0,100000.0,0.0,-46.632549,0.0,0.0,,,0.0,0.0,0.0,0.0,,,,,,,,,,inf,,inf,inf
TIIL,Success,0.01323229999979958,0.009004599999570928,0.0006233000003703637,0.05690909999975702,0.08015269999941665,2007-02-12 09:15:00,2025-06-26 09:15:00,4440 days 00:00:00,100000.0,163757.267531,63.757268,2907.696152,100.0,3224.248893,36.286863,882 days 00:00:00,11.0,11.0,0.0,0.0,45.454545,40.629563,-20.810283,28.986347,-11.957375,89 days 14:23:59,26 days 04:00:00,1.579846,5796.11523,0.302865,0.114033,1.127869,0.482931
TIINDIA,Success,0.015104400000382157,0.0202158000001873,0.0010437000000820262,0.04789429999982531,0.08468919999995705,2017-11-02 09:15:00,2025-06-26 09:15:00,1895 days 00:00:00,100000.0,239113.556254,139.113556,1029.17532,100.0,4591.37414,32.199043,839 days 00:00:00,14.0,13.0,1.0,7820.715067,46.153846,32.467416,-10.339296,27.50248,-8.422143,48 days 16:00:00,21 days 10:17:08,2.243306,10099.449322,0.870596,0.567824,1.298599,1.495021
TIJARIA,Success,0.0075886000004175,0.012575499999911699,0.000968299999840383,0.05833100000018021,0.07993880000049103,2015-12-09 09:15:00,2025-06-26 09:15:00,2347 days 00:00:00,100000.0,86429.729968,-13.57027,73.829787,100.0,667.620093,44.055248,1977 days 00:00:00,4.0,4.0,0.0,0.0,25.0,48.081301,-20.48411,48.081301,-16.319125,115 days 00:00:00,15 days 00:00:00,0.696832,-3392.567508,-0.051529,-0.050902,0.973709,-0.076341
TIL,Success,0.016010800000003655,0.014223000000129105,0.0015892000001258566,0.058119600000281935,0.09071940000012546,1999-01-01 09:15:00,2025-06-26 09:15:00,5993 days 00:00:00,100000.0,53854.10783,-46.145892,7177.89697,100.0,2693.164491,63.664095,5911 days 00:00:00,19.0,19.0,0.0,0.0,26.315789,37.007588,-17.577871,27.173722,-12.099347,31 days 00:00:00,19 days 10:17:08,0.639872,-2428.731167,-0.113597,-0.058104,0.939408,-0.167689
TIMESGTY,Success,0.012967399999979534,0.014710500000546745,0.001570700000229408,0.055194099999425816,0.08484410000073694,2002-06-11 09:15:00,2025-06-26 09:15:00,4574 days 00:00:00,100000.0,172393.086389,72.393086,1845.136612,100.0,3853.143129,52.935673,1439 days 00:00:00,12.0,11.0,1.0,5420.093614,36.363636,51.596304,-18.289532,44.448325,-12.669228,37 days 12:00:00,12 days 17:08:34,1.407843,6088.453889,0.310259,0.083908,1.198037,0.559961
TIMETECHNO,Success,0.013324699999429868,0.015956399999595305,0.0015002999998614541,0.05528669999966951,0.08645440000054805,2007-06-13 09:15:00,2025-06-26 09:15:00,4459 days 00:00:00,100000.0,131163.26878,31.163269,849.365792,100.0,1963.450432,40.829711,3426 days 00:00:00,11.0,11.0,0.0,0.0,36.363636,46.837903,-25.753627,34.352384,-11.882828,67 days 18:00:00,43 days 06:51:25,1.410587,2833.024435,0.210612,0.054994,1.090809,0.328533
TIMKEN,Success,0.016091499999674852,0.015064100000017788,0.00141299999995681,0.14490110000042478,0.1778907000007166,2007-02-06 09:15:00,2025-06-26 09:15:00,4543 days 00:00:00,100000.0,211495.626365,111.495626,1897.543559,100.0,4467.241968,34.180655,1907 days 00:00:00,13.0,13.0,0.0,0.0,46.153846,40.611092,-10.469015,26.20097,-8.71083,80 days 00:00:00,25 days 10:17:08,2.001456,8576.586643,0.40725,0.18147,1.17701,0.677151
TIPSFILMS,Success,0.004641599999558821,0.013868400000319525,0.0009332999998150626,0.05400719999943249,0.07388320000063686,2022-10-06 09:15:00,2025-06-26 09:15:00,676 days 00:00:00,100000.0,118268.956555,18.268957,33.169591,100.0,486.019817,17.693421,355 days 00:00:00,2.0,2.0,0.0,0.0,50.0,33.899919,-11.662922,33.899919,-11.662922,75 days 00:00:00,14 days 00:00:00,2.171305,9134.478278,0.501151,0.535951,1.241251,0.906678
TIPSMUSIC,Success,0.016621000000668573,0.014676300000246556,0.0012182999998913147,0.05463359999976092,0.08760540000002948,2000-11-20 09:15:00,2025-06-26 09:15:00,5833 days 00:00:00,100000.0,62081.599116,-37.918401,1911.992205,100.0,2394.883714,68.006359,4229 days 00:00:00,15.0,15.0,0.0,0.0,26.666667,47.427364,-31.424988,38.978112,-14.761065,82 days 06:00:00,24 days 15:16:21,0.747437,-2527.893392,-0.039657,-0.043217,0.981151,-0.065586
TIRUMALCHM,Success,0.017896100000143633,0.017719800000122632,0.001302399999985937,0.056696999999985565,0.09417469999971217,1999-01-01 09:15:00,2025-06-26 09:15:00,6351 days 00:00:00,100000.0,205712.134178,105.712134,6620.567535,100.0,5662.514613,39.431843,3597 days 00:00:00,15.0,15.0,0.0,0.0,40.0,52.868016,-18.519968,38.568939,-12.597494,48 days 20:00:00,17 days 16:00:00,1.456558,7047.475612,0.321394,0.107339,1.198865,0.572116
TIRUPATIFL,Success,0.007850999999391206,0.01532729999962612,0.0010150999996767496,0.05607069999950909,0.08070620000034978,2017-10-12 09:15:00,2025-06-26 09:15:00,1753 days 00:00:00,100000.0,75507.244002,-24.492756,1691.432663,100.0,803.934784,33.832017,1680 days 00:00:00,5.0,5.0,0.0,0.0,20.0,22.52642,-15.779015,22.52642,-11.343564,11 days 00:00:00,5 days 06:00:00,0.378561,-4898.5512,-0.581931,-0.167942,0.575956,-0.704163
TITAGARH,Success,0.014790500000344764,0.014652799999566923,0.0010722999995778082,0.21611969999958092,0.2470932999995057,2008-04-21 09:15:00,2025-06-26 09:15:00,4245 days 00:00:00,100000.0,135627.320604,35.627321,564.073019,100.0,2895.47683,51.817316,3599 days 00:00:00,12.0,11.0,1.0,11569.805459,27.272727,65.985044,-13.928635,46.236399,-10.728867,131 days 08:00:00,15 days 15:00:00,1.207537,2187.046831,0.234204,0.051236,1.106231,0.372616
TITAN,Success,0.016250399999989895,0.013289700000314042,0.001451400000405556,0.05080649999945308,0.08220450000044366,1999-01-01 09:15:00,2025-06-26 09:15:00,6543 days 00:00:00,100000.0,450239.197258,350.239197,84109.68661,100.0,12894.466532,37.198635,4914 days 00:00:00,26.0,25.0,1.0,25461.469715,52.0,45.781729,-14.829538,22.266647,-8.81299,39 days 11:04:36,17 days 16:00:00,2.270507,12991.109102,0.611991,0.235378,1.31697,1.000647
TMB,Success,0.0040701999996599625,0.014946899999813468,0.000822899999548099,0.04257289999986824,0.06322009999985312,2022-09-15 09:15:00,2025-06-26 09:15:00,690 days 00:00:00,100000.0,82717.366972,-17.282633,-13.440595,100.0,630.341087,17.282633,622 days 00:00:00,4.0,3.0,1.0,-325.214724,0.0,-5.378273,-7.062996,,-6.008973,,16 days 16:00:00,0.0,-5652.472768,-1.796351,-0.552562,0.350319,-2.115893
TNPETRO,Success,0.01738870000008319,0.016024900000047637,0.0013403000002654153,0.061246700000083365,0.09640829999989364,1994-11-03 09:15:00,2025-06-26 09:15:00,7536 days 00:00:00,100000.0,30127.79179,-69.872208,85.687204,100.0,1582.254793,72.152709,5986 days 00:00:00,13.0,13.0,0.0,0.0,7.692308,26.818986,-16.023939,26.818986,-11.268938,41 days 00:00:00,27 days 00:00:00,0.18858,-5374.785247,-0.542468,-0.078239,0.703458,-0.716394
TNPL,Success,0.01818199999979697,0.01630269999986922,0.0014157999994495185,0.09985039999992296,0.13619769999968412,1999-01-01 09:15:00,2025-06-26 09:15:00,6542 days 00:00:00,100000.0,107158.260363,7.15826,755.844156,100.0,3244.539655,40.617089,1827 days 00:00:00,15.0,15.0,0.0,0.0,33.333333,41.042886,-16.279041,29.549195,-11.383532,69 days 00:00:00,37 days 07:11:59,1.0565,477.217358,0.098492,0.009515,1.046037,0.156456
TNTELE,Success,0.014665999999124324,0.015638299999409355,0.001530599999568949,0.05772919999981241,0.09003020000000106,1999-01-04 09:15:00,2025-06-26 09:15:00,5013 days 00:00:00,100000.0,50992.614024,-49.007386,167.045455,100.0,1710.773637,58.164112,4945 days 00:00:00,12.0,12.0,0.0,0.0,25.0,61.3415,-30.567074,42.667963,-16.950526,18 days 08:00:00,14 days 13:20:00,0.617646,-4083.948831,-0.155856,-0.082275,0.88443,-0.230345
TOKYOPLAST,Success,0.019927500000449072,0.015097999999852618,0.001425800000106392,0.06148329999996349,0.0983883999997488,1995-10-11 09:15:00,2025-06-26 09:15:00,5697 days 00:00:00,100000.0,135678.479493,35.678479,236.654457,100.0,2648.175256,58.780136,1353 days 00:00:00,11.0,11.0,0.0,0.0,36.363636,61.579772,-25.378538,50.362072,-17.004933,60 days 12:00:00,36 days 00:00:00,1.244033,3243.498136,0.196751,0.033584,1.115741,0.324186
TOLINS,Success,0.0040404000001217355,0.01870580000013433,0.0010695999999370542,0.05460709999988467,0.07892069999979867,2024-09-16 09:15:00,2025-06-26 09:15:00,194 days 00:00:00,100000.0,100000.0,0.0,-32.982456,0.0,0.0,,,0.0,0.0,0.0,0.0,,,,,,,,,,inf,,inf,inf
TORNTPHARM,Success,0.019360999999662454,0.015729699999610602,0.001591799999914656,0.0589308999997229,0.09610190000057628,1994-11-03 09:15:00,2025-06-26 09:15:00,7507 days 00:00:00,100000.0,66543.06551,-33.456934,15524.242424,100.0,2981.002887,56.577005,6986 days 00:00:00,22.0,22.0,0.0,0.0,27.272727,44.897072,-18.195727,21.86705,-9.296592,26 days 00:00:00,16 days 22:30:00,0.710879,-1520.76975,-0.0926,-0.03466,0.939742,-0.128507
TORNTPOWER,Success,0.013356200000089302,0.013510499999938475,0.001438899999811838,0.05557349999980943,0.08426379999946221,2006-11-28 09:15:00,2025-06-26 09:15:00,4591 days 00:00:00,100000.0,128043.249664,28.04325,1957.323944,100.0,2280.932307,49.600014,4300 days 00:00:00,13.0,13.0,0.0,0.0,38.461538,28.428569,-24.920793,23.347171,-9.269502,38 days 14:24:00,15 days 15:00:00,1.385512,2157.173051,0.213282,0.040015,1.131983,0.314415
TOTAL,Success,0.005341799999769137,0.014175000000250293,0.0008313999996971688,0.0536192999998093,0.0748051000000487,2020-08-28 09:15:00,2025-06-26 09:15:00,1199 days 00:00:00,100000.0,77868.171444,-22.131829,228.192308,100.0,350.191663,22.131829,831 days 00:00:00,2.0,2.0,0.0,0.0,0.0,-9.646647,-13.841191,,-11.743919,,8 days 12:00:00,0.0,-11065.914278,-1.03753,-0.331307,0.312641,-1.179639
TOUCHWOOD,Success,0.006892299999890383,0.01495710000017425,0.001297099999646889,0.052632099999755155,0.07646950000071229,2020-01-21 09:15:00,2025-06-26 09:15:00,1348 days 00:00:00,100000.0,191606.85936,91.606859,38.160372,100.0,573.108586,11.634103,21 days 00:00:00,2.0,2.0,0.0,0.0,100.0,40.745478,36.212693,38.479086,,26 days 12:00:00,,inf,45803.42968,1.287244,1.654866,2.423894,2.92194
TPHQ,Success,0.005011199999898963,0.013763699999799428,0.0007977999994182028,0.05322489999980462,0.0731952000005549,2015-12-09 09:15:00,2025-06-26 09:15:00,999 days 00:00:00,100000.0,91038.279917,-8.96172,116.030608,100.0,805.381012,22.144665,205 days 00:00:00,4.0,4.0,0.0,0.0,25.0,29.996535,-13.203694,29.996535,-11.176148,15 days 00:00:00,14 days 08:00:00,0.746297,-2240.430021,-0.159628,-0.152283,0.924992,-0.228175
TPLPLASTEH,Success,0.007770700000037323,0.013002099999539496,0.0011033999999199295,0.05155280000053608,0.07362550000016199,2015-05-20 09:15:00,2025-06-26 09:15:00,2495 days 00:00:00,100000.0,193850.054502,93.850055,310.21601,100.0,1405.960934,33.134019,668 days 00:00:00,5.0,5.0,0.0,0.0,60.0,37.552481,-14.386703,36.313386,-12.468822,68 days 08:00:00,51 days 00:00:00,3.571545,18770.0109,0.526247,0.306865,1.256894,0.951117
TRACXN,Success,0.0025538999998389045,0.007606200000736862,0.0004490999999688938,0.05278219999945577,0.06377040000006673,2022-10-20 09:15:00,2025-06-26 09:15:00,666 days 00:00:00,100000.0,87820.258056,-12.179742,-36.986595,100.0,187.808266,13.544151,334 days 00:00:00,1.0,1.0,0.0,0.0,0.0,-12.191922,-12.191922,,-12.191922,,23 days 00:00:00,0.0,-12179.741944,-0.983047,-0.507268,0.499323,-1.190542
TRANSRAILL,Success,0.00366070000018226,0.013887800000702555,0.0013742999999521999,0.05625400000008085,0.07556380000005447,2024-12-27 09:15:00,2025-06-26 09:15:00,124 days 00:00:00,100000.0,100000.0,0.0,14.488303,0.0,0.0,,,0.0,0.0,0.0,0.0,,,,,,,,,,inf,,inf,inf
TRANSWORLD,Success,0.014472799999566632,0.013631200000418175,0.0011539999995875405,0.05856640000001789,0.08823730000040086,2006-04-03 09:15:00,2025-06-26 09:15:00,4576 days 00:00:00,100000.0,160359.660523,60.359661,38.80899,100.0,4202.53299,59.187088,2438 days 00:00:00,16.0,16.0,0.0,0.0,37.5,43.153871,-21.763519,39.731405,-14.118506,31 days 08:00:00,9 days 21:36:00,1.303709,3772.478783,0.284298,0.064857,1.196798,0.476796
TREEHOUSE,Success,0.011809000000539527,0.014648299999862502,0.0010451999996803352,0.05822179999995569,0.08612769999945158,2011-08-26 09:15:00,2025-06-26 09:15:00,3418 days 00:00:00,100000.0,102107.601896,2.107602,-93.35034,100.0,2163.746146,30.85009,1385 days 00:00:00,10.0,10.0,0.0,0.0,30.0,42.637495,-15.597641,35.248746,-11.809583,60 days 16:00:00,21 days 03:25:42,1.022007,210.76019,0.089056,0.007228,1.039243,0.134233
TREJHARA,Success,0.007595499999297317,0.01320170000053622,0.0008675999997649342,0.05373499999950582,0.0757872000003772,2018-12-28 09:15:00,2025-06-26 09:15:00,1609 days 00:00:00,100000.0,123055.029662,23.05503,257.276164,100.0,1005.348336,28.804891,694 days 00:00:00,4.0,4.0,0.0,0.0,50.0,29.41599,-15.305161,27.075913,-12.644405,15 days 00:00:00,41 days 12:00:00,1.656547,5763.757416,0.401646,0.167289,1.227267,0.662687
TREL,Success,0.004636000000573404,0.014094800000748364,0.0007511000003432855,0.057338099999469705,0.07721330000003945,2023-08-10 09:15:00,2025-06-26 09:15:00,466 days 00:00:00,100000.0,100000.0,0.0,-7.41356,0.0,0.0,,,0.0,0.0,0.0,0.0,,,,,,,,,,inf,,inf,inf
TRENT,Success,0.01434270000027027,0.013919799999712268,0.0012132000001656706,0.05096860000048764,0.0810129000001325,2004-06-07 09:15:00,2025-06-26 09:15:00,5208 days 00:00:00,100000.0,120412.445236,20.412445,24831.618698,100.0,2062.167633,53.28139,4202 days 00:00:00,13.0,13.0,0.0,0.0,30.769231,32.038068,-12.956374,26.423004,-7.968087,75 days 12:00:00,33 days 13:20:00,1.353656,1570.188095,0.163483,0.024593,1.073667,0.265565
TRF,Success,0.013231500000074448,0.013423700000203098,0.001227600000675011,0.05719649999991816,0.08548789999986184,2010-01-08 09:15:00,2025-06-26 09:15:00,3790 days 00:00:00,100000.0,83286.487083,-16.713513,-44.047965,100.0,661.00225,38.30084,2515 days 00:00:00,4.0,4.0,0.0,0.0,25.0,21.176011,-14.886427,21.176011,-11.726184,31 days 00:00:00,26 days 08:00:00,0.465273,-4178.378229,-0.145799,-0.045583,0.890741,-0.230719
TRIDENT,Success,0.01701879999927769,0.014904499999829568,0.0011594999996304978,0.058538400000543334,0.0920099000004484,2002-03-28 09:15:00,2025-06-26 09:15:00,5747 days 00:00:00,100000.0,54685.503994,-45.314496,8895.728439,100.0,1499.952491,71.523055,5682 days 00:00:00,15.0,15.0,0.0,0.0,26.666667,36.263251,-25.958747,25.939521,-12.689497,46 days 06:00:00,42 days 06:32:43,0.472571,-3020.9664,-0.103051,-0.052582,0.953629,-0.157479
TRIGYN,Success,0.014796999999816762,0.015435899999829417,0.0015849000001253444,0.05531240000073012,0.08750910000071599,2005-07-26 09:15:00,2025-06-26 09:15:00,4641 days 00:00:00,100000.0,62168.166572,-37.831833,368.066298,100.0,1626.934884,55.139797,2516 days 00:00:00,9.0,9.0,0.0,0.0,22.222222,46.557852,-18.550552,38.800132,-14.840903,36 days 00:00:00,27 days 17:08:34,0.631235,-4203.537048,-0.152214,-0.066545,0.911064,-0.242552
TRITURBINE,Success,0.013190100000429084,0.014636300000347546,0.0010105000001203734,0.057374100000743056,0.08661320000010164,2011-11-11 09:15:00,2025-06-26 09:15:00,3369 days 00:00:00,100000.0,115790.744466,15.790744,1420.75,100.0,2801.598744,39.442395,1976 days 00:00:00,10.0,10.0,0.0,0.0,30.0,39.512068,-15.210038,31.226178,-9.025662,73 days 00:00:00,21 days 17:08:34,1.167711,1579.074447,0.177299,0.040594,1.078227,0.278036
TRIVENI,Success,0.014157300000078976,0.014263500000197382,0.0011200999997527106,0.06119409999973868,0.09112379999987752,2005-12-13 09:15:00,2025-06-26 09:15:00,4828 days 00:00:00,100000.0,147613.455784,47.613456,1384.194333,100.0,2128.336614,45.648798,2862 days 00:00:00,10.0,10.0,0.0,0.0,40.0,34.420407,-15.02951,30.690382,-10.68771,48 days 00:00:00,40 days 12:00:00,1.698787,4761.345578,0.261135,0.065453,1.134413,0.419534
TRU,Success,0.0044294000008449075,0.013905100000556558,0.0013785000001007575,0.05349740000019665,0.07418330000018614,2022-05-10 09:15:00,2025-06-26 09:15:00,744 days 00:00:00,100000.0,88760.110624,-11.239889,-81.301446,100.0,188.749059,12.55897,345 days 00:00:00,1.0,1.0,0.0,0.0,0.0,-11.251129,-11.251129,,-11.251129,,8 days 00:00:00,0.0,-11239.889376,-1.007227,-0.452399,0.20374,-1.023562
TTKHLTCARE,Success,0.008229299999584327,0.015163400000346883,0.0014430999999603955,0.05957990000024438,0.08482129999993049,2015-12-02 09:15:00,2025-06-26 09:15:00,2368 days 00:00:00,100000.0,51430.011684,-48.569988,28.410637,100.0,989.254693,51.233895,2152 days 00:00:00,7.0,7.0,0.0,0.0,0.0,-4.42948,-12.323235,,-9.038355,,22 days 17:08:34,0.0,-6938.569759,-0.963506,-0.190141,0.58619,-1.157382
TTKPRESTIG,Success,0.017024099999616737,0.015320700000302168,0.0012701000005108654,0.06567619999987073,0.09978090000004158,1995-02-13 09:15:00,2025-06-26 09:15:00,7088 days 00:00:00,100000.0,139673.116666,39.673117,8220.0,100.0,3930.864442,38.235894,3981 days 00:00:00,17.0,17.0,0.0,0.0,35.294118,60.258907,-22.015138,35.669376,-12.364202,43 days 04:00:00,24 days 10:54:32,1.243646,2333.712745,0.183586,0.04539,1.114619,0.30518
TTL,Success,0.01675040000009176,0.019723599999451835,0.0011750000003303285,0.06287889999930485,0.10094870000011724,2007-02-22 09:15:00,2025-06-26 09:15:00,4421 days 00:00:00,100000.0,171646.632189,71.646632,407.794362,100.0,2009.400763,25.744053,906 days 00:00:00,6.0,6.0,0.0,0.0,50.0,42.991433,-18.178839,37.367755,-12.68658,51 days 08:00:00,24 days 00:00:00,1.984412,11941.105365,0.37548,0.177185,1.282914,0.660678
TTML,Success,0.01687910000055126,0.01834580000013375,0.00128350000068167,0.05782459999954881,0.09480919999987236,2005-01-14 09:15:00,2025-06-26 09:15:00,5053 days 00:00:00,100000.0,105441.344805,5.441345,142.994963,100.0,2586.690527,45.438656,3937 days 00:00:00,10.0,9.0,1.0,-1168.609574,33.333333,38.16486,-16.560224,32.262435,-12.044705,67 days 08:00:00,28 days 16:00:00,1.061487,734.439375,0.102805,0.008439,1.059763,0.176451
TVSELECT,Success,0.01911480000035226,0.016449000000648084,0.0013243000003058114,0.05795420000049489,0.09529620000012073,2003-12-26 09:15:00,2025-06-26 09:15:00,5105 days 00:00:00,100000.0,397223.511458,297.223511,242.648253,100.0,8603.843404,50.013638,2201 days 00:00:00,18.0,18.0,0.0,0.0,44.444444,59.055059,-17.582394,41.35422,-12.664646,36 days 12:00:00,22 days 14:24:00,1.953111,16512.417303,0.528942,0.207237,1.29985,1.001096
TVSHLTD,Success,0.013876399999389832,0.01493919999938953,0.0009891999998217216,0.0540368000001763,0.08423550000043178,2012-10-25 09:15:00,2025-06-26 09:15:00,3129 days 00:00:00,100000.0,156697.175224,56.697175,5319.135777,100.0,2175.827971,26.067771,1344 days 00:00:00,8.0,8.0,0.0,0.0,50.0,32.787619,-11.531672,23.010927,-8.909966,39 days 12:00:00,33 days 06:00:00,2.117586,7087.146903,0.518691,0.206346,1.298888,0.901867
TVSMOTOR,Success,0.014754200000425044,0.014081700000133424,0.0017072999999072636,0.05619659999956639,0.08726260000003094,2001-12-03 09:15:00,2025-06-26 09:15:00,5803 days 00:00:00,100000.0,712362.998548,612.362999,33818.934569,100.0,17660.449567,27.06708,617 days 00:00:00,20.0,20.0,0.0,0.0,55.0,42.218222,-13.693043,28.594765,-8.272548,52 days 06:32:43,12 days 10:40:00,2.823447,30618.149927,0.848375,0.485629,1.438357,1.465378
TVSSCS,Success,0.004550799999378796,0.013592700000117475,0.0007759999998597777,0.05282609999994747,0.07258300000012241,2023-08-23 09:15:00,2025-06-26 09:15:00,458 days 00:00:00,100000.0,92534.031122,-7.465969,-32.447761,100.0,192.526758,19.423226,197 days 00:00:00,1.0,1.0,0.0,0.0,0.0,-7.473435,-7.473435,,-7.473435,,52 days 00:00:00,0.0,-7465.968878,-0.391178,-0.308726,0.850497,-0.565824
TVSSRICHAK,Success,0.013841300000422052,0.01505289999931847,0.0010997999997925945,0.0558495999994193,0.08636870000009367,2007-02-13 09:15:00,2025-06-26 09:15:00,4504 days 00:00:00,100000.0,142962.031035,42.962031,2713.376684,100.0,4267.283909,38.223793,3381 days 00:00:00,14.0,14.0,0.0,0.0,35.714286,42.060636,-13.548186,29.239776,-9.657606,39 days 14:24:00,26 days 13:20:00,1.30604,3068.716502,0.269311,0.076883,1.136572,0.425653
TVTODAY,Success,0.015279999999620486,0.014911499999470834,0.001258800000869087,0.05689669999992475,0.08873659999972006,2004-01-16 09:15:00,2025-06-26 09:15:00,5304 days 00:00:00,100000.0,269436.813572,169.436814,-5.605265,100.0,4058.016415,33.05685,2143 days 00:00:00,10.0,10.0,0.0,0.0,50.0,56.021962,-13.062438,38.670327,-11.834102,58 days 14:24:00,55 days 09:36:00,2.298633,16943.681357,0.436639,0.213535,1.237137,0.82699
TVVISION,Success,0.008034200000111014,0.014478999999482767,0.0009059000003617257,0.06200209999951767,0.08582380000007106,2016-09-15 09:15:00,2025-06-26 09:15:00,2018 days 00:00:00,100000.0,142402.939172,42.402939,-97.050961,100.0,1011.031427,33.4,789 days 00:00:00,4.0,4.0,0.0,0.0,50.0,41.283616,-13.001644,34.003095,-10.776738,13 days 00:00:00,21 days 00:00:00,2.422891,10600.734793,0.625039,0.197679,1.513603,1.02259
UBL,Success,0.014354300000377407,0.0146415999997771,0.0019495999995342572,0.061393900000439316,0.0929508999997779,2008-07-28 09:15:00,2025-06-26 09:15:00,4176 days 00:00:00,100000.0,205512.89443,105.512894,1172.691851,100.0,5566.684185,27.723027,2820 days 00:00:00,15.0,15.0,0.0,0.0,40.0,62.963339,-11.574594,28.675882,-7.932538,46 days 04:00:00,28 days 16:00:00,1.744883,7034.192962,0.437144,0.234408,1.209156,0.774822
UCAL,Success,0.018849699999918812,0.01666769999974349,0.0016565999994782032,0.06298010000045906,0.10062360000029003,1995-05-15 09:15:00,2025-06-26 09:15:00,7285 days 00:00:00,100000.0,64567.520568,-35.432479,165.419838,100.0,2504.363669,64.922989,3669 days 00:00:00,15.0,14.0,1.0,2960.620828,21.428571,41.311801,-17.169041,38.089141,-12.325136,37 days 16:00:00,39 days 13:05:27,0.692315,-2742.364304,-0.075372,-0.033393,0.95973,-0.12285
UCOBANK,Success,0.02032859999962966,0.01848119999976916,0.0014711999992869096,0.0660042000008616,0.10690139999951498,2003-10-09 09:15:00,2025-06-26 09:15:00,5373 days 00:00:00,100000.0,109937.962867,9.937963,54.693878,100.0,2990.57058,37.362117,2845 days 00:00:00,16.0,16.0,0.0,0.0,37.5,34.542554,-22.271416,25.799274,-11.807096,47 days 20:00:00,27 days 12:00:00,1.08425,621.122679,0.119418,0.017282,1.054454,0.176579
UDAICEMENT,Success,0.006503399999928661,0.01935380000031728,0.0009548000007271185,0.0656635000004826,0.09315890000016225,2021-12-23 09:15:00,2025-06-26 09:15:00,750 days 00:00:00,100000.0,114871.888213,14.871888,8.037398,100.0,470.582618,14.305955,225 days 00:00:00,2.0,2.0,0.0,0.0,50.0,27.875541,-10.159574,27.875541,-10.159574,13 days 00:00:00,5 days 00:00:00,2.146124,7435.944106,0.572997,0.487933,1.900538,0.765387
UDS,Success,0.006491199999800301,0.018302700000276673,0.0009608999998818035,0.05921889999990526,0.08551929999975982,2023-10-04 09:15:00,2025-06-26 09:15:00,430 days 00:00:00,100000.0,90294.196987,-9.705803,1.708352,100.0,190.284681,25.163531,157 days 00:00:00,1.0,1.0,0.0,0.0,0.0,-9.715509,-9.715509,,-9.715509,,54 days 00:00:00,0.0,-9705.803013,-0.364523,-0.3299,0.869665,-0.515072
UFLEX,Success,0.016573699999753444,0.021658699999534292,0.0013355000000956352,0.06603530000029423,0.10605969999960507,2007-04-17 09:15:00,2025-06-26 09:15:00,4497 days 00:00:00,100000.0,93040.491909,-6.959508,186.857545,100.0,2988.134589,48.70056,3812 days 00:00:00,13.0,13.0,0.0,0.0,23.076923,60.800954,-20.939331,37.227959,-9.401153,90 days 16:00:00,6 days 09:36:00,0.939452,-535.346776,0.023002,-0.011987,1.012711,0.032127
UFO,Success,0.009827699999732431,0.016400700000303914,0.0013203999997131177,0.06334010000045964,0.09131639999941399,2015-05-14 09:15:00,2025-06-26 09:15:00,2507 days 00:00:00,100000.0,78368.816689,-21.631183,-87.738155,100.0,803.558634,46.649121,2437 days 00:00:00,5.0,5.0,0.0,0.0,20.0,29.340292,-19.955765,29.340292,-11.637873,50 days 00:00:00,11 days 12:00:00,0.450917,-4326.236662,-0.279539,-0.074739,0.798045,-0.430795
UGARSUGAR,Success,0.015603699999701348,0.018797300000187533,0.0015998999997464125,0.06420909999997093,0.10065420000046288,2010-08-23 09:15:00,2025-06-26 09:15:00,3670 days 00:00:00,100000.0,131127.386715,31.127387,215.100671,100.0,970.861998,23.283677,1672 days 00:00:00,5.0,5.0,0.0,0.0,40.0,38.103086,-12.646011,36.373362,-10.96863,75 days 12:00:00,9 days 08:00:00,1.952318,6225.477343,0.269247,0.11733,1.195781,0.447501
UGROCAP,Success,0.005874200000107521,0.0149582999993072,0.0012286999999560066,0.05543820000002597,0.07805980000011914,2021-08-11 09:15:00,2025-06-26 09:15:00,962 days 00:00:00,100000.0,87988.110548,-12.011889,56.27334,100.0,187.976287,12.011889,831 days 00:00:00,1.0,1.0,0.0,0.0,0.0,-12.023901,-12.023901,,-12.023901,,2 days 00:00:00,0.0,-12011.889452,-0.967335,-0.394556,0.0,-0.966599
UJJIVANSFB,Success,0.008441900000434543,0.019043199999941862,0.0013873000007151859,0.0588142999995398,0.08809829999972862,2019-12-12 09:15:00,2025-06-26 09:15:00,1377 days 00:00:00,100000.0,79752.179583,-20.24782,-12.243076,100.0,356.524938,25.139385,614 days 00:00:00,2.0,2.0,0.0,0.0,0.0,-9.78863,-11.615279,,-10.701955,,61 days 00:00:00,0.0,-10123.910208,-0.387804,-0.231541,0.812641,-0.497862
ULTRACEMCO,Success,0.013993000000482425,0.012171699999271368,0.0006625000005442416,0.24689940000007482,0.27422130000013567,2004-08-24 09:15:00,2025-06-26 09:15:00,5153 days 00:00:00,100000.0,105725.910434,5.72591,4493.005204,100.0,4860.941926,33.228611,3255 days 00:00:00,23.0,23.0,0.0,0.0,30.434783,30.463635,-17.275262,19.111979,-6.920772,36 days 06:51:25,19 days 18:00:00,1.047605,248.952628,0.092912,0.011893,1.044251,0.156771
UMAEXPORTS,Success,0.006382399999893096,0.017521199999464443,0.0008697999992364203,0.06430999999975029,0.08991109999988112,2022-04-07 09:15:00,2025-06-26 09:15:00,799 days 00:00:00,100000.0,85789.187205,-14.210813,-29.172935,100.0,185.775162,15.889649,175 days 00:00:00,1.0,1.0,0.0,0.0,0.0,-14.225024,-14.225024,,-14.225024,,13 days 00:00:00,0.0,-14210.812795,-0.951434,-0.425592,0.416528,-1.187557
UMANGDAIRY,Success,0.0108514000003197,0.018604400000185706,0.0010336999994251528,0.06566800000018702,0.0966828999999052,2015-12-02 09:15:00,2025-06-26 09:15:00,2369 days 00:00:00,100000.0,72159.046891,-27.840953,18.904303,100.0,887.876043,56.508898,1326 days 00:00:00,6.0,6.0,0.0,0.0,16.666667,48.597949,-17.513998,48.597949,-13.425396,72 days 00:00:00,39 days 14:24:00,0.493463,-4640.158851,-0.145339,-0.086767,0.932442,-0.250694
UMESLTD,Success,0.010568200000307115,0.018886200000451936,0.0011661999997159,0.05971049999971001,0.09143560000029538,2010-07-12 09:15:00,2025-06-26 09:15:00,2990 days 00:00:00,100000.0,78695.192476,-21.304808,-87.771911,100.0,348.679082,21.304808,2146 days 00:00:00,2.0,2.0,0.0,0.0,0.0,-7.427479,-15.012575,,-11.220027,,6 days 00:00:00,0.0,-10652.403762,-0.536718,-0.135293,0.378233,-0.637704
UNICHEMLAB,Success,0.022772299999815004,0.02191099999981816,0.0017067999997379957,0.059388399999988906,0.1061930999994729,1995-01-10 09:15:00,2025-06-26 09:15:00,7216 days 00:00:00,100000.0,348117.564969,248.117565,2826.341463,100.0,9180.526343,35.170479,1455 days 00:00:00,21.0,21.0,0.0,0.0,47.619048,56.720479,-16.179275,28.064351,-10.247037,54 days 02:24:00,46 days 10:54:32,1.975652,11815.122141,0.433892,0.185177,1.19176,0.693173
UNIDT,Success,0.005530600000383856,0.013866199999938544,0.0008271999995486112,0.05690210000011575,0.07750859999941895,2020-09-25 09:15:00,2025-06-26 09:15:00,1179 days 00:00:00,100000.0,120610.462239,20.610462,-12.434729,100.0,503.098047,20.115753,833 days 00:00:00,2.0,2.0,0.0,0.0,50.0,41.274469,-14.616529,41.274469,-14.616529,76 days 00:00:00,6 days 00:00:00,1.999403,10305.231119,0.380363,0.296935,1.282314,0.799407
UNIECOM,Success,0.0038761000005251844,0.013769799999863608,0.0015210999999908381,0.054377800000111165,0.07391920000009122,2024-08-13 09:15:00,2025-06-26 09:15:00,217 days 00:00:00,100000.0,100000.0,0.0,-41.303313,0.0,0.0,,,0.0,0.0,0.0,0.0,,,,,,,,,,inf,,inf,inf
UNIENTER,Success,0.016050499999437307,0.014004300000124204,0.0010678999997253413,0.05553299999974115,0.08703610000065964,2004-01-23 09:15:00,2025-06-26 09:15:00,4961 days 00:00:00,100000.0,78367.182551,-21.632817,347.18208,100.0,2236.060145,57.966111,3865 days 00:00:00,10.0,10.0,0.0,0.0,20.0,69.5395,-15.57972,50.800225,-12.261132,90 days 00:00:00,19 days 00:00:00,0.815906,-2163.281745,-0.034284,-0.030664,0.978413,-0.050999
UNIINFO,Success,0.00507850000030885,0.01453620000029332,0.0012962999999217573,0.055478600000242295,0.07676630000059959,2018-03-15 09:15:00,2025-06-26 09:15:00,1421 days 00:00:00,100000.0,72270.565783,-27.729434,-68.071749,100.0,341.170958,28.046064,1205 days 00:00:00,2.0,2.0,0.0,0.0,0.0,-14.450575,-15.551646,,-15.00111,,8 days 12:00:00,0.0,-13864.717108,-1.020148,-0.28536,0.263717,-1.070998
UNIMECH,Success,0.003907000000253902,0.0146258000004309,0.0007560000003650202,0.05453970000053232,0.07420110000020941,2024-12-31 09:15:00,2025-06-26 09:15:00,122 days 00:00:00,100000.0,100000.0,0.0,-8.773842,0.0,0.0,,,0.0,0.0,0.0,0.0,,,,,,,,,,inf,,inf,inf
UNIONBANK,Success,0.01607349999994767,0.014017999999850872,0.0017048999998223735,0.05724420000024111,0.08991759999935311,2002-09-24 09:15:00,2025-06-26 09:15:00,5611 days 00:00:00,100000.0,97567.304681,-2.432695,805.932722,100.0,5726.69873,70.25386,4317 days 00:00:00,20.0,20.0,0.0,0.0,30.0,35.61333,-17.710802,29.571211,-10.571069,58 days 20:00:00,21 days 15:25:42,0.989325,-121.634766,0.084798,-0.002279,1.035368,0.118148
UNIPARTS,Success,0.004222499999741558,0.016745799999625888,0.0007949000000735396,0.055720400000609516,0.07786450000003242,2022-12-12 09:15:00,2025-06-26 09:15:00,631 days 00:00:00,100000.0,91436.884998,-8.563115,-29.574727,100.0,191.428513,14.12207,448 days 00:00:00,1.0,1.0,0.0,0.0,0.0,-8.571678,-8.571678,,-8.571678,,45 days 00:00:00,0.0,-8563.115002,-0.597304,-0.357351,0.738576,-0.827425
UNITDSPR,Success,0.01495119999981398,0.017516399999294663,0.001591299999745388,0.060362700000041514,0.09488349999992352,2006-11-02 09:15:00,2025-06-26 09:15:00,4609 days 00:00:00,100000.0,103800.608752,3.800609,836.40608,100.0,3450.090723,38.680844,3790 days 00:00:00,17.0,16.0,1.0,-3483.840897,31.25,37.574508,-12.927454,21.080362,-7.601384,62 days 00:00:00,23 days 08:43:38,1.079509,455.278103,0.091502,0.007648,1.038086,0.134963
UNITEDPOLY,Success,0.0069643999995605554,0.015133699999751116,0.0012933999996675993,0.060446200000114914,0.08425760000045557,2016-06-07 09:15:00,2025-06-26 09:15:00,1195 days 00:00:00,100000.0,146434.025222,46.434025,342.5,100.0,973.888677,26.865197,462 days 00:00:00,4.0,4.0,0.0,0.0,50.0,43.198354,-15.859228,41.551888,-14.484556,19 days 12:00:00,23 days 12:00:00,2.235764,11608.506305,0.841579,0.4599,1.511957,1.304418
UNITEDTEA,Success,0.014451199999712117,0.017864999999801512,0.0013990999996167375,0.060720699999365024,0.0951004999997167,2010-01-08 09:15:00,2025-06-26 09:15:00,3451 days 00:00:00,100000.0,109336.861555,9.336862,71.411918,100.0,845.462326,35.061315,2560 days 00:00:00,5.0,5.0,0.0,0.0,40.0,30.606574,-16.098685,27.329279,-12.239719,55 days 12:00:00,3 days 00:00:00,1.287398,1867.372311,0.138221,0.027055,1.115518,0.199154
UNIVASTU,Success,0.006627800000387651,0.01611529999991035,0.000926699999581615,0.05681579999964015,0.08105780000005325,2020-06-22 09:15:00,2025-06-26 09:15:00,1248 days 00:00:00,100000.0,85221.641943,-14.778358,636.867448,100.0,185.207049,24.131411,963 days 00:00:00,1.0,1.0,0.0,0.0,0.0,-14.793136,-14.793136,,-14.793136,,14 days 00:00:00,0.0,-14778.358057,-0.471047,-0.189351,0.577702,-0.543996
UNIVCABLES,Success,0.019869000000653614,0.018332599999666854,0.0014171000002534129,0.05568079999920883,0.09570450000046549,1999-01-01 09:15:00,2025-06-26 09:15:00,5784 days 00:00:00,100000.0,760951.035692,660.951036,4434.807992,100.0,14027.881538,51.672094,1872 days 00:00:00,18.0,18.0,0.0,0.0,55.555556,72.770053,-34.98037,40.168357,-14.619491,56 days 14:24:00,21 days 12:00:00,2.493581,36719.501983,0.604119,0.264412,1.305863,1.068282
UNIVPHOTO,Success,0.005087499999717693,0.013888600000427687,0.0013352000005397713,0.05495080000036978,0.07564430000002176,2020-02-14 09:15:00,2025-06-26 09:15:00,1331 days 00:00:00,100000.0,75305.333768,-24.694666,299.401012,100.0,348.011898,27.354035,1161 days 00:00:00,2.0,2.0,0.0,0.0,0.0,-12.818993,-13.648179,,-13.233586,,16 days 12:00:00,0.0,-12347.333116,-1.086731,-0.273558,0.395596,-1.216605
UNOMINDA,Success,0.014115900000433612,0.014606499999899825,0.0010839999995368998,0.05735550000008516,0.08754580000004353,2007-02-02 09:15:00,2025-06-26 09:15:00,4429 days 00:00:00,100000.0,776931.007836,676.931008,17912.443784,100.0,15957.224497,31.252067,843 days 00:00:00,15.0,15.0,0.0,0.0,60.0,61.464777,-12.164384,35.171199,-9.813089,30 days 08:00:00,58 days 08:00:00,2.696637,45128.733856,0.86312,0.588987,1.451377,1.729812
UPL,Success,0.013956099999631988,0.01550390000011248,0.0010662000004231231,0.05551809999997204,0.0864543000006961,2006-11-02 09:15:00,2025-06-26 09:15:00,4609 days 00:00:00,100000.0,94293.816772,-5.706183,551.10805,100.0,1771.660662,39.999778,2262 days 00:00:00,10.0,10.0,0.0,0.0,30.0,27.683753,-17.568561,21.7031,-8.721751,23 days 16:00:00,18 days 17:08:34,0.898561,-570.618323,-0.005411,-0.011605,0.996589,-0.007678
URAVIDEF,Success,0.003422599999794329,0.013806299999487237,0.0007518000002164626,0.053665100000216626,0.07203300000037416,2025-01-10 09:15:00,2025-06-26 09:15:00,114 days 00:00:00,100000.0,98462.975586,-1.537024,28.563982,100.0,99.9001,1.926246,12 days 00:00:00,1.0,0.0,1.0,-1537.024414,,,,,,,,,,-0.701919,-2.511838,0.758356,-0.987719
URJA,Success,0.007591999999931431,0.013753299999734736,0.0008997000004455913,0.05643249999957334,0.07907859999977518,2017-03-28 09:15:00,2025-06-26 09:15:00,2044 days 00:00:00,100000.0,48589.030868,-51.410969,1181.246332,100.0,722.595232,51.410969,1816 days 00:00:00,5.0,5.0,0.0,0.0,0.0,-9.552799,-15.633689,,-13.430278,,3 days 14:24:00,0.0,-10282.193826,-1.401689,-0.235217,0.141501,-1.485493
USHAMART,Success,0.015356700000666024,0.014161799999783398,0.0010904999999183929,0.05990819999988162,0.09090300000025309,2004-10-20 09:15:00,2025-06-26 09:15:00,5112 days 00:00:00,100000.0,412677.956719,312.677957,2547.779358,100.0,7771.505229,27.694604,981 days 00:00:00,14.0,14.0,0.0,0.0,50.0,44.885337,-15.800725,37.63001,-10.904563,49 days 20:34:17,15 days 06:51:25,2.240644,22334.139766,0.606736,0.384585,1.365764,1.186864
USK,Success,0.0041091000002779765,0.013317299999471288,0.0008010000001377193,0.05712359999961336,0.07573409999986325,2023-04-03 09:15:00,2025-06-26 09:15:00,554 days 00:00:00,100000.0,100000.0,0.0,21.174603,0.0,0.0,,,0.0,0.0,0.0,0.0,,,,,,,,,,inf,,inf,inf
UTIAMC,Success,0.004793900000549911,0.01803080000081536,0.0010818000000654138,0.05700009999964095,0.081837099999575,2020-10-12 09:15:00,2025-06-26 09:15:00,1169 days 00:00:00,100000.0,86410.169231,-13.589831,166.631662,100.0,889.844749,23.900668,769 days 00:00:00,5.0,5.0,0.0,0.0,20.0,19.619358,-9.219932,19.619358,-7.806797,29 days 00:00:00,29 days 12:00:00,0.53439,-2717.966154,-0.195239,-0.18653,0.92625,-0.276536
UTKARSHBNK,Success,0.0049619999999777065,0.017179399999804446,0.0009091000001717475,0.06293649999952322,0.08658649999961199,2023-07-21 09:15:00,2025-06-26 09:15:00,480 days 00:00:00,100000.0,100000.0,0.0,-50.395833,0.0,0.0,,,0.0,0.0,0.0,0.0,,,,,,,,,,inf,,inf,inf
UTTAMSUGAR,Success,0.017633200000091165,0.016465900000184774,0.0012243000001035398,0.06774529999984225,0.103521300000466,2006-04-10 09:15:00,2025-06-26 09:15:00,4663 days 00:00:00,100000.0,101195.123924,1.195124,-25.107908,100.0,2400.233243,42.982617,1894 days 00:00:00,14.0,13.0,1.0,2467.645762,30.769231,47.006982,-16.07217,34.438035,-12.276553,23 days 00:00:00,34 days 05:20:00,0.987643,-97.886295,0.084963,0.002165,1.042711,0.14065
UYFINCORP,Success,0.004916199999570381,0.01913090000016382,0.001413900000443391,0.05988150000030146,0.08579160000044794,2024-10-03 09:15:00,2025-06-26 09:15:00,182 days 00:00:00,100000.0,100000.0,0.0,-48.958333,0.0,0.0,,,0.0,0.0,0.0,0.0,,,,,,,,,,inf,,inf,inf
V2RETAIL,Success,0.015780400000039663,0.01771069999995234,0.0014182999993863632,0.05539649999991525,0.09068690000003699,2012-02-24 09:15:00,2025-06-26 09:15:00,3283 days 00:00:00,100000.0,35668.238658,-64.331761,10606.508876,100.0,730.215018,64.331761,3175 days 00:00:00,6.0,6.0,0.0,0.0,0.0,-10.330888,-26.506143,,-15.612834,,34 days 08:00:00,0.0,-10721.960224,-0.535218,-0.168332,0.740313,-0.734761
VADILALIND,Success,0.012536799999907089,0.015394500000184053,0.0010545999994064914,0.056537599999501253,0.08609750000050553,2011-06-15 09:15:00,2025-06-26 09:15:00,3466 days 00:00:00,100000.0,60040.294756,-39.959705,3352.696456,100.0,2551.363531,54.322759,2438 days 00:00:00,15.0,15.0,0.0,0.0,20.0,34.829959,-16.831788,31.940183,-10.520691,22 days 00:00:00,30 days 12:00:00,0.65037,-2663.98035,-0.163115,-0.096288,0.925912,-0.265841
VAIBHAVGBL,Success,0.011237000000619446,0.014156199999888486,0.0010333999998692889,0.05321009999988746,0.08002329999999347,2012-12-24 09:15:00,2025-06-26 09:15:00,3092 days 00:00:00,100000.0,75067.58991,-24.93241,1040.057361,100.0,1105.872536,50.66228,2678 days 00:00:00,7.0,7.0,0.0,0.0,14.285714,28.743588,-11.148205,28.743588,-8.59075,62 days 00:00:00,39 days 20:00:00,0.424271,-3561.77287,-0.183521,-0.065704,0.914226,-0.258077
VAISHALI,Success,0.005088699999760138,0.015350900000157708,0.0008808000002318295,0.05572759999995469,0.07791290000022855,2020-01-15 09:15:00,2025-06-26 09:15:00,1354 days 00:00:00,100000.0,126983.339762,26.98334,153.961451,100.0,396.473799,15.493964,367 days 00:00:00,2.0,2.0,0.0,0.0,50.0,49.915359,-15.283729,49.915359,-15.283729,128 days 00:00:00,6 days 00:00:00,2.76726,13491.669881,0.466169,0.4293,1.263288,0.883701
VAKRANGEE,Success,0.014190699999744538,0.016915500000322936,0.0011256999996476225,0.057921100000385195,0.09054399999968155,2006-04-03 09:15:00,2025-06-26 09:15:00,4703 days 00:00:00,100000.0,77245.756008,-22.754244,273.492595,100.0,3385.941369,57.975788,3601 days 00:00:00,16.0,16.0,0.0,0.0,31.25,49.520336,-32.899515,30.978317,-12.988434,32 days 19:11:59,25 days 04:21:49,0.8496,-1422.140249,-0.011851,-0.034217,0.994065,-0.016089
VALIANTLAB,Success,0.004248599999300495,0.01371700000072451,0.0009369999997943523,0.0554933000003075,0.07478050000008807,2023-10-06 09:15:00,2025-06-26 09:15:00,428 days 00:00:00,100000.0,100000.0,0.0,-33.151248,0.0,0.0,,,0.0,0.0,0.0,0.0,,,,,,,,,,inf,,inf,inf
VALIANTORG,Success,0.0055542999998579035,0.013430199999675096,0.0010333999998692889,0.0604046999997081,0.08081500000025699,2020-10-05 09:15:00,2025-06-26 09:15:00,1174 days 00:00:00,100000.0,128831.746058,28.831746,-71.212481,100.0,409.913895,11.109965,626 days 00:00:00,2.0,2.0,0.0,0.0,50.0,42.356235,-9.48302,42.356235,-9.48302,12 days 00:00:00,11 days 00:00:00,4.043395,14415.873029,0.789216,0.737609,2.142076,1.627576
VARDHACRLC,Success,0.015094200000021374,0.014927600000191887,0.0013116999998601386,0.057482100000015635,0.08924430000024586,2003-09-30 09:15:00,2025-06-26 09:15:00,5300 days 00:00:00,100000.0,232505.30733,132.505307,353.783784,100.0,2683.766961,35.061592,1145 days 00:00:00,8.0,8.0,0.0,0.0,50.0,54.381532,-14.21679,39.540989,-11.240164,153 days 12:00:00,55 days 12:00:00,2.693152,16563.163416,0.395488,0.170637,1.175879,0.666302
VARDMNPOLY,Success,0.021115499999723397,0.018755299999611452,0.0013831999995090882,0.06343610000021727,0.10511190000033821,1999-01-01 09:15:00,2025-06-26 09:15:00,6351 days 00:00:00,100000.0,52633.174436,-47.366826,395.325336,100.0,1720.150193,67.899048,5485 days 00:00:00,13.0,13.0,0.0,0.0,23.076923,41.229967,-17.062116,34.433957,-14.128764,52 days 08:00:00,26 days 04:48:00,0.535722,-3643.601966,-0.121749,-0.053336,0.930422,-0.179355
VARROC,Success,0.008543899999494897,0.019661399999677087,0.001762300000336836,0.06457450000016252,0.09498040000016772,2018-07-06 09:15:00,2025-06-26 09:15:00,1726 days 00:00:00,100000.0,142008.099905,42.0081,-44.006362,100.0,710.672469,15.0843,670 days 00:00:00,3.0,3.0,0.0,0.0,66.666667,28.206467,-10.31768,25.875651,-10.31768,38 days 12:00:00,27 days 00:00:00,4.299462,14002.699968,0.612675,0.510369,1.493062,1.316882
VASCONEQ,Success,0.018241300000227056,0.01740330000029644,0.0011641000000963686,0.06552089999968302,0.10299329999998008,2010-02-15 09:15:00,2025-06-26 09:15:00,3799 days 00:00:00,100000.0,73114.596573,-26.885403,-63.456922,100.0,809.941849,36.342318,2689 days 00:00:00,5.0,5.0,0.0,0.0,20.0,26.691842,-14.457103,26.691842,-12.839444,20 days 00:00:00,14 days 12:00:00,0.398856,-5377.080685,-0.28627,-0.081552,0.750721,-0.442411
VASWANI,Success,0.011857799999233976,0.01699430000007851,0.0010797999993883423,0.056878600000345614,0.0872110000000248,2015-12-07 09:15:00,2025-06-26 09:15:00,2357 days 00:00:00,100000.0,246437.464195,146.437464,958.139535,100.0,2418.03652,30.878297,830 days 00:00:00,5.0,5.0,0.0,0.0,60.0,55.949983,-17.77814,52.865712,-16.87247,96 days 00:00:00,9 days 12:00:00,2.330168,29287.492839,0.629467,0.485444,1.26986,1.072776
VBL,Success,0.007602800000313437,0.014722299999448296,0.0016298999998980435,0.05641930000001594,0.08077630000025238,2016-11-08 09:15:00,2025-06-26 09:15:00,2140 days 00:00:00,100000.0,194885.720362,94.88572,1582.000055,100.0,1659.867576,18.732902,656 days 00:00:00,6.0,6.0,0.0,0.0,66.666667,27.059638,-10.284375,23.954811,-9.01104,70 days 06:00:00,13 days 00:00:00,4.855065,15814.286727,0.765195,0.643436,1.362911,1.251322
VCL,Success,0.005063300000074378,0.014218400000572728,0.0007961000001159846,0.05490300000019488,0.07550480000008974,2020-01-27 09:15:00,2025-06-26 09:15:00,825 days 00:00:00,100000.0,80957.852467,-19.042148,-92.331136,100.0,269.686,19.042148,121 days 00:00:00,2.0,1.0,1.0,-3935.012901,0.0,-15.122242,-15.122242,,-15.122242,,18 days 00:00:00,0.0,-15107.134632,-1.170054,-0.468561,0.360503,-1.304908
VEDL,Success,0.017281999999795516,0.013577200000327139,0.0012453999997887877,0.05654340000000957,0.08904789999996865,1994-11-09 09:15:00,2025-06-26 09:15:00,7277 days 00:00:00,100000.0,408674.348956,308.674349,3800.800628,100.0,6783.970594,45.484918,3247 days 00:00:00,20.0,20.0,0.0,0.0,50.0,39.634369,-15.841523,27.554301,-9.54597,45 days 02:24:00,24 days 16:48:00,3.328047,15433.717448,0.546659,0.16085,1.297114,0.928975
VEEDOL,Success,0.013086599999951432,0.013736200000494136,0.0013876999992135097,0.05230889999984356,0.08116289999998116,2007-01-16 09:15:00,2025-06-26 09:15:00,4479 days 00:00:00,100000.0,171564.585839,71.564586,1619.068902,100.0,2110.629541,38.75836,3366 days 00:00:00,9.0,9.0,0.0,0.0,44.444444,32.050082,-11.86928,27.03025,-7.919581,74 days 18:00:00,6 days 00:00:00,2.554999,7951.620649,0.437174,0.116027,1.339266,0.853184
VENKEYS,Success,0.016113300000142772,0.01670520000061515,0.0017603999995117192,0.06329189999996743,0.09828830000060407,2003-09-17 09:15:00,2025-06-26 09:15:00,5340 days 00:00:00,100000.0,112815.08102,12.815081,4356.196861,100.0,2276.531132,47.132684,4224 days 00:00:00,15.0,15.0,0.0,0.0,33.333333,45.054858,-17.403919,32.754617,-11.980146,48 days 04:48:00,18 days 07:12:00,1.137072,854.338735,0.129071,0.017559,1.079751,0.211936
VENTIVE,Success,0.003649500000392436,0.013392999999268795,0.0009928999998010113,0.05406130000028497,0.0727391999998872,2024-12-30 09:15:00,2025-06-26 09:15:00,123 days 00:00:00,100000.0,100000.0,0.0,-0.688578,0.0,0.0,,,0.0,0.0,0.0,0.0,,,,,,,,,,inf,,inf,inf
VENUSPIPES,Success,0.004637900000489026,0.01939979999951902,0.0013690999994651065,0.3735348999998678,0.3994236999997156,2022-05-24 09:15:00,2025-06-26 09:15:00,769 days 00:00:00,100000.0,144902.815274,44.902815,286.820929,100.0,802.262611,23.250503,204 days 00:00:00,3.0,3.0,0.0,0.0,66.666667,34.081246,-9.216179,26.580249,-9.216179,62 days 00:00:00,92 days 00:00:00,4.055853,14967.605091,0.987315,0.827886,1.333676,1.737068
VENUSREM,Success,0.019586899999922025,0.0209936999999627,0.0019259999999121646,0.07261779999953433,0.11552610000035202,2006-12-20 09:15:00,2025-06-26 09:15:00,4566 days 00:00:00,100000.0,127579.480541,27.579481,13.309257,100.0,2514.519232,40.357556,2789 days 00:00:00,11.0,11.0,0.0,0.0,36.363636,42.790666,-21.88176,34.97202,-12.593826,22 days 12:00:00,26 days 00:00:00,1.261098,2507.225504,0.19913,0.048718,1.146059,0.320246
VERANDA,Success,0.006077300000470132,0.01597239999955491,0.0009945000001607696,0.05673999999999069,0.08053840000047785,2022-04-11 09:15:00,2025-06-26 09:15:00,797 days 00:00:00,100000.0,88957.632881,-11.042367,50.041905,100.0,188.946779,11.042367,653 days 00:00:00,1.0,1.0,0.0,0.0,0.0,-11.053409,-11.053409,,-11.053409,,5 days 00:00:00,0.0,-11042.367119,-1.25664,-0.47251,0.0,-1.254714
VERTOZ,Success,0.007583699999486271,0.014612599999964004,0.0013064000004305854,0.057405499999731546,0.08129619999999704,2017-11-24 09:15:00,2025-06-24 09:15:00,1846 days 00:00:00,100000.0,72208.198545,-27.791801,183.02467,100.0,985.007161,46.127129,1725 days 00:00:00,6.0,6.0,0.0,0.0,16.666667,45.71385,-16.177105,45.71385,-13.084341,10 days 00:00:00,28 days 00:00:00,0.515104,-4631.966909,-0.270176,-0.135178,0.880861,-0.387179
VESUVIUS,Success,0.017311799999333743,0.015123099999982514,0.0011871999995491933,0.05989229999977397,0.09403259999999136,1999-01-01 09:15:00,2025-06-26 09:15:00,6530 days 00:00:00,100000.0,271762.58503,171.762585,7240.287119,100.0,6094.159413,42.358529,1964 days 00:00:00,14.0,14.0,0.0,0.0,42.857143,51.141929,-12.86087,34.639778,-9.169626,70 days 00:00:00,100 days 18:00:00,1.996641,12268.756074,0.399957,0.135683,1.150083,0.648292
VETO,Success,0.008454700000584126,0.014487699999335746,0.001350800000182062,0.055648999999903026,0.0803739000002679,2015-04-29 09:15:00,2025-06-26 09:15:00,2516 days 00:00:00,100000.0,282150.407546,182.150408,61.422159,100.0,2073.208497,16.15036,970 days 00:00:00,5.0,5.0,0.0,0.0,80.0,51.250367,-14.246707,35.15749,-14.246707,48 days 18:00:00,9 days 00:00:00,4.890379,36430.081509,0.899155,1.005489,1.685794,1.919608
VGUARD,Success,0.014609700000619341,0.014064500000131375,0.001037699999869801,0.05288430000018707,0.08298670000021957,2008-03-13 09:15:00,2025-06-26 09:15:00,4267 days 00:00:00,100000.0,125744.897021,25.744897,7022.588076,100.0,3139.539118,38.814396,3741 days 00:00:00,13.0,13.0,0.0,0.0,30.769231,27.70998,-11.538361,26.339665,-7.517065,50 days 18:00:00,22 days 10:39:59,1.296673,1980.376694,0.224428,0.050984,1.114497,0.357283
VHL,Success,0.012510200000178884,0.013869599999452475,0.0016879000004337286,0.062073099999906844,0.09083969999937835,2006-04-18 09:15:00,2025-06-26 09:15:00,4247 days 00:00:00,100000.0,323058.321579,223.058322,736.636779,100.0,5105.05849,21.136254,963 days 00:00:00,11.0,11.0,0.0,0.0,54.545455,49.469557,-12.72466,33.177773,-9.881644,64 days 12:00:00,18 days 04:48:00,2.789912,20278.029234,0.626048,0.501677,1.363622,1.248169
VHLTD,Success,0.004147000000557455,0.01522930000010092,0.0011739999999917927,0.05493509999996604,0.0758771999999226,2024-04-03 09:15:00,2025-06-26 09:15:00,251 days 00:00:00,100000.0,87030.842139,-12.969158,151.543566,100.0,187.01806,26.710283,142 days 00:00:00,1.0,1.0,0.0,0.0,0.0,-12.982127,-12.982127,,-12.982127,,160 days 00:00:00,0.0,-12969.157861,-0.435908,-0.684765,0.927271,-0.625886
VIDHIING,Success,0.008859900000061316,0.01828269999987242,0.0014528000001519104,0.06323919999977079,0.0922841999999946,2016-03-02 09:15:00,2025-06-26 09:15:00,2306 days 00:00:00,100000.0,90688.488887,-9.311511,600.336134,100.0,860.594521,32.79724,901 days 00:00:00,4.0,4.0,0.0,0.0,25.0,25.150215,-11.691501,25.150215,-10.175766,46 days 00:00:00,14 days 16:00:00,0.729604,-2327.877778,-0.085534,-0.046807,0.938661,-0.138283
VIJAYA,Success,0.005849500000294938,0.018353600000409642,0.0010050000000774162,0.05780959999992774,0.08341380000001664,2021-09-14 09:15:00,2025-06-26 09:15:00,940 days 00:00:00,100000.0,103738.875775,3.738876,61.046611,100.0,612.279536,7.937433,343 days 00:00:00,3.0,3.0,0.0,0.0,33.333333,21.807887,-7.906476,21.807887,-7.713838,10 days 00:00:00,10 days 00:00:00,1.229008,1246.291925,0.198019,0.180855,1.19265,0.309964
VIJIFIN,Success,0.009187400000882917,0.016300600000249688,0.0017047000001184642,0.06367640000007668,0.09127929999976914,2016-07-11 09:15:00,2025-06-26 09:15:00,2143 days 00:00:00,100000.0,83758.348097,-16.241652,-57.676763,100.0,682.04641,65.556016,2037 days 00:00:00,5.0,5.0,0.0,0.0,40.0,30.407953,-27.580824,29.541202,-20.50498,18 days 12:00:00,27 days 00:00:00,0.67557,-3248.330381,-0.014205,-0.045359,0.991372,-0.022373
VIKASECO,Success,0.016677700000400364,0.017291500000283122,0.0017859999998108833,0.05887979999988602,0.09507889999986219,2011-12-12 09:15:00,2025-06-26 09:15:00,3336 days 00:00:00,100000.0,85160.590768,-14.839409,-14.34321,100.0,447.018292,47.2043,2323 days 00:00:00,3.0,3.0,0.0,0.0,33.333333,37.125275,-31.216166,37.125275,-20.476704,7 days 00:00:00,17 days 12:00:00,0.608242,-4946.469744,-0.088341,-0.036907,0.874022,-0.102975
VIKASLIFE,Success,0.00794080000014219,0.014433999999710068,0.0010093000000779284,0.053972399999111076,0.07774539999991248,2019-05-08 09:15:00,2025-06-26 09:15:00,1523 days 00:00:00,100000.0,105673.501435,5.673501,-39.935516,100.0,533.954667,32.765941,814 days 00:00:00,3.0,3.0,0.0,0.0,33.333333,39.01543,-13.706594,39.01543,-12.808999,49 days 00:00:00,29 days 12:00:00,1.236761,1891.167145,0.161199,0.040631,1.091239,0.274357
VIMTALABS,Success,0.013366600000153994,0.013483199999427598,0.0013515999999071937,0.05549519999931363,0.08408700000018143,2005-12-15 09:15:00,2025-06-26 09:15:00,4726 days 00:00:00,100000.0,153806.629726,53.80663,398.624106,100.0,2820.164669,53.677302,1707 days 00:00:00,13.0,12.0,1.0,7006.713135,41.666667,55.055088,-24.105494,34.92743,-14.395458,87 days 19:12:00,42 days 03:25:42,1.405539,3899.993049,0.258901,0.062987,1.100923,0.398128
VINATIORGA,Success,0.015833600000405568,0.013656000000082713,0.0010220000003755558,0.05734699999993609,0.08824830000048678,2009-07-28 09:15:00,2025-06-26 09:15:00,3937 days 00:00:00,100000.0,185971.960615,85.971961,12874.004607,100.0,2758.709049,14.574855,831 days 00:00:00,9.0,9.0,0.0,0.0,44.444444,35.210752,-9.990618,28.517685,-7.265295,51 days 06:00:00,9 days 14:24:00,2.410199,9552.440068,0.505625,0.406222,1.358734,0.944065
VINCOFE,Success,0.003594600000724313,0.015534300000581425,0.0007483999997930368,0.0524148000004061,0.07277179999982764,2024-10-18 09:15:00,2025-06-26 09:15:00,171 days 00:00:00,100000.0,100000.0,0.0,-14.231729,0.0,0.0,,,0.0,0.0,0.0,0.0,,,,,,,,,,inf,,inf,inf
VINDHYATEL,Success,0.014941299999918556,0.01441049999993993,0.0013748999999734224,0.05638920000001235,0.08763099999941915,1999-01-01 09:15:00,2025-06-26 09:15:00,5682 days 00:00:00,100000.0,283479.696336,183.479696,3873.457416,100.0,4797.396557,43.824604,1323 days 00:00:00,14.0,14.0,0.0,0.0,50.0,77.972071,-16.914876,34.252847,-12.75762,39 days 17:08:34,29 days 17:08:34,2.275801,13105.692595,0.445432,0.157959,1.278781,0.848082
VINEETLAB,Success,0.004770300000018324,0.014148500000374042,0.001044700000420562,0.052649499999461113,0.07299810000040452,2021-06-15 09:15:00,2025-06-26 09:15:00,1002 days 00:00:00,100000.0,108930.551232,8.930551,-33.766235,100.0,637.922471,13.846692,482 days 00:00:00,3.0,3.0,0.0,0.0,33.333333,36.841738,-12.103918,36.841738,-10.768092,4 days 00:00:00,17 days 00:00:00,1.365912,2976.850411,0.269158,0.228578,1.235351,0.534512
VINNY,Success,0.004469999999855645,0.014538999999786029,0.0007881000001361826,0.05940889999965293,0.07960889999958454,2022-11-28 09:15:00,2025-06-26 09:15:00,641 days 00:00:00,100000.0,84292.240318,-15.70776,-44.57129,100.0,184.276717,15.70776,563 days 00:00:00,1.0,1.0,0.0,0.0,0.0,-15.723467,-15.723467,,-15.723467,,4 days 00:00:00,0.0,-15707.759682,-1.45594,-0.590276,0.0,-1.452858
VINYLINDIA,Success,0.013923100000283739,0.014512900000227091,0.0019095999996352475,0.057238800000050105,0.08817929999986518,2008-07-21 09:15:00,2025-06-26 09:15:00,4021 days 00:00:00,100000.0,81021.965426,-18.978035,2831.924883,100.0,3653.685908,61.189908,1771 days 00:00:00,14.0,14.0,0.0,0.0,21.428571,69.161488,-21.270718,48.33216,-11.656824,33 days 00:00:00,29 days 00:00:00,0.894593,-1355.573898,0.022593,-0.030923,1.010998,0.032995
VIPCLOTHNG,Success,0.01708240000061778,0.01505899999938265,0.0015095999997356557,0.05814829999962967,0.09243590000005497,2007-08-06 09:15:00,2025-06-26 09:15:00,4419 days 00:00:00,100000.0,80527.835241,-19.472165,42.402551,100.0,1425.922034,47.096238,3650 days 00:00:00,8.0,8.0,0.0,0.0,25.0,44.850806,-17.379358,41.036898,-13.950726,16 days 12:00:00,83 days 08:00:00,0.758358,-2434.020595,0.03722,-0.037644,1.016059,0.060575
VIPIND,Success,0.019644699999844306,0.016353799999706098,0.001892500000394648,0.06324469999981375,0.10156039999947097,1994-11-30 09:15:00,2025-06-26 09:15:00,7303 days 00:00:00,100000.0,124008.042807,24.008043,1711.73913,100.0,5468.603302,44.685231,2802 days 00:00:00,19.0,19.0,0.0,0.0,31.578947,42.267902,-18.974052,33.008353,-10.772266,36 days 20:00:00,27 days 20:18:27,1.116672,1263.5812,0.146096,0.024197,1.076582,0.225558
VIPULLTD,Success,0.0111575000000812,0.017377299999679963,0.0010377999997217557,0.060696200000165845,0.09070310000060999,2015-04-23 09:15:00,2025-06-26 09:15:00,2519 days 00:00:00,100000.0,112235.286544,12.235287,-80.115895,100.0,1140.915526,44.457901,1499 days 00:00:00,6.0,6.0,0.0,0.0,33.333333,52.836149,-19.837109,47.664806,-15.228282,63 days 12:00:00,14 days 18:00:00,1.194039,2039.214424,0.18151,0.037937,1.09355,0.294521
VIRINCHI,Success,0.004692599999543745,0.018047200000182784,0.0017805000006774208,0.0624627999995937,0.08743979999962903,2023-05-03 09:15:00,2025-06-26 09:15:00,536 days 00:00:00,100000.0,85223.784656,-14.776215,-39.613793,100.0,185.209194,19.196775,472 days 00:00:00,1.0,1.0,0.0,0.0,0.0,-14.790992,-14.790992,,-14.790992,,21 days 00:00:00,0.0,-14776.215344,-0.907933,-0.537392,0.568676,-1.248944
VISAKAIND,Success,0.0197889999999461,0.013372100000196951,0.0012471000000005006,0.055622399999265326,0.09042289999979403,1996-09-03 09:15:00,2025-06-26 09:15:00,6969 days 00:00:00,100000.0,208603.833695,108.603834,4465.405405,100.0,3154.79322,52.359006,2550 days 00:00:00,18.0,18.0,0.0,0.0,50.0,42.530265,-28.448575,28.484818,-15.139968,50 days 00:00:00,26 days 05:20:00,1.993463,6033.546316,0.30228,0.074983,1.15902,0.467688
VISASTEEL,Success,0.014201500000126543,0.014651600000433973,0.001062399999682384,0.05346869999993942,0.08378910000010364,2006-03-17 09:15:00,2025-06-26 09:15:00,4450 days 00:00:00,100000.0,245531.663269,145.531663,-42.429576,100.0,3543.178152,37.395275,1895 days 00:00:00,10.0,9.0,1.0,11471.276025,44.444444,60.609768,-14.206381,48.442865,-13.291603,60 days 00:00:00,13 days 00:00:00,1.970035,14895.598583,0.468398,0.204462,1.253644,0.8113
VISHNU,Success,0.007308799999918847,0.012956499999745574,0.000924200000554265,0.04917380000006233,0.07056029999966995,2015-03-05 09:15:00,2025-06-26 09:15:00,2551 days 00:00:00,100000.0,87424.922542,-12.575077,1483.285714,100.0,1446.581897,34.320088,1583 days 00:00:00,8.0,8.0,0.0,0.0,25.0,38.229125,-13.163744,34.348568,-11.360948,6 days 00:00:00,22 days 16:00:00,0.807273,-1571.884682,-0.066839,-0.055492,0.961607,-0.108215
VISHWARAJ,Success,0.0032378000005337526,0.012960799999746087,0.0008498999995936174,0.05573980000008305,0.07317000000057305,2019-10-15 09:15:00,2025-06-26 09:15:00,1416 days 00:00:00,100000.0,104046.627116,4.046627,-18.144156,100.0,375.957365,26.41711,1060 days 00:00:00,2.0,2.0,0.0,0.0,50.0,21.071434,-14.060889,21.071434,-14.060889,27 days 00:00:00,7 days 00:00:00,1.288081,2023.313558,0.142907,0.038906,1.176891,0.220969
VIVIDHA,Success,0.009235200000148325,0.015111899999283196,0.0009769000007509021,0.05369070000051579,0.07940819999930682,2013-05-21 09:15:00,2025-06-26 09:15:00,2966 days 00:00:00,100000.0,63897.678323,-36.102322,-92.601377,100.0,955.397408,63.045104,2347 days 00:00:00,4.0,4.0,0.0,0.0,25.0,71.500899,-46.930685,71.500899,-26.463424,3 days 00:00:00,20 days 00:00:00,0.664264,-9025.580419,-0.060187,-0.08506,0.940829,-0.088261
VLEGOV,Success,0.00392550000015035,0.014333400000396068,0.000791899999967427,0.0535039999995206,0.0729416999993191,2023-08-14 09:15:00,2025-06-26 09:15:00,464 days 00:00:00,100000.0,125241.730649,25.241731,52.237288,100.0,506.729937,11.573488,103 days 00:00:00,2.0,2.0,0.0,0.0,50.0,40.77196,-11.017446,40.77196,-11.017446,44 days 00:00:00,2 days 00:00:00,2.629603,12620.865325,1.059049,1.673604,1.514934,1.813217
VLSFINANCE,Success,0.015001099999608414,0.013954899999589543,0.0015972999999576132,0.06370059999972,0.09464669999942998,1999-01-01 09:15:00,2025-06-26 09:15:00,6072 days 00:00:00,100000.0,29917.939044,-70.082061,5765.11794,100.0,3077.505604,82.748965,5776 days 00:00:00,20.0,20.0,0.0,0.0,20.0,73.500347,-26.903392,48.280561,-15.69836,45 days 00:00:00,21 days 09:00:00,0.684084,-3504.103048,-0.229478,-0.084556,0.888309,-0.350702
VMART,Success,0.01185650000024907,0.013618099999803235,0.0010022000005847076,0.05751650000001973,0.08444349999990663,2013-02-20 09:15:00,2025-06-26 09:15:00,3050 days 00:00:00,100000.0,109503.392501,9.503393,1605.656665,100.0,1736.042476,49.347287,1686 days 00:00:00,7.0,7.0,0.0,0.0,28.571429,38.99935,-13.341741,34.315044,-9.451419,12 days 12:00:00,20 days 04:48:00,1.149831,1357.6275,0.145413,0.022136,1.117624,0.256356
VMM,Success,0.004639800000404648,0.01769360000071174,0.0012748999997711508,0.06215100000008533,0.08646199999930104,2024-12-18 09:15:00,2025-06-26 09:15:00,130 days 00:00:00,100000.0,100000.0,0.0,18.306084,0.0,0.0,,,0.0,0.0,0.0,0.0,,,,,,,,,,inf,,inf,inf
VOLTAMP,Success,0.01643690000037168,0.01890980000007403,0.002065300000140269,0.06721059999927093,0.10507529999995313,2006-09-20 09:15:00,2025-06-26 09:15:00,4636 days 00:00:00,100000.0,247785.034946,147.785035,2085.136218,100.0,4059.99784,28.815619,838 days 00:00:00,13.0,13.0,0.0,0.0,53.846154,33.892677,-11.585811,24.30788,-9.523036,58 days 20:34:17,12 days 04:00:00,2.638355,11368.079611,0.536703,0.256993,1.315884,0.931384
VOLTAS,Success,0.018891900000198802,0.018385300000772986,0.0016267000000880216,0.06617280000045866,0.10551719999966735,1999-01-01 09:15:00,2025-06-26 09:15:00,6542 days 00:00:00,100000.0,97853.383165,-2.146617,9729.104478,100.0,3028.494619,63.725205,4113 days 00:00:00,21.0,21.0,0.0,0.0,33.333333,36.04158,-17.115002,20.957817,-9.0798,36 days 20:34:17,20 days 18:51:25,0.977363,-102.219849,0.063079,-0.001899,1.031857,0.090736
VPRPL,Success,0.005005399999390647,0.017343800000162446,0.0009329000004072441,0.056040099999336235,0.07984690000012051,2023-09-05 09:15:00,2025-06-26 09:15:00,449 days 00:00:00,100000.0,125043.38975,25.04339,12.560055,100.0,225.068658,6.924528,3 days 00:00:00,1.0,1.0,0.0,0.0,100.0,25.068433,25.068433,25.068433,,16 days 00:00:00,,inf,25043.38975,1.564249,2.877159,3.270398,3.138111
VRAJ,Success,0.0033552999993844423,0.013015200000154437,0.0008000000007086783,0.049610500000198954,0.06715449999956036,2024-07-03 09:15:00,2025-06-26 09:15:00,245 days 00:00:00,100000.0,100000.0,0.0,-30.039683,0.0,0.0,,,0.0,0.0,0.0,0.0,,,,,,,,,,inf,,inf,inf
VRLLOG,Success,0.009458699999413511,0.19738299999971787,0.0017433000002711196,0.0556735000000117,0.2646435999995447,2015-04-30 09:15:00,2025-06-26 09:15:00,2516 days 00:00:00,100000.0,143156.908055,43.156908,95.154703,100.0,1442.846288,31.335723,1286 days 00:00:00,6.0,6.0,0.0,0.0,50.0,33.149554,-14.561793,25.844221,-10.306612,53 days 08:00:00,81 days 08:00:00,2.037435,7192.818009,0.379078,0.170495,1.146295,0.596509
VSSL,Success,0.014195399999152869,0.01407900000049267,0.000982800000201678,0.05654580000009446,0.08620100000007369,2012-05-21 09:15:00,2025-06-26 09:15:00,3167 days 00:00:00,100000.0,561567.445754,461.567446,2069.579062,100.0,6406.203279,34.602374,803 days 00:00:00,11.0,10.0,1.0,-3513.263717,70.0,47.369929,-13.732954,35.341677,-11.789742,59 days 00:00:00,36 days 00:00:00,5.286823,46508.070947,0.992204,0.635872,1.459539,2.00071
VSTIND,Success,0.016729900000427733,0.01528269999926124,0.001388300000144227,0.06279749999976048,0.09659410000040225,1999-01-01 09:15:00,2025-06-26 09:15:00,6467 days 00:00:00,100000.0,145130.378021,45.130378,2329.169096,100.0,4962.660433,45.022663,3811 days 00:00:00,17.0,17.0,0.0,0.0,29.411765,46.54635,-7.165482,25.012831,-5.836465,74 days 09:36:00,27 days 06:00:00,1.413505,2654.728119,0.229268,0.047186,1.112469,0.364883
VSTL,Success,0.004136300000027404,0.013846400000147696,0.001055199999427714,0.05610080000042217,0.0755144000004293,2024-02-20 09:15:00,2025-06-26 09:15:00,335 days 00:00:00,100000.0,100000.0,0.0,-65.021849,0.0,0.0,,,0.0,0.0,0.0,0.0,,,,,,,,,,inf,,inf,inf
VSTTILLERS,Success,0.014975799999774608,0.01799219999975321,0.002217000000200642,0.061915500000395696,0.09778969999933906,2011-06-20 09:15:00,2025-06-26 09:15:00,3466 days 00:00:00,100000.0,87318.529905,-12.68147,669.614686,100.0,1965.932628,35.29613,1831 days 00:00:00,9.0,9.0,0.0,0.0,22.222222,28.33188,-10.588485,22.986294,-7.515729,33 days 00:00:00,17 days 13:42:51,0.782144,-1409.052233,-0.073163,-0.040172,0.951133,-0.116317
VTL,Success,0.022616500000367523,0.017961300000024494,0.001728000000184693,0.06163459999970655,0.10444439999992028,1995-01-19 09:15:00,2025-06-26 09:15:00,7437 days 00:00:00,100000.0,288583.323241,188.583323,1460.116489,100.0,6814.843554,36.528819,2626 days 00:00:00,21.0,21.0,0.0,0.0,42.857143,48.541886,-21.073652,31.972762,-10.99039,56 days 10:40:00,18 days 10:00:00,1.935754,8980.15825,0.400863,0.146161,1.209876,0.639508
WAAREEENER,Success,0.004054400000313763,0.018071600000439503,0.0010906000006798422,0.05016169999998965,0.07376209999983985,2024-10-28 09:15:00,2025-06-26 09:15:00,165 days 00:00:00,100000.0,100000.0,0.0,25.99085,0.0,0.0,,,0.0,0.0,0.0,0.0,,,,,,,,,,inf,,inf,inf
WABAG,Success,0.013897999999244348,0.014177900000504451,0.0013650000000779983,0.05518370000027062,0.08502410000073723,2010-12-15 09:15:00,2025-06-26 09:15:00,3593 days 00:00:00,100000.0,284941.319777,184.94132,298.676869,100.0,3192.049768,20.601605,979 days 00:00:00,11.0,11.0,0.0,0.0,54.545455,33.933825,-9.801812,27.894064,-8.133159,41 days 00:00:00,26 days 09:36:00,4.389702,16812.847252,0.750074,0.544793,1.416912,1.358199
WALCHANNAG,Success,0.016207499999836728,0.015021400000478025,0.001216700000441051,0.0547298999999839,0.08756389999962266,1995-10-11 09:15:00,2025-06-26 09:15:00,6661 days 00:00:00,100000.0,59722.925172,-40.277075,1048.85,100.0,1524.987886,74.658726,6537 days 00:00:00,16.0,16.0,0.0,0.0,25.0,44.577406,-21.183829,33.793716,-12.955793,37 days 06:00:00,19 days 10:00:00,0.52613,-2517.317177,-0.07118,-0.037303,0.961753,-0.101642
WANBURY,Success,0.013670600000295963,0.01584309999998368,0.0012792000006811577,0.05531849999988481,0.08649659999991854,2007-01-29 09:15:00,2025-06-26 09:15:00,4485 days 00:00:00,100000.0,95378.237541,-4.621762,98.254545,100.0,1305.038984,50.24295,2499 days 00:00:00,7.0,7.0,0.0,0.0,28.571429,37.794908,-13.530266,37.477181,-12.785108,14 days 00:00:00,10 days 09:36:00,0.927457,-660.25178,0.00268,-0.00765,1.002349,0.003914
WCIL,Success,0.003716600000188919,0.014030100000127277,0.000759499999730906,0.053831399999580754,0.07272079999984271,2024-09-24 09:15:00,2025-06-26 09:15:00,188 days 00:00:00,100000.0,100000.0,0.0,-28.230055,0.0,0.0,,,0.0,0.0,0.0,0.0,,,,,,,,,,inf,,inf,inf
WEALTH,Success,0.005546899999899324,0.014166700000714627,0.0008139999999912106,0.0554602000001978,0.07647910000014235,2021-01-21 09:15:00,2025-06-26 09:15:00,1087 days 00:00:00,100000.0,88412.374947,-11.587625,1219.183081,100.0,188.400976,24.217864,133 days 00:00:00,1.0,1.0,0.0,0.0,0.0,-11.599213,-11.599213,,-11.599213,,41 days 00:00:00,0.0,-11587.625053,-0.414804,-0.167279,0.754686,-0.542751
WEBELSOLAR,Success,0.013375499999710883,0.015176500000052329,0.0015002000000094995,0.057682499999827996,0.08812099999977363,2007-05-15 09:15:00,2025-06-26 09:15:00,4311 days 00:00:00,100000.0,213094.441404,113.094441,632.168515,100.0,2764.16218,48.369697,1769 days 00:00:00,11.0,11.0,0.0,0.0,45.454545,42.582097,-16.559745,37.247473,-12.789214,24 days 00:00:00,30 days 04:00:00,2.20101,10281.312855,0.432018,0.136764,1.283452,0.79993
WEIZMANIND,Success,0.015524399999776506,0.015300599999136466,0.0018971999998029787,0.05845620000036433,0.09163290000014968,1999-01-04 09:15:00,2025-06-26 09:15:00,5113 days 00:00:00,100000.0,52935.632169,-47.064368,2937.38423,100.0,851.192845,48.991109,3483 days 00:00:00,6.0,6.0,0.0,0.0,16.666667,35.423029,-27.388426,35.423029,-16.961007,52 days 00:00:00,21 days 04:48:00,0.314752,-7844.061305,-0.308703,-0.090615,0.766858,-0.439163
WEL,Success,0.004536399999778951,0.014333500000248023,0.0011982999994870625,0.06322950000048877,0.08368879999943601,2022-01-17 09:15:00,2025-06-26 09:15:00,852 days 00:00:00,100000.0,110495.995193,10.495995,1201.020825,100.0,762.716036,19.816329,261 days 00:00:00,4.0,3.0,1.0,-2862.022524,33.333333,42.156725,-11.442954,42.156725,-10.696199,84 days 00:00:00,14 days 12:00:00,1.543658,4452.672572,0.286506,0.220454,1.096351,0.521383
WELCORP,Success,0.01588530000026367,0.014152399999147747,0.0015090999995663879,0.060427700000218465,0.09240279999994527,2000-06-23 09:15:00,2025-06-26 09:15:00,5882 days 00:00:00,100000.0,273547.066779,173.547067,6464.249998,100.0,2857.282196,58.513219,4621 days 00:00:00,12.0,11.0,1.0,49974.864254,54.545455,41.065316,-26.92225,31.897716,-15.310743,42 days 20:00:00,41 days 14:24:00,2.500337,11233.836593,0.374213,0.110122,1.251327,0.603774
WELENT,Success,0.01689799999985553,0.01953629999934492,0.0011331999994581565,0.06635749999986729,0.10437739999997575,2011-01-04 09:15:00,2025-06-26 09:15:00,3576 days 00:00:00,100000.0,314019.790015,214.01979,467.294592,100.0,5166.131549,34.051203,354 days 00:00:00,11.0,11.0,0.0,0.0,54.545455,55.090779,-16.605467,34.865172,-11.840972,45 days 04:00:00,35 days 00:00:00,2.541577,19456.344547,0.63295,0.363837,1.305978,1.11976
WELINV,Success,0.02430990000084421,0.022031200000128592,0.0012214000007588766,0.0519998999998279,0.0999682000001485,2010-10-04 09:15:00,2025-06-26 09:15:00,3527 days 00:00:00,100000.0,158659.36129,58.659361,674.417742,100.0,670.471582,19.950133,1154 days 00:00:00,3.0,3.0,0.0,0.0,66.666667,39.79395,-14.144331,36.017485,-14.144331,50 days 12:00:00,22 days 00:00:00,5.151346,19553.12043,0.460637,0.245251,1.433134,0.781131
WELSPUNLIV,Success,0.018240399999740475,0.018844899999749032,0.0020400000003064633,0.07112239999969461,0.11086289999911969,2003-12-04 09:15:00,2025-06-26 09:15:00,5331 days 00:00:00,100000.0,141930.693355,41.930693,1278.194044,100.0,3621.142067,42.958954,1410 days 00:00:00,17.0,16.0,1.0,3393.535713,37.5,47.943062,-20.066055,31.556945,-12.161048,53 days 20:00:00,30 days 04:48:00,1.279283,2408.572353,0.220861,0.056484,1.09812,0.326662
WENDT,Success,0.01746779999939463,0.0206796000002214,0.001200300000164134,0.06954229999973904,0.10930169999937789,2006-08-07 09:15:00,2025-06-26 09:15:00,4398 days 00:00:00,100000.0,215516.939215,115.516939,1289.306782,100.0,4775.883118,35.130631,1479 days 00:00:00,14.0,14.0,0.0,0.0,42.857143,40.861773,-14.464089,30.146651,-9.537152,72 days 16:00:00,34 days 00:00:00,1.831302,8251.209944,0.426663,0.187306,1.191006,0.743688
WESTLIFE,Success,0.007082600000103412,0.013688299999557785,0.000855500000398024,0.05415759999959846,0.07648950000020704,2019-08-19 09:15:00,2025-06-26 09:15:00,1453 days 00:00:00,100000.0,101626.530649,1.626531,164.190756,100.0,664.425338,26.508342,890 days 00:00:00,3.0,3.0,0.0,0.0,33.333333,20.976741,-8.700555,20.976741,-8.345461,34 days 00:00:00,70 days 12:00:00,1.084149,542.176883,0.097282,0.015321,1.039971,0.146819
WEWIN,Success,0.004432099999576167,0.014327900000353111,0.0008146999998643878,0.05746210000052088,0.0774717000003875,2022-06-15 09:15:00,2025-06-26 09:15:00,753 days 00:00:00,100000.0,86621.731944,-13.378268,11.367232,100.0,552.945158,30.910245,614 days 00:00:00,3.0,3.0,0.0,0.0,33.333333,17.52396,-15.803056,17.52396,-14.13969,4 days 00:00:00,55 days 12:00:00,0.524259,-4459.422685,-0.15905,-0.21756,0.951457,-0.227937
WHEELS,Success,0.016999799999211973,0.016093700000055833,0.0019830999999612686,0.05706420000024082,0.09253580000040529,1999-01-08 09:15:00,2025-06-26 09:15:00,6038 days 00:00:00,100000.0,142441.539823,42.44154,2788.309634,100.0,4468.771258,34.944809,1794 days 00:00:00,16.0,16.0,0.0,0.0,37.5,44.330458,-22.711676,30.329301,-11.365089,77 days 04:00:00,28 days 00:00:00,1.259238,2652.596239,0.204453,0.061856,1.096994,0.347138
WHIRLPOOL,Success,0.011823200000435463,0.012890799999695446,0.0016095999999379274,0.053700100000241946,0.08041990000037913,2010-01-08 09:15:00,2025-06-26 09:15:00,3778 days 00:00:00,100000.0,52725.389528,-47.27461,897.590291,100.0,1818.882216,55.070532,3078 days 00:00:00,13.0,13.0,0.0,0.0,15.384615,18.322002,-10.83898,14.377109,-7.91552,25 days 00:00:00,30 days 21:49:05,0.269638,-3636.508498,-0.450305,-0.108889,0.814295,-0.632156
WILLAMAGOR,Success,0.013898199999857752,0.013614000000416127,0.0015714000001025852,0.05461470000045665,0.084096600000521,1999-01-05 09:15:00,2025-06-26 09:15:00,5246 days 00:00:00,100000.0,268028.866314,168.028866,37.583333,100.0,4101.98481,29.371621,2071 days 00:00:00,9.0,9.0,0.0,0.0,44.444444,68.451449,-16.047686,54.525182,-13.860859,72 days 06:00:00,27 days 04:48:00,1.91263,18669.874035,0.45053,0.241747,1.26145,0.767485
WINDLAS,Success,0.004979199999979755,0.015108200000213401,0.0008174000004146365,0.06051180000031309,0.08211579999988317,2021-08-16 09:15:00,2025-06-26 09:15:00,959 days 00:00:00,100000.0,86615.225598,-13.384774,119.845271,100.0,375.195226,14.194124,423 days 00:00:00,2.0,2.0,0.0,0.0,0.0,-5.709199,-8.154025,,-6.931612,,12 days 00:00:00,0.0,-6692.387201,-0.94314,-0.374959,0.437754,-1.081504
WINDMACHIN,Success,0.012760099999468366,0.013596899999356538,0.000978199999735807,0.058373300000312156,0.08615319999989879,2011-08-19 09:15:00,2025-06-26 09:15:00,3378 days 00:00:00,100000.0,68375.069288,-31.624931,1327.272727,100.0,4337.559288,81.942204,1767 days 00:00:00,15.0,15.0,0.0,0.0,26.666667,68.949252,-20.569295,44.888122,-15.317514,47 days 18:00:00,35 days 17:27:16,0.878832,-2108.328714,0.001167,-0.049114,1.000417,0.001923
WIPL,Success,0.008687599999575468,0.01643820000026608,0.0020472999995035934,0.059779100000014296,0.08738610000000335,2017-04-18 09:15:00,2025-06-26 09:15:00,1815 days 00:00:00,100000.0,120040.147655,20.040148,343.233708,100.0,489.569104,16.923077,108 days 00:00:00,2.0,2.0,0.0,0.0,50.0,34.788967,-10.930107,34.788967,-10.930107,21 days 00:00:00,5 days 00:00:00,2.361972,10020.073828,0.434242,0.221091,1.517206,0.669035
WIPRO,Success,0.022566399999959685,0.016253199999482604,0.0016053000008469098,0.06034230000022944,0.10136020000027202,1996-01-01 09:15:00,2025-06-26 09:15:00,7326 days 00:00:00,100000.0,219797.006256,119.797006,47636.888889,100.0,7978.999722,30.318632,4519 days 00:00:00,25.0,25.0,0.0,0.0,40.0,42.907539,-14.634738,20.898572,-6.907625,54 days 19:12:00,18 days 11:11:59,1.717452,4791.88025,0.359198,0.131988,1.176662,0.572073
WOCKPHARMA,Success,0.02018480000060663,0.01999309999973775,0.001946999999745458,0.05953519999911805,0.10212159999991854,2000-02-23 09:15:00,2025-06-26 09:15:00,6221 days 00:00:00,100000.0,311602.318394,211.602318,565.905264,100.0,6302.373121,34.740037,1348 days 00:00:00,16.0,16.0,0.0,0.0,50.0,45.108042,-16.940522,28.06671,-9.825008,29 days 18:00:00,24 days 12:00:00,2.265723,13225.1449,0.530297,0.198497,1.36,0.9544
WONDERLA,Success,0.011712099999385828,0.018671599999834143,0.001053699999829405,0.06468229999973119,0.09704260000034992,2014-05-09 09:15:00,2025-06-26 09:15:00,2754 days 00:00:00,100000.0,97427.227584,-2.572772,306.368821,100.0,1499.327058,34.117841,2330 days 00:00:00,7.0,7.0,0.0,0.0,28.571429,23.371388,-8.857405,22.576179,-8.298993,45 days 12:00:00,10 days 14:24:00,0.944314,-367.538917,0.021799,-0.010108,1.014141,0.031742
WORTH,Success,0.006853099999716505,0.019022599999516387,0.0009119999995164108,0.0675108999994336,0.09472329999971407,2020-08-04 09:15:00,2025-06-26 09:15:00,1217 days 00:00:00,100000.0,228920.828927,128.920829,209.82199,100.0,1769.639984,26.902511,178 days 00:00:00,5.0,4.0,1.0,-6753.043757,75.0,45.294299,-10.689038,38.316335,-10.689038,135 days 00:00:00,9 days 00:00:00,5.81545,33918.468171,0.877396,1.048098,1.238197,1.594725
WSI,Success,0.013684599999578495,0.013408300000264717,0.0010044999999081483,0.05476569999973435,0.08356080000066868,2007-08-01 09:15:00,2025-06-26 09:15:00,3745 days 00:00:00,100000.0,58644.083647,-41.355916,38.997691,100.0,1155.475035,56.027865,3683 days 00:00:00,9.0,9.0,0.0,0.0,11.111111,40.753452,-19.675362,40.753452,-10.271838,29 days 00:00:00,6 days 06:00:00,0.315499,-4595.101817,-0.406246,-0.090464,0.71149,-0.552132
WSTCSTPAPR,Success,0.018167399999583722,0.017500699999800418,0.0013201000001572538,0.053523499999755586,0.09093660000053205,1999-01-01 09:15:00,2025-06-26 09:15:00,6364 days 00:00:00,100000.0,97827.103585,-2.172896,7613.636364,100.0,6309.714113,53.314449,4714 days 00:00:00,21.0,21.0,0.0,0.0,28.571429,38.076511,-15.607701,30.889802,-10.272494,31 days 20:00:00,29 days 04:48:00,0.991079,-103.471258,0.067514,-0.002362,1.031533,0.108196
XCHANGING,Success,0.013827000000674161,0.013243699999293312,0.0010793999999805237,0.039737199999763106,0.06808989999990445,2005-03-09 09:15:00,2025-06-26 09:15:00,5004 days 00:00:00,100000.0,52589.701312,-47.410299,-52.890398,100.0,2214.263104,64.332768,2612 days 00:00:00,13.0,13.0,0.0,0.0,23.076923,42.362888,-21.462363,36.453304,-14.454844,42 days 00:00:00,44 days 02:24:00,0.640238,-3646.946053,-0.171532,-0.071183,0.926096,-0.234598
XELPMOC,Success,0.004072799999448762,0.010693299999729788,0.0012710000000879518,0.05478789999961009,0.07135299999936251,2019-02-04 09:15:00,2025-06-26 09:15:00,1584 days 00:00:00,100000.0,98492.450262,-1.50755,57.710949,100.0,962.132563,31.47213,1086 days 00:00:00,4.0,4.0,0.0,0.0,25.0,43.769848,-12.131795,43.769848,-11.847907,26 days 00:00:00,19 days 00:00:00,0.966672,-376.887434,0.055946,-0.011102,1.034557,0.091094
XPROINDIA,Success,0.013851700000486744,0.014461799999480718,0.001140299999860872,0.05625860000054672,0.08618380000007164,2004-04-27 09:15:00,2025-06-26 09:15:00,5167 days 00:00:00,100000.0,40695.98766,-59.304012,6256.771055,100.0,1725.033649,74.129766,4806 days 00:00:00,13.0,13.0,0.0,0.0,15.384615,53.021114,-23.902553,44.460208,-13.638459,82 days 12:00:00,88 days 02:10:54,0.453463,-4561.847103,-0.090367,-0.083009,0.971083,-0.141222
XTGLOBAL,Success,0.004050900000038382,0.019149300000208314,0.000987399999758054,0.055246799999622453,0.07981519999975717,2024-09-16 09:15:00,2025-06-26 09:15:00,194 days 00:00:00,100000.0,100000.0,0.0,-32.391564,0.0,0.0,,,0.0,0.0,0.0,0.0,,,,,,,,,,inf,,inf,inf
YAARI,Success,0.013162699999156757,0.015617499999279971,0.0012243999999554944,0.06124050000016723,0.09169890000066516,2011-08-19 09:15:00,2025-06-26 09:15:00,3406 days 00:00:00,100000.0,126965.003049,26.965003,226.316587,100.0,2324.083515,47.192716,1513 days 00:00:00,12.0,12.0,0.0,0.0,33.333333,55.636602,-16.182097,41.413272,-13.227988,42 days 06:00:00,20 days 03:00:00,1.250008,2247.083587,0.224915,0.054912,1.103754,0.364033
YASHO,Success,0.005410499999925378,0.01630329999989044,0.0008368000007976661,0.06286530000033963,0.08621379999931378,2023-08-21 09:15:00,2025-06-26 09:15:00,460 days 00:00:00,100000.0,74068.756855,-25.931243,14.036948,100.0,523.9978,25.931243,268 days 00:00:00,3.0,3.0,0.0,0.0,0.0,-8.081902,-11.632728,,-9.518144,,7 days 16:00:00,0.0,-8643.747715,-1.08565,-0.817322,0.448078,-1.35374
YATHARTH,Success,0.00500350000038452,0.016450100000838574,0.0008569000001443783,0.05861610000010842,0.08138060000055702,2023-08-07 09:15:00,2025-06-26 09:15:00,469 days 00:00:00,100000.0,80026.927838,-19.973072,57.211318,100.0,358.343333,19.973072,321 days 00:00:00,2.0,2.0,0.0,0.0,0.0,-10.261778,-10.842822,,-10.5523,,18 days 12:00:00,0.0,-9986.536081,-1.419143,-0.797067,0.478459,-1.726798
YATRA,Success,0.005749099999775353,0.018169599999964703,0.0008361999998669489,0.05461050000030809,0.07974730000023555,2023-09-28 09:15:00,2025-06-26 09:15:00,433 days 00:00:00,100000.0,100000.0,0.0,-36.821187,0.0,0.0,,,0.0,0.0,0.0,0.0,,,,,,,,,,inf,,inf,inf
YESBANK,Success,0.014026699999703851,0.013730499999837775,0.0011469000000943197,0.05620930000077351,0.08550829999967391,2005-07-12 09:15:00,2025-06-26 09:15:00,4931 days 00:00:00,100000.0,101188.252788,1.188253,64.995897,100.0,3372.944731,62.648275,4317 days 00:00:00,15.0,14.0,1.0,1615.284406,28.571429,30.622402,-16.053735,26.062042,-8.830968,74 days 06:00:00,17 days 21:35:59,0.996141,-30.502258,0.090108,0.001396,1.04952,0.120691
YUKEN,Success,0.0052104999995208345,0.013445100000353705,0.0012993999998798245,0.05561219999981404,0.07595769999988988,2021-09-02 09:15:00,2025-06-26 09:15:00,947 days 00:00:00,100000.0,84077.679096,-15.922321,86.762537,100.0,370.081073,16.349739,367 days 00:00:00,2.0,2.0,0.0,0.0,0.0,-6.997518,-9.612704,,-8.305111,,37 days 12:00:00,0.0,-7961.160452,-0.469429,-0.395476,0.75555,-0.659377
ZAGGLE,Success,0.004097199999705481,0.013305200000104378,0.0012637999998332816,0.05294749999939086,0.07260719999976573,2023-09-22 09:15:00,2025-06-26 09:15:00,437 days 00:00:00,100000.0,86001.156958,-13.998843,163.688016,100.0,185.987344,20.889235,271 days 00:00:00,1.0,1.0,0.0,0.0,0.0,-14.012842,-14.012842,,-14.012842,,40 days 00:00:00,0.0,-13998.843042,-0.697537,-0.566568,0.718375,-0.911415
ZEEL,Success,0.01341370000045572,0.01596640000025218,0.0010561999997662497,0.055059099999198224,0.08589959999972052,2007-02-28 09:15:00,2025-06-26 09:15:00,4530 days 00:00:00,100000.0,65454.638963,-34.545361,22.175478,100.0,1210.24339,41.18959,4362 days 00:00:00,8.0,8.0,0.0,0.0,12.5,22.618878,-14.564838,22.618878,-8.522275,188 days 00:00:00,24 days 17:08:34,0.302141,-4318.17013,-0.252723,-0.081506,0.881073,-0.350971
ZEELEARN,Success,0.012295999999878404,0.014687200000480516,0.0010302999999112217,0.05706410000038886,0.0854630999992878,2011-01-03 09:15:00,2025-06-26 09:15:00,3562 days 00:00:00,100000.0,88121.839931,-11.87816,-67.22973,100.0,1278.233676,45.137778,3062 days 00:00:00,8.0,8.0,0.0,0.0,25.0,32.101102,-11.60715,23.193742,-8.566183,22 days 12:00:00,22 days 20:00:00,0.722533,-1484.770009,-0.077748,-0.028521,0.943873,-0.100895
ZEEMEDIA,Success,0.014257099999667844,0.014318500000626955,0.0010633000001689652,0.2459367999999813,0.27596470000025874,2007-01-10 09:15:00,2025-06-26 09:15:00,4562 days 00:00:00,100000.0,161674.789962,61.67479,146.844439,100.0,2343.464874,47.939418,2479 days 00:00:00,10.0,10.0,0.0,0.0,40.0,47.899371,-19.199769,36.000616,-11.476096,88 days 00:00:00,33 days 12:00:00,1.732699,6167.478996,0.287894,0.08174,1.139879,0.479384
ZENITHEXPO,Success,0.013942900000074587,0.01754460000029212,0.0013682000007975148,0.06445570000050793,0.09807769999952143,1999-02-12 09:15:00,2025-06-26 09:15:00,3421 days 00:00:00,100000.0,59481.667389,-40.518333,645.3125,100.0,1235.79709,40.753301,2763 days 00:00:00,8.0,8.0,0.0,0.0,12.5,40.87262,-13.934637,40.87262,-11.573382,8 days 00:00:00,28 days 03:25:42,0.389348,-5064.791576,-0.249127,-0.132307,0.862546,-0.382399
ZENITHSTL,Success,0.015593799999805924,0.018113000000084867,0.001222300000335963,0.061752700000397454,0.09712829999989481,2007-04-30 09:15:00,2025-06-26 09:15:00,4030 days 00:00:00,100000.0,255483.696399,155.483696,-55.198097,100.0,2363.278516,45.674031,1129 days 00:00:00,8.0,8.0,0.0,0.0,62.5,54.242607,-21.685557,34.877654,-16.179769,22 days 19:12:00,16 days 16:00:00,3.271025,19435.46205,0.564407,0.194131,1.473609,0.916895
ZENSARTECH,Success,0.0192298000001756,0.01906070000040927,0.001598099999682745,0.0696656999998595,0.11003600000003644,2004-03-04 09:15:00,2025-06-26 09:15:00,5212 days 00:00:00,100000.0,434882.929605,334.88293,8580.0,100.0,8986.067738,36.800523,1088 days 00:00:00,19.0,19.0,0.0,0.0,57.894737,41.663402,-20.087771,25.738209,-12.002642,49 days 15:16:21,59 days 15:00:00,2.461932,17625.417348,0.588711,0.294624,1.231173,1.015084
ZENTEC,Success,0.010796399999890127,0.01791750000029424,0.0014658000000054017,0.06642939999983355,0.09739350000018021,2015-03-30 09:15:00,2025-06-26 09:15:00,2536 days 00:00:00,100000.0,175543.660777,75.543661,3350.727273,100.0,2258.340036,30.353908,1449 days 00:00:00,9.0,9.0,0.0,0.0,44.444444,49.596077,-14.264228,34.038061,-11.288289,98 days 06:00:00,30 days 14:24:00,2.047648,8393.740086,0.439231,0.277923,1.151025,0.742211
ZFCVINDIA,Success,0.017846499999905063,0.01961829999982001,0.0012612000000444823,0.05985859999964305,0.09921579999991081,2008-10-01 09:15:00,2025-06-26 09:15:00,4050 days 00:00:00,100000.0,189744.212047,89.744212,3991.241837,100.0,4811.122334,17.859073,1386 days 00:00:00,16.0,16.0,0.0,0.0,37.5,30.800744,-9.398641,24.435194,-6.436081,44 days 00:00:00,13 days 14:24:00,1.890721,5609.013253,0.486615,0.332734,1.280706,0.922118
ZIMLAB,Success,0.005218300000706222,0.014164100000016333,0.0011008000001311302,0.05397599999923841,0.07500160000017786,2022-11-25 09:15:00,2025-06-26 09:15:00,642 days 00:00:00,100000.0,100000.0,0.0,0.434111,0.0,0.0,,,0.0,0.0,0.0,0.0,,,,,,,,,,inf,,inf,inf
ZODIAC,Success,0.005746099999669241,0.014839200000096753,0.0008692000001246925,0.054624400000648166,0.07646959999965475,2017-12-05 09:15:00,2025-06-26 09:15:00,1461 days 00:00:00,100000.0,187092.473378,87.092473,1745.401246,100.0,1416.909379,25.59259,450 days 00:00:00,6.0,6.0,0.0,0.0,66.666667,44.237089,-16.699836,27.53267,-15.313101,33 days 12:00:00,8 days 12:00:00,3.808651,14515.41223,0.849943,0.661957,1.429864,1.349286
ZODIACLOTH,Success,0.015732300000308896,0.013831400000526628,0.0012188000000605825,0.05218759999934264,0.08337269999992714,1999-01-01 09:15:00,2025-06-26 09:15:00,6188 days 00:00:00,100000.0,293510.222432,193.510222,215.171041,100.0,9350.47021,60.935216,3526 days 00:00:00,19.0,19.0,0.0,0.0,42.105263,49.787191,-20.600621,37.294102,-12.173331,66 days 21:00:00,41 days 02:10:54,1.596011,10184.748549,0.395257,0.107609,1.163568,0.657399
ZOTA,Success,0.005466499999783991,0.014360299999680137,0.0008728000002520275,0.054299299999911455,0.07538100000056147,2019-08-19 09:15:00,2025-06-26 09:15:00,1453 days 00:00:00,100000.0,65919.26643,-34.080734,361.002445,100.0,838.369776,46.628294,1086 days 00:00:00,6.0,5.0,1.0,5735.807626,0.0,-7.983898,-10.786289,,-9.661137,,31 days 14:24:00,0.0,-7963.308239,-0.498062,-0.213161,0.839402,-0.732487
ZUARI,Success,0.011790700000346988,0.014210199999979523,0.0015836000002309447,0.05465100000037637,0.08262759999979608,2012-11-27 09:15:00,2025-06-26 09:15:00,3110 days 00:00:00,100000.0,92982.65677,-7.017343,-43.620089,100.0,2268.520499,47.161546,1159 days 00:00:00,12.0,12.0,0.0,0.0,25.0,46.936174,-17.911737,42.040641,-11.689664,25 days 00:00:00,40 days 08:00:00,0.93483,-584.778602,0.069952,-0.018029,1.027549,0.109482
ZUARIIND,Success,0.013376800000514777,0.015653299999939918,0.0009540999999444466,0.05277879999994184,0.08328080000046612,2012-09-25 09:15:00,2025-06-26 09:15:00,3152 days 00:00:00,100000.0,124269.334109,24.269334,100.627178,100.0,1306.494075,32.276147,954 days 00:00:00,6.0,6.0,0.0,0.0,33.333333,48.767525,-11.344636,38.88043,-10.286748,50 days 12:00:00,24 days 00:00:00,1.516765,4044.889018,0.238276,0.078945,1.147825,0.377611
ZYDUSLIFE,Success,0.015877200000431912,0.010916299999735202,0.0016797000007500174,0.06450419999964652,0.0937776999999187,2000-04-27 09:15:00,2025-06-26 09:15:00,6236 days 00:00:00,100000.0,79136.047701,-20.863952,12104.538556,100.0,2476.28173,56.158821,5745 days 00:00:00,17.0,17.0,0.0,0.0,29.411765,21.33644,-15.650532,17.880321,-8.370605,27 days 04:48:00,41 days 14:00:00,0.73642,-1227.291312,-0.064125,-0.024222,0.970646,-0.094773
ZYDUSWELL,Success,0.017270100000132516,0.01912559999982477,0.0019858000005115173,0.06414800000038667,0.1029553999997006,2009-11-13 09:15:00,2025-06-26 09:15:00,3865 days 00:00:00,100000.0,127207.30693,27.207307,909.174769,100.0,1951.866903,20.113266,1806 days 00:00:00,8.0,8.0,0.0,0.0,37.5,28.825449,-9.599506,24.427931,-7.922146,35 days 16:00:00,12 days 19:12:00,1.534274,3400.913366,0.271258,0.114284,1.216411,0.478774
