symbol,status,load_time_s,indicator_calc_time_s,signal_gen_time_s,portfolio_sim_time_s,total_symbol_time_s,Start,End,Period,Start Value,End Value,Total Return [%],Benchmark Return [%],Max Gross Exposure [%],Total Fees Paid,Max Drawdown [%],Max Drawdown Duration,Total Trades,Total Closed Trades,Total Open Trades,Open Trade PnL,Win Rate [%],Best Trade [%],Worst Trade [%],Avg Winning Trade [%],Avg Losing Trade [%],Avg Winning Trade Duration,Avg Losing Trade Duration,Profit Factor,Expectancy,Sharpe Ratio,Calmar Ratio,Omega Ratio,Sortino Ratio
ASTRAMICRO,Success,0.006242640996788396,0.015600034999806667,0.0007009940018178895,3.266496352000104,3.2891811750014313,2004-11-01 00:00:00,2025-03-06 00:00:00,5031 days 00:00:00,100000.0,60146.355442,-39.853645,2234.194973,100.0,2188.42274,62.535697,3831 days 00:00:00,16,16,0,0.0,25.0,37.285161,-19.949264,26.409761,-11.25506,51 days 00:00:00,25 days 12:00:00,0.609046,-2490.852785,-0.112497,-0.057906,0.947986,-0.178081
INDUSTOWER,Success,0.0026735690007626545,0.007109838999895146,0.00046565199954784475,0.02759620399956475,0.037999209998815786,2012-12-28 00:00:00,2025-03-06 00:00:00,3015 days 00:00:00,100000.0,208303.706264,108.303706,72.423698,100.0,2074.317944,23.497585,825 days 00:00:00,7,7,0,0.0,71.428571,29.330681,-12.983907,21.743133,-11.601669,22 days 04:48:00,61 days 12:00:00,3.865279,15471.958038,0.761462,0.395375,1.469094,1.179451
V2RETAIL,Success,0.002928411999164382,0.007252734998473898,0.0005139759996382054,0.14062667200050782,0.1514536179965944,2012-02-24 00:00:00,2025-03-06 00:00:00,3209 days 00:00:00,100000.0,42613.180396,-57.38682,9770.118343,100.0,667.087416,57.479461,3097 days 00:00:00,5,5,0,0.0,0.0,-10.919008,-23.396531,,-15.540681,,40 days 14:24:00,0.0,-11477.363921,-0.452082,-0.160866,0.775147,-0.637305
MAHLIFE,Success,0.005918127000768436,0.008393981999688549,0.00046431900045718066,0.024990292000438785,0.03990664700177149,2007-11-23 00:00:00,2025-03-06 00:00:00,4270 days 00:00:00,100000.0,134929.054919,34.929055,64.39531,100.0,2208.564284,37.024444,2998 days 00:00:00,9,9,0,0.0,33.333333,52.980857,-19.884214,39.110128,-10.597626,59 days 00:00:00,34 days 20:00:00,1.408379,3881.006102,0.247641,0.070058,1.145028,0.399513
PCBL,Success,0.006365588000335265,0.006413379000150599,0.0004648670001188293,0.02618004500254756,0.03957441600141465,1995-01-06 00:00:00,2025-03-06 00:00:00,6900 days 00:00:00,100000.0,101724.969489,1.724969,4575.757576,100.0,2458.75645,65.329819,6074 days 00:00:00,15,15,0,0.0,33.333333,63.765201,-26.157129,38.403917,-14.532791,39 days 04:48:00,20 days 12:00:00,1.012989,114.997966,0.084539,0.001385,1.055771,0.126472
RAJSREESUG,Success,0.006508547001430998,0.006219222999789054,0.00045024100109003484,0.025422380997042637,0.03876540000055684,1999-01-01 00:00:00,2025-03-06 00:00:00,6370 days 00:00:00,100000.0,24434.740658,-75.565259,431.625,100.0,1930.849876,76.756664,4748 days 00:00:00,16,16,0,0.0,12.5,88.705878,-32.818966,60.095829,-15.039481,142 days 12:00:00,21 days 03:25:42,0.45617,-4722.828709,-0.241136,-0.101061,0.882868,-0.339059
LYKALABS,Success,0.006547813998622587,0.0065291840001009405,0.00048335199971916154,0.025512766998872394,0.03934950300026685,1999-01-01 00:00:00,2025-03-06 00:00:00,6145 days 00:00:00,100000.0,168224.408372,68.224408,445.804878,100.0,5047.304256,65.044217,3176 days 00:00:00,17,17,0,0.0,35.294118,84.05882,-28.908309,53.269174,-16.456936,42 days 16:00:00,28 days 00:00:00,1.249323,4013.200492,0.24698,0.048239,1.122715,0.416453
MAGNUM,Success,0.005239686001004884,0.0067975029996887315,0.0004488459999265615,0.025854481998976553,0.03849228599938215,2007-09-20 00:00:00,2025-03-06 00:00:00,3943 days 00:00:00,100000.0,116743.632796,16.743633,-40.539133,100.0,1312.688851,51.215226,1955 days 00:00:00,8,8,0,0.0,37.5,53.440799,-19.434753,43.014464,-16.685517,14 days 16:00:00,14 days 19:12:00,1.228851,2092.954099,0.168536,0.028183,1.148213,0.313739
NMDC,Success,0.0047365519967570435,0.006261644000915112,0.0004820319991267752,0.026238189999276074,0.03786833399863099,2008-03-03 00:00:00,2025-03-06 00:00:00,4201 days 00:00:00,100000.0,155112.245436,55.112245,-29.035278,100.0,2756.015168,34.293544,1732 days 00:00:00,9,9,0,0.0,33.333333,48.839028,-11.039873,36.902463,-7.924056,144 days 00:00:00,41 days 04:00:00,1.713231,6123.582826,0.311152,0.113365,1.125394,0.522119
SPECIALITY,Success,0.0031580449976900127,0.0059117060009157285,0.0005491330011864193,0.02664045599885867,0.03644178399918019,2012-06-13 00:00:00,2025-03-07 00:00:00,3150 days 00:00:00,100000.0,113941.741189,13.941741,-40.091809,100.0,1132.869224,25.766533,1397 days 00:00:00,5,5,0,0.0,40.0,33.551445,-13.218345,28.302864,-11.479377,84 days 00:00:00,8 days 08:00:00,1.336557,2788.348238,0.176407,0.05914,1.112104,0.294043
SEPC,Success,0.005048344999522669,0.005996014002448646,0.00046695499986526556,0.025759544998436468,0.03744633700262057,2008-02-20 00:00:00,2025-03-06 00:00:00,4208 days 00:00:00,100000.0,45181.972955,-54.818027,-94.885476,100.0,1649.254958,70.117364,3029 days 00:00:00,11,11,0,0.0,18.181818,47.962532,-19.35421,40.717712,-15.087064,46 days 00:00:00,32 days 10:40:00,0.497691,-4983.457004,-0.28066,-0.094971,0.867255,-0.457493
SUBEXLTD,Success,0.004251125999871874,0.006749768999725347,0.00044518000140669756,0.026392350999230985,0.03798826199999894,2003-09-05 00:00:00,2025-03-06 00:00:00,5311 days 00:00:00,100000.0,62855.154369,-37.144846,-87.321429,100.0,1904.203988,59.71986,4630 days 00:00:00,9,9,0,0.0,22.222222,29.531735,-16.676955,24.032759,-11.946905,46 days 00:00:00,22 days 17:08:34,0.590125,-4127.20507,-0.200327,-0.052592,0.86891,-0.287983
MCLEODRUSS,Success,0.004999744000087958,0.0061891799996374175,0.00047303600149462,0.02865835199918365,0.040463755998644046,2005-07-29 00:00:00,2025-03-06 00:00:00,4844 days 00:00:00,100000.0,77532.731037,-22.467269,-39.445545,100.0,1444.871761,50.752717,4142 days 00:00:00,11,11,0,0.0,18.181818,44.774036,-19.711863,43.721878,-10.220761,28 days 12:00:00,41 days 18:40:00,0.668192,-2042.478997,-0.067346,-0.03742,0.967557,-0.098199
ECLERX,Success,0.004343950000475161,0.005859683999005938,0.0005551610011025332,0.02544499400028144,0.036351260998344515,2007-12-31 00:00:00,2025-03-06 00:00:00,4185 days 00:00:00,100000.0,403840.10144,303.840101,1759.739068,100.0,5864.811341,23.544044,1659 days 00:00:00,14,14,0,0.0,57.142857,39.577154,-13.42923,27.616408,-8.613464,26 days 18:00:00,12 days 20:00:00,3.589148,21702.864389,0.956117,0.549868,1.853944,2.036088
COALINDIA,Success,0.0030923119993531145,0.005987886997900205,0.00046131199997034855,0.025659211998572573,0.03539168900169898,2010-11-04 00:00:00,2025-03-06 00:00:00,3547 days 00:00:00,100000.0,207404.480419,107.40448,11.691727,100.0,3141.004363,17.681923,981 days 00:00:00,13,13,0,0.0,53.846154,23.386703,-8.371084,17.593124,-6.44502,47 days 06:51:25,15 days 00:00:00,3.539179,8261.883109,0.696863,0.440891,1.347039,1.202267
HITECHCORP,Success,0.0033595950008020736,0.006536517001222819,0.00044632299977820367,0.025578762000805,0.03608374699979322,2007-12-20 00:00:00,2025-03-07 00:00:00,4032 days 00:00:00,100000.0,305275.123421,205.275123,58.116141,100.0,3777.612978,49.615821,1835 days 00:00:00,9,9,0,0.0,55.555556,58.95268,-20.931852,43.060856,-15.194496,68 days 19:12:00,173 days 12:00:00,2.46711,22808.347047,0.46831,0.214268,1.160717,0.845133
GREENPLY,Success,0.005648515998473158,0.0060653280015685596,0.00045153800238040276,0.025738602998899296,0.03810498799794004,1999-02-25 00:00:00,2025-03-06 00:00:00,5306 days 00:00:00,100000.0,36624.229141,-63.375771,26253.804099,100.0,1177.125682,83.664721,5192 days 00:00:00,15,15,0,0.0,26.666667,33.432848,-61.746201,28.995047,-14.754484,88 days 18:00:00,50 days 04:21:49,0.372557,-4225.051391,-0.003226,-0.079799,0.998009,-0.005899
COLPAL,Success,0.004449346000910737,0.005914915000175824,0.0005515140001079999,0.0260730930021964,0.03716849600095884,2007-12-17 00:00:00,2025-03-06 00:00:00,4253 days 00:00:00,100000.0,183318.264081,83.318264,1163.643358,100.0,5536.11014,21.07558,1882 days 00:00:00,16,16,0,0.0,43.75,27.926231,-11.090659,17.744143,-5.71799,56 days 06:51:25,20 days 05:20:00,1.907419,5207.391505,0.579501,0.253322,1.251286,0.941933
NAGREEKCAP,Success,0.0030751199992664624,0.0062927370017860085,0.0004456040005607065,0.02549094099958893,0.03549208599724807,2007-09-18 00:00:00,2025-03-06 00:00:00,3491 days 00:00:00,100000.0,58761.055291,-41.238945,-73.342105,100.0,1270.780401,58.789976,1808 days 00:00:00,7,7,0,0.0,14.285714,48.412211,-21.861577,48.412211,-14.209414,51 days 00:00:00,25 days 16:00:00,0.509141,-5891.277816,-0.23812,-0.091978,0.87949,-0.342282
AXISBANK,Success,0.0047685449972050264,0.006593550999241415,0.0004710509965661913,0.025342171000374947,0.03732578999915859,2006-11-02 00:00:00,2025-03-06 00:00:00,4535 days 00:00:00,100000.0,151534.79279,51.534793,1059.955132,100.0,4826.383668,36.496264,2455 days 00:00:00,18,18,0,0.0,38.888889,27.088289,-18.467041,20.264482,-7.517695,60 days 17:08:34,23 days 04:21:49,1.469191,2863.044044,0.320635,0.093213,1.122722,0.459662
BHARATFORG,Success,0.005882679000933422,0.006149394001113251,0.00045280199992703274,0.026687514000514057,0.03931561100034742,1999-01-01 00:00:00,2025-03-06 00:00:00,6469 days 00:00:00,100000.0,265487.053569,165.487054,15865.465865,100.0,9847.258404,38.761552,2667 days 00:00:00,20,20,0,0.0,40.0,52.137593,-15.691175,29.659153,-8.517048,63 days 21:00:00,26 days 10:00:00,1.617892,8274.352678,0.422877,0.146116,1.194153,0.685552
VINDHYATEL,Success,0.005227913999988232,0.00596057399889105,0.0005548139997699764,0.026339395000832155,0.03823216000091634,1999-01-01 00:00:00,2025-03-06 00:00:00,5608 days 00:00:00,100000.0,275625.098437,175.625098,3122.351497,100.0,4726.368647,45.951711,1323 days 00:00:00,14,14,0,0.0,50.0,73.507861,-18.020205,33.50403,-12.708148,42 days 20:34:17,28 days 10:17:08,2.219827,12544.649888,0.442026,0.148448,1.284202,0.857518
SWELECTES,Success,0.004966679000062868,0.006081322000682121,0.0004608839990396518,0.02590143499764963,0.03761067500090576,2006-11-02 00:00:00,2025-03-07 00:00:00,4529 days 00:00:00,100000.0,161265.095949,61.265096,358.130733,100.0,6009.605621,37.754059,1377 days 00:00:00,19,19,0,0.0,36.842105,51.631545,-14.908357,34.091316,-12.06694,28 days 20:34:17,27 days 06:00:00,1.242231,3224.478734,0.281872,0.104,1.137673,0.514002
MBLINFRA,Success,0.003705954997712979,0.006784320998121984,0.0004443769976205658,0.025482003002252895,0.03662890999839874,2010-01-11 00:00:00,2025-03-06 00:00:00,3752 days 00:00:00,100000.0,74299.11672,-25.700883,-62.653111,100.0,1034.652718,40.706669,1927 days 00:00:00,6,6,0,0.0,16.666667,40.705571,-15.300064,40.705571,-11.967892,48 days 00:00:00,18 days 09:36:00,0.531847,-4283.480547,-0.202649,-0.069978,0.866314,-0.314123
ASTEC,Success,0.003450901000178419,0.006081457999243867,0.0004787420002685394,0.025770489999558777,0.0359281019991613,2009-11-25 00:00:00,2025-03-06 00:00:00,3749 days 00:00:00,100000.0,202564.955476,102.564955,790.654762,100.0,3095.472765,36.347465,883 days 00:00:00,9,9,0,0.0,44.444444,50.404522,-17.317818,42.72658,-13.237605,102 days 18:00:00,62 days 09:36:00,1.820161,11396.106164,0.402634,0.195726,1.161406,0.74158
EVERESTIND,Success,0.005927934998908313,0.006184887999552302,0.0005721130000893027,0.025624220001191134,0.038434680998761905,2005-05-27 00:00:00,2025-03-06 00:00:00,4826 days 00:00:00,100000.0,94826.204539,-5.173795,181.641168,100.0,3066.623714,51.300183,2993 days 00:00:00,16,16,0,0.0,25.0,43.094362,-18.13311,36.29671,-10.10622,83 days 12:00:00,15 days 12:00:00,0.956367,-323.362216,0.057802,-0.007816,1.026927,0.090304
KIRLOSBROS,Success,0.003361939001479186,0.008532511001249077,0.0004931240000587422,0.025553005001711426,0.03807179500290658,2010-04-20 00:00:00,2025-03-06 00:00:00,3688 days 00:00:00,100000.0,125555.906942,25.555907,386.438403,100.0,1701.832903,34.868303,1753 days 00:00:00,8,8,0,0.0,37.5,38.709324,-16.279139,35.486463,-12.734947,61 days 00:00:00,5 days 14:24:00,1.358474,3194.488368,0.229651,0.065329,1.151482,0.354413
JHS,Success,0.004107558001123834,0.006409751997125568,0.0004460480013221968,0.02601876100015943,0.03710888699788484,2006-10-23 00:00:00,2025-03-06 00:00:00,4234 days 00:00:00,100000.0,118504.813997,18.504814,-73.529412,100.0,4797.372225,56.931017,1879 days 00:00:00,16,16,0,0.0,37.5,56.524232,-20.798593,34.472753,-14.577625,47 days 00:00:00,18 days 04:48:00,1.078977,1156.550875,0.175289,0.025898,1.080764,0.278209
GEPIL,Success,0.00403681200259598,0.006839846002549166,0.00047547699796268716,0.027604488001088612,0.03908506399966427,2006-11-02 00:00:00,2025-03-06 00:00:00,4535 days 00:00:00,100000.0,178208.108943,78.208109,-43.505245,100.0,2242.741285,33.905403,2390 days 00:00:00,10,10,0,0.0,40.0,45.99616,-13.075804,34.266869,-9.263147,49 days 18:00:00,21 days 00:00:00,2.216343,7820.810894,0.432311,0.140394,1.282837,0.775548
DWARKESH,Success,0.004097226999874692,0.005758761999459239,0.0005631669991998933,0.026163209997321246,0.03671344199756277,2004-12-31 00:00:00,2025-03-06 00:00:00,4978 days 00:00:00,100000.0,1416790.235465,1316.790235,201.729323,100.0,15743.635354,30.43374,1288 days 00:00:00,13,13,0,0.0,69.230769,61.848506,-16.222169,42.684377,-12.19926,44 days 18:40:00,16 days 12:00:00,4.766322,101291.556574,1.044675,0.704986,1.693548,2.082623
DISHTV,Success,0.004321257001720369,0.005903703000512905,0.00046416899931500666,0.026287407999916468,0.037114611001015874,2007-04-18 00:00:00,2025-03-06 00:00:00,4423 days 00:00:00,100000.0,61853.179808,-38.14682,-93.521951,100.0,1011.824596,47.506275,2130 days 00:00:00,6,6,0,0.0,16.666667,25.70603,-19.017152,25.70603,-13.165252,10 days 00:00:00,35 days 00:00:00,0.3427,-6357.803365,-0.32122,-0.081819,0.801033,-0.418187
ITC,Success,0.006171502001961926,0.006753630001185229,0.0005149100034032017,0.02581712100072764,0.039386121003190055,1994-11-03 00:00:00,2025-03-06 00:00:00,7487 days 00:00:00,100000.0,288546.40229,188.546402,4702.186606,100.0,11557.333327,32.652336,1610 days 00:00:00,27,27,0,0.0,48.148148,27.1834,-14.500806,17.8016,-7.226523,60 days 01:50:46,31 days 10:17:08,1.852683,6983.200085,0.452855,0.162373,1.176351,0.678242
HSCL,Success,0.0037906159996055067,0.005877601000975119,0.0004626100017048884,0.026972717998432927,0.037249748998874566,2007-03-02 00:00:00,2025-03-06 00:00:00,4452 days 00:00:00,100000.0,71931.967572,-28.068032,1353.213502,100.0,1792.541483,43.569734,3542 days 00:00:00,11,11,0,0.0,27.272727,29.407013,-18.192381,23.892374,-11.346303,17 days 16:00:00,43 days 21:00:00,0.650135,-2551.639312,-0.098305,-0.061163,0.95088,-0.144472
INDOTECH,Success,0.003933012001652969,0.005799596998258494,0.0005590079999819864,0.026652871998521732,0.037069903999508824,2006-03-16 00:00:00,2025-03-06 00:00:00,4671 days 00:00:00,100000.0,127250.067846,27.250068,878.753619,100.0,1309.793325,46.39336,3911 days 00:00:00,6,6,0,0.0,33.333333,53.521904,-13.180702,42.924619,-11.006691,18 days 12:00:00,31 days 06:00:00,1.551856,4541.677974,0.214487,0.040974,1.185595,0.353341
ACLGATI,Success,0.004090172002179315,0.005812802999571431,0.00044574099956662394,0.02551887799927499,0.03599898899847176,2006-10-10 00:00:00,2025-03-07 00:00:00,4548 days 00:00:00,100000.0,46324.726663,-53.675273,-39.897864,100.0,2332.78414,66.921399,4223 days 00:00:00,15,15,0,0.0,20.0,38.550932,-23.381022,31.104792,-12.178715,20 days 16:00:00,28 days 04:00:00,0.572184,-3578.351556,-0.321688,-0.089489,0.850335,-0.497381
POLYPLEX,Success,0.004909666997264139,0.006346337002469227,0.00044041899673175067,0.02574679299868876,0.03756959100064705,1999-01-01 00:00:00,2025-03-07 00:00:00,6244 days 00:00:00,100000.0,335829.130836,235.829131,26477.777778,100.0,9846.360914,42.283027,2696 days 00:00:00,21,21,0,0.0,42.857143,83.257531,-12.610343,31.428741,-9.222062,69 days 05:20:00,26 days 00:00:00,1.828245,11229.958611,0.481199,0.173553,1.213966,0.825168
INDRAMEDCO,Success,0.005122178001329303,0.005929032999119954,0.0004829239987884648,0.02716919699741993,0.03883608400064986,1999-01-01 00:00:00,2025-03-06 00:00:00,6478 days 00:00:00,100000.0,359948.807776,259.948808,5077.272727,100.0,10259.311694,60.034649,4802 days 00:00:00,17,17,0,0.0,41.176471,88.292875,-14.886853,45.536043,-11.758435,52 days 00:00:00,30 days 21:36:00,1.650988,15291.10634,0.43233,0.12465,1.267495,0.810758
SUMMITSEC,Success,0.0027422439998190384,0.0057120609999401495,0.0005413009967014659,0.025991211001382908,0.03511235800033319,2011-02-04 00:00:00,2025-03-06 00:00:00,3461 days 00:00:00,100000.0,69584.787669,-30.415212,973.22801,100.0,1817.730127,61.671503,2591 days 00:00:00,12,12,0,0.0,25.0,43.705613,-16.816716,33.733753,-12.734327,52 days 00:00:00,51 days 00:00:00,0.682004,-2534.601028,-0.0335,-0.06084,0.988023,-0.049599
TAJGVK,Success,0.005059914001321886,0.006086127999878954,0.0004548399992927443,0.026931301999866264,0.038664567000523675,2000-12-20 00:00:00,2025-03-06 00:00:00,5911 days 00:00:00,100000.0,293097.492396,193.097492,5092.857143,100.0,3752.057251,39.489927,1622 days 00:00:00,12,12,0,0.0,50.0,47.167677,-24.521052,38.81257,-13.506708,108 days 04:00:00,33 days 00:00:00,2.531634,16091.4577,0.402888,0.173855,1.189908,0.744762
WELENT,Success,0.0030848089991195593,0.006428133001463721,0.0004525840013229754,0.026474394002434565,0.03656535199843347,2011-01-04 00:00:00,2025-03-07 00:00:00,3503 days 00:00:00,100000.0,343679.045652,243.679046,367.974868,100.0,6150.816577,31.949407,1027 days 00:00:00,10,10,0,0.0,50.0,57.324744,-13.49858,42.791074,-10.04559,105 days 14:24:00,20 days 09:36:00,2.393721,24367.904565,0.624231,0.429661,1.2486,1.078192
TECHM,Success,0.004206849000183865,0.00577285699910135,0.00044022200017934665,0.026576460000796942,0.03712806400289992,2006-08-28 00:00:00,2025-03-06 00:00:00,4579 days 00:00:00,100000.0,121338.940729,21.338941,985.033829,100.0,3060.666832,34.874415,2065 days 00:00:00,14,14,0,0.0,35.714286,18.338527,-10.30495,16.362868,-6.056226,51 days 09:36:00,30 days 02:40:00,1.351798,1524.210052,0.19867,0.044552,1.085883,0.278206
GFLLIMITED,Success,0.005251767001027474,0.005746694001572905,0.0005409380028140731,0.02621145500233979,0.03788101299869595,1999-01-01 00:00:00,2025-03-06 00:00:00,6384 days 00:00:00,100000.0,424668.795527,324.668796,12140.973349,100.0,9889.1133,30.518075,2668 days 00:00:00,14,14,0,0.0,50.0,51.838804,-12.428464,36.882267,-9.879957,54 days 20:34:17,21 days 03:25:42,2.135154,23190.628252,0.586725,0.282443,1.349067,1.04317
PHOENIXLTD,Success,0.0041225079985451885,0.005885482001758646,0.0004459100018721074,0.026301362999220146,0.03688597800282878,2007-04-23 00:00:00,2025-03-06 00:00:00,4418 days 00:00:00,100000.0,252312.367688,152.312368,872.563422,100.0,3170.037027,42.975643,3234 days 00:00:00,11,11,0,0.0,54.545455,40.498038,-16.071334,28.761353,-10.94423,62 days 12:00:00,84 days 14:24:00,2.99517,13846.578881,0.519693,0.184897,1.198699,0.829276
IMFA,Success,0.00285706599970581,0.006131655998615315,0.0004194940011075232,0.025490657000773354,0.03502898399892729,2010-07-23 00:00:00,2025-03-06 00:00:00,3576 days 00:00:00,100000.0,120120.165785,20.120166,83.258041,100.0,1341.287507,40.086528,2455 days 00:00:00,8,8,0,0.0,37.5,34.851045,-15.523067,32.377214,-12.309299,50 days 08:00:00,54 days 00:00:00,1.37664,2515.020723,0.192093,0.047117,1.084294,0.313493
MURUDCERA,Success,0.00475175199972,0.005902519002120243,0.0004391289985505864,0.027551588998903753,0.03877411799840047,1995-03-08 00:00:00,2025-03-06 00:00:00,5604 days 00:00:00,100000.0,86034.275775,-13.965724,-59.463557,100.0,1904.523689,47.960556,3311 days 00:00:00,10,10,0,0.0,30.0,49.170544,-19.383079,38.286635,-14.699395,205 days 16:00:00,36 days 20:34:17,0.867466,-1396.572423,0.086249,-0.020328,1.033866,0.138356
THANGAMAYL,Success,0.004198339996946743,0.005704691997379996,0.0005406169984780718,0.02605397799925413,0.03662531800000579,2010-02-19 00:00:00,2025-03-06 00:00:00,3721 days 00:00:00,100000.0,129168.665871,29.168666,4907.107588,100.0,2627.153744,37.268085,2273 days 00:00:00,14,14,0,0.0,35.714286,38.58266,-15.825226,29.730642,-10.834265,54 days 04:48:00,20 days 08:00:00,1.305205,2083.476134,0.226671,0.06822,1.116698,0.351822
ESABINDIA,Success,0.004882913002802525,0.00588967300063814,0.0004705850005848333,0.026509481998800766,0.037896055000601336,1999-01-01 00:00:00,2025-03-07 00:00:00,6428 days 00:00:00,100000.0,79564.456171,-20.435544,6081.776316,100.0,2373.038259,56.587376,6271 days 00:00:00,17,17,0,0.0,23.529412,36.778326,-13.138384,28.53587,-8.981752,121 days 18:00:00,22 days 14:46:09,0.764329,-1202.090813,-0.016915,-0.022791,0.992819,-0.025672
WSI,Success,0.002948081000795355,0.006474514997535152,0.00044099400111008435,0.026329504999011988,0.036326898996776436,2007-08-01 00:00:00,2025-03-06 00:00:00,3671 days 00:00:00,100000.0,97016.078656,-2.983921,18.134159,100.0,1454.402551,51.230401,3609 days 00:00:00,10,10,0,0.0,30.0,43.448233,-25.052229,32.067084,-11.289816,20 days 16:00:00,9 days 13:42:51,0.952752,-298.392134,0.048602,-0.005871,1.032163,0.072557
ZYDUSWELL,Success,0.002813600000081351,0.005892289998882916,0.0004451970016816631,0.026661302999855252,0.03596269099944038,2009-11-13 00:00:00,2025-03-06 00:00:00,3791 days 00:00:00,100000.0,125430.592104,25.430592,714.086263,100.0,1924.987106,20.622249,1806 days 00:00:00,8,8,0,0.0,37.5,28.6921,-9.85297,24.025301,-8.000906,31 days 16:00:00,16 days 19:12:00,1.503456,3178.824013,0.260348,0.106949,1.19997,0.464964
ORIENTHOT,Success,0.004907916001684498,0.005787338999653002,0.0005321360004018061,0.026561761998891598,0.037917539000773104,1999-01-01 00:00:00,2025-03-06 00:00:00,6268 days 00:00:00,100000.0,87330.061685,-12.669938,872.284462,100.0,2829.244535,43.561273,2462 days 00:00:00,17,17,0,0.0,29.411765,44.483563,-17.189065,30.912221,-11.509059,62 days 19:12:00,29 days 02:00:00,0.895937,-745.290489,0.038323,-0.018039,1.018845,0.061941
VSTIND,Success,0.005235406999418046,0.005989610999677097,0.0004473180015338585,0.026867345000937348,0.038667429998895386,1999-01-01 00:00:00,2025-03-06 00:00:00,6393 days 00:00:00,100000.0,81770.962949,-18.229037,2089.168856,100.0,3352.143206,57.784876,5040 days 00:00:00,17,17,0,0.0,23.529412,30.543414,-17.568783,19.804508,-6.760459,81 days 06:00:00,24 days 07:23:04,0.804103,-1072.296297,-0.038666,-0.01977,0.981777,-0.053491
CGPOWER,Success,0.004679115001636092,0.00644397799987928,0.00044807700032833964,0.02606748600010178,0.03777113600153825,2006-11-02 00:00:00,2025-03-06 00:00:00,4535 days 00:00:00,100000.0,142796.321302,42.796321,1797.782073,100.0,1830.26495,38.537611,2167 days 00:00:00,9,9,0,0.0,44.444444,33.859353,-11.816823,24.764823,-9.933531,37 days 00:00:00,30 days 09:36:00,1.836264,4755.146811,0.311872,0.075479,1.188293,0.475396
ANDHRAPAP,Success,0.003992625999671873,0.005919168001128128,0.00046734400166315027,0.02732474499862292,0.03783211799964192,2006-11-02 00:00:00,2025-03-06 00:00:00,4437 days 00:00:00,100000.0,65365.342213,-34.634658,248.041045,100.0,1523.558952,46.373186,3725 days 00:00:00,10,10,0,0.0,20.0,30.417918,-15.292768,26.007492,-10.43777,30 days 12:00:00,42 days 03:00:00,0.484599,-3463.465779,-0.095416,-0.07412,0.947742,-0.13327
ARCHIDPLY,Success,0.002900426999985939,0.005478634000610327,0.0005319860028976109,0.16295668100065086,0.1721041470009368,2008-07-04 00:00:00,2025-03-06 00:00:00,4004 days 00:00:00,100000.0,75447.479668,-24.55252,84.970411,100.0,1373.862082,46.158174,1541 days 00:00:00,7,7,0,0.0,14.285714,74.039249,-16.18551,74.039249,-12.997008,276 days 00:00:00,28 days 16:00:00,0.697156,-3507.502905,-0.02446,-0.054932,0.989398,-0.040738
OLECTRA,Success,0.005153640999196796,0.006300541001110105,0.00046887999997125007,0.025566925000021,0.037645111999154324,2003-05-07 00:00:00,2025-03-06 00:00:00,5400 days 00:00:00,100000.0,89585.396282,-10.414604,13400.0,100.0,4207.08013,58.867588,2456 days 00:00:00,18,18,0,0.0,27.777778,51.442518,-21.964428,43.124772,-13.459476,73 days 09:36:00,26 days 11:04:36,0.951192,-578.589095,0.086736,-0.012581,1.036528,0.137835
ZYDUSLIFE,Success,0.005662135001330171,0.0068997679991298355,0.00044906599941896275,0.02563663299952168,0.03878804700070759,2000-04-27 00:00:00,2025-03-06 00:00:00,6162 days 00:00:00,100000.0,75873.92068,-24.126079,11177.965564,100.0,2411.651592,56.82258,5671 days 00:00:00,17,17,0,0.0,29.411765,21.649679,-16.381578,17.844289,-8.668534,27 days 19:12:00,47 days 06:00:00,0.700645,-1419.181136,-0.07229,-0.028547,0.968249,-0.105504
GMBREW,Success,0.004709422999439994,0.005991691999952309,0.0004430940025486052,0.026331180000852328,0.03766685899972799,1999-01-05 00:00:00,2025-03-06 00:00:00,5528 days 00:00:00,100000.0,48742.205062,-51.257795,30761.700149,100.0,1902.599855,53.730774,4944 days 00:00:00,14,14,0,0.0,21.428571,37.423908,-27.467632,32.558588,-13.056093,31 days 16:00:00,27 days 02:10:54,0.533506,-3661.271067,-0.200151,-0.086246,0.886079,-0.285521
KAMATHOTEL,Success,0.006125022999185603,0.006200650001119357,0.0004552409991447348,0.02594951099672471,0.03887800500160665,1999-01-04 00:00:00,2025-03-06 00:00:00,5922 days 00:00:00,100000.0,140348.099412,40.348099,2281.25,100.0,5104.590705,47.183133,3524 days 00:00:00,19,19,0,0.0,31.578947,54.409953,-22.4032,43.132123,-12.785513,49 days 08:00:00,15 days 03:41:32,1.179845,2123.58418,0.201517,0.044743,1.120631,0.342301
RELAXO,Success,0.003123779002635274,0.005945726999925682,0.0004388449997350108,0.02564241599975503,0.035296247002406744,2011-06-17 00:00:00,2025-03-06 00:00:00,3390 days 00:00:00,100000.0,215769.344054,115.769344,2973.532076,100.0,3790.372198,20.691073,1374 days 00:00:00,10,10,0,0.0,50.0,48.581439,-12.227198,27.683899,-8.260462,35 days 09:36:00,17 days 19:12:00,2.347842,11576.934405,0.654957,0.417218,1.443194,1.304834
LUMAXTECH,Success,0.0047109980005188845,0.006012613001075806,0.00060897000003024,0.026397528999950737,0.037863637997361366,2007-01-16 00:00:00,2025-03-06 00:00:00,4421 days 00:00:00,100000.0,119715.983983,19.715984,2302.890696,100.0,1967.66346,47.199894,2521 days 00:00:00,9,9,0,0.0,33.333333,38.997376,-13.150845,31.469377,-10.023828,35 days 00:00:00,46 days 16:00:00,1.2831,2190.664887,0.171687,0.031712,1.088325,0.285468
SUNDRMFAST,Success,0.005524710999452509,0.006287869000516366,0.0004872530007560272,0.02671419200123637,0.03915712499656365,1999-01-01 00:00:00,2025-03-07 00:00:00,6448 days 00:00:00,100000.0,159944.779678,59.94478,5002.933333,100.0,5252.323635,43.260523,3218 days 00:00:00,20,20,0,0.0,40.0,30.965545,-14.361996,23.823093,-9.707647,40 days 21:00:00,33 days 02:00:00,1.373675,2997.238984,0.258992,0.062279,1.121643,0.42623
VIPCLOTHNG,Success,0.007876274001318961,0.005966837998130359,0.000557305000256747,0.025143096998363035,0.03967280200231471,2007-08-06 00:00:00,2025-03-06 00:00:00,4345 days 00:00:00,100000.0,194032.463159,94.032463,13.201731,100.0,1980.831013,53.642486,2792 days 00:00:00,8,8,0,0.0,50.0,45.681093,-20.219739,40.442677,-15.861655,21 days 00:00:00,111 days 00:00:00,2.200344,11754.057895,0.352276,0.106748,1.163638,0.589168
MANAPPURAM,Success,0.004452185999980429,0.006467155002610525,0.0004550459998426959,0.024871220000932226,0.03638064600090729,2010-06-30 00:00:00,2025-03-07 00:00:00,3638 days 00:00:00,100000.0,87536.618502,-12.463381,465.878317,100.0,2864.018077,43.802718,1828 days 00:00:00,16,15,1,5622.283979,26.666667,33.551436,-16.694616,27.795415,-10.081188,67 days 12:00:00,28 days 06:32:43,0.827596,-1205.711032,0.035934,-0.030287,1.013122,0.054368
SILINV,Success,0.0036911700008204207,0.00743303399940487,0.0006115100004535634,0.024916958001995226,0.036800296998990234,2007-06-21 00:00:00,2025-03-06 00:00:00,3947 days 00:00:00,100000.0,360169.37663,260.169377,676.422764,100.0,4239.882081,24.214399,706 days 00:00:00,8,8,0,0.0,62.5,50.204137,-15.770175,40.066609,-12.321058,90 days 14:24:00,8 days 00:00:00,3.134608,32521.172079,0.676946,0.519546,1.374519,1.218724
SCHNEIDER,Success,0.0031173919996945187,0.006969529000343755,0.0004594069978338666,0.025713548002386233,0.03639746100088814,2012-03-23 00:00:00,2025-03-06 00:00:00,3204 days 00:00:00,100000.0,73003.224984,-26.996775,826.618182,100.0,1022.781929,52.573372,2403 days 00:00:00,5,5,0,0.0,20.0,30.82194,-16.186466,30.82194,-13.551397,20 days 00:00:00,48 days 00:00:00,0.53283,-5399.355003,-0.173634,-0.066977,0.899553,-0.289618
CENTENKA,Success,0.006676812001387589,0.006678771002043504,0.0005999729983159341,0.02540303999921889,0.03948913799831644,1996-01-02 00:00:00,2025-03-06 00:00:00,7153 days 00:00:00,100000.0,85246.20417,-14.753796,163.416459,100.0,3601.836832,60.719813,3691 days 00:00:00,15,15,0,0.0,26.666667,56.908506,-14.706045,31.175448,-10.429849,33 days 18:00:00,38 days 02:10:54,0.896732,-983.586389,0.010135,-0.01336,1.005364,0.014912
ULTRACEMCO,Success,0.00643699300053413,0.006222741001693066,0.00047561200335621834,0.025165078001009533,0.03843272300218814,2004-08-24 00:00:00,2025-03-06 00:00:00,5079 days 00:00:00,100000.0,89009.566482,-10.990434,3932.859184,100.0,3220.162194,53.107689,4917 days 00:00:00,21,21,0,0.0,33.333333,32.067876,-20.039349,16.860492,-8.061477,47 days 10:17:08,23 days 18:51:25,0.87881,-523.353977,0.007583,-0.015689,1.003161,0.010376
MUNJALAU,Success,0.006364430002577137,0.006310421002126532,0.00046103400018182583,0.025220972998795332,0.038501860999531345,2006-07-19 00:00:00,2025-03-06 00:00:00,4585 days 00:00:00,100000.0,81309.604055,-18.690396,452.296411,100.0,3221.215361,49.728531,2540 days 00:00:00,14,14,0,0.0,28.571429,31.910846,-14.382037,28.321584,-11.305192,38 days 00:00:00,42 days 00:00:00,0.864068,-1335.028282,-0.011597,-0.032851,0.994897,-0.01717
SHRIRAMFIN,Success,0.0069296600013331044,0.006252327999391127,0.0004578420011966955,0.026424020001286408,0.04035040199960349,1999-01-01 00:00:00,2025-03-06 00:00:00,6288 days 00:00:00,100000.0,195144.336382,95.144336,64739.167168,100.0,9570.456231,51.293883,5222 days 00:00:00,21,21,0,0.0,33.333333,94.516015,-21.384225,35.15623,-9.013355,44 days 06:51:25,16 days 00:00:00,1.294206,4530.682685,0.268078,0.077146,1.202137,0.481805
NCLIND,Success,0.0055413869995391,0.0063399089995073155,0.0006512410000141244,0.025557687997206813,0.03822107700034394,2007-04-03 00:00:00,2025-03-06 00:00:00,4431 days 00:00:00,100000.0,139297.597517,39.297598,433.251014,100.0,2355.426415,49.913417,1901 days 00:00:00,10,10,0,0.0,40.0,36.489279,-25.48303,31.572156,-11.716366,50 days 06:00:00,57 days 16:00:00,1.468414,3929.759752,0.237966,0.055453,1.116966,0.355419
3PLAND,Success,0.0031723530009912793,0.006680844999209512,0.0004900780004390981,0.024852815997292055,0.035334808999323286,2008-03-28 00:00:00,2025-03-06 00:00:00,3306 days 00:00:00,100000.0,48176.774436,-51.823226,111.269221,100.0,1497.942591,54.302327,2686 days 00:00:00,12,12,0,0.0,16.666667,44.78368,-19.724,42.555127,-13.264743,13 days 12:00:00,11 days 07:12:00,0.43486,-4318.60213,-0.535187,-0.142652,0.687778,-0.733082
IIFL,Success,0.005685496998921735,0.006355962002999149,0.0004517289999057539,0.025081272000534227,0.03772294100053841,2005-05-17 00:00:00,2025-03-06 00:00:00,4897 days 00:00:00,100000.0,149595.018526,49.595019,4383.062716,100.0,3056.463132,60.209423,2862 days 00:00:00,16,16,0,0.0,43.75,41.348134,-27.556908,29.322645,-14.018835,84 days 17:08:34,10 days 18:40:00,1.391178,3099.688658,0.250776,0.050615,1.102588,0.3672
INVENTURE,Success,0.004127021999011049,0.005911316999117844,0.0004669539994210936,0.0346360769981402,0.045332212997891475,2011-08-04 00:00:00,2025-03-06 00:00:00,3357 days 00:00:00,100000.0,55298.532048,-44.701468,-66.427064,100.0,734.003323,61.538172,3167 days 00:00:00,6,6,0,0.0,16.666667,29.75714,-24.761319,29.75714,-15.499542,53 days 00:00:00,59 days 09:36:00,0.220866,-7450.244659,-0.259918,-0.101372,0.882743,-0.359662
SGL,Success,0.0037451620009960607,0.006880617002025247,0.000646034000965301,0.028482592999353074,0.03989336900121998,2006-04-10 00:00:00,2025-03-06 00:00:00,3939 days 00:00:00,100000.0,46300.004609,-53.699995,-83.331315,100.0,945.804698,71.098582,3199 days 00:00:00,8,8,0,0.0,12.5,58.62282,-20.666789,58.62282,-16.061394,87 days 00:00:00,20 days 10:17:08,0.26914,-6712.499424,-0.347751,-0.096861,0.81964,-0.493894
ACC,Success,0.005166825001651887,0.006123726998339407,0.00045279999903868884,0.02627129100073944,0.038153493998834165,1999-01-01 00:00:00,2025-03-06 00:00:00,6469 days 00:00:00,100000.0,104944.526837,4.944527,2032.546084,100.0,4375.866117,60.698212,4479 days 00:00:00,24,24,0,0.0,29.166667,34.964111,-15.115794,20.876869,-7.123075,70 days 13:42:51,32 days 04:14:07,1.041157,206.021952,0.097204,0.004492,1.036695,0.13456
ASAHIINDIA,Success,0.005276556999888271,0.0061425450003298465,0.0004790839993802365,0.02734425599919632,0.03940618099659332,1999-01-11 00:00:00,2025-03-06 00:00:00,6099 days 00:00:00,100000.0,382718.808277,282.718808,13013.398065,100.0,11018.475484,31.870383,1426 days 00:00:00,24,24,0,0.0,45.833333,47.144247,-15.507517,28.656371,-10.249972,50 days 04:21:49,36 days 09:13:50,1.884682,11779.950345,0.509903,0.262422,1.199664,0.836841
TATAINVEST,Success,0.004330662999564083,0.006094929998653242,0.00048606500058667734,0.02748968900050386,0.03853538099792786,2005-07-07 00:00:00,2025-03-06 00:00:00,4858 days 00:00:00,100000.0,224745.808339,124.745808,2112.613827,100.0,5083.460582,27.775122,1387 days 00:00:00,14,14,0,0.0,50.0,33.717259,-13.687062,22.254373,-7.944297,52 days 00:00:00,53 days 20:34:17,2.151692,8910.414881,0.459886,0.225858,1.224861,0.89851
BIRLACABLE,Success,0.004208502999972552,0.007089634000294609,0.0005581680015893653,0.028086501002690056,0.04007843699946534,2006-11-02 00:00:00,2025-03-06 00:00:00,4307 days 00:00:00,100000.0,176219.161539,76.219162,539.090909,100.0,3714.727346,62.298267,2474 days 00:00:00,16,16,0,0.0,37.5,50.360023,-27.717441,40.435805,-13.447193,46 days 08:00:00,17 days 16:48:00,1.486083,4763.697596,0.332884,0.07895,1.150999,0.542953
ESTER,Success,0.003074182001000736,0.005779477000032784,0.0004542559981928207,0.02899217600133852,0.03843616599988309,2011-06-20 00:00:00,2025-03-06 00:00:00,3391 days 00:00:00,100000.0,100128.097794,0.128098,201.418757,100.0,1656.544531,47.144182,1966 days 00:00:00,8,8,0,0.0,25.0,46.570658,-13.969532,45.086175,-11.619616,23 days 00:00:00,50 days 12:00:00,1.001653,16.012224,0.097713,0.000292,1.049157,0.161015
UGARSUGAR,Success,0.002688233002118068,0.005911298001592513,0.00044264100142754614,0.025655001001723576,0.03484767000190914,2010-08-23 00:00:00,2025-03-06 00:00:00,3596 days 00:00:00,100000.0,129057.99745,29.057997,213.422819,100.0,951.509215,25.570761,1673 days 00:00:00,5,5,0,0.0,40.0,40.728306,-13.917472,37.508806,-11.910415,76 days 12:00:00,14 days 16:00:00,1.828289,5811.59949,0.257926,0.102579,1.175945,0.440824
JMFINANCIL,Success,0.004467986000236124,0.0062603309997939505,0.00048267500096699223,0.026303245998860803,0.03765359300086857,2006-10-10 00:00:00,2025-03-06 00:00:00,4547 days 00:00:00,100000.0,115752.832221,15.752832,209.285676,100.0,3222.587387,48.110161,2357 days 00:00:00,15,15,0,0.0,40.0,45.183664,-20.431392,28.426355,-13.806762,32 days 16:00:00,20 days 18:40:00,1.109478,1050.188815,0.155003,0.024552,1.082794,0.228226
KHANDSE,Success,0.003094613999564899,0.005790068000351312,0.0005432360012491699,0.026392145999125205,0.0359941409988096,2001-02-12 00:00:00,2025-03-06 00:00:00,4349 days 00:00:00,100000.0,37676.871906,-62.323128,-85.383648,100.0,781.822303,62.847713,3680 days 00:00:00,6,6,0,0.0,0.0,-11.232963,-18.340309,,-14.997977,,55 days 00:00:00,0.0,-10387.188016,-0.392606,-0.125156,0.820294,-0.552236
SAIL,Success,0.00605034099862678,0.0062518659979105,0.0004628370006685145,0.027602787002251716,0.040501129002223024,1996-01-01 00:00:00,2025-03-06 00:00:00,7253 days 00:00:00,100000.0,563224.426589,463.224427,318.579439,100.0,13665.457482,36.091818,3503 days 00:00:00,21,21,0,0.0,42.857143,90.030558,-18.968602,42.447229,-10.665063,53 days 13:20:00,17 days 12:00:00,2.147802,22058.306028,0.506234,0.251804,1.288846,0.907699
ASHOKLEY,Success,0.005045803998655174,0.005993831000523642,0.00044916899787494913,0.02576935600154684,0.03739403099825722,1999-01-01 00:00:00,2025-03-06 00:00:00,6469 days 00:00:00,100000.0,1129317.10802,1029.317108,9208.287293,100.0,24608.607465,35.738357,1204 days 00:00:00,24,24,0,0.0,54.166667,73.034604,-15.851254,31.539113,-9.299984,58 days 18:27:41,18 days 08:43:38,3.085902,42888.212834,0.768081,0.410137,1.343329,1.337295
DREDGECORP,Success,0.004603610999765806,0.005992970000079367,0.0004450639971764758,0.025901216999045573,0.0370824649980932,2004-01-15 00:00:00,2025-03-06 00:00:00,5230 days 00:00:00,100000.0,67941.447618,-32.058552,2.118182,100.0,2002.787189,51.793643,4927 days 00:00:00,15,15,0,0.0,26.666667,26.98827,-20.844577,24.134105,-10.672086,22 days 18:00:00,15 days 21:49:05,0.63082,-2137.236825,-0.145767,-0.051386,0.89624,-0.232705
ELECTHERM,Success,0.004082154999196064,0.005932928001129767,0.0005536239987122826,0.02593315999911283,0.036634590000176104,2007-08-20 00:00:00,2025-03-06 00:00:00,4253 days 00:00:00,100000.0,130720.079228,30.720079,48.760331,100.0,2443.801076,54.404056,3412 days 00:00:00,11,11,0,0.0,45.454545,40.484537,-17.497789,26.26275,-13.607818,33 days 14:24:00,16 days 08:00:00,1.314832,2792.734475,0.215041,0.042749,1.136704,0.352874
TNPL,Success,0.004925372999423416,0.0059242209972580895,0.00045545400280389003,0.0258898069987481,0.03733301899774233,1999-01-01 00:00:00,2025-03-06 00:00:00,6468 days 00:00:00,100000.0,116170.512506,16.170513,618.493506,100.0,3441.772573,33.724014,1756 days 00:00:00,15,15,0,0.0,33.333333,40.913699,-14.682246,30.502518,-11.020864,70 days 00:00:00,38 days 14:24:00,1.123639,1078.034167,0.130028,0.025188,1.060611,0.207014
ICICIBANK,Success,0.0061607339994225185,0.006388780002453132,0.00046999400001368485,0.02586271200198098,0.039018158000544645,1997-09-24 00:00:00,2025-03-06 00:00:00,6779 days 00:00:00,100000.0,230808.793774,130.808794,13231.896729,100.0,10316.573246,40.539778,1587 days 00:00:00,30,29,1,-3063.061645,41.37931,40.175652,-15.749456,19.781919,-7.200408,44 days 08:00:00,25 days 08:28:14,1.623523,4616.270877,0.361256,0.113628,1.146501,0.54481
SUTLEJTEX,Success,0.004567453001072863,0.006146830000943737,0.0004398099990794435,0.025987692999478895,0.037276335002388805,2006-12-14 00:00:00,2025-03-06 00:00:00,4400 days 00:00:00,100000.0,214580.600517,114.580601,137.568982,100.0,2958.282758,31.450948,955 days 00:00:00,10,10,0,0.0,50.0,41.235568,-14.485935,31.164493,-11.06949,44 days 04:48:00,50 days 04:48:00,2.326863,11458.060052,0.430551,0.207898,1.235953,0.766785
MAHABANK,Success,0.0042013189995486755,0.005814569001813652,0.0005665009994118009,0.026338928000768647,0.03705457199976081,2004-04-12 00:00:00,2025-03-06 00:00:00,5173 days 00:00:00,100000.0,269045.203118,169.045203,21.346893,100.0,5703.527372,35.015005,2934 days 00:00:00,18,18,0,0.0,44.444444,46.594262,-18.595849,29.910193,-10.254199,49 days 03:00:00,34 days 04:48:00,2.026785,9391.400173,0.499591,0.206565,1.219366,0.808306
HEIDELBERG,Success,0.004420359000505414,0.005972257997200359,0.00046035400009714067,0.02659361200130661,0.03758095500234049,2006-11-02 00:00:00,2025-03-06 00:00:00,4535 days 00:00:00,100000.0,94159.231621,-5.840768,225.226365,100.0,1355.263311,40.11782,3012 days 00:00:00,7,7,0,0.0,28.571429,31.641497,-14.31016,25.297929,-9.641092,54 days 12:00:00,57 days 14:24:00,0.881013,-834.395483,0.019796,-0.012045,1.009192,0.028326
BRIGADE,Success,0.0042031830016640015,0.005914064000535291,0.00044614199941861443,0.02549265899870079,0.03622868499951437,2007-12-31 00:00:00,2025-03-06 00:00:00,4245 days 00:00:00,100000.0,274087.645699,174.087646,278.336792,100.0,4129.687295,35.13481,2336 days 00:00:00,10,10,0,0.0,50.0,51.30866,-14.568076,37.079938,-10.407631,45 days 14:24:00,43 days 04:48:00,2.445252,17408.76457,0.586343,0.257762,1.317537,1.057772
SUNFLAG,Success,0.0054295239970088005,0.006114652001997456,0.0004553910002869088,0.025949842001864454,0.038087278000602964,2005-09-29 00:00:00,2025-03-06 00:00:00,4802 days 00:00:00,100000.0,100987.551405,0.987551,919.787729,100.0,2320.88493,43.619009,1423 days 00:00:00,10,10,0,0.0,30.0,38.853403,-14.584233,35.34956,-12.016398,74 days 08:00:00,31 days 17:08:34,1.009583,98.755141,0.089543,0.001713,1.045237,0.140412
M&M,Success,0.0051513639991753735,0.0072220410002046265,0.0006190450003487058,0.026134699997783173,0.03926551399854361,2006-11-02 00:00:00,2025-03-06 00:00:00,4535 days 00:00:00,100000.0,94695.390443,-5.30461,1311.879768,100.0,1722.300558,36.691712,4464 days 00:00:00,11,11,0,0.0,27.272727,24.477391,-8.878989,18.416608,-6.736902,39 days 16:00:00,18 days 21:00:00,0.881662,-482.237232,-0.007048,-0.01193,0.995725,-0.010506
KARURVYSYA,Success,0.006993934999627527,0.006337828002870083,0.00045548299749498256,0.027827415000501787,0.04175391600074363,1999-01-01 00:00:00,2025-03-07 00:00:00,6468 days 00:00:00,100000.0,143245.802015,43.245802,11894.85103,100.0,4562.184049,46.593357,4993 days 00:00:00,22,22,0,0.0,36.363636,30.76515,-21.920294,23.196545,-8.745379,46 days 00:00:00,21 days 06:51:25,1.331425,1965.718273,0.212944,0.043972,1.104351,0.326038
WEIZMANIND,Success,0.005137927997566294,0.006229897000594065,0.00046708599984413013,0.025831609000306344,0.037794015999679687,1999-01-04 00:00:00,2025-03-06 00:00:00,5039 days 00:00:00,100000.0,85805.826383,-14.194174,2771.6426,100.0,1068.282881,39.926006,3484 days 00:00:00,6,6,0,0.0,33.333333,43.250996,-24.50876,39.985875,-18.562022,75 days 12:00:00,24 days 06:00:00,0.805393,-2365.695603,-0.009717,-0.027619,0.993631,-0.015218
AKSHOPTFBR,Success,0.005067051999503747,0.006012628000462428,0.0004630579969671089,0.02673469000001205,0.038415418999647954,2000-08-23 00:00:00,2025-03-06 00:00:00,5864 days 00:00:00,100000.0,16171.616684,-83.828383,-86.412698,100.0,966.323689,86.185701,5769 days 00:00:00,11,11,0,0.0,0.0,-10.273384,-20.144867,,-15.222431,,35 days 15:16:21,0.0,-7620.76212,-0.692297,-0.124394,0.686618,-0.90929
EMMBI,Success,0.0029792210007144604,0.005907686001592083,0.0005341530013538431,0.02614293799706502,0.03569207600230584,2010-02-24 00:00:00,2025-03-07 00:00:00,3721 days 00:00:00,100000.0,112431.19455,12.431195,262.086957,100.0,3981.386058,57.608596,1785 days 00:00:00,13,13,0,0.0,30.769231,57.635165,-19.726557,40.345861,-12.655182,54 days 12:00:00,24 days 13:20:00,1.071461,956.245735,0.155172,0.020066,1.077147,0.243047
GTLINFRA,Success,0.0030238239996833727,0.005695061998267192,0.00045967900223331526,0.026841162998607615,0.03616167600193876,2006-11-09 00:00:00,2025-03-06 00:00:00,4528 days 00:00:00,100000.0,52976.763246,-47.023237,-96.344828,100.0,855.355052,54.951379,3028 days 00:00:00,6,6,0,0.0,16.666667,39.146111,-28.904953,39.146111,-17.350187,28 days 00:00:00,18 days 14:24:00,0.338409,-7837.206126,-0.243164,-0.09085,0.791614,-0.329978
MOIL,Success,0.0029891010017308872,0.005904429999645799,0.0004525090007518884,0.025784806999581633,0.035265535003418336,2010-12-15 00:00:00,2025-03-06 00:00:00,3519 days 00:00:00,100000.0,47377.351069,-52.622649,44.672619,100.0,1151.108745,57.273336,3208 days 00:00:00,8,8,0,0.0,0.0,-5.972981,-13.471986,,-8.894796,,21 days 12:00:00,0.0,-6577.831116,-0.831143,-0.130179,0.544229,-0.969303
UFLEX,Success,0.004231632003211416,0.006012911999278003,0.0004360430029919371,0.026133629002288217,0.036957917000108864,2007-04-17 00:00:00,2025-03-06 00:00:00,4423 days 00:00:00,100000.0,91251.605917,-8.748394,118.211687,100.0,2927.685625,49.021016,3739 days 00:00:00,13,13,0,0.0,23.076923,57.622382,-20.505794,36.587702,-9.494239,91 days 08:00:00,9 days 09:36:00,0.923055,-672.953391,0.0114,-0.015354,1.00604,0.016039
SETUINFRA,Success,0.002489655998942908,0.005966680000710767,0.0005408709985204041,0.025441518999286927,0.03457115100172814,2011-10-04 00:00:00,2025-03-06 00:00:00,3093 days 00:00:00,100000.0,30863.907568,-69.136092,-97.575251,100.0,789.191408,73.244087,2750 days 00:00:00,7,7,0,0.0,0.0,-9.957884,-22.852053,,-15.387851,,14 days 00:00:00,0.0,-9876.584633,-1.021772,-0.176855,0.467079,-1.223238
APLAPOLLO,Success,0.0029093150005792268,0.006065153000236023,0.0004575509992719162,0.02614628900118987,0.0357106740011659,2011-12-14 00:00:00,2025-03-06 00:00:00,3270 days 00:00:00,100000.0,100010.502095,0.010502,9942.210021,100.0,4123.308185,37.332822,2248 days 00:00:00,17,17,0,0.0,29.411765,30.907739,-13.813194,26.425818,-9.253783,35 days 09:36:00,11 days 16:00:00,1.000074,0.61777,0.082906,3.1e-05,1.038654,0.132378
SASKEN,Success,0.004409780998685164,0.006015199000103166,0.0004485969984671101,0.02615221000087331,0.037166808997426415,2005-09-09 00:00:00,2025-03-06 00:00:00,4816 days 00:00:00,100000.0,201095.703304,101.095703,249.838563,100.0,5079.905113,34.718359,2549 days 00:00:00,15,15,0,0.0,46.666667,34.028393,-12.859857,25.903223,-10.719437,43 days 00:00:00,38 days 06:00:00,1.65018,6739.713554,0.387952,0.156614,1.202501,0.71971
YESBANK,Success,0.004360034999990603,0.006167378000100143,0.0004553500002657529,0.026728241002274444,0.037846543000341626,2005-07-12 00:00:00,2025-03-06 00:00:00,4857 days 00:00:00,100000.0,98118.929421,-1.881071,39.523423,100.0,3255.437513,64.331176,4243 days 00:00:00,14,14,0,0.0,28.571429,30.951511,-16.551509,26.110537,-8.974621,53 days 06:00:00,19 days 19:12:00,0.983237,-134.362184,0.0734,-0.002217,1.045029,0.096108
INDHOTEL,Success,0.005828076999023324,0.006042346998583525,0.000587769001867855,0.025795573001232697,0.03839315499863005,1999-01-01 00:00:00,2025-03-06 00:00:00,6469 days 00:00:00,100000.0,455969.883227,355.969883,2393.279386,100.0,12683.100916,36.544399,3004 days 00:00:00,24,24,0,0.0,45.833333,40.414304,-10.708349,26.932729,-8.01277,48 days 06:32:43,23 days 22:09:13,2.236669,14832.078468,0.628876,0.244577,1.286463,1.042101
INDNIPPON,Success,0.005170040003577014,0.005991866997646866,0.0004415360017446801,0.026443814000231214,0.03818137399866828,1999-01-04 00:00:00,2025-03-06 00:00:00,6126 days 00:00:00,100000.0,138103.766921,38.103767,1344.003541,100.0,3560.781021,40.135977,2358 days 00:00:00,16,16,0,0.0,37.5,45.787166,-16.238865,29.209317,-11.293815,82 days 04:00:00,32 days 07:12:00,1.288157,2381.485433,0.194691,0.048389,1.084495,0.325867
GLENMARK,Success,0.005059541999798967,0.005977877000987064,0.00044352099939715117,0.025937746999261435,0.037546953000855865,2000-02-10 00:00:00,2025-03-06 00:00:00,6188 days 00:00:00,100000.0,198132.280562,98.132281,5050.548729,100.0,5902.376747,55.64702,4653 days 00:00:00,19,19,0,0.0,42.105263,39.910707,-13.936948,25.100128,-9.456095,36 days 15:00:00,24 days 13:05:27,1.576413,5164.856872,0.333945,0.07396,1.182669,0.517972
MPSLTD,Success,0.0029609410012199078,0.0060541999991983175,0.0004487789992708713,0.026575814001262188,0.036173931999655906,2009-09-11 00:00:00,2025-03-06 00:00:00,3823 days 00:00:00,100000.0,416991.776391,316.991776,3743.092784,100.0,5306.473876,47.179507,2005 days 00:00:00,14,13,1,14932.061056,53.846154,49.976113,-14.995659,34.919524,-10.890646,72 days 17:08:34,76 days 12:00:00,3.663277,23235.362718,0.624775,0.309579,1.221445,1.085898
RANEENGINE,Success,0.002925920001871418,0.005995469000481535,0.0005582260018854868,0.026142750000872184,0.035771493003267096,2008-06-24 00:00:00,2025-03-06 00:00:00,3726 days 00:00:00,100000.0,110184.758517,10.184759,98.870623,100.0,1163.653584,32.195782,2397 days 00:00:00,6,6,0,0.0,33.333333,44.32406,-16.076386,39.972662,-13.349052,47 days 12:00:00,62 days 00:00:00,1.187691,1697.459753,0.139148,0.029651,1.086536,0.241488
PERSISTENT,Success,0.004066438999871025,0.005966609998722561,0.0004439039985300042,0.02667932300028042,0.03732442100226763,2010-04-06 00:00:00,2025-03-06 00:00:00,3697 days 00:00:00,100000.0,144697.924905,44.697925,5120.376369,100.0,3396.345133,23.7286,1113 days 00:00:00,12,12,0,0.0,33.333333,33.920843,-7.304977,25.559825,-6.472692,32 days 18:00:00,12 days 00:00:00,1.576378,3724.827075,0.400476,0.156569,1.261298,0.680857
GNFC,Success,0.005745315000240225,0.006133596998552093,0.00048644799971953034,0.02594572200177936,0.038446682003268506,1999-01-01 00:00:00,2025-03-06 00:00:00,6469 days 00:00:00,100000.0,144117.795409,44.117795,2575.400926,100.0,4803.674321,44.097972,2199 days 00:00:00,17,17,0,0.0,29.411765,56.534335,-18.480964,38.198959,-9.722899,48 days 14:24:00,36 days 20:00:00,1.258107,2595.164436,0.207796,0.047246,1.098385,0.315362
NITCO,Success,0.0043580739984463435,0.005944257998635294,0.0004597830011334736,0.17311734199756756,0.18403168900113087,2006-03-21 00:00:00,2025-03-07 00:00:00,4604 days 00:00:00,100000.0,162039.492624,62.039493,-41.096862,100.0,3815.17008,52.120593,3590 days 00:00:00,17,17,0,0.0,41.176471,34.505385,-25.46871,30.641759,-12.77283,29 days 13:42:51,22 days 12:00:00,1.406843,3649.381919,0.28396,0.07484,1.145032,0.481383
GMRAIRPORT,Success,0.006470332999015227,0.006234365002455888,0.00044765399798052385,0.025300536999566248,0.03859024299890734,2006-08-21 00:00:00,2025-03-07 00:00:00,4585 days 00:00:00,100000.0,275012.842415,175.012842,298.691667,100.0,5636.015949,41.667305,3072 days 00:00:00,14,14,0,0.0,50.0,47.669811,-17.424259,32.80189,-12.789353,93 days 03:25:42,65 days 10:17:08,1.896357,12500.917315,0.447044,0.201276,1.140411,0.670767
SHAKTIPUMP,Success,0.005744927002524491,0.0063612390003982,0.00048422700274386443,0.02561686600165558,0.038354365999111906,2011-10-25 00:00:00,2025-03-06 00:00:00,3302 days 00:00:00,100000.0,91289.809833,-8.71019,12439.835699,100.0,1014.330872,44.764677,3215 days 00:00:00,7,7,0,0.0,28.571429,29.510252,-16.93317,28.463327,-11.116049,34 days 00:00:00,14 days 19:12:00,0.804941,-1244.312881,-0.020877,-0.02239,0.983495,-0.032771
ADFFOODS,Success,0.004152604000410065,0.006152654001198243,0.0004499850001593586,0.024935564000770682,0.03582851499959361,2010-09-15 00:00:00,2025-03-06 00:00:00,3583 days 00:00:00,100000.0,126586.442209,26.586442,1435.637325,100.0,1691.292275,38.677002,3093 days 00:00:00,9,9,0,0.0,33.333333,41.042746,-16.485977,35.538234,-10.59761,66 days 08:00:00,12 days 12:00:00,1.432609,2954.049134,0.226915,0.062846,1.137386,0.428834
JTEKTINDIA,Success,0.007222793999972055,0.00758611599667347,0.0004963380015396979,0.025493258999631507,0.041094988002441823,1995-01-03 00:00:00,2025-03-06 00:00:00,6486 days 00:00:00,100000.0,48063.303492,-51.936697,1936.5,100.0,1955.949465,65.819117,6082 days 00:00:00,17,17,0,0.0,23.529412,31.356705,-17.622236,26.023099,-11.897887,37 days 06:00:00,35 days 14:46:09,0.455076,-3055.099795,-0.169098,-0.061368,0.923592,-0.238188
WSTCSTPAPR,Success,0.005704164999770001,0.006143493999843486,0.00046012700113351457,0.026814935001311824,0.03928154000095674,1999-01-01 00:00:00,2025-03-07 00:00:00,6291 days 00:00:00,100000.0,85183.638304,-14.816362,6418.939394,100.0,5818.614714,58.568345,4641 days 00:00:00,21,21,0,0.0,28.571429,36.803411,-19.738285,30.717948,-11.026538,32 days 20:00:00,30 days 11:12:00,0.938978,-705.541033,0.018924,-0.015812,1.008663,0.029628
SUNPHARMA,Success,0.005686086999048712,0.006340743999317056,0.0004604819987434894,0.026749954999104375,0.039371758997731376,1999-01-01 00:00:00,2025-03-06 00:00:00,6490 days 00:00:00,100000.0,257228.315405,157.228315,70858.048221,100.0,14603.095309,49.956796,3297 days 00:00:00,32,32,0,0.0,40.625,51.128236,-22.504464,20.946388,-7.386408,48 days 16:36:55,19 days 18:56:50,1.489519,4913.384856,0.40636,0.10924,1.166332,0.617469
FILATEX,Success,0.002808219000144163,0.006123284998466261,0.0006333819983410649,0.025475856000412023,0.03519966299791122,2011-08-29 00:00:00,2025-03-06 00:00:00,3150 days 00:00:00,100000.0,34736.884786,-65.263115,944.694158,100.0,1428.015249,66.88529,3088 days 00:00:00,11,11,0,0.0,9.090909,31.140128,-14.651721,31.140128,-12.42999,11 days 00:00:00,13 days 19:12:00,0.231795,-5933.010474,-0.724123,-0.172403,0.584721,-1.013546
ADORWELD,Success,0.0054587390004599,0.006980133002798539,0.0004577170002448838,0.025808870999753708,0.038849592998303706,2004-09-27 00:00:00,2025-03-06 00:00:00,5054 days 00:00:00,100000.0,187072.840525,87.072841,1778.378456,100.0,6769.62438,47.010503,1217 days 00:00:00,17,17,0,0.0,41.176471,44.974901,-19.958348,28.448066,-10.456796,38 days 20:34:17,40 days 09:36:00,1.391304,5121.931796,0.316013,0.098429,1.152397,0.5377
ASHOKA,Success,0.003702990998135647,0.0061521150018961634,0.0004447820028872229,0.026125092997972388,0.03660471399780363,2010-10-14 00:00:00,2025-03-07 00:00:00,3563 days 00:00:00,100000.0,102004.237644,2.004238,117.007021,100.0,2143.349851,31.71509,2363 days 00:00:00,11,11,0,0.0,27.272727,38.371091,-9.620449,29.119752,-8.86919,28 days 16:00:00,11 days 06:00:00,1.027778,182.203422,0.076744,0.006416,1.051713,0.110492
MHRIL,Success,0.0046395829995162785,0.00603817899900605,0.0006126110019977205,0.026856443997530732,0.03829237999889301,2009-07-16 00:00:00,2025-03-06 00:00:00,3871 days 00:00:00,100000.0,49087.359199,-50.912641,121.668982,100.0,1335.622196,63.032769,3701 days 00:00:00,9,9,0,0.0,11.111111,16.170555,-13.503557,16.170555,-10.198399,15 days 00:00:00,54 days 18:00:00,0.196689,-5656.960089,-0.496163,-0.102951,0.806228,-0.658834
RAMCOIND,Success,0.005028502000641311,0.006078569000237621,0.00047659299889346585,0.02683280600103899,0.03855733699674602,1999-01-01 00:00:00,2025-03-06 00:00:00,6271 days 00:00:00,100000.0,266332.240193,166.33224,576.366197,100.0,3091.837107,26.22791,1201 days 00:00:00,10,10,0,0.0,60.0,36.756969,-15.181549,28.250001,-11.899341,61 days 20:00:00,16 days 12:00:00,3.340306,16633.224019,0.494271,0.223702,1.326402,0.896857
NAHARCAP,Success,0.00480116799735697,0.006687395001790719,0.00044108899965067394,0.025662651998572983,0.03772782899977756,2008-03-11 00:00:00,2025-03-06 00:00:00,4097 days 00:00:00,100000.0,236959.150607,136.959151,61.494709,100.0,4451.44469,33.905961,2470 days 00:00:00,12,12,0,0.0,50.0,50.415652,-13.503498,30.767246,-11.323352,33 days 00:00:00,21 days 12:00:00,1.978458,11413.262551,0.528171,0.235622,1.377054,1.030125
TFL,Success,0.003865951999614481,0.005939130001934245,0.0005039630013925489,0.026943708999169758,0.03740518600170617,2007-02-26 00:00:00,2025-03-06 00:00:00,3852 days 00:00:00,100000.0,307792.231128,207.792231,-68.021192,100.0,3536.332506,49.351794,2481 days 00:00:00,8,8,0,0.0,50.0,69.172424,-17.925739,55.804673,-14.755148,112 days 12:00:00,13 days 18:00:00,2.38375,25974.028891,0.531603,0.227775,1.223074,0.90082
LPDC,Success,0.0036131229971942957,0.009232448999682674,0.0006305720016825944,0.028710275997582357,0.04231907700159354,2008-08-12 00:00:00,2025-03-07 00:00:00,3802 days 00:00:00,100000.0,145149.807263,45.149807,-77.42818,100.0,1395.081351,27.097779,1085 days 00:00:00,5,5,0,0.0,40.0,53.438769,-16.723352,53.438769,-14.874192,96 days 12:00:00,6 days 08:00:00,1.668671,9029.961453,0.281242,0.134393,1.192746,0.465446
NIPPOBATRY,Success,0.004686631000367925,0.0060445490016718395,0.00046551000195904635,0.026533686999755446,0.03801078600008623,1999-10-07 00:00:00,2025-03-06 00:00:00,5566 days 00:00:00,100000.0,86501.563544,-13.498436,140.253521,100.0,2489.994947,54.886176,2324 days 00:00:00,13,13,0,0.0,30.769231,34.208828,-18.406732,29.086217,-12.007958,71 days 00:00:00,60 days 00:00:00,0.87617,-1038.341266,0.025781,-0.017243,1.010922,0.038623
NAHARINDUS,Success,0.0042554259998723865,0.0067440450002322905,0.00046333999853231944,0.026050849999592174,0.03774311400047736,2005-12-15 00:00:00,2025-03-07 00:00:00,4688 days 00:00:00,100000.0,348266.32451,248.266325,-24.485981,100.0,2775.615503,30.71602,1554 days 00:00:00,9,9,0,0.0,55.555556,53.099926,-14.871177,41.003392,-10.647277,63 days 04:48:00,30 days 12:00:00,5.251259,27585.147168,0.661774,0.332163,1.368406,1.143114
APTECHT,Success,0.0058946649987774435,0.0059860250003112014,0.0004503820018726401,0.026367275000666268,0.03884506599933957,2002-09-27 00:00:00,2025-03-06 00:00:00,5534 days 00:00:00,100000.0,196616.581859,96.616582,372.402104,100.0,5083.4891,51.529096,3298 days 00:00:00,15,15,0,0.0,40.0,65.804521,-19.942647,37.212479,-12.339368,42 days 08:00:00,25 days 08:00:00,1.471995,6441.105457,0.344022,0.088496,1.182001,0.571997
MAHSCOOTER,Success,0.005066530997282825,0.005863060003321152,0.0005642249998345505,0.025936709997040452,0.03757532899908256,1999-01-01 00:00:00,2025-03-06 00:00:00,6149 days 00:00:00,100000.0,301169.501136,201.169501,13800.296269,100.0,5490.246588,22.460587,1950 days 00:00:00,12,12,0,0.0,58.333333,34.905447,-12.115931,25.04835,-8.565028,31 days 20:34:17,18 days 14:24:00,2.796756,16764.125095,0.60858,0.301117,1.602315,1.340589
ONGC,Success,0.005370142000174383,0.005900098996789893,0.0005671200015058275,0.026284930998372147,0.038264670001808554,1999-01-01 00:00:00,2025-03-07 00:00:00,6469 days 00:00:00,100000.0,198542.092582,98.542093,946.262481,100.0,5589.124607,58.204711,5173 days 00:00:00,18,18,0,0.0,38.888889,45.032811,-15.063727,27.201107,-8.415618,82 days 03:25:42,25 days 00:00:00,1.647959,5474.560699,0.334551,0.067787,1.149801,0.497181
JSWENERGY,Success,0.0054532729991478845,0.006969001999095781,0.0004840729998250026,0.026778407001984306,0.03982814399932977,2010-01-04 00:00:00,2025-03-06 00:00:00,3758 days 00:00:00,100000.0,166611.983159,66.611983,395.389192,100.0,2959.370337,41.970337,2215 days 00:00:00,14,14,0,0.0,35.714286,40.288929,-11.478407,32.738928,-9.528607,59 days 19:12:00,30 days 18:40:00,1.73888,4757.998797,0.35419,0.121115,1.141128,0.55152
DIGISPICE,Success,0.0027775790003943257,0.006023137000738643,0.000449933999334462,0.026707300999987638,0.036102518999541644,2011-07-26 00:00:00,2025-03-06 00:00:00,3155 days 00:00:00,100000.0,143222.19395,43.222194,-80.594666,100.0,1337.560957,32.864739,1348 days 00:00:00,6,6,0,0.0,50.0,47.879607,-29.210818,41.525078,-20.027911,40 days 00:00:00,19 days 00:00:00,1.609211,7203.698992,0.322654,0.129118,1.21352,0.527924
NILKAMAL,Success,0.004306810998969013,0.006350249001116026,0.0005740529995819088,0.026987852001184365,0.038354863001586637,2007-01-05 00:00:00,2025-03-06 00:00:00,4480 days 00:00:00,100000.0,278162.886622,178.162887,982.959946,100.0,3449.975625,39.530574,2253 days 00:00:00,9,9,0,0.0,66.666667,42.665792,-19.434179,27.396924,-12.493114,42 days 00:00:00,21 days 08:00:00,3.275099,19795.876291,0.658886,0.219886,1.476682,1.0994
NEULANDLAB,Success,0.00448200699975132,0.006067136997444322,0.00047421600174857304,0.026749157001177082,0.03795545300090453,1999-01-01 00:00:00,2025-03-06 00:00:00,4861 days 00:00:00,100000.0,117300.571768,17.300572,33124.398632,100.0,2683.292474,63.046927,3950 days 00:00:00,12,12,0,0.0,25.0,71.647112,-13.772605,49.987052,-10.882496,26 days 08:00:00,22 days 02:40:00,1.150247,1441.714314,0.153416,0.019119,1.101808,0.252133
TITAGARH,Success,0.004021755001303973,0.006723176000377862,0.0004327530004957225,0.026120267000806052,0.037441626998770516,2008-04-21 00:00:00,2025-03-07 00:00:00,4172 days 00:00:00,100000.0,138063.414519,38.063415,449.621576,100.0,2997.977659,48.009029,3526 days 00:00:00,11,11,0,0.0,27.272727,72.176524,-13.763735,49.757575,-10.30462,133 days 00:00:00,18 days 06:00:00,1.319527,3460.310411,0.244512,0.059615,1.108395,0.390653
ADANIENT,Success,0.004335325000283774,0.006296196002949728,0.0005004410013498273,0.026124396001250716,0.03739242799929343,2006-09-20 00:00:00,2025-03-06 00:00:00,4561 days 00:00:00,100000.0,181665.030853,81.665031,37717.630642,100.0,5409.901666,49.439488,2710 days 00:00:00,21,21,0,0.0,38.095238,31.938058,-11.816033,26.665202,-9.443909,47 days 18:00:00,11 days 22:09:13,1.504701,3888.810993,0.381663,0.098979,1.182314,0.56379
UCOBANK,Success,0.004564539998682449,0.005883697001991095,0.0005377829984354321,0.026261719001922756,0.037382018999778666,2003-10-09 00:00:00,2025-03-06 00:00:00,5299 days 00:00:00,100000.0,102813.675261,2.813675,90.102041,100.0,2838.948826,41.371975,2847 days 00:00:00,16,16,0,0.0,37.5,35.741915,-25.253453,26.464961,-12.603814,48 days 20:00:00,32 days 02:24:00,1.023259,175.854704,0.092397,0.004624,1.040247,0.137005
TRIGYN,Success,0.003842459998850245,0.005873185997188557,0.0005658739974023774,0.025898251002217876,0.036336433000542456,2005-07-26 00:00:00,2025-03-06 00:00:00,4567 days 00:00:00,100000.0,203155.954488,103.155954,333.314917,100.0,2419.801156,30.183096,1171 days 00:00:00,9,9,0,0.0,44.444444,60.527235,-17.246621,45.046359,-14.149184,49 days 00:00:00,26 days 14:24:00,2.054728,11461.772721,0.36779,0.1931,1.242237,0.709805
INDORAMA,Success,0.0042164920014329255,0.006568601998878876,0.00044991899994784035,0.025783719000173733,0.03715244599879952,2003-06-20 00:00:00,2025-03-06 00:00:00,5375 days 00:00:00,100000.0,149522.713138,49.522713,4.554745,100.0,2887.716851,55.686061,2671 days 00:00:00,12,12,0,0.0,41.666667,45.14531,-20.048243,33.366667,-13.615241,39 days 14:24:00,38 days 03:25:42,1.391867,4126.892761,0.233647,0.049732,1.126536,0.407965
PVP,Success,0.0029108790004102048,0.006025710001267726,0.0004513160019996576,0.02630785400106106,0.03585759600173333,2008-06-23 00:00:00,2025-03-06 00:00:00,3516 days 00:00:00,100000.0,50898.251223,-49.101749,-76.62014,100.0,1160.82842,59.709927,2091 days 00:00:00,7,7,0,0.0,14.285714,45.526822,-20.32916,45.526822,-15.987761,32 days 00:00:00,29 days 12:00:00,0.438727,-7014.53554,-0.336676,-0.113393,0.828752,-0.478984
TATASTEEL,Success,0.005697653999959584,0.006320286000118358,0.0005667520017595962,0.026702827999542933,0.03943312899718876,1994-11-03 00:00:00,2025-03-06 00:00:00,7514 days 00:00:00,100000.0,145772.500267,45.7725,793.190087,100.0,6807.945044,31.300439,2647 days 00:00:00,27,27,0,0.0,29.62963,49.962909,-13.263793,26.168464,-7.347989,40 days 18:00:00,12 days 22:44:12,1.254218,1695.277788,0.199053,0.059027,1.104765,0.298496
VARDMNPOLY,Success,0.004774041000928264,0.005978237000817899,0.0004567719988699537,0.025468181000178447,0.03681929300000775,1999-01-01 00:00:00,2025-03-06 00:00:00,6277 days 00:00:00,100000.0,54316.075535,-45.683924,279.925504,100.0,1767.074375,66.805353,5411 days 00:00:00,13,13,0,0.0,23.076923,45.940966,-17.119262,37.229259,-14.381857,51 days 08:00:00,32 days 09:36:00,0.56792,-3514.148036,-0.101154,-0.052194,0.943358,-0.149231
CUB,Success,0.00559357100064517,0.006766849000996444,0.00046284199925139546,0.026189782001893036,0.039154450001660734,1999-01-01 00:00:00,2025-03-06 00:00:00,6416 days 00:00:00,100000.0,88020.261503,-11.979738,15244.290893,100.0,3190.762478,57.219516,5155 days 00:00:00,18,18,0,0.0,27.777778,40.408177,-20.725037,28.340449,-9.855624,63 days 09:36:00,32 days 07:23:04,0.904437,-665.541028,0.038629,-0.012641,1.019506,0.051621
PFOCUS,Success,0.00410352900144062,0.006041276999894762,0.0004529569996520877,0.026009640998381656,0.036743031996593345,2006-06-20 00:00:00,2025-03-06 00:00:00,4586 days 00:00:00,100000.0,207479.734658,107.479735,201.180448,100.0,2978.984857,54.202005,3468 days 00:00:00,11,11,0,0.0,45.454545,48.859642,-25.366621,38.4958,-13.503369,40 days 00:00:00,42 days 20:00:00,1.907,9770.884969,0.393887,0.110347,1.223269,0.635867
GLOBALVECT,Success,0.004002232002676465,0.006204932000400731,0.0006460020013037138,0.02803922800012515,0.03902953899887507,2006-10-27 00:00:00,2025-03-06 00:00:00,4372 days 00:00:00,100000.0,199301.551266,99.301551,33.072,100.0,2078.215708,49.034967,1091 days 00:00:00,9,9,0,0.0,55.555556,60.857737,-16.719626,32.152196,-15.336098,14 days 09:36:00,28 days 06:00:00,2.643958,11033.505696,0.453603,0.120864,1.339973,0.781827
PGIL,Success,0.0042389539994474035,0.005915629997616634,0.0004390399990370497,0.025641878000897123,0.03636766000272473,2007-02-15 00:00:00,2025-03-06 00:00:00,4458 days 00:00:00,100000.0,187918.457587,87.918458,604.217169,100.0,1610.023793,32.526929,2585 days 00:00:00,7,6,1,16693.254233,50.0,39.198062,-14.727716,34.586286,-11.01864,30 days 08:00:00,28 days 00:00:00,2.840687,11870.867226,0.441865,0.162964,1.352991,0.793231
SCI,Success,0.005319644998962758,0.006587299998500384,0.0004491600011533592,0.025725594998220913,0.038216680000914494,1999-01-01 00:00:00,2025-03-06 00:00:00,6468 days 00:00:00,100000.0,276216.267937,176.216268,1266.947982,100.0,6714.013014,37.537074,1955 days 00:00:00,17,17,0,0.0,47.058824,40.55958,-14.379709,29.306199,-10.757942,56 days 06:00:00,36 days 13:20:00,1.845889,10365.66282,0.424561,0.157207,1.199516,0.725024
FEDERALBNK,Success,0.004967484001099365,0.0060557689976121765,0.0004839689972868655,0.02614181699755136,0.03779036199921393,1994-11-30 00:00:00,2025-03-07 00:00:00,7177 days 00:00:00,100000.0,182809.182396,82.809182,2709.287446,100.0,7225.450345,54.60752,2480 days 00:00:00,27,27,0,0.0,37.037037,49.887135,-22.908493,26.365833,-9.422471,69 days 02:24:00,24 days 22:35:17,1.418375,3067.006755,0.262345,0.057055,1.105534,0.386957
EMAMILTD,Success,0.0043195580001338385,0.005946356999629643,0.0005504660002770834,0.025883687001623912,0.03683002999969176,2006-08-03 00:00:00,2025-03-06 00:00:00,4594 days 00:00:00,100000.0,155347.631182,55.347631,1091.617232,100.0,3530.647766,38.361691,3067 days 00:00:00,17,17,0,0.0,41.176471,31.111528,-12.916358,21.524054,-8.73536,52 days 10:17:08,24 days 16:48:00,1.605794,3255.743011,0.304535,0.092847,1.131006,0.487956
ACL,Success,0.0038762889998906758,0.005972119000944076,0.00046142900100676343,0.025348663999466226,0.0358276909973938,2010-11-08 00:00:00,2025-03-06 00:00:00,3348 days 00:00:00,100000.0,58420.364805,-41.579635,-86.063205,100.0,1164.862811,46.193624,1597 days 00:00:00,7,7,0,0.0,14.285714,40.356707,-17.002763,40.356707,-13.581688,21 days 00:00:00,14 days 04:00:00,0.419646,-5939.947885,-0.434397,-0.12321,0.719089,-0.626498
OMAXE,Success,0.004721082001196919,0.006669746999250492,0.0004419659999257419,0.027053424000769155,0.039022610002575675,2007-08-09 00:00:00,2025-03-07 00:00:00,4345 days 00:00:00,100000.0,100366.889968,0.36689,-69.948355,100.0,1622.998649,11.377785,1869 days 00:00:00,8,8,0,0.0,37.5,10.568216,-10.266026,8.546142,-4.676016,90 days 00:00:00,16 days 00:00:00,1.015212,45.861246,0.030962,0.002704,1.019837,0.040852
JWL,Success,0.0030407349986489862,0.005965349002508447,0.00043612300214590505,0.0262249810002686,0.03581053099696874,2010-10-18 00:00:00,2025-03-06 00:00:00,3560 days 00:00:00,100000.0,217316.792016,117.316792,171.523472,100.0,3279.998689,47.143684,1820 days 00:00:00,12,12,0,0.0,41.666667,53.787173,-24.002474,45.451947,-14.336941,70 days 09:36:00,18 days 20:34:17,1.834579,9776.399335,0.436869,0.175704,1.181614,0.714731
PRAKASH,Success,0.00572024900247925,0.005804847998660989,0.0005610549997072667,0.026316497998777777,0.038535651001438964,1999-01-01 00:00:00,2025-03-06 00:00:00,5725 days 00:00:00,100000.0,1075060.80101,975.060801,6061.404299,100.0,24501.350345,45.982847,1321 days 00:00:00,14,14,0,0.0,50.0,118.067879,-17.100336,66.750175,-13.962224,60 days 20:34:17,53 days 13:42:51,1.935336,69647.200072,0.634249,0.355527,1.305957,1.160165
GOACARBON,Success,0.003965416002756683,0.005888059000426438,0.000487872999656247,0.025512367999908747,0.035995551999803865,2007-06-05 00:00:00,2025-03-06 00:00:00,4253 days 00:00:00,100000.0,103843.163496,3.843163,728.424946,100.0,1706.639148,30.843502,3391 days 00:00:00,9,9,0,0.0,33.333333,33.47098,-15.710405,30.92184,-12.020992,21 days 08:00:00,6 days 16:00:00,1.053154,427.018166,0.087935,0.01051,1.092897,0.154237
KOTAKBANK,Success,0.005630163999740034,0.006594294998649275,0.0004954369978804607,0.025713938997796504,0.03856866100250045,2003-04-21 00:00:00,2025-03-06 00:00:00,5419 days 00:00:00,100000.0,151657.291786,51.657292,24664.175258,100.0,5650.501324,38.849635,2387 days 00:00:00,19,19,0,0.0,31.578947,43.304593,-17.657272,27.523576,-7.421087,64 days 04:00:00,25 days 20:18:27,1.379171,2718.804831,0.270628,0.073225,1.11154,0.388958
PRAJIND,Success,0.004604405999998562,0.006187895000039134,0.0004794140004378278,0.026817851001396775,0.038260043002082966,1999-01-01 00:00:00,2025-03-06 00:00:00,6214 days 00:00:00,100000.0,279335.677552,179.335678,67724.104235,100.0,12267.178918,53.588834,5328 days 00:00:00,25,25,0,0.0,40.0,80.456201,-21.310369,38.990129,-13.382824,49 days 00:00:00,29 days 04:48:00,1.330408,7173.427102,0.359762,0.116062,1.144581,0.594713
THERMAX,Success,0.005942609001067467,0.00597069899959024,0.0006206869984453078,0.02698797799894237,0.03965681099725771,1999-01-01 00:00:00,2025-03-06 00:00:00,6467 days 00:00:00,100000.0,86590.271173,-13.409729,11458.669002,100.0,3383.397649,43.083221,2125 days 00:00:00,15,15,0,0.0,26.666667,26.023313,-12.033271,22.684919,-8.345693,45 days 06:00:00,21 days 19:38:10,0.87329,-893.981922,-0.041266,-0.018786,0.977306,-0.064614
NESCO,Success,0.003941145001590485,0.006385297998349415,0.0006611989992961753,0.026004422001278726,0.03712366999752703,2008-04-08 00:00:00,2025-03-06 00:00:00,4175 days 00:00:00,100000.0,105852.847499,5.852847,774.093165,100.0,1976.239174,30.181256,1270 days 00:00:00,10,10,0,0.0,40.0,22.009037,-14.611939,18.771721,-9.925284,51 days 06:00:00,50 days 08:00:00,1.096237,585.28475,0.103528,0.016517,1.045422,0.15498
UNITDSPR,Success,0.003865057002258254,0.006632332002482144,0.00044901699948241003,0.028894360999402124,0.039975040999706835,2006-11-02 00:00:00,2025-03-06 00:00:00,4535 days 00:00:00,100000.0,123421.55428,23.421554,764.028275,100.0,3117.117625,33.224446,3669 days 00:00:00,14,14,0,0.0,35.714286,38.671443,-13.489467,21.561399,-7.978475,59 days 19:12:00,29 days 10:40:00,1.283153,1672.968163,0.189846,0.051411,1.081405,0.282717
DLF,Success,0.003714795002451865,0.005993643000692828,0.0004952119998051785,0.027095297999039758,0.03743487799874856,2007-07-05 00:00:00,2025-03-06 00:00:00,4369 days 00:00:00,100000.0,83441.669373,-16.558331,16.760269,100.0,2283.561967,53.627143,3432 days 00:00:00,12,12,0,0.0,25.0,35.772545,-11.212223,24.714758,-8.870021,29 days 16:00:00,22 days 18:40:00,0.794467,-1379.860886,-0.059001,-0.027988,0.967617,-0.078333
ITDCEM,Success,0.00424249800198595,0.006334894002065994,0.0005982199982099701,0.026924298002995783,0.03825066900026286,2005-08-16 00:00:00,2025-03-06 00:00:00,4716 days 00:00:00,100000.0,251830.30201,151.830302,1570.215025,100.0,4790.50721,27.131161,1308 days 00:00:00,12,12,0,0.0,50.0,39.571228,-13.647828,30.662217,-10.512186,53 days 00:00:00,29 days 04:00:00,2.083208,12652.525168,0.477632,0.273113,1.255706,0.817834
PARSVNATH,Success,0.0037966889976814855,0.006028856998455012,0.00046536399895558134,0.025790436997340294,0.036230057001375826,2006-11-30 00:00:00,2025-03-06 00:00:00,4511 days 00:00:00,100000.0,427833.215629,327.833216,-91.633739,100.0,4232.704004,24.618605,2067 days 00:00:00,10,10,0,0.0,60.0,48.067652,-16.656134,38.048838,-10.828904,17 days 08:00:00,9 days 00:00:00,4.647305,32783.321563,1.078151,0.506967,2.297133,2.184052
SPARC,Success,0.0040616919977765065,0.006450966997363139,0.0005081640010757837,0.026014245999249397,0.03716798000095878,2007-07-18 00:00:00,2025-03-06 00:00:00,4360 days 00:00:00,100000.0,103511.72165,3.511722,47.998418,100.0,1369.843853,33.073847,2875 days 00:00:00,7,7,0,0.0,28.571429,38.222311,-12.879798,31.377635,-9.634856,132 days 00:00:00,13 days 04:48:00,1.069945,501.674521,0.089491,0.008749,1.050689,0.146935
AGI,Success,0.003973538998252479,0.006094789998314809,0.0004370850001578219,0.02677633300118032,0.03742922299716156,2009-04-27 00:00:00,2025-03-06 00:00:00,3879 days 00:00:00,100000.0,124962.144979,24.962145,7363.40822,100.0,2883.286411,42.607156,2208 days 00:00:00,13,13,0,0.0,30.769231,38.321191,-14.71661,33.124729,-9.685254,28 days 12:00:00,14 days 02:40:00,1.239976,1920.164998,0.207046,0.049733,1.136562,0.338156
HBLENGINE,Success,0.0037878069997532293,0.005821497001306852,0.0005700490000890568,0.026443375998496776,0.03676052699665888,2007-01-04 00:00:00,2025-03-06 00:00:00,4439 days 00:00:00,100000.0,29898.408317,-70.101592,1576.77521,100.0,1445.900975,71.5043,4183 days 00:00:00,14,14,0,0.0,14.285714,31.960983,-26.013071,29.800851,-13.304292,23 days 12:00:00,17 days 04:00:00,0.273004,-5007.256549,-0.492606,-0.132171,0.74092,-0.654856
MASTEK,Success,0.004764261000673287,0.00606451199928415,0.000461520001408644,0.025906918999680784,0.037335384000471095,1999-01-01 00:00:00,2025-03-06 00:00:00,6467 days 00:00:00,100000.0,83709.413637,-16.290586,10507.524332,100.0,2528.204987,48.719937,3638 days 00:00:00,14,14,0,0.0,28.571429,41.124039,-26.563011,36.274747,-13.0104,24 days 06:00:00,23 days 14:24:00,0.865954,-1163.613312,0.00635,-0.020497,1.004426,0.009615
KIRLOSIND,Success,0.003185326997481752,0.006392588999005966,0.00046518399904016405,0.02633767999941483,0.03651738099870272,2010-06-24 00:00:00,2025-03-06 00:00:00,3616 days 00:00:00,100000.0,214700.798416,114.700798,698.404769,100.0,3469.517953,28.509591,1293 days 00:00:00,11,11,0,0.0,45.454545,44.066887,-12.311385,30.810208,-9.012947,76 days 14:24:00,13 days 20:00:00,2.329419,10427.345311,0.523739,0.281232,1.239312,0.926268
CERA,Success,0.003611358999478398,0.006164349997561658,0.0004353030017227866,0.026802308999322122,0.03716356299992185,2007-11-02 00:00:00,2025-03-06 00:00:00,4187 days 00:00:00,100000.0,129429.806986,29.429807,7554.383562,100.0,2886.617333,22.093292,994 days 00:00:00,11,11,0,0.0,36.363636,25.856526,-12.441182,24.15019,-8.280286,61 days 06:00:00,25 days 06:51:25,1.368687,2675.436999,0.255821,0.102941,1.123188,0.397088
UPL,Success,0.005568251999648055,0.006290036002610577,0.000577017999603413,0.028214336001838092,0.040924853001342854,2006-11-02 00:00:00,2025-03-07 00:00:00,4536 days 00:00:00,100000.0,115300.298195,15.300298,554.381492,100.0,2155.88547,44.491795,1876 days 00:00:00,11,11,0,0.0,36.363636,28.363838,-19.477331,22.871577,-9.118113,31 days 12:00:00,20 days 10:17:08,1.24331,1390.9362,0.161388,0.025897,1.095971,0.232861
INDIANCARD,Success,0.006353509998007212,0.006093031999625964,0.0004704159982793499,0.027127641998959007,0.0402044950023992,1999-01-01 00:00:00,2025-03-06 00:00:00,6128 days 00:00:00,100000.0,156338.083486,56.338083,647.242424,100.0,6151.470098,45.694272,4378 days 00:00:00,17,17,0,0.0,35.294118,43.188102,-17.746181,35.005706,-11.445249,50 days 12:00:00,25 days 19:38:10,1.225853,3314.004911,0.230476,0.059029,1.120462,0.382775
AMBIKCO,Success,0.004347115002019564,0.006506000001536449,0.00043668000216712244,0.025885249000566546,0.03731546999915736,2008-01-29 00:00:00,2025-03-06 00:00:00,4125 days 00:00:00,100000.0,246271.760119,146.27176,869.120292,100.0,3544.053895,18.757671,1014 days 00:00:00,9,9,0,0.0,55.555556,57.957484,-12.975553,29.976921,-8.908651,45 days 04:48:00,21 days 12:00:00,2.873702,16252.417791,0.638586,0.442563,1.513053,1.271095
ARE&M,Success,0.004663403000449762,0.006097279001551215,0.00044571299804374576,0.026683538999350276,0.03803706300095655,1999-01-01 00:00:00,2025-03-06 00:00:00,6284 days 00:00:00,100000.0,244952.336236,144.952336,7360.242387,100.0,6468.671468,40.777098,2332 days 00:00:00,19,19,0,0.0,47.368421,40.748986,-21.194542,25.415624,-10.540797,54 days 00:00:00,18 days 07:12:00,1.85391,7629.070328,0.42967,0.130992,1.221701,0.693859
JCHAC,Success,0.004726421997474972,0.005922136002482148,0.000562795001314953,0.028899933000502642,0.04030557599980966,2006-11-02 00:00:00,2025-03-06 00:00:00,4533 days 00:00:00,100000.0,70326.895542,-29.673104,1973.642541,100.0,1662.165042,49.010839,4299 days 00:00:00,12,12,0,0.0,25.0,37.687399,-28.344276,28.842747,-11.333695,42 days 16:00:00,72 days 21:20:00,0.618952,-2472.758705,-0.045388,-0.057021,0.982091,-0.070351
SHREECEM,Success,0.004401486999995541,0.005644979002681794,0.00044206399979884736,0.027837058001750847,0.038457329999801004,1999-01-01 00:00:00,2025-03-06 00:00:00,6148 days 00:00:00,100000.0,244408.477761,144.408478,133209.98258,100.0,9954.789857,47.691764,4345 days 00:00:00,18,18,0,0.0,33.333333,60.615348,-16.267832,39.314691,-8.417925,107 days 12:00:00,26 days 20:00:00,1.456976,8022.693209,0.359353,0.114252,1.148779,0.569885
SUPRAJIT,Success,0.004042036998725962,0.006870447999972384,0.00043394499880378135,0.02696714700141456,0.038452187000075355,2005-02-18 00:00:00,2025-03-07 00:00:00,4858 days 00:00:00,100000.0,232082.200986,132.082201,5095.098486,100.0,5698.062758,48.915536,2485 days 00:00:00,15,15,0,0.0,46.666667,48.907748,-18.50348,30.386268,-11.670101,63 days 17:08:34,22 days 09:00:00,1.691289,8805.480066,0.445391,0.133496,1.206116,0.734318
ADVANIHOTR,Success,0.0038671570000587963,0.005929637998633552,0.000425485002779169,0.02627024200046435,0.03662221299964585,2007-06-25 00:00:00,2025-03-06 00:00:00,3807 days 00:00:00,100000.0,107667.157729,7.667158,138.474082,100.0,1729.433904,33.666845,2541 days 00:00:00,7,7,0,0.0,28.571429,37.779484,-15.833113,35.764582,-10.09583,98 days 12:00:00,36 days 00:00:00,1.121316,1095.308247,0.120116,0.021113,1.070261,0.209084
BEPL,Success,0.004321012002037605,0.005850645000464283,0.0005578400014201179,0.027374147000955418,0.03831853100200533,2005-03-21 00:00:00,2025-03-06 00:00:00,4657 days 00:00:00,100000.0,113932.832588,13.932833,357.319605,100.0,1554.072546,43.133297,1669 days 00:00:00,9,9,0,0.0,33.333333,41.090896,-14.033269,35.215474,-12.011146,85 days 08:00:00,23 days 08:00:00,1.217203,1548.09251,0.142271,0.023823,1.074675,0.231312
ORIENTLTD,Success,0.0027004910007235594,0.005696064999938244,0.0006108110028435476,0.0252904370026954,0.03444741999919643,2010-03-03 00:00:00,2025-03-06 00:00:00,3166 days 00:00:00,100000.0,96524.949696,-3.47505,26.325297,100.0,517.732098,37.981703,1626 days 00:00:00,3,3,0,0.0,33.333333,32.525564,-16.995917,32.525564,-14.62797,58 days 00:00:00,21 days 12:00:00,0.871992,-1158.350101,0.01942,-0.010714,1.014931,0.032437
APOLLOHOSP,Success,0.005207875001360662,0.006515253000543453,0.0004760940028063487,0.026845309002965223,0.03918758100189734,1999-01-01 00:00:00,2025-03-06 00:00:00,6469 days 00:00:00,100000.0,466525.647629,366.525648,49205.302581,100.0,12358.464625,26.118167,1319 days 00:00:00,16,16,0,0.0,50.0,60.963585,-21.247337,33.492944,-8.409065,66 days 12:00:00,30 days 00:00:00,2.304035,22907.852977,0.624008,0.347601,1.318503,1.03054
GHCL,Success,0.006710790999932215,0.005909384002734441,0.0004478110022319015,0.026434630002768245,0.039689475001068786,1999-01-01 00:00:00,2025-03-06 00:00:00,6459 days 00:00:00,100000.0,71348.969571,-28.65103,4434.482759,100.0,3692.750244,59.780739,4804 days 00:00:00,16,16,0,0.0,25.0,35.592129,-17.715922,27.276585,-10.186774,31 days 06:00:00,33 days 20:00:00,0.807251,-1790.689402,-0.091667,-0.031609,0.949219,-0.140939
CONSOFINVT,Success,0.0037230570014799014,0.005907798997213831,0.0005401669986895286,0.025828021000052104,0.0361283390011522,2005-03-29 00:00:00,2025-03-06 00:00:00,4624 days 00:00:00,100000.0,48188.513729,-51.811486,272.154014,100.0,1175.113998,73.847233,3907 days 00:00:00,11,11,0,0.0,18.181818,41.783566,-25.704709,35.643561,-13.673303,33 days 00:00:00,51 days 08:00:00,0.349313,-4710.135116,-0.205231,-0.07583,0.913638,-0.275846
RATNAMANI,Success,0.004299708998587448,0.006026001999998698,0.00045383999895420857,0.02572629899805179,0.0366746729996521,2006-05-09 00:00:00,2025-03-07 00:00:00,4641 days 00:00:00,100000.0,565118.557198,465.118557,4391.987624,100.0,5439.094909,17.216097,312 days 00:00:00,10,10,0,0.0,80.0,45.166251,-13.250836,28.128882,-11.125459,62 days 09:00:00,6 days 00:00:00,9.493094,46511.85572,0.918127,0.847565,1.584429,1.814756
DEN,Success,0.0032473889987159055,0.006374062999384478,0.0004533829996944405,0.025401500999578275,0.03560902800018084,2009-11-24 00:00:00,2025-03-06 00:00:00,3784 days 00:00:00,100000.0,79494.525142,-20.505475,-80.287636,100.0,2005.262618,37.645036,2627 days 00:00:00,11,11,0,0.0,27.272727,34.763452,-12.464714,25.194611,-10.625451,22 days 16:00:00,23 days 09:00:00,0.748512,-1864.134078,-0.092599,-0.058155,0.948527,-0.149175
MADHUCON,Success,0.0038266109986579977,0.005958095000096364,0.00042510699859121814,0.025609330001316266,0.03600326599917025,2006-10-05 00:00:00,2025-03-06 00:00:00,4522 days 00:00:00,100000.0,308362.474149,208.362474,-94.746598,100.0,4913.008401,33.566716,2261 days 00:00:00,12,12,0,0.0,50.0,55.502462,-19.344509,41.228592,-14.239641,23 days 04:00:00,22 days 16:00:00,2.104829,17363.539512,0.626672,0.283478,1.441837,1.096892
HITECHGEAR,Success,0.004700692999904277,0.0059589659977064,0.0005433170008473098,0.18005755999911344,0.19141749700065702,2003-05-15 00:00:00,2025-03-06 00:00:00,5270 days 00:00:00,100000.0,223842.670469,123.84267,2363.821076,100.0,4360.178185,39.218491,1627 days 00:00:00,14,14,0,0.0,42.857143,52.137593,-17.138261,38.615222,-13.242338,57 days 16:00:00,28 days 15:00:00,1.69708,8845.905034,0.382716,0.146345,1.203124,0.655538
CARBORUNIV,Success,0.00638468499892042,0.006188429000758333,0.0004776620007760357,0.027019724999263417,0.04032385800019256,1995-02-24 00:00:00,2025-03-06 00:00:00,7230 days 00:00:00,100000.0,113115.883272,13.115883,14651.2,100.0,4089.734611,51.466334,3505 days 00:00:00,19,19,0,0.0,31.578947,40.907693,-23.569066,31.025081,-10.654154,72 days 16:00:00,32 days 12:55:23,1.083538,690.309646,0.123841,0.012127,1.056614,0.189144
BAGFILMS,Success,0.0057571699981053825,0.007503061999159399,0.0004636779995053075,0.02554327300094883,0.03942384900074103,2003-10-17 00:00:00,2025-03-06 00:00:00,5122 days 00:00:00,100000.0,64654.780244,-35.34522,-48.192771,100.0,2707.614932,68.85027,3007 days 00:00:00,12,12,0,0.0,25.0,49.142246,-18.628586,42.208407,-15.206561,47 days 00:00:00,20 days 18:40:00,0.785386,-2945.43498,-0.069032,-0.044444,0.958822,-0.113867
BANCOINDIA,Success,0.004120443998544943,0.005963564002740895,0.00044201900163898245,0.026127915996767115,0.036802858998271404,2006-12-22 00:00:00,2025-03-06 00:00:00,4486 days 00:00:00,100000.0,403361.166344,303.361166,2209.326959,100.0,5603.269793,39.540472,2813 days 00:00:00,18,18,0,0.0,50.0,49.11738,-24.466889,33.356703,-12.180817,37 days 02:40:00,59 days 02:40:00,3.006293,16853.39813,0.608994,0.303903,1.243764,1.093283
SANGHIIND,Success,0.0048098349980136845,0.006112465001933742,0.00043996100066578947,0.02927351399921463,0.04077173899713671,1995-08-24 00:00:00,2025-03-06 00:00:00,5137 days 00:00:00,100000.0,148700.359276,48.700359,-12.345764,100.0,1958.366763,55.142295,2735 days 00:00:00,10,10,0,0.0,40.0,47.130923,-24.517649,40.652336,-14.676035,56 days 18:00:00,110 days 20:00:00,1.529687,4870.035928,0.234779,0.051852,1.085876,0.389659
RAJESHEXPO,Success,0.004484401000809157,0.005951834002189571,0.00043533300049602985,0.029169897999963723,0.040196590998675674,2000-02-09 00:00:00,2025-03-06 00:00:00,5537 days 00:00:00,100000.0,240553.792416,140.553792,1895.614939,100.0,4244.922615,39.644309,2748 days 00:00:00,12,12,0,0.0,50.0,40.497395,-13.01882,26.535925,-8.211337,57 days 20:00:00,32 days 00:00:00,2.45069,11712.816035,0.531071,0.150261,1.332756,0.891891
CALSOFT,Success,0.004313461999117862,0.006162319998111343,0.00046230099906097166,0.030479603999992833,0.04156662899913499,2000-06-28 00:00:00,2025-03-06 00:00:00,3312 days 00:00:00,100000.0,38428.396926,-61.571603,-84.022002,100.0,1182.842541,70.486713,3167 days 00:00:00,9,8,1,565.931024,12.5,11.273023,-17.359663,11.273023,-14.25245,4 days 00:00:00,24 days 10:17:08,0.134111,-7767.191762,-0.405484,-0.141918,0.787422,-0.600959
ARCHIES,Success,0.00509319100092398,0.006945457000256283,0.0004591860015352722,0.028097267997509334,0.04074869100077194,1999-01-01 00:00:00,2025-03-06 00:00:00,6108 days 00:00:00,100000.0,10104.600321,-89.8954,-81.855608,100.0,1384.740403,92.004619,5567 days 00:00:00,21,21,0,0.0,9.52381,35.686531,-21.936982,34.731632,-14.022891,15 days 12:00:00,39 days 20:12:37,0.0969,-4280.733318,-0.523898,-0.139132,0.802085,-0.784176
MTEDUCARE,Success,0.003065947999857599,0.00603369899909012,0.00046930899770813994,0.02975710500322748,0.039459773997805314,2012-04-26 00:00:00,2025-03-06 00:00:00,3093 days 00:00:00,100000.0,85332.100827,-14.667899,-97.849365,100.0,640.235009,44.898767,2095 days 00:00:00,3,3,0,0.0,33.333333,25.638951,-18.940645,25.638951,-17.585361,20 days 00:00:00,128 days 00:00:00,0.635863,-4889.299724,-0.054841,-0.041303,0.972237,-0.082377
BANKBARODA,Success,0.005451174998597708,0.005755058999056928,0.0005567699990933761,0.030947244002163643,0.042848225002671825,1999-01-01 00:00:00,2025-03-07 00:00:00,6470 days 00:00:00,100000.0,266664.233677,166.664234,1946.085192,100.0,10390.038523,51.123033,2106 days 00:00:00,24,24,0,0.0,37.5,53.830689,-17.19092,31.251345,-9.101887,58 days 08:00:00,23 days 22:24:00,1.541288,6944.34307,0.383606,0.111284,1.171503,0.572241
SOLARINDS,Success,0.0029956279977341183,0.005740130000049248,0.0004600889988068957,0.027264086002105614,0.036592050000763265,2009-04-13 00:00:00,2025-03-06 00:00:00,3930 days 00:00:00,100000.0,229899.404035,129.899404,21528.686636,100.0,3298.896728,20.48525,2378 days 00:00:00,11,11,0,0.0,54.545455,33.554238,-11.960232,23.528089,-8.167785,62 days 12:00:00,33 days 19:12:00,2.939167,11809.03673,0.602051,0.392397,1.27727,1.021695
JSL,Success,0.004617099999450147,0.0065996849989460316,0.0004948130008415319,0.027484092002850957,0.03933668300305726,2003-11-17 00:00:00,2025-03-06 00:00:00,5264 days 00:00:00,100000.0,215069.73586,115.069736,1737.381454,100.0,4666.306554,45.007272,2846 days 00:00:00,19,19,0,0.0,42.105263,46.279909,-16.011807,30.473929,-11.522012,46 days 18:00:00,46 days 10:54:32,1.743453,6056.301887,0.346753,0.121168,1.133104,0.558244
PRIMESECU,Success,0.004579618998832302,0.007808810001733946,0.0009922729987010825,0.028875993000838207,0.04240818600010243,2005-06-17 00:00:00,2025-03-06 00:00:00,4747 days 00:00:00,100000.0,56307.132417,-43.692868,593.639123,100.0,1142.922883,74.797338,4604 days 00:00:00,10,10,0,0.0,20.0,41.963722,-20.018144,39.940945,-14.380329,32 days 12:00:00,67 days 09:00:00,0.425286,-4369.286758,-0.059891,-0.057758,0.975533,-0.090812
JPASSOCIAT,Success,0.004159203999734018,0.005909187999350252,0.000826617000711849,0.027986335000605322,0.0390116480011784,2004-06-14 00:00:00,2025-03-06 00:00:00,5042 days 00:00:00,100000.0,44406.860898,-55.593139,-70.173252,100.0,1563.765587,72.004016,4562 days 00:00:00,11,11,0,0.0,18.181818,35.837236,-22.453658,32.197398,-14.012626,23 days 12:00:00,56 days 16:00:00,0.43255,-5053.921737,-0.21263,-0.079263,0.913962,-0.302891
AMJLAND,Success,0.004739545001939405,0.00739586999770836,0.0016828260013426188,0.030260227002145257,0.04423927500101854,1999-01-01 00:00:00,2025-03-06 00:00:00,5966 days 00:00:00,100000.0,43328.304288,-56.671696,1775.000007,100.0,1635.410618,68.982052,5795 days 00:00:00,15,15,0,0.0,20.0,55.022577,-29.453624,47.061023,-15.1136,66 days 00:00:00,15 days 04:00:00,0.50424,-3778.113047,-0.184945,-0.072311,0.895941,-0.27534
MAYURUNIQ,Success,0.0042164589976891875,0.00699919000180671,0.00046709200250916183,0.02548806399863679,0.03731800600144197,2012-09-25 00:00:00,2025-03-06 00:00:00,3078 days 00:00:00,100000.0,92134.567842,-7.865432,407.382199,100.0,734.524165,26.980365,2363 days 00:00:00,4,4,0,0.0,25.0,23.978652,-11.098085,23.978652,-9.417176,135 days 00:00:00,196 days 08:00:00,0.712553,-1966.35804,0.027288,-0.035831,1.008274,0.040897
PGHH,Success,0.005971386999590322,0.006284790000790963,0.0004628269998647738,0.02648976500131539,0.03938387900052476,2004-07-08 00:00:00,2025-03-06 00:00:00,5109 days 00:00:00,100000.0,97965.359711,-2.03464,3397.407066,100.0,2936.655906,31.601338,2818 days 00:00:00,14,14,0,0.0,28.571429,20.278517,-8.604696,17.67777,-6.480411,78 days 00:00:00,58 days 19:12:00,0.970819,-145.331449,0.043562,-0.004644,1.015331,0.066105
NSIL,Success,0.005809638001665007,0.006145440998807317,0.0005802849991596304,0.02766675800012308,0.04034131699881982,2005-06-07 00:00:00,2025-03-06 00:00:00,4371 days 00:00:00,100000.0,301627.066718,201.627067,1810.626626,100.0,3253.203147,32.635358,1005 days 00:00:00,9,9,0,0.0,55.555556,38.485659,-10.593707,35.333855,-9.663141,87 days 19:12:00,28 days 00:00:00,3.776523,22403.007413,0.559987,0.29592,1.291664,1.033463
M&MFIN,Success,0.004495097000472015,0.006034982001438038,0.00044847800018033013,0.02616089900038787,0.03728757299904828,2006-11-02 00:00:00,2025-03-06 00:00:00,4534 days 00:00:00,100000.0,90790.822609,-9.209177,841.761937,100.0,2485.763864,40.36158,4202 days 00:00:00,13,13,0,0.0,30.769231,31.626322,-20.209919,26.297414,-10.710005,49 days 18:00:00,37 days 13:20:00,0.907121,-708.398261,0.035354,-0.019195,1.015143,0.052623
MANGALAM,Success,0.004537030999927083,0.0066479150009399746,0.00046611799916718155,0.028448703997128177,0.04025139700024738,2005-05-23 00:00:00,2025-03-06 00:00:00,4664 days 00:00:00,100000.0,152666.650333,52.66665,138.935568,100.0,2208.113396,44.279397,1792 days 00:00:00,11,11,0,0.0,36.363636,58.556728,-20.303556,48.087928,-14.997839,47 days 00:00:00,25 days 06:51:25,1.479637,4787.877303,0.26649,0.076028,1.153613,0.483155
SURYAROSNI,Success,0.005096027001854964,0.00601147899942589,0.0005561479993048124,0.02730902399707702,0.039115722000133246,1999-01-01 00:00:00,2025-03-06 00:00:00,6374 days 00:00:00,100000.0,869602.943489,769.602943,7930.08,100.0,10834.673462,43.600441,1772 days 00:00:00,16,16,0,0.0,62.5,70.071573,-19.16447,35.51729,-12.989605,46 days 07:12:00,29 days 04:00:00,4.289687,48100.183968,0.718673,0.302407,1.421992,1.303778
BALAJITELE,Success,0.005711402998713311,0.006452412002545316,0.0006634929995925631,0.02862921799896867,0.04158901999835507,2000-11-22 00:00:00,2025-03-06 00:00:00,5997 days 00:00:00,100000.0,350869.305551,250.869306,79.426752,100.0,7423.675271,40.435458,1866 days 00:00:00,14,14,0,0.0,50.0,47.404763,-15.751356,36.743011,-12.322889,40 days 17:08:34,36 days 00:00:00,1.904376,17919.236111,0.578554,0.196345,1.323043,0.990738
SONATSOFTW,Success,0.00481866500194883,0.00636234099874855,0.0004499440001382027,0.026258530000632163,0.03802120199907222,1999-07-28 00:00:00,2025-03-06 00:00:00,6350 days 00:00:00,100000.0,105277.075505,5.277076,2591.691213,100.0,2166.773123,58.795361,5630 days 00:00:00,14,14,0,0.0,35.714286,44.060724,-22.953793,31.422757,-13.312263,29 days 09:36:00,55 days 18:40:00,1.052394,376.933965,0.104194,0.005035,1.052782,0.175226
RKDL,Success,0.0027285860014671925,0.006511125997349154,0.000478911999380216,0.027875569998286664,0.0377309889991011,2010-12-27 00:00:00,2025-03-07 00:00:00,3415 days 00:00:00,100000.0,76708.847825,-23.291152,-68.844473,100.0,1983.499095,62.626936,2155 days 00:00:00,9,9,0,0.0,22.222222,83.461082,-18.232846,51.994573,-13.96553,27 days 00:00:00,17 days 13:42:51,0.809008,-2587.905797,-0.048492,-0.044617,0.969115,-0.075845
DELTACORP,Success,0.0038547570002265275,0.005828442997881211,0.0005252549999568146,0.028967756999918493,0.03930938700068509,2008-12-11 00:00:00,2025-03-06 00:00:00,4010 days 00:00:00,100000.0,58181.911735,-41.818088,284.084211,100.0,1056.584039,63.355077,3506 days 00:00:00,9,9,0,0.0,22.222222,25.592022,-28.888023,24.47599,-12.763733,30 days 12:00:00,41 days 20:34:17,0.359043,-4646.454252,-0.207922,-0.075924,0.908037,-0.299006
CORDSCABLE,Success,0.0036912199975631665,0.005820582999149337,0.0005323180012055673,0.026835509001102764,0.03701456499766209,2008-02-13 00:00:00,2025-03-06 00:00:00,4115 days 00:00:00,100000.0,223347.869635,123.34787,23.944066,100.0,3213.068117,48.222218,2117 days 00:00:00,13,13,0,0.0,46.153846,46.003436,-17.743209,37.206648,-14.337318,55 days 04:00:00,25 days 00:00:00,2.016496,9488.297664,0.392805,0.153202,1.192526,0.70677
IDBI,Success,0.0055074860028980765,0.005877687999600312,0.00042690000191214494,0.02563715699943714,0.03759358499883092,1995-09-20 00:00:00,2025-03-06 00:00:00,7296 days 00:00:00,100000.0,173385.29053,73.385291,11.829952,100.0,4312.960392,48.161167,6233 days 00:00:00,21,21,0,0.0,38.095238,51.073387,-19.135916,29.415505,-10.728197,98 days 06:00:00,21 days 07:23:04,1.513283,3494.537644,0.240405,0.057961,1.099656,0.345285
HILTON,Success,0.004816649998247158,0.006732485999236815,0.00046216900227591395,0.027424831998359878,0.03963819999989937,2007-05-24 00:00:00,2025-03-07 00:00:00,4206 days 00:00:00,100000.0,129705.240779,29.705241,24.202186,100.0,1554.211335,49.267213,1393 days 00:00:00,8,8,0,0.0,37.5,50.865078,-24.026214,45.441289,-15.681835,25 days 16:00:00,28 days 19:12:00,1.374468,3713.155097,0.214346,0.046335,1.144785,0.36536
REDINGTON,Success,0.0042706720014393795,0.006053652003174648,0.000546480998309562,0.028491507000580896,0.03949667699998827,2007-02-15 00:00:00,2025-03-07 00:00:00,4464 days 00:00:00,100000.0,370705.331321,270.705331,1442.516799,100.0,8731.373258,27.872801,2341 days 00:00:00,15,15,0,0.0,46.666667,47.1179,-12.176817,34.233793,-8.720718,50 days 06:51:25,40 days 18:00:00,2.169817,18047.022088,0.616974,0.405704,1.266672,1.009605
VIMTALABS,Success,0.00431576100163511,0.005917570000747219,0.0005422709982667584,0.026794828998390585,0.037712570003350265,2005-12-15 00:00:00,2025-03-06 00:00:00,4652 days 00:00:00,100000.0,153331.442827,53.331443,403.90754,100.0,2815.063015,53.905829,1684 days 00:00:00,13,12,1,8595.007333,41.666667,62.572291,-26.169562,36.746992,-15.245549,88 days 19:12:00,45 days 13:42:51,1.365699,3728.036291,0.258073,0.063268,1.103656,0.405672
PIDILITIND,Success,0.005085688000690425,0.005909428000450134,0.00046223399840528145,0.026328168998588808,0.03792200799944112,1999-01-01 00:00:00,2025-03-07 00:00:00,6466 days 00:00:00,100000.0,554084.197221,454.084197,21865.668663,100.0,18283.488448,29.764661,1157 days 00:00:00,27,27,0,0.0,51.851852,34.890052,-13.528648,21.865695,-7.566943,53 days 10:17:08,15 days 00:00:00,2.327044,16817.93323,0.720514,0.340921,1.339567,1.181824
TNPETRO,Success,0.005146553998201853,0.006568554999830667,0.0004262630027369596,0.025687050001579337,0.03796589400008088,1994-11-03 00:00:00,2025-03-07 00:00:00,7463 days 00:00:00,100000.0,40176.194476,-59.823806,35.526066,100.0,1634.345394,62.326723,5913 days 00:00:00,13,13,0,0.0,15.384615,30.647864,-18.494421,28.983614,-12.079338,34 days 12:00:00,40 days 08:43:38,0.331299,-4601.831194,-0.328844,-0.069984,0.83217,-0.471063
PEARLPOLY,Success,0.0041883939993567765,0.0058965700009139255,0.000567484999919543,0.02644826399773592,0.03729925500010722,1999-01-01 00:00:00,2025-03-06 00:00:00,5607 days 00:00:00,100000.0,126888.999224,26.888999,204.545455,100.0,4340.070443,62.188973,3276 days 00:00:00,14,14,0,0.0,35.714286,88.522378,-32.194709,55.048836,-19.015994,44 days 00:00:00,40 days 13:20:00,1.091508,1920.642802,0.189199,0.025122,1.094495,0.309607
BROOKS,Success,0.003953211999032646,0.006007703999785008,0.0005389170000853483,0.02639830300176982,0.03702778200022294,2011-09-05 00:00:00,2025-03-06 00:00:00,3340 days 00:00:00,100000.0,188756.288381,88.756288,126.411839,100.0,3292.995213,44.856175,1287 days 00:00:00,11,11,0,0.0,45.454545,43.998674,-25.160299,38.140088,-14.783727,41 days 19:12:00,40 days 12:00:00,1.649576,8068.753489,0.404908,0.160272,1.182117,0.671082
XPROINDIA,Success,0.004348751001089113,0.005895627000427339,0.00044597200030693784,0.025779783998586936,0.036625462998927105,2004-04-27 00:00:00,2025-03-06 00:00:00,5093 days 00:00:00,100000.0,22906.689369,-77.093311,5860.937708,100.0,1163.103472,83.509225,4927 days 00:00:00,13,13,0,0.0,7.692308,46.430136,-27.846554,46.430136,-14.142513,17 days 00:00:00,86 days 20:00:00,0.102143,-5930.254664,-0.25772,-0.120025,0.917917,-0.387022
HINDPETRO,Success,0.005814193998958217,0.006898305000504479,0.0004855410006712191,0.025879007000185084,0.03920961899711983,1999-01-01 00:00:00,2025-03-07 00:00:00,6469 days 00:00:00,100000.0,113654.847665,13.654848,866.453925,100.0,3251.689616,42.156745,3128 days 00:00:00,13,13,0,0.0,30.769231,32.688214,-9.80551,24.844258,-8.05635,27 days 06:00:00,30 days 02:40:00,1.144525,1050.372897,0.120443,0.017193,1.073398,0.177795
ELECTCAST,Success,0.005248720000963658,0.005890337000892032,0.0005569919994741213,0.027209939999011112,0.03903999699832639,1995-05-15 00:00:00,2025-03-06 00:00:00,7205 days 00:00:00,100000.0,63645.981754,-36.354018,1523.36,100.0,2016.393093,75.037164,6699 days 00:00:00,19,19,0,0.0,21.052632,49.123681,-15.478735,36.794815,-10.631622,58 days 00:00:00,20 days 22:24:00,0.604374,-1913.369381,-0.054134,-0.030158,0.969992,-0.083054
GESHIP,Success,0.003918976999557344,0.005950958999164868,0.0005424270020739641,0.026553403000434628,0.03710578699974576,2006-11-27 00:00:00,2025-03-06 00:00:00,4518 days 00:00:00,100000.0,244059.341943,144.059342,291.629264,100.0,3123.801288,27.623241,2428 days 00:00:00,12,12,0,0.0,50.0,48.062331,-12.953691,29.708881,-10.298409,96 days 20:00:00,62 days 00:00:00,2.9709,12004.945162,0.460871,0.270583,1.157065,0.703705
INDIAGLYCO,Success,0.004900437001197133,0.006046680999133969,0.000479406000522431,0.025749733998964075,0.037313692999305204,1994-12-28 00:00:00,2025-03-06 00:00:00,6730 days 00:00:00,100000.0,70400.875689,-29.599124,1722.071713,100.0,2491.168047,71.425513,5553 days 00:00:00,16,16,0,0.0,25.0,53.896339,-17.167103,33.516638,-11.609595,21 days 18:00:00,30 days 00:00:00,0.750425,-1849.945269,-0.041812,-0.026397,0.977479,-0.065452
DPSCLTD,Success,0.003576499999326188,0.006580516001122305,0.000426906997745391,0.025465101000008872,0.03618650600037654,2008-04-21 00:00:00,2025-03-07 00:00:00,4026 days 00:00:00,100000.0,105098.938028,5.098938,371.081173,100.0,2176.061505,35.474855,1071 days 00:00:00,10,10,0,0.0,30.0,50.507574,-14.653156,39.884756,-12.632541,16 days 16:00:00,29 days 00:00:00,1.048775,509.893803,0.107254,0.012738,1.07941,0.178411
GODREJPROP,Success,0.002877770999475615,0.00655928099877201,0.0005834580006194301,0.026948765000270214,0.0371015989985608,2010-01-05 00:00:00,2025-03-06 00:00:00,3757 days 00:00:00,100000.0,116493.530036,16.49353,668.692415,100.0,2124.842618,32.797967,2474 days 00:00:00,11,11,0,0.0,36.363636,29.185873,-13.870699,23.411523,-9.309956,40 days 00:00:00,33 days 03:25:42,1.251793,1499.411821,0.175742,0.045559,1.084023,0.266035
TATAMOTORS,Success,0.005792193001980195,0.0060743690009985585,0.0005630769992421847,0.02688715099793626,0.03945604600085062,1991-01-02 00:00:00,2025-03-06 00:00:00,8282 days 00:00:00,100000.0,146267.669309,46.267669,2826.401757,100.0,5494.852205,36.856097,2091 days 00:00:00,25,25,0,0.0,28.0,50.192861,-12.382921,29.91429,-7.621963,67 days 20:34:17,15 days 20:00:00,1.302121,1850.706772,0.186023,0.045855,1.095304,0.271543
SWARAJENG,Success,0.005158087999006966,0.006044908001058502,0.0004748620012833271,0.02639644800001406,0.03821118500127341,1999-01-01 00:00:00,2025-03-06 00:00:00,6344 days 00:00:00,100000.0,111822.270564,11.822271,1796.421029,100.0,3102.414713,39.926514,3750 days 00:00:00,17,17,0,0.0,35.294118,36.867731,-18.038676,21.788907,-9.093657,61 days 16:00:00,41 days 13:05:27,1.121934,695.42768,0.115402,0.016154,1.051831,0.167746
LAOPALA,Success,0.004498782000155188,0.006734221999067813,0.0004397260017867666,0.025837139000941534,0.037637892997736344,2007-03-16 00:00:00,2025-03-06 00:00:00,4396 days 00:00:00,100000.0,269311.556951,169.311557,5153.670403,100.0,8358.806709,45.884063,2528 days 00:00:00,17,17,0,0.0,41.176471,49.733982,-22.59476,39.052146,-12.136638,59 days 03:25:42,24 days 16:48:00,1.550688,9959.50335,0.444972,0.186853,1.205738,0.775873
RUSHIL,Success,0.00354432799940696,0.005801157996756956,0.0005373800013330765,0.026352105000114534,0.03636754499893868,2011-07-07 00:00:00,2025-03-06 00:00:00,3379 days 00:00:00,100000.0,286007.442996,186.007443,181.812074,100.0,2789.666952,33.155203,832 days 00:00:00,10,10,0,0.0,60.0,51.585246,-22.935092,35.253119,-16.823617,46 days 16:00:00,23 days 18:00:00,3.116798,18600.7443,0.610704,0.362556,1.342972,1.064973
NLCINDIA,Success,0.004021206001198152,0.005840092999278568,0.000538886000867933,0.026650588999473257,0.03719235300013679,2006-11-02 00:00:00,2025-03-06 00:00:00,4535 days 00:00:00,100000.0,122785.756812,22.785757,254.202016,100.0,3366.600457,36.440265,2101 days 00:00:00,11,11,0,0.0,36.363636,28.065169,-17.626067,25.459385,-9.442038,62 days 06:00:00,38 days 10:17:08,1.213042,2071.432437,0.183153,0.045714,1.090113,0.280846
GEOJITFSL,Success,0.004659402999095619,0.005911575000936864,0.0004427370004123077,0.025723426002514316,0.036909513000864536,2005-07-01 00:00:00,2025-03-06 00:00:00,4864 days 00:00:00,100000.0,169042.087435,69.042087,807.487534,100.0,4107.909234,48.29339,2822 days 00:00:00,16,16,0,0.0,37.5,49.005469,-17.600225,38.344126,-13.114434,55 days 20:00:00,38 days 07:12:00,1.381457,4315.130465,0.283219,0.083202,1.12415,0.464686
RALLIS,Success,0.005198578000999987,0.006636431000515586,0.0004495130015129689,0.025858253000478726,0.038270654000370996,1999-01-01 00:00:00,2025-03-06 00:00:00,6437 days 00:00:00,100000.0,334876.309567,234.87631,2579.713116,100.0,18923.245571,63.962769,2575 days 00:00:00,28,28,0,0.0,39.285714,54.732943,-19.841098,33.581688,-10.736242,58 days 10:54:32,25 days 11:17:38,1.363444,8388.439627,0.410836,0.110899,1.158688,0.670242
NAUKRI,Success,0.004487431000598008,0.005916501999308821,0.0005334550005500205,0.02817085299830069,0.039244264997250866,2006-11-21 00:00:00,2025-03-06 00:00:00,4521 days 00:00:00,100000.0,365232.907425,265.232907,4562.121419,100.0,8102.00704,41.918916,2075 days 00:00:00,19,19,0,0.0,47.368421,47.835582,-15.307673,28.919494,-9.198262,70 days 05:20:00,19 days 19:12:00,2.355077,13959.626707,0.645725,0.262995,1.243466,1.0666
GUJALKALI,Success,0.005427127998700598,0.006143538001197157,0.0005863339974894188,0.026676446999772452,0.03896088100009365,1994-11-14 00:00:00,2025-03-06 00:00:00,7424 days 00:00:00,100000.0,191939.183927,91.939184,202.861834,100.0,3070.29891,51.708464,4504 days 00:00:00,16,16,0,0.0,37.5,49.491754,-20.36084,34.553971,-10.416662,78 days 08:00:00,37 days 00:00:00,1.992834,5746.198995,0.284861,0.062998,1.139588,0.426407
ACCELYA,Success,0.0049691459971654695,0.0061805360019207,0.000494275001983624,0.026374764998763567,0.03827833900140831,1999-12-01 00:00:00,2025-03-06 00:00:00,6216 days 00:00:00,100000.0,117122.658824,17.122659,268.672517,100.0,3820.59779,61.081642,2379 days 00:00:00,18,18,0,0.0,33.333333,48.63347,-21.067726,33.13718,-11.91485,59 days 00:00:00,21 days 20:00:00,1.111515,951.258824,0.145642,0.015265,1.077896,0.217924
SRF,Success,0.005039622999902349,0.006768303999706404,0.0005122629991092253,0.02616214799854788,0.03861276599855046,1999-01-01 00:00:00,2025-03-06 00:00:00,6490 days 00:00:00,100000.0,161050.679707,61.05068,138327.184466,100.0,4819.112255,35.095107,3665 days 00:00:00,18,18,0,0.0,38.888889,37.748737,-20.854946,24.188941,-8.8596,40 days 00:00:00,20 days 21:49:05,1.465101,3391.704428,0.260945,0.0774,1.158403,0.431672
KICL,Success,0.0027082730011898093,0.0057934680007747374,0.0005636010027956218,0.02647518300000229,0.03568025899949134,2011-01-25 00:00:00,2025-03-06 00:00:00,3454 days 00:00:00,100000.0,146161.445498,46.161445,364.284494,100.0,1931.30095,50.786192,2520 days 00:00:00,13,13,0,0.0,38.461538,41.158965,-12.180834,26.526686,-9.358243,28 days 04:48:00,18 days 15:00:00,1.833518,3550.880423,0.332628,0.080579,1.201782,0.545498
JBCHEPHARM,Success,0.004950178001308814,0.006191062999278074,0.0005493729986483231,0.027432216000306653,0.039259045999642694,1999-01-01 00:00:00,2025-03-06 00:00:00,6448 days 00:00:00,100000.0,291872.81433,191.872814,13860.105217,100.0,9357.121753,44.186778,2322 days 00:00:00,22,22,0,0.0,40.909091,91.790794,-19.542369,33.385506,-10.324551,54 days 10:40:00,40 days 14:46:09,1.658929,8721.49156,0.400263,0.141468,1.161895,0.653094
REFEX,Success,0.0029608799995912705,0.006018914999003755,0.00045718100227531977,0.02623302599749877,0.03580139200130361,2009-12-03 00:00:00,2025-03-06 00:00:00,3532 days 00:00:00,100000.0,82974.37648,-17.025624,6596.057208,100.0,2022.906475,61.759994,1831 days 00:00:00,12,12,0,0.0,25.0,59.09196,-21.707563,46.053163,-13.532621,58 days 16:00:00,26 days 05:20:00,0.843439,-1418.80196,0.061078,-0.03093,1.025513,0.096906
VIKASECO,Success,0.003435573999013286,0.006564135997905396,0.0004420449986355379,0.025752370998816332,0.03639897099856171,2011-12-12 00:00:00,2025-03-07 00:00:00,3263 days 00:00:00,100000.0,90711.367043,-9.288633,-9.871169,100.0,459.950687,47.489913,2250 days 00:00:00,3,3,0,0.0,33.333333,42.471714,-29.093695,42.471714,-19.65989,8 days 00:00:00,19 days 00:00:00,0.744194,-3096.210986,-0.026428,-0.022838,0.962371,-0.031368
VESUVIUS,Success,0.005167762999917613,0.006142604997876333,0.0005466920010803733,0.0268828289990779,0.03888537899911171,1999-01-01 00:00:00,2025-03-06 00:00:00,6456 days 00:00:00,100000.0,142537.903313,42.537903,5291.721202,100.0,3178.802217,42.841127,2588 days 00:00:00,13,13,0,0.0,38.461538,34.23098,-19.314053,29.128976,-10.772854,54 days 14:24:00,142 days 00:00:00,1.394517,3272.146409,0.199814,0.047246,1.066713,0.306275
SURANAT&P,Success,0.004479175000597024,0.005862201996933436,0.0005601450029644184,0.025921660002495628,0.03695460299786646,2002-07-01 00:00:00,2025-03-06 00:00:00,5519 days 00:00:00,100000.0,149334.512293,49.334512,1180.151659,100.0,2793.339621,48.295767,2718 days 00:00:00,12,12,0,0.0,33.333333,78.485831,-23.514842,52.839739,-14.581553,93 days 18:00:00,30 days 15:00:00,1.348381,4111.209358,0.229058,0.055649,1.108585,0.362254
GOLDIAM,Success,0.0042750249995151535,0.0062597969990747515,0.0004459119991224725,0.025157793999824207,0.03636936000111746,2005-08-29 00:00:00,2025-03-06 00:00:00,4792 days 00:00:00,100000.0,148661.98313,48.661983,2777.127926,100.0,3566.595689,44.013973,1249 days 00:00:00,11,10,1,-13767.822178,40.0,39.849703,-13.181495,36.773187,-11.989096,86 days 18:00:00,17 days 16:00:00,1.463142,6242.980531,0.252731,0.069664,1.124745,0.39901
TRENT,Success,0.004224610998790013,0.006666919001872884,0.00044556300053955056,0.025226452999049798,0.036724466997839045,2004-06-07 00:00:00,2025-03-06 00:00:00,5134 days 00:00:00,100000.0,179586.122205,79.586122,20596.06042,100.0,2978.330834,38.340659,3605 days 00:00:00,13,13,0,0.0,38.461538,32.865334,-9.553223,26.863206,-7.229758,78 days 19:12:00,25 days 00:00:00,2.224341,6122.0094,0.373347,0.110857,1.178919,0.633481
DHANUKA,Success,0.0028972370018891525,0.005989582998154219,0.0005406460004451219,0.026134427997021703,0.03569457999765291,2011-06-29 00:00:00,2025-03-06 00:00:00,3385 days 00:00:00,100000.0,95482.928325,-4.517072,1228.972443,100.0,1570.077687,27.30822,1244 days 00:00:00,9,9,0,0.0,33.333333,27.909785,-19.913527,22.052667,-10.011982,29 days 08:00:00,14 days 04:00:00,0.919653,-501.896853,0.010907,-0.018206,1.007576,0.015034
CAREERP,Success,0.002768651997030247,0.005817552999360487,0.0005324830017343629,0.025376380999659887,0.034653695998713374,2011-11-16 00:00:00,2025-03-06 00:00:00,3292 days 00:00:00,100000.0,161504.643742,61.504644,30.220518,100.0,1857.617394,28.846972,1786 days 00:00:00,8,8,0,0.0,37.5,65.454626,-14.301099,41.827031,-10.363319,52 days 16:00:00,24 days 14:24:00,1.996731,7688.080468,0.372769,0.18923,1.226744,0.657763
CINEVISTA,Success,0.005186813999898732,0.006304272999841487,0.000446848996944027,0.025446769999689423,0.03763873999923817,2000-05-03 00:00:00,2025-03-06 00:00:00,5484 days 00:00:00,100000.0,13941.219187,-86.058781,-95.280566,100.0,1062.477494,90.248414,4313 days 00:00:00,13,13,0,0.0,23.076923,55.685678,-78.921119,44.690683,-21.843577,20 days 00:00:00,18 days 12:00:00,0.377017,-6619.906216,-0.220626,-0.136184,0.813054,-0.249454
AXISCADES,Success,0.004890767999313539,0.0066767810021701735,0.00045857900113333017,0.02566126300007454,0.03783365399795002,2001-01-08 00:00:00,2025-03-06 00:00:00,5651 days 00:00:00,100000.0,125590.149396,25.590149,983.333333,100.0,2612.813847,55.328123,5347 days 00:00:00,11,11,0,0.0,36.363636,61.451573,-27.679724,47.925868,-17.162202,45 days 18:00:00,23 days 13:42:51,1.162963,2326.377218,0.170468,0.026796,1.097426,0.270107
ICIL,Success,0.004639929000404663,0.006067395999707514,0.0005476529986481182,0.02636449900091975,0.03776285500134691,2005-09-12 00:00:00,2025-03-06 00:00:00,4377 days 00:00:00,100000.0,99747.591873,-0.252408,3201.169591,100.0,1598.41511,36.504753,1614 days 00:00:00,7,7,0,0.0,28.571429,38.414891,-14.90346,36.585247,-11.736449,25 days 12:00:00,35 days 00:00:00,0.996491,-36.058304,0.078633,-0.000577,1.050352,0.122733
FINPIPE,Success,0.005128794000484049,0.005860410998138832,0.0005424190021585673,0.02618845300094108,0.03786130200023763,1999-01-01 00:00:00,2025-03-06 00:00:00,6468 days 00:00:00,100000.0,145047.83539,45.047835,12012.751678,100.0,3184.757888,48.917483,2366 days 00:00:00,14,14,0,0.0,35.714286,41.919289,-19.656516,31.034956,-10.147285,33 days 14:24:00,22 days 13:20:00,1.454723,3217.702528,0.239097,0.043355,1.159469,0.360251
FOSECOIND,Success,0.005395603002398275,0.005966351000097347,0.0004757959977723658,0.026521996998781106,0.03849581300164573,1999-01-01 00:00:00,2025-03-06 00:00:00,6315 days 00:00:00,100000.0,570186.023908,470.186024,1968.975517,100.0,10063.07011,22.575375,1707 days 00:00:00,19,19,0,0.0,57.894737,36.914351,-11.461662,25.68907,-9.010683,52 days 00:00:00,35 days 03:00:00,3.45128,24746.632837,0.713664,0.468882,1.340963,1.209901
JKCEMENT,Success,0.004302198998630047,0.006590593002329115,0.0004386929977044929,0.02536901599887642,0.03683948300022166,2006-03-14 00:00:00,2025-03-06 00:00:00,4691 days 00:00:00,100000.0,182489.728511,82.489729,2797.170418,100.0,4056.287331,27.449761,2078 days 00:00:00,15,14,1,1558.729156,42.857143,32.543903,-12.534863,23.544248,-7.995672,34 days 08:00:00,13 days 12:00:00,1.926462,5780.785668,0.499996,0.17456,1.31773,0.820698
TIRUMALCHM,Success,0.0048149370013561565,0.005997895998007152,0.0005914889989071526,0.02599250899947947,0.037535462997766444,1999-01-01 00:00:00,2025-03-06 00:00:00,6277 days 00:00:00,100000.0,256930.37997,156.93038,5548.699897,100.0,6047.996867,33.216912,2224 days 00:00:00,16,16,0,0.0,43.75,57.927712,-19.466038,37.142089,-12.834129,42 days 06:51:25,24 days 21:20:00,1.655578,9808.148748,0.388813,0.169807,1.229752,0.702326
VASCONEQ,Success,0.003781150000577327,0.005904171001020586,0.0005473059973155614,0.025699118999909842,0.03607987199939089,2010-02-15 00:00:00,2025-03-06 00:00:00,3725 days 00:00:00,100000.0,72197.81797,-27.802182,-75.63569,100.0,803.361709,35.300278,2620 days 00:00:00,5,5,0,0.0,20.0,27.073961,-14.876044,27.073961,-13.179891,21 days 00:00:00,21 days 00:00:00,0.390795,-5560.436406,-0.249615,-0.088997,0.81051,-0.381874
KCP,Success,0.005169236999790883,0.0060872629983350635,0.0004502160008996725,0.0253306109989353,0.03727192400037893,1999-01-01 00:00:00,2025-03-06 00:00:00,6136 days 00:00:00,100000.0,179165.104361,79.165104,6585.423729,100.0,6039.499653,48.619102,2077 days 00:00:00,17,17,0,0.0,35.294118,79.342743,-17.531486,41.472641,-12.330561,50 days 08:00:00,59 days 02:10:54,1.316291,4656.770845,0.264081,0.072598,1.106173,0.429623
TATACONSUM,Success,0.004457532999367686,0.006651833999057999,0.0004299100000935141,0.02503026799968211,0.03670530700037489,2006-11-02 00:00:00,2025-03-06 00:00:00,4535 days 00:00:00,100000.0,134790.802982,34.790803,1180.07688,100.0,3810.679345,27.666714,843 days 00:00:00,16,16,0,0.0,37.5,23.349756,-10.304129,18.521379,-6.91441,33 days 12:00:00,54 days 09:36:00,1.415875,2174.425186,0.238293,0.087904,1.087681,0.368854
FCSSOFT,Success,0.003575090999220265,0.005913238001085119,0.000557344999833731,0.026258797999616945,0.03649987500102725,2005-09-21 00:00:00,2025-03-06 00:00:00,4689 days 00:00:00,100000.0,39186.953849,-60.813046,-66.722689,100.0,1787.117538,86.485265,2534 days 00:00:00,7,7,0,0.0,28.571429,67.810289,-43.071314,59.017319,-29.707062,14 days 12:00:00,158 days 14:24:00,0.690914,-8687.578022,0.276576,-0.081319,1.113088,0.420568
STLTECH,Success,0.004304122001485666,0.005851473997608991,0.0005388569989008829,0.024997877000714652,0.035965057999419514,2007-12-17 00:00:00,2025-03-06 00:00:00,4254 days 00:00:00,100000.0,166829.275779,66.829276,16.970483,100.0,2574.408179,30.321081,1406 days 00:00:00,9,9,0,0.0,44.444444,40.698444,-14.58874,30.819913,-10.473789,33 days 18:00:00,32 days 04:48:00,1.834628,7425.475087,0.368969,0.148055,1.236553,0.634739
VEEDOL,Success,0.004157297997153364,0.006085665001592133,0.0004375990029075183,0.024685371998202754,0.035521781999705127,2007-01-16 00:00:00,2025-03-06 00:00:00,4405 days 00:00:00,100000.0,202624.191818,102.624192,1479.455912,100.0,2235.346603,41.352852,2605 days 00:00:00,9,9,0,0.0,55.555556,32.284185,-12.081922,24.124023,-8.67504,60 days 14:24:00,7 days 18:00:00,3.545124,11402.68798,0.544919,0.145723,1.455593,1.14517
FORTIS,Success,0.004937902998790378,0.0066929169988725334,0.0004747010025312193,0.02501828700042097,0.037262935999024194,2007-05-09 00:00:00,2025-03-06 00:00:00,4410 days 00:00:00,100000.0,142746.585798,42.746586,547.678482,100.0,2058.487342,23.193233,1425 days 00:00:00,10,10,0,0.0,40.0,35.78681,-9.003089,23.317253,-7.596219,129 days 06:00:00,24 days 08:00:00,1.901029,4274.65858,0.255728,0.128894,1.101537,0.40977
AJMERA,Success,0.0036936529977538157,0.005988245000480674,0.0005527209978026804,0.17364649800219922,0.1840150600000925,2009-06-23 00:00:00,2025-03-06 00:00:00,3888 days 00:00:00,100000.0,52973.778366,-47.026222,549.179672,100.0,1226.142421,56.516158,3535 days 00:00:00,9,9,0,0.0,11.111111,45.749162,-14.526694,45.749162,-11.866521,149 days 00:00:00,17 days 15:00:00,0.321329,-5225.135737,-0.355868,-0.102455,0.823607,-0.53619
UNITECH,Success,0.005000553999707336,0.007236208999529481,0.0004618459970515687,0.02513385800193646,0.037951545000396436,1995-01-02 00:00:00,2025-03-06 00:00:00,7323 days 00:00:00,100000.0,233501.575325,133.501575,636.696135,100.0,8712.349544,59.64459,3670 days 00:00:00,16,16,0,0.0,37.5,63.050996,-18.169962,43.568607,-12.161001,33 days 16:00:00,13 days 07:12:00,1.330894,8343.848458,0.358708,0.072385,1.257898,0.594089
GLAXO,Success,0.004729915999632794,0.006936361001862679,0.0005867190011485945,0.02584775799914496,0.03823641299823066,1999-01-01 00:00:00,2025-03-06 00:00:00,6468 days 00:00:00,100000.0,174644.940253,74.64494,774.861789,100.0,5212.047839,33.554582,1519 days 00:00:00,18,18,0,0.0,38.888889,38.514302,-14.096244,24.902963,-8.498537,123 days 00:00:00,28 days 08:43:38,1.563732,4146.941125,0.295071,0.095265,1.115226,0.465461
AKZOINDIA,Success,0.003096606000326574,0.008391830997425131,0.00044994500058237463,0.025488712002697866,0.037569059000816196,2010-05-27 00:00:00,2025-03-06 00:00:00,3661 days 00:00:00,100000.0,91302.816981,-8.697183,456.58367,100.0,1602.93856,28.998044,1665 days 00:00:00,8,8,0,0.0,37.5,18.167429,-15.209103,14.754452,-9.50143,78 days 08:00:00,66 days 09:36:00,0.825288,-1087.147877,-0.015379,-0.031142,0.993748,-0.021471
PFC,Success,0.0042301829998905305,0.006892942001286428,0.0005246399996394757,0.026110146998689743,0.03789008199964883,2007-02-23 00:00:00,2025-03-06 00:00:00,4459 days 00:00:00,100000.0,98898.858086,-1.101142,808.531124,100.0,2519.049302,51.958369,3292 days 00:00:00,13,13,0,0.0,30.769231,41.765266,-14.056747,27.542457,-10.239867,78 days 00:00:00,48 days 16:00:00,0.988044,-84.703224,0.085289,-0.001744,1.028708,0.118796
CYBERMEDIA,Success,0.003564913000445813,0.0076664020016323775,0.0005352080006559845,0.025959950999094872,0.03786802399918088,2005-06-10 00:00:00,2025-03-06 00:00:00,3549 days 00:00:00,100000.0,40407.549074,-59.592451,-84.74256,100.0,660.637342,69.568245,2545 days 00:00:00,5,5,0,0.0,0.0,-12.282326,-22.591766,,-16.517869,,46 days 04:48:00,0.0,-11918.490185,-0.390033,-0.127908,0.801867,-0.578192
OILCOUNTUB,Success,0.004804694999620551,0.008399763999477727,0.00048557500122115016,0.0254159130017797,0.039234741001564544,1999-01-01 00:00:00,2025-03-06 00:00:00,5988 days 00:00:00,100000.0,64395.151268,-35.604849,396.483516,100.0,1492.735617,72.399633,5815 days 00:00:00,15,14,1,-43.165447,35.714286,45.724465,-32.166699,29.645275,-17.040787,65 days 19:12:00,26 days 10:40:00,0.610656,-2540.120235,0.016964,-0.036563,1.008757,0.022556
ZEEMEDIA,Success,0.004066061999765225,0.009476934999838704,0.0004573360020003747,0.02489586500087171,0.039018391998979496,2007-01-10 00:00:00,2025-03-06 00:00:00,4488 days 00:00:00,100000.0,510649.442136,410.649442,130.687955,100.0,6343.938661,34.745763,1645 days 00:00:00,10,10,0,0.0,60.0,56.586961,-12.45234,40.186885,-8.954218,128 days 16:00:00,8 days 00:00:00,3.893322,41064.944214,0.652036,0.408109,1.26822,1.158358
BANARISUG,Success,0.00631243799944059,0.00705059100073413,0.00046203300007618964,0.02599054000165779,0.039939647998835426,1999-01-01 00:00:00,2025-03-06 00:00:00,6231 days 00:00:00,100000.0,90528.57339,-9.471427,7333.522727,100.0,2776.197152,49.716714,6009 days 00:00:00,17,17,0,0.0,23.529412,48.265018,-14.529572,35.674346,-9.568901,35 days 12:00:00,29 days 14:46:09,0.911183,-557.142742,0.040808,-0.01169,1.022813,0.063764
SHAHALLOYS,Success,0.004296478997275699,0.0065867530029208865,0.000555129001440946,0.025203253000654513,0.03677557600167347,2005-06-16 00:00:00,2025-03-06 00:00:00,4402 days 00:00:00,100000.0,127891.905394,27.891905,-41.417526,100.0,1150.37786,30.854904,1058 days 00:00:00,5,5,0,0.0,40.0,48.588598,-21.233501,45.154967,-15.198756,72 days 12:00:00,24 days 00:00:00,1.492977,5578.381079,0.201125,0.066791,1.132886,0.318868
YAARI,Success,0.004474723002203973,0.006572861999302404,0.00047012399954837747,0.02475259800121421,0.03640735700173536,2011-08-19 00:00:00,2025-03-07 00:00:00,3333 days 00:00:00,100000.0,225906.406187,125.906406,131.240721,100.0,4016.02426,43.191844,1235 days 00:00:00,12,12,0,0.0,41.666667,61.50116,-17.380992,45.656092,-13.919101,37 days 00:00:00,18 days 06:51:25,1.717909,10492.200516,0.534074,0.216128,1.270491,0.886252
GIPCL,Success,0.006347660997562343,0.0075651719998859335,0.0004567100004351232,0.026543160998699022,0.04111458599800244,1999-01-01 00:00:00,2025-03-06 00:00:00,6468 days 00:00:00,100000.0,208227.391274,108.227391,588.911318,100.0,7560.000204,40.848876,1731 days 00:00:00,22,22,0,0.0,40.909091,42.449382,-18.630445,30.126954,-11.679375,71 days 13:20:00,44 days 00:00:00,1.401086,4919.426876,0.315984,0.103452,1.115996,0.503588
POWERGRID,Success,0.005845342999236891,0.007973676998517476,0.0006742730001860764,0.026482606001081876,0.041104664000158664,2007-10-05 00:00:00,2025-03-07 00:00:00,4306 days 00:00:00,100000.0,129125.230965,29.125231,367.947868,100.0,1946.574756,21.637182,2036 days 00:00:00,9,9,0,0.0,44.444444,21.403582,-12.565277,16.855157,-7.011616,48 days 06:00:00,117 days 19:12:00,1.755832,3236.136774,0.243409,0.101231,1.085359,0.359329
RKFORGE,Success,0.004031208001833875,0.007114996999007417,0.0005772150034317747,0.025988536999648204,0.03785039099966525,2004-05-05 00:00:00,2025-03-06 00:00:00,4869 days 00:00:00,100000.0,414473.292131,314.473292,8977.023736,100.0,8545.133802,38.740796,1092 days 00:00:00,17,17,0,0.0,47.058824,58.624775,-14.347467,36.723305,-10.98578,42 days 03:00:00,16 days 13:20:00,2.256421,18498.428949,0.609765,0.290326,1.344416,1.082195
NDTV,Success,0.004609597999660764,0.006072806998417946,0.00046560299961129203,0.025656378002167912,0.03695941399928415,2004-05-19 00:00:00,2025-03-06 00:00:00,5148 days 00:00:00,100000.0,101446.951382,1.446951,19.55757,100.0,4190.532068,62.555995,4353 days 00:00:00,13,13,0,0.0,30.769231,48.879037,-15.769122,35.655184,-12.432364,40 days 00:00:00,22 days 10:39:59,1.007566,111.303952,0.082674,0.001629,1.04551,0.122684
HCLTECH,Success,0.004702301001088927,0.0066856739977083635,0.0004445300000952557,0.025924757999746362,0.03793988699908368,2000-01-11 00:00:00,2025-03-06 00:00:00,6214 days 00:00:00,100000.0,219369.296796,119.369297,1531.908392,100.0,7428.655065,38.218108,2262 days 00:00:00,23,23,0,0.0,39.130435,48.095476,-18.691381,27.152611,-8.993544,79 days 08:00:00,24 days 22:17:08,1.625928,5189.969426,0.358468,0.123568,1.138305,0.508882
SAMBHAAV,Success,0.0034109250009350944,0.0060566720021597575,0.0004451569984667003,0.026161554000282194,0.036238124001101824,2005-10-18 00:00:00,2025-03-06 00:00:00,3826 days 00:00:00,100000.0,92057.862513,-7.942137,137.407407,100.0,1219.268081,57.656303,3100 days 00:00:00,7,7,0,0.0,28.571429,48.003469,-17.540199,44.927706,-15.176008,101 days 12:00:00,40 days 04:48:00,0.890151,-1134.59107,0.086829,-0.013639,1.038387,0.131011
ASHIANA,Success,0.003299834999779705,0.00587763500152505,0.0005438990010588896,0.0265089109998371,0.03645012600100017,2011-06-29 00:00:00,2025-03-06 00:00:00,3384 days 00:00:00,100000.0,339213.106957,239.213107,952.374644,100.0,3367.65525,33.384891,2027 days 00:00:00,11,11,0,0.0,54.545455,41.991275,-10.28131,31.884163,-8.237067,28 days 04:00:00,32 days 14:24:00,5.578578,21746.646087,0.887121,0.421807,1.53535,1.522209
SESHAPAPER,Success,0.005548986002395395,0.006075060002331156,0.0004487000005610753,0.02632910100146546,0.03862927600130206,1999-01-01 00:00:00,2025-03-07 00:00:00,6268 days 00:00:00,100000.0,668398.501272,568.398501,6356.278316,100.0,25522.29168,36.648007,1750 days 00:00:00,22,22,0,0.0,54.545455,55.992998,-19.96865,31.167112,-12.236711,41 days 06:00:00,38 days 00:00:00,1.677555,25836.295512,0.656091,0.319187,1.320077,1.240242
HLVLTD,Success,0.005162129000382265,0.006633401000726735,0.00043375899986131117,0.026962992000335362,0.039370541999232955,1999-01-01 00:00:00,2025-03-06 00:00:00,6382 days 00:00:00,100000.0,100120.914999,0.120915,78.64451,100.0,2308.195456,44.611735,2146 days 00:00:00,12,12,0,0.0,33.333333,49.70213,-17.844597,32.746999,-12.99109,74 days 12:00:00,34 days 15:00:00,1.001131,10.07625,0.081773,0.000155,1.042692,0.128992
SOUTHBANK,Success,0.005778541999461595,0.0062034310030867346,0.0004728379972220864,0.026758676001918502,0.039358322999760276,1999-01-01 00:00:00,2025-03-06 00:00:00,6459 days 00:00:00,100000.0,94537.667792,-5.462332,1928.067231,100.0,4185.545299,65.891562,4219 days 00:00:00,17,17,0,0.0,29.411765,35.496337,-18.075375,30.462409,-10.800535,54 days 09:36:00,29 days 06:00:00,0.968331,-321.313659,0.056293,-0.00481,1.028084,0.082173
JKTYRE,Success,0.0038421829995058943,0.005769679999502841,0.0005642949981847778,0.02713101200060919,0.03744277100122417,2007-03-19 00:00:00,2025-03-06 00:00:00,4426 days 00:00:00,100000.0,96186.162235,-3.813838,912.425816,100.0,2193.363731,50.487466,4333 days 00:00:00,13,13,0,0.0,30.769231,37.595284,-27.072881,30.787668,-11.377926,31 days 12:00:00,20 days 02:40:00,0.958703,-293.372136,0.052878,-0.006341,1.031148,0.081007
JKIL,Success,0.003731070002686465,0.005947888999799034,0.0004367580004327465,0.025666412999271415,0.03591772299841978,2008-02-12 00:00:00,2025-03-06 00:00:00,4211 days 00:00:00,100000.0,108425.782853,8.425783,1176.826318,100.0,1491.239065,44.726967,3319 days 00:00:00,9,9,0,0.0,33.333333,36.018559,-19.182965,33.375115,-12.151621,49 days 00:00:00,43 days 16:00:00,1.132765,936.198095,0.126404,0.015732,1.066743,0.193924
PGEL,Success,0.003017906998138642,0.007172153000283288,0.0004372460025479086,0.025978026002121624,0.03678257600040524,2011-09-26 00:00:00,2025-03-06 00:00:00,3323 days 00:00:00,100000.0,496142.262941,396.142263,1996.917941,100.0,5740.430859,30.6685,535 days 00:00:00,12,12,0,0.0,58.333333,60.552068,-15.427818,39.384901,-12.959702,26 days 10:17:08,13 days 19:12:00,3.660027,33011.855245,0.9934,0.627209,1.702891,1.941344
NAGREEKEXP,Success,0.004097888002434047,0.00607612600288121,0.0004474279994610697,0.02626083400173229,0.03701999500117381,2007-06-18 00:00:00,2025-03-07 00:00:00,4077 days 00:00:00,100000.0,39664.363568,-60.335636,-3.437403,100.0,980.401286,61.479107,3578 days 00:00:00,8,8,0,0.0,12.5,42.657547,-24.698271,42.657547,-16.558767,102 days 00:00:00,23 days 03:25:42,0.237011,-7541.954554,-0.425402,-0.129235,0.803779,-0.57515
CRISIL,Success,0.004408109001815319,0.005851668000104837,0.0005388960016716737,0.02733559700209298,0.03828539000096498,1999-01-01 00:00:00,2025-03-06 00:00:00,6432 days 00:00:00,100000.0,294959.82986,194.95983,10286.757991,100.0,4362.517951,24.885568,1224 days 00:00:00,13,13,0,0.0,53.846154,32.883305,-14.975084,25.332119,-7.81574,119 days 13:42:51,12 days 12:00:00,3.689585,14996.909989,0.497069,0.254385,1.220192,0.807815
ADSL,Success,0.0038973850023467094,0.006048138002370251,0.00044917700142832473,0.02579933000015444,0.03632858600030886,2007-07-25 00:00:00,2025-03-06 00:00:00,4354 days 00:00:00,100000.0,68900.00753,-31.099992,24.155691,100.0,1203.299464,70.658765,4142 days 00:00:00,9,9,0,0.0,22.222222,64.900381,-24.296475,51.846533,-15.655481,48 days 00:00:00,52 days 10:17:08,0.612661,-3455.554719,-0.048765,-0.043513,0.977887,-0.076455
DHAMPURSUG,Success,0.00518002799799433,0.00672407700039912,0.00044163799975649454,0.026205096997728106,0.038713674002792686,1996-01-01 00:00:00,2025-03-06 00:00:00,7097 days 00:00:00,100000.0,53837.941987,-46.162058,160.6965,100.0,2814.230069,62.775017,7015 days 00:00:00,20,20,0,0.0,20.0,76.032798,-19.226242,43.986694,-11.876701,33 days 12:00:00,15 days 16:30:00,0.677422,-2308.102901,-0.122517,-0.04993,0.92965,-0.173637
GRAPHITE,Success,0.005290032000630163,0.006526905999635346,0.0004483049997361377,0.027028436001273803,0.039440390002710046,2003-01-13 00:00:00,2025-03-06 00:00:00,5484 days 00:00:00,100000.0,203727.01625,103.727016,6911.945632,100.0,2006.133542,34.455904,2551 days 00:00:00,8,8,0,0.0,62.5,34.542548,-20.164158,25.062765,-12.169531,49 days 04:48:00,37 days 16:00:00,3.375747,12965.877031,0.4295,0.140767,1.316551,0.769795
VINATIORGA,Success,0.003226356999221025,0.005857969998032786,0.0005584200007433537,0.026675021003029542,0.03648561999943922,2009-07-28 00:00:00,2025-03-07 00:00:00,3864 days 00:00:00,100000.0,177233.610139,77.23361,10575.551168,100.0,2671.711794,19.051154,831 days 00:00:00,9,9,0,0.0,44.444444,32.478429,-10.174906,27.943518,-7.837359,53 days 06:00:00,10 days 19:12:00,2.227699,8581.512238,0.474455,0.291574,1.324568,0.868807
DEEPAKNTR,Success,0.0037228639994282275,0.006114798001362942,0.0004610479991242755,0.02564923000318231,0.03619295599855832,2010-09-29 00:00:00,2025-03-06 00:00:00,3446 days 00:00:00,100000.0,154471.749577,54.47175,10940.045121,100.0,3859.276351,30.94013,1097 days 00:00:00,15,15,0,0.0,40.0,29.371326,-14.967549,25.757257,-9.833011,40 days 00:00:00,26 days 05:20:00,1.46518,3631.449972,0.354514,0.152344,1.154458,0.548526
ASIANPAINT,Success,0.0061293999970075674,0.007792726999468869,0.0004644529981305823,0.02650318599989987,0.04103110400319565,1999-01-01 00:00:00,2025-03-06 00:00:00,6469 days 00:00:00,100000.0,421544.98091,321.544981,18996.421053,100.0,12684.44378,26.352292,1258 days 00:00:00,24,24,0,0.0,54.166667,34.658527,-13.489848,18.893437,-6.817932,80 days 07:23:04,37 days 10:54:32,2.549991,13397.707538,0.634527,0.320901,1.22583,0.981434
PATINTLOG,Success,0.003903665998223005,0.006031879001966445,0.00043618199924821965,0.026690620001318166,0.037221496997517534,2008-01-11 00:00:00,2025-03-06 00:00:00,4068 days 00:00:00,100000.0,64010.68063,-35.989319,-61.675171,100.0,1201.655513,71.079285,3482 days 00:00:00,9,9,0,0.0,22.222222,57.148387,-24.724268,53.445925,-16.871663,61 days 12:00:00,61 days 10:17:08,0.602818,-3998.813263,-0.035553,-0.055202,0.985927,-0.057247
CANTABIL,Success,0.003484758999547921,0.005935831999522634,0.0005679150017385837,0.025668162998044863,0.03579145299954689,2010-10-12 00:00:00,2025-03-06 00:00:00,3564 days 00:00:00,100000.0,145799.719032,45.799719,1135.380952,100.0,2465.367715,41.901717,1453 days 00:00:00,8,8,0,0.0,37.5,41.085377,-17.192777,38.777173,-11.330408,37 days 16:00:00,6 days 09:36:00,1.478317,5724.964879,0.310731,0.093962,1.286366,0.570685
JSWSTEEL,Success,0.0036959559984097723,0.0059167720028199255,0.0004491580002650153,0.02537212199968053,0.03564703400115832,2005-09-16 00:00:00,2025-03-06 00:00:00,4812 days 00:00:00,100000.0,195356.35132,95.356351,3114.43342,100.0,8933.264414,33.045776,3670 days 00:00:00,24,24,0,0.0,33.333333,56.16884,-13.932751,29.074257,-7.962648,48 days 15:00:00,16 days 18:00:00,1.396456,3973.181305,0.390454,0.157681,1.163847,0.572072
NAVINFLUOR,Success,0.004316029000619892,0.006695979998767143,0.0004607520022545941,0.025472073997661937,0.037103402999491664,2007-06-01 00:00:00,2025-03-06 00:00:00,4392 days 00:00:00,100000.0,653863.090632,553.863091,6202.386244,100.0,14925.28602,39.722713,870 days 00:00:00,16,15,1,45382.823053,60.0,66.2825,-8.75448,28.934422,-6.816124,39 days 08:00:00,33 days 12:00:00,2.707034,33898.684505,0.970556,0.425158,1.555497,1.832122
RTNPOWER,Success,0.003399536999495467,0.0059624249988701195,0.0004382089973660186,0.025436620999244042,0.035413028999755625,2009-10-30 00:00:00,2025-03-06 00:00:00,3800 days 00:00:00,100000.0,21678.860318,-78.32114,-75.287958,100.0,998.240475,78.32114,2632 days 00:00:00,10,10,0,0.0,0.0,-10.958061,-18.627613,,-14.160961,,29 days 04:48:00,0.0,-7832.113968,-0.942904,-0.174378,0.611987,-1.229512
CENTEXT,Success,0.006313085003057495,0.007103998999809846,0.0005840230005560443,0.026235566001560073,0.04036495300169918,2004-07-20 00:00:00,2025-03-06 00:00:00,4928 days 00:00:00,100000.0,125801.514903,25.801515,1712.856669,100.0,1772.760909,48.037348,2045 days 00:00:00,8,8,0,0.0,37.5,61.278668,-20.51292,45.204205,-16.092107,33 days 08:00:00,29 days 00:00:00,1.271289,3225.189363,0.186908,0.035694,1.12666,0.305819
SIYSIL,Success,0.004804686002898961,0.007381952000287129,0.0005121240028529428,0.02556453899887856,0.03841049500260851,2007-01-29 00:00:00,2025-03-06 00:00:00,4404 days 00:00:00,100000.0,328954.109558,228.95411,1438.434832,100.0,4921.384942,25.528871,434 days 00:00:00,12,12,0,0.0,58.333333,40.057244,-19.336911,29.026647,-10.903589,56 days 17:08:34,12 days 00:00:00,3.028037,19079.50913,0.669764,0.406294,1.371141,1.091703
NRBBEARING,Success,0.005187459999433486,0.007362668999121524,0.00047121199895627797,0.026206967999314656,0.039377700002660276,2000-03-08 00:00:00,2025-03-06 00:00:00,5932 days 00:00:00,100000.0,435485.220277,335.48522,2456.547619,100.0,12462.672931,32.831696,2228 days 00:00:00,19,19,0,0.0,47.368421,53.646543,-18.408158,34.720172,-11.16732,43 days 08:00:00,26 days 00:00:00,1.816654,17657.116857,0.56496,0.288605,1.304423,1.007943
BPL,Success,0.005790488001366612,0.007728971999313217,0.000608057998761069,0.026159459997870727,0.04043299700060743,1999-01-01 00:00:00,2025-03-06 00:00:00,5820 days 00:00:00,100000.0,48185.424824,-51.814575,-45.817568,100.0,1009.9778,58.307032,4574 days 00:00:00,8,8,0,0.0,12.5,46.243802,-19.874679,46.243802,-14.631754,17 days 00:00:00,20 days 10:17:08,0.283053,-6476.821897,-0.370501,-0.07676,0.710256,-0.495313
DALBHARAT,Success,0.005356024998036446,0.005915199999435572,0.0005657130022882484,0.026641283999197185,0.0386893839968252,2004-09-15 00:00:00,2025-03-06 00:00:00,5009 days 00:00:00,100000.0,179387.631864,79.387632,2154.83934,100.0,2861.041169,35.679003,3796 days 00:00:00,11,11,0,0.0,45.454545,33.641116,-17.720979,27.141402,-9.593358,31 days 19:12:00,27 days 04:00:00,2.025143,7217.057442,0.446153,0.121928,1.28177,0.751393
TRANSWORLD,Success,0.005238118003035197,0.006509602997539332,0.00046753599963267334,0.025782988999708323,0.038159081999765476,2006-04-03 00:00:00,2025-03-06 00:00:00,4502 days 00:00:00,100000.0,155596.83381,55.596834,33.827915,100.0,4235.721387,61.736942,2364 days 00:00:00,16,16,0,0.0,37.5,48.441898,-24.783495,41.234386,-14.862625,32 days 16:00:00,11 days 04:48:00,1.259787,3474.802113,0.275317,0.059111,1.1855,0.454074
GVT&D,Success,0.0034271779986738693,0.0066701100004138425,0.00044253799933358096,0.02570517799904337,0.03645009699903312,2008-06-30 00:00:00,2025-03-06 00:00:00,4123 days 00:00:00,100000.0,73029.687575,-26.970312,511.822668,100.0,1084.178552,43.670797,1451 days 00:00:00,7,7,0,0.0,14.285714,35.563019,-11.877384,35.563019,-9.789361,99 days 00:00:00,58 days 00:00:00,0.439514,-3852.901775,-0.106983,-0.062836,0.956698,-0.159554
AROGRANITE,Success,0.004733302997919964,0.006027383999025915,0.00044631499986280687,0.02626816700285417,0.03760997499921359,2007-04-24 00:00:00,2025-03-06 00:00:00,4193 days 00:00:00,100000.0,41074.936247,-58.925064,-22.211078,100.0,1370.777912,65.479268,4016 days 00:00:00,10,10,0,0.0,10.0,63.097876,-20.896758,63.097876,-14.144361,90 days 00:00:00,30 days 05:20:00,0.388291,-5892.506375,-0.288532,-0.113824,0.858961,-0.415506
PENINLAND,Success,0.003625731002102839,0.00625272999968729,0.0005596180017164443,0.02671161000034772,0.03741337500105146,2006-06-09 00:00:00,2025-03-06 00:00:00,4631 days 00:00:00,100000.0,61503.880544,-38.496119,-67.891879,100.0,2474.886516,67.207729,3746 days 00:00:00,12,12,0,0.0,25.0,48.11847,-19.418612,37.928032,-14.791184,26 days 00:00:00,42 days 21:19:59,0.730466,-3208.009955,-0.122825,-0.055925,0.947566,-0.181154
DCW,Success,0.005750365999119822,0.006122581999079557,0.00047310199806815945,0.026838802001293516,0.0393378720000328,1999-01-01 00:00:00,2025-03-06 00:00:00,6441 days 00:00:00,100000.0,34589.060738,-65.410939,4173.743017,100.0,1308.991166,70.665971,6190 days 00:00:00,12,12,0,0.0,25.0,38.477569,-33.510206,34.796863,-19.148631,34 days 16:00:00,30 days 00:00:00,0.420908,-5450.911605,-0.211091,-0.082624,0.872056,-0.309455
ALMONDZ,Success,0.0037749430011899676,0.006647936999797821,0.0004328659997554496,0.028950010000698967,0.040047359998425236,2008-06-16 00:00:00,2025-03-06 00:00:00,3829 days 00:00:00,100000.0,134692.56925,34.692569,186.524078,100.0,2820.932861,61.36071,1602 days 00:00:00,10,10,0,0.0,40.0,65.006936,-29.316458,47.607092,-18.519665,32 days 00:00:00,56 days 04:00:00,1.193584,3469.256925,0.234801,0.046931,1.10105,0.396211
SUVEN,Success,0.005755625003075693,0.006261124999582535,0.0004529750003712252,0.028106993999244878,0.04071851300250273,2003-10-24 00:00:00,2025-03-06 00:00:00,5160 days 00:00:00,100000.0,89041.577035,-10.958423,12664.005671,100.0,2279.348545,69.701463,4788 days 00:00:00,18,18,0,0.0,33.333333,37.984446,-22.542784,29.087834,-12.669218,34 days 12:00:00,41 days 22:00:00,0.896725,-608.801276,0.058622,-0.011731,1.024796,0.089667
GAEL,Success,0.004365256001619855,0.005943534997641109,0.0005978190019959584,0.02685186199960299,0.03795689199978369,2001-02-12 00:00:00,2025-03-06 00:00:00,5872 days 00:00:00,100000.0,83925.230189,-16.07477,23988.39779,100.0,2617.618859,58.179893,4479 days 00:00:00,14,14,0,0.0,28.571429,45.319795,-17.82122,36.220106,-13.102058,51 days 06:00:00,34 days 19:12:00,0.87784,-1148.197844,0.045898,-0.018621,1.023786,0.072
JINDRILL,Success,0.0036481049974099733,0.006308168998657493,0.00045970300197950564,0.026309331002266845,0.03687291399910464,2006-12-22 00:00:00,2025-03-06 00:00:00,4498 days 00:00:00,100000.0,52915.86813,-47.084132,192.651966,100.0,798.690797,62.603832,4223 days 00:00:00,7,7,0,0.0,14.285714,40.789012,-27.51168,40.789012,-14.836332,101 days 00:00:00,35 days 12:00:00,0.245494,-6726.304553,-0.343113,-0.080405,0.816841,-0.503604
NTPC,Success,0.004965872998582199,0.006622226999752456,0.0004351249990577344,0.026083685999765294,0.03823866499806172,2004-11-05 00:00:00,2025-03-06 00:00:00,5028 days 00:00:00,100000.0,122417.312314,22.417312,436.704362,100.0,2514.04755,49.319235,3758 days 00:00:00,14,14,0,0.0,35.714286,27.297037,-12.503908,19.304283,-7.209812,74 days 19:12:00,56 days 18:40:00,1.366488,1601.236594,0.17984,0.029991,1.064991,0.278493
PIONEEREMB,Success,0.003391876998648513,0.005914795998251066,0.00047081899901968427,0.026967746998707298,0.03690146900044056,2006-05-16 00:00:00,2025-03-06 00:00:00,4342 days 00:00:00,100000.0,65235.747002,-34.764253,-55.417538,100.0,1202.197802,57.082737,2369 days 00:00:00,8,8,0,0.0,25.0,46.199083,-19.187726,35.334572,-15.684429,20 days 00:00:00,35 days 12:00:00,0.552342,-4345.531625,-0.088686,-0.06179,0.945925,-0.134983
MARICO,Success,0.004475048997846898,0.005841431997396285,0.0005473450000863522,0.0261791440025263,0.0371925059989735,2005-06-14 00:00:00,2025-03-07 00:00:00,4877 days 00:00:00,100000.0,146422.340123,46.42234,4578.591857,100.0,4773.474865,30.729464,1533 days 00:00:00,17,17,0,0.0,35.294118,25.346048,-14.1994,21.465251,-6.820186,71 days 04:00:00,43 days 08:43:38,1.439019,2730.72589,0.271561,0.094209,1.100811,0.389161
VISAKAIND,Success,0.004969449000782333,0.006118443998275325,0.0005244050007604528,0.025760332999198,0.03752680699835764,1996-09-03 00:00:00,2025-03-06 00:00:00,6895 days 00:00:00,100000.0,207689.806242,107.689806,3497.837838,100.0,3226.161357,49.284385,2578 days 00:00:00,18,18,0,0.0,50.0,45.642633,-26.173926,28.298318,-15.098318,50 days 16:00:00,31 days 13:20:00,1.959918,5982.767013,0.302645,0.080043,1.15497,0.467907
RECLTD,Success,0.004069991002324969,0.006774637000489747,0.00044708000132231973,0.025898718002281385,0.03733268699943437,2008-03-12 00:00:00,2025-03-06 00:00:00,4195 days 00:00:00,100000.0,41602.610508,-58.397389,808.271503,100.0,1657.50563,67.837368,4146 days 00:00:00,15,15,0,0.0,13.333333,27.590962,-16.008571,21.931752,-9.284927,50 days 12:00:00,45 days 11:04:36,0.216422,-3893.159299,-0.32845,-0.108301,0.89569,-0.457648
INSPIRISYS,Success,0.003689211000164505,0.006262767998123309,0.00044775100104743615,0.026738880998891545,0.037315497000236064,2006-10-30 00:00:00,2025-03-06 00:00:00,4196 days 00:00:00,100000.0,124763.757323,24.763757,21.503546,100.0,2770.494372,40.133173,823 days 00:00:00,9,9,0,0.0,33.333333,49.069655,-16.908969,40.679198,-12.39108,20 days 08:00:00,18 days 16:00:00,1.195779,2751.528591,0.20755,0.04842,1.157319,0.361573
GRASIM,Success,0.005325103000359377,0.00618561199735268,0.0005680570029653609,0.02663933499934501,0.038860062002640916,1999-01-01 00:00:00,2025-03-06 00:00:00,6469 days 00:00:00,100000.0,491655.512409,391.655512,8013.753148,100.0,16753.131117,28.075082,1570 days 00:00:00,28,28,0,0.0,50.0,42.251419,-14.678904,20.81529,-6.991541,38 days 08:34:17,42 days 08:34:17,2.329722,13987.696872,0.673056,0.33489,1.261747,1.042957
EMAMIREAL,Success,0.0028578460005519446,0.005862527999852318,0.00046653499884996563,0.025714020001032623,0.035072205999313155,2010-07-28 00:00:00,2025-03-06 00:00:00,3572 days 00:00:00,100000.0,101138.507142,1.138507,1.660305,100.0,2340.922559,48.424894,1716 days 00:00:00,9,9,0,0.0,33.333333,42.866783,-18.615472,39.257833,-15.062701,47 days 00:00:00,25 days 20:00:00,1.008884,126.500794,0.100501,0.00239,1.053873,0.170827
SAKSOFT,Success,0.004837347998545738,0.007144425999285886,0.0004421090015966911,0.025721488997078268,0.038280024000414414,2005-05-09 00:00:00,2025-03-06 00:00:00,4504 days 00:00:00,100000.0,72989.972506,-27.010027,1946.626984,100.0,1750.877974,60.052364,3842 days 00:00:00,14,14,0,0.0,28.571429,52.949758,-24.401206,37.67367,-14.573123,60 days 12:00:00,42 days 07:12:00,0.737268,-1929.287678,0.004604,-0.04195,1.001835,0.007396
TDPOWERSYS,Success,0.0027667280010064133,0.005836803000420332,0.0004299969987187069,0.025479416999587556,0.0347275960011757,2011-09-08 00:00:00,2025-03-06 00:00:00,3332 days 00:00:00,100000.0,150175.67856,50.175679,528.428701,100.0,1638.661016,50.201373,2844 days 00:00:00,10,10,0,0.0,40.0,35.310305,-14.367041,30.729167,-10.416721,65 days 18:00:00,27 days 00:00:00,2.034704,5017.567856,0.316568,0.090737,1.145337,0.498044
KSB,Success,0.005263630002446007,0.0060077910020481795,0.0005830029986100271,0.02664748499955749,0.03868746800071676,1999-01-01 00:00:00,2025-03-06 00:00:00,6435 days 00:00:00,100000.0,203005.788177,103.005788,4337.457045,100.0,6314.134278,29.623256,2922 days 00:00:00,22,22,0,0.0,40.909091,35.275668,-15.645536,25.139224,-9.497532,42 days 00:00:00,27 days 11:04:36,1.568187,4682.081281,0.334024,0.138336,1.158194,0.548441
EPL,Success,0.004744615001982311,0.006040672000381164,0.0004422609999892302,0.027129968999361154,0.03850060800323263,1999-01-01 00:00:00,2025-03-06 00:00:00,6420 days 00:00:00,100000.0,141090.141039,41.090141,1218.764541,100.0,5154.167082,50.460159,2365 days 00:00:00,19,19,0,0.0,36.842105,49.863309,-17.276895,31.347616,-12.082338,102 days 10:17:08,37 days 02:00:00,1.196644,2162.639002,0.198033,0.039166,1.071751,0.291523
PENIND,Success,0.003478668000752805,0.006614304998947773,0.0004416640003910288,0.025739553002495086,0.03641695400074241,2010-11-25 00:00:00,2025-03-06 00:00:00,3532 days 00:00:00,100000.0,208130.189338,108.130189,253.271969,100.0,2680.4539,36.929522,2212 days 00:00:00,10,10,0,0.0,50.0,37.386338,-16.909303,33.147241,-12.92675,21 days 19:12:00,17 days 14:24:00,2.189429,10813.018934,0.500902,0.213084,1.382691,0.838318
IFCI,Success,0.004244351999659557,0.006131407997600036,0.00045334700189414434,0.026576690001093084,0.037552134999714326,1999-01-01 00:00:00,2025-03-06 00:00:00,6469 days 00:00:00,100000.0,142552.003099,42.552003,158.753709,100.0,5242.009763,54.25084,4455 days 00:00:00,18,18,0,0.0,33.333333,92.56983,-26.574635,44.083748,-13.480556,87 days 08:00:00,32 days 12:00:00,1.166004,2364.000172,0.198892,0.037244,1.088748,0.34402
DELPHIFX,Success,0.003335715999128297,0.00587875600103871,0.0005390260012063663,0.026653347002138617,0.03660337499968591,2011-07-12 00:00:00,2025-03-06 00:00:00,3054 days 00:00:00,100000.0,115517.342092,15.517342,63.349627,100.0,1561.887424,47.586443,1095 days 00:00:00,6,6,0,0.0,33.333333,40.844647,-16.568714,39.698768,-12.244095,31 days 12:00:00,15 days 12:00:00,1.220117,2586.223682,0.182489,0.036543,1.140048,0.329004
BASML,Success,0.003945697000744985,0.006157657997391652,0.00047395099682034925,0.02530010000191396,0.036035887998878025,2005-11-14 00:00:00,2025-03-07 00:00:00,4680 days 00:00:00,100000.0,241499.663268,141.499663,-13.20932,100.0,2692.817621,31.289807,541 days 00:00:00,7,7,0,0.0,57.142857,42.889165,-17.729899,40.017237,-14.271359,82 days 06:00:00,17 days 16:00:00,2.539447,20214.23761,0.503308,0.2275,1.284709,0.802165
GENUSPOWER,Success,0.004660728001908865,0.006754170000931481,0.00045360099829849787,0.025972262003051583,0.037992705998476595,2008-01-14 00:00:00,2025-03-06 00:00:00,4196 days 00:00:00,100000.0,281772.27443,181.772274,206.935855,100.0,3407.802465,50.676581,2708 days 00:00:00,14,14,0,0.0,50.0,46.460696,-17.141084,35.927914,-14.556067,45 days 00:00:00,19 days 10:17:08,2.513743,12983.733888,0.522186,0.186078,1.261774,0.849438
MSPL,Success,0.005153940001036972,0.006078515998524381,0.00044896699910168536,0.02965322399904835,0.04158228400046937,2005-07-18 00:00:00,2025-03-06 00:00:00,4791 days 00:00:00,100000.0,111187.03633,11.187036,70.0,100.0,1283.944714,36.232598,2057 days 00:00:00,7,7,0,0.0,28.571429,54.922208,-15.506782,49.206347,-12.914017,45 days 12:00:00,18 days 00:00:00,1.180228,1598.148047,0.125931,0.022388,1.090456,0.21003
ZEEL,Success,0.004302451998228207,0.006009786000504391,0.000766519002354471,0.03243323300193879,0.04364222000003792,2007-02-28 00:00:00,2025-03-06 00:00:00,4456 days 00:00:00,100000.0,65110.599585,-34.8894,-16.566819,100.0,1203.008071,41.11205,4288 days 00:00:00,8,8,0,0.0,12.5,23.058711,-14.969054,23.058711,-8.63275,173 days 00:00:00,25 days 20:34:17,0.301894,-4361.175052,-0.257368,-0.084006,0.877599,-0.359454
ZENITHEXPO,Success,0.002696510000532726,0.008503696997649968,0.0007976589986355975,0.030451856000581756,0.042579549000947736,1999-02-12 00:00:00,2025-03-06 00:00:00,3348 days 00:00:00,100000.0,76675.953615,-23.324046,584.375,100.0,1283.454742,49.012315,2691 days 00:00:00,9,9,0,0.0,22.222222,40.243579,-15.810639,39.339391,-12.400017,13 days 12:00:00,38 days 17:08:34,0.649198,-2591.560709,-0.042414,-0.058228,0.979855,-0.070352
BSL,Success,0.004358003003289923,0.0066761799971573055,0.00044065799738746136,0.026469027001439827,0.038080287999036955,1999-01-01 00:00:00,2025-03-06 00:00:00,5858 days 00:00:00,100000.0,194351.336107,94.351336,1126.666667,100.0,1685.908476,56.46614,4552 days 00:00:00,9,9,0,0.0,44.444444,44.715947,-17.487363,39.757509,-12.480657,48 days 12:00:00,42 days 00:00:00,2.730511,10483.48179,0.310027,0.074864,1.197952,0.594594
WANBURY,Success,0.003088715999183478,0.005732102999900235,0.0004437139978108462,0.02661034500124515,0.03603693100012606,2007-01-29 00:00:00,2025-03-06 00:00:00,4411 days 00:00:00,100000.0,90661.048214,-9.338952,43.738182,100.0,1281.664702,52.16607,2425 days 00:00:00,7,7,0,0.0,28.571429,38.345392,-14.85567,37.752423,-13.730832,15 days 00:00:00,20 days 09:36:00,0.861931,-1334.135969,-0.024782,-0.015489,0.982625,-0.036135
PTL,Success,0.003258081997046247,0.005733410998800537,0.0005172419987502508,0.026243710999551695,0.03589101200122968,2007-01-29 00:00:00,2025-03-06 00:00:00,4072 days 00:00:00,100000.0,51147.107756,-48.852892,167.282732,100.0,1009.727053,62.832752,2628 days 00:00:00,8,8,0,0.0,12.5,24.334433,-17.013916,24.334433,-11.894118,172 days 00:00:00,19 days 17:08:34,0.169948,-6106.61153,-0.487988,-0.09283,0.735376,-0.65953
MUTHOOTFIN,Success,0.002753926000877982,0.005802179999591317,0.00044007399992551655,0.02540316899830941,0.03453511000043363,2011-05-06 00:00:00,2025-03-06 00:00:00,3423 days 00:00:00,100000.0,90076.074048,-9.923926,1137.549815,100.0,3372.710637,39.240128,1239 days 00:00:00,17,17,0,0.0,23.529412,43.582067,-11.40756,26.510776,-7.605157,67 days 06:00:00,31 days 07:23:04,0.902337,-583.76035,0.042864,-0.028244,1.015207,0.066184
MMFL,Success,0.003960092999477638,0.006336220001685433,0.0004210010010865517,0.025822997002251213,0.0366736280011537,2006-12-20 00:00:00,2025-03-06 00:00:00,4466 days 00:00:00,100000.0,81039.056695,-18.960943,1545.771235,100.0,2119.506947,45.650996,1754 days 00:00:00,9,9,0,0.0,22.222222,33.304679,-15.488952,32.850967,-10.484994,50 days 00:00:00,28 days 00:00:00,0.786214,-2106.771478,-0.06839,-0.037317,0.96138,-0.110068
BHEL,Success,0.005217754001932917,0.00597483999808901,0.0004522119998000562,0.0268019600007392,0.03857952500038664,1994-11-03 00:00:00,2025-03-06 00:00:00,7402 days 00:00:00,100000.0,81112.947963,-18.887052,1508.647782,100.0,2862.955191,55.974875,6919 days 00:00:00,19,19,0,0.0,26.315789,36.431492,-13.948363,27.748978,-9.684631,74 days 14:24:00,36 days 03:25:42,0.825358,-994.05537,0.003691,-0.018346,1.001558,0.005497
CHOLAFIN,Success,0.002954611998575274,0.005761536998761585,0.0005348320009943563,0.16685367900208803,0.1762419599981513,2010-06-22 00:00:00,2025-03-06 00:00:00,3643 days 00:00:00,100000.0,77044.913282,-22.955087,5066.844149,100.0,1142.935594,35.211031,3525 days 00:00:00,7,7,0,0.0,14.285714,29.708494,-12.597229,29.708494,-8.296154,110 days 00:00:00,27 days 20:00:00,0.468857,-3279.298103,-0.144749,-0.073244,0.928457,-0.197218
VTL,Success,0.004988715998479165,0.00604866200228571,0.0006357310012390371,0.02555110799949034,0.03735011599928839,1995-01-19 00:00:00,2025-03-06 00:00:00,7363 days 00:00:00,100000.0,507398.089533,407.39809,1176.823731,100.0,8923.264374,35.922243,2432 days 00:00:00,21,21,0,0.0,52.380952,49.105302,-21.910649,30.632991,-11.92977,62 days 10:54:32,25 days 14:24:00,2.989077,19399.909025,0.559544,0.233397,1.26842,0.899637
NATIONALUM,Success,0.004683998999098549,0.006490480998763815,0.000602907999564195,0.02571322199946735,0.03761714000211214,1999-04-28 00:00:00,2025-03-06 00:00:00,6392 days 00:00:00,100000.0,250635.133488,150.635133,2793.658524,100.0,6251.086276,48.052485,4043 days 00:00:00,20,20,0,0.0,45.0,39.360633,-23.290346,28.057499,-10.928772,71 days 10:40:00,13 days 13:05:27,1.751721,7531.756674,0.396612,0.112103,1.176356,0.613352
MEGASOFT,Success,0.004224713000439806,0.006184177000250202,0.0006182200013427064,0.02582175000134157,0.0369774819992017,2007-07-19 00:00:00,2025-03-06 00:00:00,4235 days 00:00:00,100000.0,163864.248111,63.864248,-54.882237,100.0,1837.829256,36.828926,3200 days 00:00:00,8,8,0,0.0,50.0,58.801662,-19.073583,37.609304,-17.17085,58 days 18:00:00,14 days 00:00:00,1.805449,7983.031014,0.347811,0.118069,1.217619,0.597814
BOSCHLTD,Success,0.0036184749988024123,0.0057732630011742,0.00046038000073167495,0.0269932549999794,0.03697257300154888,2008-02-28 00:00:00,2025-03-07 00:00:00,4203 days 00:00:00,100000.0,212475.230036,112.47523,588.715655,100.0,3767.774602,16.710564,998 days 00:00:00,11,11,0,0.0,63.636364,25.193373,-9.574523,15.642001,-6.189624,48 days 06:51:25,27 days 12:00:00,3.3541,10225.020912,0.783106,0.404767,1.439941,1.323243
PNC,Success,0.00461560799885774,0.006556476000696421,0.0007031189998087939,0.028265000000828877,0.04028013800052577,2000-12-11 00:00:00,2025-03-06 00:00:00,5810 days 00:00:00,100000.0,77965.027811,-22.034972,-82.749015,100.0,3950.803911,75.630421,3677 days 00:00:00,12,12,0,0.0,25.0,76.019809,-30.964859,70.734483,-18.421755,63 days 16:00:00,69 days 10:40:00,0.924755,-1836.247682,0.091302,-0.020515,1.03728,0.149221
HINDCOMPOS,Success,0.004884772999503184,0.00863772000229801,0.0005122229995322414,0.026049987001897534,0.040209355000115465,1997-01-24 00:00:00,2025-03-06 00:00:00,4841 days 00:00:00,100000.0,54963.995198,-45.036005,4275.939268,100.0,1432.430566,55.468789,3821 days 00:00:00,10,10,0,0.0,20.0,40.476899,-24.090877,37.650162,-14.180367,67 days 12:00:00,37 days 21:00:00,0.506055,-4503.60048,-0.125735,-0.079544,0.93493,-0.187225
HINDMOTORS,Success,0.0033064750023186207,0.00845382400075323,0.00045206499999039806,0.0253408459975617,0.037677377000363776,2011-03-08 00:00:00,2025-03-06 00:00:00,3463 days 00:00:00,100000.0,40293.24806,-59.706752,50.605187,100.0,1049.628375,65.220096,2271 days 00:00:00,9,9,0,0.0,11.111111,35.933393,-24.92238,35.933393,-13.99648,70 days 00:00:00,38 days 06:00:00,0.210682,-6634.083549,-0.435379,-0.140081,0.820744,-0.679009
GILLETTE,Success,0.004331029998866143,0.007905323000159115,0.000671508998493664,0.026756798000860726,0.03981298699727631,2006-04-04 00:00:00,2025-03-06 00:00:00,4675 days 00:00:00,100000.0,146317.670549,46.317671,786.520776,100.0,3554.045612,22.459943,2495 days 00:00:00,14,14,0,0.0,35.714286,24.410905,-7.567055,18.608956,-5.067913,57 days 09:36:00,24 days 16:00:00,1.773843,3308.405039,0.360705,0.134292,1.178548,0.595996
BALKRISIND,Success,0.004422488000273006,0.006253690000448842,0.0008406339984503575,0.027414061998570105,0.039072621999366675,2006-01-27 00:00:00,2025-03-06 00:00:00,4708 days 00:00:00,100000.0,112393.260328,12.39326,2114.363015,100.0,4248.746404,36.145275,2141 days 00:00:00,19,19,0,0.0,31.578947,47.384505,-23.217897,24.940877,-8.690052,39 days 20:00:00,33 days 22:09:13,1.093836,652.276859,0.137647,0.025173,1.055093,0.19657
EIHAHOTELS,Success,0.003954752999561606,0.0065892399979929905,0.0005226260000199545,0.025274222000007285,0.03647242899751291,2008-04-08 00:00:00,2025-03-06 00:00:00,4052 days 00:00:00,100000.0,383337.400057,283.3374,380.615494,100.0,2584.882089,24.202875,659 days 00:00:00,6,6,0,0.0,66.666667,52.871898,-9.845545,47.428276,-9.781961,90 days 00:00:00,43 days 00:00:00,7.440752,47222.900009,0.706751,0.531646,1.442033,1.453381
AHLEAST,Success,0.00378644300144515,0.009808606999285985,0.0006796289999329019,0.026207871997030452,0.0406064039998455,2010-08-11 00:00:00,2025-03-06 00:00:00,3521 days 00:00:00,100000.0,68329.577668,-31.670422,-50.441795,100.0,974.403218,46.48454,1703 days 00:00:00,6,6,0,0.0,16.666667,34.448456,-21.302732,34.448456,-12.512853,24 days 00:00:00,74 days 04:48:00,0.421565,-5278.403722,-0.170418,-0.083273,0.926777,-0.260039
SIL,Success,0.004219418002321618,0.006565715000760974,0.0006692480019410141,0.02599788700172212,0.037586889000522206,2004-01-28 00:00:00,2025-03-07 00:00:00,4692 days 00:00:00,100000.0,95558.355265,-4.441645,298.039216,100.0,1302.675166,55.233224,4279 days 00:00:00,7,7,0,0.0,28.571429,44.445321,-18.248375,36.704464,-12.450582,72 days 00:00:00,29 days 09:36:00,0.929227,-634.520676,0.043873,-0.006388,1.023781,0.064929
RSYSTEMS,Success,0.004093875002581626,0.007484402998670703,0.0006269869991228916,0.026358947001426714,0.03869842600033735,2006-04-26 00:00:00,2025-03-06 00:00:00,4650 days 00:00:00,100000.0,210000.565157,110.000565,1311.776544,100.0,1289.545029,27.142114,1177 days 00:00:00,6,6,0,0.0,50.0,61.054682,-14.395867,44.58569,-11.074003,140 days 00:00:00,29 days 16:00:00,4.489252,18333.427526,0.390756,0.220939,1.224952,0.700098
CENTUM,Success,0.003955824999138713,0.007145639003283577,0.0006197619986778591,0.02508454200142296,0.036928756002453156,2007-10-05 00:00:00,2025-03-06 00:00:00,4046 days 00:00:00,100000.0,87263.53863,-12.736461,480.018962,100.0,1824.626442,41.968851,559 days 00:00:00,9,9,0,0.0,33.333333,33.3481,-18.629286,30.014341,-14.201678,15 days 16:00:00,59 days 16:00:00,0.862001,-1415.162374,0.052799,-0.029105,1.026168,0.079035
RUCHIRA,Success,0.004245105999871157,0.008012072001292836,0.0004964979998476338,0.02589337199970032,0.038780212998972274,2006-12-20 00:00:00,2025-03-06 00:00:00,4147 days 00:00:00,100000.0,673644.805364,573.644805,524.100416,100.0,6019.053205,32.692304,567 days 00:00:00,7,7,0,0.0,85.714286,80.522991,-12.001915,41.984913,-12.001915,122 days 04:00:00,104 days 00:00:00,8.217284,81949.257909,0.745286,0.559181,1.276273,1.169116
MMTC,Success,0.003934591000870569,0.006759143998351647,0.0005976329994155094,0.026173991998803103,0.037603310996928485,2010-01-08 00:00:00,2025-03-06 00:00:00,3754 days 00:00:00,100000.0,148336.734911,48.336735,-95.402796,100.0,1634.005598,27.66159,977 days 00:00:00,7,7,0,0.0,42.857143,55.50286,-11.932452,33.776033,-10.840127,43 days 00:00:00,20 days 06:00:00,1.903253,6905.247844,0.350141,0.141292,1.273135,0.647016
ATUL,Success,0.004274034003174165,0.006683798997983104,0.0006015879989718087,0.026664183002139907,0.03835516099934466,2005-03-10 00:00:00,2025-03-06 00:00:00,4942 days 00:00:00,100000.0,105264.524927,5.264525,6388.543615,100.0,2981.920786,50.171585,3638 days 00:00:00,17,17,0,0.0,35.294118,28.881307,-16.32767,21.555829,-9.548189,82 days 16:00:00,29 days 00:00:00,1.056788,309.677937,0.096361,0.007567,1.035027,0.143323
KANANIIND,Success,0.003281498997239396,0.0072944849998748396,0.0005515180018846877,0.02525671799958218,0.036524721999739995,2011-12-14 00:00:00,2025-03-06 00:00:00,3173 days 00:00:00,100000.0,63739.675265,-36.260325,-82.107742,100.0,901.385464,50.169448,2355 days 00:00:00,6,6,0,0.0,16.666667,50.160975,-23.772837,50.160975,-15.653344,83 days 00:00:00,6 days 00:00:00,0.440508,-6043.387456,-0.292885,-0.100634,0.819975,-0.400921
DCM,Success,0.005395145999500528,0.008284037998237181,0.0005599820033239666,0.025775886999326758,0.04014758300036192,1999-01-01 00:00:00,2025-03-06 00:00:00,5955 days 00:00:00,100000.0,118069.140429,18.06914,3487.035124,100.0,4317.391346,67.664364,1936 days 00:00:00,22,22,0,0.0,36.363636,101.2229,-35.953215,47.228931,-18.009443,116 days 03:00:00,46 days 00:00:00,1.069507,821.324565,0.205206,0.015123,1.063712,0.318426
VINYLINDIA,Success,0.003162601999065373,0.00660388799951761,0.0006168910003907513,0.02587137099908432,0.03637850000086473,2008-07-21 00:00:00,2025-03-06 00:00:00,3947 days 00:00:00,100000.0,74917.620673,-25.082379,2190.892019,100.0,3509.281286,62.12712,1763 days 00:00:00,14,14,0,0.0,21.428571,70.907442,-21.931333,46.733025,-12.001554,34 days 00:00:00,33 days 13:05:27,0.859081,-1791.598523,-0.007849,-0.042416,0.99646,-0.012049
BBTC,Success,0.005886526996619068,0.007491331998608075,0.0005910200015932787,0.0261092920009105,0.04021692799869925,1995-05-15 00:00:00,2025-03-06 00:00:00,6585 days 00:00:00,100000.0,107416.045739,7.416046,3457.392232,100.0,4067.244703,40.114592,2757 days 00:00:00,16,16,0,0.0,31.25,38.73879,-16.680789,30.619424,-10.774506,14 days 00:00:00,22 days 21:49:05,1.045998,463.502859,0.090465,0.009905,1.06605,0.15558
RPGLIFE,Success,0.0046697059988218825,0.00677897999776178,0.0004674580013670493,0.02491998900222825,0.036956891999579966,2008-06-10 00:00:00,2025-03-06 00:00:00,4089 days 00:00:00,100000.0,85804.90132,-14.195099,4733.630074,100.0,2237.113844,56.768223,1894 days 00:00:00,14,14,0,0.0,28.571429,42.221883,-19.568957,34.667224,-12.406313,58 days 06:00:00,18 days 14:24:00,0.86959,-1013.93562,0.0279,-0.023909,1.0143,0.044637
PPAP,Success,0.004371893999632448,0.007991923001100076,0.00047890100177028216,0.02515282799868146,0.038139773001603317,2008-01-11 00:00:00,2025-03-06 00:00:00,4173 days 00:00:00,100000.0,115376.125692,15.376126,29.559138,100.0,3354.800542,50.802888,2064 days 00:00:00,10,10,0,0.0,30.0,44.888203,-14.115426,39.755613,-11.541997,67 days 16:00:00,29 days 06:51:25,1.10482,1537.612569,0.158496,0.02478,1.075101,0.251707
VAIBHAVGBL,Success,0.0036263329966459423,0.00802561499949661,0.0006494320005003829,0.028839705999416765,0.041351998999743955,2012-12-24 00:00:00,2025-03-06 00:00:00,3018 days 00:00:00,100000.0,73444.694382,-26.555306,1026.099426,100.0,1092.489175,51.769888,2604 days 00:00:00,7,7,0,0.0,14.285714,29.216641,-11.763453,29.216641,-8.977317,63 days 00:00:00,41 days 20:00:00,0.408151,-3793.615088,-0.199257,-0.070773,0.908859,-0.277273
VSTTILLERS,Success,0.005066743000497809,0.009107538000534987,0.0008915430007618852,0.03141736099860282,0.04668482499982929,2011-06-20 00:00:00,2025-03-06 00:00:00,3392 days 00:00:00,100000.0,91271.371229,-8.728629,604.3124,100.0,1754.338783,36.400716,1699 days 00:00:00,8,8,0,0.0,25.0,28.012647,-11.190963,22.552275,-7.924718,33 days 12:00:00,28 days 04:00:00,0.835292,-1091.078596,-0.022683,-0.026867,0.985931,-0.036746
TRF,Success,0.0064979579983628355,0.009837724999670172,0.0005129540004418232,0.026828784000827,0.04383422899991274,2010-01-08 00:00:00,2025-03-06 00:00:00,3716 days 00:00:00,100000.0,84289.710146,-15.71029,-51.082849,100.0,665.50167,37.994041,2441 days 00:00:00,4,4,0,0.0,25.0,21.356408,-14.45677,21.356408,-11.419916,32 days 00:00:00,27 days 00:00:00,0.485439,-3927.572464,-0.141045,-0.043816,0.894099,-0.225651
GATEWAY,Success,0.0064488800016988534,0.006870712997624651,0.0004670829985116143,0.02683019200048875,0.04079653100052383,2005-03-31 00:00:00,2025-03-06 00:00:00,4878 days 00:00:00,100000.0,68376.41818,-31.623582,196.175432,100.0,1971.07184,46.859157,1383 days 00:00:00,11,11,0,0.0,18.181818,52.152071,-17.001729,37.204739,-10.4924,65 days 00:00:00,48 days 16:00:00,0.636655,-2874.871075,-0.12863,-0.059847,0.945605,-0.188838
WHIRLPOOL,Success,0.003797815999860177,0.005927882997639244,0.0005516239980352111,0.02693482199902064,0.03735572300138301,2010-01-08 00:00:00,2025-03-06 00:00:00,3704 days 00:00:00,100000.0,52851.567801,-47.148432,597.661184,100.0,1836.355314,54.349976,3004 days 00:00:00,13,13,0,0.0,15.384615,18.610116,-11.435701,14.178588,-7.862994,25 days 00:00:00,26 days 02:10:54,0.272186,-3626.802477,-0.497615,-0.112061,0.78374,-0.685259
KNRCON,Success,0.004178589999355609,0.005992554000840755,0.0006837299988546874,0.0268793020004523,0.03787667099823011,2008-02-18 00:00:00,2025-03-06 00:00:00,4133 days 00:00:00,100000.0,171460.032235,71.460032,1332.537213,100.0,2756.170876,22.447485,861 days 00:00:00,9,9,0,0.0,44.444444,39.314964,-9.888026,28.403033,-8.656899,49 days 12:00:00,31 days 09:36:00,1.995317,7940.003582,0.409456,0.217257,1.227485,0.691641
ONELIFECAP,Success,0.0034313349970034324,0.005880922999494942,0.00043036499846493825,0.025915172998793423,0.03585655200004112,2011-10-17 00:00:00,2025-03-06 00:00:00,3256 days 00:00:00,100000.0,32757.278191,-67.242722,-92.99075,100.0,546.788281,67.242722,2524 days 00:00:00,5,5,0,0.0,0.0,-13.78101,-30.194983,,-19.791097,,63 days 19:12:00,0.0,-13448.544362,-0.46194,-0.174888,0.801315,-0.71412
GSS,Success,0.0032102789991768077,0.006663673000730341,0.0004335160010668915,0.025260914000682533,0.03577914600100485,2011-08-24 00:00:00,2025-03-06 00:00:00,3345 days 00:00:00,100000.0,104441.785132,4.441785,-67.692308,100.0,930.725725,55.869711,1428 days 00:00:00,5,5,0,0.0,40.0,38.374809,-18.72022,29.9351,-14.607319,64 days 00:00:00,63 days 00:00:00,1.103905,888.357026,0.128403,0.008508,1.062335,0.2007
CCCL,Success,0.003565825998521177,0.0061800610019417945,0.000565619000553852,0.02645461400243221,0.03692161599974497,2007-10-15 00:00:00,2025-03-06 00:00:00,3545 days 00:00:00,100000.0,78597.340368,-21.40266,-90.948112,100.0,1345.84925,41.810904,1192 days 00:00:00,7,7,0,0.0,14.285714,67.69594,-14.860803,67.69594,-11.842855,106 days 00:00:00,7 days 12:00:00,0.708058,-3057.522805,-0.071932,-0.058577,0.951338,-0.122039
DBCORP,Success,0.0035159699982614256,0.006051268999726744,0.0005573899979935959,0.025570255998900393,0.03604608300156542,2010-01-06 00:00:00,2025-03-06 00:00:00,3756 days 00:00:00,100000.0,60826.497904,-39.173502,-16.976304,100.0,1809.205789,56.271867,2708 days 00:00:00,9,9,0,0.0,11.111111,31.23025,-16.178793,31.23025,-9.090847,167 days 00:00:00,28 days 15:00:00,0.443341,-4352.611344,-0.240459,-0.083813,0.899722,-0.35547
CREATIVEYE,Success,0.0038271570010692813,0.006049937001080252,0.00046297100197989494,0.02521730700027547,0.03569514799892204,2000-12-20 00:00:00,2025-03-06 00:00:00,4622 days 00:00:00,100000.0,93572.83004,-6.42717,-90.99844,100.0,2011.236581,55.053717,4330 days 00:00:00,12,12,0,0.0,33.333333,62.42411,-29.606208,41.669913,-16.217239,53 days 06:00:00,25 days 21:00:00,0.94492,-535.597497,0.102036,-0.009504,1.051848,0.165059
STARPAPER,Success,0.006182225999509683,0.006713569000567077,0.000435859001299832,0.02472158399905311,0.03821205500207725,1999-01-01 00:00:00,2025-03-06 00:00:00,5898 days 00:00:00,100000.0,269549.717256,169.549717,2118.933333,100.0,6625.070449,48.63896,3187 days 00:00:00,18,18,0,0.0,44.444444,60.612349,-27.837857,37.961563,-13.944834,49 days 06:00:00,36 days 21:36:00,1.636358,9419.428736,0.377531,0.130115,1.176437,0.625499
DECCANCE,Success,0.005319411000527907,0.006030281001585536,0.0005889810017833952,0.025712239999847952,0.03781611900194548,2007-08-02 00:00:00,2025-03-06 00:00:00,4153 days 00:00:00,100000.0,73301.715849,-26.698284,905.62963,100.0,2027.997514,53.535102,2070 days 00:00:00,12,12,0,0.0,16.666667,48.593694,-12.372783,40.161931,-9.348784,44 days 00:00:00,26 days 12:00:00,0.680266,-2224.857013,-0.118168,-0.050299,0.941335,-0.178134
INDSWFTLTD,Success,0.00664792699899408,0.006435325998609187,0.0006383910003933124,0.02569921400208841,0.03955812899948796,2004-10-18 00:00:00,2025-03-06 00:00:00,4678 days 00:00:00,100000.0,128768.450771,28.768451,-92.847206,100.0,1452.928245,38.093904,3579 days 00:00:00,6,6,0,0.0,33.333333,49.745003,-12.854924,42.145539,-10.565267,34 days 12:00:00,12 days 00:00:00,1.533095,4794.741795,0.236019,0.052303,1.234903,0.393598
PNB,Success,0.005379907997848932,0.006129807999968762,0.0004649230031645857,0.025496437003312167,0.03760168499866268,2002-04-26 00:00:00,2025-03-07 00:00:00,5663 days 00:00:00,100000.0,92552.875114,-7.447125,1128.418231,100.0,3266.825106,39.926616,3211 days 00:00:00,19,19,0,0.0,26.315789,35.894874,-11.097763,25.608233,-8.271887,35 days 19:12:00,18 days 17:08:34,0.928613,-391.953941,0.030373,-0.012462,1.01647,0.041853
CEATLTD,Success,0.007929398998385295,0.007181106997450115,0.0004628770002454985,0.026907847997790668,0.042656189998524496,1994-11-03 00:00:00,2025-03-06 00:00:00,7436 days 00:00:00,100000.0,113852.101218,13.852101,1927.883007,100.0,4470.447167,37.133694,2533 days 00:00:00,17,17,0,0.0,29.411765,41.056498,-19.200802,33.427564,-10.199148,52 days 00:00:00,21 days 18:00:00,1.083282,814.829483,0.119467,0.017203,1.072558,0.196422
ABAN,Success,0.005326573002093937,0.006396572000085143,0.0005791389994556084,0.027376637000998016,0.039947607001522556,2006-08-18 00:00:00,2025-03-06 00:00:00,4585 days 00:00:00,100000.0,41302.273333,-58.697727,-96.698831,100.0,1120.548516,63.333854,3071 days 00:00:00,8,8,0,0.0,0.0,-6.64929,-14.740251,,-10.431747,,53 days 00:00:00,0.0,-7337.215833,-0.52879,-0.107324,0.779373,-0.725755
TVTODAY,Success,0.00552094700105954,0.006088755999371642,0.0005601580014626961,0.02710402099910425,0.03947473600055673,2004-01-16 00:00:00,2025-03-06 00:00:00,5230 days 00:00:00,100000.0,139248.489152,39.248489,-9.349432,100.0,2382.817744,49.893525,2069 days 00:00:00,10,10,0,0.0,40.0,41.046688,-19.229515,34.837325,-13.311207,52 days 18:00:00,52 days 04:00:00,1.392217,3924.848915,0.214883,0.046851,1.112918,0.374953
MAANALU,Success,0.003426202998525696,0.0059219980030320585,0.0004457989998627454,0.026377287998911925,0.03631754600064596,2011-03-16 00:00:00,2025-03-06 00:00:00,3218 days 00:00:00,100000.0,199262.925927,99.262926,3746.609769,100.0,890.896515,20.243232,687 days 00:00:00,3,3,0,0.0,66.666667,58.965113,-13.887275,52.30317,-13.887275,50 days 12:00:00,22 days 00:00:00,5.502599,33087.641976,0.639966,0.401814,1.609664,1.285079
VSSL,Success,0.0030433460015046876,0.006621787000767654,0.0004323009998188354,0.025671056002465775,0.03594747899842332,2012-05-21 00:00:00,2025-03-06 00:00:00,3093 days 00:00:00,100000.0,623294.558657,523.294559,1502.908725,100.0,6295.600574,34.062194,803 days 00:00:00,10,10,0,0.0,70.0,52.950516,-12.97422,37.377227,-11.887659,60 days 00:00:00,37 days 00:00:00,5.412919,52329.455866,1.063384,0.707602,1.488078,2.149643
OMKARCHEM,Success,0.0032352920025005005,0.00605739800084848,0.0005635750021610875,0.027907086001505377,0.0379923839973344,2011-02-10 00:00:00,2025-03-06 00:00:00,3269 days 00:00:00,100000.0,74294.727079,-25.705273,-62.068663,100.0,786.331064,44.330923,1414 days 00:00:00,5,5,0,0.0,20.0,41.000151,-19.664016,41.000151,-14.692553,16 days 00:00:00,43 days 00:00:00,0.499962,-5141.054584,-0.109244,-0.073609,0.942659,-0.153928
RTNINDIA,Success,0.003353444000822492,0.005880364002223359,0.0005502899985003751,0.026313488000596408,0.03623813700323808,2012-07-31 00:00:00,2025-03-06 00:00:00,3090 days 00:00:00,100000.0,66697.143516,-33.302856,875.227273,100.0,1974.157259,53.487701,2970 days 00:00:00,9,9,0,0.0,22.222222,43.440187,-15.811665,37.21402,-13.731825,53 days 00:00:00,27 days 06:51:25,0.693665,-3700.317387,-0.204417,-0.087337,0.907466,-0.29831
PURVA,Success,0.004251621998264454,0.00608069599911687,0.0004640139995899517,0.02622142099789926,0.03722885099705309,2007-08-30 00:00:00,2025-03-06 00:00:00,4329 days 00:00:00,100000.0,132208.10578,32.208106,-31.250343,100.0,2477.940968,35.095371,2022 days 00:00:00,10,10,0,0.0,40.0,43.565439,-16.745381,32.888902,-13.19899,33 days 06:00:00,31 days 12:00:00,1.298197,3220.810578,0.219813,0.067874,1.124012,0.371248
BATAINDIA,Success,0.005388968998886412,0.006772366003133357,0.00042654800199670717,0.025780887001019437,0.03854723800031934,1999-01-01 00:00:00,2025-03-06 00:00:00,6469 days 00:00:00,100000.0,89653.776622,-10.346223,1301.112085,100.0,4599.792835,45.632605,4647 days 00:00:00,21,21,0,0.0,28.571429,37.357959,-24.89097,25.135901,-9.014332,28 days 20:00:00,30 days 08:00:00,0.937098,-492.677304,0.028115,-0.013462,1.015247,0.047032
SHANTIGEAR,Success,0.005698404998838669,0.005982368002150906,0.0005504619985003956,0.026640696996764746,0.039008157000353094,1999-01-01 00:00:00,2025-03-06 00:00:00,6404 days 00:00:00,100000.0,240065.42562,140.065426,17262.616822,100.0,6698.665672,45.486129,4038 days 00:00:00,21,21,0,0.0,38.095238,50.997832,-14.397715,32.479443,-9.881395,30 days 15:00:00,30 days 09:13:50,1.659453,6669.782172,0.365631,0.112518,1.195941,0.60209
GAIL,Success,0.0048294339976564515,0.0061181029996078,0.0005365529978007544,0.028254117001779377,0.03988483799912501,1999-01-01 00:00:00,2025-03-06 00:00:00,6147 days 00:00:00,100000.0,193174.768926,93.174769,1377.049793,100.0,5172.219376,40.658979,1610 days 00:00:00,23,23,0,0.0,43.478261,30.300357,-18.356844,21.010933,-9.031126,47 days 21:36:00,24 days 11:04:36,1.72486,4051.07691,0.34695,0.098061,1.154342,0.496693
DBREALTY,Success,0.0030841099978715647,0.006115701999078738,0.0005105829986860044,0.026763157999084797,0.03662809399975231,2010-02-24 00:00:00,2025-03-06 00:00:00,3723 days 00:00:00,100000.0,121668.63876,21.668639,-71.885139,100.0,1828.667497,44.376923,2341 days 00:00:00,11,11,0,0.0,36.363636,43.498706,-17.781428,40.037781,-15.116135,14 days 18:00:00,16 days 06:51:25,1.232747,1969.876251,0.199398,0.043749,1.132423,0.335575
ROHLTD,Success,0.004549973000393948,0.0066417439993529115,0.0004518140012805816,0.027066777998697944,0.03885291199912899,2006-02-06 00:00:00,2025-03-06 00:00:00,4716 days 00:00:00,100000.0,185872.217482,85.872217,67.523776,100.0,3823.243218,32.595562,1027 days 00:00:00,12,12,0,0.0,41.666667,46.041148,-18.914301,34.602434,-11.443482,89 days 04:48:00,11 days 10:17:08,1.617477,7156.018123,0.36313,0.150777,1.179171,0.557083
MRPL,Success,0.005388655001297593,0.006036292998032877,0.0005606369995803107,0.02849640400017961,0.040632935997564346,1994-11-03 00:00:00,2025-03-06 00:00:00,7492 days 00:00:00,100000.0,207563.869447,107.563869,72.671756,100.0,8186.325609,60.321238,4961 days 00:00:00,13,13,0,0.0,38.461538,69.355254,-17.406379,43.90719,-12.171459,69 days 00:00:00,74 days 12:00:00,1.318491,8274.143804,0.274122,0.060042,1.130133,0.449935
63MOONS,Success,0.003929402999347076,0.006151648998638848,0.0006863540002086665,0.026672051000787178,0.03756733400223311,2006-11-02 00:00:00,2025-03-06 00:00:00,4535 days 00:00:00,100000.0,38667.63727,-61.332363,-57.107763,100.0,1012.245195,72.965063,3747 days 00:00:00,8,8,0,0.0,0.0,-6.848637,-17.931956,,-11.146271,,57 days 12:00:00,0.0,-7666.545341,-0.409174,-0.100902,0.833321,-0.540469
ELECON,Success,0.004513415999099379,0.005880980999791063,0.00044477099800133146,0.027006825999706052,0.03798263600037899,2006-09-29 00:00:00,2025-03-06 00:00:00,4555 days 00:00:00,100000.0,67129.328537,-32.870671,1102.164291,100.0,2122.506366,68.478816,3562 days 00:00:00,14,14,0,0.0,21.428571,49.228687,-15.312304,38.964552,-11.782774,41 days 00:00:00,16 days 06:32:43,0.68569,-2347.905105,-0.11815,-0.0459,0.935098,-0.160999
ESCORTS,Success,0.004651683000702178,0.006522390998725314,0.00043138999899383634,0.025852072998532094,0.03759649899802753,1999-01-01 00:00:00,2025-03-06 00:00:00,6469 days 00:00:00,100000.0,103738.917618,3.738918,4087.568049,100.0,6308.207316,60.071522,3219 days 00:00:00,23,23,0,0.0,30.434783,38.669605,-21.382896,27.752683,-9.810225,35 days 20:34:17,18 days 00:00:00,1.01643,162.561636,0.085179,0.003451,1.044237,0.12457
RPOWER,Success,0.003649141999630956,0.005916760997934034,0.0006009099997754674,0.026499672996578738,0.03679697600091458,2008-02-11 00:00:00,2025-03-06 00:00:00,4216 days 00:00:00,100000.0,43489.672145,-56.510328,-84.876712,100.0,1559.312681,60.260774,2630 days 00:00:00,10,10,0,0.0,10.0,18.084577,-15.254288,18.084577,-10.458589,8 days 00:00:00,18 days 16:00:00,0.226517,-5651.032785,-0.679296,-0.115414,0.620242,-0.829324
20MICRONS,Success,0.003939548998459941,0.005711464000341948,0.0005391840022639371,0.027312003996485146,0.037634001000697026,2008-10-06 00:00:00,2025-03-06 00:00:00,4056 days 00:00:00,100000.0,207341.806542,107.341807,1133.996955,100.0,3929.035255,35.870872,1597 days 00:00:00,9,9,0,0.0,44.444444,57.119487,-13.323673,42.296752,-12.434812,73 days 12:00:00,29 days 00:00:00,1.666549,11926.867394,0.43244,0.189071,1.244857,0.821838
SELAN,Success,0.0038691400004609022,0.006134710998594528,0.0004726190018118359,0.025561066999216564,0.03616865799995139,2006-09-26 00:00:00,2025-03-06 00:00:00,4494 days 00:00:00,100000.0,169453.815221,69.453815,644.930638,100.0,3139.959377,19.085326,1879 days 00:00:00,11,11,0,0.0,36.363636,43.07005,-10.804204,35.34493,-9.180106,32 days 00:00:00,12 days 00:00:00,1.712264,6313.983202,0.369842,0.229321,1.314241,0.741826
KTKBANK,Success,0.004667695000534877,0.006324736001261044,0.0004228140023769811,0.02636677400005283,0.03792713099755929,2000-05-10 00:00:00,2025-03-07 00:00:00,6151 days 00:00:00,100000.0,31180.766294,-68.819234,2660.315404,100.0,1884.95947,77.187637,6098 days 00:00:00,22,22,0,0.0,18.181818,42.130596,-19.054538,30.281457,-11.508649,53 days 06:00:00,26 days 16:00:00,0.363106,-3128.146987,-0.319898,-0.086563,0.870028,-0.440522
BAJAJCON,Success,0.003057371999602765,0.005779897001048084,0.0005357849986467045,0.02761929700136534,0.03713617399989744,2010-08-18 00:00:00,2025-03-06 00:00:00,3602 days 00:00:00,100000.0,80466.598283,-19.533402,7.123558,100.0,966.001453,42.154735,3334 days 00:00:00,6,6,0,0.0,16.666667,19.065382,-9.125172,19.065382,-7.536687,29 days 00:00:00,46 days 19:12:00,0.397254,-3255.566953,-0.143529,-0.051671,0.924292,-0.200691
GOLDENTOBC,Success,0.0031435880009667017,0.005818169000121998,0.0005589020001934841,0.02667224800097756,0.03633018500113394,2008-09-29 00:00:00,2025-03-06 00:00:00,3759 days 00:00:00,100000.0,48823.061381,-51.176939,-64.317757,100.0,740.637999,51.380109,3497 days 00:00:00,5,5,0,0.0,0.0,-9.180727,-16.303111,,-13.330905,,19 days 14:24:00,0.0,-10235.387724,-0.574328,-0.130887,0.567663,-0.814544
TARIL,Success,0.0040981380006996915,0.006001196998113301,0.0004482260010263417,0.02672032699774718,0.03739937000136706,2007-12-28 00:00:00,2025-03-06 00:00:00,4246 days 00:00:00,100000.0,276631.96088,176.631961,1027.8711,100.0,4585.572497,33.260596,1005 days 00:00:00,12,12,0,0.0,50.0,47.630395,-20.484124,40.164677,-15.243056,44 days 12:00:00,35 days 08:00:00,1.923495,14719.330073,0.531226,0.274825,1.264041,0.967363
ZFCVINDIA,Success,0.004145488001086051,0.007573659000627231,0.0004454810004972387,0.026123866999114398,0.03842770200208179,2008-10-01 00:00:00,2025-03-06 00:00:00,3976 days 00:00:00,100000.0,132183.742041,32.183742,3332.453336,100.0,4355.122307,26.171048,2314 days 00:00:00,16,16,0,0.0,31.25,28.600226,-9.82712,23.016958,-6.607551,43 days 19:12:00,12 days 10:54:32,1.313633,2011.483878,0.262961,0.099138,1.146246,0.450567
HARRMALAYA,Success,0.00487597300161724,0.006137905998912174,0.0005397889981395565,0.030195308001566445,0.041880395998305175,1997-01-13 00:00:00,2025-03-06 00:00:00,6909 days 00:00:00,100000.0,47460.929079,-52.539071,540.534213,100.0,2811.262097,68.424209,6240 days 00:00:00,15,15,0,0.0,26.666667,45.878475,-31.068457,40.129582,-17.09539,36 days 12:00:00,21 days 21:49:05,0.721028,-3502.604728,-0.150865,-0.056423,0.906354,-0.224713
TCS,Success,0.004253277002135292,0.005825944001117023,0.0005696899970644154,0.02622445700035314,0.03700542800288531,2004-08-25 00:00:00,2025-03-06 00:00:00,5078 days 00:00:00,100000.0,108964.673645,8.964674,2816.422866,100.0,4794.272727,37.710777,4455 days 00:00:00,19,19,0,0.0,31.578947,18.536802,-12.053449,14.943292,-5.564985,44 days 00:00:00,21 days 12:55:23,1.093306,471.824929,0.113566,0.016415,1.050447,0.162834
HINDUNILVR,Success,0.005432689998997375,0.006131014000857249,0.00044122300096205436,0.025110766000580043,0.037254025002766866,1996-01-01 00:00:00,2025-03-06 00:00:00,7228 days 00:00:00,100000.0,132697.570575,32.697571,3490.243508,100.0,6610.091845,36.646439,4117 days 00:00:00,29,29,0,0.0,37.931034,17.860813,-8.09426,13.818352,-6.126587,31 days 02:10:54,16 days 05:20:00,1.256572,1127.502434,0.201594,0.039263,1.105464,0.303797
EXCELINDUS,Success,0.0038952870017965324,0.006416992000595201,0.00041662199873826467,0.025343629000417423,0.03628773899981752,2004-06-16 00:00:00,2025-03-06 00:00:00,4892 days 00:00:00,100000.0,93367.252206,-6.632748,1563.518169,100.0,1595.105409,55.689099,2898 days 00:00:00,10,10,0,0.0,30.0,46.657157,-18.039213,33.330382,-12.280982,89 days 08:00:00,33 days 17:08:34,0.908393,-663.274779,0.045999,-0.009171,1.021083,0.070252
BLBLIMITED,Success,0.005699640998500399,0.00593243299954338,0.0005737540013797116,0.026379764000012074,0.03874587599784718,2000-05-31 00:00:00,2025-03-06 00:00:00,5190 days 00:00:00,100000.0,166222.997932,66.222998,-59.919788,100.0,2564.952502,57.789403,3076 days 00:00:00,12,12,0,0.0,41.666667,61.532932,-20.818793,39.134885,-14.528353,45 days 14:24:00,27 days 10:17:08,1.578022,5518.583161,0.271495,0.062959,1.148001,0.448937
RIIL,Success,0.005406057996879099,0.005915117002587067,0.0005676660002791323,0.0266050809987064,0.03865985499942326,1999-01-01 00:00:00,2025-03-06 00:00:00,6448 days 00:00:00,100000.0,131699.230076,31.69923,2681.25,100.0,3633.37295,64.045326,4240 days 00:00:00,17,17,0,0.0,41.176471,30.904134,-17.630332,25.055763,-12.011412,34 days 00:00:00,26 days 02:24:00,1.230102,1864.660593,0.174378,0.024528,1.103933,0.296306
GILLANDERS,Success,0.0034054389980155975,0.006264948999159969,0.0004419110009621363,0.025194423000357347,0.035510474001057446,2009-12-14 00:00:00,2025-03-06 00:00:00,3714 days 00:00:00,100000.0,51615.032641,-48.384967,7.764048,100.0,1323.344808,53.338519,3614 days 00:00:00,8,8,0,0.0,12.5,20.839329,-15.025763,20.839329,-11.430927,21 days 00:00:00,17 days 06:51:25,0.278295,-6048.12092,-0.486814,-0.11798,0.690544,-0.696447
LTFOODS,Success,0.004366052999102976,0.006436552001105156,0.0004386549990158528,0.028118827001890168,0.03967306199774612,2006-12-18 00:00:00,2025-03-06 00:00:00,4502 days 00:00:00,100000.0,81142.706039,-18.857294,6476.127696,100.0,4843.794951,45.169652,1892 days 00:00:00,22,22,0,0.0,27.272727,42.234746,-18.867524,33.354899,-11.302156,44 days 00:00:00,28 days 22:30:00,0.909926,-857.149726,0.026619,-0.03719,1.009914,0.041078
AMDIND,Success,0.0055050549999577925,0.011694026001350721,0.0007897620016592555,0.02852256500045769,0.04674371399960364,2008-02-25 00:00:00,2025-03-06 00:00:00,4140 days 00:00:00,100000.0,82562.072507,-17.437927,15.454545,100.0,1776.404954,57.983606,852 days 00:00:00,8,8,0,0.0,25.0,64.727288,-19.618,52.410367,-15.702011,43 days 00:00:00,37 days 00:00:00,0.84411,-2179.740937,-0.001674,-0.028891,0.999085,-0.002663
KOKUYOCMLN,Success,0.0060530199989443645,0.006842593000328634,0.0006329600000753999,0.027101060000859434,0.04085250699790777,2008-07-28 00:00:00,2025-03-06 00:00:00,4042 days 00:00:00,100000.0,58328.352052,-41.671648,508.672373,100.0,1166.900208,49.534738,3790 days 00:00:00,8,8,0,0.0,12.5,43.139945,-15.173885,43.139945,-12.014681,161 days 00:00:00,29 days 10:17:08,0.36802,-5208.955993,-0.319762,-0.095921,0.860449,-0.439068
CANFINHOME,Success,0.00572576899867272,0.005963076997431926,0.0004638329992303625,0.02634995599873946,0.03867215699938242,1999-01-01 00:00:00,2025-03-06 00:00:00,6277 days 00:00:00,100000.0,174051.02083,74.051021,20242.281879,100.0,3599.747616,46.20486,2756 days 00:00:00,17,17,0,0.0,41.176471,33.427872,-14.009808,26.788443,-10.428695,94 days 06:51:25,32 days 16:48:00,1.701699,4355.942402,0.279149,0.070879,1.113284,0.437558
RAMCOSYS,Success,0.004969757999788271,0.006790089999412885,0.0004533520004770253,0.02624361799826147,0.03861252400020021,2000-04-12 00:00:00,2025-03-07 00:00:00,6117 days 00:00:00,100000.0,123657.368034,23.657368,-89.109676,100.0,1920.047323,58.515275,5225 days 00:00:00,12,12,0,0.0,33.333333,40.706099,-14.370382,36.165259,-11.964946,71 days 00:00:00,24 days 15:00:00,1.30147,1971.447336,0.157982,0.021791,1.091497,0.264842
ATLASCYCLE,Success,0.004021107997687068,0.006003217997204047,0.0005385130025388207,0.1686280470021302,0.1793420550020528,1999-01-01 00:00:00,2025-03-06 00:00:00,5120 days 00:00:00,100000.0,405908.672425,305.908672,751.666667,100.0,8423.811062,38.76401,1012 days 00:00:00,12,12,0,0.0,58.333333,50.883419,-18.987989,34.567858,-12.17248,50 days 17:08:34,35 days 04:48:00,2.03578,25492.389369,0.644932,0.270949,1.376321,1.272293
SUBROS,Success,0.00464958000156912,0.008384150998608675,0.0005338369992387015,0.029699112001253525,0.043480406999151455,2005-07-13 00:00:00,2025-03-06 00:00:00,4811 days 00:00:00,100000.0,35124.048506,-64.875951,1474.856745,100.0,1380.833474,70.931358,4600 days 00:00:00,14,14,0,0.0,14.285714,49.448471,-23.727271,38.941025,-13.06441,48 days 12:00:00,57 days 08:00:00,0.305371,-4633.996535,-0.280943,-0.107584,0.904711,-0.436233
SBIN,Success,0.0049878950012498535,0.006227940000826493,0.0004636289995687548,0.026431843001773814,0.03827702899798169,1999-01-01 00:00:00,2025-03-06 00:00:00,6490 days 00:00:00,100000.0,129637.218622,29.637219,4749.195042,100.0,6753.175864,24.963607,1604 days 00:00:00,28,28,0,0.0,32.142857,30.245711,-11.820232,19.519795,-6.756524,34 days 10:40:00,14 days 02:31:34,1.187838,1058.472094,0.19343,0.058907,1.096401,0.281841
ELGIRUBCO,Success,0.0036150330015516374,0.0067157490011595655,0.00047109400111366995,0.025320330998511054,0.03630122200047481,2011-08-19 00:00:00,2025-03-06 00:00:00,3340 days 00:00:00,100000.0,116156.915453,16.156915,157.471264,100.0,1825.771132,40.057642,2438 days 00:00:00,9,9,0,0.0,33.333333,41.23985,-17.153911,32.963308,-10.841989,20 days 16:00:00,38 days 00:00:00,1.237105,1795.212828,0.180387,0.041196,1.098843,0.277693
SUDARSCHEM,Success,0.004040554998937296,0.006589743999938946,0.00044250999781070277,0.025971908999053994,0.03719447899857187,2006-05-16 00:00:00,2025-03-06 00:00:00,4218 days 00:00:00,100000.0,95225.670323,-4.77433,4565.26887,100.0,1234.036163,45.715441,3362 days 00:00:00,7,7,0,0.0,28.571429,35.174675,-14.658369,26.842412,-9.84333,27 days 00:00:00,91 days 04:48:00,0.894302,-682.047097,0.051613,-0.009241,1.02258,0.078658
BAJAJHLDNG,Success,0.004262701000698144,0.006207524998899316,0.0004525090007518884,0.026150966998102376,0.03730720599924098,2008-03-14 00:00:00,2025-03-06 00:00:00,4192 days 00:00:00,100000.0,242986.253788,142.986254,1359.748223,100.0,4094.0424,40.915397,3653 days 00:00:00,13,12,1,15399.993749,50.0,46.166044,-15.662581,24.957434,-7.737311,56 days 00:00:00,13 days 00:00:00,2.667425,10632.188337,0.628924,0.196432,1.357881,0.966421
HGS,Success,0.003815805001067929,0.005989704000967322,0.00043337600072845817,0.027153276998433284,0.03753431999939494,2011-11-30 00:00:00,2025-03-06 00:00:00,3282 days 00:00:00,100000.0,100569.317337,0.569317,230.686022,100.0,1518.57018,30.140875,1286 days 00:00:00,8,8,0,0.0,25.0,42.108936,-13.750877,31.764194,-8.571177,59 days 12:00:00,33 days 12:00:00,1.010959,71.164667,0.069695,0.002095,1.036797,0.119516
MUKTAARTS,Success,0.004456540998944547,0.00787193599899183,0.00044673400043393485,0.026828534002561355,0.03975342299963813,2000-09-13 00:00:00,2025-03-06 00:00:00,5538 days 00:00:00,100000.0,97996.508134,-2.003492,-63.627475,100.0,1741.83441,50.517578,3636 days 00:00:00,10,10,0,0.0,30.0,48.673772,-18.689085,39.290439,-13.398367,83 days 16:00:00,42 days 00:00:00,0.976868,-200.349187,0.094409,-0.002639,1.044201,0.141094
BEDMUTHA,Success,0.0032717140020395163,0.010346798997488804,0.0005439309970824979,0.028502928998932475,0.04287327099882532,2010-10-14 00:00:00,2025-03-06 00:00:00,3539 days 00:00:00,100000.0,94358.615111,-5.641385,-9.143171,100.0,815.913162,50.937379,3343 days 00:00:00,5,5,0,0.0,40.0,34.773049,-22.754937,30.197971,-17.623604,47 days 12:00:00,104 days 08:00:00,0.880862,-1128.276978,0.065769,-0.011722,1.029304,0.106866
BOMDYEING,Success,0.006872531997942133,0.007465242000762373,0.00061800700132153,0.026475777998712147,0.041633520002505975,1999-01-01 00:00:00,2025-03-06 00:00:00,6469 days 00:00:00,100000.0,33348.4017,-66.651598,1018.401351,100.0,2398.712369,72.600756,4491 days 00:00:00,17,17,0,0.0,17.647059,37.51637,-20.925527,29.331214,-12.419781,43 days 08:00:00,16 days 20:34:17,0.491855,-3920.682253,-0.334113,-0.082755,0.810447,-0.455793
GOKEX,Success,0.005407734999607783,0.006224500997632276,0.0005566750005527865,0.025431707999814535,0.03778103000149713,2005-04-27 00:00:00,2025-03-06 00:00:00,4849 days 00:00:00,100000.0,231573.588031,131.573588,157.496832,100.0,3381.986295,46.405427,1134 days 00:00:00,12,12,0,0.0,50.0,41.35632,-21.907189,35.132236,-14.720141,37 days 16:00:00,17 days 12:00:00,2.077321,10964.465669,0.407194,0.140607,1.28631,0.758067
EMBDL,Success,0.005547510998439975,0.01105357500273385,0.00046273199768620543,0.025244259002647595,0.04246918100034236,2007-03-23 00:00:00,2025-03-06 00:00:00,4438 days 00:00:00,100000.0,151359.579346,51.359579,-63.971131,100.0,2233.98793,68.906024,3811 days 00:00:00,10,10,0,0.0,40.0,46.421775,-20.084042,39.395359,-13.958741,67 days 18:00:00,52 days 20:00:00,1.513089,5135.957935,0.261454,0.050325,1.112135,0.393521
PRECWIRE,Success,0.005298690997733502,0.006055136000213679,0.0004520539987424854,0.026202983000985114,0.038148751998960506,1995-08-25 00:00:00,2025-03-06 00:00:00,6720 days 00:00:00,100000.0,138871.4297,38.87143,4133.745929,100.0,4162.902791,42.308637,4903 days 00:00:00,15,15,0,0.0,40.0,40.377644,-20.899849,29.912731,-12.728893,47 days 08:00:00,30 days 00:00:00,1.222601,2591.428647,0.189451,0.042535,1.103442,0.284254
CESC,Success,0.006403630002751015,0.006053298002370866,0.0005451260003610514,0.025537321998854168,0.038682201000483474,1994-11-03 00:00:00,2025-03-06 00:00:00,7454 days 00:00:00,100000.0,108128.224748,8.128225,507.787819,100.0,3702.045892,63.55933,6913 days 00:00:00,25,25,0,0.0,32.0,47.46055,-18.594655,28.37548,-10.446122,53 days 21:00:00,16 days 08:28:14,1.059512,325.12899,0.101585,0.006032,1.051066,0.157225
GPPL,Success,0.005078488000435755,0.006174635000206763,0.00048698300088290125,0.025790675997996004,0.03768181700070272,2010-09-09 00:00:00,2025-03-06 00:00:00,3586 days 00:00:00,100000.0,71039.880625,-28.960119,152.747461,100.0,1096.270457,39.227768,3515 days 00:00:00,7,7,0,0.0,14.285714,26.923741,-13.16667,26.923741,-9.200291,29 days 00:00:00,57 days 08:00:00,0.374487,-4137.159911,-0.17996,-0.087195,0.921492,-0.276756
JISLJALEQS,Success,0.005662481002218556,0.006845535997854313,0.0004559230001177639,0.02579216799858841,0.0389197439981217,2002-01-18 00:00:00,2025-03-06 00:00:00,5691 days 00:00:00,100000.0,41195.942721,-58.804057,2402.4,100.0,3059.44668,78.60415,4240 days 00:00:00,16,16,0,0.0,18.75,31.187689,-15.241514,27.718662,-11.681638,41 days 00:00:00,28 days 18:27:41,0.597759,-3675.25358,-0.259077,-0.070341,0.879658,-0.350412
AIAENG,Success,0.006304606002231594,0.007171352997829672,0.0005832919996464625,0.027673993001371855,0.04193411400046898,2005-12-14 00:00:00,2025-03-06 00:00:00,4753 days 00:00:00,100000.0,176313.067438,76.313067,3132.349949,100.0,4031.435431,33.498578,1239 days 00:00:00,11,11,0,0.0,45.454545,30.996144,-13.227121,24.203294,-8.128927,65 days 19:12:00,16 days 00:00:00,1.774167,6937.551585,0.463189,0.132875,1.250782,0.745487
IDEA,Success,0.004565961000480456,0.006389668000338133,0.000571138003579108,0.029566389999672538,0.04123882699786918,2007-03-09 00:00:00,2025-03-06 00:00:00,4449 days 00:00:00,100000.0,25905.31732,-74.094683,-85.066495,100.0,1291.280499,77.904483,4355 days 00:00:00,11,11,0,0.0,0.0,-6.912615,-24.137823,,-11.402876,,53 days 06:32:43,0.0,-6735.880244,-0.343757,-0.134646,0.864,-0.499749
FDC,Success,0.00556013799723587,0.006155802002467681,0.0004543709983408917,0.026038993000838673,0.03835591699680663,1999-01-01 00:00:00,2025-03-06 00:00:00,6355 days 00:00:00,100000.0,65420.895107,-34.579105,5201.960784,100.0,2125.993835,54.673571,6151 days 00:00:00,17,17,0,0.0,23.529412,29.199087,-17.425278,23.518263,-9.205712,52 days 00:00:00,14 days 01:50:46,0.582852,-2034.064994,-0.15106,-0.044037,0.909674,-0.233922
EICHERMOT,Success,0.006166667000798043,0.0072145640006056055,0.0005114189989399165,0.02564236400212394,0.039701002002402674,1999-01-01 00:00:00,2025-03-06 00:00:00,6463 days 00:00:00,100000.0,837582.801797,737.582802,417473.770492,100.0,17458.777635,25.497274,1028 days 00:00:00,22,22,0,0.0,59.090909,40.935454,-13.044375,24.972148,-7.790101,68 days 00:00:00,19 days 21:20:00,3.902522,33526.490991,0.852717,0.500173,1.386,1.488885
AARTIDRUGS,Success,0.0054920110014791135,0.006357029000355396,0.0004638720020011533,0.026257695000822423,0.038716521001333604,2003-09-19 00:00:00,2025-03-06 00:00:00,5307 days 00:00:00,100000.0,73613.092357,-26.386908,3358.079544,100.0,2383.86964,44.355703,4958 days 00:00:00,15,15,0,0.0,26.666667,43.159932,-14.802979,26.69506,-10.639927,17 days 18:00:00,39 days 21:49:05,0.735612,-1759.127176,-0.055754,-0.047005,0.971082,-0.083975
PEL,Success,0.004606744001648622,0.0065850780010805465,0.000576639999053441,0.025640158000896918,0.03760213200075668,2008-06-19 00:00:00,2025-03-06 00:00:00,4129 days 00:00:00,100000.0,170343.923005,70.343923,389.862015,100.0,1884.868808,36.715474,3053 days 00:00:00,9,9,0,0.0,44.444444,30.494479,-11.978846,28.556319,-8.964532,60 days 00:00:00,10 days 09:36:00,2.569759,7815.991445,0.446867,0.131312,1.283198,0.697369
HEUBACHIND,Success,0.0049562519998289645,0.006124688999989303,0.0005936679990554694,0.02516286700119963,0.03697884999928647,2006-06-05 00:00:00,2025-03-06 00:00:00,4636 days 00:00:00,100000.0,206746.823673,106.746824,138.94081,100.0,3138.258929,20.99358,1960 days 00:00:00,10,10,0,0.0,50.0,30.50966,-9.077988,24.816751,-7.265061,31 days 04:48:00,7 days 00:00:00,2.745133,10674.682367,0.574651,0.280331,1.54266,1.161503
HINDALCO,Success,0.006520549002743792,0.006796420999307884,0.0004382410006655846,0.026098395999724744,0.0400386779983819,1994-11-03 00:00:00,2025-03-06 00:00:00,7500 days 00:00:00,100000.0,220820.942598,120.820943,964.634949,100.0,8776.233834,35.886004,2144 days 00:00:00,29,29,0,0.0,41.37931,38.18799,-17.986145,21.390173,-8.486964,42 days 18:00:00,19 days 12:42:21,1.557347,4166.2394,0.349088,0.109529,1.163889,0.528647
RUCHINFRA,Success,0.0039631540021218825,0.0063416960001632106,0.00043890700180782005,0.02722024499962572,0.038118664000649005,1999-01-11 00:00:00,2025-03-06 00:00:00,5048 days 00:00:00,100000.0,38457.08819,-61.542912,105.605096,100.0,890.8654,61.784424,4662 days 00:00:00,7,7,0,0.0,0.0,-6.927157,-19.101025,,-12.701757,,8 days 03:25:42,0.0,-8791.844544,-1.078423,-0.10806,0.222829,-1.176896
HEROMOTOCO,Success,0.003866600000037579,0.005988681001326768,0.000603248001425527,0.02598706500066328,0.03660475200013025,2002-07-01 00:00:00,2025-03-06 00:00:00,5617 days 00:00:00,100000.0,79578.220392,-20.42178,1068.160695,100.0,3167.745233,40.032847,5173 days 00:00:00,20,20,0,0.0,30.0,20.792278,-11.049946,15.538941,-7.495023,44 days 16:00:00,37 days 01:42:51,0.76646,-1021.08898,-0.065727,-0.036805,0.975914,-0.092714
APARINDS,Success,0.0043475760030560195,0.006186678001540713,0.0004626219997589942,0.025814786000410095,0.03705084899775102,2004-07-12 00:00:00,2025-03-06 00:00:00,5108 days 00:00:00,100000.0,178323.3014,78.323301,16065.395138,100.0,3610.043504,45.683324,3392 days 00:00:00,15,15,0,0.0,40.0,35.596255,-12.028166,28.194587,-9.569342,52 days 20:00:00,37 days 00:00:00,1.735965,5221.553427,0.334399,0.092372,1.149526,0.560164
TFCILTD,Success,0.004320807998738019,0.006940049999684561,0.0004861689994868357,0.02616163299899199,0.03810222500032978,1999-01-01 00:00:00,2025-03-06 00:00:00,6328 days 00:00:00,100000.0,249164.879489,149.164879,1090.0,100.0,7598.597917,45.715301,3132 days 00:00:00,16,16,0,0.0,43.75,50.487403,-24.740637,38.653578,-13.845323,47 days 17:08:34,35 days 16:00:00,1.482709,9322.804968,0.38101,0.118275,1.209387,0.652005
CHAMBLFERT,Success,0.004814400999748614,0.006305102997430367,0.00045361699812929146,0.026284842999302782,0.038025247002224205,1999-01-01 00:00:00,2025-03-06 00:00:00,6148 days 00:00:00,100000.0,245423.701684,145.423702,4707.5,100.0,5161.04846,29.658296,942 days 00:00:00,15,15,0,0.0,46.666667,46.174415,-13.099025,27.494061,-9.315277,60 days 06:51:25,25 days 12:00:00,2.120836,9694.913446,0.449044,0.184598,1.231272,0.727478
INFOMEDIA,Success,0.00362458599920501,0.0059164340018469375,0.0005361790026654489,0.02604328599772998,0.03627414700167719,2006-10-12 00:00:00,2025-03-06 00:00:00,3486 days 00:00:00,100000.0,73580.861141,-26.419139,-94.455668,100.0,751.566533,46.924677,2861 days 00:00:00,5,5,0,0.0,20.0,43.929834,-20.316309,43.929834,-15.385071,21 days 00:00:00,28 days 06:00:00,0.492995,-5283.827772,-0.215296,-0.067366,0.871045,-0.292816
PITTIENG,Success,0.003948456000216538,0.0062735249994148035,0.00045710999984294176,0.02468782299911254,0.03554135000013048,2007-02-02 00:00:00,2025-03-06 00:00:00,4370 days 00:00:00,100000.0,239377.850367,139.37785,2124.427429,100.0,4848.343874,46.322009,1476 days 00:00:00,15,15,0,0.0,40.0,53.195347,-17.627645,39.731876,-11.654998,101 days 04:00:00,28 days 00:00:00,1.812098,9291.856691,0.420089,0.163269,1.15524,0.725881
HIRECT,Success,0.005013360001612455,0.006631217001995537,0.0004449480002222117,0.024782519998552743,0.03701612299846602,2006-12-26 00:00:00,2025-03-06 00:00:00,4467 days 00:00:00,100000.0,188681.427559,88.681428,947.831003,100.0,1723.706384,48.311399,2103 days 00:00:00,9,9,0,0.0,44.444444,55.254286,-16.24528,38.636675,-12.375801,73 days 12:00:00,8 days 09:36:00,2.692372,9853.491951,0.361146,0.110215,1.233585,0.701925
JINDWORLD,Success,0.003549879002093803,0.005943217001913581,0.0004694960007327609,0.026392019000923028,0.036486384000454564,2010-11-25 00:00:00,2025-03-07 00:00:00,3505 days 00:00:00,100000.0,110776.908288,10.776908,1066.177011,100.0,2599.74681,51.979466,1000 days 00:00:00,10,10,0,0.0,40.0,55.435125,-20.769421,35.566362,-16.690263,95 days 06:00:00,55 days 08:00:00,1.076706,1077.690829,0.180991,0.020614,1.05961,0.294593
UNICHEMLAB,Success,0.004571845001919428,0.005986751999444095,0.0006555469990416896,0.026759092997963307,0.038101477999589406,1995-01-10 00:00:00,2025-03-06 00:00:00,7142 days 00:00:00,100000.0,716939.798866,616.939799,3210.731707,100.0,15243.382396,33.674345,1047 days 00:00:00,20,20,0,0.0,55.0,64.687814,-17.607493,31.24152,-10.222718,62 days 21:49:05,48 days 16:00:00,2.686357,30846.989943,0.619384,0.314517,1.279671,1.045508
AARTIIND,Success,0.004094846000953112,0.0055957990007300396,0.0005783419983345084,0.026951152001856826,0.03735249099918292,1999-01-01 00:00:00,2025-03-06 00:00:00,6269 days 00:00:00,100000.0,175012.792506,75.012793,43174.376725,100.0,5538.863811,39.280574,2832 days 00:00:00,22,22,0,0.0,36.363636,35.147186,-14.747654,27.040491,-9.120163,49 days 06:00:00,21 days 10:17:08,1.467435,3409.672387,0.288554,0.084325,1.134779,0.422839
CTE,Success,0.0033613269988563843,0.006965382999624126,0.0005390549995354377,0.025863257000310114,0.03686014699997031,2007-02-07 00:00:00,2025-03-06 00:00:00,4237 days 00:00:00,100000.0,70680.720156,-29.31928,-44.301288,100.0,1895.501316,57.767577,2253 days 00:00:00,10,10,0,0.0,20.0,49.140435,-19.059235,47.422126,-13.000877,43 days 00:00:00,20 days 21:00:00,0.710984,-2931.927984,-0.129818,-0.05098,0.928341,-0.207197
PRECOT,Success,0.0032108909981616307,0.005898655999772018,0.0004726129991468042,0.02677756900084205,0.03648841899848776,2006-11-02 00:00:00,2025-03-06 00:00:00,4349 days 00:00:00,100000.0,203313.624459,103.313624,122.830249,100.0,2522.733359,50.570667,957 days 00:00:00,10,10,0,0.0,50.0,46.080006,-23.962724,33.836315,-13.440677,23 days 14:24:00,99 days 04:48:00,2.162684,10331.362446,0.360654,0.121339,1.148539,0.580699
IFBAGRO,Success,0.004051793999678921,0.005826264001370873,0.0005850239977007732,0.02652661799947964,0.0371167939993029,1995-10-17 00:00:00,2025-03-06 00:00:00,6576 days 00:00:00,100000.0,89743.543792,-10.256456,1043.214286,100.0,1644.199183,67.92801,3201 days 00:00:00,12,12,0,0.0,33.333333,78.813594,-30.23986,49.834378,-18.901094,41 days 00:00:00,16 days 00:00:00,0.909947,-854.704684,0.079282,-0.008816,1.058223,0.119283
PRAENG,Success,0.0032394230001955293,0.005988397999317385,0.0004619310020643752,0.02604505600174889,0.035868191000190563,2007-01-02 00:00:00,2025-03-06 00:00:00,4426 days 00:00:00,100000.0,72319.433873,-27.680566,-92.317095,100.0,1723.914807,62.289808,3813 days 00:00:00,13,13,0,0.0,30.769231,46.65735,-18.676104,31.49072,-14.430344,81 days 00:00:00,47 days 16:00:00,0.710572,-2129.274317,0.023086,-0.042337,1.008043,0.036743
TREEHOUSE,Success,0.0027425440021033864,0.006957661000342341,0.0004534899999271147,0.0256928999988304,0.03597477500079549,2011-08-26 00:00:00,2025-03-06 00:00:00,3344 days 00:00:00,100000.0,107021.045799,7.021046,-87.610544,100.0,2091.916166,32.123072,1385 days 00:00:00,9,9,0,0.0,33.333333,41.08077,-17.408406,35.236002,-12.951068,85 days 00:00:00,22 days 00:00:00,1.071957,780.1162,0.126359,0.023142,1.053268,0.194362
NIITLTD,Success,0.003712730002007447,0.005657134999637492,0.00044238400005269796,0.02689834100237931,0.03684243600218906,2004-08-16 00:00:00,2025-03-07 00:00:00,5085 days 00:00:00,100000.0,314094.84183,214.094842,2482.23082,100.0,5952.079713,54.684546,3651 days 00:00:00,14,14,0,0.0,42.857143,54.556578,-13.917085,39.208918,-9.807264,72 days 08:00:00,9 days 09:00:00,2.131158,15292.488702,0.533673,0.156576,1.299902,0.962245
SPLPETRO,Success,0.004682443999627139,0.005783632001111982,0.0005428990007203538,0.026347576000262052,0.03749452800184372,1994-11-30 00:00:00,2025-03-06 00:00:00,7415 days 00:00:00,100000.0,143573.41234,43.573412,2278.6,100.0,3991.704464,56.538452,4777 days 00:00:00,18,18,0,0.0,27.777778,58.191829,-22.026541,46.109369,-10.977949,148 days 04:48:00,32 days 07:23:04,1.258909,2420.74513,0.188015,0.031771,1.074465,0.291599
ENGINERSIN,Success,0.004216411998640979,0.0056840769975678995,0.00042280499837943353,0.0267391499983205,0.03720536199762137,1999-01-29 00:00:00,2025-03-06 00:00:00,6348 days 00:00:00,100000.0,57973.415898,-42.026584,1556.072506,100.0,2435.889333,51.623088,4166 days 00:00:00,14,14,0,0.0,21.428571,26.873157,-17.651808,24.077777,-10.202207,28 days 00:00:00,33 days 08:43:38,0.577821,-3001.898864,-0.201247,-0.059782,0.894251,-0.285505
BODALCHEM,Success,0.0030112370004644617,0.006370851002429845,0.00043023899706895463,0.027315193001413718,0.03727038299984997,2011-08-22 00:00:00,2025-03-06 00:00:00,3186 days 00:00:00,100000.0,256230.293962,156.230294,103.95645,100.0,3744.491687,32.533583,1593 days 00:00:00,9,9,0,0.0,55.555556,51.744866,-18.544809,35.699393,-13.244704,32 days 00:00:00,41 days 06:00:00,2.288349,17358.921551,0.682115,0.349848,1.36281,1.189869
ZUARIIND,Success,0.002824423001584364,0.005643706001137616,0.0005463160014187451,0.02903914000125951,0.03818387199862627,2012-09-25 00:00:00,2025-03-06 00:00:00,3078 days 00:00:00,100000.0,191091.135222,91.091135,75.33101,100.0,1619.857797,28.582999,760 days 00:00:00,6,6,0,0.0,50.0,51.570616,-11.378448,38.868963,-10.430194,59 days 16:00:00,22 days 08:00:00,3.026816,15181.85587,0.510934,0.279249,1.31864,0.900916
VOLTAMP,Success,0.0036859089996141847,0.005751074000727385,0.0005668970006809104,0.02846001400030218,0.038592330001847586,2006-09-20 00:00:00,2025-03-07 00:00:00,4563 days 00:00:00,100000.0,261128.751004,161.128751,1570.776764,100.0,4183.250582,24.169817,761 days 00:00:00,13,13,0,0.0,53.846154,36.098783,-10.774751,24.977663,-9.258495,59 days 20:34:17,13 days 04:00:00,2.785357,12394.519308,0.570793,0.330178,1.336892,0.993414
TTL,Success,0.0030779439985053614,0.005603891000646399,0.00042630099778762087,0.0293709729994589,0.03860192799766082,2007-02-22 00:00:00,2025-03-06 00:00:00,4347 days 00:00:00,100000.0,247736.214596,147.736215,292.039801,100.0,2919.452646,25.158953,906 days 00:00:00,7,7,0,0.0,57.142857,44.337676,-18.299156,38.808797,-12.423977,21 days 12:00:00,13 days 16:00:00,2.657533,21105.173514,0.650704,0.314599,1.809899,1.460504
SANOFI,Success,0.0035422850014583673,0.00638466099917423,0.0009276340024371166,0.02639036500113434,0.03737105199979851,2006-11-02 00:00:00,2025-03-06 00:00:00,4533 days 00:00:00,100000.0,133971.2997,33.9713,490.46269,100.0,1755.605257,15.845694,2285 days 00:00:00,7,7,0,0.0,42.857143,33.906104,-6.759217,19.551225,-5.646201,97 days 08:00:00,12 days 00:00:00,2.183177,4853.042814,0.306334,0.150376,1.189435,0.532421
KARMAENG,Success,0.002451364001899492,0.005715781997423619,0.00044869299745187163,0.02653376500165905,0.035284527999465354,2011-07-12 00:00:00,2025-03-06 00:00:00,3045 days 00:00:00,100000.0,150659.828717,50.659829,201.088808,100.0,1691.213431,20.275513,372 days 00:00:00,6,6,0,0.0,50.0,43.724536,-14.86088,30.101334,-11.557501,28 days 08:00:00,12 days 08:00:00,2.016622,8443.304786,0.456693,0.248356,1.352098,0.812196
SADBHAV,Success,0.0033013869979185984,0.005431356999906711,0.0005433679980342276,0.02668061700023827,0.036091802998271305,2006-03-01 00:00:00,2025-03-06 00:00:00,4699 days 00:00:00,100000.0,35078.393128,-64.921607,-58.855061,100.0,1102.52465,76.582679,4639 days 00:00:00,11,11,0,0.0,9.090909,42.707094,-22.297382,42.707094,-12.973385,10 days 00:00:00,32 days 21:36:00,0.139107,-5901.964261,-0.610365,-0.102046,0.703467,-0.79651
A2ZINFRA,Success,0.0028513550023490097,0.005665159998898162,0.000431172000389779,0.02734620699993684,0.03643687500152737,2010-12-23 00:00:00,2025-03-06 00:00:00,3514 days 00:00:00,100000.0,76160.91285,-23.839087,-94.795313,100.0,1675.003785,43.66105,1150 days 00:00:00,10,10,0,0.0,30.0,37.343177,-19.60517,29.345625,-13.647034,25 days 16:00:00,18 days 06:51:25,0.72495,-2383.908715,-0.088055,-0.063878,0.950891,-0.138941
KRBL,Success,0.003745415000594221,0.00720215600085794,0.0004308739989937749,0.027897978001419688,0.03941112299798988,2002-01-24 00:00:00,2025-03-06 00:00:00,5625 days 00:00:00,100000.0,25282.355244,-74.717645,17159.375,100.0,2015.109518,81.936084,4217 days 00:00:00,17,17,0,0.0,11.764706,30.539191,-21.976747,26.486515,-11.490623,35 days 12:00:00,20 days 01:36:00,0.337997,-4395.155574,-0.536927,-0.104181,0.735995,-0.68234
ASIANHOTNR,Success,0.0029639690001204144,0.005878197000129148,0.00043109999751322903,0.03107275200090953,0.04048810700260219,2010-04-07 00:00:00,2025-03-06 00:00:00,3673 days 00:00:00,100000.0,86850.511374,-13.149489,-25.850068,100.0,659.876064,36.196786,3581 days 00:00:00,4,4,0,0.0,25.0,32.07567,-17.058822,32.07567,-12.977218,9 days 00:00:00,20 days 08:00:00,0.615803,-3287.372156,-0.146027,-0.038435,0.876732,-0.200949
ZUARI,Success,0.0026129800025955774,0.005657690002408344,0.0005535070013138466,0.026255673001287505,0.03522029899977497,2012-11-27 00:00:00,2025-03-06 00:00:00,3036 days 00:00:00,100000.0,90550.396621,-9.449603,-50.595777,100.0,2233.617664,38.435214,1159 days 00:00:00,12,12,0,0.0,25.0,47.992739,-17.671376,42.310868,-12.004752,26 days 00:00:00,23 days 00:00:00,0.913331,-787.466948,0.025408,-0.030865,1.012676,0.039688
PUNJABCHEM,Success,0.0032423800003016368,0.005888936997507699,0.00043186400216654874,0.025577820000762586,0.03527962699808995,2007-03-08 00:00:00,2025-03-06 00:00:00,4394 days 00:00:00,100000.0,86808.015299,-13.191985,521.910363,100.0,1447.67577,73.597889,4018 days 00:00:00,10,10,0,0.0,40.0,44.251853,-43.964876,32.908901,-18.097056,20 days 12:00:00,139 days 20:00:00,0.855035,-1319.19847,0.11068,-0.015874,1.037592,0.170425
HMT,Success,0.003901523999957135,0.0063349840020237025,0.00042936400132020935,0.02636667499973555,0.03716542799884337,1999-01-01 00:00:00,2025-03-06 00:00:00,6354 days 00:00:00,100000.0,79268.293974,-20.731706,973.473684,100.0,1734.333112,56.346013,5502 days 00:00:00,9,9,0,0.0,22.222222,47.294389,-25.714758,43.126419,-12.464722,36 days 00:00:00,18 days 17:08:34,0.778772,-2303.522892,-0.06551,-0.023529,0.946742,-0.105823
WELSPUNLIV,Success,0.003812533999735024,0.005815542997879675,0.0004337390018918086,0.026678813999751583,0.03687252199961222,2003-12-04 00:00:00,2025-03-06 00:00:00,5257 days 00:00:00,100000.0,266677.688127,166.677688,1063.400576,100.0,5991.171339,41.701678,1461 days 00:00:00,17,17,0,0.0,47.058824,45.550378,-20.027185,32.376877,-12.842956,55 days 03:00:00,29 days 00:00:00,1.764789,9804.56989,0.441268,0.168999,1.193834,0.68198
AMBUJACEM,Success,0.0030793469995842315,0.005628939001326216,0.0005313260007824283,0.027326891999109648,0.03670578399760416,2007-07-24 00:00:00,2025-03-06 00:00:00,4356 days 00:00:00,100000.0,76354.482561,-23.645517,271.737482,100.0,2940.113406,45.512838,4054 days 00:00:00,19,19,0,0.0,26.315789,20.841244,-10.089286,17.915473,-7.502032,57 days 09:36:00,26 days 01:42:51,0.722457,-1244.500918,-0.086599,-0.049112,0.967552,-0.116484
HDFCBANK,Success,0.004642132000299171,0.006103391002397984,0.00044251300278119743,0.026554066000244347,0.03789094999956433,1999-01-01 00:00:00,2025-03-06 00:00:00,6469 days 00:00:00,100000.0,151275.656382,51.275656,30537.680604,100.0,4861.243774,38.707733,4111 days 00:00:00,24,24,0,0.0,37.5,27.087018,-12.984248,17.356046,-6.468366,55 days 18:40:00,32 days 12:48:00,1.530721,2136.485683,0.240887,0.061048,1.097386,0.368192
VISASTEEL,Success,0.003322521999507444,0.006444032002036693,0.000437963997683255,0.02644975300063379,0.036810554996918654,2006-03-17 00:00:00,2025-03-06 00:00:00,4376 days 00:00:00,100000.0,396743.455449,296.743455,-45.44014,100.0,4343.627255,38.509721,1875 days 00:00:00,9,9,0,0.0,55.555556,66.332381,-14.781848,49.743539,-14.359382,55 days 14:24:00,17 days 18:00:00,2.86926,32971.49505,0.680653,0.316324,1.413673,1.237395
HOVS,Success,0.0033880830014823005,0.005876848001207691,0.00048614999832352623,0.027070427997387014,0.03695761299968581,2006-09-27 00:00:00,2025-03-06 00:00:00,4268 days 00:00:00,100000.0,143867.1642,43.867164,-74.170826,100.0,2709.700062,52.579437,877 days 00:00:00,7,7,0,0.0,42.857143,45.847752,-21.781652,42.292142,-15.836288,103 days 16:00:00,33 days 00:00:00,1.305101,6266.737743,0.244105,0.060089,1.125701,0.453602
TTKPRESTIG,Success,0.0045627189974766225,0.005806443998153554,0.0005436450010165572,0.02873938800257747,0.03979000300023472,1995-02-13 00:00:00,2025-03-07 00:00:00,7015 days 00:00:00,100000.0,295155.479763,195.15548,8252.0,100.0,7889.947924,37.651212,2547 days 00:00:00,17,17,0,0.0,41.176471,63.129121,-23.24222,40.848519,-11.812537,82 days 17:08:34,21 days 14:24:00,1.692146,11479.734104,0.370726,0.153863,1.204617,0.664977
INDOWIND,Success,0.003670523001346737,0.006006488001730759,0.0004448469990165904,0.025202748001902364,0.035480972001096234,2007-09-14 00:00:00,2025-03-06 00:00:00,4280 days 00:00:00,100000.0,67380.725882,-32.619274,-82.717411,100.0,2410.982592,70.043691,2626 days 00:00:00,9,9,0,0.0,22.222222,54.637291,-18.42897,46.710135,-15.246028,59 days 00:00:00,13 days 13:42:51,0.778242,-3624.363791,-0.134968,-0.047269,0.919429,-0.213517
GKWLIMITED,Success,0.003486866000457667,0.00635501699798624,0.0004369809976196848,0.025157793999824207,0.03557236299820943,2009-07-20 00:00:00,2025-03-06 00:00:00,3650 days 00:00:00,100000.0,45451.770581,-54.548229,994.250444,100.0,1155.352663,56.478691,1918 days 00:00:00,8,8,0,0.0,12.5,33.394112,-18.436474,33.394112,-14.219394,20 days 00:00:00,65 days 06:51:25,0.283597,-6818.528677,-0.368115,-0.134251,0.856092,-0.561541
AARVEEDEN,Success,0.003179558003466809,0.005903754998143995,0.0005403530012699775,0.02572420500291628,0.03563189899796271,2006-11-21 00:00:00,2025-03-06 00:00:00,4366 days 00:00:00,100000.0,167405.219008,67.405219,151.420907,100.0,1276.234425,58.10056,3311 days 00:00:00,7,7,0,0.0,42.857143,67.942677,-16.635643,46.252334,-13.975611,102 days 08:00:00,33 days 06:00:00,2.488777,9629.317001,0.294538,0.075759,1.156119,0.525258
JINDALPHOT,Success,0.00456357700022636,0.006147459000203526,0.0005496129997482058,0.025677313999040052,0.037127760999283055,2005-04-07 00:00:00,2025-03-06 00:00:00,4922 days 00:00:00,100000.0,180478.929202,80.478929,284.469927,100.0,3746.006028,35.334879,1695 days 00:00:00,13,13,0,0.0,38.461538,60.017008,-18.007038,40.603075,-12.710375,34 days 19:12:00,19 days 09:00:00,1.52061,6190.686862,0.346609,0.126669,1.23684,0.624706
LGBBROSLTD,Success,0.0033374459999322426,0.006004619001032552,0.0004431570014276076,0.024447718998999335,0.03441689399915049,2010-03-30 00:00:00,2025-03-06 00:00:00,3693 days 00:00:00,100000.0,89505.029072,-10.494971,1927.060354,100.0,1902.682338,44.356592,3345 days 00:00:00,12,12,0,0.0,25.0,35.232214,-13.681418,30.125065,-9.486422,66 days 08:00:00,21 days 00:00:00,0.853412,-874.580911,-0.002735,-0.02457,0.998735,-0.004308
AEGISLOG,Success,0.0052850430001853965,0.00708632299938472,0.0004533380015345756,0.025660011000582017,0.038637036999716656,1999-01-01 00:00:00,2025-03-06 00:00:00,6143 days 00:00:00,100000.0,163073.040673,63.073041,129657.118928,100.0,4728.138114,59.766468,4206 days 00:00:00,17,17,0,0.0,35.294118,91.448427,-26.788863,42.974745,-13.191524,43 days 16:00:00,29 days 04:21:49,1.296036,3710.178863,0.238168,0.04933,1.130637,0.398861
WIPRO,Success,0.0062744320021010935,0.006308444000751479,0.00044389899994712323,0.027769996002461994,0.040945946999272564,1996-01-01 00:00:00,2025-03-06 00:00:00,7252 days 00:00:00,100000.0,171639.237627,71.639238,50726.666667,100.0,7060.996217,45.656165,5153 days 00:00:00,25,25,0,0.0,40.0,46.578718,-14.850188,18.937186,-7.400361,42 days 02:24:00,25 days 09:36:00,1.431571,2865.569505,0.273192,0.060371,1.137474,0.426265
CELEBRITY,Success,0.003660359998320928,0.006086611003411235,0.0005693279999832157,0.02728769699751865,0.03787658500004909,2006-01-12 00:00:00,2025-03-06 00:00:00,4421 days 00:00:00,100000.0,382349.792769,282.349793,-94.591524,100.0,2037.748822,39.78974,885 days 00:00:00,5,5,0,0.0,80.0,54.798227,-19.887745,47.994558,-19.887745,66 days 06:00:00,35 days 00:00:00,7.772502,56469.958554,0.659253,0.294272,1.427675,1.238193
RCF,Success,0.0046382790023926646,0.00594870799977798,0.0006152179994387552,0.02983982400110108,0.04117519300052663,1999-01-01 00:00:00,2025-03-06 00:00:00,6452 days 00:00:00,100000.0,70807.058677,-29.192941,1451.5,100.0,2170.845996,61.998925,6226 days 00:00:00,17,17,0,0.0,29.411765,51.174084,-22.228705,29.840813,-12.578492,46 days 19:12:00,27 days 18:00:00,0.727364,-1717.231843,-0.033748,-0.031194,0.98297,-0.052858
SUNDARMFIN,Success,0.004591140001139138,0.006564660998265026,0.0004422150013851933,0.027505657002620865,0.03923514800044359,1999-01-01 00:00:00,2025-03-06 00:00:00,6393 days 00:00:00,100000.0,380676.647322,280.676647,12038.703072,100.0,9053.240577,46.632795,2235 days 00:00:00,20,20,0,0.0,50.0,70.539501,-20.029941,27.178337,-9.419974,79 days 09:36:00,46 days 12:00:00,2.329749,14033.832366,0.476814,0.170073,1.200054,0.833269
IL&FSENGG,Success,0.002638325000589248,0.005817608998768264,0.00045018400123808533,0.02812067400009255,0.03716994099886506,2011-02-08 00:00:00,2025-03-06 00:00:00,3481 days 00:00:00,100000.0,37818.207864,-62.181792,-81.412104,100.0,1176.04602,73.068187,3046 days 00:00:00,11,11,0,0.0,18.181818,18.352598,-15.400559,16.772989,-13.26113,4 days 12:00:00,29 days 05:20:00,0.139385,-5652.890194,-0.574157,-0.132661,0.756324,-0.771389
3MINDIA,Success,0.004618430997652467,0.006362804997479543,0.0005689649988198653,0.026318016000004718,0.038000732001819415,1995-01-23 00:00:00,2025-03-06 00:00:00,7237 days 00:00:00,100000.0,276972.686943,176.972687,13188.047619,100.0,7873.399085,32.273629,1853 days 00:00:00,20,20,0,0.0,45.0,40.940599,-9.718635,22.703332,-7.023882,39 days 08:00:00,21 days 17:27:16,2.169234,8848.634347,0.504642,0.163365,1.312828,0.872955
JAMNAAUTO,Success,0.002906834000896197,0.005778738999651978,0.00043003699829569086,0.02558415900057298,0.03489637600068818,2010-12-10 00:00:00,2025-03-06 00:00:00,3440 days 00:00:00,100000.0,334830.627619,234.830628,431.810068,100.0,5830.252948,30.806336,589 days 00:00:00,13,13,0,0.0,53.846154,39.492712,-14.349025,31.39381,-10.927319,44 days 17:08:34,65 days 08:00:00,2.468679,18063.894432,0.655284,0.444084,1.238811,1.1289
TBZ,Success,0.002770707000308903,0.006509907001600368,0.0004241069982526824,0.025123305997112766,0.03496448400255758,2012-05-14 00:00:00,2025-03-06 00:00:00,3171 days 00:00:00,100000.0,99805.676604,-0.194323,50.71993,100.0,522.640623,34.677708,3008 days 00:00:00,3,3,0,0.0,33.333333,33.443831,-13.633066,33.443831,-13.520078,48 days 00:00:00,16 days 00:00:00,0.992285,-64.774465,0.045514,-0.000646,1.039318,0.069011
STERTOOLS,Success,0.003525606000039261,0.005897334001929266,0.00043552300121518783,0.026141825001104735,0.03615441799774999,2006-02-02 00:00:00,2025-03-07 00:00:00,4477 days 00:00:00,100000.0,662134.043329,562.134043,1113.367174,100.0,7722.159596,38.191683,1628 days 00:00:00,12,12,0,0.0,66.666667,50.957639,-11.873145,34.348882,-10.694706,71 days 06:00:00,4 days 00:00:00,4.629036,46844.503611,0.868378,0.436277,1.444919,1.603185
BVCL,Success,0.00400263499977882,0.005835691998072434,0.0005519849983102176,0.1683133070000622,0.17883964900102,2007-11-23 00:00:00,2025-03-06 00:00:00,4094 days 00:00:00,100000.0,121962.391426,21.962391,-27.90235,100.0,888.357207,37.75435,1943 days 00:00:00,5,5,0,0.0,40.0,46.488474,-17.9116,41.73481,-15.264828,153 days 12:00:00,30 days 08:00:00,1.517344,4392.478285,0.1855,0.047302,1.090077,0.305822
KIRLOSENG,Success,0.0033945989998755977,0.009268601999792736,0.00044924399844603613,0.024427577998721972,0.03766132599776029,2011-01-07 00:00:00,2025-03-06 00:00:00,3503 days 00:00:00,100000.0,187350.437279,87.350437,183.337036,100.0,1832.730863,30.645443,998 days 00:00:00,8,8,0,0.0,50.0,31.172826,-10.321931,28.11525,-8.639162,89 days 06:00:00,14 days 00:00:00,3.344051,10918.80466,0.538498,0.220596,1.323016,1.114337
ELGIEQUIP,Success,0.005591726003331132,0.008965466000518063,0.0005199699990043882,0.026048777002870338,0.041264602998126065,1995-06-14 00:00:00,2025-03-06 00:00:00,7260 days 00:00:00,100000.0,53662.686813,-46.337313,10211.271735,100.0,1821.839837,66.118918,6792 days 00:00:00,16,16,0,0.0,18.75,32.408988,-22.21042,28.761939,-9.951755,66 days 08:00:00,8 days 11:04:36,0.428022,-2896.082074,-0.205594,-0.046597,0.856209,-0.296574
EDELWEISS,Success,0.006014114002027782,0.006177122999361018,0.0004365269996924326,0.025142624999716645,0.03790878200015868,2007-12-12 00:00:00,2025-03-06 00:00:00,4257 days 00:00:00,100000.0,58212.17581,-41.787824,3.806534,100.0,2658.011763,71.544635,3552 days 00:00:00,14,14,0,0.0,21.428571,51.228041,-15.973267,33.543877,-11.875858,107 days 08:00:00,62 days 04:21:49,0.683805,-2984.844585,-0.076988,-0.063363,0.977112,-0.1193
DLINKINDIA,Success,0.00406265800120309,0.006545943997480208,0.0004504149983404204,0.025129192999884253,0.03632053099863697,2009-12-18 00:00:00,2025-03-06 00:00:00,3766 days 00:00:00,100000.0,341848.827495,241.848827,1005.220943,100.0,3547.645997,33.138202,1006 days 00:00:00,9,9,0,0.0,66.666667,37.767044,-13.647441,30.75846,-11.697989,60 days 12:00:00,42 days 08:00:00,4.011606,26872.091944,0.629202,0.381797,1.300776,1.156051
VGUARD,Success,0.006557202999829315,0.006100950002291938,0.00046302600094350055,0.025489396997727454,0.03873862999898847,2008-03-13 00:00:00,2025-03-06 00:00:00,4193 days 00:00:00,100000.0,273049.832829,173.049833,5932.264358,100.0,4915.904205,24.639121,1539 days 00:00:00,13,13,0,0.0,53.846154,28.793875,-11.754305,23.962796,-7.855693,57 days 13:42:51,17 days 16:00:00,2.827795,13311.525602,0.712084,0.370861,1.365317,1.224311
PTC,Success,0.006190318999870215,0.006274479001149302,0.00044066400005249307,0.0247973709992948,0.037859553998714546,2004-04-07 00:00:00,2025-03-06 00:00:00,5175 days 00:00:00,100000.0,124317.193601,24.317194,238.16965,100.0,5757.15424,48.329769,3545 days 00:00:00,16,16,0,0.0,31.25,36.611542,-13.786215,27.996707,-8.752465,60 days 14:24:00,27 days 04:21:49,1.132569,1519.8246,0.173588,0.032011,1.078368,0.278078
STCINDIA,Success,0.006835680997028248,0.009788195999135496,0.0008357600017916411,0.02694006000092486,0.0445634780007822,2003-04-01 00:00:00,2025-03-06 00:00:00,5426 days 00:00:00,100000.0,48804.637514,-51.195362,215.702488,100.0,2194.861988,66.932408,3108 days 00:00:00,16,16,0,0.0,18.75,60.943341,-19.031246,42.192876,-12.618336,61 days 08:00:00,38 days 03:41:32,0.583144,-3199.710155,-0.151744,-0.070383,0.93482,-0.256988
FINCABLES,Success,0.00655228599862312,0.006250745002034819,0.0005636149981000926,0.027106589001050452,0.04060997100168606,1994-11-03 00:00:00,2025-03-06 00:00:00,7467 days 00:00:00,100000.0,74796.681587,-25.203318,1120.777374,100.0,3065.600224,52.019522,6275 days 00:00:00,21,21,0,0.0,28.571429,29.118419,-17.043987,24.828504,-10.16198,33 days 16:00:00,19 days 19:12:00,0.794433,-1200.15802,-0.052639,-0.027095,0.969988,-0.078937
LUMAXIND,Success,0.004974850999133196,0.006194802997924853,0.0008460710014333017,0.03310421200148994,0.045294441999431,1999-01-01 00:00:00,2025-03-06 00:00:00,6217 days 00:00:00,100000.0,217441.276586,117.441277,7704.670139,100.0,7463.782037,48.805133,3533 days 00:00:00,17,17,0,0.0,35.294118,56.477987,-15.653677,37.023696,-9.474552,54 days 16:00:00,26 days 17:27:16,1.46534,6908.310387,0.345981,0.095603,1.191035,0.63559
DATAMATICS,Success,0.005030239000916481,0.006103695999627234,0.00044425599844544195,0.025876265000988496,0.03758967699832283,2004-05-07 00:00:00,2025-03-06 00:00:00,5141 days 00:00:00,100000.0,49766.869527,-50.23313,285.918058,100.0,1575.133131,58.746678,4789 days 00:00:00,12,12,0,0.0,16.666667,45.373671,-21.05263,44.593468,-13.289733,30 days 12:00:00,38 days 21:36:00,0.476048,-4186.094206,-0.194156,-0.08228,0.905464,-0.302987
GOENKA,Success,0.0028657529983320273,0.0066990140003326815,0.000426677997893421,0.025902998000674415,0.036028186998009915,2010-04-16 00:00:00,2025-03-06 00:00:00,3187 days 00:00:00,100000.0,75594.371729,-24.405628,-92.633229,100.0,580.804439,50.358224,3058 days 00:00:00,4,4,0,0.0,25.0,44.771258,-32.523612,44.771258,-18.862967,14 days 00:00:00,33 days 16:00:00,0.489074,-6101.407068,0.048188,-0.062623,1.040648,0.071804
JKLAKSHMI,Success,0.004394872001284966,0.005694146999303484,0.0005477419981616549,0.02675285299847019,0.037526269999943906,2006-06-19 00:00:00,2025-03-07 00:00:00,4629 days 00:00:00,100000.0,48340.76302,-51.659237,1372.460883,100.0,1105.207633,53.221759,4533 days 00:00:00,8,8,0,0.0,0.0,-6.13658,-12.072101,,-8.672745,,35 days 00:00:00,0.0,-6457.404622,-0.654381,-0.104665,0.690343,-0.819092
TEXMOPIPES,Success,0.002985106999403797,0.005738672996812966,0.0005365309989429079,0.027224167999520432,0.036619083999539725,2010-03-10 00:00:00,2025-03-06 00:00:00,3714 days 00:00:00,100000.0,60645.71675,-39.354283,-61.049942,100.0,1121.276926,60.407041,2149 days 00:00:00,6,6,0,0.0,16.666667,53.558105,-20.890176,53.558105,-16.931263,46 days 00:00:00,58 days 00:00:00,0.529117,-6559.047208,-0.136825,-0.079398,0.932394,-0.226523
ASHAPURMIN,Success,0.004506198998569744,0.005957476998446509,0.0004268650009180419,0.02571340799840982,0.03674878099991474,1999-01-01 00:00:00,2025-03-06 00:00:00,5837 days 00:00:00,100000.0,33638.075562,-66.361924,3343.024421,100.0,1634.081122,77.875274,4605 days 00:00:00,16,16,0,0.0,18.75,37.225075,-20.879779,36.22589,-14.307632,36 days 00:00:00,19 days 16:36:55,0.395827,-4147.620277,-0.406976,-0.084572,0.795854,-0.560334
BEL,Success,0.005591823999566259,0.006701578000502195,0.00045962800140841864,0.0260549609993177,0.03894554999715183,1999-01-01 00:00:00,2025-03-06 00:00:00,6469 days 00:00:00,100000.0,721521.584731,621.521585,122727.866027,100.0,22326.421834,34.48554,1755 days 00:00:00,30,30,0,0.0,46.666667,66.845469,-18.148683,30.290803,-9.651863,31 days 13:42:51,18 days 07:30:00,2.147878,20717.386158,0.710887,0.342047,1.385546,1.223665
PFIZER,Success,0.0054657379987475,0.005866690000402741,0.0005622209973807912,0.027002432998415316,0.03904293899904587,1994-12-09 00:00:00,2025-03-06 00:00:00,7429 days 00:00:00,100000.0,120838.071468,20.838071,2008.282051,100.0,5925.469836,44.756133,3937 days 00:00:00,30,30,0,0.0,33.333333,36.690421,-24.053615,21.067609,-8.088538,58 days 07:12:00,30 days 21:36:00,1.123503,694.602382,0.136019,0.020876,1.054967,0.206935
CENTRALBK,Success,0.004089412999746855,0.005895294001675211,0.0005302520003169775,0.027038628002628684,0.03768654099985724,2007-08-21 00:00:00,2025-03-06 00:00:00,4337 days 00:00:00,100000.0,64341.205162,-35.658795,-54.773185,100.0,1878.414651,57.590411,3533 days 00:00:00,11,11,0,0.0,18.181818,35.700276,-13.853514,32.407213,-10.516336,113 days 12:00:00,30 days 08:00:00,0.577379,-3241.708622,-0.163404,-0.06326,0.927299,-0.227263
SHOPERSTOP,Success,0.004611073996784398,0.0058668689998739865,0.00043508399903657846,0.025840318001428386,0.03689870399830397,2005-05-23 00:00:00,2025-03-06 00:00:00,4888 days 00:00:00,100000.0,177518.636922,77.518637,195.904243,100.0,2628.052068,31.962604,2903 days 00:00:00,11,11,0,0.0,45.454545,32.051577,-13.250328,25.626155,-8.899321,47 days 00:00:00,35 days 12:00:00,2.226033,7047.148811,0.379777,0.136993,1.212433,0.660341
KALYANIFRG,Success,0.0028915120019519236,0.006380206999892835,0.00042088699774467386,0.02540907600268838,0.03524032999848714,2007-12-20 00:00:00,2025-03-07 00:00:00,3477 days 00:00:00,100000.0,39233.765274,-60.766235,107.069808,100.0,1051.182511,62.446435,2783 days 00:00:00,8,8,0,0.0,0.0,-8.987609,-13.567659,,-11.036898,,25 days 18:00:00,0.0,-7595.779341,-0.774718,-0.149807,0.657432,-0.991142
TVSELECT,Success,0.0041388589997950476,0.005869726002856623,0.000551934997929493,0.026426327996887267,0.03712376600014977,2003-12-26 00:00:00,2025-03-06 00:00:00,5031 days 00:00:00,100000.0,292951.26983,192.95127,151.218522,100.0,7295.075317,49.028457,2020 days 00:00:00,18,18,0,0.0,44.444444,59.334763,-17.638741,39.957775,-14.528432,40 days 03:00:00,30 days 21:36:00,1.623417,10719.514991,0.43358,0.165415,1.21505,0.805244
BEML,Success,0.005292298999847844,0.005862311998498626,0.0005594950016529765,0.026896372000919655,0.03874730499956058,1999-01-01 00:00:00,2025-03-06 00:00:00,6467 days 00:00:00,100000.0,69840.837868,-30.159162,12914.113428,100.0,2443.854173,55.327294,4512 days 00:00:00,18,18,0,0.0,22.222222,45.369024,-23.527456,36.084894,-10.603421,64 days 06:00:00,21 days 01:42:51,0.731313,-1675.509007,-0.060496,-0.036249,0.968492,-0.09041
BLISSGVS,Success,0.0029114970020600595,0.005883158999495208,0.00044267799967201427,0.025263104002078762,0.034737008001684444,2010-07-26 00:00:00,2025-03-06 00:00:00,3618 days 00:00:00,100000.0,20667.463895,-79.332536,210.416674,100.0,1443.432572,81.091947,3044 days 00:00:00,14,14,0,0.0,0.0,-5.922749,-14.977435,,-10.617513,,48 days 08:34:17,0.0,-5666.609722,-0.771419,-0.181338,0.757085,-1.080139
PANACEABIO,Success,0.006471640997915529,0.006757096998626366,0.00046252399988588877,0.025654442000814015,0.03950382100083516,1999-01-12 00:00:00,2025-03-06 00:00:00,6375 days 00:00:00,100000.0,46865.288308,-53.134712,9031.368072,100.0,4437.803303,78.440399,6063 days 00:00:00,21,21,0,0.0,19.047619,56.714769,-22.530804,48.263158,-12.750892,68 days 00:00:00,44 days 05:38:49,0.785936,-2530.224366,-0.065881,-0.054137,0.974823,-0.104859
SPMLINFRA,Success,0.003261059999204008,0.005822119001095416,0.0005293950016493909,0.02614756199909607,0.035936373998993076,2010-05-14 00:00:00,2025-03-06 00:00:00,3595 days 00:00:00,100000.0,120984.539022,20.984539,-6.204465,100.0,839.48935,55.147115,2322 days 00:00:00,5,5,0,0.0,40.0,47.43073,-17.18912,40.345166,-14.870492,51 days 12:00:00,50 days 00:00:00,1.546696,4196.907804,0.202842,0.035412,1.109558,0.311208
RAYMOND,Success,0.00683595900045475,0.005982643000606913,0.0005308889994921628,0.025997955999628175,0.03950212099880446,1999-01-01 00:00:00,2025-03-06 00:00:00,6468 days 00:00:00,100000.0,393297.340209,293.29734,2246.154596,100.0,7906.797657,40.867627,2327 days 00:00:00,20,20,0,0.0,50.0,35.061686,-17.829702,28.395443,-10.543037,62 days 19:12:00,12 days 16:48:00,2.411429,14664.86701,0.564248,0.19659,1.272404,0.904012
GREAVESCOT,Success,0.004178792998573044,0.005937049001659034,0.0004252520011505112,0.025625901002058527,0.03632210700016003,2004-09-09 00:00:00,2025-03-07 00:00:00,5067 days 00:00:00,100000.0,182871.048049,82.871048,1617.755633,100.0,6219.821647,48.076859,3500 days 00:00:00,16,16,0,0.0,37.5,38.773139,-16.54787,31.248496,-9.667529,37 days 16:00:00,44 days 07:12:00,1.417082,5179.440503,0.344904,0.092436,1.149618,0.53643
SHREYANIND,Success,0.00394618100108346,0.006673507999948924,0.00043061800170107745,0.025695925000036368,0.036883820001094136,1999-01-05 00:00:00,2025-03-06 00:00:00,4127 days 00:00:00,100000.0,150788.289601,50.78829,2195.189873,100.0,2967.98713,51.345089,2518 days 00:00:00,9,9,0,0.0,44.444444,34.971149,-17.951345,31.225433,-12.545584,32 days 18:00:00,32 days 04:48:00,1.450015,5643.143289,0.30405,0.072045,1.184533,0.47444
ITI,Success,0.004983671999070793,0.005899499999941327,0.000533629998244578,0.026670265000575455,0.03824256600273657,1999-01-01 00:00:00,2025-03-06 00:00:00,6339 days 00:00:00,100000.0,26282.226678,-73.717773,2213.272727,100.0,1012.239736,76.126916,6261 days 00:00:00,10,10,0,0.0,0.0,-4.559686,-23.514715,,-12.389532,,27 days 19:12:00,0.0,-7371.777332,-0.489823,-0.097281,0.664388,-0.678136
PRESTIGE,Success,0.003373235998878954,0.005892740999115631,0.0005564189996221103,0.026076508998812642,0.036062081999261864,2010-10-27 00:00:00,2025-03-06 00:00:00,3553 days 00:00:00,100000.0,300327.514786,200.327515,506.601119,100.0,3355.03387,26.640084,342 days 00:00:00,9,9,0,0.0,66.666667,37.240806,-14.271912,27.850342,-11.45097,113 days 20:00:00,13 days 16:00:00,3.76489,22258.612754,0.642576,0.448952,1.223822,1.046342
MPHASIS,Success,0.004173358000116423,0.005947755998931825,0.0004450839987839572,0.025393526997504523,0.03621150899925851,2006-12-26 00:00:00,2025-03-06 00:00:00,4498 days 00:00:00,100000.0,67201.089422,-32.798911,710.866904,100.0,1402.878333,33.180637,4067 days 00:00:00,9,9,0,0.0,11.111111,21.701066,-11.408724,21.701066,-7.144099,18 days 00:00:00,18 days 15:00:00,0.306781,-3644.323398,-0.372083,-0.095658,0.758609,-0.501082
BPCL,Success,0.006852602000435581,0.0069014020009490196,0.0004740510012197774,0.025753737001650734,0.04013356400173507,1996-01-02 00:00:00,2025-03-06 00:00:00,7184 days 00:00:00,100000.0,181817.040664,81.817041,2618.358974,100.0,6418.096972,44.180656,2509 days 00:00:00,24,24,0,0.0,37.5,34.635595,-19.819917,23.012016,-7.929632,33 days 21:19:59,30 days 06:24:00,1.522645,3409.043361,0.271197,0.069805,1.134522,0.421914
RADAAN,Success,0.0031587630001013167,0.00583475500025088,0.0005269550019875169,0.02624333600033424,0.03593613100019866,2003-03-03 00:00:00,2025-03-06 00:00:00,4546 days 00:00:00,100000.0,99609.416002,-0.390584,-94.246575,100.0,1122.207568,63.575645,4095 days 00:00:00,9,9,0,0.0,33.333333,38.084892,-20.544341,35.806392,-14.141608,20 days 08:00:00,11 days 08:00:00,0.993509,-43.398222,0.05438,-0.000494,1.041975,0.076206
NESTLEIND,Success,0.0036210100006428547,0.006002269001328386,0.0005498610007634852,0.02684905699788942,0.037223438997898484,2010-01-08 00:00:00,2025-03-06 00:00:00,3754 days 00:00:00,100000.0,118149.234396,18.149234,782.368303,100.0,2468.561211,18.20946,2457 days 00:00:00,11,11,0,0.0,36.363636,19.948253,-6.390335,14.678331,-5.270987,26 days 12:00:00,16 days 10:17:08,1.42656,1649.9304,0.24833,0.089777,1.170077,0.425493
DALMIASUG,Success,0.003971949001424946,0.005999517998134252,0.00044310099838185124,0.02560497899685288,0.03626888299913844,2010-10-08 00:00:00,2025-03-06 00:00:00,3565 days 00:00:00,100000.0,140910.519573,40.91052,476.522486,100.0,4319.896043,40.957955,930 days 00:00:00,13,13,0,0.0,30.769231,66.201933,-14.187022,43.452368,-11.211876,36 days 06:00:00,31 days 16:00:00,1.224844,3146.963044,0.265718,0.087253,1.132259,0.458601
JSWHL,Success,0.005798474998300662,0.007764897996821674,0.00044741500096279196,0.025566244003130123,0.03978008999911253,2005-06-21 00:00:00,2025-03-06 00:00:00,4869 days 00:00:00,100000.0,407627.307854,307.627308,6904.957015,100.0,5623.583003,26.951194,1449 days 00:00:00,14,14,0,0.0,57.142857,61.123048,-12.733156,29.330312,-9.531168,77 days 06:00:00,24 days 04:00:00,4.230163,21973.379132,0.623842,0.412176,1.301055,1.152081
SURYALAXMI,Success,0.006144709001091542,0.011369166000804398,0.0007650890001968946,0.026282553997589275,0.044712194001476746,2005-06-15 00:00:00,2025-03-06 00:00:00,4647 days 00:00:00,100000.0,70104.334149,-29.895666,-56.237054,100.0,875.698793,52.058721,4291 days 00:00:00,6,6,0,0.0,16.666667,26.696879,-11.795156,26.696879,-11.16748,102 days 00:00:00,20 days 14:24:00,0.330534,-4982.610975,-0.227277,-0.052849,0.85513,-0.318501
NORBTEAEXP,Success,0.0042011679979623295,0.006265928001084831,0.0005579039971053135,0.025825135999184567,0.03699126499850536,1999-01-01 00:00:00,2025-03-06 00:00:00,4620 days 00:00:00,100000.0,49861.03248,-50.138968,920.816327,100.0,701.099492,69.699585,3982 days 00:00:00,6,6,0,0.0,16.666667,15.579681,-31.815653,15.579681,-14.975032,42 days 00:00:00,16 days 19:12:00,0.124889,-8356.494587,-0.208041,-0.076754,0.817544,-0.291149
GENESYS,Success,0.006235873999685282,0.006015359002049081,0.00043585800085566007,0.02541004500017152,0.03828496599817299,2003-01-23 00:00:00,2025-03-06 00:00:00,5169 days 00:00:00,100000.0,156383.141729,56.383142,2298.207087,100.0,3203.992687,48.903668,3229 days 00:00:00,13,13,0,0.0,38.461538,47.53394,-21.178923,41.17527,-14.517242,35 days 00:00:00,17 days 15:00:00,1.369687,4337.164748,0.267592,0.065594,1.16661,0.40198
SUNDRMBRAK,Success,0.005899256997508928,0.007467920000635786,0.00045164499897509813,0.026099631999386474,0.040057712998532224,1999-01-04 00:00:00,2025-03-06 00:00:00,6227 days 00:00:00,100000.0,342402.545257,242.402545,866.862458,100.0,5730.604712,40.91748,3729 days 00:00:00,17,17,0,0.0,47.058824,47.484543,-16.151106,34.648835,-11.802962,77 days 03:00:00,27 days 10:40:00,2.303637,14258.97325,0.493574,0.182835,1.224312,0.836683
ENERGYDEV,Success,0.0031321669994213153,0.005760086001828313,0.0005475100006151479,0.025883065001835348,0.03546996799923363,2007-11-02 00:00:00,2025-03-06 00:00:00,4245 days 00:00:00,100000.0,41973.045213,-58.026955,-89.800995,100.0,1105.626455,59.748897,4034 days 00:00:00,8,8,0,0.0,12.5,31.314776,-20.188808,31.314776,-14.984417,33 days 00:00:00,28 days 10:17:08,0.253143,-7253.369348,-0.417129,-0.120384,0.770837,-0.629907
EXIDEIND,Success,0.006550743997649988,0.006035774000338279,0.0005801190018246416,0.026901601999270497,0.04020609299914213,1995-01-02 00:00:00,2025-03-06 00:00:00,7319 days 00:00:00,100000.0,52197.566531,-47.802433,8702.511836,100.0,3004.12912,55.797777,3535 days 00:00:00,21,21,0,0.0,19.047619,29.957137,-12.541272,24.675684,-8.57805,61 days 12:00:00,25 days 05:38:49,0.575433,-2276.306356,-0.182687,-0.057175,0.914814,-0.246552
GUJAPOLLO,Success,0.004127418997086352,0.0059385530003055464,0.0004526920019998215,0.025824371001363033,0.03649491900068824,2007-07-06 00:00:00,2025-03-06 00:00:00,4364 days 00:00:00,100000.0,146021.520592,46.021521,49.058605,100.0,2556.771009,23.784987,1337 days 00:00:00,9,9,0,0.0,44.444444,34.758097,-12.35103,25.251348,-9.681565,21 days 06:00:00,22 days 14:24:00,1.599953,5113.502288,0.334574,0.135257,1.276964,0.660413
NAVA,Success,0.004568036001728615,0.006678965997707564,0.0006123029997979756,0.025848116998531623,0.03785017399786739,2006-07-31 00:00:00,2025-03-06 00:00:00,4597 days 00:00:00,100000.0,240234.411612,140.234412,1754.392367,100.0,2319.067067,38.656459,3815 days 00:00:00,11,11,0,0.0,45.454545,44.854852,-12.11723,33.65649,-8.976285,80 days 04:48:00,20 days 08:00:00,3.998485,12748.582874,0.450826,0.186432,1.229758,0.789163
RHIM,Success,0.002890628999011824,0.006012917001498863,0.0005527139983314555,0.026430347003042698,0.03606431299704127,2012-03-15 00:00:00,2025-03-06 00:00:00,3207 days 00:00:00,100000.0,116338.31932,16.338319,1546.289063,100.0,1229.562306,26.707559,696 days 00:00:00,6,6,0,0.0,33.333333,38.33636,-12.240753,35.444306,-10.745893,141 days 12:00:00,25 days 06:00:00,1.356211,2723.05322,0.190034,0.065048,1.092732,0.294901
ANANTRAJ,Success,0.004981659003533423,0.00584270900071715,0.0005674349995388184,0.02761067100072978,0.03914735099897371,2006-09-27 00:00:00,2025-03-06 00:00:00,4552 days 00:00:00,100000.0,340348.182652,240.348183,425.967987,100.0,4065.399918,39.800488,2606 days 00:00:00,14,14,0,0.0,50.0,51.350439,-16.388264,36.573267,-12.544789,33 days 20:34:17,27 days 13:42:51,3.168915,17167.727332,0.590291,0.259279,1.322341,0.952789
SUNTECK,Success,0.004017311002826318,0.006039398002030794,0.0006060919986339286,0.026203721998172114,0.03702789100134396,2009-11-13 00:00:00,2025-03-06 00:00:00,3791 days 00:00:00,100000.0,52083.37429,-47.916626,55.127342,100.0,1551.390133,48.669474,2964 days 00:00:00,11,11,0,0.0,9.090909,32.888506,-10.944769,32.888506,-8.933965,20 days 00:00:00,28 days 19:12:00,0.270368,-4356.056883,-0.441706,-0.125078,0.80492,-0.591298
JAGSNPHARM,Success,0.006684301002678694,0.007257631998072611,0.0004983840008208062,0.02614589700169745,0.04073751599935349,1999-01-04 00:00:00,2025-03-06 00:00:00,6130 days 00:00:00,100000.0,334033.254572,234.033255,5128.674737,100.0,5076.431449,59.961293,2548 days 00:00:00,16,16,0,0.0,50.0,48.054592,-19.537416,35.294294,-13.721653,39 days 06:00:00,48 days 06:00:00,2.426419,14627.078411,0.418499,0.124171,1.219681,0.732476
GABRIEL,Success,0.006177851999382256,0.00635477799733053,0.0005537290016945917,0.026129811998544028,0.039397042000928195,1996-01-01 00:00:00,2025-03-06 00:00:00,6060 days 00:00:00,100000.0,140657.591021,40.657591,4136.28866,100.0,2952.179607,38.61983,2275 days 00:00:00,13,13,0,0.0,30.769231,49.570591,-12.762384,36.9395,-9.561456,63 days 06:00:00,30 days 18:40:00,1.399551,3127.507002,0.209958,0.053757,1.111322,0.344971
DENORA,Success,0.005912570999498712,0.006630235999182332,0.0005656319990521297,0.025819291000516387,0.039091668997571105,2007-08-21 00:00:00,2025-03-06 00:00:00,4061 days 00:00:00,100000.0,169648.452395,69.648452,636.073059,100.0,2128.724454,43.756996,1694 days 00:00:00,9,9,0,0.0,44.444444,52.393974,-16.728004,38.541139,-14.180143,74 days 00:00:00,25 days 14:24:00,1.795493,7738.716933,0.329377,0.111189,1.177398,0.591369
CONCOR,Success,0.006549208002979867,0.006012008001562208,0.0005417740030679852,0.024947669000539463,0.03821388100186596,1999-01-05 00:00:00,2025-03-06 00:00:00,6129 days 00:00:00,100000.0,194611.59525,94.611595,2606.3044,100.0,7218.863058,44.500326,4066 days 00:00:00,19,19,0,0.0,36.842105,54.609324,-15.979227,27.977844,-8.199119,86 days 17:08:34,49 days 12:00:00,1.463039,4979.557645,0.320485,0.090896,1.1164,0.47799
SMARTLINK,Success,0.004672699000366265,0.007093791999068344,0.0004494739987421781,0.025293774997408036,0.03767314300057478,2009-08-21 00:00:00,2025-03-06 00:00:00,3843 days 00:00:00,100000.0,82215.603361,-17.784397,246.220587,100.0,969.870105,51.289138,3734 days 00:00:00,7,7,0,0.0,28.571429,29.813242,-20.504257,28.694982,-12.950627,26 days 12:00:00,42 days 14:24:00,0.646674,-2540.628091,-0.060573,-0.035928,0.964531,-0.093842
LOTUSEYE,Success,0.004038787999888882,0.006065336001483956,0.00043379099952289835,0.02547122599935392,0.03613725300238002,2008-07-11 00:00:00,2025-03-06 00:00:00,3950 days 00:00:00,100000.0,253582.250115,153.58225,67.826078,100.0,2168.531086,56.70345,1750 days 00:00:00,7,7,0,0.0,57.142857,67.934405,-19.939782,47.434941,-18.344558,74 days 06:00:00,56 days 16:00:00,2.887254,21940.321445,0.44491,0.158349,1.232722,0.748845
BANARBEADS,Success,0.003529835001245374,0.006623767996643437,0.0006117630000517238,0.025711109999974724,0.03661589799958165,1999-01-13 00:00:00,2025-03-06 00:00:00,3089 days 00:00:00,100000.0,39166.86435,-60.833136,1871.833333,100.0,747.899275,60.833136,2257 days 00:00:00,6,6,0,0.0,0.0,-5.175167,-17.207812,,-14.379836,,25 days 16:00:00,0.0,-10138.855942,-0.89583,-0.172347,0.52769,-1.078163
SANDESH,Success,0.006220502000360284,0.00595121800142806,0.00044732599781127647,0.02554532399881282,0.03830848399957176,1999-01-01 00:00:00,2025-03-06 00:00:00,6093 days 00:00:00,100000.0,287272.823749,187.272824,2146.307475,100.0,7724.499563,46.570667,2936 days 00:00:00,18,18,0,0.0,44.444444,58.044932,-16.076381,33.461997,-11.43951,72 days 09:00:00,20 days 12:00:00,1.727847,10404.045764,0.42141,0.140123,1.196963,0.726819
WELINV,Success,0.0041069079998123925,0.007081554002070334,0.00043730800098273903,0.024887769999622833,0.03667567900265567,2010-10-04 00:00:00,2025-03-06 00:00:00,3453 days 00:00:00,100000.0,161130.274159,61.130274,381.438965,100.0,677.775115,20.424104,1158 days 00:00:00,3,3,0,0.0,66.666667,41.882284,-13.886212,36.905514,-13.886212,42 days 12:00:00,23 days 00:00:00,5.406631,20376.758053,0.523851,0.253225,1.558045,0.919935
APCOTEXIND,Success,0.004976750002242625,0.0062447739983326755,0.0005449749987747055,0.025439493998419493,0.037339487000281224,2006-11-02 00:00:00,2025-03-06 00:00:00,4400 days 00:00:00,100000.0,83825.774475,-16.174226,7563.003663,100.0,1803.26044,47.926845,3491 days 00:00:00,11,11,0,0.0,27.272727,33.457325,-18.193029,27.581173,-10.629032,49 days 08:00:00,31 days 00:00:00,0.786381,-1470.384139,-0.010938,-0.030315,0.994361,-0.017511
PREMIER,Success,0.006087367997679394,0.006652820997260278,0.0005627360005746596,0.025473931000306038,0.038917573998332955,2005-07-08 00:00:00,2025-03-06 00:00:00,4489 days 00:00:00,100000.0,23346.962491,-76.653038,-91.5276,100.0,815.338234,77.861591,4435 days 00:00:00,8,8,0,0.0,0.0,-11.970759,-25.248249,,-16.522925,,32 days 09:00:00,0.0,-9581.629689,-0.646061,-0.143273,0.683903,-0.895162
MCX,Success,0.0035473060015647206,0.006306261999270646,0.0005557389995374251,0.02448970000114059,0.03502094600116834,2012-03-09 00:00:00,2025-03-06 00:00:00,3214 days 00:00:00,100000.0,75323.596822,-24.676403,259.582016,100.0,2689.831478,55.514008,2448 days 00:00:00,11,11,0,0.0,18.181818,37.489442,-11.232855,30.348659,-8.605378,68 days 00:00:00,25 days 05:20:00,0.737474,-2243.30938,-0.130777,-0.057048,0.941277,-0.207859
BAJAJFINSV,Success,0.004284004997316515,0.00874947299962514,0.0004630330004147254,0.026322714002162684,0.039947443998244125,2008-05-26 00:00:00,2025-03-06 00:00:00,4147 days 00:00:00,100000.0,226533.913916,126.533914,3589.116905,100.0,8018.540844,37.920784,2294 days 00:00:00,20,20,0,0.0,40.0,35.471248,-11.355987,24.457904,-7.379341,50 days 15:00:00,38 days 04:00:00,1.680165,6326.695696,0.492228,0.196794,1.184618,0.823879
MARKSANS,Success,0.005904556001041783,0.006248557001526933,0.0005640070012304932,0.025439666002057493,0.03829632099950686,2005-11-14 00:00:00,2025-03-06 00:00:00,4773 days 00:00:00,100000.0,69487.783643,-30.512216,857.711399,100.0,2029.045838,56.29044,2277 days 00:00:00,12,12,0,0.0,25.0,46.331914,-22.585284,35.671035,-13.033643,18 days 16:00:00,30 days 08:00:00,0.723924,-2542.684696,-0.066436,-0.048771,0.963298,-0.098026
VHL,Success,0.00451696200252627,0.006342767002934124,0.0005561519974435214,0.025077206999412738,0.03662471200004802,2006-04-18 00:00:00,2025-03-06 00:00:00,4173 days 00:00:00,100000.0,213667.5358,113.667536,528.259976,100.0,3506.398417,26.92066,1074 days 00:00:00,11,11,0,0.0,45.454545,44.127386,-13.368448,31.959212,-9.633814,64 days 00:00:00,16 days 20:00:00,2.181964,10333.412345,0.487394,0.255061,1.289717,0.950563
TVSHLTD,Success,0.0029521449978346936,0.006637885999225546,0.0004588859992509242,0.024548145000153454,0.034732871001324384,2012-10-25 00:00:00,2025-03-07 00:00:00,3056 days 00:00:00,100000.0,156153.084233,56.153084,4150.912245,100.0,2177.214595,28.21241,1271 days 00:00:00,8,8,0,0.0,50.0,34.102735,-11.351156,23.207408,-9.113778,40 days 18:00:00,35 days 12:00:00,2.075124,7019.135529,0.525036,0.193785,1.302076,0.921343
FACT,Success,0.0056285269965883344,0.007684135001909453,0.0004936690020258538,0.025149712000711588,0.039091082999220816,1999-01-06 00:00:00,2025-03-06 00:00:00,5864 days 00:00:00,100000.0,29662.482435,-70.337518,7221.666667,100.0,847.850761,82.045414,5712 days 00:00:00,11,11,0,0.0,18.181818,33.738073,-41.14853,31.123834,-17.135945,24 days 12:00:00,26 days 21:20:00,0.182601,-6394.319779,-0.179813,-0.088798,0.865048,-0.261565
VOLTAS,Success,0.005541511000046739,0.00637928400101373,0.0005756539976573549,0.025166968000121415,0.0377943530002085,1999-01-01 00:00:00,2025-03-06 00:00:00,6468 days 00:00:00,100000.0,125268.146579,25.268147,10394.402985,100.0,3258.507057,64.355692,4115 days 00:00:00,21,21,0,0.0,38.095238,37.899223,-17.556273,21.045779,-9.368863,45 days 18:00:00,22 days 20:18:27,1.271446,1203.245075,0.159633,0.019881,1.076628,0.234742
AHLUCONT,Success,0.0032167589997698087,0.006967157001781743,0.0006412170005205553,0.02516751499933889,0.03611392200036789,2009-12-14 00:00:00,2025-03-06 00:00:00,3769 days 00:00:00,100000.0,96672.10889,-3.327891,296.491743,100.0,2198.862237,44.75987,2458 days 00:00:00,10,10,0,0.0,30.0,37.750008,-13.360877,27.42259,-10.204122,30 days 00:00:00,20 days 10:17:08,0.959964,-332.789111,0.039078,-0.007311,1.023466,0.063388
SUPREMEIND,Success,0.006416553998860763,0.006519394999486394,0.00045440500252880156,0.02446911600054591,0.03798704399741837,1999-01-01 00:00:00,2025-03-06 00:00:00,6461 days 00:00:00,100000.0,280344.133916,180.344134,19215.056818,100.0,6557.764608,47.549692,1349 days 00:00:00,20,20,0,0.0,50.0,29.755512,-15.08072,22.33674,-9.259964,61 days 02:24:00,24 days 12:00:00,2.267746,9017.206696,0.460761,0.126109,1.219888,0.770342
LOVABLE,Success,0.0030371329994522966,0.0076529780017153826,0.00047895999887259677,0.024928005997935543,0.0362265789990488,2011-03-24 00:00:00,2025-03-06 00:00:00,3451 days 00:00:00,100000.0,99948.618635,-0.051381,-64.051292,100.0,1606.036592,34.336999,3219 days 00:00:00,7,7,0,0.0,28.571429,35.427429,-13.010001,33.460746,-10.889229,25 days 12:00:00,47 days 19:12:00,0.999221,-7.340195,0.075721,-0.000158,1.044664,0.140506
RAMANEWS,Success,0.003877340001054108,0.006524947999423603,0.0005555659990932327,0.025458260002778843,0.036535038001602516,2006-09-20 00:00:00,2025-03-06 00:00:00,4454 days 00:00:00,100000.0,106601.736993,6.601737,124.711111,100.0,958.248304,53.512087,2020 days 00:00:00,5,5,0,0.0,40.0,41.82313,-17.958348,36.542054,-16.951066,90 days 12:00:00,63 days 08:00:00,1.124244,1320.347399,0.112252,0.009816,1.063767,0.192232
LAKPRE,Success,0.0029210360007709824,0.006608735999179771,0.0007575790004921146,0.026136886997846887,0.03657099500196637,2006-09-26 00:00:00,2025-03-06 00:00:00,3935 days 00:00:00,100000.0,66409.883673,-33.590116,-89.953314,100.0,1405.942393,52.753313,2082 days 00:00:00,9,9,0,0.0,22.222222,40.102952,-19.813806,37.010181,-13.713731,25 days 12:00:00,85 days 20:34:17,0.586967,-3732.235147,-0.021163,-0.070623,0.992244,-0.033433
ISFT,Success,0.002840708002622705,0.005894380003155675,0.000585367000894621,0.02535850899948855,0.03481326100154547,2010-04-12 00:00:00,2025-03-06 00:00:00,3652 days 00:00:00,100000.0,145584.304288,45.584304,-33.262104,100.0,1805.728415,39.228017,1087 days 00:00:00,6,6,0,0.0,50.0,45.50951,-20.800729,35.600992,-16.190522,48 days 16:00:00,63 days 08:00:00,1.563189,7597.384048,0.292731,0.09751,1.14344,0.46773
JAICORPLTD,Success,0.004345800000010058,0.00650427300206502,0.0005520579979929607,0.025610766002500895,0.0371528789983131,1999-01-01 00:00:00,2025-03-06 00:00:00,6022 days 00:00:00,100000.0,30918.649981,-69.08135,7845.384615,100.0,1496.600309,70.125929,5869 days 00:00:00,14,14,0,0.0,14.285714,30.455403,-19.414969,29.685189,-13.075598,12 days 12:00:00,13 days 06:00:00,0.265239,-4934.382144,-0.583805,-0.09793,0.625318,-0.746544
NXST,Success,0.004476661000808235,0.0060400110014597885,0.0008939790022850502,0.025676354998722672,0.037212966999504715,2003-11-24 00:00:00,2025-03-07 00:00:00,5348 days 00:00:00,100000.0,50879.958185,-49.120042,2452.884293,100.0,2474.689691,57.448787,3256 days 00:00:00,16,16,0,0.0,12.5,44.042314,-18.551622,32.863696,-8.40076,47 days 12:00:00,28 days 10:17:08,0.494487,-3070.002613,-0.169576,-0.078451,0.911385,-0.275132
ZODIACLOTH,Success,0.00456364400088205,0.005993882001348538,0.0009484889997111168,0.026259428999765078,0.03791061800075113,1999-01-01 00:00:00,2025-03-06 00:00:00,6114 days 00:00:00,100000.0,339076.357503,239.076358,174.932734,100.0,10890.073902,53.328449,3452 days 00:00:00,19,19,0,0.0,42.105263,53.674756,-17.982821,39.097718,-11.836832,62 days 18:00:00,39 days 02:10:54,1.621751,12582.966184,0.442507,0.141798,1.186898,0.734972
BINANIIND,Success,0.002772489002381917,0.005865434999577701,0.0004732899978989735,0.025249817001167685,0.03448599799958174,2006-09-27 00:00:00,2025-03-06 00:00:00,3757 days 00:00:00,100000.0,126928.125394,26.928125,-95.527772,100.0,2212.683644,37.620789,2729 days 00:00:00,9,9,0,0.0,44.444444,53.385534,-14.399132,29.278655,-14.183286,49 days 12:00:00,32 days 00:00:00,1.288398,2992.013933,0.215713,0.062296,1.110381,0.362244
MALUPAPER,Success,0.003693900998769095,0.006383674000971951,0.0004485120007302612,0.025909978998242877,0.036560640000971034,2006-04-05 00:00:00,2025-03-06 00:00:00,4324 days 00:00:00,100000.0,72976.357107,-27.023643,10.107855,100.0,1164.369225,61.161509,3946 days 00:00:00,7,7,0,0.0,28.571429,38.30722,-31.748916,34.550467,-16.197381,32 days 12:00:00,21 days 00:00:00,0.653474,-3860.520413,-0.062631,-0.042907,0.949878,-0.098651
RSSOFTWARE,Success,0.004495495999435661,0.005963338000583462,0.0005508680005732458,0.16297175799991237,0.17417100999955437,1999-05-19 00:00:00,2025-03-06 00:00:00,6225 days 00:00:00,100000.0,113047.136749,13.047137,-3.123469,100.0,4220.300391,56.835879,3362 days 00:00:00,15,15,0,0.0,33.333333,61.734079,-21.053818,40.647026,-14.429413,38 days 19:12:00,20 days 14:24:00,1.060748,869.809117,0.124782,0.012697,1.072185,0.193589
HCC,Success,0.005549920999328606,0.006089332997362362,0.0004422839992912486,0.025048668998351786,0.03727574400181766,2006-07-10 00:00:00,2025-03-06 00:00:00,4613 days 00:00:00,100000.0,136544.639123,36.544639,-45.510884,100.0,2802.421874,41.645363,2618 days 00:00:00,11,11,0,0.0,36.363636,39.78208,-17.918137,36.410208,-12.399379,61 days 00:00:00,15 days 06:51:25,1.306963,3322.23992,0.22821,0.059915,1.121681,0.356181
TIL,Success,0.006926706999365706,0.006229091002751375,0.00046184500024537556,0.025171558998408727,0.03892768200239516,1999-01-01 00:00:00,2025-03-06 00:00:00,5919 days 00:00:00,100000.0,188260.650705,88.260651,3433.018885,100.0,6569.505162,52.711445,1752 days 00:00:00,20,20,0,0.0,40.0,40.700746,-15.507455,31.411089,-11.98276,33 days 00:00:00,15 days 20:00:00,1.34779,4413.032535,0.309106,0.075476,1.181901,0.53435
GICHSGFIN,Success,0.006677649002085673,0.0067253699999128,0.0004370339993329253,0.02529231299922685,0.03930142799799796,1999-01-01 00:00:00,2025-03-06 00:00:00,6387 days 00:00:00,100000.0,304196.792787,204.196793,1168.070356,100.0,6241.119131,31.678696,2171 days 00:00:00,16,16,0,0.0,43.75,49.834572,-14.088808,34.100192,-9.7551,96 days 10:17:08,29 days 18:40:00,2.148663,12762.299549,0.436943,0.207209,1.204738,0.750834
SPIC,Success,0.006420448000426404,0.00893391700083157,0.0007645170007890556,0.02733900199746131,0.043594060000032187,1999-01-01 00:00:00,2025-03-06 00:00:00,6067 days 00:00:00,100000.0,94417.506356,-5.582494,222.1344,100.0,2565.016662,67.547674,4581 days 00:00:00,13,13,0,0.0,30.769231,113.209229,-28.96396,52.416514,-16.537527,83 days 00:00:00,34 days 08:00:00,0.966598,-429.422588,0.08511,-0.005107,1.045192,0.146872
MRF,Success,0.005373428997700103,0.006047162001777906,0.0004339360020821914,0.026172429003054276,0.038211508999665966,1999-01-04 00:00:00,2025-03-06 00:00:00,6467 days 00:00:00,100000.0,168168.456132,68.168456,7110.38796,100.0,7060.888965,35.339906,2480 days 00:00:00,19,19,0,0.0,31.578947,38.671821,-10.494839,26.413855,-6.527913,68 days 16:00:00,25 days 07:23:04,1.40874,3587.813481,0.316762,0.084245,1.146971,0.516932
GUFICBIO,Success,0.004241616999934195,0.006034127000020817,0.00044187300227349624,0.02614465599981486,0.03700970599675202,2004-10-19 00:00:00,2025-03-06 00:00:00,4869 days 00:00:00,100000.0,40198.095655,-59.801904,1073.372626,100.0,902.558236,68.408836,4112 days 00:00:00,8,8,0,0.0,12.5,23.458117,-18.228861,23.458117,-14.782552,58 days 00:00:00,35 days 20:34:17,0.113175,-7475.238043,-0.404887,-0.096533,0.800215,-0.566823
POLYMED,Success,0.0032895170006668195,0.006667585999821313,0.00042071800271514803,0.025488510000286624,0.03602092399887624,2011-12-07 00:00:00,2025-03-06 00:00:00,3275 days 00:00:00,100000.0,131453.213336,31.453213,6877.034654,100.0,2444.591861,34.284206,2429 days 00:00:00,10,10,0,0.0,40.0,30.661255,-12.953679,25.981019,-10.216392,53 days 06:00:00,34 days 20:00:00,1.39223,3145.321334,0.263652,0.090271,1.12216,0.399319
JAYSREETEA,Success,0.006195093999849632,0.00606792299731751,0.00045626900100614876,0.02693544200155884,0.039788513000530656,1999-01-01 00:00:00,2025-03-06 00:00:00,6428 days 00:00:00,100000.0,34118.167367,-65.881833,109.340659,100.0,2733.926352,68.63638,4651 days 00:00:00,21,21,0,0.0,19.047619,48.081016,-19.654508,32.521548,-12.037097,32 days 12:00:00,27 days 18:21:10,0.52999,-3137.230125,-0.23117,-0.086301,0.893792,-0.34094
SYMPHONY,Success,0.002836864998243982,0.005724407001252985,0.0005497339989233296,0.027426106000348227,0.036673590999271255,2011-06-15 00:00:00,2025-03-06 00:00:00,3393 days 00:00:00,100000.0,75875.968743,-24.124031,899.22594,100.0,1529.873104,41.414361,2440 days 00:00:00,8,8,0,0.0,25.0,29.883838,-18.150032,26.15278,-11.526989,29 days 00:00:00,17 days 12:00:00,0.659132,-3015.503907,-0.177832,-0.070655,0.891905,-0.278432
PATELENG,Success,0.00444806399900699,0.006194825000420678,0.00044799399984185584,0.025979948000895092,0.03720380500089959,2005-02-24 00:00:00,2025-03-06 00:00:00,4953 days 00:00:00,100000.0,43812.074826,-56.187925,-52.420701,100.0,1373.313338,69.301923,3745 days 00:00:00,8,8,0,0.0,12.5,33.621878,-22.254631,33.621878,-14.64446,33 days 00:00:00,29 days 20:34:17,0.374134,-7023.490647,-0.451975,-0.08514,0.745486,-0.565477
HUBTOWN,Success,0.003082064002228435,0.006453623002016684,0.0004495249995670747,0.025927137001417577,0.03605835100097465,2011-11-15 00:00:00,2025-03-06 00:00:00,3293 days 00:00:00,100000.0,256225.911832,156.225912,8.365034,100.0,2343.725159,49.488456,2374 days 00:00:00,9,9,0,0.0,44.444444,64.247583,-22.435071,50.907641,-12.876553,73 days 18:00:00,18 days 09:36:00,3.088682,17358.434648,0.557589,0.222115,1.24824,0.857461
STAR,Success,0.0055580890002602246,0.00761930999942706,0.0004723679994640406,0.026933828001347138,0.04072374999668682,2000-02-02 00:00:00,2025-03-06 00:00:00,5770 days 00:00:00,100000.0,242321.763067,142.321763,54.454513,100.0,12444.151096,73.733353,2775 days 00:00:00,23,23,0,0.0,47.826087,45.889205,-60.195825,30.621872,-13.845288,41 days 10:54:32,17 days 06:00:00,1.223186,6187.902742,0.389128,0.078101,1.235866,0.486302
BLUEDART,Success,0.004709961998742074,0.006019099997502053,0.0005333560002327431,0.027044882001064252,0.03843927399793756,1999-01-01 00:00:00,2025-03-06 00:00:00,6456 days 00:00:00,100000.0,134426.710163,34.42671,29250.552233,100.0,3618.852801,60.545669,3487 days 00:00:00,20,20,0,0.0,40.0,32.605294,-22.838012,23.914688,-10.973243,57 days 15:00:00,36 days 06:00:00,1.292194,1721.335508,0.184886,0.027858,1.074978,0.276454
LMW,Success,0.004865418999543181,0.005922600998019334,0.00044792499829782173,0.026070646999869496,0.03744150000056834,1999-01-04 00:00:00,2025-03-06 00:00:00,6293 days 00:00:00,100000.0,62903.214372,-37.096786,8464.388889,100.0,3107.817692,58.860151,6137 days 00:00:00,23,23,0,0.0,21.73913,30.538914,-16.0498,21.818271,-7.678641,43 days 04:48:00,20 days 14:40:00,0.63074,-1612.903723,-0.137572,-0.045072,0.932458,-0.203767
PFS,Success,0.002918147001764737,0.006483146000391571,0.0004362920008134097,0.025778080002055503,0.035753027001192095,2011-03-30 00:00:00,2025-03-06 00:00:00,3447 days 00:00:00,100000.0,129972.332745,29.972333,28.353414,100.0,1662.652731,23.375563,873 days 00:00:00,7,7,0,0.0,42.857143,29.751246,-14.839155,25.82396,-10.04293,25 days 16:00:00,21 days 18:00:00,1.569416,4281.761821,0.295994,0.120416,1.247324,0.590385
EKC,Success,0.004164515001320979,0.005908577997615794,0.00044217899994691834,0.026665435998438625,0.0373258790023101,2005-12-15 00:00:00,2025-03-06 00:00:00,4752 days 00:00:00,100000.0,384665.331647,284.665332,213.864818,100.0,2691.172801,28.69388,2236 days 00:00:00,8,8,0,0.0,62.5,60.786571,-11.398842,40.565692,-10.681916,66 days 00:00:00,29 days 16:00:00,9.040557,35583.166456,0.666271,0.379948,1.391027,1.196775
BBOX,Success,0.005579892000241671,0.006002627000270877,0.0005369600003177766,0.027079103998403298,0.03934078699967358,1995-01-18 00:00:00,2025-03-06 00:00:00,7352 days 00:00:00,100000.0,91096.17127,-8.903829,3838.333333,100.0,2623.527296,70.310528,6638 days 00:00:00,21,21,0,0.0,33.333333,44.271347,-27.142619,33.112651,-13.729245,31 days 10:17:08,25 days 03:25:42,0.933319,-423.991844,0.060817,-0.006569,1.033582,0.098978
INDOTHAI,Success,0.002897179998399224,0.006008186002873117,0.0004525879994616844,0.02515446500183316,0.034647814001800725,2011-11-02 00:00:00,2025-03-06 00:00:00,3286 days 00:00:00,100000.0,199177.514426,99.177514,8435.637149,100.0,2071.998952,37.716263,1522 days 00:00:00,6,6,0,0.0,50.0,77.209991,-24.946726,55.465931,-18.406382,147 days 16:00:00,35 days 08:00:00,1.908102,16529.585738,0.398693,0.210891,1.15782,0.675463
GVKPIL,Success,0.0031405760018969886,0.006949517999601085,0.00043969100079266354,0.02574828200158663,0.03642254100122955,2006-02-27 00:00:00,2025-03-06 00:00:00,4340 days 00:00:00,100000.0,62360.556528,-37.639443,-87.525725,100.0,2063.749268,50.500146,3385 days 00:00:00,12,12,0,0.0,25.0,33.979399,-20.278248,31.512594,-13.332603,24 days 00:00:00,35 days 10:40:00,0.65567,-3136.620289,-0.169397,-0.077104,0.924505,-0.24773
MAHSEAMLES,Success,0.006160794997413177,0.006208865001099184,0.00045515099918702617,0.02664711699981126,0.03961334500127123,1999-01-01 00:00:00,2025-03-06 00:00:00,6449 days 00:00:00,100000.0,439407.534649,339.407535,17960.350826,100.0,10611.705539,38.103446,1775 days 00:00:00,18,18,0,0.0,50.0,58.369359,-15.485956,32.012072,-10.268396,91 days 08:00:00,117 days 02:40:00,2.177669,18855.974147,0.511874,0.229347,1.157623,0.791056
TVSSRICHAK,Success,0.003868689000228187,0.005809416998090455,0.0005357330010156147,0.025625575999583816,0.036011406999023166,2007-02-13 00:00:00,2025-03-06 00:00:00,4430 days 00:00:00,100000.0,115385.569665,15.38557,2382.489549,100.0,3542.853557,54.040201,3307 days 00:00:00,13,13,0,0.0,30.769231,40.914,-13.045085,29.420812,-9.310437,38 days 00:00:00,27 days 18:40:00,1.127647,1183.505359,0.152618,0.021948,1.081423,0.245289
NDLVENTURE,Success,0.004498226000578143,0.006021878998581087,0.00044452599831856787,0.025970292997953948,0.03708441499838955,2007-11-29 00:00:00,2025-03-06 00:00:00,4265 days 00:00:00,100000.0,163858.790303,63.85879,16.232646,100.0,1471.263727,43.207919,3357 days 00:00:00,7,7,0,0.0,57.142857,34.077773,-15.233015,23.638801,-10.841651,82 days 12:00:00,55 days 16:00:00,3.040586,9122.684329,0.360534,0.099908,1.16485,0.583588
CASTROLIND,Success,0.00424369499887689,0.006631159998505609,0.0004442999997991137,0.025955305998650147,0.037412632002087776,2007-08-16 00:00:00,2025-03-06 00:00:00,4334 days 00:00:00,100000.0,93680.277092,-6.319723,651.926579,100.0,2232.089824,30.882769,3045 days 00:00:00,10,10,0,0.0,30.0,16.360399,-8.80919,15.529069,-6.861806,39 days 00:00:00,26 days 17:08:34,0.884775,-631.972291,-0.018869,-0.017754,0.989496,-0.027568
IOLCP,Success,0.003104982002696488,0.006125719999545254,0.00044370499745127745,0.025830269001744455,0.03564102199743502,2010-11-08 00:00:00,2025-03-06 00:00:00,3413 days 00:00:00,100000.0,150968.052294,50.968052,524.007198,100.0,2668.02316,35.828664,1040 days 00:00:00,9,9,0,0.0,33.333333,43.511303,-10.1508,38.105451,-8.812996,109 days 16:00:00,10 days 08:00:00,1.600855,5663.116922,0.318182,0.125694,1.141935,0.529083
RADICO,Success,0.005025827998906607,0.005996904001221992,0.000558220999664627,0.026439244000357576,0.0381812470004661,1995-01-03 00:00:00,2025-03-07 00:00:00,6910 days 00:00:00,100000.0,875219.386403,775.219386,37641.37931,100.0,31296.591488,57.762228,4290 days 00:00:00,24,24,0,0.0,45.833333,84.925327,-22.0803,43.581986,-12.294483,83 days 21:49:05,30 days 09:13:50,1.694406,32300.807767,0.517247,0.21019,1.211763,0.836165
EIDPARRY,Success,0.005209954997553723,0.006149226999696111,0.0004872150020673871,0.025569682999048382,0.03754921300060232,1999-01-01 00:00:00,2025-03-06 00:00:00,6468 days 00:00:00,100000.0,553632.065313,453.632065,9338.466965,100.0,16762.449809,37.479836,2695 days 00:00:00,23,23,0,0.0,47.826087,57.424175,-13.770302,30.745441,-9.526838,58 days 00:00:00,22 days 02:00:00,1.964659,19723.133274,0.584067,0.270519,1.271537,0.887125
LTF,Success,0.0036226880001777317,0.006504691998998169,0.0004236529966874514,0.02549777000240283,0.03622306199758896,2011-08-12 00:00:00,2025-03-06 00:00:00,3353 days 00:00:00,100000.0,87085.30203,-12.914698,203.079419,100.0,2668.630403,38.296587,2070 days 00:00:00,15,15,0,0.0,26.666667,21.722697,-10.054579,18.438032,-7.13206,50 days 12:00:00,10 days 10:54:32,0.820781,-860.979865,-0.039867,-0.039012,0.981493,-0.054714
REGENCERAM,Success,0.0035454850003588945,0.006273397997574648,0.00044014499871991575,0.026571350001177052,0.036965685001632664,1999-01-01 00:00:00,2025-03-06 00:00:00,4533 days 00:00:00,100000.0,174214.791517,74.214792,463.125,100.0,3406.094301,47.133295,3103 days 00:00:00,10,10,0,0.0,50.0,57.201473,-19.741398,31.737702,-14.506321,22 days 00:00:00,22 days 19:12:00,1.523435,7421.479152,0.337562,0.096986,1.255457,0.559926
MANUGRAPH,Success,0.004238719000568381,0.0058475719997659326,0.0005441409994091373,0.026194505000603385,0.03697994600224774,2006-09-14 00:00:00,2025-03-06 00:00:00,4525 days 00:00:00,100000.0,273211.275874,173.211276,-92.512954,100.0,1388.840589,31.77496,2331 days 00:00:00,4,4,0,0.0,75.0,65.387311,-15.741059,48.587283,-15.741059,169 days 00:00:00,41 days 00:00:00,7.662629,43302.818968,0.504649,0.265773,1.232248,0.843498
SHIVAMAUTO,Success,0.004856944000493968,0.006104005002271151,0.00044163400161778554,0.025570238998625427,0.03711688399926061,2006-11-21 00:00:00,2025-03-07 00:00:00,4366 days 00:00:00,100000.0,323017.365087,223.017365,35.443995,100.0,5142.67884,36.793023,1765 days 00:00:00,10,10,0,0.0,50.0,68.809402,-13.6958,43.438871,-11.301605,66 days 00:00:00,13 days 09:36:00,2.350064,22301.736509,0.59084,0.279917,1.354289,1.086187
SWANENERGY,Success,0.0029591960010293406,0.006821989998570643,0.0004424480030138511,0.025481549000687664,0.035852919001627015,2012-05-29 00:00:00,2025-03-06 00:00:00,3160 days 00:00:00,100000.0,99256.55454,-0.743445,523.336816,100.0,786.761409,18.042245,1562 days 00:00:00,4,4,0,0.0,25.0,30.197195,-12.405108,30.197195,-8.609365,25 days 00:00:00,16 days 00:00:00,0.972466,-185.861365,0.02201,-0.004775,1.024247,0.034795
SEAMECLTD,Success,0.005528025998501107,0.006072929998481413,0.00044071599768358283,0.026112339000974316,0.03829439300170634,2001-08-24 00:00:00,2025-03-06 00:00:00,5743 days 00:00:00,100000.0,58877.047411,-41.122953,3387.142857,100.0,2566.132573,59.943105,4927 days 00:00:00,13,13,0,0.0,15.384615,45.042018,-14.122879,44.583142,-10.856271,34 days 00:00:00,22 days 19:38:10,0.667159,-3163.304045,-0.167808,-0.055229,0.896596,-0.284205
KOPRAN,Success,0.004984387000149582,0.006806890000007115,0.0005719149994547479,0.026014422001026105,0.038539191999007016,1994-12-01 00:00:00,2025-03-07 00:00:00,6927 days 00:00:00,100000.0,22918.297792,-77.081702,-68.403315,100.0,2288.620099,81.797812,3354 days 00:00:00,21,21,0,0.0,14.285714,47.198679,-20.561247,40.349488,-12.853215,39 days 16:00:00,22 days 13:20:00,0.430632,-3670.557248,-0.356994,-0.091312,0.823249,-0.534336
SITINET,Success,0.004168921001109993,0.006053010998584796,0.00046916499923099764,0.02530597700024373,0.03613349400256993,2007-01-10 00:00:00,2025-03-06 00:00:00,4420 days 00:00:00,100000.0,147465.284604,47.465285,-99.518472,100.0,1945.38072,48.533646,2406 days 00:00:00,7,7,0,0.0,42.857143,38.621806,-13.317218,32.398324,-10.623688,18 days 08:00:00,59 days 18:00:00,1.752193,6780.754943,0.329649,0.067161,1.210811,0.560397
IFBIND,Success,0.004894919999060221,0.006568773002072703,0.0004438010000740178,0.025885391001793323,0.03794652800206677,1999-01-01 00:00:00,2025-03-06 00:00:00,5930 days 00:00:00,100000.0,53367.996745,-46.632003,18279.2,100.0,2480.42279,58.865229,3553 days 00:00:00,18,18,0,0.0,27.777778,43.56727,-28.810526,30.554395,-13.660169,40 days 19:12:00,15 days 12:55:23,0.662156,-2590.666848,-0.138684,-0.064409,0.916266,-0.189716
ORIENTBELL,Success,0.003265865998400841,0.006326725000690203,0.0004485480021685362,0.02658532900022692,0.03676310300215846,2012-04-17 00:00:00,2025-03-06 00:00:00,3188 days 00:00:00,100000.0,436229.472261,336.229472,377.22858,100.0,1868.424245,16.357859,49 days 00:00:00,4,4,0,0.0,100.0,54.824498,35.001959,44.735704,,70 days 06:00:00,,inf,84057.368065,0.9516,1.123016,1.727928,2.148943
ARIES,Success,0.003855773000395857,0.005958817000646377,0.0005401240014180075,0.026168946002144367,0.03668616200229735,2008-01-11 00:00:00,2025-03-06 00:00:00,4142 days 00:00:00,100000.0,193230.512154,93.230512,-1.65473,100.0,4057.704908,38.197779,975 days 00:00:00,12,12,0,0.0,41.666667,46.188889,-16.615813,38.361914,-12.772148,53 days 14:24:00,29 days 06:51:25,1.566411,7769.209346,0.382458,0.156461,1.190016,0.699328
APOLLOTYRE,Success,0.005946912999206688,0.00617954799963627,0.0004423179998411797,0.02616533499895013,0.03886878099729074,1999-01-01 00:00:00,2025-03-06 00:00:00,6467 days 00:00:00,100000.0,79777.817535,-20.222182,5982.700878,100.0,2452.432731,51.200045,4792 days 00:00:00,15,15,0,0.0,26.666667,36.48935,-26.255396,29.101999,-10.480363,66 days 12:00:00,17 days 13:05:27,0.806016,-1348.145498,-0.022064,-0.024747,0.988349,-0.032526
HERITGFOOD,Success,0.004963000003044726,0.006525967000925448,0.00042345600013504736,0.025675746001070365,0.0377473779990396,1999-01-01 00:00:00,2025-03-06 00:00:00,6406 days 00:00:00,100000.0,124387.302683,24.387303,25951.133725,100.0,2799.978018,63.626511,6123 days 00:00:00,18,18,0,0.0,38.888889,35.347385,-23.622528,29.084168,-13.132049,58 days 10:17:08,35 days 06:32:43,1.200105,1354.850149,0.161412,0.019665,1.069945,0.253771
ASIANTILES,Success,0.004490268001973163,0.006060511997930007,0.00043873500180779956,0.025832733997958712,0.03695289100141963,2007-08-23 00:00:00,2025-03-06 00:00:00,4210 days 00:00:00,100000.0,59466.046328,-40.533954,-18.545504,100.0,1849.217424,64.59279,3145 days 00:00:00,10,10,0,0.0,20.0,46.60158,-19.954006,34.761737,-12.827639,30 days 12:00:00,19 days 09:00:00,0.610989,-4053.395367,-0.242459,-0.068216,0.853261,-0.318214
UTTAMSUGAR,Success,0.0043809070011775475,0.005835186002514092,0.0005409599980339408,0.025765148999198573,0.03666496799996821,2006-04-10 00:00:00,2025-03-06 00:00:00,4589 days 00:00:00,100000.0,108727.672877,8.727673,-51.205306,100.0,2112.402349,46.442479,1816 days 00:00:00,12,12,0,0.0,33.333333,45.783211,-15.861521,34.20044,-12.592944,26 days 06:00:00,43 days 06:00:00,1.094328,727.306073,0.123304,0.014378,1.059703,0.20193
JINDALPOLY,Success,0.005337978000170551,0.006058939998183632,0.00045799699728377163,0.02567183599967393,0.037655809999705525,1999-01-01 00:00:00,2025-03-06 00:00:00,6038 days 00:00:00,100000.0,147006.28201,47.006282,4753.277154,100.0,2356.470894,36.495387,2371 days 00:00:00,13,13,0,0.0,38.461538,43.27195,-15.068614,28.152196,-9.936698,55 days 04:48:00,22 days 12:00:00,1.638547,3615.867847,0.233198,0.064571,1.154141,0.361207
ABB,Success,0.005055038000136847,0.006500174000393599,0.0004690220011980273,0.0262417239973729,0.038457235001260415,1999-01-01 00:00:00,2025-03-06 00:00:00,6469 days 00:00:00,100000.0,499946.902478,399.946902,5836.045553,100.0,14199.501272,37.484347,2878 days 00:00:00,24,24,0,0.0,50.0,39.843357,-10.14346,24.235691,-7.81173,57 days 06:00:00,23 days 16:00:00,2.321536,16664.45427,0.684073,0.253582,1.31949,1.195018
HERCULES,Success,0.004618579001544276,0.006212691001564963,0.00046182799997041,0.026254718002746813,0.03769311799987918,2008-02-20 00:00:00,2025-03-06 00:00:00,4207 days 00:00:00,100000.0,216673.605656,116.673606,268.878776,100.0,3227.205298,21.532686,1152 days 00:00:00,8,8,0,0.0,50.0,58.747052,-12.911433,35.963781,-10.317303,73 days 18:00:00,14 days 00:00:00,2.241987,14584.200707,0.453428,0.322237,1.300496,0.942164
GODREJCP,Success,0.004656802000681637,0.005852752001374029,0.0005439269989437889,0.026272612001775997,0.03747575500165112,2001-06-20 00:00:00,2025-03-06 00:00:00,5852 days 00:00:00,100000.0,127845.618903,27.845619,24513.185973,100.0,5220.392375,50.827614,4644 days 00:00:00,17,17,0,0.0,35.294118,34.631037,-11.397086,22.358217,-8.286426,43 days 04:00:00,29 days 13:05:27,1.182558,1637.977583,0.180387,0.030377,1.094622,0.283495
BGRENERGY,Success,0.0038819360015622806,0.005962947001535213,0.0004349670016381424,0.025694554002257064,0.036107790998357814,2008-01-03 00:00:00,2025-03-06 00:00:00,4243 days 00:00:00,100000.0,82981.566023,-17.018434,-91.268512,100.0,2486.85606,57.773454,3568 days 00:00:00,9,9,0,0.0,22.222222,57.344555,-16.629424,38.894692,-11.08464,19 days 12:00:00,39 days 13:42:51,0.840098,-1890.937109,-0.026493,-0.027556,0.985856,-0.039152
NOCIL,Success,0.005075953999039484,0.006550485999468947,0.00042407599903526716,0.02568915499796276,0.03787838400239707,1999-01-01 00:00:00,2025-03-06 00:00:00,6369 days 00:00:00,100000.0,821241.799813,721.2418,692.875,100.0,16395.629564,37.867539,1972 days 00:00:00,18,18,0,0.0,61.111111,58.979118,-25.661937,34.252697,-14.006021,47 days 13:05:27,29 days 20:34:17,2.558034,40068.988878,0.667137,0.338694,1.362186,1.260677
GAYAPROJ,Success,0.002953964998596348,0.005930915998760611,0.0004270409990567714,0.025462031000643037,0.03490502199929324,2011-08-22 00:00:00,2025-03-06 00:00:00,3175 days 00:00:00,100000.0,50393.746527,-49.606253,-71.884762,100.0,1121.780405,54.727081,3022 days 00:00:00,8,8,0,0.0,12.5,30.688832,-18.202192,30.688832,-12.691991,79 days 00:00:00,15 days 20:34:17,0.254642,-6200.781684,-0.456087,-0.138431,0.750797,-0.632655
KOLTEPATIL,Success,0.003820036999968579,0.005896015998587245,0.0005384260002756491,0.025785309997445438,0.03618503599864198,2007-12-13 00:00:00,2025-03-06 00:00:00,4256 days 00:00:00,100000.0,62274.722061,-37.725278,55.858828,100.0,1315.957926,44.971895,2459 days 00:00:00,8,8,0,0.0,12.5,43.982525,-13.946398,43.982525,-11.276955,77 days 00:00:00,59 days 06:51:25,0.444089,-4715.659742,-0.138061,-0.088508,0.942932,-0.197024
ALLCARGO,Success,0.005232974002865376,0.006155314000352519,0.00045497400060412474,0.025514031996863196,0.037489181999262655,2006-06-23 00:00:00,2025-03-06 00:00:00,4621 days 00:00:00,100000.0,53453.960801,-46.546039,146.636498,100.0,2091.979702,57.429307,2482 days 00:00:00,12,12,0,0.0,16.666667,32.70536,-23.982811,31.837235,-10.980775,74 days 12:00:00,23 days 14:24:00,0.531246,-3878.8366,-0.327905,-0.084051,0.826036,-0.434714
PCJEWELLER,Success,0.002755346999038011,0.006490036001196131,0.00042203300108667463,0.02475301699814736,0.03466029599803733,2012-12-27 00:00:00,2025-03-06 00:00:00,3016 days 00:00:00,100000.0,60277.696716,-39.722303,59.24933,100.0,1866.387361,63.502407,1139 days 00:00:00,9,9,0,0.0,22.222222,31.665353,-14.461232,27.546876,-13.212852,36 days 12:00:00,31 days 00:00:00,0.59351,-4413.589254,-0.217841,-0.093576,0.909845,-0.293586
SSWL,Success,0.005428109001513803,0.006397312001354294,0.0005331829997885507,0.026667456000723178,0.039172552002128214,2005-06-06 00:00:00,2025-03-06 00:00:00,4827 days 00:00:00,100000.0,124128.981979,24.128982,1274.815497,100.0,2303.307984,44.397114,2821 days 00:00:00,13,13,0,0.0,38.461538,38.750803,-21.138358,29.938781,-12.57704,38 days 09:36:00,29 days 12:00:00,1.268642,1856.075537,0.188285,0.037117,1.102191,0.277193
AUTOAXLES,Success,0.005409999001130927,0.0059962400009681005,0.0005672450024576392,0.026840065998840146,0.03896294099831721,1995-03-23 00:00:00,2025-03-06 00:00:00,6607 days 00:00:00,100000.0,115618.380214,15.61838,3875.714286,100.0,3063.483843,43.528771,5442 days 00:00:00,13,13,0,0.0,30.769231,38.773775,-13.864022,34.416471,-10.856369,61 days 00:00:00,36 days 08:00:00,1.129283,1201.413863,0.130991,0.018493,1.071322,0.209518
ANDHRSUGAR,Success,0.005280459001369309,0.006106482000177493,0.0004559219996735919,0.025963352996768663,0.03794973299955018,1999-01-04 00:00:00,2025-03-06 00:00:00,6263 days 00:00:00,100000.0,43901.274127,-56.098726,1153.859348,100.0,2406.209757,63.615459,5314 days 00:00:00,22,22,0,0.0,22.727273,43.902249,-18.535792,29.592711,-11.61493,19 days 09:36:00,24 days 05:38:49,0.535956,-2549.942085,-0.215843,-0.073636,0.889704,-0.312096
KITEX,Success,0.003625306999310851,0.006497554000816308,0.0004236090026097372,0.025500796997221187,0.03620290099934209,2012-09-25 00:00:00,2025-03-06 00:00:00,3078 days 00:00:00,100000.0,97041.880934,-2.958119,1039.261393,100.0,1427.886023,35.162523,1334 days 00:00:00,8,8,0,0.0,37.5,35.744192,-17.113082,26.854107,-13.693576,36 days 16:00:00,34 days 09:36:00,0.95519,-369.764883,0.067025,-0.010109,1.034269,0.102139
TAKE,Success,0.004840473000513157,0.006102340998040745,0.00043766500311903656,0.026246240002365084,0.037758606998977484,2007-08-27 00:00:00,2025-03-06 00:00:00,4332 days 00:00:00,100000.0,179592.535059,79.592535,-89.4266,100.0,3060.353768,44.94386,2284 days 00:00:00,8,8,0,0.0,37.5,61.230001,-20.264782,52.07116,-12.315277,59 days 08:00:00,23 days 14:24:00,1.610006,9949.066882,0.366818,0.112521,1.241393,0.671733
GINNIFILA,Success,0.004314951002015732,0.0058497060017543845,0.0005587729974649847,0.027016684001864633,0.03788139500102261,1999-01-01 00:00:00,2025-03-06 00:00:00,5894 days 00:00:00,100000.0,249470.77516,149.470775,357.6,100.0,3949.793502,67.320516,2506 days 00:00:00,15,15,0,0.0,46.666667,71.379901,-38.617009,44.150091,-17.787558,44 days 13:42:51,20 days 00:00:00,1.807087,9964.718344,0.34365,0.08652,1.208418,0.606118
IL&FSTRANS,Success,0.004492313997616293,0.006161479999718722,0.0005000689998269081,0.025533651998557616,0.036820328001340386,2010-04-16 00:00:00,2025-03-06 00:00:00,3690 days 00:00:00,100000.0,52700.771039,-47.299229,-98.745166,100.0,868.376753,47.299229,2995 days 00:00:00,6,6,0,0.0,0.0,-6.370165,-15.093911,,-10.080126,,17 days 12:00:00,0.0,-7883.204827,-0.838176,-0.1298,0.52095,-1.025284
NHPC,Success,0.0031112709984881803,0.006449660999351181,0.00043712399929063395,0.026345412003138335,0.0365755300008459,2009-09-01 00:00:00,2025-03-06 00:00:00,3838 days 00:00:00,100000.0,120127.327718,20.127328,110.911565,100.0,2555.459716,22.683193,1886 days 00:00:00,14,14,0,0.0,28.571429,38.364705,-10.774548,23.868609,-6.393451,62 days 18:00:00,25 days 02:24:00,1.33537,1437.666266,0.204239,0.077559,1.087983,0.320646
JAIBALAJI,Success,0.00500700699922163,0.005941204999544425,0.00045149699872126803,0.025801919000514317,0.03736004600068554,2007-08-31 00:00:00,2025-03-06 00:00:00,4327 days 00:00:00,100000.0,64385.268104,-35.614732,299.411457,100.0,1110.856307,41.944803,3709 days 00:00:00,7,7,0,0.0,14.285714,48.088181,-15.383474,48.088181,-12.9589,21 days 00:00:00,25 days 16:00:00,0.460544,-5087.818842,-0.322496,-0.08692,0.805263,-0.436744
ZEELEARN,Success,0.0033834960013336968,0.005931820000114385,0.0005397130007622764,0.025147530999674927,0.03515459000118426,2011-01-03 00:00:00,2025-03-06 00:00:00,3488 days 00:00:00,100000.0,73506.073275,-26.493927,-78.108108,100.0,1263.073216,44.954572,2988 days 00:00:00,8,8,0,0.0,12.5,33.255098,-11.936387,33.255098,-8.124894,41 days 00:00:00,21 days 17:08:34,0.436418,-3311.740841,-0.284104,-0.070508,0.810366,-0.356444
VARDHACRLC,Success,0.005602684002951719,0.0062083960001473315,0.0004616410005837679,0.024738768999668537,0.03715047100195079,2003-09-30 00:00:00,2025-03-06 00:00:00,5226 days 00:00:00,100000.0,230958.69448,130.958694,285.315315,100.0,2659.853683,38.358543,1145 days 00:00:00,8,8,0,0.0,50.0,57.575217,-15.180332,40.296208,-11.741793,157 days 00:00:00,56 days 12:00:00,2.61544,16369.83681,0.393766,0.156957,1.171865,0.65489
RELIGARE,Success,0.005064064000180224,0.006438667998736491,0.0004288890013413038,0.024565099000028567,0.036640522001107456,2007-11-21 00:00:00,2025-03-06 00:00:00,4272 days 00:00:00,100000.0,66342.381461,-33.657619,-51.884356,100.0,1286.454489,47.973503,3746 days 00:00:00,9,9,0,0.0,22.222222,31.018997,-13.969652,24.756203,-11.39455,15 days 00:00:00,21 days 17:08:34,0.450623,-3739.735393,-0.210192,-0.071815,0.858081,-0.301905
BHARATRAS,Success,0.005440175002149772,0.006610307998926146,0.00046804500016150996,0.025541199000144843,0.03823918299895013,1999-01-04 00:00:00,2025-03-06 00:00:00,5346 days 00:00:00,100000.0,356505.54473,256.505545,44840.042827,100.0,6435.160183,46.48447,2284 days 00:00:00,17,17,0,0.0,52.941176,42.199606,-21.107564,32.268918,-14.193061,51 days 02:40:00,9 days 18:00:00,2.290516,15088.561455,0.539868,0.19505,1.318162,0.924541
HEXATRADEX,Success,0.003653861000202596,0.0059795299966936,0.0005387640012486372,0.025053211000340525,0.03537108599994099,2012-04-27 00:00:00,2025-03-06 00:00:00,3179 days 00:00:00,100000.0,92587.853448,-7.412147,181.005594,100.0,1095.099785,58.503937,3010 days 00:00:00,7,7,0,0.0,28.571429,47.43523,-15.201042,41.614069,-14.291615,10 days 00:00:00,22 days 09:36:00,0.877035,-1058.878079,-0.011027,-0.015047,0.993239,-0.016449
JAYNECOIND,Success,0.004087983001227258,0.006337246999464696,0.0004521510018093977,0.024341664000530727,0.035343149000254925,2008-02-22 00:00:00,2025-03-06 00:00:00,4159 days 00:00:00,100000.0,103038.06524,3.038065,-30.020246,100.0,953.077813,49.697445,2592 days 00:00:00,6,6,0,0.0,33.333333,47.849419,-19.58333,41.816171,-15.318059,18 days 12:00:00,19 days 18:00:00,1.057951,506.344207,0.081551,0.005292,1.069521,0.113902
LOKESHMACH,Success,0.004855161998420954,0.0070193449973885436,0.0004342700012784917,0.024487315000442322,0.03691415800130926,2006-05-05 00:00:00,2025-03-06 00:00:00,4618 days 00:00:00,100000.0,133408.565078,33.408565,-31.367631,100.0,2858.82707,53.032985,2363 days 00:00:00,11,11,0,0.0,36.363636,65.410224,-16.633816,40.57564,-13.921028,49 days 00:00:00,32 days 20:34:17,1.243848,3037.14228,0.214453,0.043452,1.109342,0.355422
PRAKASHSTL,Success,0.0032227249976131134,0.006884394999360666,0.0004568580006889533,0.025369643000885844,0.03606392800065805,2010-08-25 00:00:00,2025-03-06 00:00:00,3376 days 00:00:00,100000.0,71762.87272,-28.237127,-63.096844,100.0,347.561782,39.933325,2268 days 00:00:00,2,2,0,0.0,0.0,-12.098687,-18.389321,,-15.244004,,121 days 00:00:00,0.0,-14118.56364,-0.159915,-0.088241,0.913918,-0.263469
GRAVITA,Success,0.0029108050002832897,0.006738991000020178,0.0007218250029836781,0.02489567900192924,0.035387050000281306,2010-11-16 00:00:00,2025-03-06 00:00:00,3539 days 00:00:00,100000.0,250072.057769,150.072058,3966.762041,100.0,2630.028389,18.715039,295 days 00:00:00,9,9,0,0.0,55.555556,42.494582,-13.525484,32.896906,-11.740467,33 days 19:12:00,23 days 06:00:00,3.240838,16674.673085,0.668751,0.529762,1.486062,1.451508
RANASUG,Success,0.003633658001490403,0.005815895998239284,0.0006642719999945257,0.025561607999406988,0.035798593002255075,2005-02-24 00:00:00,2025-03-06 00:00:00,4953 days 00:00:00,100000.0,30890.189922,-69.10981,-44.305341,100.0,815.701742,71.768023,4798 days 00:00:00,7,7,0,0.0,0.0,-12.003989,-22.264662,,-15.39921,,39 days 03:25:42,0.0,-9872.830011,-0.617085,-0.11555,0.691646,-0.817935
TORNTPOWER,Success,0.0036331360024632886,0.006842554001195822,0.0005680430003849324,0.025093209998885868,0.036260906999814324,2006-11-28 00:00:00,2025-03-06 00:00:00,4517 days 00:00:00,100000.0,189824.627984,89.824628,1768.802817,100.0,2847.228478,47.510226,3853 days 00:00:00,13,13,0,0.0,53.846154,29.55353,-27.628837,21.65113,-10.995886,35 days 13:42:51,14 days 16:00:00,2.231024,6909.586768,0.438683,0.111882,1.288302,0.670685
GODREJIND,Success,0.0038773320011387113,0.005926071997237159,0.00047427499885088764,0.026265197000611806,0.03667974899872206,2003-02-25 00:00:00,2025-03-06 00:00:00,5452 days 00:00:00,100000.0,276094.080811,176.094081,43915.119522,100.0,7006.750143,33.644071,2076 days 00:00:00,15,15,0,0.0,40.0,54.978992,-13.577182,36.835952,-8.776337,41 days 00:00:00,37 days 10:40:00,1.925846,11739.605387,0.514757,0.209116,1.269526,0.914388
INDUSINDBK,Success,0.0044848889992863405,0.005584799000644125,0.000580945001274813,0.025804982000408927,0.03658047299904865,1998-01-29 00:00:00,2025-03-06 00:00:00,6697 days 00:00:00,100000.0,132624.545239,32.624545,2194.451086,100.0,2970.329145,43.555533,2503 days 00:00:00,13,13,0,0.0,30.769231,73.32827,-13.877576,33.48518,-8.588584,101 days 18:00:00,20 days 08:00:00,1.36628,2509.580403,0.177994,0.035605,1.09629,0.281918
PETRONET,Success,0.004185359000985045,0.005646407000313047,0.0004873430007137358,0.025350405998324277,0.03579549699861673,2004-03-26 00:00:00,2025-03-06 00:00:00,5183 days 00:00:00,100000.0,103460.246707,3.460247,3840.614334,100.0,2375.375237,52.659938,4767 days 00:00:00,17,17,0,0.0,35.294118,28.05368,-20.228329,20.191965,-9.094654,78 days 20:00:00,33 days 21:49:05,1.046615,203.543924,0.088452,0.004555,1.033934,0.119858
OIL,Success,0.0035849430023517925,0.006402546998288017,0.00042008200034615584,0.025243324002076406,0.035776011001871666,2009-09-30 00:00:00,2025-03-06 00:00:00,3819 days 00:00:00,100000.0,77821.360946,-22.178639,144.611425,100.0,1545.256514,48.467406,3330 days 00:00:00,10,10,0,0.0,20.0,34.432208,-14.855861,25.024284,-8.23903,39 days 12:00:00,23 days 18:00:00,0.58453,-2217.863905,-0.180391,-0.048859,0.898369,-0.237813
EUROTEXIND,Success,0.0037463190019479953,0.0058222530024067964,0.00044008199984091334,0.02685279900106252,0.03699633200085373,1999-01-04 00:00:00,2025-03-06 00:00:00,5140 days 00:00:00,100000.0,30270.997206,-69.729003,-12.5,100.0,1704.93942,79.980252,3802 days 00:00:00,15,15,0,0.0,13.333333,150.168178,-27.101267,97.489034,-17.246092,21 days 12:00:00,28 days 07:23:04,0.539494,-4648.600186,-0.112499,-0.101721,0.920108,-0.232741
KPRMILL,Success,0.00376451900228858,0.005699624998669606,0.0005273530005069915,0.16628315699927043,0.17645521099984762,2007-08-28 00:00:00,2025-03-06 00:00:00,4329 days 00:00:00,100000.0,355711.864366,255.711864,4944.489093,100.0,5914.17776,30.609673,1316 days 00:00:00,17,17,0,0.0,47.058824,50.413471,-13.618171,30.620816,-8.950003,58 days 03:00:00,19 days 21:20:00,2.999653,15041.874374,0.665893,0.368919,1.292541,1.10258
FSL,Success,0.0039310510001087096,0.005811666000226978,0.000441467000200646,0.026042811998195248,0.036370629000884946,2007-02-22 00:00:00,2025-03-06 00:00:00,4460 days 00:00:00,100000.0,128659.144197,28.659144,346.888732,100.0,2216.794473,34.064647,1645 days 00:00:00,11,10,1,-221.18349,40.0,36.069244,-16.431192,26.865277,-10.846959,25 days 12:00:00,18 days 08:00:00,1.395373,2888.032769,0.232781,0.061169,1.147749,0.342401
KCPSUGIND,Success,0.004676896998716984,0.006479773997853044,0.00043840099897352047,0.025654888999270042,0.03738453200276126,1999-01-01 00:00:00,2025-03-06 00:00:00,6109 days 00:00:00,100000.0,152577.766642,52.577767,1118.666667,100.0,4041.537206,51.30746,3693 days 00:00:00,14,14,0,0.0,35.714286,104.645752,-19.257587,49.173072,-15.269981,74 days 09:36:00,32 days 05:20:00,1.245306,3755.55476,0.222876,0.049827,1.110187,0.358759
KAVVERITEL,Success,0.0032888650021050125,0.005852919999597361,0.00042756099719554186,0.025683816998935072,0.0354336010022962,2008-01-29 00:00:00,2025-03-07 00:00:00,3788 days 00:00:00,100000.0,67955.143588,-32.044856,-82.0,100.0,824.773606,54.392108,3453 days 00:00:00,6,6,0,0.0,16.666667,49.566922,-19.862353,49.566922,-14.461985,19 days 00:00:00,18 days 19:12:00,0.42643,-5340.809402,-0.306449,-0.06718,0.794634,-0.405243
UNITEDTEA,Success,0.0033677639985398855,0.0060133190017950255,0.0004386750006233342,0.025714922998304246,0.03567186799773481,2010-01-08 00:00:00,2025-03-06 00:00:00,3377 days 00:00:00,100000.0,106406.897221,6.406897,45.659346,100.0,828.52517,34.768042,2562 days 00:00:00,5,5,0,0.0,40.0,30.846698,-17.588566,27.423646,-13.057081,56 days 12:00:00,5 days 16:00:00,1.186301,1281.379444,0.119306,0.01937,1.098076,0.17309
INDTERRAIN,Success,0.00294826500248746,0.005969792000541929,0.0004243379989929963,0.026094913002452813,0.03563915799895767,2011-03-25 00:00:00,2025-03-07 00:00:00,3325 days 00:00:00,100000.0,121854.868845,21.854869,167.655356,100.0,1094.43417,25.282891,1759 days 00:00:00,4,4,0,0.0,50.0,27.802747,-16.218138,27.733757,-13.532843,56 days 12:00:00,4 days 00:00:00,1.530028,5463.717211,0.279532,0.086759,1.253654,0.433072
NELCAST,Success,0.00477648200103431,0.005964388998108916,0.0004553700018732343,0.026489474999834783,0.03784056299991789,2007-06-27 00:00:00,2025-03-07 00:00:00,4375 days 00:00:00,100000.0,221089.356178,121.089356,119.676864,100.0,2535.74551,27.269254,780 days 00:00:00,7,7,0,0.0,57.142857,50.013159,-14.745773,33.550777,-11.034105,47 days 12:00:00,57 days 00:00:00,2.743493,17298.479454,0.478792,0.250949,1.263416,0.819243
PIIND,Success,0.0029193249974923674,0.006459098996856483,0.0004239070003677625,0.025325264999992214,0.03526528699876508,2011-06-15 00:00:00,2025-03-06 00:00:00,3391 days 00:00:00,100000.0,119129.921982,19.129922,4410.078396,100.0,3394.820954,29.589836,2425 days 00:00:00,13,13,0,0.0,30.769231,28.697313,-11.216967,24.160226,-7.354812,71 days 18:00:00,38 days 05:20:00,1.212258,1471.53246,0.194377,0.064279,1.068479,0.277247
BLKASHYAP,Success,0.005494592001923593,0.006375809000019217,0.00045318699994822964,0.026021570000011707,0.03849101200103178,2006-03-17 00:00:00,2025-03-06 00:00:00,4690 days 00:00:00,100000.0,117523.087074,17.523087,38.456817,100.0,2444.228708,61.346969,3558 days 00:00:00,11,11,0,0.0,36.363636,55.207157,-27.445455,41.685733,-15.864861,30 days 12:00:00,16 days 20:34:17,1.129004,1593.007916,0.158706,0.020613,1.108324,0.238975
CCL,Success,0.005270220000966219,0.006067218000680441,0.0005737360006605741,0.02678536600069492,0.03884829399976297,2004-06-07 00:00:00,2025-03-06 00:00:00,5080 days 00:00:00,100000.0,230646.436769,130.646437,8796.946565,100.0,6043.854442,32.059195,2327 days 00:00:00,14,14,0,0.0,42.857143,36.489114,-13.636402,31.586465,-9.565162,70 days 08:00:00,50 days 06:00:00,1.712717,9331.888341,0.412421,0.193036,1.162307,0.690545
KOTHARIPRO,Success,0.0057076340017374605,0.006165762999444269,0.0004447799983609002,0.025738025000464404,0.038196043999050744,1999-01-01 00:00:00,2025-03-06 00:00:00,6387 days 00:00:00,100000.0,122055.738375,22.055738,445.984699,100.0,1806.457883,46.457627,4625 days 00:00:00,8,8,0,0.0,37.5,40.869588,-20.97055,33.262742,-12.106216,41 days 08:00:00,16 days 09:36:00,1.29465,2756.967297,0.152167,0.024657,1.138885,0.251168
TATACOMM,Success,0.005475090998515952,0.006672289000562159,0.0004834589999518357,0.026024383998446865,0.038830040000902954,1994-11-03 00:00:00,2025-03-06 00:00:00,6906 days 00:00:00,100000.0,201594.130025,101.59413,577.029911,100.0,4614.556007,44.320562,3525 days 00:00:00,20,20,0,0.0,40.0,34.672078,-14.045294,25.388057,-8.729884,57 days 00:00:00,30 days 10:00:00,1.823142,5079.706501,0.326533,0.085173,1.148558,0.526457
RUPA,Success,0.0032361829980800394,0.005927310001425212,0.0005444819980766624,0.02881410599729861,0.03870044400173356,2011-12-07 00:00:00,2025-03-06 00:00:00,3143 days 00:00:00,100000.0,55460.972395,-44.539028,32.390719,100.0,1507.648368,46.402125,3028 days 00:00:00,10,10,0,0.0,10.0,29.466024,-10.964496,29.466024,-8.987661,35 days 00:00:00,16 days 08:00:00,0.301283,-4453.90276,-0.627177,-0.142596,0.67368,-0.8562
AUTOIND,Success,0.00468141400051536,0.006005418999848189,0.0005464089990709908,0.02680723199955537,0.038173175998963416,2007-01-31 00:00:00,2025-03-06 00:00:00,4347 days 00:00:00,100000.0,136276.426163,36.276426,-69.858058,100.0,2094.937101,54.621254,3202 days 00:00:00,10,10,0,0.0,40.0,46.998325,-24.773187,37.945445,-14.730392,51 days 12:00:00,21 days 20:00:00,1.376227,3627.642616,0.228215,0.048204,1.130486,0.351377
SANGAMIND,Success,0.004661476999899605,0.005863926999154501,0.0005386160009948071,0.025819295999099268,0.03703038100138656,1996-07-25 00:00:00,2025-03-06 00:00:00,6023 days 00:00:00,100000.0,387118.868359,287.118868,3380.979181,100.0,9985.592338,40.279174,1951 days 00:00:00,18,18,0,0.0,44.444444,57.857156,-18.331381,40.342336,-12.395551,39 days 09:00:00,55 days 19:12:00,1.80288,15951.048242,0.492478,0.212232,1.225073,0.841313
NCC,Success,0.005486517999088392,0.006586690000403905,0.00044533199979923666,0.026252897001540987,0.03890541500004474,1995-08-24 00:00:00,2025-03-06 00:00:00,7312 days 00:00:00,100000.0,432853.513434,332.853513,1772.091157,100.0,9200.953283,65.838908,3456 days 00:00:00,22,22,0,0.0,45.454545,58.407216,-23.548654,37.348599,-12.92612,42 days 12:00:00,59 days 04:00:00,1.941422,15129.705156,0.420356,0.115255,1.171137,0.691827
MADRASFERT,Success,0.004433433001395315,0.005863145001058001,0.000439641997218132,0.026447552001627628,0.03731316999983392,1999-01-04 00:00:00,2025-03-06 00:00:00,5893 days 00:00:00,100000.0,81349.117442,-18.650883,800.848485,100.0,2707.691905,52.310068,5722 days 00:00:00,16,16,0,0.0,31.25,55.771643,-24.195124,40.80777,-15.79391,39 days 00:00:00,35 days 06:32:43,0.882918,-1165.68016,0.056166,-0.024286,1.028893,0.094207
INDIANHUME,Success,0.004486330999498023,0.006210306000866694,0.0005654419983329717,0.026823579999472713,0.03821733099903213,1995-05-19 00:00:00,2025-03-06 00:00:00,5796 days 00:00:00,100000.0,165497.621305,65.497621,5506.688002,100.0,4527.624475,41.587005,2044 days 00:00:00,17,17,0,0.0,35.294118,43.535263,-16.501828,33.568411,-10.463706,50 days 16:00:00,26 days 19:38:10,1.403703,3852.801253,0.264154,0.077511,1.134626,0.446733
IVC,Success,0.005269230998237617,0.005847514999913983,0.0006045310001354665,0.026008450997323962,0.037869345000217436,1999-09-15 00:00:00,2025-03-06 00:00:00,6137 days 00:00:00,100000.0,75751.099707,-24.2489,1218.930166,100.0,2012.239354,55.354705,4862 days 00:00:00,13,13,0,0.0,30.769231,43.874059,-26.397673,38.77863,-15.944215,39 days 06:00:00,27 days 10:40:00,0.799235,-1865.300023,-0.010129,-0.029594,0.994333,-0.015006
PAISALO,Success,0.0038031559997762088,0.00650567100092303,0.0004343009968579281,0.025834610001766123,0.03671741899961489,2009-06-16 00:00:00,2025-03-06 00:00:00,3881 days 00:00:00,100000.0,248678.71024,148.67871,1708.55676,100.0,4800.658092,40.085211,1492 days 00:00:00,13,13,0,0.0,53.846154,63.542927,-24.045394,34.957614,-16.949563,67 days 03:25:42,34 days 08:00:00,1.682499,11436.823865,0.484679,0.22316,1.220654,0.885261
ALKALI,Success,0.003986896997957956,0.006028343999787467,0.0005274479990475811,0.025812529001996154,0.03649425900221104,2008-11-06 00:00:00,2025-03-06 00:00:00,4035 days 00:00:00,100000.0,80182.272869,-19.817727,-51.666664,100.0,1222.721657,46.521797,3757 days 00:00:00,8,8,0,0.0,25.0,40.931681,-16.763952,38.495728,-13.502636,40 days 00:00:00,16 days 12:00:00,0.706423,-2477.215891,-0.069786,-0.04252,0.948992,-0.118964
PLASTIBLEN,Success,0.004472663000342436,0.005854306997207459,0.0005467660012072884,0.026533410000411095,0.03754208300233586,2006-12-28 00:00:00,2025-03-06 00:00:00,4231 days 00:00:00,100000.0,123696.87379,23.696874,323.117371,100.0,2860.814468,32.69596,1671 days 00:00:00,12,12,0,0.0,33.333333,42.441121,-14.148895,31.560254,-10.354018,88 days 00:00:00,19 days 18:00:00,1.225752,1974.739483,0.193518,0.056629,1.088154,0.300712
SHILPAMED,Success,0.0037014449990238063,0.00575929199840175,0.0004376300021249335,0.026066504997288575,0.03610385599677102,2009-12-03 00:00:00,2025-03-06 00:00:00,3773 days 00:00:00,100000.0,57625.696788,-42.374303,920.226256,100.0,2690.738479,59.664164,2459 days 00:00:00,14,14,0,0.0,21.428571,29.204419,-13.742065,25.130056,-10.495523,33 days 16:00:00,42 days 02:10:54,0.626112,-3026.735944,-0.199824,-0.087031,0.927383,-0.296051
SIMPLEXINF,Success,0.003947395001887344,0.006545102001837222,0.0004195690016786102,0.026280525999027304,0.037323985001421534,2005-12-21 00:00:00,2025-03-06 00:00:00,4746 days 00:00:00,100000.0,348882.918929,248.882919,-7.897202,100.0,5291.888602,34.719896,1179 days 00:00:00,16,16,0,0.0,50.0,48.575154,-21.3962,35.639681,-13.480162,33 days 09:00:00,13 days 12:00:00,2.47835,15555.182433,0.697456,0.290523,1.391043,1.117475
RML,Success,0.004281997997168219,0.005900521999137709,0.0005786889996670652,0.027045655999245355,0.037937426001008134,2005-08-30 00:00:00,2025-03-06 00:00:00,4711 days 00:00:00,100000.0,175041.47533,75.041475,496.942615,100.0,4821.928443,25.210987,1328 days 00:00:00,14,14,0,0.0,35.714286,63.913752,-14.856996,36.782435,-10.294293,36 days 14:24:00,16 days 21:20:00,1.453621,5360.105381,0.349039,0.17584,1.249869,0.637566
DYNAMATECH,Success,0.003928979000193067,0.005923769997025374,0.0005527970024559181,0.027059860000008484,0.03763119599898346,2006-09-14 00:00:00,2025-03-06 00:00:00,4402 days 00:00:00,100000.0,346458.201826,246.458202,458.750967,100.0,3495.065535,29.933877,356 days 00:00:00,9,8,1,-9155.807168,75.0,38.789496,-13.759643,29.458062,-12.718472,45 days 16:00:00,4 days 12:00:00,6.284619,31951.751124,0.59524,0.362555,1.312717,1.12906
TI,Success,0.0033618910019868053,0.005832070997712435,0.00043939299939665943,0.02518307900027139,0.03496542499851785,2010-07-16 00:00:00,2025-03-06 00:00:00,3625 days 00:00:00,100000.0,115238.571452,15.238571,339.267175,100.0,1735.546965,64.144975,3115 days 00:00:00,12,12,0,0.0,33.333333,44.844714,-13.317213,32.736927,-11.567733,37 days 06:00:00,29 days 18:00:00,1.225969,1269.880954,0.167102,0.022424,1.076407,0.28496
SHREERAMA,Success,0.0067902070004493,0.007109053000021959,0.0004555160012387205,0.025546261000272352,0.0400333919969853,2000-03-21 00:00:00,2025-03-06 00:00:00,5695 days 00:00:00,100000.0,39087.478817,-60.912521,-63.153004,100.0,1956.651535,72.86206,5246 days 00:00:00,19,19,0,0.0,26.315789,51.30608,-35.435383,37.797182,-16.166747,97 days 04:48:00,41 days 15:25:42,0.564091,-3205.922168,-0.065655,-0.080191,0.977978,-0.10133
BANKINDIA,Success,0.007620085001690313,0.007650330000615213,0.0005896110014873557,0.026115616998140467,0.04224585100018885,1999-01-01 00:00:00,2025-03-06 00:00:00,6469 days 00:00:00,100000.0,27011.739497,-72.988261,335.2,100.0,2678.250009,73.022312,4799 days 00:00:00,20,20,0,0.0,15.0,30.457991,-16.28826,26.117348,-11.092545,15 days 00:00:00,25 days 02:49:24,0.4343,-3649.413025,-0.416319,-0.097492,0.796762,-0.547996
ABREL,Success,0.006038243998773396,0.006152645000838675,0.0005388919998949859,0.026297607000742573,0.039270784000109416,1999-01-01 00:00:00,2025-03-07 00:00:00,6469 days 00:00:00,100000.0,162192.09788,62.192098,24240.682218,100.0,6115.947181,48.062281,1803 days 00:00:00,21,21,0,0.0,33.333333,54.658914,-19.626591,34.598604,-10.497171,47 days 03:25:42,19 days 12:00:00,1.279962,2961.52847,0.248593,0.057555,1.122601,0.370821
STYRENIX,Success,0.005153376998350723,0.005983307000860805,0.0004670650014304556,0.02594015399881755,0.037684658000216587,2008-07-23 00:00:00,2025-03-06 00:00:00,4100 days 00:00:00,100000.0,83920.326425,-16.079674,1658.453427,100.0,1544.304755,40.98142,3738 days 00:00:00,10,10,0,0.0,30.0,30.542775,-15.346853,23.616504,-10.868848,29 days 00:00:00,35 days 17:08:34,0.749162,-1607.967357,-0.046811,-0.037786,0.976228,-0.067502
ALPHAGEO,Success,0.0042235100008838344,0.006454459999076789,0.00043961600022157654,0.025638172002800275,0.03689556500103208,2007-05-11 00:00:00,2025-03-06 00:00:00,4298 days 00:00:00,100000.0,138465.971807,38.465972,-1.471731,100.0,1360.772514,38.201575,2808 days 00:00:00,8,8,0,0.0,37.5,51.819612,-15.077909,38.455881,-12.022186,34 days 00:00:00,29 days 00:00:00,1.734016,4808.246476,0.260307,0.073359,1.196321,0.467116
TATAELXSI,Success,0.0063405549990420695,0.005746016999182757,0.0005754710000474006,0.026442258000315633,0.03925714899742161,1999-01-01 00:00:00,2025-03-06 00:00:00,6469 days 00:00:00,100000.0,1172372.50815,1072.372508,16009.428571,100.0,22274.520533,34.135472,1245 days 00:00:00,19,19,0,0.0,63.157895,66.349362,-17.261936,32.309439,-11.310124,60 days 00:00:00,36 days 10:17:08,3.092368,56440.658324,0.776125,0.436495,1.346953,1.269969
ANSALAPI,Success,0.0030437380009971093,0.0056346160017710645,0.0005518459984159563,0.02652802599914139,0.03591545300150756,2010-05-14 00:00:00,2025-03-06 00:00:00,3448 days 00:00:00,100000.0,78880.614391,-21.119386,-93.996569,100.0,1141.112402,55.526298,1548 days 00:00:00,7,7,0,0.0,28.571429,43.957496,-17.973754,37.310323,-15.935211,17 days 00:00:00,60 days 00:00:00,0.702765,-3017.055087,-0.002803,-0.044665,0.998816,-0.00424
UBL,Success,0.004308545001549646,0.006004683997161919,0.0005343299999367446,0.02540024900008575,0.03638855800090823,2008-07-28 00:00:00,2025-03-06 00:00:00,4102 days 00:00:00,100000.0,207044.582659,107.044583,1130.741741,100.0,5272.324456,29.510319,3502 days 00:00:00,15,14,1,-7583.86713,42.857143,62.852671,-11.69869,28.650886,-8.382314,47 days 12:00:00,28 days 15:00:00,1.884322,8187.746413,0.441794,0.2267,1.208631,0.779227
BAYERCROP,Success,0.003002450001076795,0.006475818998296745,0.0004331169984652661,0.025696631000755588,0.035834248999890406,2010-01-08 00:00:00,2025-03-06 00:00:00,3754 days 00:00:00,100000.0,92278.752389,-7.721248,777.554892,100.0,3070.893132,47.585562,3543 days 00:00:00,13,13,0,0.0,23.076923,41.764008,-11.675995,25.386303,-7.151454,31 days 08:00:00,26 days 19:12:00,0.912562,-593.942124,-0.004331,-0.016355,0.997915,-0.00673
INSECTICID,Success,0.0062366519996430725,0.007743507001578109,0.0005183319990464952,0.026395723998575704,0.041144128001178615,2009-05-11 00:00:00,2025-03-06 00:00:00,3918 days 00:00:00,100000.0,139224.460079,39.22446,3151.130182,100.0,4963.10139,38.682253,1809 days 00:00:00,15,15,0,0.0,33.333333,42.242472,-12.457316,26.127126,-7.801887,30 days 00:00:00,14 days 19:12:00,1.283648,2614.964005,0.284538,0.080937,1.180476,0.52245
RICOAUTO,Success,0.00768272600180353,0.007219964001706103,0.000621943996520713,0.026946838999720057,0.042670546001318144,1999-01-05 00:00:00,2025-03-06 00:00:00,6122 days 00:00:00,100000.0,283237.899423,183.237899,1792.0,100.0,7772.237266,38.748572,2328 days 00:00:00,16,16,0,0.0,43.75,45.412148,-17.540662,35.775099,-11.290843,19 days 20:34:17,28 days 05:20:00,1.620698,11452.368714,0.440171,0.165269,1.312658,0.860429
COROMANDEL,Success,0.007152976999350358,0.007466891998774372,0.00048720199993113056,0.027321597997797653,0.04276238700185786,2009-10-12 00:00:00,2025-03-06 00:00:00,3812 days 00:00:00,100000.0,128771.165052,28.771165,1519.345794,100.0,3425.278312,35.841574,1759 days 00:00:00,12,12,0,0.0,33.333333,35.202115,-9.445054,24.705087,-7.479582,57 days 00:00:00,18 days 21:00:00,1.316593,2397.597088,0.247033,0.068377,1.113084,0.372906
GSFC,Success,0.007535092001489829,0.007145407998905284,0.0004730159998871386,0.027939234001678415,0.04323788300098386,1994-12-16 00:00:00,2025-03-07 00:00:00,7402 days 00:00:00,100000.0,94349.415874,-5.650584,337.323775,100.0,3296.265799,69.661758,4642 days 00:00:00,20,20,0,0.0,25.0,76.72377,-17.405269,43.473698,-11.438373,78 days 09:36:00,21 days 11:11:59,0.963863,-282.529206,0.086412,-0.004111,1.042612,0.128278
VLSFINANCE,Success,0.005164651000086451,0.006208120998053346,0.0005909290011913981,0.030747459997655824,0.04286577099992428,1999-01-01 00:00:00,2025-03-06 00:00:00,5998 days 00:00:00,100000.0,39354.291772,-60.645708,4795.859235,100.0,3287.867649,78.626636,5703 days 00:00:00,19,19,0,0.0,21.052632,84.211865,-26.57855,51.170985,-15.493334,46 days 00:00:00,19 days 06:24:00,0.738293,-3191.87938,-0.173628,-0.070167,0.910013,-0.269166
WENDT,Success,0.004074911001225701,0.0060082559975853655,0.0005924350007262547,0.028499654999905033,0.039354366999759804,2006-08-07 00:00:00,2025-03-06 00:00:00,4324 days 00:00:00,100000.0,219128.75467,119.128755,1493.566108,100.0,4899.548892,32.365366,1479 days 00:00:00,14,14,0,0.0,42.857143,44.273896,-14.82842,29.991881,-9.230861,73 days 08:00:00,36 days 03:00:00,1.87006,8509.196762,0.444145,0.21153,1.194624,0.765549
TITAN,Success,0.005608684998151148,0.009618996999051888,0.00047600100151612423,0.027598393000516808,0.04345046500020544,1999-01-01 00:00:00,2025-03-06 00:00:00,6469 days 00:00:00,100000.0,550308.110573,450.308111,71036.182336,100.0,15554.070105,33.207336,2175 days 00:00:00,26,26,0,0.0,53.846154,48.507174,-14.538319,22.801981,-8.811423,36 days 03:25:42,26 days 20:00:00,2.535657,17319.542714,0.654768,0.304148,1.326645,1.074993
GALLANTT,Success,0.004393956001877086,0.006585519000509521,0.00044420899939723313,0.028456749001634307,0.04001529100059997,2006-04-04 00:00:00,2025-03-06 00:00:00,4513 days 00:00:00,100000.0,475874.035072,375.874035,2294.425087,100.0,8735.801446,41.477438,1005 days 00:00:00,15,14,1,36447.288421,50.0,63.14662,-17.369434,44.425959,-14.168956,72 days 13:42:51,39 days 00:00:00,2.016632,24244.767618,0.584205,0.324206,1.229068,1.029108
RAMCOCEM,Success,0.0043620739998004865,0.006212380998476874,0.0007025849990895949,0.028131268998549785,0.03954681100003654,2006-11-02 00:00:00,2025-03-06 00:00:00,4535 days 00:00:00,100000.0,168489.122844,68.489123,396.142904,100.0,4969.094846,33.472233,1404 days 00:00:00,17,17,0,0.0,41.176471,33.751314,-13.201375,20.42726,-7.353267,50 days 00:00:00,54 days 09:36:00,1.630802,4028.771932,0.332152,0.128116,1.117029,0.538074
SMLISUZU,Success,0.003145283000776544,0.005725486000301316,0.0005647319994750433,0.028506582999398233,0.03807539199988241,2011-01-17 00:00:00,2025-03-06 00:00:00,3492 days 00:00:00,100000.0,78878.330826,-21.121669,206.883605,100.0,2857.26142,58.847692,2374 days 00:00:00,16,16,0,0.0,25.0,33.891452,-16.817608,28.932649,-9.86908,39 days 12:00:00,33 days 08:00:00,0.811706,-1320.104323,-0.0097,-0.041624,0.996173,-0.015339
POONAWALLA,Success,0.0041601340017223265,0.005938559999776771,0.0004392650007503107,0.02589174400054617,0.03657162099989364,2004-04-27 00:00:00,2025-03-07 00:00:00,5100 days 00:00:00,100000.0,98219.856411,-1.780144,5671.0,100.0,2260.672545,42.23564,2380 days 00:00:00,14,14,0,0.0,28.571429,40.011214,-15.443846,32.280048,-10.647317,53 days 06:00:00,30 days 14:24:00,0.980505,-127.153113,0.081188,-0.003042,1.040292,0.121777
SALSTEEL,Success,0.0036082080005144235,0.006551664999278728,0.00042377399950055405,0.025646115998824826,0.03636274000018602,2004-11-24 00:00:00,2025-03-06 00:00:00,4770 days 00:00:00,100000.0,53883.586732,-46.116413,2.250645,100.0,2222.377259,61.857397,2212 days 00:00:00,14,14,0,0.0,21.428571,63.209418,-23.003264,49.639272,-15.17076,28 days 16:00:00,25 days 15:16:21,0.684211,-3294.029519,-0.194806,-0.07471,0.914204,-0.284355
DHANI,Success,0.004258617998857517,0.005789531998743769,0.00054274399735732,0.026385240998934023,0.03713523099941085,2008-04-02 00:00:00,2025-03-06 00:00:00,4182 days 00:00:00,100000.0,66637.453782,-33.362546,-37.216966,100.0,954.82265,59.933687,3205 days 00:00:00,7,7,0,0.0,14.285714,39.816239,-14.125448,39.816239,-11.597289,67 days 00:00:00,27 days 08:00:00,0.362406,-4766.078031,-0.190322,-0.058075,0.881765,-0.312722
SANWARIA,Success,0.0045453409984475,0.005907547998504015,0.0005660089991579298,0.025943046999600483,0.03709655800048495,2006-03-27 00:00:00,2025-03-06 00:00:00,4412 days 00:00:00,100000.0,298040.823732,198.040824,-73.462782,100.0,5418.153506,25.820117,1528 days 00:00:00,11,11,0,0.0,45.454545,70.27799,-16.864507,49.170464,-13.818341,28 days 04:48:00,20 days 04:00:00,1.841484,18003.711248,0.613071,0.366194,1.426133,1.077995
OSWALGREEN,Success,0.004729675001726719,0.006004648999805795,0.00043268100125715137,0.025894271999277407,0.03725615999792353,1999-01-01 00:00:00,2025-03-07 00:00:00,6313 days 00:00:00,100000.0,126058.873773,26.058874,112.954545,100.0,2251.688098,54.977048,4713 days 00:00:00,12,12,0,0.0,41.666667,54.720305,-34.486475,39.879175,-18.259211,37 days 04:48:00,26 days 13:42:51,1.19619,2171.572814,0.161272,0.024518,1.108691,0.280365
BALAMINES,Success,0.004744874000607524,0.006736641997122206,0.0004523330026131589,0.025563700000930112,0.03764993399818195,2007-04-05 00:00:00,2025-03-06 00:00:00,4397 days 00:00:00,100000.0,162682.802535,62.682803,4575.75618,100.0,3567.941507,46.751984,1700 days 00:00:00,13,13,0,0.0,38.461538,55.08854,-29.694967,43.358952,-14.732768,76 days 19:12:00,28 days 09:00:00,1.384059,4821.754041,0.285794,0.088174,1.119021,0.470724
BHARATGEAR,Success,0.005981723999866517,0.0060580509998544585,0.0005420419984147884,0.02653714800180751,0.03926774800129351,1995-09-20 00:00:00,2025-03-07 00:00:00,6612 days 00:00:00,100000.0,29458.300621,-70.541699,145.739139,100.0,1427.676826,85.569465,6503 days 00:00:00,18,18,0,0.0,22.222222,58.994087,-25.703447,40.035263,-16.552306,61 days 12:00:00,20 days 17:08:34,0.369501,-3918.983299,-0.234271,-0.076245,0.881961,-0.345433
OMAXAUTO,Success,0.004939688999002101,0.006332971999654546,0.0006238530004338827,0.026791418000357226,0.0388242450026155,2003-02-24 00:00:00,2025-03-06 00:00:00,5453 days 00:00:00,100000.0,845530.900305,745.5309,198.53125,100.0,11494.822853,40.508522,1115 days 00:00:00,16,16,0,0.0,56.25,72.549445,-22.558907,43.320051,-13.98455,48 days 13:20:00,32 days 10:17:08,2.939874,46595.681269,0.742202,0.379198,1.415306,1.354927
SOTL,Success,0.003309699000965338,0.005800689999887254,0.000537670999619877,0.025435282001126325,0.035229744000389474,2009-08-24 00:00:00,2025-03-07 00:00:00,3845 days 00:00:00,100000.0,74706.255631,-25.293744,792.205638,100.0,1452.878474,32.679014,1755 days 00:00:00,8,8,0,0.0,25.0,20.976515,-12.163915,19.084052,-10.124617,38 days 12:00:00,46 days 16:00:00,0.559964,-3161.718046,-0.182439,-0.083546,0.914741,-0.28611
INFY,Success,0.006225957000424387,0.006895854003232671,0.00044028299817000516,0.026422720999107696,0.04014894700230798,1996-01-01 00:00:00,2025-03-06 00:00:00,7226 days 00:00:00,100000.0,238439.169805,138.43917,215275.14029,100.0,10378.137073,26.399378,1770 days 00:00:00,25,25,0,0.0,40.0,46.308463,-13.239076,21.833455,-6.855814,56 days 04:48:00,14 days 09:36:00,1.625449,5537.566792,0.386929,0.169965,1.201296,0.590271
IGPL,Success,0.003927514000679366,0.006090448001486948,0.0006405999993148725,0.02652065000074799,0.037356257998908404,2007-01-29 00:00:00,2025-03-06 00:00:00,4387 days 00:00:00,100000.0,148047.327362,48.047327,485.149848,100.0,1999.983614,36.982818,2323 days 00:00:00,7,7,0,0.0,42.857143,70.597762,-21.367152,45.10971,-15.863448,46 days 16:00:00,32 days 06:00:00,1.483255,6863.903909,0.259912,0.089726,1.169267,0.430264
AJANTPHARM,Success,0.0056097960004990455,0.006019923999701859,0.000547132996871369,0.026497351998841623,0.03880605200174614,2000-06-05 00:00:00,2025-03-06 00:00:00,5999 days 00:00:00,100000.0,71319.279126,-28.680721,16304.997455,100.0,2635.45714,47.785123,4893 days 00:00:00,16,16,0,0.0,25.0,32.042611,-19.635198,27.357094,-10.189445,79 days 18:00:00,19 days 10:00:00,0.738543,-1792.545055,-0.088276,-0.042598,0.956942,-0.132481
WELCORP,Success,0.005405378000432393,0.00644318099875818,0.0004601840009854641,0.02620524799931445,0.038652332998026395,2000-06-23 00:00:00,2025-03-06 00:00:00,5808 days 00:00:00,100000.0,530157.318729,430.157319,5384.149998,100.0,7480.013678,61.11111,1014 days 00:00:00,11,11,0,0.0,54.545455,119.460448,-17.719338,49.185555,-11.530934,99 days 04:00:00,29 days 09:36:00,3.103835,39105.210794,0.469995,0.180844,1.299435,0.762937
EIHOTEL,Success,0.005287246996886097,0.006775280999136157,0.00059208399761701,0.026166884999838658,0.0389546580008755,1999-01-01 00:00:00,2025-03-06 00:00:00,6467 days 00:00:00,100000.0,196739.349395,96.739349,1158.373017,100.0,3482.645646,40.680598,3149 days 00:00:00,15,15,0,0.0,46.666667,41.55752,-24.504567,26.226026,-10.92586,53 days 06:51:25,30 days 18:00:00,1.934821,6449.28996,0.341519,0.095703,1.178839,0.54733
BIL,Success,0.004803593001270201,0.005997860000206856,0.0005673419982485939,0.027010305999283446,0.03852720700160717,2000-04-12 00:00:00,2025-03-06 00:00:00,5990 days 00:00:00,100000.0,85374.082246,-14.625918,732.5,100.0,2665.389069,56.803789,4412 days 00:00:00,16,16,0,0.0,25.0,59.954417,-17.370105,42.271187,-12.078263,56 days 18:00:00,21 days 20:00:00,0.884587,-914.11986,0.029145,-0.016881,1.015353,0.047972
INDIANB,Success,0.004320661999372533,0.005914137000218034,0.000541066998266615,0.026394337000965606,0.037298612001904985,2007-03-01 00:00:00,2025-03-06 00:00:00,4455 days 00:00:00,100000.0,89880.190824,-10.119809,435.638038,100.0,3893.28404,61.943111,2627 days 00:00:00,17,16,1,2811.895409,25.0,38.65243,-14.272665,31.476859,-9.693975,59 days 12:00:00,15 days 08:00:00,0.910802,-808.231537,0.045014,-0.01405,1.017541,0.06815
TIPSMUSIC,Success,0.00405547699847375,0.005893112000194378,0.0004367809997347649,0.02573332900283276,0.03626616200199351,2000-11-20 00:00:00,2025-03-06 00:00:00,5759 days 00:00:00,100000.0,67171.887788,-32.828112,1802.713236,100.0,2897.484376,79.190521,4155 days 00:00:00,16,16,0,0.0,31.25,47.293756,-35.767436,34.786123,-15.373022,24 days 04:48:00,26 days 08:43:38,0.825332,-2051.757013,-0.054358,-0.031448,0.969054,-0.087091
JOCIL,Success,0.0030079259995545726,0.006369294998876285,0.00041445999886491336,0.025579686000128277,0.035499556997820036,2008-10-08 00:00:00,2025-03-06 00:00:00,3926 days 00:00:00,100000.0,130848.522013,30.848522,600.493553,100.0,1866.151955,17.577107,1877 days 00:00:00,7,7,0,0.0,42.857143,30.976513,-12.13508,24.77399,-9.307678,55 days 16:00:00,17 days 00:00:00,1.580024,4406.931716,0.311768,0.144005,1.198026,0.47319
J&KBANK,Success,0.00374068599921884,0.005757382001320366,0.0005269499997666571,0.02601906700147083,0.03620757499811589,2006-11-02 00:00:00,2025-03-07 00:00:00,4535 days 00:00:00,100000.0,224076.997083,124.076997,113.596678,100.0,5594.224494,38.042365,1890 days 00:00:00,14,14,0,0.0,42.857143,40.202278,-11.291004,29.970808,-9.021363,72 days 00:00:00,28 days 03:00:00,1.781609,8862.642649,0.451907,0.176361,1.207014,0.687824
ARSSINFRA,Success,0.0029982460000610445,0.005789210001239553,0.0005453430021589156,0.026592327001708327,0.03605465999862645,2010-03-03 00:00:00,2025-03-06 00:00:00,3537 days 00:00:00,100000.0,43333.731876,-56.666268,-96.154316,100.0,653.882022,61.299953,2435 days 00:00:00,5,5,0,0.0,0.0,-12.042941,-22.185245,,-15.334457,,20 days 00:00:00,0.0,-11333.253625,-0.663731,-0.134873,0.527908,-0.807591
WILLAMAGOR,Success,0.004289207001420436,0.005916121997870505,0.00044176200026413426,0.025768920000700746,0.036552104000293184,1999-01-05 00:00:00,2025-03-06 00:00:00,5172 days 00:00:00,100000.0,234753.342668,134.753343,18.291667,100.0,3779.676588,32.802326,2161 days 00:00:00,9,9,0,0.0,44.444444,68.451449,-17.579708,52.257277,-15.066525,79 days 06:00:00,33 days 19:12:00,1.730708,14972.59363,0.39484,0.189238,1.204368,0.642668
AVTNPL,Success,0.0039418020023731515,0.0065871799997694325,0.000437005001003854,0.025324475001980318,0.0364181799996004,2007-01-10 00:00:00,2025-03-06 00:00:00,4430 days 00:00:00,100000.0,194666.666758,94.666667,828.342293,100.0,2570.732426,56.052355,3068 days 00:00:00,9,9,0,0.0,44.444444,47.373051,-16.468548,39.89705,-12.470719,73 days 00:00:00,34 days 14:24:00,2.013592,10518.518529,0.382905,0.100651,1.207144,0.679797
WINSOME,Success,0.004039475999888964,0.0058131059995503165,0.0005458720006572548,0.026538363999861758,0.03711095900143846,1995-06-06 00:00:00,2025-03-07 00:00:00,5607 days 00:00:00,100000.0,63654.661578,-36.345338,-74.62069,100.0,3756.306103,76.415954,4110 days 00:00:00,20,20,0,0.0,30.0,86.539335,-26.416064,39.852538,-15.543003,37 days 20:00:00,14 days 15:25:42,0.846266,-1817.266921,0.004969,-0.037919,1.002766,0.00724
WHEELS,Success,0.004845453997404547,0.006089877999329474,0.0005751569988206029,0.026670212999306386,0.03832663600041997,1999-01-08 00:00:00,2025-03-07 00:00:00,5965 days 00:00:00,100000.0,221534.075751,121.534076,2127.258092,100.0,5387.699002,33.372996,1437 days 00:00:00,16,16,0,0.0,43.75,48.003438,-18.153291,31.175642,-11.274928,78 days 10:17:08,34 days 10:40:00,1.704624,7595.879734,0.332209,0.149447,1.155907,0.603969
ENIL,Success,0.003940792001230875,0.00587513899881742,0.000432696000643773,0.026486072998523014,0.03686927400121931,2006-02-15 00:00:00,2025-03-06 00:00:00,4710 days 00:00:00,100000.0,332944.520859,232.944521,-48.25463,100.0,5020.561538,23.2845,1323 days 00:00:00,10,10,0,0.0,60.0,60.066517,-15.735337,32.720113,-11.029851,158 days 08:00:00,27 days 18:00:00,2.731514,23294.452086,0.517579,0.419564,1.180298,0.858405
ASTRAL,Success,0.003919284001312917,0.0063916500002960674,0.00042601499808370136,0.025689120000606636,0.03658184700179845,2007-03-20 00:00:00,2025-03-06 00:00:00,4434 days 00:00:00,100000.0,270687.188629,170.687189,27969.398065,100.0,6513.479478,28.593013,1676 days 00:00:00,19,19,0,0.0,47.368421,33.655629,-12.592761,23.990165,-8.854454,38 days 21:19:59,32 days 02:24:00,2.11482,8983.536244,0.593515,0.298764,1.269278,0.943554
NOIDATOLL,Success,0.004297545998269925,0.005898029001400573,0.0005539369994949084,0.02687151099962648,0.03775845800191746,2003-01-01 00:00:00,2025-03-06 00:00:00,5393 days 00:00:00,100000.0,56758.76381,-43.241236,-50.266667,100.0,1365.127925,60.390057,4728 days 00:00:00,7,7,0,0.0,14.285714,43.337528,-23.243352,43.337528,-14.186877,41 days 00:00:00,60 days 20:00:00,0.500306,-6177.319456,-0.218901,-0.062272,0.883874,-0.321016
HEG,Success,0.004973887000232935,0.00593441299861297,0.00055085600251914,0.026019823002570774,0.03761255399876973,1999-01-01 00:00:00,2025-03-06 00:00:00,6459 days 00:00:00,100000.0,106926.152056,6.926152,8259.782609,100.0,2262.473561,37.011011,3642 days 00:00:00,14,14,0,0.0,28.571429,37.651532,-14.047768,32.256152,-9.933879,41 days 12:00:00,22 days 12:00:00,1.081025,494.725147,0.097375,0.010244,1.064603,0.152173
THOMASCOOK,Success,0.004920724997646175,0.005958943002042361,0.0005456930011860095,0.029185695999331074,0.04074579000007361,1999-01-01 00:00:00,2025-03-06 00:00:00,6468 days 00:00:00,100000.0,120758.668238,20.758668,993.850741,100.0,2804.272553,56.953698,4736 days 00:00:00,19,19,0,0.0,31.578947,41.368705,-18.123316,31.300425,-10.440041,32 days 08:00:00,34 days 16:36:55,1.198666,1092.561486,0.145985,0.018789,1.071373,0.222652
DHANBANK,Success,0.004507097000896465,0.0063394080025318544,0.00044250700011616573,0.025735253002494574,0.03715554800146492,2004-04-01 00:00:00,2025-03-06 00:00:00,4925 days 00:00:00,100000.0,137717.725852,37.717726,21.444312,100.0,3840.96765,43.377766,4221 days 00:00:00,12,12,0,0.0,33.333333,52.386014,-17.224601,40.886046,-12.17768,108 days 00:00:00,40 days 09:00:00,1.219658,3143.143821,0.214504,0.055332,1.089701,0.375351
EVEREADY,Success,0.0037851220004085917,0.005926571000600234,0.00043169399941689335,0.17068911900059902,0.181007461000263,2005-04-27 00:00:00,2025-03-06 00:00:00,4849 days 00:00:00,100000.0,63093.392597,-36.906607,261.556591,100.0,1554.637357,43.54789,2372 days 00:00:00,9,9,0,0.0,11.111111,35.982932,-11.591629,35.982932,-9.141069,45 days 00:00:00,25 days 03:00:00,0.436437,-4100.734156,-0.285123,-0.078243,0.836793,-0.417771
SAREGAMA,Success,0.0056660429982002825,0.005967164001049241,0.0004485040008148644,0.025523862001136877,0.03774215500015998,2001-08-20 00:00:00,2025-03-06 00:00:00,5595 days 00:00:00,100000.0,153644.608819,53.644609,5698.204991,100.0,3949.223703,36.717652,2178 days 00:00:00,12,12,0,0.0,33.333333,64.529996,-19.236596,42.340038,-11.267073,50 days 06:00:00,26 days 06:00:00,1.336324,4470.384068,0.244107,0.077384,1.133536,0.413919
COSMOFIRST,Success,0.0055298769984801766,0.00593910799943842,0.00045157199929235503,0.027423444000305608,0.03949715000271681,1999-01-01 00:00:00,2025-03-06 00:00:00,6451 days 00:00:00,100000.0,1203850.262689,1103.850263,19633.333333,100.0,26069.016916,54.630301,2255 days 00:00:00,21,21,0,0.0,52.380952,71.337438,-23.15946,44.339964,-13.686876,70 days 02:10:54,35 days 19:12:00,2.198116,52564.298223,0.669621,0.276713,1.303972,1.23787
SARDAEN,Success,0.0032957299990812317,0.006578485001227818,0.00046792300054221414,0.025880781999148894,0.03636308299974189,2009-12-03 00:00:00,2025-03-06 00:00:00,3777 days 00:00:00,100000.0,714595.321261,614.595321,2636.630405,100.0,8524.735951,45.162635,1722 days 00:00:00,17,16,1,87114.084213,56.25,57.91584,-22.205065,36.735546,-12.531253,58 days 00:00:00,27 days 13:42:51,3.939843,32967.577316,0.885807,0.463438,1.334472,1.525963
TRITURBINE,Success,0.0029386079986579716,0.00584180199803086,0.00045369800136541016,0.02953329199954169,0.039046900001267204,2011-11-11 00:00:00,2025-03-06 00:00:00,3295 days 00:00:00,100000.0,128170.164619,28.170165,1239.375,100.0,2692.269136,41.189027,1121 days 00:00:00,9,9,0,0.0,33.333333,41.842381,-16.322857,32.525151,-9.337048,73 days 16:00:00,41 days 20:00:00,1.30885,3130.018291,0.234733,0.067674,1.095272,0.373762
HFCL,Success,0.009568964000209235,0.009421224000107031,0.0006387729990819935,0.026765507998788962,0.046571749000577256,2002-08-12 00:00:00,2025-03-06 00:00:00,5584 days 00:00:00,100000.0,165198.333739,65.198334,70.937182,100.0,3918.515056,48.215232,1647 days 00:00:00,15,15,0,0.0,46.666667,42.110877,-25.697567,31.573968,-15.962856,39 days 06:51:25,32 days 06:00:00,1.366415,4346.555583,0.264333,0.069182,1.144204,0.449623
GANESHHOUC,Success,0.005696746000467101,0.006180231001053471,0.00044175199946039356,0.025217578000592766,0.03774423399954685,2007-03-02 00:00:00,2025-03-06 00:00:00,4450 days 00:00:00,100000.0,210017.134786,110.017135,358.755731,100.0,5315.89981,38.616068,2203 days 00:00:00,15,15,0,0.0,40.0,54.057885,-17.477364,40.016048,-13.022196,28 days 16:00:00,22 days 10:39:59,1.493071,7334.475652,0.384261,0.162504,1.218053,0.652578
OBEROIRLTY,Success,0.0034150510000472423,0.006665065000561299,0.00043999699846608564,0.025395066000783117,0.03614958499747445,2010-12-10 00:00:00,2025-03-06 00:00:00,3522 days 00:00:00,100000.0,213717.720066,113.71772,490.362105,100.0,2992.634252,32.16423,1552 days 00:00:00,12,12,0,0.0,50.0,30.157848,-9.93404,24.196735,-8.558487,53 days 04:00:00,24 days 12:00:00,2.871217,9476.476672,0.524324,0.254597,1.241595,0.921714
IVP,Success,0.006049960000382271,0.006163347003166564,0.0004547440003079828,0.026199133000773145,0.03905134000160615,1999-01-04 00:00:00,2025-03-06 00:00:00,5294 days 00:00:00,100000.0,185145.421789,85.145422,228.917822,100.0,3629.944919,47.608433,3435 days 00:00:00,13,13,0,0.0,38.461538,62.554571,-17.457169,44.602618,-13.983734,57 days 09:36:00,22 days 12:00:00,1.512828,6549.64783,0.296335,0.091126,1.156165,0.517757
AURIONPRO,Success,0.004582903999107657,0.005749919000663795,0.0005580529978033155,0.026368838000053074,0.037421213997731684,2005-10-25 00:00:00,2025-03-06 00:00:00,4416 days 00:00:00,100000.0,38129.803686,-61.870196,3055.765834,100.0,1678.26953,69.990788,4271 days 00:00:00,16,16,0,0.0,18.75,46.454742,-23.577173,41.975369,-14.253429,40 days 08:00:00,32 days 20:18:27,0.450468,-3866.88727,-0.259945,-0.109443,0.898137,-0.374115
EIMCOELECO,Success,0.00506383299943991,0.005998633001581766,0.0005726509989472106,0.0253891879983712,0.03722464499878697,1999-01-05 00:00:00,2025-03-06 00:00:00,5671 days 00:00:00,100000.0,462233.915299,362.233915,1777.176471,100.0,10228.175779,34.722809,1471 days 00:00:00,17,17,0,0.0,52.941176,37.379508,-13.143652,30.640137,-10.235945,49 days 05:20:00,21 days 15:00:00,2.242389,21307.877371,0.550518,0.29822,1.270659,0.888816
HATHWAY,Success,0.0034219030021631625,0.006503641998278908,0.00043871299931197427,0.025411315997189377,0.0359367020028003,2010-02-25 00:00:00,2025-03-06 00:00:00,3722 days 00:00:00,100000.0,116047.830461,16.04783,-66.530218,100.0,1442.230616,20.09032,2218 days 00:00:00,6,6,0,0.0,33.333333,33.659456,-10.739251,28.928823,-8.513689,33 days 00:00:00,22 days 12:00:00,1.363925,2674.63841,0.206721,0.073181,1.164362,0.345032
MIRZAINT,Success,0.005954567001026589,0.00608389300032286,0.0004388550005387515,0.02600841700041201,0.038696252999216085,2002-07-01 00:00:00,2025-03-06 00:00:00,5556 days 00:00:00,100000.0,77667.635137,-22.332365,2196.494003,100.0,2691.8927,67.923427,5263 days 00:00:00,15,15,0,0.0,26.666667,50.611193,-19.156684,41.253736,-13.724615,47 days 12:00:00,34 days 02:10:54,0.844095,-1488.824324,0.019566,-0.024242,1.00957,0.029568
KILITCH,Success,0.003397453998331912,0.005925376997765852,0.0005440340028144419,0.0260514690016862,0.0360719300006167,2010-09-29 00:00:00,2025-03-06 00:00:00,3556 days 00:00:00,100000.0,116611.676326,16.611676,145.483235,100.0,2334.668979,42.729008,1460 days 00:00:00,9,9,0,0.0,33.333333,71.201093,-22.795669,49.200207,-15.690448,67 days 00:00:00,32 days 08:00:00,1.122995,1845.741814,0.186231,0.037209,1.090966,0.323319
USHAMART,Success,0.0059709980014304165,0.005974884999886854,0.000450809999165358,0.025578245000360766,0.03812758300045971,2004-10-20 00:00:00,2025-03-07 00:00:00,5039 days 00:00:00,100000.0,640518.211972,540.518212,2449.770174,100.0,11917.513651,26.509822,981 days 00:00:00,14,14,0,0.0,57.142857,46.382871,-17.096142,38.115426,-11.214013,50 days 09:00:00,18 days 12:00:00,2.408108,38608.443712,0.755622,0.543146,1.444552,1.503523
TALBROAUTO,Success,0.004109480996703496,0.006696396998449927,0.00044700299986288883,0.026566494998405688,0.03796340400003828,2006-09-29 00:00:00,2025-03-06 00:00:00,4445 days 00:00:00,100000.0,314167.163045,214.167163,1772.846565,100.0,5198.998681,33.454806,1431 days 00:00:00,12,12,0,0.0,50.0,52.342597,-17.828159,37.316114,-11.586461,44 days 12:00:00,18 days 12:00:00,2.212927,17847.263587,0.581685,0.29461,1.385156,1.075543
BAJAJHIND,Success,0.00601151699811453,0.006284430000960128,0.0004907020011160057,0.02723101000083261,0.04015481600072235,1995-05-22 00:00:00,2025-03-06 00:00:00,6729 days 00:00:00,100000.0,53555.258174,-46.444742,80.072713,100.0,2310.622622,82.119871,6351 days 00:00:00,22,22,0,0.0,27.272727,39.413236,-23.41461,31.29877,-13.056604,28 days 16:00:00,36 days 01:30:00,0.624975,-2111.124628,-0.063426,-0.040557,0.973622,-0.095425
JUBLPHARMA,Success,0.004560797999147326,0.005786967001768062,0.0005886119979550131,0.02665677400000277,0.03775354300159961,2003-09-30 00:00:00,2025-03-06 00:00:00,5295 days 00:00:00,100000.0,223985.371376,123.985371,1642.53577,100.0,4402.549221,50.236047,3299 days 00:00:00,19,19,0,0.0,47.368421,40.427232,-16.875987,24.147827,-10.481615,51 days 16:00:00,26 days 00:00:00,2.045792,6525.545862,0.394783,0.113787,1.185322,0.626318
ANTGRAPHIC,Success,0.004315049001888838,0.0060424520015658345,0.0005318680014170241,0.02597090999915963,0.03699786399738514,1999-01-01 00:00:00,2025-03-06 00:00:00,5570 days 00:00:00,100000.0,10172.676806,-89.827323,468.421053,100.0,586.557953,90.258543,4230 days 00:00:00,10,10,0,0.0,10.0,26.569484,-57.715465,26.569484,-22.775218,7 days 00:00:00,56 days 08:00:00,0.028923,-8982.732319,-0.038202,-0.154102,0.976451,-0.057516
SHYAMTEL,Success,0.003009675998328021,0.00650420099918847,0.00042815400229301304,0.025725457002408803,0.035810987999866484,2006-11-06 00:00:00,2025-03-06 00:00:00,3779 days 00:00:00,100000.0,63305.069978,-36.69493,-90.698689,100.0,634.999977,38.149532,3141 days 00:00:00,4,4,0,0.0,0.0,-8.478823,-12.473633,,-10.79613,,6 days 12:00:00,0.0,-9173.732506,-0.810871,-0.113236,0.245695,-0.857175
PAGEIND,Success,0.005187034999835305,0.005980589998216601,0.0004414979994180612,0.026438341999892145,0.03819493899936788,2007-03-16 00:00:00,2025-03-07 00:00:00,4346 days 00:00:00,100000.0,232718.574282,132.718574,14764.238957,100.0,4372.93702,26.253016,714 days 00:00:00,12,12,0,0.0,58.333333,28.296234,-12.07159,18.962504,-6.973149,60 days 10:17:08,35 days 09:36:00,2.999098,11059.88119,0.620018,0.280028,1.277223,1.007648
JINDALSTEL,Success,0.004929028000333346,0.005861510999238817,0.00052787199820159,0.0265325770014897,0.037996456998371286,1999-09-22 00:00:00,2025-03-06 00:00:00,6309 days 00:00:00,100000.0,285010.728445,185.010728,34930.26188,100.0,3709.676732,43.857941,4463 days 00:00:00,12,12,0,0.0,58.333333,38.876439,-18.489401,27.989376,-12.515258,27 days 20:34:17,18 days 04:48:00,2.955602,15417.560704,0.543315,0.14243,1.463456,0.909438
INDIACEM,Success,0.004916091002087342,0.006076209996535908,0.0004427919993759133,0.025509055998554686,0.03707858599955216,1999-01-01 00:00:00,2025-03-06 00:00:00,6469 days 00:00:00,100000.0,36083.100534,-63.916899,795.599366,100.0,2786.665634,72.807424,6269 days 00:00:00,20,20,0,0.0,20.0,30.612439,-19.896796,26.926824,-11.50738,29 days 12:00:00,29 days 03:00:00,0.542852,-3195.844973,-0.21118,-0.076767,0.904014,-0.285884
MUNJALSHOW,Success,0.005406886000855593,0.00668347800092306,0.00042470799962757155,0.02618902000176604,0.03885497699957341,1999-01-01 00:00:00,2025-03-07 00:00:00,6331 days 00:00:00,100000.0,154758.605915,54.758606,316.186013,100.0,3366.499869,28.798864,2406 days 00:00:00,13,13,0,0.0,38.461538,37.464913,-11.341524,28.134967,-9.477597,37 days 09:36:00,17 days 09:00:00,1.53364,4212.200455,0.263838,0.088533,1.204022,0.412607
HONAUT,Success,0.004195585002889857,0.006047170001693303,0.0004383770028653089,0.027899043998331763,0.03871315500146011,2005-03-24 00:00:00,2025-03-06 00:00:00,4930 days 00:00:00,100000.0,75464.80941,-24.535191,5737.835271,100.0,4738.939569,63.712006,3625 days 00:00:00,22,22,0,0.0,27.272727,34.891109,-13.252489,19.68832,-8.052389,24 days 20:00:00,33 days 06:00:00,0.833714,-1115.235936,-0.08199,-0.032374,0.966541,-0.128685
BAJFINANCE,Success,0.005232642000919441,0.005957637000392424,0.0005439670021587517,0.029411902996798744,0.04128075200060266,1995-02-09 00:00:00,2025-03-06 00:00:00,7427 days 00:00:00,100000.0,294448.900828,194.448901,59806.339202,100.0,15072.349737,45.64355,3242 days 00:00:00,27,27,0,0.0,44.444444,45.476749,-29.230642,24.183622,-9.163735,38 days 04:00:00,28 days 03:12:00,1.488958,7201.811142,0.422302,0.119419,1.20169,0.662288
SAGCEM,Success,0.004229477999615483,0.005904207999265054,0.0004310380027163774,0.025907907998771407,0.03659877099926234,2007-01-29 00:00:00,2025-03-06 00:00:00,4376 days 00:00:00,100000.0,47817.290798,-52.182709,483.772456,100.0,1217.317958,60.714813,3791 days 00:00:00,9,9,0,0.0,11.111111,19.121362,-12.567485,19.121362,-10.775972,32 days 00:00:00,34 days 15:00:00,0.170765,-5798.0788,-0.433951,-0.0983,0.794233,-0.593931
GTL,Success,0.004269106000720058,0.0066459330009820405,0.00043518500024219975,0.02623440000024857,0.03772511599891004,2002-07-01 00:00:00,2025-03-06 00:00:00,5568 days 00:00:00,100000.0,38450.191902,-61.549808,-91.812918,100.0,2076.396885,70.041352,4593 days 00:00:00,13,13,0,0.0,15.384615,44.333285,-21.568162,39.263335,-13.511702,84 days 00:00:00,41 days 00:00:00,0.507774,-4734.600623,-0.290998,-0.086711,0.868254,-0.413201
SUPERSPIN,Success,0.003952728002332151,0.006011512999975821,0.0004563470029097516,0.027053944999352098,0.037624810996931046,1999-01-01 00:00:00,2025-03-06 00:00:00,5214 days 00:00:00,100000.0,275691.322682,175.691323,228.4375,100.0,3651.879845,66.305044,2374 days 00:00:00,8,8,0,0.0,50.0,118.706777,-25.411074,60.885327,-18.081035,66 days 06:00:00,57 days 18:00:00,1.950902,21961.415335,0.327884,0.11096,1.242161,0.800587
MARUTI,Success,0.004464837998966686,0.005821174003358465,0.0005468070012284443,0.02710455100168474,0.03806873299981817,2003-07-09 00:00:00,2025-03-06 00:00:00,5363 days 00:00:00,100000.0,82675.323151,-17.324677,7000.669507,100.0,3550.624165,34.889645,4528 days 00:00:00,18,18,0,0.0,22.222222,27.196567,-11.54393,19.570458,-6.223994,51 days 06:00:00,27 days 12:00:00,0.80412,-962.482047,-0.062826,-0.036872,0.972751,-0.08955
HINDCOPPER,Success,0.0035586689991760068,0.005499577000591671,0.0004327630012994632,0.0262992430034501,0.035950634999608155,2010-01-08 00:00:00,2025-03-06 00:00:00,3754 days 00:00:00,100000.0,71051.054348,-28.948946,-39.111717,100.0,1582.835243,44.182222,3218 days 00:00:00,10,10,0,0.0,20.0,38.570522,-15.048239,35.946621,-11.233107,26 days 12:00:00,24 days 06:00:00,0.621806,-2894.894565,-0.159395,-0.073976,0.904861,-0.267921
SOMATEX,Success,0.004056789999594912,0.0068033349998586345,0.00044085800254833885,0.026336960996559355,0.037771536997752264,1999-01-01 00:00:00,2025-03-06 00:00:00,5204 days 00:00:00,100000.0,57109.38214,-42.890618,713.0,100.0,2151.356407,65.502301,4217 days 00:00:00,10,10,0,0.0,20.0,55.574922,-20.341642,48.388097,-15.426164,62 days 12:00:00,10 days 15:00:00,0.697945,-4289.061786,-0.169775,-0.058822,0.87787,-0.282371
ADANIPOWER,Success,0.00396627300142427,0.0058630169987736735,0.0004355570017651189,0.026235801000439096,0.03664465999827371,2009-08-20 00:00:00,2025-03-06 00:00:00,3846 days 00:00:00,100000.0,141066.82181,41.066822,402.647353,100.0,1486.214331,25.093877,1986 days 00:00:00,7,7,0,0.0,42.857143,41.218972,-12.362216,29.333433,-9.981124,39 days 08:00:00,10 days 06:00:00,1.978703,5866.68883,0.375467,0.132271,1.292575,0.625166
MANGCHEFER,Success,0.003861371998937102,0.005838446002599085,0.0005423129987320863,0.02657244700094452,0.03695058599987533,2007-10-22 00:00:00,2025-03-06 00:00:00,4232 days 00:00:00,100000.0,163568.413331,63.568413,346.859918,100.0,3411.387788,40.525884,1786 days 00:00:00,11,11,0,0.0,45.454545,37.078519,-17.547699,28.555753,-11.82968,65 days 09:36:00,64 days 16:00:00,1.518436,5778.946666,0.312527,0.106975,1.128188,0.521772
SRHHYPOLTD,Success,0.003928259000531398,0.005701256002794253,0.000441659998614341,0.0258137529999658,0.036014586003148,2007-05-08 00:00:00,2025-03-06 00:00:00,4171 days 00:00:00,100000.0,244485.256635,144.485257,2086.134546,100.0,4042.299268,32.899311,773 days 00:00:00,11,11,0,0.0,45.454545,65.352888,-24.175142,47.219803,-15.391079,60 days 19:12:00,28 days 12:00:00,1.804523,13135.02333,0.431758,0.24734,1.212946,0.753841
BIRLACORPN,Success,0.0038779810020059813,0.006374282998876879,0.00044436999814934097,0.02646268800162943,0.03730459800135577,2008-07-28 00:00:00,2025-03-06 00:00:00,4102 days 00:00:00,100000.0,188259.519501,88.25952,500.937973,100.0,4976.118943,49.415047,3230 days 00:00:00,17,17,0,0.0,41.176471,38.465191,-11.383107,25.117195,-8.788856,33 days 06:51:25,15 days 16:48:00,1.646586,5191.736441,0.43966,0.117188,1.238947,0.701295
TIMKEN,Success,0.004001296001661103,0.005749535997892963,0.00043320799886714667,0.02671669099800056,0.03704497299986542,2007-02-06 00:00:00,2025-03-06 00:00:00,4469 days 00:00:00,100000.0,117749.534129,17.749534,1467.016271,100.0,3633.835119,46.427631,3189 days 00:00:00,15,15,0,0.0,33.333333,30.785283,-14.096914,25.010681,-9.045822,28 days 04:48:00,24 days 14:24:00,1.15538,1183.302275,0.162361,0.028936,1.089828,0.252368
RESPONIND,Success,0.00302236300194636,0.005788336999103194,0.0006302539986791089,0.02796493400092004,0.0375828719988931,2010-10-29 00:00:00,2025-03-06 00:00:00,3523 days 00:00:00,100000.0,106357.598396,6.357598,118.765571,100.0,1600.333517,52.642919,2248 days 00:00:00,7,7,0,0.0,28.571429,55.22618,-18.78766,46.705274,-13.01724,24 days 12:00:00,101 days 14:24:00,1.077755,908.228342,0.130499,0.012169,1.053283,0.211756
VADILALIND,Success,0.004398434997710865,0.006111062997661065,0.0005842419996042736,0.027008830998966005,0.03827637299764319,2011-06-15 00:00:00,2025-03-06 00:00:00,3392 days 00:00:00,100000.0,78948.232246,-21.051768,2636.548536,100.0,2536.703341,45.608462,2364 days 00:00:00,14,14,0,0.0,28.571429,36.726753,-17.101134,27.642958,-11.280915,18 days 00:00:00,37 days 16:48:00,0.806949,-1503.697697,-0.016361,-0.055066,0.992349,-0.027347
ESSARSHPNG,Success,0.004689789999247296,0.00872639400040498,0.0004661999992094934,0.026831539002159843,0.040948322999611264,2011-11-18 00:00:00,2025-03-06 00:00:00,3290 days 00:00:00,100000.0,40111.984849,-59.888015,-3.92,100.0,1058.439873,60.08494,3203 days 00:00:00,9,9,0,0.0,11.111111,16.94143,-17.397404,16.94143,-12.469779,9 days 00:00:00,26 days 03:00:00,0.102526,-6654.223906,-0.771343,-0.160404,0.63052,-0.944832
BHARTIARTL,Success,0.0067538430012064055,0.0065377999999327585,0.0005005889979656786,0.027427062999777263,0.04151664399978472,2002-02-18 00:00:00,2025-03-06 00:00:00,5709 days 00:00:00,100000.0,91299.767394,-8.700233,8040.593039,100.0,4337.528294,50.691731,4438 days 00:00:00,19,19,0,0.0,26.315789,32.608172,-14.151586,24.487677,-8.009295,103 days 00:00:00,18 days 06:51:25,0.936073,-457.906979,0.043774,-0.011447,1.018485,0.0594
KEC,Success,0.005759154999395832,0.006379542999638943,0.0006038809988240246,0.02690115500081447,0.03981214099985664,2006-03-10 00:00:00,2025-03-07 00:00:00,4694 days 00:00:00,100000.0,270285.572633,170.285573,745.116005,100.0,4286.824318,39.30017,1952 days 00:00:00,15,15,0,0.0,53.333333,29.791468,-16.028507,24.378516,-10.063259,42 days 06:00:00,46 days 13:42:51,2.784866,11352.371509,0.547213,0.204538,1.232749,0.893667
RBL,Success,0.0032379999975091778,0.005734050002502045,0.00044854100269731134,0.025996508997195633,0.03563232499800506,2008-06-20 00:00:00,2025-03-06 00:00:00,3870 days 00:00:00,100000.0,102073.177375,2.073177,679.352696,100.0,2015.519187,34.144628,1453 days 00:00:00,11,11,0,0.0,36.363636,31.349846,-14.323071,22.182398,-10.402702,58 days 00:00:00,27 days 06:51:25,1.029087,188.47067,0.089471,0.005674,1.0463,0.142901
GOLDTECH,Success,0.005817838002258213,0.007089971000823425,0.0004504730022745207,0.027612853999016806,0.04113391400096589,2001-04-11 00:00:00,2025-03-06 00:00:00,5660 days 00:00:00,100000.0,71505.510091,-28.49449,96.756751,100.0,2742.458504,71.354862,5197 days 00:00:00,12,12,0,0.0,25.0,96.84327,-21.876364,59.03887,-16.926394,78 days 08:00:00,33 days 13:20:00,0.85529,-2374.540826,0.033216,-0.029986,1.016023,0.05748
TAINWALCHM,Success,0.004521974002273055,0.0057947610002884176,0.0004554370025289245,0.02816981299838517,0.039146409999375464,1999-01-01 00:00:00,2025-03-06 00:00:00,5157 days 00:00:00,100000.0,40735.772139,-59.264228,8295.925926,100.0,626.35066,93.593979,4995 days 00:00:00,9,9,0,0.0,44.444444,43.470834,-70.15994,36.652782,-30.262524,46 days 00:00:00,75 days 00:00:00,0.382632,-6584.914207,0.174473,-0.0658,1.091953,0.267942
FMNL,Success,0.003969773999415338,0.00652888799959328,0.0006032669989508577,0.027096810001239646,0.03838852399712778,2011-01-14 00:00:00,2025-03-06 00:00:00,3436 days 00:00:00,100000.0,94109.356153,-5.890644,-68.074325,100.0,745.410272,59.538811,2966 days 00:00:00,5,5,0,0.0,40.0,38.937885,-22.877921,31.125537,-18.006823,35 days 12:00:00,37 days 08:00:00,0.869228,-1178.128769,0.031553,-0.010797,1.021013,0.051068
BASF,Success,0.006187554001371609,0.006056243000784889,0.0005802289997518528,0.026474717997189146,0.039439912001398625,1999-01-01 00:00:00,2025-03-06 00:00:00,6467 days 00:00:00,100000.0,162014.535767,62.014536,2995.945946,100.0,4935.476762,50.040641,4736 days 00:00:00,18,18,0,0.0,33.333333,35.590273,-13.421818,27.875984,-7.876052,53 days 12:00:00,25 days 20:00:00,1.457405,3445.251987,0.275514,0.05517,1.140214,0.458826
BIOCON,Success,0.0047411930027010385,0.0062619300006190315,0.0004469899977266323,0.026506562000577105,0.03811009300261503,2004-04-07 00:00:00,2025-03-06 00:00:00,5175 days 00:00:00,100000.0,108532.586807,8.532587,725.535404,100.0,3447.512153,43.36287,2640 days 00:00:00,16,16,0,0.0,31.25,31.920838,-11.40374,22.302364,-7.998439,54 days 19:12:00,36 days 10:54:32,1.086402,533.286675,0.112003,0.013357,1.046149,0.163638
HIKAL,Success,0.004853010999795515,0.005829902998812031,0.00044393999996827915,0.026229407998471288,0.03749424600027851,2001-02-14 00:00:00,2025-03-06 00:00:00,5771 days 00:00:00,100000.0,290665.440286,190.66544,3759.044179,100.0,4314.414701,36.56933,1249 days 00:00:00,10,10,0,0.0,50.0,74.682706,-12.293911,39.22151,-10.406691,54 days 19:12:00,24 days 09:36:00,2.551458,19066.544029,0.520655,0.190909,1.36473,1.062601
CUMMINSIND,Success,0.00577967999925022,0.005736675000662217,0.0005425320014182944,0.02709502300058375,0.03929896699992241,1994-11-03 00:00:00,2025-03-06 00:00:00,7367 days 00:00:00,100000.0,118440.517319,18.440517,6303.597434,100.0,2952.813021,59.056203,6123 days 00:00:00,19,19,0,0.0,36.842105,32.973715,-13.147661,21.019376,-9.167325,34 days 17:08:34,38 days 16:00:00,1.214061,970.553543,0.129031,0.014258,1.062159,0.196988
UNIONBANK,Success,0.005354061002435628,0.005939606999163516,0.0004564810005831532,0.027610745000856696,0.03949975599971367,2002-09-24 00:00:00,2025-03-06 00:00:00,5537 days 00:00:00,100000.0,141692.759231,41.692759,614.984709,100.0,8575.806633,60.19414,2505 days 00:00:00,19,19,0,0.0,31.578947,54.320254,-17.495172,35.288479,-10.486585,65 days 12:00:00,21 days 12:55:23,1.123086,2194.355749,0.218148,0.038606,1.090048,0.321439
KEI,Success,0.0044657840007857885,0.006733160000294447,0.000453669999842532,0.026478979001694825,0.03826903300068807,2006-03-23 00:00:00,2025-03-07 00:00:00,4667 days 00:00:00,100000.0,597646.487448,497.646487,4207.114362,100.0,10475.39421,41.847306,1237 days 00:00:00,17,17,0,0.0,52.941176,49.869662,-11.641169,33.149806,-9.099177,54 days 02:40:00,23 days 06:00:00,3.114158,29273.322791,0.787269,0.358616,1.350092,1.356322
XCHANGING,Success,0.004241190003085649,0.006038548002834432,0.00044347400034894235,0.026304331000574166,0.03717223800049396,2005-03-09 00:00:00,2025-03-07 00:00:00,4931 days 00:00:00,100000.0,42164.76707,-57.835233,-52.473327,100.0,1877.520992,81.230118,2539 days 00:00:00,13,13,0,0.0,23.076923,41.821204,-29.327846,35.891093,-16.084236,44 days 08:00:00,65 days 04:48:00,0.548525,-4448.864072,-0.197005,-0.076232,0.926135,-0.271003
MOTOGENFIN,Success,0.004324574001657311,0.005726076000428293,0.0005501609994098544,0.026737815998785663,0.0374726379995991,1999-01-04 00:00:00,2025-03-06 00:00:00,4446 days 00:00:00,100000.0,330983.222481,230.983222,226.941176,100.0,4270.060321,38.58341,3298 days 00:00:00,6,6,0,0.0,50.0,205.687804,-18.781319,88.47865,-13.453546,28 days 16:00:00,30 days 16:00:00,2.328813,38497.203747,0.322809,0.267603,1.960955,2.057441
SASTASUNDR,Success,0.002934291998826666,0.005697974997019628,0.0004381660000944976,0.02553914599775453,0.034748453999782214,2010-10-05 00:00:00,2025-03-06 00:00:00,3560 days 00:00:00,100000.0,59999.588304,-40.000412,103.357466,100.0,2734.936596,64.114575,2453 days 00:00:00,14,14,0,0.0,21.428571,42.514822,-22.190228,35.828139,-12.087419,49 days 16:00:00,17 days 21:49:05,0.710252,-2857.172264,-0.186421,-0.079587,0.91329,-0.27173
IMPAL,Success,0.004316507998737507,0.006404019000910921,0.0004453369983821176,0.02697285300018848,0.038353888998244656,2005-10-07 00:00:00,2025-03-06 00:00:00,4741 days 00:00:00,100000.0,98968.230159,-1.03177,766.906697,100.0,1605.055564,31.385988,1844 days 00:00:00,7,7,0,0.0,28.571429,29.132033,-10.386944,24.391607,-8.511713,132 days 12:00:00,11 days 14:24:00,0.979294,-147.395692,0.041262,-0.002543,1.02694,0.069936
NATCOPHARM,Success,0.005909209001401905,0.005893788002140354,0.0004600950014719274,0.028171237998321885,0.0406243209981767,1999-01-01 00:00:00,2025-03-06 00:00:00,6340 days 00:00:00,100000.0,161505.025718,61.505026,23148.586257,100.0,4261.365696,67.288686,3824 days 00:00:00,22,22,0,0.0,36.363636,73.048826,-23.610996,34.054655,-11.879581,70 days 00:00:00,26 days 10:17:08,1.418521,2795.682987,0.233899,0.041585,1.099898,0.361137
HAVELLS,Success,0.005637997997837374,0.00632113599931472,0.0005975259991828352,0.0271164259975194,0.03981658500197227,2001-03-21 00:00:00,2025-03-06 00:00:00,5798 days 00:00:00,100000.0,234319.058697,134.319059,74390.031208,100.0,7578.956946,40.772104,1105 days 00:00:00,25,25,0,0.0,44.0,32.3044,-20.239448,22.497525,-9.215446,51 days 15:16:21,27 days 10:17:08,1.745101,5372.762348,0.410464,0.135063,1.173404,0.567174
NETWORK18,Success,0.004021525997814024,0.005781238000054145,0.000554713999008527,0.02840856900002109,0.03890862700063735,2007-02-02 00:00:00,2025-03-06 00:00:00,4473 days 00:00:00,100000.0,35498.968762,-64.501031,-88.000545,100.0,1250.663355,68.904616,4377 days 00:00:00,10,10,0,0.0,10.0,20.14997,-18.729822,20.14997,-12.612838,3 days 00:00:00,54 days 18:40:00,0.158071,-6450.103124,-0.34399,-0.11761,0.863329,-0.512918
TOKYOPLAST,Success,0.0042517649999354035,0.006352819997118786,0.000429725998401409,0.028729824000038207,0.03990965099728783,1995-10-11 00:00:00,2025-03-06 00:00:00,5623 days 00:00:00,100000.0,95400.176962,-4.599823,182.173382,100.0,2510.901897,57.231354,2237 days 00:00:00,11,11,0,0.0,27.272727,71.351639,-25.852673,61.685396,-16.780959,38 days 16:00:00,35 days 12:00:00,0.971064,-418.165731,0.094232,-0.005333,1.055443,0.148014
ICRA,Success,0.003769443999772193,0.005832689999806462,0.0004410520014062058,0.026426749001984717,0.03660230899913586,2007-04-13 00:00:00,2025-03-06 00:00:00,4425 days 00:00:00,100000.0,217815.458352,117.815458,576.32742,100.0,3871.331392,27.849576,1915 days 00:00:00,12,12,0,0.0,50.0,22.497169,-8.207007,21.062499,-5.923205,57 days 20:00:00,26 days 04:00:00,2.960592,9817.954863,0.527954,0.238136,1.376118,1.127587
RAJTV,Success,0.0037077730012242682,0.005784258999483427,0.0005961240021861158,0.025632004002545727,0.03585170800215565,2007-03-16 00:00:00,2025-03-06 00:00:00,4221 days 00:00:00,100000.0,75275.073831,-24.724926,42.424778,100.0,1184.920963,36.289497,3179 days 00:00:00,8,7,1,458.629014,28.571429,24.531513,-16.414273,23.063536,-13.111956,52 days 00:00:00,24 days 19:12:00,0.559601,-3597.65074,-0.160047,-0.066854,0.890617,-0.262439
BALPHARMA,Success,0.00392125600046711,0.006269586996495491,0.0007014100010565016,0.025583983002434252,0.03660859999945387,2006-05-08 00:00:00,2025-03-06 00:00:00,4441 days 00:00:00,100000.0,197380.079319,97.380079,41.640436,100.0,3681.897546,36.753441,1009 days 00:00:00,13,13,0,0.0,46.153846,53.037109,-16.730216,32.791604,-13.329933,28 days 12:00:00,27 days 10:17:08,1.70211,7490.775332,0.37215,0.156383,1.232178,0.680666
TIMESGTY,Success,0.00371365200044238,0.0065682250024110544,0.0005449250020319596,0.025159959997836268,0.03611834700132022,2002-06-11 00:00:00,2025-03-06 00:00:00,4500 days 00:00:00,100000.0,327360.108326,227.360108,1758.360656,100.0,4879.021202,33.778962,683 days 00:00:00,10,10,0,0.0,50.0,57.292721,-18.289532,46.581423,-13.317397,38 days 09:36:00,23 days 09:36:00,2.203482,22736.010833,0.563861,0.298905,1.386155,1.089226
RGL,Success,0.003681017999042524,0.0057670839996717405,0.0004652360003092326,0.02626255500217667,0.03631079199840315,2007-12-12 00:00:00,2025-03-06 00:00:00,4252 days 00:00:00,100000.0,106335.592816,6.335593,287.719854,100.0,1781.036024,35.908647,1697 days 00:00:00,9,9,0,0.0,33.333333,36.122318,-14.66161,30.856102,-11.593706,37 days 00:00:00,39 days 20:00:00,1.086744,703.954757,0.112904,0.014724,1.061993,0.181791
ASAL,Success,0.004290064000088023,0.005804797001474071,0.0005690469988621771,0.025819017002504552,0.03661935499985702,2003-10-14 00:00:00,2025-03-06 00:00:00,5016 days 00:00:00,100000.0,50712.763668,-49.287236,860.932791,100.0,2188.278307,61.40475,4454 days 00:00:00,14,14,0,0.0,21.428571,38.348684,-27.951276,34.290463,-13.066235,87 days 16:00:00,19 days 13:05:27,0.584676,-3520.516881,-0.154776,-0.078508,0.924381,-0.222041
ACE,Success,0.0038878559971635696,0.005714532999263611,0.0004475540008570533,0.02533146499990835,0.03553160299998126,2006-09-26 00:00:00,2025-03-06 00:00:00,4556 days 00:00:00,100000.0,709295.649813,609.29565,2749.470842,100.0,13136.248127,28.282285,985 days 00:00:00,14,14,0,0.0,57.142857,58.805172,-14.181523,39.667118,-10.932635,72 days 15:00:00,16 days 04:00:00,2.50665,43521.117844,0.751007,0.600868,1.346097,1.359628
EMKAY,Success,0.004009321997727966,0.006505001001642086,0.0004442960016604047,0.025477069000771735,0.03656811400287552,2006-04-28 00:00:00,2025-03-06 00:00:00,4466 days 00:00:00,100000.0,148831.263483,48.831263,40.226691,100.0,1912.870517,43.717568,3458 days 00:00:00,7,7,0,0.0,42.857143,46.785072,-20.009164,39.202266,-13.59796,42 days 16:00:00,55 days 18:00:00,1.607902,6975.894783,0.263538,0.075559,1.153502,0.416042
RANEHOLDIN,Success,0.004061670999362832,0.0057627720016171224,0.00045109400161891244,0.026868694996665,0.037277589999575866,2005-08-22 00:00:00,2025-03-06 00:00:00,4771 days 00:00:00,100000.0,140029.202869,40.029203,504.084865,100.0,3140.808307,32.927935,1195 days 00:00:00,14,14,0,0.0,35.714286,35.229372,-13.495164,30.341142,-10.349984,58 days 19:12:00,23 days 05:20:00,1.369044,2859.228776,0.241029,0.07924,1.1165,0.395319
BBL,Success,0.0038416110000980552,0.005888545998459449,0.0005607919993053656,0.026016989999334328,0.03643959499822813,2006-11-21 00:00:00,2025-03-06 00:00:00,4522 days 00:00:00,100000.0,197671.905338,97.671905,367.850426,100.0,2697.150618,26.841923,3652 days 00:00:00,9,9,0,0.0,55.555556,33.167792,-14.686258,27.728364,-12.584858,45 days 19:12:00,30 days 00:00:00,2.189906,10852.433926,0.415005,0.210656,1.288958,0.650674
HUHTAMAKI,Success,0.004400981997605413,0.005727596999349771,0.0004556539970508311,0.026314787999581313,0.03703121299986378,1999-01-01 00:00:00,2025-03-06 00:00:00,6407 days 00:00:00,100000.0,134773.454161,34.773454,1766.944444,100.0,2643.486051,44.225298,2756 days 00:00:00,14,14,0,0.0,42.857143,28.336189,-13.755424,22.060317,-10.552572,62 days 04:00:00,65 days 09:00:00,1.43331,2483.818154,0.188083,0.03877,1.079688,0.291688
ALLDIGI,Success,0.0035785479994956404,0.006223338001291268,0.0004486819998419378,0.02679879700008314,0.03718189799838001,2005-05-09 00:00:00,2025-03-06 00:00:00,4629 days 00:00:00,100000.0,143790.33825,43.790338,641.786968,100.0,1667.806445,54.452346,4167 days 00:00:00,10,10,0,0.0,40.0,48.174583,-18.025171,32.555303,-11.664001,41 days 00:00:00,25 days 00:00:00,1.768532,4379.033825,0.257679,0.053352,1.157953,0.401042
FMGOETZE,Success,0.0036912950017722324,0.005816323999169981,0.00045139400026528165,0.02719768600218231,0.03729092800131184,2006-09-12 00:00:00,2025-03-06 00:00:00,4494 days 00:00:00,100000.0,48262.092693,-51.737907,7.981126,100.0,1323.19522,52.537336,3503 days 00:00:00,10,10,0,0.0,10.0,16.434443,-12.806113,16.434443,-9.300294,12 days 00:00:00,26 days 18:40:00,0.151993,-5173.790731,-0.399235,-0.109358,0.746141,-0.542561
LICHSGFIN,Success,0.0044338359984976705,0.005753866000304697,0.0006429480017686728,0.026677820998884272,0.03764592800143873,1999-01-01 00:00:00,2025-03-06 00:00:00,6469 days 00:00:00,100000.0,122767.275514,22.767276,6714.267002,100.0,3981.96001,43.967667,3012 days 00:00:00,19,19,0,0.0,31.578947,36.099533,-11.569317,25.743107,-8.497583,78 days 20:00:00,36 days 07:23:04,1.191135,1198.277659,0.152136,0.026476,1.057581,0.220866
KERNEX,Success,0.004076309000083711,0.0057044300010602456,0.0004280969988030847,0.026047553001262713,0.036384282997460105,2005-12-20 00:00:00,2025-03-06 00:00:00,4315 days 00:00:00,100000.0,429160.730493,329.16073,149.1071,100.0,7512.720178,58.984656,2389 days 00:00:00,19,19,0,0.0,42.105263,52.903794,-15.141315,43.928849,-12.263567,32 days 00:00:00,33 days 10:54:32,2.160065,17324.248973,0.68296,0.222312,1.258421,1.079613
PRSMJOHNSN,Success,0.004684242001530947,0.006453772999520879,0.0004182699994998984,0.02610184399964055,0.037793517996760784,1995-06-14 00:00:00,2025-03-06 00:00:00,7363 days 00:00:00,100000.0,18623.873729,-81.376126,853.58209,100.0,1254.610786,87.310283,6807 days 00:00:00,20,20,0,0.0,20.0,31.271365,-23.706542,24.758373,-14.658969,52 days 00:00:00,38 days 21:00:00,0.150044,-4068.806314,-0.264647,-0.091559,0.886318,-0.371122
CANBK,Success,0.004324530000303639,0.0058586640006979,0.00042666499939514324,0.02653124200151069,0.0372756879987719,2003-01-01 00:00:00,2025-03-06 00:00:00,5492 days 00:00:00,100000.0,124317.365838,24.317366,785.464291,100.0,5062.010977,50.623288,3528 days 00:00:00,21,21,0,0.0,38.095238,35.900093,-18.001916,23.262002,-10.422312,40 days 03:00:00,19 days 20:18:27,1.141953,1157.969802,0.17287,0.028784,1.084267,0.226916
KKCL,Success,0.004461059001187095,0.005772625001554843,0.0005258590026642196,0.18596579199947882,0.19686466100029065,2006-04-13 00:00:00,2025-03-06 00:00:00,4608 days 00:00:00,100000.0,58491.532867,-41.508467,905.956048,100.0,1672.069103,51.523712,4401 days 00:00:00,11,11,0,0.0,18.181818,32.012134,-17.731313,26.225842,-10.468685,53 days 00:00:00,30 days 10:40:00,0.446103,-3773.497012,-0.30375,-0.08072,0.853388,-0.43421
BANG,Success,0.0032086209976114333,0.005949351001618197,0.0004788799997186288,0.026283103001333075,0.036172245996567653,2008-02-20 00:00:00,2025-03-06 00:00:00,3855 days 00:00:00,100000.0,64625.503542,-35.374496,-69.689835,100.0,928.85053,52.311966,3750 days 00:00:00,6,6,0,0.0,16.666667,53.427611,-20.740495,53.427611,-15.826196,93 days 00:00:00,65 days 09:36:00,0.479425,-5895.74941,-0.058097,-0.077405,0.971778,-0.087432
TARAPUR,Success,0.0027896399988094345,0.006294275000982452,0.0004599839994625654,0.031339818000560626,0.04102494399921852,2010-05-18 00:00:00,2025-03-06 00:00:00,3249 days 00:00:00,100000.0,84060.76593,-15.939234,-49.459932,100.0,1824.010247,47.613123,1568 days 00:00:00,10,10,0,0.0,30.0,61.048337,-28.243856,36.008582,-13.822779,42 days 00:00:00,25 days 13:42:51,0.836974,-1593.923407,0.049364,-0.040571,1.022712,0.078862
ORISSAMINE,Success,0.0030791130011493806,0.005896618000406306,0.0005267939995974302,0.026996936001523864,0.036632734998420347,2010-09-29 00:00:00,2025-03-06 00:00:00,3573 days 00:00:00,100000.0,32841.095441,-67.158905,67.478204,100.0,1064.379737,67.174971,3219 days 00:00:00,9,9,0,0.0,0.0,-7.303357,-17.4167,,-11.601584,,30 days 13:20:00,0.0,-7462.100507,-0.791341,-0.160056,0.660468,-1.067963
SUNTV,Success,0.004173803001322085,0.005954748998192372,0.00048145800246857107,0.026299234999896726,0.037044927001261385,2006-04-24 00:00:00,2025-03-06 00:00:00,4667 days 00:00:00,100000.0,91029.413928,-8.970586,54.18018,100.0,2114.873362,37.131577,2969 days 00:00:00,9,9,0,0.0,22.222222,35.213225,-11.59185,30.613302,-8.555521,28 days 12:00:00,27 days 10:17:08,0.877585,-996.731786,-0.03025,-0.019724,0.981629,-0.042921
NAHARPOLY,Success,0.002812341997923795,0.0057651799979794305,0.0005002940015401691,0.027270245998806786,0.036484981999819865,2011-06-16 00:00:00,2025-03-06 00:00:00,3279 days 00:00:00,100000.0,449186.760014,349.18676,572.736486,100.0,3713.220474,55.429699,1279 days 00:00:00,9,9,0,0.0,66.666667,57.153793,-19.292952,42.904566,-18.931508,36 days 00:00:00,36 days 16:00:00,4.157689,38798.52889,0.775886,0.328378,1.46466,1.427486
DRREDDY,Success,0.005741182998463046,0.006325957001536153,0.0005675700012943707,0.02644112999769277,0.039207477999298135,1994-11-03 00:00:00,2025-03-06 00:00:00,7507 days 00:00:00,100000.0,269436.9802,169.43698,5742.600217,100.0,11506.825476,30.554724,1847 days 00:00:00,29,29,0,0.0,41.37931,38.317873,-11.42527,19.434633,-6.311768,39 days 18:00:00,33 days 07:03:31,1.839231,5842.65449,0.398177,0.161585,1.180472,0.583836
VENUSREM,Success,0.004055325000081211,0.006511153998872032,0.00046766399827902205,0.026709770001616562,0.03787668999939342,2006-12-20 00:00:00,2025-03-06 00:00:00,4492 days 00:00:00,100000.0,126569.573843,26.569574,-22.091826,100.0,2504.941511,41.707287,2784 days 00:00:00,11,11,0,0.0,36.363636,40.898075,-19.848296,33.904673,-12.339999,23 days 06:00:00,28 days 00:00:00,1.259102,2415.415804,0.197433,0.046347,1.139371,0.315265
ATLANTAA,Success,0.003875367001455743,0.006642917996941833,0.000537402000190923,0.026998787001502933,0.03818056299860473,2006-09-25 00:00:00,2025-03-06 00:00:00,4558 days 00:00:00,100000.0,77925.921485,-22.074079,-15.704628,100.0,2043.989127,59.984935,2253 days 00:00:00,12,12,0,0.0,25.0,56.341173,-20.319953,46.028998,-14.15467,37 days 08:00:00,14 days 18:40:00,0.809898,-1839.506543,-0.047044,-0.032966,0.969001,-0.071727
FEL,Success,0.004006849998404505,0.006159406999358907,0.0011988480000582058,0.026503766999667278,0.03799351900306647,2006-11-02 00:00:00,2025-03-06 00:00:00,4403 days 00:00:00,100000.0,92593.680575,-7.406319,-99.85613,100.0,2060.692805,51.2203,3554 days 00:00:00,10,10,0,0.0,30.0,40.916958,-16.242324,28.997666,-11.186831,60 days 08:00:00,28 days 00:00:00,0.913007,-740.631943,0.031006,-0.012414,1.015989,0.049568
PARACABLES,Success,0.003015153997694142,0.005650450999382883,0.0004850779987464193,0.02588194900090457,0.03516114000012749,2007-01-03 00:00:00,2025-03-06 00:00:00,4386 days 00:00:00,100000.0,64535.263812,-35.464736,27.70485,100.0,1549.083718,55.787821,2227 days 00:00:00,11,11,0,0.0,27.272727,58.044932,-26.429245,42.427823,-16.846303,43 days 00:00:00,29 days 03:00:00,0.666755,-3224.066926,-0.059126,-0.064155,0.971567,-0.090952
MTNL,Success,0.0047275440010707825,0.006648425001912983,0.000538852000318002,0.026380204999441048,0.03842702399924747,1999-01-01 00:00:00,2025-03-06 00:00:00,6469 days 00:00:00,100000.0,146049.042925,46.049043,-77.050162,100.0,2124.245252,41.352951,3246 days 00:00:00,9,9,0,0.0,44.444444,42.036807,-16.798554,32.040862,-13.442335,23 days 00:00:00,25 days 09:36:00,1.533444,5116.560325,0.225166,0.052237,1.198921,0.382394
RAMKY,Success,0.002940463997219922,0.005837409997184295,0.0006022119996487163,0.026165546998527134,0.03567430800103466,2010-10-08 00:00:00,2025-03-07 00:00:00,3567 days 00:00:00,100000.0,284049.172735,184.049173,27.516782,100.0,2621.028164,30.87374,1112 days 00:00:00,9,9,0,0.0,55.555556,50.096539,-18.34649,39.916647,-14.319092,35 days 09:36:00,12 days 00:00:00,3.47904,20449.908082,0.771617,0.36517,1.576675,1.486404
PNBGILTS,Success,0.004559924000204774,0.005707478998374427,0.0006119039971963502,0.02681803899758961,0.03782605699962005,2000-09-21 00:00:00,2025-03-06 00:00:00,5952 days 00:00:00,100000.0,75430.383788,-24.569616,487.52225,100.0,2605.602387,34.040144,3770 days 00:00:00,14,14,0,0.0,21.428571,38.498929,-16.695533,31.155005,-9.404642,56 days 16:00:00,36 days 06:32:43,0.752547,-1754.972587,-0.047965,-0.050359,0.974737,-0.069369
ZENSARTECH,Success,0.004179558000032557,0.005802608997328207,0.00046884500261512585,0.026162491001741728,0.03673953399993479,2004-03-04 00:00:00,2025-03-06 00:00:00,5138 days 00:00:00,100000.0,310264.477399,210.264477,7608.717949,100.0,6420.317536,40.870746,1126 days 00:00:00,19,19,0,0.0,52.631579,41.477102,-17.445358,25.350185,-11.549248,35 days 14:24:00,52 days 05:20:00,2.21945,11066.551442,0.506154,0.204934,1.21671,0.850365
LT,Success,0.004835109997657128,0.006774063000193564,0.0005716129999200348,0.026077054000779754,0.03839363500082982,2004-06-23 00:00:00,2025-03-06 00:00:00,5123 days 00:00:00,100000.0,139681.612435,39.681612,4513.410209,100.0,4500.680422,34.257634,2775 days 00:00:00,19,19,0,0.0,36.842105,36.225209,-8.862289,18.28152,-6.624612,76 days 00:00:00,23 days 22:00:00,1.411469,2088.505918,0.257794,0.070338,1.093983,0.377106
BRITANNIA,Success,0.004748166000354104,0.005752131997724064,0.0006659479986410588,0.027467034000437707,0.038765970999520505,1999-01-01 00:00:00,2025-03-06 00:00:00,6468 days 00:00:00,100000.0,140967.993548,40.967994,5283.571837,100.0,5495.583708,28.066471,2323 days 00:00:00,21,21,0,0.0,33.333333,33.162295,-10.155583,20.427998,-6.495151,74 days 00:00:00,24 days 20:34:17,1.339077,1950.856836,0.237582,0.069711,1.099712,0.354549
DHUNINV,Success,0.002557407999120187,0.0061435959978553,0.0006819510017521679,0.027633818001049804,0.03714944600142189,2011-03-30 00:00:00,2025-03-07 00:00:00,3126 days 00:00:00,100000.0,78017.018498,-21.982982,2272.87147,100.0,1455.896954,52.54145,1876 days 00:00:00,6,6,0,0.0,16.666667,64.454195,-17.196225,64.454195,-13.817607,400 days 00:00:00,23 days 00:00:00,0.745487,-3663.83025,-0.022104,-0.054375,0.990905,-0.032875
SKMEGGPROD,Success,0.0045433489976858255,0.006480578998889541,0.0006096430006437004,0.02534561299762572,0.037103742000908824,1999-01-01 00:00:00,2025-03-06 00:00:00,5404 days 00:00:00,100000.0,30653.632874,-69.346367,2924.5,100.0,1414.996478,80.740383,3648 days 00:00:00,11,11,0,0.0,9.090909,34.098461,-28.576523,34.098461,-13.531733,6 days 00:00:00,62 days 21:36:00,0.276661,-6304.215193,-0.263157,-0.095067,0.885005,-0.394463
ZENITHSTL,Success,0.0028144819989393,0.00602313100171159,0.00047472900041611865,0.025902291999955196,0.035348126002645586,2007-04-30 00:00:00,2025-03-07 00:00:00,3957 days 00:00:00,100000.0,139541.715067,39.541715,-63.938655,100.0,1629.718771,51.996056,1012 days 00:00:00,8,8,0,0.0,50.0,49.468984,-23.7822,32.852285,-17.75108,22 days 12:00:00,27 days 00:00:00,1.508245,4942.714383,0.2586,0.060027,1.167715,0.401426
GARFIBRES,Success,0.004868004001764348,0.005892626002605539,0.0006127199994807597,0.026495661000808468,0.03799840200008475,1997-06-27 00:00:00,2025-03-06 00:00:00,6634 days 00:00:00,100000.0,237600.35709,137.600357,19116.433817,100.0,5973.029485,40.327485,1163 days 00:00:00,18,18,0,0.0,44.444444,44.897673,-18.27994,29.37017,-10.946344,69 days 15:00:00,34 days 16:48:00,1.840246,7644.464283,0.364845,0.120927,1.171161,0.568914
DEEPAKFERT,Success,0.005375631000788417,0.006361846000800142,0.0010126479974132963,0.0264354379978613,0.0393187100016803,1999-01-01 00:00:00,2025-03-06 00:00:00,6468 days 00:00:00,100000.0,150742.407182,50.742407,6920.496534,100.0,5347.577516,46.082047,3799 days 00:00:00,18,18,0,0.0,38.888889,51.858485,-21.12532,30.61967,-12.183538,79 days 06:51:25,29 days 08:43:38,1.239158,2819.022621,0.220727,0.050844,1.091834,0.338518
VAKRANGEE,Success,0.0042421910002303775,0.006780907999200281,0.00048567399790044874,0.024822757000947604,0.03647769199960749,2006-04-03 00:00:00,2025-03-06 00:00:00,4629 days 00:00:00,100000.0,61952.569361,-38.047431,428.225241,100.0,2793.541612,59.165828,3527 days 00:00:00,15,15,0,0.0,26.666667,52.206302,-33.841264,34.066298,-13.331059,34 days 12:00:00,27 days 04:21:49,0.728513,-2536.495376,-0.110237,-0.062621,0.946683,-0.147312
BFINVEST,Success,0.0027530580009624828,0.006523736999952234,0.00047647999963373877,0.0261516090031364,0.03603384300004109,2011-01-25 00:00:00,2025-03-06 00:00:00,3475 days 00:00:00,100000.0,147235.274124,47.235274,372.356021,100.0,2192.396394,48.777089,2453 days 00:00:00,8,8,0,0.0,37.5,43.78369,-17.195804,39.303169,-11.338562,46 days 16:00:00,37 days 00:00:00,1.553416,5904.409265,0.29549,0.085022,1.167493,0.509045
KESORAMIND,Success,0.005711272999178618,0.0069409839998115785,0.0007000359983067028,0.0258721019999939,0.03934910799944191,1999-01-01 00:00:00,2025-03-06 00:00:00,6416 days 00:00:00,100000.0,68220.449505,-31.77955,1781.342653,100.0,2243.900442,59.704977,3687 days 00:00:00,17,17,0,0.0,35.294118,38.871781,-28.630179,25.195541,-14.163776,42 days 04:00:00,58 days 17:27:16,0.731672,-1869.385323,-0.032339,-0.036045,0.987001,-0.047562
RELIANCE,Success,0.005807263998576673,0.007904989997769007,0.0006331910008157138,0.025245140997867566,0.039712609999696724,1994-11-03 00:00:00,2025-03-06 00:00:00,7515 days 00:00:00,100000.0,143100.713499,43.100713,7076.064838,100.0,5606.386298,36.349016,2184 days 00:00:00,26,26,0,0.0,38.461538,27.61841,-11.280649,16.805356,-7.107338,26 days 19:12:00,24 days 04:30:00,1.349291,1657.71975,0.210517,0.048306,1.10625,0.319765
MANINDS,Success,0.004159749998507323,0.0068967150000389665,0.000508685003296705,0.024933313998189988,0.03662324800097849,2005-06-24 00:00:00,2025-03-06 00:00:00,4868 days 00:00:00,100000.0,59785.199113,-40.214801,191.422483,100.0,2916.98805,73.402133,4242 days 00:00:00,16,16,0,0.0,25.0,48.968653,-19.310319,34.857457,-13.138471,42 days 00:00:00,32 days 16:00:00,0.730822,-2513.425055,-0.092111,-0.051546,0.959495,-0.136725
JAGRAN,Success,0.005479557999933604,0.011596617001487175,0.0005747040013375226,0.026815856999746757,0.04460042500068084,2006-02-22 00:00:00,2025-03-06 00:00:00,4705 days 00:00:00,100000.0,361343.963175,261.343963,57.165641,100.0,5890.604078,20.468783,1476 days 00:00:00,10,10,0,0.0,60.0,57.270855,-10.676202,31.832915,-8.19113,69 days 08:00:00,32 days 18:00:00,3.185026,26134.396318,0.684641,0.511977,1.371935,1.239928
DIVISLAB,Success,0.004324665998865385,0.006034244997863425,0.0007645379992027301,0.02749487199980649,0.038770102997659706,2003-03-12 00:00:00,2025-03-06 00:00:00,5443 days 00:00:00,100000.0,166712.218236,66.712218,63090.921986,100.0,5046.018062,30.730623,1436 days 00:00:00,17,17,0,0.0,35.294118,39.424324,-12.165418,25.806421,-7.438168,59 days 16:00:00,18 days 10:54:32,1.545825,3924.248132,0.318515,0.113462,1.156603,0.490489
SOBHA,Success,0.0057206419987778645,0.0070670390014129225,0.0005783300002804026,0.025499190000118688,0.038999035001324955,2006-12-20 00:00:00,2025-03-07 00:00:00,4502 days 00:00:00,100000.0,159115.038331,59.115038,40.37069,100.0,3236.581283,46.149028,3571 days 00:00:00,11,11,0,0.0,36.363636,59.15596,-10.521094,35.060011,-9.721113,54 days 00:00:00,16 days 13:42:51,1.560084,5374.094394,0.339486,0.083152,1.192893,0.5572
SCHAEFFLER,Success,0.007474017998902127,0.0061741919998894446,0.0004369570015114732,0.024679081001522718,0.0389056679996429,1996-01-02 00:00:00,2025-03-06 00:00:00,7135 days 00:00:00,100000.0,105115.861897,5.115862,23132.857143,100.0,3814.487363,48.220076,3303 days 00:00:00,14,14,0,0.0,28.571429,38.103625,-11.386438,24.94183,-7.969751,33 days 06:00:00,46 days 04:48:00,1.045078,365.418707,0.076816,0.0053,1.039591,0.118467
AMRUTANJAN,Success,0.005587628998910077,0.006806817000324372,0.00044781600081478246,0.025186361999658402,0.03818653800044558,2009-11-05 00:00:00,2025-03-06 00:00:00,3797 days 00:00:00,100000.0,170115.867786,70.115868,1370.443384,100.0,4044.570515,40.535475,1258 days 00:00:00,12,12,0,0.0,41.666667,35.883836,-18.760221,28.920033,-9.870176,66 days 00:00:00,40 days 10:17:08,1.572277,5842.988982,0.350467,0.129271,1.143914,0.613476
TCIFINANCE,Success,0.004607435999787413,0.005922693999309558,0.0005638160000671633,0.02541573599955882,0.03664927000136231,1999-01-01 00:00:00,2025-03-06 00:00:00,4442 days 00:00:00,100000.0,42137.965171,-57.862035,126.554622,100.0,1720.128385,74.862383,3935 days 00:00:00,15,15,0,0.0,26.666667,82.876857,-59.181918,49.149683,-18.171564,21 days 18:00:00,66 days 13:05:27,0.606397,-3857.468989,-0.002343,-0.091569,0.99915,-0.003542
SANGHVIMOV,Success,0.005560128000070108,0.006416691998310853,0.0005629799998132512,0.025446874999033753,0.038163632998475805,2007-01-24 00:00:00,2025-03-06 00:00:00,4476 days 00:00:00,100000.0,54348.309764,-45.65169,169.448561,100.0,1613.282052,59.953028,4310 days 00:00:00,14,14,0,0.0,21.428571,37.940088,-22.489948,33.539276,-12.427697,47 days 00:00:00,24 days 08:43:38,0.495807,-3260.835017,-0.168891,-0.080909,0.919985,-0.247839
JPPOWER,Success,0.0041273489987361245,0.0063200429976859596,0.00047642499703215435,0.024856811000063317,0.0359474990000308,2010-01-08 00:00:00,2025-03-06 00:00:00,3754 days 00:00:00,100000.0,55709.753738,-44.290246,-83.212308,100.0,1196.715421,54.329031,3004 days 00:00:00,7,7,0,0.0,14.285714,26.954133,-15.575341,26.954133,-12.820431,10 days 00:00:00,35 days 08:00:00,0.349571,-6327.178037,-0.358138,-0.101775,0.820653,-0.509313
CENTURYPLY,Success,0.004861552999500418,0.0069247419996827375,0.0005030749998695683,0.02502838399959728,0.03745160700054839,2006-03-23 00:00:00,2025-03-06 00:00:00,4681 days 00:00:00,100000.0,111736.070594,11.736071,3582.5117,100.0,2308.206324,39.064941,813 days 00:00:00,11,11,0,0.0,36.363636,32.511753,-15.853482,24.907011,-10.434651,33 days 06:00:00,33 days 06:51:25,1.145637,1066.915509,0.131812,0.022246,1.074933,0.190602
3IINFOLTD,Success,0.006167335999634815,0.006007597999996506,0.0005589649990724865,0.026060699001391185,0.038940100002946565,2005-04-22 00:00:00,2025-03-06 00:00:00,4877 days 00:00:00,100000.0,214646.164313,114.646164,-95.039755,100.0,4494.623743,58.000927,1733 days 00:00:00,13,13,0,0.0,46.153846,48.26881,-20.297824,37.576055,-14.952008,49 days 00:00:00,73 days 06:51:25,1.578273,8818.935716,0.352792,0.101431,1.133159,0.588703
UNIENTER,Success,0.00579055400157813,0.006122540999058401,0.0005847790016559884,0.025855174997559516,0.03850520699779736,2004-01-23 00:00:00,2025-03-06 00:00:00,4887 days 00:00:00,100000.0,53077.323849,-46.922676,319.601163,100.0,879.645829,63.406303,4161 days 00:00:00,8,7,1,3305.070301,14.285714,32.240367,-20.840976,32.240367,-14.98866,82 days 00:00:00,16 days 04:00:00,0.194463,-7175.39235,-0.098158,-0.072875,0.966092,-0.141155
NECLIFE,Success,0.005340715997590451,0.006053907000023173,0.0004868340001848992,0.02488391400038381,0.0369118710004841,2005-07-18 00:00:00,2025-03-06 00:00:00,4804 days 00:00:00,100000.0,35521.062186,-64.478938,9.919258,100.0,1958.594194,68.38483,2558 days 00:00:00,15,15,0,0.0,13.333333,42.602498,-17.76292,40.541501,-12.331773,34 days 12:00:00,28 days 05:32:18,0.411192,-4298.595854,-0.322822,-0.110592,0.848535,-0.476579
COMPUSOFT,Success,0.004205127999739489,0.007551791000878438,0.00044016700121574104,0.02537834900067537,0.037726988000940764,2012-03-02 00:00:00,2025-03-06 00:00:00,3218 days 00:00:00,100000.0,130738.083317,30.738083,49.692308,100.0,863.186752,36.800415,762 days 00:00:00,4,4,0,0.0,50.0,50.345085,-16.128347,36.712608,-15.938982,42 days 12:00:00,72 days 00:00:00,1.855039,7684.520829,0.25989,0.083878,1.152591,0.431356
SOMANYCERA,Success,0.006301516998064471,0.006148595999547979,0.0005837749995407648,0.026085849000082817,0.03930288099945756,1995-11-22 00:00:00,2025-03-06 00:00:00,6777 days 00:00:00,100000.0,106576.165479,6.576165,694.383147,100.0,3545.490445,37.54908,2747 days 00:00:00,17,17,0,0.0,35.294118,48.274533,-21.685557,32.328149,-13.415264,40 days 08:00:00,24 days 21:49:05,1.040824,386.833263,0.101165,0.009151,1.054746,0.153096
SUPREMEINF,Success,0.003404228002182208,0.006039644998963922,0.0005893779998586979,0.02579999199951999,0.036048342000867706,2007-10-18 00:00:00,2025-03-06 00:00:00,4110 days 00:00:00,100000.0,107911.50671,7.911507,-52.027416,100.0,2450.523029,63.969773,2882 days 00:00:00,12,12,0,0.0,41.666667,42.835579,-18.291949,27.302972,-14.716294,25 days 14:24:00,25 days 06:51:25,1.069238,659.292226,0.119564,0.010606,1.065071,0.179102
GRANULES,Success,0.00539784300053725,0.006058335999114206,0.0004684870000346564,0.025697379998746328,0.03781960800188244,2005-06-20 00:00:00,2025-03-06 00:00:00,4872 days 00:00:00,100000.0,88858.162162,-11.141838,4643.158905,100.0,2194.001727,46.457876,2243 days 00:00:00,13,13,0,0.0,30.769231,34.550183,-13.50648,24.207987,-10.298638,26 days 18:00:00,60 days 13:20:00,0.864816,-857.064449,0.00531,-0.018965,1.002165,0.008021
SUNDARAM,Success,0.003459638999629533,0.007103613002982456,0.00043960299808532,0.025212322998413583,0.03644182900097803,2010-06-02 00:00:00,2025-03-06 00:00:00,3657 days 00:00:00,100000.0,36613.903507,-63.386096,-86.63353,100.0,941.120168,65.5881,2080 days 00:00:00,7,7,0,0.0,0.0,-5.360129,-18.898685,,-13.272794,,26 days 06:51:25,0.0,-9055.156642,-0.64935,-0.14548,0.67873,-0.859121
INDBANK,Success,0.003611200001614634,0.00593677500000922,0.0005283860009512864,0.025545231001160573,0.035775847998593235,2008-10-08 00:00:00,2025-03-06 00:00:00,3996 days 00:00:00,100000.0,80554.471113,-19.445529,166.885246,100.0,2167.319561,47.502972,1748 days 00:00:00,11,11,0,0.0,27.272727,65.946876,-20.890399,51.254451,-16.550734,66 days 00:00:00,28 days 21:00:00,0.862703,-1767.775353,0.023453,-0.041171,1.011581,0.042262
ALKYLAMINE,Success,0.0059022559980803635,0.00610638500074856,0.0005620800002361648,0.025764965001144446,0.03860503099713242,1999-01-01 00:00:00,2025-03-06 00:00:00,4662 days 00:00:00,100000.0,48281.157163,-51.718843,24832.390792,100.0,893.529824,64.5675,4555 days 00:00:00,7,7,0,0.0,14.285714,23.192996,-34.654103,23.192996,-13.810398,16 days 00:00:00,49 days 04:00:00,0.194448,-7388.40612,-0.235045,-0.085821,0.875842,-0.325305
KAKATCEM,Success,0.00584911700207158,0.006056531998183345,0.00043238899888820015,0.02518993400008185,0.03769090100104222,1999-01-01 00:00:00,2025-03-06 00:00:00,6273 days 00:00:00,100000.0,49705.464126,-50.294536,704.0,100.0,1936.410264,64.615893,6073 days 00:00:00,14,14,0,0.0,21.428571,38.686434,-17.027644,32.814061,-13.091818,44 days 00:00:00,34 days 21:49:05,0.532671,-3592.466848,-0.199199,-0.061686,0.901574,-0.28893
VEDL,Success,0.006712595000863075,0.00668031000168412,0.0004740980002679862,0.025960964998375857,0.03996436099987477,1994-11-09 00:00:00,2025-03-06 00:00:00,7203 days 00:00:00,100000.0,394796.945801,294.796946,3693.325221,100.0,7781.405495,44.876687,3240 days 00:00:00,21,21,0,0.0,47.619048,40.89151,-17.090551,28.605108,-9.644522,40 days 07:12:00,20 days 06:32:43,2.739924,14037.9498,0.530633,0.16058,1.300806,0.895756
GRINDWELL,Success,0.004501216000790009,0.005923649001488229,0.0005393540013756137,0.026067750000947854,0.03717354900072678,2006-09-11 00:00:00,2025-03-06 00:00:00,4566 days 00:00:00,100000.0,79367.11805,-20.632882,2242.952522,100.0,1376.05978,32.436915,3358 days 00:00:00,7,7,0,0.0,14.285714,27.132178,-8.753296,27.132178,-7.554067,36 days 00:00:00,31 days 08:00:00,0.548352,-2947.554564,-0.170521,-0.056427,0.886136,-0.274709
BFUTILITIE,Success,0.0045407610014081,0.005896755999856396,0.0005332449982233811,0.025526114000967937,0.03663631100062048,2007-05-03 00:00:00,2025-03-06 00:00:00,4413 days 00:00:00,100000.0,99402.949274,-0.597051,-62.766522,100.0,983.627832,59.108306,4143 days 00:00:00,7,7,0,0.0,28.571429,51.837411,-15.499119,42.317745,-13.173531,107 days 00:00:00,51 days 00:00:00,0.988218,-85.292961,0.091634,-0.000838,1.042133,0.140774
BERGEPAINT,Success,0.005875702998309862,0.006130928999482421,0.00043698599984054454,0.025597458999982337,0.03818031300033908,1995-05-15 00:00:00,2025-03-06 00:00:00,7293 days 00:00:00,100000.0,392389.249017,292.389249,60071.88533,100.0,11576.008978,40.06531,1067 days 00:00:00,26,26,0,0.0,46.153846,45.059737,-14.145817,25.575256,-9.021585,69 days 00:00:00,24 days 22:17:08,2.140072,11245.740347,0.457431,0.176748,1.199489,0.755131
ADANIPORTS,Success,0.005045985002652742,0.006523438001750037,0.0004440539996721782,0.025592343001335394,0.03776146300151595,2007-11-27 00:00:00,2025-03-06 00:00:00,4267 days 00:00:00,100000.0,78446.42872,-21.553571,489.988564,100.0,1892.565193,40.082672,3556 days 00:00:00,12,12,0,0.0,25.0,22.991552,-13.941554,19.852315,-8.321424,34 days 16:00:00,25 days 10:39:59,0.660054,-1796.13094,-0.103382,-0.051272,0.947566,-0.15157
SAKUMA,Success,0.004234233001625398,0.005821040998853277,0.0005324199992173817,0.026305752999178367,0.03703990899884957,2006-03-08 00:00:00,2025-03-06 00:00:00,4646 days 00:00:00,100000.0,109838.513586,9.838514,211.168967,100.0,1280.108439,51.363891,2874 days 00:00:00,8,8,0,0.0,37.5,41.895875,-18.484044,34.370144,-14.542603,45 days 08:00:00,33 days 19:12:00,1.159115,1229.814198,0.128998,0.014406,1.081431,0.209336
PSB,Success,0.003313212000648491,0.005804892000014661,0.0005339489980542567,0.026146109998080647,0.03595128099914291,2010-12-30 00:00:00,2025-03-07 00:00:00,3510 days 00:00:00,100000.0,101934.943037,1.934943,-67.125442,100.0,1614.730336,25.893365,2411 days 00:00:00,8,8,0,0.0,37.5,23.473604,-14.980984,20.430494,-10.142851,24 days 08:00:00,36 days 19:12:00,1.035348,241.86788,0.082461,0.007704,1.046269,0.122018
TRIVENI,Success,0.004509355003392557,0.006026271003065631,0.000425067002652213,0.025810099999944214,0.03702237600009539,2005-12-13 00:00:00,2025-03-06 00:00:00,4754 days 00:00:00,100000.0,207345.666372,107.345666,1311.526636,100.0,2423.462504,46.477476,2862 days 00:00:00,10,10,0,0.0,50.0,35.653602,-16.064349,30.748831,-11.43713,74 days 19:12:00,45 days 00:00:00,2.670653,10734.566637,0.399886,0.123897,1.180936,0.650403
MANGLMCEM,Success,0.007195764999778476,0.0069017099995107856,0.0004478979972191155,0.025461030996666523,0.040138743999705184,1999-01-01 00:00:00,2025-03-06 00:00:00,6312 days 00:00:00,100000.0,288892.905511,188.892906,8115.254237,100.0,4797.592302,37.993784,2962 days 00:00:00,13,13,0,0.0,46.153846,89.184043,-17.211882,40.800187,-12.333679,67 days 20:00:00,24 days 03:25:42,2.174935,14530.223501,0.431519,0.166522,1.249155,0.733989
SUZLON,Success,0.00544645300033153,0.006526614000904374,0.0006482909993792418,0.025375068002176704,0.03814663199955248,2005-10-19 00:00:00,2025-03-07 00:00:00,4791 days 00:00:00,100000.0,38809.069896,-61.19093,-57.146804,100.0,1467.234178,61.19093,4666 days 00:00:00,12,12,0,0.0,16.666667,34.212804,-27.142696,28.711372,-13.321287,32 days 12:00:00,18 days 09:36:00,0.321756,-5099.244175,-0.4665,-0.113696,0.738781,-0.646796
KIRIINDUS,Success,0.0034460749993741047,0.00662615100009134,0.0006283750008151401,0.02529367299939622,0.036120689001108985,2011-03-28 00:00:00,2025-03-06 00:00:00,3449 days 00:00:00,100000.0,64064.990586,-35.935009,101.124755,100.0,852.101716,50.01985,2726 days 00:00:00,6,6,0,0.0,16.666667,36.923397,-18.689057,36.923397,-14.03068,12 days 00:00:00,18 days 19:12:00,0.346794,-5989.168236,-0.319947,-0.092022,0.768188,-0.481047
IOC,Success,0.006135343999631004,0.006465883998316713,0.0004600529973686207,0.025073479999264237,0.038266014998953324,1995-10-19 00:00:00,2025-03-06 00:00:00,6957 days 00:00:00,100000.0,79506.937275,-20.493063,566.21102,100.0,3826.261427,47.69639,5165 days 00:00:00,19,19,0,0.0,26.315789,32.483651,-13.96905,21.479059,-8.141687,30 days 14:24:00,35 days 22:17:08,0.82876,-1078.582249,-0.031027,-0.025074,0.985702,-0.042732
BLUECHIP,Success,0.0030996399982541334,0.007373551001364831,0.000501254999107914,0.024957993999123573,0.03605684300055145,1999-07-28 00:00:00,2025-03-06 00:00:00,3890 days 00:00:00,100000.0,67143.270552,-32.856729,788.75,100.0,1352.428379,76.403765,1647 days 00:00:00,8,8,0,0.0,50.0,51.159678,-33.566533,22.035309,-24.853818,6 days 18:00:00,60 days 12:00:00,0.683186,-4107.091181,0.099651,-0.048017,1.057662,0.142966
BANSWRAS,Success,0.004492388001381187,0.0068921380006941035,0.0005754019985033665,0.02575138300016988,0.03783533099704073,2007-04-11 00:00:00,2025-03-06 00:00:00,4243 days 00:00:00,100000.0,59408.467974,-40.591532,287.740097,100.0,616.865588,51.249158,3437 days 00:00:00,4,4,0,0.0,0.0,-9.078722,-14.000536,,-12.199051,,53 days 12:00:00,0.0,-10147.883006,-0.320527,-0.085479,0.81695,-0.431291
SARLAPOLY,Success,0.004268976001185365,0.007473587000276893,0.0007182670015026815,0.025448003001656616,0.03805403899968951,2007-01-19 00:00:00,2025-03-06 00:00:00,4057 days 00:00:00,100000.0,239066.743845,139.066744,533.129335,100.0,2769.362158,39.608096,1596 days 00:00:00,10,10,0,0.0,50.0,50.014543,-20.192929,40.029602,-14.694988,58 days 09:36:00,24 days 09:36:00,2.381545,13906.674385,0.447594,0.205943,1.241825,0.722825
CUBEXTUB,Success,0.0032765649993962143,0.007026274997770088,0.0004610719988704659,0.024681693997990806,0.035574418001488084,1999-01-01 00:00:00,2025-03-06 00:00:00,3743 days 00:00:00,100000.0,451638.287635,351.638288,6074.666667,100.0,6790.563697,45.164725,1235 days 00:00:00,14,14,0,0.0,57.142857,49.736262,-42.922802,40.066329,-16.74339,37 days 21:00:00,12 days 16:00:00,2.485129,25117.020545,0.668354,0.350678,1.394102,1.03103
KAJARIACER,Success,0.00569464599902858,0.00798616499741911,0.0004514899992500432,0.025078479000512743,0.03934112299975823,1999-01-01 00:00:00,2025-03-06 00:00:00,6283 days 00:00:00,100000.0,220099.86856,120.099869,25997.200999,100.0,11576.463394,54.355804,4506 days 00:00:00,24,24,0,0.0,33.333333,59.178147,-15.572686,34.525594,-9.192585,56 days 00:00:00,30 days 12:00:00,1.306814,5004.16119,0.342484,0.086278,1.147486,0.542411
TCI,Success,0.005904614998144098,0.006323122001049342,0.000571145999856526,0.02609564999875147,0.039025992999086156,2002-01-22 00:00:00,2025-03-07 00:00:00,5627 days 00:00:00,100000.0,366158.892427,266.158892,28602.849463,100.0,5809.58858,28.994557,2598 days 00:00:00,13,13,0,0.0,61.538462,58.661217,-20.808022,29.468825,-13.528676,44 days 12:00:00,14 days 14:24:00,2.704343,20473.760956,0.67117,0.302935,1.447426,1.143428
CIEINDIA,Success,0.005331100001058076,0.006181625998578966,0.0005624410005111713,0.025375196997629246,0.037580442000034964,2007-08-30 00:00:00,2025-03-06 00:00:00,4276 days 00:00:00,100000.0,225445.671799,125.445672,84.521935,100.0,3255.688139,27.772636,1601 days 00:00:00,10,10,0,0.0,50.0,44.105305,-25.099647,33.051072,-11.13864,55 days 14:24:00,11 days 04:48:00,2.443603,12544.56718,0.485601,0.258723,1.30958,0.904553
ALPSINDUS,Success,0.006297110998275457,0.006165202998090535,0.00045658900125999935,0.024495924000802916,0.037545143997704145,1999-03-04 00:00:00,2025-03-06 00:00:00,5908 days 00:00:00,100000.0,16025.115361,-83.974885,-82.156134,100.0,982.696906,83.974885,5724 days 00:00:00,12,12,0,0.0,8.333333,39.527129,-31.836663,39.527129,-17.504841,44 days 00:00:00,25 days 08:43:38,0.123848,-6997.907053,-0.574864,-0.127368,0.695051,-0.732226
IPCALAB,Success,0.006424525003239978,0.006723016998876119,0.0004401400001370348,0.02474517399969045,0.03848251199815422,1999-01-01 00:00:00,2025-03-06 00:00:00,6467 days 00:00:00,100000.0,90037.197259,-9.962803,27418.181818,100.0,2749.081006,63.200956,6232 days 00:00:00,19,19,0,0.0,31.578947,39.888525,-22.585416,26.088901,-10.714975,82 days 20:00:00,32 days 14:46:09,0.907289,-524.358039,0.045771,-0.009344,1.018315,0.067319
HMVL,Success,0.003700002002005931,0.006615805999899749,0.0005542189974221401,0.02536083299855818,0.0363738000014564,2010-07-21 00:00:00,2025-03-06 00:00:00,3619 days 00:00:00,100000.0,113298.8939,13.298894,-56.395872,100.0,1925.070391,43.908378,1115 days 00:00:00,7,7,0,0.0,28.571429,44.209608,-16.860734,41.430758,-10.649726,57 days 12:00:00,28 days 00:00:00,1.16715,1899.841986,0.157505,0.028861,1.102845,0.277892
SJVN,Success,0.003976230000262149,0.006316477996733738,0.0005643380027322564,0.025786566999158822,0.03677919699839549,2010-05-20 00:00:00,2025-03-06 00:00:00,3665 days 00:00:00,100000.0,142327.21292,42.327213,248.406375,100.0,1280.174193,35.162395,472 days 00:00:00,5,5,0,0.0,60.0,30.612317,-16.149169,21.786249,-10.895349,218 days 08:00:00,106 days 12:00:00,2.282075,8465.442584,0.292403,0.101747,1.097407,0.432118
GSPL,Success,0.005570246998104267,0.006288405002123909,0.000426476002758136,0.02463422200162313,0.037055762000818504,2006-02-16 00:00:00,2025-03-06 00:00:00,4710 days 00:00:00,100000.0,147173.529523,47.17353,625.957955,100.0,3988.941377,40.459943,2631 days 00:00:00,14,14,0,0.0,28.571429,56.846177,-9.385633,34.182581,-7.406155,36 days 12:00:00,25 days 16:48:00,1.426093,3369.537823,0.28895,0.075136,1.156838,0.435602
MICEL,Success,0.003255707000789698,0.007390845999907469,0.0004667329994845204,0.024893362002330832,0.036124702000961406,2007-05-30 00:00:00,2025-03-06 00:00:00,4145 days 00:00:00,100000.0,132990.424363,32.990424,-78.471092,100.0,2520.76819,64.41017,1987 days 00:00:00,13,13,0,0.0,38.461538,43.993561,-19.944284,41.191095,-16.407425,30 days 09:36:00,21 days 12:00:00,1.242495,2537.724951,0.224332,0.039472,1.11852,0.354671
TEXRAIL,Success,0.004756256999826292,0.006920820000232197,0.0005585450016951654,0.025371137999172788,0.03773255799751496,2011-03-17 00:00:00,2025-03-06 00:00:00,3456 days 00:00:00,100000.0,110174.89078,10.174891,121.679617,100.0,2910.268542,42.17892,1806 days 00:00:00,13,13,0,0.0,23.076923,73.559249,-14.618088,51.07684,-10.579001,70 days 00:00:00,22 days 09:36:00,1.081169,782.683906,0.149033,0.024387,1.058433,0.220538
PGHL,Success,0.004288791002181824,0.006582379999599652,0.0006200220013852231,0.02516455200020573,0.036796967000555014,2007-11-05 00:00:00,2025-03-06 00:00:00,4283 days 00:00:00,100000.0,192662.733721,92.662734,1236.902133,100.0,3242.347092,20.035381,1316 days 00:00:00,13,12,1,-1303.869762,50.0,26.307594,-8.727736,20.108909,-6.969331,99 days 04:00:00,17 days 00:00:00,2.789989,7830.55029,0.481568,0.286874,1.209937,0.848944
TIIL,Success,0.004166538998106262,0.006930668001587037,0.0004636390003724955,0.024903000001359032,0.03658546000224305,2007-02-12 00:00:00,2025-03-06 00:00:00,4366 days 00:00:00,100000.0,129664.943162,29.664943,2365.367316,100.0,3099.312013,38.247934,2454 days 00:00:00,11,11,0,0.0,36.363636,41.667327,-13.863168,29.824912,-10.469643,66 days 18:00:00,72 days 00:00:00,1.270764,2696.813015,0.206868,0.057403,1.075231,0.330933
BLUESTARCO,Success,0.004883031000645133,0.007560513000498759,0.0005533589974220376,0.025035440998181002,0.03815535299872863,2001-07-02 00:00:00,2025-03-06 00:00:00,5844 days 00:00:00,100000.0,325932.537976,225.932538,57383.91575,100.0,6885.942273,27.84531,3416 days 00:00:00,20,19,1,33824.153187,52.631579,39.575226,-16.277636,21.892542,-9.337792,41 days 21:36:00,20 days 16:00:00,2.284408,10110.967621,0.608477,0.275039,1.329376,0.98103
VENKEYS,Success,0.00453283100068802,0.006795306002459256,0.0005443740010377951,0.17219671200291486,0.18419829699996626,2003-09-17 00:00:00,2025-03-06 00:00:00,5266 days 00:00:00,100000.0,120893.693741,20.893694,4463.636898,100.0,2253.294217,46.57479,4102 days 00:00:00,14,14,0,0.0,35.714286,46.843221,-18.498148,33.154752,-12.665763,53 days 04:48:00,32 days 10:40:00,1.223857,1492.406696,0.160772,0.028424,1.08688,0.271481
INDSWFTLAB,Success,0.00464420699790935,0.006284896000579465,0.0005870829991181381,0.027071970001998125,0.03872196799784433,1999-01-01 00:00:00,2025-03-06 00:00:00,6329 days 00:00:00,100000.0,911745.627481,811.745627,1275.466667,100.0,11174.592362,54.422592,1210 days 00:00:00,14,14,0,0.0,57.142857,107.80058,-19.495552,50.943482,-15.380262,77 days 18:00:00,55 days 08:00:00,3.045056,57981.830534,0.595927,0.249793,1.270048,1.061477
ORIENTPPR,Success,0.005637867001496488,0.007412450999254361,0.00045593499817186967,0.025148548997094622,0.03877663200182724,1999-01-01 00:00:00,2025-03-06 00:00:00,6317 days 00:00:00,100000.0,913994.413702,813.994414,33361.833075,100.0,10696.456001,32.13466,801 days 00:00:00,12,12,0,0.0,66.666667,58.688542,-16.294237,41.997321,-13.225174,146 days 09:00:00,32 days 00:00:00,4.308746,67832.867809,0.676547,0.424404,1.257297,1.180048
ABBOTINDIA,Success,0.002922924999438692,0.007190841999545228,0.0004620670006261207,0.025172599001962226,0.03587428299942985,2010-01-08 00:00:00,2025-03-06 00:00:00,3752 days 00:00:00,100000.0,116720.973874,16.720974,3739.299876,100.0,2774.87082,34.283374,2379 days 00:00:00,14,14,0,0.0,35.714286,45.466838,-15.902657,19.851875,-7.649546,100 days 04:48:00,76 days 21:20:00,1.239766,1194.355277,0.173792,0.044205,1.048004,0.259111
KOTARISUG,Success,0.003847156000119867,0.00639290099934442,0.0005251180009508971,0.025812772000790574,0.036716347000037786,2004-12-13 00:00:00,2025-03-06 00:00:00,4834 days 00:00:00,100000.0,125192.565377,25.192565,-72.356589,100.0,2459.61072,43.248155,3354 days 00:00:00,9,9,0,0.0,33.333333,42.592805,-16.573611,38.484024,-11.731902,62 days 00:00:00,13 days 00:00:00,1.237918,2799.173931,0.183025,0.039562,1.137056,0.329413
HINDZINC,Success,0.004219316997478018,0.006447034000302665,0.0005532579998543952,0.02595862900125212,0.03730870200161007,2006-11-21 00:00:00,2025-03-06 00:00:00,4522 days 00:00:00,100000.0,83129.147501,-16.870852,389.151659,100.0,1697.715721,33.683505,3432 days 00:00:00,10,10,0,0.0,20.0,28.607937,-10.886431,25.414061,-7.632102,67 days 00:00:00,31 days 00:00:00,0.690223,-1687.08525,-0.070282,-0.043949,0.966217,-0.095932
COFORGE,Success,0.0041724539987626486,0.0067959740008518565,0.000520358000358101,0.024826974000461632,0.03643933300190838,2004-08-30 00:00:00,2025-03-06 00:00:00,5075 days 00:00:00,100000.0,133683.535025,33.683535,8716.246151,100.0,3453.293575,43.000079,3536 days 00:00:00,13,13,0,0.0,38.461538,33.466509,-14.877244,25.737531,-10.028233,65 days 00:00:00,37 days 03:00:00,1.298412,2591.041156,0.207096,0.049066,1.091036,0.325715
TATACHEM,Success,0.005169729000044754,0.007752364999760175,0.000495987002068432,0.02583511500051827,0.03938443299921346,1999-01-01 00:00:00,2025-03-07 00:00:00,6470 days 00:00:00,100000.0,221967.511571,121.967512,1736.195086,100.0,11671.463801,48.171432,2077 days 00:00:00,22,22,0,0.0,36.363636,36.318098,-13.923217,26.691796,-7.450393,50 days 06:00:00,25 days 03:25:42,1.413739,5543.977799,0.398875,0.095512,1.183876,0.644212
KANSAINER,Success,0.006079573999159038,0.007126812997739762,0.00046249699880718254,0.02592283900230541,0.039711150999210076,1995-01-25 00:00:00,2025-03-06 00:00:00,7323 days 00:00:00,100000.0,387499.599814,287.4996,7539.429887,100.0,14409.950928,39.956782,1524 days 00:00:00,23,23,0,0.0,43.478261,53.893924,-12.509399,28.596709,-8.133155,69 days 19:12:00,33 days 07:23:04,1.853016,12499.982601,0.502587,0.174803,1.220501,0.817827
NAHARSPING,Success,0.0067041980000794865,0.006418898999982048,0.0005731860001105815,0.026038193002023036,0.03987986700303736,1994-11-21 00:00:00,2025-03-06 00:00:00,7386 days 00:00:00,100000.0,116899.24715,16.899247,-62.530025,100.0,2954.270845,50.243125,2271 days 00:00:00,15,15,0,0.0,40.0,33.010253,-20.235516,29.093886,-14.066202,29 days 20:00:00,44 days 05:20:00,1.125254,1126.616477,0.128742,0.015417,1.072097,0.194593
NUCLEUS,Success,0.006432251997466665,0.0061887940028100275,0.0004402529993967619,0.025013508999109035,0.038200071998289786,2003-01-01 00:00:00,2025-03-06 00:00:00,5490 days 00:00:00,100000.0,258686.717152,158.686717,2887.639983,100.0,4197.600304,42.339916,4653 days 00:00:00,10,10,0,0.0,50.0,49.463307,-13.033648,36.081768,-10.927608,45 days 00:00:00,40 days 04:48:00,2.227069,15868.671715,0.467411,0.154061,1.28018,0.788394
CARERATING,Success,0.0038886969996383414,0.007175081998866517,0.00043453300168039277,0.02529002599840169,0.03692279300230439,2012-12-26 00:00:00,2025-03-06 00:00:00,3017 days 00:00:00,100000.0,104886.97127,4.886971,26.871174,100.0,2686.016628,44.701571,1899 days 00:00:00,12,12,0,0.0,33.333333,25.430364,-10.709608,21.261053,-8.611748,41 days 12:00:00,68 days 12:00:00,1.06088,407.247606,0.119427,0.012951,1.036483,0.188903
SIEMENS,Success,0.006846314998256275,0.006093465999583714,0.00045413900079438463,0.026648614002624527,0.04024108800149406,1999-01-01 00:00:00,2025-03-06 00:00:00,6469 days 00:00:00,100000.0,169619.180377,69.61918,22552.765584,100.0,4259.64583,36.411083,2648 days 00:00:00,24,24,0,0.0,37.5,46.422127,-15.635143,21.789709,-7.781681,62 days 16:00:00,28 days 09:36:00,1.691136,2900.799182,0.27568,0.083112,1.110894,0.388165
IZMO,Success,0.005672355000569951,0.005982504000712652,0.0007329350009968039,0.02586605200121994,0.038384440002118936,2007-02-05 00:00:00,2025-03-06 00:00:00,4371 days 00:00:00,100000.0,481178.923257,381.178923,13.506813,100.0,7689.823651,36.394582,754 days 00:00:00,12,12,0,0.0,58.333333,66.630636,-20.039716,41.916143,-15.465242,38 days 10:17:08,47 days 04:48:00,2.287356,31764.910271,0.683087,0.385186,1.316578,1.188208
APLLTD,Success,0.0032618330005789176,0.00629513699823292,0.0004571149984258227,0.02484351999737555,0.034988003000762546,2011-09-28 00:00:00,2025-03-06 00:00:00,3323 days 00:00:00,100000.0,68917.9857,-31.082014,1841.028755,100.0,1598.934956,47.911644,3047 days 00:00:00,8,8,0,0.0,12.5,30.489947,-11.121183,30.489947,-8.712458,57 days 00:00:00,35 days 03:25:42,0.494942,-3885.251787,-0.313477,-0.08362,0.859135,-0.442598
MAITHANALL,Success,0.003125513998384122,0.007901713001047028,0.0005782799998996779,0.025547426001139684,0.03729766000105883,2011-07-05 00:00:00,2025-03-06 00:00:00,3204 days 00:00:00,100000.0,177726.541211,77.726541,1149.282297,100.0,1915.520384,32.368397,1079 days 00:00:00,7,7,0,0.0,57.142857,41.198752,-21.421119,30.282119,-14.553953,48 days 00:00:00,30 days 16:00:00,2.244882,11103.791602,0.508887,0.209174,1.291066,0.797258
MANALIPETC,Success,0.0038651620016025845,0.006452369998442009,0.0005167020026419777,0.025906900998961646,0.03687046300183283,2006-12-06 00:00:00,2025-03-06 00:00:00,4334 days 00:00:00,100000.0,154483.315673,54.483316,346.5,100.0,2544.283243,40.243844,2294 days 00:00:00,9,9,0,0.0,44.444444,47.478642,-20.230197,35.972452,-14.493058,28 days 12:00:00,85 days 14:24:00,1.490802,6053.701741,0.277136,0.092702,1.129619,0.459663
IOB,Success,0.004880320000665961,0.006880480999825522,0.0005934649998380337,0.02588285100137,0.03836307500023395,2000-12-13 00:00:00,2025-03-06 00:00:00,5982 days 00:00:00,100000.0,147589.046614,47.589047,348.080808,100.0,4196.42921,45.465969,4515 days 00:00:00,15,15,0,0.0,40.0,43.484768,-21.685735,31.204441,-12.698375,58 days 12:00:00,43 days 13:20:00,1.27285,3172.603108,0.221683,0.052865,1.098774,0.351892
OFSS,Success,0.003931023999030003,0.006571729001734639,0.0004590699973050505,0.025194642003043555,0.03629741400072817,2008-09-18 00:00:00,2025-03-06 00:00:00,4067 days 00:00:00,100000.0,154575.829314,54.575829,753.129079,100.0,3269.322561,28.242111,2640 days 00:00:00,12,12,0,0.0,41.666667,32.961128,-10.684458,21.404411,-7.21864,44 days 04:48:00,62 days 17:08:34,1.754715,4547.985776,0.37452,0.141136,1.146765,0.606856
IGL,Success,0.004629070997907547,0.007982099999935599,0.0004500210015976336,0.025234163000277476,0.038421040000685025,2003-12-26 00:00:00,2025-03-06 00:00:00,5244 days 00:00:00,100000.0,214111.890439,114.11189,1475.293132,100.0,4484.522755,33.459418,2070 days 00:00:00,16,16,0,0.0,56.25,24.392467,-20.539004,18.569525,-10.250286,69 days 16:00:00,21 days 10:17:08,2.096778,7131.993152,0.431704,0.162645,1.180392,0.631425
HDIL,Success,0.004144569000345655,0.006585996998182964,0.0004948130008415319,0.026121871000214014,0.037472921001608483,2007-07-24 00:00:00,2025-03-06 00:00:00,4103 days 00:00:00,100000.0,41923.039162,-58.076961,-99.296635,100.0,1396.814964,61.083421,3973 days 00:00:00,12,12,0,0.0,16.666667,41.96852,-27.110386,37.77144,-13.865384,26 days 12:00:00,36 days 14:24:00,0.37927,-4839.746736,-0.299019,-0.121834,0.871875,-0.432137
ROLTA,Success,0.004734398000437068,0.006724519000272267,0.0005687320008291863,0.026018552998721134,0.03816803899826482,1999-01-01 00:00:00,2025-03-07 00:00:00,6186 days 00:00:00,100000.0,512245.468355,412.245468,-92.0,100.0,8495.334343,41.044264,1381 days 00:00:00,15,15,0,0.0,60.0,56.118443,-26.218462,34.855686,-15.596392,34 days 02:40:00,8 days 12:00:00,2.387703,27483.031224,0.649189,0.246538,1.456504,1.126667
SEMAC,Success,0.004205956000078004,0.00655986800120445,0.0005034960013290402,0.025450697998167016,0.03685111099912319,2005-08-11 00:00:00,2025-03-07 00:00:00,4604 days 00:00:00,100000.0,26693.22541,-73.306775,-31.126742,100.0,1135.419712,76.082188,4444 days 00:00:00,10,10,0,0.0,0.0,-7.372673,-16.397326,,-12.335733,,19 days 21:36:00,0.0,-7330.677459,-0.817058,-0.130665,0.554284,-0.962253
RSWM,Success,0.0047593109993613325,0.008738221000385238,0.00046537399975932203,0.025115800999628846,0.039202345000376226,2006-09-01 00:00:00,2025-03-06 00:00:00,4541 days 00:00:00,100000.0,135647.498797,35.647499,96.965849,100.0,3443.114052,30.975767,2602 days 00:00:00,11,11,0,0.0,36.363636,37.625915,-11.387554,28.760779,-9.493153,52 days 18:00:00,21 days 10:17:08,1.319919,3240.681709,0.2449,0.080093,1.137417,0.38674
HINDOILEXP,Success,0.005541565999010345,0.006982646998949349,0.0005170510012248997,0.02591164200202911,0.03910642400296638,1999-01-01 00:00:00,2025-03-06 00:00:00,6469 days 00:00:00,100000.0,64504.504416,-35.495496,717.925921,100.0,1872.66022,64.448524,5252 days 00:00:00,14,14,0,0.0,28.571429,45.421937,-20.61379,32.243508,-14.290208,41 days 12:00:00,27 days 12:00:00,0.668859,-2535.392542,-0.055912,-0.037913,0.970602,-0.083553
NBCC,Success,0.0048100620006152894,0.006524516000354197,0.000556697999854805,0.025754066999070346,0.03778711100312648,2012-04-26 00:00:00,2025-03-06 00:00:00,3182 days 00:00:00,100000.0,83511.197008,-16.488803,1737.637469,100.0,1149.873368,33.109066,2453 days 00:00:00,7,7,0,0.0,28.571429,27.206704,-14.268118,23.182568,-11.21081,47 days 00:00:00,38 days 19:12:00,0.66672,-2355.543285,-0.133877,-0.061787,0.938134,-0.178878
JISLDVREQS,Success,0.004022540000732988,0.006397146000381326,0.0004544830007944256,0.02504735500042443,0.03604473299856181,2011-11-30 00:00:00,2025-03-06 00:00:00,3282 days 00:00:00,100000.0,44077.461082,-55.922539,-68.79121,100.0,836.16211,56.141384,2602 days 00:00:00,6,6,0,0.0,0.0,-9.372546,-14.567939,,-12.758314,,17 days 08:00:00,0.0,-9320.423153,-0.921775,-0.15511,0.49367,-1.127286
JBMA,Success,0.005219671998929698,0.007590915000037057,0.00043385599929024465,0.025445464998483658,0.03885535999870626,2004-12-17 00:00:00,2025-03-06 00:00:00,4754 days 00:00:00,100000.0,278977.575294,178.977575,18007.252454,100.0,5549.893117,32.28414,1062 days 00:00:00,15,15,0,0.0,46.666667,46.039391,-18.084941,33.389846,-11.483723,51 days 03:25:42,21 days 12:00:00,2.015045,11931.838353,0.528136,0.253859,1.276751,0.963347
MUKANDLTD,Success,0.006552105001901509,0.006623758999921847,0.00044318599975667894,0.025617800001782598,0.0393835040013073,2004-02-23 00:00:00,2025-03-06 00:00:00,5130 days 00:00:00,100000.0,35392.611871,-64.607388,510.589113,100.0,679.534325,64.607388,5060 days 00:00:00,6,6,0,0.0,0.0,-9.991888,-28.368606,,-15.679333,,26 days 08:00:00,0.0,-10767.898021,-0.665322,-0.110261,0.541629,-0.791666
OMINFRAL,Success,0.004483677999814972,0.005968425000901334,0.0005730279990530107,0.02498093199756113,0.03614405099870055,2011-06-17 00:00:00,2025-03-06 00:00:00,3302 days 00:00:00,100000.0,113235.778805,13.235779,200.89858,100.0,2323.619051,40.793402,1476 days 00:00:00,10,10,0,0.0,30.0,53.874413,-20.987949,43.556523,-12.616887,89 days 16:00:00,29 days 06:51:25,1.122219,1323.577881,0.17401,0.033915,1.070084,0.262774
RPPINFRA,Success,0.005382379997172393,0.006102091003413079,0.00044088099821237847,0.024902900000597583,0.036963842998375185,2010-12-06 00:00:00,2025-03-06 00:00:00,3524 days 00:00:00,100000.0,192212.35891,92.212359,165.75346,100.0,2885.188051,25.875888,1851 days 00:00:00,8,8,0,0.0,37.5,52.485945,-13.171451,48.143566,-9.925534,53 days 16:00:00,5 days 04:48:00,1.928432,11526.544864,0.48385,0.270608,1.389611,1.013252
ATFL,Success,0.006005841998558026,0.007126243999664439,0.0004816770015168004,0.025085270001000026,0.03884611699686502,2003-01-01 00:00:00,2025-03-06 00:00:00,5316 days 00:00:00,100000.0,98047.814683,-1.952185,2024.199798,100.0,2776.244755,35.459646,2158 days 00:00:00,12,12,0,0.0,25.0,58.497155,-14.245782,36.027456,-9.689679,66 days 08:00:00,31 days 10:40:00,0.981139,-162.68211,0.064939,-0.003815,1.032752,0.10449
KSCL,Success,0.005163707999599865,0.006157356998301111,0.0004682359976868611,0.025878576998366043,0.03783591899991734,2007-10-04 00:00:00,2025-03-06 00:00:00,4252 days 00:00:00,100000.0,58233.495862,-41.766504,2201.363932,100.0,2659.349439,54.35049,3002 days 00:00:00,16,16,0,0.0,18.75,36.111003,-16.41491,27.554666,-9.236103,78 days 00:00:00,26 days 09:13:50,0.604837,-2610.406509,-0.208158,-0.083449,0.920774,-0.303839
RUBYMILLS,Success,0.005936753001151374,0.005976588003250072,0.0005505109984369483,0.02604964599959203,0.03875285300091491,2001-01-29 00:00:00,2025-03-06 00:00:00,4937 days 00:00:00,100000.0,167341.581732,67.341582,1092.971429,100.0,3156.977952,42.093905,1535 days 00:00:00,13,13,0,0.0,38.461538,59.080929,-22.51125,41.659095,-13.99408,84 days 09:36:00,24 days 15:00:00,1.463745,5180.121672,0.281432,0.092172,1.14313,0.444575
TTML,Success,0.005306732000462944,0.006333257999358466,0.0005119810011819936,0.0252934380005172,0.03769367900167708,2005-01-14 00:00:00,2025-03-06 00:00:00,4979 days 00:00:00,100000.0,114555.699604,14.5557,116.16803,100.0,1785.161438,43.54185,3863 days 00:00:00,9,9,0,0.0,33.333333,44.61712,-17.807114,35.443618,-11.996078,66 days 08:00:00,30 days 04:00:00,1.192497,1617.299956,0.140123,0.022993,1.078785,0.233919
PONNIERODE,Success,0.0054167760026757605,0.006847702999948524,0.0004312529999879189,0.025532974999805447,0.03838033500142046,2002-04-16 00:00:00,2025-03-06 00:00:00,5383 days 00:00:00,100000.0,31699.532281,-68.300468,3032.0,100.0,953.756926,79.436603,5311 days 00:00:00,11,11,0,0.0,9.090909,79.854436,-36.655587,79.854436,-15.53048,193 days 00:00:00,27 days 16:48:00,0.240136,-6209.133429,-0.170024,-0.094344,0.919711,-0.25191
MADHAV,Success,0.004687075997935608,0.006028948999301065,0.0004302769993955735,0.026369567996880505,0.03768057200068142,2007-12-20 00:00:00,2025-03-06 00:00:00,4037 days 00:00:00,100000.0,37320.811511,-62.679188,-59.710956,100.0,2111.940668,75.62106,2123 days 00:00:00,12,12,0,0.0,16.666667,52.299231,-27.955275,44.218111,-15.582659,85 days 12:00:00,32 days 09:36:00,0.566461,-5223.265707,-0.289738,-0.112744,0.878948,-0.440184
KPIL,Success,0.004782188003446208,0.005921556999965105,0.0005478050006786361,0.02606869800001732,0.037519904999498976,1999-01-01 00:00:00,2025-03-06 00:00:00,6253 days 00:00:00,100000.0,163403.631208,63.403631,28116.923077,100.0,6701.698039,44.635883,2987 days 00:00:00,21,21,0,0.0,33.333333,47.367517,-13.783346,31.496307,-9.516517,53 days 20:34:17,24 days 17:08:34,1.28227,3019.220534,0.262577,0.065146,1.118846,0.39487
ALEMBICLTD,Success,0.006279181001445977,0.0060874519986100495,0.00043837600242113695,0.026016422001703177,0.03896496900051716,1995-01-04 00:00:00,2025-03-06 00:00:00,7194 days 00:00:00,100000.0,102198.612531,2.198613,2333.869816,100.0,4404.268762,72.071659,5174 days 00:00:00,17,17,0,0.0,29.411765,55.616624,-19.342479,38.024918,-12.274944,48 days 14:24:00,25 days 18:00:00,1.010586,129.330149,0.081107,0.001532,1.043859,0.121847
GMDCLTD,Success,0.004933837997668888,0.0064913599999272265,0.00043262799954391085,0.025721114998304984,0.03772744300295017,1999-01-01 00:00:00,2025-03-06 00:00:00,6452 days 00:00:00,100000.0,109474.664499,9.474664,4759.056604,100.0,4459.381518,42.515404,1635 days 00:00:00,20,20,0,0.0,35.0,49.103371,-23.902008,29.830273,-12.211303,38 days 03:25:42,23 days 12:55:23,1.049982,473.733225,0.114034,0.012076,1.060492,0.180342
ASAHISONG,Success,0.0032722459982323926,0.00593607400151086,0.000481735998619115,0.02589097600139212,0.035718979001103435,2011-08-29 00:00:00,2025-03-06 00:00:00,3340 days 00:00:00,100000.0,376599.816767,276.599817,292.182185,100.0,3633.703426,24.287656,600 days 00:00:00,7,7,0,0.0,71.428571,50.532973,-8.697317,35.698328,-8.558387,57 days 19:12:00,38 days 12:00:00,5.75728,39514.259538,0.846328,0.642029,1.489784,1.574959
REMSONSIND,Success,0.0033692169999994803,0.005837437998707173,0.000529244000063045,0.0263309379988641,0.03620973599754507,1999-01-29 00:00:00,2025-03-06 00:00:00,3710 days 00:00:00,100000.0,187957.266581,87.957267,1140.887222,100.0,2635.110186,40.126609,1194 days 00:00:00,11,11,0,0.0,45.454545,50.593997,-25.39807,38.865328,-15.206654,70 days 00:00:00,30 days 16:00:00,1.80091,7996.115144,0.364349,0.159624,1.161012,0.570571
JINDALSAW,Success,0.005241363000095589,0.005890377997275209,0.0004586219984048512,0.025997498996730428,0.03776012399976025,2005-02-18 00:00:00,2025-03-06 00:00:00,4957 days 00:00:00,100000.0,201186.141489,101.186141,937.377506,100.0,4514.446877,40.696022,2367 days 00:00:00,17,17,0,0.0,41.176471,36.705413,-18.908544,31.470121,-11.352584,42 days 00:00:00,36 days 00:00:00,1.639846,5952.12597,0.37248,0.129796,1.159234,0.579907
GOKUL,Success,0.003371102997334674,0.006708707001962466,0.0004297049999877345,0.02576434599905042,0.03642914699958055,2008-06-04 00:00:00,2025-03-06 00:00:00,4136 days 00:00:00,100000.0,82801.867532,-17.198132,33.479813,100.0,2371.276251,52.582295,2193 days 00:00:00,11,11,0,0.0,27.272727,43.42144,-20.684921,37.856647,-13.32555,43 days 16:00:00,23 days 06:00:00,0.858601,-1563.466588,-0.007193,-0.031411,0.996132,-0.011357
BALMLAWRIE,Success,0.006132724000053713,0.00616671299940208,0.0004478250011743512,0.026388476999272825,0.03927104800095549,1999-01-01 00:00:00,2025-03-07 00:00:00,6385 days 00:00:00,100000.0,48456.011748,-51.543988,5416.242019,100.0,2530.307498,53.052512,5554 days 00:00:00,18,18,0,0.0,16.666667,31.250342,-14.065813,25.233472,-8.868309,31 days 00:00:00,24 days 22:24:00,0.487403,-2863.554903,-0.318957,-0.076473,0.837963,-0.456586
REPRO,Success,0.004110156001843279,0.005795999000838492,0.0005497809979715385,0.025753203000931535,0.03636368300067261,2005-12-22 00:00:00,2025-03-06 00:00:00,4692 days 00:00:00,100000.0,113917.429198,13.917429,88.957316,100.0,3132.238078,47.82502,1793 days 00:00:00,12,12,0,0.0,33.333333,32.302472,-17.097644,27.477221,-9.893396,19 days 00:00:00,43 days 15:00:00,1.132133,1159.785766,0.141672,0.021303,1.082635,0.254401
MOTILALOFS,Success,0.004368627000076231,0.005867455001862254,0.0005324840021785349,0.02567114400153514,0.03658731999894371,2007-09-11 00:00:00,2025-03-06 00:00:00,4322 days 00:00:00,100000.0,185806.291661,85.806292,1151.266853,100.0,4701.667374,35.179956,1252 days 00:00:00,11,11,0,0.0,36.363636,63.702533,-13.207123,39.0785,-9.202432,124 days 06:00:00,14 days 00:00:00,1.573084,7800.571969,0.37886,0.152682,1.172032,0.62118
SPLIL,Success,0.0044727630011038855,0.006558442000823561,0.00044812200212618336,0.02693623300001491,0.03855427099915687,2005-07-26 00:00:00,2025-03-07 00:00:00,4536 days 00:00:00,100000.0,516684.527308,416.684527,-60.319303,100.0,9502.142388,34.425036,623 days 00:00:00,14,14,0,0.0,50.0,80.559366,-28.457121,51.591155,-15.919411,73 days 06:51:25,26 days 20:34:17,1.920514,29763.180522,0.578655,0.410393,1.262033,1.061117
FIEMIND,Success,0.004557977001240943,0.005933345000812551,0.0004492529988056049,0.02599936100159539,0.03707442599989008,2006-10-19 00:00:00,2025-03-06 00:00:00,4537 days 00:00:00,100000.0,173998.976395,73.998976,2240.929659,100.0,3899.808843,42.356391,2653 days 00:00:00,14,14,0,0.0,42.857143,69.808909,-20.38738,32.325753,-12.463376,44 days 12:00:00,20 days 06:00:00,1.522208,5285.641171,0.320747,0.10758,1.187928,0.578182
SHALPAINTS,Success,0.004048014001455158,0.005725410999730229,0.0005341710020729806,0.025967090998165077,0.03641776099902927,2008-03-03 00:00:00,2025-03-06 00:00:00,3997 days 00:00:00,100000.0,137323.818868,37.323819,124.684426,100.0,2014.979677,40.507826,2807 days 00:00:00,10,10,0,0.0,40.0,38.247344,-15.790768,31.113677,-11.849559,90 days 12:00:00,26 days 08:00:00,1.514131,3732.381887,0.242321,0.072547,1.104318,0.401036
TNTELE,Success,0.003943108000385109,0.005975387000944465,0.00044574099956662394,0.025213961998815648,0.03575320899835788,1999-01-04 00:00:00,2025-03-06 00:00:00,4939 days 00:00:00,100000.0,45928.423876,-54.071576,106.363636,100.0,1663.239051,61.937486,3452 days 00:00:00,12,12,0,0.0,25.0,70.36618,-33.304591,48.177962,-18.722511,19 days 16:00:00,26 days 21:20:00,0.618082,-4505.964677,-0.09623,-0.09022,0.937216,-0.126999
HIL,Success,0.004609966003044974,0.006907057999342214,0.0004329629991843831,0.02495863600051962,0.03705290499783587,2006-11-02 00:00:00,2025-03-06 00:00:00,4534 days 00:00:00,100000.0,165087.0923,65.087092,569.096457,100.0,2802.926385,25.353113,2383 days 00:00:00,11,11,0,0.0,45.454545,32.502248,-11.407584,22.958196,-8.386161,25 days 00:00:00,36 days 08:00:00,1.993768,5917.008391,0.414207,0.162433,1.246983,0.662188
GPIL,Success,0.005117987999256002,0.006376047997036949,0.00043304100108798593,0.026200750999123557,0.038328873000864405,2006-04-25 00:00:00,2025-03-06 00:00:00,4607 days 00:00:00,100000.0,67918.047826,-32.081952,3432.913233,100.0,2327.72355,59.675772,4233 days 00:00:00,15,15,0,0.0,26.666667,50.514326,-19.88982,35.934642,-13.505104,53 days 06:00:00,33 days 04:21:49,0.749674,-2138.796812,-0.058515,-0.050583,0.975697,-0.085584
LUPIN,Success,0.004872341996815521,0.0058410969977558125,0.0005486619993462227,0.026131401002203347,0.03755771899886895,2001-09-10 00:00:00,2025-03-06 00:00:00,5818 days 00:00:00,100000.0,77112.742872,-22.887257,24971.657025,100.0,3325.563767,62.971371,5144 days 00:00:00,19,19,0,0.0,26.315789,49.824734,-16.831018,22.723177,-8.502667,49 days 14:24:00,22 days 20:34:17,0.804822,-1204.59248,-0.037008,-0.025683,0.981187,-0.055169
GANDHITUBE,Success,0.00441365799997584,0.005902575998334214,0.00044541099850903265,0.026143686001887545,0.03710289200171246,2007-01-31 00:00:00,2025-03-06 00:00:00,4206 days 00:00:00,100000.0,188828.363808,88.828364,752.417472,100.0,2544.689268,36.08207,2425 days 00:00:00,9,9,0,0.0,44.444444,39.64537,-13.12813,31.811675,-8.868424,86 days 18:00:00,31 days 19:12:00,2.361682,9869.818201,0.418317,0.15718,1.220464,0.720649
DICIND,Success,0.004754567999043502,0.006691987000522204,0.00044534799963003024,0.02573114199913107,0.03783275699970545,2004-09-06 00:00:00,2025-03-06 00:00:00,5024 days 00:00:00,100000.0,308388.05104,208.388051,396.7269,100.0,5126.739709,49.606638,2090 days 00:00:00,16,16,0,0.0,50.0,40.539208,-16.412283,27.889094,-9.824498,84 days 12:00:00,52 days 06:00:00,2.672787,13024.25319,0.507917,0.171871,1.179931,0.813352
BALRAMCHIN,Success,0.0058596259987098165,0.006018554002366727,0.0004388110028230585,0.026342090000980534,0.03879849499935517,1999-01-01 00:00:00,2025-03-06 00:00:00,6468 days 00:00:00,100000.0,218195.344159,118.195344,4043.115124,100.0,5098.997815,50.109224,4329 days 00:00:00,18,18,0,0.0,38.888889,45.584593,-14.767009,31.634239,-9.693628,60 days 06:51:25,20 days 17:27:16,1.742872,6566.408009,0.360356,0.089829,1.173923,0.555324
PVRINOX,Success,0.004303736001020297,0.005820632999530062,0.0005343640004866756,0.026011909001681488,0.03680942299979506,2006-01-04 00:00:00,2025-03-06 00:00:00,4639 days 00:00:00,100000.0,93466.150587,-6.533849,238.638957,100.0,2786.003634,35.564412,2297 days 00:00:00,15,15,0,0.0,26.666667,31.801438,-12.410934,24.224623,-8.086598,85 days 18:00:00,19 days 15:16:21,0.923014,-435.589961,0.034292,-0.014909,1.014198,0.049514
INGERRAND,Success,0.005560481000429718,0.005963978001091164,0.0004355470009613782,0.02567748000001302,0.03777125900160172,1999-01-01 00:00:00,2025-03-06 00:00:00,6467 days 00:00:00,100000.0,235699.290595,135.699291,699.320276,100.0,6380.192066,31.43239,2382 days 00:00:00,23,23,0,0.0,39.130435,30.753436,-11.566559,24.082073,-7.383484,55 days 02:40:00,15 days 03:25:42,1.966187,5899.969156,0.423707,0.157739,1.227781,0.781175
MARALOVER,Success,0.004856316001678351,0.006489737999800127,0.00044235300083528273,0.02576648800095427,0.037727972001448506,1999-01-01 00:00:00,2025-03-06 00:00:00,6202 days 00:00:00,100000.0,271467.81998,171.46782,65.477707,100.0,4851.590226,45.110974,2570 days 00:00:00,16,16,0,0.0,43.75,62.427616,-19.311119,44.007562,-15.705473,43 days 06:51:25,19 days 08:00:00,1.799033,10716.738749,0.396772,0.134192,1.234697,0.690785
KECL,Success,0.0032338849996449426,0.006016057999659097,0.00042699300320236944,0.02617437300068559,0.035990899999887915,2010-03-09 00:00:00,2025-03-06 00:00:00,3656 days 00:00:00,100000.0,181462.522883,81.462523,70.155689,100.0,1449.495429,23.416619,1965 days 00:00:00,5,5,0,0.0,60.0,41.543837,-16.394771,37.435737,-16.3002,73 days 08:00:00,38 days 00:00:00,2.583919,16292.504577,0.432868,0.26176,1.250348,0.774915
LINDEINDIA,Success,0.003933534000680083,0.0058110529971600045,0.000535577997652581,0.02556394299972453,0.03600428100253339,2006-11-02 00:00:00,2025-03-06 00:00:00,4533 days 00:00:00,100000.0,348831.640083,248.83164,3313.18743,100.0,6087.977946,39.825257,1760 days 00:00:00,15,15,0,0.0,60.0,42.626897,-15.111029,23.762832,-10.205032,46 days 00:00:00,45 days 20:00:00,3.023694,16588.776006,0.663923,0.265758,1.309136,1.08716
RENUKA,Success,0.004547109001578065,0.005934500997682335,0.00043100300172227435,0.025426035001146374,0.03651384099794086,2005-10-31 00:00:00,2025-03-06 00:00:00,4782 days 00:00:00,100000.0,37368.067246,-62.631933,124.202851,100.0,1378.477487,76.384512,4153 days 00:00:00,12,12,0,0.0,16.666667,31.296936,-25.139739,27.659789,-13.500296,49 days 12:00:00,114 days 02:24:00,0.286129,-5219.327729,-0.082679,-0.094758,0.975974,-0.125406
ONMOBILE,Success,0.004091967002750607,0.006482746000983752,0.0004191549996903632,0.025072787000681274,0.03619844100103364,2008-02-19 00:00:00,2025-03-07 00:00:00,4210 days 00:00:00,100000.0,83008.743443,-16.991257,-79.581203,100.0,1248.117161,41.863116,3027 days 00:00:00,8,8,0,0.0,25.0,48.321667,-18.533866,42.243984,-13.739191,25 days 12:00:00,15 days 08:00:00,0.761373,-2123.90707,-0.042261,-0.038257,0.967545,-0.069883
NFL,Success,0.004684995001298375,0.006238275000214344,0.0004498210000747349,0.025969837999582523,0.03753431200311752,2006-12-28 00:00:00,2025-03-07 00:00:00,4497 days 00:00:00,100000.0,63688.106905,-36.311893,174.174757,100.0,817.825383,63.602216,3548 days 00:00:00,6,6,0,0.0,16.666667,32.069474,-15.155665,32.069474,-13.569486,9 days 00:00:00,75 days 09:36:00,0.298526,-6051.982182,-0.142583,-0.056534,0.92912,-0.220458
NITINSPIN,Success,0.004387824999867007,0.005982576996757416,0.0005277400014165323,0.026309763998142444,0.037398614000267116,2006-02-02 00:00:00,2025-03-07 00:00:00,4717 days 00:00:00,100000.0,187005.626597,87.005627,1261.538462,100.0,6011.001582,43.900882,2364 days 00:00:00,17,17,0,0.0,41.176471,52.919706,-22.131094,36.038552,-13.909436,68 days 20:34:17,17 days 09:36:00,1.32864,5117.978035,0.331532,0.113049,1.140241,0.526379
IGARASHI,Success,0.006320369997411035,0.005891209999390412,0.0004522700000961777,0.0255440839973744,0.03834690500298166,1995-05-19 00:00:00,2025-03-07 00:00:00,7218 days 00:00:00,100000.0,113228.461203,13.228461,2907.455151,100.0,3913.987006,63.011326,4896 days 00:00:00,21,21,0,0.0,33.333333,49.999473,-20.147848,32.480058,-12.174686,28 days 10:17:08,51 days 15:25:42,1.078315,629.926724,0.134468,0.010002,1.058518,0.222393
KOHINOOR,Success,0.0038155279980855994,0.006565987998328637,0.0004323369976191316,0.025475428999925498,0.03644434300076682,2006-08-18 00:00:00,2025-03-06 00:00:00,4189 days 00:00:00,100000.0,18848.1149,-81.151885,-54.339394,100.0,1156.495286,82.177811,4063 days 00:00:00,12,12,0,0.0,0.0,-9.306849,-18.879598,,-12.955641,,41 days 00:00:00,0.0,-6762.657092,-0.714664,-0.164676,0.727953,-1.018395
GREENPOWER,Success,0.004922981999698095,0.006073784999898635,0.00042975299948011525,0.026370126000983873,0.03792911400159937,2010-10-08 00:00:00,2025-03-06 00:00:00,3565 days 00:00:00,100000.0,61411.073951,-38.588926,-66.781319,100.0,831.420008,55.959557,2482 days 00:00:00,6,6,0,0.0,16.666667,38.605362,-19.156066,38.605362,-14.959181,32 days 00:00:00,29 days 14:24:00,0.328678,-6431.487675,-0.343322,-0.087018,0.810621,-0.515728
UNOMINDA,Success,0.0049877420024131425,0.005795432000013534,0.0005255129981378559,0.025896513998304727,0.03733932199975243,2007-02-02 00:00:00,2025-03-06 00:00:00,4355 days 00:00:00,100000.0,557903.332109,457.903332,14416.459622,100.0,13576.657086,35.542827,968 days 00:00:00,14,14,0,0.0,57.142857,65.121853,-12.894554,36.054421,-10.961585,32 days 00:00:00,69 days 16:00:00,2.156369,32707.380865,0.736275,0.436007,1.352773,1.379939
GLOBUSSPR,Success,0.003349552000145195,0.005956043998594396,0.00044326300121610984,0.025622279001254356,0.03559484300058102,2009-09-23 00:00:00,2025-03-06 00:00:00,3823 days 00:00:00,100000.0,169099.362346,69.099362,938.131868,100.0,2923.83339,39.504198,1033 days 00:00:00,12,12,0,0.0,41.666667,51.943431,-20.569087,38.562826,-14.462411,31 days 09:36:00,42 days 06:51:25,1.510902,5758.280196,0.335727,0.130197,1.158369,0.551368
WOCKPHARMA,Success,0.005994318999000825,0.006373035997967236,0.0004375460011942778,0.025856703003228176,0.03879730800326797,2000-02-23 00:00:00,2025-03-06 00:00:00,6147 days 00:00:00,100000.0,321962.335227,221.962335,434.932232,100.0,6400.9558,33.416686,1380 days 00:00:00,16,16,0,0.0,50.0,47.692864,-15.07199,28.689563,-9.876157,30 days 18:00:00,25 days 03:00:00,2.293943,13872.645952,0.547018,0.215151,1.369712,0.967656
NEXTMEDIA,Success,0.0028668400009337347,0.006171383000037167,0.000449514998763334,0.025611514996853657,0.035285416000988334,2011-06-15 00:00:00,2025-03-07 00:00:00,3276 days 00:00:00,100000.0,86838.771511,-13.161228,8.5,100.0,903.760509,42.194148,2436 days 00:00:00,4,4,0,0.0,25.0,44.865254,-20.750872,44.865254,-15.606927,69 days 00:00:00,23 days 00:00:00,0.77301,-3290.307122,-0.035492,-0.036971,0.977095,-0.053436
JYOTHYLAB,Success,0.004400481997436145,0.005802610001410358,0.0005462619992613327,0.025915710000845138,0.036809206001635175,2007-12-19 00:00:00,2025-03-06 00:00:00,4252 days 00:00:00,100000.0,245348.875528,145.348876,743.271871,100.0,4046.349166,30.495461,1639 days 00:00:00,11,11,0,0.0,54.545455,43.631787,-11.949071,27.362929,-10.237497,98 days 08:00:00,52 days 14:24:00,2.426336,13213.534139,0.515331,0.262628,1.189407,0.814765
ONWARDTEC,Success,0.0058213010015606415,0.0062128190002113115,0.00045877900265622884,0.025769034000404645,0.03839992899884237,1995-08-23 00:00:00,2025-03-06 00:00:00,6645 days 00:00:00,100000.0,1148151.540393,1048.15154,382.053571,100.0,10073.597799,51.225782,2678 days 00:00:00,14,14,0,0.0,64.285714,57.050179,-28.151893,43.938014,-14.85543,66 days 02:40:00,42 days 19:12:00,6.121836,74867.967171,0.671405,0.280071,1.336659,1.310735
SKFINDIA,Success,0.003986625000834465,0.006478233997768257,0.00042131800000788644,0.025372924999828683,0.03646491200197488,2004-10-20 00:00:00,2025-03-06 00:00:00,5038 days 00:00:00,100000.0,153575.440231,53.57544,3179.766031,100.0,5575.314433,29.039153,2457 days 00:00:00,17,17,0,0.0,35.294118,39.188824,-13.89098,23.253064,-7.029412,62 days 12:00:00,50 days 06:32:43,1.399151,3151.496484,0.288569,0.108717,1.106286,0.461126
SAKHTISUG,Success,0.0055709770022076555,0.006262758000957547,0.00046594399827881716,0.026632428998709656,0.039068242000212194,1994-12-22 00:00:00,2025-03-06 00:00:00,7254 days 00:00:00,100000.0,183386.590897,83.386591,-77.22449,100.0,5117.833939,74.351596,3754 days 00:00:00,16,16,0,0.0,37.5,86.198971,-26.640025,48.580226,-15.608657,42 days 20:00:00,22 days 16:48:00,1.299213,5211.661931,0.250765,0.041672,1.1518,0.421662
JAYAGROGN,Success,0.004688766999606742,0.00586135499906959,0.0005263960010779556,0.16699763699944015,0.17823955299900263,1999-01-04 00:00:00,2025-03-06 00:00:00,6213 days 00:00:00,100000.0,402964.903837,302.964904,3163.238095,100.0,7560.446028,35.315604,1213 days 00:00:00,18,18,0,0.0,44.444444,57.287735,-17.210705,40.6454,-12.242611,40 days 03:00:00,39 days 07:12:00,2.192034,16831.383546,0.489991,0.241595,1.244988,0.890906
BSOFT,Success,0.006479848998424131,0.006331148000754183,0.00043911399916396476,0.024649300998135004,0.038034656001400435,1999-11-24 00:00:00,2025-03-06 00:00:00,6189 days 00:00:00,100000.0,79428.786504,-20.571213,6424.729859,100.0,1835.071726,67.467003,5607 days 00:00:00,11,11,0,0.0,27.272727,70.309679,-22.66189,41.951024,-14.338983,21 days 00:00:00,28 days 09:00:00,0.815648,-1870.110318,-0.014385,-0.019996,0.989756,-0.023994
TIMETECHNO,Success,0.005271926002023974,0.007080422998114955,0.0004259769993950613,0.024281779002194526,0.037190670998825226,2007-06-13 00:00:00,2025-03-06 00:00:00,4385 days 00:00:00,100000.0,135959.210886,35.959211,703.07758,100.0,2019.34602,39.142531,2433 days 00:00:00,11,11,0,0.0,36.363636,50.064597,-24.5659,35.565,-11.895587,68 days 12:00:00,45 days 20:34:17,1.463671,3269.019171,0.227452,0.066167,1.098602,0.356024
HIMATSEIDE,Success,0.0069656510022468865,0.006277767999563366,0.0004523620009422302,0.02552873399690725,0.03937711600156035,1999-01-01 00:00:00,2025-03-06 00:00:00,6484 days 00:00:00,100000.0,70935.404002,-29.064596,714.319066,100.0,2708.409591,52.059087,4481 days 00:00:00,13,13,0,0.0,23.076923,23.310931,-10.712537,20.380052,-8.584976,57 days 00:00:00,19 days 02:24:00,0.679866,-2235.738154,-0.146357,-0.036776,0.907746,-0.20908
NAVNETEDUL,Success,0.005864056998689193,0.006128979999630246,0.0004349000009824522,0.025129947000095854,0.03768915899854619,2006-11-02 00:00:00,2025-03-07 00:00:00,4535 days 00:00:00,100000.0,138225.140777,38.225141,483.319231,100.0,2760.641346,37.265612,1326 days 00:00:00,11,11,0,0.0,45.454545,29.318269,-23.628805,22.928992,-10.847707,62 days 00:00:00,55 days 20:00:00,1.460238,3475.012798,0.230261,0.070833,1.107013,0.377311
PANAMAPET,Success,0.0033365010021952912,0.006494639001175528,0.0004597529987222515,0.025271022001106758,0.03571838000061689,2011-09-30 00:00:00,2025-03-06 00:00:00,3220 days 00:00:00,100000.0,151322.30505,51.322305,1098.22035,100.0,2393.597707,47.072641,784 days 00:00:00,7,7,0,0.0,42.857143,42.977776,-15.550772,37.188304,-12.44855,39 days 00:00:00,70 days 00:00:00,1.524288,7331.757864,0.334183,0.102131,1.152137,0.536325
VIPIND,Success,0.007395718999759993,0.00608864999958314,0.00044081799933337606,0.025363967000885168,0.039421361001586774,1994-11-30 00:00:00,2025-03-07 00:00:00,7230 days 00:00:00,100000.0,222535.537848,122.535538,1257.826087,100.0,6745.17883,39.260305,3249 days 00:00:00,19,19,0,0.0,42.105263,45.28878,-20.906156,31.601343,-11.738959,48 days 09:00:00,25 days 02:10:54,1.539228,6449.238834,0.334782,0.104965,1.173896,0.537523
JKPAPER,Success,0.005723586000385694,0.006796763998863753,0.0004429280015756376,0.025120176000200445,0.03824635700220824,2005-06-16 00:00:00,2025-03-06 00:00:00,4874 days 00:00:00,100000.0,374505.341148,274.505341,486.184657,100.0,7526.976078,41.489134,1029 days 00:00:00,16,16,0,0.0,50.0,41.740885,-15.341766,31.974613,-10.4603,70 days 03:00:00,47 days 06:00:00,2.259497,17156.583822,0.587628,0.250518,1.221682,0.964454
LIBERTSHOE,Success,0.006110227001045132,0.0060394780011847615,0.0005535240015888121,0.025860071000352036,0.03874559899850283,1999-01-01 00:00:00,2025-03-06 00:00:00,6388 days 00:00:00,100000.0,98215.967427,-1.784033,1094.702032,100.0,2825.261947,43.946185,2882 days 00:00:00,16,16,0,0.0,31.25,45.8814,-19.517051,33.221192,-12.225322,101 days 19:12:00,33 days 15:16:21,0.985757,-111.502036,0.08764,-0.002339,1.038395,0.140855
MFSL,Success,0.005339063001883915,0.006052493001334369,0.0006091409995860886,0.026223726003081538,0.03839419300129521,2006-11-02 00:00:00,2025-03-06 00:00:00,4534 days 00:00:00,100000.0,93382.771475,-6.617229,445.106592,100.0,1649.937351,34.102714,1938 days 00:00:00,10,10,0,0.0,30.0,23.08527,-12.754616,20.369742,-8.497964,42 days 16:00:00,73 days 13:42:51,0.872008,-661.722853,0.031634,-0.016117,1.012189,0.047603
UCAL,Success,0.0058712549980555195,0.00612299400017946,0.0004558520013233647,0.02525364499888383,0.03789031699852785,1995-05-15 00:00:00,2025-03-06 00:00:00,7211 days 00:00:00,100000.0,62739.677108,-37.260323,135.690247,100.0,2505.590926,67.728036,3595 days 00:00:00,14,14,0,0.0,21.428571,43.766306,-17.934165,39.581198,-12.417323,38 days 16:00:00,39 days 10:54:32,0.71173,-2661.451635,-0.079881,-0.034432,0.955833,-0.127965
TORNTPHARM,Success,0.006460387001425261,0.006886478000524221,0.00043589200140559115,0.025903079000272555,0.03982010600157082,1994-11-03 00:00:00,2025-03-06 00:00:00,7433 days 00:00:00,100000.0,64598.328984,-35.401671,14731.515152,100.0,2918.139611,57.681954,6912 days 00:00:00,22,22,0,0.0,27.272727,44.200446,-18.710781,22.019262,-9.496954,27 days 00:00:00,19 days 13:30:00,0.695341,-1609.166864,-0.107682,-0.036804,0.933467,-0.151891
MIRCELECTR,Success,0.005518329999176785,0.00603193400093005,0.0005655220011249185,0.02665044799869065,0.03894877999846358,1999-01-01 00:00:00,2025-03-06 00:00:00,6468 days 00:00:00,100000.0,129519.909162,29.519909,310.689655,100.0,4211.398343,71.615693,2278 days 00:00:00,17,17,0,0.0,29.411765,58.083349,-27.843225,47.392612,-12.774897,38 days 14:24:00,34 days 08:00:00,1.143094,1736.465245,0.174671,0.020532,1.085395,0.276738
JYOTISTRUC,Success,0.0055805440024414565,0.0059477020004123915,0.0005503409993252717,0.026913051999144955,0.03912561499964795,1999-01-01 00:00:00,2025-03-06 00:00:00,6090 days 00:00:00,100000.0,87400.989339,-12.599011,78.266972,100.0,1988.896999,44.326811,4532 days 00:00:00,11,11,0,0.0,27.272727,47.105295,-20.25984,42.256612,-13.792443,36 days 00:00:00,12 days 18:00:00,0.882259,-1145.364606,0.001784,-0.018135,1.001333,0.002669
MOREPENLAB,Success,0.005010577002394712,0.006092320996685885,0.0004349449991423171,0.02615724800125463,0.03784031000031973,1995-05-15 00:00:00,2025-03-06 00:00:00,7376 days 00:00:00,100000.0,84014.756575,-15.985243,143.08682,100.0,2688.122827,51.422859,3721 days 00:00:00,14,14,0,0.0,28.571429,61.134198,-19.422111,41.605641,-14.142656,60 days 18:00:00,25 days 04:48:00,0.890262,-1141.803102,0.054104,-0.016689,1.030671,0.084398
IRB,Success,0.0043295479990774766,0.006641714000579668,0.0004444959995453246,0.025434969997149892,0.03700124000170035,2008-02-25 00:00:00,2025-03-06 00:00:00,4206 days 00:00:00,100000.0,122517.595253,22.517595,137.226482,100.0,1399.617647,36.981227,1735 days 00:00:00,6,6,0,0.0,33.333333,37.838455,-13.704385,35.693391,-9.638892,45 days 00:00:00,51 days 06:00:00,1.459903,3752.932542,0.19073,0.048079,1.112139,0.289156
KAUSHALYA,Success,0.004114642000786262,0.005819650999910664,0.0005318999974406324,0.026085557001351845,0.03668821400060551,2007-12-14 00:00:00,2025-03-06 00:00:00,4013 days 00:00:00,100000.0,60159.730952,-39.840269,-90.118253,100.0,1125.141061,64.153117,3592 days 00:00:00,9,9,0,0.0,22.222222,32.083555,-19.470811,29.753016,-13.558578,6 days 00:00:00,25 days 17:08:34,0.426545,-4426.696561,-0.219648,-0.070407,0.864122,-0.314488
ALPA,Success,0.0032047960012278054,0.00587990100029856,0.0005520320009964053,0.026704709001933224,0.03648648699891055,2007-08-06 00:00:00,2025-03-06 00:00:00,4125 days 00:00:00,100000.0,118149.75946,18.149759,96.99002,100.0,2233.309309,45.422654,2688 days 00:00:00,8,8,0,0.0,37.5,45.97395,-17.117984,34.909498,-13.473153,42 days 08:00:00,22 days 00:00:00,1.178951,2268.719932,0.171607,0.032731,1.112959,0.278381
MANINFRA,Success,0.004253688999597216,0.005959907000942621,0.00043744600043282844,0.025467883999226615,0.036315578003268456,2010-03-11 00:00:00,2025-03-06 00:00:00,3713 days 00:00:00,100000.0,151952.927287,51.952927,227.440322,100.0,1668.565432,19.158772,970 days 00:00:00,6,6,0,0.0,50.0,31.380789,-9.829665,27.486114,-9.769322,24 days 08:00:00,22 days 16:00:00,2.170759,8658.821215,0.535245,0.219157,1.471783,0.989248
GODFRYPHLP,Success,0.005844258001161506,0.006640233001235174,0.00045547699846792966,0.025863377999485238,0.0389597710018279,1999-01-01 00:00:00,2025-03-07 00:00:00,6405 days 00:00:00,100000.0,70917.618031,-29.082382,7217.934783,100.0,1981.64429,58.92656,6026 days 00:00:00,14,14,0,0.0,21.428571,36.255928,-13.192409,24.865368,-8.699267,106 days 08:00:00,15 days 10:54:32,0.592091,-2077.312998,-0.105086,-0.032911,0.944434,-0.160959
KABRAEXTRU,Success,0.004704908998974133,0.005787204001535429,0.0005728019968955778,0.026706780001404695,0.03792993699971703,1999-01-01 00:00:00,2025-03-06 00:00:00,6061 days 00:00:00,100000.0,102366.704954,2.366705,16092.941176,100.0,2242.966093,51.367884,2294 days 00:00:00,13,13,0,0.0,30.769231,36.724047,-20.296596,35.663295,-12.374722,57 days 18:00:00,28 days 16:00:00,1.023561,182.054227,0.092221,0.002744,1.049321,0.143667
KANORICHEM,Success,0.005343781998817576,0.00600647399915033,0.000540185999852838,0.026829525999346515,0.03885469600209035,1999-01-01 00:00:00,2025-03-06 00:00:00,5865 days 00:00:00,100000.0,75487.150195,-24.51285,1353.887439,100.0,1937.08221,57.222652,5324 days 00:00:00,11,11,0,0.0,27.272727,37.005703,-17.776887,32.019928,-12.958479,32 days 08:00:00,60 days 15:00:00,0.752681,-2228.440891,-0.015734,-0.030317,0.992183,-0.023786
BIRLAMONEY,Success,0.002936535998742329,0.005886744002054911,0.0004377650002425071,0.025492330998531543,0.03491425499669276,2009-09-09 00:00:00,2025-03-06 00:00:00,3803 days 00:00:00,100000.0,54429.181643,-45.570818,261.199032,100.0,1137.027267,64.059651,3683 days 00:00:00,9,9,0,0.0,22.222222,36.673981,-23.368502,35.227797,-15.819038,53 days 00:00:00,25 days 03:25:42,0.433297,-5063.424262,-0.295952,-0.088524,0.857601,-0.456048
FLEXITUFF,Success,0.0031955259983078577,0.006664320000709267,0.0004268550001143012,0.025524323002173332,0.035956488998635905,2011-10-19 00:00:00,2025-03-06 00:00:00,3308 days 00:00:00,100000.0,171631.917194,71.631917,-78.363032,100.0,2844.152692,63.048165,1914 days 00:00:00,10,10,0,0.0,40.0,54.974157,-18.138582,45.112924,-14.22448,20 days 00:00:00,41 days 04:00:00,1.504623,7163.191719,0.385247,0.09741,1.180307,0.568978
BAJAJ-AUTO,Success,0.004135351002332754,0.005904476001887815,0.0005402380011219066,0.02616535899869632,0.036907165002048714,2008-05-26 00:00:00,2025-03-07 00:00:00,4149 days 00:00:00,100000.0,127276.471947,27.276472,2405.084746,100.0,2371.375917,21.53711,2623 days 00:00:00,11,11,0,0.0,36.363636,19.009708,-6.600116,16.391276,-5.076386,92 days 00:00:00,26 days 17:08:34,1.697463,2479.679268,0.270683,0.099573,1.110454,0.390168
HTMEDIA,Success,0.0050192390008305665,0.00592644499920425,0.0005356740002753213,0.02593841799898655,0.03756229700229596,2005-09-01 00:00:00,2025-03-06 00:00:00,4822 days 00:00:00,100000.0,89405.166433,-10.594834,-81.570988,100.0,1279.757927,46.036698,3369 days 00:00:00,7,7,0,0.0,28.571429,35.483034,-17.615547,30.846289,-12.105054,46 days 00:00:00,18 days 14:24:00,0.81586,-1513.547652,-0.033376,-0.018336,0.976173,-0.051413
ARVIND,Success,0.004164325000601821,0.005894656998862047,0.0004401339974720031,0.0262556029992993,0.03689820400177268,2008-07-07 00:00:00,2025-03-06 00:00:00,4118 days 00:00:00,100000.0,232956.285575,132.956286,3255.736679,100.0,5461.312096,46.940039,2518 days 00:00:00,15,15,0,0.0,40.0,41.487608,-14.471511,35.738478,-10.279141,65 days 04:00:00,34 days 08:00:00,1.721042,8863.752372,0.434605,0.165824,1.170993,0.69054
TRIDENT,Success,0.006027436000294983,0.006660868999460945,0.0004289419994165655,0.02584119799939799,0.039106407999497605,2002-03-28 00:00:00,2025-03-06 00:00:00,5673 days 00:00:00,100000.0,53662.324108,-46.337676,7235.548103,100.0,1477.262092,72.666818,5608 days 00:00:00,15,15,0,0.0,26.666667,35.344088,-26.606222,26.308296,-12.907556,47 days 06:00:00,43 days 19:38:10,0.467108,-3089.178393,-0.102221,-0.054024,0.954776,-0.157572
WINDMACHIN,Success,0.0028963579970877618,0.005763748999015661,0.0005273580027278513,0.02577909899991937,0.03512089799914975,2011-08-19 00:00:00,2025-03-06 00:00:00,3304 days 00:00:00,100000.0,101970.05699,1.970057,950.719697,100.0,4969.115422,69.454344,1693 days 00:00:00,15,15,0,0.0,33.333333,64.935381,-20.624159,42.283195,-15.721243,49 days 00:00:00,44 days 21:36:00,1.006935,131.337133,0.163142,0.003106,1.055095,0.273533
TATAPOWER,Success,0.005531074999453267,0.005901172997255344,0.0005506400011654478,0.025721658999827923,0.03786652800044976,1999-01-01 00:00:00,2025-03-06 00:00:00,6468 days 00:00:00,100000.0,167667.516297,67.667516,3364.448621,100.0,5029.832875,42.925401,4232 days 00:00:00,24,24,0,0.0,37.5,34.349219,-21.051698,26.21322,-9.8344,40 days 02:40:00,36 days 01:36:00,1.427865,2819.479846,0.258948,0.068943,1.106848,0.362608
GEECEE,Success,0.0031668669980717823,0.005942258001596201,0.0004268449993105605,0.02549930099849007,0.035250695000286214,2010-03-05 00:00:00,2025-03-06 00:00:00,3623 days 00:00:00,100000.0,53027.97874,-46.972021,322.682675,100.0,1653.11106,71.161187,2265 days 00:00:00,10,10,0,0.0,20.0,53.223881,-29.727253,37.373262,-14.236372,52 days 12:00:00,40 days 12:00:00,0.558727,-4697.202126,-0.196894,-0.086998,0.911201,-0.287996
WABAG,Success,0.003817855002125725,0.00677063499824726,0.00044109900045441464,0.024765155001659878,0.036019084000145085,2010-12-15 00:00:00,2025-03-06 00:00:00,3519 days 00:00:00,100000.0,292790.643324,192.790643,260.907481,100.0,3224.52374,22.262861,980 days 00:00:00,11,11,0,0.0,54.545455,35.309827,-10.290058,28.82227,-8.419219,41 days 20:00:00,30 days 00:00:00,4.400177,17526.42212,0.772514,0.529461,1.416747,1.411524
CYBERTECH,Success,0.0060070019972044975,0.006081591000111075,0.0005556840005738195,0.02593793099731556,0.038768424001318635,1999-01-27 00:00:00,2025-03-06 00:00:00,6089 days 00:00:00,100000.0,202030.497852,102.030498,-8.466667,100.0,2483.746991,47.176587,3252 days 00:00:00,11,11,0,0.0,45.454545,68.607001,-23.953895,44.320026,-16.820636,44 days 04:48:00,26 days 12:00:00,1.927159,9275.499805,0.311603,0.091267,1.217116,0.544293
JUBLFOOD,Success,0.003681819998746505,0.0060773069999413565,0.0005557009972108062,0.026065498997922987,0.03655816600075923,2010-02-08 00:00:00,2025-03-06 00:00:00,3734 days 00:00:00,100000.0,137033.473162,37.033473,2560.19194,100.0,1984.340221,33.572132,1976 days 00:00:00,10,10,0,0.0,40.0,23.886742,-11.269056,22.161508,-7.744167,44 days 18:00:00,45 days 04:00:00,1.795823,3703.347316,0.285084,0.09316,1.123518,0.427829
AUROPHARMA,Success,0.005665602002409287,0.006075732999306638,0.0004503739983192645,0.025190397002006648,0.03756146900195745,1999-01-01 00:00:00,2025-03-06 00:00:00,6468 days 00:00:00,100000.0,188320.980131,88.32098,23867.742348,100.0,7259.744573,47.873228,5222 days 00:00:00,20,20,0,0.0,35.0,43.569671,-15.291684,30.54433,-8.839323,29 days 10:17:08,32 days 00:00:00,1.382541,4416.049007,0.326175,0.075962,1.163044,0.529814
UNIVCABLES,Success,0.005632816999423085,0.006655228000454372,0.00045013400085736066,0.025491713000519667,0.03838601300230948,1999-01-01 00:00:00,2025-03-06 00:00:00,5710 days 00:00:00,100000.0,1401239.974785,1301.239975,2917.993922,100.0,23853.452452,54.936729,1924 days 00:00:00,18,18,0,0.0,61.111111,77.924847,-37.206679,42.70286,-15.471457,74 days 13:05:27,26 days 13:42:51,2.829694,72291.10971,0.697776,0.334617,1.305523,1.217275
MAWANASUG,Success,0.003562621997843962,0.005708065000362694,0.0005619719995593186,0.02644024699839065,0.036420854998141294,2009-03-20 00:00:00,2025-03-06 00:00:00,3851 days 00:00:00,100000.0,100315.301206,0.315301,447.435897,100.0,874.38773,31.633943,1929 days 00:00:00,4,4,0,0.0,25.0,58.052825,-15.422494,58.052825,-14.044315,32 days 00:00:00,43 days 16:00:00,1.006462,78.825302,0.067274,0.000943,1.044633,0.107575
WALCHANNAG,Success,0.00607264700011001,0.0059303510024619754,0.0005366509976738598,0.026443293998454465,0.03917851600272115,1995-10-11 00:00:00,2025-03-06 00:00:00,6587 days 00:00:00,100000.0,191198.44789,91.198448,706.55,100.0,3144.852693,56.783153,1958 days 00:00:00,16,16,0,0.0,37.5,62.034151,-18.676985,39.962826,-12.583316,59 days 08:00:00,14 days 19:12:00,1.759018,5699.902993,0.277238,0.064399,1.144405,0.42509
ASTRAZEN,Success,0.004944782998791197,0.005993743001454277,0.0004296709994378034,0.02545299499979592,0.037002871998993214,1998-07-30 00:00:00,2025-03-06 00:00:00,6460 days 00:00:00,100000.0,204250.093433,104.250093,25040.23569,100.0,7912.616075,41.474745,4790 days 00:00:00,18,18,0,0.0,33.333333,43.653065,-13.701553,32.932999,-7.870779,33 days 12:00:00,27 days 10:00:00,1.429377,5791.671857,0.348938,0.099283,1.212699,0.638163
DONEAR,Success,0.005081984003481921,0.006743294998159399,0.0004416090014274232,0.026093544998730067,0.03849732100206893,2006-12-20 00:00:00,2025-03-06 00:00:00,4288 days 00:00:00,100000.0,70337.267501,-29.662732,-49.783366,100.0,689.386881,60.527404,3613 days 00:00:00,5,5,0,0.0,20.0,34.568528,-18.622135,34.568528,-14.902275,260 days 00:00:00,43 days 00:00:00,0.378372,-5932.5465,-0.054493,-0.04875,0.974657,-0.080371
KSL,Success,0.0030988319995230995,0.005755065998528153,0.0005676580003637355,0.026685843997256598,0.03625538399865036,2010-05-19 00:00:00,2025-03-06 00:00:00,3667 days 00:00:00,100000.0,69026.484796,-30.973515,782.969188,100.0,1614.154964,47.546606,2086 days 00:00:00,9,9,0,0.0,22.222222,42.212231,-18.069572,31.157998,-12.095351,47 days 12:00:00,17 days 03:25:42,0.614155,-3441.501689,-0.18569,-0.076186,0.890702,-0.266496
ASHIMASYN,Success,0.006089382997743087,0.006325411999569042,0.0005711390003853012,0.026716116000898182,0.03983802599759656,1995-05-10 00:00:00,2025-03-06 00:00:00,6613 days 00:00:00,100000.0,47735.030205,-52.26497,-49.830138,100.0,1331.116668,74.548598,5697 days 00:00:00,12,12,0,0.0,16.666667,53.366345,-20.472177,46.85065,-13.877266,46 days 00:00:00,11 days 16:48:00,0.375138,-4355.41415,-0.230511,-0.053649,0.835299,-0.342764
CIPLA,Success,0.005306934999680379,0.005928642000071704,0.0004515449982136488,0.025884859001962468,0.037740776999271475,1999-01-01 00:00:00,2025-03-06 00:00:00,6469 days 00:00:00,100000.0,178451.32208,78.451322,6128.694464,100.0,5000.242811,34.880844,3505 days 00:00:00,18,18,0,0.0,38.888889,31.277432,-10.953195,20.88722,-6.490857,53 days 10:17:08,41 days 10:54:32,1.795519,4358.406782,0.329635,0.09523,1.143423,0.511643
WEBELSOLAR,Success,0.003901115996995941,0.006634882000071229,0.0004356069985078648,0.02525743899968802,0.03636161200120114,2007-05-15 00:00:00,2025-03-06 00:00:00,4237 days 00:00:00,100000.0,317037.941033,217.037941,377.61074,100.0,2775.603716,48.063149,1769 days 00:00:00,11,11,0,0.0,54.545455,44.826107,-17.799642,37.687442,-14.067327,28 days 16:00:00,37 days 09:36:00,3.989438,19730.721912,0.5929,0.217438,1.362505,1.109852
BAJAJELEC,Success,0.004315845999371959,0.005907301998377079,0.0005324230005498976,0.026166973999352194,0.03706252000120003,2007-11-02 00:00:00,2025-03-06 00:00:00,4284 days 00:00:00,100000.0,27561.567359,-72.438433,912.729576,100.0,998.759461,75.90439,4218 days 00:00:00,10,10,0,0.0,0.0,-8.585273,-28.685184,,-11.867875,,26 days 09:36:00,0.0,-7243.843264,-0.791615,-0.137,0.594717,-0.930265
ALICON,Success,0.0034464979980839416,0.0058513889998721424,0.0005591680019279011,0.02561193200017442,0.03560520999963046,2011-09-08 00:00:00,2025-03-06 00:00:00,3156 days 00:00:00,100000.0,338789.845006,238.789845,1063.897801,100.0,4406.224013,31.891734,572 days 00:00:00,9,9,0,0.0,55.555556,55.484828,-13.024199,40.125404,-10.54301,75 days 19:12:00,24 days 00:00:00,3.12554,26532.205001,0.764125,0.475244,1.34654,1.422964
KOTHARIPET,Success,0.004434523001691559,0.005966514003375778,0.000436357000580756,0.025264783998864004,0.036258870000892784,1998-05-06 00:00:00,2025-03-06 00:00:00,6201 days 00:00:00,100000.0,264310.773958,164.310774,6980.47619,100.0,6242.634873,69.846678,3825 days 00:00:00,14,14,0,0.0,42.857143,98.177667,-43.691191,55.453243,-17.684486,54 days 12:00:00,26 days 09:00:00,1.511664,11736.483854,0.33615,0.084297,1.193492,0.543045
SMSPHARMA,Success,0.005098911002278328,0.007280044999788515,0.0004490670035011135,0.024921807998907752,0.03788123299818835,2007-02-28 00:00:00,2025-03-06 00:00:00,4373 days 00:00:00,100000.0,94183.490027,-5.81651,481.229605,100.0,1475.743014,52.193731,3695 days 00:00:00,9,9,0,0.0,33.333333,32.725348,-17.104257,30.044408,-13.136871,24 days 16:00:00,24 days 16:00:00,0.916292,-646.278886,0.022401,-0.009559,1.016214,0.035272
JAYBARMARU,Success,0.006670875001873355,0.00606057600089116,0.0005892929984838702,0.025450430002820212,0.03889335399799165,1999-01-04 00:00:00,2025-03-06 00:00:00,6049 days 00:00:00,100000.0,112109.303779,12.109304,5561.016901,100.0,3261.380264,60.327418,5189 days 00:00:00,14,14,0,0.0,28.571429,58.06286,-20.151437,48.612739,-13.560382,86 days 12:00:00,22 days 07:12:00,1.071442,864.95027,0.144366,0.011472,1.071896,0.223766
TEXINFRA,Success,0.0063400269973499235,0.005932407999353018,0.0005452799996419344,0.025420289999601664,0.038386537999031134,2004-09-09 00:00:00,2025-03-06 00:00:00,5069 days 00:00:00,100000.0,120354.459135,20.354459,1675.248031,100.0,2432.419336,28.673004,1880 days 00:00:00,10,10,0,0.0,30.0,68.701847,-13.79442,41.145798,-11.048241,66 days 16:00:00,23 days 17:08:34,1.20856,2035.445913,0.16231,0.046839,1.094011,0.281702
IMPEXFERRO,Success,0.0038785169999755453,0.006362772997817956,0.0004389380010252353,0.024997534001158783,0.035807272000965895,2005-02-03 00:00:00,2025-03-06 00:00:00,4321 days 00:00:00,100000.0,162373.648944,62.373649,-89.70339,100.0,1226.435182,32.533497,894 days 00:00:00,5,5,0,0.0,60.0,39.77462,-23.330616,34.797617,-18.332066,39 days 16:00:00,11 days 12:00:00,2.260349,12474.729789,0.407307,0.128469,1.38749,0.634393
CHENNPETRO,Success,0.0070887049987504724,0.006866571999125881,0.0004333729993959423,0.0250334219999786,0.03955906400005915,2000-08-09 00:00:00,2025-03-06 00:00:00,6090 days 00:00:00,100000.0,280894.426757,180.894427,1499.544726,100.0,6112.800102,43.013339,2424 days 00:00:00,17,17,0,0.0,47.058824,39.711832,-18.31485,30.057732,-11.023182,45 days 03:00:00,36 days 08:00:00,1.994402,10640.848633,0.436433,0.148458,1.212113,0.70015
DCBBANK,Success,0.00512201899982756,0.006023352001648163,0.0005647350008075591,0.025771813998289872,0.03764358299667947,2006-11-02 00:00:00,2025-03-07 00:00:00,4535 days 00:00:00,100000.0,42825.910426,-57.17409,131.416495,100.0,2089.200322,63.654911,3738 days 00:00:00,15,15,0,0.0,13.333333,30.896125,-15.151849,23.306898,-9.235937,40 days 00:00:00,15 days 03:41:32,0.373044,-3811.605972,-0.454911,-0.103647,0.756763,-0.610355
TANLA,Success,0.005220332001044881,0.006594335998670431,0.0006143559985503089,0.026100228998984676,0.038695642000675434,2007-01-05 00:00:00,2025-03-06 00:00:00,4491 days 00:00:00,100000.0,181599.250558,81.599251,145.517961,100.0,2300.132346,41.638915,1020 days 00:00:00,8,8,0,0.0,37.5,68.443765,-24.866003,57.540052,-13.867097,81 days 08:00:00,23 days 09:36:00,1.856716,10199.90632,0.366296,0.119324,1.212752,0.65148
TVSMOTOR,Success,0.006019720000040252,0.0060440160013968125,0.00047570199967594817,0.02564069300206029,0.038360887996532256,2001-12-03 00:00:00,2025-03-07 00:00:00,5730 days 00:00:00,100000.0,1220997.042665,1120.997043,27086.450492,100.0,26005.936692,27.06708,438 days 00:00:00,21,21,0,0.0,61.904762,44.50622,-13.897561,28.661388,-8.798537,46 days 14:46:09,16 days 03:00:00,3.585932,53380.811555,1.018546,0.63841,1.549552,1.85825
ANIKINDS,Success,0.00321884500226588,0.006523064999782946,0.00042702799692051485,0.025228947997675277,0.03556489999755286,2008-05-20 00:00:00,2025-03-06 00:00:00,4022 days 00:00:00,100000.0,91690.983217,-8.309017,75.413675,100.0,2253.018698,57.738482,2233 days 00:00:00,9,9,0,0.0,22.222222,92.916369,-18.595784,57.159044,-12.477546,46 days 12:00:00,30 days 17:08:34,0.93089,-923.224087,0.057448,-0.013581,1.031224,0.09864
MANAKSIA,Success,0.004885545000433922,0.0060702189985022414,0.00060600199867622,0.02566873400064651,0.037478227000974584,2008-01-08 00:00:00,2025-03-06 00:00:00,4193 days 00:00:00,100000.0,307753.797726,207.753798,26.446726,100.0,2956.62244,40.948648,1524 days 00:00:00,9,9,0,0.0,55.555556,46.8131,-14.498811,40.067053,-12.996088,66 days 14:24:00,81 days 18:00:00,3.51739,23083.755303,0.553898,0.251054,1.250796,1.038985
DABUR,Success,0.007496154998079874,0.006727425999997649,0.000660976002109237,0.026924126999801956,0.04195637699740473,1999-01-01 00:00:00,2025-03-06 00:00:00,6468 days 00:00:00,100000.0,121840.135827,21.840136,6628.555348,100.0,3199.995136,53.183592,4272 days 00:00:00,15,15,0,0.0,40.0,34.585412,-21.062543,18.363477,-8.370866,74 days 20:00:00,90 days 05:20:00,1.265722,1456.009055,0.151967,0.021078,1.054444,0.215328
MOTHERSON,Success,0.005677877001289744,0.006015990999003407,0.00044089700168115087,0.02579713000159245,0.03806899700066424,1999-01-01 00:00:00,2025-03-06 00:00:00,6259 days 00:00:00,100000.0,694922.048986,594.922049,141335.487798,100.0,14558.150235,35.01858,853 days 00:00:00,23,23,0,0.0,52.173913,37.657764,-16.429392,28.309284,-8.947358,50 days 14:00:00,26 days 21:49:05,3.008824,25866.176043,0.690135,0.341794,1.32684,1.08792
INDOCO,Success,0.004319903997384245,0.00658182100232807,0.00042057500104419887,0.025869273998978315,0.03733726800055592,2005-01-14 00:00:00,2025-03-06 00:00:00,4911 days 00:00:00,100000.0,313915.876618,213.915877,342.249482,100.0,2901.112172,40.750545,1453 days 00:00:00,10,10,0,0.0,50.0,81.627083,-16.27156,43.846306,-11.601842,123 days 14:24:00,16 days 14:24:00,3.539482,21391.587662,0.50472,0.217767,1.229721,0.85464
RELINFRA,Success,0.004799225000169827,0.00591863899899181,0.0005240239988779649,0.026345451002271147,0.037722981000115396,2006-11-02 00:00:00,2025-03-06 00:00:00,4535 days 00:00:00,100000.0,33850.895834,-66.149104,-50.677542,100.0,1047.727622,68.170583,4224 days 00:00:00,9,9,0,0.0,11.111111,21.005566,-23.004473,21.005566,-14.633881,48 days 00:00:00,66 days 21:00:00,0.151069,-7349.900463,-0.343202,-0.122472,0.869033,-0.461016
NELCO,Success,0.00508772800094448,0.005852051999681862,0.0005314690024533775,0.026621714001521468,0.03823002300123335,1995-10-09 00:00:00,2025-03-06 00:00:00,6890 days 00:00:00,100000.0,114097.712002,14.097712,3480.217391,100.0,3938.821199,73.075914,6141 days 00:00:00,15,15,0,0.0,33.333333,78.135032,-27.058294,49.787511,-16.699071,45 days 09:36:00,22 days 04:48:00,1.055925,939.847467,0.12942,0.009594,1.078143,0.219365
HONDAPOWER,Success,0.004018457999336533,0.005965308002487291,0.0004321870001149364,0.02493591600068612,0.035496148997481214,2006-04-04 00:00:00,2025-03-06 00:00:00,4587 days 00:00:00,100000.0,130880.123329,30.880123,1271.215634,100.0,4119.997816,42.585179,2265 days 00:00:00,13,13,0,0.0,38.461538,35.020759,-13.387353,26.317063,-10.544233,74 days 00:00:00,60 days 18:00:00,1.214588,2375.394102,0.20511,0.050827,1.07846,0.347831
