Symbol,Source,Avg Losing Trade [%],Avg Winning Trade [%],Benchmark Return [%],Best Trade [%],Calmar Ratio,End Value,Expectancy,Max Drawdown [%],Max Gross Exposure [%],Omega Ratio,Open Trade PnL,Profit Factor,Sharpe Ratio,Sortino Ratio,Start Value,Total Closed Trades,Total Fees Paid,Total Open Trades,Total Return [%],Total Trades,Win Rate [%],Worst Trade [%]
20MICRONS,File 1 (vectorbt),-12.163431,40.799199,,55.292314,0.184233,202084.664003,11342.740445,34.819272,,1.241155,,1.673714,0.417942,0.788946,,,3803.493476,,102.084664,,,-13.43651
20MICRONS,File 2 (custom),-12.051479,40.858241,,55.336877,0.123852,200180.619573,11131.179953,34.92728,,1.23832,,1.661304,0.34385,0.222445,,,1942.920173,,100.18062,,,-13.323286
21STCENMGM,File 1 (vectorbt),-5.544838,,,-4.795618,-0.206426,79608.889702,-5097.777574,21.644605,,0.378136,,,-1.097234,-1.275805,,,714.273427,,-20.39111,,,-6.537316
21STCENMGM,File 2 (custom),-5.244866,,,-4.691027,-0.14307,79970.396728,-5007.400818,21.288618,,0.382863,,,-0.902383,-0.401878,,,347.830702,,-20.029603,,,-5.652455
360ONE,File 1 (vectorbt),-9.849133,22.618025,,27.994741,1.108786,165307.777838,9329.682548,12.327507,,1.527614,,2.728592,0.964965,1.738146,,,1735.170834,,65.307778,,,-10.860992
360ONE,File 2 (custom),-9.739493,22.009921,,28.066574,0.69795,160231.104526,8604.443504,12.393839,,1.496105,,2.607754,0.763133,0.482531,,,880.392657,,60.231105,,,-10.750342
3IINFOLTD,File 1 (vectorbt),-13.611637,35.205233,,44.796421,0.063732,161553.672083,4103.578139,56.478222,,1.104439,,1.280048,0.265696,0.443729,,,4953.453402,,61.553672,,,-20.24706
3IINFOLTD,File 2 (custom),-13.498239,33.553717,,44.85147,0.035147,147196.328738,3146.421916,56.539658,,1.092494,,1.222464,0.196463,0.154434,,,2407.357209,,47.196329,,,-20.127033
3MINDIA,File 1 (vectorbt),-7.145412,24.012373,,37.526333,0.11961,208914.404368,5186.400208,31.324473,,1.242355,,1.71212,0.377234,0.647148,,,6883.563947,,108.914404,,,-10.087156
3MINDIA,File 2 (custom),-6.84905,23.867991,,35.827088,0.082939,207419.750741,5115.226226,30.704769,,1.24494,,1.726232,0.315494,0.151,,,3408.964518,,107.419751,,,-9.501241
3PLAND,File 1 (vectorbt),-13.760151,43.01277,,44.78368,-0.102981,61939.147649,-3806.085235,48.95366,,0.86252,,0.575829,-0.144971,-0.275235,,,1493.498325,,-38.060852,,,-20.065875
3PLAND,File 2 (custom),-12.573492,40.386922,,41.300459,-0.064238,65355.737378,-3464.426262,48.589428,,0.881053,,0.5844,-0.100584,-0.039793,,,736.341595,,-34.644263,,,-19.892664
5PAISA,File 1 (vectorbt),-11.394189,41.139555,,41.139555,-0.178156,53571.585488,-5158.712724,63.898721,,0.745062,,0.469552,-0.650974,-0.867555,,,1644.969124,,-46.428415,,,-14.271446
5PAISA,File 2 (custom),-11.201834,36.2418,,36.2418,-0.132238,51708.40504,-5365.732773,63.822518,,0.727696,,0.426509,-0.58228,-0.273927,,,772.349625,,-48.291595,,,-14.157389
63MOONS,File 1 (vectorbt),-10.910309,,,-6.659602,-0.098302,39513.025756,-7560.871781,72.119902,,0.836001,,,-0.399401,-0.527507,,,1026.198742,,-60.486974,,,-16.876092
63MOONS,File 2 (custom),-10.443693,,,-6.553149,-0.067406,40610.753047,-7423.655869,71.323334,,0.839835,,,-0.32615,-0.148946,,,487.81807,,-59.389247,,,-16.759433
A2ZINFRA,File 1 (vectorbt),-14.325645,29.118431,,38.714977,-0.038625,83336.449644,-1851.505595,47.566462,,1.002074,,0.804366,0.004301,0.006578,,,1666.394512,,-16.66355,,,-23.7428
A2ZINFRA,File 2 (custom),-13.292201,29.189142,,38.776101,-0.018422,88217.633441,-1309.15184,47.5863,,1.015305,,0.856612,0.026279,0.014045,,,850.936293,,-11.782367,,,-20.899805
AAATECH,File 1 (vectorbt),-12.82232,,,-12.82232,-0.469201,85985.125748,-12809.510484,17.559197,,0.393584,-1205.363768,,-1.030246,-1.161085,,,274.281253,,-14.014874,,,-12.82232
AAATECH,File 2 (custom),-12.70971,,,-12.70971,-0.328709,85913.045301,-12883.044987,17.628024,,0.392241,-1203.909711,,-0.859655,-0.196812,,,87.195835,,-14.086955,,,-12.70971
AADHARHFC,File 1 (vectorbt),-10.883574,,,-10.883574,-0.510317,89127.299085,-10872.700915,27.393786,,0.922633,,,-0.375179,-0.55029,,,189.116616,,-10.872701,,,-10.883574
AADHARHFC,File 2 (custom),-10.772901,,,-10.772901,-0.362092,89070.802418,-10929.197582,27.412806,,0.92187,,,-0.316047,-0.354105,,,88.959061,,-10.929198,,,-10.772901
AAKASH,File 1 (vectorbt),-5.442746,,,-4.715091,-0.32216,89415.742046,-5292.128977,10.584258,,0.336571,,,-0.99498,-1.167023,,,379.984776,,-10.584258,,,-6.1704
AAKASH,File 2 (custom),-4.927116,,,-4.610581,-0.223029,90027.231246,-4986.384377,9.972769,,0.350699,,,-0.805081,-0.214738,,,185.401225,,-9.972769,,,-5.243652
AAREYDRUGS,File 1 (vectorbt),-10.795576,36.031465,,36.031465,0.113416,108242.96773,2747.65591,26.815363,,1.104343,,1.346449,0.244927,0.463148,,,628.320215,,8.242968,,,-11.011755
AAREYDRUGS,File 2 (custom),-10.684991,34.512784,,34.512784,0.063154,106656.04188,2218.680627,26.870729,,1.092263,,1.279896,0.180542,0.169277,,,315.138843,,6.656042,,,-10.900954
AARON,File 1 (vectorbt),,46.361936,,50.578729,1.803706,213905.148168,56952.574084,,,1.921267,,,1.426926,2.920022,,,615.07607,,113.905148,,,42.145142
AARON,File 2 (custom),0.0,43.632815,,45.17271,1.129236,205416.214257,52708.107128,,,1.873891,,,1.140214,0.792887,,,350.556675,,105.416214,,,42.092921
AARTECH,File 1 (vectorbt),-11.826039,,,-11.826039,-0.570652,88185.775549,-11814.224451,15.69691,,0.737678,,,-0.655505,-0.931288,,,188.174149,,-11.814224,,,-11.826039
AARTECH,File 2 (custom),-11.714424,,,-11.714424,-0.400472,88111.34817,-11888.65183,15.767385,,0.736278,,,-0.548786,-0.294879,,,88.181304,,-11.888652,,,-11.714424
AARTIDRUGS,File 1 (vectorbt),-10.335656,25.918093,,42.177077,0.009223,104821.204335,321.413622,34.685896,,1.054905,,1.045567,0.094777,0.150122,,,2912.361036,,4.821204,,,-14.320414
AARTIDRUGS,File 2 (custom),-10.209987,25.992001,,42.234742,0.004599,103468.103508,231.206901,34.74405,,1.051348,,1.032763,0.073853,0.033463,,,1449.983903,,3.468104,,,-14.206308
AARTIIND,File 1 (vectorbt),-8.836186,27.024881,,35.93724,0.097936,191353.972419,3767.880276,38.851031,,1.151906,8460.606341,1.514412,0.320025,0.473683,,,5955.685328,,91.353972,,,-13.968763
AARTIIND,File 2 (custom),-8.656034,27.097683,,36.001139,0.066255,189182.873136,3674.060893,38.717661,,1.149896,8353.533482,1.501047,0.262492,0.126435,,,2918.75439,,89.182873,,,-13.855008
AARTIPHARM,File 1 (vectorbt),-8.575761,26.515414,,26.515414,0.481951,115652.373686,7826.186843,19.292352,,1.148313,,2.827013,0.466668,0.813738,,,398.534037,,15.652374,,,-8.575761
AARTIPHARM,File 2 (custom),-8.467394,25.186419,,25.186419,0.296784,114053.964037,7026.982019,19.232055,,1.136764,,2.626318,0.365167,0.386211,,,205.17274,,14.053964,,,-8.467394
AARTISURF,File 1 (vectorbt),-9.05073,28.613343,,28.613343,-0.046628,96764.329302,-808.917675,20.797332,,0.996622,,0.889164,-0.005168,-0.009566,,,824.281462,,-3.235671,,,-9.199348
AARTISURF,File 2 (custom),-8.941888,28.684558,,28.684558,-0.03749,96229.683182,-942.579204,20.886718,,0.987937,,0.871144,-0.015476,-0.008445,,,407.074049,,-3.770317,,,-9.090357
AARVEEDEN,File 1 (vectorbt),-13.813958,35.696049,,41.640405,0.002105,101555.685379,172.853931,60.327434,,1.064015,,1.023553,0.089852,0.150541,,,1394.65293,,1.555685,,,-19.889678
AARVEEDEN,File 2 (custom),-13.650531,33.381952,,41.698607,-0.003955,95877.810015,-458.021109,60.336451,,1.043458,,0.937071,0.051046,0.020909,,,678.080693,,-4.12219,,,-19.770008
AARVI,File 1 (vectorbt),-11.862534,44.841158,,53.748673,0.781136,184115.724828,28038.574943,25.086799,,1.396215,,4.398301,0.801149,1.427779,,,973.732329,,84.115725,,,-11.862534
AARVI,File 2 (custom),-11.750883,44.896162,,53.794778,0.521014,183459.601878,27819.867293,25.083566,,1.394025,,4.359695,0.663487,0.45548,,,527.944,,83.459602,,,-11.750883
AAVAS,File 1 (vectorbt),-7.295465,31.676948,,31.676948,-0.028637,97253.354487,-549.329103,21.254907,,0.991873,,0.914358,-0.012907,-0.021311,,,1059.54807,,-2.746646,,,-8.283197
AAVAS,File 2 (custom),-7.188377,31.745103,,31.745103,-0.024129,96656.750204,-668.649959,21.274719,,0.982362,,0.895498,-0.023482,-0.010512,,,520.610965,,-3.34325,,,-8.175122
ABAN,File 1 (vectorbt),-10.754645,,,-6.368972,-0.115318,40117.215672,-7485.348041,59.882784,,0.733173,,,-0.55532,-0.7148,,,1086.600595,,-59.882784,,,-14.664726
ABAN,File 2 (custom),-9.891163,,,-6.262809,-0.078532,42666.677631,-7166.665296,57.333322,,0.754502,,,-0.414885,-0.153587,,,540.3732,,-57.333322,,,-14.550275
ABB,File 1 (vectorbt),-7.659685,24.064376,,38.328023,0.262646,502068.701536,16752.862564,35.861135,,1.328109,,2.350644,0.689838,1.21525,,,14259.44984,,402.068702,,,-10.211873
ABB,File 2 (custom),-7.552232,23.801811,,38.389534,0.170928,473213.980337,15550.582514,36.093773,,1.316706,,2.301748,0.557303,0.379423,,,6998.392749,,373.21398,,,-10.101871
ABBOTINDIA,File 1 (vectorbt),-6.979494,20.767401,,48.149767,0.056904,120255.562397,1350.370826,31.196729,,1.052552,,1.269905,0.19128,0.294124,,,3180.283984,,20.255562,,,-13.996517
ABBOTINDIA,File 2 (custom),-6.354894,20.846454,,48.201465,0.056961,126126.12023,1741.741349,27.045831,,1.061733,,1.370342,0.185729,0.174779,,,1592.730678,,26.12612,,,-11.965917
ABCAPITAL,File 1 (vectorbt),-7.83766,23.751733,,32.258752,0.555532,168125.790579,8515.723822,18.514305,,1.249043,,2.285179,0.6284,1.012452,,,2485.334386,,68.125791,,,-10.109222
ABCAPITAL,File 2 (custom),-7.545119,23.827806,,32.326326,0.376159,168074.228363,8509.278545,18.578703,,1.249343,,2.300204,0.52283,0.359842,,,1277.757029,,68.074228,,,-9.259679
ABDL,File 1 (vectorbt),-8.812016,,,-8.435398,-1.161509,83167.124576,-8416.437712,20.60014,,0.382655,,,-1.739693,-2.054845,,,364.791747,,-16.832875,,,-9.188634
ABDL,File 2 (custom),-8.703412,,,-8.32717,-0.83684,83029.276684,-8485.361658,20.728567,,0.380274,,,-1.462097,-0.622157,,,173.799699,,-16.970723,,,-9.079655
ABFRL,File 1 (vectorbt),-9.341965,23.130356,,34.790876,0.281739,172095.354427,7209.535443,31.519914,,1.131787,,2.022652,0.487705,0.758517,,,2827.928412,,72.095354,,,-12.15107
ABFRL,File 2 (custom),-8.954001,23.207049,,34.85592,0.193102,172988.864959,7298.886496,31.638123,,1.132924,,2.052321,0.408874,0.388177,,,1458.971327,,72.988865,,,-10.644974
ABINFRA,File 1 (vectorbt),-11.319521,,,-9.928854,-0.507221,78643.03052,-10678.48474,21.538385,,0.543155,,,-0.856931,-0.998245,,,353.227046,,-21.356969,,,-12.710188
ABINFRA,File 2 (custom),-10.378615,,,-9.819135,-0.354231,80001.183233,-9999.408383,20.183275,,0.562178,,,-0.671434,-0.192959,,,169.009515,,-19.998817,,,-10.938096
ABMINTLLTD,File 1 (vectorbt),-12.366117,,,-12.366117,-0.313369,87646.236428,-12353.763572,16.351654,,0.645408,,,-0.49412,-0.653959,,,187.63407,,-12.353764,,,-12.366117
ABMINTLLTD,File 2 (custom),-12.253963,,,-12.253963,-0.218544,87571.972709,-12428.027291,16.422146,,0.643835,,,-0.413251,-0.126278,,,87.649543,,-12.428027,,,-12.253963
ABREL,File 1 (vectorbt),-10.24799,34.317317,,54.257642,0.062686,166792.551519,3180.597691,46.188742,,1.13362,,1.30484,0.259428,0.387751,,,6172.660352,,66.792552,,,-18.498667
ABREL,File 2 (custom),-9.927834,34.374094,,54.242056,0.043638,168207.13934,3247.959016,46.366974,,1.135533,,1.318073,0.218461,0.099545,,,3102.371211,,68.207139,,,-18.380387
ABSLAMC,File 1 (vectorbt),-7.430155,23.8418,,23.8418,0.195722,106118.532188,2039.510729,12.167496,,1.124977,,1.384939,0.233928,0.39953,,,619.844593,,6.118532,,,-7.584412
ABSLAMC,File 2 (custom),-6.85817,23.917782,,23.917782,0.148845,106744.029105,2248.009702,12.104923,,1.135286,,1.443701,0.208597,0.119972,,,314.861972,,6.744029,,,-7.168829
ACC,File 1 (vectorbt),-6.904627,22.121179,,35.433613,-0.035008,68326.908476,-1319.712147,60.049635,,0.976612,,0.743361,-0.062314,-0.08528,,,4125.616101,,-31.673092,,,-14.308354
ACC,File 2 (custom),-6.797929,22.19888,,35.498015,-0.02532,67031.864554,-1373.67231,60.379112,,0.973582,,0.732149,-0.058589,-0.030604,,,2014.450443,,-32.968135,,,-14.194259
ACCELYA,File 1 (vectorbt),-11.690644,32.872929,,45.873583,0.030312,135353.719615,2079.630566,58.464393,,1.100523,,1.237489,0.187106,0.28534,,,4003.727083,,35.35372,,,-20.648271
ACCELYA,File 2 (custom),-11.104221,30.771863,,45.030745,0.018287,128875.037768,1698.531633,55.859624,,1.091452,,1.202676,0.142881,0.066871,,,1968.742068,,28.875038,,,-16.810529
ACCURACY,File 1 (vectorbt),-10.645276,,,-10.645276,-0.336551,89365.359036,-10634.640964,10.634641,,,,,-0.864581,-0.86408,,,189.354914,,-10.634641,,,-10.645276
ACCURACY,File 2 (custom),-10.534841,,,-10.534841,-0.233743,89287.899795,-10712.100205,10.7121,,,,,-0.716925,-0.065314,,,89.363336,,-10.7121,,,-10.534841
ACE,File 1 (vectorbt),-10.512046,38.689729,,57.277238,0.56073,690001.337051,42142.952646,29.332039,,1.342707,,2.583926,0.735595,1.344635,,,12707.117663,,590.001337,,,-13.453394
ACE,File 2 (custom),-10.401744,37.772051,,49.489197,0.362614,645376.956623,38955.496902,29.457766,,1.331974,,2.548472,0.596057,0.450171,,,6253.67488,,545.376957,,,-13.340154
ACEINTEG,File 1 (vectorbt),,0.0,,,,,,,0.0,inf,,,inf,inf,,,,,,,,
ACEINTEG,File 2 (custom),,,,,,,,0.0,100.0,,,,,,,,,,,,,
ACI,File 1 (vectorbt),-6.972043,21.704735,,21.704735,1.243609,121006.575269,6603.86625,9.146898,,1.63704,7798.842769,2.896279,0.976549,1.945565,,,512.385821,,21.006575,,,-6.972043
ACI,File 2 (custom),-6.865278,21.782853,,21.782853,0.825047,120687.820564,6459.828751,9.224832,,1.627683,7768.163063,2.832436,0.803608,0.517558,,,205.827915,,20.687821,,,-6.865278
ACL,File 1 (vectorbt),-13.174806,41.785587,,42.523636,-0.00216,99067.829686,-133.167188,46.216453,,1.050442,,0.989571,0.063544,0.115667,,,1774.32205,,-0.93217,,,-17.002763
ACL,File 2 (custom),-12.208903,41.843643,,42.580955,0.005727,103446.365392,492.337913,43.621635,,1.076274,,1.04083,0.078518,0.041489,,,896.12235,,3.446365,,,-14.178248
ACLGATI,File 1 (vectorbt),-11.320902,31.205014,,35.964532,-0.121959,35358.596305,-4309.426913,64.641404,,0.743818,,0.331451,-0.551871,-0.793333,,,1756.498806,,-64.641404,,,-23.899694
ACLGATI,File 2 (custom),-11.056397,31.27364,,36.028404,-0.084832,35826.490321,-4278.233979,64.17351,,0.746034,,0.336497,-0.453635,-0.219063,,,860.460926,,-64.17351,,,-21.781888
ACMESOLAR,File 1 (vectorbt),,0.0,,,,,,,0.0,inf,,,inf,inf,,,,,,,,
ACMESOLAR,File 2 (custom),,,,,,,,0.0,100.0,,,,,,,,,,,,,
ADANIENSOL,File 1 (vectorbt),-11.018835,26.448567,,28.346131,0.303357,179962.329027,11423.189861,30.143908,,1.249524,,2.321712,0.551642,0.955846,,,2245.185505,,79.962329,,,-12.008884
ADANIENSOL,File 2 (custom),-10.908027,26.521945,,28.417613,0.203594,178595.717816,11227.959688,30.178602,,1.246779,,2.300185,0.454138,0.31879,,,1155.739314,,78.595718,,,-11.897087
ADANIENT,File 1 (vectorbt),-9.265961,26.914299,,32.727325,0.048843,135375.232173,1684.534865,49.419947,,1.110402,,1.216114,0.232859,0.338143,,,5073.747738,,35.375232,,,-11.800819
ADANIENT,File 2 (custom),-9.063459,26.975599,,32.794431,0.032399,134288.106478,1632.766975,49.871991,,1.108478,,1.21243,0.190257,0.088738,,,2528.405771,,34.288106,,,-11.689229
ADANIGREEN,File 1 (vectorbt),-12.452104,32.492166,,35.287714,0.216218,143464.393452,5169.589209,36.374993,,1.205067,7277.268988,1.397474,0.478753,0.79582,,,2390.826779,,43.464393,,,-17.616062
ADANIGREEN,File 2 (custom),-12.339864,31.914694,,35.352261,0.138736,140496.544097,4771.642887,36.382669,,1.195453,7095.043888,1.372681,0.380976,0.255964,,,1128.069731,,40.496544,,,-17.498663
ADANIPORTS,File 1 (vectorbt),-7.843667,19.63819,,22.392451,-0.030832,87125.227813,-1507.805849,37.368845,,0.98248,5218.898006,0.70358,-0.033167,-0.048556,,,2033.096338,,-12.874772,,,-11.433965
ADANIPORTS,File 2 (custom),-7.633526,19.128472,,22.469881,-0.024274,85510.01546,-1628.447285,37.265672,,0.974715,5051.382881,0.679116,-0.040142,-0.017083,,,966.272848,,-14.489985,,,-10.400202
ADANIPOWER,File 1 (vectorbt),-9.741911,29.697967,,41.306628,0.14649,143843.184707,6263.312101,23.503767,,1.323368,,2.067261,0.386658,0.657034,,,1498.488919,,43.843185,,,-11.824099
ADANIPOWER,File 2 (custom),-9.632379,29.768099,,41.365162,0.097882,142723.820959,6103.402994,23.633116,,1.316716,,2.034793,0.315878,0.114197,,,767.445588,,42.723821,,,-11.712486
ADFFOODS,File 1 (vectorbt),-10.622969,36.060503,,40.255549,-0.037234,84078.093869,-1769.100681,46.087581,,0.966054,,0.759999,-0.058495,-0.098688,,,1503.180288,,-15.921906,,,-15.539
ADFFOODS,File 2 (custom),-10.512556,36.124279,,40.315133,-0.026889,83321.128846,-1853.207906,46.468598,,0.962251,,0.749582,-0.054194,-0.028535,,,740.551433,,-16.678871,,,-15.423677
ADL,File 1 (vectorbt),-14.956309,42.406879,,42.406879,0.358679,121093.309432,10546.654716,17.093304,,1.170847,,1.991637,0.427254,0.662173,,,505.843938,,21.093309,,,-14.956309
ADL,File 2 (custom),-14.417831,42.464315,,42.464315,0.254181,121435.906665,10717.953332,16.747846,,1.173215,,2.033585,0.359949,0.259972,,,263.848638,,21.435907,,,-14.417831
ADOR,File 1 (vectorbt),-9.192374,31.110727,,47.908119,0.212833,357892.31223,15170.136014,44.64604,,1.256168,,1.772361,0.513149,0.956741,,,11902.806935,,257.892312,,,-11.831563
ADOR,File 2 (custom),-9.08339,31.179448,,47.960059,0.142192,351439.610584,14790.565328,44.816328,,1.252939,,1.756742,0.422107,0.30681,,,6010.08448,,251.439611,,,-11.719943
ADROITINFO,File 1 (vectorbt),-14.937776,46.890577,,53.63945,0.37738,194155.122036,15692.520339,39.42475,,1.242801,,2.423326,0.657803,1.144686,,,1619.341801,,94.155122,,,-18.485617
ADROITINFO,File 2 (custom),-13.855151,45.731714,,53.685665,0.270506,194881.328317,15813.55472,37.370474,,1.245588,,2.56669,0.551512,0.502727,,,854.426356,,94.881328,,,-15.463642
ADSL,File 1 (vectorbt),-14.866153,47.98158,,58.689101,-0.055421,59562.580954,-4043.741905,75.443285,,0.942093,,0.498261,-0.118688,-0.185375,,,1226.74538,,-40.437419,,,-24.33865
ADSL,File 2 (custom),-14.751501,48.033447,,58.73027,-0.039027,59109.483731,-4089.051627,75.535611,,0.940521,,0.493157,-0.101406,-0.053467,,,590.694423,,-40.890516,,,-24.214536
ADVANIHOTR,File 1 (vectorbt),-9.761367,35.516606,,38.531554,0.026874,109285.103759,1326.443394,31.202399,,1.078094,,1.151802,0.127901,0.224844,,,1732.514542,,9.285104,,,-15.603322
ADVANIHOTR,File 2 (custom),-9.651815,33.506788,,36.924918,0.010523,105219.796613,745.68523,31.448754,,1.062994,,1.086893,0.086163,0.045581,,,845.407094,,5.219797,,,-15.487934
ADVENZYMES,File 1 (vectorbt),-8.15909,27.693462,,27.693462,-0.106591,83387.116174,-2768.813971,27.793869,,0.910436,,0.563755,-0.18607,-0.283517,,,1062.883886,,-16.612884,,,-10.287726
ADVENZYMES,File 2 (custom),-8.027382,27.765596,,27.765596,-0.075369,83053.91578,-2824.34737,27.859092,,0.907748,,0.556836,-0.159676,-0.081179,,,521.833848,,-16.946084,,,-10.177648
AEGISLOG,File 1 (vectorbt),-12.665728,45.798366,,81.137261,0.118163,322196.181558,13070.363621,60.174748,,1.23874,,1.578451,0.403257,0.709251,,,9350.599419,,222.196182,,,-29.146471
AEGISLOG,File 2 (custom),-12.463063,45.852414,,81.156005,0.079843,320125.411285,12948.553605,60.484982,,1.237705,,1.569958,0.334017,0.183622,,,4797.454363,,220.125411,,,-29.017553
AEROFLEX,File 1 (vectorbt),,0.0,,,,,,,0.0,inf,,,inf,inf,,,,,,,,
AEROFLEX,File 2 (custom),,,,,,,,0.0,100.0,,,,,,,,,,,,,
AETHER,File 1 (vectorbt),,0.0,,,,,,,0.0,inf,,,inf,inf,,,,,,,,
AETHER,File 2 (custom),,,,,,,,0.0,100.0,,,,,,,,,,,,,
AFCONS,File 1 (vectorbt),,0.0,,,,,,,0.0,inf,,,inf,inf,,,,,,,,
AFCONS,File 2 (custom),,,,,,,,0.0,100.0,,,,,,,,,,,,,
AFFLE,File 1 (vectorbt),-8.5255,28.29541,,32.417886,0.316945,147376.47895,6768.068421,32.16877,,1.292558,,1.749545,0.629329,1.126597,,,2328.698108,,47.376479,,,-11.659173
AFFLE,File 2 (custom),-8.413971,27.056637,,32.485301,0.192979,141931.401425,5990.200204,32.331491,,1.267274,,1.683372,0.483082,0.349612,,,1149.225733,,41.931401,,,-11.534879
AFFORDABLE,File 1 (vectorbt),,0.0,,,,,,,0.0,inf,,,inf,inf,,,,,,,,
AFFORDABLE,File 2 (custom),,,,,,,,0.0,100.0,,,,,,,,,,,,,
AFIL,File 1 (vectorbt),,0.0,,,,,,,0.0,inf,,,inf,inf,,,,,,,,
AFIL,File 2 (custom),,,,,,,,0.0,100.0,,,,,,,,,,,,,
AFSL,File 1 (vectorbt),-30.407123,32.208628,,32.208628,-0.156934,92025.546477,-3987.226762,30.376746,,0.927353,,0.801388,-0.094142,-0.111535,,,456.370932,,-7.974454,,,-30.407123
AFSL,File 2 (custom),-9.914195,32.276252,,32.276252,0.360513,118692.672526,9346.336263,19.975817,,1.586528,,2.404726,0.472514,0.101506,,,250.733241,,18.692673,,,-9.914195
AGARIND,File 1 (vectorbt),-9.683186,44.887112,,58.65553,0.672182,339324.223687,21756.747608,26.28453,,1.400275,,2.449229,0.874612,1.644137,,,5687.772065,,239.324224,,,-11.202625
AGARIND,File 2 (custom),-9.573712,43.177808,,57.111819,0.42227,314954.784024,19541.344002,26.343163,,1.377073,,2.374316,0.695801,0.556462,,,2787.484102,,214.954784,,,-11.091633
AGARWALEYE,File 1 (vectorbt),,0.0,,,,,,,0.0,inf,,,inf,inf,,,,,,,,
AGARWALEYE,File 2 (custom),,,,,,,,0.0,100.0,,,,,,,,,,,,,
AGI,File 1 (vectorbt),-10.22198,33.387582,,38.139943,-0.035424,80247.072025,-1519.455998,56.780991,,0.985555,,0.794537,-0.024043,-0.035909,,,2381.258598,,-19.752928,,,-16.17047
AGI,File 2 (custom),-9.55831,33.454028,,38.201641,-0.020015,84273.252643,-1209.749797,54.200789,,0.998537,,0.832887,-0.002027,-0.000821,,,1203.763284,,-15.726747,,,-14.178184
AGIIL,File 1 (vectorbt),-8.442116,,,-8.442116,-0.729665,91566.317682,-8433.682318,17.389938,,0.847523,,,-0.468499,-0.718755,,,191.558076,,-8.433682,,,-8.442116
AGIIL,File 2 (custom),-8.333882,,,-8.333882,-0.517069,91486.096499,-8513.903501,17.459348,,0.845951,,,-0.395133,-0.298377,,,91.540914,,-8.513904,,,-8.333882
AGRITECH,File 1 (vectorbt),-11.62701,40.457887,,48.192466,0.369213,235911.944083,16988.99301,33.074966,,1.472425,,2.098596,0.705428,1.375393,,,3576.076292,,135.911944,,,-13.26361
AGRITECH,File 2 (custom),-11.515594,39.222601,,47.621963,0.235137,225273.791082,15659.223885,33.247027,,1.448529,,2.042408,0.562752,0.348127,,,1799.59924,,125.273791,,,-13.150559
AGROPHOS,File 1 (vectorbt),-15.302699,39.138102,,43.973737,-0.003217,99333.080842,-111.153193,48.599185,,1.046411,,0.992899,0.064558,0.093513,,,1743.689473,,-0.666919,,,-19.074102
AGROPHOS,File 2 (custom),-14.620997,37.955239,,44.029607,-0.001275,99626.840869,-62.193189,47.331554,,1.049851,,0.995832,0.056741,0.017357,,,858.366359,,-0.373159,,,-16.688788
AGSTRA,File 1 (vectorbt),-12.681816,,,-12.681816,-0.378915,87330.853052,-12669.146948,14.999671,,0.389916,,,-0.948793,-1.090806,,,187.318371,,-12.669147,,,-12.681816
AGSTRA,File 2 (custom),-12.569347,,,-12.569347,-0.264311,87262.389657,-12737.610343,15.065165,,0.388434,,,-0.790965,-0.220668,,,87.299289,,-12.73761,,,-12.569347
AHLADA,File 1 (vectorbt),-13.270865,,,-12.46405,-0.3985,56604.539311,-10848.865172,43.395461,,0.680291,,,-0.986416,-1.349926,,,607.451117,,-43.395461,,,-14.580193
AHLADA,File 2 (custom),-12.930956,,,-12.351799,-0.28236,57048.601957,-10737.849511,42.951398,,0.683343,,,-0.810095,-0.519189,,,284.522167,,-42.951398,,,-13.558421
AHLEAST,File 1 (vectorbt),-13.219187,26.894301,,33.272376,-0.02253,90803.551002,-1532.7415,43.261617,,1.002711,,0.844918,0.005417,0.008278,,,1248.904292,,-9.196449,,,-18.734969
AHLEAST,File 2 (custom),-13.099374,25.350506,,33.338937,-0.020767,87900.152005,-2016.641333,43.336483,,0.991215,,0.790597,-0.014642,-0.007293,,,601.402544,,-12.099848,,,-18.616453
AHLUCONT,File 1 (vectorbt),-9.733106,28.678209,,37.407307,-0.052319,72498.40485,-2750.159515,57.499842,,0.870911,,0.648286,-0.214771,-0.334428,,,1899.629955,,-27.501595,,,-12.934763
AHLUCONT,File 2 (custom),-9.623583,28.74936,,37.469738,-0.037143,71861.971708,-2813.802829,57.707086,,0.866315,,0.640594,-0.185452,-0.082685,,,929.341494,,-28.138028,,,-12.822041
AIAENG,File 1 (vectorbt),-7.824265,24.157589,,32.899098,0.101423,165497.929635,5447.512099,38.284642,,1.235071,127.784445,1.600532,0.425652,0.66768,,,4524.333214,,65.49793,,,-13.51397
AIAENG,File 2 (custom),-7.716648,24.233256,,32.966032,0.067745,163589.534586,5288.647252,38.421147,,1.23031,125.767565,1.585533,0.347481,0.162183,,,2184.402477,,63.589535,,,-13.40067
AIIL,File 1 (vectorbt),,31.339297,,31.339297,6.608248,131307.989299,31307.989299,6.088684,,4.496702,,,1.642938,5.702032,,,231.339529,,31.307989,,,31.339297
AIIL,File 2 (custom),0.0,30.825891,,30.825891,4.218082,130449.562917,30449.562917,6.066448,,4.422746,,,1.360279,0.796392,,,130.203716,,30.449563,,,30.825891
AIRAN,File 1 (vectorbt),-16.49868,33.637873,,34.367164,0.154483,124443.912767,6110.978192,34.760404,,1.416568,,1.807214,0.403569,0.824429,,,721.941633,,24.443913,,,-18.346467
AIRAN,File 2 (custom),-14.084481,33.704069,,34.432631,0.145656,130883.332175,7720.833044,31.201536,,1.527705,,2.166289,0.409533,0.234969,,,388.654227,,30.883332,,,-14.536456
AIROLAM,File 1 (vectorbt),-16.381252,,,-16.381252,-0.263379,83635.112463,-16364.887537,16.667675,,0.42916,,,-0.502759,-0.583303,,,183.618931,,-16.364888,,,-16.381252
AIROLAM,File 2 (custom),-16.265087,,,-16.265087,-0.183169,83574.854331,-16425.145669,16.727582,,0.428074,,,-0.418769,-0.05278,,,83.614384,,-16.425146,,,-16.265087
AJANTPHARM,File 1 (vectorbt),-10.045123,27.353991,,31.442991,-0.040206,72962.612224,-1689.836736,46.677422,,0.9637,,0.754256,-0.075838,-0.11463,,,2700.959386,,-27.037388,,,-17.572912
AJANTPHARM,File 2 (custom),-9.768146,27.426464,,31.51138,-0.027132,73625.179031,-1648.426311,46.531569,,0.965245,,0.759618,-0.060381,-0.030461,,,1347.923286,,-26.374821,,,-17.128087
AJAXENGG,File 1 (vectorbt),,0.0,,,,,,,0.0,inf,,,inf,inf,,,,,,,,
AJAXENGG,File 2 (custom),,,,,,,,0.0,100.0,,,,,,,,,,,,,
AJMERA,File 1 (vectorbt),-11.512288,44.506022,,44.506022,-0.099881,54238.222759,-5084.641916,54.867375,,0.799238,,0.325215,-0.364492,-0.553294,,,1237.394145,,-45.761777,,,-14.01195
AJMERA,File 2 (custom),-11.360203,44.56136,,44.56136,-0.069764,54131.033238,-5096.551862,54.879038,,0.798197,,0.323345,-0.304708,-0.134209,,,593.68162,,-45.868967,,,-13.898151
AJOONI,File 1 (vectorbt),-13.105896,32.67214,,32.67214,0.303559,115273.272373,7636.636186,17.051564,,1.263201,,1.879481,0.396296,0.749093,,,480.568027,,15.273272,,,-13.105896
AJOONI,File 2 (custom),-12.993003,32.739301,,32.739301,0.203972,115031.640432,7515.820216,17.122007,,1.259534,,1.861787,0.326147,0.190277,,,247.751519,,15.03164,,,-12.993003
AKASH,File 1 (vectorbt),-12.600496,28.902384,,28.902384,0.235505,112651.030843,6325.515422,13.682371,,1.215397,,1.779846,0.318796,0.477762,,,470.411173,,12.651031,,,-12.600496
AKASH,File 2 (custom),-12.488108,25.594294,,25.594294,0.12182,109461.890569,4730.945284,13.754885,,1.171955,,1.596261,0.215503,0.087374,,,234.962319,,9.461891,,,-12.488108
AKG,File 1 (vectorbt),-21.448159,51.480301,,55.168345,0.996349,180067.372036,26689.124012,22.049017,,1.680762,,2.63057,0.935099,2.301139,,,1033.980079,,80.067372,,,-21.448159
AKG,File 2 (custom),-21.326932,51.528673,,55.213032,0.660586,179441.187455,26480.395818,22.105206,,1.67653,,2.618014,0.774617,0.700681,,,556.042125,,79.441187,,,-21.326932
AKI,File 1 (vectorbt),-7.037775,,,-7.037775,-0.543334,92969.255836,-7030.744164,8.661574,,0.388539,,,-0.935788,-1.034147,,,192.962418,,-7.030744,,,-7.037775
AKI,File 2 (custom),-6.930944,,,-6.930944,-0.378935,92883.920362,-7116.079638,8.745229,,0.385519,,,-0.785366,-0.17212,,,92.965413,,-7.11608,,,-6.930944
AKSHAR,File 1 (vectorbt),,0.0,,,,,,,0.0,inf,,,inf,inf,,,,,,,,
AKSHAR,File 2 (custom),,,,,,,,0.0,100.0,,,,,,,,,,,,,
AKSHARCHEM,File 1 (vectorbt),-6.39096,41.038815,,41.038815,0.464273,131995.704679,15997.85234,10.946262,,2.325813,,6.011407,0.522749,1.950772,,,419.258969,,31.995705,,,-6.39096
AKSHARCHEM,File 2 (custom),-6.284775,41.097617,,41.097617,0.315955,131688.758767,15844.379384,10.925604,,2.314329,,5.931618,0.432611,0.255587,,,224.578287,,31.688759,,,-6.284775
AKSHOPTFBR,File 1 (vectorbt),-14.359433,,,-10.220955,-0.119399,18096.063752,-7445.812386,83.540535,,0.690395,,,-0.672345,-0.887362,,,1016.527198,,-81.903936,,,-19.222199
AKSHOPTFBR,File 2 (custom),-14.159134,,,-10.110944,-0.083676,18149.724666,-7440.934121,83.491005,,0.690723,,,-0.557863,-0.227497,,,471.433882,,-81.850275,,,-19.103195
AKUMS,File 1 (vectorbt),,0.0,,,,,,,0.0,inf,,,inf,inf,,,,,,,,
AKUMS,File 2 (custom),,,,,,,,0.0,100.0,,,,,,,,,,,,,
AKZOINDIA,File 1 (vectorbt),-7.782117,26.452986,,48.928286,0.138685,154686.641445,9114.440241,31.403695,,1.105084,,2.707368,0.349826,0.54848,,,1465.073595,,54.686641,,,-10.675514
AKZOINDIA,File 2 (custom),-7.674543,26.52636,,48.979207,0.09394,153414.717474,8902.452912,31.186088,,1.103948,,2.680869,0.287911,0.246329,,,750.491377,,53.414717,,,-10.565049
ALANKIT,File 1 (vectorbt),-12.214289,26.817432,,26.817432,-0.163115,50622.304375,-6172.211953,58.583934,,0.836896,,0.275025,-0.382178,-0.533076,,,1197.787509,,-49.377696,,,-19.090772
ALANKIT,File 2 (custom),-12.102287,26.890441,,26.890441,-0.114933,50265.056368,-6216.867954,58.87504,,0.835058,,0.271912,-0.321584,-0.15327,,,572.562264,,-49.734944,,,-18.9719
ALBERTDAVD,File 1 (vectorbt),-10.745615,27.89453,,39.925715,0.258325,147045.344749,7840.890791,25.124454,,1.227289,,2.011106,0.47471,0.785022,,,1614.280332,,47.045345,,,-17.702955
ALBERTDAVD,File 2 (custom),-10.63508,27.966464,,39.98563,0.173154,146035.498651,7672.583109,25.157814,,1.22374,,1.987354,0.389713,0.235303,,,825.926525,,46.035499,,,-17.58547
ALEMBICLTD,File 1 (vectorbt),-11.838649,36.607257,,54.212125,0.002315,103257.531256,191.619486,69.60996,,1.045645,,1.01633,0.083718,0.125811,,,4420.802753,,3.257531,,,-17.137947
ALEMBICLTD,File 2 (custom),-11.606623,35.780334,,49.807004,0.00012,100240.242079,14.131887,69.438208,,1.039637,,1.001247,0.060741,0.026372,,,2147.97228,,0.240242,,,-17.021026
ALICON,File 1 (vectorbt),-10.253875,42.785487,,54.721277,0.251613,238448.484636,15383.16496,41.007845,,1.221129,,2.165183,0.55051,0.940777,,,3816.759671,,138.448485,,,-12.329753
ALICON,File 2 (custom),-10.143832,42.842544,,54.76641,0.168542,236039.834594,15115.537177,41.11761,,1.219033,,2.145212,0.453657,0.348663,,,1963.817491,,136.039835,,,-12.217636
ALIVUS,File 1 (vectorbt),-11.596593,27.796688,,27.796688,0.218865,112966.879867,6483.439934,21.587048,,1.208078,,1.87602,0.388607,0.602075,,,468.518154,,12.96688,,,-11.596593
ALIVUS,File 2 (custom),-11.485208,27.86872,,27.86872,0.147132,112699.606545,6349.803272,21.57695,,1.205072,,1.857532,0.318833,0.149445,,,239.550601,,12.699607,,,-11.485208
ALKALI,File 1 (vectorbt),-13.355861,37.745579,,41.40442,-0.041942,80192.977689,-2475.877789,46.293699,,0.953577,,0.703592,-0.066882,-0.115657,,,1229.554128,,-19.807022,,,-15.801563
ALKALI,File 2 (custom),-13.242718,37.333212,,40.513937,-0.030755,79083.424829,-2614.571896,46.459691,,0.947544,,0.686958,-0.063028,-0.029277,,,600.661576,,-20.916575,,,-15.685977
ALKEM,File 1 (vectorbt),-6.904053,14.610334,,15.381206,-0.116164,79402.383914,-2288.62401,30.242091,,0.804206,,0.569705,-0.348139,-0.420088,,,1708.679042,,-20.597616,,,-13.063105
ALKEM,File 2 (custom),-6.66031,14.695538,,15.46564,-0.080523,79763.519858,-2248.497794,29.698687,,0.804935,,0.567909,-0.286554,-0.081103,,,831.413518,,-20.23648,,,-12.950255
ALKYLAMINE,File 1 (vectorbt),-13.183183,22.511155,,22.511155,-0.082207,50650.582497,-7049.916786,62.127914,,0.876462,,0.206589,-0.219423,-0.30544,,,931.30103,,-49.349418,,,-32.036267
ALKYLAMINE,File 2 (custom),-12.785825,22.588467,,22.588467,-0.056133,51806.372378,-6884.803946,61.262628,,0.880388,,0.212719,-0.177222,-0.065404,,,445.457354,,-48.193628,,,-30.330338
ALLCARGO,File 1 (vectorbt),-10.219955,31.370638,,31.370638,-0.110012,44407.118056,-5053.898359,55.592882,,0.838802,,0.260389,-0.376309,-0.506761,,,1529.470739,,-55.592882,,,-18.357431
ALLCARGO,File 2 (custom),-9.099566,31.439099,,31.439099,-0.073396,49420.786238,-4598.110342,50.579214,,0.857493,,0.282252,-0.284336,-0.141658,,,763.663818,,-50.579214,,,-11.352751
ALLDIGI,File 1 (vectorbt),-11.563792,31.904856,,48.848037,0.054566,141935.862232,4193.586223,50.493147,,1.155591,,1.737685,0.250436,0.392938,,,1676.523408,,41.935862,,,-17.23963
ALLDIGI,File 2 (custom),-11.257203,30.631317,,43.53317,0.033602,136992.665562,3699.266556,50.618231,,1.144706,,1.664136,0.194134,0.080018,,,838.43832,,36.992666,,,-17.122608
ALMONDZ,File 1 (vectorbt),-16.685083,45.781452,,58.456256,0.269194,376926.27307,25175.115734,49.077674,,1.372197,,2.051541,0.63931,1.251875,,,5840.869688,,276.926273,,,-25.45484
ALMONDZ,File 2 (custom),-16.489711,44.509758,,58.497659,0.172985,354380.582325,23125.507484,49.205374,,1.356844,,2.01666,0.51417,0.370757,,,2911.592108,,254.380582,,,-25.32961
ALOKINDS,File 1 (vectorbt),,31.74459,,37.880336,3.337155,173107.097768,36553.548884,,,4.563837,,,1.470474,4.488531,,,548.86574,,73.107098,,,25.608844
ALOKINDS,File 2 (custom),0.0,31.812677,,37.942293,2.238767,172666.488472,36333.244236,,,4.547247,,,1.220482,0.510612,,,310.609454,,72.666488,,,25.683061
ALPA,File 1 (vectorbt),-12.290784,32.597859,,43.599926,0.037364,120139.904046,2517.488006,43.029722,,1.12918,,1.222361,0.181477,0.296029,,,2205.667912,,20.139904,,,-15.723275
ALPA,File 2 (custom),-12.012258,32.106414,,43.65617,0.024273,118733.133822,2341.641728,42.673182,,1.124033,,1.211273,0.144995,0.057264,,,1102.447765,,18.733134,,,-15.607767
ALPHAGEO,File 1 (vectorbt),-12.069893,39.738904,,54.730217,-0.016938,89177.54045,-1352.807444,56.187696,,1.010465,,0.798741,0.016881,0.02738,,,1073.637198,,-10.82246,,,-14.310031
ALPHAGEO,File 2 (custom),-11.804478,37.306425,,49.790181,-0.014752,86619.921523,-1672.50981,55.890842,,1.000516,,0.749727,0.000693,0.000308,,,532.21467,,-13.380078,,,-13.274595
ALPSINDUS,File 1 (vectorbt),-16.709074,37.699259,,37.699259,-0.129636,14526.299708,-6574.900022,85.757099,,0.544633,,0.130668,-0.772284,-0.953709,,,1068.90513,,-85.4737,,,-32.646107
ALPSINDUS,File 2 (custom),-14.675402,37.761397,,37.761397,-0.082757,19245.706741,-6211.868712,81.12957,,0.576437,,0.156202,-0.596944,-0.179175,,,557.551995,,-80.754293,,,-30.173491
AMBER,File 1 (vectorbt),-11.531905,25.264628,,25.264628,-0.206259,59744.986087,-5750.716273,47.237881,,0.621124,,0.254136,-0.643391,-0.896326,,,1017.125991,,-40.255014,,,-18.976635
AMBER,File 2 (custom),-11.420584,25.339189,,25.339189,-0.143789,60166.573579,-5690.489489,46.893718,,0.61804,,0.252489,-0.539061,-0.18378,,,479.380317,,-39.833426,,,-18.857877
AMBICAAGAR,File 1 (vectorbt),-17.048379,44.249795,,47.569199,0.070364,118018.355176,3603.671035,48.227775,,1.094943,,1.243027,0.252329,0.467456,,,1265.828879,,18.018355,,,-24.157377
AMBICAAGAR,File 2 (custom),-16.922746,42.22367,,47.621478,0.038071,114000.581883,2800.116377,48.304647,,1.08596,,1.193338,0.190456,0.187035,,,627.946681,,14.000582,,,-24.033443
AMBIKCO,File 1 (vectorbt),-8.519342,31.117596,,62.819332,0.488326,260417.958587,17824.217621,17.766171,,1.575204,,3.048097,0.666593,1.330365,,,3709.88771,,160.417959,,,-12.211437
AMBIKCO,File 2 (custom),-8.210826,30.726311,,60.556378,0.325262,256077.558006,17341.95089,17.848578,,1.568775,,3.042982,0.548603,0.268592,,,1905.335712,,156.077558,,,-11.318388
AMBUJACEM,File 1 (vectorbt),-7.068491,18.564098,,21.392384,-0.078631,65669.472568,-1806.869865,43.310685,,0.931714,,0.586049,-0.180102,-0.24003,,,2825.82994,,-34.330527,,,-10.016642
AMBUJACEM,File 2 (custom),-6.961629,18.645352,,21.470813,-0.056263,64479.815559,-1869.483392,43.81787,,0.927734,,0.572989,-0.158273,-0.077196,,,1381.97367,,-35.520184,,,-9.906835
AMDIND,File 1 (vectorbt),-14.266959,49.284832,,61.247288,-0.020486,87819.524438,-1522.559445,54.61014,,1.014969,,0.880022,0.025236,0.040306,,,1784.940621,,-12.180476,,,-16.722081
AMDIND,File 2 (custom),-14.075856,49.335397,,61.285902,-0.014371,87633.284866,-1545.839392,54.71531,,1.014295,,0.878309,0.020039,0.009065,,,888.020728,,-12.366715,,,-16.605575
AMJLAND,File 1 (vectorbt),-15.290062,45.683849,,53.836502,-0.084207,34931.388366,-4066.788227,73.131801,,0.865787,,0.443112,-0.239351,-0.35321,,,1635.680729,,-65.068612,,,-29.41298
AMJLAND,File 2 (custom),-13.925056,43.147741,,53.882519,-0.054605,39559.487424,-3777.532036,69.50338,,0.877025,,0.476296,-0.182129,-0.078761,,,862.640045,,-60.440513,,,-24.384239
AMNPLST,File 1 (vectorbt),-9.103473,,,-9.103473,-0.540384,90905.621564,-9094.378436,15.273923,,0.68185,,,-0.506115,-0.685676,,,190.896718,,-9.094378,,,-9.103473
AMNPLST,File 2 (custom),-8.994578,,,-8.994578,-0.37957,90834.010386,-9165.989614,15.334132,,0.679624,,,-0.424956,-0.135052,,,90.811295,,-9.16599,,,-8.994578
AMRUTANJAN,File 1 (vectorbt),-9.815797,27.817696,,35.896993,0.035584,115853.072368,1321.089364,39.264318,,1.06189,,1.149863,0.169435,0.278298,,,3099.696608,,15.853072,,,-17.2193
AMRUTANJAN,File 2 (custom),-9.706191,27.889706,,35.960932,0.022452,114504.745009,1208.728751,39.446909,,1.059883,,1.136961,0.136458,0.105558,,,1547.103252,,14.504745,,,-17.102298
ANANDRATHI,File 1 (vectorbt),-7.471172,21.943254,,25.916578,0.936718,137407.654332,12469.218111,15.077223,,1.284201,,4.375258,0.836203,1.349636,,,770.3309,,37.407654,,,-7.471172
ANANDRATHI,File 2 (custom),-7.363908,22.021133,,25.990487,0.62845,136814.131407,12271.377136,14.979256,,1.282007,,4.32696,0.691086,0.554036,,,400.560645,,36.814131,,,-7.363908
ANANTRAJ,File 1 (vectorbt),-11.958703,34.973582,,46.56606,0.258807,329569.802731,16397.843052,38.124687,,1.327033,,3.214888,0.576572,0.93149,,,3981.191562,,229.569803,,,-16.112674
ANANTRAJ,File 2 (custom),-11.846956,34.882539,,46.619341,0.17184,322048.673497,15860.619535,38.281757,,1.321361,,3.143984,0.47177,0.226773,,,2079.641954,,222.048673,,,-15.996777
ANDHRAPAP,File 1 (vectorbt),-11.215623,21.352005,,21.352005,-0.122957,36791.394854,-5746.236831,63.208605,,0.795068,,0.130232,-0.37715,-0.509456,,,1284.539011,,-63.208605,,,-15.136438
ANDHRAPAP,File 2 (custom),-10.397203,21.430475,,21.430475,-0.083631,39440.124026,-5505.44327,60.559876,,0.808613,,0.143155,-0.289652,-0.103033,,,654.67479,,-60.559876,,,-15.021517
ANDHRSUGAR,File 1 (vectorbt),-11.915024,31.443048,,42.723331,-0.088769,29899.12074,-3186.403603,75.676939,,0.821351,,0.351214,-0.365878,-0.494303,,,1895.009123,,-70.100879,,,-18.19353
ANDHRSUGAR,File 2 (custom),-10.739452,31.511437,,42.780451,-0.056249,36303.769165,-2895.28322,70.210025,,0.854718,,0.414471,-0.24174,-0.097623,,,1023.396263,,-63.696231,,,-18.075554
ANGELONE,File 1 (vectorbt),-10.146232,32.853819,,41.73384,0.605995,169431.484404,11571.914067,,,1.274123,,2.500221,0.741542,1.316146,,,1715.568904,,69.431484,,,-10.618363
ANGELONE,File 2 (custom),-10.036295,32.920798,,41.791948,0.398842,167606.974497,11267.829083,,,1.269851,,2.463412,0.608565,0.547876,,,882.822673,,67.606974,,,-10.507955
ANIKINDS,File 1 (vectorbt),-11.433084,54.275802,,87.149883,-0.024348,85483.431755,-1451.656824,57.00549,,1.008896,,0.879931,0.014875,0.025282,,,2444.664825,,-14.516568,,,-17.701288
ANIKINDS,File 2 (custom),-10.414016,49.825438,,81.655263,-0.015962,86639.122753,-1336.087725,55.036562,,1.010845,,0.879616,0.015071,0.007789,,,1201.970505,,-13.360877,,,-17.583804
ANMOL,File 1 (vectorbt),-9.686188,,,-7.159665,-0.409831,66354.996217,-8411.250946,33.645004,,0.187781,,,-1.748055,-1.803398,,,633.234373,,-33.645004,,,-15.694418
ANMOL,File 2 (custom),-9.192393,,,-6.808492,-0.28808,67234.682799,-8191.3293,32.765317,,0.208753,,,-1.406037,-0.337712,,,302.512389,,-32.765317,,,-15.578939
ANTGRAPHIC,File 1 (vectorbt),-24.566653,25.574326,,25.574326,-0.176587,6040.384506,-9395.961549,93.999566,,1.099856,,0.016086,0.195335,0.302618,,,536.588916,,-93.959615,,,-75.14995
ANTGRAPHIC,File 2 (custom),-21.167473,22.509249,,22.509249,-0.103459,11455.196556,-8854.480344,89.127782,,1.120104,,0.026661,0.193705,0.112877,,,261.890715,,-88.544803,,,-56.978839
ANUHPHR,File 1 (vectorbt),,0.0,,,,,,,0.0,inf,,,inf,inf,,,,,,,,
ANUHPHR,File 2 (custom),,,,,,,,0.0,100.0,,,,,,,,,,,,,
ANUP,File 1 (vectorbt),,32.0608,,35.689994,2.038841,303683.083941,50920.770985,14.504648,,1.805605,,,1.35114,2.851778,,,1463.8875,,203.683084,,,29.704442
ANUP,File 2 (custom),0.0,31.646176,,33.824559,1.321774,297117.500011,49279.375003,14.500134,,1.79189,,,1.108336,0.864452,,,820.894892,,197.1175,,,29.774568
ANURAS,File 1 (vectorbt),,27.293047,,27.293047,5.662539,127265.781144,27265.781144,1.534796,,15.378149,,,1.355805,9.383266,,,227.293274,,27.265781,,,27.293047
ANURAS,File 2 (custom),0.0,27.365581,,27.365581,3.839328,127059.259688,27059.259688,1.531884,,15.307595,,,1.124697,0.545472,,,126.995023,,27.05926,,,27.365581
APARINDS,File 1 (vectorbt),-9.539119,26.527307,,33.362889,0.020736,118462.567597,1230.83784,57.896105,,1.069458,,1.208311,0.154603,0.239082,,,2677.018977,,18.462568,,,-11.531508
APARINDS,File 2 (custom),-9.148208,26.600607,,33.42936,0.014849,119055.009927,1270.333995,57.363719,,1.070718,,1.219048,0.130722,0.073159,,,1344.855689,,19.05501,,,-11.35249
APCL,File 1 (vectorbt),-11.88624,,,-9.960322,-0.163197,77624.257089,-11187.871456,27.201806,,0.770584,,,-0.425787,-0.533061,,,350.005513,,-22.375743,,,-13.812157
APCL,File 2 (custom),-11.774565,,,-9.850572,-0.113662,77515.60744,-11242.19628,27.301965,,0.769271,,,-0.35597,-0.108661,,,163.564365,,-22.484393,,,-13.698559
APCOTEXIND,File 1 (vectorbt),-11.323895,27.786732,,31.524314,-0.079683,54613.912119,-4126.007989,60.426955,,0.90746,,0.422914,-0.205419,-0.312512,,,1478.104335,,-45.386088,,,-22.650887
APCOTEXIND,File 2 (custom),-10.177276,27.858774,,31.592621,-0.047249,60524.25495,-3588.704095,59.019657,,0.927079,,0.477154,-0.133036,-0.072754,,,787.495615,,-39.475745,,,-16.766733
APEX,File 1 (vectorbt),-12.842258,35.206615,,35.206615,0.182014,117829.720209,8914.860105,17.260271,,1.198019,,2.389752,0.29743,0.520102,,,392.189085,,17.82972,,,-12.842258
APEX,File 2 (custom),-12.004474,35.271244,,35.271244,0.129956,118558.069208,9279.034604,17.240972,,1.20513,,2.527753,0.25528,0.128877,,,206.220641,,18.558069,,,-12.004474
APLAPOLLO,File 1 (vectorbt),-9.295534,26.077451,,32.640602,0.028662,108303.552627,518.972039,30.509573,,1.061474,,1.062957,0.134583,0.215206,,,3948.15809,,8.303553,,,-12.580255
APLAPOLLO,File 2 (custom),-9.186448,26.1512,,32.707794,0.016066,106819.596821,426.224801,31.02068,,1.057259,,1.051795,0.104356,0.062702,,,1958.817502,,6.819597,,,-12.467887
APLLTD,File 1 (vectorbt),-8.647827,30.240183,,30.240183,-0.081175,69120.136766,-3859.982904,47.928748,,0.921921,,0.494517,-0.219413,-0.3064,,,1605.931,,-30.879863,,,-11.034369
APLLTD,File 2 (custom),-8.391321,30.309773,,30.309773,-0.055911,69550.977081,-3806.127865,47.534743,,0.922737,,0.496606,-0.180692,-0.104462,,,784.957638,,-30.449023,,,-10.923546
APOLLO,File 1 (vectorbt),-10.690798,,,-9.090628,-0.207053,63628.733016,-9092.816746,41.450565,,0.580808,,,-0.7202,-0.945235,,,651.810588,,-36.371267,,,-12.168622
APOLLO,File 2 (custom),-10.431733,,,-8.981746,-0.144566,63845.242426,-9038.689394,41.251016,,0.58252,,,-0.596109,-0.191636,,,307.732603,,-36.154758,,,-11.462328
APOLLOHOSP,File 1 (vectorbt),-8.09551,33.144592,,56.318997,0.281887,328665.376775,14291.586048,24.346361,,1.299956,,1.963479,0.545034,0.909741,,,9672.451103,,228.665377,,,-20.946681
APOLLOHOSP,File 2 (custom),-7.987623,32.890901,,56.362534,0.186883,318814.971779,13675.935736,24.436339,,1.292905,,1.939317,0.444317,0.234103,,,4815.178886,,218.814972,,,-20.825955
APOLLOPIPE,File 1 (vectorbt),-10.056256,24.025198,,24.161612,0.66293,138315.451509,12771.81717,13.321413,,1.412471,,4.072337,0.662093,1.206873,,,709.962154,,38.315452,,,-10.056256
APOLLOPIPE,File 2 (custom),-9.946409,24.100997,,24.237275,0.446592,137664.033869,12554.677956,13.270998,,1.407608,,4.003436,0.545136,0.314116,,,372.412697,,37.664034,,,-9.946409
APOLLOTYRE,File 1 (vectorbt),-9.93335,26.44723,,34.788193,-0.057716,50877.844823,-3070.134699,64.116422,,0.869793,,0.501134,-0.234759,-0.331371,,,2112.603297,,-49.122155,,,-22.114818
APOLLOTYRE,File 2 (custom),-9.607497,26.520609,,34.85324,-0.039529,51740.773581,-3016.201651,63.412783,,0.872888,,0.506695,-0.190337,-0.072963,,,1039.678627,,-48.259226,,,-21.992925
APOLSINHOT,File 1 (vectorbt),-11.057738,23.103833,,29.96726,0.032675,106265.166483,1253.033297,28.237312,,1.076649,,1.155679,0.135595,0.209869,,,1134.591114,,6.265166,,,-12.768977
APOLSINHOT,File 2 (custom),-10.946891,23.180552,,30.037123,0.021069,105853.811194,1170.762239,28.259193,,1.073901,,1.145602,0.108807,0.048335,,,566.773212,,5.853811,,,-12.656421
APTECHT,File 1 (vectorbt),-11.833383,36.035634,,62.498964,0.096307,200996.678043,6498.847443,48.268099,,1.200033,3513.9664,1.505825,0.356007,0.591045,,,5217.583893,,100.996678,,,-19.281121
APTECHT,File 2 (custom),-11.667269,36.099435,,62.536328,0.064778,199024.727495,6369.686963,48.490025,,1.197681,3479.423049,1.49541,0.292933,0.153608,,,2552.064411,,99.024727,,,-18.671627
APTUS,File 1 (vectorbt),-10.152511,,,-8.139706,-0.317122,80092.802683,-9648.246721,25.676053,,0.714019,-610.703874,,-0.680973,-0.947982,,,437.001125,,-19.907197,,,-12.165316
APTUS,File 2 (custom),-10.042568,,,-8.031774,-0.222326,79992.430821,-9699.341938,25.756549,,0.712238,-608.885302,,-0.570394,-0.280129,,,168.171731,,-20.007569,,,-12.053362
ARCHIDPLY,File 1 (vectorbt),-12.50937,70.935576,,70.935576,-0.053255,76640.640828,-3337.05131,44.184745,,,,0.701532,-0.01891,-0.031615,,,1380.437205,,-23.359359,,,-15.541858
ARCHIDPLY,File 2 (custom),-12.315907,70.964512,,70.964512,-0.036873,76575.36761,-3346.376056,44.362207,,,,0.701001,-0.015521,-0.010413,,,680.210986,,-23.424632,,,-15.426531
ARCHIES,File 1 (vectorbt),-13.102488,33.341073,,33.341073,-0.13585,10504.868269,-4710.270091,91.69828,,0.826228,,0.059228,-0.470818,-0.704171,,,1370.983462,,-89.495132,,,-19.941329
ARCHIES,File 2 (custom),-12.975093,33.407566,,33.407566,-0.096087,10380.491683,-4716.816227,91.796428,,0.825194,,0.058477,-0.393827,-0.252419,,,638.383258,,-89.619508,,,-19.560522
ARE&M,File 1 (vectorbt),-9.920179,25.594519,,39.862688,0.15383,266386.488587,8757.18361,37.612255,,1.292254,,1.827038,0.478551,0.782618,,,7603.163001,,166.386489,,,-18.270832
ARE&M,File 2 (custom),-9.810469,25.640497,,39.922666,0.10244,260556.450128,8450.33948,37.764728,,1.286084,,1.801559,0.390421,0.178259,,,3834.106886,,160.55645,,,-18.152779
ARENTERP,File 1 (vectorbt),-14.79386,48.7253,,48.7253,0.297643,126703.584746,13351.792373,21.120066,,1.416093,,2.215289,0.442769,0.845968,,,524.08406,,26.703585,,,-14.79386
ARENTERP,File 2 (custom),-14.679281,48.776424,,48.776424,0.201088,126432.160501,13216.08025,21.180841,,1.412291,,2.199119,0.365966,0.167416,,,275.139012,,26.432161,,,-14.679281
ARIES,File 1 (vectorbt),-12.277965,36.964796,,42.76148,0.037977,122578.375707,1881.531309,46.821248,,1.090198,,1.147909,0.184596,0.323723,,,3486.383903,,22.578376,,,-16.232644
ARIES,File 2 (custom),-11.974981,37.027668,,42.818562,0.026759,123277.80321,1939.816934,47.039369,,1.091521,,1.153225,0.155575,0.105364,,,1767.341871,,23.277803,,,-16.116628
ARIHANTCAP,File 1 (vectorbt),-10.805299,41.294299,,41.294299,0.696543,126005.47889,13002.739445,12.612284,,1.358867,,3.409141,0.55639,1.081675,,,404.442879,,26.005479,,,-10.805299
ARIHANTCAP,File 2 (custom),-10.694705,41.352846,,41.352846,0.469871,125711.928147,12855.964073,12.606939,,1.355283,,3.36487,0.459693,0.327008,,,214.997804,,25.711928,,,-10.694705
ARIHANTSUP,File 1 (vectorbt),-12.051967,,,-6.10479,-0.239495,46156.915397,-8973.847434,53.843085,,0.550447,,,-1.055518,-1.251763,,,861.021111,,-53.843085,,,-15.686555
ARIHANTSUP,File 2 (custom),-11.85128,,,-5.998892,-0.168734,46242.968932,-8959.505178,53.757031,,0.550718,,,-0.876082,-0.302693,,,404.05637,,-53.757031,,,-15.310046
ARKADE,File 1 (vectorbt),,0.0,,,,,,,0.0,inf,,,inf,inf,,,,,,,,
ARKADE,File 2 (custom),,,,,,,,0.0,100.0,,,,,,,,,,,,,
ARMANFIN,File 1 (vectorbt),-12.789141,33.816017,,41.814194,0.060579,122470.804675,1605.057477,55.484222,,1.101566,,1.165786,0.256097,0.396407,,,3066.181387,,22.470805,,,-23.03652
ARMANFIN,File 2 (custom),-11.72214,33.648551,,41.872222,0.058284,132711.419606,2336.529972,55.554976,,1.123767,,1.270481,0.257691,0.168055,,,1530.085,,32.71142,,,-22.913707
AROGRANITE,File 1 (vectorbt),-14.299473,52.046036,,52.046036,-0.116274,37442.783656,-6255.721634,69.316374,,0.846386,,0.319861,-0.320277,-0.469112,,,1262.022625,,-62.557216,,,-25.439544
AROGRANITE,File 2 (custom),-14.185388,52.093842,,52.093842,-0.081684,37134.999222,-6286.500078,69.567119,,0.844852,,0.317421,-0.269162,-0.125778,,,597.608615,,-62.865001,,,-25.314329
ARROWGREEN,File 1 (vectorbt),-11.702666,34.841614,,45.39781,1.393077,390747.158632,48457.859772,17.656944,,1.853984,,14.390243,1.291024,2.385842,,,2497.775716,,290.747159,,,-11.702666
ARROWGREEN,File 2 (custom),-11.591175,34.53881,,43.613272,0.909953,382508.137043,47084.689507,17.71595,,1.841227,,14.146103,1.061758,0.604161,,,1370.119891,,282.508137,,,-11.591175
ARTEMISMED,File 1 (vectorbt),-10.446911,32.202192,,38.522852,0.365236,148082.945448,6868.992207,30.733415,,1.170384,,1.842427,0.518922,0.893358,,,1832.634353,,48.082945,,,-13.658225
ARTEMISMED,File 2 (custom),-10.336674,32.269822,,38.584168,0.24266,146982.658657,6711.80838,30.789199,,1.167816,,1.820038,0.425584,0.422855,,,936.491988,,46.982659,,,-13.544781
ARTNIRMAN,File 1 (vectorbt),-13.413193,,,-13.413193,-0.291803,86600.20675,-13399.79325,17.345501,,0.490534,,,-0.606902,-0.741438,,,186.586994,,-13.399793,,,-13.413193
ARTNIRMAN,File 2 (custom),-13.299993,,,-13.299993,-0.203409,86541.508805,-13458.491195,17.39741,,0.489017,,,-0.507062,-0.1285,,,86.51871,,-13.458491,,,-13.299993
ARVEE,File 1 (vectorbt),,0.0,,,,,,,0.0,inf,,,inf,inf,,,,,,,,
ARVEE,File 2 (custom),,,,,,,,0.0,100.0,,,,,,,,,,,,,
ARVIND,File 1 (vectorbt),-10.069682,35.00207,,39.875679,0.161147,230555.293242,8703.686216,46.815853,,1.169957,,1.725282,0.427689,0.676428,,,5448.570592,,130.555293,,,-13.703279
ARVIND,File 2 (custom),-9.867203,35.066903,,39.935644,0.109455,229059.925472,8603.995031,46.672995,,1.169008,,1.719766,0.353522,0.232948,,,2782.847852,,129.059925,,,-13.589789
ARVINDFASN,File 1 (vectorbt),-6.451515,27.129359,,29.029197,1.430438,192058.279173,23014.569793,11.525109,,1.892545,,12.243881,1.177071,2.212703,,,1090.535344,,92.058279,,,-6.451515
ARVINDFASN,File 2 (custom),-6.34527,27.202057,,29.099997,0.948823,190899.72076,22724.93019,11.595687,,1.885366,,11.983595,0.97235,0.50478,,,588.455028,,90.899721,,,-6.34527
ARVSMART,File 1 (vectorbt),-11.449851,30.254591,,36.254725,0.024571,106131.944805,681.327201,37.569223,,1.07262,,1.08011,0.140886,0.239974,,,1876.642894,,6.131945,,,-13.715758
ARVSMART,File 2 (custom),-11.294166,30.324167,,36.318306,0.015224,105517.218462,613.024274,37.712122,,1.070056,,1.072067,0.113125,0.066959,,,938.768817,,5.517218,,,-13.33558
ASAHIINDIA,File 1 (vectorbt),-10.071992,28.631734,,43.378676,0.255037,362364.68195,10156.889722,31.0149,,1.176553,8442.4389,1.813513,0.473657,0.75796,,,11081.54852,,262.364682,,44.0,-14.544254
ASAHIINDIA,File 2 (custom),-9.635352,28.536745,,43.435141,0.125936,257351.414467,6054.226661,31.240404,,1.13935,5995.747949,1.576355,0.316435,0.225266,,,4325.651775,,157.351414,,40.0,-14.408582
ASAHISONG,File 1 (vectorbt),-8.39944,35.934214,,48.69253,0.63615,383369.429518,40481.347074,24.287656,,1.534412,,5.911118,0.854428,1.616256,,,3687.291621,,283.36943,,,-8.72801
ASAHISONG,File 2 (custom),-8.291249,35.998116,,48.743686,0.426725,380079.451105,40011.350158,24.272565,,1.531131,,5.839158,0.707323,0.42251,,,1974.567155,,280.079451,,,-8.61949
ASAL,File 1 (vectorbt),-13.769946,33.058186,,37.911433,-0.085472,44804.904375,-3942.50683,65.455567,,0.913939,,0.551005,-0.187824,-0.270152,,,2115.557688,,-55.195096,,,-30.946269
ASAL,File 2 (custom),-12.057111,33.124961,,37.97336,-0.049897,55165.64194,-3202.454147,58.159093,,0.942881,,0.627016,-0.103683,-0.052977,,,1161.685897,,-44.834358,,,-21.701025
ASALCBR,File 1 (vectorbt),-7.775921,31.522428,,32.528193,0.330207,136935.927528,11764.049214,27.221073,,1.168528,-10120.269326,4.149334,0.457737,0.661094,,,972.445486,,36.935928,,,-8.713289
ASALCBR,File 2 (custom),-7.668352,31.590738,,32.595498,0.221839,136212.791646,11557.673231,27.121117,,1.166625,-10017.901278,4.069097,0.376723,0.232272,,,434.166703,,36.212792,,,-8.604784
ASHAPURMIN,File 1 (vectorbt),-14.374826,34.739359,,38.679309,-0.054147,50662.573111,-3083.589181,75.940518,,0.904508,,0.661169,-0.196359,-0.281515,,,2432.266082,,-49.337427,,,-19.961356
ASHAPURMIN,File 2 (custom),-13.285158,32.575451,,35.679334,-0.035482,53640.409054,-2897.474434,73.853066,,0.91219,,0.660618,-0.149035,-0.067054,,,1195.577949,,-46.359591,,,-19.841614
ASHIANA,File 1 (vectorbt),-8.111993,29.437235,,34.868352,0.260153,217558.875154,10687.170469,32.867346,,1.325838,,3.374825,0.584105,0.949316,,,2459.246147,,117.558875,,,-10.939866
ASHIANA,File 2 (custom),-8.004089,29.507628,,34.933319,0.172834,214890.489736,10444.589976,33.170056,,1.320825,,3.307942,0.479167,0.23646,,,1279.508479,,114.89049,,,-10.829137
ASHIMASYN,File 1 (vectorbt),-13.128901,45.147631,,51.771771,-0.061174,44295.89971,-4284.930792,71.06427,,0.840167,,0.363743,-0.226664,-0.348656,,,1453.339176,,-55.7041,,,-19.615968
ASHIMASYN,File 2 (custom),-12.711574,45.202329,,51.819851,-0.041643,45572.673275,-4186.71744,70.073975,,0.845571,,0.375679,-0.181943,-0.068763,,,715.803357,,-54.427327,,,-18.149475
ASHOKA,File 1 (vectorbt),-8.607483,28.381048,,36.332672,0.030262,109584.407851,243.440353,30.50081,,1.093098,6906.563966,1.038334,0.137176,0.200438,,,2242.203204,,9.584408,,,-9.622948
ASHOKA,File 2 (custom),-8.499084,28.452495,,36.396175,0.018055,108371.528897,140.977282,30.947707,,1.086209,6820.7788,1.022095,0.106043,0.034936,,,1065.451623,,8.371529,,,-9.513534
ASHOKAMET,File 1 (vectorbt),,0.0,,,,,,,0.0,inf,,,inf,inf,,,,,,,,
ASHOKAMET,File 2 (custom),,,,,,,,0.0,100.0,,,,,,,,,,,,,
ASHOKLEY,File 1 (vectorbt),-9.273791,31.080888,,75.815573,0.398368,1074797.975525,40616.582314,35.557197,,1.334953,,3.063295,0.756556,1.29231,,,23701.242545,,974.797976,,,-16.851229
ASHOKLEY,File 2 (custom),-8.999564,30.914036,,73.568134,0.263741,1048942.93714,39539.289048,35.924175,,1.332288,,3.056064,0.623919,0.433583,,,12129.655538,,948.942937,,,-15.392418
ASIANENE,File 1 (vectorbt),-12.042017,38.485788,,38.485788,0.264928,121792.143888,10896.071944,32.58643,,1.172629,,2.308429,0.446296,0.739587,,,498.709116,,21.792144,,,-12.042017
ASIANENE,File 2 (custom),-11.930187,32.509841,,32.509841,0.136831,116231.476452,8115.738226,32.582903,,1.142744,,2.01674,0.309399,0.238268,,,248.195409,,16.231476,,,-11.930187
ASIANHOTNR,File 1 (vectorbt),-12.447949,33.582875,,33.582875,-0.03232,89468.149396,-2632.962651,33.360514,,0.895386,,0.680925,-0.114347,-0.158607,,,667.335845,,-10.531851,,,-16.562899
ASIANHOTNR,File 2 (custom),-12.335713,32.663842,,32.663842,-0.024439,88490.028901,-2877.492775,33.512435,,0.881712,,0.652899,-0.108342,-0.025557,,,327.208065,,-11.509971,,,-16.446553
ASIANPAINT,File 1 (vectorbt),-6.063465,20.819699,,35.906822,0.503107,934085.440958,29788.765749,22.704941,,1.314257,,2.875756,0.819059,1.367795,,,29623.223635,,834.085441,,,-12.483262
ASIANPAINT,File 2 (custom),-5.868146,20.645261,,35.970751,0.332302,886805.28536,28100.188763,22.770732,,1.307397,,2.820998,0.66944,0.505799,,,14678.595704,,786.805285,,,-12.370991
ASIANTILES,File 1 (vectorbt),-11.409099,42.046146,,56.846254,0.030184,120030.282767,2003.028277,51.938914,,1.090618,,1.148138,0.17844,0.270303,,,3095.774566,,20.030283,,,-17.659859
ASIANTILES,File 2 (custom),-11.297901,42.103942,,56.889265,0.019567,118869.459797,1886.94598,52.229188,,1.088534,,1.139439,0.145083,0.068886,,,1550.296037,,18.86946,,,-17.542417
ASKAUTOLTD,File 1 (vectorbt),-8.727033,,,-8.727033,-0.747504,91281.685175,-8718.314825,10.65908,,0.250084,,,-1.262398,-1.297097,,,191.273158,,-8.718315,,,-8.727033
ASKAUTOLTD,File 2 (custom),-8.618515,,,-8.618515,-0.523693,91224.188179,-8775.811821,10.709901,,0.248288,,,-1.051745,-0.25228,,,91.027943,,-8.775812,,,-8.618515
ASMS,File 1 (vectorbt),,16.23515,,16.23515,7.184927,116218.93112,16218.93112,,,12.002087,,,2.125179,8.727855,,,216.235366,,16.218931,,,16.23515
ASMS,File 2 (custom),0.0,14.929574,,14.929574,4.446844,114699.090231,14699.090231,,,11.03938,,,1.686731,,,,114.808087,,14.69909,,,14.929574
ASPINWALL,File 1 (vectorbt),-15.489705,42.20109,,50.237893,0.097755,121601.836068,4320.367214,33.171617,,1.199228,,1.343649,0.260926,0.528516,,,1254.686282,,21.601836,,,-16.759537
ASPINWALL,File 2 (custom),-15.374431,38.402619,,42.57528,0.046924,114744.448397,2948.889679,33.275961,,1.156746,,1.243489,0.174641,0.099529,,,607.696659,,14.744448,,,-16.642994
ASTEC,File 1 (vectorbt),-13.45942,38.477453,,43.005741,0.023937,111015.549027,1223.949892,41.888607,,1.073536,,1.089678,0.144533,0.274686,,,2529.043014,,11.015549,,,-16.781888
ASTEC,File 2 (custom),-13.251519,37.863141,,43.062579,0.013836,109186.59914,1020.733238,41.992607,,1.0686,,1.075976,0.113123,0.084104,,,1257.037398,,9.186599,,,-16.097392
ASTERDM,File 1 (vectorbt),-5.920426,27.83393,,27.83393,0.490684,120247.016115,10123.508057,7.694061,,1.932323,,3.678493,0.469365,0.999635,,,475.879986,,20.247016,,,-5.920426
ASTERDM,File 2 (custom),-5.814711,23.231556,,23.231556,0.26411,115549.654911,7774.827456,7.67046,,1.730556,,3.111839,0.345883,0.074005,,,238.130954,,15.549655,,,-5.814711
ASTRAL,File 1 (vectorbt),-8.373618,24.328172,,32.372913,0.410035,363419.742375,13170.987119,26.859215,,1.345669,,2.308767,0.732922,1.233139,,,9337.482303,,263.419742,,,-13.106304
ASTRAL,File 2 (custom),-8.229459,24.370271,,32.440372,0.272693,355909.631176,12795.481559,26.969875,,1.340608,,2.287216,0.601652,0.376462,,,4722.832518,,255.909631,,,-12.99341
ASTRAMICRO,File 1 (vectorbt),-10.798443,23.358261,,26.164027,-0.089207,37710.924996,-3664.063236,75.500077,,0.874996,,0.275443,-0.317197,-0.457473,,,1666.461005,,-62.289075,,,-17.588534
ASTRAMICRO,File 2 (custom),-10.687856,23.434726,,26.237689,-0.063324,36941.360509,-3709.331735,75.752154,,0.871626,,0.267723,-0.271213,-0.149614,,,795.748294,,-63.058639,,,-17.471163
ASTRAZEN,File 1 (vectorbt),-7.844967,30.1452,,42.734844,0.071578,165909.244425,3468.907601,40.074992,,1.154553,,1.414252,0.265112,0.485449,,,5482.781412,,65.909244,,,-13.551658
ASTRAZEN,File 2 (custom),-7.38635,29.881225,,42.791952,0.053076,167406.033242,3547.68596,37.815182,,1.157453,,1.440509,0.22448,0.135265,,,2776.38075,,67.406033,,,-13.43832
ASTRON,File 1 (vectorbt),-11.917325,,,-6.046132,-0.223717,52852.991224,-9429.401755,52.707961,,0.715124,,,-0.69068,-0.968408,,,715.291989,,-47.147009,,,-16.988157
ASTRON,File 2 (custom),-11.653217,,,-5.178279,-0.157064,53060.324243,-9387.935151,52.520751,,0.71644,,,-0.570631,-0.285,,,334.022194,,-46.939676,,,-16.871386
ATALREAL,File 1 (vectorbt),,39.729346,,39.729346,5.153024,139689.656564,39689.656564,,,4.026658,,,1.956822,6.222582,,,239.729586,,39.689657,,,39.729346
ATALREAL,File 2 (custom),0.0,39.789457,,39.789457,3.414693,139509.899978,39509.899978,,,4.015187,,,1.62441,1.139961,,,139.648898,,39.5099,,,39.789457
ATAM,File 1 (vectorbt),-11.621492,,,-11.621492,-0.375693,88390.117831,-11609.882169,21.648357,,0.668831,,,-0.728024,-1.032665,,,188.378696,,-11.609882,,,-11.621492
ATAM,File 2 (custom),-11.510082,,,-11.510082,-0.263672,88333.602653,-11666.397347,21.682862,,0.667185,,,-0.609981,-0.301172,,,88.246545,,-11.666397,,,-11.510082
ATGL,File 1 (vectorbt),-11.137153,33.561884,,33.561884,-0.125243,83233.915106,-3353.216979,31.840117,,0.909352,,0.645568,-0.14896,-0.194015,,,1004.241552,,-16.766085,,,-14.021423
ATGL,File 2 (custom),-10.111448,33.628155,,33.628155,-0.075012,86688.390728,-2662.321854,28.839097,,0.937173,,0.694933,-0.083963,-0.024566,,,499.858658,,-13.311609,,,-11.519069
ATL,File 1 (vectorbt),,0.0,,,,,,,0.0,inf,,,inf,inf,,,,,,,,
ATL,File 2 (custom),,,,,,,,0.0,100.0,,,,,,,,,,,,,
ATLANTAA,File 1 (vectorbt),-14.678496,44.305097,,53.654636,-0.022868,83382.92122,-1510.643525,62.174283,,0.987758,,0.851392,-0.015834,-0.025957,,11.0,1952.048757,,-16.617079,11.0,27.272727,-21.890286
ATLANTAA,File 2 (custom),-13.199475,44.360636,,53.700835,-0.018171,81503.645232,-1541.362897,60.895025,,0.974708,,0.837635,-0.026844,-0.00965,,12.0,1057.470674,,-18.496355,12.0,25.0,-18.040402
ATLASCYCLE,File 1 (vectorbt),-10.317472,33.639633,,49.078816,0.323426,385873.192112,21990.245547,30.777028,,1.421759,,2.060501,0.649553,1.29667,,,8688.625485,,285.873192,,,-14.34193
ATLASCYCLE,File 2 (custom),-10.207364,33.705827,,49.129586,0.216386,380487.20553,21575.938887,30.954427,,1.41721,,2.043624,0.535532,0.348074,,,4450.538904,,280.487206,,,-14.227802
ATUL,File 1 (vectorbt),-9.452302,21.479308,,28.357996,0.00873,106137.584705,361.034394,49.755949,,1.037484,,1.067181,0.100281,0.147085,,,2983.420711,,6.137585,,,-16.50667
ATUL,File 2 (custom),-9.181272,21.55765,,28.429467,0.006509,106490.256345,381.779785,48.614013,,1.03784,,1.072825,0.084182,0.051233,,,1465.78739,,6.490256,,,-14.610727
ATULAUTO,File 1 (vectorbt),-8.877128,29.251506,,29.251506,-0.090235,73928.252435,-3724.535366,40.440491,,0.849422,,0.417784,-0.250663,-0.401858,,,1108.732858,,-26.071748,,,-11.199471
ATULAUTO,File 2 (custom),-8.735661,29.322084,,29.322084,-0.062982,73694.728753,-3757.895892,40.647193,,0.847269,,0.413065,-0.211477,-0.095487,,,538.972383,,-26.305271,,,-11.088483
AUBANK,File 1 (vectorbt),-8.286821,,,-5.263814,-0.240736,49910.754702,-6261.155662,50.089245,,0.605469,,,-0.95884,-1.177647,,,1109.94545,,-50.089245,,,-13.394948
AUBANK,File 2 (custom),-8.178743,,,-5.158755,-0.169739,49713.791485,-6285.776064,50.286209,,0.602995,,,-0.80285,-0.308831,,,526.602496,,-50.286209,,,-13.281767
AURIONPRO,File 1 (vectorbt),-13.615641,38.913102,,44.604407,-0.110575,39401.243763,-3787.422265,65.944394,,0.898374,,0.513578,-0.256377,-0.378123,,,2053.938226,,-60.598756,,,-21.666645
AURIONPRO,File 2 (custom),-13.214471,37.439902,,44.659647,-0.077208,39332.935143,-3791.691554,66.084615,,0.89608,,0.501705,-0.220313,-0.12729,,,988.737841,,-60.667065,,,-21.5452
AUROPHARMA,File 1 (vectorbt),-8.853048,30.091165,,43.804959,0.073865,184055.823786,4202.791189,46.874039,,1.162183,,1.370338,0.316196,0.512919,,,7161.117549,,84.055824,,,-14.250497
AUROPHARMA,File 2 (custom),-8.702906,30.160904,,43.860998,0.049318,181517.502011,4075.875101,47.104281,,1.159237,,1.359588,0.258197,0.139575,,,3599.721199,,81.517502,,,-14.136461
AURUM,File 1 (vectorbt),-12.17221,24.21817,,24.21817,-0.112697,73741.234725,-5251.753055,39.556896,,0.67364,,0.373297,-0.424845,-0.609983,,,775.155192,,-26.258765,,,-17.056091
AURUM,File 2 (custom),-12.060249,24.293777,,24.293777,-0.079022,73520.129605,-5295.974079,39.603677,,0.670188,,0.369637,-0.358021,-0.105976,,,373.386452,,-26.47987,,,-16.939252
AUSOMENT,File 1 (vectorbt),-18.369106,48.686332,,48.686332,-0.078959,65166.117803,-6966.776439,65.035153,,0.984058,,0.379714,-0.038523,-0.057735,,,663.172754,,-34.833882,,,-25.33345
AUSOMENT,File 2 (custom),-17.633281,48.737494,,48.737494,-0.052365,66980.319776,-6603.936045,63.952711,,0.988088,,0.397961,-0.02394,-0.013822,,,321.00573,,-33.01968,,,-25.208342
AUTOAXLES,File 1 (vectorbt),-11.097224,32.079578,,38.476128,0.005854,105066.63843,389.741418,46.188774,,1.05236,,1.044413,0.099738,0.156751,,,2830.010604,,5.066638,,,-14.298925
AUTOAXLES,File 2 (custom),-10.520384,32.14733,,38.53749,0.007364,108959.964368,689.228028,44.023474,,1.058384,,1.079155,0.092268,0.045984,,,1465.171516,,8.959964,,,-13.802141
AUTOIND,File 1 (vectorbt),-14.053229,36.032751,,44.850238,0.050178,131049.206517,3529.106263,44.99148,,1.132626,-4241.856109,1.383618,0.211196,0.340637,,,2233.477349,,31.049207,,,-23.931914
AUTOIND,File 2 (custom),-13.93939,36.026376,,44.624521,0.032948,129506.374386,3369.565231,45.061952,,1.129169,-4189.277927,1.366338,0.171203,0.074857,,,1060.008591,,29.506374,,,-23.808206
AVADHSUGAR,File 1 (vectorbt),-13.039214,35.313163,,43.947568,0.423189,161188.525553,10198.087592,21.970388,,1.325964,,2.030969,0.550185,0.973174,,,1702.866084,,61.188526,,,-13.874134
AVADHSUGAR,File 2 (custom),-12.926388,35.377685,,44.003464,0.283507,160109.235896,10018.205983,22.004919,,1.321803,,2.012256,0.452652,0.251091,,,877.652407,,60.109236,,,-13.760474
AVALON,File 1 (vectorbt),-12.459791,,,-12.459791,-0.683113,87552.656309,-12447.343691,12.447344,,,,,-1.150151,-1.149121,,,187.540397,,-12.447344,,,-12.459791
AVALON,File 2 (custom),-12.347543,,,-12.347543,-0.478116,87525.974229,-12474.025771,12.474026,,,,,-0.958131,-0.554725,,,87.224724,,-12.474026,,,-12.347543
AVANTEL,File 1 (vectorbt),,0.0,,,,,,,0.0,inf,,,inf,inf,,,,,,,,
AVANTEL,File 2 (custom),,,,,,,,0.0,100.0,,,,,,,,,,,,,
AVANTIFEED,File 1 (vectorbt),-10.167311,30.759094,,39.02588,0.106072,137414.643797,3401.331254,38.902005,,1.121981,,1.355247,0.290161,0.537709,,,3052.466281,,37.414644,,,-12.550429
AVANTIFEED,File 2 (custom),-10.057354,30.828166,,39.086693,0.069886,135884.292549,3262.208414,39.062822,,1.119093,,1.340555,0.235894,0.202249,,,1535.012642,,35.884293,,,-12.438091
AVG,File 1 (vectorbt),-11.967059,29.788595,,29.788595,-0.213677,68603.176018,-5232.803997,52.66976,,0.807209,,0.361991,-0.410063,-0.556629,,,914.348897,,-31.396824,,,-14.293293
AVG,File 2 (custom),-10.704098,29.858636,,29.858636,-0.13522,72781.328161,-4536.445306,49.651618,,0.836863,,0.40847,-0.284553,-0.120035,,,456.730846,,-27.218672,,,-12.777879
AVL,File 1 (vectorbt),,0.0,,,,,,,0.0,inf,,,inf,inf,,,,,,,,
AVL,File 2 (custom),,,,,,,,0.0,100.0,,,,,,,,,,,,,
AVONMORE,File 1 (vectorbt),-9.363716,29.694897,,39.776761,1.188784,137124.341046,9281.085262,17.366524,,1.366525,,2.853912,0.970052,1.533681,,,884.978536,,37.124341,,,-12.729852
AVONMORE,File 2 (custom),-9.254561,29.124852,,38.556464,0.757226,135292.347671,8823.086918,17.442777,,1.351625,,2.753842,0.780041,0.553032,,,456.791058,,35.292348,,,-12.617334
AVROIND,File 1 (vectorbt),-12.697261,37.110255,,37.110255,-0.138202,91160.545744,-2209.863564,24.840176,,0.950953,,0.78302,-0.122381,-0.172496,,,812.471382,,-8.839454,,,-14.556254
AVROIND,File 2 (custom),-11.548468,35.00023,,35.00023,-0.089227,92602.008953,-1849.497762,22.224563,,0.962728,,0.801177,-0.07639,-0.040311,,,399.045878,,-7.397991,,,-13.85636
AVTNPL,File 1 (vectorbt),-13.775624,40.227622,,50.676754,0.065571,156174.303008,5617.430301,56.103576,,1.136818,,1.626081,0.28746,0.446267,,,2168.620198,,56.174303,,,-22.224694
AVTNPL,File 2 (custom),-12.325692,39.16141,,50.725928,0.050561,165076.809132,6507.680913,56.251663,,1.149894,,1.745168,0.260682,0.141796,,,1187.539758,,65.076809,,,-14.616902
AWFIS,File 1 (vectorbt),-10.716759,,,-10.716759,-0.675354,89293.947409,-10706.052591,21.161889,,0.825129,,,-0.580527,-0.846632,,,189.283431,,-10.706053,,,-10.716759
AWFIS,File 2 (custom),-10.606252,,,-10.606252,-0.478964,89266.501697,-10733.498303,21.142144,,0.823782,,,-0.488309,-0.375011,,,88.87913,,-10.733498,,,-10.606252
AWHCL,File 1 (vectorbt),-10.222363,23.851102,,23.851102,-0.002018,99823.22163,-58.926123,28.776365,,1.040608,,0.990881,0.076606,0.1135,,,539.414516,,-0.176778,,,-10.830244
AWHCL,File 2 (custom),-9.43263,23.927075,,23.927075,0.007944,100978.466409,326.15547,27.807119,,1.053485,,1.05346,0.083032,0.035837,,,271.601564,,0.978466,,,-10.719624
AWL,File 1 (vectorbt),,0.0,,,,,,,0.0,inf,,,inf,inf,,,,,,,,
AWL,File 2 (custom),,,,,,,,0.0,100.0,,,,,,,,,,,,,
AXISBANK,File 1 (vectorbt),-7.424047,20.250482,,26.964535,0.095418,153465.991621,2970.332868,36.157648,,1.126908,,1.483451,0.327169,0.469847,,,4907.454231,,53.465992,,,-17.134135
AXISBANK,File 2 (custom),-7.154747,19.641431,,26.066831,0.060619,147484.657324,2638.036518,35.420574,,1.117345,,1.446468,0.253406,0.139548,,,2399.480355,,47.484657,,,-17.017218
AXISCADES,File 1 (vectorbt),-16.362564,39.144744,,41.996422,-0.054922,53614.170102,-3865.485825,70.94298,,0.88824,,0.485899,-0.20076,-0.284658,,,1245.37277,,-46.38583,,,-23.20797
AXISCADES,File 2 (custom),-15.553896,37.543612,,42.054268,-0.037343,55009.899938,-3749.175005,69.52998,,0.891763,,0.489828,-0.161016,-0.065908,,,613.454343,,-44.9901,,,-23.084985
AXITA,File 1 (vectorbt),,49.274761,,49.274761,3.066653,149225.535169,49225.535169,,,3.690664,,,1.886565,3.88132,,,249.27501,,49.225535,,,49.274761
AXITA,File 2 (custom),0.0,47.680804,,47.680804,1.984723,147385.150753,47385.150753,,,3.609146,,,1.526448,0.473967,,,147.531444,,47.385151,,,47.680804
AYMSYNTEX,File 1 (vectorbt),-13.814687,47.750121,,49.730426,0.183933,139683.904054,7936.780811,27.8602,,1.203429,,1.66284,0.363777,0.604864,,,1326.49311,,39.683904,,,-14.786685
AYMSYNTEX,File 2 (custom),-13.645336,47.802219,,49.780545,0.124358,139268.193167,7853.638633,27.972774,,1.202025,,1.657641,0.300448,0.160784,,,681.521339,,39.268193,,,-14.672113
AZAD,File 1 (vectorbt),-8.905624,,,-8.905624,-0.872797,91103.272249,-8896.727751,10.010178,,0.615123,,,-0.837239,-1.286482,,,191.094567,,-8.896728,,,-8.905624
AZAD,File 2 (custom),-8.796928,,,-8.796928,-0.611833,91023.705077,-8976.294923,10.088423,,0.612711,,,-0.704194,-0.419851,,,91.082975,,-8.976295,,,-8.796928
BAFNAPH,File 1 (vectorbt),-12.54708,,,-12.54708,-0.124792,87465.454945,-12534.545055,33.263471,,0.933947,,,-0.158946,-0.259789,,,187.453108,,-12.534545,,,-12.54708
BAFNAPH,File 2 (custom),-12.434745,,,-12.434745,-0.087102,87399.535675,-12600.464325,33.30219,,0.933347,,,-0.133423,-0.091392,,,87.413704,,-12.600464,,,-12.434745
BAGFILMS,File 1 (vectorbt),-14.956674,39.028186,,45.658202,0.001765,101459.935411,121.661284,57.699826,,1.059349,,1.008886,0.106597,0.181849,,,3042.715042,,1.459935,,,-17.788938
BAGFILMS,File 2 (custom),-14.841932,38.324681,,45.712389,-0.00156,98156.327993,-153.639334,57.839477,,1.053091,,0.988522,0.079143,0.045321,,,1482.016106,,-1.843672,,,-17.671367
BAIDFIN,File 1 (vectorbt),,0.0,,,,,,,0.0,inf,,,inf,inf,,,,,,,,
BAIDFIN,File 2 (custom),,,,,,,,0.0,100.0,,,,,,,,,,,,,
BAJAJCON,File 1 (vectorbt),-7.358651,,,-5.883065,-0.121017,63218.677344,-6130.220443,36.781323,,0.755685,,,-0.468059,-0.611959,,,948.658082,,-36.781323,,,-9.597068
BAJAJCON,File 2 (custom),-7.251499,,,-5.777388,-0.084314,62912.041886,-6181.326352,37.087958,,0.753213,,,-0.393587,-0.135948,,,454.459719,,-37.087958,,,-9.48768
BAJAJELEC,File 1 (vectorbt),-11.652461,,,-8.29657,-0.132859,28283.598065,-7171.640193,75.546519,,0.596911,,,-0.773992,-0.909281,,,1009.702072,,-71.716402,,,-27.886847
BAJAJELEC,File 2 (custom),-9.560858,,,-7.342964,-0.083507,35811.78403,-6418.821597,69.037499,,0.643247,,,-0.604626,-0.202657,,,560.071038,,-64.188216,,,-17.837286
BAJAJFINSV,File 1 (vectorbt),-7.277055,24.450092,,35.83677,0.219339,247651.837921,7771.149364,37.191114,,1.223546,,1.725759,0.573624,0.916487,,,8954.952188,,147.651838,,,-10.787875
BAJAJFINSV,File 2 (custom),-7.169985,24.525466,,35.900769,0.144805,242943.295406,7523.331337,37.584323,,1.219183,,1.703889,0.46844,0.320245,,,4494.881837,,142.943295,,,-10.677298
BAJAJHCARE,File 1 (vectorbt),-12.32058,33.797304,,33.797304,0.449199,117299.559764,8649.779882,15.037418,,1.350483,,2.050752,0.457512,1.087951,,,484.844425,,17.29956,,,-12.32058
BAJAJHCARE,File 2 (custom),-12.208472,31.41332,,31.41332,0.265832,114909.070926,7454.535463,15.080016,,1.312131,,1.920158,0.342182,0.264962,,,245.867168,,14.909071,,,-12.208472
BAJAJHFL,File 1 (vectorbt),,0.0,,,,,,,0.0,inf,,,inf,inf,,,,,,,,
BAJAJHFL,File 2 (custom),,,,,,,,0.0,100.0,,,,,,,,,,,,,
BAJAJHIND,File 1 (vectorbt),-12.774026,28.060374,,34.971831,-0.090202,22656.263326,-3515.624394,84.887053,,0.880981,,0.395327,-0.294266,-0.421967,,,2231.144147,,-77.343737,,,-22.972602
BAJAJHIND,File 2 (custom),-12.373462,28.132142,,35.036695,-0.06127,23574.134084,-3473.902996,85.065823,,0.884542,,0.408742,-0.236525,-0.127568,,,1132.542198,,-76.425866,,,-22.621734
BAJAJHLDNG,File 1 (vectorbt),-7.3888,25.143705,,45.438343,0.245909,294602.559526,14969.427656,39.385251,,1.389311,,3.682387,0.705277,1.093474,,,4391.428951,,194.60256,,,-14.318885
BAJAJHLDNG,File 2 (custom),-5.904719,25.218386,,45.49275,0.208235,316045.943072,16618.918698,33.778379,,1.420163,,4.53899,0.647483,0.347744,,,2380.473592,,216.045943,,,-8.070522
BAJAJINDEF,File 1 (vectorbt),,0.0,,,,,,,0.0,inf,,,inf,inf,,,,,,,,
BAJAJINDEF,File 2 (custom),,,,,,,,0.0,100.0,,,,,,,,,,,,,
BAJAJ_AUTO,File 1 (vectorbt),-5.042897,16.756205,,19.212072,0.106441,129208.337578,2655.303416,21.045424,,1.117563,,1.746158,0.281806,0.407974,,,2389.57848,,29.208338,,,-6.83088
BAJAJ_AUTO,File 2 (custom),-4.925366,16.802084,,19.29268,0.068479,127489.450064,2499.040915,21.322523,,1.113526,,1.70454,0.226475,0.118712,,,1187.304516,,27.48945,,,-6.724256
BAJEL,File 1 (vectorbt),-10.703002,44.50844,,44.50844,1.614507,129017.440694,14508.720347,17.275801,,1.467521,,2.878573,1.093798,2.276629,,,517.974928,,29.017441,,,-10.703002
BAJEL,File 2 (custom),-10.592509,40.159105,,40.159105,0.917559,124799.248512,12399.624256,17.345418,,1.410215,,2.646543,0.822169,0.970427,,,264.848904,,24.799249,,,-10.592509
BAJFINANCE,File 1 (vectorbt),-9.241648,21.681494,,37.848466,0.024005,130073.231825,1113.823401,53.63982,,1.092055,,1.132698,0.162064,0.226205,,,7369.083335,,30.073232,,,-23.856966
BAJFINANCE,File 2 (custom),-8.222415,21.233502,,32.719037,0.02392,145951.543073,1701.909003,53.443778,,1.113799,,1.204886,0.16907,0.066749,,,4070.354383,,45.951543,,,-23.733333
BALAJEE,File 1 (vectorbt),,0.0,,,,,,,0.0,inf,,,inf,inf,,,,,,,,
BALAJEE,File 2 (custom),,,,,,,,0.0,100.0,,,,,,,,,,,,,
BALAJITELE,File 1 (vectorbt),-12.436797,36.53393,,49.832632,0.200195,342331.309036,17309.379217,38.358751,,1.326168,,1.913698,0.568947,0.990847,,,7172.094744,,242.331309,,,-18.281818
BALAJITELE,File 2 (custom),-11.392081,36.597233,,49.882649,0.144764,364051.348927,18860.810638,38.061185,,1.34462,,2.002086,0.498088,0.294054,,,3895.961397,,264.051349,,,-14.309621
BALAMINES,File 1 (vectorbt),-14.220964,41.795466,,55.450269,-0.003011,98287.250974,-131.749925,46.808031,,1.046946,,0.986677,0.101359,0.165094,,,2476.034263,,-1.712749,,,-26.909423
BALAMINES,File 2 (custom),-13.787859,41.853513,,55.494675,0.000859,100688.284815,52.944986,45.003162,,1.051086,,1.005322,0.091394,0.056361,,,1268.171499,,0.688285,,,-26.78274
BALAXI,File 1 (vectorbt),-14.816748,41.372917,,44.353871,-0.108694,64500.770096,-3944.358878,76.525337,,0.84719,,0.620968,-0.352703,-0.497229,,,1450.483901,,-35.49923,,,-23.027732
BALAXI,File 2 (custom),-14.376726,38.409112,,44.409362,-0.080907,62865.891229,-4126.012086,76.006915,,0.833249,,0.580471,-0.320781,-0.157434,,,688.246546,,-37.134109,,,-22.904927
BALKRISHNA,File 1 (vectorbt),-13.564508,,,-13.251812,-0.169748,74733.393598,-12633.303201,25.266606,,0.351781,,,-0.650125,-0.710296,,,346.981791,,-25.266606,,,-13.877205
BALKRISHNA,File 2 (custom),-13.451157,,,-13.138773,-0.118071,74611.42873,-12694.285635,25.388571,,0.350471,,,-0.541757,-0.071843,,,160.803711,,-25.388571,,,-13.763541
BALKRISIND,File 1 (vectorbt),-8.952144,24.383287,,45.216673,-0.006807,96662.983819,-166.850809,38.008009,,1.027576,,0.974336,0.067461,0.0956,,,3950.280373,,-3.337016,,,-18.205875
BALKRISIND,File 2 (custom),-8.599447,24.213515,,45.271302,-0.003872,97241.24102,-137.937949,38.043436,,1.028269,,0.978369,0.057554,0.029786,,,1973.551417,,-2.758759,,,-16.328265
BALMLAWRIE,File 1 (vectorbt),-8.85423,29.508495,,34.942452,-0.078739,42264.140393,-3443.430598,60.338713,,0.788613,802.460553,0.381042,-0.405969,-0.567694,,,2242.697731,,-57.73586,,,-14.172035
BALMLAWRIE,File 2 (custom),-8.408825,29.578816,,35.007345,-0.053683,44035.384921,-3341.05803,58.673889,,0.796748,833.371427,0.396524,-0.325455,-0.131559,,,1112.578241,,-55.964615,,,-13.596802
BALPHARMA,File 1 (vectorbt),-13.277927,32.439535,,52.008944,0.164216,224781.025552,10398.418796,41.207725,,1.238305,,1.939491,0.403644,0.756656,,,3813.293715,,124.781026,,,-16.420606
BALPHARMA,File 2 (custom),-13.164862,32.384252,,52.056787,0.109212,220645.781232,10053.815103,41.351187,,1.233971,,1.914106,0.32995,0.205908,,,1943.890505,,120.645781,,,-16.304402
BALRAMCHIN,File 1 (vectorbt),-9.280974,32.903687,,45.738695,0.011745,114978.019553,832.112197,66.56154,,1.068812,,1.098843,0.12501,0.186928,,,4096.691369,,14.97802,,,-14.379231
BALRAMCHIN,File 2 (custom),-9.171902,32.970617,,45.792802,0.007066,113012.587808,722.921545,66.8426,,1.064863,,1.085782,0.098111,0.041837,,,2039.709906,,13.012588,,,-14.265066
BALUFORGE,File 1 (vectorbt),-14.277162,,,-14.277162,-0.728887,85737.101104,-14262.898896,24.157435,,0.801261,,,-0.658831,-0.895878,,,185.723024,,-14.262899,,,-14.277162
BALUFORGE,File 2 (custom),-14.163099,,,-14.163099,-0.51928,85689.85962,-14310.14038,24.184295,,0.800313,,,-0.551776,-0.353314,,,85.604824,,-14.31014,,,-14.163099
BANARBEADS,File 1 (vectorbt),-13.722462,51.220343,,51.220343,-0.084357,71918.522567,-4680.246239,44.246071,,0.874474,,0.604144,-0.193211,-0.300339,,,1151.044366,,-28.081477,,,-16.374852
BANARBEADS,File 2 (custom),-13.412989,51.268974,,51.268974,-0.058135,72350.378851,-4608.270192,43.787506,,0.876928,,0.606635,-0.157118,-0.060931,,,560.885529,,-27.649621,,,-16.258693
BANARISUG,File 1 (vectorbt),-9.582563,32.731325,,39.532027,-0.024422,80994.062611,-1005.418687,49.663712,,0.99248,-1913.819703,0.831453,-0.013051,-0.019976,,,2691.015179,,-19.005937,,,-17.338859
BANARISUG,File 2 (custom),-8.889929,32.798426,,39.592335,-0.011222,87814.51476,-597.367427,46.162336,,1.010105,-2030.238976,0.898638,0.014428,0.006216,,,1374.309636,,-12.185485,,,-13.06828
BANCOINDIA,File 1 (vectorbt),-11.778773,32.547407,,50.322371,0.300372,397078.477214,16504.359845,38.851654,,1.30994,,3.019216,0.625407,1.158988,,,5645.699701,,297.078477,,,-24.212882
BANCOINDIA,File 2 (custom),-11.667206,32.5723,,50.371899,0.19809,388300.159397,16016.675522,39.301568,,1.305306,,2.959672,0.512935,0.372668,,,2937.75127,,288.300159,,,-24.088893
BANDHANBNK,File 1 (vectorbt),-9.61325,,,-8.352998,-0.246027,60336.247803,-7932.750439,39.663752,,0.558533,,,-0.878088,-1.013146,,,778.986159,,-39.663752,,,-11.728468
BANDHANBNK,File 2 (custom),-9.503846,,,-8.244853,-0.172733,60163.919684,-7967.216063,39.83608,,0.556399,,,-0.734237,-0.204973,,,368.228071,,-39.83608,,,-11.616951
BANG,File 1 (vectorbt),-15.660122,49.540201,,49.540201,-0.076084,63711.09717,-6048.150472,53.907907,,0.893677,,0.449571,-0.152217,-0.211937,,,910.77316,,-36.288903,,,-18.70739
BANG,File 2 (custom),-13.891166,49.590511,,49.590511,-0.045968,69865.421083,-5022.42982,49.464194,,0.918487,,0.517672,-0.098957,-0.032773,,,477.628806,,-30.134579,,,-18.301582
BANKA,File 1 (vectorbt),-7.900478,,,-7.900478,-0.324669,92107.414917,-7892.585083,7.892585,,,,,-1.157518,-1.155898,,,192.099714,,-7.892585,,,-7.900478
BANKA,File 2 (custom),-7.242365,,,-7.242365,-0.224617,92573.755857,-7426.244143,7.426244,,,,,-0.961298,-0.126972,,,92.646864,,-7.426244,,,-7.242365
BANKBARODA,File 1 (vectorbt),-8.889384,30.209283,,49.828434,0.081154,205957.305049,3529.563538,50.678399,,1.139883,10659.089531,1.370296,0.312951,0.46404,,,8656.112764,,105.957305,,,-17.55019
BANKBARODA,File 2 (custom),-8.667956,29.989971,,49.878455,0.054591,200786.229801,3348.374578,49.844759,,1.13593,10380.116193,1.361042,0.254534,0.130734,,,4196.003629,,100.78623,,,-17.432858
BANKINDIA,File 1 (vectorbt),-10.836497,30.53271,,46.047444,-0.086781,31318.541679,-3440.331051,72.263695,,0.861806,125.162697,0.488553,-0.309976,-0.424218,,,2888.38738,,-68.681458,,,-15.360151
BANKINDIA,File 2 (custom),-10.659256,30.602008,,46.101243,-0.060529,31181.074656,-3447.162471,72.511614,,0.861044,124.324078,0.488008,-0.258948,-0.113853,,,1398.73715,,-68.818925,,,-15.245006
BANKNIFTY,File 1 (vectorbt),-4.528558,11.437448,,23.897346,0.090645,149674.10156,1602.390373,26.000753,,1.124124,,1.435035,0.290358,0.435825,,,8104.198925,,49.674102,,,-10.020323
BANKNIFTY,File 2 (custom),-4.055617,11.112058,,23.973273,0.061479,147172.396609,1521.690213,25.261234,,1.12646,,1.492624,0.243571,0.134291,,,3653.966795,,47.172397,,,-9.910512
BANSALWIRE,File 1 (vectorbt),-9.661243,,,-9.661243,-0.534499,90348.408556,-9651.591444,26.760815,,0.856254,,,-0.564745,-0.735304,,,190.338947,,-9.651591,,,-9.661243
BANSALWIRE,File 2 (custom),-9.551791,,,-9.551791,-0.379794,90292.877424,-9707.122576,26.76966,,0.854985,,,-0.47564,-0.331401,,,90.122179,,-9.707123,,,-9.551791
BANSWRAS,File 1 (vectorbt),-11.669364,,,-8.65245,-0.069862,64184.506246,-9785.440105,52.669703,,0.892698,3326.266668,,-0.229239,-0.317317,,,684.062012,,-35.815494,,,-13.412371
BANSWRAS,File 2 (custom),-11.557906,,,-8.544006,-0.048723,63977.183588,-9833.92289,52.819654,,0.891823,3312.875148,,-0.192121,-0.082295,,,291.633205,,-36.022816,,,-13.299172
BARBEQUE,File 1 (vectorbt),-8.17127,,,-8.17127,-0.225089,91836.893127,-8163.106873,12.982829,,0.499679,,,-0.615759,-0.718284,,,191.828922,,-8.163107,,,-8.17127
BARBEQUE,File 2 (custom),-8.063307,,,-8.063307,-0.156798,91762.944586,-8237.055414,13.047396,,0.496981,,,-0.515895,-0.091984,,,91.734138,,-8.237055,,,-8.063307
BASF,File 1 (vectorbt),-7.62757,28.899738,,36.612602,0.084186,175729.8695,4207.214972,37.963672,,1.167766,,1.568464,0.306897,0.519989,,,5080.974789,,75.729869,,,-12.588207
BASF,File 2 (custom),-7.396661,27.907272,,31.421828,0.051976,166930.249389,3718.347188,38.358693,,1.154959,,1.524271,0.239334,0.129351,,,2473.800327,,66.930249,,,-12.475832
BASML,File 1 (vectorbt),-11.673122,41.207339,,48.186355,0.259678,273076.0904,24725.155771,30.884035,,1.239181,,2.897652,0.511778,0.812198,,,2991.945269,,173.07609,,,-13.200536
BASML,File 2 (custom),-11.56166,41.265973,,48.238017,0.175729,270929.416584,24418.488083,30.879829,,1.237529,,2.873185,0.422671,0.240528,,,1575.125384,,170.929417,,,-13.087548
BATAINDIA,File 1 (vectorbt),-8.636534,25.584779,,35.798144,-0.033025,71384.621435,-1362.637075,56.408251,,0.965572,,0.807301,-0.060813,-0.09823,,,3984.94904,,-28.615379,,,-22.949559
BATAINDIA,File 2 (custom),-8.528106,23.19812,,35.135165,-0.030428,63667.488728,-1730.119584,56.655066,,0.937566,,0.735077,-0.095517,-0.043704,,,1797.223103,,-36.332511,,,-22.826832
BAYERCROP,File 1 (vectorbt),-7.285701,24.482442,,39.675232,-0.02273,89092.422207,-839.044446,48.184369,,0.984278,,0.87611,-0.032266,-0.050285,,,2996.180945,,-10.907578,,,-11.830207
BAYERCROP,File 2 (custom),-7.178622,24.557785,,39.735396,-0.017024,88223.557228,-905.880213,48.25187,,0.979648,,0.864954,-0.034796,-0.018165,,,1460.27511,,-11.776443,,,-11.718588
BBL,File 1 (vectorbt),-12.31191,27.421837,,32.527219,0.20146,197603.784618,10844.864958,27.588548,,1.286298,,2.224397,0.409844,0.639091,,,2688.101044,,97.603785,,,-15.043808
BBL,File 2 (custom),-12.199811,27.494243,,32.594525,0.135993,195295.699191,10588.411021,27.488313,,1.282701,,2.202266,0.336913,0.127511,,,1377.907737,,95.295699,,,-14.928979
BBOX,File 1 (vectorbt),-12.633539,32.951543,,42.936077,-0.05503,46785.898073,-2534.004854,66.594114,,0.918344,,0.574862,-0.14913,-0.230174,,,2278.168115,,-53.214102,,,-25.205696
BBOX,File 2 (custom),-12.031851,33.018425,,42.992984,-0.035684,50486.806188,-2357.771134,64.247751,,0.929228,,0.605188,-0.106688,-0.04967,,,1175.43804,,-49.513194,,,-20.023319
BBTC,File 1 (vectorbt),-10.20761,31.702097,,40.067571,0.010921,107871.416159,463.02448,38.106938,,1.074009,,1.04502,0.091294,0.161367,,,4567.487149,,7.871416,,,-16.198872
BBTC,File 2 (custom),-9.778185,29.933596,,40.127344,0.003323,103391.998892,199.529347,38.010577,,1.055437,,1.021027,0.057431,0.02401,,,2177.534263,,3.391999,,,-15.337827
BBTCL,File 1 (vectorbt),,21.235547,,21.235547,0.917056,121214.3325,21214.3325,12.562815,,1.595255,,,0.713319,1.75355,,,221.235768,,21.214333,,,21.235547
BBTCL,File 2 (custom),0.0,21.314133,,21.314133,0.618398,121044.341048,21044.341048,12.548141,,1.591471,,,0.59227,0.458923,,,121.035317,,21.044341,,,21.314133
BCLIND,File 1 (vectorbt),-10.522735,,,-8.182277,-0.225177,71566.554149,-9477.815284,47.93742,,0.860273,,,-0.454263,-0.641132,,,500.61361,,-28.433446,,,-14.239835
BCLIND,File 2 (custom),-10.412422,,,-8.074303,-0.158922,71381.789561,-9539.40348,48.071675,,0.859171,,,-0.381023,-0.273048,,,235.893086,,-28.61821,,,-14.125809
BCONCEPTS,File 1 (vectorbt),-15.7417,35.498583,,38.919718,0.257166,130240.659868,7560.164967,28.020021,,1.371533,,1.750316,0.560677,0.878555,,,933.183286,,30.24066,,,-16.068232
BCONCEPTS,File 2 (custom),-12.617183,35.245327,,38.980638,0.240331,138425.193323,9606.298331,25.34115,,1.482689,,2.157411,0.576336,0.24802,,,499.586818,,38.425193,,,-12.783514
BDL,File 1 (vectorbt),-11.487249,29.919343,,32.54964,0.346809,151463.349742,8577.224957,25.355484,,1.302771,,1.811748,0.559993,0.817511,,,1879.656525,,51.46335,,,-16.925245
BDL,File 2 (custom),-9.399936,29.989253,,32.616923,0.283341,161165.340694,10194.223449,24.415318,,1.348792,,2.162483,0.542227,0.253027,,,982.569423,,61.165341,,,-10.880424
BEARDSELL,File 1 (vectorbt),-15.23222,38.21501,,38.21501,-0.002876,99281.557076,-239.480975,39.486374,,1.031056,,0.981529,0.054076,0.084179,,,714.760795,,-0.718443,,,-16.979792
BEARDSELL,File 2 (custom),-15.117202,33.435438,,33.435438,-0.012554,95524.827059,-1491.724314,39.583353,,1.002863,,0.881101,0.004193,0.002031,,,344.122256,,-4.475173,,,-16.863029
BECTORFOOD,File 1 (vectorbt),-9.741564,24.561879,,29.226174,1.132148,174165.56782,18541.391955,17.557614,,1.601512,,4.949845,1.119285,1.859032,,,1216.462038,,74.165568,,,-9.741564
BECTORFOOD,File 2 (custom),-9.632032,24.637142,,29.296777,0.755983,173462.637111,18365.659278,17.501902,,1.59914,,4.927406,0.927346,0.498231,,,642.020235,,73.462637,,,-9.632032
BEDMUTHA,File 1 (vectorbt),-18.883798,33.792538,,39.994796,0.042364,127257.628894,4542.938149,58.185845,,1.145594,,1.583576,0.228174,0.355647,,,983.815025,,27.257629,,,-22.860799
BEDMUTHA,File 2 (custom),-18.765133,33.448458,,38.824277,0.027255,125347.343032,4224.557172,58.273165,,1.139628,,1.541337,0.182336,0.073245,,,502.048464,,25.347343,,,-22.738161
BEL,File 1 (vectorbt),-9.166903,30.247922,,63.216227,0.272003,553351.865623,15111.728854,36.816006,,1.32002,,1.950706,0.619335,1.049362,,,19121.161959,,453.351866,,,-18.92917
BEL,File 2 (custom),-8.972131,29.026255,,55.926776,0.171458,489864.883525,12995.496118,36.807504,,1.299679,,1.901595,0.486932,0.280132,,,8790.527221,,389.864884,,,-17.613063
BEML,File 1 (vectorbt),-10.49512,34.673759,,43.132184,-0.037496,68278.876592,-1762.284634,56.184597,,0.962939,,0.715011,-0.070762,-0.106093,,,2454.06947,,-31.721123,,,-22.764781
BEML,File 2 (custom),-9.97284,34.73892,,43.188895,-0.022891,71761.808552,-1568.788414,55.490901,,0.970615,,0.745562,-0.046554,-0.02112,,,1269.267725,,-28.238191,,,-18.22767
BEPL,File 1 (vectorbt),-11.77496,34.464594,,41.452236,0.036295,121804.122412,1547.172728,42.247731,,1.09499,7879.567856,1.220088,0.174644,0.281598,,,1679.025477,,21.804122,,,-13.210701
BEPL,File 2 (custom),-11.5673,34.529964,,41.510626,0.02456,121486.018552,1514.3825,42.430863,,1.094257,7856.576055,1.216739,0.1441,0.072123,,,787.93529,,21.486019,,,-13.097703
BERGEPAINT,File 1 (vectorbt),-8.54702,26.951386,,45.983058,0.168314,491219.701894,14767.541525,48.751209,,1.238461,7263.622255,2.217725,0.535261,0.914451,,,15364.691684,,391.219702,,,-14.591463
BERGEPAINT,File 2 (custom),-8.240098,26.910993,,46.036921,0.117951,487836.139626,14639.60532,47.22909,,1.237835,7206.401315,2.193821,0.44438,0.307117,,,7688.304977,,387.83614,,,-13.300889
BESTAGRO,File 1 (vectorbt),,27.918815,,27.918815,5.724357,127890.924322,27890.924322,1.828538,,11.941416,,,0.802696,8.7853,,,227.919043,,27.890924,,,27.918815
BESTAGRO,File 2 (custom),0.0,24.999643,,24.999643,3.487609,124533.568374,24533.568374,1.812556,,10.872311,,,0.619621,0.688469,,,123.783307,,24.533568,,,24.999643
BFINVEST,File 1 (vectorbt),-11.241344,40.724481,,47.499245,0.099019,152478.799656,6559.849957,44.780102,,1.138618,,1.61452,0.300772,0.508079,,,2249.238086,,52.4788,,,-15.603048
BFINVEST,File 2 (custom),-10.812675,40.738816,,47.417248,0.069059,153736.480237,6717.06003,44.901552,,1.140619,,1.630471,0.253151,0.165281,,,1164.739003,,53.73648,,,-15.487661
BFUTILITIE,File 1 (vectorbt),-12.713147,41.018392,,50.374025,0.000309,100212.091363,30.298766,55.752715,,1.044239,,1.004297,0.093195,0.142761,,,994.738458,,0.212091,,,-14.84672
BFUTILITIE,File 2 (custom),-12.366638,41.077215,,50.423502,0.001052,101037.008773,148.14411,55.109123,,1.045737,,1.021308,0.080023,0.041467,,,501.481527,,1.037009,,,-14.732088
BGRENERGY,File 1 (vectorbt),-10.293072,36.732303,,53.095346,-0.023568,85895.028787,-1567.219024,54.195764,,0.980553,,0.856496,-0.034934,-0.049516,,,2460.951122,,-14.104971,,,-15.69802
BGRENERGY,File 2 (custom),-10.182989,36.795408,,53.142104,-0.017201,85110.711494,-1654.36539,54.454906,,0.977244,,0.848744,-0.034032,-0.012815,,,1216.837485,,-14.889289,,,-15.582538
BHAGCHEM,File 1 (vectorbt),-10.486713,28.996132,,28.996132,0.077392,103357.970629,1119.323543,17.098903,,1.077754,,1.149648,0.16367,0.253362,,,611.181692,,3.357971,,,-10.95456
BHAGCHEM,File 2 (custom),-10.376437,29.066965,,29.066965,0.048189,103043.38441,1014.46147,17.167382,,1.074622,,1.134806,0.131013,0.072334,,,306.801194,,3.043384,,,-10.843816
BHAGERIA,File 1 (vectorbt),-12.058228,28.653228,,31.126514,-0.04035,86339.762362,-1366.023764,56.952391,,,,0.813775,0.021925,0.033915,,,1630.927098,,-13.660238,,,-17.137278
BHAGERIA,File 2 (custom),-11.816761,28.724404,,31.195219,-0.027867,86353.602583,-1364.639742,57.076776,,,,0.812595,0.017979,0.013542,,,807.604534,,-13.646397,,,-17.020358
BHAGYANGR,File 1 (vectorbt),-17.058491,30.121561,,30.121561,-0.090159,89334.826522,-3555.057826,22.473006,,0.925591,,0.710152,-0.119337,-0.177451,,,588.934246,,-10.665173,,,-20.940914
BHAGYANGR,File 2 (custom),-16.941649,30.191269,,30.191269,-0.063801,89090.49936,-3636.500213,22.525155,,0.922992,,0.70418,-0.102854,-0.038047,,,288.833093,,-10.909501,,,-20.820194
BHANDARI,File 1 (vectorbt),-13.513096,31.875743,,31.875743,-0.130756,63747.095929,-6042.150679,58.019473,,0.758266,,0.320343,-0.547394,-0.736518,,,854.786834,,-36.252904,,,-15.853078
BHANDARI,File 2 (custom),-12.463466,31.943699,,31.943699,-0.084958,66916.622865,-5513.896189,55.837118,,0.780215,,0.350855,-0.407056,-0.202181,,,426.993352,,-33.083377,,,-15.633959
BHARATFORG,File 1 (vectorbt),-8.51776,27.647758,,48.523319,0.198305,327805.526391,11390.27632,34.529167,,1.221994,,1.803068,0.489424,0.80382,,,11390.764609,,227.805526,,,-14.9141
BHARATFORG,File 2 (custom),-8.409451,27.654715,,47.987634,0.131388,319687.225696,10984.361285,34.841439,,1.21773,,1.780324,0.40017,0.248425,,,5710.574774,,219.687226,,,-14.799401
BHARATGEAR,File 1 (vectorbt),-15.936642,39.336677,,54.573118,-0.071001,32176.71038,-3767.960534,84.554099,,0.869845,,0.392827,-0.24171,-0.35616,,,1526.656125,,-67.82329,,,-26.173885
BHARATGEAR,File 2 (custom),-14.660148,38.99535,,54.6184,-0.043754,38267.512056,-3429.582664,81.277717,,0.89193,,0.450176,-0.165447,-0.073546,,,823.415573,,-61.732488,,,-19.835746
BHARATRAS,File 1 (vectorbt),-14.336851,32.079973,,39.761177,0.077847,171096.272201,4443.517013,47.309744,,1.127795,,1.417745,0.272638,0.434301,,,4105.524245,,71.096272,,,-19.492146
BHARATRAS,File 2 (custom),-12.485614,31.241018,,39.821255,0.06535,191250.965064,5703.185316,46.835478,,1.145391,,1.566303,0.257096,0.152929,,,2262.856894,,91.250965,,,-18.52411
BHARATSE,File 1 (vectorbt),,0.0,,,,,,,,,,,,,,,,,,,,
BHARATSE,File 2 (custom),,,21.165463,,,100000.0,,0.0,100.0,,0.0,,,,100000.0,0.0,0.0,0.0,0.0,0.0,,
BHARATWIRE,File 1 (vectorbt),-12.460429,34.907682,,39.318673,0.332092,193970.202348,11746.275294,33.584616,,1.376149,,2.245021,0.671379,1.11421,,,2243.540833,,93.970202,,,-15.802977
BHARATWIRE,File 2 (custom),-12.348181,34.610132,,37.929285,0.218263,190363.140354,11295.392544,33.680144,,1.366248,,2.205418,0.545435,0.287323,,,1155.119797,,90.36314,,,-15.68739
BHARTIARTL,File 1 (vectorbt),-8.024688,21.182803,,29.160891,-0.038522,67542.034095,-1545.617424,63.506255,,0.950509,,0.773849,-0.101934,-0.133435,,,4387.590097,,-32.457966,,,-13.361974
BHARTIARTL,File 2 (custom),-7.549686,21.261441,,29.231559,-0.024427,70625.631832,-1398.779437,61.574036,,0.96085,,0.789539,-0.062705,-0.02398,,,2181.585273,,-29.374368,,,-13.248825
BHARTIHEXA,File 1 (vectorbt),,0.0,,,,,,,0.0,inf,,,inf,inf,,,,,,,,
BHARTIHEXA,File 2 (custom),,,,,,,,0.0,100.0,,,,,,,,,,,,,
BHEL,File 1 (vectorbt),-9.513281,26.901172,,35.269839,0.01221,113008.936222,684.680854,49.046647,,1.049459,,1.104247,0.113852,0.174099,,,3681.188332,,13.008936,,,-14.365182
BHEL,File 2 (custom),-9.344505,26.940784,,35.334404,0.007611,111643.243135,612.80227,48.86708,,1.04767,,1.093808,0.091263,0.051655,,,1833.148416,,11.643243,,,-14.251031
BIGBLOC,File 1 (vectorbt),-9.159044,45.735001,,50.97735,0.210391,144310.25248,7385.04208,30.119069,,1.158944,,2.142523,0.39055,0.634343,,,1238.54605,,44.310252,,,-11.763158
BIGBLOC,File 2 (custom),-9.050094,45.789112,,51.026224,0.140653,143365.176796,7227.529466,30.244481,,1.156777,,2.111335,0.320482,0.219645,,,639.353422,,43.365177,,,-11.651606
BIKAJI,File 1 (vectorbt),-8.322208,,,-6.074997,-0.59848,70626.968413,-7343.257897,29.682345,,0.404866,,,-2.019374,-2.314003,,,676.185141,,-29.373032,,,-9.921469
BIKAJI,File 2 (custom),-8.214094,,,-5.969128,-0.426004,70385.966201,-7403.50845,29.92223,,0.40233,,,-1.688718,-0.810122,,,322.873411,,-29.614034,,,-9.811757
BIL,File 1 (vectorbt),-11.897732,41.031471,,57.956578,-0.017641,84628.745731,-960.703392,56.659405,,1.012991,,0.877331,0.022658,0.037893,,,2674.674702,,-15.371254,,,-16.87218
BIL,File 2 (custom),-11.560739,39.987547,,57.998479,-0.013464,83434.129331,-1035.366917,55.68879,,1.009568,,0.866122,0.013881,0.007219,,,1329.33277,,-16.565871,,,-16.755524
BINANIIND,File 1 (vectorbt),-13.149648,30.538089,,54.266366,-0.016092,92990.54398,-778.828447,42.87952,,1.018892,,0.915179,0.03493,0.054026,,,1748.623553,,-7.009456,,,-16.127488
BINANIIND,File 2 (custom),-12.475307,30.222528,,54.311954,-0.008372,94935.718461,-562.697949,40.765881,,1.024921,,0.936886,0.038294,0.018371,,,887.525882,,-5.064282,,,-14.173748
BIOCON,File 1 (vectorbt),-8.152791,22.196101,,31.36443,0.009312,106007.277415,375.454838,43.652447,,1.039547,,1.060387,0.101724,0.149139,,,3409.816438,,6.007277,,,-12.545391
BIOCON,File 2 (custom),-7.634642,22.273727,,31.432897,0.010633,109562.461353,597.653835,41.325083,,1.045265,,1.099018,0.096929,0.057134,,,1735.043567,,9.562461,,,-12.433058
BIOFILCHEM,File 1 (vectorbt),-26.156359,,,-14.496904,-0.217031,28449.673272,-17887.581682,74.122649,,0.52082,,,-0.790201,-0.944262,,,401.795851,,-71.550327,,,-38.358481
BIOFILCHEM,File 2 (custom),-22.610923,,,-12.42782,-0.142375,34288.424884,-16427.893779,68.811598,,0.562403,,,-0.584304,-0.151191,,,193.495923,,-65.711575,,,-38.220361
BIRLACABLE,File 1 (vectorbt),-13.463809,39.198284,,45.275617,0.101304,193926.103079,6261.740205,56.000107,,1.172696,,1.59393,0.370642,0.606933,,,3923.103166,,93.926103,,,-25.118613
BIRLACABLE,File 2 (custom),-12.842421,38.49465,,44.642328,0.071827,195161.248278,6344.083219,54.591058,,1.174817,,1.604386,0.311141,0.195987,,,2046.533124,,95.161248,,,-24.993719
BIRLACORPN,File 1 (vectorbt),-8.789877,24.700467,,37.076736,0.116226,187568.426619,4962.508656,48.624331,,1.235845,3205.779466,1.632813,0.434233,0.700762,,,5062.394866,,87.568427,,,-11.078807
BIRLACORPN,File 2 (custom),-8.681295,24.504702,,37.139497,0.074535,181179.561806,4593.829508,48.990115,,1.223974,3084.460169,1.595112,0.348136,0.172416,,,2419.618694,,81.179562,,,-10.967939
BIRLAMONEY,File 1 (vectorbt),-14.948276,33.235804,,35.159641,-0.084367,56865.762887,-4792.693013,61.345361,,0.845533,,0.44756,-0.287045,-0.42593,,,1198.170362,,-43.134237,,,-21.668187
BIRLAMONEY,File 2 (custom),-14.357032,33.302401,,35.224317,-0.056154,58684.76499,-4590.581668,60.637254,,0.854059,,0.461125,-0.22438,-0.09791,,,584.249908,,-41.315235,,,-21.546741
BIRLANU,File 1 (vectorbt),-7.879563,24.807768,,33.37765,0.084362,135922.494451,3265.681314,29.176842,,1.149326,,1.583433,0.2708,0.421474,,,2407.009451,,35.922494,,,-11.681209
BIRLANU,File 2 (custom),-7.742483,24.882785,,33.444106,0.056133,134845.757368,3167.796124,29.372226,,1.146354,,1.567138,0.22076,0.102224,,,1212.716615,,34.845757,,,-11.569739
BLACKBUCK,File 1 (vectorbt),,0.0,,,,,,,0.0,inf,,,inf,inf,,,,,,,,
BLACKBUCK,File 2 (custom),,,,,,,,0.0,100.0,,,,,,,,,,,,,
BLAL,File 1 (vectorbt),-12.965263,,,-12.965263,-0.68494,87047.689163,-12952.310837,12.952311,,0.501381,,,-1.248878,-1.550655,,,187.034924,,-12.952311,,,-12.965263
BLAL,File 2 (custom),-12.852511,,,-12.852511,-0.479748,86978.62869,-13021.37131,13.021371,,0.499814,,,-1.045262,-0.53403,,,87.025274,,-13.021371,,,-12.852511
BLBLIMITED,File 1 (vectorbt),-13.587139,42.576288,,52.366241,0.117911,207775.827753,8981.318979,44.113367,,1.19686,,1.895946,0.338673,0.566667,,,2879.178478,,107.775828,,,-20.320482
BLBLIMITED,File 2 (custom),-13.263727,41.614663,,52.413727,0.076722,201117.654163,8426.47118,44.33553,,1.190858,,1.863584,0.273136,0.140986,,,1462.340575,,101.117654,,,-20.200381
BLISSGVS,File 1 (vectorbt),-10.286249,,,-5.593696,-0.17561,21783.35832,-5586.902977,79.646497,,0.759274,,,-0.751462,-1.066925,,,1472.954055,,-78.216642,,,-14.46398
BLISSGVS,File 2 (custom),-10.176173,,,-5.488307,-0.12455,21541.978823,-5604.14437,79.871986,,0.757736,,,-0.628988,-0.413638,,,694.262649,,-78.458021,,,-14.34973
BLKASHYAP,File 1 (vectorbt),-15.903117,40.660754,,53.947415,0.015529,113295.497844,1208.681622,61.884512,,1.095777,,1.09763,0.140281,0.208864,,,2419.59089,,13.295498,,,-29.97013
BLKASHYAP,File 2 (custom),-13.625468,39.785283,,53.993322,0.027936,132610.850005,2964.622728,53.844144,,1.147052,,1.262127,0.179952,0.073324,,,1341.726777,,32.61085,,,-16.715743
BLS,File 1 (vectorbt),-11.962718,30.975671,,37.753114,0.1188,116672.2036,3334.44072,21.446854,,1.148927,,1.406326,0.243299,0.423733,,,1093.732544,,16.672204,,,-13.801382
BLS,File 2 (custom),-11.850967,31.044526,,37.815199,0.078796,116064.440723,3212.888145,21.478082,,1.145146,,1.390252,0.197562,0.104316,,,553.232605,,16.064441,,,-13.687795
BLSE,File 1 (vectorbt),,0.0,,,,,,,0.0,inf,,,inf,inf,,,,,,,,
BLSE,File 2 (custom),,,,,,,,0.0,100.0,,,,,,,,,,,,,
BLUECOAST,File 1 (vectorbt),-12.392879,26.241959,,28.589731,0.037919,106918.089271,1383.617854,40.475951,,1.067657,,1.210525,0.186525,0.271317,,,856.872013,,6.918089,,,-15.840765
BLUECOAST,File 2 (custom),-11.502117,23.014996,,23.708938,0.014975,103769.521532,753.904306,38.957915,,1.057561,,1.121014,0.132008,0.09207,,,429.495893,,3.769522,,,-13.822706
BLUEDART,File 1 (vectorbt),-10.578916,23.160454,,32.939247,-0.010605,87743.987707,-583.619633,68.664532,,1.0097,,0.885937,0.022388,0.032952,,,2886.410241,,-12.256012,,,-21.501841
BLUEDART,File 2 (custom),-9.824153,23.237117,,33.006141,-0.00299,94963.225681,-239.846396,66.627533,,1.02174,,0.952603,0.041669,0.022425,,,1520.633484,,-5.036774,,,-19.174293
BLUEJET,File 1 (vectorbt),,27.049766,,27.049766,2.549623,127022.742918,27022.742918,9.282662,,1.74174,,,1.269485,2.547125,,,227.049993,,27.022743,,,27.049766
BLUEJET,File 2 (custom),0.0,27.122543,,27.122543,1.692005,126800.277137,26800.277137,9.262185,,1.738027,,,1.053356,0.768082,,,126.672843,,26.800277,,,27.122543
BLUESTARCO,File 1 (vectorbt),-9.252118,22.128618,,38.458631,0.127804,203213.614517,5160.680726,34.978804,,1.210627,,1.556469,0.411663,0.608561,,,6652.167847,,103.213615,,,-14.320623
BLUESTARCO,File 2 (custom),-9.134005,22.206312,,38.520011,0.084381,199526.816173,4976.340809,35.376957,,1.205765,,1.5397,0.335017,0.149603,,,3338.055821,,99.526816,,,-14.206517
BODALCHEM,File 1 (vectorbt),-11.655177,35.722576,,52.919441,0.399864,289501.827341,19561.393653,31.607709,,1.426929,13449.284467,2.514224,0.75302,1.335797,,,4212.581769,,189.501827,,,-14.198338
BODALCHEM,File 2 (custom),-11.543733,35.602635,,52.966374,0.265446,284588.718961,19040.918586,31.721993,,1.42025,13220.451686,2.484977,0.618095,0.36431,,,2029.918135,,184.588719,,,-14.084354
BOHRAIND,File 1 (vectorbt),-11.40686,,,-11.40686,-0.317268,88604.535385,-11395.464615,26.695,,0.781087,,,-0.557192,-0.84368,,,188.593329,,-11.395465,,,-11.40686
BOHRAIND,File 2 (custom),-10.125098,,,-10.125098,-0.20718,89697.810168,-10302.189832,25.787422,,0.800755,,,-0.41442,-0.369427,,,89.763526,,-10.30219,,,-10.125098
BOMDYEING,File 1 (vectorbt),-12.123627,28.231479,,35.370615,-0.080114,34093.691728,-3876.841663,72.723299,,0.81267,,0.491064,-0.321748,-0.43553,,,2437.352094,,-65.906308,,,-21.866217
BOMDYEING,File 2 (custom),-12.011715,28.303076,,35.43508,-0.056346,33624.064343,-3904.466803,72.958622,,0.809986,,0.486885,-0.271651,-0.089386,,,1177.904371,,-66.375936,,,-21.744572
BOROLTD,File 1 (vectorbt),-11.929182,22.677127,,22.677127,-0.050209,95095.150042,-1612.896004,29.598986,,0.973381,-66.161945,0.784133,-0.05699,-0.08613,,,620.988196,,-4.90485,,,-12.214596
BOROLTD,File 2 (custom),-11.817465,22.754273,,22.754273,-0.036676,94815.882549,-1706.08764,29.671438,,0.969964,-65.85453,0.77258,-0.053596,-0.027567,,,259.742738,,-5.184117,,,-12.102593
BORORENEW,File 1 (vectorbt),-13.760865,37.025478,,37.025478,-0.239299,65346.726974,-5775.545504,35.369383,,0.787892,,0.415224,-0.474092,-0.695468,,,962.938196,,-34.653273,,,-15.629611
BORORENEW,File 2 (custom),-12.943034,31.579818,,31.579818,-0.168617,65046.006279,-5825.66562,35.496518,,0.777591,,0.37206,-0.415981,-0.220573,,,458.369192,,-34.953994,,,-14.923701
BOROSCI,File 1 (vectorbt),,0.0,,,,,,,0.0,inf,,,inf,inf,,,,,,,,
BOROSCI,File 2 (custom),,,,,,,,0.0,100.0,,,,,,,,,,,,,
BOSCHLTD,File 1 (vectorbt),-6.016627,15.652802,,25.130068,0.418666,214192.65077,10381.15007,16.046132,,1.359227,,3.460934,0.742757,1.217371,,,3768.747109,,114.192651,,,-9.157765
BOSCHLTD,File 2 (custom),-5.910816,15.736965,,25.204763,0.279529,201431.370602,9221.033691,15.072976,,1.350285,,3.305751,0.604372,0.352085,,,1794.529585,,101.431371,,,-9.048816
BPCL,File 1 (vectorbt),-8.013324,23.008617,,35.081271,0.067172,179554.703148,3314.779298,44.471701,,1.121632,,1.517343,0.259884,0.404035,,,6282.200411,,79.554703,,,-18.908576
BPCL,File 2 (custom),-7.671484,23.085432,,35.146025,0.047317,182266.450078,3427.768753,44.511495,,1.124091,,1.532486,0.219959,0.118744,,,3245.20942,,82.26645,,,-18.789886
BPL,File 1 (vectorbt),-13.973212,42.609411,,42.83224,-0.027769,82236.491393,-2220.438576,43.350671,,0.970238,,0.770943,-0.032779,-0.051877,,,1359.093864,,-17.763509,,,-18.29785
BPL,File 2 (custom),-13.859453,41.556952,,42.444038,-0.021399,80359.927007,-2455.009124,43.483798,,0.95988,,0.745827,-0.036873,-0.010581,,,663.933685,,-19.640073,,,-18.17977
BRIGADE,File 1 (vectorbt),-10.107591,35.703179,,47.486688,0.248747,265640.122321,16564.012232,34.600795,,1.310166,,2.464804,0.57168,1.02306,,,4016.095942,,165.640122,,,-14.220303
BRIGADE,File 2 (custom),-9.997693,35.767312,,47.539049,0.16722,262795.753875,16279.575387,34.68145,,1.306971,,2.438313,0.471098,0.295212,,,2077.7936,,162.795754,,,-14.106297
BRITANNIA,File 1 (vectorbt),-6.266934,20.328267,,31.338853,0.049454,127614.923507,1200.648848,27.698617,,1.07799,,1.216668,0.183645,0.27263,,,5734.176206,,27.614924,,,-9.502553
BRITANNIA,File 2 (custom),-5.993494,20.335362,,30.900562,0.036181,127919.009711,1213.869987,26.339432,,1.078742,,1.222443,0.154358,0.084473,,,2870.566034,,27.91901,,,-9.39326
BRNL,File 1 (vectorbt),-15.656475,,,-13.301682,-0.230681,59994.329245,-13335.223585,40.005671,,0.495135,,,-0.996327,-1.227747,,,476.33008,,-40.005671,,,-17.587966
BRNL,File 2 (custom),-15.541034,,,-13.188593,-0.161784,59855.625931,-13381.458023,40.144374,,0.493913,,,-0.830781,-0.291463,,,218.021273,,-40.144374,,,-17.470596
BROOKS,File 1 (vectorbt),-12.400354,37.828497,,43.817021,0.082834,141265.190831,3751.380985,45.423051,,1.128806,,1.328393,0.275036,0.467174,,,3002.732186,,41.265191,,,-18.188446
BROOKS,File 2 (custom),-12.21983,37.488371,,43.873048,0.053625,138720.938771,3520.085343,45.600261,,1.124493,,1.308287,0.221332,0.143288,,,1517.480052,,38.720939,,,-18.070476
BSE,File 1 (vectorbt),-6.765988,34.182147,,35.81978,0.188768,126714.535863,3816.362266,22.484767,,1.272164,,1.66755,0.362959,0.731992,,,1559.537407,,26.714536,,,-8.784762
BSE,File 2 (custom),-6.659428,34.247799,,35.883796,0.124802,125776.398101,3682.342586,22.586316,,1.26419,,1.639767,0.294652,0.168403,,,789.215752,,25.776398,,,-8.676186
BSHSL,File 1 (vectorbt),-8.927737,32.702534,,37.159593,0.950846,145827.784879,11456.94622,13.291847,,1.512258,,3.051824,0.813771,1.660335,,,972.383018,,45.827785,,,-10.102788
BSHSL,File 2 (custom),-8.819018,30.686501,,33.055945,0.578669,140783.553704,10195.888426,13.366238,,1.464967,,2.843411,0.63742,0.431818,,,498.729487,,40.783554,,,-9.992895
BSL,File 1 (vectorbt),-11.896946,36.470343,,39.264451,0.023535,118283.04193,2031.449103,44.126164,,1.095966,,1.261752,0.141678,0.246466,,,1657.577342,,18.283042,,,-15.35441
BSL,File 2 (custom),-11.700025,35.188294,,37.094655,0.013141,114510.287592,1612.254177,43.928068,,1.08657,,1.209824,0.106812,0.051824,,,829.01352,,14.510288,,,-14.727855
BSOFT,File 1 (vectorbt),-13.28129,42.578286,,65.364314,0.045643,146711.957913,4246.541628,49.492486,,1.147207,,1.414864,0.213547,0.381575,,,2581.605013,,46.711958,,,-20.775727
BSOFT,File 2 (custom),-13.168222,42.635551,,65.398815,0.03044,145094.585323,4099.507757,49.569812,,1.144323,,1.399945,0.174335,0.084922,,,1306.506311,,45.094585,,,-20.655172
BTML,File 1 (vectorbt),-12.664822,,,-11.150346,-0.362084,76273.544646,-11863.227677,27.213174,,0.262082,,,-1.109121,-1.241308,,,347.919902,,-23.726455,,,-14.179297
BTML,File 2 (custom),-10.54267,,,-10.045933,-0.243199,79705.699874,-10147.150063,23.93784,,0.298313,,,-0.816481,-0.158015,,,169.636264,,-20.2943,,,-11.039407
BUTTERFLY,File 1 (vectorbt),-12.586691,35.857778,,37.938048,-0.048183,83788.888908,-2229.511963,47.947057,,0.989862,1624.98461,0.728057,-0.017686,-0.02422,,,1378.893607,,-16.211111,,,-16.013035
BUTTERFLY,File 2 (custom),-12.474316,35.921756,,37.999948,-0.034763,83141.360849,-2308.112287,48.050692,,0.986735,1606.259145,0.718731,-0.019258,-0.007212,,,635.760675,,-16.858639,,,-15.897237
BVCL,File 1 (vectorbt),-15.153482,40.70353,,43.233906,0.043454,120773.105007,4154.621001,38.352866,,1.088442,,1.489775,0.179195,0.296645,,,894.578217,,20.773105,,,-17.9116
BVCL,File 2 (custom),-13.542082,40.762667,,43.290515,0.039193,126670.632362,5334.126472,36.733031,,1.099922,,1.676202,0.167146,0.101689,,,479.048023,,26.670632,,,-15.572765
BYKE,File 1 (vectorbt),-11.203449,,,-5.756541,-0.22834,29217.635334,-6966.419579,71.307021,,0.733865,-1118.168874,,-0.752476,-1.086029,,,1278.200697,,-70.782365,,,-14.930987
BYKE,File 2 (custom),-11.092456,,,-5.65099,-0.1624,28986.502538,-6990.652325,71.533545,,0.73235,-1106.974212,,-0.629425,-0.390995,,,587.066452,,-71.013497,,,-14.816271
CALSOFT,File 1 (vectorbt),-13.349273,,,-4.794341,-0.168735,27372.652167,-8069.705315,77.251371,,0.719002,,,-0.567664,-0.809215,,,1067.148639,,-72.627348,,,-17.815754
CALSOFT,File 2 (custom),-12.265525,,,-4.689751,-0.114081,30054.045245,-7771.772751,75.020975,,0.735544,,,-0.439238,-0.200577,,,523.961614,,-69.945955,,,-16.326799
CAMLINFINE,File 1 (vectorbt),-10.871107,34.893694,,41.325966,0.094484,130941.207062,2578.433922,41.095258,,1.114708,,1.366388,0.281001,0.474614,,,2280.50239,,30.941207,,,-16.475233
CAMLINFINE,File 2 (custom),-10.760447,34.958635,,41.384482,0.061793,129372.121618,2447.676801,41.173337,,1.111377,,1.346991,0.227157,0.168527,,,1148.508233,,29.372122,,,-16.358974
CAMPUS,File 1 (vectorbt),,21.193171,,21.193171,2.239549,121171.998689,21171.998689,4.198473,,3.678365,,,1.391364,4.135291,,,221.193392,,21.171999,,,21.193171
CAMPUS,File 2 (custom),0.0,21.271799,,21.271799,1.515034,121004.991432,21004.991432,4.193642,,3.704926,,,0.891935,0.583858,,,121.009469,,21.004991,,,21.271799
CAMS,File 1 (vectorbt),-8.149892,24.566605,,25.455531,0.37506,130871.880099,7717.970025,23.261899,,1.241013,,2.42437,0.563607,0.874628,,,990.447763,,30.87188,,,-8.171436
CAMS,File 2 (custom),-8.04195,24.641863,,25.529901,0.249154,130004.552069,7501.138017,23.254931,,1.236571,,2.38288,0.461102,0.274798,,,505.738674,,30.004552,,,-8.063472
CANBK,File 1 (vectorbt),-10.135533,23.715421,,34.452689,0.045074,140051.589172,1615.529561,49.550611,,1.108309,6125.468396,1.195014,0.217509,0.287572,,,5412.958571,,40.051589,,,-16.832261
CANBK,File 2 (custom),-9.844959,23.189016,,34.518071,0.028375,135377.642532,1402.891792,48.662623,,1.101418,5916.914892,1.176924,0.170032,0.06344,,,2578.616452,,35.377643,,,-16.715646
CANFINHOME,File 1 (vectorbt),-10.133594,26.408802,,35.911776,0.040737,139162.862293,2447.678893,47.068985,,1.079206,,1.412493,0.196765,0.307141,,,3019.349403,,39.162862,,,-13.357126
CANFINHOME,File 2 (custom),-10.021197,26.48222,,35.9757,0.026517,136860.564013,2303.785251,47.248612,,1.076752,,1.388175,0.158725,0.100476,,,1513.808682,,36.860564,,,-13.243982
CANTABIL,File 1 (vectorbt),-11.141304,38.226634,,41.0712,-0.01285,93664.907071,-791.886616,50.929878,,1.028091,,0.934834,0.029369,0.050965,,,2162.007038,,-6.335093,,,-15.591157
CANTABIL,File 2 (custom),-10.786951,37.946719,,40.446916,-0.008335,94111.835281,-736.02059,50.328251,,1.030013,,0.938251,0.02611,0.00905,,,1078.707715,,-5.888165,,,-14.502269
CAPACITE,File 1 (vectorbt),-12.401599,33.590246,,36.931473,0.020887,104569.63629,761.606048,40.821072,,1.067109,,1.080313,0.143142,0.191329,,,1264.423028,,4.569636,,,-19.331466
CAPACITE,File 2 (custom),-10.834858,33.656489,,36.994378,0.038752,111358.828627,1893.138104,36.67848,,1.096055,,1.219351,0.170813,0.073619,,,668.251866,,11.358829,,,-13.394147
CAPITALSFB,File 1 (vectorbt),,0.0,,,,,,,0.0,inf,,,inf,inf,,,,,,,,
CAPITALSFB,File 2 (custom),,,,,,,,0.0,100.0,,,,,,,,,,,,,
CAPLIPOINT,File 1 (vectorbt),-13.081374,29.957875,,42.909572,0.23523,176017.090242,5847.46848,33.471709,,1.184204,,1.781872,0.442745,0.743539,,,2765.911949,,76.01709,,,-26.648918
CAPLIPOINT,File 2 (custom),-11.11825,30.027747,,42.966505,0.212266,204014.087118,8001.083624,32.135228,,1.223736,,2.075107,0.449174,0.38271,,,1657.222434,,104.014087,,,-13.570707
CAPTRUST,File 1 (vectorbt),-14.353179,31.484909,,31.484909,-0.161295,60453.384424,-6591.102596,52.143955,,0.82722,,0.298801,-0.338188,-0.574985,,,863.781537,,-39.546616,,,-18.303845
CAPTRUST,File 2 (custom),-13.746542,31.553256,,31.553256,-0.110269,61961.992142,-6339.667976,50.833033,,0.835735,,0.311313,-0.26525,-0.157265,,,420.677083,,-38.038008,,,-16.636305
CARBORUNIV,File 1 (vectorbt),-9.855013,32.207953,,58.053322,0.158958,419654.284044,16823.909687,46.744972,,1.275754,,1.856436,0.508158,0.808435,,,12486.157627,,319.654284,,,-21.148163
CARBORUNIV,File 2 (custom),-9.12925,31.617193,,56.217551,0.115109,422454.096856,16971.268256,44.279898,,1.277409,,1.926997,0.430536,0.215139,,,6356.577633,,322.454097,,,-19.971155
CARERATING,File 1 (vectorbt),-8.567764,21.057102,,24.37549,0.012065,104698.319144,391.526595,45.058595,,1.035952,,1.058332,0.116451,0.183948,,,2713.367103,,4.698319,,,-10.595091
CARERATING,File 2 (custom),-8.404124,21.135866,,24.450939,0.007204,104058.839015,338.236585,45.101233,,1.034514,,1.050766,0.093039,0.079438,,,1346.467305,,4.058839,,,-10.484706
CARRARO,File 1 (vectorbt),,0.0,,,11.231082,,,,,,,,1.772907,6.155944,,,99.9001,,,,,
CARRARO,File 2 (custom),,,,,7.552337,,,,,,,,1.485252,,,,0.0,,,,,
CARTRADE,File 1 (vectorbt),,28.518331,,34.180295,1.180008,188953.048462,32388.22784,23.305296,,1.32232,24176.592782,,0.972783,1.490729,,,675.120655,,88.953048,,,22.856368
CARTRADE,File 2 (custom),0.0,28.589642,,34.245949,0.778445,188151.184151,32047.748888,23.289799,,1.320857,24055.686375,,0.805956,0.59762,,,286.088382,,88.151184,,,22.933335
CARYSIL,File 1 (vectorbt),-6.631877,,,-6.631877,-0.223639,93374.748312,-6625.251688,10.028963,,0.578404,,,-0.351265,-0.381451,,,193.368316,,-6.625252,,,-6.631877
CARYSIL,File 2 (custom),-6.525451,,,-6.525451,-0.15571,93302.979482,-6697.020518,10.090698,,0.575108,,,-0.294036,-0.030627,,,93.169796,,-6.697021,,,-6.525451
CASTROLIND,File 1 (vectorbt),-6.592052,15.993822,,17.282182,-0.009245,96756.93061,-324.306939,29.489315,,1.005479,,0.939688,0.008977,0.013363,,,2274.824877,,-3.243069,,,-8.413195
CASTROLIND,File 2 (custom),-6.485666,16.077644,,17.364717,-0.00812,95823.439895,-417.656011,29.999611,,0.999633,,0.922851,-0.000501,-0.00019,,,1129.981858,,-4.17656,,,-8.30499
CCCL,File 1 (vectorbt),-12.466915,,,-10.087779,-0.147018,39287.256629,-8673.249053,61.165351,,0.518533,,,-0.774804,-0.987854,,,893.216451,,-60.712743,,,-18.158783
CCCL,File 2 (custom),-11.019377,,,-5.927906,-0.097101,43442.901759,-8079.585463,58.085154,,0.554056,,,-0.585895,-0.185701,,,433.479621,,-56.557098,,,-13.821734
CCHHL,File 1 (vectorbt),-12.978383,,,-11.870102,-0.153919,57356.60435,-10660.848912,49.246059,,0.639294,,,-0.67443,-0.956123,,,614.587564,,-42.643396,,,-15.110104
CCHHL,File 2 (custom),-12.552378,,,-11.290612,-0.106712,57983.455008,-10504.136248,48.691161,,0.644162,,,-0.54919,-0.228471,,,286.507604,,-42.016545,,,-14.995209
CCL,File 1 (vectorbt),-9.434184,29.755568,,35.340972,0.071853,150009.666533,3572.119038,40.548935,,1.099295,,1.329617,0.246665,0.385305,,,4615.933272,,50.009667,,,-11.97964
CCL,File 2 (custom),-9.324959,29.825642,,35.405467,0.047437,147923.788549,3423.127753,40.744302,,1.097078,,1.315967,0.200624,0.1273,,,2315.078859,,47.923789,,,-11.867872
CDSL,File 1 (vectorbt),-6.266643,23.367514,,32.935939,0.461149,163973.898251,12794.77965,20.698143,,1.413459,,4.713537,0.739201,1.257731,,,1330.980824,,63.973898,,,-6.378729
CDSL,File 2 (custom),-6.160582,23.44397,,33.002836,0.30979,162864.680951,12572.93619,20.673491,,1.408956,,4.626441,0.60935,0.328912,,,692.679219,,62.864681,,,-6.272556
CEATLTD,File 1 (vectorbt),-9.758647,32.527149,,39.371353,0.023767,117130.43765,1000.386189,32.458167,,1.085887,123.872433,1.105545,0.123505,0.208896,,,4658.771986,,17.130438,,,-18.098403
CEATLTD,File 2 (custom),-9.649098,32.55262,,39.431821,0.014327,115024.161856,876.665634,32.859791,,1.08138,120.84608,1.092844,0.097526,0.041909,,,2250.193383,,15.024162,,,-17.980522
CEIGALL,File 1 (vectorbt),,0.0,,,,,,,0.0,inf,,,inf,inf,,,,,,,,
CEIGALL,File 2 (custom),,,,,,,,0.0,100.0,,,,,,,,,,,,,
CELEBRITY,File 1 (vectorbt),-19.252066,45.403481,,50.104341,0.2684,359587.528038,51917.505608,40.801834,,1.407133,,7.606625,0.625262,1.155165,,,1976.579236,,259.587528,,,-19.252066
CELEBRITY,File 2 (custom),-19.133033,42.658273,,45.827036,0.169999,331165.032393,46233.006479,40.845175,,1.383455,,7.02955,0.495356,0.283287,,,1069.431354,,231.165032,,,-19.133033
CELLO,File 1 (vectorbt),-7.72869,,,-7.72869,-0.898356,92279.030559,-7720.969441,7.720969,,0.168517,,,-1.296618,-1.348186,,,192.271502,,-7.720969,,,-7.72869
CELLO,File 2 (custom),-7.621169,,,-7.621169,-0.627155,92238.588936,-7761.411064,7.761411,,0.166964,,,-1.079693,-0.213768,,,91.76242,,-7.761411,,,-7.621169
CENTENKA,File 1 (vectorbt),-9.050635,30.304687,,45.253819,0.044689,156536.924415,4038.351744,51.221652,,1.144051,,1.497538,0.238941,0.371749,,,3708.439756,,56.536924,,,-13.43413
CENTENKA,File 2 (custom),-8.941794,30.374213,,45.308411,0.029644,154406.843915,3886.203137,51.488903,,1.140656,,1.478502,0.194236,0.081506,,,1867.774342,,54.406844,,,-13.32091
CENTEXT,File 1 (vectorbt),-14.758016,46.161668,,62.745757,0.137022,236316.840755,17039.605094,47.266775,,1.249728,,1.981653,0.398936,0.727256,,,3282.407232,,136.316841,,,-20.087771
CENTEXT,File 2 (custom),-13.844298,45.974824,,62.782875,0.096998,241483.863051,17685.482881,46.823466,,1.255605,,2.071797,0.338456,0.207649,,,1728.35029,,141.483863,,,-19.166463
CENTRALBK,File 1 (vectorbt),-10.189645,32.441156,,36.759528,-0.059319,66505.383443,-3044.965142,55.949359,,0.931164,,0.593071,-0.148594,-0.207628,,,1897.919124,,-33.494617,,,-13.80879
CENTRALBK,File 2 (custom),-10.079665,32.508548,,36.822605,-0.041955,65834.803358,-3105.926967,56.247967,,0.928731,,0.58616,-0.128031,-0.056875,,,928.201139,,-34.165197,,,-13.695195
CENTRUM,File 1 (vectorbt),-13.066776,,,-12.392923,-0.221212,75592.020547,-12203.989726,25.044145,,0.715219,,,-0.493354,-0.710685,,,350.806879,,-24.407979,,,-13.740629
CENTRUM,File 2 (custom),-12.953922,,,-12.280742,-0.154602,75467.095813,-12266.452094,25.102546,,0.713916,,,-0.412086,-0.155821,,,163.144958,,-24.532904,,,-13.627102
CENTUM,File 1 (vectorbt),-13.574876,28.966939,,32.000187,-0.024867,89040.634248,-1217.707306,41.141969,,1.030001,,0.876212,0.060887,0.091514,,,1836.228201,,-10.959366,,,-17.536228
CENTUM,File 2 (custom),-13.461514,29.037801,,32.068019,-0.018238,88517.290236,-1275.85664,40.754019,,1.028184,,0.869815,0.047583,0.022796,,,905.901908,,-11.48271,,,-17.418909
CENTURYPLY,File 1 (vectorbt),-10.590778,25.156368,,34.277435,0.02065,111084.030596,1007.639145,39.232452,,1.066945,,1.136137,0.12894,0.189723,,,2293.761552,,11.084031,,,-16.39552
CENTURYPLY,File 2 (custom),-9.706053,25.231037,,34.342992,0.020961,116727.446855,1520.676987,39.267468,,1.080477,,1.216353,0.12795,0.056366,,,1187.072639,,16.727447,,,-16.27934
CERA,File 1 (vectorbt),-8.177175,23.958378,,25.288046,0.102899,129696.256265,2699.65966,21.889333,,1.124254,,1.375541,0.255013,0.394375,,,2897.397324,,29.696256,,,-12.171001
CERA,File 2 (custom),-8.069205,24.034243,,25.362584,0.067593,128204.997566,2564.090688,21.899756,,1.120152,,1.358659,0.205456,0.106104,,,1441.831907,,28.204998,,,-12.059042
CESC,File 1 (vectorbt),-10.261168,27.522052,,44.958631,0.004954,106784.611041,271.384442,64.349922,,1.0495,,1.050802,0.096631,0.14931,,,3678.313013,,6.784611,,,-17.96216
CESC,File 2 (custom),-9.898311,27.489175,,45.013518,0.004442,108699.226475,347.969059,62.947154,,1.052132,,1.064996,0.084656,0.041762,,,1886.471296,,8.699226,,,-17.844416
CEWATER,File 1 (vectorbt),,0.0,,,15.427457,105797.390331,,1.169591,,5.900997,5797.390331,,2.224453,8.408528,,,99.9001,,5.79739,,,
CEWATER,File 2 (custom),,,,,10.372566,105782.85045,,1.16685,,5.900329,5782.85045,,1.863373,,,,0.0,,5.78285,,,
CGCL,File 1 (vectorbt),-12.883108,24.908324,,30.448157,-0.024017,92299.099538,-700.08186,41.741088,,1.024691,,0.905645,0.054819,0.098399,,,1875.632409,,-7.7009,,,-16.563608
CGCL,File 2 (custom),-12.770437,24.98324,,30.517539,-0.018779,91304.667389,-790.484783,41.885946,,1.021679,,0.893574,0.040093,0.029959,,,928.762196,,-8.695333,,,-16.44726
CGPOWER,File 1 (vectorbt),-9.897228,24.488311,,33.242706,0.07388,141865.208405,4651.689823,38.00964,,1.186603,,1.82409,0.305797,0.463602,,,1823.76533,,41.865208,,,-11.709664
CGPOWER,File 2 (custom),-8.927435,24.54335,,33.309297,0.060825,147240.857546,5248.984172,35.148737,,1.205266,,2.000313,0.279719,0.116101,,,957.628234,,47.240858,,,-11.228348
CHALET,File 1 (vectorbt),-8.790313,29.198568,,40.969135,0.28308,137679.562764,9419.890691,27.06473,,1.279176,,3.243879,0.517271,0.917284,,,820.78487,,37.679563,,,-8.946705
CHALET,File 2 (custom),-8.681731,29.269199,,41.028007,0.189514,137030.131937,9257.532984,27.172543,,1.275509,,3.187018,0.42539,0.266179,,,427.986803,,37.030132,,,-8.837967
CHAMBLFERT,File 1 (vectorbt),-8.989345,27.242462,,42.943368,0.183211,249659.255337,9977.283689,30.095664,,1.241285,,2.199919,0.454548,0.730709,,,5158.498777,,149.659255,,,-12.421028
CHAMBLFERT,File 2 (custom),-8.734874,27.315047,,43.000268,0.124518,248906.160008,9927.077334,30.21573,,1.240889,,2.212661,0.377176,0.192953,,,2644.420696,,148.90616,,,-12.308819
CHEMBOND,File 1 (vectorbt),-11.380349,,,-10.058877,-0.265124,69606.409746,-10131.196751,34.160544,,0.657425,,,-0.688506,-1.012743,,,501.887123,,-30.39359,,,-12.843808
CHEMBOND,File 2 (custom),-11.26918,,,-9.949028,-0.186302,69466.031941,-10177.989353,34.237101,,0.656015,,,-0.575325,-0.283488,,,235.244771,,-30.533968,,,-12.731177
CHEMCON,File 1 (vectorbt),-8.954164,,,-7.904221,-0.341256,75474.944548,-8175.018484,24.525055,,0.554424,,,-0.970502,-1.29278,,,518.232606,,-24.525055,,,-10.565359
CHEMCON,File 2 (custom),-8.845419,,,-7.796524,-0.238957,75321.094476,-8226.301841,24.678906,,0.551846,,,-0.813145,-0.339602,,,246.149796,,-24.678906,,,-10.455004
CHEMFAB,File 1 (vectorbt),-12.414502,36.659994,,46.832764,0.213994,142438.500423,10609.625106,35.217662,,1.247607,,2.495028,0.503685,0.79789,,,900.504418,,42.4385,,,-12.494576
CHEMFAB,File 2 (custom),-11.994677,36.723171,,46.885778,0.146882,142762.589101,10690.647275,35.254903,,1.249572,,2.544422,0.422255,0.229099,,,471.594825,,42.762589,,,-12.222306
CHEMPLASTS,File 1 (vectorbt),-9.375615,,,-9.127466,-0.341218,82144.15456,-8927.92272,21.24544,,0.665786,,,-0.681976,-0.862083,,,363.889967,,-17.855845,,,-9.623763
CHEMPLASTS,File 2 (custom),-8.351287,,,-7.188225,-0.232632,83668.921588,-8165.539206,19.776681,,0.687419,,,-0.53134,-0.189558,,,176.185916,,-16.331078,,,-9.514349
CHENNPETRO,File 1 (vectorbt),-10.770871,30.629595,,37.921763,0.056372,166032.407738,3504.460047,54.065555,,1.129364,9961.046992,1.395062,0.257834,0.414657,,,4236.073249,,66.032408,,,-20.724027
CHENNPETRO,File 2 (custom),-9.580893,30.698796,,37.983679,0.049878,185444.238683,4645.273285,51.265263,,1.149234,11119.86612,1.54067,0.247206,0.142233,,,2228.964858,,85.444239,,,-16.050372
CHEVIOT,File 1 (vectorbt),,0.0,,,,,,,0.0,inf,,,inf,inf,,,,,,,,
CHEVIOT,File 2 (custom),,,,,,,,0.0,100.0,,,,,,,,,,,,,
CHOICEIN,File 1 (vectorbt),-6.340927,15.3184,,15.3184,0.467661,107999.116111,3999.558056,7.660365,,1.391135,,2.095172,0.613056,0.956157,,,438.613748,,7.999116,,,-6.340927
CHOICEIN,File 2 (custom),-6.234792,15.402897,,15.402897,0.308406,107755.421959,3877.71098,7.739123,,1.379035,,2.04983,0.496793,0.19636,,,222.812206,,7.755422,,,-6.234792
CHOLAFIN,File 1 (vectorbt),-8.15169,28.920406,,28.920406,-0.043772,85111.448811,-3240.794511,35.88042,,0.977391,7797.010391,0.466829,-0.049075,-0.068662,,,1223.31035,,-14.888551,,,-12.270854
CHOLAFIN,File 2 (custom),-8.043746,28.967183,,28.967183,-0.031093,84665.165966,-3297.908191,36.092861,,0.975503,7750.5233,0.459856,-0.044199,-0.019819,,,558.190481,,-15.334834,,,-12.158796
CHOLAHLDNG,File 1 (vectorbt),-8.211881,32.622384,,33.109322,0.797752,161376.255251,20458.75175,11.932637,,1.684643,,5.255763,1.010263,1.735948,,,879.187341,,61.376255,,,-8.211881
CHOLAHLDNG,File 2 (custom),-8.103877,32.689595,,33.176046,0.538562,160756.114058,20252.038019,11.930719,,1.679398,,5.190777,0.835145,0.392237,,,468.735603,,60.756114,,,-8.103877
CIEINDIA,File 1 (vectorbt),-10.397947,32.519619,,42.484572,0.158084,156966.027476,5696.602748,24.389256,,1.209169,,1.616513,0.309415,0.560468,,,2919.479815,,56.966027,,,-21.811297
CIEINDIA,File 2 (custom),-10.28776,32.586932,,42.54193,0.10548,155373.745074,5537.374507,24.513442,,1.205324,,1.598228,0.253129,0.129797,,,1478.959204,,55.373745,,,-21.689707
CIGNITITEC,File 1 (vectorbt),-9.868147,19.644071,,19.644071,-0.132605,64148.722173,-5121.611118,44.749259,,0.738947,,0.241835,-0.570856,-0.769886,,,1028.840563,,-35.851278,,,-11.041867
CIGNITITEC,File 2 (custom),-9.758488,19.724247,,19.724247,-0.09308,63836.434549,-5166.223636,44.907811,,0.735015,,0.236853,-0.482952,-0.202261,,,492.873361,,-36.163565,,,-10.931036
CINELINE,File 1 (vectorbt),-13.756966,40.699498,,57.129689,0.194449,258234.58658,15823.458658,65.175837,,1.196075,,1.875137,0.581632,1.006652,,,4497.703011,,158.234587,,,-19.882033
CINELINE,File 2 (custom),-13.643423,40.29075,,57.172417,0.127434,251014.507452,15101.450745,65.288501,,1.191297,,1.844711,0.472546,0.450608,,,2292.113289,,151.014507,,,-19.762371
CINEVISTA,File 1 (vectorbt),-21.864034,44.311178,,52.579025,-0.137916,13039.853076,-6689.242071,90.794221,,0.814564,,0.372221,-0.223655,-0.260333,,,1059.258947,,-86.960147,,,-80.420299
CINEVISTA,File 2 (custom),-14.419267,44.366711,,52.626298,-0.031127,61114.386716,-2991.201022,70.932147,,0.946133,,0.769763,-0.069096,-0.026899,,,1393.465076,,-38.885613,,,-18.045913
CIPLA,File 1 (vectorbt),-6.461645,20.992173,,29.565837,0.053242,139512.135542,2195.118641,35.21455,,1.090212,,1.453095,0.213104,0.32279,,,4049.496452,,39.512136,,,-11.568371
CIPLA,File 2 (custom),-6.26117,20.809633,,29.636101,0.035194,136781.368833,2043.40938,34.484407,,1.086172,,1.420695,0.170038,0.097104,,,2045.052549,,36.781369,,,-10.732654
CLEAN,File 1 (vectorbt),-7.731823,,,-6.659989,-0.392048,72479.930443,-6880.017389,28.870842,,0.564551,,,-1.131169,-1.32627,,,676.829853,,-27.52007,,,-9.66824
CLEAN,File 2 (custom),-7.624299,,,-6.553536,-0.275717,72555.359791,-6861.160052,28.776208,,0.563529,,,-0.942236,-0.351424,,,320.410093,,-27.44464,,,-9.558781
CLEDUCATE,File 1 (vectorbt),-11.225567,34.643103,,42.588493,-0.002329,99464.489114,-76.501555,41.215373,,1.03996,,0.990785,0.062657,0.10153,,,1354.231502,,-0.535511,,,-13.90892
CLEDUCATE,File 2 (custom),-10.484368,34.708295,,42.645747,0.007077,102398.506992,342.643856,41.413563,,1.064203,,1.042203,0.082329,0.035718,,,699.501578,,2.398507,,,-12.20828
CLSEL,File 1 (vectorbt),-12.434538,26.440541,,26.440541,-0.17007,84848.821778,-3787.794555,33.414394,,0.963625,,0.597352,-0.12185,-0.18847,,,763.681626,,-15.151178,,,-14.917924
CLSEL,File 2 (custom),-12.322316,26.513927,,26.513927,-0.120716,84544.177412,-3863.955647,33.498137,,0.961976,,0.590653,-0.106082,-0.089274,,,373.301182,,-15.455823,,,-14.803221
CMSINFO,File 1 (vectorbt),-7.060597,22.047239,,22.047239,0.344673,113418.112052,6709.056026,15.831478,,1.120868,,2.558958,0.389651,0.536803,,,457.482415,,13.418112,,,-7.060597
CMSINFO,File 2 (custom),-6.953744,22.125014,,22.125014,0.231305,113185.699649,6592.849824,15.885056,,1.119383,,2.51795,0.320036,0.205524,,,235.046436,,13.1857,,,-6.953744
COALINDIA,File 1 (vectorbt),-6.029146,18.507007,,23.895857,0.291027,178373.589529,6028.737656,20.64054,,1.286407,,2.868436,0.57977,0.986121,,,2807.997013,,78.37359,,,-8.002306
COALINDIA,File 2 (custom),-5.923322,18.022251,,21.517694,0.17994,171077.562303,5467.504793,21.159955,,1.267003,,2.687706,0.45261,0.282788,,,1412.760638,,71.077562,,,-7.894511
COASTCORP,File 1 (vectorbt),-13.987649,,,-11.670528,-0.375059,63533.29589,-12155.568037,43.825913,,0.707823,,,-0.778098,-1.071391,,,470.735756,,-36.466704,,,-18.454081
COASTCORP,File 2 (custom),-13.873875,,,-11.559068,-0.266546,63385.646957,-12204.784348,43.956082,,0.706654,,,-0.649986,-0.349149,,,216.941085,,-36.614353,,,-18.335845
COCHINSHIP,File 1 (vectorbt),-4.925912,32.073296,,32.206055,0.78349,165769.06684,21923.02228,12.664481,,2.69016,,14.365005,0.974728,3.1126,,,707.332795,,65.769067,,,-4.925912
COCHINSHIP,File 2 (custom),-4.821191,32.141055,,32.273681,0.525263,164999.518587,21666.506196,12.727926,,2.672831,,13.982056,0.806435,0.510098,,,385.034797,,64.999519,,,-4.821191
COFFEEDAY,File 1 (vectorbt),,32.89714,,32.89714,0.54771,132864.275791,32864.275791,9.460838,,2.541691,,,0.599311,2.214828,,,232.897373,,32.864276,,,32.89714
COFFEEDAY,File 2 (custom),0.0,32.964076,,32.964076,0.373506,132692.09021,32692.09021,9.459085,,2.535,,,0.496972,0.282757,,,132.805558,,32.69209,,,32.964076
COFORGE,File 1 (vectorbt),-10.003628,24.317403,,31.98114,-0.010604,91897.703662,-623.253564,56.317829,,1.018833,,0.917586,0.037936,0.057994,,,2686.810945,,-8.102296,,,-13.708987
COFORGE,File 2 (custom),-9.630525,24.39291,,32.048991,-0.006208,93202.611008,-522.876076,55.405154,,1.022168,,0.929926,0.036913,0.018255,,,1353.515175,,-6.797389,,,-13.595491
COLPAL,File 1 (vectorbt),-5.815818,17.681643,,27.599484,0.333143,192152.787195,6143.519146,17.001485,,1.261524,,2.122177,0.604452,0.995907,,,5152.55648,,92.152787,,,-11.058025
COLPAL,File 2 (custom),-5.610852,17.76378,,27.671713,0.221788,190733.122718,6048.874848,17.278283,,1.259252,,2.101979,0.498971,0.332438,,,2617.118669,,90.733123,,,-10.152336
COMPUSOFT,File 1 (vectorbt),-15.848708,33.379437,,41.792801,0.073334,125462.602692,6365.650673,34.731018,,1.20551,,1.731555,0.251225,0.394524,,,834.233021,,25.462603,,,-16.047366
COMPUSOFT,File 2 (custom),-14.690514,31.181614,,38.764021,0.049721,123817.067281,5954.26682,33.161401,,1.198504,,1.742771,0.200878,0.063294,,,425.62681,,23.817067,,,-15.534615
COMSYN,File 1 (vectorbt),,0.0,,,,,,,0.0,inf,,,inf,inf,,,,,,,,
COMSYN,File 2 (custom),,,,,,,,0.0,100.0,,,,,,,,,,,,,
CONCOR,File 1 (vectorbt),-8.341535,24.486486,,30.671591,-0.000705,99212.663354,-37.492221,65.980711,,1.030142,,0.99576,0.068418,0.096966,,,5566.170861,,-0.787337,,,-16.357168
CONCOR,File 2 (custom),-7.783764,24.276507,,30.74075,0.002249,103586.649625,170.792839,63.707047,,1.036948,,1.019812,0.070448,0.034959,,,2896.626952,,3.58665,,,-16.241027
CONCORDBIO,File 1 (vectorbt),-9.485719,24.28953,,24.28953,0.06338,101824.292936,608.097645,22.746567,,1.080267,,1.089853,0.175276,0.223166,,,610.83939,,1.824293,,,-10.152109
CONCORDBIO,File 2 (custom),-8.907237,24.196361,,24.196361,0.058792,102447.56868,815.856227,22.632191,,1.092275,,1.126133,0.165899,0.062299,,,305.73195,,2.447569,,,-10.042166
CONFIPET,File 1 (vectorbt),-11.29765,27.137878,,30.572601,0.116752,112698.107802,2539.62156,25.315103,,1.144867,,1.357542,0.249121,0.440059,,,999.868508,,12.698108,,,-12.80146
CONFIPET,File 2 (custom),-11.186563,27.210567,,30.641859,0.076617,112127.272862,2425.454572,25.37596,,1.140621,,1.339774,0.20151,0.113032,,,505.09883,,12.127273,,,-12.688871
CONSOFINVT,File 1 (vectorbt),-12.935804,35.384609,,40.733035,-0.076668,52124.676776,-4352.302111,64.380739,,0.873644,,0.38151,-0.282844,-0.397493,,,1240.437742,,-47.875323,,,-22.253788
CONSOFINVT,File 2 (custom),-12.823081,33.695048,,37.284118,-0.056015,50316.937194,-4516.642073,64.573764,,0.865028,,0.356564,-0.252197,-0.117969,,,587.664164,,-49.683063,,,-22.131757
CONTROLPR,File 1 (vectorbt),-11.520558,31.044712,,35.190971,0.409039,175759.642482,15151.928496,23.640687,,1.278538,,3.796018,0.597897,0.958622,,,1204.706591,,75.759642,,,-12.606096
CONTROLPR,File 2 (custom),-11.409249,31.113499,,35.255615,0.27582,174755.978815,14951.195763,23.607236,,1.276214,,3.748812,0.49325,0.284612,,,637.996294,,74.755979,,,-12.493703
CORALFINAC,File 1 (vectorbt),-16.50801,38.009302,,38.009302,0.108854,115217.762519,7608.881259,23.569331,,1.536775,,1.922763,0.272727,0.672229,,,382.250325,,15.217763,,,-16.50801
CORALFINAC,File 2 (custom),-16.391719,38.071131,,38.071131,0.073582,114977.70087,7488.850435,23.622095,,1.529072,,1.904906,0.224296,0.076709,,,198.554778,,14.977701,,,-16.391719
CORDSCABLE,File 1 (vectorbt),-13.873901,37.448709,,48.563802,0.151716,234452.720436,10342.516957,50.799052,,1.218665,,2.141569,0.41182,0.758771,,,3258.388044,,134.45272,,,-17.861395
CORDSCABLE,File 2 (custom),-13.479593,36.900209,,44.949753,0.103709,230790.859118,10060.835317,49.753864,,1.215958,,2.114997,0.3383,0.232133,,,1707.707511,,130.790859,,,-17.743751
COROMANDEL,File 1 (vectorbt),-7.80096,23.933698,,34.725722,0.050456,122118.924921,1843.243743,37.549915,,1.094213,,1.239008,0.209126,0.317482,,,3329.913159,,22.118925,,,-12.150028
COROMANDEL,File 2 (custom),-7.693366,23.705679,,34.790832,0.03088,119594.768559,1632.89738,37.796558,,1.087111,,1.213196,0.161518,0.089685,,,1651.535904,,19.594769,,,-12.03809
COSMOFIRST,File 1 (vectorbt),-13.176118,41.723939,,63.774577,0.203537,651007.210142,26238.438578,54.28041,,1.256215,,2.163344,0.559079,1.002336,,,13798.074435,,551.00721,,,-19.437642
COSMOFIRST,File 2 (custom),-12.706274,41.770629,,63.696393,0.139561,665836.909632,26944.614744,54.433083,,1.259247,,2.174196,0.47022,0.347864,,,7373.383912,,565.83691,,,-19.318423
COUNCODOS,File 1 (vectorbt),-13.897085,37.416513,,47.604296,0.253416,180499.559017,11871.305206,29.881744,,1.380652,-14470.882632,2.34382,0.516042,0.948092,,,2207.607426,,80.499559,,,-15.085015
COUNCODOS,File 2 (custom),-12.71881,31.79922,,36.770028,0.142036,159279.142408,9006.039063,28.530028,,1.316101,-12769.170099,2.142626,0.360296,0.186036,,,990.131182,,59.279142,,,-13.928627
CPCAP,File 1 (vectorbt),-12.288262,28.590451,,30.796195,-0.073356,74771.692919,-3153.538385,42.319012,,0.943028,,0.59979,-0.108857,-0.153622,,,1260.402383,,-25.228307,,,-20.163187
CPCAP,File 2 (custom),-11.887213,28.66169,,30.86523,-0.049764,75734.207972,-3033.224003,41.394294,,0.946823,,0.611512,-0.084295,-0.033626,,,626.114472,,-24.265792,,,-20.043244
CRAFTSMAN,File 1 (vectorbt),-9.240772,22.548604,,22.548604,-0.118435,91602.035387,-2099.491153,25.238743,,0.827451,,0.728433,-0.26071,-0.396457,,,856.165043,,-8.397965,,,-10.565328
CRAFTSMAN,File 2 (custom),-9.13174,22.625878,,22.625878,-0.084921,91371.368788,-2157.157803,25.110264,,0.819016,,0.718355,-0.228735,-0.082868,,,416.326401,,-8.628631,,,-10.454973
CREATIVE,File 1 (vectorbt),-10.967201,38.096225,,47.346751,0.117907,119204.239358,3200.70656,38.184218,,1.10708,,1.390683,0.303263,0.491571,,,1278.520203,,19.204239,,,-13.446858
CREATIVE,File 2 (custom),-10.856444,35.240628,,41.564574,0.059013,113747.536032,2291.256005,38.202792,,1.088716,,1.285799,0.210492,0.171401,,,627.433553,,13.747536,,,-13.333624
CREATIVEYE,File 1 (vectorbt),-15.106629,39.346016,,58.292553,-0.003189,97910.144066,-174.154661,51.429755,,1.056183,,0.981033,0.107613,0.175533,,,2063.131303,,-2.089856,,,-28.890836
CREATIVEYE,File 2 (custom),-14.49988,38.157858,,58.334119,-0.002866,97285.408607,-226.215949,51.495091,,1.055019,,0.974576,0.087326,0.048223,,,1030.297522,,-2.714591,,,-28.762174
CREDITACC,File 1 (vectorbt),-12.416765,27.192267,,32.871868,0.207747,123316.985439,5829.24636,22.235859,,1.527709,,1.800745,0.4646,0.624048,,,860.585097,,23.316985,,,-18.075378
CREDITACC,File 2 (custom),-12.304561,27.264902,,32.938829,0.138971,122707.924264,5676.981066,22.241942,,1.516648,,1.778084,0.378615,0.066928,,,439.904794,,22.707924,,,-17.95752
CREST,File 1 (vectorbt),-14.219725,43.18193,,43.18193,-0.093152,77295.727293,-4540.854541,38.378848,,0.777941,,0.539345,-0.330343,-0.458753,,,795.122432,,-22.704273,,,-20.132795
CREST,File 2 (custom),-14.105719,40.091701,,40.091701,-0.071002,75272.713909,-4945.457218,38.509328,,0.751591,,0.497347,-0.311799,-0.099237,,,381.692064,,-24.727286,,,-20.012883
CRISIL,File 1 (vectorbt),-7.976727,25.572442,,34.04321,0.25172,295351.595657,15027.04582,24.885568,,1.219739,,3.589116,0.493608,0.8018,,,4426.653725,,195.351596,,,-15.074057
CRISIL,File 2 (custom),-7.705933,25.336557,,33.134367,0.169358,288224.702936,14478.823303,24.713539,,1.216456,,3.58706,0.404669,0.25047,,,2252.881638,,188.224703,,,-14.959198
CROMPTON,File 1 (vectorbt),-6.827574,18.325877,,18.325877,-0.113569,83078.929686,-2820.178386,25.971757,,0.822992,,0.482136,-0.286668,-0.409538,,,1107.650484,,-16.92107,,,-8.196938
CROMPTON,File 2 (custom),-6.720953,18.407369,,18.407369,-0.080823,82631.421986,-2894.763002,26.042323,,0.817194,,0.472844,-0.247219,-0.08662,,,543.100645,,-17.368578,,,-8.088949
CROWN,File 1 (vectorbt),-15.123315,23.062282,,23.062282,0.060303,104450.21912,2225.10956,25.049664,,1.085099,,1.2394,0.179276,0.260453,,,450.533606,,4.450219,,,-15.123315
CROWN,File 2 (custom),-12.252956,22.366507,,22.366507,0.071262,106967.48539,3483.742695,22.650806,,1.117059,,1.459821,0.203237,0.119491,,,229.108143,,6.967485,,,-12.252956
CSBBANK,File 1 (vectorbt),-7.800462,20.127842,,23.257559,0.475024,122527.605884,5631.901471,11.595837,,1.428245,,2.291032,0.659578,1.109971,,,876.402522,,22.527606,,,-9.483949
CSBBANK,File 2 (custom),-7.69287,20.207535,,23.334125,0.315821,121965.676562,5491.41914,11.66623,,1.41809,,2.248382,0.538527,0.246396,,,447.910416,,21.965677,,,-9.374674
CSLFINANCE,File 1 (vectorbt),,0.0,,,,,,,0.0,inf,,,inf,inf,,,,,,,,
CSLFINANCE,File 2 (custom),,,,,,,,0.0,100.0,,,,,,,,,,,,,
CTE,File 1 (vectorbt),-12.248546,43.593878,,48.14324,-0.04928,71903.450562,-2809.654944,55.885807,,0.942269,,0.698359,-0.112885,-0.18017,,,1844.03101,,-28.096549,,,-18.095503
CTE,File 2 (custom),-11.706123,42.992715,,48.194945,-0.032972,73427.665024,-2657.233498,54.266567,,0.947305,,0.707689,-0.08536,-0.048333,,,915.185123,,-26.572335,,,-15.541007
CUB,File 1 (vectorbt),-9.725389,25.551303,,34.494867,-0.052004,58294.034018,-2316.99811,57.486684,,0.915043,,0.54973,-0.158768,-0.210164,,,2196.471571,,-41.705966,,,-18.720514
CUB,File 2 (custom),-8.910279,25.625577,,34.560207,-0.032378,63941.174232,-2003.268098,53.168304,,0.931338,,0.600154,-0.108927,-0.041197,,,1143.790768,,-36.058826,,,-18.602012
CUBEXTUB,File 1 (vectorbt),-16.156607,40.449413,,51.701357,0.355642,491268.056455,27947.718318,46.230097,,1.412562,,2.514585,0.686594,1.058193,,,7510.0163,,391.268056,,,-38.357256
CUBEXTUB,File 2 (custom),-15.341611,37.310365,,46.732204,0.216593,424624.301573,23187.450112,46.249653,,1.383655,,2.544039,0.534203,0.223988,,,3401.425291,,324.624302,,,-38.219137
CUMMINSIND,File 1 (vectorbt),-8.624699,20.432475,,32.555453,-0.005898,93538.145807,-340.097589,55.470065,,1.016042,,0.923072,0.03223,0.048455,,,2749.241255,,-6.461854,,,-12.273354
CUMMINSIND,File 2 (custom),-8.425916,20.511863,,32.622731,-0.004395,93079.729011,-364.224789,55.191149,,1.014708,,0.917241,0.024549,0.011713,,,1370.388201,,-6.920271,,,-12.161292
CUPID,File 1 (vectorbt),-14.775619,43.928832,,59.795528,0.202084,144171.763499,5292.703913,31.346798,,1.124336,17708.243932,1.521308,0.359757,0.665765,,,1197.172897,,44.171763,,,-18.633126
CUPID,File 2 (custom),-14.661058,43.984748,,59.835593,0.135979,143430.543341,5164.719366,31.397932,,1.123115,17606.946511,1.507353,0.296389,0.314758,,,547.335004,,43.430543,,,-18.514711
CURAA,File 1 (vectorbt),,0.0,,,,,,,,,,,,,,,,,,,,
CURAA,File 2 (custom),,,514.912637,,,100000.0,,0.0,100.0,,0.0,,,,100000.0,0.0,0.0,0.0,0.0,0.0,,
CYBERMEDIA,File 1 (vectorbt),-15.084807,,,-11.603506,-0.130044,37370.951644,-10438.174726,72.59347,,0.772522,,,-0.441355,-0.650358,,,761.592664,,-62.629048,,,-21.443528
CYBERMEDIA,File 2 (custom),-14.969937,,,-11.492114,-0.09144,37195.634016,-10467.394331,72.699743,,0.771489,,,-0.368798,-0.168322,,,348.929645,,-62.804366,,,-21.322306
CYBERTECH,File 1 (vectorbt),-16.040227,43.000522,,70.463174,0.092991,203700.703813,9427.33671,46.281331,,1.219631,,1.969903,0.31229,0.554838,,,2535.383673,,103.700704,,,-22.366173
CYBERTECH,File 2 (custom),-15.55312,40.009697,,55.254247,0.056526,188261.86526,8023.805933,46.36207,,1.200589,,1.878273,0.241964,0.111289,,,1236.768147,,88.261865,,,-22.244029
CYIENT,File 1 (vectorbt),-6.845571,25.394772,,25.394772,-0.041399,94426.050849,-1114.78983,18.350945,,0.971933,,0.787965,-0.029469,-0.059563,,,925.714627,,-5.573949,,,-7.761422
CYIENT,File 2 (custom),-6.738932,25.469203,,25.469203,-0.030851,93952.018017,-1209.596397,18.51114,,0.965173,,0.771589,-0.030536,-0.013749,,,457.410791,,-6.047982,,,-7.653868
CYIENTDLM,File 1 (vectorbt),,0.0,,,,,,,0.0,inf,,,inf,inf,,,,,,,,
CYIENTDLM,File 2 (custom),,,,,,,,0.0,100.0,,,,,,,,,,,,,
DABUR,File 1 (vectorbt),-8.161021,18.475814,,34.040261,0.024751,125401.480965,1693.432064,51.347983,,1.05655,,1.310977,0.159935,0.228715,,,3276.894941,,25.401481,,,-20.314598
DABUR,File 2 (custom),-7.932235,18.557157,,34.106055,0.016708,124890.50807,1659.367205,51.464516,,1.056059,,1.308904,0.131819,0.080062,,,1637.472063,,24.890508,,,-20.194504
DALBHARAT,File 1 (vectorbt),-9.325346,27.332587,,35.270015,0.132165,183998.921876,7636.265625,33.865506,,1.285478,,2.089598,0.448344,0.745289,,,2941.176494,,83.998922,,,-16.951715
DALBHARAT,File 2 (custom),-9.216229,24.886622,,28.8276,0.073912,165014.826175,5910.438743,34.0164,,1.238619,,1.900822,0.32198,0.144914,,,1389.606826,,65.014826,,,-16.83498
DALMIASUG,File 1 (vectorbt),-10.844766,41.188112,,62.611371,0.074877,134988.433705,2897.153503,40.800255,,1.125488,-2674.561832,1.219814,0.243879,0.418504,,,4347.583401,,34.988434,,,-13.70813
DALMIASUG,File 2 (custom),-10.734132,41.246765,,62.648622,0.049035,133276.870848,2762.541374,40.974212,,1.12221,-2636.167016,1.209953,0.197882,0.118187,,,2108.175634,,33.276871,,,-13.594635
DAMCAPITAL,File 1 (vectorbt),,0.0,,,,,,,0.0,inf,,,inf,inf,,,,,,,,
DAMCAPITAL,File 2 (custom),,,,,,,,0.0,100.0,,,,,,,,,,,,,
DAMODARIND,File 1 (vectorbt),-14.911586,42.597919,,45.881379,0.109963,124884.571931,4976.914386,33.809396,,1.142616,,1.424032,0.27487,0.445925,,,1172.587989,,24.884572,,,-18.962561
DAMODARIND,File 2 (custom),-14.79689,37.658912,,39.374984,0.04936,115735.874912,3147.174982,33.857332,,1.111414,,1.277172,0.18051,0.095266,,,578.195951,,15.735875,,,-18.843817
DANGEE,File 1 (vectorbt),,37.47306,,37.47306,1.432876,137435.624642,37435.624642,,,1.862045,,,0.873851,1.981813,,,237.473298,,37.435625,,,37.47306
DANGEE,File 2 (custom),0.0,37.154363,,37.154363,0.960827,136876.89288,36876.89288,,,1.851363,,,0.720529,0.407493,,,137.004581,,36.876893,,,37.154363
DATAMATICS,File 1 (vectorbt),-12.738885,43.67499,,45.357878,-0.079627,52427.390161,-3964.384153,,,0.899633,,0.492106,-0.182284,-0.290785,,,1616.414733,,-47.57261,,,-19.809862
DATAMATICS,File 2 (custom),-12.569165,43.731159,,45.412365,-0.055671,52233.752157,-3980.520654,,,0.898592,,0.489407,-0.153348,-0.075103,,,782.23108,,-47.766248,,,-19.690272
DATAPATTNS,File 1 (vectorbt),-10.000685,32.35628,,32.35628,0.248899,107161.095226,2387.031742,11.828807,,1.162436,,1.317997,0.29376,0.509,,,633.817428,,7.161095,,,-11.815091
DATAPATTNS,File 2 (custom),-9.890894,32.423757,,32.423757,0.160865,106705.430105,2235.143368,11.796863,,1.154786,,1.299078,0.234323,0.135077,,,316.479046,,6.70543,,,-11.703488
DAVANGERE,File 1 (vectorbt),,0.0,,,,,,,0.0,inf,,,inf,inf,,,,,,,,
DAVANGERE,File 2 (custom),,,,,,,,0.0,100.0,,,,,,,,,,,,,
DBCORP,File 1 (vectorbt),-8.88119,32.851936,,32.851936,-0.078377,62749.028768,-4138.996804,55.425134,,0.880459,,0.468376,-0.26363,-0.394935,,,1838.0747,,-37.250971,,,-15.786038
DBCORP,File 2 (custom),-8.653443,32.918917,,32.918917,-0.054311,62963.144734,-4115.206141,55.200947,,0.881179,,0.468203,-0.217567,-0.115156,,,897.637087,,-37.036855,,,-14.71787
DBEIL,File 1 (vectorbt),-11.909897,,,-11.909897,-1.618639,88102.000549,-11897.999451,15.098041,,0.618525,,,-1.242743,-1.777626,,,188.090291,,-11.897999,,,-11.909897
DBEIL,File 2 (custom),-11.798199,,,-11.798199,-1.16661,88030.408677,-11969.591323,15.165788,,0.616806,,,-1.045706,-0.798504,,,88.078107,,-11.969591,,,-11.798199
DBL,File 1 (vectorbt),-10.294473,25.236762,,27.471336,0.252547,141566.93347,6927.822245,23.539819,,1.221222,,1.93044,0.406448,0.634322,,,1572.570389,,41.566933,,,-11.849851
DBL,File 2 (custom),-10.184388,25.311351,,27.543692,0.169123,140607.984797,6767.997466,23.571744,,1.217743,,1.907446,0.332988,0.157285,,,803.022699,,40.607985,,,-11.738213
DBOL,File 1 (vectorbt),,21.467661,,21.467661,6.795514,121446.214507,21446.214507,1.580914,,7.529135,,,1.756995,8.540357,,,221.467882,,21.446215,,,21.467661
DBOL,File 2 (custom),0.0,21.546015,,21.546015,4.587895,121278.340454,21278.340454,1.579258,,7.489518,,,1.458355,0.970745,,,121.283091,,21.27834,,,21.546015
DBREALTY,File 1 (vectorbt),-14.05219,38.816339,,42.850518,0.062208,128273.008628,2570.273512,38.940259,,1.173861,,1.319918,0.235248,0.412488,,,1889.974743,,28.273009,,,-15.674281
DBREALTY,File 2 (custom),-13.716838,37.682441,,41.328382,0.037956,124844.947092,2258.631554,39.087784,,1.160629,,1.287146,0.181148,0.088457,,,945.199458,,24.844947,,,-15.558822
DBSTOCKBRO,File 1 (vectorbt),-10.536739,39.653999,,39.653999,-0.089092,79295.968151,-3450.671975,32.102493,,0.97037,,0.590578,-0.058713,-0.081523,,,1097.501138,,-20.704032,,,-16.589317
DBSTOCKBRO,File 2 (custom),-9.094905,37.739885,,37.739885,-0.048379,83397.415045,-2767.097492,32.155879,,0.987917,,0.645361,-0.019773,-0.008089,,,564.869311,,-16.602585,,,-16.472944
DCAL,File 1 (vectorbt),-12.150741,34.053735,,34.053735,-0.153081,69900.076023,-5016.653996,42.926525,,0.836542,,0.420265,-0.345161,-0.508753,,,957.98707,,-30.099924,,,-18.701869
DCAL,File 2 (custom),-12.038802,34.062928,,34.062928,-0.107981,69510.922331,-5081.512945,43.101656,,0.833641,,0.414549,-0.292595,-0.140998,,,462.606812,,-30.489078,,,-18.583386
DCBBANK,File 1 (vectorbt),-9.058974,23.195746,,31.026983,-0.100325,43834.358632,-3744.376091,63.035765,,0.699979,,0.379093,-0.492678,-0.654893,,,2113.448312,,-56.165641,,,-15.26983
DCBBANK,File 2 (custom),-8.56765,23.272374,,31.095787,-0.068252,45748.69015,-3616.75399,61.337695,,0.710733,,0.387688,-0.396244,-0.12438,,,1058.772455,,-54.25131,,,-11.968273
DCI,File 1 (vectorbt),-11.845064,19.990608,,19.990608,0.263632,105774.235053,2887.117526,11.83323,,1.364192,,1.406739,0.383326,0.604642,,,445.721729,,5.774235,,,-11.845064
DCI,File 2 (custom),-11.73343,15.504944,,15.504944,0.048967,101549.62329,774.811645,11.899216,,1.124052,,1.112982,0.118412,0.033163,,,216.871366,,1.549623,,,-11.73343
DCM,File 1 (vectorbt),-16.886707,54.685375,,127.906953,-0.035973,60312.584028,-1803.973453,83.805671,,1.021359,,0.849528,0.056938,0.089741,,,3467.305431,,-39.687416,,,-29.454915
DCM,File 2 (custom),-15.472095,54.359391,,127.878974,-0.014675,75487.415446,-1114.208389,79.627428,,1.036577,,0.909933,0.08066,0.057557,,,2003.413226,,-24.512585,,,-27.205067
DCMFINSERV,File 1 (vectorbt),-12.129836,37.032509,,37.032509,-0.107485,71262.310562,-4789.614906,53.130745,,0.789553,,0.401074,-0.392272,-0.506102,,,817.447172,,-28.737689,,,-21.310369
DCMFINSERV,File 2 (custom),-11.401078,37.095314,,37.095314,-0.070245,73479.246937,-4420.12551,51.610565,,0.806744,,0.427136,-0.295387,-0.102681,,,404.704,,-26.520753,,,-20.075141
DCMNVL,File 1 (vectorbt),,31.719623,,34.299292,1.252956,173350.708914,36675.354457,11.639676,,2.194108,,,1.088059,2.25309,,,541.954655,,73.350709,,,29.139955
DCMNVL,File 2 (custom),0.0,31.389279,,33.567914,0.83253,171783.214647,35891.607324,11.632792,,2.176024,,,0.893459,0.371793,,,305.033337,,71.783215,,,29.210644
DCMSHRIRAM,File 1 (vectorbt),-10.650139,27.470832,,27.470832,0.007703,101706.823155,568.941052,28.785888,,1.045798,,1.066319,0.100634,0.15216,,,689.919111,,1.706823,,,-12.831724
DCMSHRIRAM,File 2 (custom),-10.5397,27.543189,,27.543189,0.004347,101395.843908,465.281303,28.833087,,1.044722,,1.053979,0.081732,0.04296,,,345.064219,,1.395844,,,-12.719105
DCMSRIND,File 1 (vectorbt),-12.288158,,,-12.268242,-0.434645,76955.204499,-11522.397751,23.944531,,0.761798,,,-0.699243,-0.982881,,,352.42054,,-23.044796,,,-12.308074
DCMSRIND,File 2 (custom),-12.176082,,,-12.156186,-0.306248,76832.606071,-11583.696965,23.998619,,0.760502,,,-0.585234,-0.386878,,,164.583651,,-23.167394,,,-12.195978
DCW,File 1 (vectorbt),-19.271954,34.388989,,39.466312,-0.082026,33676.450955,-5526.96242,72.116105,,0.870662,,0.410188,-0.199543,-0.294004,,,1278.678904,,-66.323549,,,-33.296672
DCW,File 2 (custom),-17.023722,34.454435,,39.526685,-0.050301,42632.18343,-4780.651381,64.490328,,0.904769,,0.482667,-0.120908,-0.045091,,,716.373389,,-57.367817,,,-33.163608
DCXINDIA,File 1 (vectorbt),-11.897181,31.91369,,31.91369,0.689603,116207.265131,8103.632565,12.720912,,1.908514,,2.033986,0.742335,1.5118,,,479.987568,,16.207265,,,-11.897181
DCXINDIA,File 2 (custom),-11.785495,31.981608,,31.981608,0.460151,115924.443079,7962.221539,12.773058,,1.892293,,2.013175,0.609551,0.216474,,,247.328747,,15.924443,,,-11.785495
DDEVPLSTIK,File 1 (vectorbt),,0.0,,,,,,,0.0,inf,,,inf,inf,,,,,,,,
DDEVPLSTIK,File 2 (custom),,,,,,,,0.0,100.0,,,,,,,,,,,,,
DECCANCE,File 1 (vectorbt),-9.21022,38.798619,,46.760379,-0.050037,73025.014028,-2247.915498,53.520785,,0.946183,,0.670009,-0.111557,-0.166473,,,2017.598088,,-26.974986,,,-11.701553
DECCANCE,File 2 (custom),-8.982465,38.85966,,46.813466,-0.034213,73295.270672,-2225.394111,53.637185,,0.946788,,0.673046,-0.091705,-0.044518,,,1001.833805,,-26.704729,,,-11.590063
DEEDEV,File 1 (vectorbt),,0.0,,,,,,,0.0,inf,,,inf,inf,,,,,,,,
DEEDEV,File 2 (custom),,,,,,,,0.0,100.0,,,,,,,,,,,,,
DEEPAKFERT,File 1 (vectorbt),-12.223962,27.262209,,36.244782,0.011706,111225.920415,590.837917,50.858065,,1.051609,,1.076354,0.11281,0.167451,,19.0,3580.697637,,11.22592,19.0,36.842105,-19.937032
DEEPAKFERT,File 2 (custom),-11.908509,25.784647,,36.308373,-0.007409,90630.92236,-468.453882,51.052357,,1.013039,,0.937829,0.022786,0.010606,,20.0,1788.037456,,-9.369078,20.0,35.0,-18.296972
DEEPAKNTR,File 1 (vectorbt),-9.629969,25.01151,,28.821586,0.143665,152061.095649,3470.73971,30.917285,,1.146093,,1.46319,0.339538,0.526831,,,3801.394529,,52.061096,,,-14.921168
DEEPAKNTR,File 2 (custom),-9.504451,24.900874,,28.892594,0.093162,148731.092176,3248.739478,30.94306,,1.140109,,1.438132,0.271346,0.159375,,,1890.812921,,48.731092,,,-14.806462
DEEPINDS,File 1 (vectorbt),-12.601634,45.144232,,45.144232,-0.225582,73663.937513,-4389.343748,45.257265,,0.929171,,0.595001,-0.219247,-0.357566,,,1135.750915,,-26.336062,,,-19.421936
DEEPINDS,File 2 (custom),-12.489245,45.198933,,45.198933,-0.160245,73303.775378,-4449.37077,45.404467,,0.927287,,0.590474,-0.187398,-0.161292,,,553.047585,,-26.696225,,,-19.302733
DELHIVERY,File 1 (vectorbt),-7.234554,,,-6.385622,-0.501282,79829.330849,-6723.556384,20.229868,,0.603093,,,-1.035489,-1.215574,,,537.761902,,-20.170669,,,-8.837438
DELHIVERY,File 2 (custom),-7.127527,,,-6.279443,-0.352082,79624.375124,-6791.874959,20.434626,,0.600163,,,-0.868323,-0.326111,,,258.386733,,-20.375625,,,-8.72881
DELPHIFX,File 1 (vectorbt),-12.159041,41.045997,,41.045997,-0.0772,73577.057287,-4403.823785,45.558095,,0.869501,,0.584166,-0.17622,-0.272115,,,1189.300793,,-26.422943,,,-17.961979
DELPHIFX,File 2 (custom),-11.24166,28.941161,,28.941161,-0.064687,70144.235318,-4975.96078,43.539546,,0.827992,,0.466957,-0.207436,-0.070182,,,551.152864,,-29.855765,,,-14.66977
DELTACORP,File 1 (vectorbt),-11.641173,27.698172,,33.840501,-0.022357,85698.155416,-1430.184458,61.274544,,0.99419,,0.772961,-0.010992,-0.016071,,,1316.555172,,-14.301845,,,-26.630083
DELTACORP,File 2 (custom),-11.529743,27.770301,,33.906495,-0.016375,84885.207187,-1511.479281,61.438549,,0.990801,,0.760786,-0.014429,-0.00611,,,647.930952,,-15.114793,,,-26.503679
DELTAMAGNT,File 1 (vectorbt),-16.090697,38.125816,,45.099501,0.230595,179531.540163,9941.44252,34.477541,,1.245599,,1.906523,0.465177,0.79135,,,2067.570472,,79.53154,,,-18.247811
DELTAMAGNT,File 2 (custom),-15.13996,36.77772,,42.210494,0.154628,177933.124966,9741.640621,34.525682,,1.244463,,1.923044,0.384071,0.250171,,,1081.994265,,77.933125,,,-18.129781
DEN,File 1 (vectorbt),-10.469172,24.921209,,33.905112,-0.055171,80108.337241,-1808.332978,37.636957,,0.950426,,0.753471,-0.088491,-0.144633,,,2015.466727,,-19.891663,,,-12.240421
DEN,File 2 (custom),-10.226793,22.58094,,33.971041,-0.044694,75295.934764,-2245.824112,41.086655,,0.923696,,0.682636,-0.11694,-0.058375,,,965.794176,,-24.704065,,,-12.128393
DENORA,File 1 (vectorbt),-13.023394,38.458446,,55.121256,0.133856,180712.972635,8968.108071,40.059252,,1.187113,,1.986093,0.356339,0.62582,,,2204.778686,,80.712973,,,-14.370732
DENORA,File 2 (custom),-11.777244,38.519826,,55.16599,0.103265,190945.213103,10105.023678,38.934999,,1.201111,,2.160023,0.317835,0.20548,,,1191.055366,,90.945213,,,-13.852736
DENTA,File 1 (vectorbt),,0.0,,,,,,,0.0,inf,,,inf,inf,,,,,,,,
DENTA,File 2 (custom),,,,,,,,0.0,100.0,,,,,,,,,,,,,
DEVIT,File 1 (vectorbt),-12.153071,34.539547,,40.837919,0.357087,164524.36926,10754.061543,37.255578,,1.227598,,2.402281,0.551772,0.843434,,,1447.02721,,64.524369,,,-13.670429
DEVIT,File 2 (custom),-9.908757,34.604843,,40.896922,0.27433,175492.10279,12582.017132,37.29514,,1.250055,,2.880977,0.505617,0.319811,,,796.426215,,75.492103,,,-13.556972
DEVYANI,File 1 (vectorbt),-8.922188,,,-7.263684,-0.413968,75551.769884,-8149.410039,24.44823,,0.17297,,,-1.545671,-1.585518,,,521.522161,,-24.44823,,,-10.255159
DEVYANI,File 2 (custom),-8.813474,,,-7.156627,-0.29075,75361.200683,-8212.933106,24.638799,,0.171647,,,-1.287121,-0.302157,,,248.236825,,-24.638799,,,-10.145114
DGCONTENT,File 1 (vectorbt),-13.980082,54.299412,,54.299412,0.094961,114110.16401,4703.388003,35.552147,,1.137389,,1.351568,0.271658,0.402425,,,781.964008,,14.110164,,,-15.945672
DGCONTENT,File 2 (custom),-13.866316,47.330876,,47.330876,0.040466,108598.301045,2866.100348,35.655873,,1.102419,,1.223713,0.170068,0.081519,,,379.463977,,8.598301,,,-15.829942
DHAMPURSUG,File 1 (vectorbt),-11.622731,49.994194,,72.066161,-0.033845,67800.541437,-1609.972928,57.867821,,0.987018,,0.831931,-0.023075,-0.033428,,,3890.887172,,-32.199459,,,-18.524185
DHAMPURSUG,File 2 (custom),-11.017148,50.04405,,72.093967,-0.01893,72883.978476,-1355.801076,58.391944,,0.998027,,0.864265,-0.002897,-0.001152,,,2086.301372,,-27.116022,,,-18.143534
DHANBANK,File 1 (vectorbt),-12.2752,31.890147,,34.276315,-0.090259,47633.7308,-4438.325427,58.398304,,0.891832,893.635924,0.349352,-0.264017,-0.400045,,,1457.015355,,-52.366269,,,-16.470393
DHANBANK,File 2 (custom),-12.163137,31.958089,,34.341873,-0.063507,47131.688965,-4479.334076,58.591411,,0.889969,883.697872,0.344641,-0.223463,-0.133864,,,675.469786,,-52.868311,,,-16.354139
DHANI,File 1 (vectorbt),-11.105985,39.279772,,39.279772,-0.066154,61043.237084,-4869.595364,62.652504,,0.835558,,0.306324,-0.256749,-0.400379,,,1058.593527,,-38.956763,,,-13.469616
DHANI,File 2 (custom),-10.995089,39.340332,,39.340332,-0.046428,60649.13102,-4918.858622,62.839544,,0.833152,,0.30206,-0.216799,-0.08642,,,508.183654,,-39.350869,,,-13.35636
DHANUKA,File 1 (vectorbt),-10.615625,21.721822,,28.986111,0.096297,124103.758309,2678.195368,23.935104,,1.187944,,1.458229,0.251301,0.370222,,,1702.057935,,24.103758,,,-18.185217
DHANUKA,File 2 (custom),-9.008883,21.799922,,29.056954,0.104901,133565.125072,3729.458341,20.313547,,1.244428,,1.70792,0.273021,0.094907,,,913.486645,,33.565125,,,-14.107004
DHARMAJ,File 1 (vectorbt),,0.0,,,,,,,0.0,inf,,,inf,inf,,,,,,,,
DHARMAJ,File 2 (custom),,,,,,,,0.0,100.0,,,,,,,,,,,,,
DHRUV,File 1 (vectorbt),-11.802104,,,-8.582461,-0.467921,60434.197985,-9891.450504,39.839371,,0.631531,,,-1.130029,-1.488394,,,612.381206,,-39.565802,,,-15.853019
DHRUV,File 2 (custom),-10.600582,,,-6.323993,-0.328235,63173.205284,-9206.698679,37.11275,,0.65358,,,-0.868412,-0.523573,,,288.980691,,-36.826795,,,-15.737382
DHUNINV,File 1 (vectorbt),-13.192507,62.509276,,62.509276,-0.049525,80002.949115,-3332.841814,50.751302,,0.993963,,0.757447,-0.014448,-0.021738,,,1447.014809,,-19.997051,,,-15.855623
DHUNINV,File 2 (custom),-13.079527,62.54663,,62.54663,-0.034682,79798.480973,-3366.919838,50.804074,,0.993302,,0.754857,-0.013327,-0.007594,,,710.146666,,-20.201519,,,-15.739983
DIACABS,File 1 (vectorbt),-9.380313,,,-4.772842,-0.851551,74297.258191,-8567.580603,25.702742,,0.210025,,,-2.109822,-2.242386,,,533.401212,,-25.702742,,,-11.911655
DIACABS,File 2 (custom),-8.041747,,,-4.668274,-0.60542,77202.502082,-7599.165973,22.797498,,0.233673,,,-1.65309,-0.551045,,,259.996946,,-22.797498,,,-11.799955
DIAMINESQ,File 1 (vectorbt),,0.0,,,,,,,0.0,inf,,,inf,inf,,,,,,,,
DIAMINESQ,File 2 (custom),,,,,,,,0.0,100.0,,,,,,,,,,,,,
DIAMONDYD,File 1 (vectorbt),-10.232861,,,-6.886464,-0.225485,64881.531083,-8779.617229,35.118469,,0.294656,,,-1.115148,-1.242426,,,650.94755,,-35.118469,,,-13.001555
DIAMONDYD,File 2 (custom),-9.855095,,,-6.779784,-0.156944,65620.270196,-8594.932451,34.37973,,0.298087,,,-0.91291,-0.185814,,,309.561063,,-34.37973,,,-12.888766
DICIND,File 1 (vectorbt),-9.396633,28.179433,,39.303116,0.105348,209357.209116,6432.777007,51.56734,,1.140504,,1.708751,0.3715,0.575008,,,5245.018178,,109.357209,,,-16.532966
DICIND,File 2 (custom),-9.287445,27.96608,,39.363653,0.068611,202421.050525,6024.767678,51.700733,,1.135612,,1.669975,0.298517,0.197551,,,2630.091229,,102.421051,,,-16.416649
DIFFNKG,File 1 (vectorbt),,0.0,,,,,,,0.0,inf,,,inf,inf,,,,,,,,
DIFFNKG,File 2 (custom),,,,,,,,0.0,100.0,,,,,,,,,,,,,
DIGIDRIVE,File 1 (vectorbt),,0.0,,,,,,,0.0,inf,,,inf,inf,,,,,,,,
DIGIDRIVE,File 2 (custom),,,,,,,,0.0,100.0,,,,,,,,,,,,,
DIGISPICE,File 1 (vectorbt),-19.492516,40.824957,,44.88002,0.130557,144187.501635,7364.583606,32.348313,,1.215715,,1.63459,0.321971,0.522158,,,1357.570079,,44.187502,,,-27.911185
DIGISPICE,File 2 (custom),-16.277736,37.917325,,43.969079,0.117305,151157.758873,8526.293146,27.934993,,1.239364,,1.809263,0.302385,0.148618,,,760.629089,,51.157759,,,-20.830493
DIGJAMLMTD,File 1 (vectorbt),,0.0,,,,,,,0.0,inf,,,inf,inf,,,,,,,,
DIGJAMLMTD,File 2 (custom),,,,,,,,0.0,100.0,,,,,,,,,,,,,
DIL,File 1 (vectorbt),,0.0,,,,,,,0.0,inf,,,inf,inf,,,,,,,,
DIL,File 2 (custom),,,,,,,,0.0,100.0,,,,,,,,,,,,,
DISHTV,File 1 (vectorbt),-12.418773,24.976138,,24.976138,-0.087206,56263.85585,-6248.020593,52.298077,,0.81596,,0.309123,-0.344066,-0.447044,,,1152.761816,,-43.736144,,,-17.631011
DISHTV,File 2 (custom),-12.306566,25.050987,,25.050987,-0.061112,55908.794494,-6298.743644,52.457484,,0.813962,,0.305617,-0.289313,-0.097104,,,552.969538,,-44.091206,,,-17.513597
DIVGIITTS,File 1 (vectorbt),-10.174346,,,-8.639215,-0.362535,80681.222902,-9659.388549,35.600638,,0.874183,,,-0.526363,-0.745119,,,357.266702,,-19.318777,,,-11.709477
DIVGIITTS,File 2 (custom),-10.064382,,,-8.530784,-0.256774,80630.906497,-9684.546752,35.53648,,0.872811,,,-0.443311,-0.39638,,,168.238161,,-19.369094,,,-11.59798
DIVISLAB,File 1 (vectorbt),-7.689434,25.380269,,35.680385,0.093875,158804.046887,3459.061582,33.098777,,1.161028,,1.49007,0.294935,0.442899,,,4814.760391,,58.804047,,,-12.634656
DIVISLAB,File 2 (custom),-7.137481,24.986035,,35.74454,0.068393,161023.493959,3589.617292,32.164022,,1.165316,,1.525917,0.251668,0.109932,,,2461.154223,,61.023494,,,-11.946196
DIXON,File 1 (vectorbt),-5.887214,24.765952,,30.305601,0.796143,201320.152235,14474.307462,17.810943,,1.621972,,4.49095,1.035454,1.843549,,,2125.459786,,101.320152,,,-7.415038
DIXON,File 2 (custom),-5.781532,24.841011,,30.375126,0.529022,196042.6892,13720.384171,17.404278,,1.610149,,4.356353,0.847623,0.467313,,,1076.952294,,96.042689,,,-7.30783
DJML,File 1 (vectorbt),-11.65899,20.593925,,20.593925,0.287991,106529.760091,3264.880046,12.836673,,1.156475,,1.464964,0.329545,0.493582,,,447.68344,,6.52976,,,-11.65899
DJML,File 2 (custom),-11.547542,20.568629,,20.568629,0.188652,106218.973569,3109.486785,12.824314,,1.150573,,1.44146,0.264527,0.136349,,,226.494808,,6.218974,,,-11.547542
DLF,File 1 (vectorbt),-8.559074,24.090722,,34.552598,-0.025808,84815.488604,-1265.37595,52.072359,,0.966565,,0.805103,-0.056994,-0.075069,,,2294.57011,,-15.184511,,,-10.736453
DLF,File 2 (custom),-8.450723,24.166456,,34.61788,-0.01906,83801.595668,-1349.867028,52.324026,,0.961618,,0.792722,-0.054467,-0.016811,,,1131.314618,,-16.198404,,,-10.625927
DLINKINDIA,File 1 (vectorbt),-11.695134,28.720973,,36.514896,0.248453,213880.44207,12653.382452,30.161855,,1.2422,,2.339975,0.449593,0.816794,,,2875.462026,,113.880442,,,-12.914653
DLINKINDIA,File 2 (custom),-11.58365,28.79208,,36.578218,0.167249,211787.191288,12420.799032,30.181669,,1.23956,,2.316579,0.370294,0.242105,,,1485.538171,,111.787191,,,-12.801951
DMART,File 1 (vectorbt),-7.962394,13.950897,,17.855387,-0.037892,91380.508433,-2061.221465,42.036978,,0.975361,5809.058688,0.575697,-0.067087,-0.09686,,,1215.3752,,-8.619492,,,-11.487058
DMART,File 2 (custom),-7.849768,14.036761,,17.93735,-0.030367,90172.222894,-2187.768064,41.632076,,0.96632,5486.59934,0.54641,-0.076447,-0.045603,,,543.443421,,-9.827777,,,-11.375782
DMCC,File 1 (vectorbt),-12.750124,,,-12.750124,-0.300142,87262.613676,-12737.386324,18.165795,,0.340752,,,-0.807042,-0.93755,,,187.250064,,-12.737386,,,-12.750124
DMCC,File 2 (custom),-12.637586,,,-12.637586,-0.209464,87204.21887,-12795.78113,18.214062,,0.339307,,,-0.6754,-0.120687,,,87.163728,,-12.795781,,,-12.637586
DNAMEDIA,File 1 (vectorbt),-11.187095,37.125275,,37.125275,0.265806,121767.32212,10883.66106,15.046913,,2.148093,,2.947699,0.63301,1.14532,,,399.437651,,21.767322,,,-11.187095
DNAMEDIA,File 2 (custom),-10.002053,34.192717,,34.192717,0.182465,120288.181939,10144.09097,14.096129,,2.14174,,2.99258,0.522582,0.109205,,,210.315412,,20.288182,,,-10.002053
DODLA,File 1 (vectorbt),-8.723676,29.86212,,29.86212,0.154386,108182.018882,2727.339627,18.997588,,1.101101,,1.424721,0.257375,0.444236,,,631.094203,,8.182019,,,-9.441957
DODLA,File 2 (custom),-8.615161,29.932088,,29.932088,0.103375,107954.274923,2651.424974,18.973005,,1.09921,,1.411675,0.2104,0.171611,,,318.268055,,7.954275,,,-9.332724
DOLATALGO,File 1 (vectorbt),-12.722416,33.808416,,33.808416,0.013058,101734.75288,578.25096,33.157972,,1.054821,,1.07243,0.100403,0.150601,,,536.073925,,1.734753,,,-16.555046
DOLATALGO,File 2 (custom),-12.609906,33.874441,,33.874441,0.007423,101431.991064,477.330355,33.262373,,1.051831,,1.059482,0.079025,0.035397,,,268.568298,,1.431991,,,-16.438708
DOLLAR,File 1 (vectorbt),-12.524285,29.783733,,29.783733,-0.090122,86675.943745,-3331.014064,28.192705,,0.940267,,0.633913,-0.094609,-0.138297,,,727.722099,,-13.324056,,,-16.072673
DOLLAR,File 2 (custom),-12.411973,29.853779,,29.853779,-0.063704,86387.870075,-3403.032481,28.283466,,0.937453,,0.626855,-0.082523,-0.029306,,,355.984933,,-13.61213,,,-15.956817
DOLPHIN,File 1 (vectorbt),-11.782293,,,-11.782293,-0.477121,88229.47716,-11770.52284,19.86606,,0.797658,,,-0.562054,-0.766609,,,188.217895,,-11.770523,,,-11.782293
DOLPHIN,File 2 (custom),-11.670723,,,-11.670723,-0.335291,88220.020209,-11779.979791,19.83291,,0.796324,,,-0.471671,-0.28517,,,87.740328,,-11.77998,,,-11.670723
DOMS,File 1 (vectorbt),-9.034638,26.986285,,26.986285,0.739326,115500.469587,7750.234794,20.250749,,1.190455,,2.352707,0.658966,1.00869,,,469.435091,,15.50047,,,-9.034638
DOMS,File 2 (custom),-8.925812,27.059126,,27.059126,0.488323,115179.305605,7589.652802,20.287546,,1.187567,,2.318066,0.541311,0.466791,,,241.457008,,15.179306,,,-8.925812
DONEAR,File 1 (vectorbt),-13.678542,44.600765,,56.016027,0.055315,133283.584829,6656.716966,43.989308,,1.110911,,1.723186,0.218283,0.345515,,,1074.979022,,33.283585,,,-17.597864
DONEAR,File 2 (custom),-13.565076,39.38073,,45.509309,0.028003,123627.42581,4725.485162,44.027567,,1.094283,,1.533773,0.155772,0.079652,,,521.029175,,23.627426,,,-17.480483
DPABHUSHAN,File 1 (vectorbt),-12.705661,34.087382,,36.813627,0.265682,139517.726003,5645.389429,30.020508,,1.169495,,1.718857,0.461597,0.727313,,,1490.009683,,39.517726,,,-15.893581
DPABHUSHAN,File 2 (custom),-11.062666,33.098047,,36.876651,0.237943,145185.08843,6455.012633,25.682539,,1.188677,,1.882731,0.423015,0.305959,,,801.64012,,45.185088,,,-14.640846
DPSCLTD,File 1 (vectorbt),-12.180097,37.833522,,50.507574,0.138475,163901.543867,6390.154387,32.482035,,1.310851,,1.473176,0.34117,0.684691,,,3293.785957,,63.901544,,,-14.688656
DPSCLTD,File 2 (custom),-12.068129,33.198011,,40.156471,0.065976,141441.940957,4144.194096,32.655317,,1.231638,,1.335891,0.22449,0.097703,,,1540.429959,,41.441941,,,-14.574181
DPWIRES,File 1 (vectorbt),-10.389452,,,-10.389452,-0.281267,89620.92716,-10379.07284,10.379073,,,,,-0.946652,-0.945841,,,189.610738,,-10.379073,,,-10.389452
DPWIRES,File 2 (custom),-10.279273,,,-10.279273,-0.195145,89545.168305,-10454.831695,10.454832,,,,,-0.784742,-0.1012,,,89.59936,,-10.454832,,,-10.279273
DRCSYSTEMS,File 1 (vectorbt),-10.114234,,,-8.796609,-0.345695,80795.347338,-9602.326331,23.082443,,0.473075,,,-0.856259,-1.060596,,,357.935623,,-19.204653,,,-11.431859
DRCSYSTEMS,File 2 (custom),-9.75878,,,-8.196922,-0.240656,81085.834891,-9457.082554,22.805889,,0.477523,,,-0.700195,-0.185199,,,169.752556,,-18.914165,,,-11.320639
DREAMFOLKS,File 1 (vectorbt),-6.800882,,,-6.800882,-0.339496,93205.911818,-6794.088182,10.655373,,0.647126,,,-0.469464,-0.663608,,,193.199311,,-6.794088,,,-6.800882
DREAMFOLKS,File 2 (custom),-6.694288,,,-6.694288,-0.236936,93127.557051,-6872.442949,10.726037,,0.643984,,,-0.394887,-0.116765,,,93.100466,,-6.872443,,,-6.694288
DREDGECORP,File 1 (vectorbt),-10.590301,23.649725,,26.472538,-0.039006,75653.732039,-1739.01914,48.753647,,0.926044,,0.702821,-0.096051,-0.155689,,,1976.38442,,-24.346268,,,-20.47532
DREDGECORP,File 2 (custom),-9.936146,23.7259,,26.545892,-0.023559,79734.488749,-1447.536518,45.426927,,0.943643,,0.748898,-0.06153,-0.024527,,,1027.486144,,-20.265511,,,-15.288293
DRREDDY,File 1 (vectorbt),-6.163313,19.657765,,40.221768,0.145791,265448.084541,5514.936151,33.009824,,1.215963,,1.831787,0.428572,0.640629,,,11407.680128,,165.448085,,,-10.762404
DRREDDY,File 2 (custom),-6.051878,18.878495,,40.281386,0.087105,236058.313103,4535.277103,33.249875,,1.192594,,1.727436,0.323611,0.147992,,,5290.601894,,136.058313,,,-10.651852
DSSL,File 1 (vectorbt),-12.865955,44.217135,,60.617861,0.358022,364759.948451,16547.496778,47.118113,,1.349941,,2.381967,0.67104,1.20413,,,5645.502808,,264.759948,,,-20.187521
DSSL,File 2 (custom),-11.443384,42.165221,,50.38074,0.283396,373730.468744,17108.154296,40.890847,,1.360331,,2.441493,0.574247,0.391998,,,3142.492721,,273.730469,,,-14.921745
DTIL,File 1 (vectorbt),-11.417218,44.867579,,63.491689,0.144035,143436.076548,8687.21531,30.46355,,1.175821,,1.691233,0.315113,0.543417,,,1673.455166,,43.436077,,,-11.684345
DTIL,File 2 (custom),-11.306012,40.27541,,54.233768,0.080777,134606.766385,6921.353277,30.611421,,1.150141,,1.582772,0.234102,0.124974,,,806.897597,,34.606766,,,-11.572872
DUCON,File 1 (vectorbt),-14.449239,41.188061,,43.955636,0.120641,124667.728048,4933.54561,30.021051,,1.197507,,1.425106,0.299978,0.462765,,,1236.481498,,24.667728,,,-16.873119
DUCON,File 2 (custom),-13.745355,40.118137,,43.278547,0.086026,124619.04297,4923.808594,28.854711,,1.199051,,1.442726,0.249748,0.116498,,,627.829111,,24.619043,,,-15.229782
DVL,File 1 (vectorbt),-13.49979,32.51573,,32.51573,-0.139053,85757.010315,-3560.747421,24.66495,,0.949871,,0.662118,-0.120776,-0.191012,,,779.466063,,-14.24299,,,-14.711922
DVL,File 2 (custom),-13.386503,32.583047,,32.583047,-0.098398,85461.124729,-3634.718818,24.732138,,0.947802,,0.655662,-0.104664,-0.066304,,,381.226735,,-14.538875,,,-14.597424
DWARKESH,File 1 (vectorbt),-12.074531,42.536122,,61.306721,0.564974,871238.261856,59326.020143,29.964854,,1.637722,,4.487227,0.922827,1.813584,,,9582.248943,,771.238262,,,-16.474721
DWARKESH,File 2 (custom),-11.962668,42.020414,,57.483084,0.370972,833932.292889,56456.330222,30.082138,,1.625163,,4.421936,0.754333,0.445037,,,4982.72028,,733.932293,,,-16.358463
DYCL,File 1 (vectorbt),-11.372889,30.547534,,30.547534,0.057858,102477.156525,825.718842,21.483682,,1.097428,,1.088344,0.157524,0.292109,,,700.813022,,2.477157,,,-13.643855
DYCL,File 2 (custom),-11.189076,30.332391,,30.332391,0.034552,102140.902729,713.634243,21.448028,,1.092135,,1.076766,0.12404,0.074892,,,350.140501,,2.140903,,,-13.530425
DYNAMATECH,File 1 (vectorbt),-12.740611,28.35749,,40.917138,0.133993,174686.761453,7468.676145,34.732374,,1.15618,,1.809335,0.322807,0.543264,,,2720.167923,,74.686761,,,-15.518449
DYNAMATECH,File 2 (custom),-12.627543,28.383524,,40.976062,0.09139,172939.11673,7293.911673,34.270773,,1.155175,,1.801486,0.265565,0.163275,,,1376.284335,,72.939117,,,-15.403146
DYNPRO,File 1 (vectorbt),-10.501783,38.744245,,39.66167,0.175714,137931.122277,7586.224455,34.994433,,1.140599,,2.090728,0.370494,0.624487,,,1095.444943,,37.931122,,,-11.328109
DYNPRO,File 2 (custom),-10.391491,37.010678,,39.721848,0.107618,133535.860581,6707.172116,35.073462,,1.130571,,1.96988,0.286798,0.228731,,,556.735665,,33.535861,,,-11.216992
E2E,File 1 (vectorbt),,22.645148,,22.645148,49.087318,122622.525028,22622.525028,0.1997,,104.492768,,,1.880243,70.080937,,,222.64537,,22.622525,,,22.645148
E2E,File 2 (custom),0.0,16.944392,,16.944392,25.107621,116693.641183,16693.641183,0.199496,,43.746921,,,1.561901,18.235016,,,116.708048,,16.693641,,,16.944392
EASEMYTRIP,File 1 (vectorbt),-9.065351,31.929702,,31.929702,0.295665,119952.750466,9976.375233,21.886873,,1.173605,,3.203191,0.380219,0.690999,,,401.860516,,19.95275,,,-9.065351
EASEMYTRIP,File 2 (custom),-8.956494,31.997604,,31.997604,0.199687,119689.655172,9844.827586,21.882679,,1.172031,,3.154775,0.313613,0.238623,,,210.733488,,19.689655,,,-8.956494
ECLERX,File 1 (vectorbt),-8.14747,28.732474,,36.933943,0.357371,319745.490567,15696.106469,29.309948,,1.577678,,2.958663,0.753873,1.501253,,,5139.500457,,219.745491,,,-12.738564
ECLERX,File 2 (custom),-7.973932,28.157721,,36.996846,0.230955,304964.843682,14640.345977,29.529467,,1.553824,,2.853899,0.618766,0.328327,,,2626.494696,,204.964844,,,-12.626038
ECOSMOBLTY,File 1 (vectorbt),,0.0,,,,,,,0.0,inf,,,inf,inf,,,,,,,,
ECOSMOBLTY,File 2 (custom),,,,,,,,0.0,100.0,,,,,,,,,,,,,
EDELWEISS,File 1 (vectorbt),-11.048199,36.672083,,50.505296,0.010685,106241.772005,445.840858,47.875601,,1.049017,,1.037396,0.128025,0.196737,,,4019.338784,,6.241772,,,-14.119768
EDELWEISS,File 2 (custom),-10.937361,36.735248,,50.554641,0.005693,104798.155012,342.725358,47.961479,,1.046867,,1.028756,0.101848,0.065841,,,1999.496456,,4.798155,,,-14.005863
EICHERMOT,File 1 (vectorbt),-7.742254,24.590654,,35.193215,0.259735,450152.602952,15916.027407,33.738039,,1.298641,,2.786166,0.640846,1.112147,,,10956.237712,,350.152603,,,-12.724775
EICHERMOT,File 2 (custom),-7.634719,24.594156,,35.257857,0.172327,436301.049305,15286.411332,33.908619,,1.293603,,2.724325,0.524768,0.353032,,,5530.616644,,336.301049,,,-12.612263
EIDPARRY,File 1 (vectorbt),-9.731536,30.258792,,45.709499,0.221515,402002.317318,13727.37806,36.438585,,1.203232,,1.772881,0.492596,0.762855,,,13442.692088,,302.002317,,,-17.863551
EIDPARRY,File 2 (custom),-9.622014,30.328363,,45.763635,0.147842,392785.232075,13308.41964,36.601773,,1.200289,,1.75463,0.404081,0.245196,,,6774.216042,,292.785232,,,-17.745905
EIEL,File 1 (vectorbt),,0.0,,,,,,,0.0,inf,,,inf,inf,,,,,,,,
EIEL,File 2 (custom),,,,,,,,0.0,100.0,,,,,,,,,,,,,
EIFFL,File 1 (vectorbt),-10.345742,,,-6.584844,-0.23231,46489.494513,-7644.357927,58.04831,,0.681068,,,-0.831474,-0.98389,,,1009.682262,,-53.510505,,,-14.507373
EIFFL,File 2 (custom),-7.706951,,,-3.049529,-0.147553,55916.944988,-6297.579287,49.535859,,0.738228,,,-0.5845,-0.256036,,,540.42491,,-44.083055,,,-14.39308
EIHAHOTELS,File 1 (vectorbt),-9.39548,47.234378,,56.012083,0.522455,384196.442903,47366.073817,24.202875,,1.459144,,7.768263,0.705967,1.457298,,,2574.03092,,284.196443,,,-9.409369
EIHAHOTELS,File 2 (custom),-9.286294,47.286991,,56.055927,0.352109,381305.556513,46884.259419,24.191462,,1.456658,,7.669538,0.584404,0.40089,,,1422.673624,,281.305557,,,-9.300168
EIHOTEL,File 1 (vectorbt),-10.544783,25.810792,,39.18314,0.078197,178704.96699,4919.060437,42.108206,,,,1.649404,0.300696,0.478486,,,3901.332493,,78.704967,,,-23.767429
EIHOTEL,File 2 (custom),-10.266994,25.87174,,39.243796,0.053555,178596.22544,4912.26409,42.190058,,,,1.664929,0.250021,0.12688,,,1974.76429,,78.596225,,,-23.643885
EIMCOELECO,File 1 (vectorbt),-10.388244,29.590712,,36.947603,0.208613,293613.466249,11389.027426,33.95148,,1.237893,,2.005622,0.445297,0.704631,,,6451.588594,,193.613466,,,-13.143652
EIMCOELECO,File 2 (custom),-9.940472,28.820152,,37.010492,0.137347,282922.420059,10760.142356,33.983541,,1.23203,,2.011385,0.361203,0.177116,,,3244.973788,,182.92242,,,-12.2041
EKC,File 1 (vectorbt),-10.554935,38.539483,,57.194548,0.336394,360082.496092,32510.312011,30.246328,,1.370715,,8.500536,0.631443,1.12125,,,2584.358267,,260.082496,,,-11.499806
EKC,File 2 (custom),-10.444591,38.073975,,57.23721,0.223098,349876.479452,31234.559932,30.29295,,1.36329,,8.169082,0.515161,0.294878,,,1401.954894,,249.876479,,,-11.388517
ELDEHSG,File 1 (vectorbt),,43.146607,,43.146607,1.19706,143103.503564,43103.503564,14.921216,,1.332654,,,0.830033,1.651315,,,243.14685,,43.103504,,,43.146607
ELDEHSG,File 2 (custom),0.0,43.203304,,43.203304,0.802316,142782.348062,42782.348062,14.876133,,1.331571,,,0.688704,0.715822,,,142.610783,,42.782348,,,43.203304
ELECON,File 1 (vectorbt),-11.224437,40.80507,,51.171389,0.022165,118426.592302,1316.185164,60.568047,,1.086628,,1.13493,0.163875,0.23553,,,3252.005881,,18.426592,,,-14.24778
ELECON,File 2 (custom),-10.940988,40.864106,,51.220069,0.015735,119112.333728,1365.166695,60.800492,,1.087701,,1.139174,0.138287,0.057181,,,1656.645584,,19.112334,,,-13.646586
ELECTCAST,File 1 (vectorbt),-10.34597,35.704273,,45.703336,-0.034009,65128.414329,-1835.346614,62.550229,,0.980332,,0.784544,-0.038211,-0.057565,,,3762.760528,,-34.871586,,,-14.888408
ELECTCAST,File 2 (custom),-9.956772,35.765067,,45.757479,-0.022169,67081.818117,-1732.535889,61.921041,,0.984116,,0.795998,-0.025666,-0.011989,,,1914.781889,,-32.918182,,,-14.773735
ELECTHERM,File 1 (vectorbt),-11.79414,26.0086,,38.015639,0.0356,124417.352104,272.440465,52.246444,,1.120458,21420.506993,1.032616,0.190863,0.303628,,,2430.884407,,24.417352,,,-17.142622
ELECTHERM,File 2 (custom),-10.395446,25.728151,,38.077462,0.036773,134830.995835,1059.332733,47.745256,,1.145127,23178.335774,1.135475,0.190948,0.08656,,,1241.807771,,34.830996,,,-14.437272
ELGIEQUIP,File 1 (vectorbt),-10.418865,29.673016,,36.154165,0.006555,106833.110087,427.06938,50.269064,,1.056925,,1.061526,0.090678,0.139948,,,2946.979491,,6.83311,,,-22.00132
ELGIEQUIP,File 2 (custom),-9.663111,27.870968,,34.813264,0.004571,106435.316024,402.207251,46.931837,,1.055196,,1.060068,0.073416,0.029351,,,1504.763667,,6.435316,,,-17.995343
ELGIRUBCO,File 1 (vectorbt),-11.518501,30.800218,,38.844758,0.01502,106003.561357,667.062373,41.629851,,1.073416,,1.086145,0.124573,0.186408,,,1739.382121,,6.003561,,,-16.691344
ELGIRUBCO,File 2 (custom),-10.620334,29.526315,,38.905752,0.012551,107323.652148,813.739128,41.67443,,1.078275,,1.111231,0.10937,0.043225,,,881.592396,,7.323652,,,-16.574869
ELIN,File 1 (vectorbt),-11.68172,,,-11.542171,-0.530187,78021.605712,-10989.197144,25.755029,,0.512257,,,-1.303195,-1.545288,,,354.938702,,-21.978394,,,-11.82127
ELIN,File 2 (custom),-11.57025,,,-11.43084,-0.37483,77903.902194,-11048.048903,25.866172,,0.510576,,,-1.089224,-0.431497,,,166.309928,,-22.096098,,,-11.70966
EMAMILTD,File 1 (vectorbt),-9.247335,21.156294,,29.886472,0.107179,158396.091105,3649.755694,34.164546,,1.135682,,1.66682,0.32372,0.505428,,,3374.723483,,58.396091,,,-13.939157
EMAMILTD,File 2 (custom),-8.841489,21.234959,,29.956415,0.075307,160451.746041,3778.234128,34.331267,,1.140628,,1.692069,0.274766,0.162513,,,1751.77334,,60.451746,,,-12.475632
EMAMIPAP,File 1 (vectorbt),-10.210657,48.390593,,48.390593,-0.025088,96424.266659,-715.146668,34.998784,,1.030568,,0.931127,0.054003,0.10232,,,1199.799288,,-3.575733,,,-12.307732
EMAMIPAP,File 2 (custom),-10.100656,46.685961,,46.685961,-0.025033,94843.181378,-1031.363724,35.211549,,1.019306,,0.899957,0.028463,0.018887,,,589.678162,,-5.156819,,,-12.195636
EMAMIREAL,File 1 (vectorbt),-15.094195,38.52411,,40.356176,-0.001255,99376.968458,-69.225727,49.829196,,1.050317,,0.995078,0.09451,0.166964,,,2315.576702,,-0.623032,,,-18.238873
EMAMIREAL,File 2 (custom),-14.462026,38.139626,,40.41566,0.001678,101181.259066,131.251007,48.399677,,1.054958,,1.009616,0.085524,0.054349,,,1156.445266,,1.181259,,,-18.120852
EMBDL,File 1 (vectorbt),-12.60182,44.672298,,49.500708,0.018193,117331.649754,1733.164975,71.530785,,1.074142,,1.205909,0.172236,0.255536,,,1764.739132,,17.33165,,,-18.353186
EMBDL,File 2 (custom),-12.489431,44.72747,,49.551057,0.011719,116149.48547,1614.948547,71.64999,,1.072539,,1.191657,0.140196,0.075118,,,886.131806,,16.149485,,,-18.235051
EMCURE,File 1 (vectorbt),-8.378496,,,-8.378496,-0.912897,91629.874313,-8370.125687,13.636004,,0.704522,,,-0.7777,-1.006991,,,191.621696,,-8.370126,,,-8.378496
EMCURE,File 2 (custom),-8.270325,,,-8.270325,-0.645788,91550.23555,-8449.76445,13.708815,,0.702256,,,-0.654198,-0.301271,,,91.596442,,-8.449764,,,-8.270325
EMIL,File 1 (vectorbt),-10.578572,,,-10.578572,-0.246786,89431.996198,-10568.003802,23.955281,,0.913178,,,-0.250161,-0.393033,,,189.421618,,-10.568004,,,-10.578572
EMIL,File 2 (custom),-10.468204,,,-10.468204,-0.172802,89363.185309,-10636.814691,24.002814,,0.91234,,,-0.210277,-0.160769,,,89.356049,,-10.636815,,,-10.468204
EMKAY,File 1 (vectorbt),-13.545815,35.615738,,39.156087,-0.022754,88155.498186,-1692.071688,44.318294,,1.006178,,0.802648,0.01034,0.016188,,,1154.906859,,-11.844502,,,-19.230063
EMKAY,File 2 (custom),-13.432482,32.984728,,33.826308,-0.021352,84195.651916,-2257.764012,44.507718,,0.991417,,0.736638,-0.012011,-0.005241,,,562.558686,,-15.804348,,,-19.111052
EMMBI,File 1 (vectorbt),-11.646717,43.349265,,55.985621,0.137845,220002.851903,9230.988608,57.169746,,1.260821,,1.418116,0.464115,0.900394,,,7483.508737,,120.002852,,,-15.980598
EMMBI,File 2 (custom),-11.535282,43.324722,,55.624305,0.091733,216499.354557,8961.488812,57.387396,,1.256025,,1.407858,0.380091,0.265172,,,3763.571213,,116.499355,,,-15.864834
EMSLIMITED,File 1 (vectorbt),-10.143769,,,-9.167662,-0.551853,80750.126458,-9624.936771,29.573906,,0.83018,,,-0.566749,-0.829457,,,362.414232,,-19.249874,,,-11.119876
EMSLIMITED,File 2 (custom),-10.033835,,,-9.058703,-0.392716,80653.822513,-9673.088744,29.628552,,0.829187,,,-0.475119,-0.372862,,,171.068007,,-19.346177,,,-11.008967
EMUDHRA,File 1 (vectorbt),-9.882845,,,-9.882845,-0.286809,90127.027857,-9872.972143,16.914027,,0.859897,,,-0.340197,-0.497457,,,190.117345,,-9.872972,,,-9.882845
EMUDHRA,File 2 (custom),-9.773172,,,-9.773172,-0.200277,90074.699145,-9925.300855,16.94392,,0.858697,,,-0.285476,-0.154697,,,89.88182,,-9.925301,,,-9.773172
ENDURANCE,File 1 (vectorbt),-9.385517,23.251598,,26.001597,0.016234,102326.59304,387.765507,24.064887,,1.038116,,1.059139,0.092084,0.145253,,,1212.519417,,2.326593,,,-11.170668
ENDURANCE,File 2 (custom),-8.924297,23.32817,,26.075422,0.016143,103191.802783,531.967131,22.822084,,1.042892,,1.083442,0.086145,0.055523,,,608.410673,,3.191803,,,-11.059709
ENERGYDEV,File 1 (vectorbt),-14.487891,28.890315,,29.897102,-0.078765,64902.656221,-4387.167972,45.544499,,0.891595,,0.57459,-0.180678,-0.283671,,,1445.185147,,-35.097344,,,-17.137798
ENERGYDEV,File 2 (custom),-13.989698,28.961254,,29.967035,-0.053741,66220.359052,-4222.455119,44.216667,,0.897469,,0.582004,-0.141465,-0.066915,,,706.601701,,-33.779641,,,-15.822373
ENGINERSIN,File 1 (vectorbt),-9.757773,23.597812,,25.4757,-0.055361,60617.870045,-2813.009283,50.667379,,0.901156,,0.595963,-0.180925,-0.254298,,,2499.341536,,-39.38213,,,-16.963806
ENGINERSIN,File 2 (custom),-9.595798,23.674038,,25.55005,-0.038693,60206.93143,-2842.362041,50.947211,,0.899257,,0.592195,-0.153576,-0.05824,,,1228.318058,,-39.793069,,,-16.847059
ENIL,File 1 (vectorbt),-10.759364,31.223463,,55.286674,0.394421,316329.098842,21632.909884,23.2845,,1.176322,,2.731067,0.499402,0.832647,,,4808.28828,,216.329099,,,-15.494147
ENIL,File 2 (custom),-10.648816,31.29207,,55.331243,0.265849,312575.203745,21257.520374,23.273193,,1.174866,,2.705049,0.412138,0.340357,,,2492.683909,,212.575204,,,-15.378868
ENTERO,File 1 (vectorbt),,0.0,,,,,,,0.0,inf,,,inf,inf,,,,,,,,
ENTERO,File 2 (custom),,,,,,,,0.0,100.0,,,,,,,,,,,,,
EPACK,File 1 (vectorbt),-12.560629,31.94792,,36.425929,4.364016,152007.347237,17335.782412,12.548081,,1.777579,,3.384472,1.798212,3.161765,,,854.581534,,52.007347,,,-12.560629
EPACK,File 2 (custom),-12.448281,32.015804,,36.48934,2.764352,151483.929496,17161.309832,12.608392,,1.77093,,3.355674,1.489788,1.177195,,,452.21405,,51.483929,,,-12.448281
EPIGRAL,File 1 (vectorbt),-9.912737,,,-6.789881,-0.431396,65812.497221,-8546.875695,34.187503,,0.486075,,,-1.353413,-1.731639,,,652.166731,,-34.187503,,,-12.101022
EPIGRAL,File 2 (custom),-9.803034,,,-6.683298,-0.305187,65768.881124,-8557.779719,34.231119,,0.483393,,,-1.134079,-0.545653,,,307.018362,,-34.231119,,,-11.989133
EPL,File 1 (vectorbt),-11.161557,30.455441,,46.149265,0.033642,135711.995372,1785.599769,51.458389,,1.068285,,1.16755,0.185139,0.274397,,,5605.445864,,35.711995,,,-16.044142
EPL,File 2 (custom),-10.45246,29.607707,,41.159987,0.024785,138714.948489,1935.747424,51.564257,,1.070518,,1.184348,0.159375,0.100204,,,2892.155136,,38.714948,,,-15.92004
EQUIPPP,File 1 (vectorbt),-11.844578,,,-11.657931,-0.373711,77734.300626,-11132.849687,25.7934,,0.322585,,,-1.147532,-1.319302,,,353.673977,,-22.265699,,,-12.031225
EQUIPPP,File 2 (custom),-11.732945,,,-11.546484,-0.262464,77604.069755,-11197.965123,25.916709,,0.321089,,,-0.957815,-0.273209,,,165.635123,,-22.39593,,,-11.919406
EQUITASBNK,File 1 (vectorbt),-7.792596,33.29049,,37.432987,0.295882,128274.093923,4712.348987,27.693652,,1.2609,,1.575501,0.512716,1.061578,,,1767.144485,,28.274094,,,-8.491579
EQUITASBNK,File 2 (custom),-7.685011,33.357033,,37.495392,0.194793,127478.57925,4579.763208,27.950766,,1.254554,,1.555639,0.418428,0.372689,,,894.861211,,27.478579,,,-8.383296
ERIS,File 1 (vectorbt),-7.955364,24.985877,,29.508553,0.024029,103072.696739,438.956677,23.271227,,1.036286,,1.068412,0.115002,0.163229,,,1520.378261,,3.072697,,28.571429,-8.509633
ERIS,File 2 (custom),-7.709188,24.934959,,29.578874,0.221313,139172.274055,5596.039151,19.404359,,1.166529,,2.10355,0.39109,0.250632,,,793.36724,,39.172274,,42.857143,-8.05627
ESABINDIA,File 1 (vectorbt),-9.98936,28.583956,,36.063788,-0.03389,68319.568065,-1863.55482,62.444935,,0.971454,,0.652784,-0.062792,-0.089422,,,2168.872225,,-31.680432,,,-21.338761
ESABINDIA,File 2 (custom),-8.756202,28.655201,,36.12756,-0.016148,79182.256359,-1224.573155,55.778442,,0.990909,,0.757419,-0.016921,-0.008824,,,1170.634187,,-20.817744,,,-12.870313
ESAFSFB,File 1 (vectorbt),,0.0,,,,,,,0.0,inf,,,inf,inf,,,,,,,,
ESAFSFB,File 2 (custom),,,,,,,,0.0,100.0,,,,,,,,,,,,,
ESCORTS,File 1 (vectorbt),-9.532928,26.93025,,38.116483,0.004032,104392.160276,190.96349,59.547546,,1.045676,,,0.085753,0.128934,,,6360.009306,,4.39216,,,-19.479163
ESCORTS,File 2 (custom),-8.936544,25.699601,,38.178205,0.002694,103993.111644,173.61355,56.0088,,1.042097,,,0.067795,0.031989,,,3021.185111,,3.993112,,,-19.359903
ESSARSHPNG,File 1 (vectorbt),-12.071085,20.180371,,20.180371,-0.147072,42795.33943,-6356.073397,59.818754,,0.619586,,0.127906,-0.719873,-0.881613,,,1084.261373,,-57.204661,,,-17.079209
ESSARSHPNG,File 2 (custom),-11.959226,15.110664,,15.110664,-0.107491,40637.377273,-6595.84697,60.685294,,0.595336,,0.093937,-0.642481,-0.188907,,,508.087452,,-59.362623,,,-16.962347
ESSENTIA,File 1 (vectorbt),-12.976687,37.445607,,45.961904,0.510084,163703.318194,21234.439398,21.341743,,1.844499,,4.81222,0.871503,1.500004,,,745.948824,,63.703318,,,-12.976687
ESSENTIA,File 2 (custom),-12.863924,37.507999,,46.015788,0.342947,163147.982833,21049.327611,21.408792,,1.838028,,4.762081,0.720234,0.236991,,,404.250191,,63.147983,,,-12.863924
ESTER,File 1 (vectorbt),-11.251948,42.373226,,42.535844,-0.002863,98915.095572,-135.613054,40.107344,,1.050815,,0.985221,0.078781,0.130533,,,1630.542931,,-1.084904,,,-13.845334
ESTER,File 2 (custom),-11.114732,42.430696,,42.593151,-0.003103,98294.192478,-213.22594,40.300381,,1.0483,,0.976815,0.062327,0.027734,,,813.053049,,-1.705808,,,-13.731702
ETERNAL,File 1 (vectorbt),-7.726627,,,-7.726627,-0.383797,92281.091697,-7718.908303,7.718908,,,,,-0.86407,-0.86363,,,192.273565,,-7.718908,,,-7.726627
ETERNAL,File 2 (custom),-7.619108,,,-7.619108,-0.266281,92212.680455,-7787.319545,7.78732,,,,,-0.719175,-0.649464,,,92.095057,,-7.78732,,,-7.619108
ETHOSLTD,File 1 (vectorbt),-9.560412,27.641277,,27.641277,-0.123796,94338.28852,-1415.42787,22.153443,,0.946284,,0.819161,-0.123499,-0.188816,,4.0,824.229295,,-5.661711,4.0,25.0,-12.643681
ETHOSLTD,File 2 (custom),-8.850839,23.491744,,23.491744,-0.245931,84389.644991,-3122.071002,22.110039,,0.787678,,0.559951,-0.48093,-0.235928,,5.0,459.422587,,-15.610355,5.0,20.0,-12.53125
EUREKAFORB,File 1 (vectorbt),,0.0,,,,,,,0.0,inf,,,inf,inf,,,,,,,,
EUREKAFORB,File 2 (custom),,,,,,,,0.0,100.0,,,,,,,,,,,,,
EUROTEXIND,File 1 (vectorbt),-16.979377,77.017451,,109.802343,-0.11141,26358.024955,-4909.465003,80.006178,,0.911026,,0.449782,-0.13044,-0.258325,,,1560.4253,,-73.641975,,,-27.101267
EUROTEXIND,File 2 (custom),-14.369523,47.589114,,56.756496,-0.076673,27790.174624,-4813.988358,78.28378,,0.878117,,0.367296,-0.192584,-0.097673,,,771.921296,,-72.209825,,,-20.280826
EVEREADY,File 1 (vectorbt),-8.939638,34.95944,,34.95944,-0.077769,63737.565027,-4029.159441,42.230115,,0.81493,,0.434126,-0.311174,-0.470024,,,1553.678316,,-36.262435,,,-11.311271
EVEREADY,File 2 (custom),-8.473467,35.024316,,35.024316,-0.050795,65291.007836,-3856.554685,42.496062,,0.823596,,0.451105,-0.24641,-0.108873,,,779.686893,,-34.708992,,,-11.06523
EVERESTIND,File 1 (vectorbt),-9.835424,35.773135,,44.43005,0.021083,118043.993069,1002.444059,58.973981,,1.069309,,1.118191,0.156469,0.259772,,,4319.199114,,18.043993,,,-17.374942
EVERESTIND,File 2 (custom),-9.725799,35.363551,,44.485465,0.011378,113952.097747,775.116541,59.231858,,1.062495,,1.091512,0.117587,0.076792,,,2145.088997,,13.952098,,,-17.257784
EXCEL,File 1 (vectorbt),-15.899242,36.816847,,46.706183,0.376563,206199.880112,15171.411445,29.44512,,1.638783,,2.028786,0.74334,1.414161,,,2589.793781,,106.19988,,,-17.878245
EXCEL,File 2 (custom),-14.716307,35.424608,,46.759324,0.262244,203025.57604,14717.939434,28.075339,,1.641421,,2.067131,0.615054,0.297663,,,1347.244886,,103.025576,,,-16.027475
EXCELINDUS,File 1 (vectorbt),-12.50515,32.932166,,44.915535,-0.012296,90948.223298,-905.17767,56.519394,,1.015887,,0.874983,0.032541,0.048639,,,1559.602847,,-9.051777,,,-19.072376
EXCELINDUS,File 2 (custom),-12.318591,32.039849,,44.970464,-0.010913,88508.139998,-1149.186,56.586935,,1.009401,,0.839951,0.016031,0.007664,,,766.393042,,-11.49186,,,-18.953523
EXICOM,File 1 (vectorbt),-13.06537,,,-13.06537,-0.928239,86947.682808,-13052.317192,15.704625,,0.390366,,,-1.542888,-1.729816,,,186.934817,,-13.052317,,,-13.06537
EXICOM,File 2 (custom),-12.952517,,,-12.952517,-0.65707,86892.764538,-13107.235462,15.754108,,0.388915,,,-1.290817,-0.450871,,,86.833309,,-13.107235,,,-12.952517
EXIDEIND,File 1 (vectorbt),-8.768717,24.258304,,31.106727,-0.083745,26776.592047,-3486.82895,75.207799,,0.795808,,0.183166,-0.456242,-0.59065,,,1977.880398,,-73.223408,,,-13.3382
EXIDEIND,File 2 (custom),-7.943656,24.33387,,31.175451,-0.055293,30561.398101,-3306.60009,71.621707,,0.812825,,0.201473,-0.351242,-0.146235,,,1023.044071,,-69.438602,,,-10.757268
EXPLEOSOL,File 1 (vectorbt),-12.346265,34.838665,,39.688613,-0.032905,93666.631477,-904.766932,27.839455,,1.012239,,0.909791,0.026193,0.039848,,,1475.162333,,-6.333369,,,-17.071523
EXPLEOSOL,File 2 (custom),-11.673983,34.903661,,39.748764,-0.015198,96082.515141,-559.640694,25.48507,,1.022074,,0.941505,0.03901,0.020317,,,734.937628,,-3.917485,,,-16.954668
EXXARO,File 1 (vectorbt),-10.45521,,,-8.039049,-0.330265,80143.138296,-9928.430852,24.464516,,0.775321,,,-0.487376,-0.650968,,,364.061609,,-19.856862,,,-12.871372
EXXARO,File 2 (custom),-10.344965,,,-7.931218,-0.231502,80002.782189,-9998.608905,24.59664,,0.773749,,,-0.408797,-0.176111,,,172.047139,,-19.997218,,,-12.758713
FACT,File 1 (vectorbt),-16.145836,30.642133,,32.831153,-0.080395,33380.088855,-6056.355559,81.12438,,0.882826,,0.207418,-0.147465,-0.218582,,,924.322965,,-66.619911,,,-37.101124
FACT,File 2 (custom),-15.308077,30.598865,,32.673241,-0.052922,36360.417727,-5785.41657,79.411832,,0.894644,,0.227269,-0.110003,-0.034192,,,464.6709,,-63.639582,,,-31.523977
FAIRCHEMOR,File 1 (vectorbt),-12.078405,,,-12.078405,-0.268968,87933.660951,-12066.339049,15.298404,,0.591505,,,-0.562047,-0.705995,,,187.921783,,-12.066339,,,-12.078405
FAIRCHEMOR,File 2 (custom),-11.966539,,,-11.966539,-0.187166,87916.00686,-12083.99314,15.300426,,0.589768,,,-0.470123,-0.109518,,,87.522268,,-12.083993,,,-11.966539
FAZE3Q,File 1 (vectorbt),,0.0,,,,,,,0.0,inf,,,inf,inf,,,,,,,,
FAZE3Q,File 2 (custom),,,,,,,,0.0,100.0,,,,,,,,,,,,,
FCL,File 1 (vectorbt),-11.395316,43.287474,,43.287474,-0.170219,54301.265671,-5077.637148,48.511899,,0.786542,,0.331251,-0.478245,-0.695534,,,1229.298142,,-45.698734,,,-14.982175
FCL,File 2 (custom),-11.284132,43.34403,,43.34403,-0.120004,53896.566185,-5122.603757,48.710728,,0.783941,,0.327417,-0.40285,-0.203073,,,589.522304,,-46.103434,,,-14.867407
FCSSOFT,File 1 (vectorbt),-31.100466,56.798416,,67.018259,-0.067153,46110.274361,-8981.62094,85.771314,,1.141475,,0.706744,0.370007,0.567399,,,1568.830592,,-53.889726,,,-57.328486
FCSSOFT,File 2 (custom),-26.790003,45.324274,,46.63184,-0.038802,54998.638593,-7500.226901,80.245392,,1.146643,,0.687659,0.317508,0.24076,,,721.109903,,-45.001361,,,-42.993989
FDC,File 1 (vectorbt),-8.097364,27.914444,,48.331205,-0.005418,95192.141049,-300.491184,51.556281,,1.024978,,0.935291,0.040489,0.068312,,,2307.865936,,-4.807859,,,-12.390785
FDC,File 2 (custom),-7.965934,27.805426,,48.382722,-0.005215,93344.962813,-415.939824,51.691013,,1.019422,,0.91061,0.026245,0.012779,,,1143.610775,,-6.655037,,,-11.996129
FEDERALBNK,File 1 (vectorbt),-9.135637,26.115765,,47.275417,0.074284,210755.713692,4259.835142,51.487247,,1.117148,,1.573897,0.298406,0.44122,,,7432.05412,,110.755714,,,-18.128589
FEDERALBNK,File 2 (custom),-8.610348,26.14272,,47.327989,0.05414,221110.480559,4658.095406,51.651984,,1.121741,,1.613672,0.260451,0.159354,,,3970.76692,,121.110481,,,-17.437465
FEDFINA,File 1 (vectorbt),,0.0,,,,,,,0.0,inf,,,inf,inf,,,,,,,,
FEDFINA,File 2 (custom),,,,,,,,0.0,100.0,,,,,,,,,,,,,
FIBERWEB,File 1 (vectorbt),-11.546997,33.267855,,33.267855,0.41373,117865.391425,8932.695712,18.05074,,1.303507,,2.548737,0.406542,0.831705,,,394.812728,,17.865391,,,-11.546997
FIBERWEB,File 2 (custom),-11.435662,33.33442,,33.33442,0.27759,117608.266616,8804.133308,18.116372,,1.30009,,2.51676,0.335318,0.196667,,,206.13984,,17.608267,,,-11.435662
FIEMIND,File 1 (vectorbt),-11.267587,31.603143,,64.589293,0.119291,169236.936172,4615.795745,35.649767,,1.262966,,1.510016,0.33079,0.599658,,,3960.257795,,69.236936,,,-17.126777
FIEMIND,File 2 (custom),-10.616896,31.671371,,64.624568,0.098162,176283.475895,5085.56506,32.05778,,1.281327,,1.572835,0.293269,0.133894,,,2071.879413,,76.283476,,,-16.47914
FILATEX,File 1 (vectorbt),-14.139884,44.724065,,44.724065,-0.156077,41709.691324,-6476.700964,60.390453,,0.79928,,0.313384,-0.407518,-0.60615,,,1196.543696,,-58.290309,,,-30.751656
FILATEX,File 2 (custom),-11.791397,44.779186,,44.779186,-0.094853,52027.649208,-5330.261199,52.491441,,0.846936,,0.406502,-0.259115,-0.14937,,,708.860299,,-47.972351,,,-13.949446
FILATFASH,File 1 (vectorbt),,0.0,,,,,,,0.0,inf,,,inf,inf,,,,,,,,
FILATFASH,File 2 (custom),,,,,,,,0.0,100.0,,,,,,,,,,,,,
FINCABLES,File 1 (vectorbt),-9.782041,26.509608,,30.536082,-0.03368,68081.421081,-1578.236235,54.741375,,0.943928,-353.854229,0.710679,-0.095844,-0.142653,,,2739.204802,,-31.918579,,,-16.344279
FINCABLES,File 2 (custom),-9.64555,26.582925,,30.605377,-0.023983,67197.97367,-1622.749827,55.025197,,0.940543,-347.029781,0.702463,-0.084747,-0.033644,,,1311.451999,,-32.802026,,,-16.228151
FINEORG,File 1 (vectorbt),-7.687904,23.47809,,26.398964,0.625514,160201.640185,12040.328037,16.712548,,1.471513,,3.403292,0.821897,1.371071,,,1452.592698,,60.20164,,,-8.970087
FINEORG,File 2 (custom),-6.314809,23.554436,,26.472392,0.441896,163258.862808,12651.772562,16.748469,,1.500913,,4.057948,0.720363,0.379756,,,750.649034,,63.258863,,,-8.861326
FINOPB,File 1 (vectorbt),,0.0,,,,,,,0.0,inf,,,inf,inf,,,,,,,,
FINOPB,File 2 (custom),,,,,,,,0.0,100.0,,,,,,,,,,,,,
FINPIPE,File 1 (vectorbt),-9.506717,31.235808,,39.643227,0.088961,205547.598396,7036.50656,46.108553,,1.187564,,1.893884,0.348923,0.571717,,,4448.622912,,105.547598,,,-14.01896
FINPIPE,File 2 (custom),-8.75024,31.304403,,39.703424,0.069465,215760.615879,7717.374392,43.281192,,1.198353,,1.983455,0.308161,0.171287,,,2384.172858,,115.760616,,,-13.894183
FIRSTCRY,File 1 (vectorbt),-10.212324,,,-10.212324,-1.622854,89797.877631,-10202.122369,10.202122,,0.09952,,,-1.995496,-2.018449,,,189.787865,,-10.202122,,,-10.212324
FIRSTCRY,File 2 (custom),-10.102322,,,-10.102322,-1.151409,89756.624352,-10243.375648,10.243376,,0.098776,,,-1.668593,-3.611816,,,89.471047,,-10.243376,,,-10.102322
FIVESTAR,File 1 (vectorbt),-9.828603,,,-9.828603,-0.268636,90181.215949,-9818.784051,21.114693,,0.900953,,,-0.349432,-0.472213,,,190.171587,,-9.818784,,,-9.828603
FIVESTAR,File 2 (custom),-9.718984,,,-9.718984,-0.187975,90141.243278,-9858.756722,21.109122,,0.90002,,,-0.293648,-0.210488,,,89.820848,,-9.858757,,,-9.718984
FLAIR,File 1 (vectorbt),,0.0,,,,,,,0.0,inf,,,inf,inf,,,,,,,,
FLAIR,File 2 (custom),,,,,,,,0.0,100.0,,,,,,,,,,,,,
FLEXITUFF,File 1 (vectorbt),-14.438786,36.234703,,48.174583,-0.032532,82769.439085,-1723.056092,62.174426,,0.993792,,0.830549,-0.013007,-0.018698,,,1801.844217,,-17.230561,,,-18.319629
FLEXITUFF,File 2 (custom),-14.043405,33.51315,,43.5317,-0.027641,79239.591145,-2076.040885,62.259481,,0.981197,,0.786529,-0.032816,-0.014865,,,868.74821,,-20.760409,,,-18.201527
FLUOROCHEM,File 1 (vectorbt),-9.052878,35.060258,,35.060258,-0.102797,83901.709764,-2683.048373,43.062299,,0.93011,,0.666864,-0.177605,-0.261926,,,1222.013645,,-16.09829,,,-13.064942
FLUOROCHEM,File 2 (custom),-8.844563,35.125033,,35.125033,-0.069774,84521.217203,-2579.797133,42.287145,,0.932405,,0.673323,-0.142422,-0.083584,,,595.862741,,-15.478783,,,-12.454732
FMGOETZE,File 1 (vectorbt),-9.170715,16.174436,,16.174436,-0.106061,48787.675391,-5121.232461,52.548075,,0.743656,,0.152468,-0.394865,-0.531176,,,1334.739641,,-51.212325,,,-12.550813
FMGOETZE,File 2 (custom),-8.767464,16.258078,,16.258078,-0.073211,49850.082215,-5014.991779,51.462105,,0.748649,,0.156795,-0.323093,-0.098566,,,651.722952,,-50.149918,,,-12.438475
FMNL,File 1 (vectorbt),-15.308631,29.962417,,38.937885,0.004519,101965.122695,393.024539,44.825693,,1.062337,,1.049985,0.07231,0.107813,,,804.029283,,1.965123,,,-17.25606
FMNL,File 2 (custom),-15.193537,26.150647,,34.611836,-0.00727,95543.347604,-891.330479,44.947985,,1.005217,,0.887026,0.005213,0.001375,,,393.594618,,-4.456652,,,-17.139021
FOCUS,File 1 (vectorbt),-8.49923,36.030677,,38.567427,0.588881,169183.524176,23061.174725,23.080174,,1.65972,,5.407214,0.93252,1.673596,,,905.937176,,69.183524,,,-8.49923
FOCUS,File 2 (custom),-8.390939,35.248892,,37.210886,0.3848,166505.527619,22168.509206,23.14448,,1.640098,,5.260445,0.758617,0.359373,,,481.966098,,66.505528,,,-8.390939
FOODSIN,File 1 (vectorbt),-11.97441,40.7944,,40.7944,0.151639,108991.460559,2997.15352,23.513609,,1.098436,,1.348584,0.271207,0.426313,,,619.996553,,8.991461,,,-14.65862
FOODSIN,File 2 (custom),-11.862647,39.038499,,39.038499,0.084645,107264.043322,2421.347774,23.504667,,1.086224,,1.281754,0.200251,0.14175,,,311.071892,,7.264043,,,-14.544175
FORCEMOT,File 1 (vectorbt),-8.692653,26.020624,,31.159796,0.320781,138602.096321,5514.585189,28.17569,,1.282286,,1.720584,0.541284,0.861364,,,1964.019547,,38.602096,,,-9.737842
FORCEMOT,File 2 (custom),-8.584169,26.09443,,31.228468,0.212035,137340.146137,5334.306591,28.195949,,1.277275,,1.709625,0.444746,0.232887,,,978.802097,,37.340146,,,-9.628314
FORTIS,File 1 (vectorbt),-7.235685,25.364559,,34.664276,0.033311,115898.804207,1589.880421,36.273089,,1.060538,,1.348361,0.155076,0.238988,,,1782.680176,,15.898804,,,-8.740414
FORTIS,File 2 (custom),-6.701285,25.43902,,34.729446,0.027637,118423.801129,1842.380113,34.550369,,1.064273,,1.416876,0.137206,0.089986,,,914.451898,,18.423801,,,-8.631882
FOSECOIND,File 1 (vectorbt),-9.136613,27.111599,,38.084892,0.446609,551928.116389,26584.006846,22.953399,,1.343807,,3.513341,0.696838,1.177057,,,9430.310636,,451.928116,,,-10.908613
FOSECOIND,File 2 (custom),-8.544364,27.027375,,36.577247,0.321542,556092.36677,26828.962751,21.775405,,1.346657,,3.608951,0.584458,0.358655,,,4978.824569,,456.092367,,,-10.392542
FSL,File 1 (vectorbt),-10.905792,26.326243,,34.860571,0.000632,100325.302389,27.108532,41.38746,,1.037562,,1.003397,0.065222,0.092747,,,2454.177849,,0.325302,,,-16.026138
FSL,File 2 (custom),-10.78763,26.399743,,34.925546,-0.00102,99239.705704,-63.357858,41.569835,,1.033773,,0.992066,0.048641,0.017691,,,1220.212828,,-0.760294,,,-15.910328
FUSION,File 1 (vectorbt),-9.894865,,,-9.173372,-0.478108,81201.9731,-9399.01345,23.081022,,0.588479,,,-1.173768,-1.428872,,,362.855122,,-18.798027,,,-10.616358
FUSION,File 2 (custom),-9.78518,,,-9.064408,-0.3367,81129.679816,-9435.160092,23.12894,,0.586182,,,-0.984746,-0.438604,,,171.306992,,-18.87032,,,-10.505952
GABRIEL,File 1 (vectorbt),-9.621739,31.636639,,38.556835,-0.023348,82342.295058,-1358.284996,49.23099,,0.988245,,0.786119,-0.021455,-0.031117,,,2062.30265,,-17.657705,,,-15.360724
GABRIEL,File 2 (custom),-9.512326,31.288584,,37.369368,-0.017603,80590.63721,-1493.027907,50.139401,,0.982875,,0.764118,-0.026051,-0.010457,,,1009.526409,,-19.409363,,,-15.245579
GAEL,File 1 (vectorbt),-12.725424,35.192913,,44.639465,-0.01485,87415.489131,-1065.362474,55.368033,,1.030032,2330.563768,0.882736,0.058938,0.092523,,,2697.329605,,-12.584511,,,-16.725363
GAEL,File 2 (custom),-12.594438,33.307044,,36.892625,-0.015302,81766.56501,-1457.965505,55.517696,,1.018321,2178.082081,0.83112,0.030384,0.015127,,,1225.791638,,-18.233435,,,-16.608854
GAIL,File 1 (vectorbt),-8.780207,20.844127,,30.39231,0.105144,198310.99304,4257.879867,38.983272,,1.156463,379.756092,1.771471,0.354031,0.509583,,,5464.893215,,98.310993,,,-16.979604
GAIL,File 2 (custom),-8.401187,20.923104,,30.461748,0.073429,201258.667032,4385.801333,39.136014,,1.158949,385.236373,1.804604,0.301294,0.152689,,,2724.562949,,101.258667,,,-16.862842
GALAPREC,File 1 (vectorbt),,0.0,,,,,,,0.0,inf,,,inf,inf,,,,,,,,
GALAPREC,File 2 (custom),,,,,,,,0.0,100.0,,,,,,,,,,,,,
GALAXYSURF,File 1 (vectorbt),-6.754491,17.169109,,17.169109,-0.053792,94980.231682,-1254.94208,19.029438,,0.965924,,0.773596,-0.06293,-0.098634,,,845.302619,,-5.019768,,,-8.117421
GALAXYSURF,File 2 (custom),-6.647943,16.446289,,16.446289,-0.044997,93928.115213,-1517.971197,19.118718,,0.952623,,0.725722,-0.073218,-0.034946,,,413.847166,,-6.071885,,,-8.009512
GALLANTT,File 1 (vectorbt),-13.42424,42.702161,,59.079464,0.232423,321469.9421,13841.871381,41.895043,,1.187181,,1.718734,0.474613,0.830891,,,7385.588988,,221.469942,,,-16.833544
GALLANTT,File 2 (custom),-13.293495,42.13691,,59.120244,0.15067,306760.185208,12922.511575,42.155164,,1.181349,,1.692379,0.383587,0.312116,,,3674.30502,,206.760185,,,-16.716927
GANDHAR,File 1 (vectorbt),-7.394219,,,-7.394219,-0.844357,92613.16762,-7386.83238,8.187336,,0.380966,,,-1.202711,-1.282354,,,192.605973,,-7.386832,,,-7.394219
GANDHAR,File 2 (custom),-7.287032,,,-7.287032,-0.590168,92542.499389,-7457.500611,8.255826,,0.378154,,,-1.007612,-0.275195,,,92.437242,,-7.457501,,,-7.287032
GANDHITUBE,File 1 (vectorbt),-8.208693,31.046061,,39.956361,0.166239,191162.786153,10129.198461,34.175555,,1.201051,,2.523764,0.406856,0.692995,,,2550.313831,,91.162786,,,-12.14864
GANDHITUBE,File 2 (custom),-7.840478,29.296415,,40.016245,0.103812,181038.702133,9004.300237,34.258503,,1.186225,,2.388019,0.320651,0.193356,,,1292.936206,,81.038702,,,-12.036703
GANECOS,File 1 (vectorbt),-9.80333,22.88405,,24.30082,-0.040899,89997.781855,-1000.221815,36.59114,,0.993304,,0.846038,-0.016945,-0.027333,,,1818.185605,,-10.002218,,,-13.097671
GANECOS,File 2 (custom),-9.693736,22.960989,,24.376344,-0.030759,89132.200516,-1086.779948,36.73934,,0.989718,,0.833063,-0.021666,-0.015148,,,897.694614,,-10.867799,,,-12.984786
GANESHBE,File 1 (vectorbt),-10.044091,42.124774,,42.124774,0.291362,114937.065074,4979.021691,19.105513,,1.103791,,1.550257,0.354845,0.565631,,,760.745947,,14.937065,,,-12.1491
GANESHBE,File 2 (custom),-9.934256,42.182492,,42.182492,0.193544,114575.658464,4858.552821,19.236536,,1.10207,,1.534102,0.290681,0.273443,,,387.079005,,14.575658,,,-12.037163
GANESHHOUC,File 1 (vectorbt),-11.930068,40.70492,,53.577783,0.114498,172510.53039,5179.323599,39.281207,,1.186603,,1.297582,0.324592,0.5465,,,5777.522384,,72.51053,,,-14.279716
GANESHHOUC,File 2 (custom),-11.81835,40.414397,,53.624059,0.074321,167941.443169,4852.960226,39.423699,,1.179633,,1.280818,0.260493,0.138997,,,2891.572309,,67.941443,,,-14.16565
GANGAFORGE,File 1 (vectorbt),-8.244233,,,-8.244233,-0.382913,91764.002898,-8235.997102,8.235997,,0.130975,,,-0.881057,-0.902138,,,191.755959,,-8.235997,,,-8.244233
GANGAFORGE,File 2 (custom),-8.136197,,,-8.136197,-0.265764,91680.550776,-8319.449224,8.319449,,0.129811,,,-0.73144,-0.089954,,,91.768813,,-8.319449,,,-8.136197
GANGESSECU,File 1 (vectorbt),-12.107409,45.408914,,48.956278,0.226884,143266.054248,8653.21085,30.714971,,1.213284,,2.069032,0.413052,0.694375,,,1114.928187,,43.266054,,,-15.655945
GANGESSECU,File 2 (custom),-11.995514,45.463351,,49.007171,0.152195,142512.283883,8502.456777,30.81211,,1.210696,,2.046267,0.339989,0.194267,,,577.350645,,42.512284,,,-15.540504
GARFIBRES,File 1 (vectorbt),-10.903897,29.122801,,45.478164,0.120664,234483.406249,7471.300347,39.334965,,1.173958,,1.860398,0.361474,0.572949,,,5834.87034,,134.483406,,,-19.175055
GARFIBRES,File 2 (custom),-10.055614,29.193508,,45.532532,0.103275,250688.022512,8371.556806,34.014653,,1.185828,,1.934453,0.320438,0.179408,,,3209.570683,,150.688023,,,-17.173782
GARUDA,File 1 (vectorbt),-15.680636,,,-15.680636,-1.918301,84335.029102,-15664.970898,15.664971,,0.72714,,,-1.102679,-1.473378,,,184.319548,,-15.664971,,,-15.680636
GARUDA,File 2 (custom),-15.565171,,,-15.565171,-1.395659,84275.872847,-15724.127153,15.724127,,0.726132,,,-0.924807,-0.784268,,,84.298238,,-15.724127,,,-15.565171
GATECH,File 1 (vectorbt),-10.138474,,,-5.712201,-0.910567,80573.615436,-9713.192282,19.426385,,,,,-1.844616,-1.838328,,,369.14157,,-19.426385,,,-14.564747
GATECH,File 2 (custom),-10.028545,,,-5.606694,-0.647567,80430.940263,-9784.529869,19.56906,,,,,-1.546271,-0.309526,,,174.808144,,-19.56906,,,-14.450396
GATECHDVR,File 1 (vectorbt),-5.764343,,,-5.764343,-0.725237,94241.415843,-5758.584157,6.007183,,0.043141,,,-1.424488,-1.425908,,,194.235851,,-5.758584,,,-5.764343
GATECHDVR,File 2 (custom),-5.658784,,,-5.658784,-0.504603,94153.000143,-5846.999857,6.095354,,0.042504,,,-1.184061,-0.672273,,,94.242488,,-5.847,,,-5.658784
GATEWAY,File 1 (vectorbt),-10.688806,35.41361,,48.743479,-0.072474,58468.691209,-3460.942399,53.515769,,0.914691,,0.559137,-0.207847,-0.300354,,,2051.283469,,-41.531309,,,-16.795701
GATEWAY,File 2 (custom),-9.824309,35.478031,,48.794585,-0.044964,63021.828852,-3081.514262,51.643431,,0.928514,,0.59551,-0.144863,-0.080731,,,1046.808061,,-36.978171,,,-13.151919
GAYAHWS,File 1 (vectorbt),,53.539781,,74.55035,1.219974,355992.66898,85330.88966,,,1.427128,,,0.860383,1.3551,,,1277.211389,,255.992669,,,36.468694
GAYAHWS,File 2 (custom),0.0,52.491918,,72.888426,0.783592,347299.261022,82433.087007,,,1.420944,,,0.70599,0.646356,,,751.958675,,247.299261,,,36.090375
GEECEE,File 1 (vectorbt),-13.264719,42.210761,,53.785042,-0.080913,54332.489918,-4151.591826,72.239289,,0.913348,,0.580226,-0.192548,-0.279244,,,1753.970568,,-45.66751,,,-28.96037
GEECEE,File 2 (custom),-12.14874,42.268393,,53.831111,-0.048699,60616.008809,-3580.362836,68.887387,,0.932769,,0.619942,-0.124763,-0.065144,,,899.422795,,-39.383991,,,-19.805294
GEEKAYWIRE,File 1 (vectorbt),-11.586445,38.978782,,38.978782,-0.173672,75007.320436,-4165.446594,44.111471,,0.856051,,0.493833,-0.24494,-0.442962,,,953.603571,,-24.99268,,,-14.394241
GEEKAYWIRE,File 2 (custom),-11.266937,39.039642,,39.039642,-0.120146,75458.758037,-4090.206994,43.658252,,0.859266,,0.49924,-0.198709,-0.116759,,,468.603119,,-24.541242,,,-14.280061
GENCON,File 1 (vectorbt),-12.301908,,,-12.301908,-0.225956,87710.381711,-12289.618289,19.167552,,0.842427,,,-0.321195,-0.470406,,,187.69828,,-12.289618,,,-12.301908
GENCON,File 2 (custom),-12.189818,,,-12.189818,-0.157505,87639.817061,-12360.182939,19.229981,,0.841432,,,-0.268913,-0.142522,,,87.68642,,-12.360183,,,-12.189818
GENESYS,File 1 (vectorbt),-13.243445,39.004946,,47.69935,0.002382,102153.880947,165.68315,62.339807,,1.057383,,1.016944,0.090697,0.130585,,,2547.750681,,2.153881,,,-21.156465
GENESYS,File 2 (custom),-13.124079,37.419952,,43.763609,-0.002788,96436.995083,-274.077301,62.491503,,1.041092,,0.970958,0.054287,0.018524,,,1221.919545,,-3.563005,,,-21.035529
GENSOL,File 1 (vectorbt),-16.476488,,,-16.476488,-0.755959,83539.97198,-16460.02802,16.460028,,0.026471,,,-1.34084,-1.340102,,,183.523695,,-16.460028,,,-16.476488
GENSOL,File 2 (custom),-16.360228,,,-16.360228,-0.532418,83638.313477,-16361.686523,16.361687,,0.026364,,,-1.117545,-0.229709,,,82.718731,,-16.361687,,,-16.360228
GENUSPAPER,File 1 (vectorbt),-14.657524,50.201035,,66.753459,0.161681,140941.396588,7679.492914,30.953456,,1.213461,2543.932017,1.649185,0.343921,0.65639,,,1392.741953,,40.941397,,,-17.397883
GENUSPAPER,File 2 (custom),-14.543081,44.846618,,55.978439,0.087032,131133.275243,5753.301569,31.00767,,1.176833,2366.767398,1.510639,0.245811,0.150972,,,608.7114,,31.133275,,,-17.280702
GENUSPOWER,File 1 (vectorbt),-14.322013,35.257585,,45.608787,0.184719,277952.103725,12710.864552,49.435286,,1.241357,,2.516528,0.504575,0.804892,,,3401.851789,,177.952104,,,-16.355984
GENUSPOWER,File 2 (custom),-13.832921,35.306994,,45.663024,0.13116,282132.539322,13009.467094,48.128009,,1.245046,,2.557534,0.424709,0.238039,,,1817.979351,,182.132539,,,-16.201167
GEOJITFSL,File 1 (vectorbt),-12.49076,38.710893,,46.100817,0.018594,116838.882217,1052.430139,62.224023,,1.07456,,1.106103,0.159838,0.256368,,,3408.318902,,16.838882,,,-17.457568
GEOJITFSL,File 2 (custom),-11.691856,36.362207,,44.897507,0.012182,115067.959444,941.747465,59.009952,,1.069469,,1.098518,0.126818,0.075327,,,1713.81277,,15.067959,,,-17.340328
GEPIL,File 1 (vectorbt),-9.249937,34.001393,,46.080621,0.14104,177017.860139,7701.786014,32.801929,,1.248495,,2.211146,0.424078,0.743935,,,2231.988469,,77.01786,,,-12.758842
GEPIL,File 2 (custom),-8.818528,34.067226,,46.134386,0.102685,178641.853838,7864.185384,31.389171,,1.253587,,2.267014,0.359736,0.204684,,,1157.146559,,78.641854,,,-12.646296
GESHIP,File 1 (vectorbt),-9.76624,29.127047,,46.450128,0.211765,222458.791105,9419.907008,30.986119,,1.154323,,2.60331,0.420407,0.612934,,,3118.378952,,122.458791,,,-12.461291
GESHIP,File 2 (custom),-9.656683,29.197749,,46.503525,0.1407,219166.744296,9166.672638,31.27313,,1.152113,,2.556429,0.344729,0.208835,,,1605.991173,,119.166744,,,-12.349042
GFLLIMITED,File 1 (vectorbt),-10.4216,34.77626,,45.345251,0.167862,243985.536314,10284.681165,30.801387,,1.227173,,1.689334,0.401682,0.683025,,,6289.570924,,143.985536,,,-13.784094
GFLLIMITED,File 2 (custom),-10.166739,33.687921,,43.95357,0.107789,232059.864873,9432.847491,30.981477,,1.216396,,1.664102,0.320356,0.171665,,,3080.98929,,132.059865,,,-13.670524
GHCL,File 1 (vectorbt),-10.136726,27.394842,,34.019736,-0.030724,72307.267868,-1730.795758,58.432107,,0.95264,,0.812783,-0.087533,-0.135222,,,3681.758803,,-27.692732,,,-16.920306
GHCL,File 2 (custom),-9.78199,26.669428,,34.08555,-0.021618,71779.378907,-1763.788818,58.786219,,0.949642,,0.80529,-0.077812,-0.036797,,,1830.992223,,-28.220621,,,-16.803603
GHCLTEXTIL,File 1 (vectorbt),,0.0,,,,,,,0.0,inf,,,inf,inf,,,,,,,,
GHCLTEXTIL,File 2 (custom),,,,,,,,0.0,100.0,,,,,,,,,,,,,
GICHSGFIN,File 1 (vectorbt),-10.574825,34.222698,,56.449333,0.236239,311956.555197,14130.437013,28.099452,,1.211412,,2.219615,0.443527,0.755555,,,6029.483058,,211.956555,,,-19.724
GICHSGFIN,File 2 (custom),-9.174243,31.164347,,41.301837,0.168076,297943.622983,13196.241532,25.881629,,1.203899,,2.314827,0.368299,0.235608,,,2977.411857,,197.943623,,,-12.265373
GICRE,File 1 (vectorbt),-11.903067,20.14448,,20.14448,-0.074177,93191.556023,-2269.481326,18.129127,,0.936647,,0.727668,-0.076182,-0.107906,,,591.162391,,-6.808444,,,-14.194765
GICRE,File 2 (custom),-11.791376,20.224156,,20.224156,-0.053118,92947.187479,-2350.937507,18.164327,,0.932577,,0.718941,-0.067622,-0.017101,,,291.569228,,-7.052813,,,-14.080784
GILLANDERS,File 1 (vectorbt),-10.521976,30.029207,,38.403514,-0.008079,96401.131524,-514.124068,43.636459,,1.034624,,0.927196,0.065382,0.109642,,,1257.526973,,-3.598868,,,-14.557944
GILLANDERS,File 2 (custom),-9.889792,30.099008,,38.464949,-0.0022,98560.898827,-205.585882,43.82175,,1.041057,,0.970128,0.06417,0.03631,,,643.419313,,-1.439101,,,-14.4436
GILLETTE,File 1 (vectorbt),-5.000188,19.694731,,25.314023,0.065328,122398.218904,1599.872779,23.963862,,1.09748,,1.366157,0.207497,0.328465,,,3316.273224,,22.398219,,,-7.986053
GILLETTE,File 2 (custom),-4.884651,19.596873,,24.676605,0.042886,121345.586502,1524.68475,24.061899,,1.095758,,1.358248,0.168797,0.094113,,,1613.538676,,21.345587,,,-7.878275
GINNIFILA,File 1 (vectorbt),-17.458899,41.057289,,55.420891,0.084655,225345.768784,8356.384586,60.179899,,1.211161,,1.740697,0.326941,0.549252,,,3652.864115,,125.345769,,,-34.55489
GINNIFILA,File 2 (custom),-16.530237,40.775045,,55.465326,0.065879,237977.497136,9198.499809,56.600476,,1.220528,,1.792046,0.284517,0.137557,,,2024.340956,,137.977497,,,-34.42057
GIPCL,File 1 (vectorbt),-11.148209,29.428709,,45.131257,0.148906,277376.197084,7712.008569,39.334844,,1.142342,,1.603831,0.393745,0.635104,,,8973.092868,,177.376197,,,-17.545329
GIPCL,File 2 (custom),-11.010914,28.952436,,45.185971,0.095337,261016.520279,7000.718273,39.489578,,1.135577,,1.563181,0.312969,0.2352,,,4440.100463,,161.01652,,,-17.428001
GKWLIMITED,File 1 (vectorbt),-14.315303,33.549051,,33.549051,-0.114298,46152.685929,-6839.081062,63.854789,,,865.334421,0.275205,-0.259467,-0.373936,,,1160.029213,,-53.847314,,,-16.121783
GKWLIMITED,File 2 (custom),-13.175706,26.400989,,26.400989,-0.078455,47358.689313,-6689.091897,62.863736,,,871.424485,0.246029,-0.219401,-0.138094,,,551.905041,,-52.641311,,,-15.478157
GLAND,File 1 (vectorbt),-6.40359,,,-6.40359,-0.301865,93602.807573,-6397.192427,6.938303,,0.082319,,,-0.730867,-0.735604,,,193.596604,,-6.397192,,,-6.40359
GLAND,File 2 (custom),-6.297392,,,-6.297392,-0.209349,93566.480268,-6433.519732,6.970184,,0.081295,,,-0.60772,-0.054365,,,92.871479,,-6.43352,,,-6.297392
GLAXO,File 1 (vectorbt),-8.50389,24.82106,,39.063962,0.081911,173953.027952,4108.501553,38.297763,,1.113768,,1.568698,0.289293,0.459941,,,5129.094677,,73.953028,,,-13.881642
GLAXO,File 2 (custom),-8.34872,23.530485,,39.124737,0.047009,158497.299237,3249.849958,38.07667,,1.097288,,1.465926,0.214702,0.138117,,,2486.171573,,58.497299,,,-13.767974
GLENMARK,File 1 (vectorbt),-8.919883,23.521428,,40.456385,0.011977,114201.715239,788.98418,64.876373,,1.06216,,1.134958,0.126249,0.185697,,,3378.068343,,14.201715,,,-14.329221
GLENMARK,File 2 (custom),-8.555698,23.597731,,40.51577,0.00903,115567.136704,864.840928,64.668051,,1.064442,,1.151115,0.108695,0.050183,,,1694.625823,,15.567137,,,-13.658418
GLFL,File 1 (vectorbt),-15.24628,37.297212,,43.362787,-0.034479,79697.045764,-2030.295424,58.715796,,1.003564,,0.773342,0.006364,0.009513,,,1555.296262,,-20.302954,,,-22.981664
GLFL,File 2 (custom),-13.122255,34.510606,,42.850863,-0.015738,87366.010588,-1263.398941,53.176941,,1.022198,,0.847274,0.032872,0.015544,,,817.404272,,-12.633989,,,-22.846154
GLOBAL,File 1 (vectorbt),-14.538861,,,-13.66106,-0.357911,73053.200426,-13473.399787,26.9468,,0.379831,,,-1.146939,-1.338526,,,345.731774,,-26.9468,,,-15.416662
GLOBAL,File 2 (custom),-14.424536,,,-13.547613,-0.251094,72945.348201,-13527.325899,27.054652,,0.378571,,,-0.955462,-0.263892,,,159.290854,,-27.054652,,,-15.30146
GLOBALE,File 1 (vectorbt),,0.0,,,,,,,0.0,inf,,,inf,inf,,,,,,,,
GLOBALE,File 2 (custom),,,,,,,,0.0,100.0,,,,,,,,,,,,,
GLOBALVECT,File 1 (vectorbt),-14.046205,33.715396,,57.448918,0.145525,227270.14863,14141.127626,47.910413,,1.411073,,3.242964,0.510437,0.881754,,,2214.253405,,127.270149,,,-16.132587
GLOBALVECT,File 2 (custom),-13.755899,31.310889,,57.491327,0.086823,205466.500011,11718.500001,47.983536,,1.367668,,2.878655,0.382522,0.154851,,,1133.502043,,105.4665,,,-16.016671
GLOBE,File 1 (vectorbt),-13.951245,32.256365,,40.073921,0.371378,149940.412159,16646.804053,37.114188,,1.247709,,3.558822,0.722592,1.181622,,,771.092765,,49.940412,,,-13.951245
GLOBE,File 2 (custom),-13.837508,29.367392,,37.901157,0.219068,142711.497007,14237.165669,37.166649,,1.221166,,3.215305,0.541104,0.492674,,,399.064259,,42.711497,,,-13.837508
GLOBUSSPR,File 1 (vectorbt),-14.266092,38.116851,,53.142725,0.115747,159210.123949,5725.615626,38.463661,,1.163527,-9497.263561,1.5056,0.31113,0.513621,,,3123.619353,,59.210124,,,-21.740974
GLOBUSSPR,File 2 (custom),-12.223886,34.996247,,38.750628,0.085353,165088.561937,6240.631305,38.602863,,1.171481,-9799.01372,1.691225,0.277345,0.172237,,,1473.600463,,65.088562,,,-17.055254
GLOSTERLTD,File 1 (vectorbt),,0.0,,,,,,,0.0,inf,,,inf,inf,,,,,,,,
GLOSTERLTD,File 2 (custom),,,,,,,,0.0,100.0,,,,,,,,,,,,,
GMBREW,File 1 (vectorbt),-10.990763,47.439842,,90.185714,0.043057,139288.933373,2806.352384,50.690934,,1.123484,,1.182145,0.205481,0.333312,,,5101.483766,,39.288933,,,-16.552493
GMBREW,File 2 (custom),-10.879983,45.254356,,84.249052,0.023654,130396.657673,2171.189834,50.776122,,1.110981,,1.148486,0.154029,0.07043,,,2425.812237,,30.396658,,,-16.436157
GMDCLTD,File 1 (vectorbt),-11.479056,29.441596,,47.528942,0.025634,120237.095455,1011.854773,40.41927,,1.079461,,1.107897,0.142965,0.227483,,,4721.779633,,20.237095,,,-23.441876
GMDCLTD,File 2 (custom),-11.094635,28.780632,,47.581261,0.016098,118382.493611,919.124681,40.609664,,1.074918,,1.100109,0.114162,0.05454,,,2356.735807,,18.382494,,,-19.958015
GMMPFAUDLR,File 1 (vectorbt),-6.996095,22.646083,,24.621369,0.443582,157300.257147,6366.695239,21.53827,,1.352039,,2.111172,0.61643,1.203149,,,2509.237984,,57.300257,,,-7.862654
GMMPFAUDLR,File 2 (custom),-6.889306,22.723259,,24.696572,0.293484,155612.993102,6179.221456,21.61234,,1.344618,,2.075647,0.503854,0.351935,,,1271.468039,,55.612993,,,-7.754999
GMRAIRPORT,File 1 (vectorbt),-12.562013,32.415577,,46.404752,0.208862,274602.950447,12471.639318,39.438834,,1.143701,,1.907844,0.440248,0.649703,,,5640.633804,,174.60295,,,-18.40625
GMRAIRPORT,File 2 (custom),-12.259237,32.482994,,46.458194,0.142044,274538.207921,12467.014852,39.535151,,1.144616,,1.912995,0.366686,0.255376,,,2914.237456,,174.538208,,,-18.288062
GMRP&UI,File 1 (vectorbt),-11.658939,,,-10.485028,-0.451055,78048.257646,-10975.871177,23.42766,,0.752261,,,-0.587383,-0.792221,,,352.3866,,-21.951742,,,-12.832849
GMRP&UI,File 2 (custom),-11.547491,,,-10.374754,-0.317084,77917.345945,-11041.327028,23.555973,,0.750837,,,-0.491659,-0.229309,,,165.143249,,-22.082654,,,-12.720229
GNA,File 1 (vectorbt),-9.932388,27.021146,,34.419781,0.022262,105666.90941,944.484902,41.879395,,1.084871,,1.123094,0.139477,0.226347,,,1330.665816,,5.666909,,,-13.964952
GNA,File 2 (custom),-9.649305,27.093952,,34.485196,0.016059,105891.102376,981.850396,41.57043,,1.086911,,1.129466,0.118919,0.054972,,,667.084508,,5.891102,,,-13.157761
GNFC,File 1 (vectorbt),-10.202534,36.298082,,52.813435,0.095585,191155.086914,5362.063936,38.504992,,1.164965,,1.416331,0.308005,0.465385,,,6112.440641,,91.155087,,,-20.321075
GNFC,File 2 (custom),-9.279249,36.213077,,52.860474,0.088119,206596.521635,6270.383626,32.16107,,1.180722,,1.542283,0.278514,0.124979,,,3146.811668,,106.596522,,,-20.200974
GOACARBON,File 1 (vectorbt),-12.256508,32.903805,,38.979911,0.163909,161246.701848,6805.189094,25.089894,,1.33981,,1.696824,0.335838,0.608347,,,2462.613395,,61.246702,,,-16.821343
GOACARBON,File 2 (custom),-10.710758,31.228715,,39.04077,0.137851,164519.303168,7168.811463,21.341332,,1.353245,,1.773387,0.28803,0.09811,,,1309.162207,,64.519303,,,-15.409305
GOCLCORP,File 1 (vectorbt),-11.377705,31.72635,,38.341517,-0.02424,94530.810838,-781.312737,35.387757,,1.020103,,0.915265,0.044027,0.07734,,,1491.4911,,-5.469189,,,-13.9976
GOCLCORP,File 2 (custom),-11.266538,31.794456,,38.403014,-0.01855,93952.17014,-863.975694,35.445899,,1.017673,,0.906399,0.032216,0.023286,,,739.42995,,-6.04783,,,-13.883816
GOCOLORS,File 1 (vectorbt),-6.000335,,,-6.000335,-0.352142,94005.659649,-5994.340351,7.124459,,0.556232,,,-0.695923,-0.90924,,,193.999859,,-5.99434,,,-6.000335
GOCOLORS,File 2 (custom),-5.89454,,,-5.89454,-0.244736,93932.725569,-6067.274431,7.193712,,0.552475,,,-0.584672,-0.17426,,,93.775149,,-6.067274,,,-5.89454
GODAVARIB,File 1 (vectorbt),,0.0,,,,,,,0.0,inf,,,inf,inf,,,,,,,,
GODAVARIB,File 2 (custom),,,,,,,,0.0,100.0,,,,,,,,,,,,,
GODFRYPHLP,File 1 (vectorbt),-9.701494,19.116263,,20.278966,-0.075917,41562.478968,-4174.108645,63.576514,,0.887894,,0.27325,-0.262105,-0.372803,,,1861.699767,,-58.437521,,,-13.786314
GODFRYPHLP,File 2 (custom),-8.603526,19.196966,,20.358508,-0.049234,46983.04911,-3786.925064,58.816441,,0.90559,,0.303955,-0.182544,-0.091611,,,952.302968,,-53.016951,,,-12.929119
GODHA,File 1 (vectorbt),-13.512055,29.543679,,39.512686,0.058854,107905.411761,1581.082352,35.288085,,1.098379,,1.13435,0.201422,0.327354,,,1315.557607,,7.905412,,,-14.595504
GODHA,File 2 (custom),-12.90987,28.573322,,37.491727,0.039962,107581.580505,1516.316101,34.344756,,1.095813,,1.13472,0.16419,0.10509,,,658.568243,,7.581581,,,-13.634496
GODIGIT,File 1 (vectorbt),-10.137334,,,-10.137334,-0.518977,89872.793165,-10127.206835,25.63425,,0.942701,,,-0.269856,-0.408297,,,189.862856,,-10.127207,,,-10.137334
GODIGIT,File 2 (custom),-10.027407,,,-10.027407,-0.36803,89804.415769,-10195.584231,25.67627,,0.941971,,,-0.228033,-0.278349,,,89.78067,,-10.195584,,,-10.027407
GODREJAGRO,File 1 (vectorbt),-7.146956,18.028764,,18.028764,-0.096603,87696.888344,-2460.622331,25.687375,,0.872796,,0.594142,-0.233677,-0.353108,,,1022.376437,,-12.303112,,,-8.740822
GODREJAGRO,File 2 (custom),-7.040015,18.110554,,18.110554,-0.068738,87286.926789,-2542.614642,25.906049,,0.867606,,0.583435,-0.202774,-0.088627,,,502.630391,,-12.713073,,,-8.632289
GODREJCP,File 1 (vectorbt),-8.381026,22.088554,,33.244566,0.02633,124911.657043,1465.391591,52.391273,,1.087062,,1.164375,0.167535,0.266778,,,5126.910818,,24.911657,,,-12.035961
GODREJCP,File 2 (custom),-7.931466,21.510038,,33.311155,0.017914,123996.540598,1411.561212,51.292105,,1.084753,,1.165924,0.137052,0.069827,,,2546.700879,,23.996541,,,-11.924136
GODREJIND,File 1 (vectorbt),-8.450579,36.19346,,47.744069,0.094499,188887.273745,5925.81825,45.399692,,1.186274,,1.554948,0.356135,0.611881,,,5367.794189,,88.887274,,,-13.19452
GODREJIND,File 2 (custom),-8.342336,35.480187,,47.796173,0.060228,181082.264141,5405.484276,45.573057,,1.175678,,1.516848,0.281543,0.167262,,,2644.31732,,81.082264,,,-13.081538
GODREJPROP,File 1 (vectorbt),-9.187321,23.130355,,27.934733,0.045955,116538.295586,1503.481417,31.963082,,1.084193,,1.255584,0.174729,0.261314,,,2127.935081,,16.538296,,,-14.450374
GODREJPROP,File 2 (custom),-8.134312,23.207048,,28.006626,0.044966,124149.626938,2195.420631,31.870551,,1.104859,,1.389987,0.183979,0.101678,,,1143.532142,,24.149627,,,-10.125836
GOKEX,File 1 (vectorbt),-13.761473,35.209088,,41.577384,0.154658,249040.164982,12420.013749,45.255236,,1.307629,,2.245828,0.431912,0.815297,,,3542.588196,,149.040165,,,-20.032496
GOKEX,File 2 (custom),-13.647925,35.273714,,41.635648,0.103834,245847.319615,12153.943301,45.382387,,1.303853,,2.220949,0.355341,0.186145,,,1831.187073,,145.84732,,,-19.912683
GOKUL,File 1 (vectorbt),-13.007224,38.98367,,43.902657,-0.021366,87364.815656,-1148.653122,54.49216,,0.997396,,0.901571,-0.0045,-0.006726,,,2548.725647,,-12.635184,,,-19.343769
GOKUL,File 2 (custom),-12.894429,38.283643,,43.958599,-0.017623,85064.088686,-1357.810119,54.679261,,0.988282,,0.881931,-0.0169,-0.006847,,,1245.831621,,-14.935911,,,-19.224644
GOKULAGRO,File 1 (vectorbt),-13.743347,41.594009,,41.594009,-0.162032,67568.962926,-5405.172846,37.240647,,0.805635,,0.463397,-0.387218,-0.564704,,,983.439907,,-32.431037,,,-16.503341
GOKULAGRO,File 2 (custom),-12.8581,41.652257,,41.652257,-0.101264,70313.332301,-4947.77795,37.39809,,0.823914,,0.483612,-0.287868,-0.129461,,,481.09421,,-29.686668,,,-15.097208
GOLDIAM,File 1 (vectorbt),-13.082528,36.286061,,39.849703,0.042341,128637.298539,2603.390776,45.036821,,1.098649,,,0.19382,0.305928,,,3586.889807,,28.637299,,,-19.910378
GOLDIAM,File 2 (custom),-12.679331,35.783373,,38.007499,0.028697,128212.939154,2564.81265,45.139723,,1.097963,,,0.159981,0.082564,,,1810.037295,,28.212939,,,-19.790688
GOLDTECH,File 1 (vectorbt),-16.867055,39.435412,,54.629592,-0.100275,25705.073254,-5788.096914,82.614156,,0.875744,950.333136,0.260243,-0.297296,-0.451754,,,1180.185039,,-74.294927,,,-28.456521
GOLDTECH,File 2 (custom),-15.974641,38.313572,,54.674817,-0.067976,27593.805772,-5648.167375,80.934083,,0.882725,1019.981644,0.263159,-0.231703,-0.145097,,,552.46675,,-72.406194,,,-28.328293
GOODLUCK,File 1 (vectorbt),-10.989381,29.930981,,29.930981,-0.111358,64457.209413,-5077.541512,53.873063,,0.714491,,0.456897,-0.522241,-0.704627,,,1304.361342,,-35.542791,,,-16.94102
GOODLUCK,File 2 (custom),-10.878602,30.00088,,30.00088,-0.078173,64174.910127,-5117.869982,54.012526,,0.711726,,0.453521,-0.439123,-0.156725,,,631.564847,,-35.82509,,,-16.824296
GOPAL,File 1 (vectorbt),,0.0,,,,,,,0.0,inf,,,inf,inf,,,,,,,,
GOPAL,File 2 (custom),,,,,,,,0.0,100.0,,,,,,,,,,,,,
GOYALALUM,File 1 (vectorbt),-9.679431,,,-5.99464,-0.556778,81460.013944,-9269.993028,19.969629,,0.132348,,,-1.511735,-1.535875,,,369.464541,,-18.539986,,,-13.364223
GOYALALUM,File 2 (custom),-9.569961,,,-5.888851,-0.391833,81315.198992,-9342.400504,20.111849,,0.131343,,,-1.266016,-0.240741,,,175.406456,,-18.684801,,,-13.251072
GPIL,File 1 (vectorbt),-12.960899,34.998325,,46.894779,-0.043899,71029.853567,-1931.343096,59.956569,,0.962742,,0.769547,-0.06907,-0.09571,,,2375.859777,,-28.970146,,,-19.937825
GPIL,File 2 (custom),-12.605384,34.964211,,46.947731,-0.029757,71893.883683,-1873.741088,59.171326,,0.965406,,0.775649,-0.0531,-0.019734,,,1184.533921,,-28.106116,,,-19.818107
GPPL,File 1 (vectorbt),-8.890292,26.783772,,26.783772,-0.08013,72430.92041,-3938.439941,39.502795,,0.923862,,0.388818,-0.166927,-0.257837,,,1107.59618,,-27.56908,,,-12.837857
GPPL,File 2 (custom),-8.781611,26.856815,,26.856815,-0.056309,71980.983187,-4002.716688,39.748681,,0.92181,,0.382334,-0.142649,-0.079381,,,538.083289,,-28.019017,,,-12.725232
GPTHEALTH,File 1 (vectorbt),,0.0,,,,,,,0.0,inf,,,inf,inf,,,,,,,,
GPTHEALTH,File 2 (custom),,,,,,,,0.0,100.0,,,,,,,,,,,,,
GPTINFRA,File 1 (vectorbt),-12.637754,50.31203,,50.31203,0.000991,100200.921565,50.230391,33.315758,,1.057957,,1.004014,0.091993,0.162977,,,986.236579,,0.200922,,,-13.781741
GPTINFRA,File 2 (custom),-12.525329,50.361568,,50.361568,-0.000623,99816.410142,-45.897465,33.481817,,1.055765,,0.996346,0.07368,0.039311,,,492.419857,,-0.18359,,,-13.668173
GRANULES,File 1 (vectorbt),-10.309409,23.564587,,32.925363,-0.01753,89300.748221,-1004.586411,47.44053,,1.00217,2360.37157,0.838179,0.00532,0.008073,,,2236.914852,,-10.699252,,,-14.877357
GRANULES,File 2 (custom),-9.904426,23.541633,,32.99227,-0.010902,90595.256296,-907.316664,46.041644,,1.005179,2390.37293,0.852907,0.010539,0.006281,,,1085.506966,,-9.404744,,,-12.963387
GRAPHITE,File 1 (vectorbt),-10.880356,26.208376,,32.906861,0.082894,157192.043232,7149.005404,36.370076,,1.227567,,2.036401,0.300207,0.534214,,,1946.902765,,57.192043,,,-21.428671
GRAPHITE,File 2 (custom),-10.412074,26.281994,,32.973787,0.059902,158677.958402,7334.7448,35.315047,,1.232352,,2.084556,0.254278,0.111309,,,1013.471428,,58.677958,,,-19.877014
GRASIM,File 1 (vectorbt),-7.143691,20.656028,,41.725374,0.348632,508674.858436,15136.105868,27.245383,,1.24473,,2.585713,0.635035,0.984298,,,15296.470937,,408.674858,,,-14.958974
GRASIM,File 2 (custom),-6.634664,20.607374,,40.038129,0.243093,517239.722972,15453.323073,26.877783,,1.247996,,2.618478,0.536063,0.354286,,,8037.971946,,417.239723,,,-10.643891
GRAVITA,File 1 (vectorbt),-11.61372,32.293542,,40.049201,0.494644,246019.053913,16224.339324,19.248127,,1.479897,,3.233443,0.634615,1.369714,,,2601.934181,,146.019054,,,-13.763972
GRAVITA,File 2 (custom),-11.45941,32.361081,,40.108992,0.334677,244030.2805,16003.3645,19.182848,,1.475749,,3.203244,0.524073,0.346459,,,1368.447282,,144.030281,,,-13.510439
GREAVESCOT,File 1 (vectorbt),-9.525791,31.078728,,39.842863,0.094456,184189.925325,5261.870333,46.929821,,1.118083,,1.431929,0.318986,0.495574,,,6205.197305,,84.189925,,,-15.961933
GREAVESCOT,File 2 (custom),-9.416474,31.147481,,39.90286,0.062445,181207.551419,5075.471964,47.360613,,1.11578,,1.416918,0.260193,0.178142,,,3118.339298,,81.207551,,,-15.846187
GREENLAM,File 1 (vectorbt),-8.966124,32.159978,,41.273886,0.454693,250167.826107,15016.782611,30.781518,,1.25907,,2.120668,0.677584,1.085605,,,4955.000733,,150.167826,,,-11.289282
GREENLAM,File 2 (custom),-8.745876,31.604018,,41.332454,0.298995,242842.204365,14284.220437,30.586416,,1.251135,,2.100001,0.55385,0.383324,,,2506.726451,,142.842204,,,-10.620751
GREENPANEL,File 1 (vectorbt),-12.048323,26.060633,,31.02077,0.167831,122667.852351,5666.963088,,,1.136948,,1.892902,0.37564,0.543598,,,823.324108,,22.667852,,,-13.860907
GREENPANEL,File 2 (custom),-11.936487,26.134398,,31.08958,0.112547,122158.298385,5539.574596,,,1.134836,,1.869518,0.307884,0.18491,,,421.748042,,22.158298,,,-13.74726
GREENPLY,File 1 (vectorbt),-11.947372,33.078708,,37.734246,-0.085309,43667.210545,-3520.799341,64.076586,,0.905354,,0.445785,-0.223001,-0.328763,,,1759.999367,,-56.332789,,,-29.477885
GREENPLY,File 2 (custom),-11.444156,33.07004,,37.796349,-0.057808,45688.171,-3394.489312,62.320464,,0.911449,,0.464863,-0.172662,-0.092854,,,892.081169,,-54.311829,,,-28.350676
GREENPOWER,File 1 (vectorbt),-14.143351,38.605362,,38.605362,-0.081072,64453.586902,-5924.402183,53.16111,,0.80323,,0.356105,-0.328128,-0.476967,,,849.761015,,-35.546413,,,-18.00561
GREENPOWER,File 2 (custom),-14.029421,36.605048,,36.605048,-0.058805,63153.554025,-6141.074329,53.271154,,0.792309,,0.33378,-0.291437,-0.115471,,,404.33159,,-36.846446,,,-17.887822
GRINDWELL,File 1 (vectorbt),-7.407009,28.525686,,28.525686,-0.041105,81007.913634,-2713.155195,39.975227,,0.917898,,0.582175,-0.148669,-0.222727,,,1393.724109,,-18.992086,,,-8.526938
GRINDWELL,File 2 (custom),-7.299809,28.596989,,28.596989,-0.028781,80800.764998,-2742.747857,39.996686,,0.921882,,0.577905,-0.104515,-0.051335,,,681.132201,,-19.199235,,,-8.41862
GRINFRA,File 1 (vectorbt),-6.902382,,,-6.902382,-0.289799,93104.51302,-6895.48698,9.079609,,0.606489,,,-0.499497,-0.597724,,,193.097811,,-6.895487,,,-6.902382
GRINFRA,File 2 (custom),-6.795687,,,-6.795687,-0.201591,93036.301063,-6963.698937,9.140662,,0.603407,,,-0.417896,-0.079016,,,92.868349,,-6.963699,,,-6.795687
GRMOVER,File 1 (vectorbt),-14.014705,,,-14.014705,-0.496932,85999.295256,-14000.704744,15.304338,,0.181726,,,-1.460484,-1.529891,,,185.985481,,-14.000705,,,-14.014705
GRMOVER,File 2 (custom),-13.900905,,,-13.900905,-0.347532,85927.858895,-14072.141105,15.374619,,0.180901,,,-1.218854,-0.337854,,,86.008256,,-14.072141,,,-13.900905
GROBTEA,File 1 (vectorbt),-15.365149,25.500829,,25.500829,-0.183619,54268.286648,-7621.952225,53.419528,,0.588902,,0.211634,-0.620778,-0.865243,,,801.348598,,-45.731713,,,-21.416881
GROBTEA,File 2 (custom),-14.605157,25.575154,,25.575154,-0.125909,56215.541868,-7297.409689,51.593183,,0.601965,,0.222545,-0.493002,-0.158901,,,389.518791,,-43.784458,,,-21.295686
GRPLTD,File 1 (vectorbt),-9.48102,34.29387,,42.754272,0.477442,239670.766159,19952.966594,28.008852,,1.322852,,3.942071,0.685753,1.173766,,,2231.657267,,139.670766,,,-11.571742
GRPLTD,File 2 (custom),-9.371748,32.012565,,42.811361,0.291523,220946.683771,17278.097682,28.04569,,1.296613,,3.672826,0.529259,0.341079,,,1117.799206,,120.946684,,,-11.460381
GRSE,File 1 (vectorbt),-8.783467,41.733933,,41.733933,0.265145,129259.182721,14629.59136,21.854792,,1.236409,,4.334497,0.421129,0.77168,,,411.739469,,29.259183,,,-8.783467
GRSE,File 2 (custom),-8.674892,41.792041,,41.792041,0.178862,128826.859786,14413.429893,21.876882,,1.234167,,4.255273,0.347449,0.217988,,,219.806517,,28.82686,,,-8.674892
GRWRHITECH,File 1 (vectorbt),,40.488877,,40.488877,1.162059,140448.428893,40448.428893,13.651361,,1.521842,,,0.822459,1.452258,,,240.489118,,40.448429,,,40.488877
GRWRHITECH,File 2 (custom),0.0,40.548229,,40.548229,0.78121,139664.937447,39664.937447,13.460418,,1.51974,,,0.682031,0.35076,,,138.307057,,39.664937,,,40.548229
GSFC,File 1 (vectorbt),-11.216423,42.23395,,75.877235,-0.002653,96397.731274,-312.499693,67.471414,,1.047537,2647.725127,0.959438,0.090196,0.134174,,,3426.856639,,-3.602269,,,-16.440883
GSFC,File 2 (custom),-10.662615,42.291558,,75.901233,0.000942,101907.503865,-44.350857,67.662857,,1.054645,2794.52101,0.994265,0.085886,0.037911,,,1727.371703,,1.907504,,,-16.324658
GSLSU,File 1 (vectorbt),,0.0,,,,,,,0.0,inf,,,inf,inf,,,,,,,,
GSLSU,File 2 (custom),,,,,,,,0.0,100.0,,,,,,,,,,,,,
GSPL,File 1 (vectorbt),-7.526675,36.073253,,55.083315,0.008602,,346.459295,42.087501,,1.049661,,1.044511,0.093613,0.137285,,,3550.246205,,4.85043,,,-10.074049
GSPL,File 2 (custom),-7.306653,36.137016,,55.128087,0.005863,,346.072451,42.558473,,1.049058,,1.044876,0.077379,0.033524,,,1768.390992,,4.845014,,,-9.286958
GSS,File 1 (vectorbt),-12.467943,39.055485,,39.055485,-0.040091,81348.995572,-3730.200886,54.365623,,0.99166,,0.59693,-0.016479,-0.025081,,,867.492569,,-18.651004,,,-17.434514
GSS,File 2 (custom),-12.01242,39.116269,,39.116269,-0.026565,82292.084962,-3541.583008,53.687685,,0.994618,,0.61156,-0.008824,-0.004278,,,428.774881,,-17.707915,,,-17.317296
GTECJAINX,File 1 (vectorbt),,0.0,,,,,,,0.0,inf,,,inf,inf,,,,,,,,
GTECJAINX,File 2 (custom),,,,,,,,0.0,100.0,,,,,,,,,,,,,
GTL,File 1 (vectorbt),-14.19663,24.649262,,34.422111,-0.098666,28300.970803,-5515.309938,79.475992,,0.687732,,0.219161,-0.549367,-0.714784,,,1420.598016,,-71.699029,,,-19.498545
GTL,File 2 (custom),-12.992082,24.724437,,34.487524,-0.064517,32107.676688,-5222.486409,76.687587,,0.710757,,0.244852,-0.419766,-0.135659,,,713.566659,,-67.892323,,,-19.379266
GTLINFRA,File 1 (vectorbt),-13.078046,38.326465,,38.326465,-0.068732,68638.127565,-5226.978739,42.783732,,0.781273,,0.487043,-0.197511,-0.28904,,,1061.020141,,-31.361872,,,-14.804428
GTLINFRA,File 2 (custom),-12.601508,38.387977,,38.387977,-0.046919,69690.408574,-5051.598571,41.730668,,0.789881,,0.493976,-0.156101,-0.031316,,,515.140236,,-30.309591,,,-14.689838
GTPL,File 1 (vectorbt),-11.745722,36.590032,,43.179246,0.373975,144790.668954,11197.667238,18.900806,,1.415744,,2.606213,0.49567,1.113471,,,910.537236,,44.790669,,,-14.562378
GTPL,File 2 (custom),-11.634188,36.653278,,43.23591,0.251782,144178.123181,11044.530795,18.951748,,1.411034,,2.578057,0.408637,0.263343,,,476.565719,,44.178123,,,-14.44803
GUFICBIO,File 1 (vectorbt),-14.209608,23.881995,,23.881995,-0.092807,42131.173302,-7233.603337,66.62526,,0.806089,,0.122991,-0.38718,-0.54376,,,933.522057,,-57.868827,,,-19.230446
GUFICBIO,File 2 (custom),-13.340855,23.957937,,23.957937,-0.062564,44488.515105,-6938.935612,64.655227,,0.816908,,0.13239,-0.301488,-0.128951,,,460.496278,,-55.511485,,,-19.111434
GUJALKALI,File 1 (vectorbt),-11.400131,28.874112,,47.677006,0.104369,276273.632449,11017.102028,48.590433,,1.214048,,2.696977,0.40828,0.628675,,,4078.442467,,176.273632,,,-19.78789
GUJALKALI,File 2 (custom),-11.288942,28.945067,,47.729177,0.070111,271549.054077,10721.81588,48.700739,,1.213062,,2.654626,0.33707,0.15851,,,2103.889821,,171.549054,,,-19.668322
GUJAPOLLO,File 1 (vectorbt),-9.592775,26.211463,,35.795355,0.155467,151365.518863,5707.279874,22.307167,,1.308761,,1.66409,0.348799,0.718642,,,2604.330513,,51.365519,,,-12.344549
GUJAPOLLO,File 2 (custom),-9.340144,26.285078,,35.859396,0.10587,151140.068392,5682.229821,22.414564,,1.308187,,1.665464,0.289915,0.149566,,,1326.983573,,51.140068,,,-12.232416
GUJGASLTD,File 1 (vectorbt),-7.800862,20.813466,,21.288726,0.033811,106448.314437,907.881043,28.019,,1.076746,1001.028179,1.150429,0.137168,0.203903,,,1450.826465,,6.448314,,,-9.261774
GUJGASLTD,File 2 (custom),-7.595452,20.892474,,21.367258,0.022676,106240.089423,873.742384,27.896437,,1.075517,997.63512,1.145562,0.11225,0.046868,,,674.26987,,6.240089,,,-9.152721
GUJRAFFIA,File 1 (vectorbt),-11.101848,37.309499,,38.141766,0.320122,132152.011469,6430.402294,19.870963,,1.308419,,1.662642,0.505097,0.802928,,,1356.198723,,32.152011,,,-15.428439
GUJRAFFIA,File 2 (custom),-9.831451,33.603515,,35.448844,0.214735,129281.249607,5856.249921,18.628963,,1.294281,,1.686318,0.401878,0.179085,,,679.979949,,29.28125,,,-13.440453
GUJTHEM,File 1 (vectorbt),,0.0,,,,,,,0.0,inf,,,inf,inf,,,,,,,,
GUJTHEM,File 2 (custom),,,,,,,,0.0,100.0,,,,,,,,,,,,,
GULFOILLUB,File 1 (vectorbt),-8.920931,30.880038,,33.968066,0.075264,126865.174256,2985.019362,43.500243,,1.117549,,1.329939,0.268418,0.404202,,,2476.470496,,26.865174,,,-17.300508
GULFOILLUB,File 2 (custom),-7.562879,30.075093,,34.033932,0.073079,134419.407088,3824.378565,38.361424,,1.136008,,1.501778,0.263515,0.163834,,,1229.02115,,34.419407,,,-13.029219
GULFPETRO,File 1 (vectorbt),-12.801335,,,-9.987916,-0.197165,43795.924375,-9367.345937,57.315987,,0.795057,,,-0.549825,-0.803736,,,842.76094,,-56.204076,,,-19.693786
GULFPETRO,File 2 (custom),-12.688746,,,-9.878138,-0.138909,43586.7865,-9402.20225,57.519703,,0.793851,,,-0.460105,-0.28409,,,392.55044,,-56.413214,,,-19.574312
GULPOLY,File 1 (vectorbt),-9.519051,37.436457,,39.117762,0.215008,173828.024369,10546.860624,37.871206,,1.28588,,1.976522,0.522396,0.946438,,,2445.935405,,73.828024,,,-11.045137
GULPOLY,File 2 (custom),-9.409741,36.646347,,39.178484,0.138896,169302.194491,9900.313499,38.024337,,1.273689,,1.92873,0.418533,0.264941,,,1236.159402,,69.302194,,,-10.934302
GVKPIL,File 1 (vectorbt),-12.492824,34.151344,,43.982408,-0.005511,96619.582402,-260.032123,51.530249,,1.030932,,0.968017,0.060028,0.089055,,,2304.517788,,-3.380418,,,-18.817495
GVKPIL,File 2 (custom),-12.107223,32.85332,,38.997933,-0.006474,94397.496851,-430.961781,50.758664,,1.024217,,0.946021,0.039101,0.017817,,,1144.202578,,-5.602503,,,-18.698896
GVPTECH,File 1 (vectorbt),-10.067917,,,-10.067917,-0.371755,89942.140865,-10057.859135,14.565962,,0.565548,,,-0.695179,-0.840097,,,189.932273,,-10.057859,,,-10.067917
GVPTECH,File 2 (custom),-9.958059,,,-9.958059,-0.259643,89863.159533,-10136.840467,14.640511,,0.56343,,,-0.582344,-0.15751,,,89.94203,,-10.13684,,,-9.958059
GVT&D,File 1 (vectorbt),-9.50631,35.021043,,35.021043,-0.061342,74135.612523,-3694.912497,41.882052,,0.950961,,0.450561,-0.113083,-0.169214,,,1094.395894,,-25.864387,,,-11.149042
GVT&D,File 2 (custom),-9.383098,35.085857,,35.085857,-0.043694,73477.480046,-3788.931422,41.961139,,0.948274,,0.438071,-0.099323,-0.055298,,,530.638615,,-26.52252,,,-11.038104
HAL,File 1 (vectorbt),-6.825453,22.945195,,23.851977,0.340532,130345.86144,3793.23268,16.259449,,1.184803,,1.66203,0.457729,0.674002,,,2052.577554,,30.345861,,,-9.485698
HAL,File 2 (custom),-6.718834,23.022073,,23.927949,0.225849,129376.616938,3672.077117,16.302963,,1.180706,,1.643835,0.37267,0.208852,,,1027.333847,,29.376617,,,-9.376421
HAPPSTMNDS,File 1 (vectorbt),-6.514966,,,-6.220416,-0.290286,87405.818657,-6297.090671,13.990958,,0.445019,,,-0.919908,-1.077009,,,373.78817,,-12.594181,,,-6.809517
HAPPSTMNDS,File 2 (custom),-6.408658,,,-6.114401,-0.202033,87364.00372,-6317.99814,14.016819,,0.441624,,,-0.770155,-0.19489,,,178.834849,,-12.635996,,,-6.702914
HAPPYFORGE,File 1 (vectorbt),-6.372852,,,-6.372852,-0.725505,93633.51487,-6366.48513,8.593028,,0.625758,,,-0.75163,-1.177689,,,193.627342,,-6.366485,,,-6.372852
HAPPYFORGE,File 2 (custom),-6.138624,,,-6.138624,-0.50483,93714.422299,-6285.577701,8.500087,,0.627278,,,-0.623078,-0.325279,,,93.166108,,-6.285578,,,-6.138624
HARDWYN,File 1 (vectorbt),-14.616811,,,-11.597936,-0.455351,62219.794149,-12593.40195,42.941481,,0.818786,,,-0.69064,-1.023067,,,486.648615,,-37.780206,,,-16.523283
HARDWYN,File 2 (custom),-14.148991,,,-10.426296,-0.318131,62813.140462,-12395.619846,43.029328,,0.822203,,,-0.562497,-0.498633,,,226.98087,,-37.18686,,,-16.406976
HARIOMPIPE,File 1 (vectorbt),-8.024,27.345308,,27.345308,0.156258,107724.365967,2574.788656,22.239731,,1.255467,,1.501924,0.300331,0.624347,,,561.131392,,7.724366,,,-8.128975
HARIOMPIPE,File 2 (custom),-7.916183,27.41779,,27.41779,0.101269,107300.170893,2433.390298,22.302786,,1.243851,,1.470814,0.24104,0.131242,,,283.059357,,7.300171,,,-8.021054
HARRMALAYA,File 1 (vectorbt),-16.134452,39.351667,,43.793568,-0.04989,53041.434404,-3130.57104,65.345354,,0.921265,,,-0.124387,-0.189353,,,2916.734017,,-46.958566,,,-26.994759
HARRMALAYA,File 2 (custom),-14.612014,36.106112,,43.849619,-0.03275,57497.341606,-2833.51056,60.37852,,0.930356,,,-0.092672,-0.039764,,,1425.474939,,-42.502658,,,-26.867991
HARSHA,File 1 (vectorbt),-9.402586,,,-9.402586,-0.290627,90606.806942,-9393.193058,17.668386,,0.880438,,,-0.283178,-0.420961,,,190.597604,,-9.393193,,,-9.402586
HARSHA,File 2 (custom),-9.293393,,,-9.293393,-0.203154,90558.972731,-9441.027269,17.685192,,0.879187,,,-0.238302,-0.136301,,,90.294662,,-9.441027,,,-9.293393
HATHWAY,File 1 (vectorbt),-8.528193,28.789537,,32.166754,0.103661,125408.196541,2647.463495,21.231004,,1.230782,9523.415568,1.361681,0.285123,0.487074,,,1558.930017,,25.408197,,,-10.480562
HATHWAY,File 2 (custom),-8.338613,28.860577,,32.234419,0.070894,125073.629361,2595.947138,21.106859,,1.228412,9497.946536,1.354702,0.234759,0.088659,,,729.190094,,25.073629,,,-10.370292
HATSUN,File 1 (vectorbt),-7.045196,,,-4.898516,-0.151553,74642.476294,-6339.380927,25.357524,,0.572281,,,-0.758961,-0.940816,,,695.035211,,-25.357524,,,-9.089365
HATSUN,File 2 (custom),-6.938358,,,-4.793823,-0.105364,74482.722695,-6379.319326,25.517277,,0.569416,,,-0.636071,-0.185066,,,333.208864,,-25.517277,,,-8.980485
HAVELLS,File 1 (vectorbt),-8.773524,22.722162,,31.198778,0.09004,174329.561596,2858.829292,39.038608,,1.126199,,1.365258,0.297983,0.416761,,,7765.497556,,74.329562,,,-18.326017
HAVELLS,File 2 (custom),-8.664959,22.153446,,31.267411,0.05291,161221.910992,2354.688884,39.138903,,1.112588,,1.312658,0.223255,0.108941,,,3706.020492,,61.221911,,,-18.207909
HAVISHA,File 1 (vectorbt),-14.958511,68.792646,,68.792646,-0.179822,62801.481599,-5314.074057,51.421605,,0.89577,,0.572578,-0.212364,-0.305227,,,1239.395466,,-37.198518,,,-27.518037
HAVISHA,File 2 (custom),-13.863926,68.295004,,68.295004,-0.111376,67005.497068,-4713.500419,50.303592,,0.915848,,0.61009,-0.140931,-0.077693,,,633.097629,,-32.994503,,,-23.880224
HBLENGINE,File 1 (vectorbt),-12.773799,33.714288,,41.911024,-0.083338,52359.477394,-3402.894472,61.178698,,0.88428,,0.503006,-0.211269,-0.303861,,,1680.502194,,-47.640523,,,-23.93669
HBLENGINE,File 2 (custom),-12.275544,33.780407,,41.968955,-0.055956,54539.259464,-3247.195753,59.485413,,0.892526,,0.523323,-0.162746,-0.065583,,,850.433753,,-45.460741,,,-20.185651
HBSL,File 1 (vectorbt),-10.504108,,,-10.504108,-0.240355,89506.385398,-10493.614602,10.493615,,0.02884,,,-0.985921,-0.986755,,,189.496081,,-10.493615,,,-10.504108
HBSL,File 2 (custom),-10.393814,,,-10.393814,-0.166658,89429.546462,-10570.453538,10.570454,,0.028622,,,-0.819529,-0.100153,,,89.496398,,-10.570454,,,-10.393814
HCC,File 1 (vectorbt),-12.448367,34.17844,,42.887567,0.071797,183468.909767,3974.709989,42.189522,,1.133317,,1.474499,0.254457,0.402182,,,4395.786668,,83.46891,,,-17.701415
HCC,File 2 (custom),-11.927099,33.78464,,42.944522,0.053223,186086.641132,4099.363863,40.03427,,1.135775,,1.480904,0.215051,0.109926,,,2328.285481,,86.086641,,,-17.583931
HCG,File 1 (vectorbt),-7.78613,24.229184,,35.876075,0.354312,148860.071596,5379.120927,18.484795,,,11206.225109,1.897841,0.417866,0.734171,,,1893.636762,,48.860072,,,-9.929644
HCG,File 2 (custom),-7.501111,24.30478,,35.940035,0.240273,148778.932402,5373.793163,18.607639,,,11162.380259,1.90849,0.348071,0.303563,,,896.345833,,48.778932,,,-9.110162
HCLTECH,File 1 (vectorbt),-9.257672,26.545794,,46.129795,0.101637,202427.827475,4453.383803,41.111852,,1.12767,,1.550134,0.327365,0.455672,,,6988.656601,,102.427827,,,-17.148688
HCLTECH,File 2 (custom),-7.729569,26.619075,,46.183512,0.109371,247048.878607,6393.429505,33.748027,,1.155679,,1.829237,0.331729,0.183949,,,4095.696745,,147.048879,,,-17.031757
HCL_INSYS,File 1 (vectorbt),-10.871665,43.37824,,43.37824,-0.113322,40338.038647,-4971.830113,61.243685,,0.741437,,0.301846,-0.478979,-0.655214,,,1647.494259,,-59.661961,,,-13.862966
HCL_INSYS,File 2 (custom),-10.761004,43.434706,,43.434706,-0.079475,39917.739697,-5006.855025,61.645126,,0.738773,,0.298508,-0.402835,-0.153611,,,790.201436,,-60.08226,,,-13.749317
HDFCAMC,File 1 (vectorbt),-7.572432,24.526334,,27.378829,0.157695,122290.63916,4458.127832,27.914628,,1.172671,,2.058181,0.395713,0.636919,,,929.041939,,22.290639,,,-10.048535
HDFCAMC,File 2 (custom),-7.465067,24.601632,,27.451278,0.107287,121971.258924,4394.251785,27.76714,,1.171697,,2.047245,0.327706,0.203344,,,471.018834,,21.971259,,,-9.938696
HDFCBANK,File 1 (vectorbt),-6.405275,18.071664,,26.55322,0.105698,224512.48081,4788.94157,38.419433,,1.169676,,1.878826,0.376274,0.595925,,,7711.263028,,124.512481,,,-13.28629
HDFCBANK,File 2 (custom),-6.29057,18.094398,,26.621418,0.069375,217172.669485,4506.641134,38.490558,,1.163615,,1.827959,0.302495,0.175271,,,3842.761782,,117.172669,,,-13.173216
HDFCLIFE,File 1 (vectorbt),-5.376346,15.36936,,18.990299,0.687736,141842.357862,5230.294733,10.187851,,1.337017,,2.380124,0.73633,1.233385,,,2142.683885,,41.842358,,,-6.504661
HDFCLIFE,File 2 (custom),-5.271174,15.453807,,19.071128,0.454033,140561.004991,5070.125624,10.262167,,1.328352,,2.325167,0.598738,0.38784,,,1085.013278,,40.561005,,,-6.398362
HEADSUP,File 1 (vectorbt),-13.440171,,,-11.822172,-0.204863,64867.828105,-11710.723965,35.132172,,0.371758,,,-0.919194,-1.023411,,,493.174688,,-35.132172,,,-14.641002
HEADSUP,File 2 (custom),-13.326944,,,-11.710561,-0.143202,64717.532921,-11760.82236,35.282467,,0.370381,,,-0.766565,-0.15866,,,228.787218,,-35.282467,,,-14.526576
HECPROJECT,File 1 (vectorbt),-14.345407,,,-10.027155,-0.239374,73205.545333,-13397.227333,43.315454,,0.673664,,,-0.504817,-0.811457,,,353.144828,,-26.794455,,,-18.663658
HECPROJECT,File 2 (custom),-13.333706,,,-8.1222,-0.158447,74547.331672,-12726.334164,43.358781,,0.688382,,,-0.395323,-0.315224,,,166.312267,,-25.452668,,,-18.545213
HEG,File 1 (vectorbt),-9.888221,30.297886,,34.222145,-0.030944,74780.105436,-2129.461195,52.04804,,0.956255,4592.562167,0.650594,-0.059739,-0.089977,,,2124.620546,,-25.219895,,,-12.781891
HEG,File 2 (custom),-9.778542,30.367418,,34.287757,-0.022109,73852.52223,-2191.449045,52.573977,,0.952346,4532.808864,0.641042,-0.054228,-0.017779,,,1005.94039,,-26.147478,,,-12.669321
HEIDELBERG,File 1 (vectorbt),-9.263785,24.865588,,30.597318,-0.009034,95556.295982,-634.81486,39.772272,,1.014279,,0.906269,0.029824,0.042373,,,1367.295476,,-4.443704,,,-13.525563
HEIDELBERG,File 2 (custom),-8.9057,24.940548,,30.666552,-0.005328,96179.977471,-545.717504,39.930325,,1.016201,,0.917709,0.02813,0.012561,,,680.536321,,-3.820023,,,-13.41225
HEMIPROP,File 1 (vectorbt),-12.812986,19.796925,,19.796925,-0.213634,79361.544037,-5159.613991,32.810381,,0.934234,,0.427294,-0.200473,-0.289411,,,695.140915,,-20.638456,,,-14.915446
HEMIPROP,File 2 (custom),-12.502007,19.876948,,19.876948,-0.146992,79620.927951,-5094.768012,32.832986,,0.935315,,0.429621,-0.163931,-0.109087,,,338.815486,,-20.379072,,,-14.800745
HERANBA,File 1 (vectorbt),,0.0,,,,,,,0.0,inf,,,inf,inf,,,,,,,,
HERANBA,File 2 (custom),,,,,,,,0.0,100.0,,,,,,,,,,,,,
HERCULES,File 1 (vectorbt),-9.944594,35.296739,,60.771537,0.301658,215240.12225,14405.015281,22.390412,,1.382843,,2.290369,0.469869,1.008753,,,3194.365519,,115.240122,,,-12.297237
HERCULES,File 2 (custom),-9.834859,35.361278,,60.810626,0.202555,213393.535627,14174.191953,22.526168,,1.378628,,2.266754,0.387226,0.239306,,,1647.117819,,113.393536,,,-12.185152
HERITGFOOD,File 1 (vectorbt),-12.414726,28.431295,,36.020715,-0.009658,90216.387945,-543.534003,59.872631,,1.019224,,0.926206,0.041064,0.063129,,,2911.849536,,-9.783612,,,-19.25095
HERITGFOOD,File 2 (custom),-12.017169,28.110535,,34.867461,-0.006584,90534.824031,-525.843109,58.617228,,1.019681,,0.92699,0.034862,0.018636,,,1446.775859,,-9.465176,,,-19.131918
HEROMOTOCO,File 1 (vectorbt),-7.342695,14.536848,,17.289087,-0.055376,62620.612538,-1868.969373,53.406626,,0.921156,,0.526295,-0.202432,-0.273199,,,2634.520318,,-37.379387,,,-10.754353
HEROMOTOCO,File 2 (custom),-7.235559,14.622126,,17.371615,-0.04103,60573.852377,-1971.307381,53.505423,,0.91244,,0.497193,-0.187219,-0.090815,,,1261.593416,,-39.426148,,,-10.643809
HESTERBIO,File 1 (vectorbt),-8.227203,22.329559,,22.329559,-0.112092,72926.316218,-3867.669112,39.46445,,0.872603,,0.35848,-0.272016,-0.425013,,,1125.153051,,-27.073684,,,-12.094271
HESTERBIO,File 2 (custom),-8.119184,22.407052,,22.407052,-0.078794,72727.647949,-3896.050293,39.363303,,0.870356,,0.354767,-0.23025,-0.128569,,,545.147234,,-27.272352,,,-11.982388
HEUBACHIND,File 1 (vectorbt),-6.995677,24.713859,,30.377122,0.296852,208945.155087,10894.515509,19.79704,,1.574747,,2.854567,0.575654,1.215882,,,3144.283407,,108.945155,,,-8.551848
HEUBACHIND,File 2 (custom),-6.788138,24.78897,,30.446576,0.199281,207627.665141,10762.766514,20.003003,,1.570824,,2.833398,0.476629,0.229309,,,1622.917132,,107.627665,,,-8.443505
HEXATRADEX,File 1 (vectorbt),-14.30245,38.064545,,43.57315,-0.023957,87925.351133,-1724.949838,59.836653,,0.964943,,0.796976,-0.056527,-0.081662,,,1070.108073,,-12.074649,,,-16.667618
HEXATRADEX,File 2 (custom),-13.246569,37.641815,,42.660413,-0.011644,91635.657348,-1194.906093,57.914963,,0.985849,,0.853343,-0.018971,-0.007967,,,549.106335,,-8.364343,,,-14.541971
HEXT,File 1 (vectorbt),,0.0,,,,,,,0.0,inf,,,inf,inf,,,,,,,,
HEXT,File 2 (custom),,,,,,,,0.0,100.0,,,,,,,,,,,,,
HFCL,File 1 (vectorbt),-14.165295,30.976271,,41.239254,0.073283,173731.571128,3973.57323,49.49907,,1.153321,10154.399441,1.361822,0.279722,0.477764,,,4324.633608,,73.731571,,,-21.10302
HFCL,File 2 (custom),-14.051344,30.764657,,41.297856,0.047294,168340.632421,3656.477851,49.621237,,1.147121,9836.986812,1.337918,0.223744,0.125209,,,2068.570037,,68.340632,,,-20.982138
HGINFRA,File 1 (vectorbt),-8.973295,30.134565,,36.779658,0.073902,115914.425586,2652.404264,40.950092,,1.097601,,1.444896,0.250365,0.38828,,,1169.101149,,15.914426,,,-10.509168
HGINFRA,File 2 (custom),-8.864531,30.20426,,36.842715,0.048928,115317.925982,2552.987664,41.006371,,1.095486,,1.426237,0.203737,0.131155,,,589.978626,,15.317926,,,-10.398869
HGS,File 1 (vectorbt),-8.759778,28.582915,,42.419775,0.138751,133018.356379,4127.294547,22.715313,,1.146667,,1.628451,0.286991,0.510409,,,1784.509297,,33.018356,,,-13.144249
HGS,File 2 (custom),-8.451589,26.071879,,34.730354,0.079854,125954.289204,3244.286151,21.887261,,1.122358,,1.508819,0.210418,0.131026,,,895.602475,,25.954289,,,-13.031318
HIKAL,File 1 (vectorbt),-9.987647,39.393812,,75.614881,0.200946,298959.104599,19895.91046,35.223381,,1.392777,,2.656326,0.534967,1.091506,,,4408.478968,,198.959105,,,-12.085733
HIKAL,File 2 (custom),-9.748271,34.542166,,51.078683,0.11696,256155.616341,15615.561634,35.385437,,1.339863,,2.514029,0.406951,0.232206,,,1981.382536,,156.155616,,,-11.973859
HILTON,File 1 (vectorbt),-15.901379,42.925246,,49.487272,0.033565,121331.343025,2666.417878,49.545572,,1.120037,,1.268839,0.179477,0.306003,,,1524.263619,,21.331343,,,-22.899847
HILTON,File 2 (custom),-15.268495,42.564689,,49.537635,0.025685,123130.088981,2891.261123,48.001517,,1.125582,,1.298244,0.15532,0.07319,,,780.063924,,23.130089,,,-22.77717
HIMATSEIDE,File 1 (vectorbt),-8.308186,23.169915,,23.401066,-0.056273,58304.867188,-3207.317909,52.565216,,0.826862,,0.496698,-0.277804,-0.391108,,,2296.502804,,-41.695133,,,-12.815065
HIMATSEIDE,File 2 (custom),-7.661378,23.246568,,23.477488,-0.036503,61542.83894,-2958.243158,50.627548,,0.842463,,0.521869,-0.21058,-0.073222,,,1188.259973,,-38.457161,,,-10.208284
HINDALCO,File 1 (vectorbt),-8.318803,21.309155,,37.267761,0.10974,226683.09123,4368.382456,36.656412,,1.157002,,1.592735,0.347178,0.521101,,,8860.171224,,126.683091,,,-17.225954
HINDALCO,File 2 (custom),-8.122756,21.371778,,37.330331,0.073648,223167.780629,4247.164849,36.754508,,1.154655,,1.584186,0.284416,0.148139,,,4446.460574,,123.167781,,,-17.108945
HINDCOMPOS,File 1 (vectorbt),-13.604676,38.972826,,45.909504,0.036292,131672.244205,2879.294928,56.880941,,1.151539,,1.269369,0.203355,0.320157,,,2539.279795,,31.672244,,,-21.531047
HINDCOMPOS,File 2 (custom),-12.300003,37.265371,,43.154006,0.03117,137172.472926,3379.315721,52.414331,,1.162704,,1.336199,0.184539,0.071252,,,1347.290846,,37.172473,,,-18.092734
HINDCON,File 1 (vectorbt),-12.518848,56.148675,,81.059058,1.352843,207758.995837,35919.665279,17.423736,,2.456783,,5.76099,0.780984,3.229075,,,986.51259,,107.758996,,,-12.518848
HINDCON,File 2 (custom),-12.406541,31.611347,,31.915809,0.489194,150813.957344,16937.985781,17.493161,,1.758179,,4.068048,0.661317,0.327333,,,397.925034,,50.813957,,,-12.406541
HINDCOPPER,File 1 (vectorbt),-10.395201,35.284597,,39.353142,-0.073233,75889.318493,-2411.068151,35.453143,,0.909417,,0.671795,-0.137833,-0.234506,,,1663.223117,,-24.110682,,,-13.977982
HINDCOPPER,File 2 (custom),-10.285016,34.418457,,39.024617,-0.053323,74157.764426,-2584.223557,36.549577,,0.898478,,0.646462,-0.128809,-0.059372,,,808.425472,,-25.842236,,,-13.864218
HINDMOTORS,File 1 (vectorbt),-13.616212,33.382767,,33.382767,-0.132294,40843.058139,-6572.99354,66.717795,,0.782115,,0.201675,-0.47151,-0.722679,,,1046.023101,,-59.156942,,,-26.048629
HINDMOTORS,File 2 (custom),-13.50281,29.927093,,29.927093,-0.094493,39455.459997,-6727.171111,67.848429,,0.772413,,0.179406,-0.411243,-0.227098,,,486.637409,,-60.54454,,,-25.922806
HINDOILEXP,File 1 (vectorbt),-13.700254,31.4289,,44.22099,-0.034735,67566.431988,-2316.683429,62.281706,,0.977449,,0.692803,-0.042468,-0.063435,,,1941.762421,,-32.433568,,,-18.617039
HINDOILEXP,File 2 (custom),-13.442995,30.251657,,44.276614,-0.025788,65209.301686,-2485.04988,63.334603,,0.970581,,0.660523,-0.046309,-0.020557,,,928.746649,,-34.790698,,,-18.498641
HINDPETRO,File 1 (vectorbt),-7.805728,25.571781,,37.21375,0.012058,109574.78497,683.913212,42.415638,,1.061126,,1.096726,0.101985,0.147614,,,3419.438259,,9.574785,,,-10.168728
HINDPETRO,File 2 (custom),-7.698129,23.77909,,31.477301,0.001876,102096.552477,149.753748,42.616072,,1.039689,,1.022073,0.055812,0.02016,,,1627.8303,,2.096552,,,-10.058769
HINDUNILVR,File 1 (vectorbt),-5.851691,13.892134,,18.799395,0.06558,149555.04246,1769.822945,30.989538,,1.147428,,1.411687,0.264079,0.394776,,,6762.79294,,49.555042,,,-8.044391
HINDUNILVR,File 2 (custom),-5.739191,13.978056,,18.880415,0.041137,145455.384687,1623.406596,31.638955,,1.138691,,1.378564,0.2071,0.086224,,,3345.090738,,45.455385,,,-7.936555
HINDWAREAP,File 1 (vectorbt),-11.273167,,,-10.706792,-0.253828,78741.29258,-10629.35371,24.338582,,0.781718,,,-0.465323,-0.611957,,,355.064958,,-21.258707,,,-11.839543
HINDWAREAP,File 2 (custom),-11.162105,,,-10.596295,-0.177169,78669.243108,-10665.378446,24.402204,,0.780392,,,-0.389318,-0.150169,,,166.340757,,-21.330757,,,-11.727915
HINDZINC,File 1 (vectorbt),-7.548991,25.04792,,28.381831,-0.057153,77534.786325,-2092.694791,35.001367,,0.917983,554.429028,0.598563,-0.144517,-0.191882,,,1834.028321,,-22.465214,,,-10.383858
HINDZINC,File 2 (custom),-7.369296,25.122698,,28.453278,-0.040197,77216.79829,-2121.392182,35.019059,,0.916059,552.112294,0.592852,-0.122945,-0.039833,,,864.728927,,-22.783202,,,-10.273684
HIRECT,File 1 (vectorbt),-11.924414,41.710334,,56.712161,0.040309,131592.397746,3510.266416,55.353218,,1.120263,,1.470465,0.206874,0.376531,,,1682.139728,,31.592398,,,-15.645083
HIRECT,File 2 (custom),-11.731529,40.222052,,52.116068,0.024208,127179.772677,3019.974742,55.485791,,1.111528,,1.413171,0.160283,0.09803,,,835.619117,,27.179773,,,-15.529654
HISARMETAL,File 1 (vectorbt),-14.138103,34.578951,,34.578951,-0.214936,39629.528829,-6707.83013,69.19919,,0.850002,,0.158072,-0.433256,-0.62368,,,1016.217314,,-60.370471,,,-18.85774
HISARMETAL,File 2 (custom),-13.758043,34.644206,,34.644206,-0.150681,40341.503388,-6628.721846,68.558408,,0.852863,,0.161256,-0.352295,-0.220456,,,484.196469,,-59.658497,,,-18.739101
HITECH,File 1 (vectorbt),-13.317643,29.155716,,35.487744,0.36754,161378.37734,12275.675468,28.221369,,1.167116,,3.465979,0.506691,0.843189,,,1027.425043,,61.378377,,,-15.588016
HITECH,File 2 (custom),-13.204538,29.226389,,35.552092,0.246422,160477.365758,12095.473152,28.268146,,1.165572,,3.418205,0.417735,0.367457,,,542.797734,,60.477366,,,-15.472643
HITECHCORP,File 1 (vectorbt),-15.444941,31.836776,,41.761588,-0.013344,92482.715084,-683.389538,51.891944,,1.040661,,0.916292,0.11066,0.189772,,,1674.814569,,-7.517285,,,-21.20662
HITECHCORP,File 2 (custom),-15.329712,31.904771,,41.819668,-0.010519,91473.13535,-775.169514,51.872056,,1.039226,,0.905019,0.088834,0.074479,,,828.581279,,-8.526865,,,-21.085635
HITECHGEAR,File 1 (vectorbt),-12.485795,38.538468,,41.319643,-0.077781,60957.671679,-2788.737737,42.739588,,0.91538,,0.654091,-0.160297,-0.220754,,,2145.681127,,-39.042328,,,-17.008162
HITECHGEAR,File 2 (custom),-11.753016,38.599768,,41.378165,-0.051766,65191.332372,-2486.333402,38.583538,,0.92848,,0.682714,-0.113897,-0.045459,,,1081.038071,,-34.808668,,,-16.234703
HLEGLAS,File 1 (vectorbt),-13.71793,,,-13.71793,-0.246069,86295.773957,-13704.226043,19.800885,,0.791194,,,-0.343985,-0.421013,,,186.282256,,-13.704226,,,-13.71793
HLEGLAS,File 2 (custom),-13.604426,,,-13.604426,-0.171357,86358.282186,-13641.717814,19.68706,,0.789928,,,-0.287979,-0.078876,,,85.461482,,-13.641718,,,-13.604426
HLVLTD,File 1 (vectorbt),-12.229455,35.600621,,46.205862,-0.032107,76158.224536,-1986.814622,47.591213,,0.991295,,0.759082,-0.015639,-0.024401,,,2030.220699,,-23.841775,,,-17.338859
HLVLTD,File 2 (custom),-11.8858,35.361497,,46.259502,-0.022122,76628.076945,-1947.660255,46.727087,,0.992082,,0.760357,-0.011831,-0.005498,,,1003.222818,,-23.371923,,,-17.004578
HMAAGRO,File 1 (vectorbt),-8.791531,,,-8.791531,-0.749134,91217.251466,-8782.748534,8.782749,,0.542159,,,-0.824883,-0.931251,,,191.20866,,-8.782749,,,-8.791531
HMAAGRO,File 2 (custom),-8.682948,,,-8.682948,-0.522742,91139.183679,-8860.816321,8.860816,,0.539653,,,-0.69214,-0.166902,,,91.178659,,-8.860816,,,-8.682948
HMVL,File 1 (vectorbt),-10.582757,41.057617,,44.116605,0.028506,113154.594314,1879.227759,43.111425,,1.097815,,1.167287,0.154828,0.268691,,,1918.457156,,13.154594,,,-16.661104
HMVL,File 2 (custom),-10.472384,35.731485,,38.060468,0.006147,103967.381344,566.768763,43.250176,,1.054946,,1.054386,0.077999,0.036098,,,890.510449,,3.967381,,,-16.544659
HNDFDS,File 1 (vectorbt),-9.766276,,,-8.96282,-0.245285,66304.097588,-8423.975603,39.984356,,0.665413,,,-0.846481,-1.172218,,,658.625302,,-33.695902,,,-11.583076
HNDFDS,File 2 (custom),-9.65672,,,-8.854066,-0.172383,66151.073312,-8462.231672,40.120164,,0.66377,,,-0.707124,-0.357875,,,311.432012,,-33.848927,,,-11.471704
HOMEFIRST,File 1 (vectorbt),-8.543577,30.226247,,30.226247,0.117829,108902.878139,2967.626046,24.587232,,1.110503,,1.544362,0.258901,0.404607,,,556.845129,,8.902878,,,-9.688584
HOMEFIRST,File 2 (custom),-8.435242,30.295851,,30.295851,0.07887,108645.879227,2881.959742,24.54199,,1.108422,,1.525962,0.211507,0.138285,,,281.846746,,8.645879,,,-9.579105
HONASA,File 1 (vectorbt),-8.536343,,,-6.978888,-0.869576,83647.398042,-8176.300979,17.016348,,0.632862,,,-0.690447,-0.777752,,,363.463981,,-16.352602,,,-10.093797
HONASA,File 2 (custom),-8.428015,,,-6.872116,-0.619008,83524.55137,-8237.724315,17.040161,,0.630155,,,-0.579864,-0.153464,,,173.154048,,-16.475449,,,-9.983914
HONAUT,File 1 (vectorbt),-7.58631,19.933724,,37.728231,-0.021882,82771.366935,-783.119685,62.597628,,0.984355,,0.882925,-0.035797,-0.056527,,,5049.107427,,-17.228633,,,-12.431449
HONAUT,File 2 (custom),-7.452968,20.01361,,37.79034,-0.011504,86940.799434,-593.600026,61.043301,,0.9938,,0.90524,-0.011701,-0.00698,,,2344.04701,,-13.059201,,,-12.31923
HONDAPOWER,File 1 (vectorbt),-9.319417,29.571593,,37.201516,0.074421,165838.408586,5064.492968,54.295558,,1.133594,,1.334186,0.30704,0.533084,,,6078.454496,,65.838409,,,-12.416442
HONDAPOWER,File 2 (custom),-9.175008,29.641851,,37.264152,0.050069,164282.06767,4944.774436,54.329902,,1.131922,,1.328922,0.252202,0.183642,,,3043.148203,,64.282068,,,-12.304238
HOVS,File 1 (vectorbt),-14.968003,38.966986,,39.587218,0.026715,116960.712451,2340.92431,49.623595,,1.09723,-1766.682028,1.142561,0.159601,0.300831,,,2618.534329,,16.960712,,,-22.026977
HOVS,File 2 (custom),-14.85325,38.753398,,39.647471,0.016704,115337.192088,2134.89419,49.783277,,1.093248,-1741.961432,1.130776,0.127402,0.080007,,,1249.258378,,15.337192,,,-21.905172
HPAL,File 1 (vectorbt),-7.685834,,,-7.685834,-0.429773,92321.843991,-7678.156009,7.678156,,,,,-1.364871,-1.362181,,,192.314358,,-7.678156,,,-7.685834
HPAL,File 2 (custom),-7.578356,,,-7.578356,-0.298352,92238.751261,-7761.248739,7.761249,,,,,-1.141447,-0.264084,,,92.308315,,-7.761249,,,-7.578356
HPIL,File 1 (vectorbt),,0.0,,,,,,,0.0,inf,,,inf,inf,,,,,,,,
HPIL,File 2 (custom),,,,,,,,0.0,100.0,,,,,,,,,,,,,
HPL,File 1 (vectorbt),-11.540223,36.771635,,39.684846,-0.039462,89577.04523,-1302.869346,46.65517,,1.00922,,0.839161,0.027758,0.044548,,,1414.47067,,-10.422955,,,-12.438137
HPL,File 2 (custom),-11.428894,36.834701,,39.745001,-0.029112,88865.737368,-1391.782829,46.938102,,1.007207,,0.828718,0.018058,0.01481,,,699.258359,,-11.134263,,,-12.325911
HSCL,File 1 (vectorbt),-11.592937,24.164897,,30.318709,-0.066492,70502.747735,-2681.568388,41.799933,,0.942001,,0.63684,-0.111029,-0.162816,,,1755.321825,,-29.497252,,,-20.784958
HSCL,File 2 (custom),-10.280372,24.240556,,30.388221,-0.03243,78195.25428,-1982.249611,41.940994,,0.966082,,0.724308,-0.054963,-0.026966,,,962.368012,,-21.804746,,,-15.888378
HTMEDIA,File 1 (vectorbt),-11.621379,30.823268,,35.153632,-0.013883,91872.299895,-1161.100015,45.37657,,0.994566,,0.854491,-0.007763,-0.011929,,,1297.264432,,-8.1277,,,-17.416409
HTMEDIA,File 2 (custom),-11.492246,30.892276,,35.218314,-0.010234,91331.253104,-1238.392414,45.497954,,0.991642,,0.845148,-0.009937,-0.003596,,,642.810455,,-8.668747,,,-17.29921
HUBTOWN,File 1 (vectorbt),-13.038556,47.356417,,62.628395,0.068072,135862.121175,3984.680131,49.625297,,1.130754,,1.487877,0.265174,0.390403,,,1684.279106,,35.862121,,,-22.405257
HUBTOWN,File 2 (custom),-11.926146,46.863623,,61.029772,0.05974,143598.319768,4844.257752,45.953174,,1.143998,,1.612534,0.245994,0.126474,,,896.884886,,43.59832,,,-16.384985
HUDCO,File 1 (vectorbt),-9.498029,39.789542,,46.86016,0.402553,153959.522723,8873.442614,20.25936,,1.536518,9592.309651,2.273781,0.650837,1.159743,,,1282.894016,,53.959523,,,-11.300884
HUDCO,File 2 (custom),-9.388741,39.849592,,46.913146,0.269156,153135.838079,8721.740236,20.400632,,1.529254,9527.1369,2.245718,0.534998,0.214774,,,589.797921,,53.135838,,,-11.189794
HUHTAMAKI,File 1 (vectorbt),-9.802282,21.394197,,27.052538,0.025196,125551.010323,1703.400688,51.188247,,1.072792,,1.317616,0.160228,0.246293,,,2660.295428,,25.55101,,,-14.759555
HUHTAMAKI,File 2 (custom),-9.487336,21.472624,,27.125312,0.017713,126239.271717,1749.284781,51.382353,,1.074566,,1.332763,0.134996,0.072643,,,1341.874151,,26.239272,,,-14.64501
HYBRIDFIN,File 1 (vectorbt),-4.968815,,,-4.968815,-0.581017,95036.148456,-4963.851544,4.963852,,0.264788,,,-0.997411,-1.131772,,,195.03138,,-4.963852,,,-4.968815
HYBRIDFIN,File 2 (custom),-4.432682,,,-4.432682,-0.402525,95376.59238,-4623.40762,4.623408,,0.279151,,,-0.806276,-0.200285,,,95.467351,,-4.623408,,,-4.432682
HYUNDAI,File 1 (vectorbt),,0.0,,,,,,,0.0,inf,,,inf,inf,,,,,,,,
HYUNDAI,File 2 (custom),,,,,,,,0.0,100.0,,,,,,,,,,,,,
ICDSLTD,File 1 (vectorbt),-14.387516,,,-14.350508,-0.410708,73319.572694,-13340.213653,26.680427,,0.215916,,,-1.286123,-1.411893,,,344.473008,,-26.680427,,,-14.424525
ICDSLTD,File 2 (custom),-13.075429,,,-11.914487,-0.286012,75252.959562,-12373.520219,24.74704,,0.231002,,,-1.029628,-0.256395,,,163.251318,,-24.74704,,,-14.236371
ICEMAKE,File 1 (vectorbt),-17.062158,38.418238,,38.418238,-0.06623,87227.782387,-1595.528719,42.835632,,0.989692,-7985.631455,0.889113,-0.026575,-0.039381,,,794.00413,,-12.772218,,,-18.027467
ICEMAKE,File 2 (custom),-14.20799,38.479658,,38.479658,-0.026993,92834.828537,441.780523,39.836282,,1.010541,-8490.513031,1.035958,0.022845,0.014908,,,360.048645,,-7.165171,,,-15.980968
ICICIBANK,File 1 (vectorbt),-6.826746,19.839147,,38.206194,0.081705,183410.808531,2780.360284,40.185551,,1.115299,,1.409656,0.284438,0.425826,,,9228.528548,,83.410809,,,-15.774438
ICICIBANK,File 2 (custom),-6.313041,19.644593,,38.267826,0.064361,189637.791697,2987.92639,36.996281,,1.119464,,1.462525,0.248007,0.150592,,,4709.029928,,89.637792,,,-15.65888
ICICIGI,File 1 (vectorbt),-5.718903,25.719338,,39.129016,0.264618,123440.972182,3906.828697,15.444344,,1.204286,,1.851954,0.415392,0.66067,,,1411.035429,,23.440972,,,-6.186503
ICICIGI,File 2 (custom),-5.61339,25.793444,,39.189727,0.175523,122584.786254,3764.131042,15.440413,,1.198696,,1.816842,0.336642,0.185647,,,709.748688,,22.584786,,,-6.080522
ICICIPRULI,File 1 (vectorbt),-5.994871,,,-3.758908,-0.206172,57330.102436,-4741.099729,43.425083,,0.523143,,,-1.062273,-1.240438,,,1376.63433,,-42.669898,,,-7.050828
ICICIPRULI,File 2 (custom),-5.889082,,,-3.655352,-0.144843,56934.638956,-4785.040116,43.812665,,0.519245,,,-0.891587,-0.285045,,,663.43624,,-43.065361,,,-6.943984
ICIL,File 1 (vectorbt),-10.92152,35.406982,,36.624266,0.006158,102696.769508,385.252787,35.475592,,1.058616,,1.040701,0.094092,0.144532,,,1602.770558,,2.69677,,,-14.04845
ICIL,File 2 (custom),-10.810809,35.471411,,36.687478,0.003204,102030.343632,290.04909,35.540777,,1.056461,,1.030569,0.075434,0.030119,,,799.470431,,2.030344,,,-13.934615
ICRA,File 1 (vectorbt),-6.102587,21.572751,,22.037618,0.066958,131861.761491,2655.146791,33.890951,,,,1.589889,0.231889,0.400349,,,2603.834603,,31.861761,,,-7.936746
ICRA,File 2 (custom),-5.860366,21.651,,22.115402,0.046232,131360.568458,2613.380705,33.302035,,,,1.595997,0.192006,0.106612,,,1294.287288,,31.360568,,,-7.829017
IDBI,File 1 (vectorbt),-10.136679,29.965079,,47.594136,0.030817,136432.812121,1734.895815,50.31103,,1.074659,,1.307937,0.177447,0.25016,,,3463.926192,,36.432812,,,-16.695447
IDBI,File 2 (custom),-9.870072,30.034944,,47.646389,0.021349,136925.247926,1758.345139,50.604898,,1.075022,,1.317554,0.148234,0.073912,,,1743.623111,,36.925248,,,-16.578968
IDEA,File 1 (vectorbt),-10.774137,,,-6.739544,-0.128876,28175.038179,-6529.541984,75.400143,,0.863586,,,-0.326661,-0.478294,,,1319.484649,,-71.824962,,,-20.467795
IDEA,File 2 (custom),-10.663574,,,-6.633011,-0.090744,27912.615123,-6553.398625,75.629148,,0.86246,,,-0.273868,-0.147219,,,621.657869,,-72.087385,,,-20.347548
IDEAFORGE,File 1 (vectorbt),,0.0,,,,,,,0.0,inf,,,inf,inf,,,,,,,,
IDEAFORGE,File 2 (custom),,,,,,,,0.0,100.0,,,,,,,,,,,,,
IDFCFIRSTB,File 1 (vectorbt),-8.77537,23.084669,,23.11699,0.025139,104900.266984,816.711164,29.230804,,1.067053,,1.136461,0.122512,0.177206,,,1174.959857,,4.900267,,,-10.149309
IDFCFIRSTB,File 2 (custom),-7.865395,23.161407,,23.193696,0.030067,107931.806395,1321.967732,26.931788,,1.091097,,1.239115,0.137921,0.057579,,,601.761803,,7.931806,,,-10.03937
IEL,File 1 (vectorbt),,16.66408,,16.66408,,116647.432865,16647.432865,,,inf,,,1.58921,inf,,,216.664297,,16.647433,,,16.66408
IEL,File 2 (custom),0.0,16.747233,,16.747233,,116511.258215,16511.258215,0.0,,,,,1.321523,,,,116.611437,,16.511258,,,16.747233
IEX,File 1 (vectorbt),-11.500452,25.797803,,25.797803,0.08835,111070.610366,5661.064344,23.025012,,1.139885,-251.518322,1.985479,0.225771,0.327208,,,499.566831,,11.07061,,,-11.500452
IEX,File 2 (custom),-11.389163,25.871831,,25.871831,0.059408,110834.964993,5542.778422,23.087419,,1.137822,-250.591851,1.95866,0.184908,0.065648,,,199.665736,,10.834965,,,-11.389163
IFBAGRO,File 1 (vectorbt),-17.910176,53.150309,,80.997923,-0.045598,57155.042707,-3570.413108,66.313569,,0.966664,,0.632022,-0.04338,-0.061176,,,1595.353514,,-42.844957,,,-35.364735
IFBAGRO,File 2 (custom),-15.751772,51.946257,,81.016806,-0.022448,70426.850222,-2464.429148,58.791882,,1.008752,,0.750034,0.009232,0.002506,,,925.833931,,-29.57315,,,-23.426151
IFBIND,File 1 (vectorbt),-16.377854,26.833408,,42.761198,-0.114158,19245.254001,-4750.279176,83.503861,,0.760342,,0.214121,-0.384382,-0.453257,,,960.530728,,-80.754746,,,-61.153581
IFBIND,File 2 (custom),-13.549589,26.533437,,41.326421,-0.060726,35971.399521,-3766.388263,69.174038,,0.827346,,0.386931,-0.268258,-0.096581,,,758.451789,,-64.0286,,,-27.663729
IFCI,File 1 (vectorbt),-12.287557,47.149058,,76.254514,-0.030864,71110.088295,-1604.995095,61.040832,,1.010785,,0.866393,0.024894,0.041173,,,4288.120083,,-28.889912,,,-25.079277
IFCI,File 2 (custom),-12.175481,47.201756,,76.278135,-0.022221,69896.12343,-1672.437587,61.65078,,1.008913,,0.860544,0.017119,0.011482,,,2113.773071,,-30.103877,,,-24.954422
IFGLEXPOR,File 1 (vectorbt),-10.216919,,,-6.026157,-0.151403,80453.070204,-9773.464898,27.210333,,0.722057,,,-0.310924,-0.374055,,,368.393618,,-19.54693,,,-14.407682
IFGLEXPOR,File 2 (custom),-7.336293,,,-5.920337,-0.091296,85555.526792,-7222.236604,22.58397,,0.782946,,,-0.215616,-0.047677,,,178.994358,,-14.444473,,,-8.75225
IGARASHI,File 1 (vectorbt),-12.161151,31.57247,,48.298603,0.006017,108063.336642,383.968412,64.647388,,1.055765,,1.049148,0.112571,0.18365,,,3774.309789,,8.063337,,,-20.013406
IGARASHI,File 2 (custom),-11.610129,30.95494,,43.549623,0.005177,110002.453054,476.307288,63.753495,,1.057729,,1.062502,0.096959,0.055716,,,1927.962623,,10.002453,,,-17.63394
IGIL,File 1 (vectorbt),,0.0,,,,,,,0.0,inf,,,inf,inf,,,,,,,,
IGIL,File 2 (custom),,,,,,,,0.0,100.0,,,,,,,,,,,,,
IGL,File 1 (vectorbt),-7.349027,19.38114,,29.200337,0.200647,205686.448108,6216.849889,25.290026,,1.177266,,2.037408,0.424689,0.68757,,,5116.186547,,105.686448,,,-12.561693
IGL,File 2 (custom),-7.241885,19.373851,,28.569147,0.132265,200978.369251,5939.904074,25.426302,,1.172198,,1.993461,0.343718,0.228839,,,2572.677766,,100.978369,,,-12.449343
IGPL,File 1 (vectorbt),-15.732208,42.186618,,63.857471,0.079649,140938.506621,5848.358089,35.750193,,1.193216,,1.431988,0.243764,0.40828,,,1927.865394,,40.938507,,,-21.355206
IGPL,File 2 (custom),-15.125046,40.004105,,62.7219,0.051487,136641.863848,5234.551978,34.556289,,1.182209,,1.405141,0.191273,0.071604,,,967.968067,,36.641864,,,-20.205184
IIFL,File 1 (vectorbt),-13.561206,29.487235,,43.46465,0.058692,159114.432707,3694.652044,59.107474,,1.1132,,1.471809,0.272384,0.398492,,,3183.699069,,59.114433,,,-24.193714
IIFL,File 2 (custom),-13.447858,28.654004,,43.521029,0.034606,149232.126166,3077.007885,59.243869,,1.102725,,1.402303,0.206623,0.110715,,,1560.046326,,49.232126,,,-24.069744
IIFLCAPS,File 1 (vectorbt),-13.557623,34.338319,,34.338319,-0.15516,74930.502227,-5013.899555,45.770765,,0.871416,,0.432923,-0.279406,-0.404324,,,735.292229,,-25.069498,,,-16.144595
IIFLCAPS,File 2 (custom),-13.133478,34.403815,,34.403815,-0.106142,75682.544819,-4863.491036,45.141404,,0.876097,,0.441764,-0.223392,-0.106802,,,359.688376,,-24.317455,,,-14.785464
IITL,File 1 (vectorbt),-11.963356,31.057836,,35.222305,-0.016993,93279.59214,-516.954451,51.745385,,1.029133,,0.926867,0.074764,0.117246,,,2089.318508,,-6.720408,,,-16.091407
IITL,File 2 (custom),-11.092322,30.787576,,34.153766,-0.002928,98276.689222,-132.562368,51.992471,,1.04025,,0.980294,0.085252,0.057894,,,1070.497823,,-1.723311,,,-15.975531
IKIO,File 1 (vectorbt),,0.0,,,,,,,0.0,inf,,,inf,inf,,,,,,,,
IKIO,File 2 (custom),,,,,,,,0.0,100.0,,,,,,,,,,,,,
IKS,File 1 (vectorbt),,0.0,,,,,,,0.0,inf,,,inf,inf,,,,,,,,
IKS,File 2 (custom),,,,,,,,0.0,100.0,,,,,,,,,,,,,
IMAGICAA,File 1 (vectorbt),-12.354046,43.905784,,50.075539,0.338835,220846.386,13427.376222,35.69312,,1.242593,,2.538082,0.617735,1.027492,,,2300.021563,,120.846386,,,-14.328799
IMAGICAA,File 2 (custom),-12.241904,40.238212,,44.197601,0.195591,197228.499762,10803.16664,35.740871,,1.212849,,2.300782,0.457119,0.343189,,,1120.350292,,97.2285,,,-14.214684
IMFA,File 1 (vectorbt),-11.253252,34.580646,,42.635099,0.038135,118720.676527,2080.07517,45.387269,,1.08825,,1.300202,0.183699,0.300048,,,1588.696155,,18.720677,,,-13.42353
IMFA,File 2 (custom),-11.02403,34.645901,,42.692306,0.026085,118457.677279,2050.853031,45.095319,,1.087654,,1.296864,0.151717,0.08964,,,805.104815,,18.457677,,,-12.601243
IMPAL,File 1 (vectorbt),-8.231995,25.094711,,30.026536,0.004011,101630.246302,232.892329,30.577562,,1.042335,,1.033258,0.061058,0.105502,,,1630.937071,,1.630246,,,-9.858744
IMPAL,File 2 (custom),-8.123971,25.169442,,30.096339,0.001707,101007.32336,143.903337,30.737431,,1.039009,,1.020478,0.046876,0.020998,,,811.553562,,1.007323,,,-9.749095
INCREDIBLE,File 1 (vectorbt),-15.332626,40.793677,,47.944849,0.004461,101529.823131,254.970522,56.691319,,1.06079,,1.02355,0.104963,0.135767,,,1177.136014,,1.529823,,,-17.660574
INCREDIBLE,File 2 (custom),-14.33912,40.17581,,46.642924,0.008805,104294.40195,715.733658,54.982147,,1.075988,,1.069072,0.108162,0.033314,,,602.896318,,4.294402,,,-15.4499
INDBANK,File 1 (vectorbt),-16.412876,51.678217,,70.3552,-0.038824,81992.6499,-1637.031827,45.456093,,1.013759,,0.873017,0.026608,0.048649,,,2202.388992,,-18.00735,,,-19.707744
INDBANK,File 2 (custom),-15.99249,48.787712,,61.568678,-0.031403,79161.774696,-1894.384119,45.741685,,1.005869,,0.848492,0.009443,0.00654,,,1069.66024,,-20.838225,,,-19.588256
INDGN,File 1 (vectorbt),,0.0,,,,,,,0.0,inf,,,inf,inf,,,,,,,,
INDGN,File 2 (custom),,,,,,,,0.0,100.0,,,,,,,,,,,,,
INDHOTEL,File 1 (vectorbt),-7.898995,26.154342,,38.26566,0.223546,434739.659639,13947.485818,38.217782,,1.281325,,2.371468,0.620652,1.038554,,,11362.668245,,334.73966,,,-10.281323
INDHOTEL,File 2 (custom),-7.669166,25.925033,,38.327232,0.152067,419695.097976,13320.629082,37.350692,,1.275441,,2.333276,0.506687,0.333425,,,5714.171714,,319.695098,,,-10.171252
INDIACEM,File 1 (vectorbt),-11.013512,27.217817,,30.632576,-0.082904,29770.267966,-3606.248787,78.836494,,0.871569,1895.243696,0.381327,-0.277429,-0.371973,,,2260.479577,,-70.229732,,,-19.084846
INDIACEM,File 2 (custom),-10.673294,27.290427,,30.701774,-0.056917,30668.237427,-3563.610904,78.185889,,0.874649,1940.455517,0.38334,-0.224911,-0.092375,,,1093.408332,,-69.331763,,,-15.154843
INDIAGLYCO,File 1 (vectorbt),-10.961058,35.463127,,48.150859,-0.043216,54123.695726,-2867.269017,74.964092,,0.923412,,0.586923,-0.13789,-0.210947,,,2297.067524,,-45.876304,,,-16.451595
INDIAGLYCO,File 2 (custom),-10.798112,35.322107,,48.202556,-0.030584,53383.086539,-2913.557091,75.133447,,0.920529,,0.580557,-0.119051,-0.053347,,,1124.253173,,-46.616913,,,-16.335359
INDIAMART,File 1 (vectorbt),-8.203859,33.009797,,33.009797,0.151455,111977.648057,3992.549352,18.642445,,1.192624,,1.570387,0.269157,0.451904,,,714.966359,,11.977648,,,-10.889189
INDIAMART,File 2 (custom),-8.095863,33.07662,,33.07662,0.100776,111597.463704,3865.821235,18.675708,,1.188249,,1.552209,0.219555,0.090781,,,360.023053,,11.597464,,,-10.77851
INDIANB,File 1 (vectorbt),-9.508837,30.038233,,36.937537,0.013989,111168.82145,656.989497,61.25908,,1.054381,,1.078308,0.139114,0.210127,,,4026.711512,,11.168821,,,-13.804859
INDIANB,File 2 (custom),-9.345168,30.108025,,37.000436,0.008735,110114.49438,594.970258,61.538953,,1.052639,,1.071202,0.112134,0.0687,,,2003.92828,,10.114494,,,-13.691268
INDIANCARD,File 1 (vectorbt),-11.558914,33.129556,,41.467205,-0.063347,42037.904312,-3422.193038,78.49204,,0.917694,215.185958,0.656149,-0.166873,-0.256075,,,3407.496936,,-57.962096,,,-20.448563
INDIANCARD,File 2 (custom),-10.797665,33.196259,,41.52558,-0.040215,46065.686769,-3186.431861,77.094409,,0.929495,235.028412,0.675935,-0.118191,-0.060638,,,1762.458733,,-53.934313,,,-15.71406
INDIANHUME,File 1 (vectorbt),-10.229147,31.927514,,41.638255,0.143868,244883.77398,7812.038657,39.807176,,1.216021,12079.116814,1.73736,0.405408,0.727882,,,5890.29079,,144.883774,,,-16.807883
INDIANHUME,File 2 (custom),-9.907775,29.863974,,41.696459,0.086021,219918.7397,6416.352248,40.003625,,1.19347,10840.75148,1.664279,0.310755,0.196568,,,2648.762456,,119.91874,,,-14.57776
INDIASHLTR,File 1 (vectorbt),,0.0,,,,,,,0.0,inf,,,inf,inf,,,,,,,,
INDIASHLTR,File 2 (custom),,,,,,,,0.0,100.0,,,,,,,,,,,,,
INDIGO,File 1 (vectorbt),-6.152995,20.871971,,26.729822,0.466413,187324.795283,8732.479528,21.635927,,1.285522,,2.485075,0.710791,1.096662,,,3401.911121,,87.324795,,,-7.089268
INDIGO,File 2 (custom),-5.970096,20.95092,,26.802919,0.316794,186102.673122,8610.267312,21.429987,,1.283864,,2.487672,0.587563,0.364546,,,1722.616034,,86.102673,,,-6.982386
INDIGOPNTS,File 1 (vectorbt),-8.544286,,,-8.544286,-0.32635,91464.249412,-8535.750588,9.011362,,0.622203,,,-0.559234,-0.735368,,,191.455905,,-8.535751,,,-8.544286
INDIGOPNTS,File 2 (custom),-8.43595,,,-8.43595,-0.226436,91495.818297,-8504.181703,8.973657,,0.619644,,,-0.468567,-0.144743,,,90.255116,,-8.504182,,,-8.43595
INDNIPPON,File 1 (vectorbt),-10.967116,28.264472,,44.117128,-0.017244,85114.210503,-875.634676,54.763985,,1.012565,,0.85763,0.025523,0.042594,,,2571.081235,,-14.885789,,,-14.832612
INDNIPPON,File 2 (custom),-10.307678,27.942775,,44.172855,-0.009502,88575.904879,-672.005595,51.762658,,1.018694,,0.889328,0.031528,0.019209,,,1327.836769,,-11.424095,,,-14.717994
INDOAMIN,File 1 (vectorbt),-13.417435,25.858401,,25.858401,0.160077,108965.931854,4482.965927,25.44539,,1.188901,,1.668898,0.316248,0.635451,,,382.167218,,8.965932,,,-13.417435
INDOAMIN,File 2 (custom),-13.304231,25.932368,,25.932368,0.107051,108747.879498,4373.939749,25.489681,,1.185378,,1.649647,0.258765,0.195695,,,195.353696,,8.747879,,,-13.304231
INDOBORAX,File 1 (vectorbt),-10.796103,24.383696,,30.013496,0.596216,122692.187719,5673.04693,16.275383,,1.310549,,1.78502,0.58715,1.050246,,,964.33475,,22.692188,,,-13.895316
INDOBORAX,File 2 (custom),-10.685517,24.459137,,30.083313,0.395728,122178.238831,5544.559708,16.332163,,1.304546,,1.764684,0.480844,0.313144,,,492.202005,,22.178239,,,-13.781634
INDOCO,File 1 (vectorbt),-13.558723,36.073399,,61.324139,0.056066,138164.699763,3816.469976,42.721758,,1.130309,,1.291173,0.229317,0.354409,,,2815.109026,,38.1647,,,-24.653827
INDOCO,File 2 (custom),-13.445378,36.137162,,61.362677,0.037218,136741.660963,3674.166096,42.840974,,1.127393,,1.281122,0.186599,0.081867,,,1417.484647,,36.741661,,,-24.529398
INDOFARM,File 1 (vectorbt),,0.0,,,,,,,0.0,inf,,,inf,inf,,,,,,,,
INDOFARM,File 2 (custom),,,,,,,,0.0,100.0,,,,,,,,,,,,,
INDORAMA,File 1 (vectorbt),-13.120939,30.785234,,35.058525,-0.046633,62708.350035,-3107.637497,65.998018,,0.963038,,0.60486,-0.0699,-0.111732,,,1789.80365,,-37.29165,,25.0,-19.139291
INDORAMA,File 2 (custom),-12.891338,28.112723,,32.542684,-0.059303,40069.514677,-4994.20711,69.833251,,0.868779,,0.376575,-0.205575,-0.095192,,,817.85422,,-59.930485,,16.666667,-19.020371
INDOSTAR,File 1 (vectorbt),-12.252541,29.796378,,31.210655,0.190759,129662.69069,7415.672672,29.015394,,1.19698,,1.887123,0.396637,0.627735,,,1001.646002,,29.662691,,,-13.191917
INDOSTAR,File 2 (custom),-12.140501,29.866412,,31.279276,0.128244,129131.922685,7282.980671,29.073237,,1.19431,,1.868461,0.325978,0.173217,,,514.486637,,29.131923,,,-13.078938
INDOTECH,File 1 (vectorbt),-11.100645,43.150049,,54.486875,0.040011,126974.319706,4495.719951,46.337416,,1.186358,,1.54426,0.210004,0.346955,,,1301.165438,,26.97432,,,-13.417719
INDOTECH,File 2 (custom),-10.471414,43.206742,,54.532242,0.030299,129196.079816,4866.013303,45.207041,,1.197672,,1.61103,0.18377,0.059281,,,671.574739,,29.19608,,,-12.881257
INDOTHAI,File 1 (vectorbt),-19.125067,45.334291,,50.600329,-0.022637,89461.758981,-1756.373503,53.116442,,1.015258,,0.882763,0.026652,0.040922,,,1278.108736,,-10.538241,,,-26.332191
INDOTHAI,File 2 (custom),-19.006161,43.611325,,50.649579,-0.020078,86655.881701,-2224.019716,53.215065,,1.004198,,0.851177,0.006123,0.002636,,,627.342824,,-13.344118,,,-26.206085
INDOUS,File 1 (vectorbt),,0.0,,,,,,,0.0,inf,,,inf,inf,,,,,,,,
INDOUS,File 2 (custom),,,,,,,,0.0,100.0,,,,,,,,,,,,,
INDOWIND,File 1 (vectorbt),-14.158743,46.562781,,53.286047,-0.038008,73624.88296,-2930.56856,66.67315,,0.942894,,0.812402,-0.089427,-0.141677,,,2467.582209,,-26.375117,,,-16.260819
INDOWIND,File 2 (custom),-13.767575,46.616065,,53.332614,-0.025332,74695.725447,-2811.586061,66.09861,,0.947298,,0.817897,-0.068392,-0.029951,,,1219.964225,,-25.304275,,,-14.286325
INDRAMEDCO,File 1 (vectorbt),-11.46781,44.672304,,89.321782,0.126473,358362.815397,15197.81267,58.268322,,1.266874,,1.677757,0.428071,0.793864,,,10108.103073,,258.362815,,,-14.072761
INDRAMEDCO,File 2 (custom),-11.008282,41.802511,,76.753069,0.080741,321145.82788,13008.578111,56.843301,,1.249227,,1.638631,0.334243,0.193178,,,4816.140337,,221.145828,,,-13.958902
INDSWFTLAB,File 1 (vectorbt),-15.016295,47.121147,,,0.159027,448350.530338,24882.180738,56.150143,,1.225824,,2.429795,0.454118,0.795242,,,6254.885864,,348.35053,,,-19.903411
INDSWFTLAB,File 2 (custom),-14.662016,46.123015,,,0.106561,428365.767538,23454.697681,55.298893,,1.220718,,2.374399,0.369534,0.240488,,,3249.1797,,328.365768,,,-18.107382
INDSWFTLTD,File 1 (vectorbt),-10.148382,43.06309,,50.286904,0.059585,132932.194933,5488.699155,37.100111,,1.21234,,1.629066,0.247772,0.397193,,,1469.874575,,32.932195,,,-12.309574
INDSWFTLTD,File 2 (custom),-10.038443,43.11987,,50.336467,0.039872,132118.745453,5353.124242,37.319585,,1.208457,,1.610375,0.202442,0.065315,,,749.425944,,32.118745,,,-12.197476
INDTERRAIN,File 1 (vectorbt),-12.862901,28.190532,,29.446627,0.096994,124305.619075,6171.618184,24.378941,,1.268746,-380.853661,1.624125,0.308012,0.52983,,,1228.914807,,24.305619,,,-14.708194
INDTERRAIN,File 2 (custom),-12.75025,28.26217,,29.51701,0.065027,123750.132716,6032.303019,24.495826,,1.263533,-379.079358,1.608858,0.252115,0.090394,,,562.851469,,23.750133,,,-14.5937
INDUSINDBK,File 1 (vectorbt),-8.087767,37.120222,,69.290436,0.006411,105614.631652,431.894742,45.997198,,1.048227,,1.066391,0.090076,0.138401,,,2580.907109,,5.614632,,,-13.680149
INDUSINDBK,File 2 (custom),-7.756968,37.18294,,69.321015,0.005535,107020.075272,540.00579,45.677528,,1.050983,,1.084404,0.079018,0.036584,,,1296.664577,,7.020075,,,-12.917784
INDUSTOWER,File 1 (vectorbt),-11.40269,21.765528,,29.610113,0.394976,209361.817301,15623.116757,23.098476,,1.48952,,3.929711,0.757491,1.173555,,,2080.139131,,109.361817,,,-13.122734
INDUSTOWER,File 2 (custom),-9.081817,21.843585,,29.680333,0.300913,218225.000829,16889.285833,21.84398,,1.52684,,4.874221,0.678561,0.28691,,,1122.880524,,118.225001,,,-9.573172
INFIBEAM,File 1 (vectorbt),-16.272418,26.393893,,26.393893,-0.08629,88561.935533,-3812.688156,22.259508,,0.939449,,0.65281,-0.094798,-0.136936,,,557.82403,,-11.438064,,,-18.453517
INFIBEAM,File 2 (custom),-14.245734,26.467326,,26.467326,-0.038614,92446.981372,-2517.672876,22.323441,,0.970869,,0.747545,-0.037983,-0.014426,,,285.711715,,-7.553019,,,-14.514026
INFOBEAN,File 1 (vectorbt),-13.011985,24.966499,,24.966499,0.131033,108700.421794,4350.210897,15.907858,,1.359316,,1.669315,0.314391,0.575275,,,382.711533,,8.700422,,,-13.011985
INFOBEAN,File 2 (custom),-12.899186,25.041358,,25.041358,0.087167,108418.781796,4209.390898,15.94194,,1.348944,,1.645267,0.255335,0.096333,,,194.998142,,8.418782,,,-12.899186
INFOMEDIA,File 1 (vectorbt),-16.063191,40.392543,,43.659812,0.035304,116350.106567,3270.021313,44.435493,,1.126386,,1.399726,0.187067,0.276755,,,802.33929,,16.350107,,,-18.88058
INFOMEDIA,File 2 (custom),-15.037032,39.170155,,41.403241,0.02653,117259.741174,3451.948235,42.832321,,1.13185,,1.440318,0.161429,0.057862,,,413.109735,,17.259741,,,-18.761918
INFY,File 1 (vectorbt),-7.748715,19.078345,,34.206627,0.102678,179480.363162,3784.779198,28.902508,,1.139254,,1.590609,0.298838,0.422251,,,6073.006462,,79.480363,,,-12.538853
INFY,File 2 (custom),-6.597913,18.680587,,34.272254,0.086413,193915.807003,4472.181286,26.760613,,1.155244,,1.855896,0.280604,0.132876,,,3074.004312,,93.915807,,,-11.863629
INGERRAND,File 1 (vectorbt),-7.488938,23.060214,,30.083192,0.046943,138597.122636,1543.884905,39.155367,,1.112393,,1.285647,0.202066,0.352306,,,5182.879773,,38.597123,,,-11.351072
INGERRAND,File 2 (custom),-7.309202,23.136977,,30.152939,0.030199,136350.414662,1454.016586,39.792322,,1.108438,,1.268624,0.162595,0.093029,,,2602.387389,,36.350415,,,-11.239932
INNOVACAP,File 1 (vectorbt),,30.404761,,30.404761,13.535683,130374.386876,30374.386876,2.202795,,9.580092,,,2.225876,11.221661,,,230.404992,,30.374387,,,30.404761
INNOVACAP,File 2 (custom),0.0,30.474187,,30.474187,8.917647,130080.203279,30080.203279,2.193142,,9.540923,,,1.860584,1.890453,,,129.768791,,30.080203,,,30.474187
INNOVANA,File 1 (vectorbt),,0.0,,,,,,,0.0,inf,,,inf,inf,,,,,,,,
INNOVANA,File 2 (custom),,,,,,,,0.0,100.0,,,,,,,,,,,,,
INOXGREEN,File 1 (vectorbt),-10.914891,34.459562,,41.38464,1.241879,154970.649875,20190.373416,22.693191,,1.31197,-5600.470374,4.082273,0.990136,1.669134,,,1036.502364,,54.97065,,,-10.914891
INOXGREEN,File 2 (custom),-10.804187,34.524937,,41.443097,0.817018,154424.464034,20000.685076,22.685764,,1.309697,-5577.591196,4.042057,0.819004,0.813464,,,467.292375,,54.424464,,,-10.804187
INOXINDIA,File 1 (vectorbt),-8.627454,,,-8.627454,-0.926408,91381.164678,-8618.835322,9.043055,,0.497608,,,-1.047487,-1.188004,,,191.372737,,-8.618835,,,-8.627454
INOXINDIA,File 2 (custom),-8.519035,,,-8.519035,-0.648607,91312.511382,-8687.488618,9.110695,,0.495105,,,-0.876358,-0.271836,,,91.239122,,-8.687489,,,-8.519035
INOXWIND,File 1 (vectorbt),-13.727138,39.864786,,39.864786,-0.030067,89760.566956,-2559.858261,51.431519,,1.01307,,0.795475,0.024356,0.038639,,,906.567304,,-10.239433,,,-16.05971
INOXWIND,File 2 (custom),-13.613624,39.924761,,39.924761,-0.021426,89451.249548,-2637.187613,51.535073,,1.011735,,0.789834,0.018194,0.009248,,,447.312883,,-10.54875,,,-15.943866
INSECTICID,File 1 (vectorbt),-8.177296,25.739423,,41.867019,-0.009783,96115.1869,-258.98754,36.964094,,1.019057,,0.96506,0.032413,0.052407,,,3500.446694,,-3.884813,,,-12.508368
INSECTICID,File 2 (custom),-7.601055,25.813509,,41.924994,0.000659,100374.569954,24.97133,35.796869,,1.037653,,1.00346,0.05266,0.025059,,,1805.180963,,0.37457,,,-10.203869
INSPIRISYS,File 1 (vectorbt),-11.869764,39.040267,,46.676096,0.050336,124988.381117,2776.486791,38.242009,,1.177514,,1.210845,0.212269,0.372397,,,2707.264572,,24.988381,,,-16.471129
INSPIRISYS,File 2 (custom),-11.455744,39.054361,,46.729267,0.037561,126390.392189,2932.265799,37.054127,,1.185064,,1.227991,0.183062,0.075872,,,1368.239779,,26.390392,,,-14.610291
INTELLECT,File 1 (vectorbt),-9.656917,37.338552,,45.87938,0.095358,125099.889995,4183.314999,33.426913,,1.152833,,1.425152,0.284942,0.429436,,,1709.158914,,25.09989,,,-11.364821
INTELLECT,File 2 (custom),-9.547469,37.401051,,45.933346,0.063749,124438.916288,4073.152715,33.532244,,1.150135,,1.413065,0.232802,0.102932,,,863.148127,,24.438916,,,-11.253667
INTENTECH,File 1 (vectorbt),-14.209308,,,-12.478479,-0.225934,54174.67187,-11456.332032,45.825328,,0.375814,,,-1.11067,-1.271804,,,593.604519,,-45.825328,,,-16.09582
INTENTECH,File 2 (custom),-13.830769,,,-11.965904,-0.15805,54667.993493,-11333.001627,45.332007,,0.379223,,,-0.91672,-0.238101,,,274.198345,,-45.332007,,,-15.97994
INTERARCH,File 1 (vectorbt),-12.079013,,,-12.079013,-1.36907,87933.053691,-12066.946309,14.692258,,0.321825,,,-1.803226,-1.958123,,,187.921175,,-12.066946,,,-12.079013
INTERARCH,File 2 (custom),-11.967146,,,-11.967146,-0.97858,87983.540801,-12016.459199,14.616706,,0.320485,,,-1.506335,-0.606538,,,87.028188,,-12.016459,,,-11.967146
INTLCONV,File 1 (vectorbt),-17.416924,,,-17.416924,-0.23274,82600.475327,-17399.524673,30.800079,,0.86027,,,-0.320234,-0.459303,,,182.583258,,-17.399525,,,-17.416924
INTLCONV,File 2 (custom),-17.299724,,,-17.299724,-0.162883,82540.06333,-17459.93667,30.847463,,0.85965,,,-0.267658,-0.143319,,,82.593896,,-17.459937,,,-17.299724
INVENTURE,File 1 (vectorbt),-15.004919,29.777804,,29.777804,-0.098399,57107.457884,-7148.757019,58.799542,,0.891322,,0.233869,-0.233225,-0.323529,,,750.480917,,-42.892542,,,-22.901543
INVENTURE,File 2 (custom),-14.890129,29.847856,,29.847856,-0.069002,56803.27424,-7199.454293,58.968363,,0.890053,,0.230913,-0.196183,-0.08472,,,353.222574,,-43.196726,,,-22.778864
IOB,File 1 (vectorbt),-12.238642,30.28429,,41.079687,0.053924,148662.358096,3244.157206,44.851743,,1.101944,,1.288422,0.223456,0.355064,,,4221.015217,,48.662358,,,-20.691343
IOB,File 2 (custom),-11.893194,30.119404,,41.138448,0.036539,148228.437537,3215.229169,45.191327,,1.101514,,1.287642,0.18497,0.107774,,,2144.090951,,48.228438,,,-20.570872
IOC,File 1 (vectorbt),-8.334359,,,31.035912,-0.037186,70085.932571,-1495.703371,49.166497,,0.962828,,0.753277,-0.07845,-0.104658,,,3651.792095,,-29.914067,,,-14.643974
IOC,File 2 (custom),-8.217796,,,31.104707,-0.026859,68610.007589,-1569.499621,49.933744,,0.958839,,0.740842,-0.072308,-0.02839,,,1791.845297,,-31.389992,,,-14.529544
IOLCP,File 1 (vectorbt),-8.852865,38.763017,,45.16045,0.131787,152677.401619,5853.044624,34.3657,,1.146215,,1.628507,0.321046,0.533891,,,2659.695949,,52.677402,,,-11.567408
IOLCP,File 2 (custom),-8.74422,38.824093,,45.215134,0.087764,151272.631514,5696.959057,34.598354,,1.143851,,1.609508,0.262789,0.169126,,,1349.306841,,51.272632,,,-11.456052
IONEXCHANG,File 1 (vectorbt),-9.323319,30.612521,,31.196855,1.476358,154631.429353,18210.476451,14.330028,,1.582335,,4.439921,1.098616,2.140052,,,855.709338,,54.631429,,,-9.323319
IONEXCHANG,File 2 (custom),-9.214205,30.68174,,31.265489,0.980076,153959.232754,17986.410918,14.301442,,1.577095,,4.382794,0.907708,0.730127,,,453.428473,,53.959233,,,-9.214205
IPCALAB,File 1 (vectorbt),-10.69373,25.208142,,37.520822,-0.039551,62039.464903,-1997.9229,66.465425,,0.969511,,0.629059,-0.079622,-0.115319,,,2323.525561,,-37.960535,,,-21.577
IPCALAB,File 2 (custom),-10.346899,25.28276,,37.583138,-0.026848,63143.345388,-1939.823927,65.393921,,0.971432,,0.640105,-0.061869,-0.035463,,,1169.071643,,-36.856655,,,-19.708653
IPL,File 1 (vectorbt),-9.53057,,,-9.53057,-0.381135,90478.950947,-9521.049053,9.521049,,,,,-0.832691,-0.832322,,,190.46962,,-9.521049,,,-9.53057
IPL,File 2 (custom),-9.421249,,,-9.421249,-0.264707,90418.056317,-9581.943683,9.581944,,,,,-0.694437,-0.062745,,,90.297135,,-9.581944,,,-9.421249
IRB,File 1 (vectorbt),-8.218346,35.629534,,38.219793,0.237632,200854.9449,15447.368486,25.787677,,1.428796,8170.733982,4.195548,0.505642,0.835628,,,1650.817319,,100.854945,,,-9.24979
IRB,File 2 (custom),-8.110336,35.69374,,38.281411,0.160555,199515.976555,15233.37296,25.852329,,1.424614,8115.738795,4.127813,0.41699,0.140575,,,772.847986,,99.515977,,,-9.140749
IRCON,File 1 (vectorbt),-6.79011,30.091792,,44.06523,1.300901,261874.097343,32374.819469,18.001583,,1.868953,,24.863527,1.394926,2.817355,,,1452.662274,,161.874097,,,-6.79011
IRCON,File 2 (custom),-6.683526,30.161531,,44.121009,0.862765,260294.5199,32058.90398,17.999693,,1.863101,,24.332689,1.154793,0.816101,,,804.538682,,160.29452,,,-6.683526
IRCTC,File 1 (vectorbt),-9.704437,19.635825,,19.635825,0.00624,100652.865215,-869.838627,26.886139,,1.034406,3262.381096,0.859559,0.086321,0.118731,,,630.884421,,0.652865,,,-13.331043
IRCTC,File 2 (custom),-9.594942,19.716009,,19.716009,0.002388,100362.272535,-956.661389,26.935487,,1.032296,3232.256702,0.846198,0.067445,0.033604,,,264.347673,,0.362273,,,-13.217925
IREDA,File 1 (vectorbt),-12.998179,,,-12.998179,-0.935493,87014.80595,-12985.19405,12.985194,,,,,-1.636873,-1.632967,,,187.002008,,-12.985194,,,-12.998179
IREDA,File 2 (custom),-12.885394,,,-12.885394,-0.658803,86945.432739,-13054.567261,13.054567,,,,,-1.36631,-0.58464,,,86.995047,,-13.054567,,,-12.885394
IRFC,File 1 (vectorbt),-11.470147,26.398382,,41.762402,1.137617,147046.333429,13104.527533,12.079489,,1.688179,7732.75083,3.180521,0.98966,2.237516,,,915.260818,,47.046333,,,-11.470147
IRFC,File 2 (custom),-11.358889,25.355544,,39.58795,0.725637,144240.938314,12219.184721,12.144624,,1.65234,7583.38415,3.059276,0.81274,0.628886,,,402.16904,,44.240938,,,-11.358889
IRIS,File 1 (vectorbt),,15.417108,,15.417108,29.850502,115401.705915,15401.705915,0.1997,,74.522576,,,1.087228,46.74372,,,215.417323,,15.401706,,,15.417108
IRIS,File 2 (custom),0.0,13.911171,,13.911171,18.248429,113652.822313,13652.822313,0.199252,,66.70836,,,0.889146,,,,113.541616,,13.652822,,,13.911171
IRISDOREME,File 1 (vectorbt),-9.850249,,,-8.242357,-0.289286,81261.717513,-9369.141243,20.973313,,0.652756,,,-0.656545,-0.869194,,,358.349949,,-18.738282,,,-11.458141
IRISDOREME,File 2 (custom),-9.740608,,,-8.134323,-0.201992,81118.352144,-9440.823928,21.112515,,0.650773,,,-0.549107,-0.19176,,,169.747636,,-18.881648,,,-11.346894
IRMENERGY,File 1 (vectorbt),-11.456665,,,-11.456665,-0.885858,88554.779746,-11445.220254,11.44522,,,,,-1.56763,-1.564252,,,188.543523,,-11.44522,,,-11.456665
IRMENERGY,File 2 (custom),-11.34542,,,-11.34542,-0.621683,88534.818228,-11465.181772,11.465182,,,,,-1.304779,-0.407034,,,88.125047,,-11.465182,,,-11.34542
ISFT,File 1 (vectorbt),-15.051047,35.164346,,42.939363,0.11563,150625.782886,8437.630481,35.408988,,1.154866,,1.665979,0.309831,0.504025,,,1825.515681,,50.625783,,,-18.759395
ISFT,File 2 (custom),-14.936211,35.229017,,42.996267,0.077835,149544.31645,8257.386075,35.447684,,1.152865,,1.651873,0.254415,0.148169,,,933.700063,,49.544316,,,-18.640854
ISGEC,File 1 (vectorbt),-12.014766,,,-12.014766,-0.20915,87997.236487,-12002.763513,21.180969,,0.772529,,,-0.386111,-0.544267,,,187.985422,,-12.002764,,,-12.014766
ISGEC,File 2 (custom),-11.902963,,,-11.902963,-0.14581,87974.308759,-12025.691241,21.165229,,0.771131,,,-0.323531,-0.115555,,,87.620749,,-12.025691,,,-11.902963
ISHANCH,File 1 (vectorbt),,0.0,,,,,,,,,,,,,,,,,,,,
ISHANCH,File 2 (custom),,,35.384981,,,100000.0,,0.0,100.0,,0.0,,,,100000.0,0.0,0.0,0.0,0.0,0.0,,
ITC,File 1 (vectorbt),-7.053093,17.087416,,26.323106,0.096124,186274.911176,3318.265814,31.713514,,1.112485,,1.533268,0.293789,0.426839,,,7869.654176,,86.274911,,,-14.38512
ITC,File 2 (custom),-6.906627,17.170146,,26.396609,0.063683,182598.899149,3176.880736,31.83073,,1.109618,,1.51067,0.238093,0.137019,,,3941.592756,,82.598899,,,-14.270949
ITCHOTELS,File 1 (vectorbt),,0.0,,,12.62976,,,4.235627,,,12588.62846,,2.38288,5.093742,,,99.9001,,12.588628,,,
ITCHOTELS,File 2 (custom),,,,,8.126758,,,4.233497,,,12581.640455,,1.999885,2.475282,,,0.0,,12.58164,,,
ITDC,File 1 (vectorbt),-12.427184,,,-8.3451,-0.176905,58757.81433,-10310.546417,49.834639,,0.913474,,,-0.264666,-0.454679,,,614.49097,,-41.242186,,,-14.748249
ITDC,File 2 (custom),-12.314969,,,-8.236963,-0.124133,58646.379577,-10338.405106,49.901678,,0.912659,,,-0.222214,-0.213137,,,285.792313,,-41.35362,,,-14.633716
ITDCEM,File 1 (vectorbt),-9.213856,30.459032,,40.641821,0.252334,224055.553167,8861.11094,25.126048,,1.235715,,1.804299,0.427821,0.718932,,,5336.227014,,124.055553,,,-13.305432
ITDCEM,File 2 (custom),-8.984522,29.924938,,40.70102,0.164719,217017.521968,8358.394426,25.257952,,1.228225,,1.781256,0.345098,0.184337,,,2657.439867,,117.017522,,,-13.19234
ITI,File 1 (vectorbt),-12.179976,16.347869,,16.347869,-0.088456,31434.009585,-6233.271856,72.063611,,0.719761,,0.104429,-0.402227,-0.571088,,,1200.834746,,-68.56599,,,-21.825333
ITI,File 2 (custom),-11.779915,16.431338,,16.431338,-0.060991,32225.352381,-6161.331602,71.360208,,0.723968,,0.107549,-0.329916,-0.102588,,,579.973881,,-67.774648,,,-20.105154
IVC,File 1 (vectorbt),-15.189424,39.464872,,45.931175,-0.019978,84245.567631,-1211.879413,50.175774,,1.012136,,0.872158,0.019238,0.028661,,,2207.688553,,-15.754432,,,-23.690536
IVC,File 2 (custom),-14.339064,36.606936,,43.019006,-0.015333,82675.393969,-1332.662002,50.149158,,1.004402,,0.852804,0.005918,0.002258,,,1082.833661,,-17.324606,,,-23.567069
IVP,File 1 (vectorbt),-13.91665,42.574821,,59.034708,0.107027,202311.901936,8525.991828,45.856331,,1.175202,,1.768369,0.317142,0.56512,,,3132.656333,,102.311902,,,-16.6724
IVP,File 2 (custom),-13.11321,42.119073,,56.510454,0.075694,207385.799901,8948.816658,46.020877,,1.179934,,1.807935,0.269853,0.17118,,,1669.803526,,107.3858,,,-16.555945
IWEL,File 1 (vectorbt),-12.481997,24.894714,,25.727057,0.209344,119443.295884,4860.823971,32.037439,,1.194599,,1.671316,0.456935,0.731882,,,877.294905,,19.443296,,,-13.446707
IWEL,File 2 (custom),-12.369727,24.969644,,25.801156,0.137617,118677.405229,4669.351307,32.075872,,1.189458,,1.651839,0.37121,0.238383,,,440.733506,,18.677405,,,-13.333473
IXIGO,File 1 (vectorbt),,0.0,,,,,,,0.0,inf,,,inf,inf,,,,,,,,
IXIGO,File 2 (custom),,,,,,,,0.0,100.0,,,,,,,,,,,,,
IZMO,File 1 (vectorbt),-15.377524,39.679583,,65.445355,0.310877,434947.809487,27912.317457,41.270819,,1.280229,,2.283195,0.632168,1.089649,,,7071.948201,,334.947809,,,-19.873456
IZMO,File 2 (custom),-14.878661,37.437301,,57.718177,0.200623,390916.934878,24243.077906,40.053392,,1.263396,,2.191193,0.497022,0.365377,,,3501.683783,,290.916935,,,-19.753803
J&KBANK,File 1 (vectorbt),-8.781555,29.842939,,38.156199,0.180999,227853.070249,9132.362161,37.241491,,1.209215,,1.823088,0.453935,0.687137,,,5607.619407,,127.85307,,,-11.525534
J&KBANK,File 2 (custom),-8.672982,29.225416,,34.267558,0.116238,217769.23226,8412.088019,37.406183,,1.19904,,1.781213,0.363072,0.188906,,,2769.35693,,117.769232,,,-11.41422
JAGRAN,File 1 (vectorbt),-8.079018,34.641498,,60.028425,0.549239,407152.020429,30715.202043,20.609142,,1.401602,,3.322707,0.7284,1.334503,,,6593.911072,,307.15202,,,-10.74604
JAGRAN,File 2 (custom),-7.848211,32.31396,,60.068257,0.342949,366620.407617,26662.040762,20.675493,,1.372788,,3.258268,0.578971,0.358343,,,3106.425273,,266.620408,,,-10.635505
JAGSNPHARM,File 1 (vectorbt),-12.718147,34.906978,,47.533402,0.079134,232546.923585,8284.182724,64.325647,,1.166508,,1.915391,0.326009,0.568544,,,4100.131603,,132.546924,,,-17.842289
JAGSNPHARM,File 2 (custom),-12.52363,34.933905,,47.585716,0.053434,230130.061802,8133.128863,64.442648,,1.165027,,1.899084,0.26888,0.167587,,,2111.111192,,130.130062,,,-17.724665
JAIBALAJI,File 1 (vectorbt),-12.583634,41.214889,,41.214889,-0.097833,63003.724229,-5285.182253,38.422093,,0.745376,,0.417133,-0.3589,-0.466927,,,1100.623247,,-36.996276,,,-14.853996
JAIBALAJI,File 2 (custom),-12.343603,40.799019,,40.799019,-0.068591,62946.760796,-5293.319886,38.133662,,0.744035,,0.413785,-0.300029,-0.077978,,,532.408817,,-37.053239,,,-14.197149
JAICORPLTD,File 1 (vectorbt),-12.956564,28.864444,,29.312037,-0.094496,31197.482603,-4914.465528,71.291921,,0.648798,,0.255812,-0.530299,-0.693994,,,1466.509396,,-68.802517,,,-18.90231
JAICORPLTD,File 2 (custom),-12.438475,28.935408,,29.382555,-0.064674,32608.252136,-4813.696276,69.993686,,0.657703,,0.262682,-0.426478,-0.117923,,,709.010878,,-67.391748,,,-18.783626
JAIPURKURT,File 1 (vectorbt),-9.349264,,,-9.349264,-0.357988,90660.076082,-9339.923918,10.359878,,0.564994,,,-0.577227,-0.74806,,,190.650927,,-9.339924,,,-9.349264
JAIPURKURT,File 2 (custom),-9.240124,,,-9.240124,-0.248913,90581.064496,-9418.935504,10.437731,,0.5627,,,-0.483284,-0.117056,,,90.644892,,-9.418936,,,-9.240124
JAMNAAUTO,File 1 (vectorbt),-10.456697,31.137362,,39.807429,0.443934,340664.98962,18512.691509,30.58492,,1.24512,,2.533832,0.657852,1.145965,,,5926.670036,,240.66499,,,-13.163769
JAMNAAUTO,File 2 (custom),-10.282904,31.206056,,39.867462,0.300314,337362.229248,18258.633019,30.340695,,1.243428,,2.529768,0.543528,0.467802,,,3058.773713,,237.362229,,,-13.050819
JASH,File 1 (vectorbt),-12.167514,29.156939,,31.374993,1.174441,244166.8743,28833.37486,22.205799,,1.365063,,5.267035,1.034515,1.953126,,,1907.001171,,144.166874,,,-12.167514
JASH,File 2 (custom),-12.055558,29.227611,,31.44345,0.776084,242633.278173,28526.655635,22.186103,,1.362849,,5.22771,0.856561,0.904686,,,1020.801035,,142.633278,,,-12.055558
JAYAGROGN,File 1 (vectorbt),-11.936529,42.217702,,59.765135,0.337903,770423.140626,35170.76169,37.244153,,1.294464,37349.430203,2.587992,0.623985,1.150954,,,13712.341394,,670.423141,,,-19.336833
JAYAGROGN,File 2 (custom),-11.069453,40.004981,,54.429134,0.242959,708879.252998,31917.930188,33.613207,,1.285902,34356.509616,2.56711,0.504347,0.392221,,,6449.424797,,608.879253,,,-14.620584
JAYBARMARU,File 1 (vectorbt),-13.249176,45.865261,,59.303096,0.063914,181168.678378,5797.762741,56.419046,,1.147577,,1.368735,0.270169,0.428028,,,4771.352819,,81.168678,,,-19.439565
JAYBARMARU,File 2 (custom),-11.702103,44.240032,,54.183197,0.056621,196009.170885,6857.79792,49.60134,,1.159162,,1.479812,0.243564,0.124956,,,2518.635776,,96.009171,,,-17.0012
JAYNECOIND,File 1 (vectorbt),-15.99039,40.740773,,42.946953,-0.003531,98461.770058,-256.371657,37.834227,,1.035511,,0.973507,0.058776,0.086748,,,1007.79834,,-1.53823,,,-20.51874
JAYNECOIND,File 2 (custom),-15.506206,34.810661,,37.28681,-0.014305,91265.767772,-1455.705371,37.930827,,1.005741,,0.844028,0.007961,0.003038,,,486.438637,,-8.734232,,,-20.398441
JAYSREETEA,File 1 (vectorbt),-11.841978,31.315024,,46.115842,-0.075752,38857.82194,-3057.108903,68.223074,,0.916289,,0.552287,-0.186957,-0.278877,,,2763.858886,,-61.142178,,,-20.101427
JAYSREETEA,File 2 (custom),-11.436335,31.38354,,46.169572,-0.051647,40378.919942,-2981.054003,66.871069,,0.920009,,0.563128,-0.149093,-0.080396,,,1380.521737,,-59.62108,,,-16.886959
JBCHEPHARM,File 1 (vectorbt),-9.747536,31.921467,,84.851642,0.146738,291616.246826,8709.829401,42.066287,,1.166507,,1.69504,0.400203,0.658181,,,9335.030756,,191.616247,,,-18.115515
JBCHEPHARM,File 2 (custom),-9.637998,31.989378,,84.866675,0.097688,284970.401489,8407.745522,42.26975,,1.163619,,1.674294,0.327284,0.222877,,,4697.413438,,184.970401,,,-17.997618
JBMA,File 1 (vectorbt),-11.034549,33.119556,,43.46331,0.332541,382457.561384,17653.597586,32.096808,,1.393422,,2.362073,0.660594,1.276612,,,7165.04102,,282.457561,,,-16.012673
JBMA,File 2 (custom),-10.907342,33.137627,,43.519691,0.221947,375423.134611,17213.945913,32.209647,,1.388018,,2.339313,0.543216,0.35852,,,3677.073521,,275.423135,,,-15.896876
JCHAC,File 1 (vectorbt),-11.520848,25.896239,,36.941724,-0.016198,91699.794919,-691.683757,42.23572,,1.023401,,0.897275,0.064367,0.103175,,,1928.920764,,-8.300205,,,-27.711262
JCHAC,File 2 (custom),-11.142278,25.970169,,37.00462,-0.009792,92719.56945,-606.702546,42.140609,,1.024433,,0.909063,0.056011,0.042075,,,972.607971,,-7.280431,,,-27.583778
JETFREIGHT,File 1 (vectorbt),-12.462411,32.20782,,32.950056,0.948888,152948.614499,17649.538166,12.449961,,2.678336,,3.434431,1.054303,1.946241,,,868.233731,,52.948614,,,-12.462411
JETFREIGHT,File 2 (custom),-12.350161,30.951981,,33.016939,0.602832,149364.426556,16454.808852,12.525224,,2.58202,,3.308151,0.843223,0.192255,,,453.300781,,49.364427,,,-12.350161
JGCHEM,File 1 (vectorbt),-11.533029,26.912741,,26.912741,0.856215,112266.691283,6133.345642,16.532734,,1.233444,,1.839083,0.631172,0.990869,,,466.051134,,12.266691,,,-11.533029
JGCHEM,File 2 (custom),-11.421708,26.985655,,26.985655,0.564584,112006.791284,6003.395642,16.597743,,1.22948,,1.81748,0.518418,0.37845,,,238.73623,,12.006791,,,-11.421708
JHS,File 1 (vectorbt),-13.163079,39.202605,,62.758033,-0.046294,67036.351955,-2060.228003,71.969132,,0.982209,,0.861739,-0.042481,-0.066464,,,4698.469324,,-32.963648,,,-20.115357
JHS,File 2 (custom),-12.846499,37.55953,,55.980288,-0.034812,65030.295033,-2185.60656,71.405796,,0.976811,,0.84535,-0.046149,-0.028147,,,2227.32198,,-34.969705,,,-19.995462
JINDALPHOT,File 1 (vectorbt),-11.460673,41.881563,,52.637697,0.036763,118542.031893,1324.43085,34.014408,,1.100258,,1.143426,0.155293,0.266545,,,3010.367391,,18.542032,,,-17.374792
JINDALPHOT,File 2 (custom),-11.057767,39.286192,,44.584918,0.017586,112390.081542,885.005824,33.601547,,1.083553,,1.098289,0.108269,0.051332,,,1493.464504,,12.390082,,,-17.257634
JINDALPOLY,File 1 (vectorbt),-10.1732,30.200654,,40.641514,-0.004276,96892.614132,-221.956133,44.043561,,1.03155,,0.963529,0.04834,0.075591,,,2153.488598,,-3.107386,,,-15.145096
JINDALPOLY,File 2 (custom),-9.559287,30.270284,,40.700713,0.00126,101261.373369,90.098098,41.033593,,1.044288,,1.014963,0.056418,0.022974,,,1128.218383,,1.261373,,,-15.030166
JINDALSAW,File 1 (vectorbt),-10.626334,32.594258,,42.217593,0.19309,341762.331397,14221.313612,48.296575,,1.247456,,2.079856,0.564284,0.934278,,,7210.592721,,241.762331,,,-21.026141
JINDALSAW,File 2 (custom),-10.515918,32.643556,,42.275218,0.129015,335279.114269,13839.947898,48.421817,,1.243924,,2.05562,0.463063,0.308921,,,3685.086647,,235.279114,,,-20.905336
JINDALSTEL,File 1 (vectorbt),-12.547599,28.373018,,38.467723,0.104055,226198.509355,11472.59176,45.919818,,1.364377,,2.329199,0.442083,0.698319,,,3197.247504,,126.198509,,,-19.299801
JINDALSTEL,File 2 (custom),-12.352237,28.444473,,38.529093,0.070862,224662.282934,11332.934812,45.824456,,1.361881,,2.319139,0.365109,0.115289,,,1655.271974,,124.662283,,,-19.180721
JINDRILL,File 1 (vectorbt),-14.993164,41.874148,,41.874148,-0.078374,52755.254111,-6749.249413,63.5065,,0.797169,,0.247749,-0.321614,-0.485134,,,790.085567,,-47.244746,,,-27.097043
JINDRILL,File 2 (custom),-13.714236,41.932116,,41.932116,-0.049864,57574.631053,-6060.766992,60.107039,,0.822447,,0.28505,-0.231994,-0.092768,,,405.621794,,-42.425369,,,-19.985276
JINDWORLD,File 1 (vectorbt),-16.724845,35.603065,,55.279836,0.081748,149846.04608,4531.458735,51.525233,,1.099342,,1.28692,0.283525,0.473058,,,3535.057287,,49.846046,,,-22.206298
JINDWORLD,File 2 (custom),-15.227739,35.667298,,55.324412,0.070865,163999.539037,5818.139912,50.032765,,1.110469,,1.3717,0.261362,0.230083,,,1916.519684,,63.999539,,,-18.856185
JIOFIN,File 1 (vectorbt),-7.104363,,,-7.104363,-0.474867,92902.734413,-7097.265587,11.948656,,0.646464,,,-0.522427,-0.604692,,,192.89583,,-7.097266,,,-7.104363
JIOFIN,File 2 (custom),-6.997465,,,-6.997465,-0.332543,92839.402147,-7160.597853,11.994166,,0.643558,,,-0.437997,-0.093704,,,92.616191,,-7.160598,,,-6.997465
JISLDVREQS,File 1 (vectorbt),-12.254281,,,-9.957884,-0.150415,45650.062545,-9058.322909,54.349937,,0.462622,,,-0.966374,-1.169349,,,850.231294,,-54.349937,,,-14.393353
JISLDVREQS,File 2 (custom),-11.988788,,,-8.927427,-0.104995,45886.435432,-9018.927428,54.113565,,0.464118,,,-0.803124,-0.24322,,,401.278883,,-54.113565,,,-14.279174
JISLJALEQS,File 1 (vectorbt),-10.925309,29.374817,,37.277776,-0.067598,42512.566642,-3381.613727,77.984168,,0.903044,,0.621115,-0.222513,-0.310862,,,3365.744785,,-57.487433,,,-14.559293
JISLJALEQS,File 2 (custom),-10.751438,27.372579,,31.122258,-0.049807,40374.223551,-3507.398615,78.04246,,0.894554,,0.587516,-0.201989,-0.094512,,,1575.819283,,-59.625776,,,-14.444948
JITFINFRA,File 1 (vectorbt),-12.343438,38.757207,,40.564844,-0.043989,87163.356935,-1604.580383,54.695759,,0.952581,,0.878016,-0.098948,-0.14402,,,2114.945911,,-12.836643,,,-15.787657
JITFINFRA,File 2 (custom),-12.135859,38.109948,,40.62412,-0.032786,86286.523811,-1714.184524,54.565512,,0.946018,,0.867666,-0.094017,-0.045468,,,1042.226184,,-13.713476,,,-15.211755
JKCEMENT,File 1 (vectorbt),-7.649227,23.100091,,30.099232,0.054302,126622.541959,1774.836131,33.599277,,1.117208,,1.302593,0.216334,0.333878,,,3397.511667,,26.622542,,,-11.628771
JKCEMENT,File 2 (custom),-7.299233,23.176814,,30.168963,0.03908,127804.192506,1853.612834,33.415922,,1.120832,,1.31786,0.186327,0.088549,,,1732.533523,,27.804193,,,-11.517354
JKIL,File 1 (vectorbt),-12.324743,32.794836,,35.250724,0.009935,105521.13821,613.459801,46.18272,,1.059486,,1.087169,0.111477,0.170842,,,1455.546115,,5.521138,,,-21.025634
JKIL,File 2 (custom),-10.41712,30.09389,,33.866703,0.016481,111515.331172,1279.481241,39.016713,,1.069601,,1.199533,0.113417,0.060267,,,791.647997,,11.515331,,,-13.923372
JKLAKSHMI,File 1 (vectorbt),-8.170368,,,-5.88017,-0.104664,46406.036398,-5954.884845,55.277743,,0.532643,,,-0.849776,-0.990609,,,1221.691565,,-53.593964,,,-11.273421
JKLAKSHMI,File 2 (custom),-8.062406,,,-5.774495,-0.073106,46159.925439,-5982.230507,55.514773,,0.530495,,,-0.709209,-0.183678,,,580.685746,,-53.840075,,,-11.162359
JKPAPER,File 1 (vectorbt),-10.260652,32.355065,,40.070521,0.171587,265614.172842,10350.885803,43.547209,,1.166801,,1.777609,0.456617,0.741267,,,6708.607856,,165.614173,,,-15.543922
JKPAPER,File 2 (custom),-10.072501,32.422542,,40.13029,0.115724,263349.517867,10209.344867,43.683245,,1.165631,,1.765993,0.377154,0.285943,,,3431.139705,,163.349518,,,-14.725691
JKTYRE,File 1 (vectorbt),-12.326709,29.548291,,35.459968,-0.026319,82803.993823,-1432.138856,57.708779,,0.988968,1421.798953,0.795681,-0.020098,-0.030569,,,1982.824097,,-17.196006,,,-36.829894
JKTYRE,File 2 (custom),-10.811581,29.618572,,35.524344,-0.002433,97871.901477,-292.790204,49.483727,,1.032713,1678.174135,0.957491,0.050147,0.027134,,,1103.454717,,-2.128099,,,-25.013223
JLHL,File 1 (vectorbt),-18.328223,19.614231,,19.614231,-0.075647,97696.962245,-1151.518878,25.305113,,1.018403,,0.894827,0.039244,0.044471,,,436.88437,,-2.303038,,,-18.328223
JLHL,File 2 (custom),-9.638052,19.694437,,19.694437,0.25056,107721.71727,3860.858635,17.3693,,1.188435,,1.666271,0.365407,0.144153,,,225.241898,,7.721717,,,-9.638052
JMA,File 1 (vectorbt),-12.968103,48.499079,,49.703468,0.098245,126171.330355,4361.888392,34.660433,,1.136173,,1.468532,0.265226,0.446545,,,1183.973765,,26.17133,,,-16.003721
JMA,File 2 (custom),-12.599186,44.64937,,49.753614,0.053138,120211.467487,3368.577915,34.768235,,1.117289,,1.37891,0.191599,0.109942,,,590.375413,,20.211467,,,-15.838223
JMFINANCIL,File 1 (vectorbt),-13.655004,27.512096,,41.881233,0.021282,113074.2622,871.61748,45.825377,,1.079272,,1.093289,0.143155,0.20811,,,3179.632993,,13.074262,,,-19.658696
JMFINANCIL,File 2 (custom),-12.474242,27.584411,,41.939194,0.026375,124748.557097,1649.903806,45.999075,,1.103102,,1.191666,0.156114,0.067686,,,1622.025819,,24.748557,,,-16.88384
JNKINDIA,File 1 (vectorbt),-10.452114,,,-10.452114,-0.848347,89558.32809,-10441.67191,15.325859,,0.691804,,,-0.982953,-1.392446,,,189.548076,,-10.441672,,,-10.452114
JNKINDIA,File 2 (custom),-10.341872,,,-10.341872,-0.599667,89534.558191,-10465.441809,15.323943,,0.689977,,,-0.825643,-0.604728,,,89.095501,,-10.465442,,,-10.341872
JOCIL,File 1 (vectorbt),-9.362098,22.339467,,26.691617,-0.043731,91367.572843,-1233.20388,18.760698,,0.963375,,0.813878,-0.047955,-0.066165,,,1321.826306,,-8.632427,,,-12.275824
JOCIL,File 2 (custom),-7.998638,22.369836,,26.670525,-0.009542,97177.559808,-403.205742,18.885044,,1.009351,,0.932372,0.010083,0.002826,,,681.415039,,-2.82244,,,-10.07457
JPOLYINVST,File 1 (vectorbt),-14.325669,48.727044,,48.727044,-0.138928,62235.267683,-5898.449616,44.051153,,0.901259,3524.414993,0.408377,-0.2272,-0.341521,,,1102.482362,,-37.764732,,,-18.477694
JPOLYINVST,File 2 (custom),-13.649256,46.332656,,46.332656,-0.095867,63377.067854,-5741.748972,42.833105,,0.904342,3569.31066,0.409746,-0.183309,-0.102647,,,507.97391,,-36.622932,,,-16.119478
JPPOWER,File 1 (vectorbt),-12.158411,26.252621,,26.252621,-0.097461,58002.552693,-5999.63533,51.928399,,0.80448,,0.352284,-0.358718,-0.513757,,,1195.858218,,-41.997447,,,-13.792276
JPPOWER,File 2 (custom),-11.680796,26.326195,,26.326195,-0.065314,59081.781489,-5845.459787,52.133062,,0.810434,,0.362346,-0.287769,-0.121341,,,589.926677,,-40.918219,,,-13.678697
JSFB,File 1 (vectorbt),,0.0,,,,,,,0.0,inf,,,inf,inf,,,,,,,,
JSFB,File 2 (custom),,,,,,,,0.0,100.0,,,,,,,,,,,,,
JSL,File 1 (vectorbt),-11.172519,29.536456,,44.393214,0.118385,212256.861288,5908.255857,44.608878,,1.141447,,1.757716,0.346551,0.569601,,,4614.962494,,112.256861,,,-15.952669
JSL,File 2 (custom),-10.979773,29.60675,,44.448665,0.08099,210325.416535,5806.60087,44.106715,,1.14025,,1.747368,0.285666,0.199918,,,2355.160061,,110.325417,,,-15.243797
JSWENERGY,File 1 (vectorbt),-9.220748,32.061424,,38.203608,0.121298,167607.126535,4829.080467,41.569184,,1.145943,,1.771089,0.354668,0.554169,,,2973.033925,,67.607127,,,-10.910277
JSWENERGY,File 2 (custom),-9.111737,32.129194,,38.265243,0.080198,165042.625892,4645.901849,41.768632,,1.142568,,1.740899,0.28851,0.179286,,,1506.415508,,65.042626,,,-10.799578
JSWHL,File 1 (vectorbt),-10.746203,28.648486,,58.051421,0.279669,321788.557963,14785.903864,32.228859,,1.240457,,2.621068,0.52899,0.933062,,,5785.567748,,221.788558,,,-19.110309
JSWHL,File 2 (custom),-9.787318,28.719666,,58.093228,0.233141,337434.260632,15828.950709,27.436528,,1.251247,,2.72793,0.458613,0.336894,,,3148.910573,,237.434261,,,-13.052965
JSWINFRA,File 1 (vectorbt),-7.994953,32.168144,,32.168144,1.100735,121582.349474,10791.174737,16.350755,,1.253145,,3.045011,0.811317,1.202834,,,485.876434,,21.582349,,,-7.994953
JSWINFRA,File 2 (custom),-7.887166,32.235808,,32.235808,0.72888,121314.125339,10657.06267,16.408386,,1.250626,,3.003868,0.669677,0.493322,,,253.284955,,21.314125,,,-7.887166
JSWSTEEL,File 1 (vectorbt),-7.607056,30.241593,,51.787005,0.053147,136747.645399,1413.370977,44.508679,,1.092578,,1.14651,0.22431,0.325425,,,8895.755415,,36.747645,,,-14.39088
JSWSTEEL,File 2 (custom),-7.499656,30.311182,,51.83507,0.032914,133369.609401,1283.446515,45.458863,,1.087702,,1.133328,0.176984,0.094359,,,4404.482682,,33.369609,,,-14.276703
JTEKTINDIA,File 1 (vectorbt),-12.111602,26.439354,,31.398655,-0.061636,47052.974407,-3114.530917,66.648656,,0.920091,,0.442781,-0.174222,-0.2433,,,1882.409338,,-52.947026,,,-20.093897
JTEKTINDIA,File 2 (custom),-11.437888,26.512741,,31.467088,-0.040354,50540.61008,-2909.375878,64.115501,,0.931056,,0.477367,-0.124159,-0.055297,,,969.012805,,-49.45939,,,-16.165785
JTLIND,File 1 (vectorbt),,27.741544,,27.741544,0.540344,127713.830439,27713.830439,19.97791,,1.312944,,,0.732059,1.266301,,,227.741772,,27.71383,,,27.741544
JTLIND,File 2 (custom),0.0,27.813631,,27.813631,0.365199,127550.583248,27550.583248,19.973273,,1.311518,,,0.606422,0.45355,,,127.650382,,27.550583,,,27.813631
JUBLCPL,File 1 (vectorbt),,0.0,,,,,,,0.0,inf,,,inf,inf,,,,,,,,
JUBLCPL,File 2 (custom),,,,,,,,0.0,100.0,,,,,,,,,,,,,
JUBLFOOD,File 1 (vectorbt),-7.536351,22.087301,,23.914036,0.074023,128125.140559,2556.83096,32.476207,,1.105464,,1.551522,0.240234,0.353146,,,2086.02925,,28.125141,,,-10.721158
JUBLFOOD,File 2 (custom),-7.345605,22.165036,,23.989946,0.049406,127283.516497,2480.319682,32.572878,,1.103513,,1.535952,0.196033,0.10136,,,1053.761216,,27.283516,,,-10.610647
JUBLINGREA,File 1 (vectorbt),-7.147311,,,-7.147311,-0.290195,92859.829219,-7140.170781,8.686996,,0.545754,,,-0.60537,-0.812951,,,192.852882,,-7.140171,,,-7.147311
JUBLINGREA,File 2 (custom),-7.040371,,,-7.040371,-0.201663,92782.421477,-7217.578523,8.761322,,0.542631,,,-0.507927,-0.140697,,,92.757196,,-7.217579,,,-7.040371
JUBLPHARMA,File 1 (vectorbt),-10.167073,24.163606,,39.39754,0.133371,232786.794702,6988.778669,44.330625,,1.203196,,2.166255,0.407593,0.648447,,,4415.11183,,132.786795,,,-16.888986
JUBLPHARMA,File 2 (custom),-9.393956,24.184708,,39.457982,0.104596,244505.218005,7605.53779,40.973677,,1.213108,,2.320717,0.357804,0.201305,,,2346.898329,,144.505218,,,-12.524204
JUNIPER,File 1 (vectorbt),,0.0,,,,,,,0.0,inf,,,inf,inf,,,,,,,,
JUNIPER,File 2 (custom),,,,,,,,0.0,100.0,,,,,,,,,,,,,
JUSTDIAL,File 1 (vectorbt),-9.594758,31.854913,,36.337,0.06654,115953.249594,2658.874932,27.485403,,1.197262,,1.295546,0.205862,0.387922,,,1564.652235,,15.95325,,,-11.023722
JUSTDIAL,File 2 (custom),-9.333328,31.922891,,36.4005,0.046284,115902.721221,2650.453537,27.123698,,1.197871,,1.298741,0.170869,0.071262,,,787.395419,,15.902721,,,-10.309603
JWL,File 1 (vectorbt),-13.209277,42.181788,,51.982759,0.112289,160394.411728,4313.886552,43.280005,,1.141259,,1.343222,0.319319,0.508572,,,3898.945894,,60.394412,,,-21.331209
JWL,File 2 (custom),-13.096281,42.168916,,52.030628,0.074023,157792.995089,4128.071078,43.411732,,1.137932,,1.329692,0.25953,0.1591,,,1961.205049,,57.792995,,,-21.210099
JYOTHYLAB,File 1 (vectorbt),-10.145828,27.592154,,41.543796,0.267852,249998.260873,13636.205534,30.008039,,1.191886,,2.500191,0.519145,0.818538,,,4019.851786,,149.998261,,,-11.616239
JYOTHYLAB,File 2 (custom),-10.035892,27.580025,,41.602094,0.178713,246046.726232,13276.975112,30.130701,,1.188985,,2.463186,0.42567,0.299058,,,2065.712191,,146.046726,,,-11.504834
JYOTICNC,File 1 (vectorbt),-11.93697,,,-11.93697,-0.492198,88074.954882,-11925.045118,24.607498,,0.835279,,,-0.542475,-0.820213,,,188.063218,,-11.925045,,,-11.93697
JYOTICNC,File 2 (custom),-11.825245,,,-11.825245,-0.347822,88013.10842,-11986.89158,24.647306,,0.834191,,,-0.455285,-0.420659,,,87.980047,,-11.986892,,,-11.825245
JYOTISTRUC,File 1 (vectorbt),-13.612247,38.466118,,46.748865,0.016289,112748.529873,1062.377489,43.776023,,1.091586,,1.095579,0.119436,0.195245,,,2739.755542,,12.74853,,,-21.995496
JYOTISTRUC,File 2 (custom),-12.164513,37.479577,,42.61031,0.020233,123029.150333,1919.095861,42.053965,,1.119275,,1.187137,0.129486,0.056861,,,1419.788708,,23.02915,,,-14.133492
KABRAEXTRU,File 1 (vectorbt),-12.076571,35.47097,,38.508652,0.022658,119166.769756,1597.230813,46.285395,,1.076795,,1.193123,0.14682,0.235652,,,2380.045826,,19.16677,,,-21.300668
KABRAEXTRU,File 2 (custom),-11.930201,35.535334,,38.569982,0.014726,117998.330188,1499.860849,46.319804,,1.07504,,1.181338,0.119336,0.06182,,,1194.688428,,17.99833,,,-21.179589
KAJARIACER,File 1 (vectorbt),-9.094596,33.31431,,54.224658,0.177708,303885.89778,8495.245741,37.082355,,1.182071,,1.484338,0.427772,0.70703,,,13852.934227,,203.885898,,,-17.019577
KAJARIACER,File 2 (custom),-8.558464,32.489952,,54.270287,0.120676,302164.162209,8423.506759,37.13265,,1.18111,,1.500339,0.358891,0.240118,,,6960.142564,,202.164162,,,-14.994497
KAKATCEM,File 1 (vectorbt),-12.790472,38.8823,,58.926671,-0.035722,70339.602941,-1853.774816,56.07196,,0.989398,,0.800882,-0.025035,-0.037329,,,2914.377813,,-29.660397,,,-21.287822
KAKATCEM,File 2 (custom),-12.29657,38.943257,,58.967604,-0.021784,73344.984901,-1665.938444,56.154885,,0.994646,,0.821166,-0.010496,-0.005837,,,1498.042379,,-26.655015,,,-16.673822
KALAMANDIR,File 1 (vectorbt),-8.70126,,,-8.70126,-0.507717,91307.4323,-8692.5677,14.501897,,0.54851,,,-0.907271,-1.203519,,,191.298931,,-8.692568,,,-8.70126
KALAMANDIR,File 2 (custom),-8.592768,,,-8.592768,-0.356201,91225.594236,-8774.405764,14.577913,,0.545978,,,-0.762094,-0.309853,,,91.305578,,-8.774406,,,-8.592768
KALYANIFRG,File 1 (vectorbt),-10.424362,,,-8.492362,-0.141739,41447.309207,-7319.086349,61.081789,,0.636671,,,-0.729823,-0.913394,,,1081.433033,,-58.552691,,,-13.169962
KALYANIFRG,File 2 (custom),-9.825403,,,-6.081694,-0.097406,43118.482529,-7110.189684,59.510305,,0.647,,,-0.584731,-0.205585,,,513.959489,,-56.881517,,,-12.154006
KALYANKJIL,File 1 (vectorbt),-10.20528,28.925118,,32.943954,0.868961,172532.787347,14506.557469,23.924356,,1.386006,,3.262684,0.975847,1.680131,,,1425.002446,,72.532787,,,-10.477885
KALYANKJIL,File 2 (custom),-9.586954,28.933449,,32.823124,0.606688,173210.769731,14642.153946,23.134872,,1.390466,,3.421749,0.819448,0.66683,,,747.472958,,73.21077,,,-10.367617
KAMATHOTEL,File 1 (vectorbt),-12.056392,42.182609,,51.17018,0.090649,213354.178682,5667.708934,52.07984,,1.172507,,1.406915,0.315389,0.557972,,,7556.468987,,113.354179,,,-21.613063
KAMATHOTEL,File 2 (custom),-11.908507,42.240269,,51.218861,0.06091,210140.071333,5507.003567,52.047418,,1.17004,,1.39727,0.25872,0.157046,,,3800.163785,,110.140071,,,-21.266506
KAMDHENU,File 1 (vectorbt),-11.189921,48.520075,,67.354646,0.115422,134987.907274,5831.317879,42.341478,,1.159952,,1.427151,0.343901,0.606026,,,2041.990878,,34.987907,,,-12.036246
KAMDHENU,File 2 (custom),-11.078943,48.571404,,67.387158,0.077102,134167.062657,5694.510443,42.540633,,1.157323,,1.415861,0.281782,0.199572,,,1035.58419,,34.167063,,,-11.924421
KAMOPAINTS,File 1 (vectorbt),,0.0,,,,,,,0.0,inf,,,inf,inf,,,,,,,,
KAMOPAINTS,File 2 (custom),,,,,,,,0.0,100.0,,,,,,,,,,,,,
KANANIIND,File 1 (vectorbt),-15.180134,,,-11.896382,-0.16778,37042.629206,-10492.895132,62.957371,,0.201273,,,-1.13143,-1.233988,,,743.990201,,-62.957371,,,-23.002097
KANANIIND,File 2 (custom),-14.094009,,,-10.176624,-0.115039,39431.809435,-10094.698427,60.568191,,0.212039,,,-0.902129,-0.188612,,,354.18681,,-60.568191,,,-22.879317
KANORICHEM,File 1 (vectorbt),-12.608373,28.3934,,29.993678,-0.033457,71851.34832,-2558.968335,60.111415,,0.990018,,0.700943,-0.023583,-0.0356,,,1902.643924,,-28.148652,,,-15.987457
KANORICHEM,File 2 (custom),-11.528864,27.308529,,30.063514,-0.020785,75612.051689,-2217.08621,56.731278,,0.995521,,0.723852,-0.008892,-0.005261,,,969.730463,,-24.387948,,,-14.456625
KANPRPLA,File 1 (vectorbt),-10.658105,33.564221,,33.564221,0.103616,106522.730082,2174.243361,20.226032,,1.174146,,1.241511,0.231187,0.361059,,,705.419214,,6.52273,,,-13.206229
KANPRPLA,File 2 (custom),-10.547658,33.63049,,33.63049,0.067722,106225.526533,2075.175511,20.348594,,1.167944,,1.229407,0.186018,0.067789,,,355.420236,,6.225527,,,-13.093236
KANSAINER,File 1 (vectorbt),-7.864908,27.299772,,47.666104,0.159282,340484.451607,10020.185484,39.126532,,1.2322,,1.735357,0.478326,0.781899,,,14028.793978,,240.484452,,41.666667,-13.687979
KANSAINER,File 2 (custom),-7.689017,26.723326,,47.718286,0.077247,232440.067145,5518.336131,37.738338,,1.195931,,1.552399,0.311522,0.161333,,,5002.037576,,132.440067,,37.5,-11.97725
KAPSTON,File 1 (vectorbt),-12.001376,23.032167,,23.032167,-0.057341,95171.796462,-1609.401179,24.763447,,0.947335,,0.786649,-0.070509,-0.10653,,,531.894572,,-4.828204,,,-14.987598
KAPSTON,File 2 (custom),-11.889586,19.378516,,19.378516,-0.066102,92024.614088,-2658.461971,24.880694,,0.878687,,0.649467,-0.144529,-0.044425,,,260.300618,,-7.975386,,,-14.872825
KARMAENG,File 1 (vectorbt),-11.358609,23.23005,,24.406761,-0.022512,93552.379424,-1074.603429,34.511633,,1.008993,,0.856355,0.014397,0.021892,,,1134.019443,,-6.447621,,33.333333,-14.144944
KARMAENG,File 2 (custom),-10.249993,27.009079,,39.979239,0.158751,144768.764475,7461.460746,19.113433,,1.340409,,2.049904,0.345175,0.135943,,,836.073705,,44.768764,,50.0,-14.031013
KARURVYSYA,File 1 (vectorbt),-8.507721,23.028795,,29.814134,0.046007,,,48.043806,,,,1.366917,0.218998,0.331242,,,4697.310369,,,,,-17.893619
KARURVYSYA,File 2 (custom),-8.252029,23.10559,,29.884149,0.03196,,,47.590914,,,,1.369336,0.182043,0.096712,,,2381.197617,,,,,-17.775943
KAUSHALYA,File 1 (vectorbt),-13.376052,37.208319,,50.178001,0.011272,107648.605147,849.845016,58.585812,,1.080001,,1.078079,0.127666,0.200998,,,1967.748425,,7.648605,,,-19.178946
KAUSHALYA,File 2 (custom),-12.259825,35.145261,,50.227674,0.008626,108364.758193,929.417577,57.565614,,1.082179,,1.092639,0.108222,0.044758,,,974.926879,,8.364758,,,-19.059986
KAYA,File 1 (vectorbt),-9.483528,37.03053,,37.060075,0.015446,103164.008599,395.501075,30.225776,,1.041083,,1.047365,0.114666,0.182388,,,1770.951479,,3.164009,,,-11.650543
KAYA,File 2 (custom),-9.374254,37.093337,,37.122852,0.008118,102410.551039,301.31888,30.32752,,1.038795,,1.036035,0.090146,0.068046,,,881.489309,,2.410551,,,-11.539104
KAYNES,File 1 (vectorbt),-11.299745,,,-11.299745,-0.453326,90962.577667,-11288.456561,11.512916,,0.472349,2251.034228,,-0.590228,-0.653895,,,277.323364,,-9.037422,,,-11.299745
KAYNES,File 2 (custom),-11.188656,,,-11.188656,-0.320134,90813.89259,-11327.573185,11.541107,,0.4559,2141.465775,,-0.50783,-0.072443,,,88.421872,,-9.186107,,,-11.188656
KCP,File 1 (vectorbt),-12.980887,32.527156,,41.035179,-0.0312,75998.898813,-1411.829482,51.287036,,1.011589,,0.822336,0.029607,0.044277,,,2781.674462,,-24.001101,,,-19.679321
KCP,File 2 (custom),-12.499511,32.594461,,41.093985,-0.019491,78728.042779,-1251.291601,49.554677,,1.015178,,0.844091,0.03219,0.019362,,,1433.599532,,-21.271957,,,-19.559862
KCPSUGIND,File 1 (vectorbt),-14.485184,47.46023,,,0.053408,157484.039912,4106.002851,50.877891,,1.131002,,1.275857,0.233225,0.371612,,,4135.63531,,57.48404,,,-18.445291
KCPSUGIND,File 2 (custom),-13.25143,47.512617,,,0.047491,174659.359937,5332.811424,48.407189,,1.149073,,1.359343,0.220419,0.109395,,,2272.906349,,74.65936,,,-16.690093
KDDL,File 1 (vectorbt),-12.267159,31.092789,,34.285947,0.125465,133111.479745,4730.211392,37.159443,,1.211799,,1.589674,0.342586,0.516339,,,1524.183789,,33.11148,,,-14.964364
KDDL,File 2 (custom),-12.050276,30.838347,,34.351495,0.082765,131793.918498,4541.988357,37.252492,,1.206617,,1.574219,0.278002,0.107281,,,770.042976,,31.793918,,,-14.430303
KEC,File 1 (vectorbt),-9.451355,25.057008,,30.705814,0.31057,408747.578304,20583.171887,36.651158,,1.387955,,4.306156,0.750501,1.227034,,,5591.611508,,308.747578,,,-15.343654
KEC,File 2 (custom),-9.220412,25.131776,,30.774939,0.211248,405058.730982,20337.248732,36.332348,,1.38577,,4.279505,0.622364,0.339842,,,2940.533926,,305.058731,,,-15.228525
KECL,File 1 (vectorbt),-13.74819,38.180948,,38.262276,0.079606,122352.154443,4470.430889,25.044318,,1.142676,,1.408943,0.216111,0.363725,,,1240.600161,,22.352154,,,-15.838738
KECL,File 2 (custom),-13.634656,36.504393,,38.161359,0.0462,118663.506809,3732.701362,25.169104,,1.126774,,1.346926,0.160768,0.074273,,,616.127825,,18.663507,,,-15.723115
KEEPLEARN,File 1 (vectorbt),-6.050998,28.100868,,42.892417,1.071694,152059.551505,17353.183835,,,2.159359,,6.321253,1.500839,3.157541,,,802.390213,,52.059552,,,-6.050998
KEEPLEARN,File 2 (custom),-5.274884,25.011955,,36.74396,0.640429,145853.9364,15284.645467,,,2.063125,,6.439309,1.163016,0.844706,,,413.597373,,45.853936,,,-5.274884
KEI,File 1 (vectorbt),-8.882226,33.125022,,47.887064,0.358843,610062.327314,30003.666313,41.638199,,1.319402,,3.177484,0.759327,1.308215,,,10648.071165,,510.062327,,,-11.329674
KEI,File 2 (custom),-8.773552,33.19173,,47.939025,0.238095,597438.215244,29261.071485,41.870921,,1.31613,,3.130436,0.625499,0.467002,,,5506.398776,,497.438215,,,-11.218556
KELLTONTEC,File 1 (vectorbt),-11.362907,28.823226,,28.823226,-0.13034,62327.123317,-5381.839526,55.317082,,0.870129,,0.410693,-0.311993,-0.45889,,,1244.289255,,-37.672877,,,-15.92121
KELLTONTEC,File 2 (custom),-11.251755,28.894232,,28.894232,-0.091877,61949.759168,-5435.74869,55.490582,,0.868151,,0.406699,-0.263587,-0.145412,,,601.597727,,-38.050241,,,-15.805505
KERNEX,File 1 (vectorbt),-12.461027,42.226661,,53.877451,0.121729,234641.424086,7086.390741,60.383724,,1.160934,,1.661802,0.441184,0.676359,,,4962.794125,,134.641424,,,-15.415241
KERNEX,File 2 (custom),-11.718083,39.929544,,50.893697,0.080939,224005.032281,6526.580646,58.556128,,1.155051,,1.67,0.353601,0.260455,,,2442.687244,,124.005032,,,-14.477431
KESORAMIND,File 1 (vectorbt),-12.903845,26.101408,,38.698286,0.020237,123162.846372,1362.520375,58.238876,,1.063379,,1.155676,0.154548,0.232686,,,3593.288883,,23.162846,,,-22.477622
KESORAMIND,File 2 (custom),-12.711346,26.147926,,38.568981,0.013371,122171.960925,1304.232996,58.381044,,1.062309,,1.149543,0.126337,0.073083,,,1805.955549,,22.171961,,,-21.55729
KEYFINSERV,File 1 (vectorbt),-13.133831,48.891562,,55.70641,1.00165,248179.853524,29635.970705,27.133489,,1.371006,,3.386968,0.827166,1.627952,,,1878.726477,,148.179854,,,-15.831466
KEYFINSERV,File 2 (custom),-12.640414,46.495928,,55.750559,0.64202,236636.191274,27327.238255,26.531233,,1.354949,,3.399687,0.663423,0.620827,,,962.221841,,136.636191,,,-14.954858
KFINTECH,File 1 (vectorbt),-11.434063,31.315752,,33.890692,4.609767,232784.392728,22130.732121,14.038281,,1.905968,,3.495779,2.141176,3.598252,,,2206.031598,,132.784393,,,-14.05232
KFINTECH,File 2 (custom),-11.32284,31.384268,,33.956636,2.884572,230742.094087,21790.349014,14.084513,,1.897084,,3.462934,1.769513,1.233351,,,1161.079397,,130.742094,,,-13.938481
KHADIM,File 1 (vectorbt),-8.981299,17.34862,,17.34862,-0.163507,80417.193828,-3916.561234,25.24669,,0.853352,,0.401803,-0.30318,-0.429785,,,872.471376,,-19.582806,,,-13.035374
KHADIM,File 2 (custom),-8.872527,17.431089,,17.431089,-0.115017,80106.096867,-3978.780627,25.377322,,0.850076,,0.395153,-0.258071,-0.112181,,,424.517762,,-19.893903,,,-12.922551
KHAICHEM,File 1 (vectorbt),-14.546737,,,-13.347444,-0.342124,53345.450392,-11663.637402,52.643231,,0.683204,,,-0.806553,-1.09942,,,594.519127,,-46.65455,,,-15.559696
KHAICHEM,File 2 (custom),-14.432405,,,-13.23431,-0.243827,53175.762325,-11706.059419,52.793216,,0.681999,,,-0.67334,-0.339843,,,273.655116,,-46.824238,,,-15.444351
KHAITANLTD,File 1 (vectorbt),-13.69314,52.648504,,56.465263,0.023798,111208.832699,1601.261814,68.188461,,1.084645,,1.144292,0.189246,0.335449,,,1453.530766,,11.208833,,,-15.855847
KHAITANLTD,File 2 (custom),-13.57966,51.384173,,53.885583,0.012654,108575.638921,1225.091274,68.30862,,1.078483,,1.110139,0.146094,0.108826,,,728.420331,,8.575639,,,-15.740207
KHANDSE,File 1 (vectorbt),-13.967435,,,-8.684104,-0.120856,40451.194927,-9924.800846,59.548805,,0.79404,,,-0.411425,-0.593478,,,779.862199,,-59.548805,,,-17.862298
KHANDSE,File 2 (custom),-13.852936,,,-8.571156,-0.084558,40261.215853,-9956.464025,59.738784,,0.793017,,,-0.343826,-0.159545,,,359.563771,,-59.738784,,,-17.744653
KICL,File 1 (vectorbt),-9.183663,27.325724,,39.452454,0.177337,214743.895123,8826.453471,46.39793,,1.357046,,2.712201,0.565477,0.996213,,,2837.563395,,114.743895,,,-11.718378
KICL,File 2 (custom),-8.979447,26.760044,,39.512841,0.113446,204949.550808,8073.04237,46.359692,,1.340177,,2.631882,0.452384,0.22999,,,1411.279106,,104.949551,,,-11.606871
KILITCH,File 1 (vectorbt),-17.099138,45.313573,,65.098863,0.297005,298913.181873,22101.464653,39.188434,,1.308004,,2.02709,0.558303,1.057124,,,4289.659665,,198.913182,,,-21.290395
KILITCH,File 2 (custom),-16.251405,43.764131,,65.13363,0.206009,289517.884838,21057.54276,37.177785,,1.302323,,2.060551,0.4545,0.311313,,,2165.060308,,189.517885,,,-21.169326
KIMS,File 1 (vectorbt),-7.185403,,,-6.891687,-0.20781,92366.600669,-6921.020665,13.842041,,0.815225,6208.642,,-0.335284,-0.465292,,,457.27308,,-7.633399,,,-7.479119
KIMS,File 2 (custom),-7.078425,,,-6.785002,-0.145808,92203.83183,-6991.361245,13.982722,,0.811246,6186.55432,,-0.28501,-0.103478,,,178.375557,,-7.796168,,,-7.371847
KINGFA,File 1 (vectorbt),-10.744024,23.140571,,23.140571,-0.083867,81013.401977,-4383.068256,42.138201,,0.875724,2928.743257,0.419866,-0.206375,-0.327129,,,895.542863,,-18.986598,,,-13.131788
KINGFA,File 2 (custom),-10.63349,23.217254,,23.217254,-0.059949,80507.206091,-4461.391806,42.129177,,0.869503,2814.16512,0.409469,-0.180813,-0.079925,,,393.777808,,-19.492794,,,-13.018869
KIOCL,File 1 (vectorbt),-13.887606,,,-12.394353,-0.13858,74155.085799,-12922.457101,37.717123,,0.798376,,,-0.342943,-0.520184,,,343.398596,,-25.844914,,,-15.38086
KIOCL,File 2 (custom),-13.773932,,,-12.282171,-0.096699,74052.65415,-12973.672925,37.798137,,0.797336,,,-0.286661,-0.124943,,,158.609508,,-25.947346,,,-15.265694
KIRIINDUS,File 1 (vectorbt),-15.259865,41.091441,,43.620131,0.03023,114138.709126,4104.495547,45.635446,,1.107202,-6383.768607,1.341262,0.16553,0.254225,,,1331.586021,,14.138709,,,-21.213057
KIRIINDUS,File 2 (custom),-13.414161,39.969394,,42.053765,0.029697,118989.394492,5122.438056,42.139799,,1.127282,-6622.795785,1.473591,0.162152,0.066601,,,628.185964,,18.989394,,,-15.900087
KIRLOSBROS,File 1 (vectorbt),-12.71381,34.110754,,36.722578,0.056304,121932.13571,2741.516964,34.500554,,1.140618,,1.310611,0.205311,0.325739,,,1683.574288,,21.932136,,,-16.279139
KIRLOSBROS,File 2 (custom),-12.001753,34.176478,,36.785692,0.047517,125524.839322,3190.604915,32.292725,,1.156106,,1.367884,0.187555,0.072165,,,871.42905,,25.524839,,,-14.342515
KIRLOSENG,File 1 (vectorbt),-8.704166,27.968805,,31.064327,0.21346,186018.167989,10752.270999,30.629895,,1.419798,,3.317199,0.557045,1.13958,,,1819.1268,,86.018168,,,-9.877065
KIRLOSENG,File 2 (custom),-8.280997,27.556676,,31.133094,0.14249,183930.627405,10491.328426,30.78557,,1.414459,,3.300709,0.461309,0.267392,,,955.155216,,83.930627,,,-9.767398
KIRLOSIND,File 1 (vectorbt),-9.113849,31.26107,,43.571845,0.135068,150372.581871,4579.325625,30.486615,,1.142479,,1.571881,0.328892,0.547567,,,2898.367049,,50.372582,,,-13.959856
KIRLOSIND,File 2 (custom),-8.759399,31.311701,,43.628117,0.092577,150573.096021,4597.554184,30.617687,,1.143447,,1.582327,0.275096,0.193722,,,1477.951817,,50.573096,,,-12.127298
KIRLPNU,File 1 (vectorbt),,29.018064,,32.245999,3.448047,166277.827272,33138.913636,11.89536,,1.844121,,,1.634382,3.675955,,,517.873352,,66.277827,,,25.790129
KIRLPNU,File 2 (custom),0.0,29.088875,,32.313586,2.238954,165570.244393,32785.122196,11.849054,,1.840483,,,1.355969,1.44487,,,290.466448,,65.570244,,,25.864165
KITEX,File 1 (vectorbt),-13.465528,25.861365,,34.401617,-0.0126,96058.775358,-492.65308,36.869505,,1.031482,,0.936818,0.062984,0.095847,,,1382.689024,,-3.941225,,,-16.660489
KITEX,File 2 (custom),-12.214643,24.224227,,29.333743,-0.004572,97909.761699,-261.279788,36.909678,,1.036837,,0.964213,0.061074,0.029783,,,708.988078,,-2.090238,,,-16.006638
KKCL,File 1 (vectorbt),-9.778271,25.908952,,31.325605,-0.07418,56504.140219,-3624.654982,58.677591,,0.765772,,0.407786,-0.364898,-0.507828,,,1693.824744,,-43.49586,,,-11.73524
KKCL,File 2 (custom),-8.954844,25.982869,,31.394111,-0.048077,60399.598965,-3300.03342,55.686041,,0.78842,,0.441912,-0.272019,-0.088329,,,863.942893,,-39.600401,,,-11.224819
KMEW,File 1 (vectorbt),,0.0,,,,,,,0.0,inf,,,inf,inf,,,,,,,,
KMEW,File 2 (custom),,,,,,,,0.0,100.0,,,,,,,,,,,,,
KMSUGAR,File 1 (vectorbt),-11.821137,39.93637,,40.849118,0.147899,134207.079272,6841.415854,31.422706,,1.195278,,1.556259,0.329977,0.58045,,,1547.412346,,34.207079,,,-12.914621
KMSUGAR,File 2 (custom),-11.709528,39.996274,,40.90811,0.099027,133514.780179,6702.956036,31.598684,,1.192501,,1.543379,0.270958,0.151211,,,788.904664,,33.51478,,,-12.801919
KNRCON,File 1 (vectorbt),-8.354468,27.494211,,35.659643,0.241564,169755.239575,7750.582175,19.449385,,1.267087,,2.029812,0.418005,0.714542,,,2704.512182,,69.75524,,,-9.372735
KNRCON,File 2 (custom),-8.246322,27.566545,,35.723819,0.16202,168180.43647,7575.604052,19.522287,,1.262658,,2.002559,0.342368,0.164259,,,1380.097503,,68.180436,,,-9.263571
KOHINOOR,File 1 (vectorbt),-12.16625,,,-8.749877,-0.165131,18442.057692,-6273.68787,81.60575,,0.533969,,,-0.921858,-1.231187,,,1245.616603,,-81.557942,,,-18.204158
KOHINOOR,File 2 (custom),-12.054296,,,-8.641335,-0.116926,18261.259038,-6287.595459,81.786074,,0.532166,,,-0.770114,-0.287415,,,579.791168,,-81.738741,,,-18.086172
KOKUYOCMLN,File 1 (vectorbt),-11.087407,43.388772,,43.388772,-0.105236,55898.502489,-4900.16639,47.769367,,0.863897,,0.365714,-0.316334,-0.435336,,,1320.821608,,-44.101498,,,-14.670822
KOKUYOCMLN,File 2 (custom),-10.976531,43.445226,,43.445226,-0.073995,55437.504724,-4951.388364,47.939136,,0.861715,,0.361267,-0.267357,-0.123694,,,635.894103,,-44.562495,,,-14.556366
KOLTEPATIL,File 1 (vectorbt),-10.908849,42.544123,,42.544123,-0.084469,63470.35732,-4566.205335,44.50838,,0.939048,,0.44747,-0.140781,-0.200972,,,1327.373299,,-36.529643,,,-13.4956
KOLTEPATIL,File 2 (custom),-10.798151,42.601422,,42.601422,-0.059325,63049.994328,-4618.750709,44.646307,,0.937634,,0.442884,-0.119777,-0.058961,,,642.970238,,-36.950006,,,-13.382317
KOPRAN,File 1 (vectorbt),-12.611673,39.121447,,44.872689,-0.089823,23460.987227,-3644.714894,81.061483,,0.814587,,0.416362,-0.364268,-0.548146,,,2254.722588,,-76.539013,,,-19.807998
KOPRAN,File 2 (custom),-12.346895,39.182164,,44.927661,-0.062163,23822.711271,-3627.489939,80.967816,,0.816001,,0.42269,-0.300585,-0.142029,,,1108.426537,,-76.177289,,,-19.68841
KOTAKBANK,File 1 (vectorbt),-7.388523,27.249218,,41.348752,0.074939,150358.772966,2650.461735,36.65873,,1.108915,,1.380677,0.263938,0.377431,,,5556.147457,,50.358773,,,-17.7263
KOTAKBANK,File 2 (custom),-6.867998,27.321796,,41.407245,0.063641,156865.77834,2992.935702,32.79216,,1.117677,,1.422779,0.237576,0.126702,,,2936.085571,,56.865778,,,-17.608791
KOTARISUG,File 1 (vectorbt),-10.979117,38.726453,,43.199449,0.052034,132387.048737,3598.560971,40.51945,,1.160183,,1.318641,0.207653,0.390694,,,2539.299028,,32.387049,,,-15.229195
KOTARISUG,File 2 (custom),-10.868349,38.787565,,43.256093,0.034469,131190.713159,3465.634795,40.723248,,1.156543,,1.306478,0.169105,0.081094,,,1279.713284,,31.190713,,,-15.114181
KOTHARIPET,File 1 (vectorbt),-16.558548,59.603865,,124.45045,0.131519,342266.95346,17304.78239,56.412987,,1.256044,,1.63237,0.391468,0.655004,,,7879.531153,,242.266953,,,-35.5234
KOTHARIPET,File 2 (custom),-16.055827,55.684911,,109.82042,0.083358,308596.509971,14899.750712,55.536324,,1.24052,,1.609178,0.308808,0.138269,,,3686.207454,,208.59651,,,-34.0593
KOTHARIPRO,File 1 (vectorbt),-11.960567,34.475212,,40.729171,0.031702,127524.576321,3440.57204,43.625789,,1.15707,,1.377475,0.171004,0.284991,,,1829.373558,,27.524576,,,-16.796574
KOTHARIPRO,File 2 (custom),-10.430955,32.072389,,37.728418,0.023565,129478.389465,3684.798683,42.975789,,1.165813,,1.444043,0.148898,0.047781,,,945.206941,,29.478389,,,-15.429489
KPEL,File 1 (vectorbt),,0.0,,,,,,,0.0,inf,,,inf,inf,,,,,,,,
KPEL,File 2 (custom),,,,,,,,0.0,100.0,,,,,,,,,,,,,
KPIGREEN,File 1 (vectorbt),-10.883653,34.229213,,42.01292,1.142379,214854.788685,28713.697171,29.087092,,1.38467,,5.382014,1.16457,2.02488,,,1451.491626,,114.854789,,,-10.883653
KPIGREEN,File 2 (custom),-10.77298,31.84333,,36.833293,0.688572,202568.755474,25642.188869,29.133451,,1.357915,,5.12045,0.908217,0.887895,,,744.827078,,102.568755,,,-10.77298
KPIL,File 1 (vectorbt),-9.182386,32.970087,,48.294014,0.038165,140689.705174,2034.485259,52.115089,,1.091121,,1.193243,0.203158,0.303209,,,6240.499155,,40.689705,,,-12.633808
KPIL,File 2 (custom),-8.945304,32.347403,,44.208287,0.023975,136832.100754,1841.605038,52.42179,,1.086223,,1.177821,0.160661,0.083999,,,3090.661317,,36.832101,,,-12.521387
KPITTECH,File 1 (vectorbt),-10.957251,25.002843,,28.025815,0.545162,154573.967427,10914.793485,20.041337,,1.422173,,2.747294,0.774857,1.327429,,,1340.615973,,54.573967,,,-13.888255
KPITTECH,File 2 (custom),-9.754147,25.077666,,28.097617,0.386422,157591.349046,11518.269809,20.090341,,1.447515,,2.992938,0.677192,0.404572,,,709.321816,,57.591349,,,-11.589865
KPRMILL,File 1 (vectorbt),-8.85867,30.568943,,48.771162,0.364208,357870.405041,15168.847355,30.609673,,1.295019,,3.063233,0.661799,1.086329,,,5874.160832,,257.870405,,,-14.184557
KPRMILL,File 2 (custom),-8.75002,30.638205,,48.822239,0.243467,351028.749055,14766.397003,30.60529,,1.290781,,3.004935,0.543312,0.342443,,,3032.193626,,251.028749,,,-14.070586
KRBL,File 1 (vectorbt),-10.627581,34.158957,,36.020342,-0.058769,49138.189555,-2970.640599,75.698851,,0.874177,-360.920264,0.67348,-0.217025,-0.317062,,,3461.208944,,-50.86181,,,-20.148818
KRBL,File 2 (custom),-10.332273,34.224633,,36.084158,-0.040272,49886.136839,-2926.325354,75.195026,,0.876826,-366.332141,0.67505,-0.176552,-0.068982,,,1678.916002,,-50.113863,,,-20.028889
KREBSBIO,File 1 (vectorbt),-11.188682,37.705794,,39.599276,0.188045,198200.436397,10911.1596,47.783347,,1.304382,,3.191759,0.505311,0.987858,,,1647.752573,,98.200436,,,-14.013662
KREBSBIO,File 2 (custom),-10.314323,37.150859,,39.275456,0.137255,201445.102896,11271.6781,45.683694,,1.31292,,3.382118,0.430723,0.302375,,,887.161737,,101.445103,,,-13.899862
KRIDHANINF,File 1 (vectorbt),-11.102293,29.570876,,29.570876,0.198992,115173.644253,7586.822127,11.091202,,1.605725,,2.056095,0.372531,0.713249,,,474.271962,,15.173644,,,-11.102293
KRIDHANINF,File 2 (custom),-10.991401,29.641135,,29.641135,0.133847,114922.260324,7461.130162,11.169149,,1.595184,,2.0327,0.305525,0.074728,,,244.50335,,14.92226,,,-10.991401
KRISHANA,File 1 (vectorbt),-7.557129,35.80699,,48.506044,0.479077,144375.266737,8875.053347,20.98932,,1.612833,,2.157006,0.575049,1.406008,,,1512.57102,,44.375267,,,-8.405873
KRISHANA,File 2 (custom),-7.449779,35.871019,,48.557386,0.318194,143647.46499,8729.492998,21.187207,,1.603532,,2.130275,0.47324,0.276705,,,776.113394,,43.647465,,,-8.297675
KRITI,File 1 (vectorbt),-12.862775,,,-8.139591,-0.42466,65996.724946,-11334.425018,36.263935,,0.625211,,,-0.905316,-1.156083,,,500.470408,,-34.003275,,,-17.606836
KRITI,File 2 (custom),-12.750125,,,-8.031659,-0.30106,65846.078129,-11384.640624,36.407905,,0.623698,,,-0.756982,-0.317353,,,232.990793,,-34.153922,,,-17.489447
KRITIKA,File 1 (vectorbt),-8.761113,25.990673,,39.035116,0.787635,150231.166787,8371.861131,20.60014,,1.679383,,2.33511,1.092212,1.811074,,,1656.961724,,50.231167,,,-10.977214
KRITIKA,File 2 (custom),-5.860788,24.543844,,37.686631,0.63247,157374.441009,9562.406835,19.386409,,1.855881,,2.95377,1.089325,0.617604,,,892.176952,,57.374441,,,-9.338887
KRITINUT,File 1 (vectorbt),-10.490964,,,-9.111887,-0.431394,80118.457705,-9940.771147,26.184348,,0.613591,,,-0.953922,-1.215471,,,361.89337,,-19.881542,,,-11.870041
KRITINUT,File 2 (custom),-10.380683,,,-9.002984,-0.304109,79980.348928,-10009.825536,26.311476,,0.611687,,,-0.798692,-0.336733,,,170.935377,,-20.019651,,,-11.758383
KRN,File 1 (vectorbt),,0.0,,,,,,,0.0,inf,,,inf,inf,,,,,,,,
KRN,File 2 (custom),,,,,,,,0.0,100.0,,,,,,,,,,,,,
KRONOX,File 1 (vectorbt),,0.0,,,,,,,0.0,inf,,,inf,inf,,,,,,,,
KRONOX,File 2 (custom),,,,,,,,0.0,100.0,,,,,,,,,,,,,
KROSS,File 1 (vectorbt),,0.0,,,,,,,0.0,inf,,,inf,inf,,,,,,,,
KROSS,File 2 (custom),,,,,,,,0.0,100.0,,,,,,,,,,,,,
KRSNAA,File 1 (vectorbt),-8.025924,,,-8.025924,-0.156129,91982.094331,-8017.905669,20.053193,,0.885727,,,-0.253627,-0.377119,,,191.974268,,-8.017906,,,-8.025924
KRSNAA,File 2 (custom),-7.918105,,,-7.918105,-0.10908,91906.31688,-8093.68312,20.108215,,0.884437,,,-0.213394,-0.111336,,,91.894508,,-8.093683,,,-7.918105
KRYSTAL,File 1 (vectorbt),,0.0,,,,,,,0.0,inf,,,inf,inf,,,,,,,,
KRYSTAL,File 2 (custom),,,,,,,,0.0,100.0,,,,,,,,,,,,,
KSB,File 1 (vectorbt),-9.859642,24.655115,,33.79137,0.167316,256830.125731,7128.642079,32.463892,,1.17778,,1.825236,0.385017,0.639589,,,7117.969041,,156.830126,,45.454545,-16.311931
KSB,File 2 (custom),-8.970601,24.830095,,33.857413,0.032348,149630.025519,2255.910251,48.610128,,1.103044,,1.308169,0.180461,0.105235,,,2637.206939,,49.630026,,36.363636,-13.43213
KSCL,File 1 (vectorbt),-9.130426,27.166267,,35.093017,-0.082806,58634.029683,-2585.373145,53.188944,,0.916108,,0.602456,-0.213175,-0.300238,,,2646.724755,,-41.36597,,,-16.162855
KSCL,File 2 (custom),-9.021504,26.277797,,35.157759,-0.061054,56503.105847,-2718.555885,53.572151,,0.907792,,0.575836,-0.196528,-0.102653,,,1269.336905,,-43.496894,,,-16.046908
KSHITIJPOL,File 1 (vectorbt),-13.693767,,,-13.161883,-0.524992,74508.451161,-12745.77442,26.396443,,0.041017,,,-1.772002,-1.775049,,,348.18584,,-25.491549,,,-14.225651
KSHITIJPOL,File 2 (custom),-13.189775,,,-12.267912,-0.369561,75051.448109,-12474.275945,25.860007,,0.041985,,,-1.475168,-0.399366,,,162.766331,,-24.948552,,,-14.111639
KSL,File 1 (vectorbt),-11.976554,30.761383,,40.644092,-0.075496,69192.810154,-3423.021094,46.749274,,0.892961,,0.61696,-0.185538,-0.264989,,,1619.427323,,-30.80719,,,-20.156402
KSL,File 2 (custom),-10.492344,30.830453,,40.703288,-0.04325,76942.662009,-2561.926443,40.465005,,0.926769,,0.680794,-0.108714,-0.050089,,,829.98623,,-23.057338,,,-13.354931
KSOLVES,File 1 (vectorbt),-12.276813,39.676184,,39.676184,0.073993,107458.202499,2486.0675,30.72368,,1.059018,,1.267608,0.21643,0.346318,,,634.64309,,7.458202,,,-13.672899
KSOLVES,File 2 (custom),-12.164748,39.736348,,39.736348,0.048821,107149.743471,2383.247824,30.746435,,1.058048,,1.255576,0.177197,0.173874,,,320.479405,,7.149743,,,-13.55944
KTKBANK,File 1 (vectorbt),-11.052286,27.293574,,32.277057,-0.108577,21932.782094,-3548.509905,78.405837,,0.805392,,0.288838,-0.485021,-0.653875,,,1952.078426,,-78.067218,,,-17.479804
KTKBANK,File 2 (custom),-10.736438,27.176183,,32.344612,-0.075344,22451.443933,-3524.934367,77.895181,,0.807461,,0.295787,-0.398507,-0.190105,,,971.720519,,-77.548556,,,-17.362541
KUANTUM,File 1 (vectorbt),-12.251925,,,-8.728942,-0.297533,67452.446373,-10849.184542,32.547554,,0.392529,,,-0.984638,-1.078696,,,482.129887,,-32.547554,,,-16.558162
KUANTUM,File 2 (custom),-12.139885,,,-8.620421,-0.208826,67291.731978,-10902.756007,32.708268,,0.390936,,,-0.821426,-0.167191,,,224.568735,,-32.708268,,,-16.441821
LAGNAM,File 1 (vectorbt),-16.827511,33.393916,,43.070519,0.621232,195019.979046,23754.994761,31.302127,,1.640185,,4.951933,1.066476,2.011752,,,1151.988558,,95.019979,,,-16.827511
LAGNAM,File 2 (custom),-16.7109,33.133391,,43.127292,0.408552,192742.146314,23185.536578,31.351461,,1.629109,,4.847853,0.875775,0.599229,,,619.455513,,92.742146,,,-16.7109
LAL,File 1 (vectorbt),-10.940262,30.709417,,30.709417,0.097806,103664.238892,1221.412964,24.711985,,1.069331,,1.13564,0.219354,0.314569,,,700.198497,,3.664239,,,-11.851638
LAL,File 2 (custom),-10.829533,30.778538,,30.778538,0.061376,103357.63323,1119.211077,24.841073,,1.06622,,1.123628,0.174525,0.1249,,,351.524348,,3.357633,,,-11.739998
LALPATHLAB,File 1 (vectorbt),-7.239276,21.075447,,22.047818,0.041685,107010.639892,1409.524521,25.336817,,1.061873,-1446.507237,1.270734,0.145063,0.21655,,,1365.683558,,7.01064,,,-9.73196
LALPATHLAB,File 2 (custom),-7.132243,21.154193,,22.125592,0.026368,106369.372294,1296.938995,25.151585,,1.058858,-1412.261678,1.249584,0.114891,0.063417,,,624.60313,,6.369372,,,-9.622437
LAMBODHARA,File 1 (vectorbt),-14.370425,38.175483,,38.175483,-0.094143,74074.28649,-5185.142702,44.271341,,0.899954,,0.480038,-0.155647,-0.269884,,,780.505369,,-25.925714,,,-19.30688
LAMBODHARA,File 2 (custom),-14.256268,38.237146,,38.237146,-0.066143,73780.744449,-5243.85111,44.361194,,0.897786,,0.475407,-0.132414,-0.065225,,,376.455838,,-26.219256,,,-19.187792
LANCORHOL,File 1 (vectorbt),,0.0,,,,,,,0.0,inf,,,inf,inf,,,,,,,,
LANCORHOL,File 2 (custom),,,,,,,,0.0,100.0,,,,,,,,,,,,,
LANDMARK,File 1 (vectorbt),,0.0,,,,,,,0.0,inf,,,inf,inf,,,,,,,,
LANDMARK,File 2 (custom),,,,,,,,0.0,100.0,,,,,,,,,,,,,
LAOPALA,File 1 (vectorbt),-12.586707,36.88764,,40.908369,0.070366,146435.475151,2731.498538,44.957294,,1.099131,,1.218721,0.247395,0.392822,,,5149.079832,,46.435475,,,-24.590796
LAOPALA,File 2 (custom),-11.520158,36.95059,,40.967302,0.066725,163509.797415,3735.870436,42.12512,,1.114091,,1.299409,0.235194,0.157547,,,2799.508609,,63.509797,,,-20.462862
LASA,File 1 (vectorbt),-11.05456,,,-7.458293,-0.217844,70301.064977,-9899.645008,29.698935,,0.408812,,,-0.699069,-0.841761,,,515.033473,,-29.698935,,,-13.755108
LASA,File 2 (custom),-10.943717,,,-7.351042,-0.152111,70120.015432,-9959.994856,29.879985,,0.407021,,,-0.583303,-0.105191,,,242.48347,,-29.879985,,,-13.641567
LATENTVIEW,File 1 (vectorbt),,20.650097,,22.36895,1.975949,147877.411729,22742.599202,8.775351,,1.651906,2392.213325,,1.16168,2.268609,,,635.564238,,47.877412,,,18.931244
LATENTVIEW,File 2 (custom),0.0,20.729268,,22.446403,1.322604,147449.957688,22533.931634,8.756293,,1.64804,2382.09442,,0.962105,0.68846,,,267.145964,,47.449958,,,19.012132
LATTEYS,File 1 (vectorbt),-8.938685,21.08969,,21.08969,0.021136,100342.430683,114.143561,11.322834,,1.069758,,1.017698,0.084419,0.111946,,,613.579544,,0.342431,,,-11.334157
LATTEYS,File 2 (custom),-6.27959,15.510821,,15.510821,0.041939,100854.536317,284.845439,9.814925,,1.096534,,1.063713,0.092842,0.019447,,,302.110894,,0.854536,,,-6.436877
LAURUSLABS,File 1 (vectorbt),-10.226219,24.946856,,40.666389,0.603555,210522.506444,10474.13893,22.747706,,1.333606,37203.533935,3.000758,0.819878,1.241773,,,1884.378692,,110.522506,,,-17.86854
LAURUSLABS,File 2 (custom),-7.152008,25.021735,,40.725564,0.67441,231368.213749,12927.07483,15.609078,,1.382328,40878.68994,4.292167,0.770372,0.470266,,,960.304353,,131.368214,,,-8.858306
LAXMICOT,File 1 (vectorbt),-11.433319,,,-8.833053,-0.301651,78393.324805,-10803.337598,22.74633,,0.73004,,,-0.51231,-0.642211,,,360.723622,,-21.606675,,,-14.033585
LAXMICOT,File 2 (custom),-11.322097,,,-8.724428,-0.211426,78261.85637,-10869.071815,22.803772,,0.728532,,,-0.428421,-0.13472,,,169.483993,,-21.738144,,,-13.919765
LAXMIDENTL,File 1 (vectorbt),,0.0,,,,,,,0.0,inf,,,inf,inf,,,,,,,,
LAXMIDENTL,File 2 (custom),,,,,,,,0.0,100.0,,,,,,,,,,,,,
LCCINFOTEC,File 1 (vectorbt),-15.570724,,,-12.829004,-0.184355,60062.805871,-13312.398043,39.937194,,,,,-1.334175,-1.331206,,,456.944969,,-39.937194,,,-20.451764
LCCINFOTEC,File 2 (custom),-13.731239,,,-11.604716,-0.125678,63753.780112,-12082.073296,36.24622,,,,,-1.074784,-0.178681,,,220.116314,,-36.24622,,,-16.872613
LEMONTREE,File 1 (vectorbt),-7.914665,28.236917,,35.890907,1.534183,291064.655408,27294.950773,15.875272,,1.626881,,6.300946,1.201918,2.344375,,,2798.03654,,191.064655,,,-8.244728
LEMONTREE,File 2 (custom),-7.806958,28.308509,,35.954853,1.014949,288714.6415,26959.2345,15.870706,,1.621883,,6.212445,0.993781,0.764576,,,1487.413399,,188.714641,,,-8.136691
LEXUS,File 1 (vectorbt),-17.742037,,,-17.742037,-0.391872,82275.687725,-17724.312275,30.068092,,0.876357,,,-0.385913,-0.609141,,,182.258146,,-17.724312,,,-17.742037
LEXUS,File 2 (custom),-17.624512,,,-17.624512,-0.276301,82216.922646,-17783.077354,30.114492,,0.875798,,,-0.322774,-0.277629,,,82.265341,,-17.783077,,,-17.624512
LFIC,File 1 (vectorbt),-12.929316,43.388758,,43.388758,0.115121,124830.346868,12415.173434,32.408425,,1.235306,,2.922389,0.289626,0.646002,,,399.022778,,24.830347,,,-12.929316
LFIC,File 2 (custom),-12.816599,35.981801,,35.981801,0.058954,118082.220111,9041.110056,32.454379,,1.189905,,2.392628,0.199339,0.130852,,,205.233329,,18.08222,,,-12.816599
LGBBROSLTD,File 1 (vectorbt),-9.663545,28.951553,,33.892555,-0.033993,85592.417543,-1200.631871,44.012022,,0.985074,,0.799972,-0.031842,-0.049982,,,1869.313833,,-14.407582,,,-13.239399
LGBBROSLTD,File 2 (custom),-9.422889,29.02243,,33.958496,-0.02396,85470.10243,-1210.824798,43.606785,,0.984172,,0.79772,-0.028069,-0.01558,,,932.447713,,-14.529898,,,-13.126373
LGHL,File 1 (vectorbt),,26.646893,,26.646893,,126620.272723,26620.272723,,,inf,,,2.237063,inf,,,226.64712,,26.620273,,,26.646893
LGHL,File 2 (custom),0.0,26.720073,,26.720073,,126434.982695,26434.982695,0.0,,,,,1.859179,,,,126.440883,,26.434983,,,26.720073
LIBAS,File 1 (vectorbt),-15.223299,,,-14.318719,-0.283602,71888.512653,-14055.743674,28.111487,,,,,-1.053731,-1.052494,,,339.637208,,-28.111487,,,-16.127878
LIBAS,File 2 (custom),-13.630994,,,-13.057373,-0.195785,74299.848187,-12850.075906,25.700152,,,,,-0.900305,-0.19836,,,161.193791,,-25.700152,,,-14.204615
LIBERTSHOE,File 1 (vectorbt),-12.131909,29.357808,,35.607288,-0.051672,58719.557518,-2580.027655,57.331561,,0.971275,,0.595619,-0.066993,-0.103169,,,2007.525242,,-41.280442,,,-16.937518
LIBERTSHOE,File 2 (custom),-11.983036,29.333834,,35.671517,-0.0365,57991.88747,-2625.507033,57.600787,,0.96955,,0.587325,-0.059065,-0.034121,,,975.727789,,-42.008113,,,-16.820797
LICHSGFIN,File 1 (vectorbt),-8.37926,25.458134,,34.556891,0.038878,134637.049963,1924.280553,43.03085,,1.073069,,1.292915,0.185808,0.273807,,,4122.135052,,34.63705,,,-11.304322
LICHSGFIN,File 2 (custom),-8.19902,25.532502,,34.622169,0.026137,133432.446922,1857.358162,42.738852,,1.071721,,1.285013,0.151638,0.087933,,,2061.203563,,33.432447,,,-11.193229
LICI,File 1 (vectorbt),-8.971264,,,-8.789345,-0.494999,82878.295289,-8560.852355,17.121705,,0.414084,,,-1.388981,-1.598228,,,364.573462,,-17.121705,,,-9.153182
LICI,File 2 (custom),-8.862501,,,-8.680765,-0.346517,82800.105646,-8599.947177,17.199894,,0.411329,,,-1.162455,-0.401199,,,172.950692,,-17.199894,,,-9.044238
LIKHITHA,File 1 (vectorbt),-9.391106,39.358533,,41.189031,0.954461,159296.240803,14824.060201,16.4391,,1.438753,,3.144821,0.766217,1.488647,,,1063.874617,,59.296241,,,-11.202743
LIKHITHA,File 2 (custom),-9.127095,39.419014,,41.247684,0.650767,159074.511843,14768.627961,16.216283,,1.438183,,3.169926,0.636196,0.445863,,,560.373561,,59.074512,,,-10.782093
LINC,File 1 (vectorbt),-11.409573,31.832208,,42.498973,0.063687,115633.441233,1106.252711,32.987831,,1.085337,5677.166835,1.139936,0.202177,0.330793,,,1902.041284,,15.633441,,,-13.614595
LINC,File 2 (custom),-11.298375,31.900208,,42.556317,0.041005,114607.732337,998.35794,33.082379,,1.082442,5622.51088,1.125997,0.162576,0.108111,,,896.802162,,14.607732,,,-13.501194
LINCOLN,File 1 (vectorbt),-9.145535,16.924879,,16.924879,-0.132587,65648.421402,-4907.368371,47.567935,,0.889285,,0.23117,-0.302048,-0.457236,,,1059.241303,,-34.351579,,,-13.439707
LINCOLN,File 2 (custom),-9.036599,17.007771,,17.007771,-0.093476,65230.480461,-4967.07422,47.748078,,0.887135,,0.226104,-0.256295,-0.173982,,,510.322641,,-34.76952,,,-13.32648
LINDEINDIA,File 1 (vectorbt),-10.287075,23.720943,,42.454845,0.447245,453281.474147,25153.044085,28.441505,,1.466609,-24014.187133,4.020574,0.814742,1.347768,,,7905.72684,,353.281474,,,-15.315332
LINDEINDIA,File 2 (custom),-9.772375,23.797046,,42.512233,0.321463,455178.755732,25262.380465,26.886743,,1.470495,-23756.95124,4.143259,0.681241,0.346056,,,3908.139417,,355.178756,,,-14.29461
LLOYDSENGG,File 1 (vectorbt),-12.269657,44.335175,,47.875949,-0.02295,94629.813856,-671.273268,39.453786,,1.014482,,0.931257,0.022743,0.038361,,,1590.257741,,-5.370186,,,-16.057726
LLOYDSENGG,File 2 (custom),-11.315026,44.162913,,47.927921,-0.002383,99249.290383,-93.838702,35.95608,,1.045146,,0.989955,0.05786,0.03169,,,821.12208,,-0.75071,,,-14.384784
LLOYDSENT,File 1 (vectorbt),,0.0,,,,,,,0.0,inf,,,inf,inf,,,,,,,,
LLOYDSENT,File 2 (custom),,,,,,,,0.0,100.0,,,,,,,,,,,,,
LLOYDSME,File 1 (vectorbt),-10.477866,28.820791,,28.820791,2.788753,150650.903194,7655.413617,12.984885,,1.452012,35340.07596,2.135719,1.409638,2.321837,,,588.106241,,50.650903,,,-10.477866
LLOYDSME,File 2 (custom),-10.367599,28.8918,,28.8918,1.823372,150371.843114,7573.931408,12.978218,,1.450688,35223.980298,2.125462,1.170671,1.039834,,,242.911738,,50.371843,,,-10.367599
LMW,File 1 (vectorbt),-7.622897,22.775793,,33.87491,0.019415,116374.428058,711.931655,44.971595,,1.065148,,1.111818,0.131423,0.203192,,,5258.89719,,16.374428,,,-14.973694
LMW,File 2 (custom),-7.149808,22.498345,,33.94087,0.01591,118852.671679,819.681377,43.112294,,1.06998,,1.134066,0.116882,0.059055,,,2629.04132,,18.852672,,,-14.858935
LODHA,File 1 (vectorbt),-8.25157,33.621667,,38.42084,1.249612,200023.956926,20004.791385,22.020118,,1.583403,,5.594195,1.282678,2.127935,,,1349.363039,,100.023957,,,-8.253114
LODHA,File 2 (custom),-8.143527,33.687879,,38.482258,0.814271,198325.382572,19665.076514,22.140984,,1.577246,,5.486185,1.058273,0.672713,,,719.860159,,98.325383,,,-8.145069
LOKESHMACH,File 1 (vectorbt),-13.672262,36.640689,,49.130688,0.030297,123306.106137,2118.736922,54.232919,,1.10279,,1.185676,0.179765,0.293816,,,2675.38362,,23.306106,,,-17.098536
LOKESHMACH,File 2 (custom),-13.558803,36.703885,,49.181407,0.019741,121995.166736,1999.560612,54.379533,,1.099722,,1.175321,0.145293,0.071336,,,1341.590416,,21.995167,,,-16.981654
LORDSCHLO,File 1 (vectorbt),,0.0,,,,,,,0.0,inf,,,inf,inf,,,,,,,,
LORDSCHLO,File 2 (custom),,,,,,,,0.0,100.0,,,,,,,,,,,,,
LOTUSEYE,File 1 (vectorbt),-15.444141,47.794332,,62.563305,0.085487,163322.504177,9046.072025,53.225521,,1.172691,,1.857019,0.304799,0.476189,,,1627.880157,,63.322504,,,-20.404481
LOTUSEYE,File 2 (custom),-14.5326,47.846385,,62.600604,0.06468,168626.397878,9803.771125,51.427751,,1.178384,,1.940916,0.263195,0.123326,,,875.983073,,68.626398,,,-17.099049
LOVABLE,File 1 (vectorbt),-10.326858,34.289891,,35.947199,0.013912,104462.093909,637.441987,32.564025,,1.062836,,1.070016,0.103396,0.195979,,,1636.731077,,4.462094,,,-12.067638
LOVABLE,File 2 (custom),-10.216741,34.355436,,36.011088,0.008114,103776.841092,539.548727,32.708062,,1.060026,,1.05907,0.082253,0.051472,,,817.630816,,3.776841,,,-11.955783
LOYALTEX,File 1 (vectorbt),-10.199749,,,-10.199749,-0.525338,89810.440351,-10189.559649,10.18956,,0.365833,,,-1.12103,-1.272933,,,189.800441,,-10.18956,,,-10.199749
LOYALTEX,File 2 (custom),-10.089759,,,-10.089759,-0.365836,89765.071315,-10234.928685,10.234929,,0.363899,,,-0.936487,-0.272167,,,89.518917,,-10.234929,,,-10.089759
LPDC,File 1 (vectorbt),-14.541388,53.438769,,53.438769,0.059708,125529.984995,4254.997499,36.25708,,1.136933,,1.291114,0.205937,0.334654,,,1672.771955,,25.529985,,,-16.312034
LPDC,File 2 (custom),-14.054082,44.37477,,47.951886,0.021266,112233.679827,2038.946638,35.427262,,1.09815,,1.157532,0.12474,0.054637,,,772.719449,,12.23368,,,-16.195938
LT,File 1 (vectorbt),-6.284841,17.838364,,34.688989,0.114438,167781.814963,3389.090748,32.343951,,1.155509,,1.70636,0.384908,0.569018,,,5105.270122,,67.781815,,,-8.88091
LT,File 2 (custom),-6.178762,17.488548,,34.754135,0.070347,159585.048372,2979.252419,32.585851,,1.142353,,1.628402,0.294504,0.166139,,,2514.74428,,59.585048,,,-8.772238
LTF,File 1 (vectorbt),-6.988117,18.085184,,19.035832,-0.099788,68993.779218,-2067.081385,38.841621,,0.885647,,0.579304,-0.236928,-0.314704,,,2560.893747,,-31.006221,,,-9.684007
LTF,File 2 (custom),-6.776361,18.166917,,19.116615,-0.068874,68905.223619,-2072.985092,39.224277,,0.884967,,0.578192,-0.197762,-0.075312,,,1270.274524,,-31.094776,,,-9.574532
LTFOODS,File 1 (vectorbt),-11.056075,32.405019,,42.197102,-0.050825,72198.9442,-1208.741557,50.463564,,0.993435,,0.866662,-0.017767,-0.027416,,,4845.437344,,-27.801056,,,-18.961043
LTFOODS,File 2 (custom),-10.772915,32.472447,,42.254747,-0.034686,73091.555607,-1169.932365,49.340219,,0.994688,,0.870112,-0.011979,-0.008246,,,2419.797695,,-26.908444,,,-18.8423
LTIM,File 1 (vectorbt),-6.805407,13.002638,,15.884149,-0.03102,96188.893782,-635.18437,20.60349,,0.986081,,0.867954,-0.029488,-0.042158,,,1224.811693,,-3.811106,,,-9.904432
LTIM,File 2 (custom),-6.698808,13.089448,,15.96808,-0.021997,96091.803156,-651.366141,20.600455,,0.984948,,0.863298,-0.026431,-0.011871,,,599.567068,,-3.908197,,,-9.794737
LTTS,File 1 (vectorbt),-6.179437,20.915349,,24.741669,0.288233,128537.986989,7134.496747,14.971457,,2.119845,,2.912356,0.486727,1.644053,,,931.729567,,28.537987,,,-6.221378
LTTS,File 2 (custom),-6.073464,20.994255,,24.816753,0.190157,127262.0316,6815.5079,14.937673,,2.08278,,2.815155,0.39237,0.206681,,,472.332378,,27.262032,,,-6.115363
LUMAXIND,File 1 (vectorbt),-9.552405,37.533012,,53.874219,0.044187,145413.102498,2671.35897,49.699607,,1.112543,,1.244066,0.210006,0.362171,,,5186.770861,,45.413102,,,-14.897441
LUMAXIND,File 2 (custom),-8.680541,37.191489,,53.920198,0.03904,156240.407522,3308.259266,46.196355,,1.126518,,1.315807,0.1951,0.114504,,,2728.899869,,56.240408,,,-12.252994
LUMAXTECH,File 1 (vectorbt),-9.983827,32.830443,,41.899855,0.036807,123770.059986,2641.117776,47.456507,,1.104786,,1.334369,0.191173,0.314673,,,2018.242454,,23.77006,,,-12.625499
LUMAXTECH,File 2 (custom),-9.874053,32.897446,,41.957797,0.024151,122605.761132,2511.751237,47.580702,,1.101747,,1.316944,0.154486,0.081069,,,1015.819837,,22.605761,,,-12.513085
LUPIN,File 1 (vectorbt),-8.179326,28.210235,,64.02765,0.009062,108449.765481,469.431416,55.590485,,1.055134,,1.066173,0.105777,0.167524,,,4008.652051,,8.449765,,,-15.442503
LUPIN,File 2 (custom),-8.071355,24.119868,,46.614445,-0.006054,92395.285219,-422.484155,55.785535,,1.017123,,0.932825,0.028326,0.013733,,,1749.097794,,-7.604715,,,-15.327276
LUXIND,File 1 (vectorbt),-6.89144,26.867828,,33.697275,0.573645,164252.13839,10708.689732,13.844818,,1.521155,,3.122978,0.787931,1.351314,,,1594.947686,,64.252138,,,-8.2974
LUXIND,File 2 (custom),-6.784756,26.940787,,33.763412,0.385558,162819.967798,10469.994633,13.798079,,1.514429,,3.077163,0.648113,0.304537,,,820.452276,,62.819968,,,-8.18931
LXCHEM,File 1 (vectorbt),-9.803489,,,-6.778594,-0.369651,81280.457191,-9359.771404,18.719543,,0.482373,,,-0.831119,-0.980674,,,355.630957,,-18.719543,,,-12.828384
LXCHEM,File 2 (custom),-9.693895,,,-6.672022,-0.258176,81155.503363,-9422.248318,18.844497,,0.402706,,,-0.771403,-0.174868,,,168.147937,,-18.844497,,,-12.715768
LYKALABS,File 1 (vectorbt),-14.60052,52.920812,,73.767599,0.262904,688084.111254,34593.183015,45.589193,,1.282904,,1.714079,0.569882,1.011208,,,18912.95082,,588.084111,,,-24.861019
LYKALABS,File 2 (custom),-14.295906,51.833624,,71.232584,0.17269,653680.036533,32569.413914,45.77266,,1.276997,,1.707057,0.464706,0.317568,,,9305.27984,,553.680037,,,-24.496878
LYPSAGEMS,File 1 (vectorbt),-12.226071,,,-8.566458,-0.150421,52040.569046,-9591.886191,52.84944,,,,,-0.715431,-0.912858,,,753.166346,,-47.959431,,,-14.450575
LYPSAGEMS,File 2 (custom),-12.036884,,,-8.4581,-0.105164,52052.181253,-9589.563749,52.838242,,,,,-0.594853,-0.191422,,,353.293587,,-47.947819,,,-14.127262
M&M,File 1 (vectorbt),-6.614503,18.170799,,23.86508,-0.010794,95118.448686,-443.777392,36.644298,,0.996699,,0.889339,-0.005302,-0.0079,,,1729.197577,,-4.881551,,,-8.56819
M&M,File 2 (custom),-6.471964,18.252447,,23.941039,-0.009259,93962.580756,-548.856295,36.709453,,0.989169,,0.863571,-0.01451,-0.005383,,,854.601629,,-6.037419,,,-8.459831
M&MFIN,File 1 (vectorbt),-12.185778,25.276213,,29.978262,0.010429,106723.672423,517.205571,49.551271,,1.048889,,1.06944,0.115946,0.172541,,,2357.135995,,6.723672,,,-26.066397
M&MFIN,File 2 (custom),-11.061727,25.350763,,30.048114,0.018995,116616.482106,1278.190931,44.443383,,1.065989,,1.178872,0.12963,0.073489,,,1269.393535,,16.616482,,,-21.507474
MAANALU,File 1 (vectorbt),-15.266425,51.836737,,58.31409,0.262752,194895.175396,31631.725132,29.225853,,1.604997,,4.931707,0.631553,1.278437,,,879.742542,,94.895175,,,-15.266425
MAANALU,File 2 (custom),-15.151373,48.150983,,52.071555,0.16465,184986.590144,28328.863381,29.281787,,1.560955,,4.655367,0.491606,0.226938,,,465.711591,,84.98659,,,-15.151373
MACPOWER,File 1 (vectorbt),-10.30266,42.11811,,48.263035,0.124621,116655.546757,2379.363822,38.299668,,1.091839,,1.231909,0.301416,0.515563,,,1832.16272,,16.655547,,,-13.643212
MACPOWER,File 2 (custom),-10.192568,40.646331,,48.31462,0.068442,113215.307117,1887.901017,38.390163,,1.082373,,1.186958,0.226695,0.231742,,,901.50503,,13.215307,,,-13.529783
MADHAV,File 1 (vectorbt),-15.254559,37.719572,,37.719572,-0.149793,21979.4426,-6501.713117,84.023687,,0.755048,,0.28519,-0.554288,-0.805411,,,1506.60019,,-78.020557,,,-25.24985
MADHAV,File 2 (custom),-14.786145,37.78169,,37.78169,-0.103712,22868.29116,-6427.642403,83.377541,,0.760452,,0.286412,-0.448437,-0.224436,,,719.941379,,-77.131709,,,-24.599802
MADHUCON,File 1 (vectorbt),-13.550742,38.827448,,52.226621,0.309035,292497.239933,16041.436661,28.791262,,1.453626,,2.153312,0.620329,1.127724,,,4688.110614,,192.49724,,,-19.150949
MADHUCON,File 2 (custom),-12.991461,36.736951,,48.758869,0.196252,270791.708017,14232.642335,28.606103,,1.427341,,2.101597,0.487712,0.238148,,,2340.055313,,170.791708,,,-17.879051
MADRASFERT,File 1 (vectorbt),-14.820816,36.121891,,38.56327,-0.056291,51227.00542,-3162.6254,71.220219,,0.95009,1829.011815,0.570144,-0.094982,-0.155034,,,1896.238323,,-48.772995,,,-22.764511
MADRASFERT,File 2 (custom),-14.629495,36.185606,,38.624546,-0.039378,51056.982058,-3172.854551,71.081035,,0.949471,1822.654872,0.569252,-0.079931,-0.042827,,,902.854166,,-48.943018,,,-22.641969
MAGADSUGAR,File 1 (vectorbt),-10.308092,27.228241,,28.093064,0.188668,130186.529192,7546.632298,26.688363,,1.34589,,2.545221,0.455003,0.844903,,,774.196271,,30.186529,,,-10.474257
MAGADSUGAR,File 2 (custom),-10.197994,27.300841,,28.1648,0.125881,129422.616914,7355.654228,26.784245,,1.338547,,2.497211,0.372688,0.183435,,,400.131402,,29.422617,,,-10.363993
MAGNUM,File 1 (vectorbt),-16.016735,42.062089,,47.610904,0.031829,119494.24242,2436.780303,51.256892,,1.207038,,1.268714,0.184287,0.338121,,,1359.860462,,19.494242,,,-19.437352
MAGNUM,File 2 (custom),-15.87421,40.983567,,47.663141,0.017983,115776.391069,1972.048884,51.339099,,1.182209,,1.221349,0.135603,0.044835,,,673.043838,,15.776391,,,-19.318134
MAHABANK,File 1 (vectorbt),-10.369468,30.160659,,45.425383,0.102102,185861.784564,4770.099142,43.153803,,1.17091,,1.597562,0.349367,0.537636,,,4380.685758,,85.861785,,,-18.070599
MAHABANK,File 2 (custom),-9.522451,29.043334,,37.250113,0.078329,188252.48076,4902.915598,39.383755,,1.178192,,1.636306,0.299845,0.147448,,,2314.370106,,88.252481,,,-17.952747
MAHAPEXLTD,File 1 (vectorbt),-12.042985,,,-7.784143,-0.247035,52512.73134,-9497.453732,51.051386,,0.701036,,,-0.755605,-0.986922,,,711.491795,,-47.487269,,,-16.239287
MAHAPEXLTD,File 2 (custom),-11.844381,,,-7.676566,-0.173985,52572.446242,-9485.510752,50.994237,,0.701337,,,-0.627122,-0.323351,,,331.832548,,-47.427554,,,-16.123264
MAHASTEEL,File 1 (vectorbt),-13.565758,35.196665,,35.196665,-0.137906,75093.783858,-4981.243228,33.284131,,0.832882,,0.53055,-0.325457,-0.462961,,,903.051855,,-24.906216,,,-19.967047
MAHASTEEL,File 2 (custom),-13.452406,35.261304,,35.261304,-0.096949,74746.016649,-5050.79667,33.449627,,0.830086,,0.525493,-0.275186,-0.117081,,,438.086365,,-25.253983,,,-19.847299
MAHEPC,File 1 (vectorbt),-9.210269,,,-9.173948,-0.219269,82444.448139,-8777.775931,23.515398,,0.725428,,,-0.588622,-0.796555,,,363.952552,,-17.555552,,,-9.24659
MAHEPC,File 2 (custom),-9.101267,,,-9.064983,-0.153097,82311.202552,-8844.398724,23.635338,,0.72349,,,-0.493416,-0.212534,,,173.000565,,-17.688797,,,-9.137552
MAHESHWARI,File 1 (vectorbt),,0.0,,,,,,,0.0,inf,,,inf,inf,,,,,,,,
MAHESHWARI,File 2 (custom),,,,,,,,0.0,100.0,,,,,,,,,,,,,
MAHLIFE,File 1 (vectorbt),-10.372134,37.365318,,49.414958,0.038262,118277.498361,1827.749836,37.123879,,1.100909,,1.19197,0.169775,0.268467,,,2397.637537,,18.277498,,,-20.739037
MAHLIFE,File 2 (custom),-8.437191,37.42779,,49.465393,0.066105,135940.681902,3594.06819,27.186593,,1.150124,,1.414025,0.214351,0.122394,,,1371.284547,,35.940682,,,-9.663359
MAHLOG,File 1 (vectorbt),-7.429833,30.831493,,31.007703,0.293034,135723.300088,7144.660018,20.747193,,1.267847,,2.010143,0.48581,0.831556,,,1457.05132,,35.7233,,,-8.326756
MAHLOG,File 2 (custom),-7.32261,30.900493,,31.076527,0.19469,134923.209636,6984.641927,20.940128,,1.263172,,1.981777,0.39775,0.222271,,,742.893432,,34.92321,,,-8.218637
MAHSCOOTER,File 1 (vectorbt),-8.985993,23.450498,,34.3803,0.459223,363868.6792,21989.0566,17.137989,,1.786475,,3.450007,0.712136,1.670565,,,6166.867356,,263.868679,,,-11.446989
MAHSCOOTER,File 2 (custom),-8.877216,23.489691,,34.445754,0.309229,357217.612723,21434.80106,17.11011,,1.777499,,3.414132,0.587465,0.306955,,,3161.717943,,257.217613,,,-11.335753
MAHSEAMLES,File 1 (vectorbt),-10.53824,28.632004,,43.425208,0.079647,192549.607453,4627.480373,46.884065,,1.112145,,1.569376,0.299933,0.444839,,,5254.977532,,92.549607,,,-17.094678
MAHSEAMLES,File 2 (custom),-9.560053,28.703201,,43.481627,0.070882,212100.586991,5605.02935,41.580846,,1.124278,,1.666929,0.27782,0.178993,,,2941.195337,,112.100587,,,-16.9778
MAITHANALL,File 1 (vectorbt),-14.571178,28.593246,,35.654968,0.187698,169140.565031,9877.223576,32.10822,,1.259231,,2.16449,0.458252,0.730654,,,1831.290056,,69.140565,,,-20.373196
MAITHANALL,File 2 (custom),-14.456821,27.993941,,33.036987,0.120841,164304.622939,9186.374706,32.200111,,1.246962,,2.103398,0.364996,0.170698,,,926.012317,,64.304623,,,-20.253043
MALLCOM,File 1 (vectorbt),-8.086332,,,-8.086332,-0.412341,91921.746043,-8078.253957,8.685461,,0.074896,,,-0.847934,-0.852249,,,191.91386,,-8.078254,,,-8.086332
MALLCOM,File 2 (custom),-7.978454,,,-7.978454,-0.286601,91839.224562,-8160.775438,8.767324,,0.074161,,,-0.707086,-0.265674,,,91.9123,,-8.160775,,,-7.978454
MALUPAPER,File 1 (vectorbt),-14.747045,33.147646,,36.619013,-0.034053,78699.826077,-3042.881989,57.800018,,0.923987,,0.704271,-0.066843,-0.104815,,,1211.256587,,-21.300174,,,-26.776317
MALUPAPER,File 2 (custom),-14.632512,33.214331,,36.682231,-0.024141,78197.924392,-3114.58223,57.9611,,0.919887,,0.697845,-0.058727,-0.013575,,,593.521728,,-21.802076,,,-26.649767
MAMATA,File 1 (vectorbt),,0.0,,,,,,,0.0,inf,,,inf,inf,,,,,,,,
MAMATA,File 2 (custom),,,,,,,,0.0,100.0,,,,,,,,,,,,,
MANAKALUCO,File 1 (vectorbt),-16.037384,43.903769,,55.144755,-0.056833,85213.139867,-2112.40859,40.23234,,0.98954,,0.820122,-0.020668,-0.032311,,,1344.55205,,-14.78686,,,-25.114535
MANAKALUCO,File 2 (custom),-15.921562,43.357978,,53.986002,-0.042794,83996.391559,-2286.229777,40.320057,,0.983953,,0.804739,-0.026468,-0.013695,,,658.7417,,-16.003608,,,-24.989646
MANAKCOAT,File 1 (vectorbt),-17.246519,27.733366,,31.676828,-0.027292,92000.445991,-1599.910802,44.03484,,0.998382,,0.816248,-0.003086,-0.004609,,,729.735694,,-7.999554,,,-23.400639
MANAKCOAT,File 2 (custom),-16.87694,25.605805,,30.377757,-0.026137,89166.793906,-2166.641219,43.67035,,0.982168,,0.749039,-0.028401,-0.013239,,,357.191815,,-10.833206,,,-23.277462
MANAKSIA,File 1 (vectorbt),-11.794423,38.088112,,43.53769,0.250779,267029.544006,16702.954401,34.949873,,1.256213,,2.867288,0.517654,0.911524,,,3050.527441,,167.029544,,,-12.830351
MANAKSIA,File 2 (custom),-11.68284,38.149862,,43.593996,0.16812,264121.825392,16412.182539,35.115687,,1.253641,,2.832262,0.426717,0.28052,,,1599.250109,,164.121825,,,-12.717734
MANAKSTEEL,File 1 (vectorbt),-17.187625,48.218414,,53.865983,0.008656,102762.05763,460.342938,45.55179,,1.060248,,1.033016,0.120886,0.189105,,,1319.569767,,2.762058,,,-23.47508
MANAKSTEEL,File 2 (custom),-17.070654,48.270044,,53.911971,0.004705,102174.104527,362.350754,45.634464,,1.058209,,1.025975,0.097178,0.051861,,,659.426796,,2.174105,,,-23.351828
MANALIPETC,File 1 (vectorbt),-15.110812,34.496492,,45.583839,0.072856,142304.848021,4700.538669,40.688658,,1.148366,,1.387174,0.244938,0.385657,,,2396.726237,,42.304848,,,-21.13519
MANALIPETC,File 2 (custom),-14.995916,34.457552,,45.638101,0.048256,140562.424605,4506.936067,40.732214,,1.145084,,1.371578,0.199408,0.085167,,,1212.395565,,40.562425,,,-21.014276
MANAPPURAM,File 1 (vectorbt),-10.027799,27.65819,,32.691368,0.092877,148780.296479,3048.76853,42.906996,,1.103131,,1.497551,0.289468,0.448787,,,3179.344233,,48.780296,,,-16.147337
MANAPPURAM,File 2 (custom),-9.169912,27.730359,,32.758509,0.084666,159349.691122,3709.355695,37.967341,,1.114053,,1.605001,0.268569,0.204804,,,1728.187358,,59.349691,,,-13.922031
MANBA,File 1 (vectorbt),-14.467421,,,-14.467421,-1.842566,85547.032059,-14452.967941,14.452968,,0.536075,,,-2.039537,-2.419613,,,185.532765,,-14.452968,,,-14.467421
MANBA,File 2 (custom),-14.353168,,,-14.353168,-1.331624,85479.202464,-14520.797536,14.520798,,0.534737,,,-1.709712,-1.161239,,,85.540696,,-14.520798,,,-14.353168
MANCREDIT,File 1 (vectorbt),,0.0,,,,,,,0.0,inf,,,inf,inf,,,,,,,,
MANCREDIT,File 2 (custom),,,,,,,,0.0,100.0,,,,,,,,,,,,,
MANGALAM,File 1 (vectorbt),-14.486488,46.735558,,56.945992,0.076251,153527.152642,4866.104786,44.035761,,1.161453,,1.49616,0.268636,0.48405,,,2241.563855,,53.527153,,,-19.79525
MANGALAM,File 2 (custom),-14.268858,43.609794,,56.511319,0.041452,140327.744643,3666.158604,43.866259,,1.137925,,1.38596,0.192417,0.110864,,,1100.577105,,40.327745,,,-19.675674
MANGCHEFER,File 1 (vectorbt),-10.613213,29.996707,,35.597462,-0.02262,88835.985694,-1014.910391,44.138595,,1.007916,,0.871586,0.017993,0.027406,,,2157.224948,,-11.164014,,,-16.332525
MANGCHEFER,File 2 (custom),-10.278698,30.06654,,35.661701,-0.014482,89697.014237,-936.635069,43.800347,,1.009901,,0.879918,0.018711,0.010517,,,1075.027547,,-10.302986,,,-16.216408
MANGLMCEM,File 1 (vectorbt),-13.526958,36.870991,,74.181785,0.260541,489313.526742,27808.109053,36.462696,,1.319112,,3.252371,0.58011,1.041281,,,6509.833548,,389.313527,,,-20.910722
MANGLMCEM,File 2 (custom),-13.413645,36.893698,,74.207478,0.174999,480355.883684,27168.277406,36.506944,,1.315643,,3.205332,0.47801,0.294273,,,3412.468244,,380.355884,,,-20.790032
MANINDS,File 1 (vectorbt),-12.67053,32.774512,,42.852459,-0.054437,60364.434841,-2477.222822,67.222688,,0.920119,,0.716442,-0.143145,-0.22218,,,2831.941657,,-39.635565,,,-17.574291
MANINDS,File 2 (custom),-12.364628,31.88962,,40.996545,-0.03894,59461.727646,-2533.642022,67.177981,,0.915435,,0.703683,-0.126142,-0.056915,,,1381.146506,,-40.538272,,,-17.456934
MANINFRA,File 1 (vectorbt),-9.395248,26.862576,,30.651246,0.227435,151630.32484,8605.05414,17.999576,,1.478781,,2.213424,0.530061,0.98389,,6.0,1664.124134,,51.630325,6.0,50.0,-9.456111
MANINFRA,File 2 (custom),-9.152732,26.93554,,30.720425,0.083635,137227.420822,5318.202975,25.44671,,1.341326,,1.662579,0.336013,0.126224,,7.0,993.205058,,37.227421,7.0,42.857143,-9.346864
MANKIND,File 1 (vectorbt),-7.539857,18.592389,,18.592389,0.044548,101383.824742,461.274914,21.266638,,1.040717,,1.080502,0.150261,0.215671,,,657.840229,,1.383825,,,-7.549072
MANKIND,File 2 (custom),-7.432524,18.673615,,18.673615,0.028354,101259.561525,419.853842,20.97279,,1.039352,,1.073821,0.121064,0.097313,,,324.964116,,1.259562,,,-7.44173
MANOMAY,File 1 (vectorbt),-11.700162,,,-10.528249,-0.492044,68851.942656,-10382.685781,41.463272,,0.61629,,,-1.025603,-1.24544,,,502.667372,,-31.148057,,,-13.470314
MANOMAY,File 2 (custom),-11.102636,,,-10.417931,-0.346038,69859.856434,-10046.714522,40.601876,,0.626075,,,-0.825179,-0.342114,,,237.839327,,-30.140144,,,-11.898945
MANORAMA,File 1 (vectorbt),-10.892592,,,-10.892592,-0.506975,89118.289482,-10881.710518,10.881711,,0.33084,,,-0.887036,-0.957248,,,189.107597,,-10.881711,,,-10.892592
MANORAMA,File 2 (custom),-10.78191,,,-10.78191,-0.353036,89156.824023,-10843.175977,10.843176,,0.329056,,,-0.740817,-0.121846,,,88.17757,,-10.843176,,,-10.78191
MANORG,File 1 (vectorbt),-8.68988,,,-7.151408,-0.313219,83367.612451,-8316.193775,22.560936,,0.666633,,,-0.742263,-1.056711,,,362.915074,,-16.632388,,,-10.228353
MANORG,File 2 (custom),-8.581399,,,-7.044463,-0.219398,83230.331261,-8384.834369,22.686873,,0.664458,,,-0.622838,-0.298194,,,172.925581,,-16.769669,,,-10.118334
MANUGRAPH,File 1 (vectorbt),-16.101334,44.972174,,58.089257,0.241471,253823.788662,38455.947165,31.77496,,1.19992,,7.051358,0.45474,0.761324,,,1309.437283,,153.823789,,,-16.101334
MANUGRAPH,File 2 (custom),-15.985448,45.027047,,58.131026,0.163956,252581.371152,38145.342788,31.765506,,1.199031,,6.986412,0.376631,0.257329,,,729.755888,,152.581371,,,-15.985448
MANYAVAR,File 1 (vectorbt),,26.698652,,32.217296,1.727973,160153.958579,30076.979289,13.264231,,2.10163,,,1.521291,3.762707,,,524.584859,,60.153959,,,21.180008
MANYAVAR,File 2 (custom),0.0,26.77178,,32.284911,1.149787,159353.705449,29676.852724,13.165946,,2.097131,,,1.263405,1.134131,,,290.130418,,59.353705,,,21.258649
MAPMYINDIA,File 1 (vectorbt),-8.898205,24.295026,,24.295026,0.092714,103141.923486,1047.307829,14.04118,,1.097705,,1.16316,0.155317,0.334073,,,617.088838,,3.141923,,,-10.075172
MAPMYINDIA,File 2 (custom),-8.789515,24.370556,,24.370556,0.056203,102747.04401,915.681337,13.973151,,1.090953,,1.14324,0.121251,0.098083,,,305.864625,,2.747044,,,-9.965307
MARALOVER,File 1 (vectorbt),-15.318658,43.807704,,60.813181,0.144842,280094.195153,11255.887197,42.619257,,1.244338,,1.833961,0.403161,0.702056,,,5014.585797,,180.094195,,,-18.77957
MARALOVER,File 2 (custom),-15.203554,43.417594,,60.852228,0.09501,269530.234072,10595.639629,42.748198,,1.236265,,1.804334,0.327026,0.174006,,,2517.921342,,169.530234,,,-18.661009
MARATHON,File 1 (vectorbt),-12.415561,24.739929,,24.739929,-0.160398,64251.55223,-5958.074628,44.804653,,0.737094,,0.281275,-0.568831,-0.736732,,,878.335682,,-35.748448,,,-14.438162
MARATHON,File 2 (custom),-11.84957,24.815014,,24.815014,-0.110142,65589.760174,-5735.039971,43.494142,,0.746197,,0.291817,-0.453609,-0.173317,,,425.154595,,-34.41024,,,-13.339684
MARICO,File 1 (vectorbt),-6.98962,22.029741,,24.811114,0.023632,112208.378185,718.139893,36.09489,,1.053808,,1.112844,0.130421,0.187706,,,4353.092487,,12.208378,,,-17.238387
MARICO,File 2 (custom),-6.88219,22.107534,,24.886128,0.013755,110334.206963,607.894527,36.489256,,1.049697,,1.095149,0.100287,0.05257,,,2162.537356,,10.334207,,,-17.121365
MARINE,File 1 (vectorbt),-11.422695,43.82087,,43.82087,0.124527,112835.415899,4278.471966,22.288691,,1.359175,,1.414826,0.337523,0.622609,,,754.741579,,12.835416,,,-11.562695
MARINE,File 2 (custom),-10.928667,43.876893,,43.876893,0.091753,113456.516081,4485.50536,21.751256,,1.37909,,1.446775,0.293078,0.106223,,,384.206737,,13.456516,,,-11.451344
MARKSANS,File 1 (vectorbt),-12.308133,34.831214,,45.992036,-0.040838,73613.5184,-2198.873467,55.842397,,0.979386,,0.757524,-0.038766,-0.058116,,,2127.337196,,-26.386482,,,-22.717858
MARKSANS,File 2 (custom),-11.541128,34.202243,,46.04589,-0.025384,77145.925202,-1904.506233,52.788486,,0.988377,,0.779322,-0.018145,-0.008264,,,1076.054016,,-22.854075,,,-16.990973
MARUTI,File 1 (vectorbt),-6.128227,19.791149,,27.027696,0.027019,114834.459533,872.615267,34.528178,,1.059216,,1.16841,0.138122,0.204144,,,4014.554496,,14.83446,,,-11.323509
MARUTI,File 2 (custom),-6.022305,19.843665,,27.100496,0.017146,113598.998933,799.941114,34.569669,,1.056803,,1.157583,0.109879,0.058189,,,1945.932462,,13.598999,,,-11.212397
MASFIN,File 1 (vectorbt),-9.013468,16.102081,,16.102081,-0.062322,96063.803733,-1312.065422,12.29854,,0.958469,,0.783909,-0.05784,-0.094836,,,579.692713,,-3.936196,,,-11.242807
MASFIN,File 2 (custom),-8.904663,16.185795,,16.185795,-0.045974,95787.770945,-1404.076352,12.347502,,0.953386,,0.770295,-0.054206,-0.021106,,,287.156129,,-4.212229,,,-11.131775
MASKINVEST,File 1 (vectorbt),-13.650466,,,-11.020029,-0.33619,64255.565385,-11914.811538,35.744435,,0.512172,,,-0.941865,-1.128804,,,499.971984,,-35.744435,,,-18.563659
MASKINVEST,File 2 (custom),-12.152377,,,-10.909219,-0.2326,67368.665783,-10877.111406,32.631334,,0.541484,,,-0.711691,-0.231016,,,235.175892,,-32.631334,,,-14.29136
MASTEK,File 1 (vectorbt),-12.904536,35.897838,,39.23431,-0.017646,84165.350017,-1131.046427,54.252036,,1.007408,,0.86941,0.011137,0.017117,,,2549.153168,,-15.83465,,,-23.774192
MASTEK,File 2 (custom),-12.348048,34.412801,,39.294915,-0.012627,83731.438504,-1162.040107,53.987867,,1.00501,,0.858812,0.006257,0.00234,,,1242.180396,,-16.268561,,,-23.650641
MASTERTR,File 1 (vectorbt),,0.0,,,,,,,0.0,inf,,,inf,inf,,,,,,,,
MASTERTR,File 2 (custom),,,,,,,,0.0,100.0,,,,,,,,,,,,,
MATRIMONY,File 1 (vectorbt),-12.446407,,,-8.56561,-0.150109,,,32.998891,,0.908706,,,-0.229663,-0.328222,,,359.390566,,,,,-16.327204
MATRIMONY,File 2 (custom),-12.334173,,,-8.457253,-0.104567,,,32.959196,,0.907844,,,-0.192747,-0.104911,,,167.027957,,,,,-16.211093
MAWANASUG,File 1 (vectorbt),-14.651681,,,-11.055047,-0.111246,53026.048024,-11743.487994,51.496083,,0.697345,,,-0.479614,-0.607714,,,583.882975,,-46.973952,,,-16.74119
MAWANASUG,File 2 (custom),-14.169536,,,-10.944203,-0.076834,53790.663156,-11552.334211,50.796486,,0.702184,,,-0.392444,-0.106017,,,272.858356,,-46.209337,,,-16.624665
MAXESTATES,File 1 (vectorbt),-10.445007,,,-9.701642,-0.881396,71844.545085,-9385.151638,28.75059,,0.590229,,,-1.501051,-1.8679,,,512.980655,,-28.155455,,,-11.122218
MAXESTATES,File 2 (custom),-10.291109,,,-9.59215,-0.635479,71860.881205,-9379.706265,28.733795,,0.589077,,,-1.25401,-0.790145,,,241.634124,,-28.139119,,,-10.880317
MAXHEALTH,File 1 (vectorbt),-8.102608,29.924747,,29.924747,0.140208,109708.565804,3236.188601,20.318289,,1.107919,,1.624727,0.259311,0.400332,,,560.815843,,9.708566,,,-8.919925
MAXHEALTH,File 2 (custom),-7.994713,29.994653,,29.994653,0.092533,109339.362613,3113.120871,20.385795,,1.105174,,1.597351,0.210425,0.129426,,,283.848237,,9.339363,,,-8.811213
MAXIND,File 1 (vectorbt),-7.914506,26.250679,,39.329057,0.297183,122935.012667,4587.002533,21.83033,,1.212053,,1.943345,0.449092,0.722264,,,1006.002763,,22.935013,,,-11.427669
MAXIND,File 2 (custom),-7.806799,24.06423,,34.869518,0.164096,118345.00628,3669.001256,21.959567,,1.179421,,1.748544,0.31891,0.181327,,,509.257714,,18.345006,,,-11.316453
MAYURUNIQ,File 1 (vectorbt),-9.467154,23.703598,,23.703598,-0.048505,91760.774011,-2059.806497,20.42595,,0.99934,,0.699916,-0.001733,-0.002584,,,731.48525,,-8.239226,,,-11.670975
MAYURUNIQ,File 2 (custom),-9.357896,23.779718,,23.779718,-0.034897,91403.497457,-2149.125636,20.519215,,0.997962,,0.688562,-0.004456,-0.002747,,,360.258396,,-8.596503,,,-11.559516
MAZDA,File 1 (vectorbt),-9.021568,26.658504,,28.83394,0.248393,139015.445098,5573.635014,23.233478,,1.29052,,1.837347,0.484688,0.867252,,,1701.708841,,39.015445,,,-10.764474
MAZDA,File 2 (custom),-8.912755,26.731672,,28.904935,0.164577,137952.418191,5421.774027,23.428961,,1.283968,,1.810812,0.395404,0.223362,,,866.704385,,37.952418,,,-10.65392
MAZDOCK,File 1 (vectorbt),-10.745912,,,-8.682228,-0.378117,50516.971805,-8247.171366,50.781844,,0.718492,,,-1.036513,-1.400719,,,897.488311,,-49.483028,,,-13.921032
MAZDOCK,File 2 (custom),-10.503617,,,-8.205657,-0.268477,51034.529466,-8160.911756,50.277325,,0.719129,,,-0.860316,-0.615776,,,423.360732,,-48.965471,,,-13.807325
MBAPL,File 1 (vectorbt),-8.390522,49.324614,,49.324614,0.160442,114755.763692,3688.940923,23.124768,,1.230804,,1.427461,0.342878,0.596222,,,1027.676818,,14.755764,,,-10.257929
MBAPL,File 2 (custom),-7.973138,42.890696,,42.890696,0.081556,110476.463134,2619.115783,22.528993,,1.177773,,1.326094,0.225611,0.104542,,,501.195735,,10.476463,,,-9.220277
MBLINFRA,File 1 (vectorbt),-11.481764,42.471714,,42.471714,-0.064019,77356.229636,-3773.961727,37.795623,,0.887302,,0.576483,-0.162777,-0.254882,,,1053.077339,,-22.64377,,,-14.169609
MBLINFRA,File 2 (custom),-11.370493,37.94258,,37.94258,-0.050748,74468.48287,-4255.252855,37.892157,,0.857589,,0.516688,-0.167573,-0.063379,,,505.23113,,-25.531517,,,-14.055653
MCL,File 1 (vectorbt),-10.35733,,,-10.120061,-0.251155,80376.073156,-9811.963422,25.473311,,0.560517,,,-0.666119,-0.801718,,,360.136906,,-19.623927,,,-10.594598
MCL,File 2 (custom),-10.247183,,,-10.010151,-0.175646,80234.036248,-9882.981876,25.604903,,0.558435,,,-0.557829,-0.156966,,,170.209585,,-19.765964,,,-10.484214
MCLEODRUSS,File 1 (vectorbt),-10.050562,42.085873,,42.669721,-0.038527,77119.066457,-2080.084868,49.570819,,0.9624,,0.658315,-0.076181,-0.110468,,,1464.724707,,-22.880934,,,-18.349721
MCLEODRUSS,File 2 (custom),-9.536115,40.263591,,41.560364,-0.026167,77589.760276,-2037.29452,49.365157,,0.963054,,0.654922,-0.062139,-0.027649,,,724.186556,,-22.41024,,,-18.23159
MCLOUD,File 1 (vectorbt),,0.0,,,,,,,0.0,inf,,,inf,inf,,,,,,,,
MCLOUD,File 2 (custom),,,,,,,,0.0,100.0,,,,,,,,,,,,,
MCX,File 1 (vectorbt),-8.132941,29.153187,,35.53938,-0.052197,77521.969459,-2043.457322,,,0.940426,,0.746873,-0.121492,-0.196394,,,2665.265321,,-22.478031,,,-10.711033
MCX,File 2 (custom),-8.025016,29.223863,,35.603676,-0.036622,77288.974953,-2064.638641,,,0.938519,,0.743425,-0.104161,-0.058615,,,1306.762797,,-22.711025,,,-10.600532
MEDANTA,File 1 (vectorbt),,0.0,,,,,,,0.0,inf,,,inf,inf,,,,,,,,
MEDANTA,File 2 (custom),,,,,,,,0.0,100.0,,,,,,,,,,,,,
MEDIASSIST,File 1 (vectorbt),-8.86309,32.556632,,32.556632,1.652364,120790.110459,10395.05523,13.012356,,1.522537,,2.771784,0.990564,2.063562,,,485.859602,,20.79011,,,-8.86309
MEDIASSIST,File 2 (custom),-8.754436,32.623908,,32.623908,1.08865,120519.638692,10259.819346,13.052397,,1.516758,,2.740824,0.81856,0.777966,,,252.508676,,20.519639,,,-8.754436
MEDICAMEQ,File 1 (vectorbt),-13.509879,,,-13.509879,-0.285009,86503.617722,-13496.382278,19.821932,,0.697694,,,-0.511763,-0.764493,,,186.490308,,-13.496382,,,-13.509879
MEDICAMEQ,File 2 (custom),-13.396582,,,-13.396582,-0.19898,86437.22324,-13562.77676,19.880519,,0.696389,,,-0.427846,-0.173278,,,86.473296,,-13.562777,,,-13.396582
MEDICO,File 1 (vectorbt),-12.754577,,,-12.754577,-0.49289,87258.165328,-12741.834672,12.741835,,,,,-0.928566,-0.928075,,,187.245611,,-12.741835,,,-12.754577
MEDICO,File 2 (custom),-12.642034,,,-12.642034,-0.343788,87189.04898,-12810.95102,12.810951,,,,,-0.771243,-0.076345,,,87.232394,,-12.810951,,,-12.642034
MEDPLUS,File 1 (vectorbt),-7.147812,31.69483,,31.69483,0.492242,122261.532557,11130.766279,17.852291,,1.263753,,3.367836,0.518521,1.006482,,,485.610614,,22.261533,,,-7.147812
MEDPLUS,File 2 (custom),-7.040871,31.762967,,31.762967,0.331693,121995.320043,10997.660022,17.850079,,1.261168,,3.315374,0.427626,0.337908,,,253.688397,,21.99532,,,-7.040871
MEGASOFT,File 1 (vectorbt),-16.496899,36.141854,,58.303773,0.112456,163109.197038,7888.64963,37.626608,,1.216897,,1.826321,0.345382,0.590379,,,1831.352126,,63.109197,,,-17.996088
MEGASOFT,File 2 (custom),-16.380618,34.957859,,58.345328,0.068935,155111.240404,6888.90505,37.722914,,1.19878,,1.72109,0.264695,0.130418,,,935.647205,,55.11124,,,-17.87831
MEGASTAR,File 1 (vectorbt),,0.0,,,,,,,0.0,inf,,,inf,inf,,,,,,,,
MEGASTAR,File 2 (custom),,,,,,,,0.0,100.0,,,,,,,,,,,,,
MENONBE,File 1 (vectorbt),-13.172463,37.813643,,58.680089,0.606377,276461.299221,19606.811025,,,1.31908,,2.186198,0.683276,1.279036,,,4313.200756,,176.461299,,,-15.891523
MENONBE,File 2 (custom),-11.813358,37.875667,,58.721268,0.429287,289918.780563,21102.086729,,,1.333252,,2.318643,0.594978,0.505352,,,2342.487489,,189.918781,,,-14.614503
METROBRAND,File 1 (vectorbt),-8.962777,,,-8.001658,-0.454396,,-8180.431419,29.028479,,0.366815,-4134.744419,,-1.640658,-1.838627,,,599.890561,,-28.676039,,,-10.310021
METROBRAND,File 2 (custom),-8.854023,,,-7.893864,-0.320521,,-8194.672827,29.021846,,0.364454,-4085.911619,,-1.373426,-0.498956,,,248.256409,,-28.66993,,,-10.199921
METROPOLIS,File 1 (vectorbt),-10.275213,25.442407,,29.579984,0.172126,113214.83408,2642.966816,17.390282,,1.130218,,1.401296,0.270362,0.383135,,,1041.270839,,13.214834,,,-15.379966
METROPOLIS,File 2 (custom),-9.576898,25.51679,,29.650234,0.134293,115078.398859,3015.679772,17.356796,,1.14408,,1.479034,0.247425,0.110103,,,533.597114,,15.078399,,,-13.500052
MFML,File 1 (vectorbt),,0.0,,,,,,,0.0,inf,,,inf,inf,,,,,,,,
MFML,File 2 (custom),,,,,,,,0.0,100.0,,,,,,,,,,,,,
MFSL,File 1 (vectorbt),-8.240692,20.889158,,22.42569,-0.008219,96576.046633,-342.395337,33.529712,,1.01957,,0.932644,0.04905,0.073555,,,1685.243345,,-3.423953,,,-11.980675
MFSL,File 2 (custom),-8.100851,20.402704,,22.503087,-0.009304,94455.414508,-554.458549,33.476574,,1.014173,,0.890562,0.029626,0.017482,,,829.257171,,-5.544585,,,-11.868906
MGEL,File 1 (vectorbt),,31.573562,,31.573562,2.039123,131542.020061,31542.020061,,,3.520706,,,0.869339,3.154402,,,231.573794,,31.54202,,,31.573562
MGEL,File 2 (custom),0.0,26.376806,,26.376806,1.169644,126123.618165,26123.618165,,,3.121434,,,0.700584,0.289862,,,126.247238,,26.123618,,,26.376806
MGL,File 1 (vectorbt),-7.229555,15.813806,,18.578786,0.089775,114941.584625,2134.512089,25.738524,,1.130488,,1.422902,0.258535,0.397954,,,1636.734871,,14.941585,,,-7.613823
MGL,File 2 (custom),-7.122532,15.897808,,18.660026,0.058529,114176.942763,2025.277538,25.848811,,1.125641,,1.400905,0.207283,0.101749,,,818.642525,,14.176943,,,-7.506417
MHLXMIRU,File 1 (vectorbt),,43.775303,,53.564017,2.991998,205631.370134,52815.685067,12.17692,,1.805191,,,1.122854,2.866035,,,612.758628,,105.63137,,,33.986589
MHLXMIRU,File 2 (custom),0.0,43.831372,,53.610307,1.956629,205001.563937,52500.781969,12.168664,,1.802459,,,0.93168,0.888905,,,358.422051,,105.001564,,,34.052436
MHRIL,File 1 (vectorbt),-9.645112,15.798626,,15.798626,-0.094232,51780.919225,-5401.067285,62.692202,,0.792683,390.524789,0.205626,-0.502937,-0.675835,,,1426.309276,,-48.219081,,,-13.219464
MHRIL,File 2 (custom),-9.535677,15.882643,,15.882643,-0.066108,51410.002826,-5441.782942,62.942539,,0.7904,386.0493,0.202613,-0.423019,-0.194448,,,660.313009,,-48.589997,,,-13.106458
MICEL,File 1 (vectorbt),-14.824525,39.277946,,41.583963,-0.016604,88322.029777,-898.305402,64.357134,,1.023452,,0.910072,0.046834,0.072809,,,2320.801391,,-11.67797,,,-19.555956
MICEL,File 2 (custom),-14.50233,38.113605,,41.179752,-0.01408,85989.061836,-1077.764474,63.74662,,1.017287,,0.890904,0.028741,0.014849,,,1148.490958,,-14.010938,,,-19.43662
MIDHANI,File 1 (vectorbt),-8.614168,29.038894,,29.038894,-0.120962,82033.015122,-2994.49748,32.6849,,0.881191,,0.601263,-0.224213,-0.352685,,,1236.527019,,-17.966985,,,-14.104252
MIDHANI,File 2 (custom),-8.505762,29.109684,,29.109684,-0.085687,81611.109931,-3064.815012,32.877077,,0.877353,,0.593981,-0.192985,-0.097009,,,607.256825,,-18.38889,,,-13.990362
MINDACORP,File 1 (vectorbt),-9.974352,,,-7.548285,-0.15198,47885.119468,-7444.982933,58.744157,,0.781865,,,-0.449967,-0.622766,,,987.765433,,-52.114881,,,-13.644683
MINDACORP,File 2 (custom),-9.834013,,,-7.226925,-0.106547,47731.535338,-7466.923523,58.932065,,0.780889,,,-0.375808,-0.155653,,,467.626298,,-52.268465,,,-13.531252
MINDTECK,File 1 (vectorbt),-15.076366,43.57947,,43.57947,-0.197622,53706.878761,-6613.303034,49.522387,,0.81965,,0.352391,-0.413305,-0.618258,,,999.11739,,-46.293121,,,-19.82878
MINDTECK,File 2 (custom),-14.675372,43.635734,,43.635734,-0.135264,54467.9409,-6504.579871,49.634861,,0.823751,,0.354634,-0.333675,-0.180014,,,478.951975,,-45.532059,,,-19.709171
MIRCELECTR,File 1 (vectorbt),-12.054236,42.761998,,51.545369,0.006242,108580.326397,476.6848,73.745931,,1.061521,,1.044748,0.126651,0.202452,,,4084.187747,,8.580326,,,-24.427166
MIRCELECTR,File 2 (custom),-11.418091,42.396895,,51.593676,0.006883,113701.493693,761.194094,72.03572,,1.067434,,1.073232,0.114903,0.06468,,,2067.331636,,13.701494,,,-24.302963
MIRZAINT,File 1 (vectorbt),-13.230866,40.270704,,49.440036,-0.020705,80532.683053,-1297.82113,67.319235,,1.017669,,0.862122,0.03807,0.057203,,,2743.337458,,-19.467317,,,-19.981591
MIRZAINT,File 2 (custom),-12.993283,37.927446,,49.490445,-0.01905,75048.815158,-1663.412323,67.008797,,1.006089,,0.809978,0.011086,0.005564,,,1271.759113,,-24.951185,,,-19.861829
MITCON,File 1 (vectorbt),-15.207617,34.364887,,34.364887,-0.03963,96614.690192,-1128.436603,20.420714,,1.017217,,0.895699,0.020567,0.026586,,,593.485003,,-3.38531,,,-15.332997
MITCON,File 2 (custom),-10.845704,34.430357,,34.430357,0.066372,106176.461156,2058.820385,14.781111,,1.149223,,1.249134,0.143964,0.0344,,,318.697819,,6.176461,,,-12.54922
MITTAL,File 1 (vectorbt),-10.808339,32.051632,,32.051632,-0.061916,93497.330746,-1625.667313,24.282909,,0.877061,,0.821609,-0.113618,-0.148972,,,837.707185,,-6.502669,,,-14.908179
MITTAL,File 2 (custom),-10.697741,32.119413,,32.119413,-0.04507,93134.877096,-1716.280726,24.411775,,0.868168,,0.812594,-0.101639,-0.016919,,,414.981248,,-6.865123,,,-14.793486
MKPL,File 1 (vectorbt),,0.0,,,,,,,0.0,inf,,,inf,inf,,,,,,,,
MKPL,File 2 (custom),,,,,,,,0.0,100.0,,,,,,,,,,,,,
MMFL,File 1 (vectorbt),-10.273441,31.311143,,31.311143,-0.104257,55033.36606,-4996.29266,44.966634,,0.782711,,0.344697,-0.401776,-0.545076,,,1452.047325,,-44.966634,,,-14.878997
MMFL,File 2 (custom),-10.163378,31.379663,,31.379663,-0.072754,54602.903051,-5044.121883,45.397097,,0.779813,,0.340715,-0.338696,-0.120663,,,700.590654,,-45.397097,,,-14.764333
MMP,File 1 (vectorbt),-8.933922,33.450416,,40.247005,0.99761,195866.909851,19173.38197,16.188569,,1.478027,,3.643149,0.881922,1.699182,,,1666.652232,,95.86691,,,-11.651026
MMP,File 2 (custom),-8.801245,32.449664,,40.306598,0.64074,190192.518709,18038.503742,16.214385,,1.458598,,3.544398,0.709241,0.511773,,,857.285781,,90.192519,,,-11.491682
MMTC,File 1 (vectorbt),-10.613068,32.340193,,51.501724,0.129166,145586.210274,6512.315753,28.228994,,1.269726,,1.868917,0.332888,0.626462,,,1633.820573,,45.58621,,,-11.649737
MMTC,File 2 (custom),-10.234656,32.407685,,51.550074,0.08967,146302.015584,6614.573655,28.287169,,1.27366,,1.909364,0.280279,0.12862,,,838.240561,,46.302016,,,-11.538298
MOBIKWIK,File 1 (vectorbt),,0.0,,,,,,,0.0,inf,,,inf,inf,,,,,,,,
MOBIKWIK,File 2 (custom),,,,,,,,0.0,100.0,,,,,,,,,,,,,
MODIRUBBER,File 1 (vectorbt),,28.60807,,28.60807,0.253356,128579.490731,28579.490731,,,1.376916,,,0.509733,0.867129,,,228.608299,,28.579491,,,28.60807
MODIRUBBER,File 2 (custom),0.0,28.679291,,28.679291,0.172503,128419.739381,28419.739381,,,1.37517,,,0.422499,0.178846,,,128.539659,,28.419739,,,28.679291
MODISONLTD,File 1 (vectorbt),-14.172503,,,-14.172503,-0.371253,85841.655509,-14158.344491,14.158344,,0.017481,,,-1.168715,-1.16781,,,185.827683,,-14.158344,,,-14.172503
MODISONLTD,File 2 (custom),-14.058544,,,-14.058544,-0.258529,85772.240082,-14227.759918,14.22776,,0.017389,,,-0.972413,-0.150977,,,85.840544,,-14.22776,,,-14.058544
MODTHREAD,File 1 (vectorbt),,17.509971,,17.509971,98.390279,117492.47834,17492.47834,,,83.188558,,,2.243056,86.700354,,,217.510188,,17.492478,,,17.509971
MODTHREAD,File 2 (custom),0.0,16.464543,,16.464543,61.345196,116230.226567,16230.226567,,,77.553994,,,1.901953,,,,116.336585,,16.230227,,,16.464543
MOHITIND,File 1 (vectorbt),-15.57336,42.759055,,51.411459,0.117909,149675.622103,4967.56221,43.913205,,1.182822,,1.376132,0.324518,0.561114,,,2617.32243,,49.675622,,,-19.934472
MOHITIND,File 2 (custom),-15.455318,41.935816,,51.459899,0.073361,144474.788551,4447.478855,44.039559,,1.172113,,1.338463,0.254768,0.141751,,,1319.051004,,44.474789,,,-19.814757
MOIL,File 1 (vectorbt),-8.609163,,,-5.688317,-0.125831,48596.475893,-6425.440513,56.173884,,0.551085,,,-0.794766,-0.925142,,,1161.000165,,-51.403524,,,-12.613316
MOIL,File 2 (custom),-8.500762,,,-5.582834,-0.08815,48313.626196,-6460.796725,56.428219,,0.548802,,,-0.664287,-0.168124,,,552.663739,,-51.686374,,,-12.500915
MOKSH,File 1 (vectorbt),-25.503251,36.524056,,40.929431,0.265505,138682.047532,12894.015844,31.044524,,1.439904,,2.077637,0.542536,0.799344,,,730.485105,,38.682048,,,-25.503251
MOKSH,File 2 (custom),-25.377973,36.587369,,40.988343,0.178996,138240.087831,12746.695944,31.085787,,1.435809,,2.064847,0.448079,0.145051,,,384.075805,,38.240088,,,-25.377973
MOL,File 1 (vectorbt),,34.046984,,39.513185,1.375305,179296.568216,39648.284108,,,1.550389,,,1.267191,2.292977,,,536.480863,,79.296568,,,28.580783
MOL,File 2 (custom),0.0,34.112772,,39.573512,0.91208,178840.951925,39420.475962,,,1.548062,,,1.051161,0.851088,,,307.523796,,78.840952,,,28.652031
MOLDTECH,File 1 (vectorbt),-12.171574,,,-11.087701,-0.192086,67768.536984,-10743.821005,32.231463,,0.205113,,,-1.241267,-1.31183,,,499.032351,,-32.231463,,,-13.094573
MOLDTECH,File 2 (custom),-11.50109,,,-10.544755,-0.133018,68894.422548,-10368.525817,31.105577,,0.212052,,,-1.03003,-0.217724,,,237.628991,,-31.105577,,,-12.981691
MOLDTKPAC,File 1 (vectorbt),-9.869684,19.858611,,20.434534,-0.104336,76965.011646,-2879.373544,35.105458,,0.882367,,0.572506,-0.252929,-0.382237,,,1377.149631,,-23.034988,,,-13.158275
MOLDTKPAC,File 2 (custom),-9.308901,19.921708,,20.48019,-0.069919,78687.692713,-2664.038411,33.336818,,0.892649,,0.595405,-0.18983,-0.097043,,,690.805264,,-21.312307,,,-13.045329
MONARCH,File 1 (vectorbt),-11.510562,27.83572,,27.83572,-0.163128,88545.781038,-2863.55474,30.812279,,0.967221,,0.656205,-0.094572,-0.129564,,,720.068687,,-11.454219,,,-13.350999
MONARCH,File 2 (custom),-11.399263,27.907712,,27.907712,-0.117036,88196.013834,-2950.996542,30.841603,,0.964795,,0.64729,-0.084554,-0.049089,,,353.420384,,-11.803986,,,-13.237861
MONTECARLO,File 1 (vectorbt),-11.03403,27.355644,,28.445939,0.03264,105478.718777,256.553307,22.992023,,1.083455,3939.398935,1.028356,0.127746,0.187632,,,1490.167812,,5.478719,,,-12.891717
MONTECARLO,File 2 (custom),-10.923207,27.428116,,28.517321,0.019652,104794.438469,148.557362,23.114018,,1.076615,3903.094297,1.016394,0.097894,0.033952,,,691.686261,,4.794438,,,-12.779038
MOREPENLAB,File 1 (vectorbt),-13.762358,40.061779,,57.736491,-0.056289,45292.372127,-3647.175192,67.617048,,0.901753,,0.587325,-0.160606,-0.240466,,,2268.774742,,-54.707628,,,-18.961626
MOREPENLAB,File 2 (custom),-13.603813,37.293183,,57.778612,-0.042212,42037.528675,-3864.164755,68.435643,,0.887696,,0.535461,-0.153131,-0.059864,,,1039.796815,,-57.962471,,,-18.302924
MOSCHIP,File 1 (vectorbt),,0.0,,,,,,,0.0,inf,,,inf,inf,,,,,,,,
MOSCHIP,File 2 (custom),,,,,,,,0.0,100.0,,,,,,,,,,,,,
MOTHERSON,File 1 (vectorbt),-8.942808,28.326877,,37.88774,0.202617,352348.896367,10971.691146,37.157462,,1.239902,,2.419512,0.490093,0.755132,,,7720.984261,,252.348896,,,-15.367381
MOTHERSON,File 2 (custom),-8.397954,27.605354,,37.94969,0.135344,344391.317324,10625.709449,37.265949,,1.237254,,2.419268,0.403854,0.206059,,,3940.871331,,244.391317,,,-15.252229
MOTILALOFS,File 1 (vectorbt),-8.962122,37.8528,,58.678117,0.149072,183668.88759,7606.262508,34.731697,,1.168624,,1.585644,0.369004,0.609742,,,4607.246419,,83.668888,,,-13.007309
MOTILALOFS,File 2 (custom),-8.847069,37.25464,,58.719297,0.096273,178129.769747,7102.706341,34.952351,,1.161788,,1.556027,0.295345,0.184223,,,2291.868909,,78.12977,,,-12.894515
MOTISONS,File 1 (vectorbt),,0.0,,,,,,,0.0,inf,,,inf,inf,,,,,,,,
MOTISONS,File 2 (custom),,,,,,,,0.0,100.0,,,,,,,,,,,,,
MOTOGENFIN,File 1 (vectorbt),-12.632334,88.056662,,205.687804,0.274556,336582.789229,39430.464872,37.504313,,1.991267,,2.440944,0.322624,2.089843,,,4269.621683,,236.582789,,,-18.130769
MOTOGENFIN,File 2 (custom),-12.304377,31.16686,,39.918494,0.060185,148617.221895,8102.870316,37.11083,,1.259969,,1.67943,0.228778,0.10431,,,1007.411694,,48.617222,,,-17.366245
MPHASIS,File 1 (vectorbt),-7.106458,21.50102,,21.50102,-0.093692,67305.613415,-3632.709621,33.208821,,0.762034,,0.304978,-0.363187,-0.481386,,,1401.76474,,-32.694387,,,-11.302478
MPHASIS,File 2 (custom),-6.999558,21.57934,,21.57934,-0.065432,66900.705604,-3677.699377,33.48787,,0.75723,,0.299989,-0.308584,-0.086295,,,679.590489,,-33.099294,,,-11.191387
MPSLTD,File 1 (vectorbt),-11.184117,34.840256,,54.504272,0.257453,347167.875095,17654.848221,48.024928,,1.206546,,2.441262,0.572929,0.963138,,,5746.688063,,247.167875,,,-14.566504
MPSLTD,File 2 (custom),-11.073144,32.746404,,40.163798,0.156904,308364.268132,14883.162009,48.142275,,1.189663,,2.340573,0.446602,0.359027,,,2694.463394,,208.364268,,,-14.452152
MRF,File 1 (vectorbt),-6.464648,25.762974,,37.260075,0.081026,164636.481445,3401.920076,34.818164,,1.144223,,1.398839,0.307956,0.501525,,,6942.79859,,64.636481,,,-10.287061
MRF,File 2 (custom),-6.0973,25.837037,,37.322653,0.074794,172332.108937,3806.953102,28.33033,,1.162861,,1.505557,0.28658,0.180629,,,3238.371705,,72.332109,,,-10.176984
MRPL,File 1 (vectorbt),-11.220464,45.438594,,67.164668,0.032939,158368.640656,3755.902884,68.088615,,1.102135,9541.903167,1.169704,0.208591,0.344389,,,7108.44573,,58.368641,,,-16.740686
MRPL,File 2 (custom),-10.980358,45.261712,,67.197371,0.02243,157418.193242,3687.593569,67.8881,,1.101391,9479.476842,1.168988,0.172188,0.100237,,,3470.924266,,57.418193,,,-16.624162
MSPL,File 1 (vectorbt),-12.338917,49.607929,,55.717086,0.03122,115569.277177,2224.182454,34.963193,,1.114306,,1.259742,0.146308,0.242185,,,1304.80779,,15.569277,,,-14.240976
MSPL,File 2 (custom),-12.22679,47.174275,,50.793434,0.015583,111113.466412,1587.638059,35.124281,,1.096652,,1.186133,0.103462,0.046231,,,650.271237,,11.113466,,,-14.126949
MSTCLTD,File 1 (vectorbt),-13.170377,34.560526,,34.560526,-0.101789,88066.525733,-2983.368567,29.018713,,0.984667,,0.712027,-0.040536,-0.057332,,,793.433377,,-11.933474,,,-14.554038
MSTCLTD,File 2 (custom),-13.05742,34.6258,,34.6258,-0.072414,87735.814671,-3066.046332,29.121133,,0.982967,,0.705001,-0.03749,-0.020823,,,389.874085,,-12.264185,,,-14.439699
MSUMI,File 1 (vectorbt),-6.559125,,,-6.559125,-0.460695,93447.42755,-6552.57245,6.552572,,0.116326,,,-1.128043,-1.142616,,,193.441068,,-6.552572,,,-6.559125
MSUMI,File 2 (custom),-6.452772,,,-6.452772,-0.319671,93364.597759,-6635.402241,6.635402,,0.114947,,,-0.937819,-0.23528,,,93.393567,,-6.635402,,,-6.452772
MTARTECH,File 1 (vectorbt),-10.201879,33.161779,,33.161779,0.100399,107373.598739,2457.866246,24.63107,,1.178245,,1.286297,0.264486,0.418297,,,711.793963,,7.373599,,,-10.565129
MTARTECH,File 2 (custom),-10.091888,33.228451,,33.228451,0.067095,107150.018191,2383.339397,24.601538,,1.174247,,1.277927,0.215375,0.084318,,,357.235412,,7.150018,,,-10.454774
MTEDUCARE,File 1 (vectorbt),-13.138592,24.768684,,24.768684,-0.048935,81447.839195,-4638.040201,47.762643,,0.934409,,0.571505,-0.118799,-0.180738,,,810.940765,,-18.552161,,,-17.753694
MTEDUCARE,File 2 (custom),-12.287896,24.84374,,24.84374,-0.03139,83081.370366,-4229.657409,46.639955,,0.943164,,0.592382,-0.085147,-0.039039,,,397.470584,,-16.91863,,,-17.636158
MTNL,File 1 (vectorbt),-12.920088,31.194916,,42.439581,0.054154,,,40.045355,,1.180641,,1.565816,0.223614,0.378065,,,2131.128949,,,,,-15.746038
MTNL,File 2 (custom),-12.642626,31.263552,,42.496984,0.037185,,,40.127382,,1.180854,,1.569634,0.18596,0.069921,,,1090.461154,,,,,-15.630508
MUFIN,File 1 (vectorbt),-17.735424,,,-17.735424,-0.903563,82282.294049,-17717.705951,17.717706,,,,,-1.90855,-1.901406,,,182.264759,,-17.717706,,,-17.735424
MUFIN,File 2 (custom),-15.158226,,,-15.158226,-0.637122,84696.202599,-15303.797401,15.303797,,,,,-1.474254,-0.295116,,,84.624621,,-15.303797,,,-15.158226
MUFTI,File 1 (vectorbt),-10.677708,,,-10.677708,-0.763272,89332.958748,-10667.041252,13.69192,,0.289199,,,-1.257148,-1.311932,,,189.322481,,-10.667041,,,-10.677708
MUFTI,File 2 (custom),-10.567241,,,-10.567241,-0.536947,89258.732217,-10741.267783,13.762367,,0.28766,,,-1.047146,-0.21286,,,89.304671,,-10.741268,,,-10.567241
MUKANDLTD,File 1 (vectorbt),-15.782102,,,-9.711888,-0.109308,34918.579254,-10846.903458,65.081421,,0.533369,,,-0.675206,-0.800162,,,664.55318,,-65.081421,,,-30.733381
MUKANDLTD,File 2 (custom),-13.815976,,,-9.602386,-0.072103,40320.939299,-9946.510117,59.679061,,0.568353,,,-0.536894,-0.129576,,,347.186977,,-59.679061,,,-19.49952
MUKKA,File 1 (vectorbt),,0.0,,,,,,,0.0,inf,,,inf,inf,,,,,,,,
MUKKA,File 2 (custom),,,,,,,,0.0,100.0,,,,,,,,,,,,,
MUKTAARTS,File 1 (vectorbt),-13.467182,34.95972,,40.232295,-0.014165,88981.980358,-1101.801964,53.398635,,1.031705,,0.904193,0.066154,0.10228,,,2289.957833,,-11.01802,,,-16.478316
MUKTAARTS,File 2 (custom),-12.66719,35.024595,,40.291903,-0.00642,92884.206629,-711.579337,51.547848,,1.03821,,0.935473,0.065956,0.034442,,,1140.963019,,-7.115793,,,-16.362054
MUNJALAU,File 1 (vectorbt),-10.900027,29.647818,,32.554231,-0.024884,85973.020654,-819.480971,47.302796,,1.002935,-2554.245752,0.914857,0.006342,0.009582,,,3349.963686,,-14.026979,,,-17.530091
MUNJALAU,File 2 (custom),-10.175639,27.251706,,30.242292,-0.019412,84393.697373,-935.643044,47.061462,,0.995871,-2507.300007,0.89553,-0.007602,-0.004042,,,1597.667269,,-15.606303,,,-13.824228
MUNJALSHOW,File 1 (vectorbt),-9.403076,27.074656,,35.199954,0.081919,152465.612975,3806.072253,29.700374,,1.206986,2986.673685,1.501422,0.259558,0.394431,,,3417.160524,,52.465613,,,-11.752282
MUNJALSHOW,File 2 (custom),-9.132677,27.147408,,35.264589,0.056138,152623.350395,3818.151613,29.884518,,1.207828,2987.379424,1.502041,0.216438,0.066301,,,1671.304443,,52.62335,,,-11.435607
MURUDCERA,File 1 (vectorbt),-13.978805,43.54462,,47.564668,-0.073811,52844.655441,-4286.849505,54.425051,,0.925944,,0.507994,-0.141634,-0.216872,,,1528.286842,,-47.155345,,,-19.166139
MURUDCERA,File 2 (custom),-13.150664,43.600919,,47.616951,-0.048249,56482.555871,-3956.131284,51.885102,,0.93689,,0.542332,-0.099839,-0.048317,,,788.766152,,-43.517444,,,-16.585237
MUTHOOTCAP,File 1 (vectorbt),-10.304137,25.977583,,25.977583,-0.12777,65615.579302,-4912.0601,47.904145,,0.734572,,0.430118,-0.542996,-0.735883,,,1337.519568,,-34.384421,,,-11.691506
MUTHOOTCAP,File 2 (custom),-10.127698,26.051432,,26.051432,-0.089378,65540.427582,-4922.79606,47.867632,,0.733245,,0.427381,-0.453971,-0.178428,,,649.328388,,-34.459572,,,-11.580026
MUTHOOTFIN,File 1 (vectorbt),-7.47884,29.597828,,41.360222,-0.070442,72382.594594,-1624.553259,47.091176,,0.964491,,0.715015,-0.09372,-0.144637,,,2981.429828,,-27.617405,,,-12.447347
MUTHOOTFIN,File 2 (custom),-7.252005,29.66806,,41.418703,-0.04828,72549.214178,-1614.752107,47.3483,,0.96417,,0.71683,-0.078875,-0.052939,,,1486.613049,,-27.450786,,,-12.335112
MUTHOOTMF,File 1 (vectorbt),,0.0,,,,,,,0.0,inf,,,inf,inf,,,,,,,,
MUTHOOTMF,File 2 (custom),,,,,,,,0.0,100.0,,,,,,,,,,,,,
MVGJL,File 1 (vectorbt),-13.602273,,,-12.547492,-0.78674,74658.051537,-12670.974232,27.867991,,0.307841,,,-1.427817,-1.509206,,,349.563146,,-25.341948,,,-14.657054
MVGJL,File 2 (custom),-11.840256,,,-9.137901,-0.55191,77367.4584,-11316.2708,25.243306,,0.333404,,,-1.224129,-0.331018,,,167.917717,,-22.632542,,,-14.542612
NACLIND,File 1 (vectorbt),-11.528067,43.15013,,45.303641,0.031432,111038.189962,1576.88428,60.251609,,1.0802,,1.171098,0.198063,0.332421,,,1476.184842,,11.03819,,,-12.625357
NACLIND,File 2 (custom),-10.879232,43.206823,,45.358183,0.02698,113664.926086,1952.132298,59.199176,,1.086964,,1.218944,0.178108,0.132223,,,759.893671,,13.664926,,,-11.509503
NAGAFERT,File 1 (vectorbt),-14.565074,33.629784,,33.629784,-0.113943,71095.154449,-5780.96911,47.850428,,0.691748,,0.53753,-0.472492,-0.650626,,,1005.171561,,-28.904846,,,-17.02981
NAGAFERT,File 2 (custom),-14.255399,33.695988,,33.695988,-0.078798,71426.232845,-5714.753431,47.540626,,0.69434,,0.539132,-0.389031,-0.120726,,,488.718159,,-28.573767,,,-16.912997
NAGREEKCAP,File 1 (vectorbt),-13.704679,34.991554,,34.991554,-0.106756,55593.687685,-6343.758902,54.6472,,0.767284,,0.408193,-0.376232,-0.518162,,,1198.077903,,-44.406312,,,-18.561369
NAGREEKCAP,File 2 (custom),-13.120187,35.056398,,35.056398,-0.072869,57070.704209,-6132.756542,53.343911,,0.776255,,0.41497,-0.29859,-0.102196,,,582.184322,,-42.929296,,,-18.443026
NAGREEKEXP,File 1 (vectorbt),-15.965135,,,-9.543001,-0.153777,24657.950994,-9417.756126,75.342049,,0.528342,,,-0.915192,-1.102474,,,887.107305,,-75.342049,,,-22.547061
NAGREEKEXP,File 2 (custom),-15.726598,,,-9.433668,-0.107974,24788.171933,-9401.478508,75.211828,,0.529312,,,-0.757629,-0.237516,,,406.673118,,-75.211828,,,-22.424736
NAHARCAP,File 1 (vectorbt),-11.073599,30.657482,,47.373838,0.248909,241235.722614,11769.643551,32.18356,,1.439159,,2.035103,0.549275,1.087367,,,4458.464685,,141.235723,,,-12.893157
NAHARCAP,File 2 (custom),-10.827987,30.726655,,47.426311,0.170742,240306.912107,11692.242676,31.860102,,1.438172,,2.033897,0.455548,0.233166,,,2297.724892,,140.306912,,,-12.64483
NAHARINDUS,File 1 (vectorbt),-10.286455,39.889904,,55.510713,0.31525,339948.262839,26660.918093,31.197316,,1.362411,,5.182033,0.652142,1.104273,,,2809.496063,,239.948263,,,-13.417385
NAHARINDUS,File 2 (custom),-10.176379,38.623294,,55.555058,0.203214,320115.242128,24457.249125,31.257992,,1.346042,,4.837541,0.520936,0.283094,,,1483.524786,,220.115242,,,-13.304181
NAHARPOLY,File 1 (vectorbt),-17.646602,40.742772,,54.648951,0.193472,251427.375714,16825.263968,54.568378,,1.328549,,2.104207,0.545614,0.941157,,,3156.313634,,151.427376,,,-20.003265
NAHARPOLY,File 2 (custom),-17.529173,40.405749,,54.694157,0.127674,245256.661534,16139.629059,54.631939,,1.321123,,2.076625,0.444312,0.229205,,,1620.707319,,145.256662,,,-19.883481
NAHARSPING,File 1 (vectorbt),-13.899258,29.357735,,34.170872,0.018166,120292.176726,1352.811782,49.986577,,1.078785,,1.150247,0.13688,0.204918,,,2994.149185,,20.292177,,,-20.28949
NAHARSPING,File 2 (custom),-12.891648,28.907997,,33.40112,0.016176,126709.147892,1780.609859,49.634276,,1.088018,,1.199285,0.126435,0.05192,,,1589.483698,,26.709148,,,-20.16942
NAM_INDIA,File 1 (vectorbt),-9.563584,30.604236,,32.41165,0.215356,139417.364531,9854.341133,30.726,,1.207708,,2.41274,0.451954,0.761062,,,1059.904184,,39.417365,,,-10.864569
NAM_INDIA,File 2 (custom),-9.45423,30.673463,,32.479071,0.145289,138810.674507,9702.668627,30.713344,,1.205592,,2.387658,0.372603,0.247538,,,547.289663,,38.810675,,,-10.753915
NARMADA,File 1 (vectorbt),-13.254471,,,-13.254471,-0.568877,86758.770569,-13241.229431,13.241229,,0.095783,,,-1.376626,-1.401286,,,186.745716,,-13.241229,,,-13.254471
NARMADA,File 2 (custom),-13.141429,,,-13.141429,-0.397595,86686.881602,-13313.118398,13.313118,,0.095271,,,-1.147855,-0.189842,,,86.759714,,-13.313118,,,-13.141429
NATCAPSUQ,File 1 (vectorbt),,0.0,,,,,,,0.0,inf,,,inf,inf,,,,,,,,
NATCAPSUQ,File 2 (custom),,,,,,,,0.0,100.0,,,,,,,,,,,,,
NATCOPHARM,File 1 (vectorbt),-11.920922,33.112503,,67.646663,0.034325,152977.409396,2408.064063,71.339055,,1.097127,,1.377766,0.219206,0.333794,,,4027.239595,,52.977409,,,-22.477622
NATCOPHARM,File 2 (custom),-11.08739,33.108414,,67.678884,0.030546,168301.279887,3104.603631,67.648931,,1.107581,,1.470127,0.202345,0.114885,,,2251.333612,,68.30128,,,-22.178448
NATHBIOGEN,File 1 (vectorbt),-8.710993,38.911034,,43.128488,0.402266,203297.683687,17216.280614,23.918781,,1.403733,,2.616205,0.617068,1.2867,,,2445.396661,,103.297684,,,-9.575001
NATHBIOGEN,File 2 (custom),-8.602491,38.279313,,42.774635,0.262663,198718.916512,16453.152752,24.10379,,1.392,,2.564213,0.500061,0.350774,,,1250.169185,,98.718917,,,-9.465635
NATIONALUM,File 1 (vectorbt),-10.600887,27.794518,,40.121386,0.112619,256551.25771,7827.562885,48.503201,,1.180901,,1.80864,0.400888,0.621993,,,6262.670106,,156.551258,,,-22.654213
NATIONALUM,File 2 (custom),-10.490496,27.773725,,40.181105,0.074467,249489.25872,7474.462936,48.710603,,1.176432,,1.774503,0.325433,0.182228,,,3167.904364,,149.489259,,,-22.531781
NAUKRI,File 1 (vectorbt),-9.184122,28.100283,,48.69345,0.179056,245019.939386,7632.628389,41.205708,,1.195874,,1.746688,0.488702,0.798761,,,7001.135468,,145.019939,,,-14.86885
NAUKRI,File 2 (custom),-9.075147,28.172011,,48.744605,0.118643,240046.731396,7370.8806,41.464674,,1.19192,,1.722315,0.398875,0.279593,,,3532.391202,,140.046731,,,-14.754196
NAVA,File 1 (vectorbt),-8.593342,35.559067,,44.681168,0.086723,178929.261976,7175.387452,53.635207,,1.172816,,2.688997,0.332799,0.57011,,,1913.634284,,78.929262,,,-11.387394
NAVA,File 2 (custom),-8.484957,35.623344,,44.736332,0.057947,176874.101936,6988.554721,53.918296,,1.170144,,2.633611,0.272626,0.161791,,,990.346811,,76.874102,,,-11.276218
NAVINFLUOR,File 1 (vectorbt),-6.853574,28.274932,,74.651562,0.523188,1005547.140523,56596.696283,39.68076,,1.519741,,4.429795,1.063873,2.029484,,,16585.487335,,905.547141,,,-8.47752
NAVINFLUOR,File 2 (custom),-6.746927,28.346486,,74.676785,0.346121,985955.146002,55372.196625,39.823095,,1.515905,,4.36622,0.879562,0.6864,,,8627.086691,,885.955146,,,-8.369251
NAVKARCORP,File 1 (vectorbt),-10.310583,,,-7.925474,-0.189731,52054.287477,-7990.952087,49.369099,,0.583133,,,-0.830953,-1.033637,,,885.692302,,-47.945713,,,-12.277103
NAVKARCORP,File 2 (custom),-10.200482,,,-7.817756,-0.133251,51820.579717,-8029.90338,49.594542,,0.581274,,,-0.69432,-0.225759,,,417.720168,,-48.17942,,,-12.165038
NAVKARURB,File 1 (vectorbt),,0.0,,,,,,,0.0,inf,,,inf,inf,,,,,,,,
NAVKARURB,File 2 (custom),,,,,,,,0.0,100.0,,,,,,,,,,,,,
NAVNETEDUL,File 1 (vectorbt),-11.154872,22.681029,,29.452049,0.041824,118457.771943,1538.147662,32.296395,,1.077468,,1.188905,0.163516,0.261281,,,2925.271888,,18.457772,,,-26.153837
NAVNETEDUL,File 2 (custom),-10.623441,22.623996,,29.522427,0.032301,121009.866966,1750.822247,32.455945,,1.081811,,1.215784,0.143446,0.081414,,,1514.078332,,21.009867,,,-23.084497
NAZARA,File 1 (vectorbt),-10.556211,20.803527,,20.803527,-0.153991,86388.778977,-3402.805256,32.113272,,0.942188,,0.569355,-0.182344,-0.271831,,,759.891309,,-13.611221,,,-13.425267
NAZARA,File 2 (custom),-10.445865,20.882545,,20.882545,-0.11026,85969.225839,-3507.69354,32.226818,,0.939246,,0.558317,-0.159746,-0.120676,,,371.613482,,-14.030774,,,-13.312055
NBCC,File 1 (vectorbt),-10.891815,22.371916,,26.055954,-0.06016,83915.508382,-2297.784517,32.35715,,0.937235,,0.666112,-0.133354,-0.176866,,,1155.376538,,-16.084492,,,-14.321316
NBCC,File 2 (custom),-9.376308,22.449367,,26.129724,-0.029511,90179.287614,-1402.958912,27.002193,,0.969185,,0.777692,-0.055771,-0.025008,,,600.632489,,-9.820712,,,-12.099175
NBIFIN,File 1 (vectorbt),-8.103849,30.487181,,30.487181,0.007693,101260.830873,315.207718,28.379314,,1.060033,,1.056338,0.071639,0.105736,,,708.048501,,1.260831,,,-8.815919
NBIFIN,File 2 (custom),-7.995953,30.35705,,30.35705,0.00201,100474.220244,118.555061,28.297185,,1.047901,,1.021181,0.047775,0.013867,,,349.948421,,0.47422,,,-8.707312
NCC,File 1 (vectorbt),-13.021464,35.289832,,53.060088,0.071284,248345.062664,6228.325648,64.500793,,1.139723,11321.898402,1.625348,0.31123,0.50156,,,5590.589072,,148.345063,,,-24.256105
NCC,File 2 (custom),-12.61019,34.484455,,53.106882,0.045706,238398.891348,5796.91629,65.823673,,1.135246,10866.73296,1.614411,0.25182,0.153388,,,2674.243242,,138.398891,,,-21.330654
NCLIND,File 1 (vectorbt),-9.955182,29.440451,,34.016621,0.00721,103864.64674,386.464674,42.67294,,1.052898,,1.056188,0.091761,0.126696,,,1904.669824,,3.864647,,,-13.180336
NCLIND,File 2 (custom),-9.845437,29.510841,,34.082439,0.003667,102844.46052,284.446052,42.813403,,1.049514,,1.041229,0.071437,0.024839,,,948.782296,,2.844461,,,-13.067368
NDGL,File 1 (vectorbt),-12.879076,,,-11.805873,-0.182273,75911.478502,-12044.260749,25.078118,,0.620327,,,-0.621194,-0.801891,,,352.299585,,-24.088521,,,-13.95228
NDGL,File 2 (custom),-12.76641,,,-11.694278,-0.126714,75978.728319,-12010.63584,25.006256,,0.618056,,,-0.519784,-0.153851,,,162.779224,,-24.021272,,,-13.838542
NDL,File 1 (vectorbt),-15.235914,32.343955,,41.384762,0.345927,244998.910856,18124.863857,34.933097,,1.552559,,3.408882,0.745559,1.347297,,,2253.778544,,144.998911,,,-20.785852
NDL,File 2 (custom),-15.120893,31.895476,,41.443219,0.226072,238038.770657,17254.846332,35.03762,,1.535547,,3.288457,0.604242,0.276974,,,1185.322224,,138.038771,,,-20.665287
NDLVENTURE,File 1 (vectorbt),-9.46481,23.533441,,29.122744,-0.016273,92384.525327,-1087.924953,40.809587,,1.006154,,0.838633,0.012943,0.020066,,,1324.113325,,-7.615475,,,-14.191666
NDLVENTURE,File 2 (custom),-9.355555,23.609731,,29.19345,-0.012183,91757.651989,-1177.478287,40.905542,,1.004051,,0.826342,0.007091,0.00382,,,656.187951,,-8.242348,,,-14.077688
NDRAUTO,File 1 (vectorbt),-10.853689,41.514931,,41.514931,0.121774,112089.207007,4029.735669,,,1.128643,,1.411418,0.264556,0.450927,,,761.747558,,12.089207,,,-15.959099
NDRAUTO,File 2 (custom),-10.557625,41.573258,,41.573258,0.084405,112205.656713,4068.552238,,,1.129394,,1.419733,0.221345,0.145195,,,387.167255,,12.205657,,,-15.843355
NDTV,File 1 (vectorbt),-13.179403,35.345642,,46.664686,-0.007854,92961.490689,-541.423793,64.78627,,1.018169,,0.96359,0.029541,0.043458,,,3974.696569,,-7.038509,,,-19.08572
NDTV,File 2 (custom),-12.402978,34.152584,,46.717868,-0.004115,94684.596102,-408.877223,63.974854,,1.022662,,0.971562,0.030708,0.011234,,,2028.75105,,-5.315404,,,-16.562856
NECCLTD,File 1 (vectorbt),,34.0352,,49.503308,2.83089,318176.373658,54544.093415,,,3.673667,,,1.10786,4.500697,,,1549.127997,,218.176374,,,23.556017
NECCLTD,File 2 (custom),0.0,34.100999,,49.553655,1.88966,316564.215053,54141.053763,,,3.661923,,,0.919482,0.727403,,,881.143274,,216.564215,,,23.632284
NECLIFE,File 1 (vectorbt),-11.903692,39.92062,,40.5944,-0.108558,37585.471748,-4160.96855,65.038461,,0.839604,,0.411872,-0.333596,-0.501417,,,1948.369556,,-62.414528,,,-15.015933
NECLIFE,File 2 (custom),-11.376634,39.98054,,40.653647,-0.07197,39419.648196,-4038.69012,65.240121,,0.847506,,0.431499,-0.262237,-0.130437,,,985.138476,,-60.580352,,,-14.901132
NELCAST,File 1 (vectorbt),-10.352659,37.081952,,46.291581,0.305887,252878.377877,21839.768268,25.860039,,1.319286,,3.078098,0.539786,0.954557,,,2848.444837,,152.878378,,,-14.071734
NELCAST,File 2 (custom),-10.173033,34.244991,,46.345136,0.188139,230434.430788,18633.490113,25.74236,,1.290159,,2.94167,0.41664,0.23789,,,1370.685424,,130.434431,,,-13.749426
NELCO,File 1 (vectorbt),-15.949531,46.55689,,69.696586,0.009278,113211.312364,880.754158,70.322355,,1.076256,,1.057282,0.131424,0.216815,,,3831.022779,,13.211312,,,-26.74909
NELCO,File 2 (custom),-15.6226,46.475356,,69.052641,0.006903,114218.84862,947.923241,69.857539,,1.077445,,1.062197,0.110924,0.05532,,,1930.827086,,14.218849,,,-26.622567
NEOGEN,File 1 (vectorbt),-13.782421,35.077172,,37.262363,0.113853,116340.515937,3268.103187,32.443888,,1.149914,,1.279654,0.271632,0.459213,,,1242.061867,,16.340516,,,-20.456903
NEOGEN,File 2 (custom),-10.352415,30.090212,,32.958923,0.131173,120636.902403,4127.380481,24.037178,,1.1743,,1.499324,0.263286,0.166546,,,614.640592,,20.636902,,,-11.604501
NESCO,File 1 (vectorbt),-9.113812,19.356269,,21.671046,-0.041009,86718.569484,-1328.143052,29.668534,,0.979727,,0.779673,-0.041823,-0.060031,,,1803.988696,,-13.281431,,,-14.776424
NESCO,File 2 (custom),-8.689451,19.38465,,21.592951,-0.025568,87994.758052,-1200.524195,29.553895,,0.983537,,0.797461,-0.028489,-0.013121,,,906.915305,,-12.005242,,,-12.890763
NESTLEIND,File 1 (vectorbt),-5.170706,15.193456,,19.274192,0.008215,102069.892241,-16.581535,23.802179,,1.031938,2252.289128,0.996044,0.065194,0.103985,,,2486.218926,,2.069892,,,-6.288224
NESTLEIND,File 2 (custom),-5.065741,15.278078,,19.354737,0.00253,100929.07591,-115.5128,24.067579,,1.026984,2199.716707,0.972664,0.042045,0.021335,,,1182.295079,,0.929076,,,-6.182141
NETWEB,File 1 (vectorbt),-10.165029,37.450282,,37.450282,0.769895,123458.765748,11729.382874,22.780203,,1.244769,,2.681137,0.771976,1.246635,,,498.308461,,23.458766,,,-10.165029
NETWEB,File 2 (custom),-10.055074,36.319354,,36.319354,0.485787,121880.052733,10940.026367,22.733537,,1.232858,,2.584864,0.6131,0.530727,,,256.023149,,21.880053,,,-10.055074
NETWORK18,File 1 (vectorbt),-12.610224,24.85051,,28.748992,-0.083142,52667.34024,-4733.265976,60.338738,,0.93384,,0.354503,-0.163022,-0.248522,,,1304.537968,,-47.33266,,,-18.375385
NETWORK18,File 2 (custom),-12.245248,24.925484,,28.820071,-0.057196,53443.986551,-4655.601345,59.66773,,0.935942,,0.361115,-0.131022,-0.079806,,,641.036212,,-46.556013,,,-18.257228
NEULANDLAB,File 1 (vectorbt),-11.058414,47.467025,,67.39077,0.024987,123584.862695,2144.078427,63.172676,,1.120166,,1.222724,0.175561,0.297187,,,2448.053858,,23.584863,,,-12.809765
NEULANDLAB,File 2 (custom),-10.889178,45.928375,,62.650154,0.0128,117086.624909,1553.329537,63.181482,,1.102332,,1.166816,0.125494,0.054608,,,1186.17432,,17.086625,,,-12.697168
NEWGEN,File 1 (vectorbt),-9.384189,18.817744,,18.817744,-0.181898,66429.910409,-4889.651677,42.95655,,0.806112,657.472149,0.336147,-0.493368,-0.69297,,,1321.01098,,-33.57009,,,-10.551721
NEWGEN,File 2 (custom),-9.275014,18.898745,,18.898745,-0.128433,66003.317404,-4948.352646,43.18088,,0.803066,641.785925,0.331352,-0.417431,-0.221001,,,608.448964,,-33.996683,,,-10.441379
NEXTMEDIA,File 1 (vectorbt),-14.510822,,,-11.649772,-0.131234,53341.026375,-11664.743406,50.445784,,0.510197,,,-0.700916,-0.856823,,,586.09347,,-46.658974,,,-18.942909
NEXTMEDIA,File 2 (custom),-13.783579,,,-11.538333,-0.090255,54681.268456,-11329.682886,49.200642,,0.520491,,,-0.566188,-0.139182,,,273.936958,,-45.318732,,,-18.824185
NFL,File 1 (vectorbt),-13.058297,31.678768,,31.678768,-0.053385,65394.925171,-5767.512471,62.476829,,0.931783,,0.312376,-0.13308,-0.205493,,,831.81482,,-34.605075,,,-14.762521
NFL,File 2 (custom),-12.945451,31.746921,,31.746921,-0.037445,65030.167757,-5828.305374,62.623984,,0.930414,,0.307827,-0.112919,-0.055044,,,397.697156,,-34.969832,,,-14.647973
NGIL,File 1 (vectorbt),-18.985795,,,-18.985795,-0.259498,81033.171773,-18966.828227,29.73338,,0.689143,,,-0.573797,-0.697926,,,181.014386,,-18.966828,,,-18.985795
NGIL,File 2 (custom),-15.026935,,,-15.026935,-0.160626,84824.584357,-15175.415643,26.432019,,0.74175,,,-0.38949,-0.119124,,,84.769218,,-15.175416,,,-15.026935
NGLFINE,File 1 (vectorbt),,0.0,,,,,,,0.0,inf,,,inf,inf,,,,,,,,
NGLFINE,File 2 (custom),,,,,,,,0.0,100.0,,,,,,,,,,,,,
NH,File 1 (vectorbt),-8.047002,20.145317,,25.480903,0.170557,123700.852235,3385.836034,19.735519,,1.133699,,1.740979,0.314282,0.514317,,,1379.602127,,23.700852,,,-10.073341
NH,File 2 (custom),-7.939163,20.224992,,25.555248,0.112328,122779.545659,3254.220808,19.851176,,1.129794,,1.707452,0.25441,0.167901,,,698.203378,,22.779546,,,-9.963477
NHPC,File 1 (vectorbt),-6.223998,26.017158,,38.459588,-4.8e-05,99982.94308,-161.25837,33.017912,,1.028118,2240.560257,0.96376,0.062698,0.087274,,,2576.95702,,-0.017057,,,-10.178788
NHPC,File 2 (custom),-6.11798,26.090967,,38.520967,-0.002724,98599.831688,-257.723985,33.326676,,1.023367,2207.967472,0.942541,0.043441,0.019619,,,1230.699524,,-1.400168,,,-10.068819
NIACL,File 1 (vectorbt),-13.721732,,,-11.982102,-0.179556,64177.483851,-11940.838716,45.763073,,0.807627,,,-0.433828,-0.586838,,,495.097932,,-35.822516,,,-17.177271
NIACL,File 2 (custom),-13.608224,,,-11.870332,-0.125839,64067.779854,-11977.406715,45.848666,,0.806636,,,-0.362694,-0.157795,,,229.218695,,-35.93222,,,-17.060311
NIBE,File 1 (vectorbt),,0.0,,,,,,,0.0,inf,,,inf,inf,,,,,,,,
NIBE,File 2 (custom),,,,,,,,0.0,100.0,,,,,,,,,,,,,
NIBL,File 1 (vectorbt),-12.995621,40.852744,,40.852744,0.161813,122530.828023,11265.414012,15.826273,,1.39716,,2.232465,0.349186,0.594768,,,504.177728,,22.530828,,,-12.995621
NIBL,File 2 (custom),-12.882838,40.911733,,40.911733,0.109599,122268.154993,11134.077496,15.897769,,1.392873,,2.212766,0.287606,0.083055,,,263.156431,,22.268155,,,-12.882838
NIFTY,File 1 (vectorbt),-4.207205,10.309027,,19.396178,0.111566,165323.773544,1765.507393,19.644554,,1.148099,,1.585614,0.317865,0.439623,,,9132.824093,,65.323774,,,-13.054823
NIFTY,File 2 (custom),-3.995805,10.290998,,19.476602,0.073961,159713.960838,1613.890833,18.979978,,1.14152,,1.552971,0.25269,0.109755,,,4408.282192,,59.713961,,,-12.117652
NIITLTD,File 1 (vectorbt),-9.713673,38.878013,,49.809892,0.154813,313005.69577,15214.692555,54.320272,,1.338951,,2.149299,0.546841,0.990069,,,5910.454829,,213.005696,,,-12.998853
NIITLTD,File 2 (custom),-9.118463,38.938974,,49.859932,0.111828,322047.492861,15860.535204,52.58304,,1.348464,,2.228311,0.465996,0.262375,,,3145.834726,,222.047493,,,-12.886067
NIITMTS,File 1 (vectorbt),-10.256326,,,-8.824127,-0.559186,80537.191082,-9731.404459,27.778502,,0.66661,,,-0.97383,-1.341408,,,357.16439,,-19.462809,,,-11.688525
NIITMTS,File 2 (custom),-10.14628,,,-8.715511,-0.396971,80455.310079,-9772.34496,27.836377,,0.66488,,,-0.816229,-0.48187,,,168.250252,,-19.54469,,,-11.577048
NILAINFRA,File 1 (vectorbt),-16.386677,50.206744,,71.979566,0.090372,128818.136949,5763.62739,41.642308,,1.157367,,1.402565,0.278848,0.529358,,,1313.663984,,28.818137,,,-20.44296
NILAINFRA,File 2 (custom),-15.111158,50.256387,,72.007458,0.075766,133760.79109,6752.158218,39.240321,,1.174861,,1.501203,0.254546,0.178452,,,685.048588,,33.760791,,,-16.844693
NILASPACES,File 1 (vectorbt),-10.973484,27.371628,,29.343824,-0.053693,90440.191902,-1365.686871,41.946864,,0.98889,,0.78912,-0.028196,-0.04268,,,1067.880073,,-9.559808,,,-15.385877
NILASPACES,File 2 (custom),-9.784021,22.321251,,23.980577,-0.049855,87821.672115,-1739.761126,40.359011,,0.972952,,0.708991,-0.057623,-0.041392,,,529.883497,,-12.178328,,,-13.727172
NILKAMAL,File 1 (vectorbt),-12.43563,26.851788,,40.574189,0.199672,271255.500686,19125.190193,41.701306,,1.438595,-871.211047,3.239355,0.629423,1.055793,,,3666.383874,,171.255501,,,-19.509916
NILKAMAL,File 2 (custom),-12.323406,26.924763,,40.633456,0.134687,268484.701376,18816.032148,41.705723,,1.434603,-859.58796,3.207829,0.519451,0.220789,,,1770.36536,,168.484701,,,-19.390625
NINSYS,File 1 (vectorbt),-10.726021,,,-9.973423,-0.682966,63543.356188,-9114.160953,37.408351,,0.526366,,,-1.66084,-2.075099,,,648.438158,,-36.456644,,,-11.364833
NINSYS,File 2 (custom),-10.615506,,,-9.86366,-0.492962,63411.483658,-9147.129086,37.537158,,0.524668,,,-1.387027,-0.877614,,,304.93935,,-36.588516,,,-11.25368
NIPPOBATRY,File 1 (vectorbt),-11.11062,29.160481,,33.904986,-0.006249,95176.172685,-371.06364,51.119649,,1.02875,,0.953408,0.063487,0.094259,,,2561.491092,,-4.823827,,,-18.050208
NIPPOBATRY,File 2 (custom),-10.99972,28.634511,,33.970915,-0.007101,92177.868812,-601.702399,51.158973,,1.02302,,0.924325,0.0423,0.021723,,,1266.055327,,-7.822131,,,-17.932376
NIRAJ,File 1 (vectorbt),-13.517708,30.891571,,30.891571,0.290537,113189.012835,6594.506417,13.504204,,1.249837,,1.746335,0.360567,0.626734,,,474.924097,,13.189013,,,-13.517708
NIRAJ,File 2 (custom),-12.058556,30.96051,,30.96051,0.244229,114709.786592,7354.893296,12.230336,,1.27725,,1.920263,0.329366,0.162565,,,245.592117,,14.709787,,,-12.058556
NITCO,File 1 (vectorbt),-12.221496,28.996505,,32.896148,0.071526,157327.395482,3372.199734,50.328565,,1.14659,,1.400835,0.27355,0.459393,,,3755.570505,,57.327395,,,-26.331494
NITCO,File 2 (custom),-10.597093,28.249345,,32.963085,0.076931,177669.379343,4568.78702,40.884171,,1.173225,,1.560644,0.269379,0.172168,,,2137.093523,,77.669379,,,-15.356411
NITINSPIN,File 1 (vectorbt),-13.655642,35.514497,,52.231597,0.08845,168913.751166,3429.151257,46.076161,,1.132159,7189.028539,1.264599,0.296597,0.463802,,,5460.46647,,68.913751,,,-22.615373
NITINSPIN,File 2 (custom),-12.811618,34.832318,,52.279218,0.070556,175872.205508,3800.116546,42.729391,,1.138469,7470.107688,1.293248,0.260685,0.158942,,,2819.771697,,75.872206,,,-17.48826
NITIRAJ,File 1 (vectorbt),-12.320495,,,-6.59578,-0.261877,66923.083084,-11025.638972,37.2058,,0.517508,,,-0.86579,-1.063818,,,468.504611,,-33.076917,,,-20.857601
NITIRAJ,File 2 (custom),-12.208387,,,-6.489391,-0.183956,66775.118163,-11074.960612,37.342037,,0.515913,,,-0.72286,-0.204751,,,217.430622,,-33.224882,,,-20.736964
NIVABUPA,File 1 (vectorbt),,0.0,,,,,,,0.0,inf,,,inf,inf,,,,,,,,
NIVABUPA,File 2 (custom),,,,,,,,0.0,100.0,,,,,,,,,,,,,
NKIND,File 1 (vectorbt),-10.347163,,,-8.024924,-0.107446,80341.026379,-9829.48681,32.089836,,0.734546,,,-0.361735,-0.464569,,,364.287917,,-19.658974,,,-12.669402
NKIND,File 2 (custom),-9.794672,,,-7.808385,-0.073044,81009.789387,-9495.105307,31.540045,,0.742484,,,-0.290783,-0.081484,,,173.151804,,-18.990211,,,-11.780958
NLCINDIA,File 1 (vectorbt),-9.131755,25.478872,,28.541165,0.053289,125945.546217,2358.68602,34.596353,,1.102289,,1.249367,0.195057,0.304455,,,3376.645689,,25.945546,,,-16.846562
NLCINDIA,File 2 (custom),-9.022832,25.553218,,28.612453,0.034438,124550.252052,2231.841096,35.065649,,1.099073,,1.235692,0.157411,0.076611,,,1691.347886,,24.550252,,,-16.729932
NMDC,File 1 (vectorbt),-8.23138,30.663539,,47.376952,0.050644,125311.751408,2049.016676,38.408245,,1.084432,4821.584646,1.261853,0.198807,0.330024,,,2719.225222,,25.311751,,30.0,-11.234283
NMDC,File 2 (custom),-9.100829,22.384348,,26.394783,-0.039314,70743.991117,-3197.597025,51.368259,,0.94107,2719.961365,0.475228,-0.127824,-0.069687,,,743.108063,,-29.256009,,20.0,-15.943141
NOCIL,File 1 (vectorbt),-13.426405,31.51224,,47.572448,0.249013,535886.329659,25640.372333,40.066718,,1.2914,,2.273488,0.556338,1.018515,,,11489.511504,,435.88633,,,-24.300098
NOCIL,File 2 (custom),-13.313192,31.580559,,47.624724,0.16683,526155.034703,25067.943218,40.219448,,1.288483,,2.249874,0.458598,0.310035,,,5898.007039,,426.155035,,,-24.176022
NOIDATOLL,File 1 (vectorbt),-13.471847,41.616284,,41.616284,-0.059309,59031.484094,-5852.645129,58.303651,,0.889563,,0.503672,-0.205166,-0.303686,,,1373.687164,,-40.968516,,,-21.916721
NOIDATOLL,File 2 (custom),-13.358589,40.620039,,40.620039,-0.042083,58222.906804,-5968.156171,58.512656,,0.885914,,0.491243,-0.176372,-0.075447,,,659.861829,,-41.777093,,,-21.795026
NORBTEAEXP,File 1 (vectorbt),-12.99443,,,-5.225707,-0.098183,35843.890595,-9165.158486,78.100235,,0.784502,,,-0.273947,-0.396171,,,718.758334,,-64.156109,,,-36.227872
NORBTEAEXP,File 2 (custom),-11.93615,,,-5.120686,-0.064831,38902.889835,-8728.158595,76.231232,,0.80162,,,-0.207717,-0.058952,,,351.116979,,-61.09711,,,-32.787792
NORTHARC,File 1 (vectorbt),,0.0,,,,,,,0.0,inf,,,inf,inf,,,,,,,,
NORTHARC,File 2 (custom),,,,,,,,0.0,100.0,,,,,,,,,,,,,
NOVAAGRI,File 1 (vectorbt),-10.024196,,,-10.024196,-0.978367,89985.818634,-10014.181366,10.679464,,0.400813,,,-1.43922,-1.765676,,,189.975994,,-10.014181,,,-10.024196
NOVAAGRI,File 2 (custom),-9.914381,,,-9.914381,-0.687391,89905.693292,-10094.306708,10.758992,,0.398798,,,-1.204116,-0.490614,,,89.995037,,-10.094307,,,-9.914381
NPST,File 1 (vectorbt),-12.651353,41.462171,,41.462171,0.718353,123546.985299,11773.492649,13.58263,,2.415121,,2.317405,0.955732,1.775261,,,506.412539,,23.546985,,,-12.651353
NPST,File 2 (custom),-11.645853,41.520551,,41.520551,0.54656,124657.315876,12328.657938,12.677856,,2.568399,,2.488279,0.841285,0.234407,,,265.029386,,24.657316,,,-11.645853
NRAIL,File 1 (vectorbt),-14.150584,26.148642,,28.637991,0.0022,100488.466553,97.693311,39.658587,,1.035958,,1.013273,0.084904,0.124333,,,793.047551,,0.488467,,,-16.890803
NRAIL,File 2 (custom),-14.036647,26.22232,,28.709182,-7.9e-05,99974.737746,-5.052451,39.709631,,1.033414,,0.999315,0.06564,0.035093,,,394.969272,,-0.025262,,,-16.774129
NRBBEARING,File 1 (vectorbt),-10.835512,34.420139,,51.965879,0.279388,444068.076524,18108.846133,33.942457,,1.285077,,1.870221,0.541424,0.938968,,,12433.978281,,344.068077,,,-17.514002
NRBBEARING,File 2 (custom),-10.678871,34.485553,,52.013765,0.189069,437420.326915,17758.964574,33.784312,,1.282469,,1.858767,0.446646,0.268602,,,6334.32404,,337.420327,,,-17.396706
NRL,File 1 (vectorbt),,0.0,,,,,,,0.0,inf,,,inf,inf,,,,,,,,
NRL,File 2 (custom),,,,,,,,0.0,100.0,,,,,,,,,,,,,
NSIL,File 1 (vectorbt),-10.27015,34.818649,,38.485659,0.24908,293739.261461,20885.390163,37.141911,,1.257248,5770.749997,3.494107,0.529067,0.925273,,,3456.019711,,193.739261,,,-11.568294
NSIL,File 2 (custom),-10.16009,34.269343,,38.221985,0.163821,283657.802817,19789.157276,37.168522,,1.250629,5555.387332,3.421983,0.42956,0.28196,,,1625.908204,,183.657803,,,-11.456937
NSLNISP,File 1 (vectorbt),-7.125338,,,-7.125338,-0.494677,92881.78026,-7118.21974,9.148259,,0.3256,,,-0.992046,-1.060609,,,192.874855,,-7.11822,,,-7.125338
NSLNISP,File 2 (custom),-7.01842,,,-7.01842,-0.345041,92796.997728,-7203.002272,9.23086,,0.322927,,,-0.826298,-0.145471,,,92.873288,,-7.203002,,,-7.01842
NTPC,File 1 (vectorbt),-6.726149,20.964662,,28.193543,-0.010187,92376.500241,-476.468735,55.532184,,1.003924,,0.892838,0.012478,0.0179,,,2648.946009,,-7.6235,,,-11.801949
NTPC,File 2 (custom),-6.619629,21.043518,,28.265177,-0.008435,90878.004926,-570.124692,55.879502,,1.00085,,0.872575,0.00225,0.001566,,,1310.769628,,-9.121995,,,-11.690359
NTPCGREEN,File 1 (vectorbt),,0.0,,,,,,,0.0,inf,,,inf,inf,,,,,,,,
NTPCGREEN,File 2 (custom),,,,,,,,0.0,100.0,,,,,,,,,,,,,
NUCLEUS,File 1 (vectorbt),-10.971807,34.677538,,43.949889,0.155306,245763.186441,14576.318644,39.124123,,1.297046,,2.174213,0.465048,0.803763,,,4009.712561,,145.763186,,,-13.543107
NUCLEUS,File 2 (custom),-10.604021,34.386615,,44.005783,0.107252,243457.834844,14345.783484,38.341218,,1.29492,,2.179863,0.384393,0.193163,,,2074.461435,,143.457835,,,-12.144653
NURECA,File 1 (vectorbt),-13.471666,,,-13.471666,-0.356184,86541.791962,-13458.208038,13.458208,,0.353995,,,-0.762661,-0.884806,,,186.52852,,-13.458208,,,-13.471666
NURECA,File 2 (custom),-13.358408,,,-13.358408,-0.247843,86480.142425,-13519.857575,13.519858,,0.352663,,,-0.635699,-0.1139,,,86.480451,,-13.519858,,,-13.358408
NUVAMA,File 1 (vectorbt),-9.79564,27.662583,,27.662583,0.141594,103876.594791,1292.198264,22.901937,,1.091492,,1.163168,0.254851,0.372382,,,689.060679,,3.876595,,,-9.944625
NUVAMA,File 2 (custom),-9.686054,26.384617,,26.384617,0.063266,102521.812822,840.604274,22.97047,,1.077072,,1.108323,0.180096,0.112272,,,337.420002,,2.521813,,,-9.83489
NUVOCO,File 1 (vectorbt),-7.093875,,,-7.093875,-0.244924,92913.211784,-7086.788216,11.310585,,0.630991,,,-0.536095,-0.71809,,,192.906318,,-7.086788,,,-7.093875
NUVOCO,File 2 (custom),-6.986988,,,-6.986988,-0.170706,92830.510403,-7169.489597,11.387652,,0.628057,,,-0.449063,-0.122821,,,92.876842,,-7.16949,,,-6.986988
NYKAA,File 1 (vectorbt),,0.0,,,,,,,0.0,inf,,,inf,inf,,,,,,,,
NYKAA,File 2 (custom),,,,,,,,0.0,100.0,,,,,,,,,,,,,
OAL,File 1 (vectorbt),-10.864673,,,-10.864673,-0.187894,89146.181269,-10853.818731,14.888533,,0.297079,,,-0.630651,-0.686008,,,189.135517,,-10.853819,,,-10.864673
OAL,File 2 (custom),-10.754019,,,-10.754019,-0.130607,89082.515953,-10917.484047,14.944088,,0.295505,,,-0.526081,-0.069609,,,89.035733,,-10.917484,,,-10.754019
OBCL,File 1 (vectorbt),,0.0,,,,,,,0.0,inf,,,inf,inf,,,,,,,,
OBCL,File 2 (custom),,,,,,,,0.0,100.0,,,,,,,,,,,,,
OBEROIRLTY,File 1 (vectorbt),-8.632862,24.310875,,29.48943,0.250048,213925.621022,9493.801752,32.091857,,,,2.853488,0.489538,0.837341,,,2998.024517,,113.925621,,,-10.288894
OBEROIRLTY,File 2 (custom),-8.340619,24.386389,,29.55977,0.169161,213396.25288,9449.68774,32.249609,,,,2.881133,0.406748,0.298887,,,1550.869272,,113.396253,,,-10.178815
OCCL,File 1 (vectorbt),-9.996937,22.429251,,22.429251,-0.12419,80291.835854,-3941.632829,27.22861,,0.787233,,0.506124,-0.326345,-0.505981,,,963.402832,,-19.708164,,,-12.601206
OCCL,File 2 (custom),-9.88715,22.506644,,22.506644,-0.087479,79918.80274,-4016.239452,27.392176,,0.782548,,0.499004,-0.278462,-0.108629,,,470.211544,,-20.081197,,,-12.488818
OCCLLTD,File 1 (vectorbt),-15.374425,,,-15.374425,-2.018629,84640.934533,-15359.065467,15.359065,,0.265317,,,-2.248211,-2.355774,,,184.62576,,-15.359065,,,-15.374425
OCCLLTD,File 2 (custom),-15.259265,,,-15.259265,-1.471425,84583.697317,-15416.302683,15.416303,,0.264384,,,-1.881176,-0.783463,,,84.588728,,-15.416303,,,-15.259265
ODIGMA,File 1 (vectorbt),,0.0,,,,,,,0.0,inf,,,inf,inf,,,,,,,,
ODIGMA,File 2 (custom),,,,,,,,0.0,100.0,,,,,,,,,,,,,
OFSS,File 1 (vectorbt),-7.086499,21.006599,,31.96098,0.136769,153726.090314,4477.174193,28.244049,,1.145556,,1.762713,0.354906,0.597164,,,3246.5702,,53.72609,,,-10.465903
OFSS,File 2 (custom),-6.936341,21.085414,,32.028851,0.091613,151612.044533,4301.003711,27.996471,,1.142598,,1.742666,0.289836,0.210262,,,1618.623705,,51.612045,,,-10.355647
OIL,File 1 (vectorbt),-7.931187,33.237536,,33.237536,-0.084941,63087.523694,-3691.247631,49.763768,,0.777597,,0.32267,-0.389836,-0.509802,,,1469.105603,,-36.912476,,,-14.852181
OIL,File 2 (custom),-7.823463,33.304132,,33.304132,-0.059843,62495.075915,-3750.492409,50.08251,,0.772865,,0.31516,-0.332082,-0.105048,,,711.865347,,-37.504924,,,-14.737544
OILCOUNTUB,File 1 (vectorbt),-16.60982,27.128685,,42.436752,-0.053409,51239.476094,-3250.701594,73.884383,,0.979834,,0.477371,-0.039565,-0.052398,,,1339.254805,,-48.760524,,,-33.160842
OILCOUNTUB,File 2 (custom),-14.697649,26.791529,,42.494158,-0.028206,62795.201664,-2480.319889,67.915905,,0.99445,,0.590759,-0.009441,-0.003932,,,746.206445,,-37.204798,,,-21.572546
OLAELEC,File 1 (vectorbt),,0.0,,,,,,,0.0,inf,,,inf,inf,,,,,,,,
OLAELEC,File 2 (custom),,,,,,,,0.0,100.0,,,,,,,,,,,,,
OLECTRA,File 1 (vectorbt),-12.92079,42.183023,,50.363298,0.063069,152924.156822,2940.230935,45.550385,,1.117349,,1.247816,0.237465,0.377739,,,4817.949532,,52.924157,,,-24.840833
OLECTRA,File 2 (custom),-11.59247,41.62776,,48.062762,0.057147,174800.174874,4155.565271,45.572328,,1.137198,,1.340364,0.231245,0.133653,,,2724.114932,,74.800175,,,-19.992636
OMAXAUTO,File 1 (vectorbt),-14.171248,42.73075,,69.039312,0.354049,805937.825088,44121.114068,41.734733,,1.361845,,2.968873,0.718926,1.300558,,,10851.112604,,705.937825,,,-22.314551
OMAXAUTO,File 2 (custom),-11.638689,42.085912,,69.070142,0.258571,923268.587992,51454.286749,41.249103,,1.388403,,3.171216,0.641759,0.495368,,,6721.079699,,823.268588,,,-16.907665
OMAXE,File 1 (vectorbt),-4.866081,8.006096,,10.450376,-0.068209,86042.978615,-1744.627673,18.09495,,0.851054,,0.492513,-0.264197,-0.31918,,,1421.940586,,-13.957021,,,-13.040251
OMAXE,File 2 (custom),-4.198049,8.097898,,10.539737,-0.044835,88689.439105,-1413.820112,15.218071,,0.87693,,0.549738,-0.195438,-0.064263,,,728.187696,,-11.310561,,,-9.547198
OMINFRAL,File 1 (vectorbt),-12.472697,42.131407,,51.725208,-0.006183,97464.439849,-230.505468,44.848688,,1.038523,,0.979035,0.09577,0.145326,,,2491.297644,,-2.53556,,,-20.869935
OMINFRAL,File 2 (custom),-11.878858,42.18299,,51.773335,0.000852,100488.5741,44.415827,42.718872,,1.04463,,1.004179,0.091878,0.055311,,,1251.226985,,0.488574,,,-20.749286
ONELIFECAP,File 1 (vectorbt),-18.782452,,,-12.857256,-0.167247,34987.4161,-13002.51678,65.012584,,0.724511,,,-0.615331,-0.844032,,,569.445203,,-65.012584,,,-28.015278
ONELIFECAP,File 2 (custom),-18.38923,,,-12.744612,-0.116924,35455.338816,-12908.932237,64.544661,,0.727193,,,-0.505623,-0.235043,,,254.044399,,-64.544661,,,-27.88749
ONEPOINT,File 1 (vectorbt),-16.474084,25.499347,,36.305745,-0.21616,52930.649803,-5883.668775,55.357178,,0.78225,,0.35819,-0.53886,-0.691066,,,1055.661442,,-47.06935,,,-21.018551
ONEPOINT,File 2 (custom),-15.002279,25.445725,,36.369276,-0.137786,57857.158249,-5267.855219,52.900002,,0.808127,,0.3936,-0.384308,-0.170462,,,527.94265,,-42.142842,,,-18.132083
ONESOURCE,File 1 (vectorbt),,44.06715,,44.06715,61.832699,144023.127014,44023.127014,4.201326,,2.366639,,,4.091599,9.189202,,,244.067394,,44.023127,,,44.06715
ONESOURCE,File 2 (custom),0.0,44.122927,,44.122927,33.529133,143461.275305,43461.275305,4.168373,,2.362124,,,3.422928,5.786725,,,142.751525,,43.461275,,,44.122927
ONGC,File 1 (vectorbt),-9.02904,26.629746,,42.479083,0.057473,179365.80303,4409.211279,57.652419,,1.133803,,1.480511,0.29192,0.418184,,,5507.890355,,79.365803,,,-14.575692
ONGC,File 2 (custom),-8.2201,26.702943,,42.536446,0.043763,191761.701004,5097.872278,58.032773,,1.146191,,1.614324,0.260215,0.126046,,,2783.101528,,91.761701,,,-14.461331
ONMOBILE,File 1 (vectorbt),-13.38219,43.069295,,50.989603,-0.030056,85994.515853,-1750.685518,42.50798,,0.976427,,0.799872,-0.031554,-0.053416,,,1261.326126,,-14.005484,,,-17.870408
ONMOBILE,File 2 (custom),-13.269021,43.126069,,51.038464,-0.021779,85319.667253,-1835.041593,42.6915,,0.972631,,0.790585,-0.030539,-0.012676,,,621.248926,,-14.680333,,,-17.752755
ONWARDTEC,File 1 (vectorbt),-13.789848,42.297937,,60.984347,0.313833,955526.569964,57035.104664,41.565758,,1.390794,,5.491184,0.676455,1.314356,,,8994.65274,,855.52657,,,-24.530696
ONWARDTEC,File 2 (custom),-13.613086,42.051479,,61.023224,0.2092,924982.588107,54998.839207,41.594013,,1.385848,,5.397413,0.556052,0.390916,,,4842.574599,,824.982588,,,-24.406389
OPTIEMUS,File 1 (vectorbt),-11.811067,47.206071,,47.450239,0.317546,168237.968347,17059.492087,32.154697,,1.225236,,2.778822,0.544372,0.866443,,,1116.061338,,68.237968,,,-15.070496
OPTIEMUS,File 2 (custom),-11.699468,46.119111,,46.673259,0.207395,164964.504547,16241.126137,32.170394,,1.218243,,2.711983,0.439831,0.289786,,,584.35592,,64.964505,,,-14.95564
ORBTEXP,File 1 (vectorbt),-10.762319,39.346855,,39.346855,-0.104641,62648.336848,-4668.957894,55.028756,,0.770722,,0.512757,-0.436158,-0.605313,,,1637.238607,,-37.351663,,,-16.21867
ORBTEXP,File 2 (custom),-10.51498,35.912121,,35.912121,-0.076468,61350.372634,-4831.203421,54.76444,,0.757652,,0.479633,-0.384874,-0.147596,,,777.782218,,-38.649627,,,-15.145154
ORCHASP,File 1 (vectorbt),,0.0,,,,,,,0.0,inf,,,inf,inf,,,,,,,,
ORCHASP,File 2 (custom),,,,,,,,0.0,100.0,,,,,,,,,,,,,
ORCHPHARMA,File 1 (vectorbt),-10.235607,40.224357,,40.224357,-0.076654,91018.56351,-1796.287298,38.291014,,0.98008,,0.763729,-0.049712,-0.07817,,,874.856016,,-8.981436,,,-12.113908
ORCHPHARMA,File 2 (custom),-10.125582,40.283973,,40.283973,-0.055832,90610.664675,-1877.867065,38.184642,,0.976372,,0.752789,-0.049143,-0.032079,,,429.267221,,-9.389335,,,-12.002006
ORICONENT,File 1 (vectorbt),-11.606337,27.031624,,28.584633,0.173847,142577.933926,14192.644642,31.13711,,1.501731,,4.672176,0.46401,0.802811,,,646.732337,,42.577934,,,-11.606337
ORICONENT,File 2 (custom),-11.494942,27.104419,,28.655877,0.117712,142101.713791,14033.904597,31.186985,,1.497059,,4.608643,0.383231,0.117003,,,344.102127,,42.101714,,,-11.494942
ORIENTALTL,File 1 (vectorbt),-14.910527,47.303656,,55.983522,0.03318,112769.115874,2128.185979,56.831794,,1.083007,,1.238672,0.197012,0.326489,,,1067.07627,,12.769116,,33.333333,-19.429179
ORIENTALTL,File 2 (custom),-13.108436,44.469313,,56.027394,0.2048,193721.598877,15620.266479,35.912152,,1.270823,,2.605435,0.451847,0.311014,,,918.977345,,93.721599,,50.0,-19.309969
ORIENTBELL,File 1 (vectorbt),-16.266747,42.38851,,47.786815,0.256088,240879.418609,35219.854652,40.365115,,1.368044,,6.959003,0.58349,1.053935,,,1201.751602,,140.879419,,,-16.266747
ORIENTBELL,File 2 (custom),-16.150696,39.914573,,47.838876,0.16186,227068.223511,31767.055878,40.407524,,1.346882,,6.656572,0.459694,0.247193,,,634.212835,,127.068224,,,-16.150696
ORIENTCEM,File 1 (vectorbt),-10.019873,26.490389,,30.771942,-0.089723,68632.181361,-3136.781864,50.6496,,0.952516,,0.552579,-0.146668,-0.214418,,,1685.727121,,-31.367819,,,-12.344132
ORIENTCEM,File 2 (custom),-9.667326,26.563726,,30.841001,-0.061346,69503.150468,-3049.684953,49.813276,,0.954763,,0.559585,-0.116094,-0.080571,,,831.38694,,-30.49685,,,-12.232
ORIENTCER,File 1 (vectorbt),,31.98034,,31.98034,1.559313,131948.391428,31948.391428,15.262325,,2.156741,,,1.248811,2.466652,,,231.980572,,31.948391,,,31.98034
ORIENTCER,File 2 (custom),0.0,28.279176,,28.279176,0.919561,128009.747815,28009.747815,15.256181,,2.035659,,,0.955091,0.432105,,,128.090998,,28.009748,,,28.279176
ORIENTELEC,File 1 (vectorbt),-7.438432,28.821299,,28.821299,0.135629,110362.310934,3454.103645,15.187969,,1.134073,,1.637625,0.245373,0.35631,,,633.332214,,10.362311,,,-7.574708
ORIENTELEC,File 2 (custom),-6.449254,28.892306,,28.892306,0.107855,112111.634466,4037.211489,15.258265,,1.152552,,1.846094,0.231885,0.097366,,,323.286735,,12.111634,,,-7.467341
ORIENTHOT,File 1 (vectorbt),-12.077904,31.976371,,46.298802,-0.033721,73579.311127,-1467.816048,51.904187,,0.993391,,0.785439,-0.013205,-0.020568,,,2606.838391,,-26.420689,,,-21.280519
ORIENTHOT,File 2 (custom),-10.462895,31.411432,,46.35235,-0.009855,88619.125096,-632.270828,48.597937,,1.024075,,0.910245,0.039371,0.020908,,,1555.657212,,-11.380875,,,-15.931496
ORIENTLTD,File 1 (vectorbt),-14.356785,33.593247,,33.593247,-0.00649,97950.508294,-683.163902,35.903085,,1.025255,,0.92313,0.032341,0.053422,,,519.617402,,-2.049492,,,-16.1969
ORIENTLTD,File 2 (custom),-14.226968,32.609667,,32.609667,-0.006659,96966.458935,-1011.180355,35.935161,,1.016301,,0.886466,0.017539,0.006995,,,257.59825,,-3.033541,,,-16.080919
ORIENTPPR,File 1 (vectorbt),-10.904817,40.667767,,54.760027,0.413211,747035.318458,46216.808461,29.453009,,1.332426,,3.801877,0.655924,1.21691,,,9872.576721,,647.035318,,,-15.138274
ORIENTPPR,File 2 (custom),-10.739187,39.575238,,54.805122,0.268718,692691.793508,42335.128108,29.511146,,1.320999,,3.690508,0.530811,0.376796,,,4974.60764,,592.691794,,,-15.023351
ORIENTTECH,File 1 (vectorbt),-17.327022,,,-17.327022,-1.645117,82690.287264,-17309.712736,17.309713,,0.050665,,,-2.306498,-2.305171,,,182.67316,,-17.309713,,,-17.327022
ORIENTTECH,File 2 (custom),-15.048885,,,-15.048885,-1.196498,84853.099284,-15146.900716,15.146901,,0.057811,,,-1.831208,-0.530912,,,84.466325,,-15.146901,,,-15.048885
ORISSAMINE,File 1 (vectorbt),-11.322804,,,-7.149278,-0.15539,33806.063716,-7354.881809,66.193936,,0.664763,,,-0.765353,-1.03182,,,1078.811027,,-66.193936,,,-16.647091
ORISSAMINE,File 2 (custom),-11.211692,,,-7.042336,-0.10786,34820.419656,-7242.175594,65.17958,,0.66166,,,-0.642557,-0.28024,,,493.173123,,-65.17958,,,-16.53066
ORTINGLOBE,File 1 (vectorbt),,0.0,,,,,,,0.0,inf,,,inf,inf,,,,,,,,
ORTINGLOBE,File 2 (custom),,,,,,,,0.0,100.0,,,,,,,,,,,,,
OSIAHYPER,File 1 (vectorbt),,0.0,,,,,,,0.0,inf,,,inf,inf,,,,,,,,
OSIAHYPER,File 2 (custom),,,,,,,,0.0,100.0,,,,,,,,,,,,,
OSWALAGRO,File 1 (vectorbt),-11.150138,39.443222,,59.232917,1.00008,291193.181585,31865.530264,23.729952,,1.534202,,7.28518,1.005452,2.223298,,,2026.438121,,191.193182,,,-13.217095
OSWALAGRO,File 2 (custom),-11.039199,37.963012,,53.907981,0.631783,277540.824905,29590.137484,23.8613,,1.512013,,6.80655,0.805398,0.803223,,,1078.611598,,177.540825,,,-13.10409
OSWALGREEN,File 1 (vectorbt),-16.936594,37.417456,,50.629901,0.029492,130055.135199,2504.5946,51.313026,,1.120253,,1.242721,0.171012,0.306736,,,2296.618256,,30.055135,,,-31.331278
OSWALGREEN,File 2 (custom),-16.433609,37.479876,,50.679122,0.022352,132614.707197,2717.892266,50.114071,,1.125498,,1.268314,0.147894,0.07241,,,1169.060235,,32.614707,,,-31.200177
OSWALSEEDS,File 1 (vectorbt),-14.404292,,,-10.45674,-0.614478,73135.368844,-13432.315578,29.22077,,0.550914,,,-1.370596,-1.69887,,,352.216268,,-26.864631,,,-18.351843
OSWALSEEDS,File 2 (custom),-14.290102,,,-10.346494,-0.437471,73020.734648,-13489.632676,29.330339,,0.549544,,,-1.145691,-0.633654,,,162.593708,,-26.979265,,,-18.233709
PAGEIND,File 1 (vectorbt),-7.249696,17.349493,,22.458106,0.175302,173466.394861,5446.234611,26.552359,,1.208426,8111.579527,2.095981,0.463871,0.724568,,,3405.808887,,73.466395,,,-11.904475
PAGEIND,File 2 (custom),-7.090923,17.431961,,22.53547,0.126817,168003.537533,5097.638044,23.67833,,1.2087,6831.88101,2.131187,0.386978,0.222918,,,1497.024846,,68.003538,,,-11.482404
PAISALO,File 1 (vectorbt),-16.649739,34.604428,,62.689773,0.249531,251471.181901,11651.629377,35.59901,,1.21693,,1.736842,0.486026,0.859482,,,4737.247809,,151.471182,,,-21.48152
PAISALO,File 2 (custom),-15.972776,34.075137,,62.726946,0.169092,250537.177855,11579.782912,35.640984,,1.21904,,1.740587,0.403663,0.286775,,,2474.960705,,150.537178,,,-21.36026
PAKKA,File 1 (vectorbt),-11.218603,26.624373,,26.624373,0.676166,112409.461492,6204.730746,13.522636,,1.42771,,1.874626,0.530158,1.449078,,,465.617887,,12.409461,,,-11.218603
PAKKA,File 2 (custom),-11.107596,26.697575,,26.697575,0.449778,112157.085115,6078.542557,13.570296,,1.419988,,1.854141,0.436099,0.469352,,,238.312154,,12.157085,,,-11.107596
PALASHSECU,File 1 (vectorbt),-11.653869,40.296444,,41.739735,0.265984,153552.324573,13388.081143,31.661776,,1.264922,,2.722993,0.449059,0.80885,,,1006.514095,,53.552325,,,-12.404601
PALASHSECU,File 2 (custom),-11.542427,37.965973,,38.908826,0.163894,147696.4118,11924.10295,31.772702,,1.246067,,2.559111,0.349717,0.199999,,,516.063614,,47.696412,,,-12.292409
PALREDTEC,File 1 (vectorbt),-15.495307,44.367062,,49.17135,0.094507,125604.790113,5120.958023,39.630548,,1.290028,,1.310529,0.322602,0.606139,,,1566.39736,,25.60479,,,-16.432131
PALREDTEC,File 2 (custom),-15.380027,42.164759,,44.706467,0.054454,121208.831412,4241.766282,39.758262,,1.252945,,1.265126,0.236328,0.111275,,,773.973133,,21.208831,,,-16.315915
PANACEABIO,File 1 (vectorbt),-12.472365,49.239396,,58.282917,-0.083255,26149.861677,-3356.824469,87.810014,,0.912869,,0.601053,-0.22303,-0.35166,,,3138.754022,,-73.850138,,,-20.290248
PANACEABIO,File 2 (custom),-12.06823,44.878254,,51.274485,-0.05997,25070.953249,-3405.865761,87.751038,,0.908258,,0.563529,-0.195617,-0.130372,,,1436.854583,,-74.929047,,,-20.170178
PANACHE,File 1 (vectorbt),-9.373412,32.371407,,46.124068,0.263768,128630.520441,5726.104088,26.543583,,1.629604,,2.111699,0.502592,1.118914,,,929.792033,,28.63052,,,-13.992574
PANACHE,File 2 (custom),-9.264247,31.916296,,46.17779,0.168697,126835.120517,5367.024103,26.734315,,1.595186,,2.03424,0.400163,0.19927,,,476.895936,,26.835121,,,-13.878795
PANAMAPET,File 1 (vectorbt),-12.208648,35.57597,,39.641954,0.088177,145524.971041,6814.784124,48.140277,,1.1348,-2178.517825,1.508484,0.308805,0.48766,,,2495.866521,,45.524971,,,-15.889414
PANAMAPET,File 2 (custom),-11.548343,35.533046,,39.702152,0.074715,147886.293012,7157.080396,40.669409,,1.156161,-2213.26976,1.557828,0.276012,0.147422,,,1203.27064,,47.886293,,,-13.580504
PANSARI,File 1 (vectorbt),-14.948644,30.085389,,39.143638,0.197905,121787.066623,5446.766656,34.345697,,1.296105,,1.651228,0.464738,0.738027,,,842.32502,,21.787067,,,-15.969987
PANSARI,File 2 (custom),-12.977821,25.753411,,33.275633,0.125348,118338.033186,4584.508297,31.549396,,1.270126,,1.632648,0.349053,0.14741,,,428.919078,,18.338033,,,-13.813586
PAR,File 1 (vectorbt),-13.597239,16.923406,,16.923406,-0.235822,64595.268707,-7080.946259,48.545672,,0.694454,,0.323191,-0.78481,-1.074973,,,942.360213,,-35.404731,,,-22.183469
PAR,File 2 (custom),-12.828747,17.0063,,17.0063,-0.160845,66379.951062,-6724.009788,47.057179,,0.707959,,0.332826,-0.619901,-0.33188,,,462.68207,,-33.620049,,,-22.061508
PARACABLES,File 1 (vectorbt),-16.078055,40.088643,,51.06795,-0.03879,79543.770938,-2045.622906,47.83576,,0.989684,,0.799059,-0.017791,-0.02844,,,1652.353361,,-20.456229,,,-22.590125
PARACABLES,File 2 (custom),-15.571317,36.775355,,45.348912,-0.032744,75752.186404,-2424.78136,47.546213,,0.974186,,0.748738,-0.037722,-0.018991,,,786.115882,,-24.247814,,,-22.467757
PARADEEP,File 1 (vectorbt),-7.397023,,,-7.073916,-0.480587,85765.75891,-7117.120545,14.68088,,0.152696,,,-1.368907,-1.3908,,,370.327062,,-14.234241,,,-7.720129
PARADEEP,File 2 (custom),-7.289833,,,-6.967049,-0.335871,85609.361373,-7195.319314,14.836438,,0.151171,,,-1.142691,-0.219667,,,177.965903,,-14.390639,,,-7.612616
PARAGMILK,File 1 (vectorbt),-9.836628,24.198637,,24.198637,-0.049501,91038.114799,-2240.4713,30.456056,,0.959085,,0.729545,-0.07703,-0.121593,,,869.074248,,-8.961885,,,-10.418693
PARAGMILK,File 2 (custom),-9.727001,24.274263,,24.274263,-0.035334,90724.990108,-2318.752473,30.605126,,0.956512,,0.721455,-0.068177,-0.034459,,,429.040848,,-9.27501,,,-10.308485
PARAS,File 1 (vectorbt),-10.134216,26.765997,,26.765997,0.060211,102375.901529,791.967176,15.426536,,1.090385,,1.109693,0.135072,0.235953,,,610.003457,,2.375902,,,-10.146717
PARAS,File 2 (custom),-10.024291,22.960447,,22.960447,-0.016843,99048.111768,-317.296077,15.417059,,1.013255,,0.955399,0.018178,0.007819,,,298.255795,,-0.951888,,,-10.03678
PARASPETRO,File 1 (vectorbt),-31.182871,53.484262,,199.300599,0.004408,102725.108372,302.789819,84.977474,,1.241795,,1.011158,0.6093,0.96518,,,2058.542935,,2.725108,,,-63.072328
PARASPETRO,File 2 (custom),-30.661029,48.492389,,188.181675,-0.013488,88690.203872,-1256.644014,84.932978,,1.235054,,0.951621,0.492315,0.399744,,,981.737009,,-11.309796,,,-62.909518
PARKHOTELS,File 1 (vectorbt),,0.0,,,,,,,0.0,inf,,,inf,inf,,,,,,,,
PARKHOTELS,File 2 (custom),,,,,,,,0.0,100.0,,,,,,,,,,,,,
PARSVNATH,File 1 (vectorbt),-11.136544,38.094357,,48.429168,0.206011,272966.261028,17296.626103,40.396988,,1.646204,,3.093295,0.714801,1.269625,,,3084.444812,,172.966261,,,-15.754935
PARSVNATH,File 2 (custom),-10.441703,36.174553,,48.480587,0.139305,259166.728864,15916.672886,38.573055,,1.624119,,2.996708,0.575208,0.225161,,,1615.269969,,159.166729,,,-15.639396
PASUPTAC,File 1 (vectorbt),-10.541226,37.672752,,37.672752,0.122204,110159.806467,3386.602156,32.024878,,1.091089,,1.508946,0.273982,0.476007,,,547.185079,,10.159806,,,-11.54182
PASUPTAC,File 2 (custom),-10.430895,37.734917,,37.734917,0.080857,109818.615739,3272.871913,32.139086,,1.089744,,1.488463,0.224679,0.21367,,,278.336125,,9.818616,,,-11.430489
PATANJALI,File 1 (vectorbt),-8.713189,18.268647,,18.268647,0.193311,107957.308983,3978.654492,10.852775,,1.196793,,1.914162,0.304708,0.507271,,,390.556688,,7.957309,,,-8.713189
PATANJALI,File 2 (custom),-7.601942,18.350197,,18.350197,0.159616,108765.196223,4382.598112,9.933205,,1.219092,,2.126138,0.278457,0.139631,,,200.284546,,8.765196,,,-7.601942
PATELENG,File 1 (vectorbt),-14.550851,33.318378,,33.318378,-0.092461,37567.587321,-6936.934742,74.212042,,0.701318,,0.347743,-0.54897,-0.66129,,,1455.232387,,-62.432413,,,-22.585284
PATELENG,File 2 (custom),-13.518171,33.384893,,33.384893,-0.061059,40813.544215,-6576.272865,71.946083,,0.718515,,0.358781,-0.442826,-0.134164,,,726.957849,,-59.186456,,,-18.116877
PATINTLOG,File 1 (vectorbt),-16.165765,48.930162,,48.930162,-0.117371,36072.45607,-7103.060437,73.215362,,0.873242,,0.245296,-0.3049,-0.467633,,,1029.424389,,-63.927544,,,-23.809673
PATINTLOG,File 2 (custom),-15.987224,48.981081,,48.981081,-0.082207,36033.315351,-7107.409405,73.244371,,0.873011,,0.244893,-0.253889,-0.155212,,,484.529692,,-63.966685,,,-23.185354
PAVNAIND,File 1 (vectorbt),-13.318286,,,-13.318286,-0.675386,86695.018655,-13304.981345,14.249326,,0.276224,,,-1.598578,-1.659024,,,186.6819,,-13.304981,,,-13.318286
PAVNAIND,File 2 (custom),-13.205181,,,-13.205181,-0.47382,86637.529237,-13362.470763,14.305064,,0.275046,,,-1.33514,-0.333688,,,86.603593,,-13.362471,,,-13.205181
PAYTM,File 1 (vectorbt),-7.543409,23.17545,,23.17545,0.452315,113871.696988,6935.848494,12.028167,,1.275676,,2.840755,0.509421,0.869373,,,398.814222,,13.871697,,,-7.543409
PAYTM,File 2 (custom),-7.436073,23.252098,,23.252098,0.300415,113484.45082,6742.22541,12.069461,,1.269848,,2.77137,0.416023,0.250286,,,205.279535,,13.484451,,,-7.436073
PCBL,File 1 (vectorbt),-14.812732,33.535477,,41.132404,-0.013126,83405.779955,-1106.281336,72.006537,,1.014837,,0.86754,0.022786,0.032107,,,2205.30664,,-16.59422,,,-25.478751
PCBL,File 2 (custom),-13.479253,32.851419,,40.99701,-0.003773,93181.983637,-454.534424,67.539177,,1.03443,,0.942913,0.044501,0.015554,,,1197.394522,,-6.818016,,,-19.350062
PCJEWELLER,File 1 (vectorbt),-12.489954,30.160696,,37.135951,-0.003015,98721.533027,-142.051886,50.367288,,1.040502,,0.985431,0.08957,0.12942,,,1999.774004,,-1.278467,,,-13.827483
PCJEWELLER,File 2 (custom),-11.868562,30.230366,,37.198653,0.002111,101270.554834,141.172759,48.80761,,1.047362,,1.014856,0.08688,0.042596,,,1005.59052,,1.270555,,,-13.713869
PDMJEPAPER,File 1 (vectorbt),-13.107759,40.180181,,55.795914,0.267328,178424.069855,13070.678309,36.180826,,1.205114,,2.371338,0.50277,0.814005,,,1649.015567,,78.42407,,,-17.279695
PDMJEPAPER,File 2 (custom),-12.202778,40.239841,,55.839974,0.198471,182367.801729,13727.966955,34.456564,,1.211857,,2.510134,0.431236,0.304478,,,877.395347,,82.367802,,,-14.786374
PDSL,File 1 (vectorbt),-8.132132,,,-3.277024,-0.176176,55095.14563,-6414.979196,44.904854,,0.451837,,,-1.180134,-1.408918,,,1072.849235,,-44.904854,,,-11.243682
PDSL,File 2 (custom),-8.024208,,,-3.17395,-0.123455,54788.833113,-6458.738127,45.211167,,0.449189,,,-0.985704,-0.316254,,,512.359957,,-45.211167,,,-11.13265
PEARLPOLY,File 1 (vectorbt),-16.492782,56.426799,,86.654829,0.090263,213252.669645,8711.743819,55.23818,,1.184049,,1.370862,0.311898,0.543028,,,5609.023647,,113.25267,,,-24.466925
PEARLPOLY,File 2 (custom),-16.376506,56.149993,,85.066885,0.059932,208654.292213,8358.022478,55.335659,,1.180409,,1.360049,0.255001,0.138906,,,2815.698134,,108.654292,,,-24.342682
PEL,File 1 (vectorbt),-8.344752,28.795441,,29.497071,0.059502,126487.250751,2943.027861,34.646425,,1.147357,,1.563106,0.233195,0.348826,,,1665.748286,,26.487251,,,-11.629144
PEL,File 2 (custom),-7.950274,28.866474,,29.567404,0.043749,127518.944891,3057.660543,33.559686,,1.151508,,1.595113,0.200208,0.075778,,,852.234474,,27.518945,,,-11.517726
PENIND,File 1 (vectorbt),-12.161233,32.675233,,37.270055,0.237122,213753.197069,11375.319707,33.706477,,1.384053,,2.310868,0.517506,0.887667,,,2731.794554,,113.753197,,,-15.587098
PENIND,File 2 (custom),-12.049284,32.742391,,37.332623,0.158638,211490.433848,11149.043385,33.874353,,1.37898,,2.284045,0.425386,0.175793,,,1414.441059,,111.490434,,,-15.471726
PENINLAND,File 1 (vectorbt),-14.077846,37.271549,,46.640569,-0.048945,65515.600311,-2873.699974,65.93851,,0.94191,,0.75138,-0.12175,-0.182357,,,2495.912529,,-34.4844,,,-17.290108
PENINLAND,File 2 (custom),-13.324999,37.334115,,46.693775,-0.030499,69280.565163,-2559.952903,63.821932,,0.953373,,0.773872,-0.080827,-0.041254,,,1280.023505,,-30.719435,,,-16.260855
PERSISTENT,File 1 (vectorbt),-6.482285,25.082696,,32.001775,0.146298,142556.24917,3546.354097,23.86543,,1.252724,,1.552218,0.381142,0.639104,,,3373.859934,,42.556249,,,-7.313939
PERSISTENT,File 2 (custom),-6.376009,25.157438,,32.069605,0.097598,141191.576678,3432.63139,23.892995,,1.24647,,1.534837,0.309383,0.140357,,,1689.300888,,41.191577,,,-7.206832
PETRONET,File 1 (vectorbt),-9.123249,20.872657,,27.221452,0.047704,141638.321128,2449.313008,51.282496,,1.095003,,1.46493,0.240403,0.338366,,,3212.110191,,41.638321,,,-20.417004
PETRONET,File 2 (custom),-7.567609,20.951605,,27.294058,0.057214,164994.653623,3823.214919,42.461996,,1.122719,,1.78006,0.269691,0.172758,,,1848.702994,,64.994654,,,-14.248627
PFC,File 1 (vectorbt),-9.611057,30.695144,,39.979624,-0.081578,55772.369963,-3402.125387,56.298702,,0.923965,,0.407396,-0.207915,-0.276166,,,1728.854633,,-44.22763,,,-13.680547
PFC,File 2 (custom),-9.501656,30.764279,,40.039484,-0.057586,55130.773891,-3451.478931,56.543189,,0.921933,,0.400802,-0.17758,-0.090706,,,837.527636,,-44.869226,,,-13.56708
PFIZER,File 1 (vectorbt),-8.109551,20.38879,,37.308091,0.010558,113729.023314,457.63411,59.460016,,1.047286,,1.074953,0.114559,0.172859,,,6193.625561,,13.729023,,,-23.988451
PFIZER,File 2 (custom),-7.241508,19.390202,,26.590424,0.013051,122174.217874,739.140596,51.715198,,1.055299,,1.122239,0.115941,0.068775,,,3471.513177,,22.174218,,,-12.374409
PFOCUS,File 1 (vectorbt),-14.736137,30.610651,,45.248524,0.044295,139626.159288,3602.378117,59.803802,,1.139034,,1.362508,0.237564,0.360864,,,2378.17174,,39.626159,,,-27.08783
PFOCUS,File 2 (custom),-13.229188,30.679871,,45.303121,0.042605,153874.968857,4897.724442,55.343756,,1.166229,,1.529869,0.235956,0.103851,,,1296.913102,,53.874969,,,-18.606406
PFS,File 1 (vectorbt),-9.828555,25.132199,,29.036844,0.125914,129089.669445,4155.667064,21.302401,,1.251868,,1.569404,0.290924,0.574709,,,1653.576098,,29.089669,,,-14.647396
PFS,File 2 (custom),-9.44098,25.206893,,29.107637,0.088273,129839.057836,4262.722548,21.370808,,1.257889,,1.601707,0.247173,0.122254,,,840.067471,,29.839058,,,-13.421136
PGEL,File 1 (vectorbt),-12.456163,37.240728,,59.603254,0.445867,402196.583096,23245.891007,36.177361,,1.609301,,3.312007,0.859971,1.631579,,,4939.273825,,302.196583,,,-14.962804
PGEL,File 2 (custom),-12.343919,37.112826,,59.64351,0.293965,392806.611056,22523.585466,36.338511,,1.598834,,3.258288,0.704978,0.377344,,,2578.655204,,292.806611,,,-14.848056
PGHH,File 1 (vectorbt),-6.405742,17.477988,,19.761547,-0.016758,91812.637232,-545.824185,35.789041,,0.997838,,0.886496,-0.005651,-0.00842,,,2990.462307,,-8.187363,,,-8.432396
PGHH,File 2 (custom),-6.299543,17.560328,,19.841605,-0.014121,90072.615997,-661.8256,35.909165,,0.990854,,0.858966,-0.019898,-0.012001,,,1427.09144,,-9.927384,,,-8.324172
PGHL,File 1 (vectorbt),-7.126895,19.596089,,27.533478,0.348455,223518.693348,9501.43795,20.003421,,1.231993,,2.916847,0.54714,0.930869,,,3838.771272,,123.518693,,,-8.778249
PGHL,File 2 (custom),-6.936233,19.676313,,27.605772,0.238316,220738.320623,9287.563125,19.663589,,1.241822,,2.884221,0.457802,0.324138,,,1964.672872,,120.738321,,,-8.669679
PGIL,File 1 (vectorbt),-11.390602,34.561045,,42.773385,0.09135,149514.63259,7073.518941,36.042508,,1.191032,,1.813329,0.284616,0.463446,,,1766.181314,,49.514633,,,-13.928902
PGIL,File 2 (custom),-11.279069,32.883957,,38.975398,0.055516,142871.177515,6124.453931,36.090994,,1.174818,,1.721193,0.217391,0.091799,,,878.002502,,42.871178,,,-13.813776
PHOENIXLTD,File 1 (vectorbt),-11.525344,27.574984,,39.314427,0.088588,160395.524573,5490.502234,44.179352,,1.121024,,1.943124,0.319359,0.479085,,,2085.615131,,60.395525,,,-17.220059
PHOENIXLTD,File 2 (custom),-9.851125,27.507381,,38.675674,0.082376,175241.606748,6840.146068,38.812696,,1.139422,,2.30228,0.306338,0.200218,,,1136.114344,,75.241607,,,-11.440246
PIDILITIND,File 1 (vectorbt),-7.35709,22.262571,,35.19203,0.303852,512644.196421,14229.110221,31.437063,,1.353397,,2.06951,0.747393,1.197266,,,19634.305958,,412.644196,,,-14.03981
PIDILITIND,File 2 (custom),-7.11335,21.998392,,35.256673,0.199515,488950.08938,13412.072048,31.612921,,1.344105,,2.040382,0.611549,0.352417,,,9699.004155,,388.950089,,,-13.925984
PIGL,File 1 (vectorbt),-14.80151,33.242311,,33.242311,-0.246328,70231.687599,-5953.66248,49.683569,,0.692171,,0.527318,-0.600878,-0.751406,,,1020.3261,,-29.768312,,,-15.491703
PIGL,File 2 (custom),-11.434386,28.952527,,28.952527,-0.136311,78290.912702,-4341.81746,44.394759,,0.776796,,0.56925,-0.337958,-0.108265,,,500.40784,,-21.709087,,,-15.376426
PIIND,File 1 (vectorbt),-7.29559,23.610668,,27.360938,-0.042736,88348.155056,-896.295765,30.337673,,1.002018,,0.844156,0.005156,0.006901,,,2573.595294,,-11.651845,,,-11.227974
PIIND,File 2 (custom),-7.170347,23.686882,,27.433404,-0.031544,87612.536723,-952.881791,30.344605,,0.999639,,0.833619,-0.000767,-0.000367,,,1263.857135,,-12.387463,,,-11.116957
PILANIINVS,File 1 (vectorbt),-7.109009,21.504218,,24.078368,1.267953,187775.568435,14629.261406,8.079613,,2.153049,,6.0149,0.958515,2.423322,,,1548.732637,,87.775568,,,-8.087693
PILANIINVS,File 2 (custom),-7.002107,21.582535,,24.154114,0.837283,184874.937516,14145.822919,8.106839,,2.134258,,5.863494,0.791813,0.436314,,,802.12954,,84.874938,,,-7.979813
PILITA,File 1 (vectorbt),-14.938744,44.760119,,44.760119,-0.093442,75591.07561,-4881.784878,44.103387,,0.788651,,0.520034,-0.375326,-0.488071,,,777.598561,,-24.408924,,,-20.209837
PILITA,File 2 (custom),-14.82402,44.815204,,44.815204,-0.065775,75248.100619,-4950.379876,44.235409,,0.785365,,0.514883,-0.317468,-0.102692,,,375.956372,,-24.751899,,,-20.089848
PIONEEREMB,File 1 (vectorbt),-16.579115,34.715398,,45.276578,-0.002939,97931.214839,-258.598145,58.740459,,1.055976,,0.979567,0.093976,0.150786,,,1780.469377,,-2.068785,,,-19.598281
PIONEEREMB,File 2 (custom),-16.152701,34.780518,,45.331146,-0.001058,98914.418216,-135.697723,58.82911,,1.058391,,0.989215,0.081307,0.03685,,,897.570522,,-1.085582,,,-19.478902
PITTIENG,File 1 (vectorbt),-11.787767,37.821544,,52.331171,0.15542,246929.668916,10494.976351,49.587081,,1.16075,,1.958857,0.430453,0.748252,,,4579.936243,,146.929669,,,-16.065685
PITTIENG,File 2 (custom),-11.628924,37.88356,,52.378692,0.104549,244350.893221,10310.778087,49.706829,,1.159351,,1.942355,0.354866,0.306166,,,2351.05719,,144.350893,,,-15.949835
PIXTRANS,File 1 (vectorbt),-10.787263,33.381115,,33.381115,0.098001,106066.192415,2022.064138,28.291609,,1.079542,,1.296505,0.232301,0.387975,,,538.412676,,6.066192,,,-13.384465
PIXTRANS,File 2 (custom),-10.676686,27.294489,,27.294489,0.009538,100841.364686,280.454895,28.200235,,1.044682,,1.041177,0.11588,0.092066,,,264.628348,,0.841365,,,-13.271294
PKTEA,File 1 (vectorbt),-11.813343,57.756827,,57.756827,-0.016423,95317.11758,-936.576484,45.074743,,1.023007,,0.890286,0.043353,0.061956,,,857.841869,,-4.682882,,,-13.888379
PKTEA,File 2 (custom),-11.691071,49.813846,,49.813846,-0.024495,90128.89729,-1974.220542,45.130572,,0.994932,,0.766824,-0.008049,-0.003197,,,414.618244,,-9.871103,,,-13.774704
PLASTIBLEN,File 1 (vectorbt),-10.84472,31.023328,,40.531606,0.035958,116133.048884,1344.42074,35.490766,,1.073865,,1.156002,0.159813,0.237672,,,2697.177769,,16.133049,,,-18.970108
PLASTIBLEN,File 2 (custom),-10.434116,30.477153,,40.590915,0.025673,115877.683345,1323.140279,33.74637,,1.072126,,1.155399,0.131459,0.068133,,,1364.810542,,15.877683,,,-16.451601
PLATIND,File 1 (vectorbt),-11.292284,,,-11.292284,-0.399405,88718.996795,-11281.003205,31.583661,,0.923729,,,-0.298383,-0.400872,,,188.707904,,-11.281003,,,-11.292284
PLATIND,File 2 (custom),-11.181203,,,-11.181203,-0.282645,88681.205831,-11318.794169,31.557829,,0.922945,,,-0.251292,-0.19616,,,88.418624,,-11.318794,,,-11.181203
PLAZACABLE,File 1 (vectorbt),,0.0,,,,,,,0.0,inf,,,inf,inf,,,,,,,,
PLAZACABLE,File 2 (custom),,,,,,,,0.0,100.0,,,,,,,,,,,,,
PNB,File 1 (vectorbt),-7.913905,25.610192,,34.256189,-0.003528,97937.466557,-108.554392,37.569581,,1.029732,,0.979841,0.054702,0.077513,,,3355.999881,,-2.062533,,,-9.879037
PNB,File 2 (custom),-7.695317,23.743161,,34.321768,-0.011872,90470.84462,-501.534494,36.977303,,1.00715,,0.900437,0.011143,0.004243,,,1565.26189,,-9.529155,,,-9.769367
PNBGILTS,File 1 (vectorbt),-9.337954,31.068503,,37.946559,-0.029093,83669.895731,-1256.161867,36.920273,,1.000621,,0.82991,0.00104,0.001584,,,2612.810945,,-16.330104,,,-17.258573
PNBGILTS,File 2 (custom),-9.228825,28.941306,,38.00845,-0.027162,78500.048675,-1653.84241,37.081372,,0.98434,,0.768887,-0.022055,-0.009044,,,1241.58405,,-21.499951,,,-17.141532
PNBHOUSING,File 1 (vectorbt),-9.401823,27.131219,,31.996035,0.137378,125076.066679,3134.508335,28.303121,,1.2143,,1.361839,0.339644,0.573241,,,2185.554811,,25.076067,,,-13.196939
PNBHOUSING,File 2 (custom),-8.437303,27.203915,,32.063871,0.112785,129787.609196,3723.45115,27.631446,,1.249242,,1.468223,0.323734,0.160696,,,1111.11695,,29.787609,,,-10.287942
PNC,File 1 (vectorbt),-18.077158,66.533994,,71.673119,-0.073556,37005.510339,-5249.540805,81.304276,,0.932008,,0.686197,-0.140443,-0.209975,,,2522.804176,,-62.99449,,,-29.040477
PNC,File 2 (custom),-17.937774,64.801567,,71.701318,-0.05242,35931.649832,-5339.029181,81.818707,,0.928203,,0.675314,-0.123401,-0.059743,,,1209.136359,,-64.06835,,,-28.911665
PNCINFRA,File 1 (vectorbt),-9.784483,32.143833,,32.143833,-0.049066,87519.320122,-2496.135976,39.300069,,0.897551,,0.630241,-0.127127,-0.22003,,,801.41924,,-12.48068,,,-11.127576
PNCINFRA,File 2 (custom),-8.712508,32.211521,,32.211521,-0.026018,90882.936686,-1823.412663,36.874195,,0.932599,,0.706928,-0.069177,-0.031714,,,410.503452,,-9.117063,,,-9.967864
PNGJL,File 1 (vectorbt),,0.0,,,,,,,0.0,inf,,,inf,inf,,,,,,,,
PNGJL,File 2 (custom),,,,,,,,0.0,100.0,,,,,,,,,,,,,
POCL,File 1 (vectorbt),,34.028575,,43.774674,3.155038,178597.509048,39298.754524,14.194874,,1.775575,,,1.382576,3.421252,,,527.19307,,78.597509,,,24.282476
POCL,File 2 (custom),0.0,34.094381,,43.830743,2.041068,178023.284165,39011.642082,14.173364,,1.772107,,,1.150153,1.316987,,,302.096252,,78.023284,,,24.358018
PODDARMENT,File 1 (vectorbt),,26.406314,,26.406314,0.242717,126379.933908,26379.933908,16.857335,,1.284334,,,0.441807,0.88365,,,226.40654,,26.379934,,,26.406314
PODDARMENT,File 2 (custom),0.0,26.479734,,26.479734,0.165655,126208.527695,26208.527695,16.847003,,1.282952,,,0.36587,0.254789,,,126.264255,,26.208528,,,26.479734
POKARNA,File 1 (vectorbt),-13.049631,38.471364,,38.471364,0.101274,120385.990679,10192.995339,30.556623,,1.160168,,2.563751,0.27155,0.434608,,,394.333582,,20.385991,,,-13.049631
POKARNA,File 2 (custom),-12.936794,38.532731,,38.532731,0.068165,119963.087574,9981.543787,30.597634,,1.157981,,2.523785,0.222897,0.101011,,,206.523768,,19.963088,,,-12.936794
POLICYBZR,File 1 (vectorbt),-9.022939,28.578905,,28.578905,0.081097,106328.857783,2109.619261,31.143861,,1.08995,,1.310115,0.226026,0.320007,,,634.403221,,6.328858,,,-11.687904
POLICYBZR,File 2 (custom),-8.914124,28.650154,,28.650154,0.053762,106071.762647,2023.920882,31.023862,,1.087883,,1.296968,0.183916,0.097013,,,318.943876,,6.071763,,,-11.576427
POLYCAB,File 1 (vectorbt),-7.81816,19.586388,,31.049388,0.789951,227067.598675,14118.622075,27.256577,,1.301752,,3.214607,1.000469,1.508353,,,3542.278129,,127.067599,,,-11.844996
POLYCAB,File 2 (custom),-5.794964,19.666622,,31.11817,0.633577,237715.473773,15301.719308,24.109997,,1.322684,,4.138685,0.892902,0.745512,,,1852.065822,,137.715474,,,-6.085406
POLYMED,File 1 (vectorbt),-10.132908,24.665575,,26.45086,-0.027813,91546.646494,-845.335351,34.442997,,1.010191,,0.880673,0.020997,0.029656,,,1884.389125,,-8.453354,,,-12.749689
POLYMED,File 2 (custom),-10.022985,24.740735,,26.524236,-0.021254,90669.074377,-933.092562,34.550946,,1.007029,,0.868606,0.012049,0.005201,,,932.742173,,-9.330926,,,-12.637151
POLYPLEX,File 1 (vectorbt),-10.077268,26.544756,,36.697485,0.013194,113294.280413,633.060972,54.858684,,1.064926,,1.098191,0.122096,0.195575,,,3715.115946,,13.29428,,,-28.908308
POLYPLEX,File 2 (custom),-9.569598,26.372342,,36.760624,0.01269,118048.050041,859.430954,52.331782,,1.071889,,1.132933,0.113933,0.060275,,,1952.89072,,18.04805,,,-23.280465
PONNIERODE,File 1 (vectorbt),-13.291509,66.038433,,106.463204,0.044236,137276.341561,3256.061316,48.416126,,1.110645,1459.667088,1.198084,0.221809,0.359909,,,3522.358053,,37.276342,,,-16.437385
PONNIERODE,File 2 (custom),-12.436074,65.969548,,106.305815,0.037179,145135.943337,3963.202673,46.667279,,1.117019,1540.713929,1.249019,0.193997,0.107987,,,1754.290734,,45.135943,,,-15.383189
POONAWALLA,File 1 (vectorbt),-9.838006,35.192163,,41.233076,0.029999,117525.393653,1251.813832,38.198592,,1.06929,,1.178689,0.156488,0.240114,,,2698.918397,,17.525394,,,-14.964208
POONAWALLA,File 2 (custom),-9.270969,35.256806,,41.291684,0.026784,122007.281412,1571.948672,36.353593,,1.075102,,1.225335,0.140674,0.078822,,,1409.517779,,22.007281,,,-14.849458
POWERGRID,File 1 (vectorbt),-6.531,16.827352,,20.898198,0.075748,123717.267306,2371.726731,23.628312,,1.100467,,1.581072,0.226263,0.327954,,,2040.856378,,23.717267,,,-12.384764
POWERGRID,File 2 (custom),-6.424676,16.910342,,20.977121,0.049379,122466.284378,2246.628438,23.757379,,1.096603,,1.545393,0.181064,0.089353,,,1026.858106,,22.466284,,,-12.272592
POWERINDIA,File 1 (vectorbt),-9.661006,26.904509,,37.821738,1.699711,337283.195515,29660.399439,23.892431,,1.579391,,5.112788,1.53496,2.929399,,,3536.703971,,237.283196,,,-10.385186
POWERINDIA,File 2 (custom),-9.551555,26.977431,,37.883754,1.087647,330508.143841,28813.51798,23.935841,,1.574411,,5.103424,1.27041,1.290566,,,1840.148491,,230.508144,,,-10.275011
POWERMECH,File 1 (vectorbt),-9.343685,27.999403,,27.999403,-0.059027,86431.68227,-2713.663546,36.672583,,0.929128,,0.673365,-0.125572,-0.174004,,,1062.939465,,-13.568318,,,-11.040791
POWERMECH,File 2 (custom),-8.729025,28.071232,,28.071232,-0.03672,88175.772617,-2364.845477,35.27883,,0.941826,,0.70126,-0.084937,-0.030197,,,529.501923,,-11.824227,,,-10.929961
PPAP,File 1 (vectorbt),-11.350987,40.939439,,45.528996,0.031508,120189.618894,2018.961889,50.560375,,1.084659,,1.135404,0.176662,0.282572,,,3451.739746,,20.189619,,,-14.354749
PPAP,File 2 (custom),-11.239847,39.931775,,45.583313,0.017691,116275.318098,1627.53181,50.801245,,1.076503,,1.111229,0.133547,0.075609,,,1699.311821,,16.275318,,,-14.240608
PPL,File 1 (vectorbt),-11.069099,31.130295,,36.898312,-0.030425,94861.394576,-659.856318,42.005243,,1.006343,-519.6112,0.936359,0.015281,0.026235,,,1836.524286,,-5.138605,,,-13.849522
PPL,File 2 (custom),-10.958241,31.198996,,36.96125,-0.023513,94252.883748,-747.448359,42.164654,,1.002592,-514.977742,0.928058,0.005208,0.003965,,,864.954455,,-5.747116,,,-13.735886
PPLPHARMA,File 1 (vectorbt),-7.231277,17.985614,,17.985614,0.049743,101536.177289,512.059096,16.841213,,1.070651,,1.110288,0.12899,0.203609,,,560.24368,,1.536177,,,-7.737332
PPLPHARMA,File 2 (custom),-7.124253,18.067446,,18.067446,0.027406,101237.114159,412.371386,16.989173,,1.06292,,1.087847,0.09601,0.045789,,,280.555768,,1.237114,,,-7.629802
PRABHA,File 1 (vectorbt),,0.0,,,,,,,,,,,,,,,,,,,,
PRABHA,File 2 (custom),,,41.258178,,,100000.0,,0.0,100.0,,0.0,,,,100000.0,0.0,0.0,0.0,0.0,0.0,,
PRAENG,File 1 (vectorbt),-13.631959,32.925945,,53.507281,-0.028755,81835.237358,-1397.289434,56.087616,,1.021746,,0.811368,0.051355,0.080612,,,1877.593122,,-18.164763,,,-16.885483
PRAENG,File 2 (custom),-13.417987,29.790702,,53.553628,-0.030291,73582.078608,-2032.147799,56.228708,,1.005891,,0.719568,0.011647,0.007267,,,903.506728,,-26.417921,,,-16.768814
PRAJIND,File 1 (vectorbt),-12.666732,39.58515,,79.857702,0.110945,333287.931349,9331.517254,65.238395,,1.169213,,1.360122,0.401543,0.672427,,,15595.967123,,233.287931,,,-22.509258
PRAJIND,File 2 (custom),-11.292634,39.153014,,79.877724,0.094804,393856.673277,11754.266931,59.569528,,1.18731,,1.456837,0.368208,0.271062,,,8708.89449,,293.856673,,,-17.741078
PRAKASH,File 1 (vectorbt),-13.928543,69.858268,,112.939758,0.225556,620757.067179,37196.93337,53.991382,,1.360701,,1.713337,0.542989,1.02476,,,15270.814755,,520.757067,,,-17.926204
PRAKASH,File 2 (custom),-12.951762,69.88828,,112.926731,0.169982,663187.860699,40227.704336,50.40975,,1.373964,,1.788857,0.464344,0.263473,,,8253.544752,,563.187861,,,-15.138188
PRAKASHSTL,File 1 (vectorbt),-14.482997,,,-11.730266,-0.083871,73080.703017,-13459.648492,38.910043,,0.920084,,,-0.14568,-0.240243,,,349.617039,,-26.919297,,,-17.235727
PRAKASHSTL,File 2 (custom),-13.699575,,,-10.280441,-0.055677,74066.993267,-12966.503367,38.955287,,0.924721,,,-0.113627,-0.061659,,,163.746958,,-25.933007,,,-17.118709
PRAXIS,File 1 (vectorbt),-11.960519,26.324235,,26.324235,-0.103832,86186.008061,-3453.497985,28.91599,,0.907857,,0.622311,-0.142241,-0.224678,,,774.567185,,-13.813992,,,-13.462593
PRAXIS,File 2 (custom),-10.611548,26.397737,,26.397737,-0.060142,89429.782774,-2642.554307,26.09087,,0.938418,,0.681432,-0.077571,-0.040089,,,386.929251,,-10.570217,,,-13.349343
PRECAM,File 1 (vectorbt),-12.125288,43.741656,,56.513115,0.358054,200118.789354,16686.464892,32.164552,,1.367879,,2.459126,0.585155,1.137544,,,1984.8975,,100.118789,,,-14.341785
PRECAM,File 2 (custom),-12.013374,41.870059,,50.773361,0.225844,191450.029285,15241.671547,32.320719,,1.348047,,2.380943,0.462183,0.290865,,,1005.425621,,91.450029,,,-14.227658
PRECOT,File 1 (vectorbt),-11.295626,31.725074,,41.102648,0.107012,189311.061246,8119.187386,50.536328,,1.137065,,2.062466,0.332446,0.536493,,,2592.057546,,89.311061,,,-21.7986
PRECOT,File 2 (custom),-11.184541,31.346463,,41.161386,0.069937,184047.600482,7640.690953,50.569687,,1.133069,,2.004557,0.268746,0.18047,,,1322.093152,,84.0476,,,-21.677023
PRECWIRE,File 1 (vectorbt),-12.822535,30.660698,,39.457664,0.096481,213459.959281,7563.997285,43.095523,,1.199762,,1.713845,0.340364,0.557464,,,4304.923631,,113.459959,,,-22.608084
PRECWIRE,File 2 (custom),-11.867549,30.729869,,39.518046,0.081233,228433.295558,8562.219704,38.302955,,1.214988,,1.816067,0.305424,0.157224,,,2356.503337,,128.433296,,,-15.746692
PREMEXPLN,File 1 (vectorbt),-12.262615,,,-11.232672,-0.191231,67560.26578,-10813.24474,32.439734,,0.518122,,,-0.609713,-0.82775,,,496.901347,,-32.439734,,,-12.780348
PREMEXPLN,File 2 (custom),-11.886029,,,-11.12165,-0.132968,68009.975895,-10663.341368,31.990024,,0.52243,,,-0.499967,-0.129716,,,234.118788,,-31.990024,,,-12.667781
PREMIER,File 1 (vectorbt),-16.023916,,,-10.293354,-0.139832,24522.123698,-9434.734538,76.052076,,0.683881,,,-0.623551,-0.855742,,,829.339945,,-75.477876,,,-23.168753
PREMIER,File 2 (custom),-15.419717,,,-10.183271,-0.096796,25498.502785,-9312.687152,75.098559,,0.690481,,,-0.504225,-0.201846,,,377.387263,,-74.501497,,,-23.045807
PREMIERENE,File 1 (vectorbt),,0.0,,,19.876356,,,0.234972,,,2571.165455,,1.395718,14.658455,,,99.9001,,2.571165,,,
PREMIERENE,File 2 (custom),,,,,13.625377,,,0.234358,,,2564.423261,,1.165471,,,,0.0,,2.564423,,,
PREMIERPOL,File 1 (vectorbt),-18.408452,39.651843,,52.879984,0.15234,146571.899504,7761.983251,40.500449,,1.141997,,1.631596,0.345804,0.632908,,,1459.417463,,46.5719,,,-22.286383
PREMIERPOL,File 2 (custom),-17.822357,38.628481,,52.926957,0.102634,144568.043965,7428.007328,39.607691,,1.138921,,1.627652,0.281472,0.242474,,,743.042148,,44.568044,,,-22.164319
PRESTIGE,File 1 (vectorbt),-12.222778,27.107057,,36.24371,0.413796,282676.508381,20297.38982,26.640084,,1.212168,,3.455561,0.607283,0.98215,,,3230.351016,,182.676508,,,-15.183806
PRESTIGE,File 2 (custom),-12.110767,27.179777,,36.307303,0.278134,279709.405459,19967.711718,26.634727,,1.210279,,3.420151,0.500934,0.398718,,,1695.104487,,179.709405,,,-15.068837
PRICOLLTD,File 1 (vectorbt),-10.827682,28.105676,,34.37259,0.362459,166767.650393,13353.530079,25.983893,,1.700214,,3.428065,0.677892,1.309531,,,1250.235289,,66.76765,,,-11.587544
PRICOLLTD,File 2 (custom),-10.717065,28.177399,,34.438052,0.242695,165798.115714,13159.623143,26.106442,,1.691878,,3.38035,0.558471,0.209848,,,656.479812,,65.798116,,,-11.476168
PRIMESECU,File 1 (vectorbt),-14.225748,38.593394,,39.35705,-0.056034,56045.983465,-4395.401654,76.541182,,0.967655,,0.415933,-0.076894,-0.113556,,,1143.878815,,-43.954017,,,-19.866934
PRIMESECU,File 2 (custom),-14.046941,37.652931,,37.891746,-0.040145,55058.114063,-4494.188594,76.505243,,0.965097,,0.401621,-0.069001,-0.0374,,,546.509759,,-44.941886,,,-19.747286
PRINCEPIPE,File 1 (vectorbt),-10.554292,16.748562,,16.748562,-0.145055,83506.380468,-4123.404883,32.416132,,0.867537,,0.420525,-0.325828,-0.43087,,,658.661398,,-16.49362,,,-12.238314
PRINCEPIPE,File 2 (custom),-8.818089,16.831631,,16.831631,-0.082578,87774.943386,-3056.264153,28.782599,,0.901847,,0.503903,-0.211948,-0.119059,,,336.866175,,-12.225057,,,-12.126288
PRITI,File 1 (vectorbt),-12.428455,,,-12.428455,-0.263012,87583.961078,-12416.038922,18.613964,,0.601614,,,-0.607154,-0.759748,,,187.571733,,-12.416039,,,-12.428455
PRITI,File 2 (custom),-12.316239,,,-12.316239,-0.183453,87518.431841,-12481.568159,18.670311,,0.600024,,,-0.507353,-0.14391,,,87.527002,,-12.481568,,,-12.316239
PRITIKAUTO,File 1 (vectorbt),-14.402002,,,-14.402002,-0.39741,85612.385269,-14387.614731,14.387615,,0.12833,,,-1.294168,-1.305631,,,185.598183,,-14.387615,,,-14.402002
PRITIKAUTO,File 2 (custom),-12.557947,,,-12.557947,-0.274975,87269.525101,-12730.474899,12.730475,,0.143483,,,-1.084237,-0.182901,,,87.339731,,-12.730475,,,-12.557947
PRIVISCL,File 1 (vectorbt),-10.824204,26.618648,,31.586192,0.186584,143015.638799,7169.273133,28.622841,,1.448376,,2.104684,0.445409,0.610535,,,1437.247522,,43.015639,,,-18.091825
PRIVISCL,File 2 (custom),-7.245858,26.110942,,31.654437,0.238139,157571.207108,9595.201185,19.614565,,1.585622,,2.859779,0.509747,0.155354,,,816.870874,,57.571207,,,-7.671399
PROTEAN,File 1 (vectorbt),,0.0,,,,,,,0.0,inf,,,inf,inf,,,,,,,,
PROTEAN,File 2 (custom),,,,,,,,0.0,100.0,,,,,,,,,,,,,
PROZONER,File 1 (vectorbt),-12.340548,,,-9.21877,-0.19136,39700.926883,-8614.153302,62.369923,,0.5351,,,-1.010605,-1.248831,,,918.635445,,-60.299073,,,-16.834345
PROZONER,File 2 (custom),-11.817391,,,-6.232559,-0.133214,40722.459241,-8468.220108,61.401508,,0.542141,,,-0.823412,-0.297926,,,429.528579,,-59.277541,,,-16.717728
PRSMJOHNSN,File 1 (vectorbt),-14.245994,24.030078,,30.856884,-0.088648,19672.277501,-4016.386125,86.520871,,0.888522,,0.15584,-0.261749,-0.368532,,,1291.705245,,-80.327722,,,-23.812936
PRSMJOHNSN,File 2 (custom),-13.269491,24.069208,,30.925858,-0.058026,22753.531135,-3862.323443,84.319563,,0.899174,,0.174421,-0.197769,-0.100494,,,629.745137,,-77.246469,,,-22.157941
PRUDENT,File 1 (vectorbt),-9.127211,34.042119,,34.042119,1.010933,121789.126611,10894.563306,9.675434,,1.590315,,2.783219,0.709396,1.344255,,,489.827627,,21.789127,,,-9.127211
PRUDENT,File 2 (custom),-9.018293,34.107911,,34.107911,0.682225,121532.706017,10766.353008,9.647111,,1.585409,,2.765517,0.586574,0.2721,,,254.025717,,21.532706,,,-9.018293
PRUDMOULI,File 1 (vectorbt),-7.749805,,,-7.749805,-0.404866,92257.93703,-7742.06297,18.728362,,0.84198,,,-0.427749,-0.577161,,,192.250387,,-7.742063,,,-7.749805
PRUDMOULI,File 2 (custom),-7.642263,,,-7.642263,-0.284901,92177.314133,-7822.685867,18.794309,,0.840266,,,-0.360401,-0.205771,,,92.217047,,-7.822686,,,-7.642263
PSB,File 1 (vectorbt),-9.951199,20.49265,,23.397736,-0.073065,83705.125147,-1629.487485,24.575881,,0.967097,,0.757119,-0.061963,-0.09021,,,1833.010772,,-16.294875,,,-14.182507
PSB,File 2 (custom),-9.410783,20.482469,,23.474162,-0.044447,85507.634814,-1449.236519,24.63874,,0.974815,,0.780682,-0.039208,-0.016408,,,933.378906,,-14.492365,,,-14.068539
PSPPROJECT,File 1 (vectorbt),-8.245004,26.289478,,33.347362,0.104248,112619.918943,2103.319824,21.001474,,1.082975,,1.37444,0.211358,0.345929,,,1180.955291,,12.619919,,,-10.772751
PSPPROJECT,File 2 (custom),-8.11289,26.363015,,33.413848,0.068701,112061.22706,2010.20451,21.003773,,1.080807,,1.356893,0.171383,0.122687,,,593.955944,,12.061227,,,-10.662189
PTC,File 1 (vectorbt),-8.471577,28.352644,,35.09916,-0.00814,93168.706488,-426.955844,60.29981,,1.024273,,0.959575,0.051485,0.080379,,,5113.455058,,-6.831294,,,-13.35329
PTC,File 2 (custom),-7.992416,28.42412,,35.163896,-0.002987,96293.942384,-231.628601,60.651918,,1.030576,,0.977725,0.053806,0.029687,,,2632.489796,,-3.706058,,,-13.240149
PTCIL,File 1 (vectorbt),-10.047791,34.150112,,34.150112,0.204101,109393.216558,-591.697114,32.580602,,1.123047,11760.005015,0.929032,0.35308,0.633064,,,940.454564,,9.393217,,,-11.275142
PTCIL,File 2 (custom),-9.937954,34.215796,,34.215796,0.153131,109598.472827,-392.588658,30.314989,,1.125562,11168.82746,0.949311,0.297025,0.288364,,,391.494915,,9.598473,,,-11.164078
PTL,File 1 (vectorbt),-12.464051,25.621144,,25.621144,-0.093057,49342.189802,-6332.226275,64.79273,,0.726288,,0.165624,-0.507484,-0.688584,,,978.351354,,-50.65781,,,-17.31531
PTL,File 2 (custom),-11.419173,25.695348,,25.695348,-0.061096,52872.682955,-5890.914631,62.188369,,0.746786,,0.185304,-0.391295,-0.148605,,,488.495291,,-47.127317,,,-14.824193
PUNJABCHEM,File 1 (vectorbt),-17.508523,34.84314,,45.427102,-0.034508,72043.445391,-3106.283845,76.594033,,1.020155,,0.673791,0.060722,0.093311,,,1230.873988,,-27.956555,,,-41.681487
PUNJABCHEM,File 2 (custom),-16.564228,34.02366,,42.828105,-0.02212,74265.424917,-2859.397231,75.227773,,1.02254,,0.694263,0.056392,0.042309,,,619.680162,,-25.734575,,,-41.540047
PURVA,File 1 (vectorbt),-12.672955,31.604472,,41.355922,0.065434,131981.327756,3198.132776,35.56243,,1.124356,,1.312019,0.217465,0.372264,,,2462.718371,,31.981328,,,-16.183078
PURVA,File 2 (custom),-12.560494,31.672699,,41.414408,0.043355,130689.66632,3068.966632,35.605539,,1.121435,,1.299523,0.17688,0.098615,,,1240.634287,,30.689666,,,-16.067111
PVP,File 1 (vectorbt),-15.010104,42.614286,,42.614286,-0.108631,53355.618576,-6663.483061,56.956341,,0.840136,,0.434526,-0.308594,-0.443939,,,1156.054364,,-46.644381,,,-19.382315
PVP,File 2 (custom),-14.782236,40.078974,,40.078974,-0.077486,52484.226778,-6787.967603,57.09857,,0.834525,,0.415314,-0.265687,-0.120588,,,549.296828,,-47.515773,,,-19.263152
PVRINOX,File 1 (vectorbt),-7.861273,24.554619,,31.223809,-0.068499,71818.534086,-1878.764394,36.950378,,0.950895,,0.669996,-0.116461,-0.166478,,,2599.624235,,-28.181466,,,-13.521114
PVRINOX,File 2 (custom),-7.728472,24.629889,,31.292416,-0.048144,71358.411225,-1909.439252,37.14181,,0.948826,,0.663805,-0.100946,-0.051189,,,1273.340108,,-28.641589,,,-13.106041
PVSL,File 1 (vectorbt),,0.0,,,,,,,0.0,inf,,,inf,inf,,,,,,,,
PVSL,File 2 (custom),,,,,,,,0.0,100.0,,,,,,,,,,,,,
PYRAMID,File 1 (vectorbt),-9.131085,,,-9.131085,-0.811344,90878.036857,-9121.963143,9.122917,,0.587184,,,-1.032683,-1.242042,,,190.869106,,-9.121963,,,-9.131085
PYRAMID,File 2 (custom),-9.022163,,,-9.022163,-0.566885,90812.335502,-9187.664498,9.188616,,0.584835,,,-0.867403,-0.348897,,,90.726264,,-9.187664,,,-9.022163
QPOWER,File 1 (vectorbt),,0.0,,,,,,,0.0,inf,,,inf,inf,,,,,,,,
QPOWER,File 2 (custom),,,,,,,,0.0,100.0,,,,,,,,,,,,,
QUADFUTURE,File 1 (vectorbt),,0.0,,,,,,,0.0,inf,,,inf,inf,,,,,,,,
QUADFUTURE,File 2 (custom),,,,,,,,0.0,100.0,,,,,,,,,,,,,
QUESS,File 1 (vectorbt),-8.599144,23.582434,,26.044694,-0.010748,97321.285922,-382.67344,41.461821,,1.018437,,0.93204,0.046632,0.069796,,,1237.524573,,-2.678714,,,-10.37925
QUESS,File 2 (custom),-8.490754,23.658675,,26.118476,-0.009146,96703.414764,-470.940748,41.542813,,1.015567,,0.916751,0.032431,0.019215,,,614.232676,,-3.296585,,,-10.269081
QUICKHEAL,File 1 (vectorbt),-10.83027,25.602548,,27.024102,0.09353,125384.36523,6346.091307,38.821948,,1.16109,,2.239499,0.290645,0.484279,,,762.669816,,25.384365,,,-11.891387
QUICKHEAL,File 2 (custom),-10.71965,25.676771,,27.096905,0.062881,124865.784599,6216.44615,38.911395,,1.158898,,2.206545,0.238549,0.124988,,,393.255127,,24.865785,,,-11.779707
RACE,File 1 (vectorbt),-7.417026,,,-6.974247,-0.586189,85727.834073,-7136.082963,17.104212,,0.476574,,,-1.392006,-1.665881,,,370.010024,,-14.272166,,,-7.859806
RACE,File 2 (custom),-7.309817,,,-6.867479,-0.412373,85585.035014,-7207.482493,17.237006,,0.473591,,,-1.163386,-0.466528,,,177.634133,,-14.414965,,,-7.752154
RACLGEAR,File 1 (vectorbt),,0.0,,,,,,,0.0,inf,,,inf,inf,,,,,,,,
RACLGEAR,File 2 (custom),,,,,,,,0.0,100.0,,,,,,,,,,,,,
RADAAN,File 1 (vectorbt),-13.257507,37.003823,,38.58948,-0.045076,69115.846587,-3431.572601,63.806998,,0.776077,,0.510961,-0.257421,-0.330754,,,1048.57077,,-30.884153,,,-17.784615
RADAAN,File 2 (custom),-12.340782,33.875031,,34.644519,-0.031665,69659.894199,-3371.122867,61.668292,,0.769744,,0.502421,-0.218743,-0.044409,,,517.017023,,-30.340106,,,-17.667048
RADHIKAJWE,File 1 (vectorbt),-14.653523,38.031837,,38.031837,0.458889,117793.083952,8896.541976,18.593856,,1.458619,,1.880813,0.50598,1.146868,,,493.799056,,17.793084,,,-14.653523
RADHIKAJWE,File 2 (custom),-14.539084,38.093643,,38.093643,0.307737,117549.670729,8774.835364,18.653507,,1.453083,,1.8661,0.416833,0.298369,,,255.541974,,17.549671,,,-14.539084
RADIANTCMS,File 1 (vectorbt),,0.0,,,,,,,0.0,inf,,,inf,inf,,,,,,,,
RADIANTCMS,File 2 (custom),,,,,,,,0.0,100.0,,,,,,,,,,,,,
RADICO,File 1 (vectorbt),-11.707053,43.590437,,82.963805,0.227886,955697.998556,35654.083273,54.952745,,1.22461,,1.681768,0.525858,0.891086,,,35298.64191,,855.697999,,,-21.685557
RADICO,File 2 (custom),-11.344091,42.532988,,82.980724,0.149414,894352.147903,33098.006163,55.065263,,1.219431,,1.668841,0.429388,0.301154,,,17136.905643,,794.352148,,,-18.535116
RADIOCITY,File 1 (vectorbt),-6.243956,,,-6.243956,-0.144692,93762.2815,-6237.7185,7.907151,,0.408329,,,-0.645213,-0.802394,,,193.756238,,-6.237718,,,-6.243956
RADIOCITY,File 2 (custom),-6.137918,,,-6.137918,-0.100427,93677.033584,-6322.966416,7.990237,,0.404844,,,-0.540725,-0.116608,,,93.731424,,-6.322966,,,-6.137918
RAILTEL,File 1 (vectorbt),-11.426706,40.761642,,40.761642,0.405447,124657.218823,12328.609411,19.202066,,1.577986,,3.160017,0.638653,1.206186,,,401.851696,,24.657219,,,-11.426706
RAILTEL,File 2 (custom),-11.315491,40.820722,,40.820722,0.272031,124290.781215,12145.390607,19.261309,,1.570028,,3.114945,0.526604,0.219515,,,212.689479,,24.290781,,,-11.315491
RAIN,File 1 (vectorbt),-9.688108,33.889877,,35.991182,0.217595,174142.761457,7414.276146,32.926416,,1.255659,,1.691069,0.490878,0.849927,,,3430.744792,,74.142761,,,-12.193504
RAIN,File 2 (custom),-9.57863,33.897902,,35.823352,0.14435,172062.977776,7206.297778,33.147548,,1.250606,,1.671682,0.400872,0.24267,,,1739.145005,,72.062978,,,-12.081522
RAINBOW,File 1 (vectorbt),,0.0,,,,,,,0.0,inf,,,inf,inf,,,,,,,,
RAINBOW,File 2 (custom),,,,,,,,0.0,100.0,,,,,,,,,,,,,
RAJESHEXPO,File 1 (vectorbt),-7.96556,25.972995,,38.902386,0.142808,238464.887672,11538.740639,40.72659,,1.361394,,2.486157,0.540476,0.933424,,,4228.154535,,138.464888,,,-12.332707
RAJESHEXPO,File 2 (custom),-7.857802,26.046848,,38.963322,0.095666,235345.950567,11278.829214,40.96296,,1.356078,,2.448499,0.444234,0.207675,,,2166.750764,,135.345951,,,-12.220587
RAJMET,File 1 (vectorbt),-8.681393,14.093021,,14.093021,-0.248238,79136.754773,-4172.649045,30.629831,,0.576302,,0.402921,-0.876792,-1.084523,,,1008.638959,,-20.863245,,,-12.641563
RAJMET,File 2 (custom),-8.57292,14.178742,,14.178742,-0.175448,78765.209235,-4246.958153,30.877458,,0.570381,,0.39648,-0.740612,-0.249652,,,492.955766,,-21.234791,,,-12.529134
RAJRATAN,File 1 (vectorbt),,0.0,,,,,,,0.0,inf,,,inf,inf,,,,,,,,
RAJRATAN,File 2 (custom),,,,,,,,0.0,100.0,,,,,,,,,,,,,
RAJRILTD,File 1 (vectorbt),-5.865552,,,-5.865552,-0.500124,94140.307913,-5859.692087,5.859692,,0.306867,,,-1.016261,-1.102186,,,194.134642,,-5.859692,,,-5.865552
RAJRILTD,File 2 (custom),-5.759892,,,-5.759892,-0.346984,94052.214298,-5947.785702,5.947786,,0.303572,,,-0.854676,-0.176815,,,94.139661,,-5.947786,,,-5.759892
RAJSREESUG,File 1 (vectorbt),-14.048027,64.163483,,84.636903,-0.039504,58541.724942,-2591.142191,75.619068,,0.992106,,0.827182,-0.016427,-0.024135,,,4110.689064,,-41.458275,,,-26.62746
RAJSREESUG,File 2 (custom),-13.092681,64.199184,,84.652151,-0.021455,66043.460787,-2122.283701,75.005823,,1.002843,,0.865763,0.00498,0.002512,,,2263.975734,,-33.956539,,,-19.892295
RAJTV,File 1 (vectorbt),-14.11431,27.590227,,35.135791,-0.036542,82769.446194,-1914.505978,43.627958,,0.96367,,0.798119,-0.054443,-0.083448,,,1685.534721,,-17.230554,,,-19.251732
RAJTV,File 2 (custom),-12.459641,27.662465,,35.200491,-0.013477,91500.965133,-944.337207,38.567407,,1.003716,,0.888398,0.004564,0.001783,,,843.412057,,-8.499035,,,-15.580979
RALLIS,File 1 (vectorbt),-10.95782,33.902612,,52.567814,0.094352,293416.873833,6669.547374,65.924143,,1.161077,,1.286794,0.386978,0.627581,,,18475.657286,,193.416874,,,-21.756843
RALLIS,File 2 (custom),-10.035677,33.843789,,52.615099,0.076253,334267.170609,8078.178297,62.704635,,1.176229,,1.35431,0.352675,0.247994,,,9885.068425,,234.267171,,,-17.242974
RAMANEWS,File 1 (vectorbt),-15.936232,31.923772,,37.504783,0.052029,136083.171359,6013.861893,48.331777,,1.132566,,1.733,0.229817,0.394881,,,1197.390669,,36.083171,,,-17.525588
RAMANEWS,File 2 (custom),-15.555563,30.862233,,37.567116,0.032945,132877.402314,5479.567052,48.401779,,1.125754,,1.672869,0.181691,0.097848,,,617.199459,,32.877402,,,-16.635591
RAMAPHO,File 1 (vectorbt),,0.0,,,,,,,0.0,inf,,,inf,inf,,,,,,,,
RAMAPHO,File 2 (custom),,,,,,,,0.0,100.0,,,,,,,,,,,,,
RAMASTEEL,File 1 (vectorbt),-11.508237,33.781372,,38.414313,0.24246,173454.883763,8161.653751,35.494166,,1.425782,,2.065246,0.574504,1.047799,,,2090.769601,,73.454884,,,-12.969306
RAMASTEEL,File 2 (custom),-11.34051,33.036411,,38.475737,0.155136,168258.074418,7584.230491,35.662521,,1.404613,,2.004936,0.456804,0.220938,,,1058.564972,,68.258074,,,-12.856549
RAMCOCEM,File 1 (vectorbt),-7.516594,19.70318,,33.454646,0.02535,113663.304468,759.07247,40.212903,,1.050868,,1.144273,0.142538,0.225508,,,3663.383714,,13.663304,,,-13.767489
RAMCOCEM,File 2 (custom),-7.223557,19.783297,,33.521025,0.018941,114392.748349,799.597131,38.958123,,1.051861,,1.152214,0.120978,0.090065,,,1861.97447,,14.392748,,,-11.97701
RAMCOIND,File 1 (vectorbt),-10.917801,27.408954,,34.515925,0.250351,268053.475906,16805.347591,23.311572,,1.333096,,3.569558,0.506044,0.895301,,,3124.497333,,168.053476,,,-12.71261
RAMCOIND,File 2 (custom),-10.807094,27.481372,,34.581244,0.168897,265044.162092,16504.416209,23.370215,,1.329493,,3.51863,0.416747,0.213465,,,1635.603891,,165.044162,,,-12.60011
RAMCOSYS,File 1 (vectorbt),-11.687235,34.729469,,37.44314,0.099849,187044.255067,7110.490166,37.670116,,1.156483,1718.37307,1.953302,0.286151,0.495125,,,2877.095111,,87.044255,,,-15.178479
RAMCOSYS,File 2 (custom),-11.575759,34.794574,,37.505535,0.066953,184402.495332,6892.528689,37.677214,,1.153989,1692.151067,1.924745,0.234446,0.135587,,,1375.628035,,84.402495,,,-15.063516
RAMKY,File 1 (vectorbt),-13.771396,38.827556,,47.319368,0.386107,281317.508254,20146.389806,28.304269,,1.592009,,3.531647,0.760517,1.496341,,,2638.640583,,181.317508,,,-17.184665
RAMKY,File 2 (custom),-13.24183,38.064363,,47.371896,0.256017,275632.003994,19514.66711,28.402425,,1.58451,,3.557952,0.628354,0.329728,,,1390.556043,,175.632004,,,-17.067698
RAMRAT,File 1 (vectorbt),-11.913329,32.320418,,32.320418,0.052429,102587.209591,862.403197,24.823884,,1.064784,,1.115235,0.160576,0.279154,,,528.774317,,2.58721,,,-14.470771
RAMRAT,File 2 (custom),-11.801627,32.38793,,32.38793,0.030662,102202.365699,734.1219,24.926786,,1.060521,,1.097588,0.125161,0.100304,,,264.862931,,2.202366,,,-14.356515
RANASUG,File 1 (vectorbt),-14.928181,,,-10.179598,-0.120791,27305.284935,-9086.839383,74.464072,,0.64476,,,-0.693669,-0.89468,,,876.930388,,-72.694715,,,-20.862922
RANASUG,File 2 (custom),-13.590959,,,-8.838226,-0.080969,30393.143781,-8700.857027,71.575846,,0.664237,,,-0.549792,-0.208754,,,431.349391,,-69.606856,,,-20.74228
RANEHOLDIN,File 1 (vectorbt),-10.1203,29.533777,,34.160426,0.077677,139036.844423,2788.34603,32.363536,,1.12847,,1.37109,0.23701,0.396359,,,3120.876658,,39.036844,,,-13.256996
RANEHOLDIN,File 2 (custom),-10.01039,29.604073,,34.2261,0.051019,136991.089009,2642.220644,32.351632,,1.124273,,1.352554,0.191205,0.103344,,,1562.77203,,36.991089,,,-13.143952
RATEGAIN,File 1 (vectorbt),-11.281067,,,-11.281067,-0.369159,,-11269.797235,13.179743,,0.467926,,,-0.723635,-0.832305,,,188.719122,,-11.269797,,,-11.281067
RATEGAIN,File 2 (custom),-11.169997,,,-11.169997,-0.25709,,-11274.727619,13.172585,,0.46602,,,-0.605659,-0.114534,,,88.172316,,-11.274728,,,-11.169997
RATNAMANI,File 1 (vectorbt),-11.234175,29.113461,,45.767393,0.587618,531407.949104,39133.644765,23.496612,,1.555058,937.856687,6.051555,0.869966,1.685242,,,6239.955961,,431.407949,,,-17.501583
RATNAMANI,File 2 (custom),-9.959929,28.501885,,44.482421,0.454685,524761.942019,38530.555476,20.380355,,1.556726,925.831777,6.811182,0.725012,0.455672,,,3006.688524,,424.761942,,,-13.894631
RATNAVEER,File 1 (vectorbt),,16.434003,,16.434003,66.495484,116417.585145,16417.585145,0.1997,,78.743127,,,1.726669,70.409042,,,216.434219,,16.417585,,,16.434003
RATNAVEER,File 2 (custom),0.0,14.901136,,14.901136,40.36792,114645.795981,14645.795981,0.19935,,70.893437,,,1.426852,,,,114.58475,,14.645796,,,14.901136
RAYMOND,File 1 (vectorbt),-9.768684,27.720685,,33.546244,0.22236,408713.834466,15435.691723,36.749249,,1.290438,,2.578738,0.581648,0.928695,,,8085.418642,,308.713834,,,-13.924836
RAYMOND,File 2 (custom),-9.530997,27.792792,,33.612531,0.153326,405665.626136,15283.281307,36.147557,,1.289314,,2.574149,0.481649,0.257425,,,4184.925115,,305.665626,,,-13.811125
RAYMONDLSL,File 1 (vectorbt),,0.0,,,,,,,0.0,inf,,,inf,inf,,,,,,,,
RAYMONDLSL,File 2 (custom),,,,,,,,0.0,100.0,,,,,,,,,,,,,
RBA,File 1 (vectorbt),-7.939831,,,-7.939831,-0.150041,92939.208181,-7931.898664,15.647294,,0.833701,871.106845,,-0.257394,-0.337198,,,284.036487,,-7.060792,,,-7.939831
RBA,File 2 (custom),-7.832098,,,-7.832098,-0.104749,92854.115339,-8015.936888,15.723597,,0.831743,870.052227,,-0.216817,-0.060268,,,92.072228,,-7.145885,,,-7.832098
RBLBANK,File 1 (vectorbt),-7.852466,21.208708,,29.573467,0.149307,131025.752729,3102.575273,30.940544,,1.151693,,1.598012,0.355574,0.535446,,,2097.815085,,31.025753,,,-10.186338
RBLBANK,File 2 (custom),-7.744822,21.287321,,29.643723,0.097975,129644.715778,2964.471578,31.038796,,1.146993,,1.569692,0.286904,0.159595,,,1056.414337,,29.644716,,,-10.076362
RBZJEWEL,File 1 (vectorbt),,18.539276,,18.539276,6.571536,118520.754804,18520.754804,2.752722,,4.533434,,,1.886545,6.489599,,,218.539494,,18.520755,,,18.539276
RBZJEWEL,File 2 (custom),0.0,18.620555,,18.620555,4.38714,118359.260074,18359.260074,2.749241,,4.509361,,,1.567235,1.1156,,,118.345472,,18.35926,,,18.620555
RCF,File 1 (vectorbt),-11.932323,30.621697,,49.112442,0.020855,118741.850335,1102.461784,46.290972,,1.07888,,1.144082,0.13885,0.225235,,,3249.265333,,18.74185,,,-22.477622
RCF,File 2 (custom),-11.74801,30.690906,,49.163179,0.013914,117912.648561,1053.685209,45.873715,,1.077188,,1.137534,0.113277,0.055237,,,1635.161299,,17.912649,,,-21.69594
RECLTD,File 1 (vectorbt),-9.148904,22.326372,,26.661179,-0.090611,52262.208488,-2983.61197,59.562201,,0.922542,,0.441433,-0.229591,-0.321189,,,2127.350532,,-47.737792,,,-15.768424
RECLTD,File 2 (custom),-8.956286,22.403869,,26.734344,-0.063342,52136.426039,-2991.473373,59.54527,,0.921705,,0.438427,-0.193132,-0.120951,,,1038.189234,,-47.863574,,,-15.652871
REDINGTON,File 1 (vectorbt),-9.766683,30.579928,,45.222336,0.042745,133799.714267,2253.314284,55.447903,,1.107169,,1.284818,0.217556,0.333267,,,3416.898707,,33.799714,,,-15.486787
REDINGTON,File 2 (custom),-9.4963,30.649179,,45.276959,0.030141,134245.032489,2283.002166,54.714853,,1.107733,,1.289238,0.182035,0.091473,,,1739.951285,,34.245032,,,-14.2132
REDTAPE,File 1 (vectorbt),-9.161332,34.231849,,41.173393,2.000501,148226.643392,12056.660848,18.094033,,1.534599,,2.536734,1.710338,2.858408,,,1218.873784,,48.226643,,,-9.93396
REDTAPE,File 2 (custom),-9.05238,34.297452,,41.232061,1.287606,147583.91982,11895.979955,18.237954,,1.527946,,2.507668,1.409841,1.326813,,,632.186951,,47.58392,,,-9.824236
REFEX,File 1 (vectorbt),-13.495685,43.9534,,58.119764,-0.054425,79267.243696,-1727.729692,42.707913,,1.012669,,0.821569,0.026219,0.04207,,,2122.615209,,-20.732756,,,-23.132875
REFEX,File 2 (custom),-12.617217,36.637522,,42.811989,-0.054972,73366.931166,-2219.422403,38.947774,,0.99271,,0.750682,-0.012906,-0.007452,,,1019.434749,,-26.633069,,,-17.827098
REGENCERAM,File 1 (vectorbt),-14.310245,31.357266,,54.997255,0.099137,174144.389032,7414.438903,45.319522,,1.294365,,1.541412,0.342688,0.573724,,,3344.33788,,74.144389,,,-19.492146
REGENCERAM,File 2 (custom),-11.983961,30.989637,,55.042113,0.084913,192224.881685,9222.488168,42.858375,,1.346548,,1.737846,0.327575,0.118446,,,1843.672266,,92.224882,,,-18.381156
RELAXO,File 1 (vectorbt),-8.427539,28.636653,,52.674021,0.415691,220978.843474,12097.884347,20.961831,,1.464725,,2.36973,0.663841,1.321432,,,3862.232184,,120.978843,,,-12.012933
RELAXO,File 2 (custom),-8.31932,28.707845,,52.721199,0.277284,218456.432434,11845.643243,21.095165,,1.457716,,2.337321,0.545931,0.330913,,,1977.601604,,118.456432,,,-11.901132
RELCHEMQ,File 1 (vectorbt),-9.9724,,,-9.967726,-0.497302,81067.626586,-9466.186707,19.090421,,0.600758,,,-1.003245,-1.266527,,,361.133519,,-18.932373,,,-9.977074
RELCHEMQ,File 2 (custom),-9.862637,,,-9.857968,-0.34883,80927.776615,-9536.111693,19.229944,,0.598726,,,-0.839115,-0.361203,,,171.014149,,-19.072223,,,-9.867306
RELIABLE,File 1 (vectorbt),,0.0,,,0.652239,,,14.234095,,,6011.350778,,0.475064,0.741261,,,99.9001,,6.011351,,,
RELIABLE,File 2 (custom),,,,,0.444074,,,14.22854,,,6008.784842,,0.396343,0.356314,,,0.0,,6.008785,,,
RELIANCE,File 1 (vectorbt),-6.931969,16.776613,,27.865992,0.051276,147245.101319,1817.119281,36.633103,,1.115476,,1.391962,0.221498,0.332678,,,5647.602562,,47.245101,,,-11.260165
RELIANCE,File 2 (custom),-6.825244,16.859654,,27.937954,0.032307,143360.738517,1667.720712,37.24359,,1.10923,,1.359241,0.174592,0.07933,,,2806.541634,,43.360739,,,-11.149116
RELIGARE,File 1 (vectorbt),-11.48663,25.00793,,31.075535,-0.071746,66136.663446,-3762.59295,47.567131,,0.854667,,0.4487,-0.215155,-0.309178,,,1278.11909,,-33.863337,,,-14.035746
RELIGARE,File 2 (custom),-9.826964,25.082747,,31.144291,-0.041993,74115.641265,-2876.039859,41.004371,,0.895934,,0.543211,-0.129321,-0.048387,,,680.161723,,-25.884359,,,-13.199417
RELINFRA,File 1 (vectorbt),-13.357598,20.295702,,20.295702,-0.124986,32934.038704,-6706.59613,67.366983,,0.849126,,0.152208,-0.391304,-0.526239,,,1178.855022,,-67.065961,,,-20.267506
RELINFRA,File 2 (custom),-13.220892,20.375227,,20.375227,-0.087429,32910.49489,-6708.950511,67.432659,,0.847919,,0.150926,-0.328037,-0.161124,,,554.40467,,-67.089505,,,-20.147458
RELTD,File 1 (vectorbt),-14.692402,,,-14.692402,-0.670322,85322.275308,-14677.724692,33.605459,,0.939595,,,-0.33396,-0.482665,,,185.307783,,-14.677725,,,-14.692402
RELTD,File 2 (custom),-13.064132,,,-13.064132,-0.448857,86774.969582,-13225.030418,32.46054,,0.949409,,,-0.231868,-0.307852,,,86.765042,,-13.22503,,,-13.064132
REMSONSIND,File 1 (vectorbt),-14.439707,39.315312,,55.164832,0.170118,202657.185909,9332.471446,41.446562,,1.187706,,1.956485,0.402435,0.652388,,,2746.59425,,102.657186,,,-19.123718
REMSONSIND,File 2 (custom),-13.494229,39.176302,,55.209522,0.125444,210300.962103,10027.360191,40.457472,,1.195561,,2.069271,0.347923,0.208737,,,1470.23122,,110.300962,,,-19.004813
RENUKA,File 1 (vectorbt),-13.661879,29.561257,,36.203719,-0.086363,37717.180867,-5190.234928,81.826795,,0.975193,,0.474427,-0.082655,-0.127113,,,1951.593199,,-62.282819,,,-26.913187
RENUKA,File 2 (custom),-13.53014,29.631526,,36.267351,-0.060695,37415.099728,-5215.408356,81.946578,,0.974749,,0.471796,-0.069814,-0.057479,,,942.68112,,-62.5849,,,-26.603594
REPCOHOME,File 1 (vectorbt),-8.878836,27.972857,,38.512999,0.205267,157449.407976,9574.901329,27.427738,,1.21866,,2.746703,0.421175,0.739008,,,1433.940049,,57.449408,,,-10.651426
REPCOHOME,File 2 (custom),-8.770166,28.044712,,38.574324,0.138228,156461.25522,9410.209203,27.487043,,1.216092,,2.710703,0.346582,0.217628,,,741.918514,,56.461255,,,-10.540985
REPL,File 1 (vectorbt),-10.270074,,,-8.144911,-0.360786,72177.250574,-9274.249809,27.822749,,0.453552,,,-1.241092,-1.395645,,,523.618763,,-27.822749,,,-13.95667
REPL,File 2 (custom),-9.606175,,,-8.036974,-0.251604,73399.369593,-8866.876802,26.60063,,0.466177,,,-1.013361,-0.315417,,,248.864792,,-26.60063,,,-12.181411
REPRO,File 1 (vectorbt),-9.960545,27.070373,,32.094524,0.052737,144101.285902,3249.532426,53.804368,,1.190065,1857.364358,1.286262,0.253691,0.487062,,,4726.694828,,44.101286,,,-16.078928
REPRO,File 2 (custom),-9.742592,27.14313,,32.162262,0.035758,143502.160334,3204.528432,53.92055,,1.188557,1843.290716,1.284678,0.209434,0.107442,,,2305.697214,,43.50216,,,-15.963065
RESPONIND,File 1 (vectorbt),-12.455844,46.358633,,56.251275,-0.008095,95515.935958,-560.508005,57.372943,,1.029289,,0.949773,0.071726,0.11428,,,1738.912218,,-4.484064,,,-19.118071
RESPONIND,File 2 (custom),-12.3436,46.412121,,56.29488,-0.006529,94769.871811,-653.766024,57.535876,,1.027537,,0.941526,0.056144,0.036484,,,863.876922,,-5.230128,,,-18.999171
RETAIL,File 1 (vectorbt),,0.0,,,,,,,0.0,inf,,,inf,inf,,,,,,,,
RETAIL,File 2 (custom),,,,,,,,0.0,100.0,,,,,,,,,,,,,
RGL,File 1 (vectorbt),-11.237179,27.583637,,34.97268,-0.039048,79307.630192,-2586.546226,49.607121,,0.984772,,0.647928,-0.031738,-0.048493,,,1306.625295,,-20.69237,,,-13.458125
RGL,File 2 (custom),-11.126153,27.655881,,35.037542,-0.027856,78703.853401,-2662.018325,49.732104,,0.982991,,0.639057,-0.029484,-0.015072,,,640.82601,,-21.296147,,,-13.34488
RHFL,File 1 (vectorbt),-11.700434,43.362787,,43.362787,-0.091747,86812.186132,-2637.562774,29.22866,,0.927113,,0.737334,-0.134816,-0.189068,,,994.643452,,-13.187814,,,-14.556972
RHFL,File 2 (custom),-10.804037,39.368023,,39.368023,-0.065189,87040.883152,-2591.82337,27.994344,,0.925741,,0.723751,-0.113751,-0.06067,,,489.992193,,-12.959117,,,-14.253473
RHIM,File 1 (vectorbt),-10.32852,34.382216,,37.838807,0.064823,116652.513121,2775.418854,26.661843,,1.09393,,1.377573,0.189882,0.294701,,,1234.317215,,16.652513,,,-11.904062
RHIM,File 2 (custom),-10.218401,34.447668,,37.900806,0.04282,116008.112607,2668.018768,26.786977,,1.091666,,1.361632,0.154358,0.078758,,,623.129574,,16.008113,,,-11.79237
RHL,File 1 (vectorbt),-6.004028,,,-6.004028,-0.68144,94001.970188,-5998.029812,5.99803,,,,,-1.004196,-1.003738,,,193.996166,,-5.99803,,,-6.004028
RHL,File 2 (custom),-5.89823,,,-5.89823,-0.473614,93919.261715,-6080.738285,6.080738,,,,,-0.845419,-0.089808,,,93.922704,,-6.080738,,,-5.89823
RICOAUTO,File 1 (vectorbt),-10.790184,38.750041,,44.02015,0.124165,225600.650871,7850.040679,39.540416,,1.240659,,1.530965,0.356496,0.67407,,,6126.052093,,125.600651,,,-17.933825
RICOAUTO,File 2 (custom),-10.454493,38.226627,,44.075974,0.082932,221736.735537,7608.545971,39.692146,,1.23814,,1.515211,0.291848,0.164911,,,3143.135091,,121.736736,,,-17.816108
RIIL,File 1 (vectorbt),-11.167471,23.955153,,30.236082,-0.028131,70045.112984,-1762.052177,70.129736,,0.967984,,0.781365,-0.054714,-0.087062,,,3279.090048,,-29.954887,,,-17.287068
RIIL,File 2 (custom),-10.286035,23.944264,,29.871882,-0.015509,76274.982082,-1395.589289,67.120054,,0.984142,,0.822729,-0.02246,-0.010646,,,1699.867886,,-23.725018,,,-16.386323
RISHABH,File 1 (vectorbt),,0.0,,,,,,,0.0,inf,,,inf,inf,,,,,,,,
RISHABH,File 2 (custom),,,,,,,,0.0,100.0,,,,,,,,,,,,,
RITCO,File 1 (vectorbt),-14.607659,,,-14.607659,-0.39184,85406.934095,-14593.065905,17.807753,,0.43075,,,-1.057011,-1.252238,,,185.392526,,-14.593066,,,-14.607659
RITCO,File 2 (custom),-14.493266,,,-14.493266,-0.273886,85344.384425,-14655.615575,17.866158,,0.429467,,,-0.881545,-0.262427,,,85.371841,,-14.655616,,,-14.493266
RITES,File 1 (vectorbt),-10.315138,,,-7.36212,-0.242722,51909.845709,-8015.025715,53.226051,,0.815481,,,-0.53983,-0.769793,,,885.773953,,-48.090154,,,-15.39553
RITES,File 2 (custom),-10.205033,,,-7.254965,-0.171664,51707.900242,-8048.683293,53.362144,,0.813843,,,-0.453288,-0.282846,,,417.514436,,-48.2921,,,-15.28035
RKDL,File 1 (vectorbt),-12.887206,77.131389,,77.131389,-0.075799,57958.009095,-4671.332323,73.19341,,0.951053,,0.646992,-0.104496,-0.179563,,,1833.700051,,-42.041991,,,-21.437875
RKDL,File 2 (custom),-12.374147,70.783346,,70.783346,-0.053699,57482.30796,-4724.188004,73.024702,,0.94852,,0.62359,-0.091344,-0.061449,,,879.558207,,-42.517692,,,-21.316658
RKEC,File 1 (vectorbt),-12.097438,39.350271,,50.175618,0.681588,236384.099727,34096.024932,,,1.576098,,12.285074,0.953865,1.86557,,,1120.875405,,136.3841,,,-12.097438
RKEC,File 2 (custom),-11.985553,35.804083,,42.388009,0.409959,217818.833914,29454.708478,,,1.525585,,10.695074,0.735429,0.497264,,,599.878262,,117.818834,,,-11.985553
RKFORGE,File 1 (vectorbt),-11.13894,36.902992,,57.230005,0.313199,465611.127366,22850.69546,38.404855,,1.303552,,2.714586,0.613182,1.064982,,,7790.199424,,365.611127,,,-14.102398
RKFORGE,File 2 (custom),-11.028012,36.141681,,54.229732,0.2029,438295.460155,21143.46626,38.564077,,1.292892,,2.650596,0.49536,0.314996,,,3879.689146,,338.29546,,,-13.988509
RKSWAMY,File 1 (vectorbt),,0.0,,,,,,,0.0,inf,,,inf,inf,,,,,,,,
RKSWAMY,File 2 (custom),,,,,,,,0.0,100.0,,,,,,,,,,,,,
RML,File 1 (vectorbt),-10.953867,33.532761,,59.708271,0.201945,217955.358688,8425.382763,30.321558,,1.308417,,1.756261,0.4494,0.817174,,,4808.733277,,117.955359,,,-15.645245
RML,File 2 (custom),-10.843124,31.56066,,47.518011,0.120461,198347.4478,7024.8177,30.487514,,1.272981,,1.678627,0.346696,0.166705,,,2260.252834,,98.347448,,,-15.529815
ROHLTD,File 1 (vectorbt),-11.343448,34.218164,,43.963279,0.154365,185032.055641,7086.004637,31.099832,,1.179973,,1.62605,0.359211,0.544232,,,3790.533174,,85.032056,,,-18.742473
ROHLTD,File 2 (custom),-10.910676,34.283781,,44.01916,0.107617,187393.517688,7282.793141,31.215207,,1.183122,,1.642085,0.304038,0.146924,,,1969.876348,,87.393518,,,-18.623949
ROLEXRINGS,File 1 (vectorbt),-7.865812,20.204746,,20.204746,0.036988,102021.657441,673.885814,20.56602,,1.054966,,1.111307,0.125355,0.190657,,,666.726359,,2.021657,,,-9.05345
ROLEXRINGS,File 2 (custom),-7.758154,20.284361,,20.284361,0.018885,101492.88085,497.62695,20.552,,1.049174,,1.08231,0.093369,0.051482,,,329.195843,,1.492881,,,-8.944605
ROLLT,File 1 (vectorbt),-11.016309,,,-11.016309,-0.180752,88994.695926,-11005.304074,11.005304,,0.276638,,,-0.610745,-0.673091,,,188.98388,,-11.005304,,,-11.016309
ROLLT,File 2 (custom),-10.905504,,,-10.905504,-0.125228,88917.12923,-11082.87077,11.082871,,0.27515,,,-0.509024,-0.06056,,,89.000318,,-11.082871,,,-10.905504
ROML,File 1 (vectorbt),-11.970685,39.01607,,39.01607,0.193451,122357.202881,11178.601441,33.883675,,1.159304,,2.86953,0.408979,0.694299,,,398.462506,,22.357203,,,-11.970685
ROML,File 2 (custom),-11.858926,39.076893,,39.076893,0.130681,122100.801654,11050.400827,33.924252,,1.157897,,2.837707,0.337794,0.26273,,,210.197028,,22.100802,,,-11.858926
ROSSARI,File 1 (vectorbt),-6.931688,,,-5.573527,-0.313133,86611.58873,-6694.205635,13.388411,,0.619556,,,-0.638996,-0.792017,,,370.035438,,-13.388411,,,-8.289848
ROSSARI,File 2 (custom),-6.824963,,,-5.468159,-0.21765,86580.523279,-6709.738361,13.419477,,0.617027,,,-0.534251,-0.143661,,,176.644977,,-13.419477,,,-8.181766
ROSSELLIND,File 1 (vectorbt),-11.788182,47.259676,,51.691496,0.088318,132385.614706,3238.561471,38.404109,,1.138635,,1.341981,0.253011,0.470091,,,2211.633865,,32.385615,,,-14.669873
ROSSELLIND,File 2 (custom),-11.676605,47.312264,,51.739656,0.058111,131042.561371,3104.256137,38.615456,,1.135727,,1.327152,0.206233,0.136573,,,1116.484116,,31.042561,,,-14.555418
ROSSTECH,File 1 (vectorbt),,0.0,,,,,,,0.0,inf,,,inf,inf,,,,,,,,
ROSSTECH,File 2 (custom),,,,,,,,0.0,100.0,,,,,,,,,,,,,
ROTO,File 1 (vectorbt),-9.428287,32.361025,,32.361025,0.215468,108478.511239,2826.170413,17.759931,,1.137821,,1.391115,0.303836,0.492195,,,641.921595,,8.478511,,,-12.130186
ROTO,File 2 (custom),-9.319067,32.428497,,32.428497,0.141813,108143.500364,2714.500121,17.808886,,1.133848,,1.373911,0.246102,0.148541,,,324.209997,,8.1435,,,-12.018268
ROUTE,File 1 (vectorbt),-9.710994,29.725561,,33.009607,0.826738,151794.420785,17264.806928,16.623021,,1.302319,,5.014931,0.70801,1.39885,,,757.952592,,51.794421,,,-9.710994
ROUTE,File 2 (custom),-9.601493,29.795666,,33.076431,0.55526,150910.486094,16970.162031,16.499898,,1.300099,,4.970626,0.586069,0.569633,,,400.325696,,50.910486,,,-9.601493
RPEL,File 1 (vectorbt),-11.072185,,,-11.072185,-1.061598,88938.875948,-11061.124052,16.648238,,0.657566,,,-0.948111,-1.152996,,,188.928004,,-11.061124,,,-11.072185
RPEL,File 2 (custom),-10.961324,,,-10.961324,-0.756499,88907.906138,-11092.093862,16.655111,,0.655829,,,-0.794935,-0.34945,,,88.573385,,-11.092094,,,-10.961324
RPGLIFE,File 1 (vectorbt),-11.712984,34.38477,,42.183636,-0.051567,71669.84902,-1770.634436,55.816753,,0.969113,,0.767417,-0.059833,-0.091824,,,2535.342047,,-28.330151,,,-20.053821
RPGLIFE,File 2 (custom),-10.491806,34.450219,,42.241295,-0.021155,82676.684568,-1082.707214,54.121679,,0.998516,,0.850367,-0.002413,-0.001321,,,1356.580094,,-17.323315,,,-16.099706
RPOWER,File 1 (vectorbt),-10.437534,17.943955,,17.943955,-0.114106,43500.330815,-5649.966919,59.91998,,0.614855,,0.224037,-0.685906,-0.833784,,,1546.919995,,-56.499669,,,-16.472955
RPOWER,File 2 (custom),-10.037021,18.02583,,18.02583,-0.078873,44462.010694,-5553.798931,58.950993,,0.621152,,0.225514,-0.556633,-0.154752,,,747.027626,,-55.537989,,,-14.305373
RPPINFRA,File 1 (vectorbt),-9.920714,46.478952,,48.598243,0.25185,185966.267436,10745.783429,25.792617,,1.36866,,1.881692,0.462383,0.978845,,,2822.850077,,85.966267,,,-13.708914
RPPINFRA,File 2 (custom),-9.811003,46.532319,,48.649494,0.168506,184383.16151,10547.895189,25.983949,,1.363663,,1.863501,0.380174,0.235672,,,1447.289122,,84.383162,,,-13.595418
RPPL,File 1 (vectorbt),-18.817816,,,-17.476833,-0.281617,65918.050011,-17040.974994,37.291554,,0.860006,,,-0.412313,-0.613102,,,330.965552,,-34.08195,,,-20.158799
RPPL,File 2 (custom),-18.699217,,,-17.359573,-0.197927,65822.950305,-17088.524847,37.381721,,0.859449,,,-0.3443,-0.241723,,,148.4131,,-34.17705,,,-20.03886
RPSGVENT,File 1 (vectorbt),-10.275089,29.607556,,39.529942,0.780623,173972.121613,14794.424323,17.363727,,1.71092,,3.594391,0.849411,1.784242,,,1384.991562,,73.972122,,,-11.74514
RPSGVENT,File 2 (custom),-10.165024,29.677779,,39.590252,0.520641,172865.54392,14573.108784,17.405987,,1.702862,,3.545389,0.701245,0.386688,,,726.223171,,72.865544,,,-11.633606
RPTECH,File 1 (vectorbt),,0.0,,,,,,,0.0,inf,,,inf,inf,,,,,,,,
RPTECH,File 2 (custom),,,,,,,,0.0,100.0,,,,,,,,,,,,,
RRKABEL,File 1 (vectorbt),-9.436041,,,-7.100248,-0.747754,81980.932208,-9009.533896,20.363562,,0.7576,,,-0.872549,-1.206441,,,367.776972,,-18.019068,,,-11.771834
RRKABEL,File 2 (custom),-9.326814,,,-6.993354,-0.53021,81962.173321,-9018.913339,20.351266,,0.75642,,,-0.730332,-0.525361,,,173.376258,,-18.037827,,,-11.660273
RSSOFTWARE,File 1 (vectorbt),-13.310086,41.326463,,56.778693,-0.021489,81545.681177,-1230.287922,54.688356,,0.988009,,0.900999,-0.017929,-0.027513,,,3632.985319,,-18.454319,,,-18.110854
RSSOFTWARE,File 2 (custom),-12.899141,40.80566,,54.5045,-0.014425,82223.351054,-1185.10993,54.071962,,0.989639,,0.902538,-0.012856,-0.004817,,,1798.537895,,-17.776649,,,-17.992961
RSWM,File 1 (vectorbt),-9.170826,29.274468,,35.415018,0.163447,182605.313084,6883.77609,29.842538,,1.247164,,1.577454,0.421454,0.689803,,,4817.374789,,82.605313,,,-10.664453
RSWM,File 2 (custom),-8.996138,29.345023,,35.479438,0.10943,181277.209494,6773.100791,30.170175,,1.244498,,1.569578,0.347071,0.165957,,,2442.588327,,81.277209,,,-10.553999
RSYSTEMS,File 1 (vectorbt),-10.315643,44.145689,,61.544461,0.208663,213072.90564,18845.484273,28.845568,,1.228753,,4.855933,0.392059,0.70399,,,1301.695374,,113.072906,,,-13.774582
RSYSTEMS,File 2 (custom),-10.104765,44.201388,,61.582779,0.14177,212304.943035,18717.490506,28.904496,,1.227857,,4.843164,0.324892,0.187707,,,706.300537,,112.304943,,,-13.661021
RTNINDIA,File 1 (vectorbt),-12.952007,36.134038,,42.048255,-0.079584,69957.851765,-3338.016471,50.736075,,0.9052,,0.709501,-0.201623,-0.294296,,,1987.965126,,-30.042148,,,-15.344674
RTNINDIA,File 2 (custom),-12.839267,36.19774,,42.106049,-0.056197,69368.569149,-3403.492317,51.086995,,0.902336,,0.704215,-0.173002,-0.089935,,,975.465774,,-30.631431,,,-15.229545
RTNPOWER,File 1 (vectorbt),-13.785104,,,-10.25802,-0.177261,19522.300359,-7316.154513,80.4777,,0.576677,,,-0.998093,-1.267913,,,1061.5646,,-80.4777,,,-17.844794
RTNPOWER,File 2 (custom),-13.169605,,,-10.147972,-0.122916,20643.227993,-7214.252001,79.356772,,0.585468,,,-0.805532,-0.332319,,,495.939295,,-79.356772,,,-17.727167
RUBFILA,File 1 (vectorbt),,0.0,,,,,,,0.0,inf,,,inf,inf,,,,,,,,
RUBFILA,File 2 (custom),,,,,,,,0.0,100.0,,,,,,,,,,,,,
RUBYMILLS,File 1 (vectorbt),-12.852299,42.062041,,59.455178,0.115833,189559.955041,6889.227311,41.167702,,1.162299,,1.600166,0.32523,0.589421,,,3501.955815,,89.559955,,,-18.550911
RUBYMILLS,File 2 (custom),-12.739659,40.476743,,51.280191,0.070811,177402.807786,5954.062137,41.304671,,1.149828,,1.524138,0.251563,0.173866,,,1761.718453,,77.402808,,,-18.432578
RUCHINFRA,File 1 (vectorbt),-12.514467,,,-5.966147,-0.10574,36073.170614,-8718.158511,66.278405,,0.26941,-2899.719809,,-0.985673,-1.14425,,,929.457127,,-63.926829,,,-19.861573
RUCHINFRA,File 2 (custom),-12.092629,,,-5.860386,-0.073132,36833.035507,-8600.899957,65.567964,,0.273484,-2960.664793,,-0.808209,-0.174953,,,420.566779,,-63.166964,,,-17.575182
RUCHIRA,File 1 (vectorbt),-9.940911,41.856931,,71.089883,0.527608,629785.876493,66223.234562,,,1.287807,,5.770726,0.735818,1.152432,,,6527.753735,,529.785876,,,-11.172202
RUCHIRA,File 2 (custom),-9.83118,41.746588,,71.118664,0.351879,619522.543922,64940.31799,,,1.285525,,5.705057,0.607576,0.398679,,,3487.583221,,519.522544,,,-11.06124
RUPA,File 1 (vectorbt),-8.860924,29.669382,,29.669382,-0.135765,56253.692622,-4374.630738,46.542726,,0.655468,,0.306535,-0.616566,-0.82292,,,1509.19891,,-43.746307,,,-10.58378
RUPA,File 2 (custom),-8.752272,29.739542,,29.739542,-0.095083,55818.994976,-4418.100502,46.954684,,0.651556,,0.30211,-0.518924,-0.172355,,,728.68739,,-44.181005,,,-10.473406
RUSHIL,File 1 (vectorbt),-14.182225,33.604415,,42.216937,0.066133,125499.771109,2549.977111,36.743812,,1.120468,,1.307751,0.217766,0.355853,,,1845.835359,,25.499771,,,-20.535971
RUSHIL,File 2 (custom),-14.068257,33.670645,,42.274562,0.043271,124244.138862,2424.413886,36.90375,,1.117493,,1.292293,0.176792,0.089826,,,931.080099,,24.244139,,,-20.415656
RUSTOMJEE,File 1 (vectorbt),-10.138275,,,-9.399271,-0.426834,80764.048956,-9617.975522,26.756779,,0.861039,,,-0.553457,-0.777561,,,361.965413,,-19.235951,,,-10.87728
RUSTOMJEE,File 2 (custom),-10.028347,,,-9.290081,-0.300986,80657.234688,-9671.382656,26.843469,,0.859866,,,-0.464482,-0.38422,,,171.000305,,-19.342765,,,-10.766613
RVHL,File 1 (vectorbt),-13.062175,39.064267,,39.064267,-0.084393,91380.741405,-2154.814649,34.270396,,0.92474,,0.819092,-0.119773,-0.216362,,,924.174424,,-8.619259,,,-14.100883
RVHL,File 2 (custom),-12.493218,39.125042,,39.125042,-0.052332,92452.744219,-1886.813945,33.413174,,0.938728,,0.837318,-0.08028,-0.056099,,,462.009543,,-7.547256,,,-13.986996
RVNL,File 1 (vectorbt),-9.258446,29.157677,,29.157677,0.165819,109720.143686,2111.704524,13.42348,,1.238097,3385.030114,1.319541,0.283528,0.408909,,,724.138568,,9.720144,,,-10.198679
RVNL,File 2 (custom),-9.149396,29.228349,,29.228349,0.109551,109372.383362,2002.396854,13.498008,,1.230661,3365.192799,1.300783,0.228913,0.061302,,,311.601838,,9.372383,,,-10.08869
RVTH,File 1 (vectorbt),,0.0,,,,,,,0.0,inf,,,inf,inf,,,,,,,,
RVTH,File 2 (custom),,,,,,,,0.0,100.0,,,,,,,,,,,,,
S&SPOWER,File 1 (vectorbt),-8.013496,34.035377,,45.849397,0.747935,185712.788592,14285.464765,30.123522,,1.443074,,2.612734,0.991339,1.58985,,,2316.554449,,85.712789,,,-11.843511
S&SPOWER,File 2 (custom),-7.90569,33.31417,,45.903393,0.477768,181096.440771,13516.073462,30.151828,,1.426268,,2.547867,0.798462,0.515017,,,1179.471978,,81.096441,,,-11.73188
SABEVENTS,File 1 (vectorbt),-8.718327,,,-5.588251,-0.192864,75994.838402,-8001.720533,27.479139,,0.470538,,,-0.700991,-0.821553,,,519.296463,,-24.005162,,,-11.73223
SABEVENTS,File 2 (custom),-8.609818,,,-5.482869,-0.134614,75788.832687,-8070.389104,27.675718,,0.468034,,,-0.58679,-0.123742,,,247.46759,,-24.211167,,,-11.620709
SABTNL,File 1 (vectorbt),,0.0,,,,,,,0.0,inf,,,inf,inf,,,,,,,,
SABTNL,File 2 (custom),,,,,,,,0.0,100.0,,,,,,,,,,,,,
SADBHAV,File 1 (vectorbt),-12.372971,38.543522,,38.543522,-0.099616,36637.407697,-5760.235664,74.196307,,0.709513,,0.138486,-0.582314,-0.775098,,,1142.579446,,-63.362592,,,-19.640739
SADBHAV,File 2 (custom),-11.327685,38.604817,,38.604817,-0.065126,40599.488694,-5400.046482,71.364827,,0.731225,,0.159174,-0.450757,-0.18,,,573.803806,,-59.400511,,,-17.543883
SADBHIN,File 1 (vectorbt),-13.101634,,,-6.223146,-0.177433,56743.225865,-10814.193534,46.20224,,0.572712,,,-0.801862,-0.942617,,,614.182756,,-43.256774,,,-17.959226
SADBHIN,File 2 (custom),-12.988746,,,-6.117129,-0.124343,56558.149269,-10860.462683,46.375369,,0.571108,,,-0.66958,-0.182766,,,285.146153,,-43.441851,,,-17.841484
SADHNANIQ,File 1 (vectorbt),,0.0,,,,,,,0.0,inf,,,inf,inf,,,,,,,,
SADHNANIQ,File 2 (custom),,,,,,,,0.0,100.0,,,,,,,,,,,,,
SAFARI,File 1 (vectorbt),-7.986519,26.096784,,26.096784,0.085109,106353.904027,2247.207511,18.529361,,1.106902,-387.718506,1.348781,0.185384,0.320186,,,794.853548,,6.353904,,,-9.056885
SAFARI,File 2 (custom),-7.87874,26.170514,,26.170514,0.056906,106121.003486,2167.31205,18.403768,,1.104249,-380.932664,1.335433,0.150795,0.083967,,,345.451582,,6.121003,,,-8.948037
SAGARDEEP,File 1 (vectorbt),-9.350507,,,-9.350507,-0.099799,90658.834595,-9341.165405,22.629172,,0.645131,,,-0.316133,-0.382956,,,190.649684,,-9.341165,,,-9.350507
SAGARDEEP,File 2 (custom),-9.061543,,,-9.061543,-0.068642,90757.910552,-9242.089448,22.543208,,0.647787,,,-0.260542,-7.604784,,,90.836323,,-9.242089,,,-9.061543
SAGCEM,File 1 (vectorbt),-10.037215,,,-5.061153,-0.100138,41372.706363,-6832.105938,69.734817,,0.775257,2861.659807,,-0.474838,-0.627655,,,1167.54172,,-58.627294,,,-12.909939
SAGCEM,File 2 (custom),-9.921537,,,-4.956296,-0.070181,41133.449976,-6856.839002,69.907409,,0.773886,2845.00099,,-0.39708,-0.154365,,,531.831429,,-58.86655,,,-12.797242
SAGILITY,File 1 (vectorbt),-13.845715,,,-13.845715,-2.149463,86168.116924,-13831.883076,13.831883,,0.586836,,,-1.75317,-2.053497,,,186.154471,,-13.831883,,,-13.845715
SAGILITY,File 2 (custom),-11.122207,,,-11.122207,-1.57671,88703.758877,-11296.241123,11.296241,,0.639021,,,-1.263364,-0.960837,,,88.761158,,-11.296241,,,-11.122207
SAH,File 1 (vectorbt),-11.882945,,,-11.882945,-0.61542,88128.926088,-11871.073912,11.871074,,,,,-0.951233,-0.950836,,,188.117243,,-11.871074,,,-11.882945
SAH,File 2 (custom),-11.771274,,,-11.771274,-0.429943,88067.337567,-11932.662433,11.932662,,,,,-0.795397,-0.093088,,,88.03072,,-11.932662,,,-11.771274
SAHYADRI,File 1 (vectorbt),-8.300305,29.169154,,29.169154,1.077931,118431.706279,9215.853139,10.97976,,1.440667,,2.721253,0.683994,1.566506,,,476.730642,,18.431706,,,-8.300305
SAHYADRI,File 2 (custom),-8.192213,29.239814,,29.239814,0.713765,118109.383565,9054.691783,11.0604,,1.43398,,2.677397,0.562818,0.482729,,,246.992865,,18.109384,,,-8.192213
SAIL,File 1 (vectorbt),-11.308317,37.494675,,81.583791,0.172735,341455.830558,10975.265025,36.52198,,1.276351,,1.771971,0.40684,0.739547,,,9527.082058,,241.455831,,,-20.913608
SAIL,File 2 (custom),-11.19722,37.557018,,81.602089,0.115588,333742.719162,10624.669053,36.614545,,1.271829,,1.751666,0.333397,0.170969,,,4817.88745,,233.742719,,,-20.792916
SAILIFE,File 1 (vectorbt),,0.0,,,2.759561,110562.787531,,11.802088,,1.257292,10562.787531,,0.91083,1.812783,,,99.9001,,10.562788,,,
SAILIFE,File 2 (custom),,,,,1.8194,110517.456628,,11.75757,,1.257045,10517.456628,,0.762128,1.146485,,,0.0,,10.517457,,,
SAKAR,File 1 (vectorbt),-13.956863,34.591914,,46.739658,0.926134,240265.189276,23377.531546,25.041441,,1.502314,,3.640127,0.953072,1.91496,,,2173.202246,,140.265189,,,-17.774044
SAKAR,File 2 (custom),-13.84312,32.236369,,46.792765,0.556489,221530.878965,20255.146494,25.083162,,1.459429,,3.371775,0.737596,0.585736,,,1099.806548,,121.530879,,,-17.656488
SAKHTISUG,File 1 (vectorbt),-14.78939,46.131691,,75.34784,0.042858,186849.678768,5343.516985,73.795707,,1.16676,1353.407012,1.331539,0.255814,0.424715,,,5236.019062,,86.849679,,,-23.710764
SAKHTISUG,File 2 (custom),-14.674815,44.950692,,73.783298,0.026221,174796.039505,4595.62663,73.94689,,1.155079,1266.013428,1.296255,0.198341,0.088387,,,2461.125681,,74.79604,,,-23.587277
SAKSOFT,File 1 (vectorbt),-13.877661,38.311697,,52.949758,-0.028818,80945.814412,-1361.013256,57.993866,,1.016568,,0.811543,0.041652,0.067325,,,1835.212403,,-19.054186,,,-22.516276
SAKSOFT,File 2 (custom),-13.599114,36.638567,,48.14151,-0.023457,77704.259176,-1592.552916,58.789214,,1.010404,,0.775551,0.021851,0.015118,,,897.857987,,-22.295741,,,-20.745147
SAKUMA,File 1 (vectorbt),-13.072781,37.210095,,39.92342,-0.025736,80880.56547,-2389.929316,63.238562,,0.992243,,0.664566,-0.01273,-0.019653,,,1058.42863,,-19.119435,,,-17.836075
SAKUMA,File 2 (custom),-12.959921,37.272722,,39.983337,-0.018399,80262.803545,-2467.149557,63.425043,,0.990196,,0.655049,-0.013381,-0.005515,,,518.185016,,-19.737196,,,-17.718457
SALASAR,File 1 (vectorbt),-12.242007,32.694111,,35.458509,-0.090366,80121.560328,-2484.804959,44.675362,,0.93262,,0.691286,-0.124205,-0.181035,,,1315.47139,,-19.87844,,,-18.312519
SALASAR,File 2 (custom),-11.514846,32.76125,,35.522886,-0.055424,83099.049771,-2112.618779,42.376808,,0.948539,,0.731705,-0.079273,-0.034654,,,667.133215,,-16.90095,,,-14.503633
SALONA,File 1 (vectorbt),-10.281291,,,-8.628534,-0.114132,80485.637434,-9757.181283,31.03784,,0.836308,,,-0.240444,-0.334835,,,356.622229,,-19.514363,,,-11.934048
SALONA,File 2 (custom),-10.17122,,,-8.520114,-0.079526,80376.687198,-9811.656401,31.11535,,0.831233,,,-0.200409,-0.056834,,,168.218092,,-19.623313,,,-11.822325
SALSTEEL,File 1 (vectorbt),-14.315486,48.172,,68.312837,-0.070934,58351.031568,-2974.926317,56.077926,,0.898271,,0.700154,-0.196818,-0.286193,,,2280.074508,,-41.648968,,,-19.823462
SALSTEEL,File 2 (custom),-13.718725,43.825549,,59.203254,-0.05253,56168.477349,-3130.823046,56.276648,,0.885239,,0.670057,-0.186202,-0.087922,,,1101.511584,,-43.831523,,,-19.703858
SALZERELEC,File 1 (vectorbt),-13.293372,31.8336,,35.732558,0.288168,169954.176873,8744.272109,29.547264,,1.30549,,1.747615,0.523121,0.963263,,,2529.447774,,69.954177,,,-15.163859
SALZERELEC,File 2 (custom),-12.459171,31.901599,,35.796661,0.223506,174305.378649,9288.172331,27.241899,,1.321557,,1.846903,0.453934,0.286329,,,1304.314819,,74.305379,,,-15.04891
SAMBHAAV,File 1 (vectorbt),-15.07781,37.897411,,45.878137,0.070535,135552.173457,5078.881922,40.94105,,1.115091,,1.530963,0.237348,0.371701,,,1467.913143,,35.552173,,,-18.357665
SAMBHAAV,File 2 (custom),-14.588555,37.836919,,45.932105,0.049503,136637.87012,5233.981446,41.159513,,1.116566,,1.552033,0.199623,0.109035,,,760.979844,,36.63787,,,-18.239526
SAMHI,File 1 (vectorbt),,0.0,,,,,,,0.0,inf,,,inf,inf,,,,,,,,
SAMHI,File 2 (custom),,,,,,,,0.0,100.0,,,,,,,,,,,,,
SAMMAANCAP,File 1 (vectorbt),-12.630444,21.00707,,26.040842,-0.098484,64370.204497,-4453.724438,53.93383,,0.838598,,0.552054,-0.314371,-0.404207,,,1682.646474,,-35.629796,,,-22.611065
SAMMAANCAP,File 2 (custom),-11.025937,21.085884,,26.114627,-0.058833,70974.185747,-3628.226782,49.124828,,0.873412,,0.605375,-0.205838,-0.074683,,,870.591658,,-29.025814,,,-18.830578
SAMPANN,File 1 (vectorbt),-12.572833,,,-12.572833,-0.52975,87439.726964,-12560.273036,19.149401,,0.685991,,,-0.763676,-0.97068,,,187.427354,,-12.560273,,,-12.572833
SAMPANN,File 2 (custom),-12.460473,,,-12.460473,-0.372697,87365.324864,-12634.675136,19.217858,,0.684547,,,-0.639373,-0.303179,,,87.447217,,-12.634675,,,-12.460473
SANATHAN,File 1 (vectorbt),,0.0,,,,,,,0.0,inf,,,inf,inf,,,,,,,,
SANATHAN,File 2 (custom),,,,,,,,0.0,100.0,,,,,,,,,,,,,
SANDESH,File 1 (vectorbt),-10.617758,34.429359,,53.320298,0.330494,566767.424532,27456.907325,32.71796,,1.284728,,2.48071,0.591795,1.098933,,,11872.306001,,466.767425,,,-14.022328
SANDESH,File 2 (custom),-10.190864,33.53198,,53.366831,0.218928,535829.383858,25637.02258,32.431286,,1.277365,,2.471556,0.48088,0.3667,,,5943.073676,,435.829384,,,-13.482522
SANDHAR,File 1 (vectorbt),-9.344772,35.0558,,35.0558,0.097214,110957.5409,3652.513633,21.992869,,1.130129,,1.614836,0.233912,0.35309,,,553.653875,,10.957541,,,-10.846546
SANDHAR,File 2 (custom),-9.235637,35.12058,,35.12058,0.064227,110547.784579,3515.928193,22.086491,,1.126679,,1.588016,0.18967,0.087009,,,281.356134,,10.547785,,,-10.73591
SANDUMA,File 1 (vectorbt),-12.558258,,,-9.651651,-0.685529,76332.464856,-11800.894887,28.868991,,0.619109,-65.745371,,-1.294927,-1.586673,,,421.798013,,-23.667535,,,-15.464864
SANDUMA,File 2 (custom),-12.322178,,,-9.294742,-0.488592,76440.972644,-11746.611521,28.764896,,0.620176,-65.804314,,-1.073136,-0.596258,,,160.92366,,-23.559027,,,-15.349615
SANGAMIND,File 1 (vectorbt),-12.482178,39.096868,,55.066394,0.155752,312463.568119,11182.293059,45.319229,,1.217414,,1.585523,0.431502,0.708991,,,9419.203878,,212.463568,,,-20.697564
SANGAMIND,File 2 (custom),-11.147127,37.918049,,51.904089,0.112893,335628.593217,12401.504906,45.458637,,1.229401,,1.662818,0.381672,0.226306,,,5140.103313,,235.628593,,,-14.613568
SANGHIIND,File 1 (vectorbt),-14.041859,37.735204,,43.20292,0.052247,148723.868262,4351.615296,53.959716,,1.084326,5207.715301,1.4989,0.233546,0.381193,,,2099.165024,,48.723868,,,-22.590671
SANGHIIND,File 2 (custom),-13.928031,37.797307,,43.259561,0.034927,147230.507809,4207.59639,54.063645,,1.08324,5154.543913,1.481994,0.191701,0.151744,,,994.295858,,47.230508,,,-22.468303
SANGHVIMOV,File 1 (vectorbt),-11.938568,35.347463,,35.58475,-0.079843,60279.646318,-2837.16812,49.838037,,0.934907,,0.636026,-0.134396,-0.194113,,,2180.040887,,-39.720354,,,-21.737785
SANGHVIMOV,File 2 (custom),-10.880561,35.411951,,35.649001,-0.049695,67406.716154,-2328.091703,43.481577,,0.954536,,0.70477,-0.079011,-0.039275,,,1192.671421,,-32.593284,,,-20.833507
SANGINITA,File 1 (vectorbt),-8.999693,,,-8.999693,-0.234513,91009.29816,-8990.70184,9.819323,,0.090988,,,-0.637038,-0.639245,,,191.000498,,-8.990702,,,-8.999693
SANGINITA,File 2 (custom),-8.230636,,,-8.230636,-0.161043,91596.237397,-8403.762603,9.236723,,0.096768,,,-0.525342,-0.365253,,,91.566234,,-8.403763,,,-8.230636
SANOFI,File 1 (vectorbt),-5.928354,17.65253,,33.484024,0.256291,165277.289745,8230.475027,15.845694,,1.280339,7663.964553,3.421667,0.479862,0.864689,,,2030.794658,,65.27729,,,-6.682239
SANOFI,File 2 (custom),-5.822631,17.734695,,33.550373,0.173631,164089.213773,8092.409503,15.814888,,1.277513,7442.34725,3.39455,0.395165,0.230352,,,953.798501,,64.089214,,,-6.575764
SANOFICONR,File 1 (vectorbt),,0.0,,,,,,,0.0,inf,,,inf,inf,,,,,,,,
SANOFICONR,File 2 (custom),,,,,,,,0.0,100.0,,,,,,,,,,,,,
SANSERA,File 1 (vectorbt),-7.763833,23.469484,,25.464416,1.5486,140533.178035,13511.059345,9.205016,,2.919674,,4.430263,1.422885,3.586343,,,796.151511,,40.533178,,,-7.763833
SANSERA,File 2 (custom),-7.656277,23.545838,,25.538778,1.030283,139917.050403,13305.683468,9.227453,,2.898097,,4.377672,1.17557,0.726605,,,415.196201,,39.91705,,,-7.656277
SANSTAR,File 1 (vectorbt),-11.054476,,,-11.054476,-1.540805,88956.567779,-11043.432221,11.043432,,0.470263,,,-1.858656,-2.367559,,,188.945713,,-11.043432,,,-11.054476
SANSTAR,File 2 (custom),-10.943632,,,-10.943632,-1.094077,88882.828256,-11117.171744,11.117172,,0.468369,,,-1.560581,-1.059489,,,88.932242,,-11.117172,,,-10.943632
SAPPHIRE,File 1 (vectorbt),-8.865681,,,-7.470288,-0.403824,68991.824159,-7752.04396,34.786329,,0.606513,,,-1.203191,-1.469869,,,667.121127,,-31.008176,,,-10.134053
SAPPHIRE,File 2 (custom),-8.757024,,,-7.363025,-0.285879,68788.428478,-7802.892881,34.974261,,0.603999,,,-1.007461,-0.487078,,,317.202081,,-31.211572,,,-10.024129
SARDAEN,File 1 (vectorbt),-12.292478,35.226258,,51.944702,0.513868,897904.453188,49869.028324,45.002626,,1.370551,,5.867598,0.977489,1.749731,,,9672.610533,,797.904453,,,-20.742558
SARDAEN,File 2 (custom),-12.180397,35.268578,,51.992609,0.338797,880164.94351,48760.308969,45.144559,,1.367241,,5.77061,0.806868,0.721446,,,5168.025573,,780.164944,,,-20.622036
SAREGAMA,File 1 (vectorbt),-11.494371,40.014785,,57.06034,-0.023048,79241.672346,-1596.794435,64.51063,,0.997175,,0.833543,-0.005092,-0.00827,,,2560.008734,,-20.758328,,,-18.963737
SAREGAMA,File 2 (custom),-11.000481,39.935236,,57.103137,-0.014191,81710.066291,-1406.917978,62.988878,,1.003375,,0.851583,0.00503,0.002599,,,1312.775792,,-18.289934,,,-18.590213
SARLAPOLY,File 1 (vectorbt),-14.238281,39.399313,,49.265993,0.215692,239941.344518,13994.134452,37.275429,,1.253543,,2.452843,0.448396,0.734255,,,2781.498367,,139.941345,,,-20.239375
SARLAPOLY,File 2 (custom),-14.124257,39.459753,,49.316577,0.144673,237375.352615,13737.535261,37.429132,,1.250999,,2.427171,0.369363,0.183306,,,1451.32566,,137.375353,,,-20.119355
SARVESHWAR,File 1 (vectorbt),-11.16088,40.885937,,40.885937,-0.17473,69122.257751,-4411.106036,45.316361,,0.910872,,0.508706,-0.225373,-0.325859,,,1253.941227,,-30.877742,,,-14.737547
SARVESHWAR,File 2 (custom),-11.043052,34.973821,,34.973821,-0.1304,65792.216511,-4886.826213,47.950726,,0.892476,,0.442193,-0.227331,-0.13015,,,591.111207,,-34.207783,,,-14.623023
SASKEN,File 1 (vectorbt),-10.332963,25.849001,,34.731256,0.133521,186176.268332,5386.016771,35.563657,,1.183876,,1.586983,0.350351,0.638185,,,4813.778736,,86.176268,,,-12.257471
SASKEN,File 2 (custom),-10.199474,25.922978,,34.796359,0.089101,183579.938596,5223.746162,35.690991,,1.180702,,1.575188,0.286973,0.189178,,,2416.633356,,83.579939,,,-12.145425
SASTASUNDR,File 1 (vectorbt),-11.77288,36.569724,,40.35948,-0.071912,63562.433541,-2602.683318,61.872738,,0.925119,,0.733976,-0.159736,-0.23451,,,2788.612439,,-36.437566,,,-21.012352
SASTASUNDR,File 2 (custom),-11.508898,36.632991,,40.418961,-0.049177,63958.127754,-2574.419446,62.056771,,0.926302,,0.736103,-0.130588,-0.062932,,,1382.818308,,-36.041872,,,-20.89156
SATIA,File 1 (vectorbt),-15.211075,36.629209,,36.629209,-0.117976,83218.861848,-4195.284538,37.693193,,1.009229,,0.61157,0.042449,0.061229,,,689.43452,,-16.781138,,,-17.731142
SATIA,File 2 (custom),-15.096079,36.692417,,36.692417,-0.083361,82928.098679,-4267.97533,37.783724,,1.008686,,0.605985,0.033217,0.033326,,,335.803377,,-17.071901,,,-17.613628
SATIN,File 1 (vectorbt),-13.278573,35.999717,,36.964275,-0.121969,58776.106603,-4122.38934,62.902635,,0.937138,,0.443923,-0.191776,-0.283861,,,1218.999997,,-41.223893,,,-17.725547
SATIN,File 2 (custom),-12.882369,36.063554,,37.027148,-0.083418,59871.217605,-4012.878239,62.105625,,0.940057,,0.45466,-0.151905,-0.10696,,,597.553193,,-40.128782,,,-17.608039
SAURASHCEM,File 1 (vectorbt),,0.0,,,,,,,0.0,inf,,,inf,inf,,,,,,,,
SAURASHCEM,File 2 (custom),,,,,,,,0.0,100.0,,,,,,,,,,,,,
SBC,File 1 (vectorbt),-15.034448,25.041237,,25.041237,-0.322737,76545.813672,-5863.546582,32.06668,,0.722275,,0.473781,-0.613455,-0.899805,,,727.78412,,-23.454186,,,-18.821671
SBC,File 2 (custom),-13.481962,25.116021,,25.116021,-0.198099,80290.986977,-4927.253256,30.321149,,0.76331,,0.521615,-0.420558,-0.23454,,,364.921171,,-19.709013,,,-16.481166
SBCL,File 1 (vectorbt),-14.911899,,,-14.911899,-0.150573,85102.997611,-14897.002389,38.158575,,0.8225,,,-0.275415,-0.371432,,,185.088286,,-14.897002,,,-14.911899
SBCL,File 2 (custom),-14.797202,,,-14.797202,-0.10528,85037.621478,-14962.378522,38.200372,,0.82167,,,-0.230054,-0.068262,,,85.08891,,-14.962379,,,-14.797202
SBFC,File 1 (vectorbt),,23.836426,,23.836426,1.710519,117308.315516,23812.61349,7.8402,,1.347205,-6504.297974,,0.719246,1.619089,,,347.525575,,17.308316,,,23.836426
SBFC,File 2 (custom),0.0,23.912414,,23.912414,1.149045,117170.001659,23660.615764,7.838853,,1.344652,-6490.614105,,0.597326,0.666744,,,123.766547,,17.170002,,,23.912414
SBGLP,File 1 (vectorbt),-10.023941,42.247376,,42.247376,1.026385,127964.849018,13982.424509,16.115164,,1.600477,,2.963779,0.859266,2.000161,,,512.403668,,27.964849,,,-10.023941
SBGLP,File 2 (custom),-9.914127,41.569003,,41.569003,0.667253,127028.512984,13514.256492,16.181677,,1.583504,,2.896289,0.697201,0.58434,,,268.491431,,27.028513,,,-9.914127
SBICARD,File 1 (vectorbt),-6.903555,20.136984,,22.010683,0.215445,116404.301577,3280.860315,20.034936,,1.185389,,1.696709,0.400149,0.596704,,,1092.494354,,16.404302,,,-7.770403
SBICARD,File 2 (custom),-6.796858,20.216667,,22.088495,0.141337,115691.921529,3138.384306,20.088429,,1.179154,,1.662828,0.322651,0.164733,,,550.332287,,15.691922,,,-7.662841
SBILIFE,File 1 (vectorbt),-5.457698,14.035529,,16.314729,0.037196,103844.932945,640.822157,19.392264,,1.040414,,1.167123,0.119661,0.178796,,,1232.584478,,3.844933,,,-6.027039
SBILIFE,File 2 (custom),-5.352445,14.038237,,16.23209,0.021261,103176.103587,529.350598,19.38218,,1.036881,,1.137524,0.091001,0.065726,,,611.415758,,3.176104,,,-5.921218
SBIN,File 1 (vectorbt),-6.564154,19.280842,,29.003562,0.08792,142005.243649,1555.749765,22.397761,,1.123498,,1.269225,0.246924,0.364502,,,6994.850707,,42.005244,,,-11.85289
SBIN,File 2 (custom),-6.321832,19.341028,,29.074387,0.059158,141482.242493,1536.379352,22.670052,,1.122525,,1.26973,0.204433,0.094872,,,3508.398287,,41.482242,,,-11.741249
SCHAEFFLER,File 1 (vectorbt),-7.81782,24.878621,,37.674926,0.007121,106895.796282,481.091543,47.492871,,1.052273,160.514674,1.060324,0.082271,0.130354,,,3929.581199,,6.895796,,,-11.026386
SCHAEFFLER,File 2 (custom),-7.71021,24.953567,,37.737088,0.004023,105657.081561,392.810303,47.859654,,1.048124,157.737321,1.049237,0.063092,0.026409,,,1897.760912,,5.657082,,,-10.91557
SCHAND,File 1 (vectorbt),-11.612873,27.074514,,29.049377,0.057162,111424.202269,2284.840454,34.583165,,1.194071,,1.369096,0.205025,0.430761,,,856.306167,,11.424202,,,-13.704695
SCHAND,File 2 (custom),-11.380241,27.147266,,29.120157,0.039029,111287.927899,2257.58558,34.466114,,1.192772,,1.366152,0.169302,0.084007,,,434.095759,,11.287928,,,-13.227513
SCHNEIDER,File 1 (vectorbt),-12.718661,,,-10.182748,-0.140232,50581.644656,-9883.671069,52.116939,,0.728994,,,-0.533718,-0.771013,,,736.090022,,-49.418355,,,-16.634322
SCHNEIDER,File 2 (custom),-12.606155,,,-10.072775,-0.098215,50402.563336,-9919.487333,52.239432,,0.727692,,,-0.445975,-0.194023,,,342.642864,,-49.597437,,,-16.517904
SCI,File 1 (vectorbt),-10.585223,26.089634,,36.840594,0.05842,146434.895666,2579.716426,36.816386,,1.106211,,1.350602,0.215268,0.347182,,,3907.059109,,46.434896,,,-13.799447
SCI,File 2 (custom),-10.474848,25.857916,,36.903591,0.036234,141433.12041,2301.840023,37.099816,,1.099468,,1.318067,0.168455,0.093234,,,1927.22698,,41.43312,,,-13.685862
SCILAL,File 1 (vectorbt),,0.0,,,,,,,0.0,inf,,,inf,inf,,,,,,,,
SCILAL,File 2 (custom),,,,,,,,0.0,100.0,,,,,,,,,,,,,
SCPL,File 1 (vectorbt),,0.0,,,,,,,0.0,inf,,,inf,inf,,,,,,,,
SCPL,File 2 (custom),,,,,,,,0.0,100.0,,,,,,,,,,,,,
SDBL,File 1 (vectorbt),,32.955244,,35.515911,0.489106,176617.996597,38308.998298,,,1.715211,,,0.736414,1.449492,,,537.423578,,76.617997,,,30.394577
SDBL,File 2 (custom),0.0,33.022122,,35.58023,0.332242,176166.11014,38083.05507,,,1.712062,,,0.610834,0.266962,,,306.643147,,76.16611,,,30.464013
SEAMECLTD,File 1 (vectorbt),-10.783371,44.896385,,46.394357,-0.060697,53226.414339,-3340.970404,63.918739,,0.871883,,0.639857,-0.210456,-0.342279,,,2671.178701,,-46.773586,,,-13.815381
SEAMECLTD,File 2 (custom),-10.672798,44.951334,,46.447809,-0.042706,52722.036845,-3376.997368,64.044352,,0.869387,,0.635809,-0.178661,-0.08281,,,1303.288707,,-47.277963,,,-13.701779
SECMARK,File 1 (vectorbt),,0.0,,,,,,,0.0,inf,,,inf,inf,,,,,,,,
SECMARK,File 2 (custom),,,,,,,,0.0,100.0,,,,,,,,,,,,,
SECURKLOUD,File 1 (vectorbt),-12.892522,45.109447,,50.889083,0.683331,230794.293367,26158.858673,17.975141,,1.422667,,3.139711,0.653273,1.287976,,,1864.144259,,130.794293,,,-17.364145
SECURKLOUD,File 2 (custom),-12.779842,43.779213,,50.938045,0.443349,222819.223859,24563.844772,17.961983,,1.407063,,3.056532,0.525066,0.341047,,,973.305594,,122.819224,,,-17.246998
SEJALLTD,File 1 (vectorbt),-11.919007,33.83934,,33.83934,-0.135904,91415.681594,-2146.079601,28.782632,,0.959189,,0.748378,-0.119063,-0.170104,,,716.660592,,-8.584318,,,-13.969097
SEJALLTD,File 2 (custom),-11.069194,30.029713,,30.029713,-0.109281,90680.100033,-2329.974992,27.070181,,0.950582,,0.711389,-0.119787,-0.075933,,,355.377921,,-9.3199,,,-12.652877
SELAN,File 1 (vectorbt),-9.297865,35.595034,,42.045502,0.224179,169515.800705,6319.618246,19.213657,,1.310106,,1.713063,0.365751,0.720168,,,3109.335862,,69.515801,,,-10.654926
SELAN,File 2 (custom),-9.077173,34.202235,,42.103299,0.139244,161866.295488,5624.208681,19.335955,,1.286606,,1.646077,0.285772,0.136248,,,1564.62005,,61.866295,,,-10.544481
SELMC,File 1 (vectorbt),,0.0,,,,,,,0.0,inf,,,inf,inf,,,,,,,,
SELMC,File 2 (custom),,,,,,,,0.0,100.0,,,,,,,,,,,,,
SEMAC,File 1 (vectorbt),-12.489348,,,-8.715848,-0.130333,26264.322218,-7373.567778,76.020363,,0.585405,,,-0.759362,-0.902342,,,1121.077842,,-73.735678,,,-16.140112
SEMAC,File 2 (custom),-11.109214,,,-7.237513,-0.086135,30308.126288,-6969.187371,72.323279,,0.610832,,,-0.594779,-0.168558,,,561.874952,,-69.691874,,,-15.54632
SENCO,File 1 (vectorbt),,25.199949,,25.471387,7.660635,156686.505157,28343.252579,5.248801,,2.767514,,,2.288796,5.691747,,,506.550913,,56.686505,,,24.928511
SENCO,File 2 (custom),0.0,25.274574,,25.545741,4.976833,156089.804962,28044.902481,5.230297,,2.758113,,,1.90349,1.642601,,,280.245882,,56.089805,,,25.003407
SENORES,File 1 (vectorbt),,0.0,,,,,,,0.0,inf,,,inf,inf,,,,,,,,
SENORES,File 2 (custom),,,,,,,,0.0,100.0,,,,,,,,,,,,,
SEPC,File 1 (vectorbt),-14.470013,35.602289,,43.097306,-0.093728,44776.644127,-5020.305079,70.626619,,0.862162,,0.469253,-0.271308,-0.439017,,,1644.853767,,-55.223356,,,-18.505332
SEPC,File 2 (custom),-14.327005,35.666522,,43.154052,-0.065793,44479.613348,-5047.307877,70.76543,,0.860643,,0.466865,-0.228343,-0.124019,,,794.187101,,-55.520387,,,-18.387045
SEQUENT,File 1 (vectorbt),-13.024672,28.251613,,28.251613,-0.149137,73403.45361,-5319.309278,32.093806,,0.880944,,0.444214,-0.258766,-0.35753,,,857.621898,,-26.596546,,,-14.398509
SEQUENT,File 2 (custom),-12.91186,28.32319,,28.32319,-0.104851,73092.28693,-5381.542614,32.184298,,0.878934,,0.439501,-0.218909,-0.097072,,,414.559025,,-26.907713,,,-14.284325
SERVOTECH,File 1 (vectorbt),-13.293342,41.714831,,41.714831,-0.087653,92329.952009,-1917.511998,24.477021,,0.98569,,0.820558,-0.02961,-0.041143,,,807.706018,,-7.670048,,,-15.851982
SERVOTECH,File 2 (custom),-12.947482,41.772958,,41.772958,-0.057394,92720.069514,-1819.982622,24.537058,,0.988484,,0.827362,-0.019784,-0.008379,,,400.898688,,-7.27993,,,-15.736345
SESHAPAPER,File 1 (vectorbt),-10.936924,31.747332,,56.495934,0.276331,646114.639706,22754.776654,41.030044,,1.307797,,1.794548,0.63128,1.157678,,,22393.142635,,546.11464,,,-19.989282
SESHAPAPER,File 2 (custom),-10.716629,31.61077,,56.539295,0.187079,627070.37105,21961.26546,40.457989,,1.303164,,1.789632,0.517943,0.373972,,,11185.238361,,527.070371,,,-19.869513
SETCO,File 1 (vectorbt),-9.416141,17.270658,,17.270658,-0.160139,64459.959592,-5077.14863,43.401682,,0.772216,,0.244103,-0.5117,-0.699983,,,1080.881985,,-35.54004,,,-15.101901
SETCO,File 2 (custom),-9.306934,16.868213,,16.868213,-0.114052,63780.387738,-5174.230323,43.541125,,0.76677,,0.233549,-0.43632,-0.209379,,,520.135428,,-36.219612,,,-14.987014
SFL,File 1 (vectorbt),-9.01591,17.419825,,20.039017,-0.086147,85854.518511,-2020.78307,30.112488,,0.928721,,0.680247,-0.169523,-0.248884,,,1306.842095,,-14.145481,,,-11.311736
SFL,File 2 (custom),-8.907103,17.348781,,19.811916,-0.063036,85208.946616,-2113.007626,29.926266,,0.923469,,0.665673,-0.151622,-0.082514,,,640.689879,,-14.791053,,,-11.200635
SGIL,File 1 (vectorbt),-16.404016,,,-16.404016,-0.396643,83612.371396,-16387.628604,16.387629,,0.054894,,,-1.126226,-1.128255,,,183.596167,,-16.387629,,,-16.404016
SGIL,File 2 (custom),-16.287828,,,-16.287828,-0.276732,83571.021164,-16428.978836,16.428979,,0.054667,,,-0.935987,-0.260568,,,83.495863,,-16.428979,,,-16.287828
SGL,File 1 (vectorbt),-13.738651,50.636112,,50.636112,-0.096904,45943.251041,-6006.30544,70.4786,,0.801037,,0.24509,-0.363882,-0.511339,,,1096.809952,,-54.056749,,,-18.667331
SGL,File 2 (custom),-13.203619,50.685327,,50.685327,-0.065957,47369.976485,-5847.780391,69.494402,,0.808953,,0.255493,-0.289111,-0.111403,,,530.118487,,-52.630024,,,-18.548882
SGLTL,File 1 (vectorbt),,0.0,,,,,,,0.0,inf,,,inf,inf,,,,,,,,
SGLTL,File 2 (custom),,,,,,,,0.0,100.0,,,,,,,,,,,,,
SHAH,File 1 (vectorbt),-10.391955,,,-10.391955,-0.749346,89618.426338,-10381.573662,10.381574,,0.412887,,,-1.3353,-1.591316,,,189.608234,,-10.381574,,,-10.391955
SHAH,File 2 (custom),-9.222468,,,-9.222468,-0.522454,90596.256411,-9403.743589,9.403744,,0.438527,,,-1.038697,-0.412778,,,90.685901,,-9.403744,,,-9.222468
SHAHALLOYS,File 1 (vectorbt),-14.168356,45.035784,,48.586178,0.23801,224246.105977,24849.221195,28.600173,,1.286308,,2.919004,0.434333,0.713712,,,1896.639604,,124.246106,,,-17.189065
SHAHALLOYS,File 2 (custom),-11.703955,42.041628,,48.63744,0.178813,220743.253821,24148.650764,25.49534,,1.283304,,3.292104,0.359338,0.165146,,,984.363806,,120.743254,,,-13.397442
SHAILY,File 1 (vectorbt),,,,,0.76912,134043.698974,34043.698974,18.546551,,1.828784,,,1.094287,1.924764,,,234.077977,,34.043699,,,
SHAILY,File 2 (custom),0.0,,,,0.516685,133777.145975,33777.145975,18.531386,,1.824071,,,0.905562,0.441663,,,133.815471,,33.777146,,,
SHAKTIPUMP,File 1 (vectorbt),-11.859689,24.495318,,26.548791,-0.044597,82240.336716,-2537.094755,46.903295,,0.898415,,0.621356,-0.144257,-0.192944,,,993.447938,,-17.759663,,,-16.04653
SHAKTIPUMP,File 2 (custom),-10.70554,24.570647,,26.622069,-0.024484,86527.788674,-1924.601618,43.878577,,0.928864,,0.692966,-0.083848,-0.023572,,,501.354018,,-13.472211,,,-14.902247
SHALBY,File 1 (vectorbt),-11.376193,32.661177,,32.661177,0.029121,104177.097756,1392.365919,27.62767,,1.104566,,1.171485,0.126563,0.201467,,,611.074438,,4.177098,,,-12.557124
SHALBY,File 2 (custom),-11.265028,32.728349,,32.728349,0.018511,103854.016678,1284.672226,27.688849,,1.100866,,1.157407,0.101702,0.032775,,,307.041869,,3.854017,,,-12.444779
SHALPAINTS,File 1 (vectorbt),-12.080599,32.178528,,39.691022,0.043345,122637.54694,2057.958813,42.598261,,1.082424,,1.273305,0.189943,0.308804,,,2086.889736,,22.637547,,,-16.340446
SHALPAINTS,File 2 (custom),-11.550951,32.246182,,39.751171,0.034298,125307.81926,2300.710842,41.002733,,1.086695,,1.31032,0.165818,0.107372,,,1074.810771,,25.307819,,,-16.224321
SHANKARA,File 1 (vectorbt),-9.693614,40.359262,,40.359262,0.109268,114458.052026,4819.350675,22.392316,,1.164379,,1.55907,0.224607,0.415492,,,748.524115,,14.458052,,,-9.710784
SHANKARA,File 2 (custom),-9.554977,40.418743,,40.418743,0.073245,114106.596155,4702.198718,22.449385,,1.161891,,1.544918,0.184171,0.091252,,,380.048877,,14.106596,,,-9.566977
SHANTI,File 1 (vectorbt),-15.123766,43.47588,,43.47588,0.433747,121761.731181,10880.86559,18.358336,,1.775979,,2.440348,0.774678,1.317868,,,391.56657,,21.761731,,,-15.123766
SHANTI,File 2 (custom),-15.008857,37.268237,,37.268237,0.22343,116200.907163,8100.453582,18.423475,,1.598393,,2.067479,0.519717,0.172391,,,201.208144,,16.200907,,,-15.008857
SHANTIGEAR,File 1 (vectorbt),-9.655061,30.813608,,45.805919,0.107979,225023.836503,5953.516024,43.302556,,1.183628,,1.637722,0.345145,0.56859,,,6348.183412,,125.023837,,,-14.458485
SHANTIGEAR,File 2 (custom),-9.287816,30.78372,,45.859959,0.076611,227335.719642,6063.605697,42.374369,,1.185784,,1.652982,0.290129,0.15583,,,3270.974583,,127.33572,,,-14.344241
SHARDACROP,File 1 (vectorbt),-9.67931,28.568385,,37.261936,0.096646,127043.994625,3380.499328,34.549125,,1.087938,,1.492168,0.260664,0.408847,,,1717.651661,,27.043995,,,-13.347078
SHARDACROP,File 2 (custom),-9.527077,28.639645,,37.324511,0.064927,126294.208839,3286.776105,34.441996,,1.086573,,1.478979,0.213616,0.162625,,,868.552773,,26.294209,,,-13.233944
SHARDAMOTR,File 1 (vectorbt),-10.246842,26.700353,,32.834865,0.031404,105957.890992,661.987888,27.927621,,1.083636,,1.08067,0.132687,0.237976,,,2041.209785,,5.957891,,,-14.556972
SHARDAMOTR,File 2 (custom),-9.676435,26.744726,,32.901863,0.03312,108461.780213,940.197801,25.657734,,1.09741,,1.118877,0.127613,0.070346,,,1031.249769,,8.46178,,,-11.68041
SHAREINDIA,File 1 (vectorbt),-9.158119,32.340177,,35.171925,0.686624,144390.279338,11097.569834,17.478864,,1.70417,,2.451449,0.845268,1.821705,,,1166.58201,,44.390279,,,-10.499638
SHAREINDIA,File 2 (custom),-9.04917,32.407669,,35.236589,0.456126,143723.045393,10930.761348,17.611079,,1.694354,,2.423203,0.696744,0.404608,,,603.474123,,43.723045,,,-10.389348
SHEKHAWATI,File 1 (vectorbt),,0.0,,,,,,,0.0,inf,,,inf,inf,,,,,,,,
SHEKHAWATI,File 2 (custom),,,,,,,,0.0,100.0,,,,,,,,,,,,,
SHEMAROO,File 1 (vectorbt),-11.022099,38.458498,,40.953157,0.087912,119249.914826,3208.319138,27.877391,,1.140597,,1.294498,0.221899,0.39237,,,1635.40467,,19.249915,,,-19.861087
SHEMAROO,File 2 (custom),-10.911287,38.519878,,41.012045,0.05817,118538.61884,3089.769807,27.985595,,1.137398,,1.282891,0.180694,0.093068,,,824.773301,,18.538619,,,-19.741445
SHILPAMED,File 1 (vectorbt),-10.306935,24.522964,,28.641371,-0.085486,58170.585956,-2987.815289,58.61251,,0.929469,,0.62241,-0.190481,-0.28078,,,2677.486223,,-41.829414,,,-12.90582
SHILPAMED,File 2 (custom),-10.196838,24.598266,,28.712558,-0.06038,57559.889837,-3031.43644,58.851995,,0.927227,,0.616457,-0.163526,-0.10038,,,1307.851257,,-42.44011,,,-12.793127
SHIVALIK,File 1 (vectorbt),,22.700604,,22.700604,1.338023,122677.926404,22677.926404,6.604433,,1.620957,,,0.864057,1.640491,,,222.700827,,22.677926,,,22.700604
SHIVALIK,File 2 (custom),0.0,22.777727,,22.777727,0.906104,122433.007802,22433.007802,6.577725,,1.617449,,,0.715514,0.375795,,,122.113941,,22.433008,,,22.777727
SHIVAMAUTO,File 1 (vectorbt),-10.859992,42.157825,,65.247553,0.28748,318123.819849,21812.381985,34.726553,,1.355271,,2.430547,0.590991,1.074923,,,4960.381738,,218.12382,,,-12.799946
SHIVAMAUTO,File 2 (custom),-10.497069,41.932347,,65.282171,0.198683,315859.210091,21585.921009,33.958979,,1.354214,,2.446532,0.488976,0.284241,,,2580.056314,,215.85921,,,-12.687359
SHIVAMILLS,File 1 (vectorbt),-14.309413,,,-12.488827,-0.160396,73420.188871,-13289.905564,37.559299,,0.846163,,,-0.1995,-0.350504,,,341.166179,,-26.579811,,,-16.13
SHIVAMILLS,File 2 (custom),-14.195318,,,-12.37655,-0.112068,73311.186287,-13344.406856,37.645806,,0.845142,,,-0.167061,-0.069911,,,157.197291,,-26.688814,,,-16.014086
SHIVATEX,File 1 (vectorbt),,43.618225,,43.618225,1.597527,143574.650175,43574.650175,4.614599,,5.449153,,,0.692213,3.76719,,,243.618468,,43.57465,,,43.618225
SHIVATEX,File 2 (custom),0.0,43.67445,,43.67445,1.086778,143355.956858,43355.956858,4.611474,,5.432596,,,0.575027,0.277664,,,143.42694,,43.355957,,,43.67445
SHK,File 1 (vectorbt),-7.572165,40.899799,,40.958043,0.260047,156669.106927,11333.821385,27.410374,,1.230775,,2.911459,0.475677,0.821239,,,1254.805162,,56.669107,,,-9.020206
SHK,File 2 (custom),-7.423013,40.95874,,41.016926,0.175471,156037.215219,11207.443044,27.489914,,1.229015,,2.884567,0.392701,0.253386,,,654.487194,,56.037215,,,-8.786034
SHOPERSTOP,File 1 (vectorbt),-8.842415,25.339627,,32.820992,0.033899,116770.787063,1397.565589,33.83572,,1.08193,,1.208956,0.151372,0.235958,,,2577.774163,,16.770787,,,-14.815946
SHOPERSTOP,File 2 (custom),-7.847302,25.414113,,32.888004,0.037097,124994.586744,2082.882229,30.716184,,1.103052,,1.332218,0.157563,0.076762,,,1359.466223,,24.994587,,,-10.171785
SHRADHA,File 1 (vectorbt),-10.614569,41.878132,,41.878132,0.195938,113322.60686,4440.868953,20.611887,,1.201774,,1.567174,0.337465,0.4783,,,638.923508,,13.322607,,,-12.021301
SHRADHA,File 2 (custom),-10.504165,37.861703,,37.861703,0.09917,109733.495276,3244.498425,20.679982,,1.160163,,1.417588,0.226188,0.079102,,,318.899312,,9.733495,,,-11.909491
SHREDIGCEM,File 1 (vectorbt),-9.137669,22.112895,,22.112895,-0.210432,75602.334973,-4066.277505,32.241471,,0.872062,,0.396941,-0.365184,-0.533202,,,1006.168775,,-24.397665,,,-11.382031
SHREDIGCEM,File 2 (custom),-8.843919,22.190605,,22.190605,-0.143757,75947.808394,-4008.698601,32.412519,,0.874092,,0.398089,-0.298267,-0.190507,,,490.335705,,-24.052192,,,-11.27086
SHREECEM,File 1 (vectorbt),-8.917095,41.464928,,55.979646,0.045865,163026.407936,3501.467108,63.41655,,1.09961,,1.211859,0.242728,0.371491,,,7882.725301,,63.026408,,,-17.370887
SHREECEM,File 2 (custom),-8.095893,39.483546,,56.023522,0.037673,173054.2232,4058.567956,59.620804,,1.107665,,1.279799,0.217396,0.133086,,,3808.462417,,73.054223,,,-14.472569
SHREEPUSHK,File 1 (vectorbt),-11.55617,43.959381,,49.779132,0.219454,160966.083177,7620.760397,33.890229,,1.147378,,1.508541,0.416954,0.654361,,,2971.926555,,60.966083,,,-13.272171
SHREEPUSHK,File 2 (custom),-11.322057,44.015266,,49.829203,0.150538,160693.845873,7586.730734,33.606474,,1.147052,,1.510397,0.345866,0.25313,,,1511.910974,,60.693846,,,-13.159112
SHREERAMA,File 1 (vectorbt),-14.977349,37.316015,,47.362469,-0.1237,18410.894721,-4294.163436,82.080129,,0.865219,,0.260308,-0.334511,-0.484649,,,1425.047187,,-81.589105,,,-30.857856
SHREERAMA,File 2 (custom),-14.644595,34.321906,,47.414954,-0.088294,17547.150962,-4339.623634,82.905571,,0.85874,,0.23502,-0.293556,-0.159564,,,654.42067,,-82.452849,,,-30.727229
SHRENIK,File 1 (vectorbt),-16.222672,,,-14.417877,-0.283121,70181.056014,-14909.471993,29.883733,,0.106679,,,-1.301148,-1.339115,,,341.344631,,-29.818944,,,-18.027467
SHRENIK,File 2 (custom),-14.544701,,,-12.661219,-0.19539,72700.409545,-13649.795227,27.366699,,0.11707,,,-1.029813,-0.190381,,,160.015671,,-27.29959,,,-16.428183
SHREYANIND,File 1 (vectorbt),-12.729973,28.403313,,33.618315,-0.029121,81212.577301,-1878.74227,61.52951,,0.98794,,0.81246,-0.019386,-0.027521,,,2155.893081,,-18.787423,,,-16.224855
SHREYANIND,File 2 (custom),-12.241867,28.269309,,33.068243,-0.019017,82425.555316,-1757.444468,60.611541,,0.992078,,0.82064,-0.010554,-0.003593,,,1079.567865,,-17.574445,,,-16.108846
SHRIPISTON,File 1 (vectorbt),-11.090701,32.437686,,32.437686,-0.125134,73559.429084,-4406.761819,39.276336,,0.708048,,0.426679,-0.456759,-0.639798,,,922.464671,,-26.440571,,,-12.774825
SHRIPISTON,File 2 (custom),-10.935301,32.505081,,32.505081,-0.088454,73288.868789,-4451.855202,39.115747,,0.701083,,0.417315,-0.391455,-0.128779,,,443.049247,,-26.711131,,,-12.439661
SHRIRAMFIN,File 1 (vectorbt),-9.257041,33.003165,,85.198743,0.128359,254108.082369,5803.527272,42.81871,,1.233871,26430.482396,1.372196,0.364885,0.650855,,,10838.477153,,154.108082,,,-21.247912
SHRIRAMFIN,File 2 (custom),-9.077857,32.488799,,85.21343,0.082117,242364.272726,5327.431974,43.459922,,1.224318,25160.769293,1.352353,0.292643,0.152248,,,5198.963347,,142.364273,,,-21.126885
SHRIRAMPPS,File 1 (vectorbt),-10.583951,,,-10.583951,-0.431248,89426.622181,-10573.377819,10.573378,,0.170025,,,-1.093933,-1.118666,,,189.416238,,-10.573378,,,-10.583951
SHRIRAMPPS,File 2 (custom),-10.473578,,,-10.473578,-0.299967,89354.328344,-10645.671656,10.645672,,0.168923,,,-0.912278,-0.13586,,,89.380062,,-10.645672,,,-10.473578
SHYAMCENT,File 1 (vectorbt),-15.901679,49.6003,,49.6003,-0.118773,62853.521489,-6191.079752,56.188319,,0.853519,,0.477847,-0.334353,-0.467384,,,990.41129,,-37.146479,,,-18.555934
SHYAMCENT,File 2 (custom),-14.681238,43.497294,,43.497294,-0.080857,64010.110907,-5998.314849,55.381001,,0.856505,,0.459925,-0.269276,-0.145225,,,479.939856,,-35.989889,,,-18.105213
SHYAMMETL,File 1 (vectorbt),-7.603808,21.046126,,21.046126,0.065472,103333.804268,1111.268089,18.485473,,1.094111,,1.188443,0.166215,0.251059,,,667.847618,,3.333804,,,-8.101701
SHYAMMETL,File 2 (custom),-7.496412,21.124901,,21.124901,0.040455,103001.092752,1000.364251,18.581418,,1.087625,,1.168603,0.129086,0.054222,,,334.060714,,3.001093,,,-7.993807
SHYAMTEL,File 1 (vectorbt),-11.01163,,,-10.04567,-0.110738,62728.071114,-9317.982222,39.026645,,0.220098,,,-0.829731,-0.874511,,,636.302614,,-37.271929,,,-12.144703
SHYAMTEL,File 2 (custom),-9.826423,,,-5.848445,-0.07512,65507.040485,-8623.239879,36.324809,,0.237312,,,-0.653777,-0.090529,,,302.128735,,-34.49296,,,-12.03277
SIEMENS,File 1 (vectorbt),-7.597347,22.676852,,43.921093,0.04964,140124.363214,1724.382351,38.270832,,1.082706,-1260.813199,1.401478,0.20365,0.286194,,,4190.757867,,40.124363,,,-15.223436
SIEMENS,File 2 (custom),-7.185876,22.753998,,43.977016,0.03909,143856.784733,1880.760756,36.08182,,1.087156,-1281.473415,1.436546,0.178241,0.091605,,,2115.986759,,43.856785,,,-15.108428
SIGACHI,File 1 (vectorbt),-15.178119,,,-15.178119,-0.426385,84837.04347,-15162.95653,15.162957,,0.064537,,,-0.752768,-0.755111,,,184.822065,,-15.162957,,,-15.178119
SIGACHI,File 2 (custom),-15.063156,,,-15.063156,-0.297497,84768.559117,-15231.440883,15.231441,,0.064258,,,-0.625844,-0.06627,,,84.844085,,-15.231441,,,-15.063156
SIGIND,File 1 (vectorbt),-15.235145,,,-14.170382,-0.255252,60929.158385,-13023.613872,39.757058,,0.44784,,,-1.022841,-1.23769,,,475.108283,,-39.070842,,,-16.057726
SIGIND,File 2 (custom),-14.624929,,,-14.056426,-0.177963,61857.228939,-12714.25702,38.839396,,0.455633,,,-0.831807,-0.237672,,,218.966711,,-38.142771,,,-15.362065
SIGMA,File 1 (vectorbt),-12.157048,,,-12.157048,-0.270328,87855.097371,-12144.902629,32.800843,,0.930727,,,-0.24374,-0.391784,,,187.84314,,-12.144903,,,-12.157048
SIGMA,File 2 (custom),-12.045102,,,-12.045102,-0.190011,87822.058713,-12177.941287,32.770633,,0.930039,,,-0.205022,-0.202738,,,87.558617,,-12.177941,,,-12.045102
SIGNATURE,File 1 (vectorbt),-8.146702,,,-7.23865,-0.602856,84377.006284,-7811.496858,22.083381,,0.852877,,,-0.532738,-0.651179,,,366.270333,,-15.622994,,,-9.054754
SIGNATURE,File 2 (custom),-8.038763,,,-7.131618,-0.426716,84283.724724,-7858.137638,22.148312,,0.851325,,,-0.4479,-0.257239,,,174.5872,,-15.716275,,,-8.945908
SIGNPOST,File 1 (vectorbt),-11.583022,,,-11.583022,-1.057507,88428.54902,-11571.45098,11.727176,,0.321743,,,-1.261514,-1.472408,,,188.417166,,-11.571451,,,-11.583022
SIGNPOST,File 2 (custom),-11.471651,,,-11.471651,-0.745088,88364.279199,-11635.720801,11.791162,,0.320151,,,-1.05807,-0.291604,,,88.342653,,-11.635721,,,-11.471651
SIKKO,File 1 (vectorbt),-20.92527,39.222287,,39.222287,-0.22319,65292.10769,-8676.973078,51.626795,,0.829352,,0.400187,-0.176883,-0.188083,,,594.297591,,-34.707892,,,-40.942415
SIKKO,File 2 (custom),-13.07871,39.282904,,39.282904,-0.059549,90555.61369,-2361.096577,32.708149,,0.998334,,0.772416,-0.001669,-0.000314,,,388.812341,,-9.444386,,,-17.624146
SIL,File 1 (vectorbt),-12.792871,27.650459,,27.650459,-0.077305,56082.906963,-6273.870434,56.055743,,0.775677,,0.386118,-0.364757,-0.505453,,,1258.782129,,-43.917093,,,-16.906435
SIL,File 2 (custom),-12.026821,27.722637,,27.722637,-0.051892,58246.054766,-5964.849319,54.304334,,0.788237,,0.396786,-0.284309,-0.100805,,,614.342112,,-41.753945,,,-16.789745
SILGO,File 1 (vectorbt),,43.531824,,44.829553,2.139152,205872.216218,52936.108109,13.056924,,1.856713,,,1.251584,3.091719,,,595.54822,,105.872216,,,42.234094
SILGO,File 2 (custom),0.0,41.171851,,44.884568,1.340749,198333.729566,49166.864783,13.053047,,1.814934,,,0.999445,0.966842,,,343.202501,,98.33373,,,37.459133
SILINV,File 1 (vectorbt),-11.826158,38.782104,,50.038971,0.247904,222105.885213,15263.235652,30.303605,,1.240751,,2.244136,0.470004,0.800264,,,2945.452703,,122.105885,,,-15.927548
SILINV,File 2 (custom),-11.714544,33.269699,,36.497156,0.132888,188128.337426,11016.042178,30.401553,,1.197334,,2.050215,0.332847,0.18965,,,1312.156723,,88.128337,,,-15.811836
SILLYMONKS,File 1 (vectorbt),-15.571735,,,-13.342835,-0.229739,71258.008341,-14370.99583,41.544933,,0.921369,,,-0.275099,-0.383926,,,335.663897,,-28.741992,,,-17.800635
SILLYMONKS,File 2 (custom),-15.456379,,,-13.229705,-0.161434,71143.749032,-14428.125484,41.638453,,0.920886,,,-0.230195,-0.170798,,,153.43371,,-28.856251,,,-17.683052
SILVERTUC,File 1 (vectorbt),-7.304774,37.795301,,41.228166,0.741169,185269.343045,25271.285123,22.225656,,1.26486,9455.487675,6.477903,0.724542,1.203927,,,1099.492618,,85.269343,,,-7.304774
SILVERTUC,File 2 (custom),-7.197676,35.610737,,36.793567,0.469603,178674.242903,23191.993961,22.182018,,1.251302,9098.261021,6.162461,0.577867,0.457674,,,486.478044,,78.674243,,,-7.197676
SIMBHALS,File 1 (vectorbt),-13.250432,,,-11.461237,-0.156533,65292.25278,-11569.249073,41.806647,,0.821124,,,-0.358212,-0.522988,,,484.116447,,-34.707747,,,-14.319818
SIMBHALS,File 2 (custom),-13.137394,,,-11.349987,-0.109448,65128.418534,-11623.860489,41.951928,,0.82012,,,-0.299507,-0.13911,,,224.568182,,-34.871581,,,-14.205712
SIMPLEXINF,File 1 (vectorbt),-12.912837,33.969895,,44.86742,0.259947,391499.834355,16194.435242,41.886099,,1.368164,,2.709406,0.705294,1.109301,,,5773.06608,,291.499834,,,-18.927516
SIMPLEXINF,File 2 (custom),-12.792545,32.884518,,44.922397,0.162629,354701.66496,14150.092498,42.080431,,1.343965,,2.519918,0.552206,0.275294,,,2897.349775,,254.701665,,,-18.808807
SINCLAIR,File 1 (vectorbt),-13.039312,,,-13.039312,-1.147932,86973.714243,-13026.285757,13.562912,,0.383048,,,-1.401185,-1.633469,,,186.960875,,-13.026286,,,-13.039312
SINCLAIR,File 2 (custom),-12.926486,,,-12.926486,-0.813322,86912.937104,-13087.062896,13.622769,,0.381594,,,-1.172644,-0.500584,,,86.897581,,-13.087063,,,-12.926486
SINDHUTRAD,File 1 (vectorbt),-13.468724,,,-13.468724,-0.406608,86544.731675,-13455.268325,24.529632,,0.675468,,,-0.542922,-0.756174,,,186.531463,,-13.455268,,,-13.468724
SINDHUTRAD,File 2 (custom),-13.355468,,,-13.355468,-0.28612,86473.717623,-13526.282377,24.589917,,0.674073,,,-0.45434,-0.177075,,,86.543247,,-13.526282,,,-13.355468
SINTERCOM,File 1 (vectorbt),,0.0,,,,,,,0.0,inf,,,inf,inf,,,,,,,,
SINTERCOM,File 2 (custom),,,,,,,,0.0,100.0,,,,,,,,,,,,,
SIRCA,File 1 (vectorbt),-9.067206,28.958292,,28.958292,-0.024435,96963.076933,-759.230767,26.633832,,0.975275,,0.904996,-0.037886,-0.061148,,,900.51362,,-3.036923,,,-9.891278
SIRCA,File 2 (custom),-8.958348,26.288324,,26.288324,-0.030426,94551.766258,-1362.058435,26.804467,,0.932597,,0.826865,-0.087627,-0.038019,,,438.09853,,-5.448234,,,-9.781597
SIS,File 1 (vectorbt),-8.361544,,,-7.229409,-0.207519,76964.704411,-7678.431863,23.035296,,0.61062,,,-0.574597,-0.803535,,,524.098568,,-23.035296,,,-9.387127
SIS,File 2 (custom),-8.203759,,,-7.122387,-0.144374,76940.892561,-7686.369146,23.059107,,0.609465,,,-0.478763,-0.145579,,,249.924616,,-23.059107,,,-9.277949
SIYSIL,File 1 (vectorbt),-10.021329,28.388457,,39.060907,0.459211,335515.59656,19626.299713,22.58197,,1.377142,,3.182112,0.673544,1.109545,,,4986.887716,,235.515597,,,-14.863174
SIYSIL,File 2 (custom),-9.911518,28.245283,,37.619389,0.304784,327325.312971,18943.776081,22.641283,,1.370065,,3.116698,0.550609,0.278413,,,2573.093966,,227.325313,,,-14.748525
SJS,File 1 (vectorbt),-8.19337,28.123232,,28.123232,-0.015458,99142.630143,-214.342464,22.602346,,1.029728,,0.970387,0.050134,0.075344,,,904.316378,,-0.85737,,,-8.676918
SJS,File 2 (custom),-8.085385,28.194937,,28.194937,-0.015274,98767.73642,-308.065895,22.741578,,1.023319,,0.957615,0.032832,0.013541,,,449.297847,,-1.232264,,,-8.568449
SJVN,File 1 (vectorbt),-10.421772,21.609598,,29.848181,0.114038,150521.688417,8662.380555,35.714355,,1.102192,7209.785641,2.36886,0.318202,0.472187,,,1423.65905,,50.521688,,,-15.545458
SJVN,File 2 (custom),-10.31156,21.685871,,29.912343,0.07714,149723.455022,8510.605429,35.74832,,1.101182,7170.427875,2.342053,0.262061,0.188147,,,659.997137,,49.723455,,,-15.430127
SKFINDIA,File 1 (vectorbt),-6.829917,25.432317,,38.29469,0.077476,140369.241695,2523.077606,31.632714,,1.101311,,1.315448,0.250463,0.401344,,,5148.010264,,40.369242,,,-13.091794
SKFINDIA,File 2 (custom),-6.677136,25.50671,,38.356234,0.052744,139455.606403,2465.9754,31.339735,,1.100155,,1.310609,0.205754,0.136568,,,2566.381852,,39.455606,,,-12.978916
SKIPPER,File 1 (vectorbt),-11.891443,34.332429,,36.389498,-0.002211,99238.305388,-76.169461,50.493071,,1.045198,,0.989827,0.10183,0.158584,,,1688.305894,,-0.761695,,,-19.894111
SKIPPER,File 2 (custom),-11.779763,34.397931,,36.452945,-0.003424,98296.633477,-170.336652,50.579054,,1.042204,,0.977285,0.079201,0.045308,,,838.957581,,-1.703367,,,-19.774437
SKMEGGPROD,File 1 (vectorbt),-11.417276,48.834026,,69.946197,-0.033131,72732.491019,-2478.864453,63.356264,,0.98922,,0.768297,-0.018334,-0.027588,,,2386.642477,,-27.267509,,,-14.095522
SKMEGGPROD,File 2 (custom),-11.30607,48.408727,,69.976121,-0.024111,71485.712774,-2592.20793,63.553422,,0.98562,,0.756465,-0.02036,-0.008225,,,1166.188595,,-28.514287,,,-13.98164
SKYGOLD,File 1 (vectorbt),-11.197694,,,-11.057253,-0.569358,78878.168193,-10560.915904,23.175302,,0.165455,,,-1.63801,-1.712544,,,356.76499,,-21.121832,,,-11.338135
SKYGOLD,File 2 (custom),-10.99081,,,-10.946406,-0.401389,78944.647966,-10527.676017,23.110326,,0.165925,,,-1.361833,-0.371697,,,167.679497,,-21.055352,,,-11.035214
SMARTLINK,File 1 (vectorbt),-12.723234,27.64911,,29.175411,-0.036319,81776.604943,-2574.74394,51.135749,,0.957956,-200.187477,0.637075,-0.071029,-0.112845,,,1050.41603,,-18.223395,,,-19.214784
SMARTLINK,File 2 (custom),-12.122385,27.721289,,29.246065,-0.022987,83583.381398,-2316.036818,49.90109,,0.965868,-204.360879,0.664977,-0.04779,-0.021622,,,487.609707,,-16.416619,,,-19.095788
SMCGLOBAL,File 1 (vectorbt),-8.453233,35.119129,,35.119129,0.307278,113198.688484,4399.562828,13.991301,,1.218093,,1.6777,0.396413,0.684468,,,651.088608,,13.198688,,,-10.031412
SMCGLOBAL,File 2 (custom),-8.344988,35.183845,,35.183845,0.204135,112831.809452,4277.269817,14.061854,,1.212683,,1.654051,0.323086,0.182864,,,331.457892,,12.831809,,,-9.92159
SMLISUZU,File 1 (vectorbt),-9.35696,28.095017,,32.986233,-0.054912,74542.944412,-1497.473858,53.948038,,0.972418,,0.773429,-0.067831,-0.105724,,,2987.260477,,-25.457056,,,-16.06214
SMLISUZU,File 2 (custom),-8.623996,28.166751,,33.05308,-0.02898,80458.784882,-1149.483242,52.612947,,0.987385,,0.824512,-0.025778,-0.016867,,,1571.443891,,-19.541215,,,-15.946294
SMLT,File 1 (vectorbt),,56.152836,,56.152836,1.282994,156096.739629,56096.739629,15.752508,,1.305331,,,0.83134,1.371492,,,256.153093,,56.09674,,,56.152836
SMLT,File 2 (custom),0.0,56.19654,,56.19654,0.857484,155833.89441,55833.89441,15.740088,,1.304434,,,0.69018,0.539818,,,155.899313,,55.833894,,,56.19654
SMSLIFE,File 1 (vectorbt),-14.28759,,,-12.54593,-0.198962,62925.033849,-12358.32205,41.805126,,0.792792,,,-0.492752,-0.710744,,,471.392232,,-37.074966,,,-17.707572
SMSLIFE,File 2 (custom),-13.018531,,,-8.96864,-0.135485,65317.58295,-11560.805683,39.586298,,0.807397,,,-0.377173,-0.202785,,,219.094334,,-34.682417,,,-17.590082
SMSPHARMA,File 1 (vectorbt),-12.79953,31.159341,,33.129381,-0.001838,98850.346172,-127.739314,51.600122,,1.043241,,0.98368,0.055467,0.087578,,,1533.772084,,-1.149654,,,-16.435162
SMSPHARMA,File 2 (custom),-11.969789,31.228013,,33.196085,0.003378,102980.651944,331.183549,49.317172,,1.063392,,1.044059,0.067277,0.023452,,,792.097765,,2.980652,,,-16.141288
SNOWMAN,File 1 (vectorbt),-11.273434,,,-8.225289,-0.181856,48774.973829,-8537.504362,51.460704,,0.566689,,,-0.876061,-1.161342,,,844.165243,,-51.225026,,,-13.241676
SNOWMAN,File 2 (custom),-11.162372,,,-8.117272,-0.127708,48533.750308,-8577.708282,51.700544,,0.564872,,,-0.731698,-0.278823,,,395.696846,,-51.46625,,,-13.128647
SOBHA,File 1 (vectorbt),-9.93708,34.913669,,56.501161,0.006744,104330.692956,393.69936,50.239961,,1.051981,,1.048923,0.089715,0.1425,,,2311.754664,,4.330693,,,-11.111489
SOBHA,File 2 (custom),-9.731387,34.97859,,56.544516,0.004559,104220.204927,383.654993,49.994162,,1.051515,,1.047915,0.073927,0.035436,,,1155.88298,,4.220205,,,-10.95343
SOFTTECH,File 1 (vectorbt),-15.594108,39.72889,,39.72889,0.403751,117927.677275,8963.838637,18.768684,,1.344037,,1.823825,0.577686,0.961703,,,497.324504,,17.927677,,,-15.594108
SOFTTECH,File 2 (custom),-13.195034,36.4614,,36.4614,0.276541,117960.12695,8980.063475,18.736034,,1.358035,,1.989704,0.497113,0.255847,,,253.732688,,17.960127,,,-13.195034
SOLARA,File 1 (vectorbt),-7.770979,37.387782,,58.697419,1.243819,374717.596084,34339.69951,25.79032,,1.456812,,5.536279,1.155792,2.100748,,,3686.550732,,274.717596,,,-8.629642
SOLARA,File 2 (custom),-7.663415,37.450232,,58.738581,0.810927,370617.492542,33827.186568,25.876923,,1.453446,,5.459179,0.955855,0.835279,,,1964.632353,,270.617493,,,-8.521221
SOLARINDS,File 1 (vectorbt),-8.568676,19.788975,,22.952286,0.032286,109561.195937,869.199631,25.889279,,1.063814,,1.140494,0.128596,0.199352,,,2332.155237,,9.561196,,,-11.680987
SOLARINDS,File 2 (custom),-8.460315,19.869006,,23.029157,0.020712,108830.203876,802.745807,25.781727,,1.061383,,1.132571,0.102834,0.052125,,,1142.235231,,8.830204,,,-11.569517
SOMANYCERA,File 1 (vectorbt),-13.18599,37.312949,,73.451871,0.174987,281214.375609,12080.958374,,,1.162875,,1.763242,0.35567,0.569114,,,6520.394864,,181.214376,,,-19.398596
SOMANYCERA,File 2 (custom),-12.326589,35.731022,,73.478293,0.115484,271151.6996,11410.113307,,,1.158754,,1.822306,0.289442,0.172372,,,3149.642986,,171.1517,,,-19.279417
SOMATEX,File 1 (vectorbt),-15.736274,37.788199,,37.788199,-0.115096,29316.981552,-7068.301845,70.683018,,0.527641,,0.228585,-0.638137,-0.856922,,,1151.327941,,-70.683018,,,-21.628066
SOMATEX,File 2 (custom),-14.793201,34.818504,,34.818504,-0.078722,31098.587218,-6890.141278,68.901413,,0.534622,,0.228701,-0.521219,-0.140666,,,565.982101,,-68.901413,,,-18.186008
SOMICONVEY,File 1 (vectorbt),-6.819303,47.400202,,56.343563,1.401862,297329.479999,49332.37,14.170628,,2.071845,,13.882512,0.938553,2.378848,,,1578.852354,,197.32948,,,-6.819303
SOMICONVEY,File 2 (custom),-6.71269,44.929742,,48.818355,0.885553,281519.382825,45379.845706,14.248319,,2.018916,,13.330848,0.756758,0.444354,,,842.833437,,181.519383,,,-6.71269
SONACOMS,File 1 (vectorbt),,18.329155,,18.329155,0.725262,118310.844456,18310.844456,8.772475,,1.858383,,,0.745687,1.313118,,,218.329374,,18.310844,,,18.329155
SONACOMS,File 2 (custom),0.0,18.410645,,18.410645,0.492392,118077.600012,18077.600012,8.729604,,1.852313,,,0.617768,0.175911,,,117.664508,,18.0776,,,18.410645
SONAMLTD,File 1 (vectorbt),-9.267337,,,-8.71602,-0.917952,82337.929231,-8831.035384,17.662071,,0.336596,,,-1.706724,-2.061329,,,364.906006,,-17.662071,,,-9.818653
SONAMLTD,File 2 (custom),-9.158279,,,-8.607513,-0.65111,82196.604451,-8901.697774,17.803396,,0.334501,,,-1.429154,-0.875203,,,173.507414,,-17.803396,,,-9.709044
SONATSOFTW,File 1 (vectorbt),-13.259299,30.411367,,42.905144,0.00178,101859.614145,132.829582,58.848215,,1.047561,,1.01866,0.091932,0.154778,,,2138.329782,,1.859614,,,-24.266592
SONATSOFTW,File 2 (custom),-11.720537,30.480786,,42.962082,0.012121,117434.319719,1245.308551,52.174807,,1.070748,,1.183366,0.113438,0.07191,,,1189.511506,,17.43432,,,-21.268649
SOTL,File 1 (vectorbt),-10.006378,20.607307,,20.607307,-0.116193,57647.283846,-5294.089519,43.049415,,0.741553,,0.241516,-0.436401,-0.635731,,,1215.113454,,-42.352716,,,-11.943157
SOTL,File 2 (custom),-8.917039,20.68652,,20.68652,-0.078331,61684.966311,-4789.379211,39.060363,,0.778638,,0.272524,-0.304213,-0.115978,,,615.954517,,-38.315034,,,-11.395684
SOUTHBANK,File 1 (vectorbt),-10.984079,27.851975,,32.433617,0.005199,106273.567546,348.53153,65.498451,,1.048306,,1.031189,0.095335,0.149437,,,5031.125541,,6.273568,,,-18.993965
SOUTHBANK,File 2 (custom),-10.564546,27.923951,,32.501016,0.005268,109149.712702,508.317372,64.210749,,1.053113,,1.046472,0.08737,0.045467,,,2506.195486,,9.149713,,,-18.875189
SOUTHWEST,File 1 (vectorbt),-11.088598,39.099731,,39.099731,-0.016919,97724.134403,-568.966399,32.457404,,1.016051,,0.944943,0.030797,0.043057,,,953.996134,,-2.275866,,,-13.137674
SOUTHWEST,File 2 (custom),-10.977721,39.160471,,39.160471,-0.01352,97359.009576,-660.247606,32.619952,,1.012742,,0.936391,0.020352,0.0081,,,474.962762,,-2.64099,,,-13.024749
SPAL,File 1 (vectorbt),-10.57984,31.18318,,31.18318,-0.147646,74878.944844,-4186.842526,31.796922,,0.727673,,0.475229,-0.410373,-0.640797,,,1029.322848,,-25.121055,,,-14.126268
SPAL,File 2 (custom),-10.46947,31.251828,,31.251828,-0.104042,74503.918787,-4249.346869,31.920019,,0.722912,,0.469134,-0.348732,-0.142796,,,500.102249,,-25.496081,,,-14.012355
SPANDANA,File 1 (vectorbt),-10.121315,,,-9.243575,-0.249585,65278.243353,-8680.439162,40.708179,,0.793607,,,-0.606138,-0.80635,,,650.870567,,-34.721757,,,-10.945019
SPANDANA,File 2 (custom),-10.011404,,,-9.13454,-0.175451,65160.595505,-8709.851124,40.804894,,0.792273,,,-0.507649,-0.28066,,,306.766693,,-34.839404,,,-10.834285
SPARC,File 1 (vectorbt),-9.902396,24.851687,,24.851687,-0.059322,66636.096369,-4766.271947,55.397672,,0.928008,,0.2843,-0.146871,-0.225944,,,974.252982,,-33.363904,,,-13.159658
SPARC,File 2 (custom),-9.792703,24.92666,,24.92666,-0.041667,66228.992236,-4824.429681,55.55025,,0.926424,,0.279071,-0.124864,-0.063765,,,468.600341,,-33.771008,,,-13.046712
SPCENET,File 1 (vectorbt),-17.503112,39.172584,,46.511246,0.663551,181114.224944,16222.844989,24.214048,,2.089707,,2.754234,1.052288,1.644114,,,1309.967521,,81.114225,,,-24.086463
SPCENET,File 2 (custom),-17.385826,35.131206,,41.292174,0.372317,164774.699607,12954.939921,24.265994,,1.922412,,2.457217,0.76331,0.19216,,,652.366392,,64.7747,,,-23.9626
SPECIALITY,File 1 (vectorbt),-10.97486,27.927959,,32.939098,0.065954,115248.402116,3049.680423,24.565714,,1.119288,,1.384655,0.184079,0.30716,,,1136.548455,,15.248402,,,-12.636118
SPECIALITY,File 2 (custom),-10.864096,27.999859,,33.005992,0.04354,114647.307438,2929.461488,24.677934,,1.116341,,1.368164,0.149475,0.068577,,,574.096931,,14.647307,,,-12.523695
SPECTRUM,File 1 (vectorbt),,0.0,,,,,,,,,,,,,,,,,,,,
SPECTRUM,File 2 (custom),,,-20.677669,,,100000.0,,0.0,100.0,,0.0,,,,100000.0,0.0,0.0,0.0,0.0,0.0,,
SPENCERS,File 1 (vectorbt),,28.932844,,28.932844,1.009436,128903.940025,28903.940025,,,2.421148,,,0.703661,2.023672,,,228.933073,,28.90394,,,28.932844
SPENCERS,File 2 (custom),0.0,29.00374,,29.00374,0.687213,128745.674636,28745.674636,,,2.414018,,,0.58458,0.283099,,,128.873449,,28.745675,,,29.00374
SPIC,File 1 (vectorbt),-14.89792,62.405163,,102.099374,-0.061595,43361.522533,-4507.852289,78.661656,,0.920163,1963.602285,0.609092,-0.155877,-0.252197,,,2047.690513,,-56.638477,,,-25.937527
SPIC,File 2 (custom),-14.266956,48.74601,,74.703956,-0.048191,39632.165613,-4781.640358,77.333546,,0.898315,1793.490264,0.522502,-0.179902,-0.091839,,,893.025539,,-60.367834,,,-25.811815
SPLIL,File 1 (vectorbt),-15.607193,51.635738,,90.012796,0.392442,526231.324298,30445.094593,35.812685,,1.295029,,1.977844,0.595891,1.124979,,,9545.661302,,426.231324,,,-25.382644
SPLIL,File 2 (custom),-14.25935,49.970731,,90.022674,0.265126,527769.432065,30554.959433,35.913744,,1.296721,,1.998619,0.500939,0.386542,,,5032.221216,,427.769432,,,-25.257487
SPLPETRO,File 1 (vectorbt),-10.501566,43.929736,,55.125696,0.03967,142473.162784,2359.620155,43.867842,,1.090251,,1.231041,0.185649,0.279874,,,4611.901675,,42.473163,,,-21.023319
SPLPETRO,File 2 (custom),-10.32312,43.98565,,55.170425,0.026876,141379.17836,2298.843242,43.607977,,1.089205,,1.225683,0.152547,0.074514,,,2317.700386,,41.379178,,,-20.902517
SPMLINFRA,File 1 (vectorbt),-15.23821,39.154665,,51.382446,0.028633,116772.939554,3354.587911,54.292757,,1.096093,,1.427956,0.177565,0.270085,,,838.510085,,16.77294,,,-18.344855
SPMLINFRA,File 2 (custom),-14.31661,35.264659,,44.740871,0.016195,113261.978202,2652.39564,53.041834,,1.085023,,1.353332,0.130715,0.060123,,,424.062715,,13.261978,,,-16.318083
SPORTKING,File 1 (vectorbt),-7.514368,,,-7.514368,-0.363455,92493.138821,-7506.861179,10.894403,,0.598321,,,-0.516529,-0.595314,,,192.485824,,-7.506861,,,-7.514368
SPORTKING,File 2 (custom),-7.407061,,,-7.407061,-0.253517,92413.540283,-7586.459717,10.96868,,0.595397,,,-0.433671,-0.084304,,,92.432183,,-7.58646,,,-7.407061
SRD,File 1 (vectorbt),,0.0,,,,,,,0.0,inf,,,inf,inf,,,,,,,,
SRD,File 2 (custom),,,,,,,,0.0,100.0,,,,,,,,,,,,,
SREEL,File 1 (vectorbt),-10.212247,,,-7.905297,-0.17485,58320.839801,-8335.83204,41.67916,,0.759557,,,-0.533867,-0.770474,,,765.120382,,-41.67916,,,-12.748093
SREEL,File 2 (custom),-10.102245,,,-7.797599,-0.122316,58097.60035,-8380.47993,41.9024,,0.757949,,,-0.447111,-0.220853,,,360.943196,,-41.9024,,,-12.635557
SRF,File 1 (vectorbt),-8.659174,23.858633,,35.927694,0.054597,135877.00521,1105.897314,31.492692,,1.113484,15970.853555,1.155084,0.191727,0.312311,,,4437.794538,,35.877005,,,-19.012338
SRF,File 2 (custom),-8.152739,23.934598,,35.991602,0.041577,140090.715145,1326.664723,31.331548,,1.12133,16210.750136,1.19073,0.170297,0.08212,,,2208.710165,,40.090715,,,-18.64309
SRGHFL,File 1 (vectorbt),,0.0,,,,,,,0.0,inf,,,inf,inf,,,,,,,,
SRGHFL,File 2 (custom),,,,,,,,0.0,100.0,,,,,,,,,,,,,
SRHHYPOLTD,File 1 (vectorbt),-15.383291,45.477088,,66.265345,0.181632,194844.848088,7903.737341,32.500002,,1.184399,,1.591961,0.353641,0.610358,,,3508.339369,,94.844848,,,-23.138696
SRHHYPOLTD,File 2 (custom),-14.583616,44.320161,,66.298946,0.125807,196379.384581,8031.615382,32.491792,,1.186849,,1.610127,0.296792,0.180817,,,1833.732998,,96.379385,,,-20.718568
SRM,File 1 (vectorbt),-12.55785,,,-12.55785,-1.094643,87454.69518,-12545.30482,13.499114,,0.477917,,,-1.48413,-1.757731,,,187.442337,,-12.545305,,,-12.55785
SRM,File 2 (custom),-12.445505,,,-12.445505,-0.774682,87384.973628,-12615.026372,13.567671,,0.476311,,,-1.241927,-0.583252,,,87.429518,,-12.615026,,,-12.445505
SSDL,File 1 (vectorbt),,0.0,,,,,,,0.0,inf,,,inf,inf,,,,,,,,
SSDL,File 2 (custom),,,,,,,,0.0,100.0,,,,,,,,,,,,,
SSWL,File 1 (vectorbt),-13.52512,30.834047,,40.291842,0.001737,101282.829373,91.630669,54.6722,,1.04475,,1.01338,0.07874,0.114428,,,2095.660634,,1.282829,,,-21.611301
SSWL,File 2 (custom),-12.540858,30.903044,,40.35139,0.009651,109902.589681,707.327834,50.429591,,1.067976,,1.103724,0.099741,0.041252,,,1133.503677,,9.90259,,,-18.624754
STALLION,File 1 (vectorbt),,0.0,,,,,,,0.0,inf,,,inf,inf,,,,,,,,
STALLION,File 2 (custom),,,,,,,,0.0,100.0,,,,,,,,,,,,,
STANLEY,File 1 (vectorbt),,0.0,,,,,,,0.0,inf,,,inf,inf,,,,,,,,
STANLEY,File 2 (custom),,,,,,,,0.0,100.0,,,,,,,,,,,,,
STAR,File 1 (vectorbt),-10.003232,30.420045,,43.530006,0.217725,514758.009083,18032.956917,49.492461,,1.280127,,1.640568,0.608175,0.952517,,,20888.618875,,414.758009,,,-13.227778
STAR,File 2 (custom),-9.737516,30.058515,,43.58632,0.143762,493850.368251,17123.929054,49.591522,,1.274266,,1.634463,0.496128,0.276607,,,10306.589143,,393.850368,,,-13.114764
STARCEMENT,File 1 (vectorbt),-8.97756,29.292129,,31.397494,0.995317,238721.354583,21873.387942,17.39457,,1.302858,7481.026934,8.657892,0.878553,1.538447,,,1766.14051,,138.721355,,,-9.691939
STARCEMENT,File 2 (custom),-8.868791,29.362667,,31.465928,0.658965,236999.361238,21595.609052,17.531267,,1.300543,7425.706928,8.500597,0.725583,0.681976,,,829.544083,,136.999361,,,-9.582457
STARHEALTH,File 1 (vectorbt),,0.0,,,-0.419299,,,3.656775,,,-3656.7755,,-0.759348,-0.769714,,,99.9001,,-3.656775,,,
STARHEALTH,File 2 (custom),,,,,-0.290173,,,3.649715,,,-3649.714808,,-0.631669,-0.113715,,,0.0,,-3.649715,,,
STARPAPER,File 1 (vectorbt),-13.449188,37.247196,,60.6609,0.11656,275752.67256,9764.037364,54.870348,,1.18058,,1.601709,0.377217,0.631742,,,7337.558664,,175.752673,,,-25.525425
STARPAPER,File 2 (custom),-13.335953,37.20615,,60.7001,0.077688,269223.045911,9401.280328,54.932371,,1.17743,,1.583762,0.308428,0.188882,,,3702.91457,,169.223046,,,-25.400125
STARTECK,File 1 (vectorbt),,0.0,,,,,,,0.0,inf,,,inf,inf,,,,,,,,
STARTECK,File 2 (custom),,,,,,,,0.0,100.0,,,,,,,,,,,,,
STCINDIA,File 1 (vectorbt),-12.306012,41.209021,,58.531267,-0.070153,50224.382379,-3110.976101,63.681009,,0.928208,,0.589382,-0.156899,-0.265227,,,2236.240372,,-49.775618,,,-17.769255
STCINDIA,File 2 (custom),-12.076121,40.743025,,58.572594,-0.049358,49801.720317,-3137.39248,63.689898,,0.92631,,0.581962,-0.134174,-0.090959,,,1088.066074,,-50.19828,,,-17.651703
STEELCAS,File 1 (vectorbt),-9.672026,26.401921,,26.401921,0.052469,103133.665821,1044.555274,24.188715,,1.052755,,1.17039,0.158621,0.25951,,,547.079281,,3.133666,,,-9.696503
STEELCAS,File 2 (custom),-9.562564,26.475345,,26.475345,0.032708,102839.785029,946.59501,24.254898,,1.050468,,1.153674,0.126485,0.108718,,,274.099444,,2.839785,,,-9.587016
STEELCITY,File 1 (vectorbt),-13.721939,37.730548,,49.213874,0.554571,193034.541584,18606.908317,31.569183,,1.216596,,3.437768,0.68669,1.23096,,,1359.880272,,93.034542,,,-15.908442
STEELCITY,File 2 (custom),-13.608431,37.792655,,49.264509,0.369247,191946.788576,18389.357715,31.619847,,1.214953,,3.40113,0.5677,0.608926,,,724.473625,,91.946789,,,-15.79275
STEELXIND,File 1 (vectorbt),-11.054686,41.594056,,42.86333,0.427933,158536.387011,14634.096753,20.872271,,1.60383,,2.399768,0.590183,1.324864,,,1304.12399,,58.536387,,,-11.73406
STEELXIND,File 2 (custom),-10.943843,41.652303,,42.920309,0.286782,157848.599433,14462.149858,21.010699,,1.597578,,2.37778,0.487093,0.251516,,,679.949959,,57.848599,,,-11.622538
STEL,File 1 (vectorbt),-10.830895,35.40375,,44.435064,0.44647,195919.832049,19183.96641,20.484464,,1.475257,,4.3794,0.689603,1.254816,,,1315.411724,,95.919832,,,-12.059119
STEL,File 2 (custom),-10.048813,35.372742,,44.490474,0.322511,197231.611745,19446.322349,19.509398,,1.483227,,4.614765,0.580194,0.306213,,,711.191873,,97.231612,,,-11.947272
STERTOOLS,File 1 (vectorbt),-10.52117,34.891827,,49.549654,0.432955,514576.199155,37688.745378,32.437498,,1.496661,,5.167086,0.811966,1.641028,,,5311.424739,,414.576199,,,-11.696978
STERTOOLS,File 2 (custom),-10.410859,34.287071,,49.599954,0.281854,489033.962584,35366.723871,32.601828,,1.513529,,5.043807,0.664467,0.434914,,,2757.947993,,389.033963,,,-11.585493
STLTECH,File 1 (vectorbt),-9.939399,30.006684,,38.884929,0.154351,168030.038767,7558.893196,28.98546,,1.242065,,1.886835,0.372628,0.642466,,,2593.972406,,68.030039,,,-13.034077
STLTECH,File 2 (custom),-9.829669,30.076507,,38.945883,0.103431,166406.880045,7378.542227,29.097812,,1.23802,,1.863899,0.305326,0.146797,,,1323.510332,,66.40688,,,-12.921256
STOVEKRAFT,File 1 (vectorbt),-10.821049,24.870091,,25.576256,0.693493,139009.71454,13003.23818,16.847126,,1.682942,,4.60859,0.8596,1.834331,,,638.868845,,39.009715,,,-10.821049
STOVEKRAFT,File 2 (custom),-10.710438,24.945046,,25.650505,0.463914,138443.193617,12814.397872,16.868186,,1.675729,,4.542237,0.709624,0.42558,,,337.466887,,38.443194,,,-10.710438
STYLAMIND,File 1 (vectorbt),-7.967747,21.396968,,21.396968,-0.099267,94624.368884,-1343.907779,20.750415,,0.971477,,0.768649,-0.059577,-0.093331,,,747.399052,,-5.375631,,,-8.613628
STYLAMIND,File 2 (custom),-7.859987,21.475392,,21.475392,-0.075495,94102.617074,-1474.345732,20.774212,,0.964049,,0.747363,-0.062888,-0.033878,,,367.619668,,-5.897383,,,-8.505222
STYLEBAAZA,File 1 (vectorbt),,0.0,,,,,,,0.0,inf,,,inf,inf,,,,,,,,
STYLEBAAZA,File 2 (custom),,,,,,,,0.0,100.0,,,,,,,,,,,,,
STYRENIX,File 1 (vectorbt),-10.605742,23.500537,,29.650171,-0.033913,85436.432079,-1456.356792,40.307738,,0.973451,,0.768947,-0.049405,-0.071299,,,1561.27448,,-14.563568,,,-16.087865
STYRENIX,File 2 (custom),-9.216388,23.57686,,29.720351,-0.011436,93739.434109,-626.056589,34.063969,,1.005145,,0.894048,0.008087,0.003897,,,840.058616,,-6.260566,,,-12.715504
SUBEXLTD,File 1 (vectorbt),-11.887634,24.258407,,27.640629,-0.051642,63404.562965,-4066.159671,58.88884,,0.86986,,0.597067,-0.191411,-0.28261,,,1898.82775,,-36.595437,,,-17.710645
SUBEXLTD,File 2 (custom),-11.666343,24.333973,,27.712817,-0.035871,63446.040063,-4061.551104,58.728147,,0.869535,,0.59511,-0.15984,-0.053883,,,929.906962,,-36.55396,,,-17.593152
SUBROS,File 1 (vectorbt),-12.669172,41.265029,,48.77179,-0.066564,62085.199166,-2708.20006,52.563751,,0.987922,,0.677125,-0.033911,-0.054922,,,2167.171658,,-37.914801,,,-22.443619
SUBROS,File 2 (custom),-11.974252,41.323605,,48.822867,-0.043002,65917.280307,-2434.479978,49.46385,,0.994199,,0.701373,-0.013495,-0.010599,,,1080.778426,,-34.08272,,,-22.321398
SUDARSCHEM,File 1 (vectorbt),-10.058429,25.75619,,33.537047,-0.01404,92525.332832,-1067.809595,46.901885,,1.015469,,0.836158,0.035031,0.053195,,,1210.639357,,-7.474667,,,-14.772647
SUDARSCHEM,File 2 (custom),-9.910979,25.830259,,33.603344,-0.010424,91973.027795,-1146.710315,47.013567,,1.013965,,0.824286,0.026303,0.014442,,,599.034318,,-8.026972,,,-14.658089
SUKHJITS,File 1 (vectorbt),-9.872955,,,-8.939063,-0.582761,81237.917518,-9381.041241,18.762082,,0.50334,,,-1.113968,-1.310468,,,359.627412,,-18.762082,,,-10.806848
SUKHJITS,File 2 (custom),-9.763292,,,-8.830332,-0.409659,81131.009949,-9434.495026,18.86899,,0.501128,,,-0.933012,-0.308918,,,170.036776,,-18.86899,,,-10.696252
SULA,File 1 (vectorbt),-8.263158,,,-5.798965,-0.587176,84111.026082,-7944.486959,16.418614,,0.574454,,,-0.995514,-1.299649,,,372.509166,,-15.888974,,,-10.727352
SULA,File 2 (custom),-8.155103,,,-5.693372,-0.412037,83995.932559,-8002.03372,16.531006,,0.571684,,,-0.835002,-0.352986,,,177.767008,,-16.004067,,,-10.616835
SUMICHEM,File 1 (vectorbt),-8.909928,,,-8.698687,-0.151325,80978.107695,-8505.107784,36.748224,,0.918746,-2011.676737,,-0.256891,-0.385311,,,448.500024,,-19.021892,,,-9.121168
SUMICHEM,File 2 (custom),-8.801226,,,-8.590196,-0.105838,80897.674903,-8552.378227,36.764694,,0.917943,-1997.568643,,-0.215776,-0.162547,,,173.680679,,-19.102325,,,-9.012256
SUMIT,File 1 (vectorbt),-11.595995,38.097897,,38.097897,-0.211173,74335.215057,-4277.464157,34.043658,,0.817422,,0.520129,-0.438888,-0.594253,,,1048.750686,,-25.664785,,,-16.309571
SUMIT,File 2 (custom),-10.863687,37.484055,,37.484055,-0.144798,76193.721296,-3967.713117,31.853102,,0.830496,,0.532763,-0.336752,-0.167822,,,511.071726,,-23.806279,,,-16.193478
SUMMITSEC,File 1 (vectorbt),-12.110215,34.630782,,41.191318,-0.048345,75693.62461,-2025.531282,58.628959,,0.990308,,0.786148,-0.023591,-0.03358,,,2338.877128,,-24.306375,,,-16.492312
SUMMITSEC,File 2 (custom),-11.992271,34.695986,,41.249968,-0.034054,75361.464017,-2053.211332,58.622309,,0.989591,,0.7824,-0.020966,-0.010675,,,1147.255906,,-24.638536,,,-16.376036
SUNCLAY,File 1 (vectorbt),,30.022257,,30.189585,6.013324,168979.608644,34489.804322,11.233723,,3.441808,,,2.376917,8.316967,,,529.367968,,68.979609,,,29.854929
SUNCLAY,File 2 (custom),0.0,30.092065,,30.259226,3.768615,167548.138448,33774.069224,11.140985,,3.426364,,,1.982537,2.781815,,,294.436885,,67.548138,,,29.924904
SUNDARAM,File 1 (vectorbt),-12.851187,,,-6.792099,-0.149095,33081.339732,-8364.832533,68.793916,,0.592243,,,-0.767577,-0.981609,,,1005.491107,,-66.91866,,,-17.893792
SUNDARAM,File 2 (custom),-12.300473,,,-6.685513,-0.103188,34244.327862,-8219.459017,67.666769,,0.600318,,,-0.620048,-0.237534,,,472.902935,,-65.755672,,,-17.776116
SUNDARMFIN,File 1 (vectorbt),-10.57318,22.365526,,33.167389,0.06632,173357.065169,3667.853258,47.556642,,1.109005,,1.60849,0.263673,0.447031,,,4243.489585,,73.357065,,,-23.049596
SUNDARMFIN,File 2 (custom),-10.402375,22.267947,,33.234055,0.043157,167834.537512,3391.726876,47.228561,,1.104227,,1.569551,0.211156,0.152941,,,2110.455723,,67.834538,,,-22.261911
SUNDARMHLD,File 1 (vectorbt),-10.017697,32.293356,,37.467707,0.238251,127246.450678,5449.290136,21.065193,,1.310549,,1.787301,0.387855,0.743808,,,1075.009167,,27.246451,,,-12.072827
SUNDARMHLD,File 2 (custom),-9.907889,32.360895,,37.530077,0.158664,126585.345832,5317.069166,21.196485,,1.304404,,1.765198,0.317444,0.153263,,,549.235756,,26.585346,,,-11.960966
SUNDRMBRAK,File 1 (vectorbt),-11.619302,33.206428,,45.160377,0.225579,363174.677189,16448.417324,34.387652,,1.226459,,2.513594,0.505151,0.858252,,,5724.483615,,263.174677,,,-15.353713
SUNDRMBRAK,File 2 (custom),-11.26056,33.088053,,43.939023,0.157255,360946.145487,16309.134093,33.496346,,1.226148,,2.524236,0.419216,0.285351,,,2980.490502,,260.946145,,,-15.238575
SUNDRMFAST,File 1 (vectorbt),-9.987594,23.894361,,30.860377,0.039435,139242.224999,1868.677381,47.425464,,1.092588,,1.244091,0.203725,0.324018,,,4925.707756,,39.242225,,,-15.281284
SUNDRMFAST,File 2 (custom),-9.63941,23.970291,,30.929348,0.02918,141336.798248,1968.418964,46.126961,,1.095701,,1.259294,0.174737,0.102841,,,2511.444047,,41.336798,,,-15.166218
SUNDROP,File 1 (vectorbt),-9.584394,35.144668,,55.642088,-0.00394,98061.690693,-205.569334,33.630949,,1.034212,528.522701,0.975608,0.063133,0.100873,,,2833.659672,,-1.938309,,,-13.472237
SUNDROP,File 2 (custom),-9.378858,35.209359,,55.686302,-0.003032,97831.228698,-224.497631,33.802602,,1.033508,525.200274,0.973278,0.051415,0.025359,,,1367.192911,,-2.168771,,,-13.358978
SUNFLAG,File 1 (vectorbt),-11.440113,36.045047,,42.488964,0.068624,145913.276651,4173.934241,41.804143,,1.118289,,1.338835,0.2463,0.398449,,,3443.510066,,45.913277,,,-13.463755
SUNFLAG,File 2 (custom),-11.328884,36.108838,,42.546317,0.045556,144293.164113,4026.651283,41.994508,,1.115875,,1.327046,0.200891,0.114729,,,1733.91148,,44.293164,,,-13.350504
SUNPHARMA,File 1 (vectorbt),-7.350863,21.857992,,52.922469,0.102607,248619.615141,5130.700469,50.628199,,1.15267,-5301.398927,1.532215,0.388273,0.585814,,30.0,13477.010323,,148.619615,31.0,40.0,-21.715146
SUNPHARMA,File 2 (custom),-7.133105,20.844419,,49.58343,0.075793,267539.224066,5588.262464,50.8008,,1.165146,-5696.91232,1.587613,0.345491,0.205811,,31.0,7137.472653,,167.539224,32.0,41.935484,-21.593652
SUNTECK,File 1 (vectorbt),-8.862379,32.23566,,32.23566,-0.124549,52224.529553,-4343.224586,47.775639,,0.800514,,0.266409,-0.44547,-0.59899,,,1548.867637,,-47.77547,,,-11.224672
SUNTECK,File 2 (custom),-8.678825,32.303256,,32.303256,-0.086826,52191.765715,-4346.203117,47.808403,,0.799399,,0.264729,-0.372174,-0.158288,,,748.138214,,-47.808234,,,-11.113658
SUNTV,File 1 (vectorbt),-8.465029,29.862407,,34.371528,-0.018694,90588.492631,-1045.723041,40.551442,,0.987604,,0.869305,-0.022131,-0.031795,,,2100.353946,,-9.411507,,,-11.742818
SUNTV,File 2 (custom),-8.356772,29.638727,,33.849697,-0.014437,89454.255468,-1171.749392,40.909961,,0.982232,,0.853231,-0.026412,-0.010362,,,1033.891472,,-10.545745,,,-11.631286
SUPERHOUSE,File 1 (vectorbt),-10.048156,27.389475,,27.389475,-0.144972,60654.304104,-4918.211987,45.786955,,0.843694,,0.311341,-0.343114,-0.469379,,,1220.007681,,-39.345696,,,-13.679714
SUPERHOUSE,File 2 (custom),-9.938318,27.461913,,27.461913,-0.101655,60268.49804,-4966.437745,46.126728,,0.841466,,0.30733,-0.28937,-0.124214,,,588.071513,,-39.731502,,,-13.566248
SUPERSPIN,File 1 (vectorbt),-15.362499,66.514164,,104.036772,0.181514,371676.472989,33959.559124,,,1.25185,,2.176812,0.378328,0.907591,,,4815.015881,,271.676473,,,-20.569777
SUPERSPIN,File 2 (custom),-15.247352,57.785948,,84.058267,0.102924,300204.477356,25025.55967,,,1.214766,,1.997271,0.297838,0.250676,,,2203.76501,,200.204477,,,-20.449427
SUPRAJIT,File 1 (vectorbt),-11.138551,30.610361,,50.176151,0.143459,246380.564971,9758.704331,48.113749,,1.212764,,1.769774,0.470351,0.774133,,,5950.438646,,146.380565,,,-17.431834
SUPRAJIT,File 2 (custom),-11.027623,30.3585,,50.225825,0.093912,238483.960606,9232.26404,48.362877,,1.206116,,1.739852,0.379891,0.239723,,,2979.301669,,138.483961,,,-17.314619
SUPREME,File 1 (vectorbt),,0.0,,,,,,,0.0,inf,,,inf,inf,,,,,,,,
SUPREME,File 2 (custom),,,,,,,,0.0,100.0,,,,,,,,,,,,,
SUPREMEENG,File 1 (vectorbt),-14.449671,,,-11.91872,-0.368248,62538.62571,-12487.124763,40.527731,,0.670291,,,-0.890637,-1.142518,,,492.019456,,-37.461374,,,-18.445291
SUPREMEENG,File 2 (custom),-13.493772,,,-11.807013,-0.256842,64311.350075,-11896.216642,38.788703,,0.684397,,,-0.703908,-0.468627,,,229.089589,,-35.68865,,,-15.802074
SUPREMEIND,File 1 (vectorbt),-8.603286,23.194701,,29.172204,0.096257,219242.838064,5678.230384,46.563277,,1.207803,,1.959441,0.389637,0.664861,,,5322.306767,,119.242838,,,-14.922036
SUPREMEIND,File 2 (custom),-8.177557,23.271329,,29.242861,0.066913,222240.203972,5820.962094,46.737841,,1.212247,,1.977278,0.330006,0.190992,,,2788.974758,,122.240204,,,-14.807329
SUPRIYA,File 1 (vectorbt),-11.213321,31.208042,,32.890176,0.623441,135658.390442,8914.597611,21.947202,,1.217517,,2.11199,0.622363,1.011392,,,1043.993689,,35.65839,,,-11.392171
SUPRIYA,File 2 (custom),-11.102319,31.276665,,32.957119,0.416629,135153.05724,8788.26431,21.936627,,1.215547,,2.09587,0.513427,0.425634,,,537.510905,,35.153057,,,-11.28099
SURAJEST,File 1 (vectorbt),-10.689509,40.40893,,40.40893,1.651233,125378.841154,12689.420577,14.957499,,2.003667,,2.693083,1.393711,2.655526,,,506.141849,,25.378841,,,-10.689509
SURAJEST,File 2 (custom),-10.090823,40.468362,,40.468362,1.153431,125821.865733,12910.932867,14.512207,,2.039985,,2.801155,1.186137,0.628011,,,265.601425,,25.821866,,,-10.090823
SURAJLTD,File 1 (vectorbt),,0.0,,,,,,,0.0,inf,,,inf,inf,,,,,,,,
SURAJLTD,File 2 (custom),,,,,,,,0.0,100.0,,,,,,,,,,,,,
SURAKSHA,File 1 (vectorbt),,0.0,,,,,,,0.0,inf,,,inf,inf,,,,,,,,
SURAKSHA,File 2 (custom),,,,,,,,0.0,100.0,,,,,,,,,,,,,
SURANASOL,File 1 (vectorbt),-15.049408,34.014157,,39.068752,-0.109728,67392.247396,-4075.969076,48.643466,,0.883485,,0.561985,-0.229854,-0.365705,,,1203.073344,,-32.607753,,,-16.681075
SURANASOL,File 2 (custom),-14.799479,33.365538,,37.700645,-0.078308,66842.832928,-4144.645884,48.422655,,0.879672,,0.552201,-0.197536,-0.103539,,,584.471708,,-33.157167,,,-16.56461
SURANAT&P,File 1 (vectorbt),-14.969276,46.934143,,58.471429,-0.09358,41851.008949,-4845.749254,59.050471,,0.89292,,0.443597,-0.231724,-0.318218,,,1523.516525,,-58.148991,,,-23.62744
SURANAT&P,File 2 (custom),-14.385037,45.906123,,56.350949,-0.06447,43106.300642,-4741.141613,57.709378,,0.895589,,0.448534,-0.186807,-0.081097,,,746.99926,,-56.893699,,,-23.504036
SURYALAXMI,File 1 (vectorbt),-10.472297,,,-8.525224,-0.095838,51511.262805,-8081.456199,52.165801,,0.501432,,,-0.692933,-0.834313,,,867.485843,,-48.488737,,,-11.349167
SURYALAXMI,File 2 (custom),-10.362035,,,-8.416908,-0.066876,51259.749847,-8123.375025,52.399187,,0.499354,,,-0.578266,-0.121649,,,408.611781,,-48.74025,,,-11.238029
SURYAROSNI,File 1 (vectorbt),-13.32126,35.545768,,66.362809,0.459378,1333747.972499,77109.248281,34.381673,,1.532612,,7.181495,0.844072,1.573378,,,13675.529684,,1233.747972,,,-20.855662
SURYAROSNI,File 2 (custom),-12.226484,35.251738,,66.396313,0.352626,1350651.63979,78165.727487,30.369888,,1.537116,,7.316033,0.71225,0.440797,,,7598.278244,,1250.65164,,,-15.826693
SURYODAY,File 1 (vectorbt),-7.298153,34.992172,,34.992172,0.966505,125117.669908,12558.834954,8.34871,,1.553728,,3.552727,0.649532,1.221163,,,495.057712,,25.11767,,,-7.298153
SURYODAY,File 2 (custom),-7.191062,35.057015,,35.057015,0.652684,124833.256314,12416.628157,8.344531,,1.547484,,3.499751,0.536873,0.238546,,,259.711502,,24.833256,,,-7.191062
SUTLEJTEX,File 1 (vectorbt),-11.110768,29.542567,,34.294404,0.08355,138543.703853,3854.370385,32.260933,,1.141412,,1.409271,0.246984,0.418214,,,2650.777615,,38.543704,,,-13.675736
SUTLEJTEX,File 2 (custom),-10.999868,29.47174,,34.113744,0.054656,136539.885444,3653.988544,32.379238,,1.136836,,1.388191,0.198904,0.104677,,,1334.837176,,36.539885,,,-13.562274
SUVEN,File 1 (vectorbt),-12.251199,28.043841,,35.278886,-0.022528,78838.525793,-1113.7618,72.996047,,1.000275,,0.797231,0.000603,0.000917,,,2217.544175,,-21.161474,,,-22.523677
SUVEN,File 2 (custom),-11.377905,27.643453,,34.387944,-0.010972,85236.930078,-777.00368,69.824738,,1.011173,,0.858429,0.020664,0.011943,,,1165.059284,,-14.76307,,,-22.401376
SUVIDHAA,File 1 (vectorbt),,0.0,,,,,,,0.0,inf,,,inf,inf,,,,,,,,
SUVIDHAA,File 2 (custom),,,,,,,,0.0,100.0,,,,,,,,,,,,,
SUYOG,File 1 (vectorbt),,0.0,,,,,,,0.0,inf,,,inf,inf,,,,,,,,
SUYOG,File 2 (custom),,,,,,,,0.0,100.0,,,,,,,,,,,,,
SUZLON,File 1 (vectorbt),-13.136347,30.631548,,34.474271,-0.107424,40933.553772,-4922.203852,60.351003,,0.742367,,0.343806,-0.452064,-0.632787,,,1487.497225,,-59.066446,,,-26.809849
SUZLON,File 2 (custom),-12.968093,28.505822,,34.539631,-0.077781,39345.94445,-5054.504629,60.654056,,0.7291,,0.322562,-0.397236,-0.143715,,,706.884921,,-60.654056,,,-26.683265
SVLL,File 1 (vectorbt),-6.936513,42.57299,,42.57299,1.090268,132653.692041,16326.84602,19.704005,,1.567537,,4.306111,1.179463,1.938796,,,517.747783,,32.653692,,,-6.936513
SVLL,File 2 (custom),-4.966387,42.410951,,42.410951,0.77417,134754.984171,17377.492086,19.682729,,1.616643,,5.750622,1.048578,0.710571,,,276.783246,,34.754984,,,-4.966387
SVPGLOB,File 1 (vectorbt),-13.877661,,,-13.877661,-0.378214,86136.202949,-13863.797051,14.281405,,0.435741,,,-0.764196,-0.924327,,,186.122525,,-13.863797,,,-13.877661
SVPGLOB,File 2 (custom),-13.763997,,,-13.763997,-0.263484,86065.420981,-13934.579019,14.351792,,0.434339,,,-0.638007,-0.139218,,,86.139236,,-13.934579,,,-13.763997
SWANENERGY,File 1 (vectorbt),-9.325317,30.116276,,30.116276,-0.020189,96924.553687,-768.861578,17.431724,,0.979098,,0.892744,-0.019327,-0.03136,,,773.188862,,-3.075446,,,-12.442055
SWANENERGY,File 2 (custom),-8.826424,30.18599,,30.18599,-0.009921,97841.701972,-539.574507,17.123444,,0.995244,,0.922022,-0.003625,-0.000945,,,386.119238,,-2.158298,,,-11.658735
SWARAJENG,File 1 (vectorbt),-8.726124,21.753272,,35.621889,0.023471,116820.81123,989.459484,37.83767,,1.062506,,1.17476,0.133302,0.194502,,,3215.978049,,16.820811,,,-19.497244
SWARAJENG,File 2 (custom),-7.902755,21.511304,,35.686103,0.022975,123909.239951,1406.425879,36.793026,,1.073369,,1.26275,0.132713,0.069653,,,1687.76121,,23.90924,,,-14.065372
SWELECTES,File 1 (vectorbt),-11.317953,35.181715,,49.721123,0.037683,125438.516351,1338.869282,48.134946,,1.09093,,1.12683,0.186309,0.34135,,,4841.712499,,25.438516,,,-13.779431
SWELECTES,File 2 (custom),-11.198882,33.078826,,41.100438,0.013527,112608.676737,663.614565,48.22679,,1.069294,,1.0667,0.11992,0.086409,,,2281.065505,,12.608677,,,-13.665865
SWIGGY,File 1 (vectorbt),,0.0,,,,,,,0.0,inf,,,inf,inf,,,,,,,,
SWIGGY,File 2 (custom),,,,,,,,0.0,100.0,,,,,,,,,,,,,
SWSOLAR,File 1 (vectorbt),-9.425199,,,-8.558243,-0.237909,82047.501296,-8976.249352,20.395873,,0.611274,,,-0.677761,-0.86784,,,361.466161,,-17.952499,,,-10.292156
SWSOLAR,File 2 (custom),-9.020668,,,-8.449893,-0.164647,82474.676994,-8762.661503,19.974415,,0.617014,,,-0.551901,-0.16618,,,172.497306,,-17.525323,,,-9.591444
SYMPHONY,File 1 (vectorbt),-11.245708,25.233425,,28.35368,-0.07168,76348.692389,-2956.413451,39.077351,,0.893744,,0.656275,-0.1691,-0.258758,,,1537.213564,,-23.651308,,,-16.313897
SYMPHONY,File 2 (custom),-11.134674,25.308017,,28.425155,-0.050834,75834.217151,-3020.722856,39.157997,,0.889895,,0.648616,-0.14602,-0.057909,,,751.532323,,-24.165783,,,-16.197799
SYNCOMF,File 1 (vectorbt),-12.01261,26.239248,,26.239248,-0.003882,99820.454671,-755.722912,26.104733,,1.050289,2087.623406,0.920395,0.109259,0.206974,,,771.544681,,-0.179545,,,-12.654536
SYNCOMF,File 2 (custom),-11.900809,26.312835,,26.312835,-0.007036,99528.027212,-851.029452,26.165206,,1.046801,2081.115566,0.91077,0.084975,0.076626,,,335.462402,,-0.471973,,,-12.542094
SYNGENE,File 1 (vectorbt),-7.392066,14.776886,,14.776886,-0.16257,72368.967453,-3947.290364,29.002455,,0.835341,,0.304631,-0.410123,-0.594598,,,1200.003439,,-27.631033,,,-9.810587
SYNGENE,File 2 (custom),-7.284881,14.861924,,14.861924,-0.113688,71943.118371,-4008.125947,29.364013,,0.831913,,0.29873,-0.348569,-0.194679,,,583.286851,,-28.056882,,,-9.700986
SYRMA,File 1 (vectorbt),-9.469556,,,-7.373935,-0.482441,83351.335507,-9034.543338,18.70025,,0.326405,1420.422183,,-1.38939,-1.506539,,,449.029139,,-16.648664,,,-11.565177
SYRMA,File 2 (custom),-9.360296,,,-7.266768,-0.338387,83261.324053,-9077.065833,18.782049,,0.324252,1415.455719,,-1.161116,-0.30088,,,173.886463,,-16.738676,,,-11.453824
TAINWALCHM,File 1 (vectorbt),-21.560985,67.669811,,189.987178,0.139479,363120.236108,29235.58179,67.503833,,1.323212,,2.040472,0.430159,0.742946,,,4780.121272,,263.120236,,,-43.251785
TAINWALCHM,File 2 (custom),-19.170404,66.462797,,189.897181,0.110586,399176.326893,33241.814099,62.357206,,1.341545,,2.237221,0.374866,0.16119,,,2776.654658,,299.176327,,,-34.03181
TAJGVK,File 1 (vectorbt),-12.490328,39.064669,,44.712599,0.035201,126750.841906,2229.236826,41.367313,,1.074398,,1.197992,0.169002,0.296395,,,3006.571398,,26.750842,,,-22.21522
TAJGVK,File 2 (custom),-12.37805,37.707753,,44.767731,0.018619,120054.13529,1671.177941,41.491527,,1.066755,,1.151526,0.126519,0.0924,,,1477.408357,,20.054135,,,-22.093226
TALBROAUTO,File 1 (vectorbt),-11.204882,37.693128,,48.549767,0.198692,212875.245374,9406.270448,31.669664,,1.28751,,1.870934,0.420117,0.759088,,,3639.360514,,112.875245,,,-16.39087
TALBROAUTO,File 2 (custom),-11.055123,33.810745,,44.281101,0.107692,182862.834422,6905.236202,31.785511,,1.236807,,1.666239,0.301433,0.143679,,,1782.995421,,82.862834,,,-16.274696
TANLA,File 1 (vectorbt),-12.72112,53.089923,,62.372869,0.122813,178254.637383,9781.829673,38.516007,,1.216442,,1.887349,0.357744,0.637015,,,2309.362516,,78.254637,,,-21.856643
TANLA,File 2 (custom),-12.128022,51.380115,,62.410359,0.08644,176146.089013,9518.261127,36.726067,,1.213756,,1.884924,0.294074,0.171881,,,1186.393286,,76.146089,,,-19.332066
TARACHAND,File 1 (vectorbt),-12.740045,,,-9.887073,-0.292229,76083.979022,-11958.010489,23.916021,,0.516987,,,-0.74433,-1.056498,,,356.306027,,-23.916021,,,-15.593017
TARACHAND,File 2 (custom),-12.627517,,,-9.777396,-0.204141,75957.961246,-12021.019377,24.042039,,0.515372,,,-0.622021,-0.225345,,,166.140064,,-24.042039,,,-15.477639
TARAPUR,File 1 (vectorbt),-14.434124,29.601915,,58.250806,0.014765,105666.162103,566.61621,41.125955,,1.075731,,1.063351,0.141029,0.230183,,,1889.053413,,5.666162,,,-24.908677
TARAPUR,File 2 (custom),-13.792572,29.258956,,58.292413,0.012242,106828.876115,682.887612,41.021873,,1.078613,,1.078641,0.121187,0.068217,,,954.942719,,6.828876,,,-24.783993
TARC,File 1 (vectorbt),-10.397864,49.009901,,49.009901,0.573736,133487.656789,16743.828395,17.1875,,1.354522,,3.164224,0.570458,1.068224,,,531.443555,,33.487657,,,-10.397864
TARC,File 2 (custom),-10.287676,49.06074,,49.06074,0.387283,133192.084146,16596.042073,17.184721,,1.351871,,3.132892,0.471872,0.284978,,,282.13414,,33.192084,,,-10.287676
TARIL,File 1 (vectorbt),-14.741024,37.373324,,42.790515,0.123247,158433.044631,4869.420386,32.167075,,1.151866,,1.342802,0.301057,0.520322,,,3625.606835,,58.433045,,,-19.820987
TARIL,File 2 (custom),-14.242286,37.435788,,42.847567,0.087823,161461.187089,5121.765591,32.271031,,1.156876,,1.37212,0.257764,0.164585,,,1835.097415,,61.461187,,,-19.701385
TARMAT,File 1 (vectorbt),-15.67885,33.58491,,39.851922,-0.029699,89956.406052,-1673.932325,43.154301,,0.991964,,0.850566,-0.011769,-0.019163,,,1202.120104,,-10.043594,,,-18.395513
TARMAT,File 2 (custom),-15.500658,33.247986,,39.105565,-0.022222,89188.374031,-1801.937661,43.115256,,0.987069,,0.838753,-0.015764,-0.00652,,,594.831287,,-10.811626,,,-18.277335
TARSONS,File 1 (vectorbt),-12.080662,,,-11.371232,-0.441432,77314.299839,-11342.85008,22.6857,,0.663946,,,-0.666014,-0.969104,,,354.572224,,-22.6857,,,-12.790092
TARSONS,File 2 (custom),-11.968793,,,-11.260072,-0.309809,77244.174596,-11377.912702,22.755825,,0.662158,,,-0.557562,-0.244187,,,165.455707,,-22.755825,,,-12.677514
TASTYBITE,File 1 (vectorbt),-8.444971,24.684519,,29.904553,-0.001186,99800.394204,-28.515114,30.02223,,1.03745,,0.996093,0.066122,0.118333,,,1623.279823,,-0.199606,,,-9.817292
TASTYBITE,File 2 (custom),-8.336734,24.759659,,29.974479,0.00452,101057.65381,151.093401,28.670542,,1.045671,,1.021518,0.066283,0.040891,,,783.970243,,1.057654,,,-9.707685
TATACHEM,File 1 (vectorbt),-7.264152,26.104356,,34.433163,0.079846,204365.788299,4537.64297,50.944864,,1.166951,,1.349222,0.362418,0.582989,,,11875.15502,,104.365788,,,-13.113792
TATACHEM,File 2 (custom),-7.065601,25.320303,,34.498564,0.050217,191864.104226,3994.091488,50.608914,,1.154107,,1.32777,0.282327,0.165536,,,5637.853752,,91.864104,,,-13.000891
TATACOMM,File 1 (vectorbt),-8.674757,25.097907,,33.316393,0.150805,249987.695185,7142.271199,32.544558,,1.194287,,2.217781,0.394706,0.63611,,,5084.023794,,149.987695,,,-10.610196
TATACOMM,File 2 (custom),-8.276153,25.126682,,33.38291,0.109713,253019.33217,7286.634865,31.065006,,1.197099,,2.253482,0.332798,0.18476,,,2657.570231,,153.019332,,,-10.398135
TATACONSUM,File 1 (vectorbt),-6.726161,19.041671,,23.014923,0.101963,141238.934166,2577.433385,27.187595,,1.094122,,1.494681,0.260493,0.399698,,,3902.763951,,41.238934,,,-9.897435
TATACONSUM,File 2 (custom),-6.619641,19.122449,,23.091732,0.06611,138956.38684,2434.774178,27.455014,,1.090789,,1.465745,0.209169,0.144345,,,1951.642735,,38.956387,,,-9.787747
TATAELXSI,File 1 (vectorbt),-9.981131,31.941819,,60.926353,0.391787,869766.670488,40514.035289,32.734017,,1.335002,,3.178049,0.716547,1.162049,,,16531.573815,,769.76667,,,-15.561425
TATAELXSI,File 2 (custom),-9.871359,32.009709,,60.965288,0.262055,850119.644066,39479.981267,32.7875,,1.331697,,3.13403,0.590541,0.346752,,,8521.732159,,750.119644,,,-15.446079
TATAINVEST,File 1 (vectorbt),-7.738614,21.898225,,32.280477,0.029384,118551.735617,1236.782374,43.131691,,1.068505,,1.207586,0.157134,0.259912,,,3419.976401,,18.551736,,,-12.790054
TATAINVEST,File 2 (custom),-7.291399,21.543834,,32.348029,0.021693,119178.087456,1278.539164,41.510986,,1.06904,,1.219556,0.132803,0.087704,,,1722.955463,,19.178087,,,-12.677476
TATAMOTORS,File 1 (vectorbt),-8.03374,25.38062,,33.642103,-0.05096,57232.431779,-1710.702729,47.25627,,0.94146,,0.662295,-0.113242,-0.153741,,,3739.984184,,-42.767568,,,-15.918223
TATAMOTORS,File 2 (custom),-7.91681,25.455065,,33.708294,-0.036114,56024.014371,-1759.039425,47.96278,,0.937925,,0.652142,-0.099935,-0.037241,,,1828.196937,,-43.975986,,,-15.802521
TATAPOWER,File 1 (vectorbt),-9.607037,25.610559,,33.021378,0.050177,151050.036706,2042.001468,46.392172,,1.088225,,1.326641,0.222307,0.313218,,,4938.580841,,51.050037,,,-20.095286
TATAPOWER,File 2 (custom),-9.440741,25.668051,,33.08819,0.033013,148535.530356,1941.421214,46.519732,,1.085881,,1.312178,0.1801,0.094237,,,2472.695037,,48.53553,,,-19.975411
TATASTEEL,File 1 (vectorbt),-7.082905,25.87651,,45.666082,0.005871,104160.471839,148.58828,33.428061,,1.040406,,1.027658,0.084603,0.124061,,,5486.361909,,4.160472,,,-12.480614
TATASTEEL,File 2 (custom),-6.934017,25.929682,,45.720261,0.002126,102182.350869,77.941102,33.728723,,1.037253,,1.014471,0.064913,0.030727,,,2731.06542,,2.182351,,,-12.368345
TATATECH,File 1 (vectorbt),-6.149272,,,-6.149272,-0.804112,93856.870799,-6143.129201,7.146534,,0.483643,,,-1.049805,-1.248977,,,193.850922,,-6.143129,,,-6.149272
TATATECH,File 2 (custom),-6.043329,,,-6.043329,-0.561405,93821.909163,-6178.090837,7.172686,,0.479941,,,-0.881605,-0.319279,,,93.064977,,-6.178091,,,-6.043329
TATVA,File 1 (vectorbt),-8.428519,26.115039,,26.115039,-0.035225,96682.135227,-829.466193,35.779875,,1.001857,,0.887174,0.004208,0.006119,,,876.453124,,-3.317865,,,-12.701994
TATVA,File 2 (custom),-8.182156,24.571067,,24.571067,-0.031852,95739.016115,-1065.245971,35.27939,,0.990132,,0.850052,-0.01877,-0.0094,,,426.78184,,-4.260984,,,-12.217591
TBOTEK,File 1 (vectorbt),,0.0,,,,,,,0.0,inf,,,inf,inf,,,,,,,,
TBOTEK,File 2 (custom),,,,,,,,0.0,100.0,,,,,,,,,,,,,
TBZ,File 1 (vectorbt),-13.170324,32.598133,,32.598133,-0.000113,99967.425412,-10.858196,32.570984,,1.042245,,0.998675,0.046539,0.068852,,,526.144175,,-0.032575,,,-14.006656
TBZ,File 2 (custom),-13.057366,32.665368,,32.665368,-0.000732,99692.504661,-102.498446,32.658678,,1.039214,,0.98755,0.035946,0.009108,,,262.675237,,-0.307495,,,-13.892863
TCI,File 1 (vectorbt),-13.443694,28.710932,,55.672741,0.278596,352208.977506,19400.690577,30.137828,,1.436435,,2.726294,0.637426,1.115471,,,5561.690319,,252.208978,,,-21.801915
TCI,File 2 (custom),-12.984431,28.78205,,55.716924,0.201046,354850.116369,19603.855105,28.645741,,1.440788,,2.7362,0.534702,0.250342,,,2945.662141,,254.850116,,,-19.950175
TCIEXP,File 1 (vectorbt),-7.40673,35.783758,,35.783758,-0.057839,92314.905344,-1280.849109,23.706602,,0.964378,,0.793063,-0.063477,-0.108415,,,1163.980203,,-7.685095,,,-11.318096
TCIEXP,File 2 (custom),-7.29953,35.84781,,35.84781,-0.042697,91810.383945,-1364.936009,23.73401,,0.959394,,0.780452,-0.060471,-0.033203,,,573.866272,,-8.189616,,,-11.206989
TCIFINANCE,File 1 (vectorbt),-16.486672,55.43964,,76.06904,-0.139067,23846.944359,-4479.591508,78.668217,,0.943927,,0.462804,-0.142835,-0.213433,,,1560.492136,,-76.153056,,,-59.181918
TCIFINANCE,File 2 (custom),-14.527488,54.844681,,74.174722,-0.071414,36289.89011,-3747.653523,77.004931,,0.970636,,0.589052,-0.063512,-0.044444,,,1074.254608,,-63.71011,,,-42.518052
TCPLPACK,File 1 (vectorbt),-10.321022,34.167511,,43.428129,0.443205,173406.243084,12234.373847,25.083509,,1.233746,,2.655493,0.563203,1.005344,,,1606.219423,,73.406243,,,-12.356501
TCPLPACK,File 2 (custom),-10.200064,34.233177,,43.484545,0.294957,171803.561721,11967.260287,25.147312,,1.231111,,2.620933,0.463762,0.371507,,,832.394146,,71.803562,,,-12.244356
TCS,File 1 (vectorbt),-5.260977,14.545439,,17.705274,0.020837,111308.74861,595.197295,36.565723,,1.062344,,1.124609,0.131119,0.19052,,,4792.590375,,11.308749,,,-11.571005
TCS,File 2 (custom),-5.0269,14.630709,,17.787386,0.014735,111346.745938,597.197155,35.771701,,1.062646,,1.1266,0.109524,0.050971,,,2394.868526,,11.346746,,,-11.459646
TDPOWERSYS,File 1 (vectorbt),-10.004108,30.867857,,34.631589,0.012911,106752.895151,675.289515,54.430635,,1.063501,,1.129102,0.138151,0.20492,,,1451.973481,,6.752895,,,-13.548116
TDPOWERSYS,File 2 (custom),-9.894313,30.93682,,34.696792,0.007402,105613.803243,561.380324,54.705532,,1.060925,,1.106736,0.110273,0.055374,,,725.910937,,5.613803,,,-13.434781
TEAMLEASE,File 1 (vectorbt),-8.018919,29.282982,,34.506643,0.04194,109807.051993,1401.007428,35.369738,,1.09963,,1.172096,0.180383,0.322969,,,1879.65566,,9.807052,,,-9.623654
TEAMLEASE,File 2 (custom),-7.911107,29.353529,,34.571971,0.025762,108744.537831,1249.21969,35.522991,,1.09246,,1.153842,0.139932,0.08814,,,932.735318,,8.744538,,,-9.51424
TECHM,File 1 (vectorbt),-5.832093,16.345416,,17.901685,0.051268,123905.150059,1707.510719,33.074091,,1.09487,,1.406089,0.212939,0.298769,,,3094.778129,,23.90515,,,-9.740127
TECHM,File 2 (custom),-5.726466,16.428887,,17.983601,0.032912,122206.255755,1586.161125,33.180228,,1.090214,,1.375143,0.168553,0.077721,,,1543.682192,,22.206256,,,-9.630596
TECHNOE,File 1 (vectorbt),-12.157244,27.054776,,32.466973,0.512296,179744.212805,19936.053201,27.442903,,1.438198,,6.163854,0.841748,1.452776,,,1053.432556,,79.744213,,,-12.157244
TECHNOE,File 2 (custom),-12.045299,27.08979,,32.421063,0.342357,178693.144797,19673.286199,27.47933,,1.455856,,6.075423,0.706146,0.40569,,,564.549725,,78.693145,,,-12.045299
TEGA,File 1 (vectorbt),-13.303257,27.953733,,34.633915,1.16705,141514.905582,13838.301861,13.289967,,1.395819,,2.914024,0.882754,1.624565,,,810.471358,,41.514906,,,-13.303257
TEGA,File 2 (custom),-13.190167,27.546782,,34.699116,0.760361,139747.448822,13249.149607,13.243568,,1.384408,,2.863211,0.71607,0.57233,,,418.536041,,39.747449,,,-13.190167
TEJASNET,File 1 (vectorbt),-10.289059,38.329657,,38.329657,-0.133613,80310.647081,-3281.55882,29.604869,,0.90253,,0.610261,-0.214622,-0.329412,,,1129.739061,,-19.689353,,,-13.492283
TEJASNET,File 2 (custom),-9.707199,36.908348,,36.908348,-0.093471,81337.715923,-3110.38068,27.718011,,0.907663,,0.612053,-0.168954,-0.096633,,,549.990111,,-18.662284,,,-11.020099
TEMBO,File 1 (vectorbt),-10.837282,24.343628,,24.343628,-0.235444,78426.044733,-4314.791053,34.786945,,0.796327,,0.438373,-0.51097,-0.724076,,,818.723093,,-21.573955,,,-15.864969
TEMBO,File 2 (custom),-9.857062,24.419109,,24.419109,-0.152284,81282.325624,-3743.534875,32.221441,,0.822822,,0.480921,-0.36479,-0.197879,,,410.013264,,-18.717674,,,-12.270948
TERASOFT,File 1 (vectorbt),-15.368375,33.234891,,37.811986,0.305082,168826.794691,13765.358938,31.17404,,1.386107,,3.427631,0.530649,0.963091,,,1048.231331,,68.826795,,,-15.872372
TERASOFT,File 2 (custom),-15.253222,33.178104,,37.874012,0.203504,167392.994157,13478.598831,31.27544,,1.380575,,3.368184,0.435979,0.207793,,,556.363097,,67.392994,,,-15.756715
TEXINFRA,File 1 (vectorbt),-10.671706,39.745807,,65.322249,0.046165,120704.422486,2070.442249,29.122118,,1.099696,,1.221061,0.162967,0.281263,,,2418.735517,,20.704422,,,-13.419838
TEXINFRA,File 2 (custom),-10.264234,36.823334,,56.40909,0.024607,115757.661922,1575.766192,29.242446,,1.08578,,1.175657,0.118301,0.062064,,,1182.437452,,15.757662,,,-11.439422
TEXMOPIPES,File 1 (vectorbt),-15.677434,49.401837,,49.401837,-0.117494,45197.529406,-6850.308824,62.697275,,0.888308,,0.384781,-0.251591,-0.405077,,,1224.937433,,-54.802471,,,-19.945665
TEXMOPIPES,File 2 (custom),-15.530279,49.452285,,49.452285,-0.082434,45009.426673,-6873.821666,62.743432,,0.887515,,0.382607,-0.210654,-0.13115,,,584.037335,,-54.990573,,,-19.825939
TEXRAIL,File 1 (vectorbt),-11.521823,37.179034,,46.027306,-0.113313,48130.292715,-3989.977483,64.267671,,0.85194,,0.3757,-0.365632,-0.505832,,,1533.763533,,-51.869707,,,-23.243487
TEXRAIL,File 2 (custom),-11.410512,35.081018,,41.759778,-0.08319,46186.38136,-4139.509126,64.494614,,0.841607,,0.34946,-0.326911,-0.164144,,,731.999115,,-53.813619,,,-23.120467
TFCILTD,File 1 (vectorbt),-13.982139,34.820962,,41.9354,0.024417,129868.413217,1866.775826,61.482629,,1.09692,,1.171638,0.17125,0.281424,,,3973.212972,,29.868413,,,-23.991209
TFCILTD,File 2 (custom),-13.019801,33.96214,,41.378053,0.021111,135914.754331,2244.672146,57.562491,,1.10493,,1.204505,0.15539,0.083859,,,2103.217453,,35.914754,,,-23.867441
TFL,File 1 (vectorbt),-13.412679,56.29279,,74.41343,0.282944,330120.986129,28765.123266,41.503608,,1.226962,,2.584655,0.547281,0.926301,,,3720.535204,,230.120986,,,-18.589877
TFL,File 2 (custom),-12.925888,53.271266,,74.438891,0.184103,307255.670011,25906.958751,40.580612,,1.215247,,2.572431,0.438396,0.342923,,,1838.808218,,207.25567,,,-16.977137
TGBHOTELS,File 1 (vectorbt),-15.095617,39.812408,,47.62684,0.004343,101168.575448,194.762575,32.764365,,1.043339,,1.015594,0.085698,0.133815,,,1375.681702,,1.168575,,,-18.300137
TGBHOTELS,File 2 (custom),-14.980736,39.872436,,47.679061,0.001431,100557.099965,92.849994,32.81801,,1.040866,,1.007426,0.067261,0.035615,,,686.338728,,0.5571,,,-18.182055
THANGAMAYL,File 1 (vectorbt),-10.579078,27.912837,,36.71826,-0.007325,97128.417407,-220.890969,38.200635,,1.036155,,0.970512,0.068378,0.104226,,,2502.094186,,-2.871583,,,-12.22561
THANGAMAYL,File 2 (custom),-9.982316,26.845955,,36.781379,-0.005299,96854.00454,-241.999651,40.017127,,1.033643,,0.965464,0.053683,0.024713,,,1227.366533,,-3.145995,,,-11.631352
THEINVEST,File 1 (vectorbt),-18.335006,,,-18.335006,-0.202175,81683.310205,-18316.689795,18.31669,,0.294034,,,-0.667926,-0.756712,,,181.665175,,-18.31669,,,-18.335006
THEINVEST,File 2 (custom),-16.655155,,,-16.655155,-0.139321,83194.014408,-16805.985592,16.805986,,0.313744,,,-0.533777,-0.071532,,,83.183912,,-16.805986,,,-16.655155
THEJO,File 1 (vectorbt),-8.829081,27.508259,,34.07855,0.518154,198732.718962,14104.674137,30.29937,,1.497655,,3.680923,0.816635,1.657001,,,1865.059085,,98.732719,,,-14.21171
THEJO,File 2 (custom),-8.720461,27.5569,,34.144306,0.344514,196659.571658,13808.510237,30.252887,,1.491824,,3.630524,0.673409,0.474024,,,972.477584,,96.659572,,,-14.097712
THEMISMED,File 1 (vectorbt),-10.943294,36.905281,,49.396626,0.214335,159802.065837,8543.152262,35.0664,,1.195199,,1.992606,0.443766,0.753299,,,1822.261116,,59.802066,,,-16.154569
THEMISMED,File 2 (custom),-10.832561,35.475889,,44.970109,0.133589,153856.453155,7693.779022,35.227585,,1.182661,,1.908706,0.346902,0.238752,,,916.318086,,53.856453,,,-16.03863
THERMAX,File 1 (vectorbt),-8.293256,22.5115,,25.01865,-0.018084,86686.095061,-887.593663,43.911449,,0.983469,,0.873391,-0.031161,-0.048821,,,3376.370809,,-13.313905,,,-11.90191
THERMAX,File 2 (custom),-8.112433,21.973118,,25.093457,-0.014564,84635.817909,-1024.278806,43.984342,,0.975709,,0.850456,-0.038344,-0.018571,,,1644.622804,,-15.364182,,,-11.790219
THOMASCOOK,File 1 (vectorbt),-10.349687,29.94836,,31.488715,-0.074792,37990.416416,-3263.662294,70.284352,,0.854143,,0.365414,-0.318828,-0.437806,,,2078.430341,,-62.009584,,,-16.555527
THOMASCOOK,File 2 (custom),-9.909076,30.018241,,31.557057,-0.050867,39609.200436,-3178.463135,68.895684,,0.859702,,0.378845,-0.256121,-0.113619,,,1036.680187,,-60.3908,,,-16.439188
THOMASCOTT,File 1 (vectorbt),-10.654703,29.926843,,35.78181,0.163485,138609.1038,5515.586257,31.515265,,1.205432,,1.718551,0.375797,0.578976,,,1654.027736,,38.609104,,,-15.65129
THOMASCOTT,File 2 (custom),-9.404899,26.433421,,32.616837,0.097941,133257.133594,4751.019085,31.62344,,1.188525,,1.695671,0.286281,0.174684,,,829.087141,,33.257134,,,-15.535854
THYROCARE,File 1 (vectorbt),-6.349623,20.237487,,21.032853,0.024857,104120.754009,588.679144,26.276361,,1.059915,,1.1427,0.114844,0.179015,,,1237.942692,,4.120754,,,-7.576177
THYROCARE,File 2 (custom),-6.24348,20.31707,,21.111641,0.014268,103443.90451,491.986359,26.464369,,1.054233,,1.11829,0.086676,0.04231,,,617.411983,,3.443905,,,-7.468808
TI,File 1 (vectorbt),-11.378946,32.141264,,42.735734,0.022159,115184.014509,1265.334542,63.388685,,1.078617,,1.227767,0.165128,0.279571,,,1738.866598,,15.184015,,,-13.435148
TI,File 2 (custom),-11.125281,31.704925,,40.776721,0.013842,113622.281786,1135.190149,63.12832,,1.074776,,1.205311,0.130796,0.085004,,,871.682975,,13.622282,,,-13.321926
TICL,File 1 (vectorbt),,0.0,,,,,,,0.0,inf,,,inf,inf,,,,,,,,
TICL,File 2 (custom),,,,,,,,0.0,100.0,,,,,,,,,,,,,
TIIL,File 1 (vectorbt),-11.957375,28.986347,,40.629563,0.114033,163757.267531,5796.11523,36.286863,,1.127869,,1.579846,0.302865,0.482931,,,3224.248893,,63.757268,,,-20.810283
TIIL,File 2 (custom),-10.167213,29.036744,,40.688775,0.095709,182227.785031,7475.253185,36.199011,,1.147175,,1.741844,0.291522,0.203214,,,1835.426596,,82.227785,,,-12.868496
TIINDIA,File 1 (vectorbt),-8.422143,27.50248,,32.467416,0.567824,239113.556254,10099.449322,,,1.298599,7820.715067,2.243306,0.870596,1.495021,,,4591.37414,,139.113556,,,-10.339296
TIINDIA,File 2 (custom),-8.313929,26.90841,,32.534781,0.35966,227949.609636,9275.192864,,,1.283942,7372.10241,2.176952,0.696576,0.622148,,,2160.37996,,127.94961,,,-10.229167
TIJARIA,File 1 (vectorbt),-16.319125,48.081301,,48.081301,-0.050902,86429.729968,-3392.567508,44.055248,,0.973709,,0.696832,-0.051529,-0.076341,,,667.620093,,-13.57027,,,-20.48411
TIJARIA,File 2 (custom),-14.092378,48.133068,,48.133068,-0.019384,92665.599922,-1833.600019,42.020356,,1.005702,,0.81445,0.0091,0.004461,,,342.262797,,-7.3344,,,-18.255815
TIL,File 1 (vectorbt),-12.099347,27.173722,,37.007588,-0.058104,53854.10783,-2428.731167,63.664095,,0.939408,,0.639872,-0.113597,-0.167689,,19.0,2693.164491,,-46.145892,19.0,26.315789,-17.577871
TIL,File 2 (custom),-11.535542,29.078764,,39.844397,-0.017648,78375.646262,-1081.217687,57.758554,,1.007774,,0.863218,0.011242,0.00498,,20.0,1819.135234,,-21.624354,20.0,30.0,-15.895037
TIMESGTY,File 1 (vectorbt),-12.669228,44.448325,,51.596304,0.083908,172393.086389,6088.453889,52.935673,,1.198037,5420.093614,1.407843,0.310259,0.559961,,,3853.143129,,72.393086,,,-18.289532
TIMESGTY,File 2 (custom),-11.659419,40.33102,,49.174353,0.052015,163355.48136,5293.107316,52.68995,,1.183909,5131.300879,1.397228,0.243111,0.136467,,,1822.283494,,63.355481,,,-17.023896
TIMETECHNO,File 1 (vectorbt),-11.882828,34.352384,,46.837903,0.054994,131163.26878,2833.024435,40.829711,,1.090809,,1.410587,0.210612,0.328533,,,1963.450432,,31.163269,,,-25.753627
TIMETECHNO,File 2 (custom),-11.771157,34.417866,,46.890912,0.036097,129614.040695,2692.185518,40.91091,,1.088555,,1.388928,0.170886,0.100756,,,991.438694,,29.614041,,,-25.628099
TIMKEN,File 1 (vectorbt),-8.71083,26.20097,,40.611092,0.18147,211495.626365,8576.586643,34.180655,,1.17701,,2.001456,0.40725,0.677151,,,4467.241968,,111.495626,,,-10.469015
TIMKEN,File 2 (custom),-8.27222,26.227641,,40.670322,0.131736,213400.385888,8723.106607,32.597421,,1.178963,,2.036354,0.34277,0.232221,,,2304.937458,,113.400386,,,-10.358756
TIPSFILMS,File 1 (vectorbt),-11.662922,33.899919,,33.899919,0.535951,118268.956555,9134.478278,17.693421,,1.241251,,2.171305,0.501151,0.906678,,,486.019817,,18.268957,,,-11.662922
TIPSFILMS,File 2 (custom),-11.551471,33.965853,,33.965853,0.359431,117926.364904,8963.182452,17.637988,,1.23799,,2.145839,0.412578,0.299768,,,251.19485,,17.926365,,,-11.551471
TIPSMUSIC,File 1 (vectorbt),-14.761065,38.978112,,47.427364,-0.043217,62081.599116,-2527.893392,68.006359,,0.981151,,0.747437,-0.039657,-0.065586,,,2394.883714,,-37.918401,,,-31.424988
TIPSMUSIC,File 2 (custom),-14.223555,39.038973,,47.479784,-0.027927,64773.256285,-2348.449581,66.556436,,0.986763,,0.762298,-0.023055,-0.014029,,,1200.664744,,-35.226744,,,-30.335116
TIRUMALCHM,File 1 (vectorbt),-12.597494,38.568939,,52.868016,0.107339,205712.134178,7047.475612,39.431843,,1.198865,,1.456558,0.321394,0.572116,,,5662.514613,,105.712134,,,-18.519968
TIRUMALCHM,File 2 (custom),-11.999509,38.357249,,52.915001,0.075668,210611.025767,7374.068384,39.640791,,1.204416,,1.498449,0.274509,0.152142,,,2874.616721,,110.611026,,,-18.401666
TIRUPATIFL,File 1 (vectorbt),-11.343564,22.52642,,22.52642,-0.167942,75507.244002,-4898.5512,33.832017,,0.575956,,0.378561,-0.581931,-0.704163,,,803.934784,,-24.492756,,,-15.779015
TIRUPATIFL,File 2 (custom),-9.745144,20.440262,,20.440262,-0.108306,78954.678336,-4209.064333,30.836671,,0.605323,,0.399449,-0.426014,-0.084597,,,402.05448,,-21.045322,,,-12.91548
TITAGARH,File 1 (vectorbt),-10.728867,46.236399,,65.985044,0.051236,135627.320604,2187.046831,51.817316,,1.106231,11569.805459,1.207537,0.234204,0.372616,,,2895.47683,,35.627321,,,-13.928635
TITAGARH,File 2 (custom),-9.976203,46.290009,,66.018925,0.042467,141888.952242,2708.735968,49.420397,,1.116526,12092.856593,1.265073,0.213059,0.127156,,,1435.968772,,41.888952,,,-13.81492
TITAN,File 1 (vectorbt),-8.81299,22.266647,,45.781729,0.235378,450239.197258,12991.109102,37.198635,,1.31697,25461.469715,2.270507,0.611991,1.000647,,,12894.466532,,350.239197,,,-14.829538
TITAN,File 2 (custom),-8.476703,22.00746,,45.835793,0.161565,434991.778297,12421.836981,36.057272,,1.311403,24445.85378,2.233392,0.502382,0.271335,,,6322.991081,,334.991778,,,-13.693242
TMB,File 1 (vectorbt),-6.008973,,,-5.378273,-0.552562,82717.366972,-5652.472768,17.282633,,0.350319,-325.214724,,-1.796351,-2.115893,,,630.341087,,-17.282633,,,-7.062996
TMB,File 2 (custom),-5.90317,,,-5.2731,-0.387642,82536.031947,-5713.209133,17.463968,,0.347056,-324.340654,,-1.503457,-0.600407,,,264.180824,,-17.463968,,,-6.95614
TNPETRO,File 1 (vectorbt),-11.268938,26.818986,,26.818986,-0.078239,30127.79179,-5374.785247,72.152709,,0.703458,,0.18858,-0.542468,-0.716394,,,1582.254793,,-69.872208,,,-16.023939
TNPETRO,File 2 (custom),-10.491991,26.891994,,26.891994,-0.052729,32493.709238,-5192.791597,69.965672,,0.716505,,0.206234,-0.4369,-0.161379,,,812.520026,,-67.506291,,,-15.908131
TNPL,File 1 (vectorbt),-11.383532,29.549195,,41.042886,0.009515,107158.260363,477.217358,40.617089,,1.046037,,1.0565,0.098492,0.156456,,,3244.539655,,7.15826,,,-16.279041
TNPL,File 2 (custom),-10.759275,29.619475,,41.101684,0.010796,112089.131278,805.942085,40.808791,,1.054006,,1.094271,0.095833,0.055144,,,1706.335172,,12.089131,,,-14.518277
TNTELE,File 1 (vectorbt),-16.950526,42.667963,,61.3415,-0.082275,50992.614024,-4083.948831,58.164112,,0.88443,,0.617646,-0.155856,-0.230345,,,1710.773637,,-49.007386,,,-30.567074
TNTELE,File 2 (custom),-15.040428,40.755617,,57.622753,-0.049882,58960.447153,-3419.962737,52.539277,,0.914557,,0.66075,-0.094972,-0.031076,,,893.242471,,-41.039553,,,-28.976578
TOKYOPLAST,File 1 (vectorbt),-17.004933,50.362072,,61.579772,0.033584,135678.479493,3243.498136,58.780136,,1.115741,,1.244033,0.196751,0.324186,,,2648.175256,,35.678479,,,-25.378538
TOKYOPLAST,File 2 (custom),-16.764509,48.675042,,58.161467,0.019824,129727.948118,2702.540738,58.408966,,1.108092,,1.208918,0.153014,0.073717,,,1303.130426,,29.727948,,,-25.253385
TOLINS,File 1 (vectorbt),,0.0,,,,,,,0.0,inf,,,inf,inf,,,,,,,,
TOLINS,File 2 (custom),,,,,,,,0.0,100.0,,,,,,,,,,,,,
TORNTPHARM,File 1 (vectorbt),-9.296592,21.86705,,44.897072,-0.03466,66543.06551,-1520.76975,56.577005,,0.939742,,0.710879,-0.0926,-0.128507,,,2981.002887,,-33.456934,,,-18.195727
TORNTPHARM,File 2 (custom),-8.758427,21.634364,,43.088171,-0.022599,69236.002285,-1398.363532,54.274715,,0.947366,,0.727372,-0.067663,-0.02182,,,1519.663466,,-30.763998,,,-18.077749
TORNTPOWER,File 1 (vectorbt),-9.269502,23.347171,,28.428569,0.040015,128043.249664,2157.173051,49.600014,,1.131983,,1.385512,0.213282,0.314415,,,2280.932307,,28.04325,,,-24.920793
TORNTPOWER,File 2 (custom),-9.060257,23.423647,,28.499969,0.026927,127295.368546,2099.643734,49.524607,,1.12996,,1.376969,0.174683,0.064238,,,1149.56747,,27.295369,,,-24.796097
TOTAL,File 1 (vectorbt),-11.743919,,,-9.646647,-0.331307,77868.171444,-11065.914278,22.131829,,0.312641,,,-1.03753,-1.179639,,,350.191663,,-22.131829,,,-13.841191
TOTAL,File 2 (custom),-11.51215,,,-9.296738,-0.231337,77943.881348,-11028.059326,22.056119,,0.313387,,,-0.861249,-0.183838,,,164.166106,,-22.056119,,,-13.727563
TOUCHWOOD,File 1 (vectorbt),,38.479086,,40.745478,1.654866,191606.85936,45803.42968,11.634103,,2.423894,,,1.287244,2.92194,,,573.108586,,91.606859,,,36.212693
TOUCHWOOD,File 2 (custom),0.0,35.623065,,36.276317,1.029648,183122.759231,41561.379615,11.629415,,2.328324,,,1.015377,0.555489,,,317.931269,,83.122759,,,34.969813
TPHQ,File 1 (vectorbt),-11.176148,29.996535,,29.996535,-0.152283,91038.279917,-2240.430021,22.144665,,0.924992,,0.746297,-0.159628,-0.228175,,,805.381012,,-8.96172,,,-13.203694
TPHQ,File 2 (custom),-9.47576,27.33819,,27.33819,-0.074765,93577.233021,-1605.691745,22.2107,,0.951834,,0.793046,-0.083505,-0.046431,,,408.229775,,-6.422767,,,-13.090704
TPLPLASTEH,File 1 (vectorbt),-12.468822,36.313386,,37.552481,0.306865,193850.054502,18770.0109,33.134019,,1.256894,,3.571545,0.526247,0.951117,,,1405.960934,,93.850055,,,-14.386703
TPLPLASTEH,File 2 (custom),-12.356566,36.376909,,37.614766,0.206477,192750.303848,18550.06077,33.188251,,1.254975,,3.531906,0.434744,0.306251,,,747.803104,,92.750304,,,-14.272531
TRACXN,File 1 (vectorbt),-12.191922,,,-12.191922,-0.507268,87820.258056,-12179.741944,13.544151,,0.499323,,,-0.983047,-1.190542,,,187.808266,,-12.179742,,,-12.191922
TRACXN,File 2 (custom),-12.079942,,,-12.079942,-0.354408,87744.449015,-12255.550985,13.618777,,0.497682,,,-0.820076,-0.256543,,,87.83183,,-12.255551,,,-12.079942
TRANSRAILL,File 1 (vectorbt),,0.0,,,,,,,0.0,inf,,,inf,inf,,,,,,,,
TRANSRAILL,File 2 (custom),,,,,,,,0.0,100.0,,,,,,,,,,,,,
TRANSWORLD,File 1 (vectorbt),-14.118506,39.731405,,43.153871,0.064857,160359.660523,3772.478783,59.187088,,1.196798,,1.303709,0.284298,0.476796,,,4202.53299,,60.359661,,,-21.763519
TRANSWORLD,File 2 (custom),-13.52143,37.778766,,39.668393,0.039739,153433.631088,3339.601943,60.030058,,1.185531,,1.273352,0.222593,0.094915,,,2141.84557,,53.433631,,,-19.150397
TREEHOUSE,File 1 (vectorbt),-11.809583,35.248746,,42.637495,0.007228,102107.601896,210.76019,30.85009,,1.039243,,1.022007,0.089056,0.134233,,,2163.746146,,2.107602,,,-15.597641
TREEHOUSE,File 2 (custom),-11.517899,33.470046,,37.164841,-0.0034,98628.35824,-137.164176,29.933597,,1.027934,,0.985224,0.052859,0.029132,,,1065.648464,,-1.371642,,,-14.35221
TREJHARA,File 1 (vectorbt),-12.644405,27.075913,,29.41599,0.167289,123055.029662,5763.757416,28.804891,,1.227267,,1.656547,0.401646,0.662687,,,1005.348336,,23.05503,,,-15.305161
TREJHARA,File 2 (custom),-10.794815,24.245558,,28.947396,0.120474,121686.809675,5421.702419,25.913256,,1.222953,,1.739466,0.324418,0.165803,,,504.334893,,21.68681,,,-11.715754
TREL,File 1 (vectorbt),,0.0,,,,,,,0.0,inf,,,inf,inf,,,,,,,,
TREL,File 2 (custom),,,,,,,,0.0,100.0,,,,,,,,,,,,,
TRENT,File 1 (vectorbt),-7.968087,26.423004,,32.038068,0.024593,120412.445236,1570.188095,53.28139,,1.073667,,1.353656,0.163483,0.265565,,,2062.167633,,20.412445,,,-12.956374
TRENT,File 2 (custom),-7.308586,26.496407,,32.105862,0.021717,125487.178117,1960.552163,50.863627,,1.083757,,1.457996,0.154689,0.100309,,,1081.268286,,25.487178,,,-9.242761
TRF,File 1 (vectorbt),-11.726184,21.176011,,21.176011,-0.045583,83286.487083,-4178.378229,38.30084,,0.890741,,0.465273,-0.145799,-0.230719,,,661.00225,,-16.713513,,,-14.886427
TRF,File 2 (custom),-11.614669,21.254656,,21.254656,-0.03217,82932.214595,-4266.946351,38.440913,,0.887396,,0.456889,-0.125308,-0.04681,,,321.406615,,-17.067785,,,-14.771756
TRIDENT,File 1 (vectorbt),-12.689497,25.939521,,36.263251,-0.052582,54685.503994,-3020.9664,71.523055,,0.953629,,0.472571,-0.103051,-0.157479,,,1499.952491,,-45.314496,,,-25.958747
TRIDENT,File 2 (custom),-12.291045,26.013408,,36.326824,-0.03569,55842.385524,-2943.840965,70.675674,,0.956196,,0.484041,-0.080947,-0.044412,,,740.468239,,-44.157614,,,-25.833014
TRIGYN,File 1 (vectorbt),-14.840903,38.800132,,46.557852,-0.066545,62168.166572,-4203.537048,55.139797,,0.911064,,0.631235,-0.152214,-0.242552,,,1626.934884,,-37.831833,,,-18.550552
TRIGYN,File 2 (custom),-14.726277,36.865949,,46.611141,-0.049799,59783.035734,-4468.551585,55.316762,,0.899833,,0.5995,-0.143069,-0.066254,,,772.108673,,-40.216964,,,-18.43222
TRITURBINE,File 1 (vectorbt),-9.025662,31.226178,,39.512068,0.040594,115790.744466,1579.074447,39.442395,,1.078227,,1.167711,0.177299,0.278036,,,2801.598744,,15.790744,,,-15.210038
TRITURBINE,File 2 (custom),-8.896145,31.294783,,39.572395,0.026193,114872.751248,1487.275125,39.801182,,1.076068,,1.157723,0.143375,0.085192,,,1403.367441,,14.872751,,,-15.095043
TRIVENI,File 1 (vectorbt),-10.68771,30.690382,,34.420407,0.065453,147613.455784,4761.345578,45.648798,,1.134413,,1.698787,0.261135,0.419534,,,2128.336614,,47.613456,,,-15.02951
TRIVENI,File 2 (custom),-10.5482,30.759523,,34.485822,0.043907,146294.868749,4629.486875,45.679564,,1.132146,,1.678342,0.213686,0.113289,,,1083.080753,,46.294869,,,-14.914695
TRU,File 1 (vectorbt),-11.251129,,,-11.251129,-0.452399,88760.110624,-11239.889376,12.55897,,0.20374,,,-1.007227,-1.023562,,,188.749059,,-11.239889,,,-11.251129
TRU,File 2 (custom),-11.140089,,,-11.140089,-0.315504,88682.595752,-11317.404248,12.635307,,0.202571,,,-0.83962,-0.15758,,,88.769358,,-11.317404,,,-11.140089
TTKHLTCARE,File 1 (vectorbt),-9.038355,,,-4.42948,-0.190141,51430.011684,-6938.569759,51.233895,,0.58619,,,-0.963506,-1.157382,,,989.254693,,-48.569988,,,-12.323235
TTKHLTCARE,File 2 (custom),-8.858602,,,-4.325255,-0.133036,51669.782318,-6904.316812,51.005974,,0.585937,,,-0.80014,-0.280773,,,468.724436,,-48.330218,,,-12.211124
TTKPRESTIG,File 1 (vectorbt),-12.364202,35.669376,,60.258907,0.04539,139673.116666,2333.712745,38.235894,,1.114619,,1.243646,0.183586,0.30518,,,3930.864442,,39.673117,,,-22.015138
TTKPRESTIG,File 2 (custom),-12.167438,35.733543,,60.298509,0.030604,138764.442159,2280.261303,38.28099,,1.113394,,1.238833,0.151065,0.069825,,,1979.206809,,38.764442,,,-21.893344
TTL,File 1 (vectorbt),-12.68658,37.367755,,42.991433,0.177185,171646.632189,11941.105365,25.744053,,1.282914,,1.984412,0.37548,0.660678,,,2009.400763,,71.646632,,,-18.178839
TTL,File 2 (custom),-12.364926,37.430225,,43.048284,0.12423,171859.17622,11976.52937,25.23338,,1.283765,,1.996527,0.313198,0.136149,,,1042.769631,,71.859176,,,-17.433341
TTML,File 1 (vectorbt),-12.044705,32.262435,,38.16486,0.008439,105441.344805,734.439375,45.438656,,1.059763,-1168.609574,1.061487,0.102805,0.176451,,,2586.690527,,5.441345,,,-16.560224
TTML,File 2 (custom),-11.930896,30.147091,,31.677793,-0.000473,99566.668608,74.426314,45.778107,,1.044208,-1103.168219,1.006535,0.063843,0.034695,,,1185.77694,,-0.433331,,,-16.432022
TVSELECT,File 1 (vectorbt),-12.664646,41.35422,,59.055059,0.207237,397223.511458,16512.417303,50.013638,,1.29985,,1.953111,0.528942,1.001096,,,8603.843404,,297.223511,,,-17.582394
TVSELECT,File 2 (custom),-12.552194,39.568791,,51.0099,0.128041,353886.761088,14104.82006,50.275255,,1.278965,,1.884826,0.412332,0.272481,,,4040.801175,,253.886761,,,-17.465029
TVSHLTD,File 1 (vectorbt),-8.909966,23.010927,,32.787619,0.206346,156697.175224,7087.146903,26.067771,,1.298888,,2.117586,0.518691,0.901867,,,2175.827971,,56.697175,,,-11.531672
TVSHLTD,File 2 (custom),-8.801265,23.087739,,32.854664,0.137672,154779.646534,6847.455817,26.009155,,1.292443,,2.085324,0.423592,0.231854,,,1099.181243,,54.779647,,,-11.420352
TVSMOTOR,File 1 (vectorbt),-8.272548,28.594765,,42.218222,0.485629,712362.998548,30618.149927,,,1.438357,,2.823447,0.848375,1.465378,,,17660.449567,,612.362999,,,-13.693043
TVSMOTOR,File 2 (custom),-8.152932,28.434618,,42.275846,0.32195,684809.612694,29240.480635,,,1.429617,,2.784885,0.694369,0.417987,,,8839.038644,,584.809613,,,-13.579564
TVSSCS,File 1 (vectorbt),-7.473435,,,-7.473435,-0.308726,92534.031122,-7465.968878,19.423226,,0.850497,,,-0.391178,-0.565824,,,192.526758,,-7.465969,,,-7.473435
TVSSCS,File 2 (custom),-7.366169,,,-7.366169,-0.21682,92456.580298,-7543.419702,19.479877,,0.848751,,,-0.330007,-0.197325,,,92.445314,,-7.54342,,,-7.366169
TVSSRICHAK,File 1 (vectorbt),-9.657606,29.239776,,42.060636,0.076883,142962.031035,3068.716502,38.223793,,1.136572,,1.30604,0.269311,0.425653,,,4267.283909,,42.962031,,,-13.548186
TVSSRICHAK,File 2 (custom),-9.356884,29.310366,,42.118417,0.054794,144471.018228,3176.501302,37.956275,,1.139858,,1.324049,0.229122,0.117967,,,2141.943472,,44.471018,,,-13.434851
TVTODAY,File 1 (vectorbt),-11.834102,38.670327,,56.021962,0.213535,269436.813572,16943.681357,33.05685,,1.237137,,2.298633,0.436639,0.82699,,,4058.016415,,169.436814,,,-13.062438
TVTODAY,File 2 (custom),-11.72248,38.731495,,56.065796,0.143706,266388.228188,16638.822819,33.15901,,1.234818,,2.276246,0.35991,0.254827,,,2099.05168,,166.388228,,,-12.949588
TVVISION,File 1 (vectorbt),-10.776738,34.003095,,41.283616,0.197679,142402.939172,10600.734793,33.4,,1.513603,,2.422891,0.625039,1.02259,,,1011.031427,,42.402939,,,-13.001644
TVVISION,File 2 (custom),-9.776597,32.572237,,38.348794,0.138417,141638.181014,10409.545254,32.097746,,1.517496,,2.562943,0.518559,0.205935,,,519.288305,,41.638181,,,-11.109704
UBL,File 1 (vectorbt),-7.932538,28.675882,,62.963339,0.234408,205512.89443,7034.192962,27.723027,,1.209156,,1.744883,0.437144,0.774822,,,5566.684185,,105.512894,,,-11.574594
UBL,File 2 (custom),-7.824813,28.747035,,63.000238,0.154243,202303.397182,6820.226479,28.160579,,1.205372,,1.721531,0.357525,0.247418,,,2807.943613,,102.303397,,,-11.463231
UCAL,File 1 (vectorbt),-12.325136,38.089141,,41.311801,-0.033393,64567.520568,-2742.364304,64.922989,,0.95973,2960.620828,0.692315,-0.075372,-0.12285,,,2504.363669,,-35.432479,,,-17.169041
UCAL,File 2 (custom),-11.935482,38.15089,,41.370331,-0.021994,66004.033932,-2644.306404,64.874327,,0.963366,3024.323593,0.701769,-0.056818,-0.029973,,,1221.542932,,-33.995966,,,-17.052089
UCOBANK,File 1 (vectorbt),-11.807096,25.799274,,34.542554,0.017282,109937.962867,621.122679,37.362117,,1.054454,,1.08425,0.119418,0.176579,,,2990.57058,,9.937963,,,-22.271416
UCOBANK,File 2 (custom),-11.695501,25.827651,,34.607846,0.009548,107966.008944,497.875559,37.719015,,1.050803,,1.067674,0.092729,0.04649,,,1485.386551,,7.966009,,,-22.149367
UDAICEMENT,File 1 (vectorbt),-10.159574,27.875541,,27.875541,0.487933,114871.888213,7435.944106,14.305955,,1.900538,,2.146124,0.572997,0.765387,,,470.582618,,14.871888,,,-10.159574
UDAICEMENT,File 2 (custom),-9.164526,27.947494,,27.947494,0.372302,115758.407389,7879.203694,13.536719,,1.979753,,2.320782,0.512483,0.072361,,,243.653585,,15.758407,,,-9.164526
UDS,File 1 (vectorbt),-9.715509,,,-9.715509,-0.3299,90294.196987,-9705.803013,25.163531,,0.869665,,,-0.364523,-0.515072,,,190.284681,,-9.705803,,,-9.715509
UDS,File 2 (custom),-9.606003,,,-9.606003,-0.232021,90241.847333,-9758.152667,25.169669,,0.868476,,,-0.306358,-0.183209,,,90.041108,,-9.758153,,,-9.606003
UFLEX,File 1 (vectorbt),-9.401153,37.227959,,60.800954,-0.011987,93040.491909,-535.346776,48.70056,,1.012711,,0.939452,0.023002,0.032127,,,2988.134589,,-6.959508,,,-20.939331
UFLEX,File 2 (custom),-7.957626,35.106932,,54.289104,0.004105,102993.000833,230.230833,40.288964,,1.040866,,1.029001,0.065642,0.031198,,,1571.30594,,2.993001,,,-13.261392
UFO,File 1 (vectorbt),-11.637873,29.340292,,29.340292,-0.074739,78368.816689,-4326.236662,46.649121,,0.798045,,0.450917,-0.279539,-0.430795,,,803.558634,,-21.631183,,,-19.955765
UFO,File 2 (custom),-11.526446,29.410781,,29.410781,-0.052443,78125.248451,-4374.95031,46.733215,,0.795083,,0.446277,-0.236627,-0.081149,,,389.334096,,-21.874752,,,-19.836029
UGARSUGAR,File 1 (vectorbt),-10.96863,36.373362,,38.103086,0.11733,131127.386715,6225.477343,23.283677,,1.195781,,1.952318,0.269247,0.447501,,,970.861998,,31.127387,,,-12.646011
UGARSUGAR,File 2 (custom),-10.823501,36.436826,,38.164821,0.079286,130596.126046,6119.225209,23.331276,,1.193269,,1.933051,0.221451,0.088818,,,500.298878,,30.596126,,,-12.533578
UGROCAP,File 1 (vectorbt),-12.023901,,,-12.023901,-0.394556,87988.110548,-12011.889452,12.011889,,,,,-0.967335,-0.966599,,,187.976287,,-12.011889,,,-12.023901
UGROCAP,File 2 (custom),-10.272758,,,-10.272758,-0.272708,89556.315827,-10443.684173,10.443684,,,,,-0.840972,-0.145844,,,89.566002,,-10.443684,,,-10.272758
UJJIVANSFB,File 1 (vectorbt),-10.701955,,,-9.78863,-0.231541,79752.179583,-10123.910208,25.139385,,0.812641,,,-0.387804,-0.497862,,,356.524938,,-20.24782,,,-11.615279
UJJIVANSFB,File 2 (custom),-10.591463,,,-9.679051,-0.161707,79617.198302,-10191.400849,25.265692,,0.811345,,,-0.324533,-0.119054,,,168.047907,,-20.382802,,,-11.503875
ULTRACEMCO,File 1 (vectorbt),-6.920772,19.111979,,30.463635,0.011893,105725.910434,248.952628,33.228611,,1.044251,,1.047605,0.092912,0.156771,,,4860.941926,,5.72591,,,-17.275262
ULTRACEMCO,File 2 (custom),-6.814058,19.108563,,30.533002,0.004327,102990.400349,130.017406,33.327989,,1.037309,,1.025097,0.064994,0.04115,,,2368.381097,,2.9904,,,-17.158203
UMAEXPORTS,File 1 (vectorbt),-14.225024,,,-14.225024,-0.425592,85789.187205,-14210.812795,15.889649,,0.416528,,,-0.951434,-1.187557,,,185.775162,,-14.210813,,,-14.225024
UMAEXPORTS,File 2 (custom),-14.111013,,,-14.111013,-0.297259,85724.751246,-14275.248754,15.951975,,0.415197,,,-0.794051,-0.276588,,,85.758908,,-14.275249,,,-14.111013
UMANGDAIRY,File 1 (vectorbt),-13.425396,48.597949,,48.597949,-0.086767,72159.046891,-4640.158851,56.508898,,0.932442,,0.493463,-0.145339,-0.250694,,,887.876043,,-27.840953,,,-17.513998
UMANGDAIRY,File 2 (custom),-13.312184,48.6492,,48.6492,-0.061217,71769.048139,-4705.158643,56.635387,,0.930569,,0.487915,-0.124292,-0.084064,,,428.851033,,-28.230952,,,-17.396702
UMESLTD,File 1 (vectorbt),-11.220027,,,-7.427479,-0.135293,78695.192476,-10652.403762,21.304808,,0.378233,,,-0.536718,-0.637704,,,348.679082,,-21.304808,,,-15.012575
UMESLTD,File 2 (custom),-11.109018,,,-7.320259,-0.093901,78558.122302,-10720.938849,21.441878,,0.376489,,,-0.448543,-0.08376,,,163.651128,,-21.441878,,,-14.897777
UNICHEMLAB,File 1 (vectorbt),-10.247037,28.064351,,56.720479,0.185177,348117.564969,11815.122141,35.170479,,1.19176,,1.975652,0.433892,0.693173,,,9180.526343,,248.117565,,,-16.179275
UNICHEMLAB,File 2 (custom),-9.565432,27.282665,,48.943656,0.136053,345067.548927,11669.883282,32.489586,,1.191205,,2.022374,0.360795,0.219849,,,4661.045314,,245.067549,,,-16.063311
UNIDT,File 1 (vectorbt),-14.616529,41.274469,,41.274469,0.296935,120610.462239,10305.231119,20.115753,,1.282314,,1.999403,0.380363,0.799407,,,503.098047,,20.610462,,,-14.616529
UNIDT,File 2 (custom),-14.502127,41.333036,,41.333036,0.201124,120365.387004,10182.693502,20.094418,,1.279953,,1.987329,0.314078,0.196276,,,261.06065,,20.365387,,,-14.502127
UNIECOM,File 1 (vectorbt),,0.0,,,,,,,0.0,inf,,,inf,inf,,,,,,,,
UNIECOM,File 2 (custom),,,,,,,,0.0,100.0,,,,,,,,,,,,,
UNIENTER,File 1 (vectorbt),-12.261132,50.800225,,69.5395,-0.030664,78367.182551,-2163.281745,57.966111,,0.978413,,0.815906,-0.034284,-0.050999,,,2236.060145,,-21.632817,,,-15.57972
UNIENTER,File 2 (custom),-11.878304,50.849276,,69.569831,-0.020125,79604.209364,-2039.579064,57.240776,,0.981997,,0.824783,-0.023839,-0.008951,,,1117.81758,,-20.395791,,,-15.464356
UNIINFO,File 1 (vectorbt),-15.00111,,,-14.450575,-0.28536,72270.565783,-13864.717108,28.046064,,0.263717,,,-1.020148,-1.070998,,,341.170958,,-27.729434,,,-15.551646
UNIINFO,File 2 (custom),-14.137212,,,-12.838115,-0.198202,73419.992821,-13290.00359,26.90155,,0.273433,,,-0.826749,-0.139889,,,157.927066,,-26.580007,,,-15.43631
UNIMECH,File 1 (vectorbt),,0.0,,,,,,,0.0,inf,,,inf,inf,,,,,,,,
UNIMECH,File 2 (custom),,,,,,,,0.0,100.0,,,,,,,,,,,,,
UNIONBANK,File 1 (vectorbt),-10.571069,29.571211,,35.61333,-0.002279,97567.304681,-121.634766,70.25386,,1.035368,,0.989325,0.084798,0.118148,,,5726.69873,,-2.432695,,,-17.710802
UNIONBANK,File 2 (custom),-10.460708,29.64147,,35.677552,-0.002803,95683.654118,-215.817294,70.617727,,1.032474,,0.981017,0.06353,0.030348,,,2837.57394,,-4.316346,,,-17.593309
UNIPARTS,File 1 (vectorbt),-8.571678,,,-8.571678,-0.357351,91436.884998,-8563.115002,14.12207,,0.738576,,,-0.597304,-0.827425,,,191.428513,,-8.563115,,,-8.571678
UNIPARTS,File 2 (custom),-8.463315,,,-8.463315,-0.249709,91385.529107,-8614.470893,14.151147,,0.736483,,,-0.501936,-0.249776,,,91.109606,,-8.614471,,,-8.463315
UNITDSPR,File 1 (vectorbt),-7.601384,21.080362,,37.574508,0.007648,103800.608752,455.278103,38.680844,,1.038086,-3483.840897,1.079509,0.091502,0.134963,,,3450.090723,,3.800609,,,-12.927454
UNITDSPR,File 2 (custom),-7.49399,21.159103,,37.636771,0.002919,102114.202666,344.244185,39.21681,,1.034203,-3393.7043,1.059978,0.068392,0.037431,,,1657.486617,,2.114203,,,-12.814739
UNITEDPOLY,File 1 (vectorbt),-14.484556,41.551888,,43.198354,0.4599,146434.025222,11608.506305,26.865197,,1.511957,,2.235764,0.841579,1.304418,,,973.888677,,46.434025,,,-15.859228
UNITEDPOLY,File 2 (custom),-14.370285,38.389183,,40.883289,0.267843,139227.795266,9806.948817,26.986467,,1.448194,,2.071801,0.622908,0.253777,,,492.118315,,39.227795,,,-15.743584
UNITEDTEA,File 1 (vectorbt),-12.239719,27.329279,,30.606574,0.027055,109336.861555,1867.372311,35.061315,,1.115518,,1.287398,0.138221,0.199154,,,845.462326,,9.336862,,,-16.098685
UNITEDTEA,File 2 (custom),-11.736594,27.401777,,30.675798,0.02067,110162.614269,2032.522854,34.313432,,1.121274,,1.320406,0.120132,0.031137,,,429.457347,,10.162614,,,-15.982803
UNIVASTU,File 1 (vectorbt),-14.793136,,,-14.793136,-0.189351,85221.641943,-14778.358057,24.131411,,0.577702,,,-0.471047,-0.543996,,,185.207049,,-14.778358,,,-14.793136
UNIVASTU,File 2 (custom),-14.678558,,,-14.678558,-0.131996,85154.435792,-14845.564208,24.1893,,0.576333,,,-0.393762,-0.063716,,,85.21631,,-14.845564,,,-14.678558
UNIVCABLES,File 1 (vectorbt),-14.619491,40.168357,,72.770053,0.264412,760951.035692,36719.501983,51.672094,,1.305863,,2.493581,0.604119,1.068282,,,14027.881538,,660.951036,,,-34.98037
UNIVCABLES,File 2 (custom),-14.258418,38.614552,,63.089955,0.17281,689401.548185,32744.530455,50.780992,,1.292822,,2.438885,0.488619,0.311294,,,6786.459544,,589.401548,,,-33.616825
UNIVPHOTO,File 1 (vectorbt),-13.233586,,,-12.818993,-0.273558,75305.333768,-12347.333116,27.354035,,0.395596,,,-1.086731,-1.216605,,,348.011898,,-24.694666,,,-13.648179
UNIVPHOTO,File 2 (custom),-12.955424,,,-12.706387,-0.190775,75497.3992,-12251.3004,27.165334,,0.397392,,,-0.900112,-0.241894,,,162.031266,,-24.502601,,,-13.204461
UNOMINDA,File 1 (vectorbt),-9.813089,35.171199,,61.464777,0.588987,776931.007836,45128.733856,31.252067,,1.451377,,2.696637,0.86312,1.729812,,,15957.224497,,676.931008,,,-12.164384
UNOMINDA,File 2 (custom),-9.703486,35.235863,,61.503174,0.390275,764070.839245,44271.389283,31.429127,,1.447593,,2.671789,0.713248,0.573086,,,8228.732365,,664.070839,,,-12.052432
UPL,File 1 (vectorbt),-8.721751,21.7031,,27.683753,-0.011605,94293.816772,-570.618323,39.999778,,0.996589,,0.898561,-0.005411,-0.007678,,,1771.660662,,-5.706183,,,-17.568561
UPL,File 2 (custom),-8.613237,21.781219,,27.755897,-0.009277,93396.570707,-660.342929,40.185998,,0.991361,,0.883065,-0.011401,-0.003896,,,876.538707,,-6.603429,,,-17.45121
URAVIDEF,File 1 (vectorbt),,0.0,,,-2.511838,,,1.926246,,,-1537.024414,,-0.701919,-0.987719,,,99.9001,,-1.537024,,,
URAVIDEF,File 2 (custom),,,,,-1.747521,,,1.920449,,,-1532.3995,,-0.588484,-0.354668,,,0.0,,-1.532399,,,
URJA,File 1 (vectorbt),-13.430278,,,-9.552799,-0.235217,48589.030868,-10282.193826,51.410969,,0.141501,,,-1.401689,-1.485493,,,722.595232,,-51.410969,,,-15.633689
URJA,File 2 (custom),-12.094746,,,-7.629317,-0.161512,51880.156006,-9623.968799,48.119844,,0.153334,,,-1.125991,-0.311945,,,348.452974,,-48.119844,,,-13.964889
USHAMART,File 1 (vectorbt),-10.904563,37.63001,,44.885337,0.384585,412677.956719,22334.139766,27.694604,,1.365764,,2.240644,0.606736,1.186864,,,7771.505229,,312.677957,,,-15.800725
USHAMART,File 2 (custom),-10.459215,35.585446,,44.204458,0.260172,374940.311185,19638.593656,25.874485,,1.344164,,2.256963,0.482514,0.327532,,,3665.490215,,274.940311,,,-15.68514
USK,File 1 (vectorbt),,0.0,,,,,,,0.0,inf,,,inf,inf,,,,,,,,
USK,File 2 (custom),,,,,,,,0.0,100.0,,,,,,,,,,,,,
UTIAMC,File 1 (vectorbt),-7.806797,19.619358,,19.619358,-0.18653,86410.169231,-2717.966154,23.900668,,0.92625,,0.53439,-0.195239,-0.276536,,,889.844749,,-13.589831,,,-9.219932
UTIAMC,File 2 (custom),-7.699198,19.699558,,19.699558,-0.133102,86052.878078,-2789.424384,23.937766,,0.922712,,0.523357,-0.170318,-0.094868,,,434.332459,,-13.947122,,,-9.110921
UTKARSHBNK,File 1 (vectorbt),,0.0,,,,,,,0.0,inf,,,inf,inf,,,,,,,,
UTKARSHBNK,File 2 (custom),,,,,,,,0.0,100.0,,,,,,,,,,,,,
UTTAMSUGAR,File 1 (vectorbt),-12.276553,34.438035,,47.006982,0.002165,101195.123924,-97.886295,42.982617,,1.042711,2467.645762,0.987643,0.084963,0.14065,,,2400.233243,,1.195124,,,-16.07217
UTTAMSUGAR,File 2 (custom),-11.775648,34.42133,,47.059823,0.004749,103693.294601,89.95726,41.30849,,1.048679,2523.850226,1.011541,0.080163,0.047123,,,1167.49671,,3.693295,,,-14.573647
UYFINCORP,File 1 (vectorbt),,0.0,,,,,,,0.0,inf,,,inf,inf,,,,,,,,
UYFINCORP,File 2 (custom),,,,,,,,0.0,100.0,,,,,,,,,,,,,
V2RETAIL,File 1 (vectorbt),-15.612834,,,-10.330888,-0.168332,35668.238658,-10721.960224,64.331761,,0.740313,,,-0.535218,-0.734761,,,730.215018,,-64.331761,,,-26.506143
V2RETAIL,File 2 (custom),-14.620255,,,-10.209739,-0.115742,37750.723564,-10374.879406,62.249276,,0.752273,,,-0.421067,-0.175987,,,349.022111,,-62.249276,,,-26.379863
VADILALIND,File 1 (vectorbt),-10.520691,31.940183,,34.829959,-0.096288,60040.294756,-2663.98035,54.322759,,0.925912,,0.65037,-0.163115,-0.265841,,,2551.363531,,-39.959705,,,-16.831788
VADILALIND,File 2 (custom),-10.209581,32.008075,,34.894964,-0.06585,61206.42887,-2586.238075,53.247177,,0.928063,,0.654089,-0.131274,-0.080621,,,1247.941588,,-38.793571,,,-16.715172
VAIBHAVGBL,File 1 (vectorbt),-8.59075,28.743588,,28.743588,-0.065704,75067.58991,-3561.77287,50.66228,,0.914226,,0.424271,-0.183521,-0.258077,,,1105.872536,,-24.93241,,,-11.148205
VAIBHAVGBL,File 2 (custom),-8.482368,28.814673,,28.814673,-0.046482,74588.322744,-3630.239608,50.797677,,0.911411,,0.416131,-0.157714,-0.06994,,,537.725815,,-25.411677,,,-11.037268
VAISHALI,File 1 (vectorbt),-15.283729,49.915359,,49.915359,0.4293,126983.339762,13491.669881,15.493964,,1.263288,,2.76726,0.466169,0.883701,,,396.473799,,26.98334,,,-15.283729
VAISHALI,File 2 (custom),-15.16866,49.965294,,49.965294,0.289403,126707.388276,13353.694138,15.563156,,1.260983,,2.741273,0.385206,0.259106,,,211.573553,,26.707388,,,-15.16866
VAKRANGEE,File 1 (vectorbt),-12.988434,30.978317,,49.520336,-0.034217,77245.756008,-1422.140249,57.975788,,0.994065,,0.8496,-0.011851,-0.016089,,,3385.941369,,-22.754244,,,-32.899515
VAKRANGEE,File 2 (custom),-10.89324,31.04717,,49.570665,-0.001085,98907.531162,-68.279302,54.253385,,1.043422,,0.992443,0.07154,0.029562,,,1992.043085,,-1.092469,,,-27.875229
VALIANTLAB,File 1 (vectorbt),,0.0,,,,,,,0.0,inf,,,inf,inf,,,,,,,,
VALIANTLAB,File 2 (custom),,,,,,,,0.0,100.0,,,,,,,,,,,,,
VALIANTORG,File 1 (vectorbt),-9.48302,42.356235,,42.356235,0.737609,128831.746058,14415.873029,11.109965,,2.142076,,4.043395,0.789216,1.627576,,,409.913895,,28.831746,,,-9.48302
VALIANTORG,File 2 (custom),-9.373746,38.1415,,38.1415,0.436051,124716.550238,12358.275119,11.134599,,2.001275,,3.599868,0.593184,0.177153,,,214.810801,,24.71655,,,-9.373746
VARDHACRLC,File 1 (vectorbt),-11.240164,39.540989,,54.381532,0.170637,232505.30733,16563.163416,35.061592,,1.175879,,2.693152,0.395488,0.666302,,,2683.766961,,132.505307,,,-14.21679
VARDHACRLC,File 2 (custom),-11.129134,39.601288,,54.427005,0.115332,230474.648476,16309.331059,35.115266,,1.174371,,2.663965,0.326196,0.217474,,,1400.847177,,130.474648,,,-14.102788
VARDMNPOLY,File 1 (vectorbt),-14.128764,34.433957,,41.229967,-0.053336,52633.174436,-3643.601966,67.899048,,0.930422,,0.535722,-0.121749,-0.179355,,,1720.150193,,-47.366826,,,-17.062116
VARDMNPOLY,File 2 (custom),-13.170762,34.423005,,41.059522,-0.033709,57287.289057,-3285.593149,64.856131,,0.943114,,0.576382,-0.083159,-0.034806,,,897.39013,,-42.712711,,,-16.94527
VARROC,File 1 (vectorbt),-10.31768,25.875651,,28.206467,0.510369,142008.099905,14002.699968,15.0843,,1.493062,,4.299462,0.612675,1.316882,,,710.672469,,42.0081,,,-10.31768
VARROC,File 2 (custom),-10.207573,25.949601,,28.278089,0.342448,141398.870122,13799.623374,15.149206,,1.48775,,4.23234,0.505134,0.319466,,,375.090144,,41.39887,,,-10.207573
VASCONEQ,File 1 (vectorbt),-12.839444,26.691842,,26.691842,-0.081552,73114.596573,-5377.080685,36.342318,,0.750721,,0.398856,-0.28627,-0.442411,,,809.941849,,-26.885403,,,-14.457103
VASCONEQ,File 2 (custom),-12.726817,26.764977,,26.764977,-0.057117,72789.738195,-5442.052361,36.498553,,0.747324,,0.39397,-0.24177,-0.072847,,,390.790052,,-27.210262,,,-14.34286
VASWANI,File 1 (vectorbt),-16.87247,52.865712,,55.949983,0.485444,246437.464195,29287.492839,30.878297,,1.26986,,2.330168,0.629467,1.072776,,,2418.03652,,146.437464,,,-17.77814
VASWANI,File 2 (custom),-16.755814,52.912699,,55.993889,0.324535,245043.712863,29008.742573,30.987764,,1.268363,,2.31823,0.520937,0.402398,,,1278.285255,,145.043713,,,-17.66058
VBL,File 1 (vectorbt),-9.01104,23.954811,,27.059638,0.643436,194885.720362,15814.286727,18.732902,,1.362911,,4.855065,0.765195,1.251322,,,1659.867576,,94.88572,,,-10.284375
VBL,File 2 (custom),-8.902238,24.03068,,27.132406,0.430004,193523.284008,15587.214001,18.801832,,1.359286,,4.776134,0.63054,0.370781,,,874.013741,,93.523284,,,-10.174301
VCL,File 1 (vectorbt),-15.122242,,,-15.122242,-0.468561,80957.852467,-15107.134632,19.042148,,0.360503,-3935.012901,,-1.170054,-1.304908,,,269.686,,-19.042148,,,-15.122242
VCL,File 2 (custom),-15.007334,,,-15.007334,-0.328241,80891.175176,-15177.073971,19.108825,,0.35963,-3931.750853,,-0.97376,-0.258009,,,84.907333,,-19.108825,,,-15.007334
VEDL,File 1 (vectorbt),-9.54597,27.554301,,39.634369,0.16085,408674.348956,15433.717448,45.484918,,1.297114,,3.328047,0.546659,0.928975,,,6783.970594,,308.674349,,,-15.841523
VEDL,File 2 (custom),-9.423639,27.014384,,39.694575,0.104154,381783.294683,14089.164734,45.591842,,1.283518,,3.194531,0.43919,0.242973,,,3363.27205,,281.783295,,,-15.725897
VEEDOL,File 1 (vectorbt),-7.919581,27.03025,,32.050082,0.116027,171564.585839,7951.620649,38.75836,,1.339266,,2.554999,0.437174,0.853184,,,2110.629541,,71.564586,,,-11.86928
VEEDOL,File 2 (custom),-7.81187,27.103047,,32.117864,0.077527,169559.088809,7728.787645,38.89514,,1.332776,,2.50357,0.35785,0.183516,,,1082.569241,,69.559089,,,-11.757622
VENKEYS,File 1 (vectorbt),-11.980146,32.754617,,45.054858,0.017559,112815.08102,854.338735,47.132684,,1.079751,,1.137072,0.129071,0.211936,,,2276.531132,,12.815081,,,-17.403919
VENKEYS,File 2 (custom),-10.384887,32.592657,,43.964456,0.027792,129578.807117,1971.920474,44.268988,,1.118106,,1.337677,0.159391,0.083723,,,1238.854428,,29.578807,,,-16.982001
VENTIVE,File 1 (vectorbt),,0.0,,,,,,,0.0,inf,,,inf,inf,,,,,,,,
VENTIVE,File 2 (custom),,,,,,,,0.0,100.0,,,,,,,,,,,,,
VENUSPIPES,File 1 (vectorbt),-9.216179,26.580249,,34.081246,0.827886,144902.815274,14967.605091,23.250503,,1.333676,,4.055853,0.987315,1.737068,,,802.262611,,44.902815,,,-9.216179
VENUSPIPES,File 2 (custom),-9.107172,26.653496,,34.146999,0.549862,144289.474056,14763.158019,23.218048,,1.330977,,4.014671,0.816878,0.782004,,,421.054238,,44.289474,,,-9.107172
VENUSREM,File 1 (vectorbt),-12.593826,34.97202,,42.790666,0.048718,127579.480541,2507.225504,40.357556,,1.146059,,1.261098,0.19913,0.320246,,,2514.519232,,27.579481,,,-21.88176
VENUSREM,File 2 (custom),-10.71035,33.841411,,41.582346,0.057158,141127.254144,3738.841286,33.581381,,1.183771,,1.43542,0.208357,0.087676,,,1340.010047,,41.127254,,,-12.44555
VERANDA,File 1 (vectorbt),-11.053409,,,-11.053409,-0.47251,88957.632881,-11042.367119,11.042367,,,,,-1.25664,-1.254714,,,188.946779,,-11.042367,,,-11.053409
VERANDA,File 2 (custom),-10.942567,,,-10.942567,-0.329017,88881.401874,-11118.598126,11.118598,,,,,-1.040661,-0.137121,,,88.953218,,-11.118598,,,-10.942567
VERTOZ,File 1 (vectorbt),-13.084341,45.71385,,45.71385,-0.135178,72208.198545,-4631.966909,46.127129,,0.880861,,0.515104,-0.270176,-0.387179,,,985.007161,,-27.791801,,,-16.177105
VERTOZ,File 2 (custom),-12.085767,41.956072,,41.956072,-0.094324,73601.093192,-4399.817801,43.444689,,0.886062,,0.517212,-0.214463,-0.10754,,,491.982849,,-26.398907,,,-14.137787
VESUVIUS,File 1 (vectorbt),-9.169626,34.639778,,51.141929,0.135683,271762.58503,12268.756074,42.358529,,1.150083,,1.996641,0.399957,0.648292,,,6094.159413,,171.762585,,,-12.86087
VESUVIUS,File 2 (custom),-8.963093,32.992327,,49.94351,0.084579,249442.514969,10674.465355,42.450233,,1.139296,,1.896159,0.312614,0.226486,,,3019.466143,,149.442515,,,-12.748222
VETO,File 1 (vectorbt),-14.246707,35.15749,,51.250367,1.005489,282150.407546,36430.081509,16.15036,,1.685794,,4.890379,0.899155,1.919608,,,2073.208497,,182.150408,,,-14.246707
VETO,File 2 (custom),-14.132674,31.857753,,39.74932,0.610035,255457.651657,31091.530331,16.145193,,1.62298,,4.647489,0.697812,0.424968,,,1048.250233,,155.457652,,,-14.132674
VGUARD,File 1 (vectorbt),-7.517065,26.339665,,27.70998,0.050984,125744.897021,1980.376694,38.814396,,1.114497,,1.296673,0.224428,0.357283,,,3139.539118,,25.744897,,,-11.538361
VGUARD,File 2 (custom),-7.352689,25.420234,,27.782098,0.027761,120914.037728,1608.772133,40.628194,,1.099477,,1.243224,0.163571,0.084149,,,1557.643585,,20.914038,,,-11.427034
VHL,File 1 (vectorbt),-9.881644,33.177773,,49.469557,0.501677,323058.321579,20278.029234,21.136254,,1.363622,,2.789912,0.626048,1.248169,,,5105.05849,,223.058322,,,-12.72466
VHL,File 2 (custom),-9.771972,29.435145,,40.687191,0.288741,269746.26259,15431.478417,21.004238,,1.310966,,2.556795,0.474098,0.319622,,,2309.128641,,169.746263,,,-12.612148
VHLTD,File 1 (vectorbt),-12.982127,,,-12.982127,-0.684765,87030.842139,-12969.157861,26.710283,,0.927271,,,-0.435908,-0.625886,,,187.01806,,-12.969158,,,-12.982127
VHLTD,File 2 (custom),-12.869358,,,-12.869358,-0.488929,86968.055356,-13031.944644,26.75296,,0.926699,,,-0.366653,-0.485349,,,86.966854,,-13.031945,,,-12.869358
VIDHIING,File 1 (vectorbt),-10.175766,25.150215,,25.150215,-0.046807,90688.488887,-2327.877778,32.79724,,0.938661,,0.729604,-0.085534,-0.138283,,,860.594521,,-9.311511,,,-11.691501
VIDHIING,File 2 (custom),-10.0658,25.22489,,25.22489,-0.033394,90374.500235,-2406.374941,32.93738,,0.935148,,0.721798,-0.075383,-0.029486,,,424.743674,,-9.6255,,,-11.580021
VIJAYA,File 1 (vectorbt),-7.713838,21.807887,,21.807887,0.180855,103738.875775,1246.291925,7.937433,,1.19265,,1.229008,0.198019,0.309964,,,612.279536,,3.738876,,,-7.906476
VIJAYA,File 2 (custom),-7.606331,21.885901,,21.885901,0.113995,103432.763362,1144.254454,7.973472,,1.179624,,1.208506,0.155006,0.04217,,,307.28232,,3.432763,,,-7.798777
VIJIFIN,File 1 (vectorbt),-20.50498,29.541202,,30.407953,-0.045359,83758.348097,-3248.330381,65.556016,,0.991372,,0.67557,-0.014205,-0.022373,,,682.04641,,-16.241652,,,-27.580824
VIJIFIN,File 2 (custom),-18.917851,28.326287,,28.715884,-0.026752,86409.344135,-2718.131173,63.661845,,1.004331,,0.712773,0.005827,0.002781,,,346.578162,,-13.590656,,,-25.071205
VIKASECO,File 1 (vectorbt),-20.476704,37.125275,,37.125275,-0.036907,85160.590768,-4946.469744,47.2043,,0.874022,,0.608242,-0.088341,-0.102975,,,447.018292,,-14.839409,,,-31.216166
VIKASECO,File 2 (custom),-12.477585,34.243272,,34.243272,0.004481,102109.709373,703.236458,35.224903,,1.114784,,1.088703,0.061989,0.007628,,,263.081427,,2.109709,,,-15.327457
VIKASLIFE,File 1 (vectorbt),-12.808999,39.01543,,39.01543,0.040631,105673.501435,1891.167145,32.765941,,1.091239,,1.236761,0.161199,0.274357,,,533.954667,,5.673501,,,-13.706594
VIKASLIFE,File 2 (custom),-12.696402,38.265536,,38.265536,0.023453,104743.544777,1581.181592,32.822375,,1.084316,,1.196887,0.124187,0.077122,,,268.940144,,4.743545,,,-13.593101
VIMTALABS,File 1 (vectorbt),-14.395458,34.92743,,55.055088,0.062987,153806.629726,3899.993049,53.677302,,1.100923,7006.713135,1.405539,0.258901,0.398128,,,2820.164669,,53.80663,,,-24.105494
VIMTALABS,File 2 (custom),-14.281277,34.75768,,55.099888,0.041064,150620.048807,3647.392339,53.771237,,1.098627,6851.340742,1.379548,0.210522,0.13374,,,1350.263266,,50.620049,,,-23.981612
VINATIORGA,File 1 (vectorbt),-7.265295,28.517685,,35.210752,0.406222,185971.960615,9552.440068,14.574855,,1.358734,,2.410199,0.505625,0.944065,,,2758.709049,,85.971961,,,-9.990618
VINATIORGA,File 2 (custom),-6.650941,28.588996,,35.275377,0.284579,189140.957348,9904.550816,14.631195,,1.371305,,2.529603,0.433346,0.228064,,,1436.993326,,89.140957,,,-9.208591
VINCOFE,File 1 (vectorbt),,0.0,,,,,,,0.0,inf,,,inf,inf,,,,,,,,
VINCOFE,File 2 (custom),,,,,,,,0.0,100.0,,,,,,,,,,,,,
VINDHYATEL,File 1 (vectorbt),-12.75762,34.252847,,77.972071,0.157959,283479.696336,13105.692595,43.824604,,1.278781,,2.275801,0.445432,0.848082,,,4797.396557,,183.479696,,,-16.914876
VINDHYATEL,File 2 (custom),-12.255636,29.01008,,42.451594,0.088114,227230.251065,9087.875076,42.074196,,1.220028,,2.060224,0.340669,0.180361,,,2041.970839,,127.230251,,,-16.798178
VINEETLAB,File 1 (vectorbt),-10.768092,36.841738,,36.841738,0.228578,108930.551232,2976.850411,13.846692,,1.235351,,1.365912,0.269158,0.534512,,,637.922471,,8.930551,,,-12.103918
VINEETLAB,File 2 (custom),-10.657534,36.904733,,36.904733,0.150584,108598.908609,2866.30287,13.921088,,1.228368,,1.350343,0.218467,0.105238,,,322.993904,,8.598909,,,-11.992026
VINNY,File 1 (vectorbt),-15.723467,,,-15.723467,-0.590276,84292.240318,-15707.759682,15.70776,,,,,-1.45594,-1.452858,,,184.276717,,-15.70776,,,-15.723467
VINNY,File 2 (custom),-13.444526,,,-13.444526,-0.410681,86382.998312,-13617.001688,13.617002,,,,,-1.178907,-0.19038,,,86.466068,,-13.617002,,,-13.444526
VINYLINDIA,File 1 (vectorbt),-11.656824,48.33216,,69.161488,-0.030923,81021.965426,-1355.573898,61.189908,,1.010998,,0.894593,0.022593,0.032995,,,3653.685908,,-18.978035,,,-21.270718
VINYLINDIA,File 2 (custom),-11.49865,46.702426,,69.192196,-0.025566,77766.055276,-1588.138909,61.160341,,1.002459,,0.873132,0.004211,0.001936,,,1765.886494,,-22.233945,,,-21.149668
VIPCLOTHNG,File 1 (vectorbt),-13.950726,41.036898,,44.850806,-0.037644,80527.835241,-2434.020595,47.096238,,1.016059,,0.758358,0.03722,0.060575,,,1425.922034,,-19.472165,,,-17.379358
VIPCLOTHNG,File 2 (custom),-13.719133,38.961192,,44.9058,-0.029996,78059.832367,-2742.520954,46.758782,,1.011096,,0.725112,0.021407,0.013911,,,697.091069,,-21.940168,,,-17.262196
VIPIND,File 1 (vectorbt),-10.772266,33.008353,,42.267902,0.024197,124008.042807,1263.5812,44.685231,,1.076582,,1.116672,0.146096,0.225558,,,5468.603302,,24.008043,,,-18.974052
VIPIND,File 2 (custom),-10.648975,33.075178,,42.325477,0.015323,121979.962814,1156.840148,44.896976,,1.073521,,1.107109,0.116762,0.055751,,,2721.349356,,21.979963,,,-18.855297
VIPULLTD,File 1 (vectorbt),-15.228282,47.664806,,52.836149,0.037937,112235.286544,2039.214424,44.457901,,1.09355,,1.194039,0.18151,0.294521,,,1140.915526,,12.235287,,,-19.837109
VIPULLTD,File 2 (custom),-15.113268,45.66814,,48.785468,0.018542,108579.196287,1429.866048,44.591131,,1.07936,,1.135757,0.128689,0.07272,,,572.147737,,8.579196,,,-19.717491
VIRINCHI,File 1 (vectorbt),-14.790992,,,-14.790992,-0.537392,85223.784656,-14776.215344,19.196775,,0.568676,,,-0.907933,-1.248944,,,185.209194,,-14.776215,,,-14.790992
VIRINCHI,File 2 (custom),-13.854719,,,-13.854719,-0.371031,85974.329408,-14025.670592,18.484809,,0.583074,,,-0.717613,-0.344984,,,86.05206,,-14.025671,,,-13.854719
VISAKAIND,File 1 (vectorbt),-15.139968,28.484818,,42.530265,0.074983,208603.833695,6033.546316,52.359006,,1.15902,,1.993463,0.30228,0.467688,,,3154.79322,,108.603834,,,-28.448575
VISAKAIND,File 2 (custom),-14.094027,28.407596,,41.250481,0.063518,226370.616297,7020.589794,47.20472,,1.171383,,2.150166,0.273052,0.138097,,,1784.990132,,126.370616,,,-23.153618
VISASTEEL,File 1 (vectorbt),-13.291603,48.442865,,60.609768,0.204462,245531.663269,14895.598583,37.395275,,1.253644,11471.276025,1.970035,0.468398,0.8113,,,3543.178152,,145.531663,,,-14.206381
VISASTEEL,File 2 (custom),-12.971417,46.322178,,60.161814,0.132889,232359.184769,13500.503212,36.800039,,1.240719,10854.655863,1.909131,0.372566,0.222753,,,1680.411881,,132.359185,,,-13.891583
VISHNU,File 1 (vectorbt),-11.360948,34.348568,,38.229125,-0.055492,87424.922542,-1571.884682,34.320088,,0.961607,,0.807273,-0.066839,-0.108215,,,1446.581897,,-12.575077,,,-13.163744
VISHNU,File 2 (custom),-11.249798,34.160707,,37.78404,-0.041362,86486.351222,-1689.206097,34.427049,,0.955164,,0.792909,-0.065173,-0.031354,,,711.925119,,-13.513649,,,-13.050793
VISHWARAJ,File 1 (vectorbt),-14.060889,21.071434,,21.071434,0.038906,104046.627116,2023.313558,26.41711,,1.176891,,1.288081,0.142907,0.220969,,,375.957365,,4.046627,,,-14.060889
VISHWARAJ,File 2 (custom),-13.947042,21.150184,,21.150184,0.025405,103838.642996,1919.321498,26.475543,,1.171672,,1.27192,0.115651,0.024376,,,189.891318,,3.838643,,,-13.947042
VIVIDHA,File 1 (vectorbt),-26.463424,71.500899,,71.500899,-0.08506,63897.678323,-9025.580419,63.045104,,0.940829,,0.664264,-0.060187,-0.088261,,,955.397408,,-36.102322,,,-46.930685
VIVIDHA,File 2 (custom),-26.018705,48.308693,,48.308693,-0.077352,55713.171003,-11071.707249,62.680376,,0.872959,,0.520173,-0.1105,-0.024992,,,397.63674,,-44.286829,,,-46.784001
VLEGOV,File 1 (vectorbt),-11.017446,40.77196,,40.77196,1.673604,125241.730649,12620.865325,11.573488,,1.514934,,2.629603,1.059049,1.813217,,,506.729937,,25.241731,,,-11.017446
VLEGOV,File 2 (custom),-10.878267,40.831029,,40.831029,1.114143,125012.417109,12506.208554,11.569458,,1.510724,,2.611581,0.875934,0.612935,,,265.612398,,25.012417,,,-10.878267
VLSFINANCE,File 1 (vectorbt),-15.69836,48.280561,,73.500347,-0.084556,29917.939044,-3504.103048,82.748965,,0.888309,,0.684084,-0.229478,-0.350702,,,3077.505604,,-70.082061,,,-26.903392
VLSFINANCE,File 2 (custom),-14.221352,46.13378,,64.733324,-0.052576,36580.88749,-3170.955626,77.749306,,0.909355,,0.702064,-0.154188,-0.082536,,,1635.534169,,-63.419113,,,-22.076335
VMART,File 1 (vectorbt),-9.451419,34.315044,,38.99935,0.022136,109503.392501,1357.6275,49.347287,,1.117624,,1.149831,0.145413,0.256356,,,1736.042476,,9.503393,,,-13.341741
VMART,File 2 (custom),-9.342177,34.380564,,39.06019,0.013871,108630.323961,1232.903423,49.476047,,1.111354,,1.135832,0.114999,0.046292,,,867.258662,,8.630324,,,-13.228612
VMM,File 1 (vectorbt),,0.0,,,,,,,0.0,inf,,,inf,inf,,,,,,,,
VMM,File 2 (custom),,,,,,,,0.0,100.0,,,,,,,,,,,,,
VOLTAMP,File 1 (vectorbt),-9.523036,24.30788,,33.892677,0.256993,247785.034946,11368.079611,28.815619,,1.315884,,2.638355,0.536703,0.931384,,,4059.99784,,147.785035,,,-11.585811
VOLTAMP,File 2 (custom),-8.988843,24.383397,,33.958618,0.178843,251593.008004,11661.000616,28.757766,,1.322661,,2.770371,0.45642,0.250351,,,2102.447023,,151.593008,,,-10.349592
VOLTAS,File 1 (vectorbt),-9.0798,20.957817,,36.04158,-0.001899,97853.383165,-102.219849,63.725205,,1.031857,,0.977363,0.063079,0.090736,,,3028.494619,,-2.146617,,,-17.115002
VOLTAS,File 2 (custom),-8.824476,21.022478,,36.105375,-0.001411,97714.024289,-108.855986,63.114427,,1.031354,,0.975858,0.051619,0.022233,,,1523.923324,,-2.285976,,,-16.998104
VPRPL,File 1 (vectorbt),,25.068433,,25.068433,2.877159,125043.38975,25043.38975,6.924528,,3.270398,,,1.564249,3.138111,,,225.068658,,25.04339,,,25.068433
VPRPL,File 2 (custom),0.0,25.14319,,25.14319,1.918822,124878.736672,24878.736672,6.921002,,3.258245,,,1.298608,0.398202,,,124.945767,,24.878737,,,25.14319
VRAJ,File 1 (vectorbt),,0.0,,,,,,,0.0,inf,,,inf,inf,,,,,,,,
VRAJ,File 2 (custom),,,,,,,,0.0,100.0,,,,,,,,,,,,,
VRLLOG,File 1 (vectorbt),-10.306612,25.844221,,33.149554,0.170495,143156.908055,7192.818009,31.335723,,1.146295,,2.037435,0.379078,0.596509,,,1442.846288,,43.156908,,,-14.561793
VRLLOG,File 2 (custom),-10.196515,25.918202,,33.216237,0.114392,142204.385628,7034.064271,31.378766,,1.144175,,2.012705,0.310963,0.209374,,,739.471172,,42.204386,,,-14.447446
VSSL,File 1 (vectorbt),-11.789742,35.341677,,47.369929,0.635872,561567.445754,46508.070947,34.602374,,1.459539,-3513.263717,5.286823,0.992204,2.00071,,,6406.203279,,461.567446,,,-13.732954
VSSL,File 2 (custom),-11.678164,35.12717,,47.422407,0.4171,547079.164612,45050.139195,34.714265,,1.452842,-3422.227339,5.175409,0.815593,0.768782,,,3106.797251,,447.079165,,,-13.619435
VSTIND,File 1 (vectorbt),-5.836465,25.012831,,46.54635,0.047186,145130.378021,2654.728119,45.022663,,1.112469,,,0.229268,0.364883,,,4962.660433,,45.130378,,,-7.165482
VSTIND,File 2 (custom),-5.605938,25.087644,,46.59965,0.032312,144944.609213,2643.800542,45.088486,,1.112328,,,0.190119,0.102572,,,2505.342177,,44.944609,,,-6.833672
VSTL,File 1 (vectorbt),,0.0,,,,,,,0.0,inf,,,inf,inf,,,,,,,,
VSTL,File 2 (custom),,,,,,,,0.0,100.0,,,,,,,,,,,,,
VSTTILLERS,File 1 (vectorbt),-7.515729,22.986294,,28.33188,-0.040172,87318.529905,-1409.052233,35.29613,,0.951133,,0.782144,-0.073163,-0.116317,,,1965.932628,,-12.68147,,,-10.588485
VSTTILLERS,File 2 (custom),-7.40842,23.063131,,28.403377,-0.028627,86980.08344,-1446.657396,35.248007,,0.947572,,0.775041,-0.065295,-0.025653,,,961.823803,,-13.019917,,,-10.478107
VTL,File 1 (vectorbt),-10.99039,31.972762,,48.541886,0.146161,288583.323241,8980.15825,36.528819,,1.209876,,1.935754,0.400863,0.639508,,,6814.843554,,188.583323,,,-21.073652
VTL,File 2 (custom),-10.537119,31.465403,,48.593193,0.104655,285367.66359,8827.0316,34.561617,,1.208569,,1.936989,0.332281,0.16965,,,3489.244076,,185.367664,,,-19.582856
WAAREEENER,File 1 (vectorbt),,0.0,,,,,,,0.0,inf,,,inf,inf,,,,,,,,
WAAREEENER,File 2 (custom),,,,,,,,0.0,100.0,,,,,,,,,,,,,
WABAG,File 1 (vectorbt),-8.133159,27.894064,,33.933825,0.544793,284941.319777,16812.847252,20.601605,,1.416912,,4.389702,0.750074,1.358199,,,3192.049768,,184.94132,,,-9.801812
WABAG,File 2 (custom),-8.025233,27.965998,,33.999726,0.363534,281230.831687,16475.530153,20.690191,,1.412046,,4.311086,0.617935,0.382232,,,1674.216362,,181.230832,,,-9.692219
WALCHANNAG,File 1 (vectorbt),-12.955793,33.793716,,44.577406,-0.037303,59722.925172,-2517.317177,74.658726,,0.961753,,0.52613,-0.07118,-0.101642,,,1524.987886,,-40.277075,,,-21.183829
WALCHANNAG,File 2 (custom),-12.396633,32.14801,,39.139436,-0.0264,59684.590067,-2519.713121,73.241138,,0.960173,,0.520827,-0.061696,-0.025638,,,759.846136,,-40.31541,,,-21.062866
WANBURY,File 1 (vectorbt),-12.785108,37.477181,,37.794908,-0.00765,95378.237541,-660.25178,50.24295,,1.002349,,0.927457,0.00268,0.003914,,,1305.038984,,-4.621762,,,-13.530266
WANBURY,File 2 (custom),-12.609893,33.545188,,33.916891,-0.012207,89631.860481,-1481.162788,50.229062,,0.951916,,0.832499,-0.046536,-0.012999,,,628.669028,,-10.36814,,,-13.103733
WCIL,File 1 (vectorbt),,0.0,,,,,,,0.0,inf,,,inf,inf,,,,,,,,
WCIL,File 2 (custom),,,,,,,,0.0,100.0,,,,,,,,,,,,,
WEALTH,File 1 (vectorbt),-11.599213,,,-11.599213,-0.167279,88412.374947,-11587.625053,24.217864,,0.754686,,,-0.414804,-0.542751,,,188.400976,,-11.587625,,,-11.599213
WEALTH,File 2 (custom),-11.487825,,,-11.487825,-0.116619,88388.589874,-11611.410126,24.1888,,0.753276,,,-0.34736,-0.111403,,,88.019998,,-11.61141,,,-11.487825
WEBELSOLAR,File 1 (vectorbt),-12.789214,37.247473,,42.582097,0.136764,213094.441404,10281.312855,48.369697,,1.283452,,2.20101,0.432018,0.79993,,,2764.16218,,113.094441,,,-16.559745
WEBELSOLAR,File 2 (custom),-12.599804,37.050506,,42.509467,0.091365,209921.382631,9992.852966,48.488511,,1.278974,,2.184996,0.353733,0.196346,,,1425.096953,,109.921383,,,-16.443401
WEIZMANIND,File 1 (vectorbt),-16.961007,35.423029,,35.423029,-0.090615,52935.632169,-7844.061305,48.991109,,0.766858,,0.314752,-0.308703,-0.439163,,,851.192845,,-47.064368,,,-27.388426
WEIZMANIND,File 2 (custom),-16.457155,35.487441,,35.487441,-0.060778,54083.323893,-7652.779351,49.095687,,0.773045,,0.324425,-0.25034,-0.071919,,,411.840886,,-45.916676,,,-25.325724
WEL,File 1 (vectorbt),-10.696199,42.156725,,42.156725,0.220454,110495.995193,4452.672572,19.816329,,1.096351,-2862.022524,1.543658,0.286506,0.521383,,,762.716036,,10.495995,,,-11.442954
WEL,File 2 (custom),-10.585713,42.214411,,42.214411,0.146552,110156.763949,4336.031559,19.805138,,1.094716,-2851.330729,1.5263,0.234591,0.246343,,,331.002492,,10.156764,,,-11.331722
WELCORP,File 1 (vectorbt),-15.310743,31.897716,,41.065316,0.110122,273547.066779,11233.836593,58.513219,,1.251327,49974.864254,2.500337,0.374213,0.603774,,,2857.282196,,173.547067,,,-26.92225
WELCORP,File 2 (custom),-15.195647,31.938875,,41.124092,0.074183,269788.619925,10965.449277,58.553404,,1.248919,49168.677874,2.464617,0.30816,0.126108,,,1367.335506,,169.78862,,,-26.795555
WELENT,File 1 (vectorbt),-11.840972,34.865172,,55.090779,0.363837,314019.790015,19456.344547,34.051203,,1.305978,,2.541577,0.63295,1.11976,,,5166.131549,,214.01979,,,-16.605467
WELENT,File 2 (custom),-11.215688,34.930142,,55.135544,0.250346,319740.717259,19976.428842,34.095947,,1.311412,,2.570279,0.534162,0.365849,,,2750.750425,,219.740717,,,-16.489078
WELINV,File 1 (vectorbt),-14.144331,36.017485,,39.79395,0.245251,158659.36129,19553.12043,19.950133,,1.433134,,5.151346,0.460637,0.781131,,,670.471582,,58.659361,,,-14.144331
WELINV,File 2 (custom),-9.528751,34.676458,,39.853996,0.223578,162702.781914,20900.927305,15.828899,,1.468018,,7.457942,0.413386,0.139056,,,378.892546,,62.702782,,,-9.528751
WELSPUNLIV,File 1 (vectorbt),-12.161048,31.556945,,47.943062,0.056484,141930.693355,2408.572353,42.958954,,1.09812,3393.535713,1.279283,0.220861,0.326662,,,3621.142067,,41.930693,,,-20.066055
WELSPUNLIV,File 2 (custom),-10.966214,31.235909,,47.994967,0.04915,155737.600261,3250.980069,43.055904,,1.111269,3721.91916,1.394838,0.211277,0.11831,,,1870.892015,,55.7376,,,-13.707172
WENDT,File 1 (vectorbt),-9.537152,30.146651,,40.861773,0.187306,215516.939215,8251.209944,35.130631,,1.191006,,1.831302,0.426663,0.743688,,,4775.883118,,115.516939,,,-14.464089
WENDT,File 2 (custom),-9.146485,27.907643,,40.920752,0.117679,195708.961533,6836.354395,33.330845,,1.172179,,1.768348,0.32443,0.229803,,,2253.078466,,95.708962,,,-14.349839
WESTLIFE,File 1 (vectorbt),-8.345461,20.976741,,20.976741,0.015321,101626.530649,542.176883,26.508342,,1.039971,,1.084149,0.097282,0.146819,,,664.425338,,1.626531,,,-8.700555
WESTLIFE,File 2 (custom),-8.237324,21.055585,,21.055585,0.009014,101388.139732,462.713244,26.557154,,1.038074,,1.071498,0.077174,0.045409,,,331.78537,,1.38814,,,-8.592063
WEWIN,File 1 (vectorbt),-14.13969,17.52396,,17.52396,-0.21756,86621.731944,-4459.422685,30.910245,,0.951457,,0.524259,-0.15905,-0.227937,,,552.945158,,-13.378268,,,-15.803056
WEWIN,File 2 (custom),-14.025764,17.509709,,17.509709,-0.155323,86307.875856,-4564.041381,30.957506,,0.949322,,0.514745,-0.138215,-0.111452,,,269.238193,,-13.692124,,,-15.687468
WHEELS,File 1 (vectorbt),-11.365089,30.329301,,44.330458,0.061856,142441.539823,2652.596239,34.944809,,1.096994,,1.259238,0.204453,0.347138,,,4468.771258,,42.44154,,,-22.711676
WHEELS,File 2 (custom),-10.610684,30.398803,,44.385972,0.050101,151892.868873,3243.304305,35.126948,,1.106407,,1.312673,0.186766,0.124892,,,2402.341,,51.892869,,,-16.15667
WHIRLPOOL,File 1 (vectorbt),-7.91552,14.377109,,18.322002,-0.108889,52725.389528,-3636.508498,55.070532,,0.814295,,0.269638,-0.450305,-0.632156,,,1818.882216,,-47.27461,,,-10.83898
WHIRLPOOL,File 2 (custom),-7.807812,14.462546,,18.403499,-0.076375,52370.946149,-3663.773373,55.28853,,0.81084,,0.263124,-0.382152,-0.191454,,,875.097788,,-47.629054,,,-10.728352
WILLAMAGOR,File 1 (vectorbt),-13.860859,54.525182,,68.451449,0.241747,268028.866314,18669.874035,29.371621,,1.26145,,1.91263,0.45053,0.767485,,,4101.98481,,168.028866,,,-16.047686
WILLAMAGOR,File 2 (custom),-12.670769,51.414582,,63.015514,0.166542,260765.438608,17862.826512,28.291323,,1.257339,,1.96339,0.368519,0.195525,,,2067.719082,,160.765439,,,-15.931854
WINDLAS,File 1 (vectorbt),-6.931612,,,-5.709199,-0.374959,86615.225598,-6692.387201,14.194124,,0.437754,,,-0.94314,-1.081504,,,375.195226,,-13.384774,,,-8.154025
WINDLAS,File 2 (custom),-6.824887,,,-5.603695,-0.262938,86486.777226,-6756.611387,14.23552,,0.434544,,,-0.790389,-0.190749,,,180.424388,,-13.513223,,,-8.046079
WINDMACHIN,File 1 (vectorbt),-15.317514,44.888122,,68.949252,-0.049114,68375.069288,-2108.328714,81.942204,,1.000417,,0.878832,0.001167,0.001923,,,4337.559288,,-31.624931,,,-20.569295
WINDMACHIN,File 2 (custom),-14.762971,44.338766,,68.980172,-0.031916,70240.766618,-1983.948892,81.487328,,1.003549,,0.884147,0.008226,0.006675,,,2169.178992,,-29.759233,,,-20.444362
WIPL,File 1 (vectorbt),-10.930107,34.788967,,34.788967,0.221091,120040.147655,10020.073828,16.923077,,1.517206,,2.361972,0.434242,0.669035,,,489.569104,,20.040148,,,-10.930107
WIPL,File 2 (custom),-10.819388,33.867478,,33.867478,0.143891,118917.637894,9458.818947,16.920931,,1.491707,,2.288888,0.346831,0.083859,,,252.616925,,18.917638,,,-10.819388
WIPRO,File 1 (vectorbt),-6.907625,20.898572,,42.907539,0.131988,219797.006256,4791.88025,30.318632,,1.176662,,1.717452,0.359198,0.572073,,,7978.999722,,119.797006,,,-14.634738
WIPRO,File 2 (custom),-6.731849,19.601179,,38.91431,0.077704,195182.132679,3807.285307,29.947962,,1.15395,,1.629065,0.264171,0.140635,,,3657.320802,,95.182133,,,-13.668707
WOCKPHARMA,File 1 (vectorbt),-9.825008,28.06671,,45.108042,0.198497,311602.318394,13225.1449,34.740037,,1.36,,2.265723,0.530297,0.9544,,,6302.373121,,211.602318,,,-16.940522
WOCKPHARMA,File 2 (custom),-9.715392,28.138471,,45.16278,0.132736,306131.957158,12883.247322,34.93008,,1.354537,,2.236337,0.435578,0.217902,,,3222.309681,,206.131957,,,-16.823798
WONDERLA,File 1 (vectorbt),-8.298993,22.576179,,23.371388,-0.010108,97427.227584,-367.538917,34.117841,,1.014141,,0.944314,0.021799,0.031742,,,1499.327058,,-2.572772,,,-8.857405
WONDERLA,File 2 (custom),-8.190902,22.653426,,23.447841,-0.008524,96858.761649,-448.748336,34.212977,,1.009302,,0.932131,0.011947,0.004073,,,743.081569,,-3.141238,,,-8.748756
WORTH,File 1 (vectorbt),-10.689038,38.316335,,45.294299,1.048098,228920.828927,33918.468171,26.902511,,1.238197,-6753.043757,5.81545,0.877396,1.594725,,,1769.639984,,128.920829,,,-10.689038
WORTH,File 2 (custom),-10.57856,38.377857,,45.34885,0.691167,227811.306644,33631.934143,26.894097,,1.236978,-6716.429928,5.760848,0.726911,0.932189,,,832.55424,,127.811307,,,-10.57856
WSI,File 1 (vectorbt),-10.271838,40.753452,,40.753452,-0.090464,58644.083647,-4595.101817,56.027865,,0.71149,,0.315499,-0.406246,-0.552132,,,1155.475035,,-41.355916,,,-19.675362
WSI,File 2 (custom),-9.244902,40.81254,,40.81254,-0.058095,63074.715333,-4102.809407,52.559825,,0.743109,,0.356683,-0.294464,-0.091438,,,583.280437,,-36.925285,,,-19.555906
WSTCSTPAPR,File 1 (vectorbt),-10.272494,30.889802,,38.076511,-0.002362,97827.103585,-103.471258,53.314449,,1.031533,,0.991079,0.067514,0.108196,,,6309.714113,,-2.172896,,,-15.607701
WSTCSTPAPR,File 2 (custom),-10.063702,30.958743,,38.138273,-0.001949,97418.906749,-122.909202,53.105256,,1.030864,,0.989351,0.054834,0.032395,,,3149.448661,,-2.581093,,,-15.492309
XCHANGING,File 1 (vectorbt),-14.454844,36.453304,,42.362888,-0.071183,52589.701312,-3646.946053,64.332768,,0.926096,,0.640238,-0.171532,-0.234598,,,2214.263104,,-47.410299,,,-21.462363
XCHANGING,File 2 (custom),-13.924217,35.403344,,39.969055,-0.04956,53404.744193,-3584.250447,62.743432,,0.92766,,0.632195,-0.139542,-0.063869,,,1063.691929,,-46.595256,,,-20.624882
XELPMOC,File 1 (vectorbt),-11.847907,43.769848,,43.769848,-0.011102,98492.450262,-376.887434,31.47213,,1.034557,,0.966672,0.055946,0.091094,,,962.132563,,-1.50755,,,-12.131795
XELPMOC,File 2 (custom),-11.736271,39.444113,,39.444113,-0.025247,95085.896388,-1228.525903,31.625027,,1.001976,,0.888264,0.002691,0.001239,,,464.144321,,-4.914104,,,-12.019875
XPROINDIA,File 1 (vectorbt),-13.638459,44.460208,,53.021114,-0.083009,40695.98766,-4561.847103,74.129766,,0.971083,,0.453463,-0.090367,-0.141222,,,1725.033649,,-59.304012,,,-23.902553
XPROINDIA,File 2 (custom),-13.084309,41.100013,,46.236786,-0.059045,40666.011188,-4564.152986,72.714336,,0.97008,,0.443478,-0.078021,-0.063991,,,852.789127,,-59.333989,,,-23.778874
XTGLOBAL,File 1 (vectorbt),,0.0,,,,,,,0.0,inf,,,inf,inf,,,,,,,,
XTGLOBAL,File 2 (custom),,,,,,,,0.0,100.0,,,,,,,,,,,,,
YAARI,File 1 (vectorbt),-13.227988,41.413272,,55.636602,0.054912,126965.003049,2247.083587,47.192716,,1.103754,,1.250008,0.224915,0.364033,,,2324.083515,,26.965003,,,-16.182097
YAARI,File 2 (custom),-12.691033,36.149106,,40.036353,0.019149,112799.504782,1066.625398,46.743169,,1.073207,,1.130069,0.135954,0.084085,,,1091.729757,,12.799505,,,-16.06613
YASHO,File 1 (vectorbt),-9.518144,,,-8.081902,-0.817322,74068.756855,-8643.747715,25.931243,,0.448078,,,-1.08565,-1.35374,,,523.9978,,-25.931243,,,-11.632728
YASHO,File 2 (custom),-9.279007,,,-7.584542,-0.583974,74546.32193,-8484.559357,25.453678,,0.44864,,,-0.901988,-0.29752,,,245.983174,,-25.453678,,,-11.521307
YATHARTH,File 1 (vectorbt),-10.5523,,,-10.261778,-0.797067,80026.927838,-9986.536081,19.973072,,0.478459,,,-1.419143,-1.726798,,,358.343333,,-19.973072,,,-10.842822
YATHARTH,File 2 (custom),-10.441958,,,-10.151726,-0.565074,79916.549364,-10041.725318,20.083451,,0.476859,,,-1.187344,-0.50869,,,168.890687,,-20.083451,,,-10.73219
YATRA,File 1 (vectorbt),,0.0,,,,,,,0.0,inf,,,inf,inf,,,,,,,,
YATRA,File 2 (custom),,,,,,,,0.0,100.0,,,,,,,,,,,,,
YESBANK,File 1 (vectorbt),-8.830968,26.062042,,30.622402,0.001396,101188.252788,-30.502258,62.648275,,1.04952,1615.284406,0.996141,0.090108,0.120691,,,3372.944731,,1.188253,,,-16.053735
YESBANK,File 2 (custom),-8.387381,26.135806,,30.69161,0.002924,103583.148425,137.842976,61.588832,,1.055127,1653.346764,1.017874,0.083466,0.030948,,,1637.372537,,3.583148,,,-15.937897
YUKEN,File 1 (vectorbt),-8.305111,,,-6.997518,-0.395476,84077.679096,-7961.160452,16.349739,,0.75555,,,-0.469429,-0.659377,,,370.081073,,-15.922321,,,-9.612704
YUKEN,File 2 (custom),-8.197014,,,-6.890727,-0.277761,83961.675084,-8019.162458,16.363732,,0.753118,,,-0.394284,-0.1566,,,176.672391,,-16.038325,,,-9.503301
ZAGGLE,File 1 (vectorbt),-14.012842,,,-14.012842,-0.566568,86001.156958,-13998.843042,20.889235,,0.718375,,,-0.697537,-0.911415,,,185.987344,,-13.998843,,,-14.012842
ZAGGLE,File 2 (custom),-13.899043,,,-13.899043,-0.39954,85942.363782,-14057.636218,20.937269,,0.717208,,,-0.583165,-0.265814,,,85.932806,,-14.057636,,,-13.899043
ZEEL,File 1 (vectorbt),-8.522275,22.618878,,22.618878,-0.081506,65454.638963,-4318.17013,41.18959,,0.881073,,0.302141,-0.252723,-0.350971,,,1210.24339,,-34.545361,,,-14.564838
ZEEL,File 2 (custom),-8.329181,22.696082,,22.696082,-0.056376,65441.334041,-4319.833245,41.350641,,0.880581,,0.299567,-0.211014,-0.091972,,,586.089142,,-34.558666,,,-14.450487
ZEELEARN,File 1 (vectorbt),-8.566183,23.193742,,32.101102,-0.028521,88121.839931,-1484.770009,45.137778,,0.943873,,0.722533,-0.077748,-0.100895,,,1278.233676,,-11.87816,,,-11.60715
ZEELEARN,File 2 (custom),-8.454674,23.200546,,32.168833,-0.020998,87345.839624,-1581.770047,45.367265,,0.937632,,0.706498,-0.072001,-0.018648,,,631.031016,,-12.65416,,,-11.495754
ZEEMEDIA,File 1 (vectorbt),-11.476096,36.000616,,47.899371,0.08174,161674.789962,6167.478996,47.939418,,1.139879,,1.732699,0.287894,0.479384,,,2343.464874,,61.67479,,,-19.199769
ZEEMEDIA,File 2 (custom),-11.364831,36.064452,,47.95132,0.054733,160017.4754,6001.74754,48.067192,,1.137757,,1.711243,0.23604,0.140657,,,1196.551372,,60.017475,,,-19.080788
ZENITHEXPO,File 1 (vectorbt),-11.573382,40.87262,,40.87262,-0.132307,59481.667389,-5064.791576,40.753301,,0.862546,,0.389348,-0.249127,-0.382399,,,1235.79709,,-40.518333,,,-13.934637
ZENITHEXPO,File 2 (custom),-11.160557,40.931589,,40.931589,-0.091962,60485.077698,-4939.365288,39.535942,,0.867277,,0.398951,-0.199239,-0.091447,,,607.260039,,-39.514922,,,-13.820916
ZENITHSTL,File 1 (vectorbt),-16.179769,34.877654,,54.242607,0.194131,255483.696399,19435.46205,45.674031,,1.473609,,3.271025,0.564407,0.916895,,,2363.278516,,155.483696,,,-21.685557
ZENITHSTL,File 2 (custom),-15.290479,33.886995,,54.288218,0.134012,250529.13467,18816.141834,44.107775,,1.4684,,3.269462,0.464753,0.163396,,,1266.97498,,150.529135,,,-19.244113
ZENSARTECH,File 1 (vectorbt),-12.002642,25.738209,,41.663402,0.294624,434882.929605,17625.417348,36.800523,,1.231173,,2.461932,0.588711,1.015084,,,8986.067738,,334.88293,,,-20.087771
ZENSARTECH,File 2 (custom),-11.138726,25.812297,,41.721581,0.236823,457641.761401,18823.2506,32.221325,,1.239099,,2.522893,0.505586,0.409097,,,4928.146968,,357.641761,,,-17.001291
ZENTEC,File 1 (vectorbt),-11.288289,34.038061,,49.596077,0.277923,175543.660777,8393.740086,30.353908,,1.151025,,2.047648,0.439231,0.742211,,,2258.340036,,75.543661,,,-14.264228
ZENTEC,File 2 (custom),-11.177212,34.103857,,49.646331,0.185246,173750.442417,8194.493602,30.462847,,1.149,,2.026307,0.36075,0.315206,,,1155.662727,,73.750442,,,-14.150178
ZFCVINDIA,File 1 (vectorbt),-6.436081,24.435194,,30.800744,0.332734,189744.212047,5609.013253,17.859073,,1.280706,,1.890721,0.486615,0.922118,,,4811.122334,,89.744212,,,-9.398641
ZFCVINDIA,File 2 (custom),-6.18067,24.510583,,30.869774,0.229613,188483.846086,5530.24038,17.519514,,1.282013,,1.903913,0.406341,0.266667,,,2405.792103,,88.483846,,,-9.289452
ZIMLAB,File 1 (vectorbt),,0.0,,,,,,,0.0,inf,,,inf,inf,,,,,,,,
ZIMLAB,File 2 (custom),,,,,,,,0.0,100.0,,,,,,,,,,,,,
ZODIAC,File 1 (vectorbt),-15.313101,27.53267,,44.237089,0.661957,187092.473378,14515.41223,25.59259,,1.429864,,3.808651,0.849943,1.349286,,,1416.909379,,87.092473,,,-16.699836
ZODIAC,File 2 (custom),-12.135908,27.287472,,44.265799,0.59801,197337.708628,16222.951438,20.801622,,1.478487,,4.786143,0.773627,0.422925,,,798.919746,,97.337709,,,-12.475935
ZODIACLOTH,File 1 (vectorbt),-12.173331,37.294102,,49.787191,0.107609,293510.222432,10184.748549,60.935216,,1.163568,,1.596011,0.395257,0.657399,,,9350.47021,,193.510222,,,-20.600621
ZODIACLOTH,File 2 (custom),-11.101187,36.554559,,46.156571,0.084459,311051.766536,11107.987712,56.000813,,1.170463,,1.624128,0.344352,0.245487,,,5114.533579,,211.051767,,,-17.631095
ZOTA,File 1 (vectorbt),-9.661137,,,-7.983898,-0.213161,65919.26643,-7963.308239,46.628294,,0.839402,5735.807626,,-0.498062,-0.732487,,,838.369776,,-34.080734,,,-10.786289
ZOTA,File 2 (custom),-9.551685,,,-7.876122,-0.150547,65685.171348,-7994.995476,46.696879,,0.836894,5660.148729,,-0.421431,-0.298423,,,367.630361,,-34.314829,,,-10.675713
ZUARI,File 1 (vectorbt),-11.689664,42.040641,,46.936174,-0.018029,92982.65677,-584.778602,47.161546,,1.027549,,0.93483,0.069952,0.109482,,,2268.520499,,-7.017343,,,-17.911737
ZUARI,File 2 (custom),-11.578186,42.098442,,46.989085,-0.014372,91929.777654,-672.518529,47.280275,,1.02507,,0.925006,0.052991,0.034618,,,1123.068996,,-8.070222,,,-17.794043
ZUARIIND,File 1 (vectorbt),-10.286748,38.88043,,48.767525,0.078945,124269.334109,4044.889018,32.276147,,1.147825,,1.516765,0.238276,0.377611,,,1306.494075,,24.269334,,,-11.344636
ZUARIIND,File 2 (custom),-10.176671,38.941388,,48.818606,0.052717,123536.851998,3922.808666,32.32782,,1.144926,,1.499167,0.194417,0.082426,,,663.077664,,23.536852,,,-11.233502
ZYDUSLIFE,File 1 (vectorbt),-8.370605,17.880321,,21.33644,-0.024222,79136.047701,-1227.291312,56.158821,,0.970646,,0.73642,-0.064125,-0.094773,,,2476.28173,,-20.863952,,,-15.650532
ZYDUSLIFE,File 2 (custom),-8.126291,17.962258,,21.414925,-0.016922,79111.273252,-1228.748632,55.69251,,0.97022,,0.735517,-0.054188,-0.027312,,,1237.056869,,-20.888727,,,-15.535096
ZYDUSWELL,File 1 (vectorbt),-7.922146,24.427931,,28.825449,0.114284,127207.30693,3400.913366,20.113266,,1.216411,,1.534274,0.271258,0.478774,,,1951.866903,,27.207307,,,-9.599506
ZYDUSWELL,File 2 (custom),-7.523011,24.503328,,28.896453,0.08496,128016.157767,3502.019721,19.10783,,1.222932,,1.570139,0.231426,0.095009,,,986.641405,,28.016158,,,-9.187938
