symbol,status,load_time_s,indicator_calc_time_s,signal_gen_time_s,portfolio_sim_time_s,total_symbol_time_s,Start,End,Period,Start Value,End Value,Total Return [%],Benchmark Return [%],Max Gross Exposure [%],Total Fees Paid,Max Drawdown [%],Max Drawdown Duration,Total Trades,Total Closed Trades,Total Open Trades,Open Trade PnL,Win Rate [%],Best Trade [%],Worst Trade [%],Avg Winning Trade [%],Avg Losing Trade [%],Avg Winning Trade Duration,Avg Losing Trade Duration,Profit Factor,Expectancy,Sharpe Ratio,Calmar Ratio,Omega Ratio,Sortino Ratio
20MICRONS,Success,0.01211310000053345,0.0002887999999074964,0.0010775999999168562,0.787103699999534,0.9821039999997083,2008-10-06 09:15:00,2025-06-26 09:15:00,6107 days 00:00:00,100000.0,200180.619573,100.18062,1268.736917,100.0,1942.920173,34.92728,1374 days 00:00:00,9,9,0,0.0,44.444444,55.336877,-13.323286,40.858241,-12.051479,108 days 12:00:00,39 days 00:00:00,1.661304,11131.179953,0.34385,0.123852,1.23832,0.222445
21STCENMGM,Success,0.00503740000021935,0.00021149999975023093,0.0005238999992798199,0.0003052000001844135,0.008426500000496162,2018-01-11 09:15:00,2025-06-26 09:15:00,2723 days 00:00:00,100000.0,79970.396728,-20.029603,83.233522,100.0,347.830702,21.288618,2495 days 00:00:00,4,4,0,0.0,0.0,-4.691027,-5.652455,0.0,-5.244866,0 days 00:00:00,12 days 12:00:00,0.0,-5007.400818,-0.902383,-0.14307,0.382863,-0.401878
360ONE,Success,0.003949400000237802,0.00017150000076071592,0.000457500000266009,3.120000019407598e-05,0.006288300000051095,2019-09-19 09:15:00,2025-06-26 09:15:00,2107 days 00:00:00,100000.0,160231.104526,60.231105,266.737505,100.0,880.392657,12.393839,1024 days 00:00:00,7,7,0,0.0,57.142857,28.066574,-10.750342,22.009921,-9.739493,37 days 06:00:00,17 days 16:00:00,2.607754,8604.443504,0.763133,0.69795,1.496105,0.482531
3IINFOLTD,Success,0.008405999999922642,0.00022480000006908085,0.0005148000000190223,4.669999998441199e-05,0.011085099999945669,2005-04-22 09:15:00,2025-06-26 09:15:00,7370 days 00:00:00,100000.0,147196.328738,47.196329,-94.797146,100.0,2407.357209,56.539658,3171 days 00:00:00,15,15,0,0.0,40.0,44.85147,-20.127033,33.553717,-13.498239,60 days 16:00:00,84 days 13:20:00,1.222464,3146.421916,0.196463,0.035147,1.092494,0.154434
3MINDIA,Success,0.010248300000057498,0.0002823000004354981,0.0005254999996395782,5.18000006195507e-05,0.013382800000727002,1995-01-23 09:15:00,2025-06-26 09:15:00,11112 days 00:00:00,100000.0,207419.750741,107.419751,13521.428571,100.0,3408.964518,30.704769,2631 days 00:00:00,21,21,0,0.0,38.095238,35.827088,-9.501241,23.867991,-6.84905,52 days 03:00:00,27 days 00:00:00,1.726232,5115.226226,0.315494,0.082939,1.24494,0.151
3PLAND,Success,0.007512499999393185,0.0002147999994122074,0.0005435000002762536,5.739999960496789e-05,0.010124899999937043,2008-03-28 09:15:00,2025-06-26 09:15:00,6299 days 00:00:00,100000.0,65355.737378,-34.644263,157.48913,100.0,736.341595,48.589428,3423 days 00:00:00,10,10,0,0.0,20.0,41.300459,-19.892664,40.386922,-12.573492,19 days 00:00:00,18 days 12:00:00,0.5844,-3464.426262,-0.100584,-0.064238,0.881053,-0.039793
5PAISA,Success,0.004707600000074308,0.00017740000021149172,0.0004644999999072752,3.549999928509351e-05,0.00718589999996766,2017-11-16 09:15:00,2025-06-26 09:15:00,2779 days 00:00:00,100000.0,51708.40504,-48.291595,77.755281,100.0,772.349625,63.822518,2584 days 00:00:00,9,9,0,0.0,11.111111,36.2418,-14.157389,36.2418,-11.201834,92 days 00:00:00,22 days 00:00:00,0.426509,-5365.732773,-0.58228,-0.132238,0.727696,-0.273927
63MOONS,Success,0.008230399999774818,0.00021949999973003287,0.0004752000004373258,4.129999979340937e-05,0.010645299999850977,2006-11-02 09:15:00,2025-06-26 09:15:00,6811 days 00:00:00,100000.0,40610.753047,-59.389247,-41.222956,100.0,487.81807,71.323334,5638 days 00:00:00,8,8,0,0.0,0.0,-6.553149,-16.759433,0.0,-10.443693,0 days 00:00:00,82 days 00:00:00,0.0,-7423.655869,-0.32615,-0.067406,0.839835,-0.148946
A2ZINFRA,Success,0.007197099999757484,0.00020390000008774223,0.0004555000004984322,3.80000001314329e-05,0.009602099999938218,2010-12-23 09:15:00,2025-06-26 09:15:00,5299 days 00:00:00,100000.0,88217.633441,-11.782367,-93.967432,100.0,850.936293,47.5863,1764 days 00:00:00,9,9,0,0.0,33.333333,38.776101,-20.899805,29.189142,-13.292201,37 days 08:00:00,55 days 16:00:00,0.856612,-1309.15184,0.026279,-0.018422,1.015305,0.014045
AAATECH,Success,0.002365000000281725,0.00017099999968195334,0.0004502000001593842,2.8200000087963417e-05,0.004471999999623222,2022-11-28 09:15:00,2025-06-26 09:15:00,941 days 00:00:00,100000.0,85913.045301,-14.086955,5.879365,100.0,87.195835,17.628024,251 days 00:00:00,2,1,1,-1203.909711,0.0,-12.70971,-12.70971,0.0,-12.70971,0 days 00:00:00,16 days 00:00:00,0.0,-12883.044987,-0.859655,-0.328709,0.392241,-0.196812
AADHARHFC,Success,0.0019330000004629255,0.00015359999997599516,0.00039789999937056564,2.860000040527666e-05,0.0041790000004766625,2024-05-15 09:15:00,2025-06-26 09:15:00,407 days 00:00:00,100000.0,89070.802418,-10.929198,34.770067,100.0,88.959061,27.412806,275 days 00:00:00,1,1,0,0.0,0.0,-10.772901,-10.772901,0.0,-10.772901,0 days 00:00:00,172 days 00:00:00,0.0,-10929.197582,-0.316047,-0.362092,0.92187,-0.354105
AAKASH,Success,0.003366500000083761,0.000168600000506558,0.00040549999994254904,2.9099999665049836e-05,0.005522499999642605,2020-09-29 09:15:00,2025-06-26 09:15:00,1731 days 00:00:00,100000.0,90027.231246,-9.972769,127.497532,100.0,185.401225,9.972769,1731 days 00:00:00,2,2,0,0.0,0.0,-4.610581,-5.243652,0.0,-4.927116,0 days 00:00:00,10 days 12:00:00,0.0,-4986.384377,-0.805081,-0.223029,0.350699,-0.214738
AAREYDRUGS,Success,0.0030077999999775784,0.00015689999963797163,0.00044770000022253953,2.919999951700447e-05,0.0050774000001183595,2021-08-06 09:15:00,2025-06-26 09:15:00,1420 days 00:00:00,100000.0,106656.04188,6.656042,49.365635,100.0,315.138843,26.870729,371 days 00:00:00,3,3,0,0.0,33.333333,34.512784,-10.900954,34.512784,-10.684991,83 days 00:00:00,66 days 00:00:00,1.279896,2218.680627,0.180542,0.063154,1.092263,0.169277
AARON,Success,0.0035120000002279994,0.00017889999980980065,0.0004949999993186793,3.5999999454361387e-05,0.005980400000225927,2020-11-06 09:15:00,2025-06-26 09:15:00,1693 days 00:00:00,100000.0,205416.214257,105.416214,1011.620761,100.0,350.556675,15.131256,88 days 00:00:00,2,2,0,0.0,100.0,45.17271,42.092921,43.632815,0.0,75 days 12:00:00,0 days 00:00:00,inf,52708.107128,1.140214,1.129236,1.873891,0.792887
AARTECH,Success,0.0023799000000508386,0.00015019999955256935,0.00043370000003051246,3.440000000409782e-05,0.004412100000081409,2023-07-10 09:15:00,2025-06-26 09:15:00,717 days 00:00:00,100000.0,88111.34817,-11.888652,86.7208,100.0,88.181304,15.767385,591 days 15:00:00,1,1,0,0.0,0.0,-11.714424,-11.714424,0.0,-11.714424,0 days 00:00:00,57 days 00:00:00,0.0,-11888.65183,-0.548786,-0.400472,0.736278,-0.294879
AARTIDRUGS,Success,0.008972600000561215,0.0002447000006213784,0.0006894999996802653,4.4100000195612665e-05,0.01192810000065947,2003-09-19 09:15:00,2025-06-26 09:15:00,7951 days 00:00:00,100000.0,103468.103508,3.468104,4072.365242,100.0,1449.983903,34.74405,3620 days 00:00:00,15,15,0,0.0,33.333333,42.234742,-14.206308,25.992001,-10.209987,24 days 19:12:00,54 days 04:48:00,1.032763,231.206901,0.073853,0.004599,1.051348,0.033463
AARTIIND,Success,0.010211699999672419,0.0002527999995436403,0.00046489999931509374,4.840000019612489e-05,0.013324999999895226,1999-01-01 09:15:00,2025-06-26 09:15:00,9673 days 00:00:00,100000.0,189182.873136,89.182873,50019.921839,100.0,2918.75439,38.717661,4212 days 00:00:00,23,22,1,8353.533482,36.363636,36.001139,-13.855008,27.097683,-8.656034,71 days 18:00:00,28 days 13:42:51,1.501047,3674.060893,0.262492,0.066255,1.149896,0.126435
AARTIPHARM,Success,0.002815499999996973,0.00015489999987039482,0.00045200000022305176,3.090000063821208e-05,0.0049917000005734735,2023-01-30 09:15:00,2025-06-26 09:15:00,878 days 00:00:00,100000.0,114053.964037,14.053964,202.810061,100.0,205.17274,19.232055,161 days 00:00:00,2,2,0,0.0,50.0,25.186419,-8.467394,25.186419,-8.467394,196 days 00:00:00,4 days 00:00:00,2.626318,7026.982019,0.365167,0.296784,1.136764,0.386211
AARTISURF,Success,0.003531700000166893,0.00015660000008210773,0.00044919999982084846,2.790000053209951e-05,0.005564899999626505,2020-07-14 09:15:00,2025-06-26 09:15:00,1808 days 00:00:00,100000.0,96229.683182,-3.770317,16.952977,100.0,407.074049,20.886718,989 days 00:00:00,4,4,0,0.0,25.0,28.684558,-9.090357,28.684558,-8.941888,43 days 00:00:00,26 days 16:00:00,0.871144,-942.579204,-0.015476,-0.03749,0.987937,-0.008445
AARVEEDEN,Success,0.008970799999588053,0.0002517000002626446,0.0004910000006930204,4.2499999835854396e-05,0.011577300000681134,2006-11-21 09:15:00,2025-06-26 09:15:00,6792 days 00:00:00,100000.0,95877.810015,-4.12219,168.364606,100.0,678.080693,60.336451,6671 days 00:00:00,9,9,0,0.0,33.333333,41.698607,-19.770008,33.381952,-13.650531,37 days 08:00:00,41 days 08:00:00,0.937071,-458.021109,0.051046,-0.003955,1.043458,0.020909
AARVI,Success,0.00321189999976923,0.00015910000001895241,0.00047619999986636685,3.419999939069385e-05,0.005574700000579469,2020-06-24 09:15:00,2025-06-26 09:15:00,1828 days 00:00:00,100000.0,183459.601878,83.459602,349.514152,100.0,527.944,25.083566,82 days 00:00:00,3,3,0,0.0,66.666667,53.794778,-11.750883,44.896162,-11.750883,111 days 00:00:00,4 days 00:00:00,4.359695,27819.867293,0.663487,0.521014,1.394025,0.45548
AAVAS,Success,0.004137100000662031,0.00018850000014936086,0.00044549999984155875,3.2699999792384915e-05,0.006396400000085123,2018-10-08 09:15:00,2025-06-26 09:15:00,2453 days 00:00:00,100000.0,96656.750204,-3.34325,150.868477,100.0,520.610965,21.274719,1304 days 00:00:00,5,5,0,0.0,20.0,31.745103,-8.175122,31.745103,-7.188377,82 days 00:00:00,21 days 06:00:00,0.895498,-668.649959,-0.023482,-0.024129,0.982362,-0.010512
ABAN,Success,0.008423400000538095,0.0002258000004076166,0.0005903999999645748,4.089999947609613e-05,0.011276400000497233,2006-08-18 09:15:00,2025-06-26 09:15:00,6887 days 00:00:00,100000.0,42666.677631,-57.333322,-95.361845,100.0,540.3732,57.333322,6887 days 00:00:00,8,8,0,0.0,0.0,-6.262809,-14.550275,0.0,-9.891163,0 days 00:00:00,61 days 09:00:00,0.0,-7166.665296,-0.414885,-0.078532,0.754502,-0.153587
ABB,Success,0.010375200000453333,0.00025660000028437935,0.0004763000006278162,4.960000023856992e-05,0.013141999999788823,1999-01-01 09:15:00,2025-06-26 09:15:00,9673 days 00:00:00,100000.0,473213.980337,373.21398,6546.270743,100.0,6998.392749,36.093773,4006 days 00:00:00,24,24,0,0.0,50.0,38.389534,-10.101871,23.801811,-7.552232,82 days 18:00:00,29 days 14:00:00,2.301748,15550.582514,0.557303,0.170928,1.316706,0.379423
ABBOTINDIA,Success,0.007983500000591448,0.00022669999998470303,0.0004773999999088119,3.9000000469968654e-05,0.010560200000327313,2010-01-08 09:15:00,2025-06-26 09:15:00,5648 days 00:00:00,100000.0,126126.12023,26.12612,3996.034696,100.0,1592.730678,27.045831,3466 days 00:00:00,15,15,0,0.0,33.333333,48.201465,-11.965917,20.846454,-6.354894,144 days 09:36:00,100 days 07:12:00,1.370342,1741.741349,0.185729,0.056961,1.061733,0.174779
ABCAPITAL,Success,0.004129299999476643,0.0001762000001690467,0.000637799999822164,3.7999999221938197e-05,0.006557799999427516,2017-09-01 09:15:00,2025-06-26 09:15:00,2855 days 00:00:00,100000.0,168074.228363,68.074228,16.547368,100.0,1277.757029,18.578703,371 days 00:00:00,8,8,0,0.0,50.0,32.326326,-9.259679,23.827806,-7.545119,44 days 06:00:00,70 days 18:00:00,2.300204,8509.278545,0.52283,0.376159,1.249343,0.359842
ABDL,Success,0.00206140000045707,0.00017900000057124998,0.000498899999911373,3.329999981360743e-05,0.004298400000152469,2024-07-02 09:15:00,2025-06-26 09:15:00,359 days 00:00:00,100000.0,83029.276684,-16.970723,36.914128,100.0,173.799699,20.728567,255 days 00:00:00,2,2,0,0.0,0.0,-8.32717,-9.079655,0.0,-8.703412,0 days 00:00:00,9 days 00:00:00,0.0,-8485.361658,-1.462097,-0.83684,0.380274,-0.622157
ABFRL,Success,0.006480099999862432,0.00019359999987500487,0.0004604999994626269,3.7400000110210385e-05,0.00895940000009432,2016-01-29 09:15:00,2025-06-26 09:15:00,3436 days 00:00:00,100000.0,172988.864959,72.988865,1.662031,100.0,1458.971327,31.638123,1177 days 00:00:00,10,10,0,0.0,50.0,34.85592,-10.644974,23.207049,-8.954001,127 days 04:48:00,78 days 09:36:00,2.052321,7298.886496,0.408874,0.193102,1.132924,0.388177
ABINFRA,Success,0.0027805999998236075,0.00015530000018770806,0.0004253999995853519,2.679999943211442e-05,0.005111399999805144,2019-07-12 09:15:00,2025-06-26 09:15:00,2176 days 00:00:00,100000.0,80001.183233,-19.998817,503.918778,100.0,169.009515,20.183275,422 days 00:00:00,2,2,0,0.0,0.0,-9.819135,-10.938096,0.0,-10.378615,0 days 00:00:00,20 days 00:00:00,0.0,-9999.408383,-0.671434,-0.354231,0.562178,-0.192959
ABMINTLLTD,Success,0.002762399999483023,0.0001615999999557971,0.000434099999438331,3.960000049119117e-05,0.004851299999245384,2021-09-13 09:15:00,2025-06-26 09:15:00,1382 days 00:00:00,100000.0,87571.972709,-12.428027,-47.495922,100.0,87.649543,16.422146,220 days 00:00:00,1,1,0,0.0,0.0,-12.253963,-12.253963,0.0,-12.253963,0 days 00:00:00,26 days 00:00:00,0.0,-12428.027291,-0.413251,-0.218544,0.643835,-0.126278
ABREL,Success,0.009788899999875866,0.0002492000003257999,0.0006702999999106396,4.1000000237545464e-05,0.012643899999602581,1999-01-01 09:15:00,2025-06-26 09:15:00,9673 days 00:00:00,100000.0,168207.13934,68.207139,28550.896303,100.0,3102.371211,46.366974,2696 days 00:00:00,21,21,0,0.0,33.333333,54.242056,-18.380387,34.374094,-9.927834,67 days 00:00:00,25 days 10:17:08,1.318073,3247.959016,0.218461,0.043638,1.135533,0.099545
ABSLAMC,Success,0.0028043000002071494,0.0001613000003999332,0.0004490999999688938,2.6400000024295878e-05,0.004807999999684398,2021-10-11 09:15:00,2025-06-26 09:15:00,1354 days 00:00:00,100000.0,106744.029105,6.744029,11.101578,100.0,314.861972,12.104923,56 days 00:00:00,3,3,0,0.0,33.333333,23.917782,-7.168829,23.917782,-6.85817,85 days 08:45:00,11 days 12:00:00,1.443701,2248.009702,0.208597,0.148845,1.135286,0.119972
ACC,Success,0.010190199999669858,0.0002936000000772765,0.0004791000001205248,4.199999966658652e-05,0.012905200000204786,1999-01-01 09:15:00,2025-06-26 09:15:00,9673 days 00:00:00,100000.0,67031.864554,-32.968135,2046.060896,100.0,2014.450443,60.379112,6730 days 00:00:00,24,24,0,0.0,20.833333,35.498015,-14.194259,22.19888,-6.797929,118 days 14:23:59,43 days 20:12:37,0.732149,-1373.67231,-0.058589,-0.02532,0.973582,-0.030604
ACCELYA,Success,0.009149599999545899,0.0002938999996331404,0.0005263999992166646,5.450000026030466e-05,0.011977500000284635,1999-12-01 09:15:00,2025-06-26 09:15:00,9339 days 00:00:00,100000.0,128875.037768,28.875038,293.09096,100.0,1968.742068,55.859624,3011 days 00:00:00,17,17,0,0.0,35.294118,45.030745,-16.810529,30.771863,-11.104221,95 days 12:00:00,29 days 17:27:16,1.202676,1698.531633,0.142881,0.018287,1.091452,0.066871
ACCURACY,Success,0.003322600000501552,0.00017130000014731195,0.0005450999997265171,3.689999994094251e-05,0.00554180000017368,2020-12-11 09:15:00,2025-06-26 09:15:00,1658 days 00:00:00,100000.0,89287.899795,-10.7121,180.32,100.0,89.363336,10.7121,1658 days 00:00:00,1,1,0,0.0,0.0,-10.534841,-10.534841,0.0,-10.534841,0 days 00:00:00,5 days 00:00:00,0.0,-10712.100205,-0.716925,-0.233743,0.0,-0.065314
ACE,Success,0.008008699999663804,0.00025209999967046315,0.0004656000000977656,4.1000000237545464e-05,0.010500499999579915,2006-09-26 09:15:00,2025-06-26 09:15:00,6848 days 00:00:00,100000.0,645376.956623,545.376957,3061.115578,100.0,6253.67488,29.457766,1463 days 00:00:00,14,14,0,0.0,57.142857,49.489197,-13.340154,37.772051,-10.401744,107 days 03:00:00,23 days 00:00:00,2.548472,38955.496902,0.596057,0.362614,1.331974,0.450171
ACEINTEG,Success,0.00227309999991121,0.00015019999955256935,0.0004135999997743056,3.4300000152143184e-05,0.003972800000155985,2022-11-04 09:15:00,2025-06-26 09:15:00,965 days 00:00:00,100000.0,100000.0,0.0,-46.948454,100.0,0.0,0.0,,0,0,0,0.0,,,,,,,,,,,,,
ACI,Success,0.002100400000017544,0.00026960000013787067,0.0006203000002642511,3.1800000215298496e-05,0.004859200000282726,2022-11-21 09:15:00,2025-06-26 09:15:00,948 days 00:00:00,100000.0,120687.820564,20.687821,37.738735,100.0,205.827915,9.224832,455 days 00:00:00,3,2,1,7768.163063,50.0,21.782853,-6.865278,21.782853,-6.865278,32 days 00:00:00,5 days 00:00:00,2.832436,6459.828751,0.803608,0.825047,1.627683,0.517558
ACL,Success,0.007623700000294775,0.00020810000023629982,0.00046920000022510067,4.170000011072261e-05,0.009955399999853398,2010-11-08 09:15:00,2025-06-26 09:15:00,5344 days 00:00:00,100000.0,103446.365392,3.446365,-84.984198,100.0,896.12235,43.621635,2703 days 00:00:00,7,7,0,0.0,28.571429,42.580955,-14.178248,41.843643,-12.208903,41 days 00:00:00,17 days 14:24:00,1.04083,492.337913,0.078518,0.005727,1.076274,0.041489
ACLGATI,Success,0.008521099999597936,0.00030809999952907674,0.0004955000003974419,3.930000002583256e-05,0.011275999999270425,2006-10-10 09:15:00,2025-06-26 09:15:00,6834 days 00:00:00,100000.0,35826.490321,-64.17351,-37.010214,100.0,860.460926,64.17351,6834 days 00:00:00,15,15,0,0.0,13.333333,36.028404,-21.781888,31.27364,-11.056397,27 days 00:00:00,30 days 09:13:50,0.336497,-4278.233979,-0.453635,-0.084832,0.746034,-0.219063
ACMESOLAR,Success,0.002011500000662636,0.00014280000050348463,0.0004160999997111503,2.989999939018162e-05,0.003581500000109372,2024-11-13 09:15:00,2025-06-26 09:15:00,225 days 00:00:00,100000.0,100000.0,0.0,-2.626901,100.0,0.0,0.0,,0,0,0,0.0,,,,,,,,,,,,,
ADANIENSOL,Success,0.004408499999954074,0.00018180000006395858,0.0004186999994999496,3.130000004603062e-05,0.00665729999946052,2015-07-31 09:15:00,2025-06-26 09:15:00,3618 days 00:00:00,100000.0,178595.717816,78.595718,3033.152174,100.0,1155.739314,30.178602,972 days 00:00:00,7,7,0,0.0,57.142857,28.417613,-11.897087,26.521945,-10.908027,96 days 18:00:00,35 days 16:00:00,2.300185,11227.959688,0.454138,0.203594,1.246779,0.31879
ADANIENT,Success,0.008630299999822455,0.00023700000019744039,0.0004939000000376836,4.859999990003416e-05,0.011297400000330526,2006-09-20 09:15:00,2025-06-26 09:15:00,6854 days 00:00:00,100000.0,134288.106478,34.288106,43313.434701,100.0,2528.405771,49.871991,5400 days 00:00:00,21,21,0,0.0,33.333333,32.794431,-11.689229,26.975599,-9.063459,69 days 03:25:42,19 days 03:25:42,1.21243,1632.766975,0.190257,0.032399,1.108478,0.088738
ADANIGREEN,Success,0.004129300000386138,0.0001951000003828085,0.0004735000002256129,3.440000000409782e-05,0.006664200000159326,2018-06-18 09:15:00,2025-06-26 09:15:00,2565 days 00:00:00,100000.0,140496.544097,40.496544,3049.206349,100.0,1128.069731,36.382669,1135 days 00:00:00,8,7,1,7095.043888,42.857143,35.352261,-17.498663,31.914694,-12.339864,60 days 08:00:00,52 days 06:00:00,1.372681,4771.642887,0.380976,0.138736,1.195453,0.255964
ADANIPORTS,Success,0.008513600000696897,0.00022460000036517158,0.000501800000165531,3.999999989900971e-05,0.011457800000243878,2007-11-27 09:15:00,2025-06-26 09:15:00,6421 days 00:00:00,100000.0,85510.01546,-14.489985,642.185051,100.0,966.272848,37.265672,5362 days 00:00:00,13,12,1,5051.382881,25.0,22.469881,-10.400202,19.128472,-7.633526,49 days 16:00:00,35 days 08:00:00,0.679116,-1628.447285,-0.040142,-0.024274,0.974715,-0.017083
ADANIPOWER,Success,0.007915199999843026,0.0003420000002734014,0.0005559000001085224,4.0099999750964344e-05,0.010507399999369227,2009-08-20 09:15:00,2025-06-26 09:15:00,5789 days 00:00:00,100000.0,142723.820959,42.723821,477.572428,100.0,767.445588,23.633116,2938 days 00:00:00,7,7,0,0.0,42.857143,41.365162,-11.712486,29.768099,-9.632379,58 days 00:00:00,10 days 00:00:00,2.034793,6103.402994,0.315878,0.097882,1.316716,0.114197
ADFFOODS,Success,0.007479899999452755,0.00021689999994123355,0.00046769999971729703,4.3000000005122274e-05,0.010162200000195298,2010-09-15 09:15:00,2025-06-26 09:15:00,5398 days 00:00:00,100000.0,83321.128846,-16.678871,1674.635429,100.0,740.551433,46.468598,4879 days 00:00:00,9,9,0,0.0,22.222222,40.315133,-15.423677,36.124279,-10.512556,65 days 12:00:00,29 days 10:17:08,0.749582,-1853.207906,-0.054194,-0.026889,0.962251,-0.028535
ADL,Success,0.003287399999862828,0.00016729999970266363,0.0005159000002095127,3.7999999221938197e-05,0.005457600000227103,2020-10-01 09:15:00,2025-06-26 09:15:00,1729 days 00:00:00,100000.0,121435.906665,21.435907,307.396061,100.0,263.848638,16.747846,982 days 00:00:00,2,2,0,0.0,50.0,42.464315,-14.417831,42.464315,-14.417831,90 days 00:00:00,105 days 00:00:00,2.033585,10717.953332,0.359949,0.254181,1.173215,0.259972
ADOR,Success,0.008311800000228686,0.00024980000034702243,0.00048160000005736947,4.669999998441199e-05,0.011185700000169163,2004-09-27 09:15:00,2025-06-26 09:15:00,7577 days 00:00:00,100000.0,351439.610584,251.439611,1994.594595,100.0,6010.08448,44.816328,1323 days 00:00:00,17,17,0,0.0,47.058824,47.960059,-11.719943,31.179448,-9.08339,57 days 21:00:00,59 days 18:40:00,1.756742,14790.565328,0.422107,0.142192,1.252939,0.30681
ADROITINFO,Success,0.004202600000098755,0.00016839999989315402,0.0004631000001609209,3.719999949680641e-05,0.006557099999554339,2018-04-19 09:15:00,2025-06-26 09:15:00,2625 days 00:00:00,100000.0,194881.328317,94.881328,-53.749941,100.0,854.426356,37.370474,813 days 00:00:00,6,6,0,0.0,50.0,53.685665,-15.463642,45.731714,-13.855151,142 days 16:00:00,9 days 16:00:00,2.56669,15813.55472,0.551512,0.270506,1.245588,0.502727
ADSL,Success,0.008268900000075519,0.0002173000002585468,0.00047539999923174037,3.670000023703324e-05,0.01094109999939974,2007-07-25 09:15:00,2025-06-26 09:15:00,6546 days 00:00:00,100000.0,59109.483731,-40.890516,12.233837,100.0,590.694423,75.535611,6236 days 00:00:00,10,10,0,0.0,20.0,58.73027,-24.214536,48.033447,-14.751501,72 days 00:00:00,53 days 21:00:00,0.493157,-4089.051627,-0.101406,-0.039027,0.940521,-0.053467
ADVANIHOTR,Success,0.007890599999882397,0.0002447000006213784,0.0005959999998594867,7.45999996070168e-05,0.010587900000246009,2007-06-25 09:15:00,2025-06-26 09:15:00,6576 days 00:00:00,100000.0,105219.796613,5.219797,149.326795,100.0,845.407094,31.448754,3879 days 00:00:00,7,7,0,0.0,28.571429,36.924918,-15.487934,33.506788,-9.651815,235 days 12:00:00,46 days 14:24:00,1.086893,745.68523,0.086163,0.010523,1.062994,0.045581
ADVENZYMES,Success,0.004797999999937019,0.0002029999996011611,0.0004665000005843467,3.5799999750452116e-05,0.007083599999532453,2016-08-01 09:15:00,2025-06-26 09:15:00,3251 days 00:00:00,100000.0,83053.91578,-16.946084,37.742976,100.0,521.833848,27.859092,1630 days 00:00:00,6,6,0,0.0,16.666667,27.765596,-10.177648,27.765596,-8.027382,125 days 00:00:00,31 days 00:00:00,0.556836,-2824.34737,-0.159676,-0.075369,0.907748,-0.081179
AEGISLOG,Success,0.009626199999729579,0.0002817999993567355,0.0005291999996188679,4.4100000195612665e-05,0.012576000000080967,1999-01-01 09:15:00,2025-06-26 09:15:00,9673 days 00:00:00,100000.0,320125.411285,220.125411,138157.956449,100.0,4797.454363,60.484982,6335 days 00:00:00,17,17,0,0.0,41.176471,81.156005,-29.017553,45.852414,-12.463063,57 days 03:25:42,42 days 02:24:00,1.569958,12948.553605,0.334017,0.079843,1.237705,0.183622
AEROFLEX,Success,0.00242549999984476,0.00014699999974254752,0.00039509999987785704,2.840000070136739e-05,0.0038918000000194297,2023-08-31 09:15:00,2025-06-26 09:15:00,665 days 00:00:00,100000.0,100000.0,0.0,25.304747,100.0,0.0,0.0,,0,0,0,0.0,,,,,,,,,,,,,
AETHER,Success,0.002666499999577354,0.00015639999946870375,0.0004394999996293336,2.790000053209951e-05,0.004223600000841543,2022-06-03 09:15:00,2025-06-26 09:15:00,1119 days 00:00:00,100000.0,100000.0,0.0,-0.639207,100.0,0.0,0.0,,0,0,0,0.0,,,,,,,,,,,,,
AFCONS,Success,0.0018534000000727247,0.0001768000001902692,0.00045559999944089213,2.499999936844688e-05,0.0033815999995567836,2024-11-04 09:15:00,2025-06-26 09:15:00,234 days 00:00:00,100000.0,100000.0,0.0,-7.507381,100.0,0.0,0.0,,0,0,0,0.0,,,,,,,,,,,,,
AFFLE,Success,0.003030800000487943,0.00015810000058991136,0.0004349999999249121,3.079999987676274e-05,0.005171100000552542,2019-08-08 09:15:00,2025-06-26 09:15:00,2149 days 00:00:00,100000.0,141931.401425,41.931401,1019.784785,100.0,1149.225733,32.331491,1484 days 00:00:00,7,7,0,0.0,42.857143,32.485301,-11.534879,27.056637,-8.413971,37 days 16:00:00,36 days 00:00:00,1.683372,5990.200204,0.483082,0.192979,1.267274,0.349612
AFFORDABLE,Success,0.0017436999996789382,0.0001339999998890562,0.00042050000047311187,2.2600000193051528e-05,0.003532200000336161,2024-10-23 09:15:00,2025-06-26 09:15:00,246 days 00:00:00,100000.0,100000.0,0.0,-38.402626,100.0,0.0,0.0,,0,0,0,0.0,,,,,,,,,,,,,
AFIL,Success,0.0020295000003898167,0.00014960000044084154,0.00042070000017702114,2.949999998236308e-05,0.003516900000249734,2024-06-26 09:15:00,2025-06-26 09:15:00,365 days 00:00:00,100000.0,100000.0,0.0,-43.832025,100.0,0.0,0.0,,0,0,0,0.0,,,,,,,,,,,,,
AFSL,Success,0.002232700000604382,0.00016529999993508682,0.0009337999999843305,4.3000000005122274e-05,0.004945100000441016,2022-12-23 09:15:00,2025-06-26 09:15:00,916 days 00:00:00,100000.0,118692.672526,18.692673,13.818681,100.0,250.733241,19.975817,346 days 00:00:00,2,2,0,0.0,50.0,32.276252,-9.914195,32.276252,-9.914195,39 days 00:00:00,3 days 00:00:00,2.404726,9346.336263,0.472514,0.360513,1.586528,0.101506
AGARIND,Success,0.005452600000353414,0.00019530000008671777,0.0005673000005117501,3.5200000638724305e-05,0.007868900000175927,2014-05-26 09:15:00,2025-06-26 09:15:00,4049 days 00:00:00,100000.0,314954.784024,214.954784,463.929193,100.0,2787.484102,26.343163,990 days 00:00:00,11,11,0,0.0,45.454545,57.111819,-11.091633,43.177808,-9.573712,72 days 00:00:00,46 days 00:00:00,2.374316,19541.344002,0.695801,0.42227,1.377073,0.556462
AGARWALEYE,Success,0.0017504000006738352,0.00014430000010179356,0.00037880000036238926,2.390000008745119e-05,0.0033322999997835723,2025-02-04 09:15:00,2025-06-26 09:15:00,142 days 00:00:00,100000.0,100000.0,0.0,-0.423254,100.0,0.0,0.0,,0,0,0,0.0,,,,,,,,,,,,,
AGI,Success,0.008902000000489352,0.0002688999993551988,0.0005014999997001723,4.0099999750964344e-05,0.011498900000333379,2009-04-27 09:15:00,2025-06-26 09:15:00,5904 days 00:00:00,100000.0,84273.252643,-15.726747,8313.315322,100.0,1203.763284,54.200789,4776 days 00:00:00,13,13,0,0.0,23.076923,38.201641,-14.178184,33.454028,-9.55831,54 days 00:00:00,20 days 19:12:00,0.832887,-1209.749797,-0.002027,-0.020015,0.998537,-0.000821
AGIIL,Success,0.002054900000075577,0.0001474999999118154,0.0005303999996613129,3.420000030018855e-05,0.0041933000002245535,2024-07-15 09:15:00,2025-06-26 09:15:00,346 days 00:00:00,100000.0,91486.096499,-8.513904,122.034646,100.0,91.540914,17.459348,97 days 00:00:00,1,1,0,0.0,0.0,-8.333882,-8.333882,0.0,-8.333882,0 days 00:00:00,77 days 00:00:00,0.0,-8513.903501,-0.395133,-0.517069,0.845951,-0.298377
AGRITECH,Success,0.0045506999995268416,0.0001747999995131977,0.0005267000005915179,6.639999992330559e-05,0.007274300000062794,2014-01-28 09:15:00,2025-06-26 09:15:00,4167 days 00:00:00,100000.0,225273.791082,125.273791,350.953033,100.0,1799.59924,33.247027,2857 days 00:00:00,8,8,0,0.0,50.0,47.621963,-13.150559,39.222601,-11.515594,49 days 00:00:00,18 days 12:00:00,2.042408,15659.223885,0.562752,0.235137,1.448529,0.348127
AGROPHOS,Success,0.00458119999984774,0.0001916999999593827,0.0010173000000577304,5.18000006195507e-05,0.0075123999995412305,2019-03-08 09:15:00,2025-06-26 09:15:00,2302 days 00:00:00,100000.0,99626.840869,-0.373159,-38.637139,100.0,858.366359,47.331554,1448 days 00:00:00,6,6,0,0.0,33.333333,44.029607,-16.688788,37.955239,-14.620997,41 days 00:00:00,5 days 18:00:00,0.995832,-62.193189,0.056741,-0.001275,1.049851,0.017357
AGSTRA,Success,0.0029612000007546158,0.00020120000044698827,0.00048520000018470455,3.0300000616989564e-05,0.005127800000082061,2022-01-31 09:15:00,2025-06-26 09:15:00,1242 days 00:00:00,100000.0,87262.389657,-12.73761,-97.181,100.0,87.299289,15.065165,254 days 00:00:00,1,1,0,0.0,0.0,-12.569347,-12.569347,0.0,-12.569347,0 days 00:00:00,16 days 00:00:00,0.0,-12737.610343,-0.790965,-0.264311,0.388434,-0.220668
AHLADA,Success,0.003142600000501261,0.000158200000441866,0.0004352000005383161,2.7499999305291567e-05,0.005331500000465894,2021-01-28 09:15:00,2025-06-26 09:15:00,1610 days 00:00:00,100000.0,57048.601957,-42.951398,-0.451569,100.0,284.522167,42.951398,1610 days 00:00:00,4,4,0,0.0,0.0,-12.351799,-13.558421,0.0,-12.930956,0 days 00:00:00,47 days 18:00:00,0.0,-10737.849511,-0.810095,-0.28236,0.683343,-0.519189
AHLEAST,Success,0.007964999999785505,0.00022760000047128415,0.0005906000005779788,4.1599999349273276e-05,0.010446500000398373,2010-08-11 09:15:00,2025-06-26 09:15:00,5433 days 00:00:00,100000.0,87900.152005,-12.099848,-44.762031,100.0,601.402544,43.336483,2624 days 00:00:00,6,6,0,0.0,33.333333,33.338937,-18.616453,25.350506,-13.099374,51 days 12:00:00,83 days 06:00:00,0.790597,-2016.641333,-0.014642,-0.020767,0.991215,-0.007293
AHLUCONT,Success,0.007873100000324484,0.00020760000006703194,0.00046070000007603085,3.770000057556899e-05,0.010242199999993318,2009-12-14 09:15:00,2025-06-26 09:15:00,5673 days 00:00:00,100000.0,71861.971708,-28.138028,428.992452,100.0,929.341494,57.707086,3734 days 00:00:00,10,10,0,0.0,20.0,37.469738,-12.822041,28.74936,-9.623583,39 days 12:00:00,23 days 12:00:00,0.640594,-2813.802829,-0.185452,-0.037143,0.866315,-0.082685
AIAENG,Success,0.008687399999871559,0.00022939999962545699,0.0005157999994480633,4.1599999349273276e-05,0.01122880000002624,2005-12-14 09:15:00,2025-06-26 09:15:00,7134 days 00:00:00,100000.0,163589.534586,63.589535,3281.688708,100.0,2184.402477,38.421147,2515 days 00:00:00,13,12,1,125.767565,41.666667,32.966032,-13.40067,24.233256,-7.716648,94 days 19:11:59,12 days 00:00:00,1.585533,5288.647252,0.347481,0.067745,1.23031,0.162183
AIIL,Success,0.002248400000098627,0.00016140000025188783,0.0004543000004559872,2.89999998130952e-05,0.004586399999425339,2024-04-23 09:15:00,2025-06-26 09:15:00,429 days 00:00:00,100000.0,130449.562917,30.449563,185.726622,100.0,130.203716,6.066448,6 days 00:00:00,1,1,0,0.0,100.0,30.825891,30.825891,30.825891,0.0,15 days 00:00:00,0 days 00:00:00,inf,30449.562917,1.360279,4.218082,4.422746,0.796392
AIRAN,Success,0.003382200000487501,0.00016220000088651432,0.00045059999956720276,2.9999999242136255e-05,0.00545830000010028,2019-05-03 09:15:00,2025-06-26 09:15:00,2246 days 00:00:00,100000.0,130883.332175,30.883332,-23.37992,100.0,388.654227,31.201536,1925 days 00:00:00,4,4,0,0.0,50.0,34.432631,-14.536456,33.704069,-14.084481,35 days 00:00:00,8 days 12:00:00,2.166289,7720.833044,0.409533,0.145656,1.527705,0.234969
AIROLAM,Success,0.003658499999801279,0.00017389999993611127,0.0004549000004772097,3.079999987676274e-05,0.0057608999995864,2017-10-06 09:15:00,2025-06-26 09:15:00,2820 days 00:00:00,100000.0,83574.854331,-16.425146,151.293871,100.0,83.614384,16.727582,1224 days 00:00:00,1,1,0,0.0,0.0,-16.265087,-16.265087,0.0,-16.265087,0 days 00:00:00,17 days 00:00:00,0.0,-16425.145669,-0.418769,-0.183169,0.428074,-0.05278
AJANTPHARM,Success,0.010298799999873154,0.00026950000028591603,0.000501800000165531,4.11000000895001e-05,0.013054400000328314,2000-06-05 09:15:00,2025-06-26 09:15:00,9152 days 00:00:00,100000.0,73625.179031,-26.374821,16298.612697,100.0,1347.923286,46.531569,7412 days 00:00:00,16,16,0,0.0,25.0,31.51138,-17.128087,27.426464,-9.768146,115 days 12:00:00,29 days 20:00:00,0.759618,-1648.426311,-0.060381,-0.027132,0.965245,-0.030461
AJAXENGG,Success,0.0019579999998313724,0.00021699999979318818,0.00044640000032813987,2.7399999453336932e-05,0.0035176000001229113,2025-02-17 09:15:00,2025-06-26 09:15:00,129 days 00:00:00,100000.0,100000.0,0.0,5.576083,100.0,0.0,0.0,,0,0,0,0.0,,,,,,,,,,,,,
AJMERA,Success,0.008057199999711884,0.000256700000136334,0.0005140000002938905,3.770000057556899e-05,0.010597700000289478,2009-06-23 09:15:00,2025-06-26 09:15:00,5847 days 00:00:00,100000.0,54131.033238,-45.868967,638.695478,100.0,593.68162,54.879038,5847 days 00:00:00,9,9,0,0.0,11.111111,44.56136,-13.898151,44.56136,-11.360203,182 days 00:00:00,22 days 09:00:00,0.323345,-5096.551862,-0.304708,-0.069764,0.798197,-0.134209
AJOONI,Success,0.0035279999992781086,0.0001937000006364542,0.00048430000060761813,3.949999972974183e-05,0.005761800000072981,2021-05-07 09:15:00,2025-06-26 09:15:00,1511 days 00:00:00,100000.0,115031.640432,15.03164,-10.849287,100.0,247.751519,17.122007,259 days 00:00:00,2,2,0,0.0,50.0,32.739301,-12.993003,32.739301,-12.993003,77 days 00:00:00,14 days 00:00:00,1.861787,7515.820216,0.326147,0.203972,1.259534,0.190277
AKASH,Success,0.0034307000005355803,0.00016830000004119938,0.0004433999993125326,2.949999998236308e-05,0.005488300000251911,2019-10-11 09:15:00,2025-06-26 09:15:00,2085 days 00:00:00,100000.0,109461.890569,9.461891,-53.371901,100.0,234.962319,13.754885,481 days 00:00:00,2,2,0,0.0,50.0,25.594294,-12.488108,25.594294,-12.488108,68 days 00:00:00,27 days 00:00:00,1.596261,4730.945284,0.215503,0.12182,1.171955,0.087374
AKG,Success,0.0029458999997586943,0.00016059999961726135,0.000628599999799917,2.8700000257231295e-05,0.00580549999995128,2021-02-16 09:15:00,2025-06-26 09:15:00,1591 days 00:00:00,100000.0,179441.187455,79.441187,-67.804202,100.0,556.042125,22.105206,552 days 00:00:00,3,3,0,0.0,66.666667,55.213032,-21.326932,51.528673,-21.326932,36 days 00:00:00,82 days 00:00:00,2.618014,26480.395818,0.774617,0.660586,1.67653,0.700681
AKI,Success,0.002302399999280169,0.0001571000002513756,0.0006610999998883926,2.970000059576705e-05,0.004529200000433775,2023-04-06 09:15:00,2025-06-26 09:15:00,812 days 00:00:00,100000.0,92883.920362,-7.11608,-51.668728,100.0,92.965413,8.745229,497 days 00:00:00,1,1,0,0.0,0.0,-6.930944,-6.930944,0.0,-6.930944,0 days 00:00:00,12 days 00:00:00,0.0,-7116.079638,-0.785366,-0.378935,0.385519,-0.17212
AKSHAR,Success,0.0027798999999504304,0.0001556999995955266,0.00040100000023812754,2.7999999474559445e-05,0.004276199999367236,2022-05-23 09:15:00,2025-06-26 09:15:00,1130 days 00:00:00,100000.0,100000.0,0.0,-87.042455,100.0,0.0,0.0,,0,0,0,0.0,,,,,,,,,,,,,
AKSHARCHEM,Success,0.004080299999259296,0.00017769999976735562,0.0004414000004544505,3.199999991920777e-05,0.006255300000702846,2017-03-28 09:15:00,2025-06-26 09:15:00,3012 days 00:00:00,100000.0,131688.758767,31.688759,-64.806861,100.0,224.578287,10.925604,34 days 00:00:00,2,2,0,0.0,50.0,41.097617,-6.284775,41.097617,-6.284775,42 days 00:00:00,3 days 00:00:00,5.931618,15844.379384,0.432611,0.315955,2.314329,0.255587
AKSHOPTFBR,Success,0.009007000000565313,0.0002674000006663846,0.0005246999999144464,4.1599999349273276e-05,0.01185280000026978,2000-08-23 09:15:00,2025-06-26 09:15:00,9073 days 00:00:00,100000.0,18149.724666,-81.850275,-86.0,100.0,471.433882,83.491005,8938 days 00:00:00,11,11,0,0.0,0.0,-10.110944,-19.103195,0.0,-14.159134,0 days 00:00:00,49 days 21:49:05,0.0,-7440.934121,-0.557863,-0.083676,0.690723,-0.227497
AKUMS,Success,0.0023461000000679633,0.00014459999965765746,0.00041000000055646524,2.8299999939918052e-05,0.003792700000303739,2024-08-06 09:15:00,2025-06-26 09:15:00,324 days 00:00:00,100000.0,100000.0,0.0,-26.794349,100.0,0.0,0.0,,0,0,0,0.0,,,,,,,,,,,,,
AKZOINDIA,Success,0.0072314000008191215,0.00020119999953749357,0.00043479999931150815,3.6299999919719994e-05,0.00976150000042253,2010-05-27 09:15:00,2025-06-26 09:15:00,5509 days 00:00:00,100000.0,153414.717474,53.414717,443.970673,100.0,750.491377,31.186088,851 days 00:00:00,6,6,0,0.0,50.0,48.979207,-10.565049,26.52636,-7.674543,432 days 08:00:00,69 days 16:00:00,2.680869,8902.452912,0.287911,0.09394,1.103948,0.246329
ALANKIT,Success,0.004495399999541405,0.00019239999983255984,0.0005836999998791725,3.820000074483687e-05,0.007016699999439879,2015-06-30 09:15:00,2025-06-26 09:15:00,3649 days 00:00:00,100000.0,50265.056368,-49.734944,28.75,100.0,572.562264,58.87504,3172 days 00:00:00,8,8,0,0.0,12.5,26.890441,-18.9719,26.890441,-12.102287,54 days 00:00:00,44 days 03:25:42,0.271912,-6216.867954,-0.321584,-0.114933,0.835058,-0.15327
ALBERTDAVD,Success,0.004132299999582756,0.00019749999955820385,0.00046130000009725336,3.370000013092067e-05,0.006319199999779812,2016-06-14 09:15:00,2025-06-26 09:15:00,3299 days 00:00:00,100000.0,146035.498651,46.035499,169.91193,100.0,825.926525,25.157814,1856 days 00:00:00,6,6,0,0.0,50.0,39.98563,-17.58547,27.966464,-10.63508,107 days 16:00:00,22 days 16:00:00,1.987354,7672.583109,0.389713,0.173154,1.22374,0.235303
ALEMBICLTD,Success,0.009945100000550156,0.00029100000028847717,0.0004934000007779105,4.0800000533636194e-05,0.012662000000091211,1995-01-04 09:15:00,2025-06-26 09:15:00,11131 days 00:00:00,100000.0,100240.242079,0.240242,2757.19483,100.0,2147.97228,69.438208,7751 days 00:00:00,17,17,0,0.0,29.411765,49.807004,-17.021026,35.780334,-11.606623,70 days 14:23:59,37 days 06:00:00,1.001247,14.131887,0.060741,0.00012,1.039637,0.026372
ALICON,Success,0.007180999999945925,0.000193099999705737,0.0005624000004900154,4.239999998389976e-05,0.009744900000441703,2011-09-08 09:15:00,2025-06-26 09:15:00,5040 days 00:00:00,100000.0,236039.834594,136.039835,1311.022409,100.0,1963.817491,41.11761,1291 days 00:00:00,9,9,0,0.0,44.444444,54.76641,-12.217636,42.842544,-10.143832,125 days 06:00:00,57 days 00:00:00,2.145212,15115.537177,0.453657,0.168542,1.219033,0.348663
ALIVUS,Success,0.0030629000002591056,0.00017359999947075266,0.00045789999967382755,2.949999998236308e-05,0.00514389999989362,2021-08-06 09:15:00,2025-06-26 09:15:00,1420 days 00:00:00,100000.0,112699.606545,12.699607,32.879092,100.0,239.550601,21.57695,261 days 00:00:00,2,2,0,0.0,50.0,27.86872,-11.485208,27.86872,-11.485208,114 days 00:00:00,24 days 00:00:00,1.857532,6349.803272,0.318833,0.147132,1.205072,0.149445
ALKALI,Success,0.00796249999984866,0.00020989999939047266,0.00047670000003563473,3.670000023703324e-05,0.010346099999878788,2008-11-06 09:15:00,2025-06-26 09:15:00,6076 days 00:00:00,100000.0,79083.424829,-20.916575,-43.483272,100.0,600.661576,46.459691,5782 days 00:00:00,8,8,0,0.0,25.0,40.513937,-15.685977,37.333212,-13.242718,54 days 12:00:00,27 days 08:00:00,0.686958,-2614.571896,-0.063028,-0.030755,0.947544,-0.029277
ALKEM,Success,0.004266400000233261,0.00022369999987859046,0.0004634000006262795,4.1000000237545464e-05,0.006569099999978789,2015-12-23 09:15:00,2025-06-26 09:15:00,3473 days 00:00:00,100000.0,79763.519858,-20.23648,250.365492,100.0,831.413518,29.698687,1991 days 00:00:00,9,9,0,0.0,22.222222,15.46564,-12.950255,14.695538,-6.66031,39 days 00:00:00,23 days 10:17:08,0.567909,-2248.497794,-0.286554,-0.080523,0.804935,-0.081103
ALKYLAMINE,Success,0.008782699999756005,0.00031880000005912734,0.0005028000005040667,4.020000051241368e-05,0.011443300000792078,1999-01-01 09:15:00,2025-06-26 09:15:00,9673 days 00:00:00,100000.0,51806.372378,-48.193628,33634.024741,100.0,445.457354,61.262628,9514 days 00:00:00,7,7,0,0.0,14.285714,22.588467,-30.330338,22.588467,-12.785825,24 days 00:00:00,59 days 16:00:00,0.212719,-6884.803946,-0.177222,-0.056133,0.880388,-0.065404
ALLCARGO,Success,0.008106899999802408,0.00023379999947792385,0.00046920000022510067,3.879999985656468e-05,0.01053700000011304,2006-06-23 09:15:00,2025-06-26 09:15:00,6943 days 00:00:00,100000.0,49420.786238,-50.579214,167.910139,100.0,763.663818,50.579214,6943 days 00:00:00,11,11,0,0.0,9.090909,31.439099,-11.352751,31.439099,-9.099566,53 days 00:00:00,76 days 19:11:59,0.282252,-4598.110342,-0.284336,-0.073396,0.857493,-0.141658
ALLDIGI,Success,0.008650200000374753,0.0002226999995400547,0.0004742999999507447,3.639999977167463e-05,0.011210300000129791,2005-05-09 09:15:00,2025-06-26 09:15:00,7353 days 00:00:00,100000.0,136992.665562,36.992666,620.249707,100.0,838.43832,50.618231,6566 days 00:00:00,10,10,0,0.0,40.0,43.53317,-17.122608,30.631317,-11.257203,61 days 12:00:00,34 days 12:00:00,1.664136,3699.266556,0.194134,0.033602,1.144706,0.080018
ALMONDZ,Success,0.007690899999943213,0.00022340000032272656,0.000483400000121037,3.760000072361436e-05,0.010092000000440748,2008-06-16 09:15:00,2025-06-26 09:15:00,6219 days 00:00:00,100000.0,354380.582325,254.380582,152.741213,100.0,2911.592108,49.205374,2724 days 00:00:00,11,11,0,0.0,54.545455,58.497659,-25.32961,44.509758,-16.489711,44 days 08:00:00,48 days 19:11:59,2.01666,23125.507484,0.51417,0.172985,1.356844,0.370757
ALOKINDS,Success,0.003604500000619737,0.00019569999949453631,0.0005026999997426174,3.600000036385609e-05,0.005930500000431493,2020-02-19 09:15:00,2025-06-26 09:15:00,1954 days 00:00:00,100000.0,172666.488472,72.666488,20.890208,100.0,310.609454,4.877971,8 days 00:00:00,2,2,0,0.0,100.0,37.942293,25.683061,31.812677,0.0,22 days 12:00:00,0 days 00:00:00,inf,36333.244236,1.220482,2.238767,4.547247,0.510612
ALPA,Success,0.0077613000003111665,0.0002106000001731445,0.0005606000004263478,4.569999964587623e-05,0.010278400000061083,2007-08-06 09:15:00,2025-06-26 09:15:00,6534 days 00:00:00,100000.0,118733.133822,18.733134,80.81595,100.0,1102.447765,42.673182,4084 days 00:00:00,8,8,0,0.0,37.5,43.65617,-15.607767,32.106414,-12.012258,49 days 00:00:00,32 days 14:24:00,1.211273,2341.641728,0.144995,0.024273,1.124033,0.057264
ALPHAGEO,Success,0.008633600000393926,0.0002300000005561742,0.0004840000001422595,3.780000042752363e-05,0.011214699999982258,2007-05-11 09:15:00,2025-06-26 09:15:00,6621 days 00:00:00,100000.0,86619.921523,-13.380078,8.86909,100.0,532.21467,55.890842,4599 days 00:00:00,8,8,0,0.0,25.0,49.790181,-13.274595,37.306425,-11.804478,106 days 00:00:00,36 days 12:00:00,0.749727,-1672.50981,0.000693,-0.014752,1.000516,0.000308
ALPSINDUS,Success,0.008888399999705143,0.0002345000002605957,0.0004926999999952386,3.6500000533123966e-05,0.011451999999735563,1999-03-04 09:15:00,2025-06-23 09:15:00,9608 days 00:00:00,100000.0,19245.706741,-80.754293,-80.0,100.0,557.551995,81.12957,9238 days 00:00:00,13,13,0,0.0,7.692308,37.761397,-30.173491,37.761397,-14.675402,42 days 00:00:00,22 days 18:00:00,0.156202,-6211.868712,-0.596944,-0.082757,0.576437,-0.179175
AMBER,Success,0.003934700000172597,0.00017299999944953015,0.0006301000003077206,3.580000065994682e-05,0.006298700000115787,2018-01-30 09:15:00,2025-06-26 09:15:00,2704 days 00:00:00,100000.0,60166.573579,-39.833426,444.990966,100.0,479.380317,46.893718,2246 days 00:00:00,7,7,0,0.0,14.285714,25.339189,-18.857877,25.339189,-11.420584,38 days 00:00:00,15 days 12:00:00,0.252489,-5690.489489,-0.539061,-0.143789,0.61804,-0.18378
AMBICAAGAR,Success,0.0039636999999856926,0.000510700000631914,0.0004998999993404141,3.4499999856052455e-05,0.006668600000011793,2006-11-02 09:15:00,2025-06-26 09:15:00,6811 days 00:00:00,100000.0,114000.581883,14.000582,190.1,100.0,627.946681,48.304647,1023 days 00:00:00,5,5,0,0.0,40.0,47.621478,-24.033443,42.22367,-16.922746,2041 days 00:00:00,175 days 16:00:00,1.193338,2800.116377,0.190456,0.038071,1.08596,0.187035
AMBIKCO,Success,0.008218299999498413,0.00022679999983665766,0.0004797000001417473,3.730000025825575e-05,0.01058759999978065,2008-01-29 09:15:00,2025-06-26 09:15:00,6358 days 00:00:00,100000.0,256077.558006,156.077558,993.866183,100.0,1905.335712,17.848578,694 days 00:00:00,9,9,0,0.0,55.555556,60.556378,-11.318388,30.726311,-8.210826,65 days 14:23:59,24 days 12:00:00,3.042982,17341.95089,0.548603,0.325262,1.568775,0.268592
AMBUJACEM,Success,0.008766199999627133,0.0002230000000054133,0.0010620000002745655,5.869999949936755e-05,0.012078999999175721,2007-07-24 09:15:00,2025-06-26 09:15:00,6547 days 00:00:00,100000.0,64479.815559,-35.520184,322.632332,100.0,1381.97367,43.81787,6390 days 00:00:00,19,19,0,0.0,21.052632,21.470813,-9.906835,18.645352,-6.961629,95 days 18:00:00,34 days 17:36:00,0.572989,-1869.483392,-0.158273,-0.056263,0.927734,-0.077196
AMDIND,Success,0.0077922999998918385,0.00021070000002509914,0.00047820000054343836,3.7599999814119656e-05,0.010497399999621848,2008-02-25 09:15:00,2025-06-26 09:15:00,6331 days 00:00:00,100000.0,87633.284866,-12.366715,29.194805,100.0,888.020728,54.71531,1175 days 00:00:00,8,8,0,0.0,25.0,61.285902,-16.605575,49.335397,-14.075856,62 days 12:00:00,47 days 08:00:00,0.878309,-1545.839392,0.020039,-0.014371,1.014295,0.009065
AMJLAND,Success,0.010340499999983876,0.00029009999980189605,0.0006095000007917406,5.379999947763281e-05,0.013840000000527652,1999-01-01 09:15:00,2025-06-26 09:15:00,9673 days 00:00:00,100000.0,39559.487424,-60.440513,2258.455891,100.0,862.640045,69.50338,9673 days 00:00:00,16,16,0,0.0,18.75,53.882519,-24.384239,43.147741,-13.925056,91 days 00:00:00,20 days 01:50:46,0.476296,-3777.532036,-0.182129,-0.054605,0.877025,-0.078761
AMNPLST,Success,0.002763999999842781,0.00015900000016699778,0.00046440000005532056,3.760000072361436e-05,0.004858499999500054,2023-11-10 09:15:00,2025-06-26 09:15:00,594 days 00:00:00,100000.0,90834.010386,-9.16599,54.9375,100.0,90.811295,15.334132,251 days 00:00:00,1,1,0,0.0,0.0,-8.994578,-8.994578,0.0,-8.994578,0 days 00:00:00,21 days 00:00:00,0.0,-9165.989614,-0.424956,-0.37957,0.679624,-0.135052
AMRUTANJAN,Success,0.010058899999421556,0.0002449000003252877,0.0005239000001893146,4.160000025876798e-05,0.012937200000123994,2009-11-05 09:15:00,2025-06-26 09:15:00,5712 days 00:00:00,100000.0,114504.745009,14.504745,1612.291853,100.0,1547.103252,39.446909,1961 days 00:00:00,12,12,0,0.0,33.333333,35.960932,-17.102298,27.889706,-9.706191,50 days 18:00:00,104 days 21:00:00,1.136961,1208.728751,0.136458,0.022452,1.059883,0.105558
ANANDRATHI,Success,0.0033991999998761457,0.00018149999959859997,0.0005666999995810329,3.5799999750452116e-05,0.005873999999494117,2021-12-14 09:15:00,2025-06-26 09:15:00,1290 days 00:00:00,100000.0,136814.131407,36.814131,610.376158,100.0,400.560645,14.979256,140 days 00:00:00,3,3,0,0.0,66.666667,25.990487,-7.363908,22.021133,-7.363908,153 days 12:00:00,29 days 00:00:00,4.32696,12271.377136,0.691086,0.62845,1.282007,0.554036
ANANTRAJ,Success,0.010900000000219734,0.00046099999963189475,0.0005210999997871113,4.4299999899521936e-05,0.014292699999714387,2006-09-27 09:15:00,2025-06-26 09:15:00,6847 days 00:00:00,100000.0,322048.673497,222.048673,539.330971,100.0,2079.641954,38.281757,3860 days 00:00:00,14,14,0,0.0,50.0,46.619341,-15.996777,34.882539,-11.846956,48 days 20:34:17,34 days 17:08:34,3.143984,15860.619535,0.47177,0.17184,1.321361,0.226773
ANDHRAPAP,Success,0.0095458999994662,0.00031679999938205583,0.0005337000002327841,4.399999943416333e-05,0.012384399999973539,2006-11-02 09:15:00,2025-06-26 09:15:00,6811 days 00:00:00,100000.0,39440.124026,-60.559876,286.660448,100.0,654.67479,60.559876,6811 days 00:00:00,11,11,0,0.0,9.090909,21.430475,-15.021517,21.430475,-10.397203,32 days 00:00:00,43 days 16:48:00,0.143155,-5505.44327,-0.289652,-0.083631,0.808613,-0.103033
ANDHRSUGAR,Success,0.010323200000129873,0.0002885000003516325,0.0005385000004025642,5.250000049272785e-05,0.013167300000532123,1999-01-04 09:15:00,2025-06-26 09:15:00,9670 days 00:00:00,100000.0,36303.769165,-63.696231,1331.732419,100.0,1023.396263,70.210025,9670 days 00:00:00,22,22,0,0.0,18.181818,42.780451,-18.075554,31.511437,-10.739452,33 days 00:00:00,33 days 13:20:00,0.414471,-2895.28322,-0.24174,-0.056249,0.854718,-0.097623
ANGELONE,Success,0.004017799999928684,0.00022810000064055203,0.0005632000002151472,5.300000066199573e-05,0.0065666000000419444,2020-10-05 09:15:00,2025-06-26 09:15:00,1725 days 00:00:00,100000.0,167606.974497,67.606974,952.574367,100.0,882.822673,29.393771,196 days 00:00:00,6,6,0,0.0,50.0,41.791948,-10.507955,32.920798,-10.036295,52 days 16:00:00,73 days 16:00:00,2.463412,11267.829083,0.608565,0.398842,1.269851,0.547876
ANIKINDS,Success,0.008271499999864318,0.00021180000021558953,0.0004675999998653424,3.709999964485178e-05,0.010623600000144506,2008-05-20 09:15:00,2025-06-26 09:15:00,6246 days 00:00:00,100000.0,86639.122753,-13.360877,96.169072,100.0,1201.970505,55.036562,3433 days 00:00:00,10,10,0,0.0,20.0,81.655263,-17.583804,49.825438,-10.414016,38 days 00:00:00,35 days 09:00:00,0.879616,-1336.087725,0.015071,-0.015962,1.010845,0.007789
ANMOL,Success,0.0030726000004506204,0.00016279999999824213,0.0004433999993125326,3.199999991920777e-05,0.005151700000169512,2021-06-04 09:15:00,2025-06-26 09:15:00,1483 days 00:00:00,100000.0,67234.682799,-32.765317,-53.143314,100.0,302.512389,32.765317,1483 days 00:00:00,4,4,0,0.0,0.0,-6.808492,-15.578939,0.0,-9.192393,0 days 00:00:00,11 days 06:00:00,0.0,-8191.3293,-1.406037,-0.28808,0.208753,-0.337712
ANTGRAPHIC,Success,0.008714599999620987,0.00022959999932936626,0.00048270000024785986,4.369999987829942e-05,0.011191099999450671,1999-01-01 09:15:00,2025-06-26 09:15:00,9673 days 00:00:00,100000.0,11455.196556,-88.544803,610.526316,100.0,261.890715,89.127782,9673 days 00:00:00,10,10,0,0.0,10.0,22.509249,-56.978839,22.509249,-21.167473,9 days 00:00:00,140 days 10:40:00,0.026661,-8854.480344,0.193705,-0.103459,1.120104,0.112877
ANUHPHR,Success,0.0019603999999162625,0.0001540000002933084,0.00040699999954085797,2.5999999706982635e-05,0.00341870000011113,2024-12-20 09:15:00,2025-06-26 09:15:00,188 days 00:00:00,100000.0,100000.0,0.0,-7.220103,100.0,0.0,0.0,,0,0,0,0.0,,,,,,,,,,,,,
ANUP,Success,0.003775899999709509,0.00016730000061215833,0.00046550000024581095,3.0899999728717376e-05,0.005922800000007555,2019-03-01 09:15:00,2025-06-26 09:15:00,2309 days 00:00:00,100000.0,297117.500011,197.1175,1007.047619,100.0,820.894892,14.500134,66 days 00:00:00,4,4,0,0.0,100.0,33.824559,29.774568,31.646176,0.0,82 days 12:00:00,0 days 00:00:00,inf,49279.375003,1.108336,1.321774,1.79189,0.864452
ANURAS,Success,0.0026698000001488253,0.0001593000006323564,0.00045930000032967655,3.020000076503493e-05,0.004701099999692815,2021-03-24 09:15:00,2025-06-26 09:15:00,1555 days 00:00:00,100000.0,127059.259688,27.05926,114.388766,100.0,126.995023,1.531884,6 days 00:00:00,1,1,0,0.0,100.0,27.365581,27.365581,27.365581,0.0,28 days 00:00:00,0 days 00:00:00,inf,27059.259688,1.124697,3.839328,15.307595,0.545472
APARINDS,Success,0.008557899999686924,0.0002274999997098348,0.0004655999991882709,4.129999979340937e-05,0.011006799999449868,2004-07-12 09:15:00,2025-06-26 09:15:00,7654 days 00:00:00,100000.0,119055.009927,19.05501,24397.174622,100.0,1344.855689,57.363719,7129 days 00:00:00,15,15,0,0.0,33.333333,33.42936,-11.35249,26.600607,-9.148208,78 days 04:48:00,42 days 16:48:00,1.219048,1270.333995,0.130722,0.014849,1.070718,0.073159
APCL,Success,0.004586299999573384,0.00017839999964053277,0.0004424999997354462,3.100000049016671e-05,0.006685800000013842,2017-04-10 09:15:00,2025-06-26 09:15:00,2999 days 00:00:00,100000.0,77515.60744,-22.484393,-37.343327,100.0,163.564365,27.301965,1393 days 00:00:00,2,2,0,0.0,0.0,-9.850572,-13.698559,0.0,-11.774565,0 days 00:00:00,78 days 00:00:00,0.0,-11242.19628,-0.35597,-0.113662,0.769271,-0.108661
APCOTEXIND,Success,0.008415100000092934,0.00024029999985941686,0.0004929000006086426,3.790000027947826e-05,0.010854099999960454,2006-11-02 09:15:00,2025-06-26 09:15:00,6811 days 00:00:00,100000.0,60524.25495,-39.475745,9510.500611,100.0,787.495615,59.019657,5284 days 00:00:00,11,11,0,0.0,18.181818,31.592621,-16.766733,27.858774,-10.177276,77 days 00:00:00,70 days 02:40:00,0.477154,-3588.704095,-0.133036,-0.047249,0.927079,-0.072754
APEX,Success,0.004163799999332696,0.00018569999974715756,0.0004743999998026993,3.639999977167463e-05,0.0063735000003362074,2017-09-04 09:15:00,2025-06-26 09:15:00,2852 days 00:00:00,100000.0,118558.069208,18.558069,13.606784,100.0,206.220641,17.240972,84 days 00:00:00,2,2,0,0.0,50.0,35.271244,-12.004474,35.271244,-12.004474,125 days 00:00:00,23 days 00:00:00,2.527753,9279.034604,0.25528,0.129956,1.20513,0.128877
APLAPOLLO,Success,0.007381299999906332,0.00020419999964360613,0.0004515000000537839,4.040000021632295e-05,0.009938799999872572,2011-12-14 09:15:00,2025-06-26 09:15:00,4943 days 00:00:00,100000.0,106819.596821,6.819597,12226.012354,100.0,1958.817502,31.02068,3426 days 00:00:00,16,16,0,0.0,31.25,32.707794,-12.467887,26.1512,-9.186448,50 days 19:11:59,21 days 06:32:43,1.051795,426.224801,0.104356,0.016066,1.057259,0.062702
APLLTD,Success,0.007295100000192178,0.00020039999981236178,0.0005178999999770895,4.269999953976367e-05,0.009910499999932654,2011-09-28 09:15:00,2025-06-26 09:15:00,5020 days 00:00:00,100000.0,69550.977081,-30.449023,2231.579003,100.0,784.957638,47.534743,4613 days 00:00:00,8,8,0,0.0,12.5,30.309773,-10.923546,30.309773,-8.391321,76 days 00:00:00,97 days 06:51:25,0.496606,-3806.127865,-0.180692,-0.055911,0.922737,-0.104462
APOLLO,Success,0.004161900000326568,0.00017360000038024737,0.000452400000540365,2.990000029967632e-05,0.006471599999713362,2018-01-22 09:15:00,2025-06-26 09:15:00,2712 days 00:00:00,100000.0,63845.242426,-36.154758,345.4103,100.0,307.732603,41.251016,1742 days 00:00:00,4,4,0,0.0,0.0,-8.981746,-11.462328,0.0,-10.431733,0 days 00:00:00,23 days 12:00:00,0.0,-9038.689394,-0.596109,-0.144566,0.58252,-0.191636
APOLLOHOSP,Success,0.009758500000316417,0.00026729999990493525,0.00046130000009725336,9.28999997995561e-05,0.012540699999590288,1999-01-01 09:15:00,2025-06-26 09:15:00,9673 days 00:00:00,100000.0,318814.971779,218.814972,55707.463426,100.0,4815.178886,24.436339,1361 days 00:00:00,16,16,0,0.0,43.75,56.362534,-20.825955,32.890901,-7.987623,90 days 06:51:25,38 days 10:40:00,1.939317,13675.935736,0.444317,0.186883,1.292905,0.234103
APOLLOPIPE,Success,0.004859900000155903,0.0001829999991969089,0.0005605999995168531,3.5999999454361387e-05,0.007168099999944388,2019-11-11 09:15:00,2025-06-26 09:15:00,2054 days 00:00:00,100000.0,137664.033869,37.664034,240.425249,100.0,372.412697,13.270998,51 days 00:00:00,3,3,0,0.0,66.666667,24.237275,-9.946409,24.100997,-9.946409,74 days 12:00:00,18 days 00:00:00,4.003436,12554.677956,0.545136,0.446592,1.407608,0.314116
APOLLOTYRE,Success,0.010142099999939092,0.0002868000001399196,0.0005733999996664352,4.949999947712058e-05,0.013263999999253429,1999-01-01 09:15:00,2025-06-26 09:15:00,9673 days 00:00:00,100000.0,51740.773581,-48.259226,6676.934544,100.0,1039.678627,63.412783,7905 days 00:00:00,16,16,0,0.0,18.75,34.85324,-21.992925,26.520609,-9.607497,65 days 16:00:00,26 days 07:23:04,0.506695,-3016.201651,-0.190337,-0.039529,0.872888,-0.072963
APOLSINHOT,Success,0.004994500000066182,0.00021529999958147528,0.0004876000002695946,3.66000003850786e-05,0.007452699999703327,2015-02-16 09:15:00,2025-06-26 09:15:00,3783 days 00:00:00,100000.0,105853.811194,5.853811,1765.70799,100.0,566.773212,28.259193,2219 days 00:00:00,5,5,0,0.0,40.0,30.037123,-12.656421,23.180552,-10.946891,20 days 00:00:00,73 days 08:00:00,1.145602,1170.762239,0.108807,0.021069,1.073901,0.048335
APTECHT,Success,0.009841500000220549,0.00023860000055719865,0.0005338999999366933,4.090000038559083e-05,0.013058599999567377,2002-09-27 09:15:00,2025-06-26 09:15:00,8308 days 00:00:00,100000.0,199024.727495,99.024727,486.014004,100.0,2552.064411,48.490025,4984 days 00:00:00,16,15,1,3479.423049,40.0,62.536328,-18.671627,36.099435,-11.667269,60 days 04:00:00,30 days 18:40:00,1.49541,6369.686963,0.292933,0.064778,1.197681,0.153608
APTUS,Success,0.003082700000049954,0.00017779999961931026,0.0005047999993621488,3.620000006776536e-05,0.00536030000057508,2021-08-24 09:15:00,2025-06-26 09:15:00,1402 days 00:00:00,100000.0,79992.430821,-20.007569,-7.552606,100.0,168.171731,25.756549,982 days 00:00:00,3,2,1,-608.885302,0.0,-8.031774,-12.053362,0.0,-10.042568,0 days 00:00:00,51 days 12:00:00,0.0,-9699.341938,-0.570394,-0.222326,0.712238,-0.280129
ARCHIDPLY,Success,0.008184999999684806,0.00020499999936873792,0.000496499999826483,4.87000006614835e-05,0.010952099999485654,2008-07-04 09:15:00,2025-06-26 09:15:00,6201 days 00:00:00,100000.0,76575.36761,-23.424632,112.781061,100.0,680.210986,44.362207,1423 days 00:00:00,7,7,0,0.0,14.285714,70.964512,-15.426531,70.964512,-12.315907,413 days 00:00:00,39 days 16:00:00,0.701001,-3346.376056,-0.015521,-0.036873,0.991678,-0.010413
ARCHIES,Success,0.010099699999955192,0.0002443000003040652,0.0004803000001629698,5.130000045028282e-05,0.012855299999500858,1999-01-01 09:15:00,2025-06-26 09:15:00,9673 days 00:00:00,100000.0,10380.491683,-89.619508,-76.824983,100.0,638.383258,91.796428,8414 days 00:00:00,19,19,0,0.0,5.263158,33.407566,-19.560522,33.407566,-12.975093,40 days 00:00:00,66 days 01:20:00,0.058477,-4716.816227,-0.393827,-0.096087,0.825194,-0.252419
ARE&M,Success,0.009498100000200793,0.00023829999918234535,0.0004482000003918074,4.1199999941454735e-05,0.012024499999824911,1999-01-01 09:15:00,2025-06-26 09:15:00,9673 days 00:00:00,100000.0,260556.450128,160.55645,7102.377648,100.0,3834.106886,37.764728,2618 days 00:00:00,19,19,0,0.0,47.368421,39.922666,-18.152779,25.640497,-9.810469,52 days 05:20:00,28 days 07:12:00,1.801559,8450.33948,0.390421,0.10244,1.286084,0.178259
ARENTERP,Success,0.0033332000002701534,0.00019359999987500487,0.0004439000003912952,2.9599999834317714e-05,0.0060299000006125425,2017-11-07 09:15:00,2025-06-26 09:15:00,2788 days 00:00:00,100000.0,126432.160501,26.432161,190.82153,100.0,275.139012,21.180841,1241 days 00:00:00,2,2,0,0.0,50.0,48.776424,-14.679281,48.776424,-14.679281,46 days 00:00:00,14 days 00:00:00,2.199119,13216.08025,0.365966,0.201088,1.412291,0.167416
ARIES,Success,0.008148200000505312,0.00021379999998316634,0.0004920000001220615,5.160000000614673e-05,0.010765199999696051,2008-01-11 09:15:00,2025-06-26 09:15:00,6376 days 00:00:00,100000.0,123277.80321,23.277803,28.381071,100.0,1767.341871,47.039369,3047 days 00:00:00,12,12,0,0.0,33.333333,42.818562,-16.116628,37.027668,-11.974981,86 days 18:00:00,38 days 09:00:00,1.153225,1939.816934,0.155575,0.026759,1.091521,0.105364
ARIHANTCAP,Success,0.002908499999648484,0.0001550999995743041,0.00042179999945801683,2.7299999601382297e-05,0.005240299999968556,2021-06-15 09:15:00,2025-06-26 09:15:00,1472 days 00:00:00,100000.0,125711.928147,25.711928,243.884892,100.0,214.997804,12.606939,37 days 00:00:00,2,2,0,0.0,50.0,41.352846,-10.694705,41.352846,-10.694705,85 days 00:00:00,10 days 00:00:00,3.36487,12855.964073,0.459693,0.469871,1.355283,0.327008
ARIHANTSUP,Success,0.004461700000319979,0.00017600000046513742,0.0004503999998632935,3.5399999433138873e-05,0.0066919000000780215,2017-03-28 09:15:00,2025-06-26 09:15:00,3012 days 00:00:00,100000.0,46242.968932,-53.757031,261.472684,100.0,404.05637,53.757031,3012 days 00:00:00,6,6,0,0.0,0.0,-5.998892,-15.310046,0.0,-11.85128,0 days 00:00:00,30 days 20:00:00,0.0,-8959.505178,-0.876082,-0.168734,0.550718,-0.302693
ARKADE,Success,0.0018251000001328066,0.00013550000039685983,0.0004245999998602201,2.300000051036477e-05,0.0032721999996283557,2024-09-24 09:15:00,2025-06-26 09:15:00,275 days 00:00:00,100000.0,100000.0,0.0,16.224527,100.0,0.0,0.0,,0,0,0,0.0,,,,,,,,,,,,,
ARMANFIN,Success,0.0039898000004541245,0.0001691999996182858,0.0007013000004008063,4.0099999750964344e-05,0.006881999999677646,2016-06-14 09:15:00,2025-06-26 09:15:00,3299 days 00:00:00,100000.0,132711.419606,32.71142,669.014684,100.0,1530.085,55.554976,1532 days 00:00:00,14,14,0,0.0,35.714286,41.872222,-22.913707,33.648551,-11.72214,49 days 14:24:00,29 days 02:40:00,1.270481,2336.529972,0.257691,0.058284,1.123767,0.168055
AROGRANITE,Success,0.008484699999826262,0.00021669999932782957,0.0005541999998968095,3.909999941242859e-05,0.011279199999989942,2007-04-24 09:15:00,2025-06-26 09:15:00,6638 days 00:00:00,100000.0,37134.999222,-62.865001,-13.434341,100.0,597.608615,69.567119,6356 days 00:00:00,10,10,0,0.0,10.0,52.093842,-25.314329,52.093842,-14.185388,125 days 00:00:00,45 days 13:20:00,0.317421,-6286.500078,-0.269162,-0.081684,0.844852,-0.125778
ARROWGREEN,Success,0.004348200000094948,0.0001708999998299987,0.00046410000049945666,3.3399999665562063e-05,0.006525799999508308,2016-05-11 09:15:00,2025-06-26 09:15:00,3333 days 00:00:00,100000.0,382508.137043,282.508137,25.63355,100.0,1370.119891,17.71595,582 days 00:00:00,6,6,0,0.0,83.333333,43.613272,-11.591175,34.53881,-11.591175,46 days 04:48:00,15 days 00:00:00,14.146103,47084.689507,1.061758,0.909953,1.841227,0.604161
ARTEMISMED,Success,0.0029316000000108033,0.00015929999972286168,0.00046779999956925167,2.9600000743812416e-05,0.005032199999732256,2020-01-24 09:15:00,2025-06-26 09:15:00,1980 days 00:00:00,100000.0,146982.658657,46.982659,1016.943522,100.0,936.491988,30.789199,408 days 00:00:00,7,7,0,0.0,42.857143,38.584168,-13.544781,32.269822,-10.336674,108 days 16:00:00,27 days 06:00:00,1.820038,6711.80838,0.425584,0.24266,1.167816,0.422855
ARTNIRMAN,Success,0.0028902000003654393,0.00016490000052726828,0.0004721000004792586,3.190000006725313e-05,0.004937900000186346,2016-10-19 09:15:00,2025-06-26 09:15:00,3172 days 00:00:00,100000.0,86541.508805,-13.458491,103.566667,100.0,86.51871,17.39741,1259 days 00:00:00,1,1,0,0.0,0.0,-13.299993,-13.299993,0.0,-13.299993,0 days 00:00:00,14 days 00:00:00,0.0,-13458.491195,-0.507062,-0.203409,0.489017,-0.1285
ARVEE,Success,0.0028981000004932866,0.00016120000054797856,0.0005588000003626803,3.120000019407598e-05,0.004598299999997835,2021-03-22 09:15:00,2025-06-26 09:15:00,1557 days 00:00:00,100000.0,100000.0,0.0,272.146966,100.0,0.0,0.0,,0,0,0,0.0,,,,,,,,,,,,,
ARVIND,Success,0.007660600000235718,0.0002372999997533043,0.0004957999999533058,4.1000000237545464e-05,0.010187500000029104,2008-07-07 09:15:00,2025-06-26 09:15:00,6198 days 00:00:00,100000.0,229059.925472,129.059925,3270.513361,100.0,2782.847852,46.672995,3730 days 00:00:00,15,15,0,0.0,40.0,39.935644,-13.589789,35.066903,-9.867203,94 days 08:00:00,48 days 10:39:59,1.719766,8603.995031,0.353522,0.109455,1.169008,0.232948
ARVINDFASN,Success,0.0043278999992253375,0.00017769999976735562,0.00044639999941864517,3.589999960240675e-05,0.006496599999991304,2019-03-08 09:15:00,2025-06-26 09:15:00,2302 days 00:00:00,100000.0,190899.72076,90.899721,5.035176,100.0,588.455028,11.595687,92 days 00:00:00,4,4,0,0.0,75.0,29.099997,-6.34527,27.202057,-6.34527,50 days 00:00:00,10 days 00:00:00,11.983595,22724.93019,0.97235,0.948823,1.885366,0.50478
ARVSMART,Success,0.004397599999720114,0.00017690000004222384,0.0004835999998249463,3.3799999982875306e-05,0.006635899999309913,2015-12-09 09:15:00,2025-06-26 09:15:00,3487 days 00:00:00,100000.0,105517.218462,5.517218,669.257143,100.0,938.768817,37.712122,1226 days 00:00:00,9,9,0,0.0,33.333333,36.318306,-13.33558,30.324167,-11.294166,54 days 16:00:00,26 days 12:00:00,1.072067,613.024274,0.113125,0.015224,1.070056,0.066959
ASAHIINDIA,Success,0.009401700000125857,0.00027580000005400507,0.0007448999995176564,5.18000006195507e-05,0.012467900000046939,1999-01-11 09:15:00,2025-06-26 09:15:00,9663 days 00:00:00,100000.0,257351.414467,157.351414,14766.056141,100.0,4325.651775,31.240404,2342 days 00:00:00,26,25,1,5995.747949,40.0,43.435141,-14.408582,28.536745,-9.635352,86 days 02:23:59,48 days 01:36:00,1.576355,6054.226661,0.316435,0.125936,1.13935,0.225266
ASAHISONG,Success,0.007331900000281166,0.00019859999974869424,0.0006972000001042034,5.239999973127851e-05,0.01083329999983107,2011-08-29 09:15:00,2025-06-26 09:15:00,5050 days 00:00:00,100000.0,380079.451105,280.079451,437.70274,100.0,1974.567155,24.272565,70 days 00:00:00,7,7,0,0.0,71.428571,48.743686,-8.61949,35.998116,-8.291249,75 days 14:23:59,54 days 12:00:00,5.839158,40011.350158,0.707323,0.426725,1.531131,0.42251
ASAL,Success,0.008729399999538145,0.00025550000009388896,0.0005112999997436418,4.2099999518541154e-05,0.011264700000538141,2003-10-14 09:15:00,2025-06-26 09:15:00,7926 days 00:00:00,100000.0,55165.64194,-44.834358,998.880576,100.0,1161.685897,58.159093,6603 days 00:00:00,14,14,0,0.0,21.428571,37.97336,-21.701025,33.124961,-12.057111,129 days 16:00:00,37 days 13:05:27,0.627016,-3202.454147,-0.103683,-0.049897,0.942881,-0.052977
ASALCBR,Success,0.003293199999461649,0.00016700000014679972,0.0005744000000049709,3.780000042752363e-05,0.005601500000011583,2020-02-12 09:15:00,2025-06-26 09:15:00,1961 days 00:00:00,100000.0,136212.791646,36.212792,300.894339,100.0,434.166703,27.121117,97 days 00:00:00,5,4,1,-10017.901278,50.0,32.595498,-8.604784,31.590738,-7.668352,64 days 12:00:00,91 days 00:00:00,4.069097,11557.673231,0.376723,0.221839,1.166625,0.232272
ASHAPURMIN,Success,0.008848999999827356,0.00023590000000695,0.0004845000003115274,3.5799999750452116e-05,0.011582799999814597,1999-01-01 09:15:00,2025-06-26 09:15:00,9673 days 00:00:00,100000.0,53640.409054,-46.359591,4453.248039,100.0,1195.577949,73.853066,7821 days 00:00:00,16,16,0,0.0,25.0,35.679334,-19.841614,32.575451,-13.285158,92 days 00:00:00,29 days 22:00:00,0.660618,-2897.474434,-0.149035,-0.035482,0.91219,-0.067054
ASHIANA,Success,0.008431999999629625,0.00023769999916112283,0.0006777999997211737,5.710000004910398e-05,0.01110199999948236,2011-06-29 09:15:00,2025-06-26 09:15:00,5111 days 00:00:00,100000.0,214890.489736,114.89049,1070.450066,100.0,1279.508479,33.170056,3388 days 00:00:00,11,11,0,0.0,45.454545,34.933319,-10.829137,29.507628,-8.004089,42 days 04:48:00,45 days 04:00:00,3.307942,10444.589976,0.479167,0.172834,1.320825,0.23646
ASHIMASYN,Success,0.010038099999292172,0.00028189999920869013,0.0005424000000857632,4.87000006614835e-05,0.012943800000357442,1995-05-10 09:15:00,2025-06-26 09:15:00,11005 days 00:00:00,100000.0,45572.673275,-54.427327,-32.43468,100.0,715.803357,70.073975,9604 days 00:00:00,13,13,0,0.0,15.384615,51.819851,-18.149475,45.202329,-12.711574,65 days 00:00:00,26 days 15:16:21,0.375679,-4186.71744,-0.181943,-0.041643,0.845571,-0.068763
ASHOKA,Success,0.008002099999430357,0.0002193000000261236,0.0005575000004682806,4.430000080901664e-05,0.01072059999933117,2010-10-14 09:15:00,2025-06-26 09:15:00,5369 days 00:00:00,100000.0,108371.528897,8.371529,142.494575,100.0,1065.451623,30.947707,3598 days 00:00:00,12,11,1,6820.7788,27.272727,36.396175,-9.513534,28.452495,-8.499084,39 days 00:00:00,14 days 18:00:00,1.022095,140.977282,0.106043,0.018055,1.086209,0.034936
ASHOKAMET,Success,0.002231200000096578,0.00016259999938483816,0.0004714999995485414,2.7999999474559445e-05,0.003798099999585247,2023-06-27 09:15:00,2025-06-26 09:15:00,730 days 00:00:00,100000.0,100000.0,0.0,1.651911,100.0,0.0,0.0,,0,0,0,0.0,,,,,,,,,,,,,
ASHOKLEY,Success,0.009970500000235916,0.0002660000000105356,0.0005290999997669132,4.2499999835854396e-05,0.012732400000459165,1999-01-01 09:15:00,2025-06-26 09:15:00,9673 days 00:00:00,100000.0,1048942.93714,948.942937,10901.98895,100.0,12129.655538,35.924175,1787 days 00:00:00,24,24,0,0.0,54.166667,73.568134,-15.392418,30.914036,-8.999564,86 days 01:50:46,25 days 00:00:00,3.056064,39539.289048,0.623919,0.263741,1.332288,0.433583
ASIANENE,Success,0.002685100000235252,0.0001798999992388417,0.0004472999999052263,3.280000055383425e-05,0.004885800000010931,2021-12-09 09:15:00,2025-06-26 09:15:00,1295 days 00:00:00,100000.0,116231.476452,16.231476,112.583013,100.0,248.195409,32.582903,303 days 00:00:00,2,2,0,0.0,50.0,32.509841,-11.930187,32.509841,-11.930187,12 days 00:00:00,172 days 00:00:00,2.01674,8115.738226,0.309399,0.136831,1.142744,0.238268
ASIANHOTNR,Success,0.007972700000209443,0.00023260000034497352,0.000498899999911373,3.670000023703324e-05,0.010533599999689613,2010-04-07 09:15:00,2025-06-26 09:15:00,5559 days 00:00:00,100000.0,88490.028901,-11.509971,-31.000197,100.0,327.208065,33.512435,5431 days 00:00:00,4,4,0,0.0,25.0,32.663842,-16.446553,32.663842,-12.335713,11 days 00:00:00,25 days 00:00:00,0.652899,-2877.492775,-0.108342,-0.024439,0.881712,-0.025557
ASIANPAINT,Success,0.01022090000060416,0.00026230000003124587,0.0005264999999781139,4.5200000386103056e-05,0.013083900000310678,1994-11-07 09:15:00,2025-06-26 09:15:00,11189 days 00:00:00,100000.0,886805.28536,786.805285,18715.119145,100.0,14678.595704,22.770732,1730 days 00:00:00,28,28,0,0.0,57.142857,35.970751,-12.370991,20.645261,-5.868146,107 days 03:00:00,51 days 00:00:00,2.820998,28100.188763,0.66944,0.332302,1.307397,0.505799
ASIANTILES,Success,0.008189700000002631,0.0002545000006648479,0.0005451000006360118,3.9200000173877925e-05,0.010903200000029756,2007-08-23 09:15:00,2025-06-26 09:15:00,6517 days 00:00:00,100000.0,118869.459797,18.86946,8.914089,100.0,1550.296037,52.229188,3811 days 00:00:00,10,10,0,0.0,30.0,56.889265,-17.542417,42.103942,-11.297901,67 days 16:00:00,61 days 10:17:08,1.139439,1886.94598,0.145083,0.019567,1.088534,0.068886
ASKAUTOLTD,Success,0.0020830000003115856,0.00014860000010230578,0.00038779999977123225,2.8200000087963417e-05,0.004025299999739218,2023-11-15 09:15:00,2025-06-26 09:15:00,589 days 00:00:00,100000.0,91224.188179,-8.775812,66.607541,100.0,91.027943,10.709901,157 days 00:00:00,1,1,0,0.0,0.0,-8.618515,-8.618515,0.0,-8.618515,0 days 00:00:00,11 days 00:00:00,0.0,-8775.811821,-1.051745,-0.523693,0.248288,-0.25228
ASMS,Success,0.0022260999994614394,0.00014989999999670545,0.0003980999999839696,2.7599999157246202e-05,0.004267199999958393,2023-02-09 09:15:00,2025-06-26 09:15:00,868 days 00:00:00,100000.0,114699.090231,14.69909,3.257576,100.0,114.808087,1.380683,323 days 00:00:00,1,1,0,0.0,100.0,14.929574,14.929574,14.929574,0.0,13 days 00:00:00,0 days 00:00:00,inf,14699.090231,1.686731,4.446844,11.03938,
ASPINWALL,Success,0.004246499999680964,0.00017550000029586954,0.0004571999998006504,3.6100000215810724e-05,0.006437299999561219,2016-06-14 09:15:00,2025-06-26 09:15:00,3299 days 00:00:00,100000.0,114744.448397,14.744448,73.541667,100.0,607.696659,33.275961,1212 days 00:00:00,5,5,0,0.0,40.0,42.57528,-16.642994,38.402619,-15.374431,27 days 12:00:00,42 days 08:00:00,1.243489,2948.889679,0.174641,0.046924,1.156746,0.099529
ASTEC,Success,0.007043999999950756,0.00020049999966431642,0.0004484999999476713,4.11000000895001e-05,0.009358999999676598,2009-11-25 09:15:00,2025-06-26 09:15:00,5692 days 00:00:00,100000.0,109186.59914,9.186599,1056.904762,100.0,1257.037398,41.992607,3163 days 00:00:00,9,9,0,0.0,33.333333,43.062579,-16.097392,37.863141,-13.251519,46 days 08:00:00,83 days 16:00:00,1.075976,1020.733238,0.113123,0.013836,1.0686,0.084104
ASTERDM,Success,0.003881300000102783,0.0001680999994277954,0.00046519999978045234,2.9800000447721686e-05,0.00601470000037807,2018-02-26 09:15:00,2025-06-26 09:15:00,2677 days 00:00:00,100000.0,115549.654911,15.549655,228.284219,100.0,238.130954,7.67046,13 days 00:00:00,2,2,0,0.0,50.0,23.231556,-5.814711,23.231556,-5.814711,31 days 00:00:00,11 days 00:00:00,3.111839,7774.827456,0.345883,0.26411,1.730556,0.074005
ASTRAL,Success,0.008327900000040245,0.000215099999877566,0.0004850000004807953,3.820000074483687e-05,0.011067299999922398,2007-03-20 09:15:00,2025-06-26 09:15:00,6673 days 00:00:00,100000.0,355909.631176,255.909631,32010.952637,100.0,4722.832518,26.969875,1261 days 00:00:00,20,20,0,0.0,50.0,32.440372,-12.99341,24.370271,-8.229459,62 days 02:24:00,34 days 00:00:00,2.287216,12795.481559,0.601652,0.272693,1.340608,0.376462
ASTRAMICRO,Success,0.008241699999416596,0.00022639999951934442,0.0004602999997587176,5.2800000048591755e-05,0.01069420000021637,2004-11-01 09:15:00,2025-06-26 09:15:00,7542 days 00:00:00,100000.0,36941.360509,-63.058639,3893.243604,100.0,795.748294,75.752154,7542 days 00:00:00,17,17,0,0.0,17.647059,26.237689,-17.471163,23.434726,-10.687856,26 days 08:00:00,57 days 06:51:25,0.267723,-3709.331735,-0.271213,-0.063324,0.871626,-0.149614
ASTRAZEN,Success,0.00993319999997766,0.00024709999979677377,0.0005009999995309045,4.399999943416333e-05,0.012543700000605895,1998-07-30 09:15:00,2025-06-26 09:15:00,9828 days 00:00:00,100000.0,167406.033242,67.406033,29356.228956,100.0,2776.38075,37.815182,5657 days 00:00:00,19,19,0,0.0,31.578947,42.791952,-13.43832,29.881225,-7.38635,58 days 00:00:00,47 days 00:00:00,1.440509,3547.68596,0.22448,0.053076,1.157453,0.135265
ASTRON,Success,0.0041974000005211565,0.00017639999987295596,0.00047089999952731887,3.280000055383425e-05,0.006502199999886216,2017-12-29 09:15:00,2025-06-26 09:15:00,2736 days 00:00:00,100000.0,53060.324243,-46.939676,-86.302277,100.0,334.022194,52.520751,2400 days 00:00:00,5,5,0,0.0,0.0,-5.178279,-16.871386,0.0,-11.653217,0 days 00:00:00,55 days 19:11:59,0.0,-9387.935151,-0.570631,-0.157064,0.71644,-0.285
ATALREAL,Success,0.00220290000015666,0.00014449999980570283,0.0004103999999642838,2.5100000129896216e-05,0.0045083999993948964,2023-05-12 09:15:00,2025-06-26 09:15:00,776 days 00:00:00,100000.0,139509.899978,39.5099,-11.360555,100.0,139.648898,5.033734,8 days 00:00:00,1,1,0,0.0,100.0,39.789457,39.789457,39.789457,0.0,36 days 00:00:00,0 days 00:00:00,inf,39509.899978,1.62441,3.414693,4.015187,1.139961
ATAM,Success,0.0022085999999035266,0.00016139999934239313,0.00039479999941249844,2.6199999410891905e-05,0.004261500000211527,2023-05-10 09:15:00,2025-06-26 09:15:00,778 days 00:00:00,100000.0,88333.602653,-11.666397,-51.482236,100.0,88.246545,21.682862,380 days 00:00:00,1,1,0,0.0,0.0,-11.510082,-11.510082,0.0,-11.510082,0 days 00:00:00,45 days 00:00:00,0.0,-11666.397347,-0.609981,-0.263672,0.667185,-0.301172
ATGL,Success,0.0036465000002863235,0.00017489999936515233,0.00045090000003256137,2.789999962260481e-05,0.005797800000436837,2018-11-05 09:15:00,2025-06-26 09:15:00,2425 days 00:00:00,100000.0,86688.390728,-13.311609,753.902134,100.0,499.858658,28.839097,1465 days 00:00:00,5,5,0,0.0,20.0,33.628155,-11.519069,33.628155,-10.111448,13 days 00:00:00,31 days 12:00:00,0.694933,-2662.321854,-0.083963,-0.075012,0.937173,-0.024566
ATL,Success,0.0023327999997491133,0.0001494999996793922,0.0004650999999284977,3.6100000215810724e-05,0.004126900000301248,2023-08-10 09:15:00,2025-06-26 09:15:00,686 days 00:00:00,100000.0,100000.0,0.0,-36.68496,100.0,0.0,0.0,,0,0,0,0.0,,,,,,,,,,,,,
ATLANTAA,Success,0.008304299999508657,0.00027880000016011763,0.0005799999998998828,4.309999985707691e-05,0.011263700000199606,2006-09-25 09:15:00,2025-06-26 09:15:00,6849 days 00:00:00,100000.0,81503.645232,-18.496355,-7.046282,100.0,1057.470674,60.895025,3433 days 00:00:00,12,12,0,0.0,25.0,53.700835,-18.040402,44.360636,-13.199475,53 days 00:00:00,10 days 10:40:00,0.837635,-1541.362897,-0.026844,-0.018171,0.974708,-0.00965
ATLASCYCLE,Success,0.008590800000092713,0.0002395999999862397,0.000496299999213079,5.130000045028282e-05,0.011413299999730953,1999-01-01 09:15:00,2025-06-26 09:15:00,9673 days 00:00:00,100000.0,380487.20553,280.487206,974.583333,100.0,4450.538904,30.954427,3090 days 00:00:00,13,13,0,0.0,53.846154,49.129586,-14.227802,33.705827,-10.207364,62 days 06:51:25,37 days 16:00:00,2.043624,21575.938887,0.535532,0.216386,1.41721,0.348074
ATUL,Success,0.008767199999965669,0.0002230000000054133,0.00047030000041559106,4.040000021632295e-05,0.01139670000065962,2005-03-10 09:15:00,2025-06-26 09:15:00,7413 days 00:00:00,100000.0,106490.256345,6.490256,8334.081944,100.0,1465.78739,48.614013,5392 days 00:00:00,17,17,0,0.0,35.294118,28.429467,-14.610727,21.55765,-9.181272,118 days 04:00:00,41 days 13:05:27,1.072825,381.779785,0.084182,0.006509,1.03784,0.051233
ATULAUTO,Success,0.007000200000220502,0.0002310999998371699,0.0004968999992343015,4.639999951905338e-05,0.009548999999424268,2013-06-26 09:15:00,2025-06-26 09:15:00,4383 days 00:00:00,100000.0,73694.728753,-26.305271,375.385899,100.0,538.972383,40.647193,4152 days 00:00:00,7,7,0,0.0,14.285714,29.322084,-11.088483,29.322084,-8.735661,31 days 00:00:00,38 days 04:00:00,0.413065,-3757.895892,-0.211477,-0.062982,0.847269,-0.095487
AUBANK,Success,0.0040413999995507766,0.0002691999998205574,0.0004810999998881016,3.440000000409782e-05,0.006322999999611056,2017-07-10 09:15:00,2025-06-26 09:15:00,2908 days 00:00:00,100000.0,49713.791485,-50.286209,205.430834,100.0,526.602496,50.286209,2908 days 00:00:00,8,8,0,0.0,0.0,-5.158755,-13.281767,0.0,-8.178743,0 days 00:00:00,26 days 15:00:00,0.0,-6285.776064,-0.80285,-0.169739,0.602995,-0.308831
AURIONPRO,Success,0.008243299999776355,0.00022959999932936626,0.0004832999993595877,3.479999941191636e-05,0.010843000000022585,2005-10-25 09:15:00,2025-06-26 09:15:00,7184 days 00:00:00,100000.0,39332.935143,-60.667065,3011.924962,100.0,988.737841,66.084615,3881 days 00:00:00,16,16,0,0.0,18.75,44.659647,-21.5452,37.439902,-13.214471,49 days 16:00:00,49 days 22:09:13,0.501705,-3791.691554,-0.220313,-0.077208,0.89608,-0.12729
AUROPHARMA,Success,0.00975910000033764,0.0002506000000721542,0.00046769999971729703,4.199999966658652e-05,0.012428199999703793,1999-01-01 09:15:00,2025-06-26 09:15:00,9673 days 00:00:00,100000.0,181517.502011,81.517502,24054.839125,100.0,3599.721199,47.104281,7821 days 00:00:00,20,20,0,0.0,35.0,43.860998,-14.136461,30.160904,-8.702906,42 days 17:08:34,43 days 03:41:32,1.359588,4075.875101,0.258197,0.049318,1.159237,0.139575
AURUM,Success,0.006676399999378191,0.00018449999970471254,0.0005375000000640284,3.670000023703324e-05,0.009043699999892851,2015-08-19 09:15:00,2025-06-26 09:15:00,3599 days 00:00:00,100000.0,73520.129605,-26.47987,-19.319141,100.0,373.386452,39.603677,3438 days 00:00:00,5,5,0,0.0,20.0,24.293777,-16.939252,24.293777,-12.060249,15 days 00:00:00,16 days 06:00:00,0.369637,-5295.974079,-0.358021,-0.079022,0.670188,-0.105976
AUSOMENT,Success,0.0069488999997702194,0.00021100000049045775,0.00043559999994613463,3.639999977167463e-05,0.009306299999479961,2010-02-23 09:15:00,2025-06-26 09:15:00,5602 days 00:00:00,100000.0,66980.319776,-33.01968,508.300802,100.0,321.00573,63.952711,3528 days 00:00:00,5,5,0,0.0,20.0,48.737494,-25.208342,48.737494,-17.633281,126 days 00:00:00,105 days 06:00:00,0.397961,-6603.936045,-0.02394,-0.052365,0.988088,-0.013822
AUTOAXLES,Success,0.009528500000669737,0.0003172000006088638,0.0006491000003734371,4.2800000301213004e-05,0.012564600000587234,1995-03-23 09:15:00,2025-06-26 09:15:00,11053 days 00:00:00,100000.0,108959.964368,8.959964,4243.095238,100.0,1465.171516,44.023474,8829 days 00:00:00,13,13,0,0.0,30.769231,38.53749,-13.802141,32.14733,-10.520384,93 days 06:00:00,56 days 16:00:00,1.079155,689.228028,0.092268,0.007364,1.058384,0.045984
AUTOIND,Success,0.008240999999543419,0.0002248999999210355,0.00047710000035294797,4.059999992023222e-05,0.010862000000088301,2007-01-31 09:15:00,2025-06-26 09:15:00,6721 days 00:00:00,100000.0,129506.374386,29.506374,-68.563094,100.0,1060.008591,45.061952,4952 days 00:00:00,11,10,1,-4189.277927,40.0,44.624521,-23.808206,36.026376,-13.93939,73 days 12:00:00,13 days 16:00:00,1.366338,3369.565231,0.171203,0.032948,1.129169,0.074857
AVADHSUGAR,Success,0.004443900000296708,0.00021839999953954248,0.0004983000007996452,4.689999968832126e-05,0.006857399999717018,2017-07-28 09:15:00,2025-06-26 09:15:00,2890 days 00:00:00,100000.0,160109.235896,60.109236,129.68093,100.0,877.652407,22.004919,1621 days 00:00:00,6,6,0,0.0,50.0,44.003464,-13.760474,35.377685,-12.926388,64 days 08:00:00,15 days 08:00:00,2.012256,10018.205983,0.452652,0.283507,1.321803,0.251091
AVALON,Success,0.0024142000002029818,0.00015379999967990443,0.0004152999999860185,2.8200000087963417e-05,0.004464700000426092,2023-04-18 09:15:00,2025-06-26 09:15:00,800 days 00:00:00,100000.0,87525.974229,-12.474026,108.065327,100.0,87.224724,12.474026,800 days 00:00:00,1,1,0,0.0,0.0,-12.347543,-12.347543,0.0,-12.347543,0 days 00:00:00,1 days 00:00:00,0.0,-12474.025771,-0.958131,-0.478116,0.0,-0.554725
AVANTEL,Success,0.0018478000001778128,0.00013499999931809725,0.0003796999999394757,2.3100000362319406e-05,0.0032311000004483503,2024-07-31 09:15:00,2025-06-26 09:15:00,330 days 00:00:00,100000.0,100000.0,0.0,-18.888785,100.0,0.0,0.0,,0,0,0,0.0,,,,,,,,,,,,,
AVANTIFEED,Success,0.006772699999601173,0.000187799999366689,0.00047139999969658675,3.609999930631602e-05,0.009355700000014622,2010-01-11 09:15:00,2025-06-26 09:15:00,5645 days 00:00:00,100000.0,135884.292549,35.884293,41525.755911,100.0,1535.012642,39.062822,3531 days 00:00:00,11,11,0,0.0,36.363636,39.086693,-12.438091,30.828166,-10.057354,79 days 18:00:00,77 days 03:25:42,1.340555,3262.208414,0.235894,0.069886,1.119093,0.202249
AVG,Success,0.003001099999892176,0.0001564999993206584,0.0004951000000801287,3.3400000575056765e-05,0.005234999999629508,2018-04-25 09:15:00,2025-06-26 09:15:00,2619 days 00:00:00,100000.0,72781.328161,-27.218672,110.00356,100.0,456.730846,49.651618,2184 days 00:00:00,6,6,0,0.0,16.666667,29.858636,-12.777879,29.858636,-10.704098,92 days 00:00:00,17 days 19:12:00,0.40847,-4536.445306,-0.284553,-0.13522,0.836863,-0.120035
AVL,Success,0.0018140000001949375,0.0001385000005029724,0.0005094999996799743,3.300000025774352e-05,0.0034723999997368082,2024-11-06 09:15:00,2025-06-26 09:15:00,232 days 00:00:00,100000.0,100000.0,0.0,-12.16018,100.0,0.0,0.0,,0,0,0,0.0,,,,,,,,,,,,,
AVONMORE,Success,0.002352700000301411,0.0001495000005888869,0.0004498999996940256,2.479999966453761e-05,0.004528800000116462,2023-01-04 09:15:00,2025-06-26 09:15:00,904 days 00:00:00,100000.0,135292.347671,35.292348,167.59359,100.0,456.791058,17.442777,248 days 00:00:00,4,4,0,0.0,50.0,38.556464,-12.617334,29.124852,-9.254561,30 days 00:00:00,47 days 12:00:00,2.753842,8823.086918,0.780041,0.757226,1.351625,0.553032
AVROIND,Success,0.0024716000007174443,0.00015080000048328657,0.000430199999755132,2.5999999706982635e-05,0.004521200000453973,2019-11-21 09:15:00,2025-06-26 09:15:00,2044 days 00:00:00,100000.0,92602.008953,-7.397991,1123.923531,100.0,399.045878,22.224563,133 days 00:00:00,4,4,0,0.0,25.0,35.00023,-13.85636,35.00023,-11.548468,70 days 00:00:00,26 days 08:00:00,0.801177,-1849.497762,-0.07639,-0.089227,0.962728,-0.040311
AVTNPL,Success,0.008438799999566982,0.0002316999998583924,0.0005117000000609551,4.0300000364368316e-05,0.011189599999852362,2007-01-10 09:15:00,2025-06-26 09:15:00,6742 days 00:00:00,100000.0,165076.809132,65.076809,883.498904,100.0,1187.539758,56.251663,4643 days 00:00:00,10,10,0,0.0,40.0,50.725928,-14.616902,39.16141,-12.325692,110 days 06:00:00,44 days 08:00:00,1.745168,6507.680913,0.260682,0.050561,1.149894,0.141796
AWFIS,Success,0.0020635000000766013,0.00014279999959398992,0.0004230999993524165,2.609999955893727e-05,0.004181199999948149,2024-05-30 09:15:00,2025-06-26 09:15:00,392 days 00:00:00,100000.0,89266.501697,-10.733498,54.463545,100.0,88.87913,21.142144,197 days 00:00:00,1,1,0,0.0,0.0,-10.606252,-10.606252,0.0,-10.606252,0 days 00:00:00,67 days 00:00:00,0.0,-10733.498303,-0.488309,-0.478964,0.823782,-0.375011
AWHCL,Success,0.0026554999994914397,0.00015470000016648555,0.0004206000003250665,2.700000004551839e-05,0.004896599999483442,2021-01-01 09:15:00,2025-06-26 09:15:00,1637 days 00:00:00,100000.0,100978.466409,0.978466,63.029332,100.0,271.601564,27.807119,1353 days 00:00:00,3,3,0,0.0,33.333333,23.927075,-10.719624,23.927075,-9.43263,29 days 00:00:00,52 days 00:00:00,1.05346,326.15547,0.083032,0.007944,1.053485,0.035837
AWL,Success,0.002394299999650684,0.00015450000046257628,0.00040389999958279077,3.1399999897985253e-05,0.0038988999995126505,2022-02-08 09:15:00,2025-06-26 09:15:00,1234 days 00:00:00,100000.0,100000.0,0.0,-3.970177,100.0,0.0,0.0,,0,0,0,0.0,,,,,,,,,,,,,
AXISBANK,Success,0.008625800000118033,0.00022119999994174577,0.000476899999739544,3.840000044874614e-05,0.011172399999850313,2006-11-02 09:15:00,2025-06-26 09:15:00,6811 days 00:00:00,100000.0,147484.657324,47.484657,1283.623107,100.0,2399.480355,35.420574,3731 days 00:00:00,18,18,0,0.0,38.888889,26.066831,-17.017218,19.641431,-7.154747,88 days 06:51:25,32 days 17:27:16,1.446468,2638.036518,0.253406,0.060619,1.117345,0.139548
AXISCADES,Success,0.0090901000003214,0.00024300000040966552,0.0005286000005071401,4.11000000895001e-05,0.011783699999796227,2001-01-08 09:15:00,2025-06-26 09:15:00,8935 days 00:00:00,100000.0,55009.899938,-44.9901,1788.472222,100.0,613.454343,69.52998,8574 days 00:00:00,12,12,0,0.0,25.0,42.054268,-23.084985,37.543612,-15.553896,41 days 08:00:00,28 days 16:00:00,0.489828,-3749.175005,-0.161016,-0.037343,0.891763,-0.065908
AXITA,Success,0.0024602000003142166,0.00021969999943394214,0.00046099999963189475,3.199999991920777e-05,0.004748500000459899,2022-06-21 09:15:00,2025-06-26 09:15:00,1101 days 00:00:00,100000.0,147385.150753,47.385151,-12.257901,100.0,147.531444,7.023623,17 days 00:00:00,1,1,0,0.0,100.0,47.680804,47.680804,47.680804,0.0,55 days 00:00:00,0 days 00:00:00,inf,47385.150753,1.526448,1.984723,3.609146,0.473967
AYMSYNTEX,Success,0.004514199999903212,0.0001937000006364542,0.000667500000417931,4.200000057608122e-05,0.007014299999354989,2015-08-14 09:15:00,2025-06-26 09:15:00,3604 days 00:00:00,100000.0,139268.193167,39.268193,86.843557,100.0,681.521339,27.972774,1190 days 00:00:00,5,5,0,0.0,40.0,49.780545,-14.672113,47.802219,-13.645336,102 days 12:00:00,19 days 08:00:00,1.657641,7853.638633,0.300448,0.124358,1.202025,0.160784
AZAD,Success,0.002096500000334345,0.00014340000052470714,0.00038190000032045646,2.3499999770137947e-05,0.00396180000007007,2023-12-28 09:15:00,2025-06-26 09:15:00,546 days 00:00:00,100000.0,91023.705077,-8.976295,134.199262,100.0,91.082975,10.088423,318 days 00:00:00,1,1,0,0.0,0.0,-8.796928,-8.796928,0.0,-8.796928,0 days 00:00:00,35 days 00:00:00,0.0,-8976.294923,-0.704194,-0.611833,0.612711,-0.419851
BAFNAPH,Success,0.0027129000000059023,0.0001542999998491723,0.00044580000030691735,2.8700000257231295e-05,0.00485469999966881,2020-03-02 09:15:00,2025-06-26 09:15:00,1942 days 00:00:00,100000.0,87399.535675,-12.600464,1600.869565,100.0,87.413704,33.30219,1438 days 00:00:00,1,1,0,0.0,0.0,-12.434745,-12.434745,0.0,-12.434745,0 days 00:00:00,205 days 00:00:00,0.0,-12600.464325,-0.133423,-0.087102,0.933347,-0.091392
BAGFILMS,Success,0.008391399999709392,0.00021999999989930075,0.00045540000064647757,3.80000001314329e-05,0.011087899999438378,2003-10-17 09:15:00,2025-06-26 09:15:00,7923 days 00:00:00,100000.0,98156.327993,-1.843672,-40.321285,100.0,1482.016106,57.839477,4552 days 00:00:00,12,12,0,0.0,33.333333,45.712389,-17.671367,38.324681,-14.841932,85 days 12:00:00,29 days 06:00:00,0.988522,-153.639334,0.079143,-0.00156,1.053091,0.045321
BAIDFIN,Success,0.0022906000003786176,0.00015129999974305974,0.0006905999998707557,4.549999994196696e-05,0.0048584000005575945,2023-01-20 09:15:00,2025-06-26 09:15:00,888 days 00:00:00,100000.0,100000.0,0.0,-61.190476,100.0,0.0,0.0,,0,0,0,0.0,,,,,,,,,,,,,
BAJAJCON,Success,0.007654600000023493,0.000403099999857659,0.00048349999997299165,3.930000002583256e-05,0.010203900000306021,2010-08-18 09:15:00,2025-06-26 09:15:00,5426 days 00:00:00,100000.0,62912.041886,-37.087958,36.810544,100.0,454.459719,37.087958,5426 days 00:00:00,6,6,0,0.0,0.0,-5.777388,-9.48768,0.0,-7.251499,0 days 00:00:00,48 days 04:00:00,0.0,-6181.326352,-0.393587,-0.084314,0.753213,-0.135948
BAJAJELEC,Success,0.008372700000109035,0.0002310999998371699,0.0004920999999740161,3.49000001733657e-05,0.01083329999983107,2007-11-02 09:15:00,2025-06-26 09:15:00,6446 days 00:00:00,100000.0,35811.78403,-64.188216,1026.979013,100.0,560.071038,69.037499,6351 days 00:00:00,10,10,0,0.0,0.0,-7.342964,-17.837286,0.0,-9.560858,0 days 00:00:00,36 days 16:48:00,0.0,-6418.821597,-0.604626,-0.083507,0.643247,-0.202657
BAJAJFINSV,Success,0.008614100000158942,0.00022429999989981297,0.0004574999993565143,3.930000002583256e-05,0.011510400000588561,2008-05-26 09:15:00,2025-06-26 09:15:00,6240 days 00:00:00,100000.0,242943.295406,142.943295,4005.215788,100.0,4494.881837,37.584323,3494 days 00:00:00,19,19,0,0.0,42.105263,35.900769,-10.677298,24.525466,-7.169985,70 days 09:00:00,50 days 00:00:00,1.703889,7523.331337,0.46844,0.144805,1.219183,0.320245
BAJAJHCARE,Success,0.0026507000002311543,0.0003544999999576248,0.0005786000001535285,3.370000013092067e-05,0.005064799999672687,2021-11-25 09:15:00,2025-06-26 09:15:00,1309 days 00:00:00,100000.0,114909.070926,14.909071,44.248515,100.0,245.867168,15.080016,605 days 00:00:00,2,2,0,0.0,50.0,31.41332,-12.208472,31.41332,-12.208472,24 days 00:00:00,82 days 00:00:00,1.920158,7454.535463,0.342182,0.265832,1.312131,0.264962
BAJAJHFL,Success,0.0019099999999525608,0.00015330000042013125,0.0003858999998556101,2.479999966453761e-05,0.0033358999999109074,2024-09-16 09:15:00,2025-06-26 09:15:00,283 days 00:00:00,100000.0,100000.0,0.0,-26.115152,100.0,0.0,0.0,,0,0,0,0.0,,,,,,,,,,,,,
BAJAJHIND,Success,0.009971399999813002,0.00027520000003278255,0.0005679000005329726,4.369999987829942e-05,0.012767200000780576,1995-05-22 09:15:00,2025-06-26 09:15:00,10993 days 00:00:00,100000.0,23574.134084,-76.425866,114.455813,100.0,1132.542198,85.065823,9803 days 00:00:00,22,22,0,0.0,18.181818,35.036695,-22.621734,28.132142,-12.373462,31 days 00:00:00,57 days 17:20:00,0.408742,-3473.902996,-0.236525,-0.06127,0.884542,-0.127568
BAJAJHLDNG,Success,0.008007699999325268,0.00021110000034241239,0.00046910000037314603,3.699999979289714e-05,0.01043290000052366,2008-03-14 09:15:00,2025-06-26 09:15:00,6313 days 00:00:00,100000.0,316045.943072,216.045943,1681.974736,100.0,2380.473592,33.778379,4905 days 00:00:00,13,13,0,0.0,53.846154,45.49275,-8.070522,25.218386,-5.904719,86 days 20:34:17,16 days 04:00:00,4.53899,16618.918698,0.647483,0.208235,1.420163,0.347744
BAJAJINDEF,Success,0.0018976999999722466,0.00014279999959398992,0.0004229000005580019,2.4500000108673703e-05,0.003567300000213436,2025-02-21 09:15:00,2025-06-26 09:15:00,125 days 00:00:00,100000.0,100000.0,0.0,56.692264,100.0,0.0,0.0,,0,0,0,0.0,,,,,,,,,,,,,
BAJAJ_AUTO,Success,0.00784380000004603,0.00020510000013018725,0.0004942999994455022,3.679999917949317e-05,0.010538699999415257,2008-05-26 09:15:00,2025-06-26 09:15:00,6240 days 00:00:00,100000.0,127489.450064,27.48945,2688.921042,100.0,1187.304516,21.322523,3878 days 00:00:00,11,11,0,0.0,36.363636,19.29268,-6.724256,16.802084,-4.925366,132 days 06:00:00,37 days 13:42:51,1.70454,2499.040915,0.226475,0.068479,1.113526,0.118712
BAJEL,Success,0.002047399999355548,0.00014229999942472205,0.00047029999950609636,2.8599999495781958e-05,0.0040466999998898245,2023-12-19 09:15:00,2025-06-26 09:15:00,555 days 00:00:00,100000.0,124799.248512,24.799249,23.742105,100.0,264.848904,17.345418,331 days 00:00:00,2,2,0,0.0,50.0,40.159105,-10.592509,40.159105,-10.592509,38 days 00:00:00,56 days 00:00:00,2.646543,12399.624256,0.822169,0.917559,1.410215,0.970427
BAJFINANCE,Success,0.010385399999904621,0.00031550000039715087,0.0005713000000469037,4.389999958220869e-05,0.01331430000027467,1995-02-09 09:15:00,2025-06-26 09:15:00,11095 days 00:00:00,100000.0,145951.543073,45.951543,67670.655271,100.0,4070.354383,53.443778,5065 days 00:00:00,27,27,0,0.0,37.037037,32.719037,-23.733333,21.233502,-8.222415,45 days 04:48:00,25 days 02:49:24,1.204886,1701.909003,0.16907,0.02392,1.113799,0.066749
BALAJEE,Success,0.0020476999998209067,0.0001449999999749707,0.0004927999998471932,3.1099999432626646e-05,0.003673299999718438,2024-09-12 09:15:00,2025-06-26 09:15:00,287 days 00:00:00,100000.0,100000.0,0.0,-50.645503,100.0,0.0,0.0,,0,0,0,0.0,,,,,,,,,,,,,
BALAJITELE,Success,0.009113299999626179,0.00023909999981697183,0.0004946999997628154,3.770000057556899e-05,0.01199079999969399,2000-11-22 09:15:00,2025-06-26 09:15:00,8982 days 00:00:00,100000.0,364051.348927,264.051349,189.808917,100.0,3895.961397,38.061185,2859 days 00:00:00,14,14,0,0.0,50.0,49.882649,-14.309621,36.597233,-11.392081,57 days 20:34:17,49 days 10:17:08,2.002086,18860.810638,0.498088,0.144764,1.34462,0.294054
BALAMINES,Success,0.008794000000307278,0.00023289999990083743,0.0004917000005661976,3.699999979289714e-05,0.011366400000042631,2007-04-05 09:15:00,2025-06-26 09:15:00,6657 days 00:00:00,100000.0,100688.284815,0.688285,6023.504143,100.0,1268.171499,45.003162,652 days 00:00:00,13,13,0,0.0,30.769231,55.494675,-26.78274,41.853513,-13.787859,87 days 00:00:00,36 days 08:00:00,1.005322,52.944986,0.091394,0.000859,1.051086,0.056361
BALAXI,Success,0.004191699999864795,0.0001806999998734682,0.0004121000001759967,3.259999994043028e-05,0.006344500000523112,2015-12-01 09:15:00,2025-06-26 09:15:00,3495 days 00:00:00,100000.0,62865.891229,-37.134109,1730.769231,100.0,688.246546,76.006915,2205 days 00:00:00,9,9,0,0.0,22.222222,44.409362,-22.904927,38.409112,-14.376726,46 days 12:00:00,19 days 03:25:42,0.580471,-4126.012086,-0.320781,-0.080907,0.833249,-0.157434
BALKRISHNA,Success,0.006390199999259494,0.00018170000021200394,0.0004569000002447865,3.239999932702631e-05,0.00850310000078025,2015-07-28 09:15:00,2025-06-26 09:15:00,3621 days 00:00:00,100000.0,74611.42873,-25.388571,-64.865384,100.0,160.803711,25.388571,3621 days 00:00:00,2,2,0,0.0,0.0,-13.138773,-13.763541,0.0,-13.451157,0 days 00:00:00,12 days 12:00:00,0.0,-12694.285635,-0.541757,-0.118071,0.350471,-0.071843
BALKRISIND,Success,0.00918790000014269,0.00022160000025905902,0.0005109000003358233,4.0300000364368316e-05,0.011808799999926123,2006-01-27 09:15:00,2025-06-26 09:15:00,7090 days 00:00:00,100000.0,97241.24102,-2.758759,2006.662049,100.0,1973.551417,38.043436,3184 days 00:00:00,20,20,0,0.0,30.0,45.271302,-16.328265,24.213515,-8.599447,51 days 20:00:00,45 days 01:42:51,0.978369,-137.937949,0.057554,-0.003872,1.028269,0.029786
BALMLAWRIE,Success,0.009667700000136392,0.0002570999995441525,0.000649399999929301,4.350000017439015e-05,0.012686999999459658,1999-01-01 09:15:00,2025-06-26 09:15:00,9673 days 00:00:00,100000.0,44035.384921,-55.964615,6494.365459,100.0,1112.578241,58.673889,8339 days 00:00:00,18,17,1,833.371427,11.764706,35.007345,-13.596802,29.578816,-8.408825,30 days 00:00:00,38 days 06:24:00,0.396524,-3341.05803,-0.325455,-0.053683,0.796748,-0.131559
BALPHARMA,Success,0.00822729999981675,0.00021260000085021602,0.0004643000002033659,3.550000019458821e-05,0.010899000000790693,2006-05-08 09:15:00,2025-06-26 09:15:00,6989 days 00:00:00,100000.0,220645.781232,120.645781,65.766368,100.0,1943.890505,41.351187,1158 days 00:00:00,12,12,0,0.0,50.0,52.056787,-16.304402,32.384252,-13.164862,55 days 00:00:00,44 days 16:00:00,1.914106,10053.815103,0.32995,0.109212,1.233971,0.205908
BALRAMCHIN,Success,0.00963439999941329,0.0002967000000353437,0.0005060999992565485,4.1399999645364005e-05,0.012532199999441218,1999-01-01 09:15:00,2025-06-26 09:15:00,9673 days 00:00:00,100000.0,113012.587808,13.012588,5218.284424,100.0,2039.709906,66.8426,7750 days 00:00:00,18,18,0,0.0,27.777778,45.792802,-14.265066,32.970617,-9.171902,75 days 09:36:00,24 days 09:13:50,1.085782,722.921545,0.098111,0.007066,1.064863,0.041837
BALUFORGE,Success,0.002082699999846227,0.00015010000061010942,0.0004216999996060622,2.89999998130952e-05,0.004285900000468246,2024-04-29 09:15:00,2025-06-26 09:15:00,423 days 00:00:00,100000.0,85689.85962,-14.31014,139.056261,100.0,85.604824,24.184295,198 days 00:00:00,1,1,0,0.0,0.0,-14.163099,-14.163099,0.0,-14.163099,0 days 00:00:00,76 days 00:00:00,0.0,-14310.14038,-0.551776,-0.51928,0.800313,-0.353314
BANARBEADS,Success,0.006892600000355742,0.0001985000008062343,0.0005216999998083338,3.620000006776536e-05,0.009244699999726436,1999-01-13 09:15:00,2025-06-26 09:15:00,9661 days 00:00:00,100000.0,72350.378851,-27.649621,1958.333333,100.0,560.885529,43.787506,2710 days 00:00:00,6,6,0,0.0,16.666667,51.268974,-16.258693,51.268974,-13.412989,45 days 00:00:00,42 days 00:00:00,0.606635,-4608.270192,-0.157118,-0.058135,0.876928,-0.060931
BANARISUG,Success,0.009363799999846378,0.00029379999978118576,0.0005606999993688078,4.309999985707691e-05,0.012478700000428944,1999-01-01 09:15:00,2025-06-26 09:15:00,9673 days 00:00:00,100000.0,87814.51476,-12.185485,8776.136364,100.0,1374.309636,46.162336,7006 days 00:00:00,18,17,1,-2030.238976,23.529412,39.592335,-13.06828,32.798426,-8.889929,49 days 18:00:00,40 days 01:50:46,0.898638,-597.367427,0.014428,-0.011222,1.010105,0.006216
BANCOINDIA,Success,0.008213500000238128,0.0002173000002585468,0.00044939999952475773,3.9599999581696466e-05,0.010880699999688659,2006-12-22 09:15:00,2025-06-26 09:15:00,6761 days 00:00:00,100000.0,388300.159397,288.300159,3865.25539,100.0,2937.75127,39.301568,4335 days 00:00:00,18,18,0,0.0,50.0,50.371899,-24.088893,32.5723,-11.667206,52 days 19:38:20,44 days 16:00:00,2.959672,16016.675522,0.512935,0.19809,1.305306,0.372668
BANDHANBNK,Success,0.004439800000000105,0.0002505000002201996,0.000483400000121037,3.500000002532033e-05,0.006802300000344985,2018-03-27 09:15:00,2025-06-26 09:15:00,2648 days 00:00:00,100000.0,60163.919684,-39.83608,-61.191151,100.0,368.228071,39.83608,2648 days 00:00:00,5,5,0,0.0,0.0,-8.244853,-11.616951,0.0,-9.503846,0 days 00:00:00,23 days 00:00:00,0.0,-7967.216063,-0.734237,-0.172733,0.556399,-0.204973
BANG,Success,0.007571900000584719,0.0002943999998024083,0.0006307000003289431,3.530000049067894e-05,0.010237800000140851,2008-02-20 09:15:00,2025-06-26 09:15:00,6336 days 00:00:00,100000.0,69865.421083,-30.134579,-67.9552,100.0,477.628806,49.464194,6121 days 00:00:00,6,6,0,0.0,16.666667,49.590511,-18.301582,49.590511,-13.891166,138 days 00:00:00,45 days 09:35:59,0.517672,-5022.42982,-0.098957,-0.045968,0.918487,-0.032773
BANKA,Success,0.0027663000000757165,0.00016479999976581894,0.0004515999999057385,3.110000034212135e-05,0.004831199999898672,2020-10-29 09:15:00,2025-06-26 09:15:00,1701 days 00:00:00,100000.0,92573.755857,-7.426244,106.129496,100.0,92.646864,7.426244,1701 days 00:00:00,1,1,0,0.0,0.0,-7.242365,-7.242365,0.0,-7.242365,0 days 00:00:00,6 days 00:00:00,0.0,-7426.244143,-0.961298,-0.224617,0.0,-0.126972
BANKBARODA,Success,0.009734499999467516,0.00024169999960577115,0.0004726999995909864,3.980000019510044e-05,0.012945899999976973,1999-01-01 09:15:00,2025-06-26 09:15:00,9673 days 00:00:00,100000.0,200786.229801,100.78623,2272.051489,100.0,4196.003629,49.844759,3214 days 00:00:00,28,27,1,10380.116193,33.333333,49.878455,-17.432858,29.989971,-8.667956,86 days 08:00:00,21 days 18:40:00,1.361042,3348.374578,0.254534,0.054591,1.13593,0.130734
BANKINDIA,Success,0.009530199999971956,0.0002437999992253026,0.00045529999988502823,4.1399999645364005e-05,0.012544199999865668,1999-01-01 09:15:00,2025-06-26 09:15:00,9673 days 00:00:00,100000.0,31181.074656,-68.818925,419.777778,100.0,1398.73715,72.511614,7205 days 00:00:00,21,20,1,124.324078,15.0,46.101243,-15.245006,30.602008,-10.659256,71 days 08:00:00,37 days 07:03:31,0.488008,-3447.162471,-0.258948,-0.060529,0.861044,-0.113853
BANKNIFTY,Success,0.009619100000236358,0.00024090000079013407,0.0005860999999640626,4.400000034365803e-05,0.012419800000316172,2000-01-03 09:15:00,2025-06-26 09:15:00,9306 days 00:00:00,100000.0,147172.396609,47.172397,5323.412233,100.0,3653.966795,25.261234,1682 days 00:00:00,31,31,0,0.0,38.709677,23.973273,-9.910512,11.112058,-4.055617,57 days 22:00:00,20 days 12:37:53,1.492624,1521.690213,0.243571,0.061479,1.12646,0.134291
BANSALWIRE,Success,0.002078599999549624,0.00016460000006190967,0.00041760000021895394,2.6500000785745215e-05,0.004186499999377702,2024-07-10 09:15:00,2025-06-26 09:15:00,351 days 00:00:00,100000.0,90292.877424,-9.707123,10.104178,100.0,90.122179,26.76966,202 days 00:00:00,1,1,0,0.0,0.0,-9.551791,-9.551791,0.0,-9.551791,0 days 00:00:00,91 days 00:00:00,0.0,-9707.122576,-0.47564,-0.379794,0.854985,-0.331401
BANSWRAS,Success,0.007859000000280503,0.0002351000002818182,0.0004653000005419017,3.569999989849748e-05,0.010462299999744573,2007-04-11 09:15:00,2025-06-26 09:15:00,6651 days 00:00:00,100000.0,63977.183588,-36.022816,312.288118,100.0,291.633205,52.819654,5172 days 00:00:00,5,4,1,3312.875148,0.0,-8.544006,-13.299172,0.0,-11.557906,0 days 00:00:00,133 days 00:00:00,0.0,-9833.92289,-0.192121,-0.048723,0.891823,-0.082295
BARBEQUE,Success,0.00286469999991823,0.000158200000441866,0.00044750000051863026,2.9599999834317714e-05,0.00501319999966654,2021-04-07 09:15:00,2025-06-26 09:15:00,1541 days 00:00:00,100000.0,91762.944586,-8.237055,-45.040829,100.0,91.734138,13.047396,1022 days 00:00:00,1,1,0,0.0,0.0,-8.063307,-8.063307,0.0,-8.063307,0 days 00:00:00,25 days 00:00:00,0.0,-8237.055414,-0.515895,-0.156798,0.496981,-0.091984
BASF,Success,0.009709699999802979,0.0002853999994840706,0.00048270000024785986,4.150000040681334e-05,0.012527800000498246,1999-01-01 09:15:00,2025-06-26 09:15:00,9673 days 00:00:00,100000.0,166930.249389,66.930249,3289.864865,100.0,2473.800327,38.358693,6744 days 00:00:00,18,18,0,0.0,33.333333,31.421828,-12.475832,27.907272,-7.396661,99 days 12:00:00,25 days 06:00:00,1.524271,3718.347188,0.239334,0.051976,1.154959,0.129351
BASML,Success,0.008497300000271935,0.0002248999999210355,0.0005026999997426174,3.820000074483687e-05,0.011040600000342238,2005-11-14 09:15:00,2025-06-26 09:15:00,7164 days 00:00:00,100000.0,270929.416584,170.929417,-14.523145,100.0,1575.125384,30.879829,234 days 00:00:00,7,7,0,0.0,57.142857,48.238017,-13.087548,41.265973,-11.56166,185 days 12:00:00,22 days 08:00:00,2.873185,24418.488083,0.422671,0.175729,1.237529,0.240528
BATAINDIA,Success,0.009811599999920873,0.00025009999990288634,0.0004915999998047482,4.189999981463188e-05,0.012443800000255578,1999-01-01 09:15:00,2025-06-26 09:15:00,9673 days 00:00:00,100000.0,63667.488728,-36.332511,1274.644199,100.0,1797.223103,56.655066,7288 days 00:00:00,21,21,0,0.0,23.809524,35.135165,-22.826832,23.19812,-8.528106,31 days 09:35:59,40 days 06:00:00,0.735077,-1730.119584,-0.095517,-0.030428,0.937566,-0.043704
BAYERCROP,Success,0.007875199999944016,0.00021460000061779283,0.0007102999998096493,3.980000019510044e-05,0.01053669999964768,2010-01-08 09:15:00,2025-06-26 09:15:00,5648 days 00:00:00,100000.0,88223.557228,-11.776443,963.512074,100.0,1460.27511,48.25187,5343 days 00:00:00,13,13,0,0.0,23.076923,39.735396,-11.718588,24.557785,-7.178622,44 days 00:00:00,36 days 12:00:00,0.864954,-905.880213,-0.034796,-0.017024,0.979648,-0.018165
BBL,Success,0.0079808000000412,0.0002595000005385373,0.0005055999999967753,4.0099999750964344e-05,0.010469599999851198,2006-11-21 09:15:00,2025-06-26 09:15:00,6792 days 00:00:00,100000.0,195295.699191,95.295699,441.316422,100.0,1377.907737,27.488313,5407 days 00:00:00,9,9,0,0.0,55.555556,32.594525,-14.928979,27.494243,-12.199811,65 days 19:11:59,43 days 00:00:00,2.202266,10588.411021,0.336913,0.135993,1.282701,0.127511
BBOX,Success,0.010451299999658659,0.000309900000502239,0.0004926999999952386,4.460000036488054e-05,0.013287400000081107,1995-01-18 09:15:00,2025-06-26 09:15:00,11117 days 00:00:00,100000.0,50486.806188,-49.513194,5420.555556,100.0,1175.43804,64.247751,9892 days 00:00:00,21,21,0,0.0,23.809524,42.992984,-20.023319,33.018425,-12.031851,44 days 14:24:00,30 days 12:00:00,0.605188,-2357.771134,-0.106688,-0.035684,0.929228,-0.04967
BBTC,Success,0.009744899999532208,0.0002539999995860853,0.0005743000001530163,4.360000002634479e-05,0.012649399999645539,1995-05-15 09:15:00,2025-06-26 09:15:00,11000 days 00:00:00,100000.0,103391.998892,3.391999,3783.866551,100.0,2177.534263,38.010577,3774 days 00:00:00,17,17,0,0.0,29.411765,40.127344,-15.337827,29.933596,-9.778185,19 days 00:00:00,24 days 14:00:00,1.021027,199.529347,0.057431,0.003323,1.055437,0.02401
BBTCL,Success,0.0022594000001845416,0.00014740000005986076,0.0005373000003601192,5.810000038763974e-05,0.004664600000069186,2022-11-23 09:15:00,2025-06-26 09:15:00,946 days 00:00:00,100000.0,121044.341048,21.044341,-31.394419,100.0,121.035317,12.548141,50 days 00:00:00,1,1,0,0.0,100.0,21.314133,21.314133,21.314133,0.0,65 days 00:00:00,0 days 00:00:00,inf,21044.341048,0.59227,0.618398,1.591471,0.458923
BCLIND,Success,0.002605300000141142,0.00021979999928589677,0.0004382999995868886,2.9599999834317714e-05,0.004891000000498025,2021-03-04 09:15:00,2025-06-26 09:15:00,1575 days 00:00:00,100000.0,71381.789561,-28.61821,230.943102,100.0,235.893086,48.071675,1178 days 00:00:00,3,3,0,0.0,0.0,-8.074303,-14.125809,0.0,-10.412422,0 days 00:00:00,77 days 16:00:00,0.0,-9539.40348,-0.381023,-0.158922,0.859171,-0.273048
BCONCEPTS,Success,0.0030179999994288664,0.0002629000000524684,0.0005716000005122623,3.5999999454361387e-05,0.005362900000363879,2018-01-10 09:15:00,2025-06-26 09:15:00,2724 days 00:00:00,100000.0,138425.193323,38.425193,551.388889,100.0,499.586818,25.34115,906 days 00:00:00,4,4,0,0.0,50.0,38.980638,-12.783514,35.245327,-12.617183,15 days 00:00:00,55 days 12:00:00,2.157411,9606.298331,0.576336,0.240331,1.482689,0.24802
BDL,Success,0.004188400000202819,0.00017139999999926658,0.00044829999933426734,3.369999922142597e-05,0.006321899999420566,2018-03-23 09:15:00,2025-06-26 09:15:00,2652 days 00:00:00,100000.0,161165.340694,61.165341,837.557746,100.0,982.569423,24.415318,157 days 00:00:00,6,6,0,0.0,50.0,32.616923,-10.880424,29.989253,-9.399936,49 days 00:00:00,31 days 16:00:00,2.162483,10194.223449,0.542227,0.283341,1.348792,0.253027
BEARDSELL,Success,0.004254100000252947,0.00017389999993611127,0.0004503999998632935,3.370000013092067e-05,0.006394899999577319,2015-12-09 09:15:00,2025-06-26 09:15:00,3487 days 00:00:00,100000.0,95524.827059,-4.475173,89.883323,100.0,344.122256,39.583353,3124 days 00:00:00,3,3,0,0.0,33.333333,33.435438,-16.863029,33.435438,-15.117202,14 days 00:00:00,75 days 12:00:00,0.881101,-1491.724314,0.004193,-0.012554,1.002863,0.002031
BECTORFOOD,Success,0.0029577999994216952,0.00018989999989571515,0.00043029999960708665,3.2300000384566374e-05,0.005207700000028126,2020-12-24 09:15:00,2025-06-26 09:15:00,1645 days 00:00:00,100000.0,173462.637111,73.462637,128.609892,100.0,642.020235,17.501902,204 days 00:00:00,4,4,0,0.0,75.0,29.296777,-9.632032,24.637142,-9.632032,41 days 08:00:00,69 days 00:00:00,4.927406,18365.659278,0.927346,0.755983,1.59914,0.498231
BEDMUTHA,Success,0.007242300000143587,0.000220400000216614,0.0004683999995904742,3.609999930631602e-05,0.00952569999935804,2010-10-14 09:15:00,2025-06-26 09:15:00,5369 days 00:00:00,100000.0,125347.343032,25.347343,-14.021765,100.0,502.048464,58.273165,4447 days 00:00:00,6,6,0,0.0,50.0,38.824277,-22.738161,33.448458,-18.765133,63 days 08:00:00,59 days 16:00:00,1.541337,4224.557172,0.182336,0.027255,1.139628,0.073245
BEL,Success,0.009790799999791489,0.000246099999458238,0.0005014999997001723,4.179999996267725e-05,0.012817599999834783,1999-01-01 09:15:00,2025-06-26 09:15:00,9673 days 00:00:00,100000.0,489864.883525,389.864884,184445.549946,100.0,8790.527221,36.807504,1312 days 00:00:00,30,30,0,0.0,43.333333,55.926776,-17.613063,29.026255,-8.972131,46 days 00:00:00,31 days 08:28:14,1.901595,12995.496118,0.486932,0.171458,1.299679,0.280132
BEML,Success,0.011055300000407442,0.00039459999970858917,0.0005239000001893146,4.3000000005122274e-05,0.013900500000090688,1999-01-01 09:15:00,2025-06-26 09:15:00,9673 days 00:00:00,100000.0,71761.808552,-28.238191,22321.371872,100.0,1269.267725,55.490901,6779 days 00:00:00,18,18,0,0.0,22.222222,43.188895,-18.22767,34.73892,-9.97284,93 days 00:00:00,29 days 05:08:34,0.745562,-1568.788414,-0.046554,-0.022891,0.970615,-0.02112
BEPL,Success,0.010382600000411912,0.0002454999994370155,0.000506899999891175,4.1000000237545464e-05,0.012929299999996147,2005-03-21 09:15:00,2025-06-26 09:15:00,7402 days 00:00:00,100000.0,121486.018552,21.486019,397.404752,100.0,787.93529,42.430863,5918 days 00:00:00,10,9,1,7856.576055,33.333333,41.510626,-13.097703,34.529964,-11.5673,124 days 08:00:00,31 days 16:00:00,1.216739,1514.3825,0.1441,0.02456,1.094257,0.072123
BERGEPAINT,Success,0.010898399999859976,0.00031099999978323467,0.0005545000003621681,4.840000019612489e-05,0.014106900000115274,1995-05-15 09:15:00,2025-06-26 09:15:00,11000 days 00:00:00,100000.0,487836.139626,387.83614,68413.732796,100.0,7688.304977,47.22909,894 days 00:00:00,27,26,1,7206.401315,46.153846,46.036921,-13.300889,26.910993,-8.240098,92 days 08:00:00,39 days 03:25:42,2.193821,14639.60532,0.44438,0.117951,1.237835,0.307117
BESTAGRO,Success,0.0026842000006581657,0.00016090000008261995,0.0004617000004145666,3.100000049016671e-05,0.005112800000460993,2021-02-22 09:15:00,2025-06-26 09:15:00,1585 days 00:00:00,100000.0,124533.568374,24.533568,-33.067206,100.0,123.783307,1.812556,553 days 00:00:00,1,1,0,0.0,100.0,24.999643,24.999643,24.999643,0.0,8 days 00:00:00,0 days 00:00:00,inf,24533.568374,0.619621,3.487609,10.872311,0.688469
BFINVEST,Success,0.00783430000046792,0.00021980000019539148,0.0005489000004672562,6.310000026132911e-05,0.010781800000586372,2011-01-25 09:15:00,2025-06-26 09:15:00,5266 days 00:00:00,100000.0,153736.480237,53.73648,414.764398,100.0,1164.739003,44.901552,3727 days 00:00:00,8,8,0,0.0,37.5,47.417248,-15.487661,40.738816,-10.812675,67 days 08:00:00,86 days 04:48:00,1.630471,6717.06003,0.253151,0.069059,1.140619,0.165281
BFUTILITIE,Success,0.008692399999745248,0.00030169999990903307,0.0005885000000489526,4.9700000090524554e-05,0.011572200000045996,2007-05-03 09:15:00,2025-06-26 09:15:00,6629 days 00:00:00,100000.0,101037.008773,1.037009,-56.219086,100.0,501.481527,55.109123,6237 days 00:00:00,7,7,0,0.0,28.571429,50.423502,-14.732088,41.077215,-12.366638,154 days 12:00:00,70 days 14:23:59,1.021308,148.14411,0.080023,0.001052,1.045737,0.041467
BGRENERGY,Success,0.008236200000283134,0.0002494000000297092,0.0004913000002488843,4.11000000895001e-05,0.010745300000053248,2008-01-03 09:15:00,2025-06-26 09:15:00,6384 days 00:00:00,100000.0,85110.711494,-14.889289,-88.824671,100.0,1216.837485,54.454906,5378 days 00:00:00,9,9,0,0.0,22.222222,53.142104,-15.582538,36.795408,-10.182989,29 days 12:00:00,51 days 06:51:25,0.848744,-1654.36539,-0.034032,-0.017201,0.977244,-0.012815
BHAGCHEM,Success,0.0028120000006310875,0.00016770000001997687,0.0004654000003938563,3.059999926335877e-05,0.0049453000001449254,2021-10-18 09:15:00,2025-06-26 09:15:00,1347 days 00:00:00,100000.0,103043.38441,3.043384,306.870135,100.0,306.801194,17.167382,790 days 00:00:00,3,3,0,0.0,33.333333,29.066965,-10.843816,29.066965,-10.376437,82 days 00:00:00,23 days 00:00:00,1.134806,1014.46147,0.131013,0.048189,1.074622,0.072334
BHAGERIA,Success,0.004364000000350643,0.00019250000059400918,0.00043989999994664686,3.5799999750452116e-05,0.006795600000259583,2016-03-02 09:15:00,2025-06-26 09:15:00,3403 days 00:00:00,100000.0,86353.602583,-13.646397,622.11031,100.0,807.604534,57.076776,3060 days 00:00:00,10,10,0,0.0,30.0,31.195219,-17.020358,28.724404,-11.816761,106 days 08:00:00,58 days 06:51:25,0.812595,-1364.639742,0.017979,-0.027867,1.007179,0.013542
BHAGYANGR,Success,0.004291800000828516,0.00018760000057227444,0.0004778000002261251,3.3600000278966036e-05,0.006497000000308617,2017-05-17 09:15:00,2025-06-26 09:15:00,2962 days 00:00:00,100000.0,89090.49936,-10.909501,201.466165,100.0,288.833093,22.525155,1394 days 00:00:00,3,3,0,0.0,33.333333,30.191269,-20.820194,30.191269,-16.941649,53 days 00:00:00,53 days 00:00:00,0.70418,-3636.500213,-0.102854,-0.063801,0.922992,-0.038047
BHANDARI,Success,0.004496399999879941,0.00017839999964053277,0.0004607999999279855,3.529999958118424e-05,0.006732499999998254,2017-01-30 09:15:00,2025-06-26 09:15:00,3069 days 00:00:00,100000.0,66916.622865,-33.083377,116.214077,100.0,426.993352,55.837118,2723 days 00:00:00,6,6,0,0.0,16.666667,31.943699,-15.633959,31.943699,-12.463466,74 days 00:00:00,25 days 04:48:00,0.350855,-5513.896189,-0.407056,-0.084958,0.780215,-0.202181
BHARATFORG,Success,0.010122599999704107,0.00037539999993896345,0.0005499999997482519,4.530000023805769e-05,0.013002500000766304,1999-01-01 09:15:00,2025-06-26 09:15:00,9673 days 00:00:00,100000.0,319687.225696,219.687226,18805.215919,100.0,5710.574774,34.841439,3871 days 00:00:00,20,20,0,0.0,45.0,47.987634,-14.799401,27.654715,-8.409451,93 days 10:39:59,40 days 13:05:27,1.780324,10984.361285,0.40017,0.131388,1.21773,0.248425
BHARATGEAR,Success,0.010034200000518467,0.00025550000009388896,0.000517099999342463,4.330000047048088e-05,0.012991700000384299,1995-09-20 09:15:00,2025-06-26 09:15:00,10872 days 00:00:00,100000.0,38267.512056,-61.732488,175.895035,100.0,823.415573,81.277717,10577 days 00:00:00,18,18,0,0.0,22.222222,54.6184,-19.835746,38.99535,-14.660148,74 days 06:00:00,25 days 05:08:34,0.450176,-3429.582664,-0.165447,-0.043754,0.89193,-0.073546
BHARATRAS,Success,0.009047399999872141,0.0002510999993319274,0.00048770000012154924,4.510000053414842e-05,0.01169079999999667,1999-01-04 09:15:00,2025-06-26 09:15:00,9670 days 00:00:00,100000.0,191250.965064,91.250965,45150.535332,100.0,2262.856894,46.835478,5802 days 00:00:00,16,16,0,0.0,43.75,39.821255,-18.52411,31.241018,-12.485614,76 days 13:42:51,75 days 08:00:00,1.566303,5703.185316,0.257096,0.06535,1.145391,0.152929
BHARATSE,Success,0.002198799999860057,0.0001466999992771889,0.00041739999960554997,3.259999994043028e-05,0.0037130999999135383,2025-03-24 09:15:00,2025-06-26 09:15:00,94 days 00:00:00,100000.0,100000.0,0.0,21.165463,100.0,0.0,0.0,,0,0,0,0.0,,,,,,,,,,,,,
BHARATWIRE,Success,0.005390299999817216,0.0001909000002342509,0.0005852000003869762,4.9899999794433825e-05,0.007895300000200223,2016-04-01 09:15:00,2025-06-26 09:15:00,3373 days 00:00:00,100000.0,190363.140354,90.36314,385.225038,100.0,1155.119797,33.680144,1362 days 00:00:00,8,8,0,0.0,50.0,37.929285,-15.68739,34.610132,-12.348181,54 days 06:00:00,13 days 18:00:00,2.205418,11295.392544,0.545435,0.218263,1.366248,0.287323
BHARTIARTL,Success,0.009828100000049744,0.0002444000001560198,0.0004822999999305466,4.179999996267725e-05,0.012449900000319758,2002-02-18 09:15:00,2025-06-26 09:15:00,8529 days 00:00:00,100000.0,70625.631832,-29.374368,9979.043922,100.0,2181.585273,61.574036,6670 days 00:00:00,21,21,0,0.0,23.809524,29.231559,-13.248825,21.261441,-7.549686,75 days 09:36:00,21 days 12:00:00,0.789539,-1398.779437,-0.062705,-0.024427,0.96085,-0.02398
BHARTIHEXA,Success,0.001995800000258896,0.00014490000012301607,0.00039879999985714676,2.5800000003073364e-05,0.003673299999718438,2024-04-12 09:15:00,2025-06-26 09:15:00,440 days 00:00:00,100000.0,100000.0,0.0,122.869792,100.0,0.0,0.0,,0,0,0,0.0,,,,,,,,,,,,,
BHEL,Success,0.010541300000113552,0.0002967999998872983,0.0009110999999393243,6.459999985963805e-05,0.013884900000448397,1994-11-03 09:15:00,2025-06-26 09:15:00,11193 days 00:00:00,100000.0,111643.243135,11.643243,2044.188034,100.0,1833.148416,48.86708,4168 days 00:00:00,19,19,0,0.0,31.578947,35.334404,-14.251031,26.940784,-9.344505,92 days 00:00:00,58 days 01:50:46,1.093808,612.80227,0.091263,0.007611,1.04767,0.051655
BIGBLOC,Success,0.004621400000360154,0.0001816000003600493,0.00045790000058332225,3.3799999982875306e-05,0.006840600000032282,2016-09-02 09:15:00,2025-06-26 09:15:00,3219 days 00:00:00,100000.0,143365.176796,43.365177,1954.285714,100.0,639.353422,30.244481,1894 days 00:00:00,6,6,0,0.0,33.333333,51.026224,-11.651606,45.789112,-9.050094,171 days 00:00:00,21 days 18:00:00,2.111335,7227.529466,0.320482,0.140653,1.156777,0.219645
BIKAJI,Success,0.002324499999303953,0.00015249999978550477,0.00041540000074746786,2.9300000278453808e-05,0.0043370000003051246,2022-11-16 09:15:00,2025-06-26 09:15:00,953 days 00:00:00,100000.0,70385.966201,-29.614034,136.415176,100.0,322.873411,29.92223,863 days 00:00:00,4,4,0,0.0,0.0,-5.969128,-9.811757,0.0,-8.214094,0 days 00:00:00,24 days 06:00:00,0.0,-7403.50845,-1.688718,-0.426004,0.40233,-0.810122
BIL,Success,0.010045699999864155,0.00024360000043088803,0.0004734999993161182,6.069999926694436e-05,0.012748499999361229,2000-04-12 09:15:00,2025-06-26 09:15:00,9206 days 00:00:00,100000.0,83434.129331,-16.565871,958.106061,100.0,1329.33277,55.68879,6686 days 00:00:00,16,16,0,0.0,25.0,57.998479,-16.755524,39.987547,-11.560739,82 days 00:00:00,23 days 08:00:00,0.866122,-1035.366917,0.013881,-0.013464,1.009568,0.007219
BINANIIND,Success,0.007672099999581405,0.00021190000006754417,0.0004533000001174514,3.729999934876105e-05,0.01001049999922543,2006-09-27 09:15:00,2025-06-26 09:15:00,6847 days 00:00:00,100000.0,94935.718461,-5.064282,-95.302316,100.0,887.525882,40.765881,5684 days 00:00:00,9,9,0,0.0,33.333333,54.311954,-14.173748,30.222528,-12.475307,71 days 16:00:00,31 days 12:00:00,0.936886,-562.697949,0.038294,-0.008372,1.024921,0.018371
BIOCON,Success,0.009314099999755854,0.00024020000000746222,0.0005011999992348137,3.9599999581696466e-05,0.011835799999971641,2004-04-07 09:15:00,2025-06-26 09:15:00,7750 days 00:00:00,100000.0,109562.461353,9.562461,768.919396,100.0,1735.043567,41.325083,4011 days 00:00:00,16,16,0,0.0,31.25,31.432897,-12.433058,22.273727,-7.634642,102 days 09:36:00,53 days 06:32:43,1.099018,597.653835,0.096929,0.010633,1.045265,0.057134
BIOFILCHEM,Success,0.004506700000092678,0.0001846999994086218,0.00045259999933477957,3.099999958067201e-05,0.006874499999867112,1999-01-05 09:15:00,2025-06-26 09:15:00,9669 days 00:00:00,100000.0,34288.424884,-65.711575,5151.111111,100.0,193.495923,68.811598,9306 days 00:00:00,4,4,0,0.0,0.0,-12.42782,-38.220361,0.0,-22.610923,0 days 00:00:00,25 days 00:00:00,0.0,-16427.893779,-0.584304,-0.142375,0.562403,-0.151191
BIRLACABLE,Success,0.008598200000051293,0.00022390000049199443,0.000488499999846681,4.4299999899521936e-05,0.011196999999810942,2006-11-02 09:15:00,2025-06-26 09:15:00,6811 days 00:00:00,100000.0,195161.248278,95.161248,690.562771,100.0,2046.533124,54.591058,3998 days 00:00:00,15,15,0,0.0,40.0,44.642328,-24.993719,38.49465,-12.842421,66 days 12:00:00,37 days 02:40:00,1.604386,6344.083219,0.311141,0.071827,1.174817,0.195987
BIRLACORPN,Success,0.007922300000245741,0.00032000000010157237,0.0005744000000049709,6.56000001981738e-05,0.010713200000282086,2008-07-28 09:15:00,2025-06-26 09:15:00,6177 days 00:00:00,100000.0,181179.561806,81.179562,697.155825,100.0,2419.618694,48.990115,4771 days 00:00:00,18,17,1,3084.460169,41.176471,37.139497,-10.967939,24.504702,-8.681295,48 days 13:42:51,21 days 16:47:59,1.595112,4593.829508,0.348136,0.074535,1.223974,0.172416
BIRLAMONEY,Success,0.00834579999991547,0.00021130000004632166,0.0004656999999497202,3.709999964485178e-05,0.010849199999938719,2009-09-09 09:15:00,2025-06-26 09:15:00,5769 days 00:00:00,100000.0,58684.76499,-41.315235,350.31174,100.0,584.249908,60.637254,5543 days 00:00:00,9,9,0,0.0,22.222222,35.224317,-21.546741,33.302401,-14.357032,75 days 12:00:00,27 days 17:08:34,0.461125,-4590.581668,-0.22438,-0.056154,0.854059,-0.09791
BIRLANU,Success,0.007719000000179221,0.00021379999998316634,0.0004636000003301888,6.189999930938939e-05,0.010303699999894889,2006-11-02 09:15:00,2025-06-26 09:15:00,6811 days 00:00:00,100000.0,134845.757368,34.845757,752.885345,100.0,1212.716615,29.372226,3955 days 00:00:00,11,11,0,0.0,36.363636,33.444106,-11.569739,24.882785,-7.742483,42 days 12:00:00,50 days 20:34:17,1.567138,3167.796124,0.22076,0.056133,1.146354,0.102224
BLACKBUCK,Success,0.0019468000000415486,0.00014340000052470714,0.00043339999956515385,2.89999998130952e-05,0.003449999999247666,2024-11-22 09:15:00,2025-06-26 09:15:00,216 days 00:00:00,100000.0,100000.0,0.0,65.410498,100.0,0.0,0.0,,0,0,0,0.0,,,,,,,,,,,,,
BLAL,Success,0.0021873999994568294,0.00015160000020841835,0.00047420000009879004,2.700000004551839e-05,0.004232499999488937,2023-04-19 09:15:00,2025-06-26 09:15:00,799 days 00:00:00,100000.0,86978.62869,-13.021371,-19.933978,100.0,87.025274,13.021371,799 days 00:00:00,1,1,0,0.0,0.0,-12.852511,-12.852511,0.0,-12.852511,0 days 00:00:00,42 days 00:00:00,0.0,-13021.37131,-1.045262,-0.479748,0.499814,-0.53403
BLBLIMITED,Success,0.008614299999862851,0.00023980000059964368,0.000500099999953818,4.510000053414842e-05,0.0112117999997281,2000-05-31 09:15:00,2025-06-26 09:15:00,9157 days 00:00:00,100000.0,201117.654163,101.117654,-59.89305,100.0,1462.340575,44.33553,5145 days 00:00:00,12,12,0,0.0,41.666667,52.413727,-20.200381,41.614663,-13.263727,73 days 04:48:00,34 days 10:17:08,1.863584,8426.47118,0.273136,0.076722,1.190858,0.140986
BLISSGVS,Success,0.008002200000191806,0.00020930000027874485,0.0007974999998623389,4.1199999941454735e-05,0.010879100000238395,2010-07-26 09:15:00,2025-06-26 09:15:00,5449 days 00:00:00,100000.0,21541.978823,-78.458021,264.730401,100.0,694.262649,79.871986,4608 days 00:00:00,14,14,0,0.0,0.0,-5.488307,-14.34973,0.0,-10.176173,0 days 00:00:00,68 days 00:00:00,0.0,-5604.14437,-0.628988,-0.12455,0.757736,-0.413638
BLKASHYAP,Success,0.008385000000089349,0.00029119999999238644,0.0006655999995928141,3.899999956047395e-05,0.011118499999611231,2006-03-17 09:15:00,2025-06-26 09:15:00,7041 days 00:00:00,100000.0,132610.850005,32.61085,82.158282,100.0,1341.726777,53.844144,5364 days 00:00:00,11,11,0,0.0,36.363636,53.993322,-16.715743,39.785283,-13.625468,44 days 12:00:00,22 days 20:34:17,1.262127,2964.622728,0.179952,0.027936,1.147052,0.073324
BLS,Success,0.004612200000337907,0.00018050000016955892,0.0004414000004544505,3.3600000278966036e-05,0.007038699999611708,2016-06-15 09:15:00,2025-06-26 09:15:00,3298 days 00:00:00,100000.0,116064.440723,16.064441,1591.665256,100.0,553.232605,21.478082,160 days 00:00:00,5,5,0,0.0,40.0,37.815199,-13.687795,31.044526,-11.850967,36 days 12:00:00,40 days 16:00:00,1.390252,3212.888145,0.197562,0.078796,1.145146,0.104316
BLSE,Success,0.0020535000003292225,0.00014509999982692534,0.0005072000003565336,3.060000017285347e-05,0.003799500000241096,2024-02-06 09:15:00,2025-06-26 09:15:00,506 days 00:00:00,100000.0,100000.0,0.0,-44.775956,100.0,0.0,0.0,,0,0,0,0.0,,,,,,,,,,,,,
BLUECOAST,Success,0.0037754000004497357,0.0001675000003160676,0.00045060000047669746,3.4499999856052455e-05,0.006059600000298815,2007-03-01 09:15:00,2025-06-26 09:15:00,6692 days 00:00:00,100000.0,103769.521532,3.769522,-77.022274,100.0,429.495893,38.957915,5351 days 00:00:00,5,5,0,0.0,40.0,23.708938,-13.822706,23.014996,-11.502117,14 days 12:00:00,190 days 16:00:00,1.121014,753.904306,0.132008,0.014975,1.057561,0.09207
BLUEDART,Success,0.010043299999779265,0.000252599999839731,0.0004954999994879472,4.239999998389976e-05,0.012912999999571184,1999-01-01 09:15:00,2025-06-26 09:15:00,9673 days 00:00:00,100000.0,94963.225681,-5.036774,30871.849742,100.0,1520.633484,66.627533,9222 days 00:00:00,21,21,0,0.0,33.333333,33.006141,-19.174293,23.237117,-9.824153,59 days 06:51:25,51 days 17:08:34,0.952603,-239.846396,0.041669,-0.00299,1.02174,0.022425
BLUEJET,Success,0.0021508999998332,0.00014910000027157366,0.0003937999999834574,2.6300000172341242e-05,0.004214200000205892,2023-11-01 09:15:00,2025-06-26 09:15:00,603 days 00:00:00,100000.0,126800.277137,26.800277,110.365269,100.0,126.672843,9.262185,29 days 00:00:00,1,1,0,0.0,100.0,27.122543,27.122543,27.122543,0.0,71 days 00:00:00,0 days 00:00:00,inf,26800.277137,1.053356,1.692005,1.738027,0.768082
BLUESTARCO,Success,0.00905239999974583,0.00025550000009388896,0.00047870000071270624,4.889999945589807e-05,0.01213389999975334,2001-07-02 09:15:00,2025-06-26 09:15:00,8760 days 00:00:00,100000.0,199526.816173,99.526816,44428.151328,100.0,3338.055821,35.376957,6683 days 00:00:00,20,20,0,0.0,45.0,38.520011,-14.206517,22.206312,-9.134005,64 days 05:20:00,27 days 02:10:54,1.5397,4976.340809,0.335017,0.084381,1.205765,0.149603
BODALCHEM,Success,0.007543100000475533,0.00020589999985531904,0.00046440000005532056,3.770000057556899e-05,0.009933799999998882,2011-08-22 09:15:00,2025-06-26 09:15:00,5057 days 00:00:00,100000.0,284588.718961,184.588719,167.949193,100.0,2029.918135,31.721993,2345 days 00:00:00,10,9,1,13220.451686,55.555556,52.966374,-14.084354,35.602635,-11.543733,49 days 19:11:59,53 days 06:00:00,2.484977,19040.918586,0.618095,0.265446,1.42025,0.36431
BOHRAIND,Success,0.0023118000008253148,0.00014600000031350646,0.0004441999999471591,2.880000010918593e-05,0.004558100000394916,2022-10-27 09:15:00,2025-06-26 09:15:00,973 days 00:00:00,100000.0,89697.810168,-10.30219,-60.116534,100.0,89.763526,25.787422,30 days 00:00:00,1,1,0,0.0,0.0,-10.125098,-10.125098,0.0,-10.125098,0 days 00:00:00,50 days 00:00:00,0.0,-10302.189832,-0.41442,-0.20718,0.800755,-0.369427
BOMDYEING,Success,0.010359199999584234,0.00026030000026366906,0.0005222999998295563,4.369999987829942e-05,0.0132791999994879,1999-01-01 09:15:00,2025-06-26 09:15:00,9673 days 00:00:00,100000.0,33624.064343,-66.375936,1208.576208,100.0,1177.904371,72.958622,6748 days 00:00:00,17,17,0,0.0,17.647059,35.43508,-21.744572,28.303076,-12.011715,61 days 16:00:00,23 days 06:51:25,0.486885,-3904.466803,-0.271651,-0.056346,0.809986,-0.089386
BOROLTD,Success,0.0028757000000041444,0.0001810000003388268,0.0004888999992544996,3.5799999750452116e-05,0.0051339999999981956,2020-07-22 09:15:00,2025-06-26 09:15:00,1800 days 00:00:00,100000.0,94815.882549,-5.184117,67.572164,100.0,259.742738,29.671438,1596 days 00:00:00,4,3,1,-65.85453,33.333333,22.754273,-12.102593,22.754273,-11.817465,69 days 00:00:00,36 days 12:00:00,0.77258,-1706.08764,-0.053596,-0.036676,0.969964,-0.027567
BORORENEW,Success,0.004419599999891943,0.00017250000018975697,0.00044269999943935545,3.419999939069385e-05,0.006744899999830523,2018-05-25 09:15:00,2025-06-26 09:15:00,2589 days 00:00:00,100000.0,65046.006279,-34.953994,936.95517,100.0,458.369192,35.496518,2589 days 00:00:00,6,6,0,0.0,16.666667,31.579818,-14.923701,31.579818,-12.943034,49 days 00:00:00,30 days 00:00:00,0.37206,-5825.66562,-0.415981,-0.168617,0.777591,-0.220573
BOROSCI,Success,0.002024300000812218,0.00014229999942472205,0.0003936000002795481,2.570000015111873e-05,0.003701000000546628,2024-06-07 09:15:00,2025-06-26 09:15:00,384 days 00:00:00,100000.0,100000.0,0.0,2.278239,100.0,0.0,0.0,,0,0,0,0.0,,,,,,,,,,,,,
BOSCHLTD,Success,0.0080363999995825,0.00022530000023834873,0.0005145000004631584,6.709999979648273e-05,0.010604099999909522,2008-02-28 09:15:00,2025-06-26 09:15:00,6328 days 00:00:00,100000.0,201431.370602,101.431371,714.620927,100.0,1794.529585,15.072976,1357 days 00:00:00,11,11,0,0.0,63.636364,25.204763,-9.048816,15.736965,-5.910816,70 days 20:34:17,81 days 12:00:00,3.305751,9221.033691,0.604372,0.279529,1.350285,0.352085
BPCL,Success,0.010546900000008463,0.0002660999998624902,0.0005176000004212256,4.910000006930204e-05,0.013487000000168337,1996-01-02 09:15:00,2025-06-26 09:15:00,10768 days 00:00:00,100000.0,182266.450078,82.26645,3282.051282,100.0,3245.20942,44.511495,3722 days 00:00:00,24,24,0,0.0,37.5,35.146025,-18.789886,23.085432,-7.671484,58 days 21:20:00,46 days 06:24:00,1.532486,3427.768753,0.219959,0.047317,1.124091,0.118744
BPL,Success,0.009213900000759168,0.0002533000006224029,0.0005590999999185442,3.8300000596791506e-05,0.012354899999991176,1999-01-01 09:15:00,2025-06-26 09:15:00,9673 days 00:00:00,100000.0,80359.927007,-19.640073,-38.290541,100.0,663.933685,43.483798,6296 days 00:00:00,8,8,0,0.0,25.0,42.444038,-18.17977,41.556952,-13.859453,46 days 00:00:00,27 days 04:00:00,0.745827,-2455.009124,-0.036873,-0.021399,0.95988,-0.010581
BRIGADE,Success,0.0084114999999656,0.0003362000006745802,0.0004804999998668791,4.4999999772699084e-05,0.011119499999949767,2007-12-31 09:15:00,2025-06-26 09:15:00,6387 days 00:00:00,100000.0,262795.753875,162.795754,345.38082,100.0,2077.7936,34.68145,1197 days 00:00:00,10,10,0,0.0,50.0,47.539049,-14.106297,35.767312,-9.997693,65 days 19:11:59,62 days 19:11:59,2.438313,16279.575387,0.471098,0.16722,1.306971,0.295212
BRITANNIA,Success,0.00980610000078741,0.0003347000001667766,0.0005464000005304115,4.489999992074445e-05,0.012727899999845249,1999-01-01 09:15:00,2025-06-26 09:15:00,9673 days 00:00:00,100000.0,127919.009711,27.91901,6572.009159,100.0,2870.566034,26.339432,3538 days 00:00:00,23,23,0,0.0,30.434783,30.900562,-9.39326,20.335362,-5.993494,107 days 13:42:51,29 days 10:30:00,1.222443,1213.869987,0.154358,0.036181,1.078742,0.084473
BRNL,Success,0.00421710000046005,0.0001750999999785563,0.0004521000000750064,2.969999968627235e-05,0.006518999999570951,2017-09-18 09:15:00,2025-06-26 09:15:00,2838 days 00:00:00,100000.0,59855.625931,-40.144374,-89.820101,100.0,218.021273,40.144374,2838 days 00:00:00,3,3,0,0.0,0.0,-13.188593,-17.470596,0.0,-15.541034,0 days 00:00:00,31 days 00:00:00,0.0,-13381.458023,-0.830781,-0.161784,0.493913,-0.291463
BROOKS,Success,0.007542899999862129,0.00020119999953749357,0.000480799999422743,3.500000002532033e-05,0.009912900000017544,2011-09-05 09:15:00,2025-06-26 09:15:00,5043 days 00:00:00,100000.0,138720.938771,38.720939,195.371159,100.0,1517.480052,45.600261,1603 days 00:00:00,11,11,0,0.0,36.363636,43.873048,-18.070476,37.488371,-12.21983,66 days 06:00:00,48 days 00:00:00,1.308287,3520.085343,0.221332,0.053625,1.124493,0.143288
BSE,Success,0.004368900000372378,0.00017490000027464703,0.000488499999846681,5.3499999921768904e-05,0.0069358000000647735,2017-02-03 09:15:00,2025-06-26 09:15:00,3065 days 00:00:00,100000.0,125776.398101,25.776398,2259.427609,100.0,789.215752,22.586316,1154 days 00:00:00,7,7,0,0.0,28.571429,35.883796,-8.676186,34.247799,-6.659428,28 days 12:00:00,23 days 14:24:00,1.639767,3682.342586,0.294652,0.124802,1.26419,0.168403
BSHSL,Success,0.002695000000130676,0.00020000000040454324,0.00043450000066513894,3.0199999855540227e-05,0.004764000000250235,2020-10-28 09:15:00,2025-06-26 09:15:00,1702 days 00:00:00,100000.0,140783.553704,40.783554,1396.32,100.0,498.729487,13.366238,113 days 00:00:00,4,4,0,0.0,50.0,33.055945,-9.992895,30.686501,-8.819018,47 days 00:00:00,35 days 00:00:00,2.843411,10195.888426,0.63742,0.578669,1.464967,0.431818
BSL,Success,0.009004499999718973,0.00024899999971239595,0.0006057000000510016,5.300000066199573e-05,0.01168469999993249,1999-01-01 09:15:00,2025-06-26 09:15:00,9673 days 00:00:00,100000.0,114510.287592,14.510288,851.77305,100.0,829.01352,43.928068,7057 days 00:00:00,9,9,0,0.0,33.333333,37.094655,-14.727855,35.188294,-11.700025,77 days 16:00:00,36 days 12:00:00,1.209824,1612.254177,0.106812,0.013141,1.08657,0.051824
BSOFT,Success,0.0097154999994018,0.00024000000030355295,0.000487099999190832,3.910000032192329e-05,0.012661400000069989,1999-11-24 09:15:00,2025-06-26 09:15:00,9346 days 00:00:00,100000.0,145094.585323,45.094585,6471.542065,100.0,1306.506311,49.569812,7099 days 00:00:00,11,11,0,0.0,36.363636,65.398815,-20.655172,42.635551,-13.168222,61 days 06:00:00,44 days 10:17:08,1.399945,4099.507757,0.174335,0.03044,1.144323,0.084922
BTML,Success,0.002636999999594991,0.0002043999993475154,0.00043259999984002206,3.059999926335877e-05,0.00478099999963888,2020-10-21 09:15:00,2025-06-26 09:15:00,1709 days 00:00:00,100000.0,79705.699874,-20.2943,552.168684,100.0,169.636264,23.93784,1178 days 00:00:00,2,2,0,0.0,0.0,-10.045933,-11.039407,0.0,-10.54267,0 days 00:00:00,8 days 00:00:00,0.0,-10147.150063,-0.816481,-0.243199,0.298313,-0.158015
BUTTERFLY,Success,0.00463930000023538,0.0001799000001483364,0.0005654999995385879,3.529999958118424e-05,0.007329300000492367,2014-04-28 09:15:00,2025-06-26 09:15:00,4077 days 00:00:00,100000.0,83141.360849,-16.858639,132.645619,100.0,635.760675,48.050692,3599 days 00:00:00,9,8,1,1606.259145,25.0,37.999948,-15.897237,35.921756,-12.474316,124 days 12:00:00,24 days 12:00:00,0.718731,-2308.112287,-0.019258,-0.034763,0.986735,-0.007212
BVCL,Success,0.007669499999792606,0.00035169999955542153,0.0004936999994242797,4.220000027999049e-05,0.010278499999913038,2007-11-23 09:15:00,2025-06-26 09:15:00,6425 days 00:00:00,100000.0,126670.632362,26.670632,-31.320071,100.0,479.048023,36.733031,1007 days 00:00:00,5,5,0,0.0,40.0,43.290515,-15.572765,40.762667,-13.542082,225 days 12:00:00,42 days 08:00:00,1.676202,5334.126472,0.167146,0.039193,1.099922,0.101689
BYKE,Success,0.004563899999993737,0.00019040000006498303,0.0004637000001821434,6.430000030377414e-05,0.006996099999923899,2015-04-15 09:15:00,2025-06-26 09:15:00,3725 days 00:00:00,100000.0,28986.502538,-71.013497,-49.57104,100.0,587.066452,71.533545,3598 days 00:00:00,11,10,1,-1106.974212,0.0,-5.65099,-14.816271,0.0,-11.092456,0 days 00:00:00,50 days 02:24:00,0.0,-6990.652325,-0.629425,-0.1624,0.73235,-0.390995
CALSOFT,Success,0.008042700000260083,0.00020150000000285218,0.00046939999992900994,3.670000023703324e-05,0.010474499999872933,2000-06-28 09:15:00,2025-06-26 09:15:00,9129 days 00:00:00,100000.0,30054.045245,-69.945955,-79.113902,100.0,523.961614,75.020975,8933 days 00:00:00,9,9,0,0.0,0.0,-4.689751,-16.326799,0.0,-12.265525,0 days 00:00:00,37 days 21:19:59,0.0,-7771.772751,-0.439238,-0.114081,0.735544,-0.200577
CAMLINFINE,Success,0.006845700000667421,0.0001872000002549612,0.0004574000004140544,3.9200000173877925e-05,0.009503999999651569,2015-01-20 09:15:00,2025-06-26 09:15:00,3810 days 00:00:00,100000.0,129372.121618,29.372122,286.402909,100.0,1148.508233,41.173337,1418 days 00:00:00,12,12,0,0.0,33.333333,41.384482,-16.358974,34.958635,-10.760447,60 days 06:00:00,38 days 09:00:00,1.346991,2447.676801,0.227157,0.061793,1.111377,0.168527
CAMPUS,Success,0.002370800000790041,0.00014900000041961903,0.0004836999996769009,2.7099999897473026e-05,0.004381200000352692,2022-05-09 09:15:00,2025-06-26 09:15:00,1144 days 00:00:00,100000.0,121004.991432,21.004991,-26.022695,100.0,121.009469,4.193642,20 days 00:00:00,1,1,0,0.0,100.0,21.271799,21.271799,21.271799,0.0,24 days 00:00:00,0 days 00:00:00,inf,21004.991432,0.891935,1.515034,3.704926,0.583858
CAMS,Success,0.0026403000001664623,0.0003028999999514781,0.0004789000004166155,3.389999983482994e-05,0.005035899999711546,2020-10-05 09:15:00,2025-06-26 09:15:00,1725 days 00:00:00,100000.0,130004.552069,30.004552,200.613672,100.0,505.738674,23.254931,196 days 00:00:00,4,4,0,0.0,50.0,25.529901,-8.063472,24.641863,-8.04195,65 days 00:00:00,53 days 00:00:00,2.38288,7501.138017,0.461102,0.249154,1.236571,0.274798
CANBK,Success,0.008829499999592372,0.00022929999977350235,0.0004766000001836801,4.4100000195612665e-05,0.011564599999474012,2003-01-01 09:15:00,2025-06-26 09:15:00,8212 days 00:00:00,100000.0,135377.642532,35.377643,1052.296647,100.0,2578.616452,48.662623,5321 days 00:00:00,22,21,1,5916.914892,38.095238,34.518071,-16.715646,23.189016,-9.844959,58 days 12:00:00,26 days 20:18:27,1.176924,1402.891792,0.170032,0.028375,1.101418,0.06344
CANFINHOME,Success,0.009276300000237825,0.00024480000047333306,0.0005125000006955815,4.1199999941454735e-05,0.01208649999989575,1999-01-01 09:15:00,2025-06-26 09:15:00,9673 days 00:00:00,100000.0,136860.564013,36.860564,26426.845638,100.0,1513.808682,47.248612,4325 days 00:00:00,16,16,0,0.0,37.5,35.9757,-13.243982,26.48222,-10.021197,169 days 12:00:00,45 days 16:48:00,1.388175,2303.785251,0.158725,0.026517,1.076752,0.100476
CANTABIL,Success,0.007423400000334368,0.00030779999997321283,0.0004580000004352769,3.870000000461005e-05,0.009876400000393915,2010-10-12 09:15:00,2025-06-26 09:15:00,5371 days 00:00:00,100000.0,94111.835281,-5.888165,1149.47619,100.0,1078.707715,50.328251,3873 days 00:00:00,8,8,0,0.0,25.0,40.446916,-14.502269,37.946719,-10.786951,31 days 12:00:00,11 days 20:00:00,0.938251,-736.02059,0.02611,-0.008335,1.030013,0.00905
CAPACITE,Success,0.004515799999353476,0.00017839999964053277,0.000462599999991653,3.130000004603062e-05,0.00674070000059146,2017-09-25 09:15:00,2025-06-26 09:15:00,2831 days 00:00:00,100000.0,111358.828627,11.358829,-3.342575,100.0,668.251866,36.67848,1413 days 00:00:00,6,6,0,0.0,33.333333,36.994378,-13.394147,33.656489,-10.834858,110 days 00:00:00,28 days 06:00:00,1.219351,1893.138104,0.170813,0.038752,1.096055,0.073619
CAPITALSFB,Success,0.0019564999993235688,0.00014139999984763563,0.00040520000038668513,3.0899999728717376e-05,0.0034294999995836406,2024-02-14 09:15:00,2025-06-26 09:15:00,498 days 00:00:00,100000.0,100000.0,0.0,-32.229885,100.0,0.0,0.0,,0,0,0,0.0,,,,,,,,,,,,,
CAPLIPOINT,Success,0.006578499999704945,0.00021599999945465242,0.0005240999998932239,3.9000000469968654e-05,0.009148000000095635,2014-06-23 09:15:00,2025-06-26 09:15:00,4021 days 00:00:00,100000.0,204014.087118,104.014087,5710.614525,100.0,1657.222434,32.135228,1173 days 00:00:00,13,13,0,0.0,46.153846,42.966505,-13.570707,30.027747,-11.11825,39 days 21:30:00,62 days 10:17:08,2.075107,8001.083624,0.449174,0.212266,1.223736,0.38271
CAPTRUST,Success,0.004094100000656908,0.0001681000003372901,0.0004654000003938563,2.969999968627235e-05,0.00642859999970824,2017-01-16 09:15:00,2025-06-26 09:15:00,3083 days 00:00:00,100000.0,61961.992142,-38.038008,-83.761053,100.0,420.677083,50.833033,2765 days 00:00:00,6,6,0,0.0,16.666667,31.553256,-16.636305,31.553256,-13.746542,67 days 00:00:00,40 days 09:35:59,0.311313,-6339.667976,-0.26525,-0.110269,0.835735,-0.157265
CARBORUNIV,Success,0.010599400000501191,0.0002549999999246211,0.0004839000002903049,4.669999998441199e-05,0.013315700000021025,1995-02-24 09:15:00,2025-06-26 09:15:00,11080 days 00:00:00,100000.0,422454.096856,322.454097,15298.4,100.0,6356.577633,44.279898,5068 days 00:00:00,19,19,0,0.0,47.368421,56.217551,-19.971155,31.617193,-9.12925,116 days 08:00:00,21 days 00:00:00,1.926997,16971.268256,0.430536,0.115109,1.277409,0.215139
CARERATING,Success,0.006874900000184425,0.0001868999997896026,0.0004644999999072752,3.639999977167463e-05,0.00919880000037665,2012-12-26 09:15:00,2025-06-26 09:15:00,4565 days 00:00:00,100000.0,104058.839015,4.058839,90.211915,100.0,1346.467305,45.101233,2908 days 00:00:00,12,12,0,0.0,33.333333,24.450939,-10.484706,21.135866,-8.404124,59 days 06:00:00,100 days 06:00:00,1.050766,338.236585,0.093039,0.007204,1.034514,0.079438
CARRARO,Success,0.0017997999993895064,0.00013630000012199162,0.0005245000002105371,3.4899999263870995e-05,0.003905499999746098,2024-12-30 09:15:00,2025-06-26 09:15:00,178 days 00:00:00,100000.0,105766.108204,5.766108,-31.868909,100.0,0.0,1.611557,1 days 00:00:00,1,0,1,5766.108204,,,,,,,,,,1.485252,7.552337,4.573547,
CARTRADE,Success,0.002527399999962654,0.00015970000004017493,0.0004773999999088119,2.879999919969123e-05,0.00480500000048778,2021-08-20 09:15:00,2025-06-26 09:15:00,1406 days 00:00:00,100000.0,188151.184151,88.151184,5.25299,100.0,286.088382,23.289799,45 days 00:00:00,3,2,1,24055.686375,100.0,34.245949,22.933335,28.589642,0.0,96 days 00:00:00,0 days 00:00:00,inf,32047.748888,0.805956,0.778445,1.320857,0.59762
CARYSIL,Success,0.002627599999868835,0.0001560000000608852,0.0006011999994370854,2.8299999939918052e-05,0.00492249999933847,2021-01-14 09:15:00,2025-06-26 09:15:00,1624 days 00:00:00,100000.0,93302.979482,-6.697021,329.522613,100.0,93.169796,10.090698,689 days 00:00:00,1,1,0,0.0,0.0,-6.525451,-6.525451,0.0,-6.525451,0 days 00:00:00,17 days 00:00:00,0.0,-6697.020518,-0.294036,-0.15571,0.575108,-0.030627
CASTROLIND,Success,0.007960300000377174,0.0002280000007885974,0.0005191000000195345,3.980000019510044e-05,0.010485499999958847,2007-08-16 09:15:00,2025-06-26 09:15:00,6524 days 00:00:00,100000.0,95823.439895,-4.17656,555.015267,100.0,1129.981858,29.999611,4612 days 00:00:00,10,10,0,0.0,30.0,17.364717,-8.30499,16.077644,-6.485666,46 days 00:00:00,35 days 17:08:34,0.922851,-417.656011,-0.000501,-0.00812,0.999633,-0.00019
CCCL,Success,0.007118999999875086,0.00020989999939047266,0.0004643000002033659,3.699999979289714e-05,0.00965139999971143,2007-10-15 09:15:00,2025-06-26 09:15:00,6464 days 00:00:00,100000.0,43442.901759,-56.557098,-87.829819,100.0,433.479621,58.085154,2927 days 00:00:00,7,7,0,0.0,0.0,-5.927906,-13.821734,0.0,-11.019377,0 days 00:00:00,18 days 06:51:25,0.0,-8079.585463,-0.585895,-0.097101,0.554056,-0.185701
CCHHL,Success,0.004221400000460562,0.00017840000055002747,0.0005492000000231201,3.329999981360743e-05,0.006456500000240339,2015-02-03 09:15:00,2025-06-26 09:15:00,3796 days 00:00:00,100000.0,57983.455008,-42.016545,10.387097,100.0,286.507604,48.691161,2906 days 00:00:00,4,4,0,0.0,0.0,-11.290612,-14.995209,0.0,-12.552378,0 days 00:00:00,43 days 12:00:00,0.0,-10504.136248,-0.54919,-0.106712,0.644162,-0.228471
CCL,Success,0.008643099999972037,0.0002979000000777887,0.0004754999999931897,4.340000032243552e-05,0.011179600000104983,2004-06-07 09:15:00,2025-06-26 09:15:00,7689 days 00:00:00,100000.0,147923.788549,47.923789,12687.78626,100.0,2315.078859,40.744302,3691 days 00:00:00,14,14,0,0.0,35.714286,35.405467,-11.867872,29.825642,-9.324959,108 days 14:23:59,65 days 13:20:00,1.315967,3423.127753,0.200624,0.047437,1.097078,0.1273
CDSL,Success,0.004369799999949464,0.0001739999997880659,0.0004704000002675457,3.170000036334386e-05,0.0065598000001045875,2017-06-30 09:15:00,2025-06-26 09:15:00,2918 days 00:00:00,100000.0,162864.680951,62.864681,1235.473955,100.0,692.679219,20.673491,301 days 00:00:00,5,5,0,0.0,60.0,33.002836,-6.272556,23.44397,-6.160582,52 days 16:00:00,61 days 12:00:00,4.626441,12572.93619,0.60935,0.30979,1.408956,0.328912
CEATLTD,Success,0.010295199999745819,0.00028700000075332355,0.000503000000207976,4.340000032243552e-05,0.013277100000777864,1994-11-03 09:15:00,2025-06-26 09:15:00,11193 days 00:00:00,100000.0,115024.161856,15.024162,2711.908526,100.0,2250.193383,32.859791,3846 days 00:00:00,18,17,1,120.84608,29.411765,39.431821,-17.980522,32.55262,-9.649098,53 days 14:24:00,21 days 22:00:00,1.092844,876.665634,0.097526,0.014327,1.08138,0.041909
CEIGALL,Success,0.00228160000006028,0.0001474999999118154,0.0004414000004544505,2.9200000426499173e-05,0.003918100000191771,2024-08-08 09:15:00,2025-06-26 09:15:00,322 days 00:00:00,100000.0,100000.0,0.0,-34.575307,100.0,0.0,0.0,,0,0,0,0.0,,,,,,,,,,,,,
CELEBRITY,Success,0.008459099999527098,0.00024399999983870657,0.0005152000003363355,3.8300000596791506e-05,0.010888099999647238,2006-01-12 09:15:00,2025-06-26 09:15:00,7105 days 00:00:00,100000.0,331165.032393,231.165032,-93.835736,100.0,1069.431354,40.845175,1335 days 00:00:00,5,5,0,0.0,80.0,45.827036,-19.133033,42.658273,-19.133033,96 days 12:00:00,50 days 00:00:00,7.02955,46233.006479,0.495356,0.169999,1.383455,0.283287
CELLO,Success,0.0025872000005620066,0.00015040000016597332,0.00039879999985714676,3.0299999707494862e-05,0.004668200000196521,2023-11-06 09:15:00,2025-06-26 09:15:00,598 days 00:00:00,100000.0,92238.588936,-7.761411,-23.436909,100.0,91.76242,7.761411,598 days 00:00:00,1,1,0,0.0,0.0,-7.621169,-7.621169,0.0,-7.621169,0 days 00:00:00,6 days 00:00:00,0.0,-7761.411064,-1.079693,-0.627155,0.166964,-0.213768
CENTENKA,Success,0.010159899999962363,0.00027549999958864646,0.0005633999999190564,4.399999943416333e-05,0.012869099999988975,1996-01-02 09:15:00,2025-06-26 09:15:00,10768 days 00:00:00,100000.0,154406.843915,54.406844,152.718204,100.0,1867.774342,51.488903,5553 days 00:00:00,14,14,0,0.0,35.714286,45.308411,-13.32091,30.374213,-8.941794,64 days 04:48:00,46 days 08:00:00,1.478502,3886.203137,0.194236,0.029644,1.140656,0.081506
CENTEXT,Success,0.008316500000546512,0.00023230000078910962,0.0004932000001645065,4.019999960291898e-05,0.010793500000545464,2004-07-20 09:15:00,2025-06-26 09:15:00,7646 days 00:00:00,100000.0,241483.863051,141.483863,1704.807478,100.0,1728.35029,46.823466,3123 days 00:00:00,8,8,0,0.0,50.0,62.782875,-19.166463,45.974824,-13.844298,101 days 00:00:00,32 days 00:00:00,2.071797,17685.482881,0.338456,0.096998,1.255605,0.207649
CENTRALBK,Success,0.008485600000312843,0.0002113999998982763,0.0004787999996551662,5.300000066199573e-05,0.011011900000085006,2007-08-21 09:15:00,2025-06-26 09:15:00,6519 days 00:00:00,100000.0,65834.803358,-34.165197,-60.503002,100.0,928.201139,56.247967,5431 days 00:00:00,11,11,0,0.0,18.181818,36.822605,-13.695195,32.508548,-10.079665,165 days 12:00:00,37 days 02:40:00,0.58616,-3105.926967,-0.128031,-0.041955,0.928731,-0.056875
CENTRUM,Success,0.004224799999974493,0.00017600000046513742,0.0005220000002736924,3.240000023652101e-05,0.006415099999685481,2018-04-04 09:15:00,2025-06-26 09:15:00,2640 days 00:00:00,100000.0,75467.095813,-24.532904,-48.589745,100.0,163.144958,25.102546,331 days 00:00:00,2,2,0,0.0,0.0,-12.280742,-13.627102,0.0,-12.953922,0 days 00:00:00,63 days 12:00:00,0.0,-12266.452094,-0.412086,-0.154602,0.713916,-0.155821
CENTUM,Success,0.007895200000348268,0.00022499999977299012,0.00046610000026703347,3.8500000300700776e-05,0.010274000000208616,2007-10-05 09:15:00,2025-06-26 09:15:00,6474 days 00:00:00,100000.0,88517.290236,-11.48271,1026.712491,100.0,905.901908,40.754019,189 days 00:00:00,9,9,0,0.0,33.333333,32.068019,-17.418909,29.037801,-13.461514,23 days 16:00:00,91 days 20:00:00,0.869815,-1275.85664,0.047583,-0.018238,1.028184,0.022796
CENTURYPLY,Success,0.008127500000227883,0.000225499999942258,0.0005665999997290783,4.170000011072261e-05,0.010673799999494804,2006-03-23 09:15:00,2025-06-26 09:15:00,7035 days 00:00:00,100000.0,116727.446855,16.727447,3600.525209,100.0,1187.072639,39.267468,1191 days 00:00:00,11,11,0,0.0,36.363636,34.342992,-16.27934,25.231037,-9.706053,49 days 06:00:00,64 days 00:00:00,1.216353,1520.676987,0.12795,0.020961,1.080477,0.056366
CERA,Success,0.008125700000164215,0.00021850000030099181,0.0005076000006738468,3.699999979289714e-05,0.010540000000219152,2007-11-02 09:15:00,2025-06-26 09:15:00,6446 days 00:00:00,100000.0,128204.997566,28.204998,8936.30137,100.0,1441.831907,21.899756,1527 days 00:00:00,11,11,0,0.0,36.363636,25.362584,-12.059042,24.034243,-8.069205,91 days 06:00:00,36 days 20:34:17,1.358659,2564.090688,0.205456,0.067593,1.120152,0.106104
CESC,Success,0.010223000000223692,0.0003017999997609877,0.0005148999998709769,4.5700000555370934e-05,0.013014600000133214,1994-11-03 09:15:00,2025-06-26 09:15:00,11193 days 00:00:00,100000.0,108699.226475,8.699226,652.629575,100.0,1886.471296,62.947154,10342 days 00:00:00,25,25,0,0.0,32.0,45.013518,-17.844416,27.489175,-9.898311,75 days 00:00:00,22 days 19:45:52,1.064996,347.969059,0.084656,0.004442,1.052132,0.041762
CEWATER,Success,0.00203239999973448,0.000147800000377174,0.0004318999999668449,2.570000015111873e-05,0.0038988999995126505,2024-12-27 09:15:00,2025-06-26 09:15:00,181 days 00:00:00,100000.0,105782.85045,5.78285,-29.50671,100.0,0.0,1.16685,1 days 00:00:00,1,0,1,5782.85045,,,,,,,,,,1.863373,10.372566,5.900329,
CGCL,Success,0.006662499999947613,0.00019919999976991676,0.0004758000004585483,6.639999992330559e-05,0.009073800000805932,2013-08-13 09:15:00,2025-06-26 09:15:00,4335 days 00:00:00,100000.0,91304.667389,-8.695333,2677.236002,100.0,928.762196,41.885946,3800 days 00:00:00,11,11,0,0.0,36.363636,30.517539,-16.44726,24.98324,-12.770437,64 days 18:00:00,50 days 20:34:17,0.893574,-790.484783,0.040093,-0.018779,1.021679,0.029959
CGPOWER,Success,0.008499599999595375,0.00022119999994174577,0.0005498000000443426,4.960000023856992e-05,0.01108360000034736,2006-11-02 09:15:00,2025-06-26 09:15:00,6811 days 00:00:00,100000.0,147240.857546,47.240858,1938.733408,100.0,957.628234,35.148737,3153 days 00:00:00,9,9,0,0.0,44.444444,33.309297,-11.228348,24.54335,-8.927435,54 days 06:00:00,42 days 19:11:59,2.000313,5248.984172,0.279719,0.060825,1.205266,0.116101
CHALET,Success,0.005369200000131968,0.0002549999999246211,0.000716699999429693,3.990000004705507e-05,0.008103600000140432,2019-02-07 09:15:00,2025-06-26 09:15:00,2331 days 00:00:00,100000.0,137030.131937,37.030132,214.175512,100.0,427.986803,27.172543,379 days 00:00:00,4,4,0,0.0,50.0,41.028007,-8.837967,29.269199,-8.681731,74 days 12:00:00,33 days 00:00:00,3.187018,9257.532984,0.42539,0.189514,1.275509,0.266179
CHAMBLFERT,Success,0.009467799999583804,0.0003509999996822444,0.0006743000003552879,5.5900000006658956e-05,0.012560600000142585,1999-01-01 09:15:00,2025-06-26 09:15:00,9673 days 00:00:00,100000.0,248906.160008,148.90616,4549.166667,100.0,2644.420696,30.21573,2201 days 00:00:00,15,15,0,0.0,46.666667,43.000268,-12.308819,27.315047,-8.734874,92 days 13:42:51,27 days 15:00:00,2.212661,9927.077334,0.377176,0.124518,1.240889,0.192953
CHEMBOND,Success,0.0037687000003643334,0.00017949999983102316,0.0004528999998001382,2.9799999538226984e-05,0.005846199999723467,2019-11-20 09:15:00,2025-06-26 09:15:00,2045 days 00:00:00,100000.0,69466.031941,-30.533968,80.121982,100.0,235.244771,34.237101,1359 days 00:00:00,3,3,0,0.0,0.0,-9.949028,-12.731177,0.0,-11.26918,0 days 00:00:00,35 days 16:00:00,0.0,-10177.989353,-0.575325,-0.186302,0.656015,-0.283488
CHEMCON,Success,0.002657300000464602,0.00015160000020841835,0.0004505000006247428,2.7799999770650174e-05,0.0046756000001551,2020-10-01 09:15:00,2025-06-26 09:15:00,1729 days 00:00:00,100000.0,75321.094476,-24.678906,-65.249657,100.0,246.149796,24.678906,1729 days 00:00:00,3,3,0,0.0,0.0,-7.796524,-10.455004,0.0,-8.845419,0 days 00:00:00,30 days 16:00:00,0.0,-8226.301841,-0.813145,-0.238957,0.551846,-0.339602
CHEMFAB,Success,0.003984300000411167,0.00016970000069704838,0.0005462999997689622,2.9400000130408444e-05,0.006368500000462518,2018-04-25 09:15:00,2025-06-26 09:15:00,2619 days 00:00:00,100000.0,142762.589101,42.762589,201.777499,100.0,471.594825,35.254903,855 days 00:00:00,4,4,0,0.0,50.0,46.885778,-12.222306,36.723171,-11.994677,68 days 00:00:00,68 days 00:00:00,2.544422,10690.647275,0.422255,0.146882,1.249572,0.229099
CHEMPLASTS,Success,0.002456700000038836,0.00015469999925699085,0.0004478999999264488,2.860000040527666e-05,0.004486400000132562,2021-08-24 09:15:00,2025-06-26 09:15:00,1402 days 00:00:00,100000.0,83668.921588,-16.331078,-20.332335,100.0,176.185916,19.776681,512 days 00:00:00,2,2,0,0.0,0.0,-7.188225,-9.514349,0.0,-8.351287,0 days 00:00:00,47 days 12:00:00,0.0,-8165.539206,-0.53134,-0.232632,0.687419,-0.189558
CHENNPETRO,Success,0.009435500000108732,0.0002451999998811516,0.0006414999998014537,5.3499999921768904e-05,0.012424399999872549,2000-08-09 09:15:00,2025-06-26 09:15:00,9087 days 00:00:00,100000.0,185444.238683,85.444239,1938.087963,100.0,2228.964858,51.265263,3930 days 00:00:00,17,16,1,11119.86612,37.5,37.983679,-16.050372,30.698796,-9.580893,70 days 20:00:00,49 days 12:00:00,1.54067,4645.273285,0.247206,0.049878,1.149234,0.142233
CHEVIOT,Success,0.002473900000040885,0.0001537000007374445,0.0004278999995221966,2.700000004551839e-05,0.00397759999941627,2022-06-20 09:15:00,2025-06-26 09:15:00,1102 days 00:00:00,100000.0,100000.0,0.0,-4.732983,100.0,0.0,0.0,,0,0,0,0.0,,,,,,,,,,,,,
CHOICEIN,Success,0.002419200000076671,0.00015660000008210773,0.00040829999943525763,2.7499999305291567e-05,0.004416000000674103,2022-04-08 09:15:00,2025-06-26 09:15:00,1175 days 00:00:00,100000.0,107755.421959,7.755422,849.775934,100.0,222.812206,7.739123,160 days 00:00:00,2,2,0,0.0,50.0,15.402897,-6.234792,15.402897,-6.234792,65 days 00:00:00,11 days 00:00:00,2.04983,3877.71098,0.496793,0.308406,1.379035,0.19636
CHOLAFIN,Success,0.007119599999896309,0.00020669999958045082,0.0004651000008379924,3.709999964485178e-05,0.009574000000611704,2010-06-22 09:15:00,2025-06-26 09:15:00,5483 days 00:00:00,100000.0,84665.165966,-15.334834,5663.372707,100.0,558.190481,36.092861,5316 days 00:00:00,8,7,1,7750.5233,14.285714,28.967183,-12.158796,28.967183,-8.043746,169 days 00:00:00,39 days 16:00:00,0.459856,-3297.908191,-0.044199,-0.031093,0.975503,-0.019819
CHOLAHLDNG,Success,0.004331499999352673,0.00017489999936515233,0.0005542999997487641,3.9599999581696466e-05,0.006597900000087975,2017-09-25 09:15:00,2025-06-26 09:15:00,2831 days 00:00:00,100000.0,160756.114058,60.756114,246.925627,100.0,468.735603,11.930719,36 days 00:00:00,3,3,0,0.0,66.666667,33.176046,-8.103877,32.689595,-8.103877,93 days 00:00:00,7 days 00:00:00,5.190777,20252.038019,0.835145,0.538562,1.679398,0.392237
CIEINDIA,Success,0.0085200999992594,0.00021670000023732428,0.00046490000022458844,3.7200000406301115e-05,0.01098820000061096,2007-08-30 09:15:00,2025-06-26 09:15:00,6510 days 00:00:00,100000.0,155373.745074,55.373745,100.0,100.0,1478.959204,24.513442,1592 days 00:00:00,10,10,0,0.0,40.0,42.54193,-21.689707,32.586932,-10.28776,83 days 18:00:00,11 days 04:00:00,1.598228,5537.374507,0.253129,0.10548,1.205324,0.129797
CIGNITITEC,Success,0.0050658000000112224,0.0001920000004247413,0.0004560000006677001,3.949999972974183e-05,0.007358900000326685,2014-10-13 09:15:00,2025-06-26 09:15:00,3909 days 00:00:00,100000.0,63836.434549,-36.163565,266.566351,100.0,492.873361,44.907811,3909 days 00:00:00,7,7,0,0.0,14.285714,19.724247,-10.931036,19.724247,-9.758488,134 days 00:00:00,21 days 16:00:00,0.236853,-5166.223636,-0.482952,-0.09308,0.735015,-0.202261
CINELINE,Success,0.005365699999856588,0.00020089999998162966,0.0004772000002049026,3.7200000406301115e-05,0.007709200000135752,2013-08-23 09:15:00,2025-06-26 09:15:00,4325 days 00:00:00,100000.0,251014.507452,151.014507,1187.338129,100.0,2292.113289,65.288501,2733 days 00:00:00,10,10,0,0.0,50.0,57.172417,-19.762371,40.29075,-13.643423,55 days 09:36:00,135 days 00:00:00,1.844711,15101.450745,0.472546,0.127434,1.191297,0.450608
CINEVISTA,Success,0.009853700000348908,0.000293000000056054,0.0005288000002110493,4.189999981463188e-05,0.012516599999798927,2000-05-03 09:15:00,2025-06-26 09:15:00,9185 days 00:00:00,100000.0,61114.386716,-38.885613,-93.832483,100.0,1393.465076,70.932147,3150 days 00:00:00,13,13,0,0.0,23.076923,52.626298,-18.045913,44.366711,-14.419267,44 days 08:00:00,27 days 14:24:00,0.769763,-2991.201022,-0.069096,-0.031127,0.946133,-0.026899
CIPLA,Success,0.009612800000468269,0.00026530000013735844,0.0006698999995933264,0.00010970000039378647,0.012620700000297802,1999-01-01 09:15:00,2025-06-26 09:15:00,9673 days 00:00:00,100000.0,136781.368833,36.781369,6350.485842,100.0,2045.052549,34.484407,2715 days 00:00:00,18,18,0,0.0,33.333333,29.636101,-10.732654,20.809633,-6.26117,80 days 12:00:00,61 days 04:00:00,1.420695,2043.40938,0.170038,0.035194,1.086172,0.097104
CLEAN,Success,0.0030338999995365157,0.00016520000008313218,0.00044890000026498456,2.9599999834317714e-05,0.005439999999907741,2021-07-19 09:15:00,2025-06-26 09:15:00,1438 days 00:00:00,100000.0,72555.359791,-27.44464,-7.074594,100.0,320.410093,28.776208,1238 days 00:00:00,4,4,0,0.0,0.0,-6.553536,-9.558781,0.0,-7.624299,0 days 00:00:00,26 days 18:00:00,0.0,-6861.160052,-0.942236,-0.275717,0.563529,-0.351424
CLEDUCATE,Success,0.0044940999996470055,0.0001733999997668434,0.00044949999937671237,3.120000019407598e-05,0.006737699999575852,2017-03-31 09:15:00,2025-06-26 09:15:00,3009 days 00:00:00,100000.0,102398.506992,2.398507,-14.930113,100.0,699.501578,41.413563,1240 days 00:00:00,7,7,0,0.0,28.571429,42.645747,-12.20828,34.708295,-10.484368,28 days 00:00:00,19 days 04:47:59,1.042203,342.643856,0.082329,0.007077,1.064203,0.035718
CLSEL,Success,0.003176599999278551,0.00017630000002100132,0.00048129999959201086,3.389999983482994e-05,0.005578099999183905,2021-05-12 09:15:00,2025-06-26 09:15:00,1506 days 00:00:00,100000.0,84544.177412,-15.455823,169.883268,100.0,373.301182,33.498137,492 days 00:00:00,4,4,0,0.0,25.0,26.513927,-14.803221,26.513927,-12.322316,110 days 00:00:00,89 days 00:00:00,0.590653,-3863.955647,-0.106082,-0.120716,0.961976,-0.089274
CMSINFO,Success,0.0029991000001245993,0.00015319999965868192,0.0004597000006469898,4.489999992074445e-05,0.005069499999990512,2021-12-31 09:15:00,2025-06-26 09:15:00,1273 days 00:00:00,100000.0,113185.699649,13.1857,106.633081,100.0,235.046436,15.885056,260 days 00:00:00,2,2,0,0.0,50.0,22.125014,-6.953744,22.125014,-6.953744,273 days 00:00:00,47 days 00:00:00,2.51795,6592.849824,0.320036,0.231305,1.119383,0.205524
COALINDIA,Success,0.00801469999987603,0.00021430000015243422,0.000494000000799133,4.1000000237545464e-05,0.01067479999983334,2010-11-04 09:15:00,2025-06-26 09:15:00,5348 days 00:00:00,100000.0,171077.562303,71.077562,15.063498,100.0,1412.760638,21.159955,4267 days 00:00:00,13,13,0,0.0,46.153846,21.517694,-7.894511,18.022251,-5.923322,71 days 16:00:00,21 days 17:08:34,2.687706,5467.504793,0.45261,0.17994,1.267003,0.282788
COASTCORP,Success,0.0027774000000135857,0.0001557000005050213,0.0004534999998213607,3.04000004689442e-05,0.004962199999681616,2021-10-08 09:15:00,2025-06-26 09:15:00,1357 days 00:00:00,100000.0,63385.646957,-36.614353,-32.09881,100.0,216.941085,43.956082,1177 days 00:00:00,3,3,0,0.0,0.0,-11.559068,-18.335845,0.0,-13.873875,0 days 00:00:00,46 days 08:00:00,0.0,-12204.784348,-0.649986,-0.266546,0.706654,-0.349149
COCHINSHIP,Success,0.00447359999998298,0.00018499999987398041,0.000476899999739544,3.390000074432464e-05,0.006848099999842816,2017-08-11 09:15:00,2025-06-26 09:15:00,2876 days 00:00:00,100000.0,164999.518587,64.999519,691.896212,100.0,385.034797,12.727926,2182 days 00:00:00,3,3,0,0.0,66.666667,32.273681,-4.821191,32.141055,-4.821191,28 days 12:00:00,33 days 00:00:00,13.982056,21666.506196,0.806435,0.525263,2.672831,0.510098
COFFEEDAY,Success,0.004300099999454687,0.00018559999989520293,0.0004487000005610753,3.1800000215298496e-05,0.006609999999454885,2015-11-02 09:15:00,2025-06-26 09:15:00,3524 days 00:00:00,100000.0,132692.09021,32.69209,-86.071363,100.0,132.805558,9.459085,33 days 00:00:00,1,1,0,0.0,100.0,32.964076,32.964076,32.964076,0.0,53 days 00:00:00,0 days 00:00:00,inf,32692.09021,0.496972,0.373506,2.535,0.282757
COFORGE,Success,0.008981900000435417,0.00026499999967199983,0.0004967999993823469,4.290000015316764e-05,0.011579199999687262,2004-08-30 09:15:00,2025-06-26 09:15:00,7605 days 00:00:00,100000.0,93202.611008,-6.797389,10814.587078,100.0,1353.515175,55.405154,6799 days 00:00:00,13,13,0,0.0,30.769231,32.048991,-13.595491,24.39291,-9.630525,58 days 00:00:00,45 days 18:40:00,0.929926,-522.876076,0.036913,-0.006208,1.022168,0.018255
COLPAL,Success,0.008472200000142038,0.000215099999877566,0.00046689999999216525,3.80000001314329e-05,0.011347999999998137,2007-12-17 09:15:00,2025-06-26 09:15:00,6401 days 00:00:00,100000.0,190733.122718,90.733123,1124.272063,100.0,2617.118669,17.278283,2848 days 00:00:00,15,15,0,0.0,46.666667,27.671713,-10.152336,17.76378,-5.610852,89 days 06:51:25,30 days 06:00:00,2.101979,6048.874848,0.498971,0.221788,1.259252,0.332438
COMPUSOFT,Success,0.0073088999997708015,0.00021440000000438886,0.0004963999999745283,3.790000027947826e-05,0.009694600000329956,2012-03-02 09:15:00,2025-06-26 09:15:00,4864 days 00:00:00,100000.0,123817.067281,23.817067,70.230769,100.0,425.62681,33.161401,1232 days 00:00:00,4,4,0,0.0,50.0,38.764021,-15.534615,31.181614,-14.690514,63 days 00:00:00,30 days 12:00:00,1.742771,5954.26682,0.200878,0.049721,1.198504,0.063294
COMSYN,Success,0.002125799999703304,0.0001483999994889018,0.0004194000002826215,2.6300000172341242e-05,0.0038277999992715195,2024-01-23 09:15:00,2025-06-26 09:15:00,520 days 00:00:00,100000.0,100000.0,0.0,61.570254,100.0,0.0,0.0,,0,0,0,0.0,,,,,,,,,,,,,
CONCOR,Success,0.009597499999472348,0.0002660999998624902,0.000588199999583594,6.179999945743475e-05,0.012539399999695888,1999-01-05 09:15:00,2025-06-26 09:15:00,9669 days 00:00:00,100000.0,103586.649625,3.58665,2974.169408,100.0,2896.626952,63.707047,7728 days 00:00:00,21,21,0,0.0,28.571429,30.74075,-16.241027,24.276507,-7.783764,65 days 16:00:00,49 days 06:24:00,1.019812,170.792839,0.070448,0.002249,1.036948,0.034959
CONCORDBIO,Success,0.002439099999719474,0.00015359999997599516,0.00042269999994459795,4.329999956098618e-05,0.004536299999926996,2023-08-18 09:15:00,2025-06-26 09:15:00,678 days 00:00:00,100000.0,102447.56868,2.447569,90.77217,100.0,305.73195,22.632191,139 days 00:00:00,3,3,0,0.0,33.333333,24.196361,-10.042166,24.196361,-8.907237,35 days 00:00:00,15 days 12:00:00,1.126133,815.856227,0.165899,0.058792,1.092275,0.062299
CONFIPET,Success,0.004150199999457982,0.00018309999995835824,0.00047220000033121323,3.65999994755839e-05,0.006351499999254884,2019-06-13 09:15:00,2025-06-26 09:15:00,2205 days 00:00:00,100000.0,112127.272862,12.127273,40.583749,100.0,505.09883,25.37596,919 days 00:00:00,5,5,0,0.0,40.0,30.641859,-12.688871,27.210567,-11.186563,21 days 12:00:00,44 days 08:00:00,1.339774,2425.454572,0.20151,0.076617,1.140621,0.113032
CONSOFINVT,Success,0.008694099999956961,0.00022459999945567688,0.0004866999997830135,4.060000082972692e-05,0.011251699999775155,2005-03-29 09:15:00,2025-06-26 09:15:00,7394 days 00:00:00,100000.0,50316.937194,-49.683063,324.41208,100.0,587.664164,64.573764,7394 days 00:00:00,11,11,0,0.0,18.181818,37.284118,-22.131757,33.695048,-12.823081,47 days 12:00:00,60 days 00:00:00,0.356564,-4516.642073,-0.252197,-0.056015,0.865028,-0.117969
CONTROLPR,Success,0.004883999999947264,0.00018079999972542282,0.0004484000000957167,3.389999983482994e-05,0.007583900000099675,2016-06-24 09:15:00,2025-06-26 09:15:00,3289 days 00:00:00,100000.0,174755.978815,74.755979,171.154185,100.0,637.996294,23.607236,194 days 00:00:00,5,5,0,0.0,60.0,35.255615,-12.493703,31.113499,-11.409249,137 days 00:00:00,25 days 12:00:00,3.748812,14951.195763,0.49325,0.27582,1.276214,0.284612
CORALFINAC,Success,0.004155700000410434,0.00017329999991488876,0.00044359999992593657,3.060000017285347e-05,0.006401700000424171,2017-03-29 09:15:00,2025-06-26 09:15:00,3011 days 00:00:00,100000.0,114977.70087,14.977701,29.410112,100.0,198.554778,23.622095,2714 days 00:00:00,2,2,0,0.0,50.0,38.071131,-16.391719,38.071131,-16.391719,26 days 00:00:00,5 days 00:00:00,1.904906,7488.850435,0.224296,0.073582,1.529072,0.076709
CORDSCABLE,Success,0.007968100000653067,0.00021290000040607993,0.0004892000006293529,5.419999979494605e-05,0.010585600000013073,2008-02-13 09:15:00,2025-06-26 09:15:00,6343 days 00:00:00,100000.0,230790.859118,130.790859,47.687343,100.0,1707.707511,49.753864,3292 days 00:00:00,13,13,0,0.0,46.153846,44.949753,-17.743751,36.900209,-13.479593,72 days 00:00:00,30 days 10:17:08,2.114997,10060.835317,0.3383,0.103709,1.215958,0.232133
COROMANDEL,Success,0.008413800000198535,0.00022619999981543515,0.0005186999997022212,8.369999977730913e-05,0.01118659999974625,2009-10-12 09:15:00,2025-06-26 09:15:00,5736 days 00:00:00,100000.0,119594.768559,19.594769,2030.0,100.0,1651.535904,37.796558,2801 days 00:00:00,12,12,0,0.0,33.333333,34.790832,-12.03809,23.705679,-7.693366,83 days 00:00:00,27 days 00:00:00,1.213196,1632.89738,0.161518,0.03088,1.087111,0.089685
COSMOFIRST,Success,0.009772999999768217,0.0002578000003268244,0.0004762999997183215,4.4499999603431206e-05,0.012732600000163075,1999-01-01 09:15:00,2025-06-26 09:15:00,9673 days 00:00:00,100000.0,665836.909632,565.83691,35172.727273,100.0,7373.383912,54.433083,3437 days 00:00:00,21,21,0,0.0,47.619048,63.696393,-19.318423,41.770629,-12.706274,102 days 14:23:59,48 days 04:21:49,2.174196,26944.614744,0.47022,0.139561,1.259247,0.347864
COUNCODOS,Success,0.004873200000474753,0.00018480000017007114,0.0004616999995050719,3.790000027947826e-05,0.007190999999693304,2012-08-31 09:15:00,2025-06-26 09:15:00,4682 days 00:00:00,100000.0,159279.142408,59.279142,464.0,100.0,990.131182,28.530028,2137 days 00:00:00,9,8,1,-12769.170099,50.0,36.770028,-13.928627,31.79922,-12.71881,29 days 12:00:00,11 days 06:00:00,2.142626,9006.039063,0.360296,0.142036,1.316101,0.186036
CPCAP,Success,0.007082299999638053,0.0002445999998599291,0.000481999999465188,3.990000004705507e-05,0.009701100000711449,2011-11-16 09:15:00,2025-06-26 09:15:00,4971 days 00:00:00,100000.0,75734.207972,-24.265792,-1.639747,100.0,626.114472,41.394294,3990 days 00:00:00,8,8,0,0.0,25.0,30.86523,-20.043244,28.66169,-11.887213,94 days 00:00:00,32 days 16:00:00,0.611512,-3033.224003,-0.084295,-0.049764,0.946823,-0.033626
CRAFTSMAN,Success,0.0028722999995807186,0.000318899999911082,0.0006150999997771578,3.0899999728717376e-05,0.005278099999486585,2021-03-25 09:15:00,2025-06-26 09:15:00,1554 days 00:00:00,100000.0,91371.368788,-8.628631,281.16467,100.0,416.326401,25.110264,1359 days 00:00:00,4,4,0,0.0,25.0,22.625878,-10.454973,22.625878,-9.13174,42 days 00:00:00,16 days 00:00:00,0.718355,-2157.157803,-0.228735,-0.084921,0.819016,-0.082868
CREATIVE,Success,0.0036644000001615495,0.0001649999994697282,0.00045259999933477957,3.319999996165279e-05,0.005805700000564684,2019-08-05 09:15:00,2025-06-26 09:15:00,2152 days 00:00:00,100000.0,113747.536032,13.747536,931.019248,100.0,627.433553,38.202792,1184 days 00:00:00,6,6,0,0.0,33.333333,41.564574,-13.333624,35.240628,-10.856444,40 days 12:00:00,67 days 18:00:00,1.285799,2291.256005,0.210492,0.059013,1.088716,0.171401
CREATIVEYE,Success,0.008365499999854364,0.0002747999997154693,0.0009041000002980581,4.459999945538584e-05,0.011312999999972817,2000-12-20 09:15:00,2025-06-26 09:15:00,8954 days 00:00:00,100000.0,97285.408607,-2.714591,-84.27457,100.0,1030.297522,51.495091,8522 days 00:00:00,12,12,0,0.0,33.333333,58.334119,-28.762174,38.157858,-14.49988,81 days 12:00:00,39 days 00:00:00,0.974576,-226.215949,0.087326,-0.002866,1.055019,0.048223
CREDITACC,Success,0.004262800000105926,0.0001750999999785563,0.0004625000001396984,3.329999981360743e-05,0.006541599999764003,2018-08-23 09:15:00,2025-06-26 09:15:00,2499 days 00:00:00,100000.0,122707.924264,22.707924,181.151529,100.0,439.904794,22.241942,2299 days 00:00:00,4,4,0,0.0,50.0,32.938829,-17.95752,27.264902,-12.304561,35 days 00:00:00,2 days 12:00:00,1.778084,5676.981066,0.378615,0.138971,1.516648,0.066928
CREST,Success,0.004536000000371132,0.00018400000044493936,0.0005136999998285319,3.689999994094251e-05,0.006780300000173156,2014-10-31 09:15:00,2025-06-26 09:15:00,3891 days 00:00:00,100000.0,75272.713909,-24.727286,753.779442,100.0,381.692064,38.509328,3891 days 00:00:00,5,5,0,0.0,20.0,40.091701,-20.012883,40.091701,-14.105719,26 days 00:00:00,19 days 06:00:00,0.497347,-4945.457218,-0.311799,-0.071002,0.751591,-0.099237
CRISIL,Success,0.010317100000065693,0.0002583999994385522,0.000505199999679462,4.460000036488054e-05,0.012893199999780336,1999-01-01 09:15:00,2025-06-26 09:15:00,9673 days 00:00:00,100000.0,288224.702936,188.224703,13477.625571,100.0,2252.881638,24.713539,536 days 00:00:00,13,13,0,0.0,53.846154,33.134367,-14.959198,25.336557,-7.705933,176 days 13:42:51,18 days 04:00:00,3.58706,14478.823303,0.404669,0.169358,1.216456,0.25047
CROMPTON,Success,0.004816100000425649,0.0001812999998946907,0.0004951000000801287,4.3000000005122274e-05,0.007113599999684084,2016-05-13 09:15:00,2025-06-26 09:15:00,3331 days 00:00:00,100000.0,82631.421986,-17.368578,164.119601,100.0,543.100645,26.042323,1569 days 00:00:00,6,6,0,0.0,16.666667,18.407369,-8.088949,18.407369,-6.720953,63 days 00:00:00,16 days 14:24:00,0.472844,-2894.763002,-0.247219,-0.080823,0.817194,-0.08662
CROWN,Success,0.0034342999997534207,0.00019700000029843068,0.0004891999997198582,3.620000006776536e-05,0.0059517999998206506,2016-09-27 09:15:00,2025-06-26 09:15:00,3194 days 00:00:00,100000.0,106967.48539,6.967485,74.220183,100.0,229.108143,22.650806,331 days 00:00:00,2,2,0,0.0,50.0,22.366507,-12.252956,22.366507,-12.252956,49 days 00:00:00,50 days 00:00:00,1.459821,3483.742695,0.203237,0.071262,1.117059,0.119491
CSBBANK,Success,0.003310799999781011,0.00037350000002334127,0.0004590999997162726,5.430000055639539e-05,0.005785700000160432,2019-12-04 09:15:00,2025-06-26 09:15:00,2031 days 00:00:00,100000.0,121965.676562,21.965677,31.04483,100.0,447.910416,11.66623,1342 days 00:00:00,4,4,0,0.0,50.0,23.334125,-9.374674,20.207535,-7.69287,58 days 12:00:00,7 days 00:00:00,2.248382,5491.41914,0.538527,0.315821,1.41809,0.246396
CSLFINANCE,Success,0.0028079000003344845,0.00015189999976428226,0.00043139999979757704,2.750000021478627e-05,0.004316000000471831,2022-07-21 09:15:00,2025-06-26 09:15:00,1071 days 00:00:00,100000.0,100000.0,0.0,45.357461,100.0,0.0,0.0,,0,0,0,0.0,,,,,,,,,,,,,
CTE,Success,0.007990000000063446,0.00020709999989776406,0.0004445000004125177,4.170000011072261e-05,0.010653199999978824,2007-02-07 09:15:00,2025-06-26 09:15:00,6714 days 00:00:00,100000.0,73427.665024,-26.572335,-55.500496,100.0,915.185123,54.266567,3433 days 00:00:00,10,10,0,0.0,20.0,48.194945,-15.541007,42.992715,-11.706123,67 days 12:00:00,38 days 06:00:00,0.707689,-2657.233498,-0.08536,-0.032972,0.947305,-0.048333
CUB,Success,0.010563099999671977,0.0002586999999039108,0.0005120000005263137,4.669999998441199e-05,0.01322240000081365,1999-01-01 09:15:00,2025-06-26 09:15:00,9673 days 00:00:00,100000.0,63941.174232,-36.058826,19985.344846,100.0,1143.790768,53.168304,8359 days 00:00:00,18,18,0,0.0,22.222222,34.560207,-18.602012,25.625577,-8.910279,89 days 00:00:00,33 days 13:42:51,0.600154,-2003.268098,-0.108927,-0.032378,0.931338,-0.041197
CUBEXTUB,Success,0.008682600000611274,0.0002943999998024083,0.0005101999995531514,4.2499999835854396e-05,0.011890700000549259,1999-01-01 09:15:00,2025-06-26 09:15:00,9673 days 00:00:00,100000.0,424624.301573,324.624302,6961.333333,100.0,3401.425291,46.249653,5437 days 00:00:00,14,14,0,0.0,57.142857,46.732204,-38.219137,37.310365,-15.341611,57 days 06:00:00,18 days 04:00:00,2.544039,23187.450112,0.534203,0.216593,1.383655,0.223988
CUMMINSIND,Success,0.011068899999372661,0.0002688000004127389,0.0005050999998275074,4.600000011123484e-05,0.013824000000568049,1994-11-03 09:15:00,2025-06-26 09:15:00,11193 days 00:00:00,100000.0,93079.729011,-6.920271,7146.827866,100.0,1370.388201,55.191149,10325 days 00:00:00,19,19,0,0.0,31.578947,32.622731,-12.161292,20.511863,-8.425916,40 days 12:00:00,51 days 18:27:41,0.917241,-364.224789,0.024549,-0.004395,1.014708,0.011713
CUPID,Success,0.0042983000003005145,0.00017779999961931026,0.000444499999503023,3.2899999496294186e-05,0.00680359999932989,2016-09-16 09:15:00,2025-06-26 09:15:00,3205 days 00:00:00,100000.0,143430.543341,43.430543,709.212156,100.0,547.335004,31.397932,443 days 00:00:00,6,5,1,17606.946511,40.0,59.835593,-18.514711,43.984748,-14.661058,246 days 12:00:00,79 days 00:00:00,1.507353,5164.719366,0.296389,0.135979,1.123115,0.314758
CURAA,Success,0.0018370999996477622,0.00014229999942472205,0.0003851000001304783,2.6899999284069054e-05,0.003267799999775889,2025-03-24 09:15:00,2025-06-26 09:15:00,94 days 00:00:00,100000.0,100000.0,0.0,514.912637,100.0,0.0,0.0,,0,0,0,0.0,,,,,,,,,,,,,
CYBERMEDIA,Success,0.007136199999877135,0.00019699999938893598,0.00044919999982084846,3.5600000046542846e-05,0.009432599999854574,2005-06-10 09:15:00,2025-06-26 09:15:00,7321 days 00:00:00,100000.0,37195.634016,-62.804366,-83.552197,100.0,348.929645,72.699743,5671 days 00:00:00,6,6,0,0.0,0.0,-11.492114,-21.322306,0.0,-14.969937,0 days 00:00:00,67 days 12:00:00,0.0,-10467.394331,-0.368798,-0.09144,0.771489,-0.168322
CYBERTECH,Success,0.010044900000139023,0.000276099999609869,0.000497699999868928,3.950000063923653e-05,0.013014699999985169,1999-01-27 09:15:00,2025-06-26 09:15:00,9647 days 00:00:00,100000.0,188261.86526,88.261865,-9.444444,100.0,1236.768147,46.36207,2537 days 00:00:00,11,11,0,0.0,45.454545,55.254247,-22.244029,40.009697,-15.55312,65 days 04:48:00,38 days 12:00:00,1.878273,8023.805933,0.241964,0.056526,1.200589,0.111289
CYIENT,Success,0.004889799999546085,0.00018849999923986616,0.0005438999996840721,3.96999994336511e-05,0.007242299999234092,2014-05-22 09:15:00,2025-06-26 09:15:00,4053 days 00:00:00,100000.0,93952.018017,-6.047982,352.892867,100.0,457.410791,18.51114,2440 days 00:00:00,5,5,0,0.0,20.0,25.469203,-7.653868,25.469203,-6.738932,5 days 00:00:00,36 days 18:00:00,0.771589,-1209.596397,-0.030536,-0.030851,0.965173,-0.013749
CYIENTDLM,Success,0.002725099999224767,0.00014800000008108327,0.0004518000005191425,2.8499999643827323e-05,0.004310000000259606,2023-07-10 09:15:00,2025-06-26 09:15:00,717 days 00:00:00,100000.0,100000.0,0.0,11.768899,100.0,0.0,0.0,,0,0,0,0.0,,,,,,,,,,,,,
DABUR,Success,0.010224999999991269,0.00026020000041171443,0.0004833000002690824,4.270000044925837e-05,0.012903699999696983,1999-01-01 09:15:00,2025-06-26 09:15:00,9673 days 00:00:00,100000.0,124890.50807,24.890508,6445.728945,100.0,1637.472063,51.464516,6429 days 00:00:00,15,15,0,0.0,40.0,34.106055,-20.194504,18.557157,-7.932235,114 days 20:00:00,134 days 02:40:00,1.308904,1659.367205,0.131819,0.016708,1.056059,0.080062
DALBHARAT,Success,0.009501600000476174,0.0002722999997786246,0.0005088000007162918,4.170000011072261e-05,0.012337299999671814,2004-09-15 09:15:00,2025-06-26 09:15:00,7589 days 00:00:00,100000.0,165014.826175,65.014826,2783.573642,100.0,1389.606826,34.0164,5699 days 00:00:00,11,11,0,0.0,45.454545,28.8276,-16.83498,24.886622,-9.216229,37 days 14:24:00,46 days 16:00:00,1.900822,5910.438743,0.32198,0.073912,1.238619,0.144914
DALMIASUG,Success,0.00803859999996348,0.00020809999932680512,0.0004830999996556784,3.950000063923653e-05,0.010523999999350053,2010-10-08 09:15:00,2025-06-26 09:15:00,5375 days 00:00:00,100000.0,133276.870848,33.276871,624.889648,100.0,2108.175634,40.974212,1409 days 00:00:00,14,13,1,-2636.167016,30.769231,62.648622,-13.594635,41.246765,-10.734132,49 days 06:00:00,43 days 10:39:59,1.209953,2762.541374,0.197882,0.049035,1.12221,0.118187
DAMCAPITAL,Success,0.0020165999994787853,0.00017669999942881986,0.0004602999997587176,6.309999935183441e-05,0.003711199999997916,2024-12-27 09:15:00,2025-06-26 09:15:00,181 days 00:00:00,100000.0,100000.0,0.0,-39.147193,100.0,0.0,0.0,,0,0,0,0.0,,,,,,,,,,,,,
DAMODARIND,Success,0.004352400000243506,0.0001716999995551305,0.0004459999991013319,3.1099999432626646e-05,0.006875300000501738,2016-07-04 09:15:00,2025-06-26 09:15:00,3279 days 00:00:00,100000.0,115735.874912,15.735875,-2.054795,100.0,578.195951,33.857332,1177 days 00:00:00,5,5,0,0.0,40.0,39.374984,-18.843817,37.658912,-14.79689,71 days 00:00:00,56 days 00:00:00,1.277172,3147.174982,0.18051,0.04936,1.111414,0.095266
DANGEE,Success,0.0029475999999704072,0.0001685999995970633,0.0004470999992918223,2.919999951700447e-05,0.0050602000001163105,2020-11-13 09:15:00,2025-06-26 09:15:00,1686 days 00:00:00,100000.0,136876.89288,36.876893,-41.032019,100.0,137.004581,7.444679,14 days 00:00:00,1,1,0,0.0,100.0,37.154363,37.154363,37.154363,0.0,81 days 00:00:00,0 days 00:00:00,inf,36876.89288,0.720529,0.960827,1.851363,0.407493
DATAMATICS,Success,0.009130299999924318,0.00023010000040812884,0.0005622000007861061,4.170000011072261e-05,0.0117259999997259,2004-05-07 09:15:00,2025-06-26 09:15:00,7720 days 00:00:00,100000.0,52233.752157,-47.766248,281.456753,100.0,782.23108,55.495608,7213 days 00:00:00,12,12,0,0.0,16.666667,45.412365,-19.690272,43.731159,-12.569165,44 days 00:00:00,42 days 02:24:00,0.489407,-3980.520654,-0.153348,-0.055671,0.898592,-0.075103
DATAPATTNS,Success,0.002821600000061153,0.00016649999997753184,0.0005313999999998487,4.079999962414149e-05,0.005023799999435141,2021-12-24 09:15:00,2025-06-26 09:15:00,1280 days 00:00:00,100000.0,106705.430105,6.70543,279.139073,100.0,316.479046,11.796863,317 days 00:00:00,3,3,0,0.0,33.333333,32.423757,-11.703488,32.423757,-9.890894,50 days 00:00:00,25 days 00:00:00,1.299078,2235.143368,0.234323,0.160865,1.154786,0.135077
DAVANGERE,Success,0.002176599999984319,0.0002365000000281725,0.0005120000005263137,3.110000034212135e-05,0.0038850999999340274,2024-01-25 09:15:00,2025-06-26 09:15:00,518 days 00:00:00,100000.0,100000.0,0.0,-64.099841,100.0,0.0,0.0,,0,0,0,0.0,,,,,,,,,,,,,
DBCORP,Success,0.008198100000299746,0.00023120000059861923,0.0005057999997006846,3.569999989849748e-05,0.010776999999507098,2010-01-06 09:15:00,2025-06-26 09:15:00,5650 days 00:00:00,100000.0,62963.144734,-37.036855,2.632572,100.0,897.637087,55.200947,4112 days 00:00:00,9,9,0,0.0,11.111111,32.918917,-14.71787,32.918917,-8.653443,246 days 00:00:00,30 days 13:52:30,0.468203,-4115.206141,-0.217567,-0.054311,0.881179,-0.115156
DBEIL,Success,0.0018436000000292552,0.0001395999997839681,0.00038870000025781337,2.719999974942766e-05,0.004357099999651837,2024-10-28 09:15:00,2025-06-26 09:15:00,241 days 00:00:00,100000.0,88030.408677,-11.969591,-9.69435,100.0,88.078107,15.165788,154 days 00:00:00,1,1,0,0.0,0.0,-11.798199,-11.798199,0.0,-11.798199,0 days 00:00:00,27 days 00:00:00,0.0,-11969.591323,-1.045706,-1.16661,0.616806,-0.798504
DBL,Success,0.00450390000059997,0.00017500000012660166,0.00041569999939383706,4.3399999412940815e-05,0.0066493000003902125,2016-08-11 09:15:00,2025-06-26 09:15:00,3241 days 00:00:00,100000.0,140607.984797,40.607985,103.038729,100.0,803.022699,23.571744,416 days 00:00:00,6,6,0,0.0,50.0,27.543692,-11.738213,25.311351,-10.184388,66 days 00:00:00,47 days 08:00:00,1.907446,6767.997466,0.332988,0.169123,1.217743,0.157285
DBOL,Success,0.0024523000001863693,0.0001556999995955266,0.00043740000000980217,2.8200000087963417e-05,0.004505199999584875,2022-09-08 09:15:00,2025-06-26 09:15:00,1022 days 00:00:00,100000.0,121278.340454,21.27834,-51.903632,100.0,121.283091,1.579258,4 days 00:00:00,1,1,0,0.0,100.0,21.546015,21.546015,21.546015,0.0,23 days 00:00:00,0 days 00:00:00,inf,21278.340454,1.458355,4.587895,7.489518,0.970745
DBREALTY,Success,0.008323600000039733,0.00023009999949863413,0.0004832999993595877,4.160000025876798e-05,0.010774899999887566,2010-02-24 09:15:00,2025-06-26 09:15:00,5601 days 00:00:00,100000.0,124844.947092,24.844947,-48.998248,100.0,945.199458,39.087784,3461 days 00:00:00,11,11,0,0.0,36.363636,41.328382,-15.558822,37.682441,-13.716838,19 days 00:00:00,19 days 00:00:00,1.287146,2258.631554,0.181148,0.037956,1.160629,0.088457
DBSTOCKBRO,Success,0.0076310000004014,0.00019810000048892107,0.0005006999999750406,3.749999996216502e-05,0.009955900000022666,2012-02-29 09:15:00,2025-06-26 09:15:00,4866 days 00:00:00,100000.0,83397.415045,-16.602585,-66.509764,100.0,564.869311,32.155879,679 days 00:00:00,6,6,0,0.0,16.666667,37.739885,-16.472944,37.739885,-9.094905,9 days 00:00:00,60 days 00:00:00,0.645361,-2767.097492,-0.019773,-0.048379,0.987917,-0.008089
DCAL,Success,0.004661899999518937,0.00029689999973925296,0.000461399999949208,3.6499999623629265e-05,0.0071455999996032915,2017-09-21 09:15:00,2025-06-26 09:15:00,2835 days 00:00:00,100000.0,69510.922331,-30.489078,-30.166168,100.0,462.606812,43.101656,2676 days 00:00:00,6,6,0,0.0,16.666667,34.062928,-18.583386,34.062928,-12.038802,91 days 00:00:00,28 days 14:24:00,0.414549,-5081.512945,-0.292595,-0.107981,0.833641,-0.140998
DCBBANK,Success,0.009028600000419829,0.0002341999997952371,0.0004954000005454873,3.749999996216502e-05,0.011690400000588852,2006-11-02 09:15:00,2025-06-26 09:15:00,6811 days 00:00:00,100000.0,45748.69015,-54.25131,203.150112,100.0,1058.772455,61.337695,5624 days 00:00:00,15,15,0,0.0,13.333333,31.095787,-11.968273,23.272374,-8.56765,55 days 12:00:00,12 days 16:36:55,0.387688,-3616.75399,-0.396244,-0.068252,0.710733,-0.12438
DCI,Success,0.0022951999999349937,0.0001525999996374594,0.0005077000005258014,3.0500000320898835e-05,0.004677699999774632,2022-10-19 09:15:00,2025-06-26 09:15:00,981 days 00:00:00,100000.0,101549.62329,1.549623,344.393255,100.0,216.871366,11.899216,589 days 00:00:00,2,2,0,0.0,50.0,15.504944,-11.73343,15.504944,-11.73343,21 days 00:00:00,2 days 00:00:00,1.112982,774.811645,0.118412,0.048967,1.124052,0.033163
DCM,Success,0.00937080000039714,0.00024300000040966552,0.0004871000001003267,4.289999924367294e-05,0.012310899999647518,1999-01-01 09:15:00,2025-06-26 09:15:00,9673 days 00:00:00,100000.0,75487.415446,-24.512585,3826.131279,100.0,2003.413226,79.627428,9404 days 00:00:00,22,22,0,0.0,27.272727,127.878974,-27.205067,54.359391,-15.472095,133 days 16:00:00,55 days 21:00:00,0.909933,-1114.208389,0.08066,-0.014675,1.036577,0.057557
DCMFINSERV,Success,0.004683899999690766,0.00017659999957686523,0.00044190000062371837,3.710000055434648e-05,0.0070666999999957625,2006-11-01 09:15:00,2025-06-26 09:15:00,6812 days 00:00:00,100000.0,73479.246937,-26.520753,158.518519,100.0,404.704,51.610565,6691 days 00:00:00,6,6,0,0.0,16.666667,37.095314,-20.075141,37.095314,-11.401078,117 days 00:00:00,12 days 04:47:59,0.427136,-4420.12551,-0.295387,-0.070245,0.806744,-0.102681
DCMNVL,Success,0.003052199999729055,0.00017740000021149172,0.0005300000002534944,3.170000036334386e-05,0.005357500000172877,2019-07-16 09:15:00,2025-06-26 09:15:00,2172 days 00:00:00,100000.0,171783.214647,71.783215,240.670492,100.0,305.033337,11.632792,31 days 00:00:00,2,2,0,0.0,100.0,33.567914,29.210644,31.389279,0.0,41 days 12:00:00,0 days 00:00:00,inf,35891.607324,0.893459,0.83253,2.176024,0.371793
DCMSHRIRAM,Success,0.00724629999967874,0.00018789999921864364,0.00047420000009879004,3.4499999856052455e-05,0.009557200000017474,2014-03-13 09:15:00,2025-06-26 09:15:00,4123 days 00:00:00,100000.0,101395.843908,1.395844,1524.72973,100.0,345.064219,28.833087,1148 days 00:00:00,3,3,0,0.0,33.333333,27.543189,-12.719105,27.543189,-10.5397,21 days 00:00:00,224 days 12:00:00,1.053979,465.281303,0.081732,0.004347,1.044722,0.04296
DCMSRIND,Success,0.0027234999997745035,0.00015830000029382063,0.0004303999994590413,3.0100000003585592e-05,0.00472769999942102,2021-12-24 09:15:00,2025-06-26 09:15:00,1280 days 00:00:00,100000.0,76832.606071,-23.167394,87.818788,100.0,164.583651,23.998619,377 days 00:00:00,2,2,0,0.0,0.0,-12.156186,-12.195978,0.0,-12.176082,0 days 00:00:00,71 days 00:00:00,0.0,-11583.696965,-0.585234,-0.306248,0.760502,-0.386878
DCW,Success,0.009752900000421505,0.0002733000001171604,0.000587200000154553,4.160000025876798e-05,0.012486000000535569,1999-01-01 09:15:00,2025-06-26 09:15:00,9673 days 00:00:00,100000.0,42632.18343,-57.367817,4386.592179,100.0,716.373389,64.490328,9304 days 00:00:00,12,12,0,0.0,25.0,39.526685,-33.163608,34.454435,-17.023722,40 days 16:00:00,43 days 08:00:00,0.482667,-4780.651381,-0.120908,-0.050301,0.904769,-0.045091
DCXINDIA,Success,0.002637999999933527,0.00016150000010384247,0.000545599999895785,3.2699999792384915e-05,0.004925000000184809,2022-11-11 09:15:00,2025-06-26 09:15:00,958 days 00:00:00,100000.0,115924.443079,15.924443,-10.487926,100.0,247.328747,12.773058,318 days 00:00:00,2,2,0,0.0,50.0,31.981608,-11.785495,31.981608,-11.785495,21 days 00:00:00,8 days 00:00:00,2.013175,7962.221539,0.609551,0.460151,1.892293,0.216474
DDEVPLSTIK,Success,0.0018165999999837368,0.00014349999946716707,0.00038419999964389717,2.570000015111873e-05,0.0032369000000471715,2025-01-15 09:15:00,2025-06-26 09:15:00,162 days 00:00:00,100000.0,100000.0,0.0,4.308521,100.0,0.0,0.0,,0,0,0,0.0,,,,,,,,,,,,,
DECCANCE,Success,0.008238299999902665,0.00022820000049250666,0.0006148000002212939,4.529999932856299e-05,0.010900500000389002,2007-08-02 09:15:00,2025-06-26 09:15:00,6538 days 00:00:00,100000.0,73295.270672,-26.704729,965.303704,100.0,1001.833805,53.637185,3159 days 00:00:00,12,12,0,0.0,16.666667,46.813466,-11.590063,38.85966,-8.982465,69 days 00:00:00,43 days 21:35:59,0.673046,-2225.394111,-0.091705,-0.034213,0.946788,-0.044518
DEEDEV,Success,0.002041800000370131,0.00017180000031657983,0.0005085000002509332,2.7800000680144876e-05,0.0036443999997572973,2024-06-26 09:15:00,2025-06-26 09:15:00,365 days 00:00:00,100000.0,100000.0,0.0,-6.611598,100.0,0.0,0.0,,0,0,0,0.0,,,,,,,,,,,,,
DEEPAKFERT,Success,0.01029000000016822,0.00025519999962853035,0.0007201999997050734,4.6799999836366624e-05,0.01349110000046494,1999-01-01 09:15:00,2025-06-26 09:15:00,9673 days 00:00:00,100000.0,90630.92236,-9.369078,10274.900059,100.0,1788.037456,51.052357,7703 days 00:00:00,20,20,0,0.0,35.0,36.308373,-18.296972,25.784647,-11.908509,68 days 06:51:25,31 days 00:00:00,0.937829,-468.453882,0.022786,-0.007409,1.013039,0.010606
DEEPAKNTR,Success,0.007389100000182225,0.00022929999977350235,0.0005475000007209019,4.309999985707691e-05,0.010202500000559667,2010-09-29 09:15:00,2025-06-26 09:15:00,5384 days 00:00:00,100000.0,148731.092176,48.731092,11007.727016,100.0,1890.812921,30.94306,614 days 00:00:00,15,15,0,0.0,40.0,28.892594,-14.806462,24.900874,-9.504451,61 days 04:00:00,41 days 00:00:00,1.438132,3248.739478,0.271346,0.093162,1.140109,0.159375
DEEPINDS,Success,0.0031439999993381207,0.0001596000001882203,0.0005086999999548425,3.5600000046542846e-05,0.005550900000343972,2021-04-27 09:15:00,2025-06-26 09:15:00,1521 days 00:00:00,100000.0,73303.775378,-26.696225,2433.14621,100.0,553.047585,45.404467,1113 days 00:00:00,6,6,0,0.0,16.666667,45.198933,-19.302733,45.198933,-12.489245,39 days 00:00:00,58 days 00:00:00,0.590474,-4449.37077,-0.187398,-0.160245,0.927287,-0.161292
DELHIVERY,Success,0.0026100000004589674,0.00016520000008313218,0.0004533000001174514,3.0499999411404133e-05,0.004733200000373472,2022-05-24 09:15:00,2025-06-26 09:15:00,1129 days 00:00:00,100000.0,79624.375124,-20.375625,-28.2558,100.0,258.386733,20.434626,605 days 00:00:00,3,3,0,0.0,0.0,-6.279443,-8.72881,0.0,-7.127527,0 days 00:00:00,34 days 00:00:00,0.0,-6791.874959,-0.868323,-0.352082,0.600163,-0.326111
DELPHIFX,Success,0.007178599999861035,0.00019939999947382603,0.00046629999997094274,4.42000000475673e-05,0.009571099999448052,2011-07-12 09:15:00,2025-06-26 09:15:00,5098 days 00:00:00,100000.0,70144.235318,-29.855765,84.144248,100.0,551.152864,43.539546,1954 days 00:00:00,6,6,0,0.0,16.666667,28.941161,-14.66977,28.941161,-11.24166,58 days 00:00:00,15 days 04:47:59,0.466957,-4975.96078,-0.207436,-0.064687,0.827992,-0.070182
DELTACORP,Success,0.008224700000027951,0.00022850000004837057,0.0006276000003708759,4.020000051241368e-05,0.010801400000673311,2008-12-11 09:15:00,2025-06-26 09:15:00,6041 days 00:00:00,100000.0,84885.207187,-15.114793,279.157895,100.0,647.930952,61.438549,5288 days 00:00:00,10,10,0,0.0,30.0,33.906495,-26.503679,27.770301,-11.529743,69 days 16:00:00,27 days 13:42:51,0.760786,-1511.479281,-0.014429,-0.016375,0.990801,-0.00611
DELTAMAGNT,Success,0.004967699999724573,0.00018759999966277974,0.0004895000001852168,3.6499999623629265e-05,0.007493600000088918,2008-12-22 09:15:00,2025-06-26 09:15:00,6030 days 00:00:00,100000.0,177933.124966,77.933125,887.244898,100.0,1081.994265,34.525682,1061 days 00:00:00,8,8,0,0.0,50.0,42.210494,-18.129781,36.77772,-15.13996,42 days 18:00:00,45 days 06:00:00,1.923044,9741.640621,0.384071,0.154628,1.244463,0.250171
DEN,Success,0.007953600000291772,0.00024089999988063937,0.000531300000147894,4.73000000056345e-05,0.010461400000167487,2009-11-24 09:15:00,2025-06-26 09:15:00,5693 days 00:00:00,100000.0,75295.934764,-24.704065,-76.682985,100.0,965.794176,41.086655,3992 days 00:00:00,11,11,0,0.0,27.272727,33.971041,-12.128393,22.58094,-10.226793,31 days 08:00:00,33 days 00:00:00,0.682636,-2245.824112,-0.11694,-0.044694,0.923696,-0.058375
DENORA,Success,0.007599100000334147,0.0002746999998635147,0.0004670000007536146,3.689999994094251e-05,0.010369700000410376,2007-08-21 09:15:00,2025-06-26 09:15:00,6519 days 00:00:00,100000.0,190945.213103,90.945213,692.009132,100.0,1191.055366,38.934999,2606 days 00:00:00,9,9,0,0.0,44.444444,55.16599,-13.852736,38.519826,-11.777244,123 days 00:00:00,29 days 19:12:00,2.160023,10105.023678,0.317835,0.103265,1.201111,0.20548
DENTA,Success,0.0019094999997832929,0.00014210000063030748,0.0003843000004053465,2.769999991869554e-05,0.0035221000007368275,2025-01-29 09:15:00,2025-06-26 09:15:00,148 days 00:00:00,100000.0,100000.0,0.0,-14.080586,100.0,0.0,0.0,,0,0,0,0.0,,,,,,,,,,,,,
DEVIT,Success,0.003011300000252959,0.00015979999989212956,0.0005184000001463573,2.8899999961140566e-05,0.005439499999738473,2017-04-17 09:15:00,2025-06-26 09:15:00,2992 days 00:00:00,100000.0,175492.10279,75.492103,329.603158,100.0,796.426215,37.29514,944 days 00:00:00,6,6,0,0.0,50.0,40.896922,-13.556972,34.604843,-9.908757,82 days 00:00:00,68 days 08:00:00,2.880977,12582.017132,0.505617,0.27433,1.250055,0.319811
DEVYANI,Success,0.0028505000000222935,0.0001578999999765074,0.00042500000017753337,2.790000053209951e-05,0.004815199999939068,2021-08-16 09:15:00,2025-06-26 09:15:00,1410 days 00:00:00,100000.0,75361.200683,-24.638799,39.165992,100.0,248.236825,24.638799,1410 days 00:00:00,3,3,0,0.0,0.0,-7.156627,-10.145114,0.0,-8.813474,0 days 00:00:00,8 days 00:00:00,0.0,-8212.933106,-1.287121,-0.29075,0.171647,-0.302157
DGCONTENT,Success,0.0029777999998259475,0.00018670000008569332,0.000428999999712687,2.789999962260481e-05,0.005043199999818171,2019-06-18 09:15:00,2025-06-26 09:15:00,2200 days 00:00:00,100000.0,108598.301045,8.598301,195.657895,100.0,379.463977,35.655873,1427 days 00:00:00,3,3,0,0.0,33.333333,47.330876,-15.829942,47.330876,-13.866316,74 days 00:00:00,46 days 00:00:00,1.223713,2866.100348,0.170068,0.040466,1.102419,0.081519
DHAMPURSUG,Success,0.01080439999986993,0.0002764999999271822,0.0005077999994682614,4.089999947609613e-05,0.013681700000233832,1996-01-01 09:15:00,2025-06-26 09:15:00,10769 days 00:00:00,100000.0,72883.978476,-27.116022,215.984634,100.0,2086.301372,58.391944,7385 days 00:00:00,20,20,0,0.0,20.0,72.093967,-18.143534,50.04405,-11.017148,58 days 00:00:00,22 days 18:00:00,0.864265,-1355.801076,-0.002897,-0.01893,0.998027,-0.001152
DHANBANK,Success,0.008416699999543198,0.00023609999971085927,0.0005666999995810329,5.270000019663712e-05,0.011259500000051048,2004-04-01 09:15:00,2025-06-26 09:15:00,7756 days 00:00:00,100000.0,47131.688965,-52.868311,51.689458,100.0,675.469786,58.591411,7756 days 00:00:00,13,12,1,883.697872,16.666667,34.341873,-16.354139,31.958089,-12.163137,185 days 00:00:00,45 days 04:48:00,0.344641,-4479.334076,-0.223463,-0.063507,0.889969,-0.133864
DHANI,Success,0.008602199999586446,0.00025879999975586543,0.0005740999995396123,4.540000009001233e-05,0.011214799999834213,2008-04-02 09:15:00,2025-06-26 09:15:00,6294 days 00:00:00,100000.0,60649.13102,-39.350869,-29.724424,100.0,508.183654,62.839544,4845 days 00:00:00,8,8,0,0.0,12.5,39.340332,-13.35636,39.340332,-10.995089,106 days 00:00:00,27 days 13:42:51,0.30206,-4918.858622,-0.216799,-0.046428,0.833152,-0.08642
DHANUKA,Success,0.008062200000495068,0.00028470000052038813,0.0005084000003989786,3.670000023703324e-05,0.010821599999871978,2011-06-29 09:15:00,2025-06-26 09:15:00,5111 days 00:00:00,100000.0,133565.125072,33.565125,1745.030819,100.0,913.486645,20.313547,2392 days 00:00:00,9,9,0,0.0,44.444444,29.056954,-14.107004,21.799922,-9.008883,38 days 06:00:00,22 days 00:00:00,1.70792,3729.458341,0.273021,0.104901,1.244428,0.094907
DHARMAJ,Success,0.0023823000001357286,0.00015069999972183723,0.00043929999992542434,2.7600000066740904e-05,0.004274200000509154,2022-12-08 09:15:00,2025-06-26 09:15:00,931 days 00:00:00,100000.0,100000.0,0.0,23.79272,100.0,0.0,0.0,,0,0,0,0.0,,,,,,,,,,,,,
DHRUV,Success,0.0026010000001406297,0.0001526000005469541,0.00046329999986483017,5.309999960445566e-05,0.004846499999985099,2021-11-25 09:15:00,2025-06-26 09:15:00,1309 days 00:00:00,100000.0,63173.205284,-36.826795,-19.368684,100.0,288.980691,37.11275,1151 days 00:00:00,4,4,0,0.0,0.0,-6.323993,-15.737382,0.0,-10.600582,0 days 00:00:00,32 days 06:00:00,0.0,-9206.698679,-0.868412,-0.328235,0.65358,-0.523573
DHUNINV,Success,0.007168199999796343,0.00025829999958659755,0.00046969999948487384,3.389999983482994e-05,0.009649699999499717,2011-03-30 09:15:00,2025-06-26 09:15:00,5202 days 00:00:00,100000.0,79798.480973,-20.201519,2090.331796,100.0,710.146666,50.804074,2981 days 00:00:00,6,6,0,0.0,16.666667,62.54663,-15.739983,62.54663,-13.079527,596 days 00:00:00,29 days 00:00:00,0.754857,-3366.919838,-0.013327,-0.034682,0.993302,-0.007594
DIACABS,Success,0.00228030000016588,0.00015250000069499947,0.0004318999999668449,2.8699999347736593e-05,0.004230300000017451,2023-09-18 09:15:00,2025-06-26 09:15:00,647 days 00:00:00,100000.0,77202.502082,-22.797498,5405.579399,100.0,259.996946,22.797498,647 days 00:00:00,3,3,0,0.0,0.0,-4.668274,-11.799955,0.0,-8.041747,0 days 00:00:00,7 days 16:00:00,0.0,-7599.165973,-1.65309,-0.60542,0.233673,-0.551045
DIAMINESQ,Success,0.00242430000071181,0.000158200000441866,0.0005580000006375485,2.969999968627235e-05,0.0042376000001240755,2023-09-25 09:15:00,2025-06-26 09:15:00,640 days 00:00:00,100000.0,100000.0,0.0,-16.588039,100.0,0.0,0.0,,0,0,0,0.0,,,,,,,,,,,,,
DIAMONDYD,Success,0.0042513999997026986,0.00017279999974562088,0.0004442000008566538,3.060000017285347e-05,0.006486499999482476,2017-10-05 09:15:00,2025-06-26 09:15:00,2821 days 00:00:00,100000.0,65620.270196,-34.37973,-12.353365,100.0,309.561063,34.37973,2821 days 00:00:00,4,4,0,0.0,0.0,-6.779784,-12.888766,0.0,-9.855095,0 days 00:00:00,14 days 00:00:00,0.0,-8594.932451,-0.91291,-0.156944,0.298087,-0.185814
DICIND,Success,0.008555000000342261,0.00023379999947792385,0.0005064999995738617,4.219999937049579e-05,0.01108360000034736,2004-09-06 09:15:00,2025-06-26 09:15:00,7598 days 00:00:00,100000.0,202421.050525,102.421051,389.390556,100.0,2630.091229,51.700733,3459 days 00:00:00,17,17,0,0.0,41.176471,39.363653,-16.416649,27.96608,-9.287445,111 days 20:34:17,65 days 19:11:59,1.669975,6024.767678,0.298517,0.068611,1.135612,0.197551
DIFFNKG,Success,0.0022005999999237247,0.0002175999998144107,0.0004490999999688938,3.219999962311704e-05,0.0038144000000102096,2024-10-04 09:15:00,2025-06-26 09:15:00,265 days 00:00:00,100000.0,100000.0,0.0,56.297682,100.0,0.0,0.0,,0,0,0,0.0,,,,,,,,,,,,,
DIGIDRIVE,Success,0.0020881999998891843,0.00014569999984814785,0.00041959999998653075,2.370000038354192e-05,0.0035654000002978137,2024-01-10 09:15:00,2025-06-26 09:15:00,533 days 00:00:00,100000.0,100000.0,0.0,-68.587399,100.0,0.0,0.0,,0,0,0,0.0,,,,,,,,,,,,,
DIGISPICE,Success,0.00702499999988504,0.0002521999995224178,0.0004886999995505903,3.680000008898787e-05,0.009571699999469274,2011-07-26 09:15:00,2025-06-26 09:15:00,5084 days 00:00:00,100000.0,151157.758873,51.157759,-79.615216,100.0,760.629089,27.934993,1668 days 00:00:00,6,6,0,0.0,50.0,43.969079,-20.830493,37.917325,-16.277736,55 days 08:00:00,131 days 16:00:00,1.809263,8526.293146,0.302385,0.117305,1.239364,0.148618
DIGJAMLMTD,Success,0.0026233999997202773,0.00015530000018770806,0.00047589999940100824,2.769999991869554e-05,0.004297400000723428,2021-10-18 09:15:00,2025-06-26 09:15:00,1347 days 00:00:00,100000.0,100000.0,0.0,94.202899,100.0,0.0,0.0,,0,0,0,0.0,,,,,,,,,,,,,
DIL,Success,0.002447500000016589,0.00015460000031453092,0.00039920000017446,2.660000063769985e-05,0.003977499999564316,2022-01-12 09:15:00,2025-06-26 09:15:00,1261 days 00:00:00,100000.0,100000.0,0.0,-96.355865,100.0,0.0,0.0,,0,0,0,0.0,,,,,,,,,,,,,
DISHTV,Success,0.007982999999512685,0.0002206999997724779,0.0004986000003555091,5.650000002788147e-05,0.010822100000041246,2007-04-18 09:15:00,2025-06-26 09:15:00,6644 days 00:00:00,100000.0,55908.794494,-44.091206,-95.190244,100.0,552.969538,52.457484,3251 days 00:00:00,7,7,0,0.0,14.285714,25.050987,-17.513597,25.050987,-12.306566,24 days 00:00:00,54 days 12:00:00,0.305617,-6298.743644,-0.289313,-0.061112,0.813962,-0.097104
DIVGIITTS,Success,0.002375699999902281,0.00015209999946819153,0.0004464999992705998,3.199999991920777e-05,0.0043759999998655985,2023-03-14 09:15:00,2025-06-26 09:15:00,835 days 00:00:00,100000.0,80630.906497,-19.369094,-2.899869,100.0,168.238161,35.53648,583 days 00:00:00,2,2,0,0.0,0.0,-8.530784,-11.59798,0.0,-10.064382,0 days 00:00:00,127 days 12:00:00,0.0,-9684.546752,-0.443311,-0.256774,0.872811,-0.39638
DIVISLAB,Success,0.009007999999994354,0.0002584000003480469,0.0006783999997423962,5.1199999688833486e-05,0.011860999999953492,2003-03-12 09:15:00,2025-06-26 09:15:00,8142 days 00:00:00,100000.0,161023.493959,61.023494,74975.177305,100.0,2461.154223,32.164022,1522 days 00:00:00,17,17,0,0.0,35.294118,35.74454,-11.946196,24.986035,-7.137481,85 days 12:00:00,15 days 00:00:00,1.525917,3589.617292,0.251668,0.068393,1.165316,0.109932
DIXON,Success,0.004406399999425048,0.0001739999997880659,0.0004704999992100056,3.3599999369471334e-05,0.006903299999976298,2017-09-18 09:15:00,2025-06-26 09:15:00,2838 days 00:00:00,100000.0,196042.6892,96.042689,2375.316007,100.0,1076.952294,17.404278,77 days 00:00:00,7,7,0,0.0,57.142857,30.375126,-7.30783,24.841011,-5.781532,66 days 00:00:00,10 days 08:00:00,4.356353,13720.384171,0.847623,0.529022,1.610149,0.467313
DJML,Success,0.00240730000041367,0.00015530000018770806,0.0004712999998446321,6.69999999445281e-05,0.004661400000259164,2022-12-05 09:15:00,2025-06-26 09:15:00,934 days 00:00:00,100000.0,106218.973569,6.218974,62.985725,100.0,226.494808,12.824314,56 days 00:00:00,2,2,0,0.0,50.0,20.568629,-11.547542,20.568629,-11.547542,68 days 00:00:00,12 days 00:00:00,1.44146,3109.486785,0.264527,0.188652,1.150573,0.136349
DLF,Success,0.00821650000034424,0.0002331000005142414,0.0005959000000075321,4.73000000056345e-05,0.010826199999428354,2007-07-05 09:15:00,2025-06-26 09:15:00,6566 days 00:00:00,100000.0,83801.595668,-16.198404,48.666201,100.0,1131.314618,52.324026,5180 days 00:00:00,12,12,0,0.0,25.0,34.61788,-10.625927,24.166456,-8.450723,42 days 16:00:00,29 days 10:40:00,0.792722,-1349.867028,-0.054467,-0.01906,0.961618,-0.016811
DLINKINDIA,Success,0.008143800000652845,0.00027430000045569614,0.000760699999773351,4.800000078830635e-05,0.010896700000557757,2009-12-18 09:15:00,2025-06-26 09:15:00,5669 days 00:00:00,100000.0,211787.191288,111.787191,1344.176784,100.0,1485.538171,30.181669,282 days 00:00:00,9,9,0,0.0,55.555556,36.578218,-12.801951,28.79208,-11.58365,77 days 06:36:00,43 days 12:00:00,2.316579,12420.799032,0.370294,0.167249,1.23956,0.242105
DMART,Success,0.0042567000000417465,0.00017190000016853446,0.0004338999997344217,4.5199999476608355e-05,0.006644400000368478,2017-03-21 09:15:00,2025-06-26 09:15:00,3019 days 00:00:00,100000.0,90172.222894,-9.827777,572.599772,100.0,543.443421,41.632076,2521 days 00:00:00,8,7,1,5486.59934,28.571429,17.93735,-11.375782,14.036761,-7.849768,83 days 12:00:00,40 days 09:35:59,0.54641,-2187.768064,-0.076447,-0.030367,0.96632,-0.045603
DMCC,Success,0.0025611000000935746,0.0001581999995323713,0.0004723999991256278,2.9300000278453808e-05,0.004821600000468607,2021-12-01 09:15:00,2025-06-26 09:15:00,1303 days 00:00:00,100000.0,87204.21887,-12.795781,-14.626576,100.0,87.163728,18.214062,156 days 00:00:00,1,1,0,0.0,0.0,-12.637586,-12.637586,0.0,-12.637586,0 days 00:00:00,13 days 00:00:00,0.0,-12795.78113,-0.6754,-0.209464,0.339307,-0.120687
DNAMEDIA,Success,0.004524499999206455,0.00018110000019078143,0.0004712999998446321,4.489999992074445e-05,0.006893600000694278,2017-12-11 09:15:00,2025-06-26 09:15:00,2754 days 00:00:00,100000.0,120288.181939,20.288182,-48.210526,100.0,210.315412,14.096129,1487 days 00:00:00,2,2,0,0.0,50.0,34.192717,-10.002053,34.192717,-10.002053,20 days 00:00:00,6 days 00:00:00,2.99258,10144.09097,0.522582,0.182465,2.14174,0.109205
DODLA,Success,0.0030295000005935435,0.00015760000042064348,0.0004366000002846704,6.73000004098867e-05,0.005275399999845831,2021-06-28 09:15:00,2025-06-26 09:15:00,1459 days 00:00:00,100000.0,107954.274923,7.954275,137.088039,100.0,318.268055,18.973005,197 days 00:00:00,3,3,0,0.0,33.333333,29.932088,-9.332724,29.932088,-8.615161,95 days 00:00:00,61 days 19:37:30,1.411675,2651.424974,0.2104,0.103375,1.09921,0.171611
DOLATALGO,Success,0.004226000000016938,0.00024540000049455557,0.000471599999400496,3.930000002583256e-05,0.006528400000206602,2019-08-19 09:15:00,2025-06-26 09:15:00,2138 days 00:00:00,100000.0,101431.991064,1.431991,139.952539,100.0,268.568298,33.262373,2018 days 00:00:00,3,3,0,0.0,33.333333,33.874441,-16.438708,33.874441,-12.609906,47 days 00:00:00,42 days 00:00:00,1.059482,477.330355,0.079025,0.007423,1.051831,0.035397
DOLLAR,Success,0.0053909000007479335,0.00018249999993713573,0.00046440000005532056,3.130000004603062e-05,0.00772300000062387,2017-04-21 09:15:00,2025-06-26 09:15:00,2988 days 00:00:00,100000.0,86387.870075,-13.61213,38.925129,100.0,355.984933,28.283466,1494 days 00:00:00,4,4,0,0.0,25.0,29.853779,-15.956817,29.853779,-12.411973,61 days 00:00:00,33 days 08:00:00,0.626855,-3403.032481,-0.082523,-0.063704,0.937453,-0.029306
DOLPHIN,Success,0.0021381999995355727,0.00016309999955410603,0.0004098999997950159,2.7200000658922363e-05,0.004149899999902118,2023-08-21 09:15:00,2025-06-26 09:15:00,675 days 00:00:00,100000.0,88220.020209,-11.77998,3456.574924,100.0,87.740328,19.83291,318 days 00:00:00,1,1,0,0.0,0.0,-11.670723,-11.670723,0.0,-11.670723,0 days 00:00:00,70 days 00:00:00,0.0,-11779.979791,-0.471671,-0.335291,0.796324,-0.28517
DOMS,Success,0.0022161999995660153,0.00016210000012506498,0.0004262000002199784,3.319999996165279e-05,0.004417199999807053,2023-12-20 09:15:00,2025-06-26 09:15:00,554 days 00:00:00,100000.0,115179.305605,15.179306,87.790807,100.0,241.457008,20.287546,213 days 00:00:00,2,2,0,0.0,50.0,27.059126,-8.925812,27.059126,-8.925812,44 days 00:00:00,105 days 00:00:00,2.318066,7589.652802,0.541311,0.488323,1.187567,0.466791
DONEAR,Success,0.0085348000002341,0.0002653999999893131,0.0005413999997472274,3.7599999814119656e-05,0.011021199999959208,2006-12-20 09:15:00,2025-06-26 09:15:00,6763 days 00:00:00,100000.0,123627.42581,23.627426,-49.592357,100.0,521.029175,44.027567,2310 days 00:00:00,5,5,0,0.0,40.0,45.509309,-17.480483,39.38073,-13.565076,247 days 12:00:00,52 days 08:00:00,1.533773,4725.485162,0.155772,0.028003,1.094283,0.079652
DPABHUSHAN,Success,0.004745399999592337,0.00019100000008620555,0.00042240000038873404,3.3400000575056765e-05,0.007121499999811931,2017-10-23 09:15:00,2025-06-26 09:15:00,2803 days 00:00:00,100000.0,145185.08843,45.185088,4278.27407,100.0,801.64012,25.682539,1209 days 00:00:00,7,7,0,0.0,42.857143,36.876651,-14.640846,33.098047,-11.062666,43 days 16:00:00,74 days 00:00:00,1.882731,6455.012633,0.423015,0.237943,1.188677,0.305959
DPSCLTD,Success,0.008458799999971234,0.00023659999988012714,0.0005374000002120738,5.400000009103678e-05,0.011247200000070734,2008-04-21 09:15:00,2025-06-26 09:15:00,6275 days 00:00:00,100000.0,141441.940957,41.441941,392.983292,100.0,1540.429959,32.655317,1686 days 00:00:00,10,10,0,0.0,40.0,40.156471,-14.574181,33.198011,-12.068129,19 days 06:00:00,40 days 16:00:00,1.335891,4144.194096,0.22449,0.065976,1.231638,0.097703
DPWIRES,Success,0.003832200000033481,0.00016489999961777357,0.0005180000007385388,3.130000004603062e-05,0.006081100000301376,2020-01-17 09:15:00,2025-06-26 09:15:00,1987 days 00:00:00,100000.0,89545.168305,-10.454832,203.925344,100.0,89.59936,10.454832,1987 days 00:00:00,1,1,0,0.0,0.0,-10.279273,-10.279273,0.0,-10.279273,0 days 00:00:00,5 days 00:00:00,0.0,-10454.831695,-0.784742,-0.195145,0.0,-0.1012
DRCSYSTEMS,Success,0.0028111000001445063,0.00016080000023066532,0.00043879999975615647,2.7600000066740904e-05,0.004862900000262016,2021-03-10 09:15:00,2025-06-26 09:15:00,1569 days 00:00:00,100000.0,81085.834891,-18.914165,328.254881,100.0,169.752556,22.805889,1416 days 00:00:00,2,2,0,0.0,0.0,-8.196922,-11.320639,0.0,-9.75878,0 days 00:00:00,19 days 00:00:00,0.0,-9457.082554,-0.700195,-0.240656,0.477523,-0.185199
DREAMFOLKS,Success,0.002865699999347271,0.0001581999995323713,0.0004122000000279513,3.0899999728717376e-05,0.004872299999988172,2022-09-06 09:15:00,2025-06-26 09:15:00,1024 days 00:00:00,100000.0,93127.557051,-6.872443,-50.281141,100.0,93.100466,10.726037,512 days 00:00:00,1,1,0,0.0,0.0,-6.694288,-6.694288,0.0,-6.694288,0 days 00:00:00,20 days 00:00:00,0.0,-6872.442949,-0.394887,-0.236936,0.643984,-0.116765
DREDGECORP,Success,0.008834100000058243,0.00023570000030304072,0.0006362000003719004,0.0001961999996638042,0.011999800000012328,2004-01-15 09:15:00,2025-06-26 09:15:00,7833 days 00:00:00,100000.0,79734.488749,-20.265511,27.445455,100.0,1027.486144,45.426927,7392 days 00:00:00,14,14,0,0.0,28.571429,26.545892,-15.288293,23.7259,-9.936146,44 days 12:00:00,17 days 16:47:59,0.748898,-1447.536518,-0.06153,-0.023559,0.943643,-0.024527
DRREDDY,Success,0.010411799999928917,0.0002643000007083174,0.0004983999997421051,5.959999998594867e-05,0.013556699999753619,1994-11-03 09:15:00,2025-06-26 09:15:00,11193 days 00:00:00,100000.0,236058.313103,136.058313,6672.209619,100.0,5290.601894,33.249875,3338 days 00:00:00,30,30,0,0.0,40.0,40.281386,-10.651852,18.878495,-6.051878,48 days 22:00:00,35 days 12:00:00,1.727436,4535.277103,0.323611,0.087105,1.192594,0.147992
DSSL,Success,0.005262099999526981,0.0002015999998548068,0.000430199999755132,3.509999987727497e-05,0.007603699999890523,2011-11-30 09:15:00,2025-06-26 09:15:00,4957 days 00:00:00,100000.0,373730.468744,273.730469,13243.209877,100.0,3142.492721,40.890847,3745 days 00:00:00,16,16,0,0.0,43.75,50.38074,-14.921745,42.165221,-11.443384,42 days 17:08:34,24 days 10:40:00,2.441493,17108.154296,0.574247,0.283396,1.360331,0.391998
DTIL,Success,0.006677100000160863,0.00026639999941835413,0.000515800000357558,3.699999979289714e-05,0.00918050000018411,2008-01-11 09:15:00,2025-06-26 09:15:00,6376 days 00:00:00,100000.0,134606.766385,34.606766,72.871972,100.0,806.897597,30.611421,3282 days 00:00:00,5,5,0,0.0,40.0,54.233768,-11.572872,40.27541,-11.306012,1019 days 12:00:00,28 days 00:00:00,1.582772,6921.353277,0.234102,0.080777,1.150141,0.124974
DUCON,Success,0.005038799999965704,0.0001953999999386724,0.00047670000003563473,3.780000042752363e-05,0.007316100000025472,2016-05-11 09:15:00,2025-06-26 09:15:00,3333 days 00:00:00,100000.0,124619.04297,24.619043,-53.705009,100.0,627.829111,28.854711,1924 days 00:00:00,5,5,0,0.0,40.0,43.278547,-15.229782,40.118137,-13.745355,50 days 00:00:00,6 days 16:00:00,1.442726,4923.808594,0.249748,0.086026,1.199051,0.116498
DVL,Success,0.004011999999420368,0.00016689999938535038,0.0005740999995396123,3.4499999856052455e-05,0.006452900000113004,2019-01-02 09:15:00,2025-06-26 09:15:00,2367 days 00:00:00,100000.0,85461.124729,-14.538875,214.862385,100.0,381.226735,24.732138,724 days 00:00:00,4,4,0,0.0,25.0,32.583047,-14.597424,32.583047,-13.386503,278 days 00:00:00,13 days 00:00:00,0.655662,-3634.718818,-0.104664,-0.098398,0.947802,-0.066304
DWARKESH,Success,0.008381399999962014,0.00022429999989981297,0.0005880999997316394,4.369999987829942e-05,0.01098920000004,2004-12-31 09:15:00,2025-06-26 09:15:00,7482 days 00:00:00,100000.0,833932.292889,733.932293,265.112782,100.0,4982.72028,30.082138,1919 days 00:00:00,13,13,0,0.0,61.538462,57.483084,-16.358463,42.020414,-11.962668,57 days 12:00:00,25 days 14:24:00,4.421936,56456.330222,0.754333,0.370972,1.625163,0.445037
DYCL,Success,0.0023591999997734092,0.0001702999998087762,0.0004056999996464583,2.6499999876250513e-05,0.004545600000710692,2022-07-27 09:15:00,2025-06-26 09:15:00,1065 days 00:00:00,100000.0,102140.902729,2.140903,596.522643,100.0,350.140501,21.448028,905 days 00:00:00,3,3,0,0.0,33.333333,30.332391,-13.530425,30.332391,-11.189076,40 days 00:00:00,11 days 12:00:00,1.076766,713.634243,0.12404,0.034552,1.092135,0.074892
DYNAMATECH,Success,0.008289700000204903,0.00023220000002766028,0.00046719999954802915,4.089999947609613e-05,0.010715800000070885,2006-09-14 09:15:00,2025-06-26 09:15:00,6860 days 00:00:00,100000.0,172939.11673,72.939117,527.439182,100.0,1376.284335,34.270773,444 days 00:00:00,10,10,0,0.0,50.0,40.976062,-15.403146,28.383524,-12.627543,49 days 14:24:00,102 days 19:12:00,1.801486,7293.911673,0.265565,0.09139,1.155175,0.163275
DYNPRO,Success,0.004565899999761314,0.00017920000027515925,0.0004682000007960596,3.34999995175167e-05,0.006842899999355723,2017-07-19 09:15:00,2025-06-26 09:15:00,2899 days 00:00:00,100000.0,133535.860581,33.535861,116.89253,100.0,556.735665,35.073462,1238 days 00:00:00,5,5,0,0.0,40.0,39.721848,-11.216992,37.010678,-10.391491,100 days 00:00:00,94 days 08:00:00,1.96988,6707.172116,0.286798,0.107618,1.130571,0.228731
E2E,Success,0.0031241999995472725,0.00015809999968041666,0.0005204999997658888,2.840000070136739e-05,0.005237999999735621,2022-04-12 09:15:00,2025-06-26 09:15:00,1171 days 00:00:00,100000.0,116693.641183,16.693641,1723.335772,100.0,116.708048,0.199496,714 days 00:00:00,1,1,0,0.0,100.0,16.944392,16.944392,16.944392,0.0,17 days 00:00:00,0 days 00:00:00,inf,16693.641183,1.561901,25.107621,43.746921,18.235016
EASEMYTRIP,Success,0.0028519999996206025,0.0001581999995323713,0.00044019999950251076,2.719999974942766e-05,0.0048867999994399725,2021-03-19 09:15:00,2025-06-26 09:15:00,1560 days 00:00:00,100000.0,119689.655172,19.689655,61.803791,100.0,210.733488,21.882679,182 days 00:00:00,2,2,0,0.0,50.0,31.997604,-8.956494,31.997604,-8.956494,190 days 00:00:00,24 days 00:00:00,3.154775,9844.827586,0.313613,0.199687,1.172031,0.238623
ECLERX,Success,0.008388100000047416,0.0002213000007031951,0.0005115000003570458,4.1000000237545464e-05,0.010994400000527094,2007-12-31 09:15:00,2025-06-26 09:15:00,6387 days 00:00:00,100000.0,304964.843682,204.964844,2244.213955,100.0,2626.494696,29.529467,2803 days 00:00:00,14,14,0,0.0,50.0,36.996846,-12.626038,28.157721,-7.973932,39 days 03:25:42,22 days 06:51:25,2.853899,14640.345977,0.618766,0.230955,1.553824,0.328327
ECOSMOBLTY,Success,0.0019382999998924788,0.0001396000006934628,0.0003907000000253902,5.63000003239722e-05,0.0036099999997531995,2024-09-04 09:15:00,2025-06-26 09:15:00,295 days 00:00:00,100000.0,100000.0,0.0,-29.515965,100.0,0.0,0.0,,0,0,0,0.0,,,,,,,,,,,,,
EDELWEISS,Success,0.008370900000045367,0.0002505000002201996,0.0005360999994081794,4.0299999454873614e-05,0.01095309999982419,2007-12-12 09:15:00,2025-06-26 09:15:00,6406 days 00:00:00,100000.0,104798.155012,4.798155,22.159565,100.0,1999.496456,47.961479,5356 days 00:00:00,14,14,0,0.0,28.571429,50.554641,-14.005863,36.735248,-10.937361,142 days 18:00:00,41 days 16:48:00,1.028756,342.725358,0.101848,0.005693,1.046867,0.065841
EICHERMOT,Success,0.010631500000272354,0.0003085999996983446,0.0005316999995557126,3.990000004705507e-05,0.01357579999967129,1999-01-01 09:15:00,2025-06-26 09:15:00,9673 days 00:00:00,100000.0,436301.049305,336.301049,459859.016393,100.0,5530.616644,33.908619,2087 days 00:00:00,22,22,0,0.0,50.0,35.257857,-12.612263,24.594156,-7.634719,92 days 13:05:27,30 days 21:49:05,2.724325,15286.411332,0.524768,0.172327,1.293603,0.353032
EIDPARRY,Success,0.010147399999368645,0.00027600000066740904,0.0004916999996567029,4.089999947609613e-05,0.012902299999950628,1999-01-01 09:15:00,2025-06-26 09:15:00,9673 days 00:00:00,100000.0,392785.232075,292.785232,13609.482548,100.0,6774.216042,36.601773,3987 days 00:00:00,22,22,0,0.0,45.454545,45.763635,-17.745905,30.328363,-9.622014,88 days 04:48:00,49 days 20:00:00,1.75463,13308.41964,0.404081,0.147842,1.200289,0.245196
EIEL,Success,0.0019882000005964073,0.0001401999998051906,0.0004484999999476713,2.6100000468431972e-05,0.003517000000101689,2024-11-29 09:15:00,2025-06-26 09:15:00,209 days 00:00:00,100000.0,100000.0,0.0,13.681364,100.0,0.0,0.0,,0,0,0,0.0,,,,,,,,,,,,,
EIFFL,Success,0.004247800000484858,0.0001768000001902692,0.0006456000000980566,3.440000000409782e-05,0.0066023999997923966,2017-03-31 09:15:00,2025-06-26 09:15:00,3009 days 00:00:00,100000.0,55916.944988,-44.083055,139.988876,100.0,540.42491,49.535859,2745 days 00:00:00,7,7,0,0.0,0.0,-3.049529,-14.39308,0.0,-7.706951,0 days 00:00:00,49 days 13:42:51,0.0,-6297.579287,-0.5845,-0.147553,0.738228,-0.256036
EIHAHOTELS,Success,0.008376400000088324,0.00022059999992052326,0.0005756999998993706,3.780000042752363e-05,0.010887600000387465,2008-04-08 09:15:00,2025-06-26 09:15:00,6288 days 00:00:00,100000.0,381305.556513,281.305557,443.195263,100.0,1422.673624,24.191462,49 days 00:00:00,6,6,0,0.0,66.666667,56.055927,-9.300168,47.286991,-9.286294,128 days 12:00:00,58 days 00:00:00,7.669538,46884.259419,0.584404,0.352109,1.456658,0.40089
EIHOTEL,Success,0.009769599999344791,0.0002710999997361796,0.0005685999994966551,3.999999989900971e-05,0.012935300000208372,1999-01-01 09:15:00,2025-06-26 09:15:00,9673 days 00:00:00,100000.0,178596.22544,78.596225,1239.226423,100.0,1974.76429,42.190058,4755 days 00:00:00,16,16,0,0.0,43.75,39.243796,-23.643885,25.87174,-10.266994,77 days 10:17:08,36 days 18:40:00,1.664929,4912.26409,0.250021,0.053555,1.158414,0.12688
EIMCOELECO,Success,0.009566900000208989,0.00023269999928743346,0.0004905999994662125,3.7799999518028926e-05,0.01246640000044863,1999-01-05 09:15:00,2025-06-26 09:15:00,9669 days 00:00:00,100000.0,282922.420059,182.92242,2808.235294,100.0,3244.973788,33.983541,1737 days 00:00:00,17,17,0,0.0,47.058824,37.010492,-12.2041,28.820152,-9.940472,51 days 21:00:00,48 days 21:20:00,2.011385,10760.142356,0.361203,0.137347,1.23203,0.177116
EKC,Success,0.00837749999936932,0.00023469999996450497,0.0004746999993585632,3.65999994755839e-05,0.010829600000761275,2005-12-15 09:15:00,2025-06-26 09:15:00,7133 days 00:00:00,100000.0,349876.479452,249.876479,236.073285,100.0,1401.954894,30.29295,537 days 00:00:00,8,8,0,0.0,62.5,57.23721,-11.388517,38.073975,-10.444591,95 days 00:00:00,40 days 16:00:00,8.169082,31234.559932,0.515161,0.223098,1.36329,0.294878
ELDEHSG,Success,0.002604600000267965,0.00015419999999721767,0.00042490000032557873,2.860000040527666e-05,0.004788100000041595,2022-04-12 09:15:00,2025-06-26 09:15:00,1171 days 00:00:00,100000.0,142782.348062,42.782348,3.876623,100.0,142.610783,14.876133,242 days 00:00:00,1,1,0,0.0,100.0,43.203304,43.203304,43.203304,0.0,282 days 00:00:00,0 days 00:00:00,inf,42782.348062,0.688704,0.802316,1.331571,0.715822
ELECON,Success,0.008178099999895494,0.000240999999732594,0.0004945000000589062,4.2100000428035855e-05,0.01072310000017751,2006-09-29 09:15:00,2025-06-26 09:15:00,6845 days 00:00:00,100000.0,119112.333728,19.112334,1673.935716,100.0,1656.645584,60.800492,5370 days 00:00:00,14,14,0,0.0,28.571429,51.220069,-13.646586,40.864106,-10.940988,77 days 12:00:00,23 days 07:12:00,1.139174,1365.166695,0.138287,0.015735,1.087701,0.057181
ELECTCAST,Success,0.010421399999358982,0.0002654999998412677,0.0004936999994242797,4.540000009001233e-05,0.013148399999408866,1995-05-15 09:15:00,2025-06-26 09:15:00,11000 days 00:00:00,100000.0,67081.818117,-32.918182,2092.64,100.0,1914.781889,61.921041,5554 days 00:00:00,19,19,0,0.0,21.052632,45.757479,-14.773735,35.765067,-9.956772,73 days 06:00:00,40 days 22:23:59,0.795998,-1732.535889,-0.025666,-0.022169,0.984116,-0.011989
ELECTHERM,Success,0.00837760000013077,0.00023529999998572748,0.0004993999991711462,4.379999973025406e-05,0.01114529999995284,2007-08-20 09:15:00,2025-06-26 09:15:00,6520 days 00:00:00,100000.0,134830.995835,34.830996,159.958678,100.0,1241.807771,47.745256,5256 days 00:00:00,12,11,1,23178.335774,36.363636,38.077462,-14.437272,25.728151,-10.395446,53 days 00:00:00,23 days 06:51:25,1.135475,1059.332733,0.190948,0.036773,1.145127,0.08656
ELGIEQUIP,Success,0.010553400000389956,0.00038379999932658393,0.0004971999996996601,5.2800000048591755e-05,0.013461600000482576,1995-06-14 09:15:00,2025-06-26 09:15:00,10970 days 00:00:00,100000.0,106435.316024,6.435316,12301.885302,100.0,1504.763667,46.931837,9270 days 00:00:00,16,16,0,0.0,31.25,34.813264,-17.995343,27.870968,-9.663111,108 days 19:12:00,13 days 04:21:49,1.060068,402.207251,0.073416,0.004571,1.055196,0.029351
ELGIRUBCO,Success,0.0073180999997930485,0.00020479999966482865,0.00048579999929643236,3.51999997292296e-05,0.010120199999619217,2011-08-19 09:15:00,2025-06-26 09:15:00,5060 days 00:00:00,100000.0,107323.652148,7.323652,131.877395,100.0,881.592396,41.67443,3678 days 00:00:00,9,9,0,0.0,33.333333,38.905752,-16.574869,29.526315,-10.620334,29 days 08:00:00,46 days 20:00:00,1.111231,813.739128,0.10937,0.012551,1.078275,0.043225
ELIN,Success,0.002564399999755551,0.00015299999995477265,0.0005261000005702954,3.370000013092067e-05,0.004658699999708915,2022-12-30 09:15:00,2025-06-26 09:15:00,909 days 00:00:00,100000.0,77903.902194,-22.096098,-21.489125,100.0,166.309928,25.866172,597 days 00:00:00,2,2,0,0.0,0.0,-11.43084,-11.70966,0.0,-11.57025,0 days 00:00:00,33 days 12:00:00,0.0,-11048.048903,-1.089224,-0.37483,0.510576,-0.431497
EMAMILTD,Success,0.008445700000265788,0.00022679999983665766,0.0004702000005636364,4.220000027999049e-05,0.011244799999985844,2006-08-03 09:15:00,2025-06-26 09:15:00,6902 days 00:00:00,100000.0,160451.746041,60.451746,1182.532635,100.0,1751.77334,34.331267,4539 days 00:00:00,16,16,0,0.0,43.75,29.956415,-12.475632,21.234959,-8.841489,80 days 17:08:34,35 days 13:20:00,1.692069,3778.234128,0.274766,0.075307,1.140628,0.162513
EMAMIPAP,Success,0.004068100000040431,0.0002220999995188322,0.0005111000000397325,3.609999930631602e-05,0.006426599999940663,2019-05-30 09:15:00,2025-06-26 09:15:00,2219 days 00:00:00,100000.0,94843.181378,-5.156819,-37.677632,100.0,589.678162,35.211549,1449 days 00:00:00,5,5,0,0.0,20.0,46.685961,-12.195636,46.685961,-10.100656,84 days 00:00:00,38 days 00:00:00,0.899957,-1031.363724,0.028463,-0.025033,1.019306,0.018887
EMAMIREAL,Success,0.007251400000313879,0.00026559999969322234,0.0004980000003342866,3.670000023703324e-05,0.009701199999653909,2010-07-28 09:15:00,2025-06-26 09:15:00,5447 days 00:00:00,100000.0,101181.259066,1.181259,11.832061,100.0,1156.445266,48.399677,2689 days 00:00:00,9,9,0,0.0,33.333333,40.41566,-18.120852,38.139626,-14.462026,52 days 00:00:00,49 days 08:00:00,1.009616,131.251007,0.085524,0.001678,1.054958,0.054349
EMBDL,Success,0.008084000000053493,0.00030920000062906183,0.0005414000006567221,4.079999962414149e-05,0.010803799999848707,2007-03-23 09:15:00,2025-06-26 09:15:00,6670 days 00:00:00,100000.0,116149.48547,16.149485,-61.984031,100.0,886.131806,71.64999,5739 days 00:00:00,10,10,0,0.0,30.0,49.551057,-18.235051,44.72747,-12.489431,104 days 08:00:00,73 days 00:00:00,1.191657,1614.948547,0.140196,0.011719,1.072539,0.075118
EMCURE,Success,0.0020934000003762776,0.0001416000004610396,0.00038469999981316505,2.519999998185085e-05,0.003985800000009476,2024-07-10 09:15:00,2025-06-26 09:15:00,351 days 00:00:00,100000.0,91550.23555,-8.449764,-2.998197,100.0,91.596442,13.708815,251 days 00:00:00,1,1,0,0.0,0.0,-8.270325,-8.270325,0.0,-8.270325,0 days 00:00:00,40 days 00:00:00,0.0,-8449.76445,-0.654198,-0.645788,0.702256,-0.301271
EMIL,Success,0.0023860000001150183,0.00015949999942677096,0.000423899999987043,2.7600000066740904e-05,0.004473199999665667,2022-10-17 09:15:00,2025-06-26 09:15:00,983 days 00:00:00,100000.0,89363.185309,-10.636815,75.585799,100.0,89.356049,24.002814,379 days 00:00:00,1,1,0,0.0,0.0,-10.468204,-10.468204,0.0,-10.468204,0 days 00:00:00,143 days 00:00:00,0.0,-10636.814691,-0.210277,-0.172802,0.91234,-0.160769
EMKAY,Success,0.008034699999370787,0.0002885000003516325,0.0004980000003342866,3.6100000215810724e-05,0.010873799999899347,2006-04-28 09:15:00,2025-06-26 09:15:00,6999 days 00:00:00,100000.0,84195.651916,-15.804348,64.606947,100.0,562.558686,44.507718,5336 days 00:00:00,7,7,0,0.0,28.571429,33.826308,-19.111052,32.984728,-13.432482,25 days 12:00:00,65 days 04:48:00,0.736638,-2257.764012,-0.012011,-0.021352,0.991417,-0.005241
EMMBI,Success,0.0076030999998693005,0.0002389999999650172,0.0006564999994225218,3.9599999581696466e-05,0.010365600000113773,2010-02-24 09:15:00,2025-06-26 09:15:00,5601 days 00:00:00,100000.0,216499.354557,116.499355,280.313043,100.0,3763.571213,57.387396,2743 days 00:00:00,13,13,0,0.0,38.461538,55.624305,-15.864834,43.324722,-11.535282,64 days 19:11:59,41 days 09:00:00,1.407858,8961.488812,0.380091,0.091733,1.256025,0.265172
EMSLIMITED,Success,0.0022456999995483784,0.00014869999995426042,0.0004233999998177751,2.7399999453336932e-05,0.004344699999819568,2023-09-21 09:15:00,2025-06-26 09:15:00,644 days 00:00:00,100000.0,80653.822513,-19.346177,124.455171,100.0,171.068007,29.628552,190 days 00:00:00,2,2,0,0.0,0.0,-9.058703,-11.008967,0.0,-10.033835,0 days 00:00:00,55 days 00:00:00,0.0,-9673.088744,-0.475119,-0.392716,0.829187,-0.372862
EMUDHRA,Success,0.002585199999884935,0.00017349999961879803,0.0004276999998182873,2.719999974942766e-05,0.004582300000038231,2022-06-01 09:15:00,2025-06-26 09:15:00,1121 days 00:00:00,100000.0,90074.699145,-9.925301,195.67663,100.0,89.88182,16.94392,968 days 00:00:00,1,1,0,0.0,0.0,-9.773172,-9.773172,0.0,-9.773172,0 days 00:00:00,120 days 00:00:00,0.0,-9925.300855,-0.285476,-0.200277,0.858697,-0.154697
ENDURANCE,Success,0.0044916000006196555,0.00022839999928692123,0.0004429000000527594,3.34999995175167e-05,0.006713599999784492,2016-10-19 09:15:00,2025-06-26 09:15:00,3172 days 00:00:00,100000.0,103191.802783,3.191803,306.631615,100.0,608.410673,22.822084,1532 days 00:00:00,6,6,0,0.0,33.333333,26.075422,-11.059709,23.32817,-8.924297,69 days 12:00:00,65 days 18:00:00,1.083442,531.967131,0.086145,0.016143,1.042892,0.055523
ENERGYDEV,Success,0.008066299999882176,0.00021469999956025276,0.00047819999963394366,4.140000055485871e-05,0.010616999999911059,2007-11-02 09:15:00,2025-06-26 09:15:00,6446 days 00:00:00,100000.0,66220.359052,-33.779641,-87.932559,100.0,706.601701,44.216667,3265 days 00:00:00,8,8,0,0.0,25.0,29.967035,-15.822373,28.961254,-13.989698,70 days 12:00:00,28 days 00:00:00,0.582004,-4222.455119,-0.141465,-0.053741,0.897469,-0.066915
ENGINERSIN,Success,0.009877100000267092,0.0002623999998832005,0.0004802999992534751,3.930000002583256e-05,0.012908100000458944,1999-01-29 09:15:00,2025-06-26 09:15:00,9645 days 00:00:00,100000.0,60206.93143,-39.793069,2334.098752,100.0,1228.318058,50.947211,2894 days 00:00:00,14,14,0,0.0,21.428571,25.55005,-16.847059,23.674038,-9.595798,39 days 16:00:00,46 days 10:54:32,0.592195,-2842.362041,-0.153576,-0.038693,0.899257,-0.05824
ENIL,Success,0.008378199999242497,0.00022050000006856862,0.0004966000005879323,3.8300000596791506e-05,0.010827800000697607,2006-02-15 09:15:00,2025-06-26 09:15:00,7071 days 00:00:00,100000.0,312575.203745,212.575204,-43.989424,100.0,2492.683909,23.273193,294 days 00:00:00,10,10,0,0.0,60.0,55.331243,-15.378868,31.29207,-10.648816,229 days 04:00:00,40 days 12:00:00,2.705049,21257.520374,0.412138,0.265849,1.174866,0.340357
ENTERO,Success,0.0020564000005833805,0.000147800000377174,0.00043280000045342604,2.9599999834317714e-05,0.003569700000298326,2024-02-16 09:15:00,2025-06-26 09:15:00,496 days 00:00:00,100000.0,100000.0,0.0,-2.718455,100.0,0.0,0.0,,0,0,0,0.0,,,,,,,,,,,,,
EPACK,Success,0.0020138999998380314,0.00014909999936207896,0.0004180999994787271,2.5499999537714757e-05,0.00422919999982696,2024-01-30 09:15:00,2025-06-26 09:15:00,513 days 00:00:00,100000.0,151483.929496,51.483929,63.872824,100.0,452.21405,12.608392,177 days 00:00:00,3,3,0,0.0,66.666667,36.48934,-12.448281,32.015804,-12.448281,28 days 12:00:00,14 days 00:00:00,3.355674,17161.309832,1.489788,2.764352,1.77093,1.177195
EPIGRAL,Success,0.002831799999512441,0.00017660000048635993,0.0004361000001154025,2.9300000278453808e-05,0.004950499999722524,2021-08-18 09:15:00,2025-06-26 09:15:00,1408 days 00:00:00,100000.0,65768.881124,-34.231119,345.171597,100.0,307.018362,34.231119,1408 days 00:00:00,4,4,0,0.0,0.0,-6.683298,-11.989133,0.0,-9.803034,0 days 00:00:00,23 days 00:00:00,0.0,-8557.779719,-1.134079,-0.305187,0.483393,-0.545653
EPL,Success,0.009404299999914656,0.0002434999996694387,0.0004870000002483721,8.07999995231512e-05,0.012646999999560649,1999-01-01 09:15:00,2025-06-26 09:15:00,9673 days 00:00:00,100000.0,138714.948489,38.714948,1421.764942,100.0,2892.155136,51.564257,2253 days 00:00:00,20,20,0,0.0,35.0,41.159987,-15.92004,29.607707,-10.45246,150 days 00:00:00,44 days 01:50:46,1.184348,1935.747424,0.159375,0.024785,1.070518,0.100204
EQUIPPP,Success,0.002741000000241911,0.00015419999999721767,0.00043340000047464855,2.8100000236008782e-05,0.004771400000208814,2021-05-20 09:15:00,2025-06-26 09:15:00,1498 days 00:00:00,100000.0,77604.069755,-22.39593,1205.517241,100.0,165.635123,25.916709,1322 days 00:00:00,2,2,0,0.0,0.0,-11.546484,-11.919406,0.0,-11.732945,0 days 00:00:00,10 days 00:00:00,0.0,-11197.965123,-0.957815,-0.262464,0.321089,-0.273209
EQUITASBNK,Success,0.0028887999997095903,0.00015970000004017493,0.00046459999975922983,2.7799999770650174e-05,0.005220099999860395,2020-11-02 09:15:00,2025-06-26 09:15:00,1697 days 00:00:00,100000.0,127478.57925,27.478579,105.731714,100.0,894.861211,27.950766,849 days 00:00:00,6,6,0,0.0,33.333333,37.495392,-8.383296,33.357033,-7.685011,73 days 00:00:00,19 days 00:00:00,1.555639,4579.763208,0.418428,0.194793,1.254554,0.372689
ERIS,Success,0.0043530000002647284,0.0001816000003600493,0.00045279999994818354,4.379999973025406e-05,0.0065895999996428145,2017-06-29 09:15:00,2025-06-26 09:15:00,2919 days 00:00:00,100000.0,139172.274055,39.172274,168.994181,100.0,793.36724,19.404359,1016 days 00:00:00,7,7,0,0.0,42.857143,29.578874,-8.05627,24.934959,-7.709188,133 days 00:00:00,39 days 18:00:00,2.10355,5596.039151,0.39109,0.221313,1.166529,0.250632
ESABINDIA,Success,0.010269100000186882,0.0002476999998179963,0.0005951000002824003,4.5700000555370934e-05,0.0130871000001207,1999-01-01 09:15:00,2025-06-26 09:15:00,9673 days 00:00:00,100000.0,79182.256359,-20.817744,6592.763158,100.0,1170.634187,55.778442,9444 days 00:00:00,17,17,0,0.0,23.529412,36.12756,-12.870313,28.655201,-8.756202,177 days 00:00:00,22 days 12:55:23,0.757419,-1224.573155,-0.016921,-0.016148,0.990909,-0.008824
ESAFSFB,Success,0.0022565999997823383,0.00015389999953185907,0.0004384000003483379,3.080000078625744e-05,0.00382889999946201,2023-11-10 09:15:00,2025-06-26 09:15:00,594 days 00:00:00,100000.0,100000.0,0.0,-52.74439,100.0,0.0,0.0,,0,0,0,0.0,,,,,,,,,,,,,
ESCORTS,Success,0.009319400000094902,0.0002486000003045774,0.0005007999998269952,4.6799999836366624e-05,0.01194870000017545,1999-01-01 09:15:00,2025-06-26 09:15:00,9673 days 00:00:00,100000.0,103993.111644,3.993112,4462.500124,100.0,3021.185111,56.0088,5382 days 00:00:00,23,23,0,0.0,30.434783,38.178205,-19.359903,25.699601,-8.936544,50 days 20:34:17,24 days 19:30:00,1.019751,173.61355,0.067795,0.002694,1.042097,0.031989
ESSARSHPNG,Success,0.00804820000030304,0.00020800000038434519,0.0005391999993662466,5.449999935080996e-05,0.010570399999778601,2011-11-18 09:15:00,2025-06-26 09:15:00,4969 days 00:00:00,100000.0,40637.377273,-59.362623,18.72,100.0,508.087452,60.685294,4843 days 00:00:00,9,9,0,0.0,11.111111,15.110664,-16.962347,15.110664,-11.959226,13 days 00:00:00,29 days 18:00:00,0.093937,-6595.84697,-0.642481,-0.107491,0.595336,-0.188907
ESSENTIA,Success,0.004246499999680964,0.00016969999978755368,0.0004822999999305466,3.199999991920777e-05,0.006509099999675527,2013-08-20 09:15:00,2025-06-26 09:15:00,4328 days 00:00:00,100000.0,163147.982833,63.147983,115.406337,100.0,404.250191,21.408792,49 days 00:00:00,3,3,0,0.0,66.666667,46.015788,-12.863924,37.507999,-12.863924,36 days 00:00:00,21 days 00:00:00,4.762081,21049.327611,0.720234,0.342947,1.838028,0.236991
ESTER,Success,0.007360499999776948,0.0002047000007223687,0.0004472999999052263,3.370000013092067e-05,0.009903300000587478,2011-06-20 09:15:00,2025-06-26 09:15:00,5120 days 00:00:00,100000.0,98294.192478,-1.705808,195.652167,100.0,813.053049,40.300381,3062 days 00:00:00,8,8,0,0.0,25.0,42.593151,-13.731702,42.430696,-11.114732,32 days 00:00:00,44 days 20:00:00,0.976815,-213.22594,0.062327,-0.003103,1.0483,0.027734
ETERNAL,Success,0.0028531999996630475,0.00020140000015089754,0.00043650000043271575,3.0199999855540227e-05,0.00492729999950825,2021-07-23 09:15:00,2025-06-26 09:15:00,1434 days 00:00:00,100000.0,92212.680455,-7.78732,110.460317,100.0,92.095057,7.78732,1434 days 00:00:00,1,1,0,0.0,0.0,-7.619108,-7.619108,0.0,-7.619108,0 days 00:00:00,1 days 00:00:00,0.0,-7787.319545,-0.719175,-0.266281,0.0,-0.649464
ETHOSLTD,Success,0.002666000000317581,0.00015859999984968454,0.0004338999997344217,3.0300000616989564e-05,0.004857800000536372,2022-05-30 09:15:00,2025-06-26 09:15:00,1123 days 00:00:00,100000.0,84389.644991,-15.610355,232.197392,100.0,459.422587,22.110039,461 days 00:00:00,5,5,0,0.0,20.0,23.491744,-12.53125,23.491744,-8.850839,19 days 00:00:00,29 days 18:00:00,0.559951,-3122.071002,-0.48093,-0.245931,0.787678,-0.235928
EUREKAFORB,Success,0.0020254999999451684,0.00014430000010179356,0.000418599999647995,2.6700000489654485e-05,0.0034718000006250804,2024-09-11 09:15:00,2025-06-26 09:15:00,288 days 00:00:00,100000.0,100000.0,0.0,18.881533,100.0,0.0,0.0,,0,0,0,0.0,,,,,,,,,,,,,
EUROTEXIND,Success,0.00900889999957144,0.0002600999996502651,0.00048610000067128567,4.239999998389976e-05,0.011718300000211457,1999-01-04 09:15:00,2025-06-26 09:15:00,9670 days 00:00:00,100000.0,27790.174624,-72.209825,15.071429,100.0,771.921296,78.28378,9568 days 00:00:00,15,15,0,0.0,13.333333,56.756496,-20.280826,47.589114,-14.369523,84 days 00:00:00,49 days 03:41:32,0.367296,-4813.988358,-0.192584,-0.076673,0.878117,-0.097673
EVEREADY,Success,0.008727999999791791,0.00024400000074820127,0.00047759999961272115,3.840000044874614e-05,0.011731600000530307,2005-04-27 09:15:00,2025-06-26 09:15:00,7365 days 00:00:00,100000.0,65291.007836,-34.708992,277.653289,100.0,779.686893,42.496062,3612 days 00:00:00,9,9,0,0.0,11.111111,35.024316,-11.06523,35.024316,-8.473467,60 days 00:00:00,31 days 18:00:00,0.451105,-3856.554685,-0.24641,-0.050795,0.823596,-0.108873
EVERESTIND,Success,0.008589099999881,0.00022790000002714805,0.0005160000000614673,4.200000057608122e-05,0.01122159999977157,2005-05-27 09:15:00,2025-06-26 09:15:00,7335 days 00:00:00,100000.0,113952.097747,13.952098,199.61057,100.0,2145.088997,59.231858,4649 days 00:00:00,18,18,0,0.0,27.777778,44.485465,-17.257784,35.363551,-9.725799,108 days 19:12:00,26 days 20:18:27,1.091512,775.116541,0.117587,0.011378,1.062495,0.076792
EXCEL,Success,0.007002700000157347,0.0001976000003196532,0.00045880000016040867,3.4699999559961725e-05,0.00953650000064954,2015-05-05 09:15:00,2025-06-26 09:15:00,3705 days 00:00:00,100000.0,203025.57604,103.025576,121.100672,100.0,1347.244886,28.075339,1597 days 00:00:00,7,7,0,0.0,57.142857,46.759324,-16.027475,35.424608,-14.716307,29 days 06:00:00,12 days 00:00:00,2.067131,14717.939434,0.615054,0.262244,1.641421,0.297663
EXCELINDUS,Success,0.008487699999932374,0.00022740000076737488,0.0005675000002156594,4.0800000533636194e-05,0.01104129999930592,2004-06-16 09:15:00,2025-06-26 09:15:00,7680 days 00:00:00,100000.0,88508.139998,-11.49186,2060.311921,100.0,766.393042,56.586935,7094 days 00:00:00,10,10,0,0.0,30.0,44.970464,-18.953523,32.039849,-12.318591,127 days 16:00:00,39 days 06:51:25,0.839951,-1149.186,0.016031,-0.010913,1.009401,0.007664
EXICOM,Success,0.002372500000092259,0.0001495000005888869,0.0004453999999896041,3.0000000151630957e-05,0.004500499999267049,2024-03-05 09:15:00,2025-06-26 09:15:00,478 days 00:00:00,100000.0,86892.764538,-13.107235,-12.785063,100.0,86.833309,15.754108,321 days 00:00:00,1,1,0,0.0,0.0,-12.952517,-12.952517,0.0,-12.952517,0 days 00:00:00,25 days 00:00:00,0.0,-13107.235462,-1.290817,-0.65707,0.388915,-0.450871
EXIDEIND,Success,0.010413499999231135,0.00026059999981953297,0.0005307999999786261,4.7900000026857015e-05,0.01333740000063699,1995-01-02 09:15:00,2025-06-26 09:15:00,11133 days 00:00:00,100000.0,30561.398101,-69.438602,9528.288966,100.0,1023.044071,71.621707,11133 days 00:00:00,21,21,0,0.0,9.52381,31.175451,-10.757268,24.33387,-7.943656,125 days 12:00:00,34 days 11:22:06,0.201473,-3306.60009,-0.351242,-0.055293,0.812825,-0.146235
EXPLEOSOL,Success,0.004808299999240262,0.00027719999980035936,0.00046159999965311727,3.529999958118424e-05,0.007322899999962829,2014-09-30 09:15:00,2025-06-26 09:15:00,3922 days 00:00:00,100000.0,96082.515141,-3.917485,114.621149,100.0,734.937628,25.48507,1239 days 00:00:00,7,7,0,0.0,28.571429,39.748764,-16.954668,34.903661,-11.673983,73 days 12:00:00,47 days 09:35:59,0.941505,-559.640694,0.03901,-0.015198,1.022074,0.020317
EXXARO,Success,0.0029064000000289525,0.00015439999970112694,0.000457500000266009,2.789999962260481e-05,0.005188400000406546,2021-08-16 09:15:00,2025-06-26 09:15:00,1410 days 00:00:00,100000.0,80002.782189,-19.997218,-33.93802,100.0,172.047139,24.59664,1309 days 00:00:00,2,2,0,0.0,0.0,-7.931218,-12.758713,0.0,-10.344965,0 days 00:00:00,44 days 12:00:00,0.0,-9998.608905,-0.408797,-0.231502,0.773749,-0.176111
FACT,Success,0.0092279000000417,0.00023710000004939502,0.0005207000003792928,3.97000003431458e-05,0.011750799999390438,1999-01-06 09:15:00,2025-06-26 09:15:00,9668 days 00:00:00,100000.0,36360.417727,-63.639582,10631.666667,100.0,464.6709,79.411832,9269 days 00:00:00,11,11,0,0.0,18.181818,32.673241,-31.523977,30.598865,-15.308077,34 days 12:00:00,36 days 16:00:00,0.227269,-5785.41657,-0.110003,-0.052922,0.894644,-0.034192
FAIRCHEMOR,Success,0.00318280000010418,0.00016310000046360074,0.0005534000001716777,5.760000021837186e-05,0.005698400000255788,2020-12-24 09:15:00,2025-06-26 09:15:00,1645 days 00:00:00,100000.0,87916.00686,-12.083993,44.739871,100.0,87.522268,15.300426,1329 days 15:15:00,1,1,0,0.0,0.0,-11.966539,-11.966539,0.0,-11.966539,0 days 00:00:00,36 days 00:00:00,0.0,-12083.99314,-0.470123,-0.187166,0.589768,-0.109518
FAZE3Q,Success,0.002267700000629702,0.0002684999999473803,0.0004135999997743056,3.9399999877787195e-05,0.003884700000526209,2022-11-18 09:15:00,2025-06-26 09:15:00,951 days 00:00:00,100000.0,100000.0,0.0,86.068515,100.0,0.0,0.0,,0,0,0,0.0,,,,,,,,,,,,,
FCL,Success,0.004582599999594095,0.00017899999966175528,0.0005333999997674255,4.199999966658652e-05,0.007340299999668787,2015-01-15 09:15:00,2025-06-26 09:15:00,3815 days 00:00:00,100000.0,53896.566185,-46.103434,1020.625889,100.0,589.522304,48.710728,3618 days 00:00:00,9,9,0,0.0,11.111111,43.34403,-14.867407,43.34403,-11.284132,44 days 00:00:00,33 days 00:00:00,0.327417,-5122.603757,-0.40285,-0.120004,0.783941,-0.203073
FCSSOFT,Success,0.008388999999624502,0.00022840000019641593,0.0004623000004357891,3.8500000300700776e-05,0.010782899999867368,2005-09-21 09:15:00,2025-06-26 09:15:00,7218 days 00:00:00,100000.0,54998.638593,-45.001361,-70.980392,100.0,721.109903,80.245392,4032 days 00:00:00,6,6,0,0.0,33.333333,46.63184,-42.993989,45.324274,-26.790003,18 days 12:00:00,380 days 00:00:00,0.687659,-7500.226901,0.317508,-0.038802,1.146643,0.24076
FDC,Success,0.009925700000167126,0.00025379999988217605,0.0004918000004181522,4.040000021632295e-05,0.012520099999164813,1999-01-01 09:15:00,2025-06-26 09:15:00,9673 days 00:00:00,100000.0,93344.962813,-6.655037,6103.921569,100.0,1143.610775,51.691013,9034 days 00:00:00,16,16,0,0.0,25.0,48.382722,-11.996129,27.805426,-7.965934,94 days 12:00:00,18 days 00:00:00,0.91061,-415.939824,0.026245,-0.005215,1.019422,0.012779
FEDERALBNK,Success,0.01063250000061089,0.0002649000007295399,0.0005982000002404675,4.7200000153679866e-05,0.013482000000294647,1994-11-30 09:15:00,2025-06-26 09:15:00,11166 days 00:00:00,100000.0,221110.480559,121.110481,3136.459404,100.0,3970.76692,51.651984,4094 days 00:00:00,26,26,0,0.0,38.461538,47.327989,-17.437465,26.14272,-8.610348,118 days 04:48:00,33 days 21:00:00,1.613672,4658.095406,0.260451,0.05414,1.121741,0.159354
FEDFINA,Success,0.002315400000043155,0.00014629999986937037,0.00041229999987990595,2.89999998130952e-05,0.003853799999887997,2023-11-30 09:15:00,2025-06-26 09:15:00,574 days 00:00:00,100000.0,100000.0,0.0,-17.197861,100.0,0.0,0.0,,0,0,0,0.0,,,,,,,,,,,,,
FIBERWEB,Success,0.002579599999990023,0.00015359999997599516,0.00041430000055697747,2.4699999812582973e-05,0.004572000000734988,2022-02-16 09:15:00,2025-06-26 09:15:00,1226 days 00:00:00,100000.0,117608.266616,17.608267,6.280987,100.0,206.13984,18.116372,861 days 00:00:00,2,2,0,0.0,50.0,33.33442,-11.435662,33.33442,-11.435662,78 days 00:00:00,2 days 00:00:00,2.51676,8804.133308,0.335318,0.27759,1.30009,0.196667
FIEMIND,Success,0.008616699999947741,0.00025180000011459924,0.0004844999994020327,4.149999949731864e-05,0.011359000000084052,2006-10-19 09:15:00,2025-06-26 09:15:00,6825 days 00:00:00,100000.0,176283.475895,76.283476,2890.20979,100.0,2071.879413,32.05778,1981 days 00:00:00,15,15,0,0.0,40.0,64.624568,-16.47914,31.671371,-10.616896,39 days 16:00:00,13 days 13:20:00,1.572835,5085.56506,0.293269,0.098162,1.281327,0.133894
FILATEX,Success,0.007120999999642663,0.00020059999951627105,0.00045479999971576035,4.130000070290407e-05,0.009681100000307197,2011-08-29 09:15:00,2025-06-26 09:15:00,5050 days 00:00:00,100000.0,52027.649208,-47.972351,1283.021258,100.0,708.860299,52.491441,2886 days 00:00:00,9,9,0,0.0,11.111111,44.779186,-13.949446,44.779186,-11.791397,117 days 00:00:00,34 days 15:00:00,0.406502,-5330.261199,-0.259115,-0.094853,0.846936,-0.14937
FILATFASH,Success,0.002340099999855738,0.00014399999963643495,0.0004552000000330736,2.6699999580159783e-05,0.0038768999993408215,2024-05-06 09:15:00,2025-06-26 09:15:00,416 days 00:00:00,100000.0,100000.0,0.0,-80.694981,100.0,0.0,0.0,,0,0,0,0.0,,,,,,,,,,,,,
FINCABLES,Success,0.010085099999741942,0.0002959000003102119,0.000562299999728566,4.7700000322947744e-05,0.013361499999518855,1994-11-03 09:15:00,2025-06-26 09:15:00,11193 days 00:00:00,100000.0,67197.97367,-32.802026,1264.496396,100.0,1311.451999,55.025197,9360 days 00:00:00,21,20,1,-347.029781,25.0,30.605377,-16.228151,26.582925,-9.64555,63 days 09:36:00,25 days 04:48:00,0.702463,-1622.749827,-0.084747,-0.023983,0.940543,-0.033644
FINEORG,Success,0.003864199999952689,0.00016360000063286861,0.0008146000000124332,3.960000049119117e-05,0.006428400000004331,2018-07-02 09:15:00,2025-06-26 09:15:00,2551 days 00:00:00,100000.0,163258.862808,63.258863,495.61255,100.0,750.649034,16.748469,577 days 00:00:00,5,5,0,0.0,60.0,26.472392,-8.861326,23.554436,-6.314809,83 days 00:00:00,9 days 12:00:00,4.057948,12651.772562,0.720363,0.441896,1.500913,0.379756
FINOPB,Success,0.0028958000002603512,0.0001565000002301531,0.0004582999999911408,2.8700000257231295e-05,0.004435599999851547,2021-11-12 09:15:00,2025-06-26 09:15:00,1322 days 00:00:00,100000.0,100000.0,0.0,-46.146352,100.0,0.0,0.0,,0,0,0,0.0,,,,,,,,,,,,,
FINPIPE,Success,0.011164099999405153,0.00027800000043498585,0.0004836999996769009,4.10999991800054e-05,0.013909199999943667,1999-01-01 09:15:00,2025-06-26 09:15:00,9673 days 00:00:00,100000.0,215760.615879,115.760616,14513.422819,100.0,2384.172858,43.281192,3131 days 00:00:00,15,15,0,0.0,40.0,39.703424,-13.894183,31.304403,-8.75024,98 days 16:00:00,31 days 10:40:00,1.983455,7717.374392,0.308161,0.069465,1.198353,0.171287
FIRSTCRY,Success,0.0022812999995949212,0.00014339999961521244,0.0004855999995925231,3.0500000320898835e-05,0.004520799999227165,2024-08-13 09:15:00,2025-06-26 09:15:00,317 days 00:00:00,100000.0,89756.624352,-10.243376,-41.569723,100.0,89.471047,10.243376,317 days 00:00:00,1,1,0,0.0,0.0,-10.102322,-10.102322,0.0,-10.102322,0 days 00:00:00,5 days 00:00:00,0.0,-10243.375648,-1.668593,-1.151409,0.098776,-3.611816
FIVESTAR,Success,0.0021856000003026566,0.00014389999978448031,0.0007072999997035367,3.409999953873921e-05,0.004452900000615045,2022-11-21 09:15:00,2025-06-26 09:15:00,948 days 00:00:00,100000.0,90141.243278,-9.858757,54.918367,100.0,89.820848,21.109122,589 days 00:00:00,1,1,0,0.0,0.0,-9.718984,-9.718984,0.0,-9.718984,0 days 00:00:00,181 days 00:00:00,0.0,-9858.756722,-0.293648,-0.187975,0.90002,-0.210488
FLAIR,Success,0.0019797000004473375,0.0001388000000588363,0.0003972000004068832,4.739999985758914e-05,0.0037258000002111658,2023-12-01 09:15:00,2025-06-26 09:15:00,573 days 00:00:00,100000.0,100000.0,0.0,-42.592591,100.0,0.0,0.0,,0,0,0,0.0,,,,,,,,,,,,,
FLEXITUFF,Success,0.007126800000150979,0.00020929999936925014,0.0004876000002695946,3.699999979289714e-05,0.009820899999795074,2011-10-19 09:15:00,2025-06-26 09:15:00,4999 days 00:00:00,100000.0,79239.591145,-20.760409,-78.254304,100.0,868.74821,62.259481,1504 days 00:00:00,10,10,0,0.0,30.0,43.5317,-18.201527,33.51315,-14.043405,22 days 00:00:00,48 days 00:00:00,0.786529,-2076.040885,-0.032816,-0.027641,0.981197,-0.014865
FLUOROCHEM,Success,0.0037271000001055654,0.00016479999976581894,0.0004549000004772097,3.219999962311704e-05,0.006182299999636598,2019-10-16 09:15:00,2025-06-26 09:15:00,2080 days 00:00:00,100000.0,84521.217203,-15.478783,395.952381,100.0,595.862741,42.287145,1197 days 00:00:00,6,6,0,0.0,16.666667,35.125033,-12.454732,35.125033,-8.844563,37 days 00:00:00,45 days 04:48:00,0.673323,-2579.797133,-0.142422,-0.069774,0.932405,-0.083584
FMGOETZE,Success,0.008374600000024657,0.00021749999996245606,0.00046130000009725336,3.8299999687296804e-05,0.01087050000023737,2006-09-12 09:15:00,2025-06-26 09:15:00,6862 days 00:00:00,100000.0,49850.082215,-50.149918,73.189557,100.0,651.722952,51.462105,5287 days 00:00:00,10,10,0,0.0,10.0,16.258078,-12.438475,16.258078,-8.767464,16 days 00:00:00,37 days 08:00:00,0.156795,-5014.991779,-0.323093,-0.073211,0.748649,-0.098566
FMNL,Success,0.007057400000121561,0.00019669999983307207,0.000583300000471354,3.7799999518028926e-05,0.009799999999813735,2011-01-14 09:15:00,2025-06-26 09:15:00,5277 days 00:00:00,100000.0,95543.347604,-4.456652,-73.395271,100.0,393.594618,44.947985,4630 days 00:00:00,5,5,0,0.0,40.0,34.611836,-17.139021,26.150647,-15.193537,51 days 00:00:00,20 days 00:00:00,0.887026,-891.330479,0.005213,-0.00727,1.005217,0.001375
FOCUS,Success,0.0039262000000235275,0.00017500000012660166,0.0005080000000816653,3.130000004603062e-05,0.006104200000663695,2017-04-13 09:15:00,2025-06-26 09:15:00,2996 days 00:00:00,100000.0,166505.527619,66.505528,3035.836443,100.0,481.966098,23.14448,532 days 00:00:00,3,3,0,0.0,66.666667,37.210886,-8.390939,35.248892,-8.390939,47 days 00:00:00,68 days 00:00:00,5.260445,22168.509206,0.758617,0.3848,1.640098,0.359373
FOODSIN,Success,0.0028369999999995343,0.00015769999936310342,0.00042039999971166253,2.7300000510876998e-05,0.004925500000354077,2021-11-16 09:15:00,2025-06-26 09:15:00,1318 days 00:00:00,100000.0,107264.043322,7.264043,36.636872,100.0,311.071892,23.504667,119 days 00:00:00,3,3,0,0.0,33.333333,39.038499,-14.544175,39.038499,-11.862647,139 days 00:00:00,40 days 00:00:00,1.281754,2421.347774,0.200251,0.084645,1.086224,0.14175
FORCEMOT,Success,0.0030808999999862863,0.00015889999940554844,0.0004314999996495317,2.860000040527666e-05,0.005233500000031199,2019-08-19 09:15:00,2025-06-26 09:15:00,2138 days 00:00:00,100000.0,137340.146137,37.340146,983.074326,100.0,978.802097,28.195949,1318 days 00:00:00,7,7,0,0.0,42.857143,31.228468,-9.628314,26.09443,-8.584169,32 days 00:00:00,35 days 00:00:00,1.709625,5334.306591,0.444746,0.212035,1.277275,0.232887
FORTIS,Success,0.008396399999583082,0.000225499999942258,0.00047139999969658675,3.8099999983387534e-05,0.010981700000229466,2007-05-09 09:15:00,2025-06-26 09:15:00,6623 days 00:00:00,100000.0,118423.801129,18.423801,689.515726,100.0,914.451898,34.550369,5217 days 00:00:00,10,10,0,0.0,30.0,34.729446,-8.631882,25.43902,-6.701285,245 days 16:00:00,35 days 20:34:17,1.416876,1842.380113,0.137206,0.027637,1.064273,0.089986
FOSECOIND,Success,0.009785000000192667,0.0002685999997993349,0.0005320000000210712,4.619999981514411e-05,0.012522200000603334,1999-01-01 09:15:00,2025-06-26 09:15:00,9673 days 00:00:00,100000.0,556092.36677,456.092367,2672.820501,100.0,4978.824569,21.775405,3795 days 00:00:00,17,17,0,0.0,58.823529,36.577247,-10.392542,27.027375,-8.544364,98 days 14:23:59,37 days 03:25:42,3.608951,26828.962751,0.584458,0.321542,1.346657,0.358655
FSL,Success,0.008571700000175042,0.00022170000011101365,0.00047169999925245065,3.9399999877787195e-05,0.011124299999210052,2007-02-22 09:15:00,2025-06-26 09:15:00,6699 days 00:00:00,100000.0,99239.705704,-0.760294,381.898159,100.0,1220.212828,41.569835,2537 days 00:00:00,12,12,0,0.0,33.333333,34.925546,-15.910328,26.399743,-10.78763,36 days 18:00:00,30 days 18:00:00,0.992066,-63.357858,0.048641,-0.00102,1.033773,0.017691
FUSION,Success,0.002337200000511075,0.0001492000001235283,0.0004090000002179295,3.169999945384916e-05,0.004494400000112364,2022-11-15 09:15:00,2025-06-26 09:15:00,954 days 00:00:00,100000.0,81129.679816,-18.87032,-34.795604,100.0,171.306992,23.12894,667 days 00:00:00,2,2,0,0.0,0.0,-9.064408,-10.505952,0.0,-9.78518,0 days 00:00:00,44 days 00:00:00,0.0,-9435.160092,-0.984746,-0.3367,0.586182,-0.438604
GABRIEL,Success,0.009212299999489915,0.0002648999998200452,0.0005209999999351567,4.1599999349273276e-05,0.011860499999784224,1996-01-01 09:15:00,2025-06-26 09:15:00,10769 days 00:00:00,100000.0,80590.63721,-19.409363,5341.649485,100.0,1009.526409,50.139401,10530 days 00:00:00,13,13,0,0.0,23.076923,37.369368,-15.245579,31.288584,-9.512326,97 days 08:00:00,40 days 04:48:00,0.764118,-1493.027907,-0.026051,-0.017603,0.982875,-0.010457
GAEL,Success,0.00947820000055799,0.00024420000045211054,0.0005155000008016941,4.42000000475673e-05,0.012129600000662322,2001-02-12 09:15:00,2025-06-26 09:15:00,8900 days 00:00:00,100000.0,81766.56501,-18.233435,24700.0,100.0,1225.791638,55.517696,6733 days 00:00:00,15,14,1,2178.082081,28.571429,36.892625,-16.608854,33.307044,-12.594438,74 days 18:00:00,50 days 04:48:00,0.83112,-1457.965505,0.030384,-0.015302,1.018321,0.015127
GAIL,Success,0.009148000000095635,0.0002420999999230844,0.0004960999995091697,4.6299999667098746e-05,0.01201870000022609,1999-01-01 09:15:00,2025-06-26 09:15:00,9673 days 00:00:00,100000.0,201258.667032,101.258667,1608.770784,100.0,2724.562949,39.136014,2280 days 00:00:00,24,23,1,385.236373,43.478261,30.461748,-16.862842,20.923104,-8.401187,71 days 14:23:59,33 days 03:41:32,1.804604,4385.801333,0.301294,0.073429,1.158949,0.152689
GALAPREC,Success,0.001930999999785854,0.00013979999948787736,0.0003859999997075647,2.5400000595254824e-05,0.00338240000019141,2024-09-09 09:15:00,2025-06-26 09:15:00,290 days 00:00:00,100000.0,100000.0,0.0,15.987585,100.0,0.0,0.0,,0,0,0,0.0,,,,,,,,,,,,,
GALAXYSURF,Success,0.0041514999993523816,0.0001733999997668434,0.00045650000083696796,2.949999998236308e-05,0.00629549999939627,2018-02-08 09:15:00,2025-06-26 09:15:00,2695 days 00:00:00,100000.0,93928.115213,-6.071885,53.024199,100.0,413.847166,19.118718,1381 days 00:00:00,4,4,0,0.0,25.0,16.446289,-8.009512,16.446289,-6.647943,47 days 00:00:00,48 days 16:00:00,0.725722,-1517.971197,-0.073218,-0.044997,0.952623,-0.034946
GALLANTT,Success,0.007930400000077498,0.00023069999951985665,0.0004927999998471932,4.890000036539277e-05,0.010691700000279525,2006-04-04 09:15:00,2025-06-26 09:15:00,7023 days 00:00:00,100000.0,306760.185208,206.760185,3640.766551,100.0,3674.30502,42.155164,3158 days 00:00:00,16,16,0,0.0,43.75,59.120244,-16.716927,42.13691,-13.293495,130 days 17:08:34,42 days 00:00:00,1.692379,12922.511575,0.383587,0.15067,1.181349,0.312116
GANDHAR,Success,0.002266100000269944,0.0001474999999118154,0.00039480000032199314,2.6700000489654485e-05,0.004287200000362645,2023-11-30 09:15:00,2025-06-26 09:15:00,574 days 00:00:00,100000.0,92542.499389,-7.457501,-42.475114,100.0,92.437242,8.255826,174 days 00:00:00,1,1,0,0.0,0.0,-7.287032,-7.287032,0.0,-7.287032,0 days 00:00:00,15 days 00:00:00,0.0,-7457.500611,-1.007612,-0.590168,0.378154,-0.275195
GANDHITUBE,Success,0.008212500000809086,0.00023739999960525893,0.0005043000001023756,4.11000000895001e-05,0.010722500000156288,2007-01-31 09:15:00,2025-06-26 09:15:00,6721 days 00:00:00,100000.0,181038.702133,81.038702,851.917306,100.0,1292.936206,34.258503,3689 days 00:00:00,9,9,0,0.0,44.444444,40.016245,-12.036703,29.296415,-7.840478,166 days 12:00:00,46 days 14:24:00,2.388019,9004.300237,0.320651,0.103812,1.186225,0.193356
GANECOS,Success,0.004840500000682368,0.00018590000036056153,0.000464000000647502,4.199999966658652e-05,0.007134299999961513,2015-03-09 09:15:00,2025-06-26 09:15:00,3762 days 00:00:00,100000.0,89132.200516,-10.867799,792.020476,100.0,897.694614,36.73934,1674 days 00:00:00,10,10,0,0.0,30.0,24.376344,-12.984786,22.960989,-9.693736,61 days 08:00:00,43 days 06:51:25,0.833063,-1086.779948,-0.021666,-0.030759,0.989718,-0.015148
GANESHBE,Success,0.00261069999942265,0.00016879999930097256,0.0004533000001174514,2.990000029967632e-05,0.0048935000004348694,2021-09-16 09:15:00,2025-06-26 09:15:00,1379 days 00:00:00,100000.0,114575.658464,14.575658,4.467976,100.0,387.079005,19.236536,863 days 00:00:00,3,3,0,0.0,33.333333,42.182492,-12.037163,42.182492,-9.934256,273 days 00:00:00,31 days 12:00:00,1.534102,4858.552821,0.290681,0.193544,1.10207,0.273443
GANESHHOUC,Success,0.008336800000506628,0.00023490000057790894,0.00048150000020541484,4.1000000237545464e-05,0.010982400000102643,2007-03-02 09:15:00,2025-06-26 09:15:00,6691 days 00:00:00,100000.0,167941.443169,67.941443,319.831642,100.0,2891.572309,39.423699,1263 days 00:00:00,14,14,0,0.0,35.714286,53.624059,-14.16565,40.414397,-11.81835,33 days 19:11:59,32 days 10:40:00,1.280818,4852.960226,0.260493,0.074321,1.179633,0.138997
GANGAFORGE,Success,0.0026040000002467423,0.0001565000002301531,0.00045589999990625074,3.149999974993989e-05,0.004638100000192935,2020-11-14 18:00:00,2025-06-26 09:15:00,1684 days 15:15:00,100000.0,91680.550776,-8.319449,97.037037,100.0,91.768813,8.319449,1684 days 15:15:00,1,1,0,0.0,0.0,-8.136197,-8.136197,0.0,-8.136197,0 days 00:00:00,7 days 00:00:00,0.0,-8319.449224,-0.73144,-0.265764,0.129811,-0.089954
GANGESSECU,Success,0.004167099999904167,0.00018360000012762612,0.00045339999996940605,3.3799999982875306e-05,0.0064601999993101344,2017-07-28 09:15:00,2025-06-26 09:15:00,2890 days 00:00:00,100000.0,142512.283883,42.512284,126.926753,100.0,577.350645,30.81211,1671 days 00:00:00,5,5,0,0.0,40.0,49.007171,-15.540504,45.463351,-11.995514,147 days 00:00:00,12 days 08:00:00,2.046267,8502.456777,0.339989,0.152195,1.210696,0.194267
GARFIBRES,Success,0.010125900000275578,0.00025120000009337673,0.00048010000045906054,4.2800000301213004e-05,0.013315000000147847,1997-06-27 09:15:00,2025-06-26 09:15:00,10226 days 00:00:00,100000.0,250688.022512,150.688023,22573.161757,100.0,3209.570683,34.014653,1830 days 00:00:00,18,18,0,0.0,44.444444,45.532532,-17.173782,29.193508,-10.055614,99 days 18:00:00,47 days 14:24:00,1.934453,8371.556806,0.320438,0.103275,1.185828,0.179408
GARUDA,Success,0.002215499999692838,0.00014240000018617138,0.00038690000019414583,3.0100000003585592e-05,0.004278499999600172,2024-10-15 09:15:00,2025-06-26 09:15:00,254 days 00:00:00,100000.0,84275.872847,-15.724127,18.155322,100.0,84.298238,15.724127,254 days 00:00:00,1,1,0,0.0,0.0,-15.565171,-15.565171,0.0,-15.565171,0 days 00:00:00,53 days 00:00:00,0.0,-15724.127153,-0.924807,-1.395659,0.726132,-0.784268
GATECH,Success,0.0021019999994678074,0.00016349999987141928,0.00044919999982084846,3.419999939069385e-05,0.004284100000404578,2023-07-10 09:15:00,2025-06-26 09:15:00,717 days 00:00:00,100000.0,80430.940263,-19.56906,-2.394958,100.0,174.808144,19.56906,717 days 00:00:00,2,2,0,0.0,0.0,-5.606694,-14.450396,0.0,-10.028545,0 days 00:00:00,4 days 12:00:00,0.0,-9784.529869,-1.546271,-0.647567,0.0,-0.309526
GATECHDVR,Success,0.002193999999690277,0.00014419999934034422,0.00044799999977840343,2.8500000553322025e-05,0.004355500000201573,2023-07-13 09:15:00,2025-06-26 09:15:00,714 days 00:00:00,100000.0,94153.000143,-5.847,-88.712828,100.0,94.242488,6.095354,582 days 00:00:00,1,1,0,0.0,0.0,-5.658784,-5.658784,0.0,-5.658784,0 days 00:00:00,6 days 00:00:00,0.0,-5846.999857,-1.184061,-0.504603,0.042504,-0.672273
GATEWAY,Success,0.008853600000293227,0.00027880000016011763,0.0004656000000977656,3.97000003431458e-05,0.011340799999743467,2005-03-31 09:15:00,2025-06-26 09:15:00,7392 days 00:00:00,100000.0,63021.828852,-36.978171,205.294248,100.0,1046.808061,51.643431,2221 days 00:00:00,12,12,0,0.0,16.666667,48.794585,-13.151919,35.478031,-9.824309,92 days 12:00:00,72 days 19:11:59,0.59551,-3081.514262,-0.144863,-0.044964,0.928514,-0.080731
GAYAHWS,Success,0.0031231000002662768,0.00018250000084663043,0.00046300000030896626,3.190000006725313e-05,0.005410699999629287,2018-06-28 09:15:00,2025-06-26 09:15:00,2555 days 00:00:00,100000.0,347299.261022,247.299261,-87.596154,100.0,751.958675,29.999928,142 days 00:00:00,3,3,0,0.0,100.0,72.888426,36.090375,52.491918,0.0,92 days 16:00:00,0 days 00:00:00,inf,82433.087007,0.70599,0.783592,1.420944,0.646356
GEECEE,Success,0.008000400000128138,0.0002199000000473461,0.000496499999826483,3.6100000215810724e-05,0.0107136000005994,2010-03-05 09:15:00,2025-06-26 09:15:00,5592 days 00:00:00,100000.0,60616.008809,-39.383991,321.919316,100.0,899.422795,68.887387,3503 days 00:00:00,11,11,0,0.0,18.181818,53.831111,-19.805294,42.268393,-12.14874,83 days 00:00:00,51 days 02:40:00,0.619942,-3580.362836,-0.124763,-0.048699,0.932769,-0.065144
GEEKAYWIRE,Success,0.0029533999995692284,0.00015720000010333024,0.0004431000006661634,2.9400000130408444e-05,0.005156899999747111,2020-03-06 09:15:00,2025-06-26 09:15:00,1938 days 00:00:00,100000.0,75458.758037,-24.541242,851.333333,100.0,468.603119,43.658252,1938 days 00:00:00,6,6,0,0.0,16.666667,39.039642,-14.280061,39.039642,-11.266937,45 days 00:00:00,16 days 14:24:00,0.49924,-4090.206994,-0.198709,-0.120146,0.859266,-0.116759
GENCON,Success,0.0030288000007203664,0.00017670000033831457,0.0004423000000315369,3.3799999982875306e-05,0.005150300000423158,2021-02-16 09:15:00,2025-06-26 09:15:00,1591 days 00:00:00,100000.0,87639.817061,-12.360183,-26.589904,100.0,87.68642,19.229981,778 days 00:00:00,1,1,0,0.0,0.0,-12.189818,-12.189818,0.0,-12.189818,0 days 00:00:00,92 days 00:00:00,0.0,-12360.182939,-0.268913,-0.157505,0.841432,-0.142522
GENESYS,Success,0.008715099999790255,0.00023669999973208178,0.000561099999686121,4.639999951905338e-05,0.011330700000144134,2003-01-23 09:15:00,2025-06-26 09:15:00,8190 days 00:00:00,100000.0,96436.995083,-3.563005,1956.397785,100.0,1221.919545,62.491503,6350 days 00:00:00,13,13,0,0.0,30.769231,43.763609,-21.035529,37.419952,-13.124079,50 days 12:00:00,21 days 08:00:00,0.970958,-274.077301,0.054287,-0.002788,1.041092,0.018524
GENSOL,Success,0.002334300000256917,0.00015129999974305974,0.00043879999975615647,2.7299999601382297e-05,0.004285199999685574,2023-07-03 09:15:00,2025-06-26 09:15:00,724 days 00:00:00,100000.0,83638.313477,-16.361687,-90.907943,100.0,82.718731,16.361687,724 days 00:00:00,1,1,0,0.0,0.0,-16.360228,-16.360228,0.0,-16.360228,0 days 00:00:00,6 days 00:00:00,0.0,-16361.686523,-1.117545,-0.532418,0.026364,-0.229709
GENUSPAPER,Success,0.004483499999878404,0.00019640000027720816,0.000440800000433228,3.100000049016671e-05,0.006684699999823351,2015-02-16 09:15:00,2025-06-26 09:15:00,3783 days 00:00:00,100000.0,131133.275243,31.133275,295.625,100.0,608.7114,31.00767,875 days 00:00:00,6,5,1,2366.767398,40.0,55.978439,-17.280702,44.846618,-14.543081,64 days 00:00:00,47 days 16:00:00,1.510639,5753.301569,0.245811,0.087032,1.176833,0.150972
GENUSPOWER,Success,0.008009099999981117,0.00023430000055668643,0.0005000000001018634,3.689999994094251e-05,0.01057570000011765,2008-01-14 09:15:00,2025-06-26 09:15:00,6373 days 00:00:00,100000.0,282132.539322,182.132539,330.728303,100.0,1817.979351,48.128009,4060 days 00:00:00,14,14,0,0.0,50.0,45.663024,-16.201167,35.306994,-13.832921,65 days 20:34:17,36 days 17:08:34,2.557534,13009.467094,0.424709,0.13116,1.245046,0.238039
GEOJITFSL,Success,0.008514799999829847,0.00022230000013223616,0.0005078000003777561,4.400000034365803e-05,0.01131230000009964,2005-07-01 09:15:00,2025-06-26 09:15:00,7300 days 00:00:00,100000.0,115067.959444,15.067959,918.803457,100.0,1713.81277,59.009952,5748 days 00:00:00,16,16,0,0.0,31.25,44.897507,-17.340328,36.362207,-11.691856,65 days 04:48:00,51 days 17:27:16,1.098518,941.747465,0.126818,0.012182,1.069469,0.075327
GEPIL,Success,0.008667299999615352,0.00022420000004785834,0.00045989999944140436,3.6299999919719994e-05,0.011035800000172458,2006-11-02 09:15:00,2025-06-26 09:15:00,6811 days 00:00:00,100000.0,178641.853838,78.641854,-31.754786,100.0,1157.146559,31.389171,2214 days 00:00:00,10,10,0,0.0,40.0,46.134386,-12.646296,34.067226,-8.818528,88 days 18:00:00,31 days 12:00:00,2.267014,7864.185384,0.359736,0.102685,1.253587,0.204684
GESHIP,Success,0.008184700000128942,0.0002288999994561891,0.0004748999999719672,4.1900000724126585e-05,0.010904699999628065,2006-11-27 09:15:00,2025-06-26 09:15:00,6786 days 00:00:00,100000.0,219166.744296,119.166744,343.424596,100.0,1605.991173,31.27313,3623 days 00:00:00,13,13,0,0.0,46.153846,46.503525,-12.349042,29.197749,-9.656683,141 days 20:00:00,61 days 06:51:25,2.556429,9166.672638,0.344729,0.1407,1.152113,0.208835
GFLLIMITED,Success,0.009697399999822665,0.0002657000004546717,0.0004777999993166304,4.0099999750964344e-05,0.012479800000619434,1999-01-01 09:15:00,2025-06-26 09:15:00,9673 days 00:00:00,100000.0,232059.864873,132.059865,13850.629995,100.0,3080.98929,30.981477,4303 days 00:00:00,14,14,0,0.0,42.857143,43.95357,-13.670524,33.687921,-10.166739,90 days 16:00:00,30 days 00:00:00,1.664102,9432.847491,0.320356,0.107789,1.216396,0.171665
GHCL,Success,0.009718399999655958,0.00024959999973361846,0.00047619999986636685,4.160000025876798e-05,0.012530199999673641,1999-01-01 09:15:00,2025-06-26 09:15:00,9673 days 00:00:00,100000.0,71779.378907,-28.220621,4047.931034,100.0,1830.992223,58.786219,7212 days 00:00:00,16,16,0,0.0,25.0,34.08555,-16.803603,26.669428,-9.78199,44 days 00:00:00,50 days 20:00:00,0.80529,-1763.788818,-0.077812,-0.021618,0.949642,-0.036797
GHCLTEXTIL,Success,0.0024895999995351303,0.00017049999951268546,0.0004541000007520779,3.0199999855540227e-05,0.0040754999999990105,2023-06-12 09:15:00,2025-06-26 09:15:00,745 days 00:00:00,100000.0,100000.0,0.0,35.935669,100.0,0.0,0.0,,0,0,0,0.0,,,,,,,,,,,,,
GICHSGFIN,Success,0.009400099999766098,0.0002770000000964501,0.0005237999994278653,4.059999992023222e-05,0.012382800000523275,1999-01-01 09:15:00,2025-06-26 09:15:00,9673 days 00:00:00,100000.0,297943.622983,197.943623,1367.809433,100.0,2977.411857,25.881629,1591 days 00:00:00,15,15,0,0.0,46.666667,41.301837,-12.265373,31.164347,-9.174243,141 days 17:08:34,47 days 12:00:00,2.314827,13196.241532,0.368299,0.168076,1.203899,0.235608
GICRE,Success,0.0040029000001595705,0.00016969999978755368,0.0004439000003912952,3.199999991920777e-05,0.0062385000001086155,2017-10-25 09:15:00,2025-06-26 09:15:00,2801 days 00:00:00,100000.0,92947.187479,-7.052813,-12.718745,100.0,291.569228,18.164327,1966 days 00:00:00,3,3,0,0.0,33.333333,20.224156,-14.080784,20.224156,-11.791376,41 days 00:00:00,21 days 12:00:00,0.718941,-2350.937507,-0.067622,-0.053118,0.932577,-0.017101
GILLANDERS,Success,0.007962399999996705,0.0002258000004076166,0.0004923000005874201,4.7200000153679866e-05,0.01051389999975072,2009-12-14 09:15:00,2025-06-26 09:15:00,5673 days 00:00:00,100000.0,98560.898827,-1.439101,47.709855,100.0,643.419313,43.82175,4776 days 00:00:00,7,7,0,0.0,28.571429,38.464949,-14.4436,30.099008,-9.889792,196 days 00:00:00,15 days 00:00:00,0.970128,-205.585882,0.06417,-0.0022,1.041057,0.03631
GILLETTE,Success,0.008039800000005926,0.0002199000000473461,0.00046920000022510067,3.6299999919719994e-05,0.01053700000011304,2006-04-04 09:15:00,2025-06-26 09:15:00,7023 days 00:00:00,100000.0,121345.586502,21.345587,1094.515235,100.0,1613.538676,24.061899,5203 days 00:00:00,14,14,0,0.0,28.571429,24.676605,-7.878275,19.596873,-4.884651,60 days 00:00:00,52 days 16:48:00,1.358248,1524.68475,0.168797,0.042886,1.095758,0.094113
GINNIFILA,Success,0.009196799999699579,0.0002621000003273366,0.0005468999997901847,4.259999968780903e-05,0.011821600000075705,1999-01-01 09:15:00,2025-06-26 09:15:00,9673 days 00:00:00,100000.0,237977.497136,137.977497,806.6,100.0,2024.340956,56.600476,3499 days 00:00:00,15,15,0,0.0,46.666667,55.465326,-34.42057,40.775045,-16.530237,63 days 10:17:08,18 days 00:00:00,1.792046,9198.499809,0.284517,0.065879,1.220528,0.137557
GIPCL,Success,0.010182199999690056,0.00030440000045928173,0.0005284999997456907,4.379999973025406e-05,0.012954799999533861,1999-01-01 09:15:00,2025-06-26 09:15:00,9673 days 00:00:00,100000.0,261016.520279,161.01652,739.274227,100.0,4440.100463,39.489578,2557 days 00:00:00,23,23,0,0.0,43.478261,45.185971,-17.428001,28.952436,-11.010914,105 days 19:12:00,65 days 19:09:13,1.563181,7000.718273,0.312969,0.095337,1.135577,0.2352
GKWLIMITED,Success,0.007653800000298361,0.00020929999936925014,0.00046099999963189475,3.889999970851932e-05,0.010390299999926356,2009-07-20 09:15:00,2025-06-26 09:15:00,5820 days 00:00:00,100000.0,47358.689313,-52.641311,1253.056867,100.0,551.905041,62.863736,3926 days 00:00:00,9,8,1,871.424485,12.5,26.400989,-15.478157,26.400989,-13.175706,28 days 00:00:00,132 days 00:00:00,0.246029,-6689.091897,-0.219401,-0.078455,0.904835,-0.138094
GLAND,Success,0.0027691999994203798,0.00015910000001895241,0.00041979999969044,2.7499999305291567e-05,0.004724900000837806,2020-11-20 09:15:00,2025-06-26 09:15:00,1679 days 00:00:00,100000.0,93566.480268,-6.43352,-1.497623,100.0,92.871479,6.970184,617 days 00:00:00,1,1,0,0.0,0.0,-6.297392,-6.297392,0.0,-6.297392,0 days 00:00:00,5 days 00:00:00,0.0,-6433.519732,-0.60772,-0.209349,0.081295,-0.054365
GLAXO,Success,0.010023899999396235,0.0002547000003687572,0.0006131999998615356,4.640000042854808e-05,0.012999399999898742,1999-01-01 09:15:00,2025-06-26 09:15:00,9673 days 00:00:00,100000.0,158497.299237,58.497299,973.788618,100.0,2486.171573,38.07667,2033 days 00:00:00,18,18,0,0.0,38.888889,39.124737,-13.767974,23.530485,-8.34872,176 days 10:17:08,40 days 04:21:49,1.465926,3249.849958,0.214702,0.047009,1.097288,0.138117
GLENMARK,Success,0.009164099999907194,0.0002420999999230844,0.0005149999997229315,4.1199999941454735e-05,0.011881599999469472,2000-02-10 09:15:00,2025-06-26 09:15:00,9268 days 00:00:00,100000.0,115567.136704,15.567137,6287.019688,100.0,1694.625823,64.668051,8445 days 00:00:00,18,18,0,0.0,33.333333,40.51577,-13.658418,23.597731,-8.555698,62 days 16:00:00,37 days 18:00:00,1.151115,864.840928,0.108695,0.00903,1.064442,0.050183
GLFL,Success,0.007858500000111235,0.00022090000038588187,0.00045759999920846894,3.6299999919719994e-05,0.010265399999298097,1999-01-01 09:15:00,2025-06-26 09:15:00,9673 days 00:00:00,100000.0,87366.010588,-12.633989,2.0,100.0,817.404272,53.176941,5572 days 00:00:00,10,10,0,0.0,30.0,42.850863,-22.846154,34.510606,-13.122255,29 days 16:00:00,69 days 03:25:42,0.847274,-1263.398941,0.032872,-0.015738,1.022198,0.015544
GLOBAL,Success,0.0027152000002388377,0.00015760000042064348,0.0004505000006247428,2.7399999453336932e-05,0.004889100000582403,2020-12-07 09:15:00,2025-06-26 09:15:00,1662 days 00:00:00,100000.0,72945.348201,-27.054652,521.335967,100.0,159.290854,27.054652,1662 days 00:00:00,2,2,0,0.0,0.0,-13.547613,-15.30146,0.0,-14.424536,0 days 00:00:00,21 days 00:00:00,0.0,-13527.325899,-0.955462,-0.251094,0.378571,-0.263892
GLOBALE,Success,0.0017152000000351109,0.00022420000004785834,0.0005178999999770895,2.9100000574544538e-05,0.0033779999994294485,2024-08-27 09:15:00,2025-06-26 09:15:00,303 days 00:00:00,100000.0,100000.0,0.0,-79.072614,100.0,0.0,0.0,,0,0,0,0.0,,,,,,,,,,,,,
GLOBALVECT,Success,0.008444899999631161,0.00021809999998367857,0.0005890000002182205,3.96999994336511e-05,0.01101230000040232,2006-10-27 09:15:00,2025-06-26 09:15:00,6817 days 00:00:00,100000.0,205466.500011,105.4665,39.248,100.0,1133.502043,47.983536,948 days 00:00:00,9,9,0,0.0,55.555556,57.491327,-16.016671,31.310889,-13.755899,22 days 09:35:59,33 days 12:00:00,2.878655,11718.500001,0.382522,0.086823,1.367668,0.154851
GLOBE,Success,0.002873399999771209,0.0001612999994904385,0.0004233999998177751,3.190000006725313e-05,0.004913699999633536,2020-10-07 09:15:00,2025-06-26 09:15:00,1723 days 00:00:00,100000.0,142711.497007,42.711497,-8.486801,100.0,399.064259,37.166649,485 days 00:00:00,3,3,0,0.0,66.666667,37.901157,-13.837508,29.367392,-13.837508,49 days 00:00:00,220 days 00:00:00,3.215305,14237.165669,0.541104,0.219068,1.221166,0.492674
GLOBUSSPR,Success,0.00861819999954605,0.0002314000003025285,0.0004706999998234096,3.5799999750452116e-05,0.011701999999786494,2009-09-23 09:15:00,2025-06-26 09:15:00,5755 days 00:00:00,100000.0,165088.561937,65.088562,949.505495,100.0,1473.600463,38.602863,1869 days 00:00:00,13,12,1,-9799.01372,41.666667,38.750628,-17.055254,34.996247,-12.223886,50 days 14:24:00,35 days 10:17:08,1.691225,6240.631305,0.277345,0.085353,1.171481,0.172237
GLOSTERLTD,Success,0.002063799999632465,0.000152900000102818,0.000409600000239152,3.100000049016671e-05,0.0035419999994701357,2024-04-26 09:15:00,2025-06-26 09:15:00,426 days 00:00:00,100000.0,100000.0,0.0,-21.964372,100.0,0.0,0.0,,0,0,0,0.0,,,,,,,,,,,,,
GMBREW,Success,0.009671200000411773,0.00023529999998572748,0.0005160999999134219,4.149999949731864e-05,0.012276899999960733,1999-01-05 09:15:00,2025-06-26 09:15:00,9669 days 00:00:00,100000.0,130396.657673,30.396658,33814.620536,100.0,2425.812237,50.776122,3370 days 00:00:00,14,14,0,0.0,28.571429,84.249052,-16.436157,45.254356,-10.879983,89 days 06:00:00,30 days 12:00:00,1.148486,2171.189834,0.154029,0.023654,1.110981,0.07043
GMDCLTD,Success,0.010993800000505871,0.0003265000004830654,0.0005161999997653766,4.399999943416333e-05,0.013752500000009604,1999-01-01 09:15:00,2025-06-26 09:15:00,9673 days 00:00:00,100000.0,118382.493611,18.382494,7536.792453,100.0,2356.735807,40.609664,1539 days 00:00:00,20,20,0,0.0,35.0,47.581261,-19.958015,28.780632,-11.094635,52 days 06:51:25,32 days 00:00:00,1.100109,919.124681,0.114162,0.016098,1.074918,0.05454
GMMPFAUDLR,Success,0.004534799999419192,0.00018459999955666717,0.0004318000001148903,3.3799999982875306e-05,0.007117500000276777,2018-03-05 09:15:00,2025-06-26 09:15:00,2670 days 00:00:00,100000.0,155612.993102,55.612993,400.837629,100.0,1271.468039,21.61234,650 days 00:00:00,9,9,0,0.0,44.444444,24.696572,-7.754999,22.723259,-6.889306,29 days 12:00:00,33 days 00:00:00,2.075647,6179.221456,0.503854,0.293484,1.344618,0.351935
GMRAIRPORT,Success,0.008519599999999627,0.0002241000001959037,0.0005523999998331419,3.97000003431458e-05,0.011193300000741147,2006-08-21 09:15:00,2025-06-26 09:15:00,6884 days 00:00:00,100000.0,274538.207921,174.538208,354.797874,100.0,2914.237456,39.535151,3144 days 00:00:00,14,14,0,0.0,50.0,46.458194,-18.288062,32.482994,-12.259237,130 days 17:08:34,91 days 20:34:17,1.912995,12467.014852,0.366686,0.142044,1.144616,0.255376
GMRP&UI,Success,0.0025819000002229586,0.00014829999963694718,0.0004135999997743056,2.9200000426499173e-05,0.004651199999898381,2022-03-23 09:15:00,2025-06-26 09:15:00,1191 days 00:00:00,100000.0,77917.345945,-22.082654,135.877203,100.0,165.143249,23.555973,1009 days 00:00:00,2,2,0,0.0,0.0,-10.374754,-12.720229,0.0,-11.547491,0 days 00:00:00,41 days 12:00:00,0.0,-11041.327028,-0.491659,-0.317084,0.750837,-0.229309
GNA,Success,0.004529799999545503,0.0001812999998946907,0.0004438999994818005,3.259999994043028e-05,0.006680700000288198,2016-09-26 09:15:00,2025-06-26 09:15:00,3195 days 00:00:00,100000.0,105891.102376,5.891102,162.803509,100.0,667.084508,41.57043,2586 days 00:00:00,6,6,0,0.0,33.333333,34.485196,-13.157761,27.093952,-9.649305,71 days 00:00:00,12 days 06:00:00,1.129466,981.850396,0.118919,0.016059,1.086911,0.054972
GNFC,Success,0.009820199999921897,0.0002643000007083174,0.0005234999998720014,4.2800000301213004e-05,0.012636399999792047,1999-01-01 09:15:00,2025-06-26 09:15:00,9673 days 00:00:00,100000.0,206596.521635,106.596522,2841.443693,100.0,3146.811668,32.16107,1659 days 00:00:00,17,17,0,0.0,35.294118,52.860474,-20.200974,36.213077,-9.279249,101 days 04:00:00,22 days 06:32:43,1.542283,6270.383626,0.278514,0.088119,1.180722,0.124979
GOACARBON,Success,0.008337500000379805,0.00021830000059708254,0.000497900000482332,4.840000019612489e-05,0.01086479999958101,2007-06-05 09:15:00,2025-06-26 09:15:00,6596 days 00:00:00,100000.0,164519.303168,64.519303,809.133237,100.0,1309.162207,21.341332,43 days 00:00:00,9,9,0,0.0,44.444444,39.04077,-15.409305,31.228715,-10.710758,37 days 00:00:00,14 days 09:36:00,1.773387,7168.811463,0.28803,0.137851,1.353245,0.09811
GOCLCORP,Success,0.004576000000270142,0.00017749999915395165,0.00044499999967229087,3.239999932702631e-05,0.006785499999750755,2015-11-10 09:15:00,2025-06-26 09:15:00,3516 days 00:00:00,100000.0,93952.17014,-6.04783,148.005426,100.0,739.42995,35.445899,1259 days 00:00:00,7,7,0,0.0,28.571429,38.403014,-13.883816,31.794456,-11.266538,54 days 12:00:00,57 days 09:36:00,0.906399,-863.975694,0.032216,-0.01855,1.017673,0.023286
GOCOLORS,Success,0.0024225999995906022,0.0001675000003160676,0.00042209999992337544,2.6300000172341242e-05,0.0044146999998702086,2021-11-30 09:15:00,2025-06-26 09:15:00,1304 days 00:00:00,100000.0,93932.725569,-6.067274,-29.967297,100.0,93.775149,7.193712,615 days 00:00:00,1,1,0,0.0,0.0,-5.89454,-5.89454,0.0,-5.89454,0 days 00:00:00,34 days 00:00:00,0.0,-6067.274431,-0.584672,-0.244736,0.552475,-0.17426
GODAVARIB,Success,0.0017656999998507672,0.00013940000008005882,0.0003815000000031432,2.4500000108673703e-05,0.003184299999702489,2024-10-30 09:15:00,2025-06-26 09:15:00,239 days 00:00:00,100000.0,100000.0,0.0,-28.175991,100.0,0.0,0.0,,0,0,0,0.0,,,,,,,,,,,,,
GODFRYPHLP,Success,0.00972619999993185,0.00024310000026162015,0.0004492999996728031,5.090000013296958e-05,0.012481199999456294,1999-01-01 09:15:00,2025-06-26 09:15:00,9673 days 00:00:00,100000.0,46983.04911,-53.016951,11586.141304,100.0,952.302968,58.816441,9074 days 00:00:00,14,14,0,0.0,14.285714,20.358508,-12.929119,19.196966,-8.603526,32 days 12:00:00,82 days 16:00:00,0.303955,-3786.925064,-0.182544,-0.049234,0.90559,-0.091611
GODHA,Success,0.0038231999997151433,0.00015999999959603883,0.0004462000006242306,2.949999998236308e-05,0.006087400000069465,2018-05-11 09:15:00,2025-06-26 09:15:00,2603 days 00:00:00,100000.0,107581.580505,7.581581,-62.237785,100.0,658.568243,34.344756,1569 days 00:00:00,5,5,0,0.0,40.0,37.491727,-13.634496,28.573322,-12.90987,52 days 00:00:00,23 days 00:00:00,1.13472,1516.316101,0.16419,0.039962,1.095813,0.10509
GODIGIT,Success,0.0019909000002371613,0.00014310000005934853,0.00043869999990420183,2.7600000066740904e-05,0.00394369999958144,2024-05-23 09:15:00,2025-06-26 09:15:00,399 days 00:00:00,100000.0,89804.415769,-10.195584,15.833333,100.0,89.78067,25.67627,266 days 00:00:00,1,1,0,0.0,0.0,-10.027407,-10.027407,0.0,-10.027407,0 days 00:00:00,154 days 00:00:00,0.0,-10195.584231,-0.228033,-0.36803,0.941971,-0.278349
GODREJAGRO,Success,0.004192500000499422,0.00020260000019334257,0.0004808000003322377,3.079999987676274e-05,0.0064122000003408175,2017-10-16 09:15:00,2025-06-26 09:15:00,2810 days 00:00:00,100000.0,87286.926789,-12.713073,29.539155,100.0,502.630391,25.906049,2661 days 00:00:00,5,5,0,0.0,20.0,18.110554,-8.632289,18.110554,-7.040015,40 days 00:00:00,39 days 12:00:00,0.583435,-2542.614642,-0.202774,-0.068738,0.867606,-0.088627
GODREJCP,Success,0.009056799999598297,0.00023940000028233044,0.0004944000002069515,4.260000059730373e-05,0.011710499999935564,2001-06-20 09:15:00,2025-06-26 09:15:00,8772 days 00:00:00,100000.0,123996.540598,23.996541,28192.144179,100.0,2546.700879,51.292105,6973 days 00:00:00,17,17,0,0.0,35.294118,33.311155,-11.924136,21.510038,-7.931466,68 days 20:00:00,44 days 10:54:32,1.165924,1411.561212,0.137052,0.017914,1.084753,0.069827
GODREJIND,Success,0.009405100000549282,0.0002795000000332948,0.0005649000004268601,4.340000032243552e-05,0.01207689999955619,2003-02-25 09:15:00,2025-06-26 09:15:00,8157 days 00:00:00,100000.0,181082.264141,81.082264,49755.002701,100.0,2644.31732,45.573057,5684 days 00:00:00,15,15,0,0.0,33.333333,47.796173,-13.081538,35.480187,-8.342336,53 days 04:48:00,51 days 00:00:00,1.516848,5405.484276,0.281543,0.060228,1.175678,0.167262
GODREJPROP,Success,0.00824670000019978,0.00024049999956332613,0.0004830999996556784,4.759999956149841e-05,0.010799300000144285,2010-01-05 09:15:00,2025-06-26 09:15:00,5651 days 00:00:00,100000.0,124149.626938,24.149627,790.311773,100.0,1143.532142,31.870551,1582 days 00:00:00,11,11,0,0.0,36.363636,28.006626,-10.125836,23.207048,-8.134312,58 days 06:00:00,47 days 06:51:25,1.389987,2195.420631,0.183979,0.044966,1.104859,0.101678
GOKEX,Success,0.008169800000359828,0.00022310000076686265,0.0007675999995626626,6.630000007135095e-05,0.011723999999958323,2005-04-27 09:15:00,2025-06-26 09:15:00,7365 days 00:00:00,100000.0,245847.319615,145.84732,180.241432,100.0,1831.187073,45.382387,1685 days 00:00:00,12,12,0,0.0,50.0,41.635648,-19.912683,35.273714,-13.647925,54 days 12:00:00,24 days 04:00:00,2.220949,12153.943301,0.355341,0.103834,1.303853,0.186145
GOKUL,Success,0.007760399999824585,0.0002594999996290426,0.0005553000000872998,3.980000019510044e-05,0.010292900000422378,2008-06-04 09:15:00,2025-06-26 09:15:00,6231 days 00:00:00,100000.0,85064.088686,-14.935911,23.31777,100.0,1245.831621,54.679261,1560 days 00:00:00,11,11,0,0.0,27.272727,43.958599,-19.224644,38.283643,-12.894429,55 days 00:00:00,26 days 21:00:00,0.881931,-1357.810119,-0.0169,-0.017623,0.988282,-0.006847
GOKULAGRO,Success,0.007346000000325148,0.00019299999985378236,0.000466499999674852,3.5799999750452116e-05,0.009608200000002398,2016-03-11 09:15:00,2025-06-26 09:15:00,3394 days 00:00:00,100000.0,70313.332301,-29.686668,2703.001389,100.0,481.09421,37.39809,3394 days 00:00:00,6,6,0,0.0,16.666667,41.652257,-15.097208,41.652257,-12.8581,64 days 00:00:00,35 days 00:00:00,0.483612,-4947.77795,-0.287868,-0.101264,0.823914,-0.129461
GOLDIAM,Success,0.008463899999696878,0.000247500000114087,0.0006306999994194484,4.2800000301213004e-05,0.011211300000468327,2005-08-29 09:15:00,2025-06-26 09:15:00,7241 days 00:00:00,100000.0,128212.939154,28.212939,2431.458067,100.0,1810.037295,45.139723,1947 days 00:00:00,11,11,0,0.0,36.363636,38.007499,-19.790688,35.783373,-12.679331,136 days 12:00:00,12 days 17:08:34,1.177887,2564.81265,0.159981,0.028697,1.097963,0.082564
GOLDTECH,Success,0.008871499999258958,0.00023599999985890463,0.0006883999994897749,4.4800000068789814e-05,0.012180300000181887,2001-04-11 09:15:00,2025-06-26 09:15:00,8842 days 00:00:00,100000.0,27593.805772,-72.406194,115.007942,100.0,552.46675,80.934083,8571 days 00:00:00,14,13,1,1019.981644,15.384615,54.674817,-28.328293,38.313572,-15.974641,107 days 00:00:00,49 days 21:49:05,0.263159,-5648.167375,-0.231703,-0.067976,0.882725,-0.145097
GOODLUCK,Success,0.004903900000499561,0.000184100000296894,0.0004372000003058929,3.4100000448233914e-05,0.007102900000063528,2015-01-08 09:15:00,2025-06-26 09:15:00,3822 days 00:00:00,100000.0,64174.910127,-35.82509,1412.371134,100.0,631.564847,54.012526,2691 days 00:00:00,7,7,0,0.0,14.285714,30.00088,-16.824296,30.00088,-10.878602,44 days 00:00:00,21 days 04:00:00,0.453521,-5117.869982,-0.439123,-0.078173,0.711726,-0.156725
GOPAL,Success,0.001984699999411532,0.00014170000031299423,0.00039509999987785704,2.550000044720946e-05,0.003495199999633769,2024-03-14 09:15:00,2025-06-26 09:15:00,469 days 00:00:00,100000.0,100000.0,0.0,-1.792117,100.0,0.0,0.0,,0,0,0,0.0,,,,,,,,,,,,,
GOYALALUM,Success,0.002412299999377865,0.00014960000044084154,0.0003956000000471249,2.8200000087963417e-05,0.004743599999528669,2022-11-04 09:15:00,2025-06-26 09:15:00,965 days 00:00:00,100000.0,81315.198992,-18.684801,-43.586159,100.0,175.406456,20.111849,507 days 00:00:00,2,2,0,0.0,0.0,-5.888851,-13.251072,0.0,-9.569961,0 days 00:00:00,7 days 12:00:00,0.0,-9342.400504,-1.266016,-0.391833,0.131343,-0.240741
GPIL,Success,0.00835339999957796,0.00022700000045006163,0.0004859000000578817,4.2100000428035855e-05,0.010897899999690708,2006-04-25 09:15:00,2025-06-26 09:15:00,7002 days 00:00:00,100000.0,71893.883683,-28.106116,3558.943286,100.0,1184.533921,59.171326,6369 days 00:00:00,15,15,0,0.0,26.666667,46.947731,-19.818107,34.964211,-12.605384,78 days 18:00:00,15 days 00:00:00,0.775649,-1873.741088,-0.0531,-0.029757,0.965406,-0.019734
GPPL,Success,0.007602099999530765,0.00022370000078808516,0.0004840000001422595,3.769999966607429e-05,0.010137299999769311,2010-09-09 09:15:00,2025-06-26 09:15:00,5404 days 00:00:00,100000.0,71980.983187,-28.019017,199.185944,100.0,538.083289,39.748681,5301 days 00:00:00,7,7,0,0.0,14.285714,26.856815,-12.725232,26.856815,-8.781611,41 days 00:00:00,78 days 04:00:00,0.382334,-4002.716688,-0.142649,-0.056309,0.92181,-0.079381
GPTHEALTH,Success,0.002014699999563163,0.0001435999993191217,0.0005999999993946403,3.219999962311704e-05,0.0037674000004699337,2024-02-29 09:15:00,2025-06-26 09:15:00,483 days 00:00:00,100000.0,100000.0,0.0,-27.409068,100.0,0.0,0.0,,0,0,0,0.0,,,,,,,,,,,,,
GPTINFRA,Success,0.004335399999945366,0.00017289999959757552,0.00042980000034731347,3.20999997711624e-05,0.006608499999856576,2016-07-11 09:15:00,2025-06-26 09:15:00,3272 days 00:00:00,100000.0,99816.410142,-0.18359,327.950986,100.0,492.419857,33.481817,1487 days 00:00:00,4,4,0,0.0,25.0,50.361568,-13.668173,50.361568,-12.525329,158 days 00:00:00,16 days 08:00:00,0.996346,-45.897465,0.07368,-0.000623,1.055765,0.039311
GRANULES,Success,0.008534599999620696,0.00023380000038741855,0.0004945999999108608,3.999999989900971e-05,0.011247200000070734,2005-06-20 09:15:00,2025-06-26 09:15:00,7311 days 00:00:00,100000.0,90595.256296,-9.404744,4671.003361,100.0,1085.506966,46.041644,3325 days 00:00:00,14,13,1,2390.37293,30.769231,32.99227,-12.963387,23.541633,-9.904426,39 days 06:00:00,85 days 13:20:00,0.852907,-907.316664,0.010539,-0.010902,1.005179,0.006281
GRAPHITE,Success,0.009051399999407295,0.00025689999984024325,0.0004742999999507447,3.870000000461005e-05,0.011651499999970838,2003-01-13 09:15:00,2025-06-26 09:15:00,8200 days 00:00:00,100000.0,158677.958402,58.677958,9411.092475,100.0,1013.471428,35.315047,3766 days 00:00:00,8,8,0,0.0,50.0,32.973787,-19.877014,26.281994,-10.412074,40 days 12:00:00,73 days 00:00:00,2.084556,7334.7448,0.254278,0.059902,1.232352,0.111309
GRASIM,Success,0.009722200000396697,0.0003040999999939231,0.0005413999997472274,7.170000026235357e-05,0.012878399999863177,1999-01-01 09:15:00,2025-06-26 09:15:00,9673 days 00:00:00,100000.0,517239.722972,417.239723,9673.519291,100.0,8037.971946,26.877783,2309 days 00:00:00,27,27,0,0.0,51.851852,40.038129,-10.643891,20.607374,-6.634664,61 days 08:34:17,68 days 07:23:04,2.618478,15453.323073,0.536063,0.243093,1.247996,0.354286
GRAVITA,Success,0.007469099999980244,0.00021220000053290278,0.00046320000001287553,4.019999960291898e-05,0.009961400000065623,2010-11-16 09:15:00,2025-06-26 09:15:00,5336 days 00:00:00,100000.0,244030.2805,144.030281,4213.781593,100.0,1368.447282,19.182848,855 days 00:00:00,9,9,0,0.0,55.555556,40.108992,-13.510439,32.361081,-11.45941,48 days 04:48:00,31 days 00:00:00,3.203244,16003.3645,0.524073,0.334677,1.475749,0.346459
GREAVESCOT,Success,0.009613300000637537,0.0002314000003025285,0.0005163000005268259,4.309999985707691e-05,0.012362600000415114,2004-09-09 09:15:00,2025-06-26 09:15:00,7595 days 00:00:00,100000.0,181207.551419,81.207551,1337.144846,100.0,3118.339298,47.360613,5279 days 00:00:00,16,16,0,0.0,37.5,39.90286,-15.846187,31.147481,-9.416474,56 days 20:00:00,97 days 12:00:00,1.416918,5075.471964,0.260193,0.062445,1.11578,0.178142
GREENLAM,Success,0.005109499999889522,0.00018819999968400225,0.0005500000006577466,4.669999998441199e-05,0.007539600000200153,2015-03-02 09:15:00,2025-06-26 09:15:00,3769 days 00:00:00,100000.0,242842.204365,142.842204,388.635205,100.0,2506.726451,30.586416,1308 days 00:00:00,10,10,0,0.0,50.0,41.332454,-10.620751,31.604018,-8.745876,125 days 09:36:00,26 days 09:35:59,2.100001,14284.220437,0.55385,0.298995,1.251135,0.383324
GREENPANEL,Success,0.004086500000084925,0.00022679999983665766,0.00045220000083645573,3.0399999559449498e-05,0.00646009999945818,2019-10-23 09:15:00,2025-06-26 09:15:00,2073 days 00:00:00,100000.0,122158.298385,22.158298,560.815806,100.0,421.748042,32.335108,1148 days 00:00:00,4,4,0,0.0,50.0,31.08958,-13.74726,26.134398,-11.936487,132 days 12:00:00,39 days 00:00:00,1.869518,5539.574596,0.307884,0.112547,1.134836,0.18491
GREENPLY,Success,0.008841900000334135,0.00023160000000643777,0.0004731999997602543,4.42000000475673e-05,0.011688900000081048,1999-02-25 09:15:00,2025-06-26 09:15:00,9618 days 00:00:00,100000.0,45688.171,-54.311829,29945.608552,100.0,892.081169,62.320464,9618 days 00:00:00,16,16,0,0.0,18.75,37.796349,-28.350676,33.07004,-11.444156,87 days 08:00:00,69 days 09:13:50,0.464863,-3394.489312,-0.172662,-0.057808,0.911449,-0.092854
GREENPOWER,Success,0.007921499999611115,0.00020669999958045082,0.00045990000035089906,3.769999966607429e-05,0.010439300000143703,2010-10-08 09:15:00,2025-06-26 09:15:00,5375 days 00:00:00,100000.0,63153.554025,-36.846446,-62.763566,100.0,404.33159,53.271154,3772 days 00:00:00,6,6,0,0.0,16.666667,36.605048,-17.887822,36.605048,-14.029421,44 days 00:00:00,36 days 19:11:59,0.33378,-6141.074329,-0.291437,-0.058805,0.792309,-0.115471
GRINDWELL,Success,0.008290199999464676,0.00025580000055924756,0.0004850000004807953,3.999999989900971e-05,0.010934200000519922,2006-09-11 09:15:00,2025-06-26 09:15:00,6863 days 00:00:00,100000.0,80800.764998,-19.199235,2448.961424,100.0,681.132201,39.996686,4983 days 00:00:00,7,7,0,0.0,14.285714,28.596989,-8.41862,28.596989,-7.299809,55 days 00:00:00,62 days 16:00:00,0.577905,-2742.747857,-0.104515,-0.028781,0.921882,-0.051335
GRINFRA,Success,0.0025817000005190494,0.00015169999915087828,0.0004124999995838152,2.679999943211442e-05,0.0047517000002699206,2021-07-19 09:15:00,2025-06-26 09:15:00,1438 days 00:00:00,100000.0,93036.301063,-6.963699,-27.239425,100.0,92.868349,9.140662,661 days 00:00:00,1,1,0,0.0,0.0,-6.795687,-6.795687,0.0,-6.795687,0 days 00:00:00,35 days 00:00:00,0.0,-6963.698937,-0.417896,-0.201591,0.603407,-0.079016
GRMOVER,Success,0.0023290999997698236,0.00014699999974254752,0.00041369999962626025,2.880000010918593e-05,0.004402399999889894,2022-09-07 09:15:00,2025-06-26 09:15:00,1023 days 00:00:00,100000.0,85927.858895,-14.072141,-23.624868,100.0,86.008256,15.374619,260 days 00:00:00,1,1,0,0.0,0.0,-13.900905,-13.900905,0.0,-13.900905,0 days 00:00:00,14 days 00:00:00,0.0,-14072.141105,-1.218854,-0.347532,0.180901,-0.337854
GROBTEA,Success,0.004786399999829882,0.00017810000008466886,0.0005229999997027335,3.319999996165279e-05,0.007019200000286219,2016-07-14 09:15:00,2025-06-26 09:15:00,3269 days 00:00:00,100000.0,56215.541868,-43.784458,207.280265,100.0,389.518791,51.593183,2691 days 00:00:00,6,6,0,0.0,16.666667,25.575154,-21.295686,25.575154,-14.605157,9 days 00:00:00,15 days 19:12:00,0.222545,-7297.409689,-0.493002,-0.125909,0.601965,-0.158901
GRPLTD,Success,0.004955799999152077,0.0001900000006571645,0.0004574000004140544,3.4499999856052455e-05,0.007291800000530202,2015-02-12 09:15:00,2025-06-26 09:15:00,3787 days 00:00:00,100000.0,220946.683771,120.946684,589.780206,100.0,1117.799206,28.04569,1686 days 00:00:00,7,7,0,0.0,57.142857,42.811361,-11.460381,32.012565,-9.371748,103 days 18:00:00,48 days 08:00:00,3.672826,17278.097682,0.529259,0.291523,1.296613,0.341079
GRSE,Success,0.004153500000029453,0.00017469999966124306,0.00046300000030896626,3.1599999601894524e-05,0.0064652000000933185,2018-10-10 09:15:00,2025-06-26 09:15:00,2451 days 00:00:00,100000.0,128826.859786,28.82686,2787.608906,100.0,219.806517,21.876882,448 days 00:00:00,2,2,0,0.0,50.0,41.792041,-8.674892,41.792041,-8.674892,230 days 00:00:00,6 days 00:00:00,4.255273,14413.429893,0.347449,0.178862,1.234167,0.217988
GRWRHITECH,Success,0.002453600000080769,0.00022509999962494476,0.00043540000024222536,2.8100000236008782e-05,0.0044928000006621005,2022-02-03 09:15:00,2025-06-26 09:15:00,1239 days 00:00:00,100000.0,139664.937447,39.664937,388.801178,100.0,138.307057,13.460418,66 days 00:00:00,1,1,0,0.0,100.0,40.548229,40.548229,40.548229,0.0,104 days 00:00:00,0 days 00:00:00,inf,39664.937447,0.682031,0.78121,1.51974,0.35076
GSFC,Success,0.010353899999245186,0.00025939999977708794,0.0007845000000088476,5.289999990054639e-05,0.013508200000615034,1994-12-16 09:15:00,2025-06-26 09:15:00,11150 days 00:00:00,100000.0,101907.503865,1.907504,384.14795,100.0,1727.371703,67.662857,6968 days 00:00:00,21,20,1,2794.52101,25.0,75.901233,-16.324658,42.291558,-10.662615,102 days 04:48:00,26 days 19:12:00,0.994265,-44.350857,0.085886,0.000942,1.054645,0.037911
GSLSU,Success,0.002404799999567331,0.00015159999929892365,0.0004487999995035352,2.789999962260481e-05,0.003936000000066997,2023-03-23 09:15:00,2025-06-26 09:15:00,826 days 00:00:00,100000.0,100000.0,0.0,-29.967846,100.0,0.0,0.0,,0,0,0,0.0,,,,,,,,,,,,,
GSPL,Success,0.008816800000204239,0.00022619999981543515,0.0005163000005268259,3.999999989900971e-05,0.011569500000405242,2006-02-16 09:15:00,2025-06-26 09:15:00,7070 days 00:00:00,100000.0,104845.014312,4.845014,690.729276,100.0,1768.390992,42.558473,5363 days 00:00:00,14,14,0,0.0,21.428571,55.128087,-9.286958,36.137016,-7.306653,50 days 00:00:00,36 days 17:27:16,1.044876,346.072451,0.077379,0.005863,1.049058,0.033524
GSS,Success,0.00800500000059401,0.00020080000012967503,0.0004602999997587176,5.049999981565634e-05,0.010294900000189955,2011-08-24 09:15:00,2025-06-26 09:15:00,5055 days 00:00:00,100000.0,82292.084962,-17.707915,-74.179613,100.0,428.774881,53.687685,2212 days 00:00:00,5,5,0,0.0,20.0,39.116269,-17.317296,39.116269,-12.01242,107 days 00:00:00,68 days 18:00:00,0.61156,-3541.583008,-0.008824,-0.026565,0.994618,-0.004278
GTECJAINX,Success,0.002232699999694887,0.00016040000082284678,0.00043699999969248893,3.399999968678458e-05,0.0037546999992628116,2023-09-06 09:15:00,2025-06-26 09:15:00,659 days 00:00:00,100000.0,100000.0,0.0,-67.06724,100.0,0.0,0.0,,0,0,0,0.0,,,,,,,,,,,,,
GTL,Success,0.008622299999842653,0.00023710000004939502,0.000488499999846681,4.350000017439015e-05,0.011611299999458424,2002-07-01 09:15:00,2025-06-26 09:15:00,8396 days 00:00:00,100000.0,32107.676688,-67.892323,-90.004454,100.0,713.566659,76.687587,7960 days 00:00:00,13,13,0,0.0,15.384615,34.487524,-19.379266,24.724437,-12.992082,22 days 00:00:00,39 days 13:05:27,0.244852,-5222.486409,-0.419766,-0.064517,0.710757,-0.135659
GTLINFRA,Success,0.00805949999994482,0.0002213000007031951,0.0004517999996096478,3.639999977167463e-05,0.010589299999992363,2006-11-09 09:15:00,2025-06-26 09:15:00,6804 days 00:00:00,100000.0,69690.408574,-30.309591,-95.724138,100.0,515.140236,41.730668,1799 days 00:00:00,6,6,0,0.0,16.666667,38.387977,-14.689838,38.387977,-12.601508,42 days 00:00:00,14 days 04:47:59,0.493976,-5051.598571,-0.156101,-0.046919,0.789881,-0.031316
GTPL,Success,0.004421699999511475,0.00022700000045006163,0.000465299999632407,3.1799999305803794e-05,0.006688399999802641,2017-07-04 09:15:00,2025-06-26 09:15:00,2914 days 00:00:00,100000.0,144178.123181,44.178123,-30.637922,100.0,476.565719,18.951748,1058 days 00:00:00,4,4,0,0.0,50.0,43.23591,-14.44803,36.653278,-11.634188,50 days 12:00:00,32 days 00:00:00,2.578057,11044.530795,0.408637,0.251782,1.411034,0.263343
GUFICBIO,Success,0.008736300000236952,0.0002485999993950827,0.000483400000121037,3.7599999814119656e-05,0.011362100000042119,2004-10-19 09:15:00,2025-06-26 09:15:00,7555 days 00:00:00,100000.0,44488.515105,-55.511485,1042.964005,100.0,460.496278,64.655227,7555 days 00:00:00,8,8,0,0.0,12.5,23.957937,-19.111434,23.957937,-13.340855,83 days 00:00:00,51 days 10:17:08,0.13239,-6938.935612,-0.301488,-0.062564,0.816908,-0.128951
GUJALKALI,Success,0.010387400000581692,0.00026930000058200676,0.0005969000003460678,4.2300000131945126e-05,0.013364600000386417,1994-11-14 09:15:00,2025-06-26 09:15:00,11182 days 00:00:00,100000.0,271549.054077,171.549054,248.181097,100.0,2103.889821,48.700739,6187 days 00:00:00,16,16,0,0.0,50.0,47.729177,-19.668322,28.945067,-11.288942,92 days 21:00:00,52 days 03:00:00,2.654626,10721.81588,0.33707,0.070111,1.213062,0.15851
GUJAPOLLO,Success,0.008203700000194658,0.0002303000001120381,0.0004948999994667247,3.8299999687296804e-05,0.010855900000024121,2007-07-06 09:15:00,2025-06-26 09:15:00,6565 days 00:00:00,100000.0,151140.068392,51.140068,95.041103,100.0,1326.983573,22.414564,1752 days 00:00:00,9,9,0,0.0,44.444444,35.859396,-12.232416,26.285078,-9.340144,27 days 18:00:00,31 days 04:48:00,1.665464,5682.229821,0.289915,0.10587,1.308187,0.149566
GUJGASLTD,Success,0.004744799999571114,0.00020589999985531904,0.00045309999950404745,3.300000025774352e-05,0.006988999999521184,2015-09-15 09:15:00,2025-06-26 09:15:00,3572 days 00:00:00,100000.0,106240.089423,6.240089,257.004644,100.0,674.26987,27.896437,924 days 00:00:00,7,6,1,997.63512,33.333333,21.367258,-9.152721,20.892474,-7.595452,36 days 00:00:00,62 days 12:00:00,1.145562,873.742384,0.11225,0.022676,1.075517,0.046868
GUJRAFFIA,Success,0.00420269999995071,0.00016729999970266363,0.0005421999994723592,3.730000025825575e-05,0.006744000000253436,2017-12-13 09:15:00,2025-06-26 09:15:00,2752 days 00:00:00,100000.0,129281.249607,29.28125,-18.382065,100.0,679.979949,18.628963,510 days 00:00:00,5,5,0,0.0,40.0,35.448844,-13.440453,33.603515,-9.831451,48 days 12:00:00,17 days 00:00:00,1.686318,5856.249921,0.401878,0.214735,1.294281,0.179085
GUJTHEM,Success,0.0017978000005314243,0.00021970000034343684,0.0004174999994575046,3.2899999496294186e-05,0.0034382000003461144,2025-02-25 09:15:00,2025-06-26 09:15:00,121 days 00:00:00,100000.0,100000.0,0.0,41.932966,100.0,0.0,0.0,,0,0,0,0.0,,,,,,,,,,,,,
GULFOILLUB,Success,0.007162899999457295,0.0001998999996430939,0.0004270999997970648,3.6100000215810724e-05,0.009418299999197188,2014-07-31 09:15:00,2025-06-26 09:15:00,3983 days 00:00:00,100000.0,134419.407088,34.419407,384.160191,100.0,1229.02115,38.361424,297 days 00:00:00,9,9,0,0.0,33.333333,34.033932,-13.029219,30.075093,-7.562879,121 days 08:00:00,30 days 00:00:00,1.501778,3824.378565,0.263515,0.073079,1.136008,0.163834
GULFPETRO,Success,0.004686999999648833,0.00018420000014884863,0.00042940000003000023,3.2500000088475645e-05,0.007185200000094483,2015-05-06 09:15:00,2025-06-26 09:15:00,3704 days 00:00:00,100000.0,43586.7865,-56.413214,28.072126,100.0,392.55044,57.519703,2239 days 00:00:00,6,6,0,0.0,0.0,-9.878138,-19.574312,0.0,-12.688746,0 days 00:00:00,74 days 00:00:00,0.0,-9402.20225,-0.460105,-0.138909,0.793851,-0.28409
GULPOLY,Success,0.0074516999993647914,0.00020000000040454324,0.0005467000000862754,4.540000009001233e-05,0.009992399999646295,2015-01-28 09:15:00,2025-06-26 09:15:00,3802 days 00:00:00,100000.0,169302.194491,69.302194,375.646651,100.0,1236.159402,38.024337,1037 days 00:00:00,7,7,0,0.0,42.857143,39.178484,-10.934302,36.646347,-9.409741,75 days 08:00:00,35 days 12:00:00,1.92873,9900.313499,0.418533,0.138896,1.273689,0.264941
GVKPIL,Success,0.008071000000200002,0.00029400000039458973,0.0005049000001235981,3.990000004705507e-05,0.010979300000144576,2006-02-27 09:15:00,2025-06-26 09:15:00,7059 days 00:00:00,100000.0,94397.496851,-5.602503,-86.607567,100.0,1144.202578,50.758664,5641 days 00:00:00,13,13,0,0.0,30.769231,38.997933,-18.698896,32.85332,-12.107223,29 days 18:00:00,41 days 10:40:00,0.946021,-430.961781,0.039101,-0.006474,1.024217,0.017817
GVPTECH,Success,0.002682999999706226,0.0001646999999138643,0.000449799999842071,3.440000000409782e-05,0.004872200000136218,2022-09-08 09:15:00,2025-06-26 09:15:00,1022 days 00:00:00,100000.0,89863.159533,-10.13684,132.951945,100.0,89.94203,14.640511,343 days 00:00:00,1,1,0,0.0,0.0,-9.958059,-9.958059,0.0,-9.958059,0 days 00:00:00,29 days 00:00:00,0.0,-10136.840467,-0.582344,-0.259643,0.56343,-0.15751
GVT&D,Success,0.008415599999352708,0.00021999999989930075,0.0004865000000791042,3.96999994336511e-05,0.011095399999248912,2008-06-30 09:15:00,2025-06-26 09:15:00,6205 days 00:00:00,100000.0,73477.480046,-26.52252,933.20755,100.0,530.638615,41.961139,1470 days 00:00:00,7,7,0,0.0,14.285714,35.085857,-11.038104,35.085857,-9.383098,83 days 00:00:00,83 days 00:00:00,0.438071,-3788.931422,-0.099323,-0.043694,0.948274,-0.055298
HAL,Success,0.004306499999984226,0.00018649999947228935,0.00042020000000775326,3.370000013092067e-05,0.006535200000143959,2018-03-28 09:15:00,2025-06-26 09:15:00,2647 days 00:00:00,100000.0,129376.616938,29.376617,750.439158,100.0,1027.333847,16.302963,253 days 00:00:00,8,8,0,0.0,37.5,23.927949,-9.376421,23.022073,-6.718834,90 days 08:00:00,23 days 09:35:59,1.643835,3672.077117,0.37267,0.225849,1.180706,0.208852
HAPPSTMNDS,Success,0.0029223999999885564,0.0001588000004630885,0.0004256000001987559,3.130000004603062e-05,0.0049617000004218426,2020-09-17 09:15:00,2025-06-26 09:15:00,1743 days 00:00:00,100000.0,87364.00372,-12.635996,74.214849,100.0,178.834849,14.016819,1347 days 00:00:00,2,2,0,0.0,0.0,-6.114401,-6.702914,0.0,-6.408658,0 days 00:00:00,19 days 12:00:00,0.0,-6317.99814,-0.770155,-0.202033,0.441624,-0.19489
HAPPYFORGE,Success,0.0021057999992990517,0.00014999999984866008,0.00040919999992183875,2.8699999347736593e-05,0.004042300000037358,2023-12-27 09:15:00,2025-06-26 09:15:00,547 days 00:00:00,100000.0,93714.422299,-6.285578,-6.121459,100.0,93.166108,8.500087,289 days 00:00:00,1,1,0,0.0,0.0,-6.138624,-6.138624,0.0,-6.138624,0 days 00:00:00,36 days 00:00:00,0.0,-6285.577701,-0.623078,-0.50483,0.627278,-0.325279
HARDWYN,Success,0.0023185000000012224,0.0001464000006308197,0.00040439999975205865,2.7799999770650174e-05,0.0044330999999147025,2022-04-12 09:15:00,2025-06-26 09:15:00,1171 days 00:00:00,100000.0,62813.140462,-37.18686,231.800665,100.0,226.98087,43.029328,528 days 00:00:00,3,3,0,0.0,0.0,-10.426296,-16.406976,0.0,-14.148991,0 days 00:00:00,96 days 00:00:00,0.0,-12395.619846,-0.562497,-0.318131,0.822203,-0.498633
HARIOMPIPE,Success,0.0023300000002564047,0.0001477999994676793,0.0004441999999471591,2.609999955893727e-05,0.004289900000003399,2022-04-13 09:15:00,2025-06-26 09:15:00,1170 days 00:00:00,100000.0,107300.170893,7.300171,75.17316,100.0,283.059357,22.302786,824 days 00:00:00,3,3,0,0.0,33.333333,27.41779,-8.021054,27.41779,-7.916183,41 days 00:00:00,23 days 00:00:00,1.470814,2433.390298,0.24104,0.101269,1.243851,0.131242
HARRMALAYA,Success,0.009906199999932142,0.00025350000032631215,0.0004946999997628154,4.0500000068277586e-05,0.012507600000390084,1997-01-13 09:15:00,2025-06-26 09:15:00,10391 days 00:00:00,100000.0,57497.341606,-42.502658,585.538183,100.0,1425.474939,60.37852,9400 days 00:00:00,15,15,0,0.0,26.666667,43.849619,-26.867991,36.106112,-14.612014,52 days 06:00:00,30 days 04:21:49,0.745355,-2833.51056,-0.092672,-0.03275,0.930356,-0.039764
HARSHA,Success,0.002248900000267895,0.00014590000046155183,0.00040350000017497223,2.550000044720946e-05,0.004354499999863037,2022-09-26 09:15:00,2025-06-26 09:15:00,1004 days 00:00:00,100000.0,90558.972731,-9.441027,-16.793422,100.0,90.294662,17.685192,323 days 00:00:00,1,1,0,0.0,0.0,-9.293393,-9.293393,0.0,-9.293393,0 days 00:00:00,92 days 00:00:00,0.0,-9441.027269,-0.238302,-0.203154,0.879187,-0.136301
HATHWAY,Success,0.010120899999492394,0.0003023999997822102,0.0007978000003276975,5.2800000048591755e-05,0.013761399999566493,2010-02-25 09:15:00,2025-06-26 09:15:00,5600 days 00:00:00,100000.0,125073.629361,25.073629,-61.305079,100.0,729.190094,21.106859,3275 days 00:00:00,7,6,1,9497.946536,33.333333,32.234419,-10.370292,28.860577,-8.338613,47 days 00:00:00,33 days 00:00:00,1.354702,2595.947138,0.234759,0.070894,1.228412,0.088659
HATSUN,Success,0.006630000000768632,0.00018670000008569332,0.0004720999995697639,3.2699999792384915e-05,0.008857300000272517,2014-06-20 09:15:00,2025-06-26 09:15:00,4024 days 00:00:00,100000.0,74482.722695,-25.517277,608.542795,100.0,333.208864,25.517277,4024 days 00:00:00,4,4,0,0.0,0.0,-4.793823,-8.980485,0.0,-6.938358,0 days 00:00:00,32 days 12:00:00,0.0,-6379.319326,-0.636071,-0.105364,0.569416,-0.185066
HAVELLS,Success,0.008982000000287371,0.00024060000032477546,0.00047710000035294797,4.4299999899521936e-05,0.011680999999953201,2001-03-21 09:15:00,2025-06-26 09:15:00,8863 days 00:00:00,100000.0,161221.910992,61.221911,80718.410561,100.0,3706.020492,39.138903,1440 days 00:00:00,26,26,0,0.0,38.461538,31.267411,-18.207909,22.153446,-8.664959,66 days 07:11:59,40 days 16:30:00,1.312658,2354.688884,0.223255,0.05291,1.112588,0.108941
HAVISHA,Success,0.003036999999494583,0.0001809999994293321,0.0004394999996293336,3.229999947507167e-05,0.005160500000783941,2018-04-12 09:15:00,2025-06-26 09:15:00,2632 days 00:00:00,100000.0,67005.497068,-32.994503,26.315789,100.0,633.097629,50.303592,1602 days 00:00:00,7,7,0,0.0,14.285714,68.295004,-23.880224,68.295004,-13.863926,108 days 00:00:00,21 days 04:00:00,0.61009,-4713.500419,-0.140931,-0.111376,0.915848,-0.077693
HBLENGINE,Success,0.008123999999952503,0.00022079999962443253,0.00046410000049945666,3.7400000110210385e-05,0.010586000000330387,2007-01-04 09:15:00,2025-06-26 09:15:00,6748 days 00:00:00,100000.0,54539.259464,-45.460741,2065.12582,100.0,850.433753,59.485413,6371 days 00:00:00,14,14,0,0.0,21.428571,41.968955,-20.185651,33.780407,-12.275544,42 days 00:00:00,25 days 02:10:54,0.523323,-3247.195753,-0.162746,-0.055956,0.892526,-0.065583
HBSL,Success,0.0029414999999062275,0.0001726000000417116,0.00047230000018316787,2.9099999665049836e-05,0.005029399999330053,2018-07-26 09:15:00,2025-06-26 09:15:00,2527 days 00:00:00,100000.0,89429.546462,-10.570454,906.972477,100.0,89.496398,10.570454,2527 days 00:00:00,1,1,0,0.0,0.0,-10.393814,-10.393814,0.0,-10.393814,0 days 00:00:00,9 days 00:00:00,0.0,-10570.453538,-0.819529,-0.166658,0.028622,-0.100153
HCC,Success,0.010128099999747064,0.0002648999998200452,0.0006489999996119877,5.779999992228113e-05,0.013247299999420648,1995-05-12 09:15:00,2025-06-26 09:15:00,11003 days 00:00:00,100000.0,186086.641132,86.086641,647.913657,100.0,2328.285481,40.03427,580 days 00:00:00,21,21,0,0.0,38.095238,42.944522,-17.583931,33.78464,-11.927099,77 days 21:00:00,21 days 14:46:09,1.480904,4099.363863,0.215051,0.053223,1.135775,0.109926
HCG,Success,0.005120499999975436,0.0001799000001483364,0.00044270000034885015,3.35000004270114e-05,0.007817599999725644,2016-03-30 09:15:00,2025-06-26 09:15:00,3375 days 00:00:00,100000.0,148778.932402,48.778932,219.97076,100.0,896.345833,18.607639,876 days 00:00:00,8,7,1,11162.380259,42.857143,35.940035,-9.110162,24.30478,-7.501111,106 days 00:00:00,60 days 06:00:00,1.90849,5373.793163,0.348071,0.240273,1.156836,0.303563
HCLTECH,Success,0.0093923000003997,0.0003014999992956291,0.0006903000003148918,5.250000049272785e-05,0.012616799999705108,2000-01-11 09:15:00,2025-06-26 09:15:00,9298 days 00:00:00,100000.0,247048.878607,147.048879,1674.621249,100.0,4095.696745,33.748027,608 days 00:00:00,23,23,0,0.0,39.130435,46.183512,-17.031757,26.619075,-7.729569,116 days 16:00:00,35 days 05:08:34,1.829237,6393.429505,0.331729,0.109371,1.155679,0.183949
HCL_INSYS,Success,0.00861819999954605,0.0002164999996239203,0.0004888000003120396,4.069999977218686e-05,0.01117789999989327,2006-11-02 09:15:00,2025-06-26 09:15:00,6811 days 00:00:00,100000.0,39917.739697,-60.08226,-86.432575,100.0,790.201436,61.645126,6532 days 00:00:00,12,12,0,0.0,8.333333,43.434706,-13.749317,43.434706,-10.761004,65 days 00:00:00,22 days 21:49:05,0.298508,-5006.855025,-0.402835,-0.079475,0.738773,-0.153611
HDFCAMC,Success,0.004119700000046578,0.00016659999982948648,0.0004735000002256129,3.079999987676274e-05,0.006233699999938835,2018-08-06 09:15:00,2025-06-26 09:15:00,2516 days 00:00:00,100000.0,121971.258924,21.971259,179.468047,100.0,471.018834,27.76714,1883 days 00:00:00,5,5,0,0.0,40.0,27.451278,-9.938696,24.601632,-7.465067,84 days 00:00:00,52 days 08:00:00,2.047245,4394.251785,0.327706,0.107287,1.171697,0.203344
HDFCBANK,Success,0.011037000000214903,0.0002899999999499414,0.0005172000001039123,4.619999981514411e-05,0.014119200000095589,1995-06-15 09:15:00,2025-06-26 09:15:00,10969 days 00:00:00,100000.0,217172.669485,117.172669,44433.039648,100.0,3842.761782,38.490558,2212 days 00:00:00,26,26,0,0.0,42.307692,26.621418,-13.173216,18.094398,-6.29057,72 days 00:00:00,40 days 19:11:59,1.827959,4506.641134,0.302495,0.069375,1.163615,0.175271
HDFCLIFE,Success,0.0043063000002803165,0.00017149999985122122,0.0004337999998824671,3.1399999897985253e-05,0.0066234000005351845,2017-11-17 09:15:00,2025-06-26 09:15:00,2778 days 00:00:00,100000.0,140561.004991,40.561005,131.993609,100.0,1085.013278,10.262167,356 days 00:00:00,8,8,0,0.0,50.0,19.071128,-6.398362,15.453807,-5.271174,68 days 12:00:00,16 days 12:00:00,2.325167,5070.125624,0.598738,0.454033,1.328352,0.38784
HEADSUP,Success,0.004883600000539445,0.00035600000046542846,0.0005040999994889717,4.910000006930204e-05,0.007395200000246405,2016-12-14 09:15:00,2025-06-26 09:15:00,3116 days 00:00:00,100000.0,64717.532921,-35.282467,-95.599197,100.0,228.787218,35.282467,3116 days 00:00:00,3,3,0,0.0,0.0,-11.710561,-14.526576,0.0,-13.326944,0 days 00:00:00,14 days 16:00:00,0.0,-11760.82236,-0.766565,-0.143202,0.370381,-0.15866
HECPROJECT,Success,0.0033947000001717242,0.00018039999940810958,0.000447100000201317,3.400000059627928e-05,0.005589600000348582,2016-03-30 09:15:00,2025-06-26 09:15:00,3375 days 00:00:00,100000.0,74547.331672,-25.452668,83.237994,100.0,166.312267,43.358781,906 days 00:00:00,2,2,0,0.0,0.0,-8.1222,-18.545213,0.0,-13.333706,0 days 00:00:00,49 days 00:00:00,0.0,-12726.334164,-0.395323,-0.158447,0.688382,-0.315224
HEG,Success,0.009811700000682322,0.0002549999999246211,0.0005336000003808294,4.069999977218686e-05,0.012711200000012468,1999-01-01 09:15:00,2025-06-26 09:15:00,9673 days 00:00:00,100000.0,73852.52223,-26.147478,10668.478261,100.0,1005.94039,52.573977,9673 days 00:00:00,15,14,1,4532.808864,21.428571,34.287757,-12.669321,30.367418,-9.778542,43 days 00:00:00,27 days 00:00:00,0.641042,-2191.449045,-0.054228,-0.022109,0.952346,-0.017779
HEIDELBERG,Success,0.008831000000100175,0.00023590000000695,0.0004907999991701217,3.879999985656468e-05,0.011261300000114716,2006-11-02 09:15:00,2025-06-26 09:15:00,6811 days 00:00:00,100000.0,96179.977471,-3.820023,223.304205,100.0,680.536321,39.930325,4559 days 00:00:00,7,7,0,0.0,28.571429,30.666552,-13.41225,24.940548,-8.9057,78 days 12:00:00,82 days 00:00:00,0.917709,-545.717504,0.02813,-0.005328,1.016201,0.012561
HEMIPROP,Success,0.0032811999999466934,0.00017380000008415664,0.0004411999998410465,3.3599999369471334e-05,0.005453099999613187,2020-10-22 09:15:00,2025-06-26 09:15:00,1708 days 00:00:00,100000.0,79620.927951,-20.379072,50.873572,100.0,338.815486,32.832986,346 days 00:00:00,4,4,0,0.0,25.0,19.876948,-14.800745,19.876948,-12.502007,9 days 00:00:00,111 days 00:00:00,0.429621,-5094.768012,-0.163931,-0.146992,0.935315,-0.109087
HERANBA,Success,0.00293729999975767,0.00016059999961726135,0.00045399999999062857,3.0199999855540227e-05,0.004788399999597459,2021-03-05 09:15:00,2025-06-26 09:15:00,1574 days 00:00:00,100000.0,100000.0,0.0,-62.084666,100.0,0.0,0.0,,0,0,0,0.0,,,,,,,,,,,,,
HERCULES,Success,0.008433799999693292,0.00024029999985941686,0.00048320000041712774,3.749999996216502e-05,0.010826799999449577,2008-02-20 09:15:00,2025-06-26 09:15:00,6336 days 00:00:00,100000.0,213393.535627,113.393536,312.148817,100.0,1647.117819,22.526168,3445 days 00:00:00,8,8,0,0.0,50.0,60.810626,-12.185152,35.361278,-9.834859,61 days 06:00:00,19 days 06:00:00,2.266754,14174.191953,0.387226,0.202555,1.378628,0.239306
HERITGFOOD,Success,0.010127399999873887,0.00025350000032631215,0.0004955000003974419,7.160000041039893e-05,0.012888100000054692,1999-01-01 09:15:00,2025-06-26 09:15:00,9673 days 00:00:00,100000.0,90534.824031,-9.465176,31815.4582,100.0,1446.775859,58.617228,6484 days 00:00:00,18,18,0,0.0,33.333333,34.867461,-19.131918,28.110535,-12.017169,78 days 16:00:00,38 days 08:00:00,0.92699,-525.843109,0.034862,-0.006584,1.019681,0.018636
HEROMOTOCO,Success,0.009075799999664014,0.00024930000017775455,0.0006775000001653098,4.069999977218686e-05,0.012000400000033551,2002-07-01 09:15:00,2025-06-26 09:15:00,8396 days 00:00:00,100000.0,60573.852377,-39.426148,1269.61739,100.0,1261.593416,53.505423,7749 days 00:00:00,20,20,0,0.0,25.0,17.371615,-10.643809,14.622126,-7.235559,57 days 09:36:00,49 days 06:24:00,0.497193,-1971.307381,-0.187219,-0.04103,0.91244,-0.090815
HESTERBIO,Success,0.004698800000369374,0.00018390000059298472,0.0005901000004087109,3.49000001733657e-05,0.007134800000130781,2015-03-13 09:15:00,2025-06-26 09:15:00,3758 days 00:00:00,100000.0,72727.647949,-27.272352,294.26344,100.0,545.147234,39.363303,2634 days 00:00:00,7,7,0,0.0,14.285714,22.407052,-11.982388,22.407052,-8.119184,13 days 00:00:00,50 days 08:00:00,0.354767,-3896.050293,-0.23025,-0.078794,0.870356,-0.128569
HEUBACHIND,Success,0.008623700000498502,0.0002488000000084867,0.0005095999995319289,3.879999985656468e-05,0.011388500000066415,2006-06-05 09:15:00,2025-06-26 09:15:00,6961 days 00:00:00,100000.0,207627.665141,107.627665,143.489096,100.0,1622.917132,20.003003,3644 days 00:00:00,10,10,0,0.0,50.0,30.446576,-8.443505,24.78897,-6.788138,43 days 00:00:00,9 days 09:36:00,2.833398,10762.766514,0.476629,0.199281,1.570824,0.229309
HEXATRADEX,Success,0.007057200000417652,0.00023049999981594738,0.0005842000000484404,4.580000040732557e-05,0.009648100000049453,2012-04-27 09:15:00,2025-06-26 09:15:00,4808 days 00:00:00,100000.0,91635.657348,-8.364343,159.287717,100.0,549.106335,57.914963,4559 days 00:00:00,7,7,0,0.0,28.571429,42.660413,-14.541971,37.641815,-13.246569,13 days 12:00:00,30 days 14:24:00,0.853343,-1194.906093,-0.018971,-0.011644,0.985849,-0.007967
HEXT,Success,0.0018049000000246451,0.00019780000002356246,0.0005025999998906627,2.919999951700447e-05,0.0035312999998495798,2025-02-19 09:15:00,2025-06-26 09:15:00,127 days 00:00:00,100000.0,100000.0,0.0,12.064783,100.0,0.0,0.0,,0,0,0,0.0,,,,,,,,,,,,,
HFCL,Success,0.00907660000029864,0.0002663000004758942,0.0005150000006324262,4.150000040681334e-05,0.01198729999941861,2002-08-12 09:15:00,2025-06-26 09:15:00,8354 days 00:00:00,100000.0,168340.632421,68.340632,80.267769,100.0,2068.570037,49.621237,2432 days 00:00:00,17,16,1,9836.986812,43.75,41.297856,-20.982138,30.764657,-14.051344,55 days 03:25:42,40 days 21:19:59,1.337918,3656.477851,0.223744,0.047294,1.147121,0.125209
HGINFRA,Success,0.004870299999311101,0.00019080000038229628,0.0004502000001593842,3.509999987727497e-05,0.0072140999991461285,2018-03-09 09:15:00,2025-06-26 09:15:00,2666 days 00:00:00,100000.0,115317.925982,15.317926,296.7507,100.0,589.978626,41.006371,2219 days 00:00:00,6,6,0,0.0,33.333333,36.842715,-10.398869,30.20426,-8.864531,52 days 12:00:00,83 days 00:00:00,1.426237,2552.987664,0.203737,0.048928,1.095486,0.131155
HGS,Success,0.007244600000376522,0.00020780000068043591,0.0006968999996388447,4.3199999709031545e-05,0.010028499999862106,2011-11-30 09:15:00,2025-06-26 09:15:00,4957 days 00:00:00,100000.0,125954.289204,25.954289,236.124835,100.0,895.602475,21.887261,742 days 00:00:00,8,8,0,0.0,37.5,34.730354,-13.031318,26.071879,-8.451589,99 days 16:00:00,49 days 04:48:00,1.508819,3244.286151,0.210418,0.079854,1.122358,0.131026
HIKAL,Success,0.00916620000043622,0.0002438000001347973,0.000473200000669749,3.749999996216502e-05,0.012171899999884772,2001-02-14 09:15:00,2025-06-26 09:15:00,8898 days 00:00:00,100000.0,256155.616341,156.155616,3612.485133,100.0,1981.382536,35.385437,1947 days 00:00:00,10,10,0,0.0,50.0,51.078683,-11.973859,34.542166,-9.748271,77 days 09:36:00,30 days 19:12:00,2.514029,15615.561634,0.406951,0.11696,1.339863,0.232206
HILTON,Success,0.00868480000008276,0.00023400000009132782,0.0005744000000049709,3.7999999221938197e-05,0.011610900000050606,2007-05-24 09:15:00,2025-06-26 09:15:00,6608 days 00:00:00,100000.0,123130.088981,23.130089,4.289634,100.0,780.063924,48.001517,2058 days 00:00:00,8,8,0,0.0,37.5,49.537635,-22.77717,42.564689,-15.268495,37 days 16:00:00,41 days 19:11:59,1.298244,2891.261123,0.15532,0.025685,1.125582,0.07319
HIMATSEIDE,Success,0.009910400000080699,0.0002504999993107049,0.0004953999996359926,3.8099999983387534e-05,0.012871699999777775,1999-01-01 09:15:00,2025-06-26 09:15:00,9673 days 00:00:00,100000.0,61542.83894,-38.457161,824.762646,100.0,1188.259973,50.627548,6735 days 00:00:00,13,13,0,0.0,15.384615,23.477488,-10.208284,23.246568,-7.661378,77 days 00:00:00,29 days 00:00:00,0.521869,-2958.243158,-0.21058,-0.036503,0.842463,-0.073222
HINDALCO,Success,0.010597700000289478,0.0002685999997993349,0.0006667000006927992,5.000000055588316e-05,0.013600299999779963,1994-11-03 09:15:00,2025-06-26 09:15:00,11193 days 00:00:00,100000.0,223167.780629,123.167781,978.139007,100.0,4446.460574,36.754508,2471 days 00:00:00,29,29,0,0.0,41.37931,37.330331,-17.108945,21.371778,-8.122756,60 days 14:00:00,32 days 11:17:38,1.584186,4247.164849,0.284416,0.073648,1.154655,0.148139
HINDCOMPOS,Success,0.00882279999950697,0.00024819999998726416,0.0004908999999315711,3.8099999983387534e-05,0.011534399999618472,1997-01-24 09:15:00,2025-06-26 09:15:00,10380 days 00:00:00,100000.0,137172.472926,37.172473,4390.561801,100.0,1347.290846,52.414331,4828 days 00:00:00,11,11,0,0.0,36.363636,43.154006,-18.092734,37.265371,-12.300003,72 days 12:00:00,19 days 13:42:51,1.336199,3379.315721,0.184539,0.03117,1.162704,0.071252
HINDCON,Success,0.003872899999805668,0.0002626999994390644,0.0005340999996406026,3.7200000406301115e-05,0.006424799999876996,2018-03-09 09:15:00,2025-06-26 09:15:00,2666 days 00:00:00,100000.0,150813.957344,50.813957,496.587051,100.0,397.925034,17.493161,858 days 00:00:00,3,3,0,0.0,66.666667,31.915809,-12.406541,31.611347,-12.406541,73 days 12:00:00,27 days 00:00:00,4.068048,16937.985781,0.661317,0.489194,1.758179,0.327333
HINDCOPPER,Success,0.00799879999976838,0.000224099999286409,0.0005269000002954272,7.199999981821747e-05,0.010702600000513485,2010-01-08 09:15:00,2025-06-26 09:15:00,5648 days 00:00:00,100000.0,74157.764426,-25.842236,-25.86376,100.0,808.425472,36.549577,4865 days 00:00:00,10,10,0,0.0,20.0,39.024617,-13.864218,34.418457,-10.285016,38 days 00:00:00,28 days 09:00:00,0.646462,-2584.223557,-0.128809,-0.053323,0.898478,-0.059372
HINDMOTORS,Success,0.007456100000126753,0.00020390000008774223,0.000492600000143284,4.0099999750964344e-05,0.010084399999868765,2011-03-08 09:15:00,2025-06-26 09:15:00,5224 days 00:00:00,100000.0,39455.459997,-60.54454,66.685879,100.0,486.637409,67.848429,3460 days 00:00:00,9,9,0,0.0,11.111111,29.927093,-25.922806,29.927093,-13.50281,100 days 00:00:00,41 days 15:00:00,0.179406,-6727.171111,-0.411243,-0.094493,0.772413,-0.227098
HINDOILEXP,Success,0.009978099999898404,0.0002637999996295548,0.0005021000006308896,4.1000000237545464e-05,0.012593600000400329,1999-01-01 09:15:00,2025-06-26 09:15:00,9673 days 00:00:00,100000.0,65209.301686,-34.790698,683.912525,100.0,928.746649,63.334603,7864 days 00:00:00,14,14,0,0.0,28.571429,44.276614,-18.498641,30.251657,-13.442995,58 days 12:00:00,41 days 02:24:00,0.660523,-2485.04988,-0.046309,-0.025788,0.970581,-0.020557
HINDPETRO,Success,0.010304300000825606,0.0002533999995648628,0.0005016999994040816,3.790000027947826e-05,0.012895900000330585,1999-01-01 09:15:00,2025-06-26 09:15:00,9673 days 00:00:00,100000.0,102096.552477,2.096552,1113.444615,100.0,1627.8303,42.616072,4732 days 00:00:00,14,14,0,0.0,28.571429,31.477301,-10.058769,23.77909,-7.698129,38 days 06:00:00,41 days 02:24:00,1.022073,149.753748,0.055812,0.001876,1.039689,0.02016
HINDUNILVR,Success,0.0101172000004226,0.0002614999993966194,0.0004903999997623032,4.330000047048088e-05,0.013036700000156998,1996-01-01 09:15:00,2025-06-26 09:15:00,10769 days 00:00:00,100000.0,145455.384687,45.455385,3590.316317,100.0,3345.090738,31.638955,5793 days 00:00:00,28,28,0,0.0,39.285714,18.880415,-7.936555,13.978056,-5.739191,46 days 02:10:54,21 days 22:35:17,1.378564,1623.406596,0.2071,0.041137,1.138691,0.086224
HINDWAREAP,Success,0.004207300000416581,0.00017639999987295596,0.00048489999971934594,3.529999958118424e-05,0.00639339999997901,2019-12-26 09:15:00,2025-06-26 09:15:00,2009 days 00:00:00,100000.0,78669.243108,-21.330757,86.703161,100.0,166.340757,24.402204,1288 days 00:00:00,2,2,0,0.0,0.0,-10.596295,-11.727915,0.0,-11.162105,0 days 00:00:00,70 days 12:00:00,0.0,-10665.378446,-0.389318,-0.177169,0.780392,-0.150169
HINDZINC,Success,0.007843399999728717,0.00021219999962340808,0.0014310999995359452,0.00011069999982282752,0.011962599999606027,2006-11-21 09:15:00,2025-06-26 09:15:00,6792 days 00:00:00,100000.0,77216.79829,-22.783202,415.325462,100.0,864.728927,35.019059,6792 days 00:00:00,12,11,1,552.112294,18.181818,28.453278,-10.273684,25.122698,-7.369296,95 days 12:00:00,21 days 00:00:00,0.592852,-2121.392182,-0.122945,-0.040197,0.916059,-0.039833
HIRECT,Success,0.00856720000047062,0.00021640000068146037,0.0004637000001821434,3.5200000638724305e-05,0.010919299999841314,2006-12-26 09:15:00,2025-06-26 09:15:00,6757 days 00:00:00,100000.0,127179.772677,27.179773,1318.495024,100.0,835.619117,55.485791,4804 days 00:00:00,9,9,0,0.0,33.333333,52.116068,-15.529654,40.222052,-11.731529,132 days 08:00:00,21 days 12:00:00,1.413171,3019.974742,0.160283,0.024208,1.111528,0.09803
HISARMETAL,Success,0.004129599999942002,0.00017750000006344635,0.0004612000002452987,3.190000006725313e-05,0.006325099999230588,2017-01-05 09:15:00,2025-06-26 09:15:00,3094 days 00:00:00,100000.0,40341.503388,-59.658497,585.679419,100.0,484.196469,68.558408,2975 days 00:00:00,9,9,0,0.0,11.111111,34.644206,-18.739101,34.644206,-13.758043,109 days 00:00:00,51 days 09:00:00,0.161256,-6628.721846,-0.352295,-0.150681,0.852863,-0.220456
HITECH,Success,0.004227999999784515,0.00017009999919537222,0.0004537999993772246,3.0199999855540227e-05,0.00651449999986653,2018-05-07 09:15:00,2025-06-26 09:15:00,2607 days 00:00:00,100000.0,160477.365758,60.477366,146.02349,100.0,542.797734,28.268146,473 days 00:00:00,5,5,0,0.0,60.0,35.552092,-15.472643,29.226389,-13.204538,102 days 00:00:00,154 days 12:00:00,3.418205,12095.473152,0.417735,0.246422,1.165572,0.367457
HITECHCORP,Success,0.0077030000002196175,0.00021019999985583127,0.0005048000002716435,3.5600000046542846e-05,0.01010599999972328,2007-12-20 09:15:00,2025-06-26 09:15:00,6398 days 00:00:00,100000.0,91473.13535,-8.526865,76.479195,100.0,828.581279,51.872056,2984 days 00:00:00,11,11,0,0.0,36.363636,41.819668,-21.085635,31.904771,-15.329712,47 days 00:00:00,150 days 00:00:00,0.905019,-775.169514,0.088834,-0.010519,1.039226,0.074479
HITECHGEAR,Success,0.008833700000650424,0.0002345000002605957,0.0006079999993744423,4.8800000513438135e-05,0.011642500000561995,2003-05-15 09:15:00,2025-06-26 09:15:00,8078 days 00:00:00,100000.0,65191.332372,-34.808668,2911.991794,100.0,1081.038071,38.583538,6800 days 00:00:00,14,14,0,0.0,21.428571,41.378165,-16.234703,38.599768,-11.753016,93 days 08:00:00,26 days 06:32:43,0.682714,-2486.333402,-0.113897,-0.051766,0.92848,-0.045459
HLEGLAS,Success,0.003058700000110548,0.00016320000031555537,0.0004701999996541417,3.100000049016671e-05,0.005097100000057253,2021-02-22 09:15:00,2025-06-26 09:15:00,1585 days 00:00:00,100000.0,86358.282186,-13.641718,17.945269,100.0,85.461482,19.68706,1259 days 00:00:00,1,1,0,0.0,0.0,-13.604426,-13.604426,0.0,-13.604426,0 days 00:00:00,89 days 00:00:00,0.0,-13641.717814,-0.287979,-0.171357,0.789928,-0.078876
HLVLTD,Success,0.009439399999791931,0.00027580000005400507,0.0005078000003777561,4.549999994196696e-05,0.012283099999876868,1999-01-01 09:15:00,2025-06-26 09:15:00,9673 days 00:00:00,100000.0,76628.076945,-23.371923,76.214843,100.0,1003.222818,46.727087,5523 days 00:00:00,12,12,0,0.0,25.0,46.259502,-17.004578,35.361497,-11.8858,78 days 08:00:00,51 days 10:39:59,0.760357,-1947.660255,-0.011831,-0.022122,0.992082,-0.005498
HMAAGRO,Success,0.0023721999996269005,0.00015660000008210773,0.0004094000005352427,2.89999998130952e-05,0.004340399999819056,2023-07-04 09:15:00,2025-06-26 09:15:00,723 days 00:00:00,100000.0,91139.183679,-8.860816,-44.352431,100.0,91.178659,8.860816,723 days 00:00:00,1,1,0,0.0,0.0,-8.682948,-8.682948,0.0,-8.682948,0 days 00:00:00,29 days 00:00:00,0.0,-8860.816321,-0.69214,-0.522742,0.539653,-0.166902
HMVL,Success,0.007669499999792606,0.00022079999962443253,0.0004961999993611244,3.9399999877787195e-05,0.010118000000147731,2010-07-21 09:15:00,2025-06-26 09:15:00,5454 days 00:00:00,100000.0,103967.381344,3.967381,-52.627679,100.0,890.510449,43.250176,1438 days 00:00:00,7,7,0,0.0,28.571429,38.060468,-16.544659,35.731485,-10.472384,89 days 12:00:00,45 days 09:35:59,1.054386,566.768763,0.077999,0.006147,1.054946,0.036098
HNDFDS,Success,0.0033926999994946527,0.0001781999999366235,0.00044499999967229087,3.1399999897985253e-05,0.005492899999808287,2019-08-19 09:15:00,2025-06-26 09:15:00,2138 days 00:00:00,100000.0,66151.073312,-33.848927,546.06405,100.0,311.432012,40.120164,1955 days 00:00:00,4,4,0,0.0,0.0,-8.854066,-11.471704,0.0,-9.65672,0 days 00:00:00,51 days 00:00:00,0.0,-8462.231672,-0.707124,-0.172383,0.66377,-0.357875
HOMEFIRST,Success,0.002843899999788846,0.00015979999989212956,0.00044330000037007267,2.7400000362831634e-05,0.0049397000002500135,2021-02-03 09:15:00,2025-06-26 09:15:00,1604 days 00:00:00,100000.0,108645.879227,8.645879,162.97034,100.0,281.846746,24.54199,284 days 00:00:00,3,3,0,0.0,33.333333,30.295851,-9.579105,30.295851,-8.435242,48 days 00:00:00,58 days 00:00:00,1.525962,2881.959742,0.211507,0.07887,1.108422,0.138285
HONASA,Success,0.00218959999983781,0.0001452999995308346,0.0005426999996416271,3.229999947507167e-05,0.004412199999933364,2023-11-07 09:15:00,2025-06-26 09:15:00,597 days 00:00:00,100000.0,83524.55137,-16.475449,-7.282708,100.0,173.154048,17.040161,388 days 00:00:00,2,2,0,0.0,0.0,-6.872116,-9.983914,0.0,-8.428015,0 days 00:00:00,15 days 12:00:00,0.0,-8237.724315,-0.579864,-0.619008,0.630155,-0.153464
HONAUT,Success,0.008319700000356534,0.0002272000001539709,0.0007495999998354819,6.340000072668772e-05,0.011236800000006042,2005-03-24 09:15:00,2025-06-26 09:15:00,7399 days 00:00:00,100000.0,86940.799434,-13.059201,6320.798963,100.0,2344.04701,61.043301,5460 days 00:00:00,22,22,0,0.0,27.272727,37.79034,-12.31923,20.01361,-7.452968,27 days 00:00:00,46 days 16:30:00,0.90524,-593.600026,-0.011701,-0.011504,0.9938,-0.00698
HONDAPOWER,Success,0.008576700000048731,0.00023430000055668643,0.0006178000003274065,5.1500000154192094e-05,0.011255200000050536,2006-04-04 09:15:00,2025-06-26 09:15:00,7023 days 00:00:00,100000.0,164282.06767,64.282068,1822.557138,100.0,3043.148203,54.329902,3615 days 00:00:00,13,13,0,0.0,38.461538,37.264152,-12.304238,29.641851,-9.175008,90 days 00:00:00,68 days 21:00:00,1.328922,4944.774436,0.252202,0.050069,1.131922,0.183642
HOVS,Success,0.008292099999380298,0.00023020000026008347,0.0004532000002654968,3.790000027947826e-05,0.01081120000071678,2006-09-27 09:15:00,2025-06-26 09:15:00,6847 days 00:00:00,100000.0,115337.192088,15.337192,-69.040488,100.0,1249.258378,49.783277,1400 days 00:00:00,9,8,1,-1741.961432,37.5,39.647471,-21.905172,38.753398,-14.85325,103 days 00:00:00,29 days 19:12:00,1.130776,2134.89419,0.127402,0.016704,1.093248,0.080007
HPAL,Success,0.0027987000003122375,0.00016830000004119938,0.0004521000000750064,3.280000055383425e-05,0.004950600000483973,2021-12-27 09:15:00,2025-06-26 09:15:00,1277 days 00:00:00,100000.0,92238.751261,-7.761249,-22.524565,100.0,92.308315,7.761249,1277 days 00:00:00,1,1,0,0.0,0.0,-7.578356,-7.578356,0.0,-7.578356,0 days 00:00:00,7 days 00:00:00,0.0,-7761.248739,-1.141447,-0.298352,0.0,-0.264084
HPIL,Success,0.0023141000001487555,0.00015720000010333024,0.00044500000058178557,2.4500000108673703e-05,0.003801699999712582,2022-11-07 09:15:00,2025-06-26 09:15:00,962 days 00:00:00,100000.0,100000.0,0.0,25.962554,100.0,0.0,0.0,,0,0,0,0.0,,,,,,,,,,,,,
HPL,Success,0.005114200000207347,0.00019919999976991676,0.0004148999996687053,3.319999996165279e-05,0.0073118000000249594,2016-10-04 09:15:00,2025-06-26 09:15:00,3187 days 00:00:00,100000.0,88865.737368,-11.134263,185.736926,100.0,699.258359,46.938102,2835 days 00:00:00,8,8,0,0.0,25.0,39.745001,-12.325911,36.834701,-11.428894,45 days 00:00:00,89 days 08:00:00,0.828718,-1391.782829,0.018058,-0.029112,1.007207,0.01481
HSCL,Success,0.008845199999996112,0.00022400000034394907,0.0006533000005219947,5.5199999223987106e-05,0.01153229999999894,2007-03-02 09:15:00,2025-06-26 09:15:00,6691 days 00:00:00,100000.0,78195.25428,-21.804746,1395.005045,100.0,962.368012,41.940994,2689 days 00:00:00,11,11,0,0.0,27.272727,30.388221,-15.888378,24.240556,-10.280372,23 days 16:00:00,59 days 09:00:00,0.724308,-1982.249611,-0.054963,-0.03243,0.966082,-0.026966
HTMEDIA,Success,0.009655800000473391,0.00023020000026008347,0.0004992000003767316,4.070000068168156e-05,0.012536299999737821,2005-09-01 09:15:00,2025-06-26 09:15:00,7238 days 00:00:00,100000.0,91331.253104,-8.668747,-79.387829,100.0,642.810455,45.497954,5090 days 00:00:00,7,7,0,0.0,28.571429,35.218314,-17.29921,30.892276,-11.492246,66 days 12:00:00,28 days 14:24:00,0.845148,-1238.392414,-0.009937,-0.010234,0.991642,-0.003596
HUBTOWN,Success,0.007322800000110874,0.00020480000057432335,0.00047140000060608145,4.819999958272092e-05,0.009687300000223331,2011-11-15 09:15:00,2025-06-26 09:15:00,4972 days 00:00:00,100000.0,143598.319768,43.59832,28.944024,100.0,896.884886,45.953174,4281 days 00:00:00,9,9,0,0.0,33.333333,61.029772,-16.384985,46.863623,-11.926146,103 days 00:00:00,18 days 20:00:00,1.612534,4844.257752,0.245994,0.05974,1.143998,0.126474
HUDCO,Success,0.00452930000028573,0.00017419999949197518,0.0006395000000338769,3.7400000110210385e-05,0.007066899999699672,2017-05-19 09:15:00,2025-06-26 09:15:00,2960 days 00:00:00,100000.0,153135.838079,53.135838,231.399021,100.0,589.797921,20.400632,979 days 00:00:00,6,5,1,9527.1369,40.0,46.913146,-11.189794,39.849592,-9.388741,56 days 00:00:00,12 days 16:00:00,2.245718,8721.740236,0.534998,0.269156,1.529254,0.214774
HUHTAMAKI,Success,0.009910300000228744,0.00025879999975586543,0.0005611000005956157,4.400000034365803e-05,0.012586999999257387,1999-01-01 09:15:00,2025-06-26 09:15:00,9673 days 00:00:00,100000.0,126239.271717,26.239272,1928.148148,100.0,1341.874151,51.382353,6020 days 00:00:00,15,15,0,0.0,40.0,27.125312,-14.64501,21.472624,-9.487336,90 days 12:00:00,69 days 16:00:00,1.332763,1749.284781,0.134996,0.017713,1.074566,0.072643
HYBRIDFIN,Success,0.002444600000671926,0.00015560000065306667,0.00044920000073034316,3.0100000003585592e-05,0.0045809000002918765,2022-12-06 09:15:00,2025-06-26 09:15:00,933 days 00:00:00,100000.0,95376.59238,-4.623408,58.888889,100.0,95.467351,4.623408,933 days 00:00:00,1,1,0,0.0,0.0,-4.432682,-4.432682,0.0,-4.432682,0 days 00:00:00,7 days 00:00:00,0.0,-4623.40762,-0.806276,-0.402525,0.279151,-0.200285
HYUNDAI,Success,0.0021285000002535526,0.00016349999987141928,0.0004653999994843616,2.789999962260481e-05,0.0038027999999030726,2024-10-22 09:15:00,2025-06-26 09:15:00,247 days 00:00:00,100000.0,100000.0,0.0,16.838866,100.0,0.0,0.0,,0,0,0,0.0,,,,,,,,,,,,,
ICDSLTD,Success,0.003004299999702198,0.0001830000001064036,0.0004455999996935134,2.9299999368959107e-05,0.0050372999994579,2021-07-06 09:15:00,2025-06-26 09:15:00,1451 days 00:00:00,100000.0,75252.959562,-24.74704,236.173913,100.0,163.251318,24.74704,1451 days 00:00:00,2,2,0,0.0,0.0,-11.914487,-14.236371,0.0,-13.075429,0 days 00:00:00,8 days 00:00:00,0.0,-12373.520219,-1.029628,-0.286012,0.231002,-0.256395
ICEMAKE,Success,0.004109800000151154,0.00016980000054900302,0.0005289999999149586,3.259999994043028e-05,0.006501300000309129,2017-12-12 09:15:00,2025-06-26 09:15:00,2753 days 00:00:00,100000.0,92834.828537,-7.165171,700.564984,100.0,360.048645,39.836282,231 days 00:00:00,4,3,1,-8490.513031,33.333333,38.479658,-15.980968,38.479658,-14.20799,47 days 00:00:00,136 days 12:00:00,1.035958,441.780523,0.022845,-0.026993,1.010541,0.014908
ICICIBANK,Success,0.010598599999866565,0.0002724999994825339,0.0008575000001656008,5.409999994299142e-05,0.01392900000064401,1997-09-24 09:15:00,2025-06-26 09:15:00,10137 days 00:00:00,100000.0,189637.791697,89.637792,15651.350587,100.0,4709.029928,36.996281,2696 days 00:00:00,30,30,0,0.0,36.666667,38.267826,-15.65888,19.644593,-6.313041,71 days 21:49:05,37 days 11:22:06,1.462525,2987.92639,0.248007,0.064361,1.119464,0.150592
ICICIGI,Success,0.004675999999562919,0.00020150000000285218,0.0004774999997607665,4.4100000195612665e-05,0.007049300000289804,2017-09-27 09:15:00,2025-06-26 09:15:00,2829 days 00:00:00,100000.0,122584.786254,22.584786,196.095122,100.0,709.748688,15.440413,266 days 00:00:00,6,6,0,0.0,33.333333,39.189727,-6.080522,25.793444,-5.61339,109 days 12:00:00,10 days 12:00:00,1.816842,3764.131042,0.336642,0.175523,1.198696,0.185647
ICICIPRULI,Success,0.004372800000055577,0.00019459999930404592,0.0005043999999543303,3.20999997711624e-05,0.007019099999524769,2016-09-29 09:15:00,2025-06-26 09:15:00,3192 days 00:00:00,100000.0,56934.638956,-43.065361,117.543277,100.0,663.43624,43.812665,2887 days 00:00:00,9,9,0,0.0,0.0,-3.655352,-6.943984,0.0,-5.889082,0 days 00:00:00,17 days 13:20:00,0.0,-4785.040116,-0.891587,-0.144843,0.519245,-0.285045
ICIL,Success,0.008136299999932817,0.00022770000032323878,0.0004940999997415929,3.7400000110210385e-05,0.010671500000171363,2005-09-12 09:15:00,2025-06-26 09:15:00,7227 days 00:00:00,100000.0,102030.343632,2.030344,3345.02924,100.0,799.470431,35.540777,1354 days 00:00:00,7,7,0,0.0,28.571429,36.687478,-13.934615,35.471411,-10.810809,38 days 12:00:00,57 days 09:36:00,1.030569,290.04909,0.075434,0.003204,1.056461,0.030119
ICRA,Success,0.008109299999887298,0.00024310000026162015,0.0005013999998482177,3.909999941242859e-05,0.010858100000405102,2007-04-13 09:15:00,2025-06-26 09:15:00,6649 days 00:00:00,100000.0,131360.568458,31.360568,732.928727,100.0,1294.287288,33.302035,3861 days 00:00:00,12,12,0,0.0,33.333333,22.115402,-7.829017,21.651,-5.860366,102 days 18:00:00,55 days 06:00:00,1.595997,2613.380705,0.192006,0.046232,1.133329,0.106612
IDBI,Success,0.014731500000380038,0.0009310000004916219,0.0009172999998554587,7.960000039020088e-05,0.019006500000614324,1995-09-20 09:15:00,2025-06-26 09:15:00,10872 days 00:00:00,100000.0,136925.247926,36.925248,47.540097,100.0,1743.623111,50.604898,9332 days 00:00:00,21,21,0,0.0,33.333333,47.646389,-16.578968,30.034944,-9.870072,158 days 06:51:25,28 days 01:42:51,1.317554,1758.345139,0.148234,0.021349,1.075022,0.073912
IDEA,Success,0.00850200000058976,0.00023410000085277716,0.0005816000002596411,4.619999981514411e-05,0.011164900000039779,2007-03-09 09:15:00,2025-06-26 09:15:00,6684 days 00:00:00,100000.0,27912.615123,-72.087385,-86.013121,100.0,621.657869,75.629148,6547 days 00:00:00,11,11,0,0.0,0.0,-6.633011,-20.347548,0.0,-10.663574,0 days 00:00:00,70 days 08:43:38,0.0,-6553.398625,-0.273868,-0.090744,0.86246,-0.147219
IDEAFORGE,Success,0.002736200000072131,0.00016800000048533548,0.0004580000004352769,3.769999966607429e-05,0.004319300000133808,2023-07-07 09:15:00,2025-06-26 09:15:00,720 days 00:00:00,100000.0,100000.0,0.0,-54.276227,100.0,0.0,0.0,,0,0,0,0.0,,,,,,,,,,,,,
IDFCFIRSTB,Success,0.004418399999849498,0.00018339999951422215,0.0004529999996520928,3.260000084992498e-05,0.006775500000003376,2015-11-06 09:15:00,2025-06-26 09:15:00,3520 days 00:00:00,100000.0,107931.806395,7.931806,2.130679,100.0,601.761803,26.931788,2282 days 00:00:00,6,6,0,0.0,33.333333,23.193696,-10.03937,23.161407,-7.865395,99 days 00:00:00,18 days 00:00:00,1.239115,1321.967732,0.137921,0.030067,1.091097,0.057579
IEL,Success,0.0021742999997513834,0.00014569999984814785,0.0003932999998141895,2.4300000404764432e-05,0.003786500000387605,2022-12-27 09:15:00,2025-06-26 09:15:00,912 days 00:00:00,100000.0,116511.258215,16.511258,54.121622,100.0,116.611437,0.0,,1,1,0,0.0,100.0,16.747233,16.747233,16.747233,0.0,7 days 00:00:00,0 days 00:00:00,inf,16511.258215,1.321523,,,
IEX,Success,0.004186600000139151,0.00016899999991437653,0.0004372000003058929,2.9599999834317714e-05,0.006299899999248737,2017-10-23 09:15:00,2025-06-26 09:15:00,2803 days 00:00:00,100000.0,110834.964993,10.834965,250.133505,100.0,199.665736,23.087419,1949 days 00:00:00,3,2,1,-250.591851,50.0,25.871831,-11.389163,25.871831,-11.389163,131 days 00:00:00,36 days 00:00:00,1.95866,5542.778422,0.184908,0.059408,1.137822,0.065648
IFBAGRO,Success,0.009219999999913853,0.00024480000047333306,0.00046410000049945666,4.0300000364368316e-05,0.011779700000261073,1995-10-17 09:15:00,2025-06-26 09:15:00,10845 days 00:00:00,100000.0,70426.850222,-29.57315,1684.404762,100.0,925.833931,58.791882,9381 days 00:00:00,12,12,0,0.0,25.0,81.016806,-23.426151,51.946257,-15.751772,53 days 08:00:00,21 days 21:20:00,0.750034,-2464.429148,0.009232,-0.022448,1.008752,0.002506
IFBIND,Success,0.008755699999710487,0.00023779999992257217,0.000497900000482332,4.179999996267725e-05,0.011333599999488797,1999-01-01 09:15:00,2025-06-26 09:15:00,9673 days 00:00:00,100000.0,35971.399521,-64.0286,25101.6,100.0,758.451789,69.174038,9673 days 00:00:00,17,17,0,0.0,23.529412,41.326421,-27.663729,26.533437,-13.549589,57 days 18:00:00,31 days 03:41:32,0.386931,-3766.388263,-0.268258,-0.060726,0.827346,-0.096581
IFCI,Success,0.009074499999769614,0.00024359999952139333,0.0004920999999740161,4.1199999941454735e-05,0.011689199999636912,1999-01-01 09:15:00,2025-06-26 09:15:00,9673 days 00:00:00,100000.0,69896.12343,-30.103877,274.540059,100.0,2113.773071,61.65078,8155 days 00:00:00,18,18,0,0.0,22.222222,76.278135,-24.954422,47.201756,-12.175481,147 days 18:00:00,48 days 03:25:42,0.860544,-1672.437587,0.017119,-0.022221,1.008913,0.011482
IFGLEXPOR,Success,0.004284600000573846,0.00017660000048635993,0.0004527000000962289,3.130000004603062e-05,0.006385699999555072,2017-11-14 09:15:00,2025-06-26 09:15:00,2781 days 00:00:00,100000.0,85555.526792,-14.444473,60.219845,100.0,178.994358,22.58397,902 days 00:00:00,2,2,0,0.0,0.0,-5.920337,-8.75225,0.0,-7.336293,0 days 00:00:00,42 days 12:00:00,0.0,-7222.236604,-0.215616,-0.091296,0.782946,-0.047677
IGARASHI,Success,0.010349900000619527,0.0002625999995871098,0.00047930000073392875,4.290000015316764e-05,0.012999000000490923,1995-05-19 09:15:00,2025-06-26 09:15:00,10996 days 00:00:00,100000.0,110002.453054,10.002453,2487.066932,100.0,1927.962623,63.753495,8912 days 00:00:00,21,21,0,0.0,33.333333,43.549623,-17.63394,30.95494,-11.610129,39 days 20:34:17,51 days 00:00:00,1.062502,476.307288,0.096959,0.005177,1.057729,0.055716
IGIL,Success,0.0019105999999737833,0.0001511999998911051,0.00041870000040944433,3.530000049067894e-05,0.003440000000409782,2024-12-20 09:15:00,2025-06-26 09:15:00,188 days 00:00:00,100000.0,100000.0,0.0,-23.580601,100.0,0.0,0.0,,0,0,0,0.0,,,,,,,,,,,,,
IGL,Success,0.008227100000112841,0.0002168000000892789,0.000509299999976065,4.169999920122791e-05,0.010740499999883468,2003-12-26 09:15:00,2025-06-26 09:15:00,7853 days 00:00:00,100000.0,200978.369251,100.978369,1644.80737,100.0,2572.677766,25.426302,1430 days 00:00:00,17,17,0,0.0,47.058824,28.569147,-12.449343,19.373851,-7.241885,103 days 21:00:00,27 days 13:20:00,1.993461,5939.904074,0.343718,0.132265,1.172198,0.228839
IGPL,Success,0.007811000000401691,0.00022759999956178945,0.0006176000006234972,4.150000040681334e-05,0.010474400000020978,2007-01-29 09:15:00,2025-06-26 09:15:00,6723 days 00:00:00,100000.0,136641.863848,36.641864,533.17437,100.0,967.968067,34.556289,3538 days 00:00:00,7,7,0,0.0,42.857143,62.7219,-20.205184,40.004105,-15.125046,92 days 18:54:59,23 days 18:00:00,1.405141,5234.551978,0.191273,0.051487,1.182209,0.071604
IIFL,Success,0.008620000000519212,0.00023539999983768212,0.000698499999998603,4.949999947712058e-05,0.011658600000373553,2005-05-17 09:15:00,2025-06-26 09:15:00,7345 days 00:00:00,100000.0,149232.126166,49.232126,6475.663112,100.0,1560.046326,59.243869,4601 days 00:00:00,16,16,0,0.0,43.75,43.521029,-24.069744,28.654004,-13.447858,120 days 17:08:34,13 days 21:20:00,1.402303,3077.007885,0.206623,0.034606,1.102725,0.110715
IIFLCAPS,Success,0.0032749000001786044,0.00016539999978704145,0.0004486999996515806,4.620000072463881e-05,0.005390899999838439,2019-09-20 09:15:00,2025-06-26 09:15:00,2106 days 00:00:00,100000.0,75682.544819,-24.317455,1380.519481,100.0,359.688376,45.141404,1938 days 00:00:00,5,5,0,0.0,20.0,34.403815,-14.785464,34.403815,-13.133478,28 days 00:00:00,39 days 12:00:00,0.441764,-4863.491036,-0.223392,-0.106142,0.876097,-0.106802
IITL,Success,0.004858499999500054,0.00022470000021712622,0.000511900000674359,3.66000003850786e-05,0.0073892000000341795,2010-08-17 09:15:00,2025-06-26 09:15:00,5427 days 00:00:00,100000.0,98276.689222,-1.723311,-8.857377,100.0,1070.497823,51.992471,3937 days 00:00:00,13,13,0,0.0,30.769231,34.153766,-15.975531,30.787576,-11.092322,76 days 18:00:00,37 days 00:00:00,0.980294,-132.562368,0.085252,-0.002928,1.04025,0.057894
IKIO,Success,0.002533900000344147,0.0001480999999330379,0.0004741000002468354,2.8299999939918052e-05,0.0040856000005078386,2023-06-16 09:15:00,2025-06-26 09:15:00,741 days 00:00:00,100000.0,100000.0,0.0,-46.89365,100.0,0.0,0.0,,0,0,0,0.0,,,,,,,,,,,,,
IKS,Success,0.0018004999992626836,0.00018430000000080327,0.00041730000066309003,2.8000000384054147e-05,0.003427600000577513,2024-12-19 09:15:00,2025-06-26 09:15:00,189 days 00:00:00,100000.0,100000.0,0.0,-18.917816,100.0,0.0,0.0,,0,0,0,0.0,,,,,,,,,,,,,
IMAGICAA,Success,0.004559699999845179,0.00017889999980980065,0.00046329999986483017,3.099999958067201e-05,0.00682299999971292,2015-04-06 09:15:00,2025-06-26 09:15:00,3734 days 00:00:00,100000.0,197228.499762,97.2285,-64.012456,100.0,1120.350292,35.740871,311 days 00:00:00,9,9,0,0.0,44.444444,44.197601,-14.214684,40.238212,-12.241904,41 days 06:00:00,80 days 09:36:00,2.300782,10803.16664,0.457119,0.195591,1.212849,0.343189
IMFA,Success,0.00755490000028658,0.00022280000030150404,0.0004951999999320833,5.090000013296958e-05,0.010076700000354322,2010-07-23 09:15:00,2025-06-26 09:15:00,5452 days 00:00:00,100000.0,118457.677279,18.457677,117.490112,100.0,805.104815,45.095319,4346 days 00:00:00,9,9,0,0.0,33.333333,42.692306,-12.601243,34.645901,-11.02403,89 days 16:00:00,42 days 08:00:00,1.296864,2050.853031,0.151717,0.026085,1.087654,0.08964
IMPAL,Success,0.008196599999791943,0.00023400000009132782,0.00045480000062525505,3.860000015265541e-05,0.010547900000347,2005-10-07 09:15:00,2025-06-26 09:15:00,7202 days 00:00:00,100000.0,101007.32336,1.007323,933.18489,100.0,811.553562,30.737431,1724 days 00:00:00,7,7,0,0.0,28.571429,30.096339,-9.749095,25.169442,-8.123971,197 days 12:00:00,14 days 04:47:59,1.020478,143.903337,0.046876,0.001707,1.039009,0.020998
INCREDIBLE,Success,0.00489579999975831,0.0001830000001064036,0.00047279999944294104,3.239999932702631e-05,0.007111199999599194,2016-07-01 09:15:00,2025-06-26 09:15:00,3282 days 00:00:00,100000.0,104294.40195,4.294402,-55.154809,100.0,602.896318,54.982147,2037 days 00:00:00,6,6,0,0.0,33.333333,46.642924,-15.4499,40.17581,-14.33912,81 days 00:00:00,14 days 18:00:00,1.069072,715.733658,0.108162,0.008805,1.075988,0.033314
INDBANK,Success,0.007506599999942409,0.00021459999970829813,0.00048239999978250125,3.66000003850786e-05,0.009888799999316689,2008-10-08 09:15:00,2025-06-26 09:15:00,6105 days 00:00:00,100000.0,79161.774696,-20.838225,180.163934,100.0,1069.66024,45.741685,2688 days 00:00:00,11,11,0,0.0,27.272727,61.568678,-19.588256,48.787712,-15.99249,96 days 00:00:00,39 days 21:00:00,0.848492,-1894.384119,0.009443,-0.031403,1.005869,0.00654
INDGN,Success,0.002063799999632465,0.00014740000005986076,0.0004372000003058929,2.7200000658922363e-05,0.0035879999995813705,2024-05-13 09:15:00,2025-06-26 09:15:00,409 days 00:00:00,100000.0,100000.0,0.0,0.656854,100.0,0.0,0.0,,0,0,0,0.0,,,,,,,,,,,,,
INDHOTEL,Success,0.010401699999420089,0.00027690000024449546,0.0005060000003140885,4.1200000850949436e-05,0.013138100000105624,1999-01-01 09:15:00,2025-06-26 09:15:00,9673 days 00:00:00,100000.0,419695.097976,319.695098,2505.770668,100.0,5714.171714,37.350692,2085 days 00:00:00,24,24,0,0.0,45.833333,38.327232,-10.171252,25.925033,-7.669166,70 days 21:49:05,33 days 01:50:46,2.333276,13320.629082,0.506687,0.152067,1.275441,0.333425
INDIACEM,Success,0.009678200000053039,0.0002751000001808279,0.0005318000003171619,4.350000017439015e-05,0.012601600000380131,1999-01-01 09:15:00,2025-06-26 09:15:00,9673 days 00:00:00,100000.0,30668.237427,-69.331763,916.540182,100.0,1093.408332,78.185889,9381 days 00:00:00,21,20,1,1940.455517,15.0,30.701774,-15.154843,27.290427,-10.673294,37 days 00:00:00,38 days 22:35:17,0.38334,-3563.610904,-0.224911,-0.056917,0.874649,-0.092375
INDIAGLYCO,Success,0.009775499999705062,0.0002616000001580687,0.0005209999999351567,4.2499999835854396e-05,0.012523600000349688,1994-12-28 09:15:00,2025-06-26 09:15:00,11138 days 00:00:00,100000.0,53383.086539,-46.616913,3167.729084,100.0,1124.253173,75.133447,9394 days 00:00:00,16,16,0,0.0,18.75,48.202556,-16.335359,35.322107,-10.798112,22 days 00:00:00,40 days 09:13:50,0.580557,-2913.557091,-0.119051,-0.030584,0.920529,-0.053347
INDIAMART,Success,0.004644499999812979,0.00023469999996450497,0.0005237000004854053,4.140000055485871e-05,0.007108899999366258,2019-07-04 09:15:00,2025-06-26 09:15:00,2184 days 00:00:00,100000.0,111597.463704,11.597464,305.130765,100.0,360.023053,18.675708,1519 days 00:00:00,3,3,0,0.0,33.333333,33.07662,-10.77851,33.07662,-8.095863,72 days 00:00:00,30 days 12:00:00,1.552209,3865.821235,0.219555,0.100776,1.188249,0.090781
INDIANB,Success,0.00939470000048459,0.0002241000001959037,0.0004687999999077874,4.660000013245735e-05,0.012142700000367768,2007-03-01 09:15:00,2025-06-26 09:15:00,6692 days 00:00:00,100000.0,110114.49438,10.114494,546.61923,100.0,2003.92828,61.538953,3992 days 00:00:00,17,17,0,0.0,29.411765,37.000436,-13.691268,30.108025,-9.345168,153 days 00:00:00,19 days 20:00:00,1.071202,594.970258,0.112134,0.008735,1.052639,0.0687
INDIANCARD,Success,0.009266200000638491,0.0002555999999458436,0.0004969999999957508,4.270000044925837e-05,0.011948800000027404,1999-01-01 09:15:00,2025-06-26 09:15:00,9673 days 00:00:00,100000.0,46065.686769,-53.934313,859.545455,100.0,1762.458733,77.094409,7819 days 00:00:00,18,17,1,235.028412,17.647059,41.52558,-15.71406,33.196259,-10.797665,49 days 16:00:00,43 days 20:34:17,0.675935,-3186.431861,-0.118191,-0.040215,0.929495,-0.060638
INDIANHUME,Success,0.008835099999487284,0.00026140000045415945,0.0005398000002969638,5.199999941396527e-05,0.011574499999369436,1995-05-19 09:15:00,2025-06-26 09:15:00,10996 days 00:00:00,100000.0,219918.7397,119.91874,6948.38395,100.0,2648.762456,40.003625,2332 days 00:00:00,18,17,1,10840.75148,41.176471,41.696459,-14.57776,29.863974,-9.907775,70 days 17:08:34,37 days 16:48:00,1.664279,6416.352248,0.310755,0.086021,1.19347,0.196568
INDIASHLTR,Success,0.0020887999999104068,0.00014999999984866008,0.00045120000049792,2.860000040527666e-05,0.0036791000002267538,2023-12-20 09:15:00,2025-06-26 09:15:00,554 days 00:00:00,100000.0,100000.0,0.0,61.823019,100.0,0.0,0.0,,0,0,0,0.0,,,,,,,,,,,,,
INDIGO,Success,0.004263600000740553,0.0001720000000204891,0.00045709999994869577,3.0100000003585592e-05,0.006468999999924563,2015-11-10 09:15:00,2025-06-26 09:15:00,3516 days 00:00:00,100000.0,186102.673122,86.102673,548.788829,100.0,1722.616034,21.429987,1380 days 00:00:00,10,10,0,0.0,50.0,26.802919,-6.982386,20.95092,-5.970096,87 days 00:00:00,22 days 19:12:00,2.487672,8610.267312,0.587563,0.316794,1.283864,0.364546
INDIGOPNTS,Success,0.0028023000004395726,0.0001542999998491723,0.00044859999979962595,2.7200000658922363e-05,0.004779200000484707,2021-02-02 09:15:00,2025-06-26 09:15:00,1605 days 00:00:00,100000.0,91495.818297,-8.504182,-62.597243,100.0,90.255116,8.973657,216 days 00:00:00,1,1,0,0.0,0.0,-8.43595,-8.43595,0.0,-8.43595,0 days 00:00:00,40 days 00:00:00,0.0,-8504.181703,-0.468567,-0.226436,0.619644,-0.144743
INDNIPPON,Success,0.009207699999933538,0.0002715999999054475,0.000505400000292866,4.739999985758914e-05,0.011867799999890849,1999-01-04 09:15:00,2025-06-26 09:15:00,9670 days 00:00:00,100000.0,88575.904879,-11.424095,1730.834987,100.0,1327.836769,51.762658,9565 days 00:00:00,17,17,0,0.0,29.411765,44.172855,-14.717994,27.942775,-10.307678,114 days 14:23:59,32 days 00:00:00,0.889328,-672.005595,0.031528,-0.009502,1.018694,0.019209
INDOAMIN,Success,0.0026700000007622293,0.00015559999974357197,0.00042750000011437805,3.420000030018855e-05,0.004674800000429968,2022-04-29 09:15:00,2025-06-26 09:15:00,1154 days 00:00:00,100000.0,108747.879498,8.747879,44.278783,100.0,195.353696,25.489681,986 days 00:00:00,2,2,0,0.0,50.0,25.932368,-13.304231,25.932368,-13.304231,24 days 00:00:00,59 days 00:00:00,1.649647,4373.939749,0.258765,0.107051,1.185378,0.195695
INDOBORAX,Success,0.0025108000008913223,0.00014860000010230578,0.0003922000005331938,2.6499999876250513e-05,0.004470200000469049,2022-03-29 09:15:00,2025-06-26 09:15:00,1185 days 00:00:00,100000.0,122178.238831,22.178239,42.454371,100.0,492.202005,16.332163,253 days 00:00:00,4,4,0,0.0,50.0,30.083313,-13.781634,24.459137,-10.685517,24 days 00:00:00,28 days 12:00:00,1.764684,5544.559708,0.480844,0.395728,1.304546,0.313144
INDOCO,Success,0.008500800000547315,0.00025209999967046315,0.0005020999997213949,3.9000000469968654e-05,0.010982200000398734,2005-01-14 09:15:00,2025-06-26 09:15:00,7468 days 00:00:00,100000.0,136741.660963,36.741661,461.396405,100.0,1417.484647,42.840974,3762 days 00:00:00,10,10,0,0.0,40.0,61.362677,-24.529398,36.137162,-13.445378,122 days 00:00:00,18 days 04:00:00,1.281122,3674.166096,0.186599,0.037218,1.127393,0.081867
INDOFARM,Success,0.001774199999999837,0.0001551000004837988,0.0003922000005331938,2.4899999516492244e-05,0.0032037000000855187,2025-01-07 09:15:00,2025-06-26 09:15:00,170 days 00:00:00,100000.0,100000.0,0.0,-36.270963,100.0,0.0,0.0,,0,0,0,0.0,,,,,,,,,,,,,
INDORAMA,Success,0.008617600000434322,0.00022919999992154771,0.0004901000002064393,3.96999994336511e-05,0.011134700000184239,2003-06-20 09:15:00,2025-06-26 09:15:00,8042 days 00:00:00,100000.0,40069.514677,-59.930485,43.240876,100.0,817.85422,69.833251,6386 days 00:00:00,12,12,0,0.0,16.666667,32.542684,-19.020371,28.112723,-12.891338,51 days 00:00:00,47 days 00:00:00,0.376575,-4994.20711,-0.205575,-0.059303,0.868779,-0.095192
INDOSTAR,Success,0.003945899999962421,0.00016899999991437653,0.0005442000001494307,3.409999953873921e-05,0.006176899999445595,2018-05-21 09:15:00,2025-06-26 09:15:00,2593 days 00:00:00,100000.0,129131.922685,29.131923,-39.899333,100.0,514.486637,29.073237,553 days 00:00:00,4,4,0,0.0,50.0,31.279276,-13.078938,29.866412,-12.140501,95 days 00:00:00,79 days 00:00:00,1.868461,7282.980671,0.325978,0.128244,1.19431,0.173217
INDOTECH,Success,0.0110341999998127,0.000256700000136334,0.0005468999997901847,3.909999941242859e-05,0.013528499999665655,2006-03-16 09:15:00,2025-06-26 09:15:00,7042 days 00:00:00,100000.0,129196.079816,29.19608,731.32577,100.0,671.574739,45.207041,5911 days 00:00:00,6,6,0,0.0,33.333333,54.532242,-12.881257,43.206742,-10.471414,26 days 00:00:00,47 days 06:00:00,1.61103,4866.013303,0.18377,0.030299,1.197672,0.059281
INDOTHAI,Success,0.007635300000401912,0.00021400000059657032,0.0004658999996536295,3.8499999391206075e-05,0.009948400000212132,2011-11-02 09:15:00,2025-06-26 09:15:00,4985 days 00:00:00,100000.0,86655.881701,-13.344118,7686.609071,100.0,627.342824,53.215065,4033 days 00:00:00,6,6,0,0.0,33.333333,50.649579,-26.206085,43.611325,-19.006161,21 days 00:00:00,69 days 12:00:00,0.851177,-2224.019716,0.006123,-0.020078,1.004198,0.002636
INDOUS,Success,0.0018480999997336767,0.00013839999974152306,0.0003907999998773448,2.5299999833805487e-05,0.003285600000708655,2024-09-27 09:15:00,2025-06-26 09:15:00,272 days 00:00:00,100000.0,100000.0,0.0,-47.15311,100.0,0.0,0.0,,0,0,0,0.0,,,,,,,,,,,,,
INDOWIND,Success,0.0076798000000053435,0.0002395999999862397,0.0004743999998026993,4.839999928663019e-05,0.010429399999338784,2007-09-14 09:15:00,2025-06-26 09:15:00,6495 days 00:00:00,100000.0,74695.725447,-25.304275,-79.96452,100.0,1219.964225,66.09861,3993 days 00:00:00,9,9,0,0.0,22.222222,53.332614,-14.286325,46.616065,-13.767575,88 days 12:00:00,11 days 17:08:34,0.817897,-2811.586061,-0.068392,-0.025332,0.947298,-0.029951
INDRAMEDCO,Success,0.009712500000205182,0.0002845999997589388,0.000601499999902444,5.199999941396527e-05,0.012796300000445626,1999-01-01 09:15:00,2025-06-26 09:15:00,9673 days 00:00:00,100000.0,321145.82788,221.145828,6096.969697,100.0,4816.140337,56.843301,7211 days 00:00:00,17,17,0,0.0,41.176471,76.753069,-13.958902,41.802511,-11.008282,76 days 10:17:08,42 days 14:24:00,1.638631,13008.578111,0.334243,0.080741,1.249227,0.193178
INDSWFTLAB,Success,0.00976970000010624,0.00025879999975586543,0.0006050000001778244,4.199999966658652e-05,0.01264530000025843,1999-01-01 09:15:00,2025-06-26 09:15:00,9673 days 00:00:00,100000.0,428365.767538,328.365768,1389.866667,100.0,3249.1797,55.298893,6391 days 00:00:00,14,14,0,0.0,50.0,95.038003,-18.107382,46.123015,-14.662016,114 days 03:25:42,53 days 03:25:42,2.374399,23454.697681,0.369534,0.106561,1.220718,0.240488
INDSWFTLTD,Success,0.008093299999927694,0.0002159000005121925,0.00045729999965260504,3.3799999982875306e-05,0.010701000000153726,2004-10-18 09:15:00,2025-06-26 09:15:00,7556 days 00:00:00,100000.0,132118.745453,32.118745,-91.0722,100.0,749.425944,37.319585,5624 days 00:00:00,6,6,0,0.0,33.333333,50.336467,-12.197476,43.11987,-10.038443,47 days 12:00:00,33 days 00:00:00,1.610375,5353.124242,0.202442,0.039872,1.208457,0.065315
INDTERRAIN,Success,0.007445400000506197,0.00019940000038332073,0.0004438999994818005,3.65999994755839e-05,0.009698300000309246,2011-03-25 09:15:00,2025-06-26 09:15:00,5207 days 00:00:00,100000.0,123750.132716,23.750133,166.313548,100.0,562.851469,24.495826,2691 days 00:00:00,5,4,1,-379.079358,50.0,29.51701,-14.5937,28.26217,-12.75025,80 days 12:00:00,12 days 00:00:00,1.608858,6032.303019,0.252115,0.065027,1.263533,0.090394
INDUSINDBK,Success,0.009305000000495056,0.000592500000493601,0.0009047999992617406,8.139999954437371e-05,0.013055999999778578,1998-01-29 09:15:00,2025-06-26 09:15:00,10010 days 00:00:00,100000.0,107020.075272,7.020075,1874.262173,100.0,1296.664577,45.677528,2566 days 00:00:00,13,13,0,0.0,23.076923,69.321015,-12.917784,37.18294,-7.756968,165 days 16:00:00,29 days 14:24:00,1.084404,540.00579,0.079018,0.005535,1.050983,0.036584
INDUSTOWER,Success,0.007380100000773382,0.00020789999962289585,0.00046639999982289737,3.6100000215810724e-05,0.009811300000365009,2012-12-28 09:15:00,2025-06-26 09:15:00,4563 days 00:00:00,100000.0,218225.000829,118.225001,116.723205,100.0,1122.880524,21.84398,1218 days 00:00:00,7,7,0,0.0,71.428571,29.680333,-9.573172,21.843585,-9.081817,31 days 19:12:00,87 days 00:00:00,4.874221,16889.285833,0.678561,0.300913,1.52684,0.28691
INFIBEAM,Success,0.006889899999805493,0.00018290000025444897,0.0004604999994626269,3.6499999623629265e-05,0.009263899999496061,2016-04-04 09:15:00,2025-06-26 09:15:00,3370 days 00:00:00,100000.0,92446.981372,-7.553019,99.456423,100.0,285.711715,22.323441,888 days 00:00:00,3,3,0,0.0,33.333333,26.467326,-14.514026,26.467326,-14.245734,65 days 00:00:00,43 days 00:00:00,0.747545,-2517.672876,-0.037983,-0.038614,0.970869,-0.014426
INFOBEAN,Success,0.003721699999914563,0.0001661000005697133,0.0005459000003611436,3.280000055383425e-05,0.005881699999918055,2019-07-15 09:15:00,2025-06-26 09:15:00,2173 days 00:00:00,100000.0,108418.781796,8.418782,477.871336,100.0,194.998142,15.94194,910 days 00:00:00,2,2,0,0.0,50.0,25.041358,-12.899186,25.041358,-12.899186,26 days 00:00:00,10 days 00:00:00,1.645267,4209.390898,0.255335,0.087167,1.348944,0.096333
INFOMEDIA,Success,0.0077170999993541045,0.00023220000002766028,0.000475699999697099,3.509999987727497e-05,0.010170300000027055,2006-10-12 09:15:00,2025-06-23 09:15:00,6829 days 00:00:00,100000.0,117259.741174,17.259741,-92.598498,100.0,413.109735,42.832321,4858 days 00:00:00,5,5,0,0.0,40.0,41.403241,-18.761918,39.170155,-15.037032,62 days 00:00:00,29 days 00:00:00,1.440318,3451.948235,0.161429,0.02653,1.13185,0.057862
INFY,Success,0.01056940000034956,0.00038300000051094685,0.000733599999875878,6.630000007135095e-05,0.013830800000505405,1996-01-01 09:15:00,2025-06-26 09:15:00,10769 days 00:00:00,100000.0,193915.807003,93.915807,202741.872372,100.0,3074.004312,26.760613,1882 days 00:00:00,21,21,0,0.0,42.857143,34.272254,-11.863629,18.680587,-6.597913,102 days 00:00:00,26 days 18:00:00,1.855896,4472.181286,0.280604,0.086413,1.155244,0.132876
INGERRAND,Success,0.009818799999266048,0.0002844000000550295,0.000628599999799917,4.830000034417026e-05,0.012958199999957287,1999-01-01 09:15:00,2025-06-26 09:15:00,9673 days 00:00:00,100000.0,136350.414662,36.350415,776.129032,100.0,2602.387389,39.792322,4825 days 00:00:00,25,25,0,0.0,32.0,30.152939,-11.239932,23.136977,-7.309202,88 days 06:00:00,12 days 12:42:21,1.268624,1454.016586,0.162595,0.030199,1.108438,0.093029
INNOVACAP,Success,0.0021532000000661355,0.00014659999942523427,0.0004348999991634628,2.7600000066740904e-05,0.004062099999828206,2023-12-29 09:15:00,2025-06-26 09:15:00,545 days 00:00:00,100000.0,130080.203279,30.080203,57.702248,100.0,129.768791,2.193142,4 days 00:00:00,1,1,0,0.0,100.0,30.474187,30.474187,30.474187,0.0,15 days 00:00:00,0 days 00:00:00,inf,30080.203279,1.860584,8.917647,9.540923,1.890453
INNOVANA,Success,0.001933900000040012,0.00014689999989059288,0.00042609999945852906,2.7600000066740904e-05,0.003553799999281182,2024-12-17 09:15:00,2025-06-26 09:15:00,191 days 00:00:00,100000.0,100000.0,0.0,10.573017,100.0,0.0,0.0,,0,0,0,0.0,,,,,,,,,,,,,
INOXGREEN,Success,0.002378899999712303,0.00015900000016699778,0.0004101999993508798,2.7600000066740904e-05,0.004396299999825715,2022-11-23 09:15:00,2025-06-26 09:15:00,946 days 00:00:00,100000.0,154424.464034,54.424464,154.280888,100.0,467.292375,22.685764,71 days 00:00:00,4,3,1,-5577.591196,66.666667,41.443097,-10.804187,34.524937,-10.804187,105 days 12:00:00,13 days 00:00:00,4.042057,20000.685076,0.819004,0.817018,1.309697,0.813464
INOXINDIA,Success,0.0023919999994177488,0.00015619999976479448,0.00045339999996940605,3.099999958067201e-05,0.0043994000006932765,2023-12-21 09:15:00,2025-06-26 09:15:00,553 days 00:00:00,100000.0,91312.511382,-8.687489,30.538857,100.0,91.239122,9.110695,331 days 00:00:00,1,1,0,0.0,0.0,-8.519035,-8.519035,0.0,-8.519035,0 days 00:00:00,17 days 00:00:00,0.0,-8687.488618,-0.876358,-0.648607,0.495105,-0.271836
INOXWIND,Success,0.00457280000046012,0.00018980000004376052,0.0004398000000946922,3.079999987676274e-05,0.006871499999760999,2015-04-09 09:15:00,2025-06-26 09:15:00,3731 days 00:00:00,100000.0,89451.249548,-10.54875,58.658763,100.0,447.312883,51.535073,1301 days 00:00:00,4,4,0,0.0,25.0,39.924761,-15.943866,39.924761,-13.613624,8 days 00:00:00,89 days 08:00:00,0.789834,-2637.187613,0.018194,-0.021426,1.011735,0.009248
INSECTICID,Success,0.008082199999989825,0.00021250000008876668,0.00048349999997299165,3.580000065994682e-05,0.010703199999625213,2009-05-11 09:15:00,2025-06-26 09:15:00,5890 days 00:00:00,100000.0,100374.569954,0.37457,5295.797448,100.0,1805.180963,35.796869,2778 days 00:00:00,15,15,0,0.0,26.666667,41.924994,-10.203869,25.813509,-7.601055,41 days 18:00:00,18 days 10:54:32,1.00346,24.97133,0.05266,0.000659,1.037653,0.025059
INSPIRISYS,Success,0.00830989999940357,0.0002444000001560198,0.0005581000004895031,4.150000040681334e-05,0.010994399999617599,2006-10-30 09:15:00,2025-06-26 09:15:00,6814 days 00:00:00,100000.0,126390.392189,26.390392,42.978723,100.0,1368.239779,37.054127,1450 days 00:00:00,9,9,0,0.0,33.333333,46.729267,-14.610291,39.054361,-11.455744,28 days 00:00:00,20 days 20:00:00,1.227991,2932.265799,0.183062,0.037561,1.185064,0.075872
INTELLECT,Success,0.007179000000178348,0.00020979999953851802,0.00047089999952731887,3.580000065994682e-05,0.009494400000221503,2014-12-18 09:15:00,2025-06-26 09:15:00,3843 days 00:00:00,100000.0,124438.916288,24.438916,1545.658434,100.0,863.148127,33.532244,2571 days 00:00:00,6,6,0,0.0,33.333333,45.933346,-11.253667,37.401051,-9.547469,77 days 00:00:00,37 days 12:00:00,1.413065,4073.152715,0.232802,0.063749,1.150135,0.102932
INTENTECH,Success,0.004465899999559042,0.0003026000003956142,0.000462599999991653,4.600000011123484e-05,0.0070045000002210145,2017-03-23 09:15:00,2025-06-26 09:15:00,3017 days 00:00:00,100000.0,54667.993493,-45.332007,-46.976883,100.0,274.198345,45.332007,3017 days 00:00:00,4,4,0,0.0,0.0,-11.965904,-15.97994,0.0,-13.830769,0 days 00:00:00,17 days 06:00:00,0.0,-11333.001627,-0.91672,-0.15805,0.379223,-0.238101
INTERARCH,Success,0.0020811000003959634,0.0001416000004610396,0.0003812000004472793,2.570000015111873e-05,0.003940600000532868,2024-08-26 09:15:00,2025-06-26 09:15:00,304 days 00:00:00,100000.0,87983.540801,-12.016459,77.594714,100.0,87.028188,14.616706,161 days 00:00:00,1,1,0,0.0,0.0,-11.967146,-11.967146,0.0,-11.967146,0 days 00:00:00,12 days 00:00:00,0.0,-12016.459199,-1.506335,-0.97858,0.320485,-0.606538
INTLCONV,Success,0.0026695999995354214,0.0001654999996389961,0.0004436999997778912,2.7400000362831634e-05,0.004655799999454757,2021-09-16 09:15:00,2025-06-26 09:15:00,1379 days 00:00:00,100000.0,82540.06333,-17.459937,27.713311,100.0,82.593896,30.847463,1182 days 00:00:00,1,1,0,0.0,0.0,-17.299724,-17.299724,0.0,-17.299724,0 days 00:00:00,113 days 00:00:00,0.0,-17459.93667,-0.267658,-0.162883,0.85965,-0.143319
INVENTURE,Success,0.008201200000257813,0.0002506000000721542,0.0004529000007096329,3.6299999919719994e-05,0.010737699999481265,2011-08-04 09:15:00,2025-06-26 09:15:00,5075 days 00:00:00,100000.0,56803.27424,-43.196726,-67.231206,100.0,353.222574,58.968363,4790 days 00:00:00,6,6,0,0.0,16.666667,29.847856,-22.778864,29.847856,-14.890129,69 days 00:00:00,85 days 09:36:00,0.230913,-7199.454293,-0.196183,-0.069002,0.890053,-0.08472
IOB,Success,0.0091842000001634,0.00030030000016267877,0.0005000000001018634,4.089999947609613e-05,0.012091700000382843,2000-12-13 09:15:00,2025-06-26 09:15:00,8961 days 00:00:00,100000.0,148228.437537,48.228438,282.020202,100.0,2144.090951,45.191327,6678 days 00:00:00,15,15,0,0.0,40.0,41.138448,-20.570872,30.119404,-11.893194,84 days 08:00:00,60 days 05:20:00,1.287642,3215.229169,0.18497,0.036539,1.101514,0.107774
IOC,Success,0.01006859999961307,0.0002609999992273515,0.000506600000335311,4.1199999941454735e-05,0.012943300000188174,1995-10-19 09:15:00,2025-06-26 09:15:00,10843 days 00:00:00,100000.0,68610.007589,-31.389992,674.422664,100.0,1791.845297,49.933744,7735 days 00:00:00,20,20,0,0.0,25.0,31.104707,-14.529544,21.272909,-8.217796,42 days 04:48:00,46 days 12:48:00,0.740842,-1569.499621,-0.072308,-0.026859,0.958839,-0.02839
IOLCP,Success,0.007363900000200374,0.0002134000005753478,0.0004927999998471932,3.780000042752363e-05,0.009772999999768217,2010-11-08 09:15:00,2025-06-26 09:15:00,5344 days 00:00:00,100000.0,151272.631514,51.272632,757.220186,100.0,1349.306841,34.598354,1640 days 00:00:00,9,9,0,0.0,33.333333,45.215134,-11.456052,38.824093,-8.74422,163 days 08:00:00,13 days 04:00:00,1.609508,5696.959057,0.262789,0.087764,1.143851,0.169126
IONEXCHANG,Success,0.0027609999997366685,0.00015759999951114878,0.000439199999163975,2.769999991869554e-05,0.004782599999998638,2022-02-22 09:15:00,2025-06-26 09:15:00,1220 days 00:00:00,100000.0,153959.232754,53.959233,183.838357,100.0,453.428473,14.301442,42 days 00:00:00,3,3,0,0.0,66.666667,31.265489,-9.214205,30.68174,-9.214205,55 days 12:00:00,29 days 00:00:00,4.382794,17986.410918,0.907708,0.980076,1.577095,0.730127
IPCALAB,Success,0.009989700000005541,0.0002583999994385522,0.0004883999999947264,4.1000000237545464e-05,0.012700100000074599,1999-01-01 09:15:00,2025-06-26 09:15:00,9673 days 00:00:00,100000.0,63143.345388,-36.856655,27061.616162,100.0,1169.071643,65.393921,9330 days 00:00:00,19,19,0,0.0,26.315789,37.583138,-19.708653,25.28276,-10.346899,78 days 09:36:00,71 days 20:34:17,0.640105,-1939.823927,-0.061869,-0.026848,0.971432,-0.035463
IPL,Success,0.002848400000402762,0.00015940000048431102,0.00046160000056261197,0.00028620000011869706,0.005465100000037637,2021-07-05 09:15:00,2025-06-26 09:15:00,1452 days 00:00:00,100000.0,90418.056317,-9.581944,-35.558792,100.0,90.297135,9.581944,1452 days 00:00:00,1,1,0,0.0,0.0,-9.421249,-9.421249,0.0,-9.421249,0 days 00:00:00,5 days 00:00:00,0.0,-9581.943683,-0.694437,-0.264707,0.0,-0.062745
IRB,Success,0.008202999999411986,0.00022029999945516465,0.00047110000014072284,3.680000008898787e-05,0.010597000000416301,2008-02-25 09:15:00,2025-06-26 09:15:00,6331 days 00:00:00,100000.0,199515.976555,99.515977,164.909057,100.0,772.847986,25.852329,455 days 00:00:00,7,6,1,8115.738795,50.0,38.281411,-9.140749,35.69374,-8.110336,71 days 08:00:00,17 days 08:00:00,4.127813,15233.37296,0.41699,0.160555,1.424614,0.140575
IRCON,Success,0.004252900000210502,0.00017130000014731195,0.0005481999996845843,3.370000013092067e-05,0.006638599999860162,2018-09-28 09:15:00,2025-06-26 09:15:00,2463 days 00:00:00,100000.0,260294.5199,160.29452,388.779208,100.0,804.538682,17.999693,98 days 00:00:00,5,5,0,0.0,80.0,44.121009,-6.683526,30.161531,-6.683526,59 days 00:00:00,12 days 00:00:00,24.332689,32058.90398,1.154793,0.862765,1.863101,0.816101
IRCTC,Success,0.0035850000003847526,0.00017630000002100132,0.00048349999997299165,3.569999989849748e-05,0.0058354000002509565,2019-10-14 09:15:00,2025-06-26 09:15:00,2082 days 00:00:00,100000.0,100362.272535,0.362273,431.123325,100.0,264.347673,26.935487,1259 days 00:00:00,4,3,1,3232.256702,33.333333,19.716009,-13.217925,19.716009,-9.594942,63 days 00:00:00,120 days 12:00:00,0.846198,-956.661389,0.067445,0.002388,1.032296,0.033604
IREDA,Success,0.002273300000524614,0.0001581999995323713,0.00046490000022458844,3.239999932702631e-05,0.004289900000003399,2023-11-29 09:15:00,2025-06-26 09:15:00,575 days 00:00:00,100000.0,86945.432739,-13.054567,184.883333,100.0,86.995047,13.054567,575 days 00:00:00,1,1,0,0.0,0.0,-12.885394,-12.885394,0.0,-12.885394,0 days 00:00:00,2 days 00:00:00,0.0,-13054.567261,-1.36631,-0.658803,0.0,-0.58464
IRFC,Success,0.0029487000001608976,0.0001700000002529123,0.00046629999997094274,2.5599999389669392e-05,0.005179799999496026,2021-01-29 09:15:00,2025-06-26 09:15:00,1609 days 00:00:00,100000.0,144240.938314,44.240938,463.991958,100.0,402.16904,12.144624,318 days 00:00:00,4,3,1,7583.38415,66.666667,39.58795,-11.358889,25.355544,-11.358889,58 days 00:00:00,40 days 00:00:00,3.059276,12219.184721,0.81274,0.725637,1.65234,0.628886
IRIS,Success,0.0027198999996471684,0.00016629999936412787,0.00041880000026139896,2.5499999537714757e-05,0.004970899999534595,2021-11-08 09:15:00,2025-06-26 09:15:00,1326 days 00:00:00,100000.0,113652.822313,13.652822,75.103088,100.0,113.541616,0.199252,1087 days 00:00:00,1,1,0,0.0,100.0,13.911171,13.911171,13.911171,0.0,3 days 08:45:00,0 days 00:00:00,inf,13652.822313,0.889146,18.248429,66.70836,
IRISDOREME,Success,0.0037041999994471553,0.0001770999997461331,0.0004585999995470047,3.1399999897985253e-05,0.005805099999633967,2018-11-16 09:15:00,2025-06-26 09:15:00,2414 days 00:00:00,100000.0,81118.352144,-18.881648,1639.963068,100.0,169.747636,21.112515,1291 days 00:00:00,2,2,0,0.0,0.0,-8.134323,-11.346894,0.0,-9.740608,0 days 00:00:00,42 days 00:00:00,0.0,-9440.823928,-0.549107,-0.201992,0.650773,-0.19176
IRMENERGY,Success,0.0023293999993256875,0.00015979999989212956,0.0004927999998471932,3.130000004603062e-05,0.004542300000139221,2023-10-26 09:15:00,2025-06-26 09:15:00,609 days 00:00:00,100000.0,88534.818228,-11.465182,-36.436647,100.0,88.125047,11.465182,609 days 00:00:00,1,1,0,0.0,0.0,-11.34542,-11.34542,0.0,-11.34542,0 days 00:00:00,2 days 00:00:00,0.0,-11465.181772,-1.304779,-0.621683,0.0,-0.407034
ISFT,Success,0.007448700000168174,0.00020709999989776406,0.0004600000002028537,3.569999989849748e-05,0.00980639999943378,2010-04-12 09:15:00,2025-06-26 09:15:00,5554 days 00:00:00,100000.0,149544.31645,49.544316,-29.484605,100.0,933.700063,35.447684,655 days 00:00:00,6,6,0,0.0,50.0,42.996267,-18.640854,35.229017,-14.936211,70 days 16:00:00,90 days 02:55:00,1.651873,8257.386075,0.254415,0.077835,1.152865,0.148169
ISGEC,Success,0.0028972000000067055,0.00016249999953288352,0.00044969999999011634,2.969999968627235e-05,0.005120499999975436,2021-05-05 09:15:00,2025-06-26 09:15:00,1513 days 00:00:00,100000.0,87974.308759,-12.025691,107.644643,100.0,87.620749,21.165229,1380 days 00:00:00,1,1,0,0.0,0.0,-11.902963,-11.902963,0.0,-11.902963,0 days 00:00:00,91 days 00:00:00,0.0,-12025.691241,-0.323531,-0.14581,0.771131,-0.115555
ISHANCH,Success,0.0016857999999047024,0.00013860000035492703,0.00038250000034167897,2.3399999918183312e-05,0.003121400000054564,2025-03-24 09:15:00,2025-06-26 09:15:00,94 days 00:00:00,100000.0,100000.0,0.0,35.384981,100.0,0.0,0.0,,0,0,0,0.0,,,,,,,,,,,,,
ITC,Success,0.010639699999956065,0.00028049999946233584,0.0004983999997421051,4.11000000895001e-05,0.013677799999641138,1994-11-03 09:15:00,2025-06-26 09:15:00,11193 days 00:00:00,100000.0,182598.899149,82.598899,4875.003772,100.0,3941.592756,31.83073,2388 days 00:00:00,26,26,0,0.0,42.307692,26.396609,-14.270949,17.170146,-6.906627,103 days 02:10:54,40 days 20:48:00,1.51067,3176.880736,0.238093,0.063683,1.109618,0.137019
ITCHOTELS,Success,0.002001400000153808,0.00014379999993252568,0.00042830000074900454,2.9099999665049836e-05,0.004090800000085437,2025-01-29 09:15:00,2025-06-26 09:15:00,148 days 00:00:00,100000.0,112581.640455,12.58164,30.17748,100.0,0.0,4.233497,15 days 00:00:00,1,0,1,12581.640455,,,,,,,,,,1.999885,8.126758,1.920846,2.475282
ITDC,Success,0.004128999999920779,0.00020659999972849619,0.00046719999954802915,3.219999962311704e-05,0.00642489999972895,2016-12-30 09:15:00,2025-06-26 09:15:00,3100 days 00:00:00,100000.0,58646.379577,-41.35362,181.088678,100.0,285.792313,49.901678,2941 days 00:00:00,4,4,0,0.0,0.0,-8.236963,-14.633716,0.0,-12.314969,0 days 00:00:00,175 days 06:00:00,0.0,-10338.405106,-0.222214,-0.124133,0.912659,-0.213137
ITDCEM,Success,0.008222099999329657,0.00022050000006856862,0.0005347999995137798,4.069999977218686e-05,0.010824799999682,2005-08-16 09:15:00,2025-06-26 09:15:00,7254 days 00:00:00,100000.0,217017.521968,117.017522,2665.476716,100.0,2657.439867,25.257952,1250 days 00:00:00,14,14,0,0.0,42.857143,40.70102,-13.19234,29.924938,-8.984522,74 days 12:00:00,27 days 06:00:00,1.781256,8358.394426,0.345098,0.164719,1.228225,0.184337
ITI,Success,0.009582599999703234,0.00024080000002868474,0.00048320000041712774,4.0100000660459045e-05,0.012195400000564405,1999-01-01 09:15:00,2025-06-26 09:15:00,9673 days 00:00:00,100000.0,32225.352381,-67.774648,2814.090909,100.0,579.973881,71.360208,9555 days 00:00:00,11,11,0,0.0,9.090909,16.431338,-20.105154,16.431338,-11.779915,26 days 00:00:00,38 days 14:24:00,0.107549,-6161.331602,-0.329916,-0.060991,0.723968,-0.102588
IVC,Success,0.009497199999714212,0.00025800000003073364,0.0005252999999356689,3.949999972974183e-05,0.012192500000310247,1999-09-15 09:15:00,2025-06-26 09:15:00,9416 days 00:00:00,100000.0,82675.393969,-17.324606,1120.381648,100.0,1082.833661,50.149158,3619 days 00:00:00,13,13,0,0.0,30.769231,43.019006,-23.567069,36.606936,-14.339064,57 days 18:00:00,32 days 16:00:00,0.852804,-1332.662002,0.005918,-0.015333,1.004402,0.002258
IVP,Success,0.008822399999189656,0.00022950000038690632,0.00047759999961272115,4.11000000895001e-05,0.011503600000651204,1999-01-04 09:15:00,2025-06-26 09:15:00,9670 days 00:00:00,100000.0,207385.799901,107.3858,265.130246,100.0,1669.803526,46.020877,6174 days 00:00:00,12,12,0,0.0,41.666667,56.510454,-16.555945,42.119073,-13.11321,89 days 09:36:00,29 days 13:42:51,1.807935,8948.816658,0.269853,0.075694,1.179934,0.17118
IWEL,Success,0.002961700000014389,0.00017500000012660166,0.0005086000001028879,3.780000042752363e-05,0.005342899999959627,2021-06-11 09:15:00,2025-06-19 09:15:00,1469 days 00:00:00,100000.0,118677.405229,18.677405,5071.062547,100.0,440.733506,32.075872,692 days 00:00:00,4,4,0,0.0,50.0,25.801156,-13.333473,24.969644,-12.369727,35 days 00:00:00,49 days 00:00:00,1.651839,4669.351307,0.37121,0.137617,1.189458,0.238383
IXIGO,Success,0.00189200000022538,0.00014079999982641311,0.0005013999998482177,3.3799999982875306e-05,0.003473400000075344,2024-06-18 09:15:00,2025-06-26 09:15:00,373 days 00:00:00,100000.0,100000.0,0.0,7.82042,100.0,0.0,0.0,,0,0,0,0.0,,,,,,,,,,,,,
IZMO,Success,0.008044600000175706,0.00021549999928538455,0.00048470000001543667,3.819999983534217e-05,0.010474699999576842,2007-02-05 09:15:00,2025-06-26 09:15:00,6716 days 00:00:00,100000.0,390916.934878,290.916935,49.690207,100.0,3501.683783,40.053392,882 days 00:00:00,12,12,0,0.0,58.333333,57.718177,-19.753803,37.437301,-14.878661,62 days 05:36:25,72 days 00:00:00,2.191193,24243.077906,0.497022,0.200623,1.263396,0.365377
J&KBANK,Success,0.008299000000079104,0.00021939999987807823,0.0004603000006682123,3.950000063923653e-05,0.011050300000533753,2006-11-02 09:15:00,2025-06-26 09:15:00,6811 days 00:00:00,100000.0,217769.23226,117.769232,136.29419,100.0,2769.35693,37.406183,2222 days 00:00:00,14,14,0,0.0,42.857143,34.267558,-11.41422,29.225416,-8.672982,106 days 16:00:00,37 days 21:00:00,1.781213,8412.088019,0.363072,0.116238,1.19904,0.188906
JAGRAN,Success,0.008756199999879755,0.00035620000016933773,0.00048040000001492444,3.909999941242859e-05,0.011674200000015844,2006-02-22 09:15:00,2025-06-26 09:15:00,7064 days 00:00:00,100000.0,366620.407617,266.620408,59.291895,100.0,3106.425273,20.675493,2178 days 00:00:00,10,10,0,0.0,60.0,60.068257,-10.635505,32.31396,-7.848211,104 days 04:00:00,47 days 12:00:00,3.258268,26662.040762,0.578971,0.342949,1.372788,0.358343
JAGSNPHARM,Success,0.009747999999490276,0.0002720000002227607,0.00048299999980372377,4.0099999750964344e-05,0.01262129999940953,1999-01-04 09:15:00,2025-06-26 09:15:00,9670 days 00:00:00,100000.0,230130.061802,130.130062,5119.759074,100.0,2111.111192,64.442648,4261 days 00:00:00,16,16,0,0.0,43.75,47.585716,-17.724665,34.933905,-12.52363,61 days 03:25:42,65 days 21:20:00,1.899084,8133.128863,0.26888,0.053434,1.165027,0.167587
JAIBALAJI,Success,0.007782200000292505,0.000225499999942258,0.0004643000002033659,3.66000003850786e-05,0.010273599999891303,2007-08-31 09:15:00,2025-06-26 09:15:00,6509 days 00:00:00,100000.0,62946.760796,-37.053239,268.189483,100.0,532.408817,38.133662,3975 days 00:00:00,7,7,0,0.0,14.285714,40.799019,-14.197149,40.799019,-12.343603,28 days 00:00:00,22 days 00:00:00,0.413785,-5293.319886,-0.300029,-0.068591,0.744035,-0.077978
JAICORPLTD,Success,0.00902349999978469,0.0002585000002000015,0.0006438000000343891,4.549999994196696e-05,0.011916200000086974,1999-01-01 09:15:00,2025-06-26 09:15:00,9673 days 00:00:00,100000.0,32608.252136,-67.391748,8623.846154,100.0,709.010878,69.993686,9339 days 00:00:00,14,14,0,0.0,14.285714,29.382555,-18.783626,28.935408,-12.438475,17 days 00:00:00,17 days 20:00:00,0.262682,-4813.696276,-0.426478,-0.064674,0.657703,-0.117923
JAIPURKURT,Success,0.0028642000006584567,0.00015380000058939913,0.00045700000009674113,2.6300000172341242e-05,0.004839400000491878,2021-09-02 09:15:00,2025-06-26 09:15:00,1393 days 00:00:00,100000.0,90581.064496,-9.418936,-30.903069,100.0,90.644892,10.437731,876 days 00:00:00,1,1,0,0.0,0.0,-9.240124,-9.240124,0.0,-9.240124,0 days 00:00:00,27 days 00:00:00,0.0,-9418.935504,-0.483284,-0.248913,0.5627,-0.117056
JAMNAAUTO,Success,0.00923140000031708,0.0002230000000054133,0.0004885999996986357,4.129999979340937e-05,0.011789899999712361,2010-12-10 09:15:00,2025-06-26 09:15:00,5312 days 00:00:00,100000.0,337362.229248,237.362229,571.117458,100.0,3058.773713,30.340695,330 days 00:00:00,13,13,0,0.0,53.846154,39.867462,-13.050819,31.206056,-10.282904,63 days 17:08:34,93 days 08:00:00,2.529768,18258.633019,0.543528,0.300314,1.243428,0.467802
JASH,Success,0.003208699999959208,0.00017320000006293412,0.0004636000003301888,3.1399999897985253e-05,0.0054480999997394974,2019-10-30 09:15:00,2025-06-26 09:15:00,2066 days 00:00:00,100000.0,242633.278173,142.633278,2401.519757,100.0,1020.801035,22.186103,79 days 00:00:00,5,5,0,0.0,80.0,31.44345,-12.055558,29.227611,-12.055558,141 days 00:00:00,19 days 00:00:00,5.22771,28526.655635,0.856561,0.776084,1.362849,0.904686
JAYAGROGN,Success,0.009714499999972759,0.0002446999997118837,0.0004933000000164611,4.600000011123484e-05,0.012757399999827612,1999-01-04 09:15:00,2025-06-26 09:15:00,9670 days 00:00:00,100000.0,708879.252998,608.879253,3164.126984,100.0,6449.424797,33.613207,2328 days 00:00:00,19,18,1,34356.509616,50.0,54.429134,-14.620584,40.004981,-11.069453,69 days 02:40:00,68 days 10:39:59,2.56711,31917.930188,0.504347,0.242959,1.285902,0.392221
JAYBARMARU,Success,0.009412099999281054,0.00023590000000695,0.00046440000005532056,3.96999994336511e-05,0.0119620000004943,1999-01-04 09:15:00,2025-06-26 09:15:00,9670 days 00:00:00,100000.0,196009.170885,96.009171,6541.525367,100.0,2518.635776,49.60134,6999 days 00:00:00,14,14,0,0.0,35.714286,54.183197,-17.0012,44.240032,-11.702103,101 days 14:23:59,36 days 18:40:00,1.479812,6857.79792,0.243564,0.056621,1.159162,0.124956
JAYNECOIND,Success,0.008160000000316359,0.00021840000044903718,0.0004777000003741705,4.3599999116850086e-05,0.010503599999537983,2008-02-22 09:15:00,2025-06-26 09:15:00,6334 days 00:00:00,100000.0,91265.767772,-8.734232,-19.271258,100.0,486.438637,37.930827,6334 days 00:00:00,6,6,0,0.0,33.333333,37.28681,-20.398441,34.810661,-15.506206,46 days 00:00:00,64 days 18:00:00,0.844028,-1455.705371,0.007961,-0.014305,1.005741,0.003038
JAYSREETEA,Success,0.0100748000004387,0.00026310000066587236,0.00048100000003614696,5.089999922347488e-05,0.01269270000011602,1999-01-01 09:15:00,2025-06-26 09:15:00,9673 days 00:00:00,100000.0,40378.919942,-59.62108,143.626374,100.0,1380.521737,66.871069,6985 days 00:00:00,20,20,0,0.0,20.0,46.169572,-16.886959,31.38354,-11.436335,81 days 18:00:00,38 days 01:30:00,0.563128,-2981.054003,-0.149093,-0.051647,0.920009,-0.080396
JBCHEPHARM,Success,0.009835800000473682,0.0002469000000928645,0.000581899999815505,4.73000000056345e-05,0.012824999999793363,1999-01-01 09:15:00,2025-06-26 09:15:00,9673 days 00:00:00,100000.0,284970.401489,184.970401,15264.313897,100.0,4697.413438,42.26975,3537 days 00:00:00,22,22,0,0.0,40.909091,84.866675,-17.997618,31.989378,-9.637998,77 days 21:20:00,55 days 05:32:18,1.674294,8407.745522,0.327284,0.097688,1.163619,0.222877
JBMA,Success,0.008403600000747247,0.0002181999998356332,0.00045869999939895933,3.5600000046542846e-05,0.010878800000682531,2004-12-17 09:15:00,2025-06-26 09:15:00,7496 days 00:00:00,100000.0,375423.134611,275.423135,21421.217027,100.0,3677.073521,32.209647,668 days 00:00:00,16,16,0,0.0,50.0,43.519691,-15.896876,33.137627,-10.907342,61 days 21:00:00,23 days 21:00:00,2.339313,17213.945913,0.543216,0.221947,1.388018,0.35852
JCHAC,Success,0.008622800000011921,0.00031239999952958897,0.000629799999842362,4.189999981463188e-05,0.01130620000003546,2006-11-02 09:15:00,2025-06-26 09:15:00,6811 days 00:00:00,100000.0,92719.56945,-7.280431,2074.496724,100.0,972.607971,42.140609,1576 days 00:00:00,12,12,0,0.0,33.333333,37.00462,-27.583778,25.970169,-11.142278,59 days 06:00:00,134 days 21:00:00,0.909063,-606.702546,0.056011,-0.009792,1.024433,0.042075
JETFREIGHT,Success,0.003673900000649155,0.00016529999993508682,0.000550699999621429,3.589999960240675e-05,0.0059496000003491645,2016-12-06 09:15:00,2025-06-26 09:15:00,3124 days 00:00:00,100000.0,149364.426556,49.364427,96.589728,100.0,453.300781,12.525224,1280 days 00:00:00,3,3,0,0.0,66.666667,33.016939,-12.350161,30.951981,-12.350161,20 days 12:00:00,1 days 00:00:00,3.308151,16454.808852,0.843223,0.602832,2.58202,0.192255
JGCHEM,Success,0.0021577000006800517,0.00014350000037666177,0.0004181000003882218,2.969999968627235e-05,0.004102400000192574,2024-03-13 09:15:00,2025-06-26 09:15:00,470 days 00:00:00,100000.0,112006.791284,12.006791,116.477273,100.0,238.73623,16.597743,252 days 00:00:00,2,2,0,0.0,50.0,26.985655,-11.421708,26.985655,-11.421708,57 days 00:00:00,16 days 00:00:00,1.81748,6003.395642,0.518418,0.564584,1.22948,0.37845
JHS,Success,0.007949499999995169,0.00021149999975023093,0.00045339999996940605,3.640000068116933e-05,0.010353900000154681,2006-10-23 09:15:00,2025-06-26 09:15:00,6821 days 00:00:00,100000.0,65030.295033,-34.969705,-73.960784,100.0,2227.32198,71.405796,2880 days 00:00:00,16,16,0,0.0,25.0,55.980288,-19.995462,37.55953,-12.846499,65 days 12:00:00,42 days 02:00:00,0.84535,-2185.60656,-0.046149,-0.034812,0.976811,-0.028147
JINDALPHOT,Success,0.009743300000081945,0.00022089999947638717,0.0004945000000589062,4.5900000259280205e-05,0.012431399999513815,2005-04-07 09:15:00,2025-06-26 09:15:00,7385 days 00:00:00,100000.0,112390.081542,12.390082,496.663033,100.0,1493.464504,33.601547,2619 days 00:00:00,14,14,0,0.0,28.571429,44.584918,-17.257634,39.286192,-11.057767,55 days 18:00:00,23 days 19:12:00,1.098289,885.005824,0.108269,0.017586,1.083553,0.051332
JINDALPOLY,Success,0.009271799999623909,0.00026809999963006703,0.00045609999961016,3.789999936998356e-05,0.011896899999555899,1999-01-01 09:15:00,2025-06-26 09:15:00,9673 days 00:00:00,100000.0,101261.373369,1.261373,4173.352257,100.0,1128.218383,41.033593,6523 days 00:00:00,14,14,0,0.0,28.571429,40.700713,-15.030166,30.270284,-9.559287,71 days 00:00:00,31 days 04:48:00,1.014963,90.098098,0.056418,0.00126,1.044288,0.022974
JINDALSAW,Success,0.008647699999528413,0.00022389999958249973,0.0004737999997814768,4.020000051241368e-05,0.011667000000670669,2005-02-18 09:15:00,2025-06-26 09:15:00,7433 days 00:00:00,100000.0,335279.114269,235.279114,820.439536,100.0,3685.086647,48.421817,2677 days 00:00:00,17,17,0,0.0,47.058824,42.275218,-20.905336,32.643556,-10.515918,58 days 09:00:00,57 days 05:20:00,2.05562,13839.947898,0.463063,0.129015,1.243924,0.308921
JINDALSTEL,Success,0.009693200000583602,0.0002702000001590932,0.0005246000000624917,5.020000025979243e-05,0.012462800000321295,1999-09-22 09:15:00,2025-06-26 09:15:00,9409 days 00:00:00,100000.0,224662.282934,124.662283,36473.79955,100.0,1655.271974,45.824456,5966 days 00:00:00,11,11,0,0.0,54.545455,38.529093,-19.180721,28.444473,-12.352237,47 days 12:00:00,24 days 09:35:59,2.319139,11332.934812,0.365109,0.070862,1.361881,0.115289
JINDRILL,Success,0.008503900000505382,0.00021660000038536964,0.000506600000335311,3.710000055434648e-05,0.011199600000509236,2006-12-22 09:15:00,2025-06-26 09:15:00,6761 days 00:00:00,100000.0,57574.631053,-42.425369,120.920853,100.0,405.621794,60.107039,6358 days 00:00:00,7,7,0,0.0,14.285714,41.932116,-19.985276,41.932116,-13.714236,161 days 00:00:00,31 days 16:00:00,0.28505,-6060.766992,-0.231994,-0.049864,0.822447,-0.092768
JINDWORLD,Success,0.007317900000089139,0.00023090000013326062,0.0006068000002414919,4.0800000533636194e-05,0.00994399999945017,2010-11-25 09:15:00,2025-06-26 09:15:00,5327 days 00:00:00,100000.0,163999.539037,63.999539,921.483658,100.0,1916.519684,50.032765,1165 days 00:00:00,11,11,0,0.0,45.454545,55.324412,-18.856185,35.667298,-15.227739,110 days 00:00:00,79 days 08:00:00,1.3717,5818.139912,0.261362,0.070865,1.110469,0.230083
JIOFIN,Success,0.002292699999998149,0.0001494999996793922,0.00041620000047259964,2.769999991869554e-05,0.004379599999992934,2023-08-21 09:15:00,2025-06-26 09:15:00,675 days 00:00:00,100000.0,92839.402147,-7.160598,25.552436,100.0,92.616191,11.994166,399 days 00:00:00,1,1,0,0.0,0.0,-6.997465,-6.997465,0.0,-6.997465,0 days 00:00:00,22 days 00:00:00,0.0,-7160.597853,-0.437997,-0.332543,0.643558,-0.093704
JISLDVREQS,Success,0.007341499999711232,0.00020339999991847435,0.00046490000022458844,3.670000023703324e-05,0.00992000000042026,2011-11-30 09:15:00,2025-06-26 09:15:00,4957 days 00:00:00,100000.0,45886.435432,-54.113565,-65.97593,100.0,401.278883,54.113565,4957 days 00:00:00,6,6,0,0.0,0.0,-8.927427,-14.279174,0.0,-11.988788,0 days 00:00:00,22 days 00:00:00,0.0,-9018.927428,-0.803124,-0.104995,0.464118,-0.24322
JISLJALEQS,Success,0.009309500000199478,0.00024119999943650328,0.000585799999498704,4.4999999772699084e-05,0.012099499999749241,2002-01-18 09:15:00,2025-06-26 09:15:00,8560 days 00:00:00,100000.0,40374.223551,-59.625776,2210.8,100.0,1575.819283,78.04246,6380 days 00:00:00,17,17,0,0.0,17.647059,31.122258,-14.444948,27.372579,-10.751438,74 days 16:00:00,43 days 05:08:34,0.587516,-3507.398615,-0.201989,-0.049807,0.894554,-0.094512
JITFINFRA,Success,0.004343399999925168,0.0001705999993646401,0.0004591999995682272,3.280000055383425e-05,0.00675760000012815,2017-02-27 09:15:00,2025-06-26 09:15:00,3041 days 00:00:00,100000.0,86286.523811,-13.713476,658.071066,100.0,1042.226184,54.565512,1717 days 00:00:00,8,8,0,0.0,25.0,40.62412,-15.211755,38.109948,-12.135859,21 days 12:00:00,25 days 00:00:00,0.867666,-1714.184524,-0.094017,-0.032786,0.946018,-0.045468
JKCEMENT,Success,0.008383000000321772,0.00021829999968758784,0.00044720000005327165,3.790000027947826e-05,0.011143799999445037,2006-03-14 09:15:00,2025-06-26 09:15:00,7044 days 00:00:00,100000.0,127804.192506,27.804193,3799.03537,100.0,1732.533523,33.415922,4964 days 00:00:00,15,15,0,0.0,33.333333,30.168963,-11.517354,23.176814,-7.299233,45 days 00:00:00,35 days 04:48:00,1.31786,1853.612834,0.186327,0.03908,1.120832,0.088549
JKIL,Success,0.008025699999961944,0.0002386999994996586,0.0005252000000837143,4.579999949783087e-05,0.010613999999804946,2008-02-12 09:15:00,2025-06-26 09:15:00,6344 days 00:00:00,100000.0,111515.331172,11.515331,1306.86986,100.0,791.647997,39.016713,3887 days 00:00:00,9,9,0,0.0,33.333333,33.866703,-13.923372,30.09389,-10.41712,70 days 16:00:00,62 days 20:00:00,1.199533,1279.481241,0.113417,0.016481,1.069601,0.060267
JKLAKSHMI,Success,0.0083703999998761,0.0002227000004495494,0.0005277999998725136,5.899999996472616e-05,0.01091309999992518,2006-06-19 09:15:00,2025-06-26 09:15:00,6947 days 00:00:00,100000.0,46159.925439,-53.840075,1594.896464,100.0,580.685746,55.514773,6807 days 00:00:00,9,9,0,0.0,0.0,-5.774495,-11.162359,0.0,-8.062406,0 days 00:00:00,29 days 00:00:00,0.0,-5982.230507,-0.709209,-0.073106,0.530495,-0.183678
JKPAPER,Success,0.008743200000026263,0.00022809999973105732,0.0004745999995066086,4.86999997519888e-05,0.011852300000100513,2005-06-16 09:15:00,2025-06-26 09:15:00,7315 days 00:00:00,100000.0,263349.517867,163.349518,601.382519,100.0,3431.139705,43.683245,1546 days 00:00:00,16,16,0,0.0,43.75,40.13029,-14.725691,32.422542,-10.072501,104 days 03:25:42,74 days 13:20:00,1.765993,10209.344867,0.377154,0.115724,1.165631,0.285943
JKTYRE,Success,0.008197399999517074,0.00021889999970881036,0.0004951000000801287,4.0500000068277586e-05,0.010908599999311264,2007-03-19 09:15:00,2025-06-26 09:15:00,6674 days 00:00:00,100000.0,97871.901477,-2.128099,1218.249258,100.0,1103.454717,49.483727,6540 days 00:00:00,14,13,1,1678.174135,30.769231,35.524344,-25.013223,29.618572,-10.811581,45 days 06:00:00,32 days 05:19:59,0.957491,-292.790204,0.050147,-0.002433,1.032713,0.027134
JLHL,Success,0.0024191000002247165,0.00014760000067326473,0.00044359999992593657,3.0299999707494862e-05,0.004422599999998056,2023-09-18 09:15:00,2025-06-26 09:15:00,647 days 00:00:00,100000.0,107721.71727,7.721717,33.813618,100.0,225.241898,17.3693,93 days 00:00:00,2,2,0,0.0,50.0,19.694437,-9.638052,19.694437,-9.638052,54 days 00:00:00,53 days 00:00:00,1.666271,3860.858635,0.365407,0.25056,1.188435,0.144153
JMA,Success,0.005013599999983853,0.00019220000012865057,0.00043709999954444356,3.290000040578889e-05,0.007204200000160199,2015-03-16 09:15:00,2025-06-26 09:15:00,3755 days 00:00:00,100000.0,120211.467487,20.211467,109.109087,100.0,590.375413,34.768235,2046 days 00:00:00,6,6,0,0.0,33.333333,49.753614,-15.838223,44.64937,-12.599186,164 days 12:00:00,28 days 06:00:00,1.37891,3368.577915,0.191599,0.053138,1.117289,0.109942
JMFINANCIL,Success,0.008501999999680265,0.00023400000009132782,0.0004417000000103144,3.709999964485178e-05,0.01106069999968895,2006-10-10 09:15:00,2025-06-26 09:15:00,6834 days 00:00:00,100000.0,124748.557097,24.748557,403.258708,100.0,1622.025819,45.999075,3696 days 00:00:00,15,15,0,0.0,40.0,41.939194,-16.88384,27.584411,-12.474242,50 days 00:00:00,27 days 16:00:00,1.191666,1649.903806,0.156114,0.026375,1.103102,0.067686
JNKINDIA,Success,0.002007499999308493,0.00014370000008057104,0.0004175000003669993,2.6699999580159783e-05,0.003995900000518304,2024-04-30 09:15:00,2025-06-26 09:15:00,422 days 00:00:00,100000.0,89534.558191,-10.465442,-49.01015,100.0,89.095501,15.323943,309 days 00:00:00,1,1,0,0.0,0.0,-10.341872,-10.341872,0.0,-10.341872,0 days 00:00:00,50 days 00:00:00,0.0,-10465.441809,-0.825643,-0.599667,0.689977,-0.604728
JOCIL,Success,0.007907000000159314,0.00023490000057790894,0.0004922999996779254,3.670000023703324e-05,0.010224300000118092,2008-10-08 09:15:00,2025-06-26 09:15:00,6105 days 00:00:00,100000.0,97177.559808,-2.82244,643.736798,100.0,681.415039,18.885044,2064 days 00:00:00,7,7,0,0.0,28.571429,26.670525,-10.07457,22.369836,-7.998638,56 days 00:00:00,15 days 19:12:00,0.932372,-403.205742,0.010083,-0.009542,1.009351,0.002826
JPOLYINVST,Success,0.004868699999860837,0.00030449999940174166,0.0004518999994616024,3.4300000152143184e-05,0.0072711999991952325,2013-11-11 09:15:00,2025-06-26 09:15:00,4245 days 00:00:00,100000.0,63377.067854,-36.622932,657.107335,100.0,507.97391,42.833105,3004 days 00:00:00,8,7,1,3569.31066,14.285714,46.332656,-16.119478,46.332656,-13.649256,16 days 00:00:00,64 days 16:00:00,0.409746,-5741.748972,-0.183309,-0.095867,0.904342,-0.102647
JPPOWER,Success,0.0074233000004824135,0.0002088999999614316,0.0005572999998548767,3.6699999327538535e-05,0.009965999999622,2010-01-08 09:15:00,2025-06-26 09:15:00,5648 days 00:00:00,100000.0,59081.781489,-40.918219,-77.883077,100.0,589.926677,52.133062,4550 days 00:00:00,7,7,0,0.0,14.285714,26.326195,-13.678697,26.326195,-11.680796,14 days 00:00:00,41 days 12:00:00,0.362346,-5845.459787,-0.287769,-0.065314,0.810434,-0.121341
JSFB,Success,0.002278400000250258,0.00014039999950909987,0.00038640000002487795,2.4500000108673703e-05,0.0036987000003136927,2024-02-14 09:15:00,2025-06-26 09:15:00,498 days 00:00:00,100000.0,100000.0,0.0,35.71914,100.0,0.0,0.0,,0,0,0,0.0,,,,,,,,,,,,,
JSL,Success,0.008771599999818136,0.0002266000001327484,0.0005422000003818539,5.059999966761097e-05,0.011619599999903585,2003-11-17 09:15:00,2025-06-26 09:15:00,7892 days 00:00:00,100000.0,210325.416535,110.325417,1856.181313,100.0,2355.160061,44.106715,4420 days 00:00:00,19,19,0,0.0,42.105263,44.448665,-15.243797,29.60675,-10.979773,60 days 00:00:00,60 days 17:27:16,1.747368,5806.60087,0.285666,0.08099,1.14025,0.199918
JSWENERGY,Success,0.007788599999912549,0.00020810000023629982,0.0005644000002575922,3.999999989900971e-05,0.010337899999285582,2010-01-04 09:15:00,2025-06-26 09:15:00,5652 days 00:00:00,100000.0,165042.625892,65.042626,412.59296,100.0,1506.415508,41.768632,1548 days 00:00:00,14,14,0,0.0,35.714286,38.265243,-10.799578,32.129194,-9.111737,83 days 19:11:59,43 days 10:39:59,1.740899,4645.901849,0.28851,0.080198,1.142568,0.179286
JSWHL,Success,0.008430900000348629,0.00023979999969014898,0.0005913000004511559,4.6099999963189475e-05,0.011157099999763886,2005-06-21 09:15:00,2025-06-26 09:15:00,7310 days 00:00:00,100000.0,337434.260632,237.434261,7670.257911,100.0,3148.910573,27.436528,1294 days 00:00:00,15,15,0,0.0,53.333333,58.093228,-13.052965,28.719666,-9.787318,111 days 21:00:00,35 days 13:42:51,2.72793,15828.950709,0.458613,0.233141,1.251247,0.336894
JSWINFRA,Success,0.0022524999994857353,0.00014759999976377003,0.0004442999997991137,2.609999955893727e-05,0.004520400000728841,2023-10-03 09:15:00,2025-06-26 09:15:00,632 days 00:00:00,100000.0,121314.125339,21.314125,101.843611,100.0,253.284955,16.408386,272 days 00:00:00,2,2,0,0.0,50.0,32.235808,-7.887166,32.235808,-7.887166,98 days 00:00:00,75 days 00:00:00,3.003868,10657.06267,0.669677,0.72888,1.250626,0.493322
JSWSTEEL,Success,0.009128900000177964,0.00022629999966738978,0.0005059000004621339,4.369999987829942e-05,0.011758900000131689,2005-09-16 09:15:00,2025-06-26 09:15:00,7223 days 00:00:00,100000.0,133369.609401,33.369609,3182.626078,100.0,4404.482682,45.458863,5523 days 00:00:00,26,26,0,0.0,26.923077,51.83507,-14.276703,30.311182,-7.499656,73 days 03:25:42,21 days 01:15:47,1.133328,1283.446515,0.176984,0.032914,1.087702,0.094359
JTEKTINDIA,Success,0.009631199999603268,0.00025379999988217605,0.0006079000004319823,4.360000002634479e-05,0.01232350000009319,1995-01-03 09:15:00,2025-06-26 09:15:00,11132 days 00:00:00,100000.0,50540.61008,-49.45939,2266.0,100.0,969.012805,64.115501,11132 days 00:00:00,17,17,0,0.0,23.529412,31.467088,-16.165785,26.512741,-11.437888,54 days 00:00:00,49 days 12:55:23,0.477367,-2909.375878,-0.124159,-0.040354,0.931056,-0.055297
JTLIND,Success,0.0026862000004257425,0.00015640000037819846,0.0005076000006738468,3.699999979289714e-05,0.004775600000357372,2021-12-23 09:15:00,2025-06-26 09:15:00,1281 days 00:00:00,100000.0,127550.583248,27.550583,29.564091,100.0,127.650382,19.973273,183 days 00:00:00,1,1,0,0.0,100.0,27.813631,27.813631,27.813631,0.0,213 days 00:00:00,0 days 00:00:00,inf,27550.583248,0.606422,0.365199,1.311518,0.45355
JUBLCPL,Success,0.001675700000305369,0.00013500000022759195,0.0004152999999860185,2.2500000341096893e-05,0.003092300000389514,2025-02-14 09:15:00,2025-06-26 09:15:00,132 days 00:00:00,100000.0,100000.0,0.0,13.387182,100.0,0.0,0.0,,0,0,0,0.0,,,,,,,,,,,,,
JUBLFOOD,Success,0.007599900000059279,0.0002153999994334299,0.0005093999998280196,3.980000019510044e-05,0.010201000000051863,2010-02-08 09:15:00,2025-06-26 09:15:00,5617 days 00:00:00,100000.0,127283.516497,27.283516,3004.102876,100.0,1053.761216,32.572878,2931 days 00:00:00,11,11,0,0.0,36.363636,23.989946,-10.610647,22.165036,-7.345605,64 days 12:00:00,52 days 06:51:25,1.535952,2480.319682,0.196033,0.049406,1.103513,0.10136
JUBLINGREA,Success,0.0028314000001046224,0.0001596000001882203,0.00043789999926957535,2.9300000278453808e-05,0.005032799999753479,2021-03-19 09:15:00,2025-06-26 09:15:00,1560 days 00:00:00,100000.0,92782.421477,-7.217579,185.876431,100.0,92.757196,8.761322,624 days 00:00:00,1,1,0,0.0,0.0,-7.040371,-7.040371,0.0,-7.040371,0 days 00:00:00,26 days 00:00:00,0.0,-7217.578523,-0.507927,-0.201663,0.542631,-0.140697
JUBLPHARMA,Success,0.008758199999647331,0.0002248999999210355,0.00047730000005685724,4.0300000364368316e-05,0.011299599999802012,2003-09-30 09:15:00,2025-06-26 09:15:00,7940 days 00:00:00,100000.0,244505.218005,144.505218,2135.113005,100.0,2346.898329,40.973677,5059 days 00:00:00,19,19,0,0.0,47.368421,39.457982,-12.524204,24.184708,-9.393956,67 days 16:00:00,35 days 14:24:00,2.320717,7605.53779,0.357804,0.104596,1.213108,0.201305
JUNIPER,Success,0.002035299999988638,0.0001477999994676793,0.0003870999998980551,2.6499999876250513e-05,0.003482300000541727,2024-02-28 09:15:00,2025-06-26 09:15:00,484 days 00:00:00,100000.0,100000.0,0.0,-28.455791,100.0,0.0,0.0,,0,0,0,0.0,,,,,,,,,,,,,
JUSTDIAL,Success,0.0072621999997863895,0.0001919999995152466,0.0004425999995874008,3.509999987727497e-05,0.009727900000143563,2013-06-05 09:15:00,2025-06-26 09:15:00,4404 days 00:00:00,100000.0,115902.721221,15.902721,50.421488,100.0,787.395419,27.123698,1577 days 00:00:00,6,6,0,0.0,33.333333,36.4005,-10.309603,31.922891,-9.333328,31 days 12:00:00,16 days 18:00:00,1.298741,2650.453537,0.170869,0.046284,1.197871,0.071262
JWL,Success,0.007038799999463663,0.00019720000000233995,0.00045450000015989644,4.11000000895001e-05,0.009508000000096217,2010-10-18 09:15:00,2025-06-26 09:15:00,5365 days 00:00:00,100000.0,157792.995089,57.792995,240.434012,100.0,1961.205049,43.411732,2697 days 00:00:00,14,14,0,0.0,35.714286,52.030628,-21.210099,42.168916,-13.096281,79 days 04:48:00,21 days 13:20:00,1.329692,4128.071078,0.25953,0.074023,1.137932,0.1591
JYOTHYLAB,Success,0.008054599999923084,0.00023580000015499536,0.0004777000003741705,4.149999949731864e-05,0.010484100000212493,2007-12-19 09:15:00,2025-06-26 09:15:00,6399 days 00:00:00,100000.0,246046.726232,146.046726,745.286858,100.0,2065.712191,30.130701,1140 days 00:00:00,11,11,0,0.0,54.545455,41.602094,-11.504834,27.580025,-10.035892,145 days 12:00:00,76 days 04:48:00,2.463186,13276.975112,0.42567,0.178713,1.188985,0.299058
JYOTICNC,Success,0.002285699999447388,0.00014710000050399685,0.000393899999835412,2.5299999833805487e-05,0.0041463999996267376,2024-01-16 09:15:00,2025-06-26 09:15:00,527 days 00:00:00,100000.0,88013.10842,-11.986892,160.018419,100.0,87.980047,24.647306,304 days 00:00:00,1,1,0,0.0,0.0,-11.825245,-11.825245,0.0,-11.825245,0 days 00:00:00,78 days 00:00:00,0.0,-11986.89158,-0.455285,-0.347822,0.834191,-0.420659
JYOTISTRUC,Success,0.009356900000057067,0.00024219999977503903,0.0004670999996960745,3.980000019510044e-05,0.012005000000499422,1999-01-01 09:15:00,2025-06-26 09:15:00,9673 days 00:00:00,100000.0,123029.150333,23.02915,90.328613,100.0,1419.788708,42.053965,7213 days 00:00:00,12,12,0,0.0,33.333333,42.61031,-14.133492,37.479577,-12.164513,47 days 18:00:00,18 days 06:00:00,1.187137,1919.095861,0.129486,0.020233,1.119275,0.056861
KABRAEXTRU,Success,0.009464200000365963,0.0002395999999862397,0.00047339999946416356,3.97000003431458e-05,0.011917599999833328,1999-01-01 09:15:00,2025-06-26 09:15:00,9673 days 00:00:00,100000.0,117998.330188,17.99833,13711.764706,100.0,1194.688428,46.319804,792 days 00:00:00,12,12,0,0.0,33.333333,38.569982,-21.179589,35.535334,-11.930201,83 days 00:00:00,66 days 03:00:00,1.181338,1499.860849,0.119336,0.014726,1.07504,0.06182
KAJARIACER,Success,0.009716900000057649,0.00033350000012433156,0.0005153000001882901,4.150000040681334e-05,0.012695800000074087,1999-01-01 09:15:00,2025-06-26 09:15:00,9673 days 00:00:00,100000.0,302164.162209,202.164162,32854.343654,100.0,6960.142564,37.13265,6853 days 00:00:00,24,24,0,0.0,37.5,54.270287,-14.994497,32.489952,-8.558464,86 days 00:00:00,49 days 16:00:00,1.500339,8423.506759,0.358891,0.120676,1.18111,0.240118
KAKATCEM,Success,0.009396599999490718,0.000267100000201026,0.0006124000001364038,4.200000057608122e-05,0.012470600000597187,1999-01-01 09:15:00,2025-06-26 09:15:00,9673 days 00:00:00,100000.0,73344.984901,-26.655015,751.105263,100.0,1498.042379,56.154885,4735 days 00:00:00,16,16,0,0.0,25.0,58.967604,-16.673822,38.943257,-12.29657,60 days 18:00:00,76 days 16:00:00,0.821166,-1665.938444,-0.010496,-0.021784,0.994646,-0.005837
KALAMANDIR,Success,0.0027285000005576876,0.00017530000059196027,0.00047199999971780926,3.6699999327538535e-05,0.004875499999798194,2023-09-27 09:15:00,2025-06-26 09:15:00,638 days 00:00:00,100000.0,91225.594236,-8.774406,-42.013064,100.0,91.305578,14.577913,542 days 00:00:00,1,1,0,0.0,0.0,-8.592768,-8.592768,0.0,-8.592768,0 days 00:00:00,26 days 00:00:00,0.0,-8774.405764,-0.762094,-0.356201,0.545978,-0.309853
KALYANIFRG,Success,0.0077896000002510846,0.0002532999997129082,0.0005273000006127404,4.470000021683518e-05,0.0103079999998954,2007-12-20 09:15:00,2025-06-26 09:15:00,6398 days 00:00:00,100000.0,43118.482529,-56.881517,169.72906,100.0,513.959489,59.510305,4752 days 00:00:00,8,8,0,0.0,0.0,-6.081694,-12.154006,0.0,-9.825403,0 days 00:00:00,36 days 18:00:00,0.0,-7110.189684,-0.584731,-0.097406,0.647,-0.205585
KALYANKJIL,Success,0.002867799999876297,0.0001548000000184402,0.000478099999781989,2.8899999961140566e-05,0.004955600000357663,2021-03-26 09:15:00,2025-06-26 09:15:00,1553 days 00:00:00,100000.0,173210.769731,73.21077,635.837795,100.0,747.472958,23.134872,175 days 00:00:00,5,5,0,0.0,60.0,32.823124,-10.367617,28.933449,-9.586954,59 days 16:00:00,41 days 00:00:00,3.421749,14642.153946,0.819448,0.606688,1.390466,0.66683
KAMATHOTEL,Success,0.00886720000016794,0.00025300000015704427,0.000498899999911373,8.280000020022271e-05,0.01173209999979008,1999-01-04 09:15:00,2025-06-26 09:15:00,9670 days 00:00:00,100000.0,210140.071333,110.140071,1916.083333,100.0,3800.163785,52.047418,2083 days 00:00:00,20,20,0,0.0,35.0,51.218861,-21.266506,42.240269,-11.908507,78 days 17:08:34,19 days 07:23:04,1.39727,5507.003567,0.25872,0.06091,1.17004,0.157046
KAMDHENU,Success,0.004339299999628565,0.0001832999996622675,0.000452199999926961,3.1600000511389226e-05,0.006560199999512406,2016-03-18 09:15:00,2025-06-26 09:15:00,3387 days 00:00:00,100000.0,134167.062657,34.167063,1249.29268,100.0,1035.58419,42.540633,2641 days 00:00:00,6,6,0,0.0,33.333333,67.387158,-11.924421,48.571404,-11.078943,117 days 00:00:00,42 days 12:00:00,1.415861,5694.510443,0.281782,0.077102,1.157323,0.199572
KAMOPAINTS,Success,0.0022986999993008794,0.00015640000037819846,0.0005094999996799743,3.480000032141106e-05,0.004080400000020745,2023-01-24 09:15:00,2025-06-26 09:15:00,884 days 00:00:00,100000.0,100000.0,0.0,-44.103652,100.0,0.0,0.0,,0,0,0,0.0,,,,,,,,,,,,,
KANANIIND,Success,0.00743519999923592,0.00019659999998111743,0.0004568999993352918,3.51999997292296e-05,0.009650300000430434,2011-12-14 09:15:00,2025-06-26 09:15:00,4943 days 00:00:00,100000.0,39431.809435,-60.568191,-84.120621,100.0,354.18681,60.568191,4943 days 00:00:00,6,6,0,0.0,0.0,-10.176624,-22.879317,0.0,-14.094009,0 days 00:00:00,6 days 16:00:00,0.0,-10094.698427,-0.902129,-0.115039,0.212039,-0.188612
KANORICHEM,Success,0.009290099999816448,0.0002691999998205574,0.0005174999996597762,4.830000034417026e-05,0.01213980000011361,1999-01-01 09:15:00,2025-06-26 09:15:00,9673 days 00:00:00,100000.0,75612.051689,-24.387948,1544.987625,100.0,969.730463,56.731278,8165 days 00:00:00,11,11,0,0.0,27.272727,30.063514,-14.456625,27.308529,-11.528864,53 days 08:00:00,133 days 12:00:00,0.723852,-2217.08621,-0.008892,-0.020785,0.995521,-0.005261
KANPRPLA,Success,0.0027565999998842017,0.0001526000005469541,0.00041880000026139896,2.8100000236008782e-05,0.004919399999380403,2021-01-01 09:15:00,2025-06-26 09:15:00,1637 days 00:00:00,100000.0,106225.526533,6.225527,141.54786,100.0,355.420236,20.348594,1500 days 00:00:00,3,3,0,0.0,33.333333,33.63049,-13.093236,33.63049,-10.547658,26 days 00:00:00,14 days 12:00:00,1.229407,2075.175511,0.186018,0.067722,1.167944,0.067789
KANSAINER,Success,0.010639099999934842,0.00047449999965465395,0.0005498000000443426,4.580000040732557e-05,0.013647199999468285,1995-01-25 09:15:00,2025-06-26 09:15:00,11110 days 00:00:00,100000.0,232440.067145,132.440067,7856.245565,100.0,5002.037576,37.738338,3020 days 00:00:00,24,24,0,0.0,37.5,47.718286,-11.97725,26.723326,-7.689017,86 days 13:20:00,21 days 22:24:00,1.552399,5518.336131,0.311522,0.077247,1.195931,0.161333
KAPSTON,Success,0.0029875000000174623,0.0001554000000396627,0.00041929999952117214,2.8399999791872688e-05,0.005138499999702617,2020-05-27 09:15:00,2025-06-26 09:15:00,1856 days 00:00:00,100000.0,92024.614088,-7.975386,390.817481,100.0,260.300618,24.880694,1856 days 00:00:00,3,3,0,0.0,33.333333,19.378516,-14.872825,19.378516,-11.889586,42 days 00:00:00,10 days 12:00:00,0.649467,-2658.461971,-0.144529,-0.066102,0.878687,-0.044425
KARMAENG,Success,0.007762499999444117,0.00020279999989725184,0.0007864999997764244,4.930000068270601e-05,0.01049460000012914,2011-07-12 09:15:00,2025-06-26 09:15:00,5098 days 00:00:00,100000.0,144768.764475,44.768764,301.146109,100.0,836.073705,19.113433,3899 days 00:00:00,6,6,0,0.0,50.0,39.979239,-14.031013,27.009079,-10.249993,40 days 00:00:00,13 days 00:00:00,2.049904,7461.460746,0.345175,0.158751,1.340409,0.135943
KARURVYSYA,Success,0.011088700000073004,0.00029519999952754006,0.0005187999995541759,6.329999996523838e-05,0.013888200000110373,1999-01-01 09:15:00,2025-06-26 09:15:00,9673 days 00:00:00,100000.0,147967.634742,47.967635,14572.446184,100.0,2381.197617,47.590914,7378 days 00:00:00,22,22,0,0.0,36.363636,29.884149,-17.775943,23.10559,-8.252029,91 days 18:00:00,29 days 10:17:08,1.369336,2180.347034,0.182043,0.03196,1.098437,0.096712
KAUSHALYA,Success,0.008393500000238419,0.00020959999983460875,0.0005929999997533741,4.6299999667098746e-05,0.01112349999948492,2007-12-14 09:15:00,2025-06-26 09:15:00,6404 days 00:00:00,100000.0,108364.758193,8.364758,-89.082473,100.0,974.926879,57.565614,4581 days 00:00:00,9,9,0,0.0,33.333333,50.227674,-19.059986,35.145261,-12.259825,53 days 16:00:00,34 days 12:00:00,1.092639,929.417577,0.108222,0.008626,1.082179,0.044758
KAYA,Success,0.004424499999913678,0.00017559999923832947,0.00043480000022100285,3.2500000088475645e-05,0.006584799999473034,2015-08-14 09:15:00,2025-06-26 09:15:00,3604 days 00:00:00,100000.0,102410.551039,2.410551,-70.141293,100.0,881.489309,30.32752,687 days 00:00:00,8,8,0,0.0,25.0,37.122852,-11.539104,37.093337,-9.374254,95 days 12:00:00,62 days 08:00:00,1.036035,301.31888,0.090146,0.008118,1.038795,0.068046
KAYNES,Success,0.0022811999997429666,0.00015560000065306667,0.0004484999999476713,3.0199999855540227e-05,0.004365400000096997,2022-11-22 09:15:00,2025-06-26 09:15:00,947 days 00:00:00,100000.0,90813.89259,-9.186107,736.147535,100.0,88.421872,11.541107,947 days 00:00:00,2,1,1,2141.465775,0.0,-11.188656,-11.188656,0.0,-11.188656,0 days 00:00:00,6 days 00:00:00,0.0,-11327.573185,-0.50783,-0.320134,0.4559,-0.072443
KCP,Success,0.009455899999920803,0.00025439999990339857,0.0004701999996541417,4.929999977321131e-05,0.012203199999930803,1999-01-01 09:15:00,2025-06-26 09:15:00,9673 days 00:00:00,100000.0,78728.042779,-21.271957,6844.40678,100.0,1433.599532,49.554677,4481 days 00:00:00,17,17,0,0.0,29.411765,41.093985,-19.559862,32.594461,-12.499511,71 days 04:48:00,80 days 04:00:00,0.844091,-1251.291601,0.03219,-0.019491,1.015178,0.019362
KCPSUGIND,Success,0.009307399999670452,0.0002473999993526377,0.00047700000050099334,4.0500000068277586e-05,0.011865999999827181,1999-01-01 09:15:00,2025-06-26 09:15:00,9673 days 00:00:00,100000.0,174659.359937,74.65936,1113.0,100.0,2272.906349,48.407189,5498 days 00:00:00,14,14,0,0.0,35.714286,100.263475,-16.690093,47.512617,-13.25143,111 days 09:36:00,26 days 08:00:00,1.359343,5332.811424,0.220419,0.047491,1.149073,0.109395
KDDL,Success,0.004816600000594917,0.0001920000004247413,0.0006139999995866674,3.769999966607429e-05,0.0074168000001009204,2016-03-23 09:15:00,2025-06-26 09:15:00,3382 days 00:00:00,100000.0,131793.918498,31.793918,1248.641379,100.0,770.042976,37.252492,1676 days 00:00:00,7,7,0,0.0,42.857143,34.351495,-14.430303,30.838347,-12.050276,31 days 03:00:00,29 days 00:00:00,1.574219,4541.988357,0.278002,0.082765,1.206617,0.107281
KEC,Success,0.008485999999720661,0.00022160000025905902,0.00046829999973851955,5.0799999371520244e-05,0.010985899999468529,2006-03-10 09:15:00,2025-06-26 09:15:00,7048 days 00:00:00,100000.0,405058.730982,305.058731,980.085659,100.0,2940.533926,36.332348,2873 days 00:00:00,15,15,0,0.0,60.0,30.774939,-15.228525,25.131776,-9.220412,56 days 10:39:59,47 days 00:00:00,4.279505,20337.248732,0.622364,0.211248,1.38577,0.339842
KECL,Success,0.007637499999873398,0.0002412999992884579,0.0006212999996932922,3.999999989900971e-05,0.010259599999699276,2010-03-09 09:15:00,2025-06-26 09:15:00,5588 days 00:00:00,100000.0,118663.506809,18.663507,70.598802,100.0,616.127825,25.169104,692 days 00:00:00,5,5,0,0.0,40.0,38.161359,-15.723115,36.504393,-13.634656,71 days 12:00:00,40 days 00:00:00,1.346926,3732.701362,0.160768,0.0462,1.126774,0.074273
KEEPLEARN,Success,0.0026324999998905696,0.00014879999980621506,0.00043430000005173497,2.5800000003073364e-05,0.004620700000486977,2022-04-04 09:15:00,2025-06-26 09:15:00,1179 days 00:00:00,100000.0,145853.9364,45.853936,343.952569,100.0,413.597373,21.14253,39 days 00:00:00,3,3,0,0.0,66.666667,36.74396,-5.274884,25.011955,-5.274884,30 days 00:00:00,3 days 00:00:00,6.439309,15284.645467,1.163016,0.640429,2.063125,0.844706
KEI,Success,0.008370999999897322,0.0002598999999463558,0.0005148999998709769,4.7900000026857015e-05,0.0110608000004504,2006-03-23 09:15:00,2025-06-26 09:15:00,7035 days 00:00:00,100000.0,597438.215244,497.438215,4919.281915,100.0,5506.398776,41.870921,2107 days 00:00:00,17,17,0,0.0,52.941176,47.939025,-11.218556,33.19173,-8.773552,79 days 00:00:00,50 days 00:00:00,3.130436,29261.071485,0.625499,0.238095,1.31613,0.467002
KELLTONTEC,Success,0.004535600000053819,0.0001984999998967396,0.0004506999994191574,3.3799999982875306e-05,0.007237599999825761,2016-03-02 09:15:00,2025-06-26 09:15:00,3403 days 00:00:00,100000.0,61949.759168,-38.050241,38.59019,100.0,601.597727,55.490582,2274 days 00:00:00,7,7,0,0.0,14.285714,28.894232,-15.805505,28.894232,-11.251755,26 days 00:00:00,53 days 08:00:00,0.406699,-5435.74869,-0.263587,-0.091877,0.868151,-0.145412
KERNEX,Success,0.007920600000034028,0.0002389999999650172,0.0005049999999755528,4.0100000660459045e-05,0.010441899999932502,2005-12-20 09:15:00,2025-06-26 09:15:00,7128 days 00:00:00,100000.0,224005.032281,124.005032,286.475654,100.0,2442.687244,58.556128,3830 days 00:00:00,19,19,0,0.0,36.842105,50.893697,-14.477431,39.929544,-11.718083,46 days 00:00:00,48 days 04:00:00,1.67,6526.580646,0.353601,0.080939,1.155051,0.260455
KESORAMIND,Success,0.010134400000424648,0.00026109999998880085,0.0005019000000174856,4.4100000195612665e-05,0.012762499999553256,1999-01-01 09:15:00,2025-06-26 09:15:00,9673 days 00:00:00,100000.0,122171.960925,22.171961,1113.468572,100.0,1805.955549,58.381044,5557 days 00:00:00,17,17,0,0.0,41.176471,38.568981,-21.55729,26.147926,-12.711346,59 days 06:51:25,95 days 02:23:59,1.149543,1304.232996,0.126337,0.013371,1.062309,0.073083
KEYFINSERV,Success,0.0032906000005823444,0.00019190000057278667,0.0004808000003322377,4.170000011072261e-05,0.005685099999936938,2019-05-03 09:15:00,2025-06-26 09:15:00,2246 days 00:00:00,100000.0,236636.191274,136.636191,565.165861,100.0,962.221841,26.531233,41 days 00:00:00,5,5,0,0.0,60.0,55.750559,-14.954858,46.495928,-12.640414,85 days 08:00:00,21 days 00:00:00,3.399687,27327.238255,0.663423,0.64202,1.354949,0.620827
KFINTECH,Success,0.0023252999999385793,0.00015410000014526304,0.0007576999996672384,4.360000002634479e-05,0.004786600000443286,2022-12-29 09:15:00,2025-06-26 09:15:00,910 days 00:00:00,100000.0,230742.094087,130.742094,263.721304,100.0,1161.079397,14.084513,190 days 00:00:00,6,6,0,0.0,66.666667,33.956636,-13.938481,31.384268,-11.32284,50 days 18:00:00,3 days 12:00:00,3.462934,21790.349014,1.769513,2.884572,1.897084,1.233351
KHADIM,Success,0.0040324000001419336,0.00017289999959757552,0.0004656000000977656,3.319999996165279e-05,0.0064511999999012914,2017-11-14 09:15:00,2025-06-26 09:15:00,2781 days 00:00:00,100000.0,80106.096867,-19.893903,-61.551861,100.0,424.517762,25.377322,2781 days 00:00:00,5,5,0,0.0,20.0,17.431089,-12.922551,17.431089,-8.872527,12 days 00:00:00,50 days 06:00:00,0.395153,-3978.780627,-0.258071,-0.115017,0.850076,-0.112181
KHAICHEM,Success,0.0025473000005149515,0.00015309999980672728,0.00043869999990420183,2.89999998130952e-05,0.004657299999962561,2020-10-30 09:15:00,2025-06-26 09:15:00,1700 days 00:00:00,100000.0,53175.762325,-46.824238,250.859539,100.0,273.655116,52.793216,1603 days 00:00:00,4,4,0,0.0,0.0,-13.23431,-15.444351,0.0,-14.432405,0 days 00:00:00,40 days 00:00:00,0.0,-11706.059419,-0.67334,-0.243827,0.681999,-0.339843
KHAITANLTD,Success,0.004849300000387302,0.0001965000001291628,0.00046019999990676297,3.5799999750452116e-05,0.007200899999588728,1999-02-25 09:15:00,2025-06-26 09:15:00,9618 days 00:00:00,100000.0,108575.638921,8.575639,1150.1,100.0,728.420331,68.30862,2687 days 00:00:00,7,7,0,0.0,28.571429,53.885583,-15.740207,51.384173,-13.57966,89 days 12:00:00,61 days 22:15:00,1.110139,1225.091274,0.146094,0.012654,1.078483,0.108826
KHANDSE,Success,0.00873050000063813,0.00023969999983819434,0.0004690000005211914,3.8099999983387534e-05,0.011073100000430713,2001-02-12 09:15:00,2025-06-26 09:15:00,8900 days 00:00:00,100000.0,40261.215853,-59.738784,-85.257862,100.0,359.563771,59.738784,8900 days 00:00:00,6,6,0,0.0,0.0,-8.571156,-17.744653,0.0,-13.852936,0 days 00:00:00,67 days 16:00:00,0.0,-9956.464025,-0.343826,-0.084558,0.793017,-0.159545
KICL,Success,0.007388500000161002,0.00022929999977350235,0.0004949000003762194,3.770000057556899e-05,0.010229200000139826,2011-01-25 09:15:00,2025-06-26 09:15:00,5266 days 00:00:00,100000.0,204949.550808,104.949551,480.41279,100.0,1411.279106,46.359692,3567 days 00:00:00,13,13,0,0.0,46.153846,39.512841,-11.606871,26.760044,-8.979447,42 days 20:00:00,26 days 10:17:08,2.631882,8073.04237,0.452384,0.113446,1.340177,0.22999
KILITCH,Success,0.007345600000007835,0.00020669999958045082,0.0005859000002601533,4.309999985707691e-05,0.010069200000543788,2010-09-29 09:15:00,2025-06-26 09:15:00,5384 days 00:00:00,100000.0,289517.884838,189.517885,236.291913,100.0,2165.060308,37.177785,2263 days 00:00:00,9,9,0,0.0,55.555556,65.13363,-21.169326,43.764131,-16.251405,81 days 00:00:00,47 days 00:00:00,2.060551,21057.54276,0.4545,0.206009,1.302323,0.311313
KIMS,Success,0.002439599999888742,0.00014999999984866008,0.00038440000025730114,2.7400000362831634e-05,0.004585199999382894,2021-06-28 09:15:00,2025-06-26 09:15:00,1459 days 00:00:00,100000.0,92203.83183,-7.796168,239.410198,100.0,178.375557,13.982722,1459 days 00:00:00,3,2,1,6186.55432,0.0,-6.785002,-7.371847,0.0,-7.078425,0 days 00:00:00,35 days 00:00:00,0.0,-6991.361245,-0.28501,-0.145808,0.811246,-0.103478
KINGFA,Success,0.004157600000326056,0.0001734000006763381,0.00043449999975564424,3.170000036334386e-05,0.0068102000004728325,2016-11-15 09:15:00,2025-06-26 09:15:00,3145 days 00:00:00,100000.0,80507.206091,-19.492794,268.339745,100.0,393.777808,42.129177,2367 days 00:00:00,6,5,1,2814.16512,20.0,23.217254,-13.018869,23.217254,-10.63349,13 days 00:00:00,33 days 06:00:00,0.409469,-4461.391806,-0.180813,-0.059949,0.869503,-0.079925
KIOCL,Success,0.004283999999643129,0.00017750000006344635,0.00047530000028928043,3.730000025825575e-05,0.006523999999444641,2016-11-29 09:15:00,2025-06-26 09:15:00,3131 days 00:00:00,100000.0,74052.65415,-25.947346,2693.333333,100.0,158.609508,37.798137,2743 days 00:00:00,2,2,0,0.0,0.0,-12.282171,-15.265694,0.0,-13.773932,0 days 00:00:00,68 days 00:00:00,0.0,-12973.672925,-0.286661,-0.096699,0.797336,-0.124943
KIRIINDUS,Success,0.007514699999774166,0.00021269999979267595,0.00046380000003409805,3.730000025825575e-05,0.009845900000073016,2011-03-28 09:15:00,2025-06-26 09:15:00,5204 days 00:00:00,100000.0,118989.394492,18.989394,102.872462,100.0,628.185964,42.139799,3976 days 00:00:00,6,5,1,-6622.795785,40.0,42.053765,-15.900087,39.969394,-13.414161,31 days 12:00:00,53 days 00:00:00,1.473591,5122.438056,0.162152,0.029697,1.127282,0.066601
KIRLOSBROS,Success,0.008305899999868416,0.00021459999970829813,0.00047420000009879004,3.550000019458821e-05,0.010880999999244523,2010-04-20 09:15:00,2025-06-26 09:15:00,5546 days 00:00:00,100000.0,125524.839322,25.524839,533.110994,100.0,871.42905,32.292725,4525 days 00:00:00,8,8,0,0.0,37.5,36.785692,-14.342515,34.176478,-12.001753,87 days 00:00:00,8 days 04:47:59,1.367884,3190.604915,0.187555,0.047517,1.156106,0.072165
KIRLOSENG,Success,0.007172600000558305,0.00020029999996040715,0.00046440000005532056,3.530000049067894e-05,0.009719700000459852,2011-01-07 09:15:00,2025-06-26 09:15:00,5284 days 00:00:00,100000.0,183930.627405,83.930627,285.51433,100.0,955.155216,30.78557,1472 days 00:00:00,8,8,0,0.0,50.0,31.133094,-9.767398,27.556676,-8.280997,82 days 18:00:00,20 days 12:00:00,3.300709,10491.328426,0.461309,0.14249,1.414459,0.267392
KIRLOSIND,Success,0.007794600000124774,0.00021950000063952757,0.0006103000005168724,4.0500000068277586e-05,0.010381399999459973,2010-06-24 09:15:00,2025-06-26 09:15:00,5481 days 00:00:00,100000.0,150573.096021,50.573096,808.290659,100.0,1477.951817,30.617687,2487 days 00:00:00,11,11,0,0.0,36.363636,43.628117,-12.127298,31.311701,-8.759399,119 days 06:00:00,25 days 00:00:00,1.582327,4597.554184,0.275096,0.092577,1.143447,0.193722
KIRLPNU,Success,0.002658000000337779,0.00015620000067428919,0.0004470000003493624,3.2300000384566374e-05,0.004813800000192714,2023-04-26 09:15:00,2025-06-26 09:15:00,792 days 00:00:00,100000.0,165570.244393,65.570244,133.382253,100.0,290.466448,11.849054,12 days 00:00:00,2,2,0,0.0,100.0,32.313586,25.864165,29.088875,0.0,61 days 16:22:30,0 days 00:00:00,inf,32785.122196,1.355969,2.238954,1.840483,1.44487
KITEX,Success,0.007357800000136194,0.0002178999993702746,0.0004861999996137456,3.4300000152143184e-05,0.009964200000467827,2012-09-25 09:15:00,2025-06-26 09:15:00,4657 days 00:00:00,100000.0,97909.761699,-2.090238,1805.91982,100.0,708.988078,36.909678,1013 days 00:00:00,8,8,0,0.0,37.5,29.333743,-16.006638,24.224227,-12.214643,52 days 00:00:00,59 days 14:24:00,0.964213,-261.279788,0.061074,-0.004572,1.036837,0.029783
KKCL,Success,0.008796000000074855,0.00022330000047077192,0.0005129999999553547,3.789999936998356e-05,0.011264700000538141,2006-04-13 09:15:00,2025-06-26 09:15:00,7014 days 00:00:00,100000.0,60399.598965,-39.600401,927.521052,100.0,863.942893,55.686041,6706 days 00:00:00,12,12,0,0.0,16.666667,31.394111,-11.224819,25.982869,-8.954844,78 days 12:00:00,14 days 09:36:00,0.441912,-3300.03342,-0.272019,-0.048077,0.78842,-0.088329
KMEW,Success,0.0019325000002936576,0.00016529999993508682,0.00043740000000980217,2.679999943211442e-05,0.0034366999998383108,2024-11-14 09:15:00,2025-06-26 09:15:00,224 days 00:00:00,100000.0,100000.0,0.0,-20.471714,100.0,0.0,0.0,,0,0,0,0.0,,,,,,,,,,,,,
KMSUGAR,Success,0.004048700000566896,0.00017300000035902485,0.0004515999999057385,3.199999991920777e-05,0.00644780000038736,2015-12-09 09:15:00,2025-06-26 09:15:00,3487 days 00:00:00,100000.0,133514.780179,33.51478,518.27957,100.0,788.904664,31.598684,3185 days 00:00:00,5,5,0,0.0,40.0,40.90811,-12.801919,39.996274,-11.709528,45 days 00:00:00,54 days 00:00:00,1.543379,6702.956036,0.270958,0.099027,1.192501,0.151211
KNRCON,Success,0.008475499999804015,0.00022079999962443253,0.0004927999998471932,4.039999930682825e-05,0.010854699999981676,2008-02-18 09:15:00,2025-06-26 09:15:00,6338 days 00:00:00,100000.0,168180.43647,68.180436,1361.265427,100.0,1380.097503,19.522287,385 days 00:00:00,9,9,0,0.0,44.444444,35.723819,-9.263571,27.566545,-8.246322,72 days 00:00:00,27 days 14:24:00,2.002559,7575.604052,0.342368,0.16202,1.262658,0.164259
KOHINOOR,Success,0.00817769999957818,0.0002871999995477381,0.0006444999999075662,4.6999999540275894e-05,0.010983799999848998,2006-08-18 09:15:00,2025-06-26 09:15:00,6887 days 00:00:00,100000.0,18261.259038,-81.738741,-56.715152,100.0,579.791168,81.786074,6699 days 00:00:00,13,13,0,0.0,0.0,-8.641335,-18.086172,0.0,-12.054296,0 days 00:00:00,24 days 14:46:09,0.0,-6287.595459,-0.770114,-0.116926,0.532166,-0.287415
KOKUYOCMLN,Success,0.008226299999478215,0.00023229999987961492,0.0004741000002468354,4.0300000364368316e-05,0.010660599999937403,2008-07-28 09:15:00,2025-06-26 09:15:00,6177 days 00:00:00,100000.0,55437.504724,-44.562495,695.426148,100.0,635.894103,47.939136,5722 days 00:00:00,9,9,0,0.0,11.111111,43.445226,-14.556366,43.445226,-10.976531,376 days 00:00:00,21 days 21:00:00,0.361267,-4951.388364,-0.267357,-0.073995,0.861715,-0.123694
KOLTEPATIL,Success,0.008529400000043097,0.0002393000004303758,0.0005230000006122282,3.9000000469968654e-05,0.011168999999426887,2007-12-13 09:15:00,2025-06-26 09:15:00,6405 days 00:00:00,100000.0,63049.994328,-36.950006,153.101723,100.0,642.970238,44.646307,3739 days 00:00:00,8,8,0,0.0,12.5,42.601422,-13.382317,42.601422,-10.798151,120 days 00:00:00,77 days 00:00:00,0.442884,-4618.750709,-0.119777,-0.059325,0.937634,-0.058961
KOPRAN,Success,0.01089620000038849,0.00025649999952293,0.0005145999994056183,4.3199999709031545e-05,0.013622899999973015,1994-12-01 09:15:00,2025-06-26 09:15:00,11165 days 00:00:00,100000.0,23822.711271,-76.177289,-65.966851,100.0,1108.426537,80.967816,5068 days 00:00:00,21,21,0,0.0,14.285714,44.927661,-19.68841,39.182164,-12.346895,56 days 08:00:00,30 days 13:20:00,0.42269,-3627.489939,-0.300585,-0.062163,0.816001,-0.142029
KOTAKBANK,Success,0.0097433999999339,0.00023999999939405825,0.0005968999994365731,4.9899999794433825e-05,0.012564699999529694,2003-04-21 09:15:00,2025-06-26 09:15:00,8102 days 00:00:00,100000.0,156865.77834,56.865778,28300.773196,100.0,2936.085571,32.79216,1222 days 00:00:00,19,19,0,0.0,31.578947,41.407245,-17.608791,27.321796,-6.867998,90 days 00:00:00,38 days 20:18:27,1.422779,2992.935702,0.237576,0.063641,1.117677,0.126702
KOTARISUG,Success,0.008283999999548541,0.00022759999956178945,0.0005496999992828933,3.860000015265541e-05,0.010944999999992433,2004-12-13 09:15:00,2025-06-26 09:15:00,7500 days 00:00:00,100000.0,131190.713159,31.190713,-70.643411,100.0,1279.713284,40.723248,941 days 00:00:00,9,9,0,0.0,33.333333,43.256093,-15.114181,38.787565,-10.868349,88 days 16:00:00,17 days 04:00:00,1.306478,3465.634795,0.169105,0.034469,1.156543,0.081094
KOTHARIPET,Success,0.010496099999727448,0.0002783999998428044,0.0005326000000422937,4.040000021632295e-05,0.013123799999448238,1998-05-06 09:15:00,2025-06-26 09:15:00,9913 days 00:00:00,100000.0,308596.509971,208.59651,8627.142857,100.0,3686.207454,55.536324,377 days 00:00:00,14,14,0,0.0,42.857143,109.82042,-34.0593,55.684911,-16.055827,74 days 20:00:00,25 days 15:00:00,1.609178,14899.750712,0.308808,0.083358,1.24052,0.138269
KOTHARIPRO,Success,0.011726599999747123,0.00028620000011869706,0.000535199999831093,4.0299999454873614e-05,0.014376899999660964,1999-01-01 09:15:00,2025-06-26 09:15:00,9673 days 00:00:00,100000.0,129478.389465,29.478389,600.903041,100.0,945.206941,42.975789,8400 days 00:00:00,8,8,0,0.0,37.5,37.728418,-15.429489,32.072389,-10.430955,61 days 08:00:00,31 days 19:12:00,1.444043,3684.798683,0.148898,0.023565,1.165813,0.047781
KPEL,Success,0.0023547999999209424,0.00018929999987449264,0.0006858000006104703,3.480000032141106e-05,0.004186699999991106,2024-11-14 09:15:00,2025-06-26 09:15:00,224 days 00:00:00,100000.0,100000.0,0.0,-4.855459,100.0,0.0,0.0,,0,0,0,0.0,,,,,,,,,,,,,
KPIGREEN,Success,0.002945499999441381,0.0001556999995955266,0.0004478999999264488,3.80000001314329e-05,0.005096599999887985,2021-07-27 09:15:00,2025-06-26 09:15:00,1430 days 00:00:00,100000.0,202568.755474,102.568755,3431.45932,100.0,744.827078,29.133451,318 days 00:00:00,4,4,0,0.0,75.0,36.833293,-10.77298,31.84333,-10.77298,84 days 03:00:00,105 days 00:00:00,5.12045,25642.188869,0.908217,0.688572,1.357915,0.887895
KPIL,Success,0.010321400000066205,0.00029260000064823544,0.0005356000001484063,5.680000049324008e-05,0.01316430000042601,1999-01-01 09:15:00,2025-06-26 09:15:00,9673 days 00:00:00,100000.0,136832.100754,36.832101,37623.076923,100.0,3090.661317,52.42179,4542 days 00:00:00,20,20,0,0.0,30.0,44.208287,-12.521387,32.347403,-8.945304,83 days 20:00:00,39 days 06:51:25,1.177821,1841.605038,0.160661,0.023975,1.086223,0.083999
KPITTECH,Success,0.004087099999196653,0.00017349999961879803,0.0005635999996229657,4.1399999645364005e-05,0.00675890000002255,2019-04-22 09:15:00,2025-06-26 09:15:00,2257 days 00:00:00,100000.0,157591.349046,57.591349,1127.417027,100.0,709.321816,20.090341,503 days 00:00:00,5,5,0,0.0,60.0,28.097617,-11.589865,25.077666,-9.754147,56 days 16:00:00,24 days 00:00:00,2.992938,11518.269809,0.677192,0.386422,1.447515,0.404572
KPRMILL,Success,0.008894800000234682,0.0002539999995860853,0.0005314999998518033,4.099999932805076e-05,0.011792199999945296,2007-08-28 09:15:00,2025-06-26 09:15:00,6512 days 00:00:00,100000.0,351028.749055,251.028749,6312.16992,100.0,3032.193626,30.60529,131 days 00:00:00,17,17,0,0.0,47.058824,48.822239,-14.070586,30.638205,-8.75002,86 days 21:00:00,26 days 10:40:00,3.004935,14766.397003,0.543312,0.243467,1.290781,0.342443
KRBL,Success,0.009502099999735947,0.0003453999997873325,0.0005320999998730258,4.259999968780903e-05,0.012308699999266537,2002-01-24 09:15:00,2025-06-26 09:15:00,8554 days 00:00:00,100000.0,49886.136839,-50.113863,22165.625,100.0,1678.916002,75.195026,5537 days 00:00:00,18,17,1,-366.332141,17.647059,36.084158,-20.028889,34.224633,-10.332273,30 days 08:00:00,26 days 00:00:00,0.67505,-2926.325354,-0.176552,-0.040272,0.876826,-0.068982
KREBSBIO,Success,0.007202100000540668,0.0002173000002585468,0.0004970999998477055,3.730000025825575e-05,0.009576600000400504,1999-01-01 09:15:00,2025-06-26 09:15:00,9673 days 00:00:00,100000.0,201445.102896,101.445103,-50.223525,100.0,887.161737,45.683694,8013 days 00:00:00,9,9,0,0.0,44.444444,39.275456,-13.899862,37.150859,-10.314323,85 days 00:00:00,4 days 19:11:59,3.382118,11271.6781,0.430723,0.137255,1.31292,0.302375
KRIDHANINF,Success,0.00473489999967569,0.0001916999999593827,0.0004619999999704305,3.699999979289714e-05,0.007294199999705597,2015-12-11 09:15:00,2025-06-26 09:15:00,3485 days 00:00:00,100000.0,114922.260324,14.92226,-94.899598,100.0,244.50335,11.169149,2796 days 00:00:00,2,2,0,0.0,50.0,29.641135,-10.991401,29.641135,-10.991401,33 days 00:00:00,6 days 00:00:00,2.0327,7461.130162,0.305525,0.133847,1.595184,0.074728
KRISHANA,Success,0.0033372999996572617,0.00019739999970624922,0.0004428000002008048,3.440000000409782e-05,0.005473100000017439,2019-08-22 09:15:00,2025-06-26 09:15:00,2135 days 00:00:00,100000.0,143647.46499,43.647465,1851.585052,100.0,776.113394,21.187207,1190 days 00:00:00,5,5,0,0.0,40.0,48.557386,-8.297675,35.871019,-7.449779,35 days 12:00:00,12 days 03:00:00,2.130275,8729.492998,0.47324,0.318194,1.603532,0.276705
KRITI,Success,0.0025988000006691436,0.000158200000441866,0.00044410000009520445,2.880000010918593e-05,0.004673600000387523,2021-11-01 09:15:00,2025-06-26 09:15:00,1333 days 00:00:00,100000.0,65846.078129,-34.153922,25.378788,100.0,232.990793,36.407905,1149 days 00:00:00,3,3,0,0.0,0.0,-8.031659,-17.489447,0.0,-12.750125,0 days 00:00:00,31 days 00:00:00,0.0,-11384.640624,-0.756982,-0.30106,0.623698,-0.317353
KRITIKA,Success,0.003050499999517342,0.00016589999995630933,0.0006992999997237348,3.730000025825575e-05,0.005725600000005215,2018-10-26 09:15:00,2025-06-26 09:15:00,2435 days 00:00:00,100000.0,157374.441009,57.374441,343.363224,100.0,892.176952,19.386409,393 days 00:00:00,6,6,0,0.0,50.0,37.686631,-9.338887,24.543844,-5.860788,31 days 16:00:00,36 days 00:00:00,2.95377,9562.406835,1.089325,0.63247,1.855881,0.617604
KRITINUT,Success,0.00229849999959697,0.0001523000000815955,0.00040499999977328116,2.5599999389669392e-05,0.004446299999472103,2022-10-07 09:15:00,2025-06-26 09:15:00,993 days 00:00:00,100000.0,79980.348928,-20.019651,108.550459,100.0,170.935377,26.311476,617 days 00:00:00,2,2,0,0.0,0.0,-9.002984,-11.758383,0.0,-10.380683,0 days 00:00:00,39 days 00:00:00,0.0,-10009.825536,-0.798692,-0.304109,0.611687,-0.336733
KRN,Success,0.0018671000007088878,0.00013980000039737206,0.0003828999997494975,2.3999999939405825e-05,0.0034157000000050175,2024-10-03 09:15:00,2025-06-26 09:15:00,266 days 00:00:00,100000.0,100000.0,0.0,73.478978,100.0,0.0,0.0,,0,0,0,0.0,,,,,,,,,,,,,
KRONOX,Success,0.0018525999994380982,0.00013699999999516876,0.00038440000025730114,2.4900000425986946e-05,0.0033176999995703227,2024-06-10 09:15:00,2025-06-26 09:15:00,381 days 00:00:00,100000.0,100000.0,0.0,17.530748,100.0,0.0,0.0,,0,0,0,0.0,,,,,,,,,,,,,
KROSS,Success,0.001988799999708135,0.00015100000018719584,0.0004073999998581712,2.4100000700855162e-05,0.0034113000001525506,2024-09-16 09:15:00,2025-06-26 09:15:00,283 days 00:00:00,100000.0,100000.0,0.0,-23.759671,100.0,0.0,0.0,,0,0,0,0.0,,,,,,,,,,,,,
KRSNAA,Success,0.002637200000208395,0.00016310000046360074,0.00044270000034885015,3.1099999432626646e-05,0.004971800000021176,2021-08-16 09:15:00,2025-06-26 09:15:00,1410 days 00:00:00,100000.0,91906.31688,-8.093683,-28.890578,100.0,91.894508,20.108215,555 days 00:00:00,1,1,0,0.0,0.0,-7.918105,-7.918105,0.0,-7.918105,0 days 00:00:00,119 days 00:00:00,0.0,-8093.68312,-0.213394,-0.10908,0.884437,-0.111336
KRYSTAL,Success,0.0022515000000566943,0.0001498000001447508,0.0005450999997265171,3.5399999433138873e-05,0.003919499999938125,2024-03-21 09:15:00,2025-06-26 09:15:00,462 days 00:00:00,100000.0,100000.0,0.0,-16.167494,100.0,0.0,0.0,,0,0,0,0.0,,,,,,,,,,,,,
KSB,Success,0.01000330000078975,0.0002556000008553383,0.00048610000067128567,4.330000047048088e-05,0.012646900000618189,1999-01-01 09:15:00,2025-06-26 09:15:00,9673 days 00:00:00,100000.0,149630.025519,49.630026,5427.491409,100.0,2637.206939,48.610128,6532 days 00:00:00,22,22,0,0.0,36.363636,33.857413,-13.43213,24.830095,-8.970601,60 days 18:00:00,37 days 17:08:34,1.308169,2255.910251,0.180461,0.032348,1.103044,0.105235
KSCL,Success,0.00943230000029871,0.0002494000000297092,0.0005499999997482519,4.400000034365803e-05,0.012216899999657471,2007-10-04 09:15:00,2025-06-26 09:15:00,6475 days 00:00:00,100000.0,56503.105847,-43.496894,2431.933319,100.0,1269.336905,53.572151,4545 days 00:00:00,16,16,0,0.0,18.75,35.157759,-16.046908,26.277797,-9.021504,118 days 08:00:00,33 days 05:32:18,0.575836,-2718.555885,-0.196528,-0.061054,0.907792,-0.102653
KSHITIJPOL,Success,0.0026974000002155663,0.00015829999938432593,0.0004450999995242455,2.8500000553322025e-05,0.004996700000447163,2022-07-27 09:15:00,2025-06-26 09:15:00,1065 days 00:00:00,100000.0,75051.448109,-24.948552,-46.181915,100.0,162.766331,25.860007,932 days 00:00:00,2,2,0,0.0,0.0,-12.267912,-14.111639,0.0,-13.189775,0 days 00:00:00,6 days 12:00:00,0.0,-12474.275945,-1.475168,-0.369561,0.041985,-0.399366
KSL,Success,0.007612300000801042,0.00021019999985583127,0.0004648000003726338,3.840000044874614e-05,0.010185500000261527,2010-05-19 09:15:00,2025-06-26 09:15:00,5517 days 00:00:00,100000.0,76942.662009,-23.057338,948.739496,100.0,829.98623,40.465005,3186 days 00:00:00,9,9,0,0.0,22.222222,40.703288,-13.354931,30.830453,-10.492344,71 days 00:00:00,26 days 06:51:25,0.680794,-2561.926443,-0.108714,-0.04325,0.926769,-0.050089
KSOLVES,Success,0.002817999999933818,0.0002975000006699702,0.00046999999995023245,3.730000025825575e-05,0.0051122000004397705,2020-07-06 09:15:00,2025-06-26 09:15:00,1816 days 00:00:00,100000.0,107149.743471,7.149743,5000.093469,100.0,320.479405,30.746435,525 days 00:00:00,3,3,0,0.0,33.333333,39.736348,-13.55944,39.736348,-12.164748,209 days 00:00:00,207 days 00:00:00,1.255576,2383.247824,0.177197,0.048821,1.058048,0.173874
KTKBANK,Success,0.009738000000652391,0.0002459999996062834,0.0004897999997410807,4.200000057608122e-05,0.01302510000004986,2000-05-10 09:15:00,2025-06-26 09:15:00,9178 days 00:00:00,100000.0,22451.443933,-77.548556,3072.981565,100.0,971.720519,77.895181,9106 days 00:00:00,22,22,0,0.0,13.636364,32.344612,-17.362541,27.176183,-10.736438,42 days 00:00:00,42 days 10:06:18,0.295787,-3524.934367,-0.398507,-0.075344,0.807461,-0.190105
KUANTUM,Success,0.003123099999356782,0.00016289999985019676,0.00040500000068277586,2.9400000130408444e-05,0.00529149999965739,2019-10-23 09:15:00,2025-06-26 09:15:00,2073 days 00:00:00,100000.0,67291.731978,-32.708268,156.804469,100.0,224.568735,32.708268,2073 days 00:00:00,3,3,0,0.0,0.0,-8.620421,-16.441821,0.0,-12.139885,0 days 00:00:00,19 days 16:00:00,0.0,-10902.756007,-0.821426,-0.208826,0.390936,-0.167191
LAGNAM,Success,0.002986800000144285,0.00016030000006139744,0.00046039999961067224,7.860000005166512e-05,0.005208999999922526,2018-10-04 09:15:00,2025-06-26 09:15:00,2457 days 00:00:00,100000.0,192742.146314,92.742146,376.314607,100.0,619.455513,31.351461,783 days 00:00:00,4,4,0,0.0,75.0,43.127292,-16.7109,33.133391,-16.7109,32 days 00:00:00,73 days 00:00:00,4.847853,23185.536578,0.875775,0.408552,1.629109,0.599229
LAL,Success,0.0022463999994215555,0.00023570000030304072,0.0005907999993723934,3.3799999982875306e-05,0.004534800000328687,2023-04-10 09:15:00,2025-06-26 09:15:00,808 days 00:00:00,100000.0,103357.63323,3.357633,58.632598,100.0,351.524348,24.841073,563 days 00:00:00,3,3,0,0.0,33.333333,30.778538,-11.739998,30.778538,-10.829533,84 days 00:00:00,29 days 00:00:00,1.123628,1119.211077,0.174525,0.061376,1.06622,0.1249
LALPATHLAB,Success,0.004676599999584141,0.0001818999999159132,0.0004360000002634479,3.730000025825575e-05,0.007045100000141247,2015-12-23 09:15:00,2025-06-26 09:15:00,3473 days 00:00:00,100000.0,106369.372294,6.369372,233.260606,100.0,624.60313,25.151585,1002 days 00:00:00,7,6,1,-1412.261678,33.333333,22.125592,-9.622437,21.154193,-7.132243,39 days 12:00:00,75 days 06:00:00,1.249584,1296.938995,0.114891,0.026368,1.058858,0.063417
LAMBODHARA,Success,0.004791399999703572,0.00018260000069858506,0.0004275999999663327,3.259999994043028e-05,0.0070346000002246,2015-02-04 09:15:00,2025-06-26 09:15:00,3795 days 00:00:00,100000.0,73780.744449,-26.219256,64.01562,100.0,376.455838,44.361194,3552 days 00:00:00,5,5,0,0.0,20.0,38.237146,-19.187792,38.237146,-14.256268,95 days 00:00:00,29 days 00:00:00,0.475407,-5243.85111,-0.132414,-0.066143,0.897786,-0.065225
LANCORHOL,Success,0.0020622000001822016,0.00015589999929943588,0.0003896999996868544,2.500000027794158e-05,0.0034848000004785717,2024-03-12 09:15:00,2025-06-26 09:15:00,471 days 00:00:00,100000.0,100000.0,0.0,-57.043478,100.0,0.0,0.0,,0,0,0,0.0,,,,,,,,,,,,,
LANDMARK,Success,0.0024508999995305203,0.00015299999995477265,0.0004484999999476713,2.7099999897473026e-05,0.00398979999954463,2022-12-23 09:15:00,2025-06-26 09:15:00,916 days 00:00:00,100000.0,100000.0,0.0,19.666233,100.0,0.0,0.0,,0,0,0,0.0,,,,,,,,,,,,,
LAOPALA,Success,0.008658400000058464,0.0002181999998356332,0.0006374000004143454,4.689999968832126e-05,0.011708899999575806,2007-03-16 09:15:00,2025-06-26 09:15:00,6677 days 00:00:00,100000.0,163509.797415,63.509797,6014.07957,100.0,2799.508609,42.12512,1011 days 00:00:00,17,17,0,0.0,35.294118,40.967302,-20.462862,36.95059,-11.520158,72 days 00:00:00,52 days 08:43:38,1.299409,3735.870436,0.235194,0.066725,1.114091,0.157547
LASA,Success,0.00433080000038899,0.00019079999947280157,0.0004944000002069515,5.01000004078378e-05,0.007019900000159396,2017-09-21 09:15:00,2025-06-26 09:15:00,2835 days 00:00:00,100000.0,70120.015432,-29.879985,-93.369565,100.0,242.48347,29.879985,2835 days 00:00:00,3,3,0,0.0,0.0,-7.351042,-13.641567,0.0,-10.943717,0 days 00:00:00,10 days 16:00:00,0.0,-9959.994856,-0.583303,-0.152111,0.407021,-0.105191
LATENTVIEW,Success,0.002669400000741007,0.00015549999989161734,0.0006532999996125,3.020000076503493e-05,0.004960100000062084,2021-11-23 09:15:00,2025-06-26 09:15:00,1311 days 00:00:00,100000.0,147449.957688,47.449958,-16.542199,100.0,267.145964,8.756293,32 days 00:00:00,3,2,1,2382.09442,100.0,22.446403,19.012132,20.729268,0.0,72 days 12:00:00,0 days 00:00:00,inf,22533.931634,0.962105,1.322604,1.64804,0.68846
LATTEYS,Success,0.00209770000037679,0.00014829999963694718,0.0004025999996883911,3.190000006725313e-05,0.0041183000003002235,2023-05-23 09:15:00,2025-06-26 09:15:00,765 days 00:00:00,100000.0,100854.536317,0.854536,-47.985349,100.0,302.110894,9.814925,302 days 00:00:00,3,3,0,0.0,33.333333,15.510821,-6.436877,15.510821,-6.27959,6 days 00:00:00,6 days 12:00:00,1.063713,284.845439,0.092842,0.041939,1.096534,0.019447
LAURUSLABS,Success,0.004526400000031572,0.0002518999999665539,0.0004731999997602543,4.830000034417026e-05,0.007095900000422262,2016-12-19 09:15:00,2025-06-26 09:15:00,3111 days 00:00:00,100000.0,231368.213749,131.368214,608.107842,100.0,960.304353,15.609078,1030 days 00:00:00,8,7,1,40878.68994,57.142857,40.725564,-8.858306,25.021735,-7.152008,80 days 12:00:00,23 days 00:00:00,4.292167,12927.07483,0.770372,0.67441,1.382328,0.470266
LAXMICOT,Success,0.002711799999815412,0.00016290000075969147,0.0005954999996902188,6.339999981719302e-05,0.005087300000013784,2017-03-31 09:15:00,2025-06-26 09:15:00,3009 days 00:00:00,100000.0,78261.85637,-21.738144,40.80402,100.0,169.483993,22.803772,258 days 00:00:00,2,2,0,0.0,0.0,-8.724428,-13.919765,0.0,-11.322097,0 days 00:00:00,47 days 00:00:00,0.0,-10869.071815,-0.428421,-0.211426,0.728532,-0.13472
LAXMIDENTL,Success,0.0017605000002731686,0.00014710000050399685,0.00038560000029974617,2.2399999579647556e-05,0.0031563000002279296,2025-01-20 09:15:00,2025-06-26 09:15:00,157 days 00:00:00,100000.0,100000.0,0.0,-20.652075,100.0,0.0,0.0,,0,0,0,0.0,,,,,,,,,,,,,
LCCINFOTEC,Success,0.0042860000003202,0.00017269999989366625,0.0005269000002954272,2.7400000362831634e-05,0.0065612000007604365,2000-03-02 09:15:00,2025-06-23 09:15:00,9244 days 00:00:00,100000.0,63753.780112,-36.24622,-97.865756,100.0,220.116314,36.24622,9244 days 00:00:00,3,3,0,0.0,0.0,-11.604716,-16.872613,0.0,-13.731239,0 days 00:00:00,5 days 08:00:00,0.0,-12082.073296,-1.074784,-0.125678,0.0,-0.178681
LEMONTREE,Success,0.0042126999996980885,0.00016999999934341758,0.0005538999994314509,3.790000027947826e-05,0.0065496000006532995,2018-04-09 09:15:00,2025-06-26 09:15:00,2635 days 00:00:00,100000.0,288714.6415,188.714641,92.854147,100.0,1487.413399,15.870706,64 days 00:00:00,7,7,0,0.0,71.428571,35.954853,-8.136691,28.308509,-7.806958,65 days 19:11:59,14 days 00:00:00,6.212445,26959.2345,0.993781,1.014949,1.621883,0.764576
LEXUS,Success,0.0021684000003006076,0.00014999999984866008,0.0006865999994261074,3.51999997292296e-05,0.00444950000019162,2023-03-13 09:15:00,2025-06-26 09:15:00,836 days 00:00:00,100000.0,82216.922646,-17.783077,-55.071475,100.0,82.265341,30.114492,210 days 00:00:00,1,1,0,0.0,0.0,-17.624512,-17.624512,0.0,-17.624512,0 days 00:00:00,144 days 00:00:00,0.0,-17783.077354,-0.322774,-0.276301,0.875798,-0.277629
LFIC,Success,0.004532099999778438,0.00018900000031862874,0.0005972999997538864,3.4499999856052455e-05,0.006920499999978347,2015-04-17 09:15:00,2025-06-26 09:15:00,3723 days 00:00:00,100000.0,118082.220111,18.08222,780.649087,100.0,205.233329,32.454379,891 days 00:00:00,2,2,0,0.0,50.0,35.981801,-12.816599,35.981801,-12.816599,98 days 00:00:00,90 days 00:00:00,2.392628,9041.110056,0.199339,0.058954,1.189905,0.130852
LGBBROSLTD,Success,0.00780399999985093,0.0002303000001120381,0.0005326999998942483,4.6299999667098746e-05,0.010298000000148022,2010-03-30 09:15:00,2025-06-26 09:15:00,5567 days 00:00:00,100000.0,85470.10243,-14.529898,1962.156706,100.0,932.447713,43.606785,5068 days 00:00:00,12,12,0,0.0,25.0,33.958496,-13.126373,29.02243,-9.422889,96 days 16:00:00,28 days 16:00:00,0.79772,-1210.824798,-0.028069,-0.02396,0.984172,-0.01558
LGHL,Success,0.0023774999999659485,0.00015900000016699778,0.00043449999975564424,3.0100000003585592e-05,0.004054100000757899,2023-11-10 09:15:00,2025-06-26 09:15:00,594 days 00:00:00,100000.0,126434.982695,26.434983,362.05042,100.0,126.440883,0.0,,1,1,0,0.0,100.0,26.720073,26.720073,26.720073,0.0,7 days 00:00:00,0 days 00:00:00,inf,26434.982695,1.859179,,,
LIBAS,Success,0.003670600000077684,0.0001756999999997788,0.0004506999994191574,3.679999917949317e-05,0.006194900000082271,2019-07-23 09:15:00,2025-06-26 09:15:00,2165 days 00:00:00,100000.0,74299.848187,-25.700152,-54.426938,100.0,161.193791,25.700152,2165 days 00:00:00,2,2,0,0.0,0.0,-13.057373,-14.204615,0.0,-13.630994,0 days 00:00:00,1 days 12:00:00,0.0,-12850.075906,-0.900305,-0.195785,0.0,-0.19836
LIBERTSHOE,Success,0.009867700000540935,0.0002508999996280181,0.0004841999998461688,4.309999985707691e-05,0.012716899999759335,1999-01-01 09:15:00,2025-06-26 09:15:00,9673 days 00:00:00,100000.0,57991.88747,-42.008113,1451.182651,100.0,975.727789,57.600787,9247 days 00:00:00,16,16,0,0.0,25.0,35.671517,-16.820797,29.333834,-11.983036,91 days 06:00:00,74 days 06:00:00,0.587325,-2625.507033,-0.059065,-0.0365,0.96955,-0.034121
LICHSGFIN,Success,0.010213399999884132,0.0002463999999235966,0.0005074999999123975,4.489999992074445e-05,0.013313299999936135,1999-01-01 09:15:00,2025-06-26 09:15:00,9673 days 00:00:00,100000.0,133432.446922,33.432447,7895.500874,100.0,2061.203563,42.738852,4559 days 00:00:00,18,18,0,0.0,33.333333,34.622169,-11.193229,25.532502,-8.19902,114 days 16:00:00,49 days 14:00:00,1.285013,1857.358162,0.151638,0.026137,1.071721,0.087933
LICI,Success,0.0026840999998967163,0.00015349999921454582,0.0005043000001023756,3.190000006725313e-05,0.004915999999866472,2022-05-17 09:15:00,2025-06-26 09:15:00,1136 days 00:00:00,100000.0,82800.105646,-17.199894,9.403028,100.0,172.950692,17.199894,1136 days 00:00:00,2,2,0,0.0,0.0,-8.680765,-9.044238,0.0,-8.862501,0 days 00:00:00,25 days 00:00:00,0.0,-8599.947177,-1.162455,-0.346517,0.411329,-0.401199
LIKHITHA,Success,0.002969699999994191,0.00016349999987141928,0.00045119999958842527,3.300000025774352e-05,0.005168700000467652,2020-10-15 09:15:00,2025-06-26 09:15:00,1715 days 00:00:00,100000.0,159074.511843,59.074512,326.593407,100.0,560.373561,16.216283,302 days 00:00:00,4,4,0,0.0,50.0,41.247684,-10.782093,39.419014,-9.127095,62 days 12:00:00,32 days 00:00:00,3.169926,14768.627961,0.636196,0.650767,1.438183,0.445863
LINC,Success,0.004615699999703793,0.0001764999997249106,0.0006874000000607339,4.259999968780903e-05,0.007158999999774096,2015-03-09 09:15:00,2025-06-26 09:15:00,3762 days 00:00:00,100000.0,114607.732337,14.607732,246.080781,100.0,896.802162,33.082379,1863 days 00:00:00,10,9,1,5622.51088,33.333333,42.556317,-13.501194,31.900208,-11.298375,39 days 16:00:00,70 days 16:00:00,1.125997,998.35794,0.162576,0.041005,1.082442,0.108111
LINCOLN,Success,0.004609800000253017,0.00018629999976838008,0.0004963999999745283,3.280000055383425e-05,0.007031899999674351,2015-12-17 09:15:00,2025-06-26 09:15:00,3479 days 00:00:00,100000.0,65230.480461,-34.76952,157.534885,100.0,510.322641,47.748078,3151 days 00:00:00,7,7,0,0.0,14.285714,17.007771,-13.32648,17.007771,-9.036599,23 days 00:00:00,71 days 12:00:00,0.226104,-4967.07422,-0.256295,-0.093476,0.887135,-0.173982
LINDEINDIA,Success,0.008753600000090955,0.0002279999998791027,0.00047200000062730396,4.160000025876798e-05,0.011478999999781081,2006-11-02 09:15:00,2025-06-26 09:15:00,6811 days 00:00:00,100000.0,455178.755732,355.178756,3600.617284,100.0,3908.139417,26.886743,746 days 00:00:00,16,15,1,-23756.95124,66.666667,42.512233,-14.29461,23.797046,-9.772375,68 days 09:36:00,16 days 19:12:00,4.143259,25262.380465,0.681241,0.321463,1.470495,0.346056
LLOYDSENGG,Success,0.007062499999847205,0.0002096999996865634,0.000507899999320216,3.819999983534217e-05,0.009623699999792734,2016-07-18 09:15:00,2025-06-26 09:15:00,3265 days 00:00:00,100000.0,99249.290383,-0.75071,2807.490634,100.0,821.12208,35.95608,2313 days 00:00:00,8,8,0,0.0,25.0,47.927921,-14.384784,44.162913,-11.315026,31 days 12:00:00,15 days 12:00:00,0.989955,-93.838702,0.05786,-0.002383,1.045146,0.03169
LLOYDSENT,Success,0.0019597000000430853,0.00013920000037614955,0.0003884999996444094,3.0499999411404133e-05,0.003686799999741197,2024-10-17 09:15:00,2025-06-26 09:15:00,252 days 00:00:00,100000.0,100000.0,0.0,49.018882,100.0,0.0,0.0,,0,0,0,0.0,,,,,,,,,,,,,
LLOYDSME,Success,0.0021171999997022795,0.000146399999721325,0.00044470000011642696,2.679999943211442e-05,0.004410900000038964,2023-07-17 09:15:00,2025-06-26 09:15:00,710 days 00:00:00,100000.0,150371.843114,50.371843,174.809165,100.0,242.911738,12.978218,211 days 00:00:00,3,2,1,35223.980298,50.0,28.8918,-10.367599,28.8918,-10.367599,110 days 00:00:00,12 days 00:00:00,2.125462,7573.931408,1.170671,1.823372,1.450688,1.039834
LMW,Success,0.009554199999911361,0.0002511000002414221,0.0005811000000903732,4.530000023805769e-05,0.012730000000374275,1999-01-04 09:15:00,2025-06-26 09:15:00,9670 days 00:00:00,100000.0,118852.671679,18.852672,8894.444444,100.0,2629.04132,43.112294,6468 days 00:00:00,23,23,0,0.0,30.434783,33.94087,-14.858935,22.498345,-7.149808,66 days 06:51:25,29 days 22:30:00,1.134066,819.681377,0.116882,0.01591,1.06998,0.059055
LODHA,Success,0.003275299999586423,0.0001795999996829778,0.00046689999999216525,3.5400000342633575e-05,0.005472300000292307,2021-04-19 09:15:00,2025-06-26 09:15:00,1529 days 00:00:00,100000.0,198325.382572,98.325383,519.623858,100.0,719.860159,22.140984,583 days 00:00:00,5,5,0,0.0,60.0,38.482258,-8.145069,33.687879,-8.143527,59 days 00:00:00,26 days 12:00:00,5.486185,19665.076514,1.058273,0.814271,1.577246,0.672713
LOKESHMACH,Success,0.00898349999988568,0.00022329999956127722,0.0004975000001650187,3.890000061801402e-05,0.012121799999476934,2006-05-05 09:15:00,2025-06-26 09:15:00,6992 days 00:00:00,100000.0,121995.166736,21.995167,-19.098501,100.0,1341.590416,54.379533,3599 days 00:00:00,11,11,0,0.0,36.363636,49.181407,-16.981654,36.703885,-13.558803,72 days 00:00:00,30 days 13:42:51,1.175321,1999.560612,0.145293,0.019741,1.099722,0.071336
LORDSCHLO,Success,0.002247499999612046,0.00017329999991488876,0.0004093000006832881,2.7600000066740904e-05,0.003755300000193529,2023-08-28 09:15:00,2025-06-26 09:15:00,668 days 00:00:00,100000.0,100000.0,0.0,-11.473619,100.0,0.0,0.0,,0,0,0,0.0,,,,,,,,,,,,,
LOTUSEYE,Success,0.007544099999904574,0.00021290000040607993,0.00047110000014072284,5.0999999984924216e-05,0.00996099999974831,2008-07-11 09:15:00,2025-06-26 09:15:00,6194 days 00:00:00,100000.0,168626.397878,68.626398,100.532948,100.0,875.983073,51.427751,4443 days 00:00:00,7,7,0,0.0,42.857143,62.600604,-17.099049,47.846385,-14.5326,98 days 08:00:00,78 days 06:00:00,1.940916,9803.771125,0.263195,0.06468,1.178384,0.123326
LOVABLE,Success,0.0074100000001635635,0.00020940000013069948,0.0006527000005007721,3.819999983534217e-05,0.009995100000196544,2011-03-24 09:15:00,2025-06-26 09:15:00,5208 days 00:00:00,100000.0,103776.841092,3.776841,-59.382889,100.0,817.630816,32.708062,4866 days 00:00:00,7,7,0,0.0,28.571429,36.011088,-11.955783,34.355436,-10.216741,38 days 12:00:00,70 days 14:23:59,1.05907,539.548727,0.082253,0.008114,1.060026,0.051472
LOYALTEX,Success,0.002413199999864446,0.00015520000033575343,0.0004088000005140202,3.120000019407598e-05,0.004566900000099849,2022-08-11 09:15:00,2025-06-26 09:15:00,1050 days 00:00:00,100000.0,89765.071315,-10.234929,-70.847302,100.0,89.518917,10.234929,1050 days 00:00:00,1,1,0,0.0,0.0,-10.089759,-10.089759,0.0,-10.089759,0 days 00:00:00,18 days 00:00:00,0.0,-10234.928685,-0.936487,-0.365836,0.363899,-0.272167
LPDC,Success,0.0074008000001413166,0.00021269999979267595,0.0006877000005260925,4.269999953976367e-05,0.010027299999819661,2008-08-12 09:15:00,2025-06-26 09:15:00,6162 days 00:00:00,100000.0,112233.679827,12.23368,-75.649794,100.0,772.719449,35.427262,1480 days 00:00:00,6,6,0,0.0,33.333333,47.951886,-16.195938,44.37477,-14.054082,143 days 00:00:00,7 days 06:00:00,1.157532,2038.946638,0.12474,0.021266,1.09815,0.054637
LT,Success,0.008547499999622232,0.00023640000017621787,0.0006720999999743071,6.230000053619733e-05,0.011575200000152108,2004-06-23 09:15:00,2025-06-26 09:15:00,7673 days 00:00:00,100000.0,159585.048372,59.585048,5079.065616,100.0,2514.74428,32.585851,3771 days 00:00:00,20,20,0,0.0,40.0,34.754135,-8.772238,17.488548,-6.178762,105 days 03:00:00,18 days 06:00:00,1.628402,2979.252419,0.294504,0.070347,1.142353,0.166139
LTF,Success,0.00813689999995404,0.00023289999990083743,0.0005046000005677342,3.980000019510044e-05,0.010812199999236327,2011-08-12 09:15:00,2025-06-26 09:15:00,5067 days 00:00:00,100000.0,68905.223619,-31.094776,342.815164,100.0,1270.274524,39.224277,3159 days 00:00:00,15,15,0,0.0,20.0,19.116615,-9.574532,18.166917,-6.776361,53 days 16:00:00,18 days 04:00:00,0.578192,-2072.985092,-0.197762,-0.068874,0.884967,-0.075312
LTFOODS,Success,0.008665400000609225,0.000225499999942258,0.0004724000000351225,4.540000009001233e-05,0.011351600000125472,2006-12-18 09:15:00,2025-06-26 09:15:00,6765 days 00:00:00,100000.0,73091.555607,-26.908444,8196.992325,100.0,2419.797695,49.340219,2899 days 00:00:00,23,23,0,0.0,26.086957,42.254747,-18.8423,32.472447,-10.772915,59 days 00:00:00,40 days 12:42:21,0.870112,-1169.932365,-0.011979,-0.034686,0.994688,-0.008246
LTIM,Success,0.0045196999999461696,0.00017840000055002747,0.0005466000002343208,3.960000049119117e-05,0.006942500000150176,2016-07-21 09:15:00,2025-06-26 09:15:00,3262 days 00:00:00,100000.0,96091.803156,-3.908197,670.212178,100.0,599.567068,20.600455,2444 days 00:00:00,6,6,0,0.0,33.333333,15.96808,-9.794737,13.089448,-6.698808,98 days 00:00:00,24 days 06:00:00,0.863298,-651.366141,-0.026431,-0.021997,0.984948,-0.011871
LTTS,Success,0.004324999999880674,0.00017699999989417847,0.000547000000551634,3.66000003850786e-05,0.006779199999982666,2016-09-23 09:15:00,2025-06-26 09:15:00,3198 days 00:00:00,100000.0,127262.0316,27.262032,397.03107,100.0,472.332378,14.937673,2408 days 00:00:00,4,4,0,0.0,50.0,24.816753,-6.115363,20.994255,-6.073464,12 days 12:00:00,11 days 12:00:00,2.815155,6815.5079,0.39237,0.190157,2.08278,0.206681
LUMAXIND,Success,0.00939970000035828,0.0002505000002201996,0.0005409999994299142,4.459999945538584e-05,0.01227889999972831,1999-01-01 09:15:00,2025-06-26 09:15:00,9673 days 00:00:00,100000.0,156240.407522,56.240408,10487.762016,100.0,2728.899869,46.196355,5483 days 00:00:00,17,17,0,0.0,29.411765,53.920198,-12.252994,37.191489,-8.680541,92 days 00:00:00,36 days 08:00:00,1.315807,3308.259266,0.1951,0.03904,1.126518,0.114504
LUMAXTECH,Success,0.008899700000256416,0.00023380000038741855,0.00047840000024734763,5.109999983687885e-05,0.01135569999951258,2007-01-16 09:15:00,2025-06-26 09:15:00,6736 days 00:00:00,100000.0,122605.761132,22.605761,5214.137308,100.0,1015.819837,47.580702,3829 days 00:00:00,9,9,0,0.0,33.333333,41.957797,-12.513085,32.897446,-9.874053,52 days 00:00:00,56 days 12:00:00,1.316944,2511.751237,0.154486,0.024151,1.101747,0.081069
LUPIN,Success,0.009608599999410217,0.00026620000062393956,0.00047730000005685724,4.6099999963189475e-05,0.012202600000819075,2001-09-10 09:15:00,2025-06-26 09:15:00,8690 days 00:00:00,100000.0,92395.285219,-7.604715,23856.257074,100.0,1749.097794,55.785535,7703 days 00:00:00,18,18,0,0.0,27.777778,46.614445,-15.327276,24.119868,-8.071355,120 days 00:00:00,20 days 18:27:41,0.932825,-422.484155,0.028326,-0.006054,1.017123,0.013733
LUXIND,Success,0.0046559999991586665,0.00017639999987295596,0.0005455000000438304,3.4300000152143184e-05,0.007011300000158371,2015-12-01 09:15:00,2025-06-26 09:15:00,3495 days 00:00:00,100000.0,162819.967798,62.819968,107.229677,100.0,820.452276,13.798079,305 days 00:00:00,6,6,0,0.0,50.0,33.763412,-8.18931,26.940787,-6.784756,46 days 00:00:00,33 days 00:00:00,3.077163,10469.994633,0.648113,0.385558,1.514429,0.304537
LXCHEM,Success,0.003212500000699947,0.0001643999994485057,0.00047670000003563473,3.290000040578889e-05,0.005375400000048103,2021-03-25 09:15:00,2025-06-26 09:15:00,1554 days 00:00:00,100000.0,81155.503363,-18.844497,20.304044,100.0,168.147937,18.844497,1554 days 00:00:00,2,2,0,0.0,0.0,-6.672022,-12.715768,0.0,-9.693895,0 days 00:00:00,16 days 00:00:00,0.0,-9422.248318,-0.771403,-0.258176,0.402706,-0.174868
LYKALABS,Success,0.00966229999994539,0.00027430000045569614,0.0005689999998139683,5.18000006195507e-05,0.012512899999819638,1999-01-01 09:15:00,2025-06-26 09:15:00,9673 days 00:00:00,100000.0,653680.036533,553.680037,462.243902,100.0,9305.27984,45.77266,2239 days 00:00:00,17,17,0,0.0,47.058824,71.232584,-24.496878,51.833624,-14.295906,78 days 00:00:00,36 days 10:40:00,1.707057,32569.413914,0.464706,0.17269,1.276997,0.317568
LYPSAGEMS,Success,0.006936899999345769,0.0002274999997098348,0.00046750000001338776,3.7599999814119656e-05,0.009247800000593998,2013-11-05 09:15:00,2025-06-26 09:15:00,4251 days 00:00:00,100000.0,52052.181253,-47.947819,-88.79528,100.0,353.293587,52.838242,2999 days 00:00:00,5,5,0,0.0,0.0,-8.4581,-14.127262,0.0,-12.036884,0 days 00:00:00,37 days 09:35:59,0.0,-9589.563749,-0.594853,-0.105164,0.614433,-0.191422
M&M,Success,0.0080800999994608,0.0002676999993127538,0.00052629999936471,4.9199999921256676e-05,0.010690600000089034,2006-11-02 09:15:00,2025-06-26 09:15:00,6811 days 00:00:00,100000.0,93962.580756,-6.037419,1555.602012,100.0,854.601629,36.709453,6811 days 00:00:00,11,11,0,0.0,27.272727,23.941039,-8.459831,18.252447,-6.471964,56 days 08:00:00,24 days 12:00:00,0.863571,-548.856295,-0.01451,-0.009259,0.989169,-0.005383
M&MFIN,Success,0.00931979999950272,0.00028560000009747455,0.0006457999998019659,4.979999994247919e-05,0.012274899999283662,2006-11-02 09:15:00,2025-06-26 09:15:00,6811 days 00:00:00,100000.0,116616.482106,16.616482,832.909431,100.0,1269.393535,44.443383,6349 days 00:00:00,13,13,0,0.0,38.461538,30.048114,-21.507474,25.350763,-11.061727,76 days 09:36:00,59 days 03:00:00,1.178872,1278.190931,0.12963,0.018995,1.065989,0.073489
MAANALU,Success,0.0077577000001838314,0.0002508999996280181,0.0004791999999724794,3.9399999877787195e-05,0.010084699999424629,2011-03-16 09:15:00,2025-06-26 09:15:00,5216 days 00:00:00,100000.0,184986.590144,84.98659,4835.698414,100.0,465.711591,29.281787,1022 days 00:00:00,3,3,0,0.0,66.666667,52.071555,-15.151373,48.150983,-15.151373,64 days 00:00:00,48 days 00:00:00,4.655367,28328.863381,0.491606,0.16465,1.560955,0.226938
MACPOWER,Success,0.0029291000000739587,0.00015890000031504314,0.0006308000001808978,3.389999983482994e-05,0.00525870000001305,2020-08-19 09:15:00,2025-06-26 09:15:00,1772 days 00:00:00,100000.0,113215.307117,13.215307,1826.177097,100.0,901.50503,38.390163,342 days 00:00:00,7,7,0,0.0,28.571429,48.31462,-13.529783,40.646331,-10.192568,129 days 00:00:00,36 days 09:35:59,1.186958,1887.901017,0.226695,0.068442,1.082373,0.231742
MADHAV,Success,0.00799989999995887,0.00021610000021610176,0.0004595000000335858,3.7400000110210385e-05,0.010444700000334706,2007-12-20 09:15:00,2025-06-26 09:15:00,6398 days 00:00:00,100000.0,22868.29116,-77.131709,-55.7669,100.0,719.941379,83.377541,5400 days 00:00:00,12,12,0,0.0,8.333333,37.78169,-24.599802,37.78169,-14.786145,18 days 00:00:00,50 days 21:49:05,0.286412,-6427.642403,-0.448437,-0.103712,0.760452,-0.224436
MADHUCON,Success,0.008557900000596419,0.0002508999996280181,0.0005136000008860719,4.329999956098618e-05,0.011120600000140257,2006-10-05 09:15:00,2025-06-26 09:15:00,6839 days 00:00:00,100000.0,270791.708017,170.791708,-94.194439,100.0,2340.055313,28.606103,3339 days 00:00:00,12,12,0,0.0,50.0,48.758869,-17.879051,36.736951,-12.991461,32 days 04:00:00,29 days 04:00:00,2.101597,14232.642335,0.487712,0.196252,1.427341,0.238148
MADRASFERT,Success,0.009027200000673474,0.00023830000009184005,0.0005013999998482177,4.160000025876798e-05,0.011916999999812106,1999-01-04 09:15:00,2025-06-26 09:15:00,9670 days 00:00:00,100000.0,51056.982058,-48.943018,1020.969697,100.0,902.854166,71.081035,9375 days 00:00:00,17,16,1,1822.654872,25.0,38.624546,-22.641969,36.185606,-14.629495,35 days 18:00:00,47 days 02:00:00,0.569252,-3172.854551,-0.079931,-0.039378,0.949471,-0.042827
MAGADSUGAR,Success,0.004375500000605825,0.00016990000040095765,0.0005367000003388966,3.270000070187962e-05,0.0068133000004309,2017-07-28 09:15:00,2025-06-26 09:15:00,2890 days 00:00:00,100000.0,129422.616914,29.422617,226.650604,100.0,400.131402,26.784245,1457 days 00:00:00,4,4,0,0.0,50.0,28.1648,-10.363993,27.300841,-10.197994,17 days 12:00:00,53 days 00:00:00,2.497211,7355.654228,0.372688,0.125881,1.338547,0.183435
MAGNUM,Success,0.007750499999929161,0.0002082999999402091,0.0004540999998425832,3.7599999814119656e-05,0.010228699999970559,2007-09-20 09:15:00,2025-06-26 09:15:00,6489 days 00:00:00,100000.0,115776.391069,15.776391,-45.948524,100.0,673.043838,51.339099,2968 days 00:00:00,8,8,0,0.0,37.5,47.663141,-19.318134,40.983567,-15.87421,20 days 08:00:00,8 days 19:12:00,1.221349,1972.048884,0.135603,0.017983,1.182209,0.044835
MAHABANK,Success,0.008788399999502872,0.00033489999987068586,0.0004777000003741705,4.400000034365803e-05,0.011599699999351287,2004-04-12 09:15:00,2025-06-26 09:15:00,7745 days 00:00:00,100000.0,188252.48076,88.252481,36.823387,100.0,2314.370106,39.383755,4668 days 00:00:00,18,18,0,0.0,38.888889,37.250113,-17.952747,29.043334,-9.522451,58 days 03:25:42,38 days 21:49:05,1.636306,4902.915598,0.299845,0.078329,1.178192,0.147448
MAHAPEXLTD,Success,0.004421300000103656,0.00017159999970317585,0.0004326999996919767,3.749999996216502e-05,0.00670920000084152,2018-04-05 09:15:00,2025-06-26 09:15:00,2639 days 00:00:00,100000.0,52572.446242,-47.427554,-26.84227,100.0,331.832548,50.994237,1767 days 00:00:00,5,5,0,0.0,0.0,-7.676566,-16.123264,0.0,-11.844381,0 days 00:00:00,35 days 09:35:59,0.0,-9485.510752,-0.627122,-0.173985,0.701337,-0.323351
MAHASTEEL,Success,0.004479900000660564,0.000189200000022538,0.0005812999997942825,3.3799999982875306e-05,0.00716030000057799,2016-07-01 09:15:00,2025-06-26 09:15:00,3282 days 00:00:00,100000.0,74746.016649,-25.253983,157.100149,100.0,438.086365,33.449627,1729 days 00:00:00,5,5,0,0.0,20.0,35.261304,-19.847299,35.261304,-13.452406,30 days 00:00:00,40 days 06:00:00,0.525493,-5050.79667,-0.275186,-0.096949,0.830086,-0.117081
MAHEPC,Success,0.0029765999997835024,0.00016239999968092889,0.00043649999952322105,2.9099999665049836e-05,0.00518370000008872,2020-02-14 09:15:00,2025-06-26 09:15:00,1959 days 00:00:00,100000.0,82311.202552,-17.688797,-1.748894,100.0,173.000565,23.635338,905 days 00:00:00,2,2,0,0.0,0.0,-9.064983,-9.137552,0.0,-9.101267,0 days 00:00:00,59 days 00:00:00,0.0,-8844.398724,-0.493416,-0.153097,0.72349,-0.212534
MAHESHWARI,Success,0.0038752000000386033,0.00017139999999926658,0.0004318000001148903,3.20999997711624e-05,0.005501900000126625,2019-04-15 09:15:00,2025-06-26 09:15:00,2264 days 00:00:00,100000.0,100000.0,0.0,-54.022624,100.0,0.0,0.0,,0,0,0,0.0,,,,,,,,,,,,,
MAHLIFE,Success,0.008594900000389316,0.0002485999993950827,0.00047679999988758937,3.710000055434648e-05,0.01100750000023254,2007-11-23 09:15:00,2025-06-26 09:15:00,6425 days 00:00:00,100000.0,135940.681902,35.940682,95.427102,100.0,1371.284547,27.186593,3488 days 00:00:00,10,10,0,0.0,30.0,49.465393,-9.663359,37.42779,-8.437191,83 days 16:00:00,38 days 17:08:34,1.414025,3594.06819,0.214351,0.066105,1.150124,0.122394
MAHLOG,Success,0.004100400000424997,0.00017190000016853446,0.000527700000020559,4.5700000555370934e-05,0.006451600000218605,2017-11-10 09:15:00,2025-06-26 09:15:00,2785 days 00:00:00,100000.0,134923.209636,34.92321,-21.45518,100.0,742.893432,20.940128,632 days 00:00:00,5,5,0,0.0,40.0,31.076527,-8.218637,30.900493,-7.32261,94 days 04:22:30,17 days 16:00:00,1.981777,6984.641927,0.39775,0.19469,1.263172,0.222271
MAHSCOOTER,Success,0.009879500000351982,0.0002482999998392188,0.00047979999999370193,3.909999941242859e-05,0.012905900000077963,1999-01-01 09:15:00,2025-06-26 09:15:00,9673 days 00:00:00,100000.0,357217.612723,257.217613,20895.562751,100.0,3161.717943,17.11011,1205 days 00:00:00,12,12,0,0.0,66.666667,34.445754,-11.335753,23.489691,-8.877216,47 days 10:05:37,9 days 03:48:45,3.414132,21434.80106,0.587465,0.309229,1.777499,0.306955
MAHSEAMLES,Success,0.010189700000410085,0.00027800000043498585,0.0005281000003378722,4.7200000153679866e-05,0.012991900000088208,1999-01-01 09:15:00,2025-06-26 09:15:00,9673 days 00:00:00,100000.0,212100.586991,112.100587,21252.982396,100.0,2941.195337,41.580846,2225 days 00:00:00,20,20,0,0.0,40.0,43.481627,-16.9778,28.703201,-9.560053,94 days 12:00:00,78 days 22:00:00,1.666929,5605.02935,0.27782,0.070882,1.124278,0.178993
MAITHANALL,Success,0.0073597000000518165,0.00028509999992820667,0.00048179999976127874,4.11000000895001e-05,0.009839199999987613,2011-07-05 09:15:00,2025-06-26 09:15:00,5105 days 00:00:00,100000.0,164304.622939,64.304623,1580.24607,100.0,926.012317,32.200111,2331 days 00:00:00,7,7,0,0.0,57.142857,33.036987,-20.253043,27.993941,-14.456821,69 days 18:00:00,48 days 00:00:00,2.103398,9186.374706,0.364996,0.120841,1.246962,0.170698
MALLCOM,Success,0.0025042000006578746,0.0001503000003140187,0.00043029999960708665,2.6599999728205148e-05,0.004845700000259967,2022-02-02 09:15:00,2025-06-26 09:15:00,1240 days 00:00:00,100000.0,91839.224562,-8.160775,40.69207,100.0,91.9123,8.767324,615 days 00:00:00,1,1,0,0.0,0.0,-7.978454,-7.978454,0.0,-7.978454,0 days 00:00:00,5 days 00:00:00,0.0,-8160.775438,-0.707086,-0.286601,0.074161,-0.265674
MALUPAPER,Success,0.008079600000201026,0.00022630000057688449,0.00047730000005685724,3.760000072361436e-05,0.010480499999175663,2006-04-05 09:15:00,2025-06-26 09:15:00,7022 days 00:00:00,100000.0,78197.924392,-21.802076,26.74884,100.0,593.521728,57.9611,6791 days 00:00:00,7,7,0,0.0,28.571429,36.682231,-26.649767,33.214331,-14.632512,46 days 00:00:00,8 days 19:12:00,0.697845,-3114.58223,-0.058727,-0.024141,0.919887,-0.013575
MAMATA,Success,0.001957600000423554,0.00015770000027259812,0.0004260000005160691,2.8700000257231295e-05,0.003544799999872339,2024-12-27 09:15:00,2025-06-26 09:15:00,181 days 00:00:00,100000.0,100000.0,0.0,-34.896825,100.0,0.0,0.0,,0,0,0,0.0,,,,,,,,,,,,,
MANAKALUCO,Success,0.004367800000181887,0.00017720000050758244,0.0004345999996075989,3.0199999855540227e-05,0.006570300000021234,2015-03-30 09:15:00,2025-06-26 09:15:00,3741 days 00:00:00,100000.0,83996.391559,-16.003608,43.222222,100.0,658.7417,40.320057,2324 days 00:00:00,7,7,0,0.0,28.571429,53.986002,-24.989646,43.357978,-15.921562,72 days 12:00:00,26 days 14:24:00,0.804739,-2286.229777,-0.026468,-0.042794,0.983953,-0.013695
MANAKCOAT,Success,0.004789800000253308,0.0002266000001327484,0.00043959999948128825,9.329999920737464e-05,0.007202599999800441,2015-03-30 09:15:00,2025-06-26 09:15:00,3741 days 00:00:00,100000.0,89166.793906,-10.833206,619.833333,100.0,357.191815,43.67035,2680 days 00:00:00,5,5,0,0.0,40.0,30.377757,-23.277462,25.605805,-16.87694,66 days 00:00:00,32 days 16:00:00,0.749039,-2166.641219,-0.028401,-0.026137,0.982168,-0.013239
MANAKSIA,Success,0.00804340000013326,0.00022450000051321695,0.0005024000001867535,3.749999996216502e-05,0.010526400000344438,2008-01-08 09:15:00,2025-06-26 09:15:00,6379 days 00:00:00,100000.0,264121.825392,164.121825,42.638546,100.0,1599.250109,35.115687,2338 days 00:00:00,10,10,0,0.0,50.0,43.593996,-12.717734,38.149862,-11.68284,98 days 04:48:00,58 days 00:00:00,2.832262,16412.182539,0.426717,0.16812,1.253641,0.28052
MANAKSTEEL,Success,0.0044524999993882375,0.0001781999999366235,0.0004428000002008048,3.440000000409782e-05,0.006588800000827177,2015-03-30 09:15:00,2025-06-26 09:15:00,3741 days 00:00:00,100000.0,102174.104527,2.174105,239.111111,100.0,659.426796,45.634464,2723 days 00:00:00,6,6,0,0.0,33.333333,53.911971,-23.351828,48.270044,-17.070654,58 days 00:00:00,41 days 12:00:00,1.025975,362.350754,0.097178,0.004705,1.058209,0.051861
MANALIPETC,Success,0.007881200000156241,0.00021159999960218556,0.0006422999995265855,4.2099999518541154e-05,0.010688800000025367,2006-12-06 09:15:00,2025-06-26 09:15:00,6777 days 00:00:00,100000.0,140562.424605,40.562425,397.785714,100.0,1212.395565,40.732214,3494 days 00:00:00,9,9,0,0.0,44.444444,45.638101,-21.014276,34.457552,-14.995916,40 days 06:00:00,61 days 04:48:00,1.371578,4506.936067,0.199408,0.048256,1.145084,0.085167
MANAPPURAM,Success,0.00862299999971583,0.0002328000000488828,0.0004898000006505754,4.470000021683518e-05,0.011377000000720727,2010-06-30 09:15:00,2025-06-26 09:15:00,5475 days 00:00:00,100000.0,159349.691122,59.349691,649.418982,100.0,1728.187358,37.967341,2306 days 00:00:00,16,16,0,0.0,37.5,32.758509,-13.922031,27.730359,-9.169912,96 days 20:00:00,43 days 04:48:00,1.605001,3709.355695,0.268569,0.084666,1.114053,0.204804
MANBA,Success,0.0019746999996641534,0.00014279999959398992,0.00038999999924271833,2.8399999791872688e-05,0.004150999999183114,2024-09-30 09:15:00,2025-06-26 09:15:00,269 days 00:00:00,100000.0,85479.202464,-14.520798,0.052545,100.0,85.540696,14.520798,269 days 00:00:00,1,1,0,0.0,0.0,-14.353168,-14.353168,0.0,-14.353168,0 days 00:00:00,44 days 00:00:00,0.0,-14520.797536,-1.709712,-1.331624,0.534737,-1.161239
MANCREDIT,Success,0.0018140000001949375,0.00014139999984763563,0.0003794999993260717,2.499999936844688e-05,0.0032879999998840503,2024-08-16 09:15:00,2025-06-26 09:15:00,314 days 00:00:00,100000.0,100000.0,0.0,37.080121,100.0,0.0,0.0,,0,0,0,0.0,,,,,,,,,,,,,
MANGALAM,Success,0.00800840000010794,0.0002213000007031951,0.0005596999999397667,3.9200000173877925e-05,0.010569699999905424,2005-05-23 09:15:00,2025-06-26 09:15:00,7339 days 00:00:00,100000.0,140327.744643,40.327745,121.7647,100.0,1100.577105,43.866259,2996 days 00:00:00,11,11,0,0.0,36.363636,56.511319,-19.675674,43.609794,-14.268858,67 days 00:00:00,30 days 17:08:34,1.38596,3666.158604,0.192417,0.041452,1.137925,0.110864
MANGCHEFER,Success,0.008134799999425013,0.0002875000000130967,0.0004845000003115274,3.819999983534217e-05,0.01082100000076025,2007-10-22 09:15:00,2025-06-26 09:15:00,6457 days 00:00:00,100000.0,89697.014237,-10.302986,766.344633,100.0,1075.027547,43.800347,3992 days 00:00:00,11,11,0,0.0,27.272727,35.661701,-16.216408,30.06654,-10.278698,115 days 16:00:00,43 days 03:00:00,0.879918,-936.635069,0.018711,-0.014482,1.009901,0.010517
MANGLMCEM,Success,0.009459300000344228,0.00023810000038793078,0.0005777000005764421,4.3399999412940815e-05,0.012176299999737239,1999-01-01 09:15:00,2025-06-26 09:15:00,9673 days 00:00:00,100000.0,480355.883684,380.355884,8232.768362,100.0,3412.468244,36.506944,101 days 00:00:00,14,14,0,0.0,57.142857,74.207478,-20.790032,36.893698,-13.413645,92 days 00:00:00,38 days 20:00:00,3.205332,27168.277406,0.47801,0.174999,1.315643,0.294273
MANINDS,Success,0.00858559999960562,0.00023039999996399274,0.00047710000035294797,3.930000002583256e-05,0.01110679999965214,2005-06-24 09:15:00,2025-06-26 09:15:00,7307 days 00:00:00,100000.0,59461.727646,-40.538272,333.510922,100.0,1381.146506,67.177981,6474 days 00:00:00,16,16,0,0.0,25.0,40.996545,-17.456934,31.88962,-12.364628,60 days 18:00:00,24 days 06:00:00,0.703683,-2533.642022,-0.126142,-0.03894,0.915435,-0.056915
MANINFRA,Success,0.007615500000611064,0.0002823000004354981,0.0004990000006728224,3.670000023703324e-05,0.010214199999609264,2010-03-11 09:15:00,2025-06-26 09:15:00,5586 days 00:00:00,100000.0,137227.420822,37.227421,283.328558,100.0,993.205058,25.44671,493 days 00:00:00,7,7,0,0.0,42.857143,30.720425,-9.346864,26.93554,-9.152732,34 days 08:00:00,24 days 06:00:00,1.662579,5318.202975,0.336013,0.083635,1.341326,0.126224
MANKIND,Success,0.002243300000372983,0.0001449999999749707,0.0005193999995753984,3.319999996165279e-05,0.004388500000459317,2023-05-09 09:15:00,2025-06-26 09:15:00,779 days 00:00:00,100000.0,101259.561525,1.259562,61.955987,100.0,324.964116,20.97279,185 days 00:00:00,3,3,0,0.0,33.333333,18.673615,-7.44173,18.673615,-7.432524,119 days 00:00:00,46 days 00:00:00,1.073821,419.853842,0.121064,0.028354,1.039352,0.097313
MANOMAY,Success,0.0020595000005414477,0.00015350000012404053,0.00038750000021536835,2.8000000384054147e-05,0.004151000000092608,2023-01-18 09:15:00,2025-06-26 09:15:00,890 days 00:00:00,100000.0,69859.856434,-30.140144,31.355196,100.0,237.839327,40.601876,430 days 00:00:00,3,3,0,0.0,0.0,-10.417931,-11.898945,0.0,-11.102636,0 days 00:00:00,32 days 16:00:00,0.0,-10046.714522,-0.825179,-0.346038,0.626075,-0.342114
MANORAMA,Success,0.0021508999998332,0.00014139999984763563,0.0004467999997359584,2.2200000785232987e-05,0.004120600000533159,2022-07-01 09:15:00,2025-06-26 09:15:00,1091 days 00:00:00,100000.0,89156.824023,-10.843176,592.401423,100.0,88.17757,10.843176,1091 days 00:00:00,1,1,0,0.0,0.0,-10.78191,-10.78191,0.0,-10.78191,0 days 00:00:00,13 days 00:00:00,0.0,-10843.175977,-0.740817,-0.353036,0.329056,-0.121846
MANORG,Success,0.0022702999995090067,0.00016089999917312525,0.000541499999599182,2.8499999643827323e-05,0.004566800000247895,2021-11-02 09:15:00,2025-06-26 09:15:00,1332 days 00:00:00,100000.0,83230.331261,-16.769669,-36.646648,100.0,172.925581,22.686873,702 days 00:00:00,2,2,0,0.0,0.0,-7.044463,-10.118334,0.0,-8.581399,0 days 00:00:00,45 days 00:00:00,0.0,-8384.834369,-0.622838,-0.219398,0.664458,-0.298194
MANUGRAPH,Success,0.008134900000186462,0.00021809999998367857,0.0004693000000770553,3.97000003431458e-05,0.010648999999830266,2006-09-14 09:15:00,2025-06-26 09:15:00,6860 days 00:00:00,100000.0,252581.371152,152.581371,-91.196028,100.0,729.755888,31.765506,127 days 00:00:00,4,4,0,0.0,75.0,58.131026,-15.985448,45.027047,-15.985448,245 days 16:00:00,165 days 00:00:00,6.986412,38145.342788,0.376631,0.163956,1.199031,0.257329
MANYAVAR,Success,0.002523500000279455,0.00015040000016597332,0.00039370000013150275,3.569999989849748e-05,0.004681000000346103,2022-02-16 09:15:00,2025-06-26 09:15:00,1226 days 00:00:00,100000.0,159353.705449,59.353705,-14.139574,100.0,290.130418,13.165946,38 days 00:00:00,2,2,0,0.0,100.0,32.284911,21.258649,26.77178,0.0,66 days 00:00:00,0 days 00:00:00,inf,29676.852724,1.263405,1.149787,2.097131,1.134131
MAPMYINDIA,Success,0.0023186000007626717,0.00015869999970163917,0.0004062000007252209,5.669999973179074e-05,0.00466469999992114,2021-12-21 09:15:00,2025-06-26 09:15:00,1283 days 00:00:00,100000.0,102747.04401,2.747044,26.911348,100.0,305.864625,13.973151,318 days 00:00:00,3,3,0,0.0,33.333333,24.370556,-9.965307,24.370556,-8.789515,37 days 00:00:00,36 days 12:00:00,1.14324,915.681337,0.121251,0.056203,1.090953,0.098083
MARALOVER,Success,0.009344099999907485,0.0002451999998811516,0.0004782999994858983,4.040000021632295e-05,0.01192319999972824,1999-01-01 09:15:00,2025-06-26 09:15:00,9673 days 00:00:00,100000.0,269530.234072,169.530234,88.254777,100.0,2517.921342,42.748198,4690 days 00:00:00,16,16,0,0.0,43.75,60.852228,-18.661009,43.417594,-15.203554,61 days 00:00:00,25 days 16:00:00,1.804334,10595.639629,0.327026,0.09501,1.236265,0.174006
MARATHON,Success,0.0043474000003698166,0.00017519999983051093,0.00044439999965106836,3.100000049016671e-05,0.006464600000072096,2016-09-29 09:15:00,2025-06-26 09:15:00,3192 days 00:00:00,100000.0,65589.760174,-34.41024,444.194033,100.0,425.154595,43.494142,3192 days 00:00:00,6,6,0,0.0,16.666667,24.815014,-13.339684,24.815014,-11.84957,90 days 00:00:00,24 days 14:24:00,0.291817,-5735.039971,-0.453609,-0.110142,0.746197,-0.173317
MARICO,Success,0.00861590000022261,0.00030440000045928173,0.0005989999999655993,3.889999970851932e-05,0.011424699999224686,2005-06-14 09:15:00,2025-06-26 09:15:00,7317 days 00:00:00,100000.0,110334.206963,10.334207,5487.612788,100.0,2162.537356,36.489256,2843 days 00:00:00,17,17,0,0.0,29.411765,24.886128,-17.121365,22.107534,-6.88219,107 days 19:12:00,35 days 14:00:00,1.095149,607.894527,0.100287,0.013755,1.049697,0.05257
MARINE,Success,0.003907799999979034,0.00016350000078091398,0.0004554999995889375,2.89999998130952e-05,0.006114799999522802,2018-10-26 09:15:00,2025-06-26 09:15:00,2435 days 00:00:00,100000.0,113456.516081,13.456516,1471.501504,100.0,384.206737,21.751256,994 days 00:00:00,3,3,0,0.0,33.333333,43.876893,-11.451344,43.876893,-10.928667,34 days 00:00:00,11 days 00:00:00,1.446775,4485.50536,0.293078,0.091753,1.37909,0.106223
MARKSANS,Success,0.009132000000136031,0.0002673999997568899,0.0005165000002307352,4.149999949731864e-05,0.011989900000116904,2005-11-14 09:15:00,2025-06-26 09:15:00,7164 days 00:00:00,100000.0,77145.925202,-22.854075,1017.367656,100.0,1076.054016,52.788486,3468 days 00:00:00,12,12,0,0.0,25.0,46.04589,-16.990973,34.202243,-11.541128,56 days 16:00:00,38 days 08:00:00,0.779322,-1904.506233,-0.018145,-0.025384,0.988377,-0.008264
MARUTI,Success,0.008511600000019826,0.0002330999996047467,0.0007304999999178108,4.910000006930204e-05,0.011275999999270425,2003-07-09 09:15:00,2025-06-26 09:15:00,8023 days 00:00:00,100000.0,113598.998933,13.598999,7638.89227,100.0,1945.932462,34.569669,638 days 00:00:00,17,17,0,0.0,29.411765,27.100496,-11.212397,19.843665,-6.022305,80 days 00:00:00,48 days 02:00:00,1.157583,799.941114,0.109879,0.017146,1.056803,0.058189
MASFIN,Success,0.004199900000458001,0.00017270000080316095,0.0004515000000537839,3.259999994043028e-05,0.006482400000095367,2017-10-18 09:15:00,2025-06-26 09:15:00,2808 days 00:00:00,100000.0,95787.770945,-4.212229,41.633695,100.0,287.156129,12.347502,2148 days 00:00:00,3,3,0,0.0,33.333333,16.185795,-11.131775,16.185795,-8.904663,55 days 00:00:00,36 days 00:00:00,0.770295,-1404.076352,-0.054206,-0.045974,0.953386,-0.021106
MASKINVEST,Success,0.002779200000077253,0.00015699999948992627,0.00045419999969453784,2.9799999538226984e-05,0.005031000000599306,2016-10-14 09:15:00,2025-06-26 09:15:00,3177 days 00:00:00,100000.0,67368.665783,-32.631334,965.333333,100.0,235.175892,32.631334,3177 days 00:00:00,3,3,0,0.0,0.0,-10.909219,-14.29136,0.0,-12.152377,0 days 00:00:00,18 days 16:00:00,0.0,-10877.111406,-0.711691,-0.2326,0.541484,-0.231016
MASTEK,Success,0.009853599999587459,0.0002786999993986683,0.0005230999995546881,4.3000000005122274e-05,0.0126153000001068,1999-01-01 09:15:00,2025-06-26 09:15:00,9673 days 00:00:00,100000.0,83731.438504,-16.268561,10798.150562,100.0,1242.180396,53.987867,5696 days 00:00:00,14,14,0,0.0,28.571429,39.294915,-23.650641,34.412801,-12.348048,41 days 18:00:00,35 days 19:11:59,0.858812,-1162.040107,0.006257,-0.012627,1.00501,0.00234
MASTERTR,Success,0.001934100000653416,0.00014340000052470714,0.00043709999954444356,2.6300000172341242e-05,0.0036351999997350504,2024-11-12 09:15:00,2025-06-26 09:15:00,226 days 00:00:00,100000.0,100000.0,0.0,-15.074746,100.0,0.0,0.0,,0,0,0,0.0,,,,,,,,,,,,,
MATRIMONY,Success,0.0040169000003515976,0.00017070000012608944,0.00047820000054343836,3.130000004603062e-05,0.006207200000062585,2017-09-21 09:15:00,2025-06-26 09:15:00,2835 days 00:00:00,100000.0,76529.236015,-23.470764,-40.485272,100.0,167.027957,32.959196,2220 days 00:00:00,2,2,0,0.0,0.0,-8.457253,-16.211093,0.0,-12.334173,0 days 00:00:00,167 days 12:00:00,0.0,-11735.381992,-0.192747,-0.104567,0.907844,-0.104911
MAWANASUG,Success,0.008032200000343437,0.00022739999985788018,0.0005126000005475362,3.670000023703324e-05,0.010584100000414765,2009-03-20 09:15:00,2025-06-26 09:15:00,5942 days 00:00:00,100000.0,53790.663156,-46.209337,556.025641,100.0,272.858356,50.796486,3990 days 00:00:00,4,4,0,0.0,0.0,-10.944203,-16.624665,0.0,-14.169536,0 days 00:00:00,50 days 12:00:00,0.0,-11552.334211,-0.392444,-0.076834,0.702184,-0.106017
MAXESTATES,Success,0.0021717999998145388,0.00016389999927923782,0.0004135999997743056,2.5400000595254824e-05,0.004201799999464129,2023-10-30 09:15:00,2025-06-26 09:15:00,605 days 00:00:00,100000.0,71860.881205,-28.139119,78.343055,100.0,241.634124,28.733795,506 days 00:00:00,3,3,0,0.0,0.0,-9.59215,-10.880317,0.0,-10.291109,0 days 00:00:00,27 days 08:00:00,0.0,-9379.706265,-1.25401,-0.635479,0.589077,-0.790145
MAXHEALTH,Success,0.0027191999997739913,0.00016060000052675605,0.0004529999996520928,2.769999991869554e-05,0.00473850000071252,2020-08-21 09:15:00,2025-06-26 09:15:00,1770 days 00:00:00,100000.0,109339.362613,9.339363,1033.333333,100.0,283.848237,20.385795,1393 days 00:00:00,3,3,0,0.0,33.333333,29.994653,-8.811213,29.994653,-7.994713,200 days 00:00:00,4 days 00:00:00,1.597351,3113.120871,0.210425,0.092533,1.105174,0.129426
MAXIND,Success,0.0036626999999498366,0.0001598999997440842,0.00043540000024222536,3.0000000151630957e-05,0.005714500000067346,2020-08-28 09:15:00,2025-06-26 09:15:00,1763 days 00:00:00,100000.0,118345.00628,18.345006,164.292347,100.0,509.257714,21.959567,590 days 00:00:00,5,5,0,0.0,40.0,34.869518,-11.316453,24.06423,-7.806799,52 days 00:00:00,45 days 08:00:00,1.748544,3669.001256,0.31891,0.164096,1.179421,0.181327
MAYURUNIQ,Success,0.0068191999998816755,0.00019770000017160783,0.00045850000060454477,3.749999996216502e-05,0.00903680000010354,2012-09-25 09:15:00,2025-06-26 09:15:00,4657 days 00:00:00,100000.0,91403.497457,-8.596503,482.041885,100.0,360.258396,20.519215,4094 days 00:00:00,4,4,0,0.0,25.0,23.779718,-11.559516,23.779718,-9.357896,196 days 00:00:00,159 days 16:00:00,0.688562,-2149.125636,-0.004456,-0.034897,0.997962,-0.002747
MAZDA,Success,0.00418199999967328,0.00020600000061676838,0.00048379999952885555,3.259999994043028e-05,0.006416299999727926,2016-11-01 09:15:00,2025-06-26 09:15:00,3159 days 00:00:00,100000.0,137952.418191,37.952418,233.333333,100.0,866.704385,23.428961,2178 days 00:00:00,7,7,0,0.0,42.857143,28.904935,-10.65392,26.731672,-8.912755,45 days 00:00:00,27 days 12:00:00,1.810812,5421.774027,0.395404,0.164577,1.283968,0.223362
MAZDOCK,Success,0.0027285000005576876,0.00015549999989161734,0.0004363999996712664,2.880000010918593e-05,0.005047100000410865,2020-10-12 09:15:00,2025-06-26 09:15:00,1718 days 00:00:00,100000.0,51034.529466,-48.965471,3531.171852,100.0,423.360732,50.277325,1556 days 00:00:00,6,6,0,0.0,0.0,-8.205657,-13.807325,0.0,-10.503617,0 days 00:00:00,55 days 16:00:00,0.0,-8160.911756,-0.860316,-0.268477,0.719129,-0.615776
MBAPL,Success,0.0031302000006689923,0.0002770000000964501,0.00043880000066565117,3.190000006725313e-05,0.005625200000395125,2019-08-22 09:15:00,2025-06-26 09:15:00,2135 days 00:00:00,100000.0,110476.463134,10.476463,2158.064516,100.0,501.195735,22.528993,1473 days 00:00:00,4,4,0,0.0,25.0,42.890696,-9.220277,42.890696,-7.973138,56 days 00:00:00,19 days 08:00:00,1.326094,2619.115783,0.225611,0.081556,1.177773,0.104542
MBLINFRA,Success,0.007706299999881594,0.0002643000007083174,0.00048160000005736947,3.729999934876105e-05,0.01006619999952818,2010-01-11 09:15:00,2025-06-26 09:15:00,5645 days 00:00:00,100000.0,74468.48287,-25.531517,-57.18228,100.0,505.23113,37.892157,902 days 00:00:00,6,6,0,0.0,16.666667,37.94258,-14.055653,37.94258,-11.370493,70 days 00:00:00,21 days 19:12:00,0.516688,-4255.252855,-0.167573,-0.050748,0.857589,-0.063379
MCL,Success,0.002853200000572542,0.00016480000067531364,0.0004711999999926775,3.220000053261174e-05,0.00507000000015978,2020-08-19 09:15:00,2025-06-26 09:15:00,1772 days 00:00:00,100000.0,80234.036248,-19.765964,-28.279848,100.0,170.209585,25.604903,1000 days 00:00:00,2,2,0,0.0,0.0,-10.010151,-10.484214,0.0,-10.247183,0 days 00:00:00,18 days 12:00:00,0.0,-9882.981876,-0.557829,-0.175646,0.558435,-0.156966
MCLEODRUSS,Success,0.008358500000213098,0.0002260999999634805,0.0004531999993560021,3.899999956047395e-05,0.011153299999932642,2005-07-29 09:15:00,2025-06-26 09:15:00,7272 days 00:00:00,100000.0,77589.760276,-22.41024,-32.356436,100.0,724.186556,49.365157,7272 days 00:00:00,11,11,0,0.0,18.181818,41.560364,-18.23159,40.263591,-9.536115,40 days 00:00:00,57 days 21:20:00,0.654922,-2037.29452,-0.062139,-0.026167,0.963054,-0.027649
MCLOUD,Success,0.001959299999725772,0.0001391000005241949,0.00046599999950558413,2.6599999728205148e-05,0.003454300000157673,2025-02-07 09:15:00,2025-06-26 09:15:00,139 days 00:00:00,100000.0,100000.0,0.0,-4.361001,100.0,0.0,0.0,,0,0,0,0.0,,,,,,,,,,,,,
MCX,Success,0.007262600000103703,0.00021110000034241239,0.0006077000007280731,3.8299999687296804e-05,0.010316599999896425,2012-03-09 09:15:00,2025-06-26 09:15:00,4857 days 00:00:00,100000.0,77288.974953,-22.711025,581.653428,100.0,1306.762797,53.385608,3781 days 00:00:00,11,11,0,0.0,18.181818,35.603676,-10.600532,29.223863,-8.025016,100 days 00:00:00,28 days 10:40:00,0.743425,-2064.638641,-0.104161,-0.036622,0.938519,-0.058615
MEDANTA,Success,0.0024180999998861807,0.00015110000003915047,0.00047670000003563473,3.060000017285347e-05,0.0039716999999654945,2022-11-16 09:15:00,2025-06-26 09:15:00,953 days 00:00:00,100000.0,100000.0,0.0,172.911155,100.0,0.0,0.0,,0,0,0,0.0,,,,,,,,,,,,,
MEDIASSIST,Success,0.0019435000003795722,0.00013779999972030055,0.0004155999995418824,3.0500000320898835e-05,0.0040570999999545165,2024-01-23 09:15:00,2025-06-26 09:15:00,520 days 00:00:00,100000.0,120519.638692,20.519639,7.563023,100.0,252.508676,13.052397,240 days 00:00:00,2,2,0,0.0,50.0,32.623908,-8.754436,32.623908,-8.754436,39 days 00:00:00,25 days 00:00:00,2.740824,10259.819346,0.81856,1.08865,1.516758,0.777966
MEDICAMEQ,Success,0.0025790999998207553,0.00014569999984814785,0.00039059999926394084,2.570000015111873e-05,0.0044783000003008056,2021-10-27 09:15:00,2025-06-26 09:15:00,1338 days 00:00:00,100000.0,86437.22324,-13.562777,-23.623188,100.0,86.473296,19.880519,357 days 00:00:00,1,1,0,0.0,0.0,-13.396582,-13.396582,0.0,-13.396582,0 days 00:00:00,60 days 00:00:00,0.0,-13562.77676,-0.427846,-0.19898,0.696389,-0.173278
MEDICO,Success,0.0023927000002004206,0.00014740000005986076,0.0004122000000279513,2.4899999516492244e-05,0.004349700000602752,2022-05-26 09:15:00,2025-06-26 09:15:00,1127 days 00:00:00,100000.0,87189.04898,-12.810951,102.479339,100.0,87.232394,12.810951,1127 days 00:00:00,1,1,0,0.0,0.0,-12.642034,-12.642034,0.0,-12.642034,0 days 00:00:00,3 days 00:00:00,0.0,-12810.95102,-0.771243,-0.343788,0.0,-0.076345
MEDPLUS,Success,0.0024662999994689017,0.0001474999999118154,0.00039539999943372095,2.5399999685760122e-05,0.004488900000069407,2021-12-23 09:15:00,2025-06-26 09:15:00,1281 days 00:00:00,100000.0,121995.320043,21.99532,-19.4577,100.0,253.688397,17.850079,70 days 00:00:00,2,2,0,0.0,50.0,31.762967,-7.040871,31.762967,-7.040871,159 days 00:00:00,6 days 00:00:00,3.315374,10997.660022,0.427626,0.331693,1.261168,0.337908
MEGASOFT,Success,0.00815500000044267,0.00024189999930968042,0.0005204999997658888,4.330000047048088e-05,0.01057070000024396,2007-07-19 09:15:00,2025-06-26 09:15:00,6552 days 00:00:00,100000.0,155111.240404,55.11124,-23.068132,100.0,935.647205,37.722914,4780 days 00:00:00,8,8,0,0.0,50.0,58.345328,-17.87831,34.957859,-16.380618,91 days 12:00:00,17 days 12:00:00,1.72109,6888.90505,0.264695,0.068935,1.19878,0.130418
MEGASTAR,Success,0.0025364000002809917,0.00016169999980775174,0.0005612999993900303,2.89999998130952e-05,0.004325500000049942,2022-02-16 09:15:00,2025-06-26 09:15:00,1226 days 00:00:00,100000.0,100000.0,0.0,143.700441,100.0,0.0,0.0,,0,0,0,0.0,,,,,,,,,,,,,
MENONBE,Success,0.0043307999994794955,0.0001861000000644708,0.0005229999997027335,3.749999996216502e-05,0.006697400000120979,2015-03-09 09:15:00,2025-06-26 09:15:00,3762 days 00:00:00,100000.0,289918.780563,189.918781,426.655092,100.0,2342.487489,25.828129,1470 days 00:00:00,9,9,0,0.0,55.555556,58.721268,-14.614503,37.875667,-11.813358,94 days 00:00:00,36 days 12:00:00,2.318643,21102.086729,0.594978,0.429287,1.333252,0.505352
METROBRAND,Success,0.0025533999996696366,0.00014569999984814785,0.00042269999994459795,2.3800000235496555e-05,0.004801199999747041,2021-12-22 09:15:00,2025-06-26 09:15:00,1282 days 00:00:00,100000.0,71330.069901,-28.66993,130.424643,100.0,248.256409,29.021846,1154 days 00:00:00,4,3,1,-4085.911619,0.0,-7.893864,-10.199921,0.0,-8.854023,0 days 00:00:00,22 days 16:00:00,0.0,-8194.672827,-1.373426,-0.320521,0.364454,-0.498956
METROPOLIS,Success,0.003980999999839696,0.00016619999951217324,0.00040499999977328116,4.369999987829942e-05,0.006063899999389832,2019-04-15 09:15:00,2025-06-26 09:15:00,2264 days 00:00:00,100000.0,115078.398859,15.078399,76.308802,100.0,533.597114,17.356796,60 days 00:00:00,5,5,0,0.0,40.0,29.650234,-13.500052,25.51679,-9.576898,83 days 00:00:00,11 days 16:00:00,1.479034,3015.679772,0.247425,0.134293,1.14408,0.110103
MFML,Success,0.00190539999948669,0.0001429999992978992,0.0005048000002716435,3.0000000151630957e-05,0.0035078999999313965,2024-08-27 09:15:00,2025-06-26 09:15:00,303 days 00:00:00,100000.0,100000.0,0.0,-74.736842,100.0,0.0,0.0,,0,0,0,0.0,,,,,,,,,,,,,
MFSL,Success,0.008352799999556737,0.00022630000057688449,0.0004724000000351225,4.1000000237545464e-05,0.010950099999718077,2006-11-02 09:15:00,2025-06-26 09:15:00,6811 days 00:00:00,100000.0,94455.414508,-5.544585,768.800179,100.0,829.257171,33.476574,2964 days 00:00:00,10,10,0,0.0,30.0,22.503087,-11.868906,20.402704,-8.100851,66 days 16:00:00,100 days 17:08:34,0.890562,-554.458549,0.029626,-0.009304,1.014173,0.017482
MGEL,Success,0.0031512000005022855,0.00017949999983102316,0.0004552000000330736,2.9200000426499173e-05,0.005200999999942724,2020-12-23 09:15:00,2025-06-26 09:15:00,1646 days 00:00:00,100000.0,126123.618165,26.123618,216.726941,100.0,126.247238,4.591719,21 days 00:00:00,1,1,0,0.0,100.0,26.376806,26.376806,26.376806,0.0,27 days 00:00:00,0 days 00:00:00,inf,26123.618165,0.700584,1.169644,3.121434,0.289862
MGL,Success,0.004128900000068825,0.0001781999999366235,0.0004543999993984471,3.2699999792384915e-05,0.0064056999999593245,2016-07-01 09:15:00,2025-06-26 09:15:00,3282 days 00:00:00,100000.0,114176.942763,14.176943,178.128008,100.0,818.642525,25.848811,1767 days 00:00:00,7,7,0,0.0,42.857143,18.660026,-7.506417,15.897808,-7.122532,69 days 16:00:00,29 days 06:00:00,1.400905,2025.277538,0.207283,0.058529,1.125641,0.101749
MHLXMIRU,Success,0.002520399999411893,0.00015939999957481632,0.0005211999996390659,3.980000019510044e-05,0.005266299999675539,2022-01-27 09:15:00,2025-06-26 09:15:00,1246 days 00:00:00,100000.0,205001.563937,105.001564,308.920016,100.0,358.422051,12.168664,263 days 00:00:00,2,2,0,0.0,100.0,53.610307,34.052436,43.831372,0.0,72 days 12:00:00,0 days 00:00:00,inf,52500.781969,0.93168,1.956629,1.802459,0.888905
MHRIL,Success,0.008478800000375486,0.00023860000055719865,0.000518700000611716,3.7400000110210385e-05,0.011153500000546046,2009-07-16 09:15:00,2025-06-26 09:15:00,5824 days 00:00:00,100000.0,51410.002826,-48.589997,141.869033,100.0,660.313009,62.942539,5568 days 00:00:00,10,9,1,386.0493,11.111111,15.882643,-13.106458,15.882643,-9.535677,17 days 00:00:00,64 days 03:00:00,0.202613,-5441.782942,-0.423019,-0.066108,0.7904,-0.194448
MICEL,Success,0.007888000000093598,0.00022470000021712622,0.000565199999982724,4.189999981463188e-05,0.010603400000036345,2007-05-30 09:15:00,2025-06-26 09:15:00,6602 days 00:00:00,100000.0,85989.061836,-14.010938,-80.090196,100.0,1148.490958,63.74662,3587 days 00:00:00,13,13,0,0.0,30.769231,41.179752,-19.43662,38.113605,-14.50233,35 days 00:00:00,39 days 00:00:00,0.890904,-1077.764474,0.028741,-0.01408,1.017287,0.014849
MIDHANI,Success,0.004104100000404287,0.0001847000003181165,0.0004135999997743056,3.1399999897985253e-05,0.0064431999999214895,2018-04-04 09:15:00,2025-06-26 09:15:00,2640 days 00:00:00,100000.0,81611.109931,-18.38889,382.454176,100.0,607.256825,32.877077,1329 days 15:15:00,6,6,0,0.0,16.666667,29.109684,-13.990362,29.109684,-8.505762,66 days 00:00:00,20 days 14:24:00,0.593981,-3064.815012,-0.192985,-0.085687,0.877353,-0.097009
MINDACORP,Success,0.006691000000500935,0.00019009999959962443,0.0004754999999931897,3.8099999983387534e-05,0.009221899999829475,2012-03-19 09:15:00,2025-06-26 09:15:00,4847 days 00:00:00,100000.0,47731.535338,-52.268465,6726.0,100.0,467.626298,58.932065,3783 days 00:00:00,7,7,0,0.0,0.0,-7.226925,-13.531252,0.0,-9.834013,0 days 00:00:00,49 days 03:25:42,0.0,-7466.923523,-0.375808,-0.106547,0.780889,-0.155653
MINDTECK,Success,0.004535500000201864,0.0001779000003807596,0.000482200000078592,3.220000053261174e-05,0.006761700000424753,2016-08-02 09:15:00,2025-06-26 09:15:00,3250 days 00:00:00,100000.0,54467.9409,-45.532059,220.985202,100.0,478.951975,49.634861,3250 days 00:00:00,7,7,0,0.0,14.285714,43.635734,-19.709171,43.635734,-14.675372,99 days 00:00:00,31 days 08:00:00,0.354634,-6504.579871,-0.333675,-0.135264,0.823751,-0.180014
MIRCELECTR,Success,0.01046059999953286,0.00025910000022122404,0.0005253999997876235,4.069999977218686e-05,0.01355989999956364,1999-01-01 09:15:00,2025-06-26 09:15:00,9673 days 00:00:00,100000.0,113701.493693,13.701494,342.241379,100.0,2067.331636,72.03572,3472 days 00:00:00,18,18,0,0.0,27.777778,51.593676,-24.302963,42.396895,-11.418091,54 days 19:11:59,49 days 12:55:23,1.073232,761.194094,0.114903,0.006883,1.067434,0.06468
MIRZAINT,Success,0.009249499999896216,0.0002641000000949134,0.0005437999998321175,4.269999953976367e-05,0.012100500000087777,2002-07-01 09:15:00,2025-06-26 09:15:00,8396 days 00:00:00,100000.0,75048.815158,-24.951185,2195.748388,100.0,1271.759113,67.008797,7988 days 00:00:00,15,15,0,0.0,26.666667,49.490445,-19.861829,37.927446,-12.993283,68 days 06:00:00,54 days 21:49:05,0.809978,-1663.412323,0.011086,-0.01905,1.006089,0.005564
MITCON,Success,0.004000700000688084,0.00018039999940810958,0.0004557999991448014,3.259999994043028e-05,0.006256000000576023,2013-11-01 09:15:00,2025-06-26 09:15:00,4255 days 00:00:00,100000.0,106176.461156,6.176461,91.585421,100.0,318.697819,14.781111,2979 days 00:00:00,3,3,0,0.0,33.333333,34.430357,-12.54922,34.430357,-10.845704,73 days 00:00:00,3 days 00:00:00,1.249134,2058.820385,0.143964,0.066372,1.149223,0.0344
MITTAL,Success,0.003982199999882141,0.00017190000016853446,0.0004619999999704305,3.459999970800709e-05,0.006342800000311399,2018-04-16 09:15:00,2025-06-26 09:15:00,2628 days 00:00:00,100000.0,93134.877096,-6.865123,45.275498,100.0,414.981248,24.411775,2374 days 00:00:00,4,4,0,0.0,25.0,32.119413,-14.793486,32.119413,-10.697741,8 days 00:00:00,9 days 16:00:00,0.812594,-1716.280726,-0.101639,-0.04507,0.868168,-0.016919
MKPL,Success,0.002132000000528933,0.00014420000024983892,0.00044350000007398194,2.680000034160912e-05,0.0037871000004088273,2023-06-13 09:15:00,2025-06-26 09:15:00,744 days 00:00:00,100000.0,100000.0,0.0,-63.811899,100.0,0.0,0.0,,0,0,0,0.0,,,,,,,,,,,,,
MMFL,Success,0.008707500000127766,0.0002423999994789483,0.00044999999954598024,3.709999964485178e-05,0.011168099999849801,2006-12-20 09:15:00,2025-06-26 09:15:00,6763 days 00:00:00,100000.0,54602.903051,-45.397097,1564.123917,100.0,700.590654,45.397097,6763 days 00:00:00,9,9,0,0.0,11.111111,31.379663,-14.764333,31.379663,-10.163378,61 days 00:00:00,37 days 03:00:00,0.340715,-5044.121883,-0.338696,-0.072754,0.779813,-0.120663
MMP,Success,0.004083799999534676,0.0001739999997880659,0.0004336000001785578,3.3400000575056765e-05,0.006452499999795691,2018-04-26 09:15:00,2025-06-26 09:15:00,2618 days 00:00:00,100000.0,190192.518709,90.192519,71.259755,100.0,857.285781,16.214385,251 days 00:00:00,5,5,0,0.0,60.0,40.306598,-11.491682,32.449664,-8.801245,89 days 00:00:00,21 days 00:00:00,3.544398,18038.503742,0.709241,0.64074,1.458598,0.511773
MMTC,Success,0.007759600000099454,0.00020429999949556077,0.0004731999997602543,3.8300000596791506e-05,0.010093400000187103,2010-01-08 09:15:00,2025-06-26 09:15:00,5648 days 00:00:00,100000.0,146302.015584,46.302016,-93.946079,100.0,838.240561,28.287169,1438 days 00:00:00,7,7,0,0.0,42.857143,51.550074,-11.538298,32.407685,-10.234656,62 days 08:00:00,27 days 06:00:00,1.909364,6614.573655,0.280279,0.08967,1.27366,0.12862
MOBIKWIK,Success,0.0019354000005478156,0.00014509999982692534,0.00039319999996223487,2.719999974942766e-05,0.0034925999998449697,2024-12-18 09:15:00,2025-06-26 09:15:00,190 days 00:00:00,100000.0,100000.0,0.0,-50.293561,100.0,0.0,0.0,,0,0,0,0.0,,,,,,,,,,,,,
MODIRUBBER,Success,0.004722700000456825,0.0001919999995152466,0.0004521000000750064,3.530000049067894e-05,0.006950599999981932,2018-06-20 09:15:00,2025-06-26 09:15:00,2563 days 00:00:00,100000.0,128419.739381,28.419739,53.346335,100.0,128.539659,23.234489,48 days 00:00:00,1,1,0,0.0,100.0,28.679291,28.679291,28.679291,0.0,112 days 00:00:00,0 days 00:00:00,inf,28419.739381,0.422499,0.172503,1.37517,0.178846
MODISONLTD,Success,0.0026750000006359187,0.0001542999998491723,0.0005025000000387081,2.880000010918593e-05,0.005114200000207347,2021-05-03 09:15:00,2025-06-26 09:15:00,1515 days 00:00:00,100000.0,85772.240082,-14.22776,179.13806,100.0,85.840544,14.22776,1515 days 00:00:00,1,1,0,0.0,0.0,-14.058544,-14.058544,0.0,-14.058544,0 days 00:00:00,10 days 00:00:00,0.0,-14227.759918,-0.972413,-0.258529,0.017389,-0.150977
MODTHREAD,Success,0.0019857999996020226,0.00015170000006037299,0.00039180000021588057,2.5100000129896216e-05,0.0038299999996525003,2024-02-14 09:15:00,2025-06-26 09:15:00,498 days 00:00:00,100000.0,116230.226567,16.230227,112.238095,100.0,116.336585,0.19968,121 days 00:00:00,1,1,0,0.0,100.0,16.464543,16.464543,16.464543,0.0,12 days 00:00:00,0 days 00:00:00,inf,16230.226567,1.901953,61.345196,77.553994,
MOHITIND,Success,0.006723000000420143,0.00024420000045211054,0.00047850000009930227,3.440000000409782e-05,0.009071700000276905,2013-03-14 09:15:00,2025-06-26 09:15:00,4487 days 00:00:00,100000.0,144474.788551,44.474789,2.86233,100.0,1319.051004,44.039559,2703 days 00:00:00,10,10,0,0.0,40.0,51.459899,-19.814757,41.935816,-15.455318,86 days 12:00:00,6 days 20:00:00,1.338463,4447.478855,0.254768,0.073361,1.172113,0.141751
MOIL,Success,0.007544899999629706,0.00020760000006703194,0.0006233000003703637,4.3200000618526246e-05,0.010244399999464804,2010-12-15 09:15:00,2025-06-26 09:15:00,5307 days 00:00:00,100000.0,48313.626196,-51.686374,66.519733,100.0,552.663739,56.428219,4850 days 00:00:00,8,8,0,0.0,0.0,-5.582834,-12.500915,0.0,-8.500762,0 days 00:00:00,29 days 21:00:00,0.0,-6460.796725,-0.664287,-0.08815,0.548802,-0.168124
MOKSH,Success,0.003903100000570703,0.00016739999955461826,0.00041560000045137713,3.7400000110210385e-05,0.006139900000562193,2018-01-03 09:15:00,2025-06-26 09:15:00,2731 days 00:00:00,100000.0,138240.087831,38.240088,89.007608,100.0,384.075805,31.085787,1256 days 00:00:00,3,3,0,0.0,66.666667,40.988343,-25.377973,36.587369,-25.377973,92 days 00:00:00,2 days 00:00:00,2.064847,12746.695944,0.448079,0.178996,1.435809,0.145051
MOL,Success,0.002465200000187906,0.00015189999976428226,0.0004148999996687053,2.7799999770650174e-05,0.004426299999977346,2021-08-18 09:15:00,2025-06-26 09:15:00,1408 days 00:00:00,100000.0,178840.951925,78.840952,8.212885,100.0,307.523796,18.135947,107 days 00:00:00,2,2,0,0.0,100.0,39.573512,28.652031,34.112772,0.0,113 days 12:00:00,0 days 00:00:00,inf,39420.475962,1.051161,0.91208,1.548062,0.851088
MOLDTECH,Success,0.004305699999349599,0.00019020000036107376,0.000464000000647502,3.8099999983387534e-05,0.006439999999201973,2016-07-07 09:15:00,2025-06-26 09:15:00,3276 days 00:00:00,100000.0,68894.422548,-31.105577,174.018086,100.0,237.628991,31.105577,3276 days 00:00:00,3,3,0,0.0,0.0,-10.544755,-12.981691,0.0,-11.50109,0 days 00:00:00,16 days 08:00:00,0.0,-10368.525817,-1.03003,-0.133018,0.212052,-0.217724
MOLDTKPAC,Success,0.00471079999988433,0.00019109999993816018,0.0005547000000660773,3.689999994094251e-05,0.007061099999191356,2015-02-23 09:15:00,2025-06-26 09:15:00,3776 days 00:00:00,100000.0,78687.692713,-21.312307,467.456227,100.0,690.805264,33.336818,3438 days 00:00:00,8,8,0,0.0,25.0,20.48019,-13.045329,19.921708,-9.308901,29 days 12:00:00,51 days 20:00:00,0.595405,-2664.038411,-0.18983,-0.069919,0.892649,-0.097043
MONARCH,Success,0.0027198999996471684,0.00015439999970112694,0.0004353000003902707,3.060000017285347e-05,0.004886699999588018,2022-01-06 09:15:00,2025-06-26 09:15:00,1267 days 00:00:00,100000.0,88196.013834,-11.803986,315.360203,100.0,353.420384,30.841603,231 days 00:00:00,4,4,0,0.0,25.0,27.907712,-13.237861,27.907712,-11.399263,43 days 00:00:00,46 days 08:00:00,0.64729,-2950.996542,-0.084554,-0.117036,0.964795,-0.049089
MONTECARLO,Success,0.0046002999997654115,0.0001861000000644708,0.00043280000045342604,3.300000025774352e-05,0.006821899999522429,2014-12-19 09:15:00,2025-06-26 09:15:00,3842 days 00:00:00,100000.0,104794.438469,4.794438,7.729598,100.0,691.686261,23.114018,1324 days 00:00:00,7,6,1,3903.094297,33.333333,28.517321,-12.779038,27.428116,-10.923207,45 days 12:00:00,21 days 18:00:00,1.016394,148.557362,0.097894,0.019652,1.076615,0.033952
MOREPENLAB,Success,0.009765699999661592,0.0002832000000125845,0.0005357000000003609,4.129999979340937e-05,0.012529899999208283,1995-05-15 09:15:00,2025-06-26 09:15:00,11000 days 00:00:00,100000.0,42037.528675,-57.962471,205.747674,100.0,1039.796815,68.435643,9208 days 00:00:00,15,15,0,0.0,20.0,57.778612,-18.302924,37.293183,-13.603813,36 days 16:00:00,35 days 16:00:00,0.535461,-3864.164755,-0.153131,-0.042212,0.887696,-0.059864
MOSCHIP,Success,0.0018079000001307577,0.0001345999999102787,0.00039910000032250537,2.519999998185085e-05,0.0032231000004685484,2025-02-05 09:15:00,2025-06-26 09:15:00,141 days 00:00:00,100000.0,100000.0,0.0,-8.709872,100.0,0.0,0.0,,0,0,0,0.0,,,,,,,,,,,,,
MOTHERSON,Success,0.009895400000459631,0.00025289999939559493,0.0005922000000282424,4.619999981514411e-05,0.012702900000476802,1999-01-01 09:15:00,2025-06-26 09:15:00,9673 days 00:00:00,100000.0,344391.317324,244.391317,170668.944718,100.0,3940.871331,37.265949,3402 days 00:00:00,23,23,0,0.0,43.478261,37.94969,-15.252229,27.605354,-8.397954,74 days 19:11:59,29 days 00:00:00,2.419268,10625.709449,0.403854,0.135344,1.237254,0.206059
MOTILALOFS,Success,0.008897300000171526,0.0002279999998791027,0.0005568999995375634,3.8499999391206075e-05,0.011527599999681115,2007-09-11 09:15:00,2025-06-26 09:15:00,6498 days 00:00:00,100000.0,178129.769747,78.12977,1658.407161,100.0,2291.868909,34.952351,1953 days 00:00:00,11,11,0,0.0,36.363636,58.719297,-12.894515,37.25464,-8.847069,183 days 18:00:00,20 days 00:00:00,1.556027,7102.706341,0.295345,0.096273,1.161788,0.184223
MOTISONS,Success,0.002040500000475731,0.00014180000016494887,0.00044720000005327165,2.4500000108673703e-05,0.003503800000544288,2023-12-26 09:15:00,2025-06-26 09:15:00,548 days 00:00:00,100000.0,100000.0,0.0,92.950266,100.0,0.0,0.0,,0,0,0,0.0,,,,,,,,,,,,,
MOTOGENFIN,Success,0.008098100000097475,0.0002283000003444613,0.00045930000032967655,3.8099999983387534e-05,0.010543399999733083,1999-01-04 09:15:00,2025-06-26 09:15:00,9670 days 00:00:00,100000.0,148617.221895,48.617222,212.235294,100.0,1007.411694,37.11083,5372 days 00:00:00,6,6,0,0.0,50.0,39.918494,-17.366245,31.16686,-12.304377,146 days 00:00:00,41 days 00:00:00,1.67943,8102.870316,0.228778,0.060185,1.259969,0.10431
MPHASIS,Success,0.00826839999990625,0.0002088999999614316,0.0004932000001645065,3.6100000215810724e-05,0.010637100000167266,2006-12-26 09:15:00,2025-06-26 09:15:00,6757 days 00:00:00,100000.0,66900.705604,-33.099294,869.890951,100.0,679.590489,33.48787,6757 days 00:00:00,9,9,0,0.0,11.111111,21.57934,-11.191387,21.57934,-6.999558,23 days 00:00:00,28 days 15:00:00,0.299989,-3677.699377,-0.308584,-0.065432,0.75723,-0.086295
MPSLTD,Success,0.007939899999655609,0.00020930000027874485,0.0005772000004071742,4.3000000005122274e-05,0.010471999999936088,2009-09-11 09:15:00,2025-06-26 09:15:00,5767 days 00:00:00,100000.0,308364.268132,208.364268,3600.206186,100.0,2694.463394,48.142275,2974 days 00:00:00,14,14,0,0.0,50.0,40.163798,-14.452152,32.746404,-11.073144,90 days 17:08:34,100 days 10:17:08,2.340573,14883.162009,0.446602,0.156904,1.189663,0.359027
MRF,Success,0.009867099999610218,0.00025430000005144393,0.0005376000008254778,4.55999997939216e-05,0.012563999999656517,1999-01-04 09:15:00,2025-06-26 09:15:00,9670 days 00:00:00,100000.0,172332.108937,72.332109,9432.77592,100.0,3238.371705,28.33033,3769 days 00:00:00,19,19,0,0.0,31.578947,37.322653,-10.176984,25.837037,-6.0973,97 days 12:00:00,35 days 20:18:27,1.505557,3806.953102,0.28658,0.074794,1.162861,0.180629
MRPL,Success,0.01036260000000766,0.000282599999991362,0.0006287999995038263,5.739999960496789e-05,0.013404699999227887,1994-11-03 09:15:00,2025-06-26 09:15:00,11193 days 00:00:00,100000.0,157418.193242,57.418193,117.969466,100.0,3470.924266,67.8881,7220 days 00:00:00,14,13,1,9479.476842,30.769231,67.197371,-16.624162,45.261712,-10.980358,114 days 18:00:00,96 days 16:00:00,1.168988,3687.593569,0.172188,0.02243,1.101391,0.100237
MSPL,Success,0.007943800000248302,0.00022869999975227984,0.00047509999967587646,3.5200000638724305e-05,0.010288800000125775,2005-07-18 09:15:00,2025-06-26 09:15:00,7283 days 00:00:00,100000.0,111113.466412,11.113466,79.542484,100.0,650.271237,35.124281,4592 days 00:00:00,7,7,0,0.0,28.571429,50.793434,-14.126949,47.174275,-12.22679,75 days 00:00:00,15 days 14:24:00,1.186133,1587.638059,0.103462,0.015583,1.096652,0.046231
MSTCLTD,Success,0.003725799999301671,0.00016820000018924475,0.00045419999969453784,3.259999994043028e-05,0.005869800000255054,2019-03-29 09:15:00,2025-06-26 09:15:00,2281 days 00:00:00,100000.0,87735.814671,-12.264185,354.36595,100.0,389.874085,29.121133,889 days 00:00:00,4,4,0,0.0,25.0,34.6258,-14.439699,34.6258,-13.05742,131 days 00:00:00,69 days 16:00:00,0.705001,-3066.046332,-0.03749,-0.072414,0.982967,-0.020823
MSUMI,Success,0.00245450000056735,0.00016060000052675605,0.0004391000002215151,3.1399999897985253e-05,0.004434699999364966,2022-03-28 09:15:00,2025-06-26 09:15:00,1186 days 00:00:00,100000.0,93364.597759,-6.635402,35.86454,100.0,93.393567,6.635402,1186 days 00:00:00,1,1,0,0.0,0.0,-6.452772,-6.452772,0.0,-6.452772,0 days 00:00:00,7 days 00:00:00,0.0,-6635.402241,-0.937819,-0.319671,0.114947,-0.23528
MTARTECH,Success,0.0024778000006335787,0.00015330000042013125,0.00043869999990420183,2.5600000299164094e-05,0.004515200000241748,2021-03-15 09:15:00,2025-06-26 09:15:00,1564 days 00:00:00,100000.0,107150.018191,7.150018,49.330254,100.0,357.235412,24.601538,1240 days 00:00:00,3,3,0,0.0,33.333333,33.228451,-10.454774,33.228451,-10.091888,61 days 00:00:00,9 days 12:00:00,1.277927,2383.339397,0.215375,0.067095,1.174247,0.084318
MTEDUCARE,Success,0.006883000000016182,0.00019720000000233995,0.0004670999996960745,4.529999932856299e-05,0.009625499999856402,2012-04-26 09:15:00,2025-06-26 09:15:00,4809 days 00:00:00,100000.0,83081.370366,-16.91863,-98.067151,100.0,397.470584,46.639955,3328 days 00:00:00,4,4,0,0.0,25.0,24.84374,-17.636158,24.84374,-12.287896,28 days 00:00:00,85 days 16:00:00,0.592382,-4229.657409,-0.085147,-0.03139,0.943164,-0.039039
MTNL,Success,0.010915099999692757,0.0002581999997346429,0.0005056999998487299,4.9000000217347406e-05,0.01380779999999504,1999-01-01 09:15:00,2025-06-26 09:15:00,9673 days 00:00:00,100000.0,146897.484005,46.897484,-70.992365,100.0,1090.461154,40.127382,4808 days 00:00:00,9,9,0,0.0,44.444444,42.496984,-15.630508,31.263552,-12.642626,33 days 00:00:00,44 days 04:48:00,1.569634,5210.831556,0.18596,0.037185,1.180854,0.069921
MUFIN,Success,0.002653700000337267,0.0001646999999138643,0.000425100000029488,2.8399999791872688e-05,0.004800300000169955,2023-11-06 09:15:00,2025-06-26 09:15:00,598 days 00:00:00,100000.0,84696.202599,-15.303797,-45.695167,100.0,84.624621,15.303797,598 days 00:00:00,1,1,0,0.0,0.0,-15.158226,-15.158226,0.0,-15.158226,0 days 00:00:00,4 days 00:00:00,0.0,-15303.797401,-1.474254,-0.637122,0.0,-0.295116
MUFTI,Success,0.0021673000001101173,0.00014400000054592965,0.00047670000003563473,3.0300000616989564e-05,0.004205599999295373,2023-12-27 09:15:00,2025-06-26 09:15:00,547 days 00:00:00,100000.0,89258.732217,-10.741268,-47.469572,100.0,89.304671,13.762367,258 days 00:00:00,1,1,0,0.0,0.0,-10.567241,-10.567241,0.0,-10.567241,0 days 00:00:00,13 days 00:00:00,0.0,-10741.267783,-1.047146,-0.536947,0.28766,-0.21286
MUKANDLTD,Success,0.008599400000093738,0.0002227000004495494,0.0004619999999704305,3.889999970851932e-05,0.010950299999421986,2004-02-23 09:15:00,2025-06-26 09:15:00,7794 days 00:00:00,100000.0,40320.939299,-59.679061,731.87324,100.0,347.186977,59.679061,7794 days 00:00:00,6,6,0,0.0,0.0,-9.602386,-19.49952,0.0,-13.815976,0 days 00:00:00,37 days 12:00:00,0.0,-9946.510117,-0.536894,-0.072103,0.568353,-0.129576
MUKKA,Success,0.002002100000026985,0.00015269999948941404,0.00040439999975205865,2.7200000658922363e-05,0.003500200000416953,2024-03-07 09:15:00,2025-06-26 09:15:00,476 days 00:00:00,100000.0,100000.0,0.0,-28.804734,100.0,0.0,0.0,,0,0,0,0.0,,,,,,,,,,,,,
MUKTAARTS,Success,0.009658399999352696,0.0002365000000281725,0.0004822999999305466,9.369999952468788e-05,0.01233460000003106,2000-09-13 09:15:00,2025-06-26 09:15:00,9052 days 00:00:00,100000.0,92884.206629,-7.115793,-59.012466,100.0,1140.963019,51.547848,5585 days 00:00:00,10,10,0,0.0,30.0,40.291903,-16.362054,35.024595,-12.66719,101 days 08:00:00,81 days 06:51:25,0.935473,-711.579337,0.065956,-0.00642,1.03821,0.034442
MUNJALAU,Success,0.008268900000075519,0.00021969999943394214,0.00047590000031050295,3.790000027947826e-05,0.011221499999919615,2006-07-19 09:15:00,2025-06-26 09:15:00,6917 days 00:00:00,100000.0,84393.697373,-15.606303,469.432651,100.0,1597.667269,47.061462,3857 days 00:00:00,15,14,1,-2507.300007,28.571429,30.242292,-13.824228,27.251706,-10.175639,55 days 18:00:00,53 days 14:24:00,0.89553,-935.643044,-0.007602,-0.019412,0.995871,-0.004042
MUNJALSHOW,Success,0.009821599999668251,0.00024670000038895523,0.0004888000003120396,4.179999996267725e-05,0.012388500000270142,1999-01-01 09:15:00,2025-06-26 09:15:00,9673 days 00:00:00,100000.0,152623.350395,52.62335,365.104542,100.0,1671.304443,29.884518,2173 days 00:00:00,14,13,1,2987.379424,38.461538,35.264589,-11.435607,27.147408,-9.132677,51 days 19:11:59,23 days 03:00:00,1.502041,3818.151613,0.216438,0.056138,1.207828,0.066301
MURUDCERA,Success,0.00937549999980547,0.0003390000001672888,0.0005135999999765772,4.059999992023222e-05,0.01196799999979703,1995-03-08 09:15:00,2025-06-26 09:15:00,11068 days 00:00:00,100000.0,56482.555871,-43.517444,-50.926561,100.0,788.766152,51.885102,9360 days 00:00:00,11,11,0,0.0,18.181818,47.616951,-16.585237,43.600919,-13.150664,163 days 12:00:00,31 days 18:40:00,0.542332,-3956.131284,-0.099839,-0.048249,0.93689,-0.048317
MUTHOOTCAP,Success,0.004801199999747041,0.00018060000002151355,0.0005374000002120738,4.2100000428035855e-05,0.007157200000619923,2015-08-24 09:15:00,2025-06-26 09:15:00,3594 days 00:00:00,100000.0,65540.427582,-34.459572,138.321333,100.0,649.328388,47.867632,2568 days 00:00:00,7,7,0,0.0,14.285714,26.051432,-11.580026,26.051432,-10.127698,9 days 00:00:00,42 days 21:30:00,0.427381,-4922.79606,-0.453971,-0.089378,0.733245,-0.178428
MUTHOOTFIN,Success,0.0070185999993555015,0.0002051999999821419,0.0004566999996313825,3.9799999285605736e-05,0.009864399999969464,2011-05-06 09:15:00,2025-06-26 09:15:00,5165 days 00:00:00,100000.0,72549.214178,-27.450786,1368.561766,100.0,1486.613049,47.3483,2246 days 00:00:00,17,17,0,0.0,17.647059,41.418703,-12.335112,29.66806,-7.252005,84 days 08:00:00,40 days 20:34:17,0.71683,-1614.752107,-0.078875,-0.04828,0.96417,-0.052939
MUTHOOTMF,Success,0.002139100000022154,0.0001443999999537482,0.00040549999994254904,2.769999991869554e-05,0.0035896999997930834,2023-12-26 09:15:00,2025-06-26 09:15:00,548 days 00:00:00,100000.0,100000.0,0.0,-47.116286,100.0,0.0,0.0,,0,0,0,0.0,,,,,,,,,,,,,
MVGJL,Success,0.002217000000200642,0.00017239999942830764,0.00048580000020592706,3.870000000461005e-05,0.004505200000494369,2023-10-03 09:15:00,2025-06-26 09:15:00,632 days 00:00:00,100000.0,77367.4584,-22.632542,11.897912,100.0,167.917717,25.243306,505 days 00:00:00,2,2,0,0.0,0.0,-9.137901,-14.542612,0.0,-11.840256,0 days 00:00:00,14 days 00:00:00,0.0,-11316.2708,-1.224129,-0.55191,0.333404,-0.331018
NACLIND,Success,0.004671100000450679,0.00018060000002151355,0.0004718000000139,3.150000065943459e-05,0.006828800000221236,2017-04-07 09:15:00,2025-06-26 09:15:00,3002 days 00:00:00,100000.0,113664.926086,13.664926,533.856,100.0,759.893671,59.199176,2726 days 00:00:00,7,7,0,0.0,28.571429,45.358183,-11.509503,43.206823,-10.879232,38 days 12:00:00,73 days 00:00:00,1.218944,1952.132298,0.178108,0.02698,1.086964,0.132223
NAGAFERT,Success,0.004045000000587606,0.00016880000021046726,0.0004270999997970648,2.9400000130408444e-05,0.006803199999922072,2016-06-15 09:15:00,2025-06-26 09:15:00,3298 days 00:00:00,100000.0,71426.232845,-28.573767,-70.597826,100.0,488.718159,47.540626,2695 days 00:00:00,5,5,0,0.0,20.0,33.695988,-16.912997,33.695988,-14.255399,45 days 00:00:00,16 days 06:00:00,0.539132,-5714.753431,-0.389031,-0.078798,0.69434,-0.120726
NAGREEKCAP,Success,0.00719200000003184,0.00020649999987654155,0.0004642000003514113,3.5600000046542846e-05,0.00944580000032147,2007-09-18 09:15:00,2025-06-26 09:15:00,6491 days 00:00:00,100000.0,57070.704209,-42.929296,-77.219298,100.0,582.184322,53.343911,3585 days 00:00:00,7,7,0,0.0,14.285714,35.056398,-18.443026,35.056398,-13.120187,76 days 00:00:00,27 days 12:00:00,0.41497,-6132.756542,-0.29859,-0.072869,0.776255,-0.102196
NAGREEKEXP,Success,0.007844200000363344,0.00021359999936976237,0.000475699999697099,3.639999977167463e-05,0.01051259999985632,2007-06-18 09:15:00,2025-06-26 09:15:00,6583 days 00:00:00,100000.0,24788.171933,-75.211828,-10.135749,100.0,406.673118,75.211828,6583 days 00:00:00,8,8,0,0.0,0.0,-9.433668,-22.424736,0.0,-15.726598,0 days 00:00:00,29 days 00:00:00,0.0,-9401.478508,-0.757629,-0.107974,0.529312,-0.237516
NAHARCAP,Success,0.008150100000420935,0.00028819999988627387,0.0005628999997497885,4.369999987829942e-05,0.010780900000099791,2008-03-11 09:15:00,2025-06-26 09:15:00,6316 days 00:00:00,100000.0,240306.912107,140.306912,118.088624,100.0,2297.724892,31.860102,3786 days 00:00:00,12,12,0,0.0,50.0,47.426311,-12.64483,30.726655,-10.827987,45 days 20:00:00,17 days 12:00:00,2.033897,11692.242676,0.455548,0.170742,1.438172,0.233166
NAHARINDUS,Success,0.008482499999445281,0.0002252000003863941,0.000609200000326382,6.2199999774748e-05,0.011483899999802816,2005-12-15 09:15:00,2025-06-26 09:15:00,7133 days 00:00:00,100000.0,320115.242128,220.115242,0.672897,100.0,1483.524786,31.257992,1382 days 00:00:00,9,9,0,0.0,55.555556,55.555058,-13.304181,38.623294,-10.176379,92 days 00:00:00,43 days 06:00:00,4.837541,24457.249125,0.520936,0.203214,1.346042,0.283094
NAHARPOLY,Success,0.007576400000289141,0.00020320000021456508,0.0004569000002447865,3.790000027947826e-05,0.009887899999739602,2011-06-16 09:15:00,2025-06-26 09:15:00,5124 days 00:00:00,100000.0,245256.661534,145.256662,1095.27027,100.0,1620.707319,54.631939,3454 days 00:00:00,9,9,0,0.0,55.555556,54.694157,-19.883481,40.405749,-17.529173,45 days 14:24:00,45 days 00:00:00,2.076625,16139.629059,0.444312,0.127674,1.321123,0.229205
NAHARSPING,Success,0.010492700000213517,0.0002672000000529806,0.0005049000001235981,4.2499999835854396e-05,0.013330999999197957,1994-11-21 09:15:00,2025-06-26 09:15:00,11175 days 00:00:00,100000.0,126709.147892,26.709148,-48.025039,100.0,1589.483698,49.634276,3460 days 00:00:00,15,15,0,0.0,40.0,33.40112,-20.16942,28.907997,-12.891648,38 days 20:00:00,64 days 13:20:00,1.199285,1780.609859,0.126435,0.016176,1.088018,0.05192
NAM_INDIA,Success,0.004233200000271609,0.00017529999968246557,0.00043700000060198363,3.149999974993989e-05,0.006344800000078976,2017-11-06 09:15:00,2025-06-26 09:15:00,2789 days 00:00:00,100000.0,138810.674507,38.810675,179.658941,100.0,547.289663,30.713344,198 days 00:00:00,4,4,0,0.0,50.0,32.479071,-10.753915,30.673463,-9.45423,35 days 00:00:00,127 days 12:00:00,2.387658,9702.668627,0.372603,0.145289,1.205592,0.247538
NARMADA,Success,0.002283099999658589,0.00024359999952139333,0.0004140999999435735,2.750000021478627e-05,0.004427199999554432,2022-10-27 09:15:00,2025-06-26 09:15:00,973 days 00:00:00,100000.0,86686.881602,-13.313118,-2.351074,100.0,86.759714,13.313118,973 days 00:00:00,1,1,0,0.0,0.0,-13.141429,-13.141429,0.0,-13.141429,0 days 00:00:00,13 days 00:00:00,0.0,-13313.118398,-1.147855,-0.397595,0.095271,-0.189842
NATCAPSUQ,Success,0.0016509999995832914,0.0001342999994449201,0.0003768999995372724,2.3699999474047218e-05,0.0030435999997280305,2025-02-14 09:15:00,2025-06-26 09:15:00,132 days 00:00:00,100000.0,100000.0,0.0,-12.294129,100.0,0.0,0.0,,0,0,0,0.0,,,,,,,,,,,,,
NATCOPHARM,Success,0.009663099999670521,0.000252599999839731,0.000506899999891175,4.189999981463188e-05,0.012382899999465735,1999-01-01 09:15:00,2025-06-26 09:15:00,9673 days 00:00:00,100000.0,168301.279887,68.30128,24508.755672,100.0,2251.333612,67.648931,5857 days 00:00:00,22,22,0,0.0,36.363636,67.678884,-22.178448,33.108414,-11.08739,106 days 21:00:00,32 days 13:42:51,1.470127,3104.603631,0.202345,0.030546,1.107581,0.114885
NATHBIOGEN,Success,0.006775900000320689,0.00020630000017263228,0.0004804999998668791,3.440000000409782e-05,0.009038700000019162,2014-01-28 09:15:00,2025-06-26 09:15:00,4167 days 00:00:00,100000.0,198718.916512,98.718917,896.333333,100.0,1250.169185,24.10379,2731 days 00:00:00,6,6,0,0.0,50.0,42.774635,-9.465635,38.279313,-8.602491,83 days 08:00:00,31 days 00:00:00,2.564213,16453.152752,0.500061,0.262663,1.392,0.350774
NATIONALUM,Success,0.010266000000228814,0.00026199999956588726,0.0005179999998290441,4.350000017439015e-05,0.012934100000165927,1999-04-28 09:15:00,2025-06-26 09:15:00,9556 days 00:00:00,100000.0,249489.25872,149.489259,2805.666028,100.0,3167.904364,48.710603,6147 days 00:00:00,20,20,0,0.0,45.0,40.181105,-22.531781,27.773725,-10.490496,105 days 13:20:00,16 days 17:27:16,1.774503,7474.462936,0.325433,0.074467,1.176432,0.182228
NAUKRI,Success,0.008201700000427081,0.0002128000005541253,0.0006094000000302913,5.8599999647412915e-05,0.011409099999582395,2006-11-21 09:15:00,2025-06-26 09:15:00,6792 days 00:00:00,100000.0,240046.731396,140.046731,5018.217958,100.0,3532.391202,41.464674,3073 days 00:00:00,19,19,0,0.0,42.105263,48.744605,-14.754196,28.172011,-9.075147,89 days 06:00:00,29 days 10:54:32,1.722315,7370.8806,0.398875,0.118643,1.19192,0.279593
NAVA,Success,0.008429599999544735,0.00022050000006856862,0.000466700000288256,3.769999966607429e-05,0.010830799999894225,2006-07-31 09:15:00,2025-06-26 09:15:00,6905 days 00:00:00,100000.0,176874.101936,76.874102,2390.899448,100.0,990.346811,53.918296,5738 days 00:00:00,11,11,0,0.0,36.363636,44.736332,-11.276218,35.623344,-8.484957,138 days 18:00:00,20 days 13:42:51,2.633611,6988.554721,0.272626,0.057947,1.170144,0.161791
NAVINFLUOR,Success,0.008674200000314158,0.00021870000000490109,0.0004650999999284977,4.0500000068277586e-05,0.011132200000247394,2007-06-01 09:15:00,2025-06-26 09:15:00,6600 days 00:00:00,100000.0,985955.146002,885.955146,7065.035398,100.0,8627.086691,39.823095,1389 days 00:00:00,16,16,0,0.0,68.75,74.676785,-8.369251,28.346486,-6.746927,71 days 19:38:10,61 days 14:24:00,4.36622,55372.196625,0.879562,0.346121,1.515905,0.6864
NAVKARCORP,Success,0.004473199999665667,0.00018230000023322646,0.0005477000004248112,3.780000042752363e-05,0.006963799999539333,2015-09-09 09:15:00,2025-06-26 09:15:00,3578 days 00:00:00,100000.0,51820.579717,-48.17942,-33.646919,100.0,417.720168,49.594542,3436 days 00:00:00,6,6,0,0.0,0.0,-7.817756,-12.165038,0.0,-10.200482,0 days 00:00:00,29 days 08:00:00,0.0,-8029.90338,-0.69432,-0.133251,0.581274,-0.225759
NAVKARURB,Success,0.0018084999992424855,0.00013560000024881447,0.0004529999996520928,2.789999962260481e-05,0.0034486000004108064,2025-01-17 09:15:00,2025-06-26 09:15:00,160 days 00:00:00,100000.0,100000.0,0.0,-43.643512,100.0,0.0,0.0,,0,0,0,0.0,,,,,,,,,,,,,
NAVNETEDUL,Success,0.008669799999552197,0.0002266000001327484,0.0004490000001169392,6.769999981770525e-05,0.011167700000441982,2006-11-02 09:15:00,2025-06-26 09:15:00,6811 days 00:00:00,100000.0,121009.866966,21.009867,500.42338,100.0,1514.078332,32.455945,962 days 00:00:00,12,12,0,0.0,41.666667,29.522427,-23.084497,22.623996,-10.623441,89 days 04:48:00,65 days 06:51:25,1.215784,1750.822247,0.143446,0.032301,1.081811,0.081414
NAZARA,Success,0.0027377999995223945,0.0001581999995323713,0.00042719999964901945,2.8200000087963417e-05,0.0047725999993417645,2021-03-30 09:15:00,2025-06-26 09:15:00,1549 days 00:00:00,100000.0,85969.225839,-14.030774,65.816583,100.0,371.613482,32.226818,527 days 00:00:00,4,4,0,0.0,25.0,20.882545,-13.312055,20.882545,-10.445865,35 days 00:00:00,77 days 00:00:00,0.558317,-3507.69354,-0.159746,-0.11026,0.939246,-0.120676
NBCC,Success,0.007700000000113505,0.0002871000006052782,0.0007415000000037253,3.8499999391206075e-05,0.010342699999455363,2012-04-26 09:15:00,2025-06-26 09:15:00,4809 days 00:00:00,100000.0,90179.287614,-9.820712,2743.427308,100.0,600.632489,27.002193,3038 days 00:00:00,7,7,0,0.0,28.571429,26.129724,-12.099175,22.449367,-9.376308,66 days 12:00:00,55 days 00:00:00,0.777692,-1402.958912,-0.055771,-0.029511,0.969185,-0.025008
NBIFIN,Success,0.0043851999998878455,0.000172299999576353,0.00042579999990266515,3.440000000409782e-05,0.006627199999456934,2016-12-07 09:15:00,2025-06-26 09:15:00,3123 days 00:00:00,100000.0,100474.220244,0.47422,2108.148148,100.0,349.948421,28.297185,2542 days 00:00:00,4,4,0,0.0,25.0,30.35705,-8.707312,30.35705,-7.995953,28 days 00:00:00,13 days 08:00:00,1.021181,118.555061,0.047775,0.00201,1.047901,0.013867
NCC,Success,0.010463800000252377,0.00028560000009747455,0.0005120999994687736,4.019999960291898e-05,0.013438699999824166,1995-08-24 09:15:00,2025-06-26 09:15:00,10899 days 00:00:00,100000.0,238398.891348,138.398891,2216.742898,100.0,2674.243242,65.823673,7971 days 00:00:00,23,22,1,10866.73296,40.909091,53.106882,-21.330654,34.484455,-12.61019,62 days 00:00:00,58 days 11:04:36,1.614411,5796.91629,0.25182,0.045706,1.135246,0.153388
NCLIND,Success,0.008610100000623788,0.0002336999996259692,0.0005130999998073094,5.409999994299142e-05,0.0112515999999232,2007-04-03 09:15:00,2025-06-26 09:15:00,6659 days 00:00:00,100000.0,102844.46052,2.844461,524.80108,100.0,948.782296,42.813403,4223 days 00:00:00,10,10,0,0.0,30.0,34.082439,-13.067368,29.510841,-9.845437,57 days 00:00:00,43 days 10:17:08,1.041229,284.446052,0.071437,0.003667,1.049514,0.024839
NDGL,Success,0.0041412999999010935,0.00017659999957686523,0.0009221000000252388,5.110000074637355e-05,0.0073882000006051385,2016-08-30 09:15:00,2025-06-26 09:15:00,3222 days 00:00:00,100000.0,75978.728319,-24.021272,450.587312,100.0,162.779224,25.006256,2880 days 00:00:00,2,2,0,0.0,0.0,-11.694278,-13.838542,0.0,-12.76641,0 days 00:00:00,45 days 00:00:00,0.0,-12010.63584,-0.519784,-0.126714,0.618056,-0.153851
NDL,Success,0.006873099999211263,0.00019590000010794029,0.00044549999984155875,3.6299999919719994e-05,0.00912250000055792,2013-11-21 09:15:00,2025-06-26 09:15:00,4235 days 00:00:00,100000.0,238038.770657,138.038771,303.558717,100.0,1185.322224,35.03762,3256 days 00:00:00,8,8,0,0.0,62.5,41.443219,-20.665287,31.895476,-15.120893,41 days 19:11:59,29 days 00:00:00,3.288457,17254.846332,0.604242,0.226072,1.535547,0.276974
NDLVENTURE,Success,0.00876079999943613,0.00023699999928794568,0.0004785999999512569,3.620000006776536e-05,0.01128809999954683,2007-11-29 09:15:00,2025-06-26 09:15:00,6419 days 00:00:00,100000.0,91757.651989,-8.242348,-13.678029,100.0,656.187951,40.905542,5645 days 00:00:00,7,7,0,0.0,28.571429,29.19345,-14.077688,23.609731,-9.355555,122 days 00:00:00,68 days 04:48:00,0.826342,-1177.478287,0.007091,-0.012183,1.004051,0.00382
NDRAUTO,Success,0.002818900000420399,0.00015940000048431102,0.0004009000003861729,2.6400000024295878e-05,0.005139500000041153,2020-07-30 09:15:00,2025-06-26 09:15:00,1792 days 00:00:00,100000.0,112205.656713,12.205657,3250.822511,100.0,387.167255,28.639605,121 days 00:00:00,3,3,0,0.0,33.333333,41.573258,-15.843355,41.573258,-10.557625,141 days 00:00:00,15 days 00:00:00,1.419733,4068.552238,0.221345,0.084405,1.129394,0.145195
NDTV,Success,0.008702199999788718,0.00023039999996399274,0.0004742999999507447,3.930000002583256e-05,0.011158999999679509,2004-05-19 09:15:00,2025-06-26 09:15:00,7708 days 00:00:00,100000.0,94684.596102,-5.315404,58.441433,100.0,2028.75105,63.974854,6545 days 00:00:00,13,13,0,0.0,30.769231,46.717868,-16.562856,34.152584,-12.402978,57 days 06:00:00,22 days 13:20:00,0.971562,-408.877223,0.030708,-0.004115,1.022662,0.011234
NECCLTD,Success,0.004624499999408727,0.00018449999970471254,0.0005439000005935668,3.620000006776536e-05,0.0070185000004130416,2016-03-02 09:15:00,2025-06-26 09:15:00,3403 days 00:00:00,100000.0,316564.215053,216.564215,-44.829678,100.0,881.143274,7.108492,4 days 00:00:00,4,4,0,0.0,100.0,49.553655,23.632284,34.100999,0.0,21 days 00:00:00,0 days 00:00:00,inf,54141.053763,0.919482,1.88966,3.661923,0.727403
NECLIFE,Success,0.00919039999917004,0.00024819999998726416,0.00047309999990829965,3.7400000110210385e-05,0.012111699999877601,2005-07-18 09:15:00,2025-06-26 09:15:00,7283 days 00:00:00,100000.0,39419.648196,-60.580352,-13.264133,100.0,985.138476,65.240121,3881 days 00:00:00,15,15,0,0.0,13.333333,40.653647,-14.901132,39.98054,-11.376634,49 days 12:00:00,36 days 14:46:09,0.431499,-4038.69012,-0.262237,-0.07197,0.847506,-0.130437
NELCAST,Success,0.008235500000409957,0.00021399999968707561,0.0004513000003498746,6.570000005012844e-05,0.010747899999842048,2007-06-27 09:15:00,2025-06-26 09:15:00,6574 days 00:00:00,100000.0,230434.430788,130.434431,257.14973,100.0,1370.685424,25.74236,716 days 00:00:00,7,7,0,0.0,57.142857,46.345136,-13.749426,34.244991,-10.173033,68 days 12:00:00,79 days 08:00:00,2.94167,18633.490113,0.41664,0.188139,1.290159,0.23789
NELCO,Success,0.010207000000264088,0.0002677000002222485,0.0004761000000144122,3.8299999687296804e-05,0.01285939999979746,1995-10-09 09:15:00,2025-06-26 09:15:00,10853 days 00:00:00,100000.0,114218.84862,14.218849,4412.173913,100.0,1930.827086,69.857539,9267 days 00:00:00,15,15,0,0.0,33.333333,69.052641,-26.622567,46.475356,-15.6226,63 days 14:24:00,37 days 04:48:00,1.062197,947.923241,0.110924,0.006903,1.077445,0.05532
NEOGEN,Success,0.004375900000013644,0.0001770999997461331,0.00044189999971422367,3.66000003850786e-05,0.006543700000293029,2019-05-08 09:15:00,2025-06-26 09:15:00,2241 days 00:00:00,100000.0,120636.902403,20.636902,519.35119,100.0,614.640592,24.037178,1239 days 00:00:00,5,5,0,0.0,40.0,32.958923,-11.604501,30.090212,-10.352415,100 days 12:00:00,12 days 00:00:00,1.499324,4127.380481,0.263286,0.131173,1.1743,0.166546
NESCO,Success,0.008006899999600137,0.00025010000081238104,0.0004959999996572151,4.489999992074445e-05,0.010707799999181589,2008-04-08 09:15:00,2025-06-26 09:15:00,6288 days 00:00:00,100000.0,87994.758052,-12.005242,968.919435,100.0,906.915305,29.553895,3758 days 00:00:00,10,10,0,0.0,30.0,21.592951,-12.890763,19.38465,-8.689451,64 days 08:00:00,54 days 20:34:17,0.797461,-1200.524195,-0.028489,-0.025568,0.983537,-0.013121
NESTLEIND,Success,0.00806390000070678,0.00020790000053239055,0.000506600000335311,3.770000057556899e-05,0.010527600000386883,2010-01-08 09:15:00,2025-06-26 09:15:00,5648 days 00:00:00,100000.0,100929.07591,0.929076,874.645781,100.0,1182.295079,24.067579,3733 days 00:00:00,12,11,1,2199.716707,27.272727,19.354737,-6.182141,15.278078,-5.065741,39 days 00:00:00,43 days 06:00:00,0.972664,-115.5128,0.042045,0.00253,1.026984,0.021335
NETWEB,Success,0.002282099999320053,0.00014589999955205712,0.0004492999996728031,2.7400000362831634e-05,0.0042569000006551505,2023-07-27 09:15:00,2025-06-26 09:15:00,700 days 00:00:00,100000.0,121880.052733,21.880053,101.241208,100.0,256.023149,22.733537,191 days 00:00:00,2,2,0,0.0,50.0,36.319354,-10.055074,36.319354,-10.055074,60 days 00:00:00,105 days 00:00:00,2.584864,10940.026367,0.6131,0.485787,1.232858,0.530727
NETWORK18,Success,0.008223400000133552,0.00021440000000438886,0.0004810999998881016,3.899999956047395e-05,0.01090089999979682,2007-02-02 09:15:00,2025-06-26 09:15:00,6719 days 00:00:00,100000.0,53443.986551,-46.556013,-83.780987,100.0,641.036212,59.66773,6579 days 00:00:00,10,10,0,0.0,20.0,28.820071,-18.257228,24.925484,-12.245248,34 days 12:00:00,88 days 06:00:00,0.361115,-4655.601345,-0.131022,-0.057196,0.935942,-0.079806
NEULANDLAB,Success,0.008652700000311597,0.00022559999979421264,0.000487099999190832,3.909999941242859e-05,0.01112230000035197,1999-01-01 09:15:00,2025-06-26 09:15:00,9673 days 00:00:00,100000.0,117086.624909,17.086625,33581.101073,100.0,1186.17432,63.181482,5320 days 00:00:00,11,11,0,0.0,27.272727,62.650154,-12.697168,45.928375,-10.889178,38 days 08:00:00,42 days 03:00:00,1.166816,1553.329537,0.125494,0.0128,1.102332,0.054608
NEWGEN,Success,0.004129400000238093,0.00018929999987449264,0.0004642999992938712,3.2899999496294186e-05,0.006542300000546675,2018-01-29 09:15:00,2025-06-26 09:15:00,2705 days 00:00:00,100000.0,66003.317404,-33.996683,834.231416,100.0,608.448964,43.18088,2235 days 00:00:00,8,7,1,641.785925,14.285714,18.898745,-10.441379,18.898745,-9.275014,19 days 00:00:00,43 days 16:00:00,0.331352,-4948.352646,-0.417431,-0.128433,0.803066,-0.221001
NEXTMEDIA,Success,0.007368900000074063,0.00020930000027874485,0.0004582999999911408,3.2899999496294186e-05,0.010198900000432332,2011-06-15 09:15:00,2025-06-26 09:15:00,5125 days 00:00:00,100000.0,54681.268456,-45.318732,15.5,100.0,273.936958,49.200642,3961 days 00:00:00,4,4,0,0.0,0.0,-11.538333,-18.824185,0.0,-13.783579,0 days 00:00:00,23 days 00:00:00,0.0,-11329.682886,-0.566188,-0.090255,0.520491,-0.139182
NFL,Success,0.008158999999977823,0.0002310999998371699,0.0005412000000433181,4.459999945538584e-05,0.010796500000651577,2006-12-28 09:15:00,2025-06-26 09:15:00,6755 days 00:00:00,100000.0,65030.167757,-34.969832,225.016181,100.0,397.697156,62.623984,5349 days 00:00:00,6,6,0,0.0,16.666667,31.746921,-14.647973,31.746921,-12.945451,13 days 00:00:00,105 days 19:12:00,0.307827,-5828.305374,-0.112919,-0.037445,0.930414,-0.055044
NGIL,Success,0.002846999999746913,0.0001632999992580153,0.0005215999999563792,3.769999966607429e-05,0.00499610000042594,2021-08-20 09:15:00,2025-06-26 09:15:00,1406 days 00:00:00,100000.0,84824.584357,-15.175416,-47.086329,100.0,84.769218,26.432019,1219 days 00:00:00,1,1,0,0.0,0.0,-15.026935,-15.026935,0.0,-15.026935,0 days 00:00:00,59 days 00:00:00,0.0,-15175.415643,-0.38949,-0.160626,0.74175,-0.119124
NGLFINE,Success,0.0024561000000176136,0.0001602000002094428,0.0004285000004529138,2.7099999897473026e-05,0.0040827999991961406,2022-07-08 09:15:00,2025-06-26 09:15:00,1084 days 00:00:00,100000.0,100000.0,0.0,-44.674817,100.0,0.0,0.0,,0,0,0,0.0,,,,,,,,,,,,,
NH,Success,0.0043188999998164945,0.00019459999930404592,0.00046289999954751693,2.809999932651408e-05,0.006522599999698286,2016-01-06 09:15:00,2025-06-26 09:15:00,3459 days 00:00:00,100000.0,122779.545659,22.779546,515.313827,100.0,698.203378,19.851176,1200 days 00:00:00,7,7,0,0.0,42.857143,25.555248,-9.963477,20.224992,-7.939163,103 days 00:00:00,45 days 12:00:00,1.707452,3254.220808,0.25441,0.112328,1.129794,0.167901
NHPC,Success,0.007570199999463512,0.00023630000032426324,0.0005120999994687736,3.839999953925144e-05,0.010102500000357395,2009-09-01 09:15:00,2025-06-26 09:15:00,5777 days 00:00:00,100000.0,98599.831688,-1.400168,132.326531,100.0,1230.699524,33.326676,3122 days 00:00:00,15,14,1,2207.967472,21.428571,38.520967,-10.068819,26.090967,-6.11798,66 days 16:00:00,37 days 08:43:38,0.942541,-257.723985,0.043441,-0.002724,1.023367,0.019619
NIACL,Success,0.004203399999823887,0.0002868999999918742,0.00043400000049587106,3.399999968678458e-05,0.006420499999876483,2017-11-13 09:15:00,2025-06-26 09:15:00,2782 days 00:00:00,100000.0,64067.779854,-35.93222,-48.939622,100.0,229.218695,45.848666,1980 days 00:00:00,3,3,0,0.0,0.0,-11.870332,-17.060311,0.0,-13.608224,0 days 00:00:00,88 days 16:00:00,0.0,-11977.406715,-0.362694,-0.125839,0.806636,-0.157795
NIBE,Success,0.0017127000000982662,0.00013500000022759195,0.000541499999599182,2.5299999833805487e-05,0.003294600000117498,2025-02-07 09:15:00,2025-06-26 09:15:00,139 days 00:00:00,100000.0,100000.0,0.0,6.466194,100.0,0.0,0.0,,0,0,0,0.0,,,,,,,,,,,,,
NIBL,Success,0.004731500000161759,0.000252599999839731,0.00044010000056005083,3.1800000215298496e-05,0.006935200000043551,2013-04-16 09:15:00,2025-06-26 09:15:00,4454 days 00:00:00,100000.0,122268.154993,22.268155,422.242991,100.0,263.156431,15.897769,514 days 00:00:00,2,2,0,0.0,50.0,40.911733,-12.882838,40.911733,-12.882838,82 days 00:00:00,15 days 00:00:00,2.212766,11134.077496,0.287606,0.109599,1.392873,0.083055
NIFTY,Success,0.011067999999795575,0.0002733000001171604,0.0004896000000371714,4.379999973025406e-05,0.013982299999952374,1990-07-03 09:15:00,2025-06-26 09:15:00,12777 days 00:00:00,100000.0,159713.960838,59.713961,9056.691605,100.0,4408.282192,18.979978,1863 days 00:00:00,37,37,0,0.0,40.540541,19.476602,-12.117652,10.290998,-3.995805,65 days 11:12:00,19 days 06:32:43,1.552971,1613.890833,0.25269,0.073961,1.14152,0.109755
NIITLTD,Success,0.009206800000356452,0.00023390000023937318,0.0005255999994915328,5.059999966761097e-05,0.012212700000418408,2004-08-16 09:15:00,2025-06-26 09:15:00,7619 days 00:00:00,100000.0,322047.492861,222.047493,2575.834144,100.0,3145.834726,52.58304,6550 days 00:00:00,14,14,0,0.0,42.857143,49.859932,-12.886067,38.938974,-9.118463,87 days 20:00:00,12 days 09:00:00,2.228311,15860.535204,0.465996,0.111828,1.348464,0.262375
NIITMTS,Success,0.002301200000147219,0.00016869999944901792,0.00040829999943525763,3.0700000024808105e-05,0.004527199999756704,2023-08-08 09:15:00,2025-06-26 09:15:00,688 days 00:00:00,100000.0,80455.310079,-19.54469,-11.958225,100.0,168.250252,27.836377,434 days 00:00:00,2,2,0,0.0,0.0,-8.715511,-11.577048,0.0,-10.14628,0 days 00:00:00,43 days 00:00:00,0.0,-9772.34496,-0.816229,-0.396971,0.66488,-0.48187
NILAINFRA,Success,0.004369400000541646,0.00018180000006395858,0.00046969999948487384,3.279999964433955e-05,0.006569299999682698,2015-05-21 09:15:00,2025-06-26 09:15:00,3689 days 00:00:00,100000.0,133760.79109,33.760791,69.267139,100.0,685.048588,39.240321,3475 days 00:00:00,5,5,0,0.0,40.0,72.007458,-16.844693,50.256387,-15.111158,69 days 12:00:00,66 days 16:00:00,1.501203,6752.158218,0.254546,0.075766,1.174861,0.178452
NILASPACES,Success,0.00284419999934471,0.00017130000014731195,0.00043550000009418,2.8500000553322025e-05,0.005189099999370228,2018-12-28 09:15:00,2025-06-26 09:15:00,2372 days 00:00:00,100000.0,87821.672115,-12.178328,240.0,100.0,529.883497,40.359011,1588 days 00:00:00,7,7,0,0.0,28.571429,23.980577,-13.727172,22.321251,-9.784021,29 days 00:00:00,37 days 09:35:59,0.708991,-1739.761126,-0.057623,-0.049855,0.972952,-0.041392
NILKAMAL,Success,0.008132199999636214,0.00022139999964565504,0.0004882000002908171,3.780000042752363e-05,0.010580600000139384,2007-01-05 09:15:00,2025-06-26 09:15:00,6747 days 00:00:00,100000.0,268484.701376,168.484701,1079.837067,100.0,1770.36536,41.705723,3433 days 00:00:00,10,9,1,-859.58796,66.666667,40.633456,-19.390625,26.924763,-12.323406,60 days 16:00:00,34 days 16:00:00,3.207829,18816.032148,0.519451,0.134687,1.434603,0.220789
NINSYS,Success,0.002269900000101188,0.00015270000039890874,0.0004374999998617568,3.310000010969816e-05,0.0043718999995689956,2023-02-21 09:15:00,2025-06-26 09:15:00,856 days 00:00:00,100000.0,63411.483658,-36.588516,200.896301,100.0,304.93935,37.537158,650 days 00:00:00,4,4,0,0.0,0.0,-9.86366,-11.25368,0.0,-10.615506,0 days 00:00:00,23 days 00:00:00,0.0,-9147.129086,-1.387027,-0.492962,0.524668,-0.877614
NIPPOBATRY,Success,0.009124799999881361,0.0002508000006855582,0.00054439999985334,4.040000021632295e-05,0.011704499999723339,1999-10-07 09:15:00,2025-06-26 09:15:00,9394 days 00:00:00,100000.0,92177.868812,-7.822131,172.535211,100.0,1266.055327,51.158973,3541 days 00:00:00,13,13,0,0.0,30.769231,33.970915,-17.932376,28.634511,-10.99972,103 days 06:00:00,79 days 02:40:00,0.924325,-601.702399,0.0423,-0.007101,1.02302,0.021723
NIRAJ,Success,0.0030914999997548875,0.0001677999998719315,0.00045339999996940605,3.0299999707494862e-05,0.005145500000253378,2020-10-01 09:15:00,2025-06-26 09:15:00,1729 days 00:00:00,100000.0,114709.786592,14.709787,45.926897,100.0,245.592117,12.230336,532 days 00:00:00,2,2,0,0.0,50.0,30.96051,-12.058556,30.96051,-12.058556,73 days 00:00:00,10 days 00:00:00,1.920263,7354.893296,0.329366,0.244229,1.27725,0.162565
NITCO,Success,0.008319200000187266,0.00021890000061830506,0.000579200000174751,5.160000000614673e-05,0.011371899999176094,2006-03-21 09:15:00,2025-06-26 09:15:00,7037 days 00:00:00,100000.0,177669.379343,77.669379,-26.188267,100.0,2137.093523,40.884171,2999 days 00:00:00,17,17,0,0.0,41.176471,32.963085,-15.356411,28.249345,-10.597093,46 days 00:00:00,25 days 16:48:00,1.560644,4568.78702,0.269379,0.076931,1.173225,0.172168
NITINSPIN,Success,0.008701900000232854,0.0002230000000054133,0.00047360000007756753,5.0999999984924216e-05,0.011284100000011676,2006-02-02 09:15:00,2025-06-26 09:15:00,7084 days 00:00:00,100000.0,175872.205508,75.872206,1430.769231,100.0,2819.771697,42.729391,1658 days 00:00:00,19,18,1,7470.107688,38.888889,52.279218,-17.48826,34.832318,-12.811618,90 days 06:51:25,24 days 08:43:38,1.293248,3800.116546,0.260685,0.070556,1.138469,0.158942
NITIRAJ,Success,0.0032748999992691097,0.0001691999996182858,0.00043709999954444356,3.1099999432626646e-05,0.005495000000337313,2017-03-09 09:15:00,2025-06-26 09:15:00,3031 days 00:00:00,100000.0,66775.118163,-33.224882,171.362434,100.0,217.430622,37.342037,1142 days 00:00:00,3,3,0,0.0,0.0,-6.489391,-20.736964,0.0,-12.208387,0 days 00:00:00,27 days 16:00:00,0.0,-11074.960612,-0.72286,-0.183956,0.515913,-0.204751
NIVABUPA,Success,0.0021789000002172543,0.00014550000014423858,0.0005473999999594525,3.300000025774352e-05,0.003812199999629229,2024-11-14 09:15:00,2025-06-26 09:15:00,224 days 00:00:00,100000.0,100000.0,0.0,10.75385,100.0,0.0,0.0,,0,0,0,0.0,,,,,,,,,,,,,
NKIND,Success,0.004389599999740312,0.00018350000027567148,0.0005448000001706532,3.2699999792384915e-05,0.006714899999678892,1999-01-04 09:15:00,2025-06-26 09:15:00,9670 days 00:00:00,100000.0,81009.789387,-18.990211,1083.166667,100.0,173.151804,31.540045,1354 days 00:00:00,2,2,0,0.0,0.0,-7.808385,-11.780958,0.0,-9.794672,0 days 00:00:00,31 days 12:00:00,0.0,-9495.105307,-0.290783,-0.073044,0.742484,-0.081484
NLCINDIA,Success,0.008243100000072445,0.00023080000028130598,0.0004772000002049026,3.600000036385609e-05,0.010895500000515312,2006-11-02 09:15:00,2025-06-26 09:15:00,6811 days 00:00:00,100000.0,124550.252052,24.550252,252.644575,100.0,1691.347886,35.065649,5370 days 00:00:00,11,11,0,0.0,36.363636,28.612453,-16.729932,25.553218,-9.022832,88 days 06:00:00,47 days 20:34:17,1.235692,2231.841096,0.157411,0.034438,1.099073,0.076611
NMDC,Success,0.009158799999568146,0.0002884999994421378,0.0005092000001241104,4.079999962414149e-05,0.01184579999971902,2008-03-03 09:15:00,2025-06-26 09:15:00,6324 days 00:00:00,100000.0,70743.991117,-29.256009,-25.163511,100.0,743.108063,51.368259,5823 days 00:00:00,11,10,1,2719.961365,20.0,26.394783,-15.943141,22.384348,-9.100829,79 days 12:00:00,79 days 15:00:00,0.475228,-3197.597025,-0.127824,-0.039314,0.94107,-0.069687
NOCIL,Success,0.009306100000685547,0.0003335999999762862,0.0006935000001249136,8.08000004326459e-05,0.012249200000042038,1999-01-01 09:15:00,2025-06-26 09:15:00,9673 days 00:00:00,100000.0,526155.034703,426.155035,681.833333,100.0,5898.007039,40.219448,1353 days 00:00:00,17,17,0,0.0,58.823529,47.624724,-24.176022,31.580559,-13.313192,70 days 04:48:00,50 days 13:42:51,2.249874,25067.943218,0.458598,0.16683,1.288483,0.310035
NOIDATOLL,Success,0.008852599999954691,0.00022820000049250666,0.00046610000026703347,4.040000021632295e-05,0.01123619999998482,2003-01-01 09:15:00,2025-06-26 09:15:00,8212 days 00:00:00,100000.0,58222.906804,-41.777093,-49.333333,100.0,659.861829,58.512656,7237 days 00:00:00,7,7,0,0.0,14.285714,40.620039,-21.795026,40.620039,-13.358589,58 days 00:00:00,87 days 08:00:00,0.491243,-5968.156171,-0.176372,-0.042083,0.885914,-0.075447
NORBTEAEXP,Success,0.008305499999551103,0.00022400000034394907,0.0005102000004626461,3.670000023703324e-05,0.010757999999441381,1999-01-01 09:15:00,2025-06-26 09:15:00,9673 days 00:00:00,100000.0,38902.889835,-61.09711,589.183673,100.0,351.116979,76.231232,7988 days 00:00:00,7,7,0,0.0,0.0,-5.120686,-32.787792,0.0,-11.93615,0 days 00:00:00,74 days 06:51:25,0.0,-8728.158595,-0.207717,-0.064831,0.80162,-0.058952
NORTHARC,Success,0.001970600000277045,0.0001573999998072395,0.0004337999998824671,2.4599999960628338e-05,0.003472600000350212,2024-09-24 09:15:00,2025-06-26 09:15:00,275 days 00:00:00,100000.0,100000.0,0.0,-25.435993,100.0,0.0,0.0,,0,0,0,0.0,,,,,,,,,,,,,
NOVAAGRI,Success,0.0020395000001371955,0.00014509999982692534,0.0004225000002406887,2.700000004551839e-05,0.004060400000525988,2024-01-31 09:15:00,2025-06-26 09:15:00,512 days 00:00:00,100000.0,89905.693292,-10.094307,-13.904762,100.0,89.995037,10.758992,286 days 00:00:00,1,1,0,0.0,0.0,-9.914381,-9.914381,0.0,-9.914381,0 days 00:00:00,26 days 00:00:00,0.0,-10094.306708,-1.204116,-0.687391,0.398798,-0.490614
NPST,Success,0.002478299999893352,0.0001492000001235283,0.0004906000003757072,2.750000021478627e-05,0.004565799999909359,2021-08-10 09:15:00,2025-06-26 09:15:00,1416 days 00:00:00,100000.0,124657.315876,24.657316,7159.331232,100.0,265.029386,12.677856,272 days 00:00:00,2,2,0,0.0,50.0,41.520551,-11.645853,41.520551,-11.645853,14 days 00:00:00,8 days 00:00:00,2.488279,12328.657938,0.841285,0.54656,2.568399,0.234407
NRAIL,Success,0.004262499999640568,0.0001677999998719315,0.0005633999999190564,4.1599999349273276e-05,0.006689799999548995,2017-04-05 09:15:00,2025-06-26 09:15:00,3004 days 00:00:00,100000.0,99974.737746,-0.025262,42.988059,100.0,394.969272,39.709631,2689 days 00:00:00,5,5,0,0.0,40.0,28.709182,-16.774129,26.22232,-14.036647,57 days 12:00:00,70 days 00:00:00,0.999315,-5.052451,0.06564,-7.9e-05,1.033414,0.035093
NRBBEARING,Success,0.009317000000010012,0.00023890000011306256,0.000464000000647502,3.899999956047395e-05,0.012062700000569748,2000-03-08 09:15:00,2025-06-26 09:15:00,9241 days 00:00:00,100000.0,437420.326915,337.420327,3392.857143,100.0,6334.32404,33.784312,1425 days 00:00:00,19,19,0,0.0,47.368421,52.013765,-17.396706,34.485553,-10.678871,54 days 18:40:00,48 days 04:48:00,1.858767,17758.964574,0.446646,0.189069,1.282469,0.268602
NRL,Success,0.002492500000698783,0.00015910000001895241,0.0004523999996308703,2.9799999538226984e-05,0.004061499999806983,2023-01-12 09:15:00,2025-06-26 09:15:00,896 days 00:00:00,100000.0,100000.0,0.0,-20.410694,100.0,0.0,0.0,,0,0,0,0.0,,,,,,,,,,,,,
NSIL,Success,0.008084900000540074,0.00028160000056232093,0.0005117999999129097,3.860000015265541e-05,0.010937600000033854,2005-06-07 09:15:00,2025-06-26 09:15:00,7324 days 00:00:00,100000.0,283657.802817,183.657803,2355.322266,100.0,1625.908204,37.168522,1492 days 00:00:00,10,9,1,5555.387332,55.555556,38.221985,-11.456937,34.269343,-10.16009,137 days 14:23:59,58 days 06:00:00,3.421983,19789.157276,0.42956,0.163821,1.250629,0.28196
NSLNISP,Success,0.0021938999998383224,0.00014240000018617138,0.00040350000017497223,2.8200000087963417e-05,0.004099499999938416,2023-02-20 09:15:00,2025-06-26 09:15:00,857 days 00:00:00,100000.0,92796.997728,-7.203002,29.133858,100.0,92.873288,9.23086,625 days 00:00:00,1,1,0,0.0,0.0,-7.01842,-7.01842,0.0,-7.01842,0 days 00:00:00,14 days 00:00:00,0.0,-7203.002272,-0.826298,-0.345041,0.322927,-0.145471
NTPC,Success,0.008594199999606644,0.00023249999958352419,0.0007636000000275089,4.4800000068789814e-05,0.011527300000125251,2004-11-05 09:15:00,2025-06-26 09:15:00,7538 days 00:00:00,100000.0,90878.004926,-9.121995,435.513097,100.0,1310.769628,55.879502,5656 days 00:00:00,16,16,0,0.0,25.0,28.265177,-11.690359,21.043518,-6.619629,157 days 18:00:00,68 days 22:00:00,0.872575,-570.124692,0.00225,-0.008435,1.00085,0.001566
NTPCGREEN,Success,0.0019429000003583496,0.00014209999972081278,0.00043619999996735714,2.5599999389669392e-05,0.0034152000007452443,2024-11-27 09:15:00,2025-06-26 09:15:00,211 days 00:00:00,100000.0,100000.0,0.0,-12.248253,100.0,0.0,0.0,,0,0,0,0.0,,,,,,,,,,,,,
NUCLEUS,Success,0.008628300000054878,0.00036269999964133603,0.0004951000000801287,4.11000000895001e-05,0.011356099999829894,2003-01-01 09:15:00,2025-06-26 09:15:00,8212 days 00:00:00,100000.0,243457.834844,143.457835,3830.982995,100.0,2074.461435,38.341218,3604 days 00:00:00,10,10,0,0.0,50.0,44.005783,-12.144653,34.386615,-10.604021,67 days 19:11:59,40 days 14:24:00,2.179863,14345.783484,0.384393,0.107252,1.29492,0.193163
NURECA,Success,0.002787999999782187,0.00025520000053802505,0.0005583000001934124,3.620000006776536e-05,0.005248899999969581,2021-02-25 09:15:00,2025-06-26 09:15:00,1582 days 00:00:00,100000.0,86480.142425,-13.519858,-56.879597,100.0,86.480451,13.519858,1582 days 00:00:00,1,1,0,0.0,0.0,-13.358408,-13.358408,0.0,-13.358408,0 days 00:00:00,13 days 00:00:00,0.0,-13519.857575,-0.635699,-0.247843,0.352663,-0.1139
NUVAMA,Success,0.0020607999995263526,0.00014409999948838959,0.0003919000000678352,2.5399999685760122e-05,0.0040067999998427695,2023-09-26 09:15:00,2025-06-26 09:15:00,639 days 00:00:00,100000.0,102521.812822,2.521813,202.430622,100.0,337.420002,22.97047,231 days 00:00:00,3,3,0,0.0,33.333333,26.384617,-9.83489,26.384617,-9.686054,7 days 00:00:00,58 days 12:00:00,1.108323,840.604274,0.180096,0.063266,1.077072,0.112272
NUVOCO,Success,0.0025114999998550047,0.00016739999955461826,0.0007243000000016764,4.6799999836366624e-05,0.0053740000003017485,2021-08-23 09:15:00,2025-06-26 09:15:00,1403 days 00:00:00,100000.0,92830.510403,-7.16949,-33.769044,100.0,92.876842,11.387652,930 days 00:00:00,1,1,0,0.0,0.0,-6.986988,-6.986988,0.0,-6.986988,0 days 00:00:00,38 days 00:00:00,0.0,-7169.489597,-0.449063,-0.170706,0.628057,-0.122821
NYKAA,Success,0.0025415000000066357,0.00015970000004017493,0.0005219999993641977,3.2699999792384915e-05,0.0041775999998208135,2021-11-10 09:15:00,2025-06-26 09:15:00,1324 days 00:00:00,100000.0,100000.0,0.0,-43.734474,100.0,0.0,0.0,,0,0,0,0.0,,,,,,,,,,,,,
OAL,Success,0.002820400000018708,0.0001560000000608852,0.0003937999999834574,2.6000000616477337e-05,0.00482319999991887,2019-07-11 09:15:00,2025-06-26 09:15:00,2177 days 00:00:00,100000.0,89082.515953,-10.917484,100.077042,100.0,89.035733,14.944088,1413 days 00:00:00,1,1,0,0.0,0.0,-10.754019,-10.754019,0.0,-10.754019,0 days 00:00:00,11 days 00:00:00,0.0,-10917.484047,-0.526081,-0.130607,0.295505,-0.069609
OBCL,Success,0.0025725000004968024,0.00015220000022964086,0.00039910000032250537,2.6599999728205148e-05,0.004034000000501692,2022-04-07 09:15:00,2025-06-26 09:15:00,1176 days 00:00:00,100000.0,100000.0,0.0,-65.440856,100.0,0.0,0.0,,0,0,0,0.0,,,,,,,,,,,,,
OBEROIRLTY,Success,0.007463399999323883,0.00022619999981543515,0.0005111000000397325,3.66000003850786e-05,0.010162300000047253,2010-12-10 09:15:00,2025-06-26 09:15:00,5312 days 00:00:00,100000.0,213396.25288,113.396253,647.755536,100.0,1550.869272,32.249609,2306 days 00:00:00,12,12,0,0.0,50.0,29.55977,-10.178815,24.386389,-8.340619,93 days 16:00:00,34 days 04:00:00,2.881133,9449.68774,0.406748,0.169161,1.20759,0.298887
OCCL,Success,0.0065169999998033745,0.00020450000010896474,0.0005208000002312474,4.9199999921256676e-05,0.00900770000043849,2016-01-27 09:15:00,2025-06-26 09:15:00,3438 days 00:00:00,100000.0,79918.80274,-20.081197,56.195815,100.0,470.211544,27.392176,2821 days 00:00:00,5,5,0,0.0,20.0,22.506644,-12.488818,22.506644,-9.88715,22 days 00:00:00,28 days 12:00:00,0.499004,-4016.239452,-0.278462,-0.087479,0.782548,-0.108629
OCCLLTD,Success,0.0022528999998030486,0.00014459999965765746,0.00043480000022100285,2.7400000362831634e-05,0.0041567999996914295,2024-10-29 09:15:00,2025-06-26 09:15:00,240 days 00:00:00,100000.0,84583.697317,-15.416303,26.471527,100.0,84.588728,15.416303,240 days 00:00:00,1,1,0,0.0,0.0,-15.259265,-15.259265,0.0,-15.259265,0 days 00:00:00,13 days 00:00:00,0.0,-15416.302683,-1.881176,-1.471425,0.264384,-0.783463
ODIGMA,Success,0.001763799999935145,0.0001370999998471234,0.00043289999939588597,2.170000061596511e-05,0.003222500000447326,2024-12-12 09:15:00,2025-06-26 09:15:00,196 days 00:00:00,100000.0,100000.0,0.0,-72.581792,100.0,0.0,0.0,,0,0,0,0.0,,,,,,,,,,,,,
OFSS,Success,0.007994000000508095,0.00021130000004632166,0.00047199999971780926,3.930000002583256e-05,0.01034810000055586,2008-09-18 09:15:00,2025-06-26 09:15:00,6125 days 00:00:00,100000.0,151612.044533,51.612045,889.36981,100.0,1618.623705,27.996471,797 days 00:00:00,12,12,0,0.0,41.666667,32.028851,-10.355647,21.085414,-6.936341,77 days 09:36:00,77 days 00:00:00,1.742666,4301.003711,0.289836,0.091613,1.142598,0.210262
OIL,Success,0.00823220000074798,0.00020899999981338624,0.0005008999996789498,3.710000055434648e-05,0.010691899999983434,2009-09-30 09:15:00,2025-06-26 09:15:00,5748 days 00:00:00,100000.0,62495.075915,-37.504924,190.681443,100.0,711.865347,50.08251,5032 days 00:00:00,10,10,0,0.0,10.0,33.304132,-14.737544,33.304132,-7.823463,34 days 00:00:00,32 days 08:00:00,0.31516,-3750.492409,-0.332082,-0.059843,0.772865,-0.105048
OILCOUNTUB,Success,0.009547000000566186,0.0002460000005157781,0.000482200000078592,4.130000070290407e-05,0.012593399999786925,1999-01-01 09:15:00,2025-06-26 09:15:00,9673 days 00:00:00,100000.0,62795.201664,-37.204798,615.531136,100.0,746.206445,67.915905,9673 days 00:00:00,15,15,0,0.0,33.333333,42.494158,-21.572546,26.791529,-14.697649,110 days 09:36:00,58 days 07:11:59,0.590759,-2480.319889,-0.009441,-0.028206,0.99445,-0.003932
OLAELEC,Success,0.001966300000276533,0.000190600000678387,0.0004423000000315369,3.190000006725313e-05,0.0035104999997201958,2024-08-09 09:15:00,2025-06-26 09:15:00,321 days 00:00:00,100000.0,100000.0,0.0,-52.675437,100.0,0.0,0.0,,0,0,0,0.0,,,,,,,,,,,,,
OLECTRA,Success,0.008311300000059418,0.000247500000114087,0.0005391000004237867,4.1000000237545464e-05,0.011035799999262963,2003-05-07 09:15:00,2025-06-26 09:15:00,8086 days 00:00:00,100000.0,174800.174874,74.800175,14309.69697,100.0,2724.114932,45.572328,3273 days 00:00:00,18,18,0,0.0,33.333333,48.062762,-19.992636,41.62776,-11.59247,101 days 08:00:00,20 days 22:00:00,1.340364,4155.565271,0.231245,0.057147,1.137198,0.133653
OMAXAUTO,Success,0.009125900000071852,0.00023440000040864106,0.0004656999999497202,3.8499999391206075e-05,0.01191339999968477,2003-02-24 09:15:00,2025-06-26 09:15:00,8158 days 00:00:00,100000.0,923268.587992,823.268588,174.71875,100.0,6721.079699,41.249103,2453 days 00:00:00,16,16,0,0.0,56.25,69.070142,-16.907665,42.085912,-11.638689,62 days 05:20:00,83 days 06:51:25,3.171216,51454.286749,0.641759,0.258571,1.388403,0.495368
OMAXE,Success,0.007971999999426771,0.0002148000003217021,0.00045360000058281,3.639999977167463e-05,0.010489199999938137,2007-08-09 09:15:00,2025-06-26 09:15:00,6531 days 00:00:00,100000.0,88689.439105,-11.310561,-63.003677,100.0,728.187696,15.218071,5270 days 00:00:00,8,8,0,0.0,25.0,10.539737,-9.547198,8.097898,-4.198049,184 days 12:00:00,19 days 04:00:00,0.549738,-1413.820112,-0.195438,-0.044835,0.87693,-0.064263
OMINFRAL,Success,0.007201000000350177,0.0002162000000680564,0.00048599999990983633,3.9599999581696466e-05,0.009565999999722408,2011-06-17 09:15:00,2025-06-26 09:15:00,5123 days 00:00:00,100000.0,100488.5741,0.488574,244.441583,100.0,1251.226985,42.718872,889 days 00:00:00,11,11,0,0.0,27.272727,51.773335,-20.749286,42.18299,-11.878858,113 days 16:00:00,41 days 06:00:00,1.004179,44.415827,0.091878,0.000852,1.04463,0.055311
ONELIFECAP,Success,0.007225000000289583,0.00022170000011101365,0.00046890000066923676,3.65999994755839e-05,0.009684699999525037,2011-10-17 09:15:00,2025-06-26 09:15:00,5001 days 00:00:00,100000.0,35455.338816,-64.544661,-90.496745,100.0,254.044399,64.544661,5001 days 00:00:00,5,5,0,0.0,0.0,-12.744612,-27.88749,0.0,-18.38923,0 days 00:00:00,69 days 04:48:00,0.0,-12908.932237,-0.505623,-0.116924,0.727193,-0.235043
ONEPOINT,Success,0.004455700000107754,0.00028170000041427556,0.0004645000008167699,3.699999979289714e-05,0.006922800000211282,2017-12-26 09:15:00,2025-06-26 09:15:00,2739 days 00:00:00,100000.0,57857.158249,-42.142842,628.591078,100.0,527.94265,52.900002,2232 days 00:00:00,8,8,0,0.0,25.0,36.369276,-18.132083,25.445725,-15.002279,67 days 12:00:00,18 days 04:00:00,0.3936,-5267.855219,-0.384308,-0.137786,0.808127,-0.170462
ONESOURCE,Success,0.0018347999994148267,0.0001351000000795466,0.00038240000048972433,2.2500000341096893e-05,0.003659299999526411,2025-01-24 09:15:00,2025-06-26 09:15:00,153 days 00:00:00,100000.0,143461.275305,43.461275,17.116959,100.0,142.751525,4.168373,16 days 00:00:00,1,1,0,0.0,100.0,44.122927,44.122927,44.122927,0.0,69 days 00:00:00,0 days 00:00:00,inf,43461.275305,3.422928,33.529133,2.362124,5.786725
ONGC,Success,0.010064699999929871,0.00029119999999238644,0.0006656999994447688,4.6999999540275894e-05,0.01289829999950598,1999-01-01 09:15:00,2025-06-26 09:15:00,9673 days 00:00:00,100000.0,191761.701004,91.761701,987.684538,100.0,2783.101528,58.032773,7749 days 00:00:00,18,18,0,0.0,38.888889,42.536446,-14.461331,26.702943,-8.2201,124 days 17:08:34,35 days 15:16:21,1.614324,5097.872278,0.260215,0.043763,1.146191,0.126046
ONMOBILE,Success,0.008730300000024727,0.00021909999941271963,0.0004910999996354803,3.7599999814119656e-05,0.011124200000267592,2008-02-19 09:15:00,2025-06-26 09:15:00,6337 days 00:00:00,100000.0,85319.667253,-14.680333,-78.959761,100.0,621.248926,42.6915,4399 days 00:00:00,8,8,0,0.0,25.0,51.038464,-17.752755,43.126069,-13.269021,32 days 12:00:00,29 days 00:00:00,0.790585,-1835.041593,-0.030539,-0.021779,0.972631,-0.012676
ONWARDTEC,Success,0.009747600000082457,0.0002473999993526377,0.0005252999999356689,4.369999987829942e-05,0.012568500000270433,1995-08-23 09:15:00,2025-06-26 09:15:00,10900 days 00:00:00,100000.0,924982.588107,824.982588,562.142857,100.0,4842.574599,41.594013,6119 days 00:00:00,15,15,0,0.0,60.0,61.023224,-24.406389,42.051479,-13.613086,79 days 08:00:00,39 days 08:00:00,5.397413,54998.839207,0.556052,0.2092,1.385848,0.390916
OPTIEMUS,Success,0.004238399999849207,0.00017559999923832947,0.0004326999996919767,3.260000084992498e-05,0.006361499999911757,2017-08-08 09:15:00,2025-06-26 09:15:00,2879 days 00:00:00,100000.0,164964.504547,64.964505,1017.879073,100.0,584.35592,32.170394,197 days 00:00:00,4,4,0,0.0,50.0,46.673259,-14.95564,46.119111,-11.699468,113 days 00:00:00,59 days 12:00:00,2.711983,16241.126137,0.439831,0.207395,1.218243,0.289786
ORBTEXP,Success,0.005001800000172807,0.00019470000006549526,0.00045539999973698286,3.66000003850786e-05,0.007351500000368105,2013-11-05 09:15:00,2025-06-26 09:15:00,4251 days 00:00:00,100000.0,61350.372634,-38.649627,324.265215,100.0,777.782218,54.76444,4010 days 00:00:00,8,8,0,0.0,12.5,35.912121,-15.145154,35.912121,-10.51498,44 days 00:00:00,25 days 06:51:25,0.479633,-4831.203421,-0.384874,-0.076468,0.757652,-0.147596
ORCHASP,Success,0.0019197999999960302,0.00014250000003812602,0.0004079000000274391,2.7600000066740904e-05,0.0033655999995971797,2025-02-07 09:15:00,2025-06-26 09:15:00,139 days 00:00:00,100000.0,100000.0,0.0,-20.670391,100.0,0.0,0.0,,0,0,0,0.0,,,,,,,,,,,,,
ORCHPHARMA,Success,0.0027624000003925175,0.00015779999921505805,0.000445900000158872,2.8899999961140566e-05,0.004831299999750627,2020-11-03 09:15:00,2025-06-26 09:15:00,1696 days 00:00:00,100000.0,90610.664675,-9.389335,3808.055556,100.0,429.267221,38.184642,1521 days 00:00:00,5,5,0,0.0,20.0,40.283973,-12.002006,40.283973,-10.125582,133 days 00:00:00,19 days 06:00:00,0.752789,-1877.867065,-0.049143,-0.055832,0.976372,-0.032079
ORICONENT,Success,0.004925500000354077,0.00018339999951422215,0.0004532999992079567,4.600000011123484e-05,0.007279200000084529,2015-07-24 09:15:00,2025-06-26 09:15:00,3625 days 00:00:00,100000.0,142101.713791,42.101714,-14.654028,100.0,344.102127,31.186985,2912 days 00:00:00,3,3,0,0.0,66.666667,28.655877,-11.494942,27.104419,-11.494942,15 days 00:00:00,63 days 00:00:00,4.608643,14033.904597,0.383231,0.117712,1.497059,0.117003
ORIENTALTL,Success,0.006385499999851163,0.00035369999932299834,0.0004589000000123633,3.4100000448233914e-05,0.008726499999283988,2015-12-08 09:15:00,2025-06-26 09:15:00,3488 days 00:00:00,100000.0,193721.598877,93.721599,333.382831,100.0,918.977345,35.912152,974 days 00:00:00,6,6,0,0.0,50.0,56.027394,-19.309969,44.469313,-13.108436,58 days 16:00:00,87 days 08:00:00,2.605435,15620.266479,0.451847,0.2048,1.270823,0.311014
ORIENTBELL,Success,0.007499100000131875,0.0002069000001938548,0.0004993999991711462,3.5400000342633575e-05,0.009823399999731919,2012-04-17 09:15:00,2025-06-26 09:15:00,4818 days 00:00:00,100000.0,227068.223511,127.068224,453.274473,100.0,634.212835,40.407524,2374 days 00:00:00,4,4,0,0.0,75.0,47.838876,-16.150696,39.914573,-16.150696,106 days 00:00:00,117 days 00:00:00,6.656572,31767.055878,0.459694,0.16186,1.346882,0.247193
ORIENTCEM,Success,0.006724299999405048,0.000278700000308163,0.0004951000000801287,4.540000009001233e-05,0.009369600000354694,2013-07-12 09:15:00,2025-06-26 09:15:00,4367 days 00:00:00,100000.0,69503.150468,-30.49685,317.54386,100.0,831.38694,49.813276,2940 days 00:00:00,10,10,0,0.0,20.0,30.841001,-12.232,26.563726,-9.667326,38 days 12:00:00,97 days 12:00:00,0.559585,-3049.684953,-0.116094,-0.061346,0.954763,-0.080571
ORIENTCER,Success,0.0022437000006902963,0.00014420000024983892,0.00039319999996223487,2.719999974942766e-05,0.004344800000581017,2023-07-31 09:15:00,2025-06-26 09:15:00,696 days 00:00:00,100000.0,128009.747815,28.009748,6.438155,100.0,128.090998,15.256181,15 days 00:00:00,1,1,0,0.0,100.0,28.279176,28.279176,28.279176,0.0,33 days 00:00:00,0 days 00:00:00,inf,28009.747815,0.955091,0.919561,2.035659,0.432105
ORIENTELEC,Success,0.0040367999999944,0.0001664000001255772,0.0004242000004524016,3.060000017285347e-05,0.006095699999605131,2018-05-14 09:15:00,2025-06-26 09:15:00,2600 days 00:00:00,100000.0,112111.634466,12.111634,58.835714,100.0,323.286735,15.258265,879 days 00:00:00,3,3,0,0.0,33.333333,28.892306,-7.467341,28.892306,-6.449254,190 days 00:00:00,7 days 00:00:00,1.846094,4037.211489,0.231885,0.107855,1.152552,0.097366
ORIENTHOT,Success,0.011808600000222214,0.0002739000001383829,0.0005618999994112528,4.369999987829942e-05,0.01510119999966264,1999-01-01 09:15:00,2025-06-26 09:15:00,9673 days 00:00:00,100000.0,88619.125096,-11.380875,894.535944,100.0,1555.657212,48.597937,4712 days 00:00:00,18,18,0,0.0,27.777778,46.35235,-15.931496,31.411432,-10.462895,89 days 19:11:59,37 days 18:27:41,0.910245,-632.270828,0.039371,-0.009855,1.024075,0.020908
ORIENTLTD,Success,0.008255700000518118,0.0002365000000281725,0.0004847999998673913,3.790000027947826e-05,0.010583399999632093,2010-03-03 09:15:00,2025-06-26 09:15:00,5594 days 00:00:00,100000.0,96966.458935,-3.033541,43.930719,100.0,257.59825,35.935161,2540 days 00:00:00,3,3,0,0.0,33.333333,32.609667,-16.080919,32.609667,-14.226968,83 days 00:00:00,30 days 12:00:00,0.886466,-1011.180355,0.017539,-0.006659,1.016301,0.006995
ORIENTPPR,Success,0.010444599999573256,0.00024959999973361846,0.0004986000003555091,4.2800000301213004e-05,0.01322989999971469,1999-01-01 09:15:00,2025-06-26 09:15:00,9673 days 00:00:00,100000.0,692691.793508,592.691794,40048.638936,100.0,4974.60764,29.511146,501 days 00:00:00,14,14,0,0.0,57.142857,54.805122,-15.023351,39.575238,-10.739187,115 days 09:00:00,43 days 12:00:00,3.690508,42335.128108,0.530811,0.268718,1.320999,0.376796
ORIENTTECH,Success,0.0020124000002397224,0.0002145000007658382,0.0004073999998581712,3.100000049016671e-05,0.004155900000114343,2024-08-28 09:15:00,2025-06-26 09:15:00,302 days 00:00:00,100000.0,84853.099284,-15.146901,10.598549,100.0,84.466325,15.146901,302 days 00:00:00,1,1,0,0.0,0.0,-15.048885,-15.048885,0.0,-15.048885,0 days 00:00:00,6 days 00:00:00,0.0,-15146.900716,-1.831208,-1.196498,0.057811,-0.530912
ORISSAMINE,Success,0.007616099999722792,0.0002746999998635147,0.0005081999997855746,3.999999989900971e-05,0.010198599999966973,2010-09-29 09:15:00,2025-06-26 09:15:00,5384 days 00:00:00,100000.0,34820.419656,-65.17958,49.095757,100.0,493.173123,65.17958,5384 days 00:00:00,9,9,0,0.0,0.0,-7.042336,-16.53066,0.0,-11.211692,0 days 00:00:00,44 days 02:40:00,0.0,-7242.175594,-0.642557,-0.10786,0.66166,-0.28024
ORTINGLOBE,Success,0.002220599999418482,0.00015439999970112694,0.00042270000085409265,3.259999994043028e-05,0.0038371999999071704,2024-09-03 09:15:00,2025-06-26 09:15:00,296 days 00:00:00,100000.0,100000.0,0.0,-40.139793,100.0,0.0,0.0,,0,0,0,0.0,,,,,,,,,,,,,
OSIAHYPER,Success,0.0022872999998071464,0.0001461000001654611,0.0004055999997945037,2.4500000108673703e-05,0.003740999999536143,2022-12-01 09:15:00,2025-06-26 09:15:00,938 days 00:00:00,100000.0,100000.0,0.0,-55.091382,100.0,0.0,0.0,,0,0,0,0.0,,,,,,,,,,,,,
OSWALAGRO,Success,0.0041415000005144975,0.00017410000054951524,0.0004574000004140544,3.1399999897985253e-05,0.006506200000330864,2018-02-01 09:15:00,2025-06-26 09:15:00,2702 days 00:00:00,100000.0,277540.824905,177.540825,521.172414,100.0,1078.611598,23.8613,554 days 00:00:00,6,6,0,0.0,66.666667,53.907981,-13.10409,37.963012,-11.039199,88 days 06:00:00,11 days 00:00:00,6.80655,29590.137484,0.805398,0.631783,1.512013,0.803223
OSWALGREEN,Success,0.009927600000082748,0.00025749999986146577,0.0004945000000589062,4.160000025876798e-05,0.012650099999518716,1999-01-01 09:15:00,2025-06-26 09:15:00,9673 days 00:00:00,100000.0,132614.707197,32.614707,162.954545,100.0,1169.060235,50.114071,7448 days 00:00:00,12,12,0,0.0,41.666667,50.679122,-31.200177,37.479876,-16.433609,53 days 19:11:59,34 days 06:51:25,1.268314,2717.892266,0.147894,0.022352,1.125498,0.07241
OSWALSEEDS,Success,0.0022247999995670398,0.00015609999991283985,0.00044950000028620707,2.9599999834317714e-05,0.004453499999726773,2023-02-22 09:15:00,2025-06-26 09:15:00,855 days 00:00:00,100000.0,73020.734648,-26.979265,-75.511597,100.0,162.593708,29.330339,752 days 00:00:00,2,2,0,0.0,0.0,-10.346494,-18.233709,0.0,-14.290102,0 days 00:00:00,39 days 12:00:00,0.0,-13489.632676,-1.145691,-0.437471,0.549544,-0.633654
PAGEIND,Success,0.008349199999429402,0.00021970000034343684,0.0005185999998502666,4.55999997939216e-05,0.011006599999745958,2007-03-16 09:15:00,2025-06-26 09:15:00,6677 days 00:00:00,100000.0,168003.537533,68.003538,17817.58712,100.0,1497.024846,23.67833,1157 days 00:00:00,13,12,1,6831.88101,50.0,22.53547,-11.482404,17.431961,-7.090923,70 days 08:00:00,53 days 12:00:00,2.131187,5097.638044,0.386978,0.126817,1.2087,0.222918
PAISALO,Success,0.008413999999902444,0.00029409999933704967,0.0004906000003757072,4.059999992023222e-05,0.010991000000103668,2009-06-16 09:15:00,2025-06-26 09:15:00,5854 days 00:00:00,100000.0,250537.177855,150.537178,1334.341129,100.0,2474.960705,35.640984,442 days 00:00:00,13,13,0,0.0,53.846154,62.726946,-21.36026,34.075137,-15.972776,102 days 20:34:17,44 days 20:00:00,1.740587,11579.782912,0.403663,0.169092,1.21904,0.286775
PAKKA,Success,0.002147799999875133,0.00021440000000438886,0.0004292999992685509,3.459999970800709e-05,0.004428600000210281,2023-07-11 09:15:00,2025-06-26 09:15:00,716 days 00:00:00,100000.0,112157.085115,12.157085,71.683327,100.0,238.312154,13.570296,259 days 00:00:00,2,2,0,0.0,50.0,26.697575,-11.107596,26.697575,-11.107596,26 days 00:00:00,16 days 00:00:00,1.854141,6078.542557,0.436099,0.449778,1.419988,0.469352
PALASHSECU,Success,0.004381200000352692,0.00017160000061267056,0.000571700000364217,3.090000063821208e-05,0.0070562999999310705,2017-07-28 09:15:00,2025-06-26 09:15:00,2890 days 00:00:00,100000.0,147696.4118,47.696412,140.795564,100.0,516.063614,31.772702,870 days 00:00:00,4,4,0,0.0,50.0,38.908826,-12.292409,37.965973,-11.542427,92 days 04:22:30,34 days 00:00:00,2.559111,11924.10295,0.349717,0.163894,1.246067,0.199999
PALREDTEC,Success,0.004482600000301318,0.0001812999998946907,0.00046320000001287553,3.600000036385609e-05,0.00681090000034601,2016-05-09 09:15:00,2025-06-26 09:15:00,3335 days 00:00:00,100000.0,121208.831412,21.208831,-56.708208,100.0,773.973133,39.758262,1752 days 00:00:00,5,5,0,0.0,40.0,44.706467,-16.315915,42.164759,-15.380027,24 days 00:00:00,14 days 00:00:00,1.265126,4241.766282,0.236328,0.054454,1.252945,0.111275
PANACEABIO,Success,0.010578000000350585,0.0002490999995643506,0.00048779999997350387,4.42000000475673e-05,0.013735499999711465,1999-01-12 09:15:00,2025-06-26 09:15:00,9662 days 00:00:00,100000.0,25070.953249,-74.929047,10281.177988,100.0,1436.854583,87.751038,9200 days 00:00:00,22,22,0,0.0,13.636364,51.274485,-20.170178,44.878254,-12.06823,76 days 08:00:00,57 days 20:12:37,0.563529,-3405.865761,-0.195617,-0.05997,0.908258,-0.130372
PANACHE,Success,0.0028913000005559297,0.0001615999999557971,0.0007044999993013334,5.430000055639539e-05,0.005378599999858125,2020-01-06 09:15:00,2025-06-26 09:15:00,1998 days 00:00:00,100000.0,126835.120517,26.835121,273.235571,100.0,476.895936,26.734315,1352 days 00:00:00,5,5,0,0.0,40.0,46.17779,-13.878795,31.916296,-9.264247,5 days 00:00:00,10 days 08:00:00,2.03424,5367.024103,0.400163,0.168697,1.595186,0.19927
PANAMAPET,Success,0.008667800000694115,0.00023090000013326062,0.00048379999952885555,4.6099999963189475e-05,0.011328200000207289,2011-09-30 09:15:00,2025-06-26 09:15:00,5018 days 00:00:00,100000.0,147886.293012,47.886293,1030.168557,100.0,1203.27064,40.669409,1352 days 00:00:00,8,7,1,-2213.26976,42.857143,39.702152,-13.580504,35.533046,-11.548343,53 days 08:00:00,79 days 06:00:00,1.557828,7157.080396,0.276012,0.074715,1.156161,0.147422
PANSARI,Success,0.002849200000127894,0.0001598999997440842,0.0006594000005861744,4.7000000449770596e-05,0.0052157999998598825,2016-10-18 09:15:00,2025-06-26 09:15:00,3173 days 00:00:00,100000.0,118338.033186,18.338033,896.943231,100.0,428.919078,31.549396,1276 days 00:00:00,4,4,0,0.0,50.0,33.275633,-13.813586,25.753411,-12.977821,16 days 00:00:00,23 days 00:00:00,1.632648,4584.508297,0.349053,0.125348,1.270126,0.14741
PAR,Success,0.002724799999668903,0.00015210000037768623,0.0006002999998599989,3.1599999601894524e-05,0.005080099999759113,2019-05-30 09:15:00,2025-06-26 09:15:00,2219 days 00:00:00,100000.0,66379.951062,-33.620049,263.96498,100.0,462.68207,47.057179,1291 days 00:00:00,5,5,0,0.0,20.0,17.0063,-22.061508,17.0063,-12.828747,22 days 00:00:00,37 days 06:00:00,0.332826,-6724.009788,-0.619901,-0.160845,0.707959,-0.33188
PARACABLES,Success,0.008303300000079616,0.00022249999983614543,0.00046460000066872453,3.990000004705507e-05,0.010686900000109745,2007-01-03 09:15:00,2025-06-26 09:15:00,6749 days 00:00:00,100000.0,75752.186404,-24.247814,28.406525,100.0,786.115882,47.546213,3843 days 00:00:00,10,10,0,0.0,30.0,45.348912,-22.467757,36.775355,-15.571317,67 days 08:00:00,27 days 17:08:34,0.748738,-2424.78136,-0.037722,-0.032744,0.974186,-0.018991
PARADEEP,Success,0.0024767999993855483,0.00016080000023066532,0.0006772999995519058,4.160000025876798e-05,0.004857699999774923,2022-05-27 09:15:00,2025-06-26 09:15:00,1126 days 00:00:00,100000.0,85609.361373,-14.390639,265.694744,100.0,177.965903,14.836438,967 days 00:00:00,2,2,0,0.0,0.0,-6.967049,-7.612616,0.0,-7.289833,0 days 00:00:00,9 days 12:00:00,0.0,-7195.319314,-1.142691,-0.335871,0.151171,-0.219667
PARAGMILK,Success,0.004479499999433756,0.00017759999991540099,0.0004589000000123633,3.5600000046542846e-05,0.006983000000218453,2016-05-19 09:15:00,2025-06-26 09:15:00,3325 days 00:00:00,100000.0,90724.990108,-9.27501,-9.109312,100.0,429.040848,30.605126,2710 days 00:00:00,4,4,0,0.0,25.0,24.274263,-10.308485,24.274263,-9.727001,123 days 00:00:00,38 days 08:00:00,0.721455,-2318.752473,-0.068177,-0.035334,0.956512,-0.034459
PARAS,Success,0.002634299999954237,0.00015459999940503621,0.00043929999992542434,2.7600000066740904e-05,0.004858600000261504,2021-10-01 09:15:00,2025-06-26 09:15:00,1364 days 00:00:00,100000.0,99048.111768,-0.951888,227.58655,100.0,298.255795,15.417059,489 days 00:00:00,3,3,0,0.0,33.333333,22.960447,-10.03678,22.960447,-10.024291,14 days 00:00:00,36 days 12:00:00,0.955399,-317.296077,0.018178,-0.016843,1.013255,0.007819
PARASPETRO,Success,0.004881500000010419,0.00018759999966277974,0.0004732999996122089,3.4899999263870995e-05,0.007137300000067626,1999-02-11 09:15:00,2025-06-26 09:15:00,9632 days 00:00:00,100000.0,88690.203872,-11.309796,154.0,100.0,981.737009,84.932978,3457 days 00:00:00,9,9,0,0.0,55.555556,188.181675,-62.909518,48.492389,-30.661029,40 days 04:48:00,169 days 06:00:00,0.951621,-1256.644014,0.492315,-0.013488,1.235054,0.399744
PARKHOTELS,Success,0.0019308999999338994,0.00014099999953032238,0.00039199999991978984,2.700000004551839e-05,0.003444199999648845,2024-02-12 09:15:00,2025-06-26 09:15:00,500 days 00:00:00,100000.0,100000.0,0.0,-19.14026,100.0,0.0,0.0,,0,0,0,0.0,,,,,,,,,,,,,
PARSVNATH,Success,0.008574299999963841,0.00022200000057637226,0.0006994000004851841,4.179999996267725e-05,0.01131600000007893,2006-11-30 09:15:00,2025-06-26 09:15:00,6783 days 00:00:00,100000.0,259166.728864,159.166729,-92.667174,100.0,1615.269969,38.573055,3390 days 00:00:00,10,10,0,0.0,50.0,48.480587,-15.639396,36.174553,-10.441703,24 days 09:35:59,19 days 19:12:00,2.996708,15916.672886,0.575208,0.139305,1.624119,0.225161
PASUPTAC,Success,0.002864100000806502,0.00019800000063696643,0.0004693000000770553,3.1399999897985253e-05,0.005129900000611087,2021-10-12 09:15:00,2025-06-26 09:15:00,1353 days 00:00:00,100000.0,109818.615739,9.818616,39.269279,100.0,278.336125,32.139086,578 days 00:00:00,3,3,0,0.0,33.333333,37.734917,-11.430489,37.734917,-10.430895,292 days 00:00:00,37 days 12:00:00,1.488463,3272.871913,0.224679,0.080857,1.089744,0.21367
PATANJALI,Success,0.002963400000226102,0.0001779000003807596,0.0004574000004140544,3.329999981360743e-05,0.005096899999443849,2020-01-27 09:15:00,2025-06-26 09:15:00,1977 days 00:00:00,100000.0,108765.196223,8.765196,9620.0,100.0,200.284546,9.933205,1373 days 00:00:00,2,2,0,0.0,50.0,18.350197,-7.601942,18.350197,-7.601942,92 days 00:00:00,8 days 00:00:00,2.126138,4382.598112,0.278457,0.159616,1.219092,0.139631
PATELENG,Success,0.009218600000167498,0.00032420000025012996,0.0006685999996989267,3.899999956047395e-05,0.011968400000114343,2005-02-24 09:15:00,2025-06-26 09:15:00,7427 days 00:00:00,100000.0,40813.544215,-59.186456,-54.487916,100.0,726.957849,71.946083,5636 days 00:00:00,9,9,0,0.0,11.111111,33.384893,-18.116877,33.384893,-13.518171,45 days 00:00:00,43 days 03:00:00,0.358781,-6576.272865,-0.442826,-0.061059,0.718515,-0.134164
PATINTLOG,Success,0.008045200000196928,0.0002131000001099892,0.0005931000005148235,5.200000032345997e-05,0.010721900000135065,2008-01-11 09:15:00,2025-06-26 09:15:00,6376 days 00:00:00,100000.0,36033.315351,-63.966685,-61.252379,100.0,484.529692,73.244371,5435 days 00:00:00,9,9,0,0.0,11.111111,48.981081,-23.185354,48.981081,-15.987224,16 days 00:00:00,91 days 00:00:00,0.244893,-7107.409405,-0.253889,-0.082207,0.873011,-0.155212
PAVNAIND,Success,0.0025971000004574307,0.00016009999944799347,0.00045620000037160935,2.9400000130408444e-05,0.0046002999997654115,2023-06-01 09:15:00,2025-06-26 09:15:00,756 days 00:00:00,100000.0,86637.529237,-13.362471,29.267151,100.0,86.603593,14.305064,205 days 00:00:00,1,1,0,0.0,0.0,-13.205181,-13.205181,0.0,-13.205181,0 days 00:00:00,35 days 00:00:00,0.0,-13362.470763,-1.33514,-0.47382,0.275046,-0.333688
PAYTM,Success,0.0025746999999682885,0.0001602000002094428,0.00045229999977891566,3.1599999601894524e-05,0.004622399999789195,2021-11-18 09:15:00,2025-06-26 09:15:00,1316 days 00:00:00,100000.0,113484.45082,13.484451,-41.328165,100.0,205.279535,12.069461,338 days 00:00:00,2,2,0,0.0,50.0,23.252098,-7.436073,23.252098,-7.436073,80 days 00:00:00,24 days 00:00:00,2.77137,6742.22541,0.416023,0.300415,1.269848,0.250286
PCBL,Success,0.010105100000146194,0.00024789999952190556,0.0005917999997109291,5.650000002788147e-05,0.01295159999972384,1995-01-06 09:15:00,2025-06-26 09:15:00,11129 days 00:00:00,100000.0,93181.983637,-6.818016,4981.212121,100.0,1197.394522,67.539177,9590 days 00:00:00,15,15,0,0.0,33.333333,40.99701,-19.350062,32.851419,-13.479253,79 days 19:11:59,22 days 16:47:59,0.942913,-454.534424,0.044501,-0.003773,1.03443,0.015554
PCJEWELLER,Success,0.007430099999510276,0.00019939999947382603,0.0005154999998921994,3.6499999623629265e-05,0.009786800000256335,2012-12-27 09:15:00,2025-06-26 09:15:00,4564 days 00:00:00,100000.0,101270.554834,1.270555,63.672922,100.0,1005.59052,48.80761,1784 days 00:00:00,9,9,0,0.0,33.333333,37.198653,-13.713869,30.230366,-11.868562,82 days 00:00:00,28 days 12:00:00,1.014856,141.172759,0.08688,0.002111,1.047362,0.042596
PDMJEPAPER,Success,0.004729300000690273,0.0002137000001312117,0.0005929999997533741,3.689999994094251e-05,0.007158800000070187,2016-03-30 09:15:00,2025-06-26 09:15:00,3375 days 00:00:00,100000.0,182367.801729,82.367802,640.503145,100.0,877.395347,34.456564,2678 days 00:00:00,6,6,0,0.0,50.0,55.839974,-14.786374,40.239841,-12.202778,88 days 16:00:00,66 days 00:00:00,2.510134,13727.966955,0.431236,0.198471,1.211857,0.304478
PDSL,Success,0.0051911000000472995,0.00019109999993816018,0.0004687000000558328,3.400000059627928e-05,0.007513200000175857,2014-10-21 09:15:00,2025-06-26 09:15:00,3901 days 00:00:00,100000.0,54788.833113,-45.211167,750.705412,100.0,512.359957,45.211167,3901 days 00:00:00,7,7,0,0.0,0.0,-3.17395,-11.13265,0.0,-8.024208,0 days 00:00:00,26 days 03:25:42,0.0,-6458.738127,-0.985704,-0.123455,0.449189,-0.316254
PEARLPOLY,Success,0.008928600000217557,0.0002865999995265156,0.00048749999950814527,3.709999964485178e-05,0.011562300000150572,1999-01-01 09:15:00,2025-06-26 09:15:00,9673 days 00:00:00,100000.0,208654.292213,108.654292,253.409091,100.0,2815.698134,55.335659,3758 days 00:00:00,13,13,0,0.0,38.461538,85.066885,-24.342682,56.149993,-16.376506,75 days 14:23:59,36 days 15:00:00,1.360049,8358.022478,0.255001,0.059932,1.180409,0.138906
PEL,Success,0.008297100000163482,0.0002251999994768994,0.00046769999971729703,3.770000057556899e-05,0.010811099999955331,2008-06-19 09:15:00,2025-06-26 09:15:00,6216 days 00:00:00,100000.0,127518.944891,27.518945,504.610155,100.0,852.234474,33.559686,5811 days 00:00:00,9,9,0,0.0,33.333333,29.567404,-11.517726,28.866474,-7.950274,98 days 16:00:00,17 days 16:00:00,1.595113,3057.660543,0.200208,0.043749,1.151508,0.075778
PENIND,Success,0.00753789999998844,0.00020349999977042899,0.00048209999931714265,9.549999958835542e-05,0.010150600000088161,2010-11-25 09:15:00,2025-06-26 09:15:00,5327 days 00:00:00,100000.0,211490.433848,111.490434,376.421248,100.0,1414.441059,33.874353,3263 days 00:00:00,10,10,0,0.0,50.0,37.332623,-15.471726,32.742391,-12.049284,35 days 19:11:59,23 days 00:00:00,2.284045,11149.043385,0.425386,0.158638,1.37898,0.175793
PENINLAND,Success,0.008442599999398226,0.00024120000034599798,0.0005197999998927116,4.309999985707691e-05,0.011137400000734488,2006-06-09 09:15:00,2025-06-26 09:15:00,6957 days 00:00:00,100000.0,69280.565163,-30.719435,-64.317293,100.0,1280.023505,63.821932,5641 days 00:00:00,12,12,0,0.0,25.0,46.693775,-16.260855,37.334115,-13.324999,38 days 00:00:00,48 days 10:39:59,0.773872,-2559.952903,-0.080827,-0.030499,0.953373,-0.041254
PERSISTENT,Success,0.007516900000155147,0.00021249999917927198,0.0005749000001742388,3.840000044874614e-05,0.010139299999536888,2010-04-06 09:15:00,2025-06-26 09:15:00,5560 days 00:00:00,100000.0,141191.576678,41.191577,5860.870994,100.0,1689.300888,23.892995,1640 days 00:00:00,12,12,0,0.0,33.333333,32.069605,-7.206832,25.157438,-6.376009,47 days 12:00:00,16 days 15:00:00,1.534837,3432.63139,0.309383,0.097598,1.24647,0.140357
PETRONET,Success,0.008703299999979208,0.00024050000047282083,0.00048580000020592706,4.360000002634479e-05,0.011638399999355897,2004-03-26 09:15:00,2025-06-26 09:15:00,7762 days 00:00:00,100000.0,164994.653623,64.994654,3992.832765,100.0,1848.702994,42.461996,6720 days 00:00:00,17,17,0,0.0,41.176471,27.294058,-14.248627,20.951605,-7.567609,115 days 00:00:00,47 days 09:35:59,1.78006,3823.214919,0.269691,0.057214,1.122719,0.172758
PFC,Success,0.00827700000081677,0.0002365000000281725,0.00047050000011950033,3.9599999581696466e-05,0.011065400000006775,2007-02-23 09:15:00,2025-06-26 09:15:00,6698 days 00:00:00,100000.0,55130.773891,-44.869226,840.998657,100.0,837.527636,56.543189,5622 days 00:00:00,13,13,0,0.0,15.384615,40.039484,-13.56708,30.764279,-9.501656,98 days 12:00:00,58 days 06:32:43,0.400802,-3451.478931,-0.17758,-0.057586,0.921933,-0.090706
PFIZER,Success,0.01113939999959257,0.000278700000308163,0.0006865999994261074,5.450000026030466e-05,0.014325199999802862,1994-12-09 09:15:00,2025-06-26 09:15:00,11157 days 00:00:00,100000.0,122174.217874,22.174218,2811.538462,100.0,3471.513177,51.715198,9571 days 00:00:00,30,30,0,0.0,33.333333,26.590424,-12.374409,19.390202,-7.241508,72 days 19:11:59,47 days 03:35:59,1.122239,739.140596,0.115941,0.013051,1.055299,0.068775
PFOCUS,Success,0.009020399999826623,0.0002505000002201996,0.0005978999997751089,4.040000021632295e-05,0.011814800000138348,2006-06-20 09:15:00,2025-06-26 09:15:00,6946 days 00:00:00,100000.0,153874.968857,53.874969,249.624417,100.0,1296.913102,55.343756,6380 days 00:00:00,11,11,0,0.0,45.454545,45.303121,-18.606406,30.679871,-13.229188,58 days 04:48:00,46 days 12:00:00,1.529869,4897.724442,0.235956,0.042605,1.166229,0.103851
PFS,Success,0.007440200000019104,0.00020309999945311574,0.0004519000003710971,3.6100000215810724e-05,0.009920700000293436,2011-03-30 09:15:00,2025-06-26 09:15:00,5202 days 00:00:00,100000.0,129839.057836,29.839058,72.329317,100.0,840.067471,21.370808,310 days 00:00:00,7,7,0,0.0,42.857143,29.107637,-13.421136,25.206893,-9.44098,37 days 08:00:00,27 days 00:00:00,1.601707,4262.722548,0.247173,0.088273,1.257889,0.122254
PGEL,Success,0.0077985999996599276,0.00021209999977145344,0.00046519999978045234,3.9399999877787195e-05,0.010412199999336735,2011-09-26 09:15:00,2025-06-26 09:15:00,5022 days 00:00:00,100000.0,392806.611056,292.806611,1713.989931,100.0,2578.655204,36.338511,803 days 00:00:00,13,13,0,0.0,53.846154,59.64351,-14.848056,37.112826,-12.343919,38 days 20:34:17,11 days 20:00:00,3.258288,22523.585466,0.704978,0.293965,1.598834,0.377344
PGHH,Success,0.008592000000135158,0.00023380000038741855,0.0005885999999009073,4.329999956098618e-05,0.011491700000078708,2004-07-08 09:15:00,2025-06-26 09:15:00,7658 days 00:00:00,100000.0,90072.615997,-9.927384,3380.098625,100.0,1427.09144,35.909165,6805 days 00:00:00,15,15,0,0.0,26.666667,19.841605,-8.324172,17.560328,-6.299543,103 days 06:00:00,63 days 10:54:32,0.858966,-661.8256,-0.019898,-0.014121,0.990854,-0.012001
PGHL,Success,0.008312199999636505,0.0004150000004301546,0.0007358000002568588,6.260000009206124e-05,0.011922699999558972,2007-11-05 09:15:00,2025-06-26 09:15:00,6443 days 00:00:00,100000.0,220738.320623,120.738321,1401.602731,100.0,1964.672872,19.663589,960 days 00:00:00,13,13,0,0.0,53.846154,27.605772,-8.669679,19.676313,-6.936233,126 days 03:25:42,36 days 20:00:00,2.884221,9287.563125,0.457802,0.238316,1.241822,0.324138
PGIL,Success,0.00931639999998879,0.00022090000038588187,0.0004693000000770553,3.760000072361436e-05,0.011676900000566093,2007-02-15 09:15:00,2025-06-26 09:15:00,6706 days 00:00:00,100000.0,142871.177515,42.871178,613.045674,100.0,878.002502,36.090994,3830 days 00:00:00,7,7,0,0.0,42.857143,38.975398,-13.813776,32.883957,-11.279069,60 days 00:00:00,47 days 06:00:00,1.721193,6124.453931,0.217391,0.055516,1.174818,0.091799
PHOENIXLTD,Success,0.009289200000239362,0.000250199999754841,0.0007806000003256486,5.2800000048591755e-05,0.01225330000033864,2007-04-23 09:15:00,2025-06-26 09:15:00,6639 days 00:00:00,100000.0,175241.606748,75.241607,904.505895,100.0,1136.114344,38.812696,4768 days 00:00:00,11,11,0,0.0,45.454545,38.675674,-11.440246,27.507381,-9.851125,92 days 04:48:00,101 days 04:00:00,2.30228,6840.146068,0.306338,0.082376,1.139422,0.200218
PIDILITIND,Success,0.010837199999514269,0.0002694000004339614,0.0005383999996411148,6.680000024061883e-05,0.014028800000232877,1999-01-01 09:15:00,2025-06-26 09:15:00,9673 days 00:00:00,100000.0,488950.08938,388.950089,24011.776447,100.0,9699.004155,31.612921,1362 days 00:00:00,29,29,0,0.0,48.275862,35.256673,-13.925984,21.998392,-7.11335,66 days 06:51:25,22 days 03:12:00,2.040382,13412.072048,0.611549,0.199515,1.344105,0.352417
PIGL,Success,0.002782399999887275,0.00017690000004222384,0.00045870000030845404,3.49000001733657e-05,0.005425199999990582,2018-05-08 09:15:00,2025-06-26 09:15:00,2606 days 00:00:00,100000.0,78290.912702,-21.709087,387.953037,100.0,500.40784,44.394759,1393 days 00:00:00,5,5,0,0.0,20.0,28.952527,-15.376426,28.952527,-11.434386,9 days 00:00:00,11 days 18:00:00,0.56925,-4341.81746,-0.337958,-0.136311,0.776796,-0.108265
PIIND,Success,0.007975200000146287,0.00020870000025752233,0.00045820000013918616,3.769999966607429e-05,0.01037480000013602,2011-06-15 09:15:00,2025-06-26 09:15:00,5125 days 00:00:00,100000.0,87612.536723,-12.387463,5633.047191,100.0,1263.857135,30.344605,3685 days 00:00:00,13,13,0,0.0,23.076923,27.433404,-11.116957,23.686882,-7.170347,86 days 08:00:00,44 days 02:24:00,0.833619,-952.881791,-0.000767,-0.031544,0.999639,-0.000367
PILANIINVS,Success,0.007399699999950826,0.0002666000000317581,0.00047789999916858505,4.019999960291898e-05,0.010057399999823247,2015-12-09 09:15:00,2025-06-26 09:15:00,3487 days 00:00:00,100000.0,184874.937516,84.874938,387.335807,100.0,802.12954,8.106839,1137 days 00:00:00,6,6,0,0.0,66.666667,24.154114,-7.979813,21.582535,-7.002107,39 days 18:00:00,1 days 12:00:00,5.863494,14145.822919,0.791813,0.837283,2.134258,0.436314
PILITA,Success,0.004823500000384229,0.00018460000046616187,0.00045140000020182924,3.620000006776536e-05,0.007321600000068429,2015-09-03 09:15:00,2025-06-26 09:15:00,3584 days 00:00:00,100000.0,75248.100619,-24.751899,256.959055,100.0,375.956372,44.235409,3130 days 00:00:00,5,5,0,0.0,20.0,44.815204,-20.089848,44.815204,-14.82402,85 days 00:00:00,17 days 18:00:00,0.514883,-4950.379876,-0.317468,-0.065775,0.785365,-0.102692
PIONEEREMB,Success,0.008743100000174309,0.00024899999971239595,0.0005182000004424481,4.7700000322947744e-05,0.011371900000085589,2006-05-16 09:15:00,2025-06-26 09:15:00,6981 days 00:00:00,100000.0,98914.418216,-1.085582,-54.832987,100.0,897.570522,58.82911,3612 days 00:00:00,8,8,0,0.0,37.5,45.331146,-19.478902,34.780518,-16.152701,43 days 16:00:00,57 days 09:36:00,0.989215,-135.697723,0.081307,-0.001058,1.058391,0.03685
PITTIENG,Success,0.008697400000528432,0.0003330999998070183,0.0006435000004785252,5.200000032345997e-05,0.011638400000265392,2007-02-02 09:15:00,2025-06-26 09:15:00,6719 days 00:00:00,100000.0,244350.893221,144.350893,2175.043986,100.0,2351.05719,49.706829,2478 days 00:00:00,14,14,0,0.0,42.857143,52.378692,-15.949835,37.88356,-11.628924,157 days 00:00:00,42 days 00:00:00,1.942355,10310.778087,0.354866,0.104549,1.159351,0.306166
PIXTRANS,Success,0.003077100000155042,0.00017669999942881986,0.00047989999984565657,5.7700000070326496e-05,0.005477099999552593,2022-04-28 09:15:00,2025-06-26 09:15:00,1155 days 00:00:00,100000.0,100841.364686,0.841365,55.939096,100.0,264.628348,28.200235,619 days 00:00:00,3,3,0,0.0,33.333333,27.294489,-13.271294,27.294489,-10.676686,70 days 00:00:00,105 days 12:00:00,1.041177,280.454895,0.11588,0.009538,1.044682,0.092066
PKTEA,Success,0.005393599999479193,0.0002685999997993349,0.0006342000006043236,3.9200000173877925e-05,0.008003200000530342,2015-10-06 09:15:00,2025-06-26 09:15:00,3551 days 00:00:00,100000.0,90128.89729,-9.871103,164.461153,100.0,414.618244,45.130572,3193 days 00:00:00,5,5,0,0.0,20.0,49.813846,-13.774704,49.813846,-11.691071,47 days 00:00:00,53 days 00:00:00,0.766824,-1974.220542,-0.008049,-0.024495,0.994932,-0.003197
PLASTIBLEN,Success,0.008156500000040978,0.00030949999927543104,0.0005948999996689963,4.4299999899521936e-05,0.010824099999808823,2006-12-28 09:15:00,2025-06-26 09:15:00,6755 days 00:00:00,100000.0,115877.683345,15.877683,356.080233,100.0,1364.810542,33.74637,3253 days 00:00:00,12,12,0,0.0,33.333333,40.590915,-16.451601,30.477153,-10.434116,131 days 06:00:00,27 days 15:00:00,1.155399,1323.140279,0.131459,0.025673,1.072126,0.068133
PLATIND,Success,0.0021923999993305188,0.00014849999934085645,0.00044969999999011634,2.8700000257231295e-05,0.004374000000098022,2024-03-05 09:15:00,2025-06-26 09:15:00,478 days 00:00:00,100000.0,88681.205831,-11.318794,25.632911,100.0,88.418624,31.557829,192 days 00:00:00,1,1,0,0.0,0.0,-11.181203,-11.181203,0.0,-11.181203,0 days 00:00:00,107 days 00:00:00,0.0,-11318.794169,-0.251292,-0.282645,0.922945,-0.19616
PLAZACABLE,Success,0.00208070000007865,0.00014489999921352137,0.00040609999996377155,3.0500000320898835e-05,0.0038274999997156556,2023-10-12 09:15:00,2025-06-26 09:15:00,623 days 00:00:00,100000.0,100000.0,0.0,-24.551119,100.0,0.0,0.0,,0,0,0,0.0,,,,,,,,,,,,,
PNB,Success,0.009052700000211189,0.00023919999966892647,0.0005058999995526392,4.4099999286117963e-05,0.012214999999741849,2002-04-26 09:15:00,2025-06-26 09:15:00,8462 days 00:00:00,100000.0,90470.84462,-9.529155,1324.262735,100.0,1565.26189,36.977303,4464 days 00:00:00,19,19,0,0.0,26.315789,34.321768,-9.769367,23.743161,-7.695317,52 days 00:00:00,26 days 18:51:25,0.900437,-501.534494,0.011143,-0.011872,1.00715,0.004243
PNBGILTS,Success,0.009433000000171887,0.0002441000006001559,0.0005766000003859517,5.700000019714935e-05,0.012416300000040792,2000-09-21 09:15:00,2025-06-26 09:15:00,9044 days 00:00:00,100000.0,78500.048675,-21.499951,605.668411,100.0,1241.58405,37.081372,4904 days 00:00:00,13,13,0,0.0,23.076923,38.00845,-17.141532,28.941306,-9.228825,99 days 16:00:00,46 days 09:35:59,0.768887,-1653.84241,-0.022055,-0.027162,0.98434,-0.009044
PNBHOUSING,Success,0.007405299999845738,0.00018869999985327013,0.00047869999980321154,3.7400000110210385e-05,0.0097408000001451,2016-11-07 09:15:00,2025-06-26 09:15:00,3153 days 00:00:00,100000.0,129787.609196,29.787609,50.469651,100.0,1111.11695,27.631446,1452 days 00:00:00,8,8,0,0.0,37.5,32.063871,-10.287942,27.203915,-8.437303,39 days 08:00:00,20 days 00:00:00,1.468223,3723.45115,0.323734,0.112785,1.249242,0.160696
PNC,Success,0.009531800000331714,0.0002612000007502502,0.0004952999997840379,4.389999958220869e-05,0.012145499999860476,2000-12-11 09:15:00,2025-06-26 09:15:00,8963 days 00:00:00,100000.0,35931.649832,-64.06835,-83.838933,100.0,1209.136359,81.818707,7604 days 00:00:00,12,12,0,0.0,16.666667,71.701318,-28.911665,64.801567,-17.937774,95 days 00:00:00,56 days 02:24:00,0.675314,-5339.029181,-0.123401,-0.05242,0.928203,-0.059743
PNCINFRA,Success,0.005482700000356999,0.00021179999930609483,0.0005487999997058068,3.639999977167463e-05,0.008328800000526826,2015-05-26 09:15:00,2025-06-26 09:15:00,3684 days 00:00:00,100000.0,90882.936686,-9.117063,320.665742,100.0,410.503452,36.874195,3185 days 00:00:00,5,5,0,0.0,20.0,32.211521,-9.967864,32.211521,-8.712508,68 days 00:00:00,19 days 06:00:00,0.706928,-1823.412663,-0.069177,-0.026018,0.932599,-0.031714
PNGJL,Success,0.002319299999726354,0.00015240000084304484,0.00044969999999011634,3.5400000342633575e-05,0.004694900000686175,2024-09-17 09:15:00,2025-06-26 09:15:00,282 days 00:00:00,100000.0,100000.0,0.0,-27.001135,100.0,0.0,0.0,,0,0,0,0.0,,,,,,,,,,,,,
POCL,Success,0.0025010999997903127,0.0001692000005277805,0.00045930000032967655,3.409999953873921e-05,0.004591799999616342,2023-03-06 09:15:00,2025-06-26 09:15:00,843 days 00:00:00,100000.0,178023.284165,78.023284,372.751376,100.0,302.096252,14.173364,114 days 00:00:00,2,2,0,0.0,100.0,43.830743,24.358018,34.094381,0.0,82 days 12:00:00,0 days 00:00:00,inf,39011.642082,1.150153,2.041068,1.772107,1.316987
PODDARMENT,Success,0.004894300000160001,0.0001871999993454665,0.0004558000000542961,3.310000010969816e-05,0.007055500000205939,2016-11-22 09:15:00,2025-06-26 09:15:00,3138 days 00:00:00,100000.0,126208.527695,26.208528,58.296738,100.0,126.264255,16.847003,189 days 00:00:00,1,1,0,0.0,100.0,26.479734,26.479734,26.479734,0.0,243 days 00:00:00,0 days 00:00:00,inf,26208.527695,0.36587,0.165655,1.282952,0.254789
POKARNA,Success,0.004708700000264798,0.00019809999957942637,0.00044639999941864517,3.319999996165279e-05,0.0069759999996676925,2016-07-07 09:15:00,2025-06-26 09:15:00,3276 days 00:00:00,100000.0,119963.087574,19.963088,462.693587,100.0,206.523768,30.597634,2352 days 00:00:00,2,2,0,0.0,50.0,38.532731,-12.936794,38.532731,-12.936794,59 days 00:00:00,190 days 00:00:00,2.523785,9981.543787,0.222897,0.068165,1.157981,0.101011
POLICYBZR,Success,0.0024667999996381695,0.0001534000002720859,0.0004422000001795823,2.750000021478627e-05,0.004762200000186567,2021-11-15 09:15:00,2025-06-26 09:15:00,1319 days 00:00:00,100000.0,106071.762647,6.071763,52.549281,100.0,318.943876,31.023862,174 days 00:00:00,3,3,0,0.0,33.333333,28.650154,-11.576427,28.650154,-8.914124,40 days 00:00:00,69 days 00:00:00,1.296968,2023.920882,0.183916,0.053762,1.087883,0.097013
POLYCAB,Success,0.004204799999570241,0.00016869999944901792,0.00045959999988554046,3.500000002532033e-05,0.006807699999626493,2019-04-16 09:15:00,2025-06-26 09:15:00,2263 days 00:00:00,100000.0,237715.473773,137.715474,887.858903,100.0,1852.065822,24.109997,180 days 00:00:00,9,9,0,0.0,66.666667,31.11817,-6.085406,19.666622,-5.794964,107 days 04:00:00,28 days 00:00:00,4.138685,15301.719308,0.892902,0.633577,1.322684,0.745512
POLYMED,Success,0.00788399999964895,0.0002500000000509317,0.0004530000005615875,3.689999994094251e-05,0.010451000000102795,2011-12-07 09:15:00,2025-06-26 09:15:00,4950 days 00:00:00,100000.0,90669.074377,-9.330926,6481.620244,100.0,932.742173,34.550946,4731 days 00:00:00,10,10,0,0.0,30.0,26.524236,-12.637151,24.740735,-10.022985,73 days 08:00:00,43 days 20:34:17,0.868606,-933.092562,0.012049,-0.021254,1.007029,0.005201
POLYPLEX,Success,0.010015100000600796,0.00026230000003124587,0.0004850999994232552,4.389999958220869e-05,0.012711500000477827,1999-01-01 09:15:00,2025-06-26 09:15:00,9673 days 00:00:00,100000.0,118048.050041,18.04805,27240.0,100.0,1952.89072,52.331782,7966 days 00:00:00,21,21,0,0.0,33.333333,36.760624,-23.280465,26.372342,-9.569598,64 days 20:34:17,32 days 08:34:17,1.132933,859.430954,0.113933,0.01269,1.071889,0.060275
PONNIERODE,Success,0.009487100000114879,0.0002432000001135748,0.0006381000002875226,5.700000019714935e-05,0.012407100000018545,2002-04-16 09:15:00,2025-06-26 09:15:00,8472 days 00:00:00,100000.0,145135.943337,45.135943,3231.0,100.0,1754.290734,46.667279,4675 days 00:00:00,12,11,1,1540.713929,27.272727,106.305815,-15.383189,65.969548,-12.436074,230 days 16:00:00,21 days 03:00:00,1.249019,3963.202673,0.193997,0.037179,1.117019,0.107987
POONAWALLA,Success,0.009815299999900162,0.0007366999998339452,0.0006668000005447539,6.010000015521655e-05,0.013296500000251399,2004-04-27 09:15:00,2025-06-26 09:15:00,7730 days 00:00:00,100000.0,122007.281412,22.007281,8893.0,100.0,1409.517779,36.353593,1592 days 00:00:00,14,14,0,0.0,28.571429,41.291684,-14.849458,35.256806,-9.270969,108 days 18:00:00,53 days 16:48:00,1.225335,1571.948672,0.140674,0.026784,1.075102,0.078822
POWERGRID,Success,0.008895099999790546,0.00025409999943803996,0.0006270000003496534,4.960000023856992e-05,0.011598399999456888,2007-10-05 09:15:00,2025-06-26 09:15:00,6474 days 00:00:00,100000.0,122466.284378,22.466284,418.665783,100.0,1026.858106,23.757379,2034 days 00:00:00,10,10,0,0.0,40.0,20.977121,-12.272592,16.910342,-6.424676,72 days 12:00:00,75 days 08:00:00,1.545393,2246.628438,0.181064,0.049379,1.096603,0.089353
POWERINDIA,Success,0.003612000000430271,0.00016520000008313218,0.00045140000020182924,3.3600000278966036e-05,0.006015099999785889,2020-03-30 09:15:00,2025-06-26 09:15:00,1914 days 00:00:00,100000.0,330508.143841,230.508144,2622.829132,100.0,1840.148491,23.935841,444 days 00:00:00,8,8,0,0.0,75.0,37.883754,-10.275011,26.977431,-9.551555,56 days 08:00:00,60 days 12:00:00,5.103424,28813.51798,1.27041,1.087647,1.574411,1.290566
POWERMECH,Success,0.004458100000192644,0.00017740000021149172,0.0004546000000118511,3.590000051190145e-05,0.006590299999515992,2015-08-26 09:15:00,2025-06-26 09:15:00,3592 days 00:00:00,100000.0,88175.772617,-11.824227,975.850311,100.0,529.501923,35.27883,1297 days 00:00:00,5,5,0,0.0,20.0,28.071232,-10.929961,28.071232,-8.729025,69 days 00:00:00,32 days 06:00:00,0.70126,-2364.845477,-0.084937,-0.03672,0.941826,-0.030197
PPAP,Success,0.00800859999981185,0.00020849999964411836,0.0005365000006349874,4.219999937049579e-05,0.010631399999510904,2008-01-11 09:15:00,2025-06-26 09:15:00,6376 days 00:00:00,100000.0,116275.318098,16.275318,79.177063,100.0,1699.311821,50.801245,3521 days 00:00:00,10,10,0,0.0,30.0,45.583313,-14.240608,39.931775,-11.239847,99 days 08:00:00,40 days 17:08:34,1.111229,1627.53181,0.133547,0.017691,1.076503,0.075609
PPL,Success,0.002911600000516046,0.0003093999994234764,0.0005028000005040667,3.3799999982875306e-05,0.0054377000005843,2019-06-14 09:15:00,2025-06-26 09:15:00,2204 days 00:00:00,100000.0,94252.883748,-5.747116,327.436432,100.0,864.954455,42.164654,1136 days 00:00:00,8,7,1,-514.977742,28.571429,36.96125,-13.735886,31.198996,-10.958241,48 days 00:00:00,34 days 00:00:00,0.928058,-747.448359,0.005208,-0.023513,1.002592,0.003965
PPLPHARMA,Success,0.002327299999706156,0.00014559999999619322,0.00039089999972929945,2.660000063769985e-05,0.004282400000192865,2022-10-19 09:15:00,2025-06-26 09:15:00,981 days 00:00:00,100000.0,101237.114159,1.237114,8.315545,100.0,280.555768,16.989173,636 days 00:00:00,3,3,0,0.0,33.333333,18.067446,-7.629802,18.067446,-7.124253,16 days 00:00:00,28 days 12:00:00,1.087847,412.371386,0.09601,0.027406,1.06292,0.045789
PRABHA,Success,0.0017009999992296798,0.00015590000020893058,0.0004600000002028537,3.169999945384916e-05,0.003757200000109151,2025-03-19 09:15:00,2025-06-26 09:15:00,99 days 00:00:00,100000.0,100000.0,0.0,41.258178,100.0,0.0,0.0,,0,0,0,0.0,,,,,,,,,,,,,
PRAENG,Success,0.008601999999882537,0.00025099999947997276,0.0006444999999075662,4.199999966658652e-05,0.011740300000383286,2007-01-02 09:15:00,2025-06-26 09:15:00,6750 days 00:00:00,100000.0,73582.078608,-26.417921,-91.939934,100.0,903.506728,56.228708,5468 days 00:00:00,13,13,0,0.0,30.769231,53.553628,-16.768814,29.790702,-13.417987,110 days 00:00:00,39 days 00:00:00,0.719568,-2032.147799,0.011647,-0.030291,1.005891,0.007267
PRAJIND,Success,0.009964100000615872,0.00028470000052038813,0.0004994999999325955,0.00016529999993508682,0.013326700000106939,1999-01-01 09:15:00,2025-06-26 09:15:00,9673 days 00:00:00,100000.0,393856.673277,293.856673,65750.162866,100.0,8708.89449,59.569528,7500 days 00:00:00,25,25,0,0.0,40.0,79.877724,-17.741078,39.153014,-11.292634,82 days 02:23:59,30 days 14:24:00,1.456837,11754.266931,0.368208,0.094804,1.18731,0.271062
PRAKASH,Success,0.011078399999860267,0.0003778000000238535,0.0005707000000256812,4.200000057608122e-05,0.014184900000145717,1999-01-01 09:15:00,2025-06-26 09:15:00,9673 days 00:00:00,100000.0,663187.860699,563.187861,6416.06887,100.0,8253.544752,50.40975,6351 days 00:00:00,14,14,0,0.0,42.857143,112.926731,-15.138188,69.88828,-12.951762,82 days 16:00:00,24 days 03:00:00,1.788857,40227.704336,0.464344,0.169982,1.373964,0.263473
PRAKASHSTL,Success,0.0077768000001015025,0.00021489999926416203,0.000505199999679462,5.329999930836493e-05,0.010223100000075647,2010-08-25 09:15:00,2025-06-26 09:15:00,5419 days 00:00:00,100000.0,74066.993267,-25.933007,-66.280011,100.0,163.746958,38.955287,3781 days 00:00:00,2,2,0,0.0,0.0,-10.280441,-17.118709,0.0,-13.699575,0 days 00:00:00,175 days 12:00:00,0.0,-12966.503367,-0.113627,-0.055677,0.924721,-0.061659
PRAXIS,Success,0.004685099999733211,0.00018249999993713573,0.0004535999996733153,3.4500000765547156e-05,0.0071235999994314625,2018-01-31 09:15:00,2025-06-26 09:15:00,2703 days 00:00:00,100000.0,89429.782774,-10.570217,-90.391601,100.0,386.929251,26.09087,231 days 00:00:00,4,4,0,0.0,25.0,26.397737,-13.349343,26.397737,-10.611548,66 days 00:00:00,8 days 08:00:00,0.681432,-2642.554307,-0.077571,-0.060142,0.938418,-0.040089
PRECAM,Success,0.004253699999935634,0.00017630000002100132,0.00046040000052016694,3.3399999665562063e-05,0.006398800000170013,2016-02-08 09:15:00,2025-06-26 09:15:00,3426 days 00:00:00,100000.0,191450.029285,91.450029,15.711468,100.0,1005.425621,32.320719,1310 days 00:00:00,6,6,0,0.0,50.0,50.773361,-14.227658,41.870059,-12.013374,70 days 08:00:00,34 days 16:00:00,2.380943,15241.671547,0.462183,0.225844,1.348047,0.290865
PRECOT,Success,0.008033699999941746,0.00020700000004580943,0.0004474000006666756,3.7599999814119656e-05,0.010398399999758112,2006-11-02 09:15:00,2025-06-26 09:15:00,6811 days 00:00:00,100000.0,184047.600482,84.0476,170.690616,100.0,1322.093152,50.569687,1498 days 00:00:00,11,11,0,0.0,45.454545,41.161386,-21.677023,31.346463,-11.184541,38 days 09:35:59,119 days 04:00:00,2.004557,7640.690953,0.268746,0.069937,1.133069,0.18047
PRECWIRE,Success,0.010606499999994412,0.0002651999993759091,0.0005426999996416271,6.470000062108738e-05,0.013618400000268593,1995-08-25 09:15:00,2025-06-26 09:15:00,10898 days 00:00:00,100000.0,228433.295558,128.433296,5205.667975,100.0,2356.503337,38.302955,6604 days 00:00:00,15,15,0,0.0,46.666667,39.518046,-15.746692,30.729869,-11.867549,73 days 17:08:34,26 days 03:00:00,1.816067,8562.219704,0.305424,0.081233,1.214988,0.157224
PREMEXPLN,Success,0.0063565999998900224,0.00029629999971803045,0.0007872000005590962,5.0099999498343095e-05,0.010094399999616144,2016-06-17 09:15:00,2025-06-26 09:15:00,3296 days 00:00:00,100000.0,68009.975895,-31.990024,704.150654,100.0,234.118788,31.990024,3296 days 00:00:00,3,3,0,0.0,0.0,-11.12165,-12.667781,0.0,-11.886029,0 days 00:00:00,16 days 00:00:00,0.0,-10663.341368,-0.499967,-0.132968,0.52243,-0.129716
PREMIER,Success,0.0087124000001495,0.0002252000003863941,0.0004592000004777219,4.020000051241368e-05,0.011408299999857263,2005-07-08 09:15:00,2025-06-26 09:15:00,7293 days 00:00:00,100000.0,25498.502785,-74.501497,-90.526316,100.0,377.387263,75.098559,7213 days 00:00:00,8,8,0,0.0,0.0,-10.183271,-23.045807,0.0,-15.419717,0 days 00:00:00,50 days 00:00:00,0.0,-9312.687152,-0.504225,-0.096796,0.690481,-0.201846
PREMIERENE,Success,0.002106599999933678,0.00016260000029433286,0.000450999999884516,3.879999985656468e-05,0.004125899999962712,2024-09-03 09:15:00,2025-06-26 09:15:00,296 days 00:00:00,100000.0,102564.423261,2.564423,24.288603,100.0,0.0,0.234358,2 days 00:00:00,1,0,1,2564.423261,,,,,,,,,,1.165471,13.625377,11.931677,
PREMIERPOL,Success,0.004474999999729334,0.00022009999975125538,0.0006561000000147033,0.00010019999990618089,0.0071119999993243255,1999-03-22 09:15:00,2025-06-26 09:15:00,9593 days 00:00:00,100000.0,144568.043965,44.568044,8505.0,100.0,743.042148,39.607691,1247 days 00:00:00,6,6,0,0.0,50.0,52.926957,-22.164319,38.628481,-17.822357,92 days 08:00:00,119 days 00:00:00,1.627652,7428.007328,0.281472,0.102634,1.138921,0.242474
PRESTIGE,Success,0.007884800000283576,0.0002181999998356332,0.00047670000003563473,3.80000001314329e-05,0.010484000000360538,2010-10-27 09:15:00,2025-06-26 09:15:00,5356 days 00:00:00,100000.0,279709.405459,179.709405,779.627278,100.0,1695.104487,26.634727,506 days 00:00:00,9,9,0,0.0,66.666667,36.307303,-15.068837,27.179777,-12.110767,165 days 08:00:00,19 days 08:00:00,3.420151,19967.711718,0.500934,0.278134,1.210279,0.398718
PRICOLLTD,Success,0.005373299999519077,0.00020709999989776406,0.0006017999994583079,4.530000023805769e-05,0.007964200000060373,2017-02-10 09:15:00,2025-06-26 09:15:00,3058 days 00:00:00,100000.0,165798.115714,65.798116,363.217396,100.0,656.479812,26.106442,852 days 00:00:00,5,5,0,0.0,60.0,34.438052,-11.476168,28.177399,-10.717065,35 days 16:00:00,6 days 12:00:00,3.38035,13159.623143,0.558471,0.242695,1.691878,0.209848
PRIMESECU,Success,0.008480299999973795,0.00023090000013326062,0.0004917000005661976,4.4999999772699084e-05,0.011053100000026461,2005-06-17 09:15:00,2025-06-26 09:15:00,7314 days 00:00:00,100000.0,55058.114063,-44.941886,733.792023,100.0,546.509759,76.505243,7104 days 00:00:00,10,10,0,0.0,20.0,37.891746,-19.747286,37.652931,-14.046941,47 days 00:00:00,93 days 22:07:30,0.401621,-4494.188594,-0.069001,-0.040145,0.965097,-0.0374
PRINCEPIPE,Success,0.003843600000436709,0.00018399999953544466,0.0004635999994206941,3.729999934876105e-05,0.006307100000412902,2019-12-30 09:15:00,2025-06-26 09:15:00,2005 days 00:00:00,100000.0,87774.943386,-12.225057,112.881978,100.0,336.866175,28.782599,1423 days 00:00:00,4,4,0,0.0,25.0,16.831631,-12.126288,16.831631,-8.818089,79 days 00:00:00,58 days 08:00:00,0.503903,-3056.264153,-0.211948,-0.082578,0.901847,-0.119059
PRITI,Success,0.0026866999996855156,0.00016210000012506498,0.00044239999988349155,2.9000000722589903e-05,0.004842299999836541,2018-07-05 09:15:00,2025-06-26 09:15:00,2548 days 00:00:00,100000.0,87518.431841,-12.481568,-3.284974,100.0,87.527002,18.670311,986 days 00:00:00,1,1,0,0.0,0.0,-12.316239,-12.316239,0.0,-12.316239,0 days 00:00:00,34 days 00:00:00,0.0,-12481.568159,-0.507353,-0.183453,0.600024,-0.14391
PRITIKAUTO,Success,0.0024606999995739898,0.00015389999953185907,0.0003997999992861878,2.6599999728205148e-05,0.0046094999997876585,2021-08-10 09:15:00,2025-06-26 09:15:00,1416 days 00:00:00,100000.0,87269.525101,-12.730475,-0.055096,100.0,87.339731,12.730475,1416 days 00:00:00,1,1,0,0.0,0.0,-12.557947,-12.557947,0.0,-12.557947,0 days 00:00:00,26 days 00:00:00,0.0,-12730.474899,-1.084237,-0.274975,0.143483,-0.182901
PRIVISCL,Success,0.004506999999648542,0.00018259999978909036,0.00043139999979757704,3.0300000616989564e-05,0.006760100000064995,2015-05-08 09:15:00,2025-06-26 09:15:00,3702 days 00:00:00,100000.0,157571.207108,57.571207,687.967625,100.0,816.870874,19.614565,865 days 00:00:00,6,6,0,0.0,50.0,31.654437,-7.671399,26.110942,-7.245858,52 days 08:00:00,9 days 08:00:00,2.859779,9595.201185,0.509747,0.238139,1.585622,0.155354
PROTEAN,Success,0.0018636000004335074,0.0001382000000376138,0.00039059999926394084,2.809999932651408e-05,0.0033054000004995032,2025-02-06 09:15:00,2025-06-26 09:15:00,140 days 00:00:00,100000.0,100000.0,0.0,-41.654759,100.0,0.0,0.0,,0,0,0,0.0,,,,,,,,,,,,,
PROZONER,Success,0.004812500000298314,0.00019379999957891414,0.0005403000004662317,3.910000032192329e-05,0.0071404999998776475,2014-10-07 09:15:00,2025-06-26 09:15:00,3915 days 00:00:00,100000.0,40722.459241,-59.277541,107.011494,100.0,429.528579,61.401508,2932 days 00:00:00,7,7,0,0.0,0.0,-6.232559,-16.717728,0.0,-11.817391,0 days 00:00:00,26 days 13:42:51,0.0,-8468.220108,-0.823412,-0.133214,0.542141,-0.297926
PRSMJOHNSN,Success,0.01086120000036317,0.0002947999992102268,0.0005187999995541759,4.329999956098618e-05,0.013641300000017509,1995-06-14 09:15:00,2025-06-26 09:15:00,10970 days 00:00:00,100000.0,22753.531135,-77.246469,1039.104478,100.0,629.745137,84.319563,10150 days 00:00:00,20,20,0,0.0,20.0,30.925858,-22.157941,24.069208,-13.269491,75 days 12:00:00,56 days 16:30:00,0.174421,-3862.323443,-0.197769,-0.058026,0.899174,-0.100494
PRUDENT,Success,0.002613299999211449,0.0001764999997249106,0.0005837999997311272,4.129999979340937e-05,0.005534700000680459,2022-05-20 09:15:00,2025-06-26 09:15:00,1133 days 00:00:00,100000.0,121532.706017,21.532706,376.671117,100.0,254.025717,9.647111,27 days 00:00:00,2,2,0,0.0,50.0,34.107911,-9.018293,34.107911,-9.018293,62 days 00:00:00,5 days 00:00:00,2.765517,10766.353008,0.586574,0.682225,1.585409,0.2721
PRUDMOULI,Success,0.0031084000002010725,0.00015160000020841835,0.0004623000004357891,3.479999941191636e-05,0.005155699999704666,2023-12-22 09:15:00,2025-06-26 09:15:00,552 days 00:00:00,100000.0,92177.314133,-7.822686,32.040134,100.0,92.217047,18.794309,181 days 00:00:00,1,1,0,0.0,0.0,-7.642263,-7.642263,0.0,-7.642263,0 days 00:00:00,49 days 00:00:00,0.0,-7822.685867,-0.360401,-0.284901,0.840266,-0.205771
PSB,Success,0.00749069999983476,0.0002897000003940775,0.00047650000033172546,3.8300000596791506e-05,0.010083999999551452,2010-12-30 09:15:00,2025-06-26 09:15:00,5292 days 00:00:00,100000.0,85507.634814,-14.492365,-76.114825,100.0,933.378906,24.63874,332 days 00:00:00,10,10,0,0.0,30.0,23.474162,-14.068539,20.482469,-9.410783,42 days 16:00:00,39 days 00:00:00,0.780682,-1449.236519,-0.039208,-0.044447,0.974815,-0.016408
PSPPROJECT,Success,0.0043491000005815295,0.0001785000004019821,0.00046470000052067917,4.0099999750964344e-05,0.0065743000004658825,2017-05-29 09:15:00,2025-06-26 09:15:00,2950 days 00:00:00,100000.0,112061.22706,12.061227,279.14787,100.0,593.955944,21.003773,1522 days 00:00:00,6,6,0,0.0,33.333333,33.413848,-10.662189,26.363015,-8.11289,78 days 00:00:00,78 days 00:00:00,1.356893,2010.20451,0.171383,0.068701,1.080807,0.122687
PTC,Success,0.008758199999647331,0.00028899999961140566,0.0005685999994966551,5.849999979545828e-05,0.011740500000087195,2004-04-07 09:15:00,2025-06-26 09:15:00,7750 days 00:00:00,100000.0,96293.942384,-3.706058,293.370544,100.0,2632.489796,60.651918,5347 days 00:00:00,16,16,0,0.0,25.0,35.163896,-13.240149,28.42412,-7.992416,92 days 00:00:00,33 days 16:00:00,0.977725,-231.628601,0.053806,-0.002987,1.030576,0.029687
PTCIL,Success,0.0022761999998692772,0.00014759999976377003,0.0003952999995817663,2.969999968627235e-05,0.004724300000816584,2023-06-09 09:15:00,2025-06-26 09:15:00,748 days 00:00:00,100000.0,109598.472827,9.598473,383.429164,100.0,391.494915,30.314989,300 days 00:00:00,5,4,1,11168.82746,25.0,34.215796,-11.164078,34.215796,-9.937954,83 days 00:00:00,25 days 16:00:00,0.949311,-392.588658,0.297025,0.153131,1.125562,0.288364
PTL,Success,0.008784499999819673,0.00024170000051526586,0.0005870000004506437,8.350000007339986e-05,0.011835500000415777,2007-01-29 09:15:00,2025-06-26 09:15:00,6723 days 00:00:00,100000.0,52872.682955,-47.127317,205.184184,100.0,488.495291,62.188369,3993 days 00:00:00,8,8,0,0.0,12.5,25.695348,-14.824193,25.695348,-11.419173,255 days 00:00:00,27 days 17:08:34,0.185304,-5890.914631,-0.391295,-0.061096,0.746786,-0.148605
PUNJABCHEM,Success,0.00900880000062898,0.00023050000072544208,0.0005808999994769692,6.499999926745659e-05,0.0118492999999944,2007-03-08 09:15:00,2025-06-26 09:15:00,6685 days 00:00:00,100000.0,74265.424917,-25.734575,808.494415,100.0,619.680162,75.227773,6135 days 00:00:00,9,9,0,0.0,33.333333,42.828105,-41.540047,34.02366,-16.564228,32 days 16:00:00,219 days 16:00:00,0.694263,-2859.397231,0.056392,-0.02212,1.02254,0.042309
PURVA,Success,0.009410099999513477,0.00033960000018851133,0.0007097999996403814,4.090000038559083e-05,0.012260600000445265,2007-08-30 09:15:00,2025-06-26 09:15:00,6510 days 00:00:00,100000.0,130689.66632,30.689666,-19.334803,100.0,1240.634287,35.605539,1252 days 00:00:00,10,10,0,0.0,40.0,41.414408,-16.067111,31.672699,-12.560494,47 days 00:00:00,43 days 20:00:00,1.299523,3068.966632,0.17688,0.043355,1.121435,0.098615
PVP,Success,0.006425399999898218,0.0002060999995592283,0.0004610999994838494,4.389999958220869e-05,0.008786699999291159,2008-06-23 09:15:00,2025-06-26 09:15:00,6212 days 00:00:00,100000.0,52484.226778,-47.515773,-76.919242,100.0,549.296828,57.09857,3569 days 00:00:00,7,7,0,0.0,14.285714,40.078974,-19.263152,40.078974,-14.782236,47 days 00:00:00,43 days 20:00:00,0.415314,-6787.967603,-0.265687,-0.077486,0.834525,-0.120588
PVRINOX,Success,0.009195900000122492,0.0002589999994597747,0.0005246000000624917,4.450000051292591e-05,0.011825300000054995,2006-01-04 09:15:00,2025-06-26 09:15:00,7113 days 00:00:00,100000.0,71358.411225,-28.641589,233.252775,100.0,1273.340108,37.14181,3499 days 00:00:00,15,15,0,0.0,20.0,31.292416,-13.106041,24.629889,-7.728472,139 days 08:00:00,27 days 02:00:00,0.663805,-1909.439252,-0.100946,-0.048144,0.948826,-0.051189
PVSL,Success,0.002242800000203715,0.00015110000003915047,0.0004467999997359584,2.7299999601382297e-05,0.003737199999704899,2024-03-19 09:15:00,2025-06-26 09:15:00,464 days 00:00:00,100000.0,100000.0,0.0,-52.833603,100.0,0.0,0.0,,0,0,0,0.0,,,,,,,,,,,,,
PYRAMID,Success,0.002153399999770045,0.0001874999998108251,0.0007224000000860542,3.400000059627928e-05,0.004554099999950267,2023-08-29 09:15:00,2025-06-26 09:15:00,667 days 00:00:00,100000.0,90812.335502,-9.187664,3.625111,100.0,90.726264,9.188616,555 days 00:00:00,1,1,0,0.0,0.0,-9.022163,-9.022163,0.0,-9.022163,0 days 00:00:00,42 days 00:00:00,0.0,-9187.664498,-0.867403,-0.566885,0.584835,-0.348897
QPOWER,Success,0.0017760999999154592,0.00013549999948736513,0.00038349999977072,2.4500000108673703e-05,0.003198800000063784,2025-02-24 09:15:00,2025-06-26 09:15:00,122 days 00:00:00,100000.0,100000.0,0.0,74.27172,100.0,0.0,0.0,,0,0,0,0.0,,,,,,,,,,,,,
QUADFUTURE,Success,0.0024890000004234025,0.0001488999996581697,0.0004468000006454531,2.680000034160912e-05,0.004104900000129419,2025-01-14 09:15:00,2025-06-26 09:15:00,163 days 00:00:00,100000.0,100000.0,0.0,9.650901,100.0,0.0,0.0,,0,0,0,0.0,,,,,,,,,,,,,
QUESS,Success,0.006660499999270542,0.00019859999974869424,0.000504200000250421,3.769999966607429e-05,0.008926399999836576,2016-07-12 09:15:00,2025-06-26 09:15:00,3271 days 00:00:00,100000.0,96703.414764,-3.296585,22.14852,100.0,614.232676,41.542813,2571 days 00:00:00,7,7,0,0.0,28.571429,26.118476,-10.269081,23.658675,-8.490754,63 days 00:00:00,53 days 00:00:00,0.916751,-470.940748,0.032431,-0.009146,1.015567,0.019215
QUICKHEAL,Success,0.0047167000002446,0.0002113999998982763,0.0004955999993399018,3.509999987727497e-05,0.007040200000119512,2016-02-18 09:15:00,2025-06-26 09:15:00,3416 days 00:00:00,100000.0,124865.784599,24.865785,39.531214,100.0,393.255127,38.911395,3276 days 00:00:00,4,4,0,0.0,50.0,27.096905,-11.779707,25.676771,-10.71965,73 days 12:00:00,89 days 12:00:00,2.206545,6216.44615,0.238549,0.062881,1.158898,0.124988
RACE,Success,0.002351699999962875,0.00016340000001946464,0.00045369999952526996,2.9300000278453808e-05,0.004546699999991688,2023-05-09 09:15:00,2025-06-26 09:15:00,779 days 00:00:00,100000.0,85585.035014,-14.414965,0.980196,100.0,177.634133,17.237006,647 days 00:00:00,2,2,0,0.0,0.0,-6.867479,-7.752154,0.0,-7.309817,0 days 00:00:00,29 days 12:00:00,0.0,-7207.482493,-1.163386,-0.412373,0.473591,-0.466528
RACLGEAR,Success,0.0019391999994695652,0.00029549999999289867,0.0004473999997571809,2.89999998130952e-05,0.003680299999359704,2024-11-27 09:15:00,2025-06-26 09:15:00,211 days 00:00:00,100000.0,100000.0,0.0,7.270905,100.0,0.0,0.0,,0,0,0,0.0,,,,,,,,,,,,,
RADAAN,Success,0.0079384000000573,0.00022059999992052326,0.00048799999967741314,3.859999924316071e-05,0.010347699999329052,2003-03-03 09:15:00,2025-06-26 09:15:00,8151 days 00:00:00,100000.0,69659.894199,-30.340106,-93.166801,100.0,517.017023,61.668292,8151 days 00:00:00,9,9,0,0.0,22.222222,34.644519,-17.667048,33.875031,-12.340782,15 days 00:00:00,11 days 13:42:51,0.502421,-3371.122867,-0.218743,-0.031665,0.769744,-0.044409
RADHIKAJWE,Success,0.002591299999949115,0.0001573999998072395,0.0004062999996676808,2.7300000510876998e-05,0.004839400000491878,2022-07-18 09:15:00,2025-06-26 09:15:00,1074 days 00:00:00,100000.0,117549.670729,17.549671,163.940537,100.0,255.541974,18.653507,236 days 15:15:00,2,2,0,0.0,50.0,38.093643,-14.539084,38.093643,-14.539084,27 days 00:00:00,15 days 00:00:00,1.8661,8774.835364,0.416833,0.307737,1.453083,0.298369
RADIANTCMS,Success,0.002236399999674177,0.00014869999995426042,0.0003920999997717445,2.6599999728205148e-05,0.004159099999924365,2023-01-04 09:15:00,2025-06-26 09:15:00,904 days 00:00:00,100000.0,100000.0,0.0,-40.438513,100.0,0.0,0.0,,0,0,0,0.0,,,,,,,,,,,,,
RADICO,Success,0.010392199999841978,0.0002592999999251333,0.0005115000003570458,4.42000000475673e-05,0.014153999999507505,1995-01-03 09:15:00,2025-06-26 09:15:00,11132 days 00:00:00,100000.0,894352.147903,794.352148,45989.655172,100.0,17136.905643,55.065263,6454 days 00:00:00,24,24,0,0.0,45.833333,82.980724,-18.535116,42.532988,-11.344091,130 days 02:10:54,41 days 03:41:32,1.668841,33098.006163,0.429388,0.149414,1.219431,0.301154
RADIOCITY,Success,0.005281299999296607,0.00018520000048738439,0.0007340000001931912,4.329999956098618e-05,0.007720899999185349,2017-03-17 09:15:00,2025-06-26 09:15:00,3023 days 00:00:00,100000.0,93677.033584,-6.322966,-84.898766,100.0,93.731424,7.990237,2396 days 00:00:00,1,1,0,0.0,0.0,-6.137918,-6.137918,0.0,-6.137918,0 days 00:00:00,27 days 00:00:00,0.0,-6322.966416,-0.540725,-0.100427,0.404844,-0.116608
RAILTEL,Success,0.0030360999999174965,0.00016149999919434777,0.00041569999939383706,3.0499999411404133e-05,0.005056999999396794,2021-02-26 09:15:00,2025-06-26 09:15:00,1581 days 00:00:00,100000.0,124290.781215,24.290781,249.237742,100.0,212.689479,19.261309,525 days 00:00:00,2,2,0,0.0,50.0,40.820722,-11.315491,40.820722,-11.315491,28 days 00:00:00,42 days 00:00:00,3.114945,12145.390607,0.526604,0.272031,1.570028,0.219515
RAIN,Success,0.005154200000106357,0.00020399999993969686,0.0007138999999369844,4.689999968832126e-05,0.0078041999995548395,2013-08-23 09:15:00,2025-06-26 09:15:00,4325 days 00:00:00,100000.0,172062.977776,72.062978,326.211889,100.0,1739.145005,33.147548,1338 days 00:00:00,10,10,0,0.0,40.0,35.823352,-12.081522,33.897902,-9.57863,66 days 00:00:00,29 days 08:00:00,1.671682,7206.297778,0.400872,0.14435,1.250606,0.24267
RAINBOW,Success,0.002834400000210735,0.000168600000506558,0.0004994999999325955,3.440000000409782e-05,0.004682199999479053,2022-05-10 09:15:00,2025-06-26 09:15:00,1143 days 00:00:00,100000.0,100000.0,0.0,235.184355,100.0,0.0,0.0,,0,0,0,0.0,,,,,,,,,,,,,
RAJESHEXPO,Success,0.009320900000602705,0.000351300000147603,0.00048739999965619063,4.0099999750964344e-05,0.012308100000154809,2000-02-09 09:15:00,2025-06-26 09:15:00,9269 days 00:00:00,100000.0,235345.950567,135.345951,2376.823596,100.0,2166.750764,40.96296,4062 days 00:00:00,12,12,0,0.0,50.0,38.963322,-12.220587,26.046848,-7.857802,84 days 12:00:00,38 days 08:00:00,2.448499,11278.829214,0.444234,0.095666,1.356078,0.207675
RAJMET,Success,0.0028739999997924315,0.00017640000078245066,0.0004519000003710971,3.960000049119117e-05,0.004970899999534595,2021-02-16 09:15:00,2025-06-26 09:15:00,1591 days 00:00:00,100000.0,78765.209235,-21.234791,186.941742,100.0,492.955766,30.877458,1270 days 00:00:00,5,5,0,0.0,20.0,14.178742,-12.529134,14.178742,-8.57292,26 days 00:00:00,11 days 00:00:00,0.39648,-4246.958153,-0.740612,-0.175448,0.570381,-0.249652
RAJRATAN,Success,0.0030946000006224494,0.00016420000065409113,0.0004345999996075989,2.9799999538226984e-05,0.004832600000554521,2020-05-22 09:15:00,2025-06-26 09:15:00,1861 days 00:00:00,100000.0,100000.0,0.0,1001.126669,100.0,0.0,0.0,,0,0,0,0.0,,,,,,,,,,,,,
RAJRILTD,Success,0.002432500000395521,0.0001598999997440842,0.00045200000022305176,3.390000074432464e-05,0.004802200000085577,2022-03-16 09:15:00,2025-06-26 09:15:00,1198 days 00:00:00,100000.0,94052.214298,-5.947786,1955.555556,100.0,94.139661,5.947786,1198 days 00:00:00,1,1,0,0.0,0.0,-5.759892,-5.759892,0.0,-5.759892,0 days 00:00:00,15 days 00:00:00,0.0,-5947.785702,-0.854676,-0.346984,0.303572,-0.176815
RAJSREESUG,Success,0.009413600000698352,0.00026680000064516207,0.0004902000000583939,4.220000027999049e-05,0.012343299999884039,1999-01-01 09:15:00,2025-06-26 09:15:00,9673 days 00:00:00,100000.0,66043.460787,-33.956539,514.375,100.0,2263.975734,75.005823,7503 days 00:00:00,16,16,0,0.0,18.75,84.652151,-19.892295,64.199184,-13.092681,146 days 16:00:00,40 days 18:27:41,0.865763,-2122.283701,0.00498,-0.021455,1.002843,0.002512
RAJTV,Success,0.008180899999388203,0.00025040000036824495,0.0005074000000604428,4.0300000364368316e-05,0.010659300000043004,2007-03-16 09:15:00,2025-06-26 09:15:00,6677 days 00:00:00,100000.0,91500.965133,-8.499035,-21.221239,100.0,843.412057,38.567407,1541 days 00:00:00,9,9,0,0.0,33.333333,35.200491,-15.580979,27.662465,-12.459641,64 days 16:00:00,31 days 12:00:00,0.888398,-944.337207,0.004564,-0.013477,1.003716,0.001783
RALLIS,Success,0.01017619999947783,0.00026020000041171443,0.0006691999997201492,5.3900000239082146e-05,0.013202000000092085,1999-01-01 09:15:00,2025-06-26 09:15:00,9673 days 00:00:00,100000.0,334267.170609,234.267171,3937.090166,100.0,9885.068425,62.704635,3912 days 00:00:00,29,29,0,0.0,37.931034,52.615099,-17.242974,33.843789,-10.035677,72 days 10:54:32,33 days 13:20:00,1.35431,8078.178297,0.352675,0.076253,1.176229,0.247994
RAMANEWS,Success,0.008641699999316188,0.00024529999973310623,0.0005344999999579159,3.889999970851932e-05,0.011322300000756513,2006-09-20 09:15:00,2025-06-26 09:15:00,6854 days 00:00:00,100000.0,132877.402314,32.877402,178.488889,100.0,617.199459,48.401779,3088 days 00:00:00,6,6,0,0.0,50.0,37.567116,-16.635591,30.862233,-15.555563,105 days 16:00:00,78 days 00:00:00,1.672869,5479.567052,0.181691,0.032945,1.125754,0.097848
RAMAPHO,Success,0.0025341000000480562,0.0001624000005904236,0.00045080000018060673,3.4499999856052455e-05,0.004139099999520113,2022-08-05 09:15:00,2025-06-26 09:15:00,1056 days 00:00:00,100000.0,100000.0,0.0,-6.096804,100.0,0.0,0.0,,0,0,0,0.0,,,,,,,,,,,,,
RAMASTEEL,Success,0.007318799999666226,0.00020370000038383296,0.0004700999998021871,3.889999970851932e-05,0.009717299999465467,2015-08-24 09:15:00,2025-06-26 09:15:00,3594 days 00:00:00,100000.0,168258.074418,68.258074,1298.463001,100.0,1058.564972,35.662521,2053 days 00:00:00,9,9,0,0.0,44.444444,38.475737,-12.856549,33.036411,-11.34051,32 days 00:00:00,10 days 19:12:00,2.004936,7584.230491,0.456804,0.155136,1.404613,0.220938
RAMCOCEM,Success,0.008250500000031025,0.0002313999993930338,0.00046240000028774375,4.170000011072261e-05,0.01082490000044345,2006-11-02 09:15:00,2025-06-26 09:15:00,6811 days 00:00:00,100000.0,114392.748349,14.392748,494.714716,100.0,1861.97447,38.958123,2898 days 00:00:00,18,18,0,0.0,33.333333,33.521025,-11.97701,19.783297,-7.223557,63 days 08:00:00,68 days 16:00:00,1.152214,799.597131,0.120978,0.018941,1.051861,0.090065
RAMCOIND,Success,0.011400200000025507,0.0002725000003920286,0.0004989999997633277,4.3199999709031545e-05,0.014826600000560575,1999-01-01 09:15:00,2025-06-26 09:15:00,9673 days 00:00:00,100000.0,265044.162092,165.044162,684.507042,100.0,1635.603891,23.370215,745 days 00:00:00,10,10,0,0.0,60.0,34.581244,-12.60011,27.481372,-10.807094,81 days 08:00:00,32 days 00:00:00,3.51863,16504.416209,0.416747,0.168897,1.329493,0.213465
RAMCOSYS,Success,0.010380699999586795,0.00026700000034907134,0.00047110000014072284,4.1199999941454735e-05,0.013132900000528025,2000-04-12 09:15:00,2025-06-26 09:15:00,9206 days 00:00:00,100000.0,184402.495332,84.402495,-85.954084,100.0,1375.628035,37.677214,5280 days 00:00:00,13,12,1,1692.151067,41.666667,37.505535,-15.063516,34.794574,-11.575759,130 days 19:12:00,24 days 13:42:51,1.924745,6892.528689,0.234446,0.066953,1.153989,0.135587
RAMKY,Success,0.008231399999203859,0.00023320000036619604,0.0008381999996345257,5.8600000556907617e-05,0.011773100000027625,2010-10-08 09:15:00,2025-06-26 09:15:00,5375 days 00:00:00,100000.0,275632.003994,175.632004,39.158496,100.0,1390.556043,28.402425,1652 days 00:00:00,9,9,0,0.0,55.555556,47.371896,-17.067698,38.064363,-13.24183,50 days 04:48:00,17 days 00:00:00,3.557952,19514.66711,0.628354,0.256017,1.58451,0.329728
RAMRAT,Success,0.002717000000302505,0.0001650000003792229,0.0004484999999476713,0.0001481000008425326,0.005652599999848462,2022-07-29 09:15:00,2025-06-26 09:15:00,1063 days 00:00:00,100000.0,102202.365699,2.202366,492.62868,100.0,264.862931,24.926786,752 days 00:00:00,3,3,0,0.0,33.333333,32.38793,-14.356515,32.38793,-11.801627,74 days 00:00:00,36 days 12:00:00,1.097588,734.1219,0.125161,0.030662,1.060521,0.100304
RANASUG,Success,0.00896409999950265,0.00029089999952702783,0.0006050000001778244,4.199999966658652e-05,0.011774199999308621,2005-02-24 09:15:00,2025-06-26 09:15:00,7427 days 00:00:00,100000.0,30393.143781,-69.606856,-39.732281,100.0,431.349391,71.575846,7204 days 00:00:00,8,8,0,0.0,0.0,-8.838226,-20.74228,0.0,-13.590959,0 days 00:00:00,46 days 18:00:00,0.0,-8700.857027,-0.549792,-0.080969,0.664237,-0.208754
RANEHOLDIN,Success,0.00941309999961959,0.00024399999983870657,0.0005076000006738468,4.7200000153679866e-05,0.01256439999997383,2005-08-22 09:15:00,2025-06-26 09:15:00,7248 days 00:00:00,100000.0,136991.089009,36.991089,617.343646,100.0,1562.77203,32.351632,1763 days 00:00:00,14,14,0,0.0,35.714286,34.2261,-13.143952,29.604073,-10.01039,74 days 00:00:00,30 days 10:40:00,1.352554,2642.220644,0.191205,0.051019,1.124273,0.103344
RATEGAIN,Success,0.0029949999998279964,0.0001664000001255772,0.00043880000066565117,4.2800000301213004e-05,0.005254300000160583,2021-12-17 09:15:00,2025-06-26 09:15:00,1287 days 00:00:00,100000.0,88725.272381,-11.274728,29.480962,100.0,88.172316,13.172585,456 days 00:00:00,1,1,0,0.0,0.0,-11.169997,-11.169997,0.0,-11.169997,0 days 00:00:00,28 days 00:00:00,0.0,-11274.727619,-0.605659,-0.25709,0.46602,-0.114534
RATNAMANI,Success,0.008595499999501044,0.0002395999999862397,0.00046349999956873944,4.460000036488054e-05,0.012750000000778527,2006-05-09 09:15:00,2025-06-26 09:15:00,6988 days 00:00:00,100000.0,524761.942019,424.761942,4708.04626,100.0,3006.688524,20.380355,1601 days 00:00:00,12,11,1,925.831777,72.727273,44.482421,-13.894631,28.501885,-9.959929,90 days 00:00:00,6 days 00:00:00,6.811182,38530.555476,0.725012,0.454685,1.556726,0.455672
RATNAVEER,Success,0.0024087000001600245,0.00015299999995477265,0.0004411999998410465,4.220000027999049e-05,0.00442399999974441,2023-09-11 09:15:00,2025-06-26 09:15:00,654 days 00:00:00,100000.0,114645.795981,14.645796,26.192491,100.0,114.58475,0.19935,413 days 00:00:00,1,1,0,0.0,100.0,14.901136,14.901136,14.901136,0.0,6 days 00:00:00,0 days 00:00:00,inf,14645.795981,1.426852,40.36792,70.893437,
RAYMOND,Success,0.010604899999634654,0.0002646000002641813,0.0005952999999863096,4.739999985758914e-05,0.013723799999752373,1999-01-01 09:15:00,2025-06-26 09:15:00,9673 days 00:00:00,100000.0,405665.626136,305.665626,3004.907298,100.0,4184.925115,36.147557,3194 days 00:00:00,20,20,0,0.0,50.0,33.612531,-13.811125,27.792792,-9.530997,91 days 14:23:59,13 days 04:47:59,2.574149,15283.281307,0.481649,0.153326,1.289314,0.257425
RAYMONDLSL,Success,0.002248200000394718,0.0001498000001447508,0.0004227999997965526,3.290000040578889e-05,0.003859500000544358,2024-09-05 09:15:00,2025-06-26 09:15:00,294 days 00:00:00,100000.0,100000.0,0.0,-59.783897,100.0,0.0,0.0,,0,0,0,0.0,,,,,,,,,,,,,
RBA,Success,0.002852300000085961,0.00016999999934341758,0.0004742999999507447,6.370000028255163e-05,0.005241200000455137,2020-12-14 09:15:00,2025-06-26 09:15:00,1655 days 00:00:00,100000.0,92854.115339,-7.145885,-39.311111,100.0,92.072228,15.723597,997 days 00:00:00,2,1,1,870.052227,0.0,-7.832098,-7.832098,0.0,-7.832098,0 days 00:00:00,59 days 00:00:00,0.0,-8015.936888,-0.216817,-0.104749,0.831743,-0.060268
RBLBANK,Success,0.004260200000317127,0.00020769999991898658,0.0004674000001614331,4.170000011072261e-05,0.007048700000268582,2016-08-31 09:15:00,2025-06-26 09:15:00,3221 days 00:00:00,100000.0,129644.715778,29.644716,-20.70474,100.0,1056.414337,31.038796,1042 days 00:00:00,10,10,0,0.0,40.0,29.643723,-10.076362,21.287321,-7.744822,37 days 00:00:00,43 days 04:00:00,1.569692,2964.471578,0.286904,0.097975,1.146993,0.159595
RBZJEWEL,Success,0.002473499999723572,0.00015379999967990443,0.0004109999999855063,3.059999926335877e-05,0.005060999999841442,2023-12-27 09:15:00,2025-06-26 09:15:00,547 days 00:00:00,100000.0,118359.260074,18.35926,38.904762,100.0,118.345472,2.749241,7 days 00:00:00,1,1,0,0.0,100.0,18.620555,18.620555,18.620555,0.0,20 days 00:00:00,0 days 00:00:00,inf,18359.260074,1.567235,4.38714,4.509361,1.1156
RCF,Success,0.010392000000138069,0.00031519999993179226,0.0008510000006936025,4.9899999794433825e-05,0.013497700000698387,1999-01-01 09:15:00,2025-06-26 09:15:00,9673 days 00:00:00,100000.0,117912.648561,17.912649,1862.375,100.0,1635.161299,45.873715,2913 days 00:00:00,17,17,0,0.0,35.294118,49.163179,-21.69594,30.690906,-11.74801,68 days 20:00:00,30 days 00:00:00,1.137534,1053.685209,0.113277,0.013914,1.077188,0.055237
RECLTD,Success,0.00949270000000979,0.0003108000000793254,0.0005059999994045938,4.269999953976367e-05,0.012246700000105193,2008-03-12 09:15:00,2025-06-26 09:15:00,6315 days 00:00:00,100000.0,52136.426039,-47.863574,787.166804,100.0,1038.189234,59.54527,6315 days 00:00:00,16,16,0,0.0,18.75,26.734344,-15.652871,22.403869,-8.956286,65 days 16:00:00,56 days 16:36:55,0.438427,-2991.473373,-0.193132,-0.063342,0.921705,-0.120951
REDINGTON,Success,0.009279399999286397,0.0003739000003406545,0.0006171999993966892,7.129999994504033e-05,0.012156300000242481,2007-02-15 09:15:00,2025-06-26 09:15:00,6706 days 00:00:00,100000.0,134245.032489,34.245032,1713.683568,100.0,1739.951285,54.714853,6384 days 00:00:00,15,15,0,0.0,33.333333,45.276959,-14.2132,30.649179,-9.4963,71 days 09:36:00,34 days 09:35:59,1.289238,2283.002166,0.182035,0.030141,1.107733,0.091473
REDTAPE,Success,0.0021875999991607387,0.00014449999980570283,0.0007739000002402463,7.400000049528899e-05,0.004696800000601797,2023-08-11 09:15:00,2025-06-26 09:15:00,685 days 00:00:00,100000.0,147583.91982,47.58392,3.569908,100.0,632.186951,18.237954,332 days 00:00:00,4,4,0,0.0,50.0,41.232061,-9.824236,34.297452,-9.05238,60 days 12:00:00,39 days 00:00:00,2.507668,11895.979955,1.409841,1.287606,1.527946,1.326813
REFEX,Success,0.007596299999931944,0.000215099999877566,0.0004732999996122089,4.11000000895001e-05,0.010038200000053621,2009-12-03 09:15:00,2025-06-26 09:15:00,5684 days 00:00:00,100000.0,73366.931166,-26.633069,7519.423875,100.0,1019.434749,38.947774,4374 days 00:00:00,12,12,0,0.0,25.0,42.811989,-17.827098,36.637522,-12.617217,90 days 16:00:00,20 days 00:00:00,0.750682,-2219.422403,-0.012906,-0.054972,0.99271,-0.007452
REGENCERAM,Success,0.008604099999502068,0.0006062000002202694,0.0010799000001497916,4.759999956149841e-05,0.012244399999872257,1999-01-01 09:15:00,2025-06-26 09:15:00,9673 days 00:00:00,100000.0,192224.881685,92.224882,430.625,100.0,1843.672266,42.858375,7440 days 00:00:00,10,10,0,0.0,50.0,55.042113,-18.381156,30.989637,-11.983961,31 days 00:00:00,39 days 09:35:59,1.737846,9222.488168,0.327575,0.084913,1.346548,0.118446
RELAXO,Success,0.008634899999378831,0.00021740000011050142,0.0004886999995505903,4.0499999158782884e-05,0.011202400000001944,2011-06-17 09:15:00,2025-06-26 09:15:00,5123 days 00:00:00,100000.0,218456.432434,118.456432,2894.886333,100.0,1977.601604,21.095165,2142 days 00:00:00,10,10,0,0.0,50.0,52.721199,-11.901132,28.707845,-8.31932,51 days 19:11:59,24 days 04:47:59,2.337321,11845.643243,0.545931,0.277284,1.457716,0.330913
RELCHEMQ,Success,0.0028345999999146443,0.0001827000005505397,0.00046639999982289737,3.499999911582563e-05,0.004979999999704887,2022-05-25 09:15:00,2025-06-26 09:15:00,1128 days 00:00:00,100000.0,80927.776615,-19.072223,-20.048458,100.0,171.014149,19.229944,523 days 00:00:00,2,2,0,0.0,0.0,-9.857968,-9.867306,0.0,-9.862637,0 days 00:00:00,41 days 00:00:00,0.0,-9536.111693,-0.839115,-0.34883,0.598726,-0.361203
RELIABLE,Success,0.0023656000003029476,0.00015299999995477265,0.00046130000009725336,2.9799999538226984e-05,0.004309299999476934,2024-07-10 09:15:00,2025-06-26 09:15:00,351 days 00:00:00,100000.0,106008.784842,6.008785,39.981355,100.0,0.0,14.22854,36 days 00:00:00,1,0,1,6008.784842,,,,,,,,,,0.396343,0.444074,1.138968,0.356314
RELIANCE,Success,0.011241100000006554,0.00028219999967404874,0.0005101999995531514,5.019999935029773e-05,0.014093900000261783,1994-11-03 09:15:00,2025-06-26 09:15:00,11193 days 00:00:00,100000.0,143360.738517,43.360739,8771.00674,100.0,2806.541634,37.24359,7832 days 00:00:00,26,26,0,0.0,38.461538,27.937954,-11.149116,16.859654,-6.825244,41 days 12:00:00,31 days 13:30:00,1.359241,1667.720712,0.174592,0.032307,1.10923,0.07933
RELIGARE,Success,0.008270199999969918,0.0002274999997098348,0.0004836999996769009,4.000000080850441e-05,0.010770099999717786,2007-11-21 09:15:00,2025-06-26 09:15:00,6427 days 00:00:00,100000.0,74115.641265,-25.884359,-55.695183,100.0,680.161723,41.004371,4266 days 00:00:00,9,9,0,0.0,22.222222,31.144291,-13.199417,25.082747,-9.826964,20 days 00:00:00,31 days 06:51:25,0.543211,-2876.039859,-0.129321,-0.041993,0.895934,-0.048387
RELINFRA,Success,0.008955799999966985,0.00028310000016062986,0.0005625999992844299,5.340000006981427e-05,0.012380099999973027,2006-11-02 09:15:00,2025-06-26 09:15:00,6811 days 00:00:00,100000.0,32910.49489,-67.089505,-12.714347,100.0,554.40467,67.432659,5736 days 00:00:00,10,10,0,0.0,10.0,20.375227,-20.147458,20.375227,-13.220892,70 days 00:00:00,82 days 00:00:00,0.150926,-6708.950511,-0.328037,-0.087429,0.847919,-0.161124
RELTD,Success,0.002762300000540563,0.00019520000023476314,0.00045030000001133885,3.500000002532033e-05,0.004885600000307022,2024-07-30 09:15:00,2025-06-26 09:15:00,331 days 00:00:00,100000.0,86774.969582,-13.22503,54.149788,100.0,86.765042,32.46054,205 days 00:00:00,1,1,0,0.0,0.0,-13.064132,-13.064132,0.0,-13.064132,0 days 00:00:00,167 days 00:00:00,0.0,-13225.030418,-0.231868,-0.448857,0.949409,-0.307852
REMSONSIND,Success,0.008206999999856635,0.00021670000023732428,0.0009427999993931735,5.03999999637017e-05,0.011253900000156136,1999-01-29 09:15:00,2025-06-26 09:15:00,9645 days 00:00:00,100000.0,210300.962103,110.300962,1289.2961,100.0,1470.23122,40.457472,4688 days 00:00:00,11,11,0,0.0,45.454545,55.209522,-19.004813,39.176302,-13.494229,99 days 00:00:00,41 days 04:00:00,2.069271,10027.360191,0.347923,0.125444,1.195561,0.208737
RENUKA,Success,0.009229700000105368,0.00022600000011152588,0.0006402999997590086,4.340000032243552e-05,0.01199940000060451,2005-10-31 09:15:00,2025-06-26 09:15:00,7178 days 00:00:00,100000.0,37415.099728,-62.5849,153.553602,100.0,942.68112,81.946578,6251 days 00:00:00,12,12,0,0.0,16.666667,36.267351,-26.603594,29.631526,-13.53014,35 days 12:00:00,166 days 04:47:59,0.471796,-5215.408356,-0.069814,-0.060695,0.974749,-0.057479
REPCOHOME,Success,0.008330900000146357,0.0002173000002585468,0.0004849999995713006,3.7999999221938197e-05,0.01071609999962675,2013-04-01 09:15:00,2025-06-26 09:15:00,4469 days 00:00:00,100000.0,156461.25522,56.461255,169.672131,100.0,741.918514,27.487043,955 days 00:00:00,6,6,0,0.0,50.0,38.574324,-10.540985,28.044712,-8.770166,85 days 00:00:00,63 days 08:00:00,2.710703,9410.209203,0.346582,0.138228,1.216092,0.217628
REPL,Success,0.0027884000000995,0.00016120000054797856,0.0004262000002199784,7.019999975454994e-05,0.0052975000007791095,2020-12-14 09:15:00,2025-06-26 09:15:00,1655 days 00:00:00,100000.0,73399.369593,-26.60063,78.848276,100.0,248.864792,26.60063,1655 days 00:00:00,3,3,0,0.0,0.0,-8.036974,-12.181411,0.0,-9.606175,0 days 00:00:00,27 days 16:00:00,0.0,-8866.876802,-1.013361,-0.251604,0.466177,-0.315417
REPRO,Success,0.009999099999731698,0.00023519999922427814,0.0004882000002908171,4.1000000237545464e-05,0.01282939999964583,2005-12-22 09:15:00,2025-06-26 09:15:00,7126 days 00:00:00,100000.0,143502.160334,43.50216,120.067955,100.0,2305.697214,53.92055,2754 days 00:00:00,14,13,1,1843.290716,38.461538,32.162262,-15.963065,27.14313,-9.742592,39 days 19:11:59,26 days 09:00:00,1.284678,3204.528432,0.209434,0.035758,1.188557,0.107442
RESPONIND,Success,0.007941500000015367,0.00022809999973105732,0.0005013999998482177,3.870000000461005e-05,0.010382299999946554,2010-10-29 09:15:00,2025-06-26 09:15:00,5354 days 00:00:00,100000.0,94769.871811,-5.230128,130.763405,100.0,863.876922,57.535876,3436 days 00:00:00,8,8,0,0.0,25.0,56.29488,-18.999171,46.412121,-12.3436,31 days 00:00:00,125 days 12:00:00,0.941526,-653.766024,0.056144,-0.006529,1.027537,0.036484
RETAIL,Success,0.0026994999998350977,0.00016539999978704145,0.0004482000003918074,3.0299999707494862e-05,0.004268699999556702,2024-06-26 09:15:00,2025-06-26 09:15:00,365 days 00:00:00,100000.0,100000.0,0.0,-5.677658,100.0,0.0,0.0,,0,0,0,0.0,,,,,,,,,,,,,
RGL,Success,0.008457099999759521,0.00023439999949914636,0.0005530999997063191,4.0800000533636194e-05,0.011001599999872269,2007-12-12 09:15:00,2025-06-26 09:15:00,6406 days 00:00:00,100000.0,78703.853401,-21.296147,266.646475,100.0,640.82601,49.732104,2688 days 00:00:00,8,8,0,0.0,25.0,35.037542,-13.34488,27.655881,-11.126153,77 days 12:00:00,74 days 20:00:00,0.639057,-2662.018325,-0.029484,-0.027856,0.982991,-0.015072
RHFL,Success,0.005692100000487699,0.00032169999940379057,0.0008338999996340135,8.059999981924193e-05,0.00882129999990866,2017-09-22 09:15:00,2025-06-26 09:15:00,2834 days 00:00:00,100000.0,87040.883152,-12.959117,-94.113806,100.0,489.992193,27.994344,1483 days 00:00:00,5,5,0,0.0,20.0,39.368023,-14.253473,39.368023,-10.804037,64 days 00:00:00,14 days 00:00:00,0.723751,-2591.82337,-0.113751,-0.065189,0.925741,-0.06067
RHIM,Success,0.008018599999559228,0.0002175999998144107,0.000478300000395393,5.790000068373047e-05,0.010532100000091305,2012-03-15 09:15:00,2025-06-26 09:15:00,4851 days 00:00:00,100000.0,116008.112607,16.008113,1766.796875,100.0,623.129574,26.786977,948 days 00:00:00,6,6,0,0.0,33.333333,37.900806,-11.79237,34.447668,-10.218401,211 days 12:00:00,35 days 00:00:00,1.361632,2668.018768,0.154358,0.04282,1.091666,0.078758
RHL,Success,0.002299499999935506,0.00033340000027237693,0.0006765999996787286,4.859999990003416e-05,0.004861800000071526,2023-04-25 09:15:00,2025-06-26 09:15:00,793 days 00:00:00,100000.0,93919.261715,-6.080738,179.507767,100.0,93.922704,6.080738,793 days 00:00:00,1,1,0,0.0,0.0,-5.89823,-5.89823,0.0,-5.89823,0 days 00:00:00,5 days 00:00:00,0.0,-6080.738285,-0.845419,-0.473614,0.0,-0.089808
RICOAUTO,Success,0.009909000000334345,0.0002643999996507773,0.0005129000001034001,7.209999967017211e-05,0.012684100000114995,1999-01-05 09:15:00,2025-06-26 09:15:00,9669 days 00:00:00,100000.0,221736.735537,121.736736,2067.428571,100.0,3143.135091,39.692146,3545 days 00:00:00,16,16,0,0.0,37.5,44.075974,-17.816108,38.226627,-10.454493,32 days 20:00:00,36 days 14:24:00,1.515211,7608.545971,0.291848,0.082932,1.23814,0.164911
RIIL,Success,0.01015220000044792,0.0002548000002207118,0.000478099999781989,4.309999985707691e-05,0.013087600000289967,1999-01-01 09:15:00,2025-06-26 09:15:00,9673 days 00:00:00,100000.0,76274.982082,-23.725018,3166.216216,100.0,1699.867886,67.120054,6380 days 00:00:00,17,17,0,0.0,29.411765,29.871882,-16.386323,23.944264,-10.286035,29 days 04:48:00,41 days 20:00:00,0.822729,-1395.589289,-0.02246,-0.015509,0.984142,-0.010646
RISHABH,Success,0.002245000000584696,0.00015160000020841835,0.00039900000047055073,2.769999991869554e-05,0.003809499999988475,2023-09-11 09:15:00,2025-06-26 09:15:00,654 days 00:00:00,100000.0,100000.0,0.0,-35.868215,100.0,0.0,0.0,,0,0,0,0.0,,,,,,,,,,,,,
RITCO,Success,0.0024455000002490124,0.00015900000016699778,0.00048130000050150556,2.9599999834317714e-05,0.004454599999917264,2022-04-12 09:15:00,2025-06-26 09:15:00,1171 days 00:00:00,100000.0,85344.384425,-14.655616,134.947368,100.0,85.371841,17.866158,990 days 00:00:00,1,1,0,0.0,0.0,-14.493266,-14.493266,0.0,-14.493266,0 days 00:00:00,34 days 00:00:00,0.0,-14655.615575,-0.881545,-0.273886,0.429467,-0.262427
RITES,Success,0.0040428000002066256,0.00016289999985019676,0.00045959999988554046,3.670000023703324e-05,0.0062786999997115345,2018-07-02 09:15:00,2025-06-26 09:15:00,2551 days 00:00:00,100000.0,51707.900242,-48.2921,226.945617,100.0,417.514436,53.362144,2416 days 00:00:00,6,6,0,0.0,0.0,-7.254965,-15.28035,0.0,-10.205033,0 days 00:00:00,66 days 12:00:00,0.0,-8048.683293,-0.453288,-0.171664,0.813843,-0.282846
RKDL,Success,0.005083400000330585,0.00028950000069016824,0.0005149999997229315,3.97000003431458e-05,0.007670799999687006,2010-12-27 09:15:00,2025-06-26 09:15:00,5295 days 00:00:00,100000.0,57482.30796,-42.517692,-61.661463,100.0,879.558207,73.024702,2982 days 00:00:00,9,9,0,0.0,11.111111,70.783346,-21.316658,70.783346,-12.374147,75 days 00:00:00,57 days 06:00:00,0.62359,-4724.188004,-0.091344,-0.053699,0.94852,-0.061449
RKEC,Success,0.004087500000423461,0.0002040999997916515,0.0004782999994858983,3.66000003850786e-05,0.006486799999947834,2018-04-11 09:15:00,2025-06-26 09:15:00,2633 days 00:00:00,100000.0,217818.833914,117.818834,-41.340909,100.0,599.878262,32.032108,129 days 00:00:00,4,4,0,0.0,75.0,42.388009,-11.985553,35.804083,-11.985553,70 days 08:00:00,1 days 00:00:00,10.695074,29454.708478,0.735429,0.409959,1.525585,0.497264
RKFORGE,Success,0.008396299999731127,0.00021860000015294645,0.00047730000005685724,3.840000044874614e-05,0.011062699999456527,2004-05-05 09:15:00,2025-06-26 09:15:00,7722 days 00:00:00,100000.0,438295.460155,338.29546,8782.506759,100.0,3879.689146,38.564077,1692 days 00:00:00,16,16,0,0.0,50.0,54.229732,-13.988509,36.141681,-11.028012,86 days 18:00:00,22 days 00:00:00,2.650596,21143.46626,0.49536,0.2029,1.292892,0.314996
RKSWAMY,Success,0.002106400000229769,0.00014250000003812602,0.00044299999990471406,2.789999962260481e-05,0.0036305000003267196,2024-03-12 09:15:00,2025-06-26 09:15:00,471 days 00:00:00,100000.0,100000.0,0.0,-26.789797,100.0,0.0,0.0,,0,0,0,0.0,,,,,,,,,,,,,
RML,Success,0.0080193000003419,0.00021599999945465242,0.00048119999974005623,3.66000003850786e-05,0.010438199999953213,2005-08-30 09:15:00,2025-06-26 09:15:00,7240 days 00:00:00,100000.0,198347.4478,98.347448,713.35842,100.0,2260.252834,30.487514,2590 days 00:00:00,14,14,0,0.0,42.857143,47.518011,-15.529815,31.56066,-10.843124,53 days 16:00:00,32 days 18:00:00,1.678627,7024.8177,0.346696,0.120461,1.272981,0.166705
ROHLTD,Success,0.008676699999341508,0.00021949999973003287,0.0006023999994795304,4.309999985707691e-05,0.011552199999641743,2006-02-06 09:15:00,2025-06-26 09:15:00,7080 days 00:00:00,100000.0,187393.517688,87.393518,66.681079,100.0,1969.876348,31.215207,1515 days 00:00:00,12,12,0,0.0,41.666667,44.01916,-18.623949,34.283781,-10.910676,127 days 14:23:59,14 days 20:34:17,1.642085,7282.793141,0.304038,0.107617,1.183122,0.146924
ROLEXRINGS,Success,0.002542300000641262,0.000156799999786017,0.0005196000001888024,3.66000003850786e-05,0.004971700000169221,2021-08-09 09:15:00,2025-06-26 09:15:00,1417 days 00:00:00,100000.0,101492.88085,1.492881,34.301628,100.0,329.195843,20.552,272 days 00:00:00,3,3,0,0.0,33.333333,20.284361,-8.944605,20.284361,-7.758154,66 days 00:00:00,50 days 00:00:00,1.08231,497.62695,0.093369,0.018885,1.049174,0.051482
ROLLT,Success,0.0043384999999034335,0.00017469999966124306,0.0006652000001849956,4.460000036488054e-05,0.006731199999194359,2016-11-22 09:15:00,2025-06-26 09:15:00,3138 days 00:00:00,100000.0,88917.12923,-11.082871,-88.4,100.0,89.000318,11.082871,3138 days 00:00:00,1,1,0,0.0,0.0,-10.905504,-10.905504,0.0,-10.905504,0 days 00:00:00,18 days 00:00:00,0.0,-11082.87077,-0.509024,-0.125228,0.27515,-0.06056
ROML,Success,0.002762099999927159,0.0001700000002529123,0.00043710000045393826,2.679999943211442e-05,0.004804899999726331,2020-10-07 09:15:00,2025-06-26 09:15:00,1723 days 00:00:00,100000.0,122100.801654,22.100802,2045.42575,100.0,210.197028,33.924252,1574 days 00:00:00,2,2,0,0.0,50.0,39.076893,-11.858926,39.076893,-11.858926,254 days 00:00:00,33 days 00:00:00,2.837707,11050.400827,0.337794,0.130681,1.157897,0.26273
ROSSARI,Success,0.002768100000139384,0.000156799999786017,0.0004234000007272698,2.9400000130408444e-05,0.0049060999999710475,2020-07-23 09:15:00,2025-06-26 09:15:00,1799 days 00:00:00,100000.0,86580.523279,-13.419477,-8.481092,100.0,176.644977,13.419477,1799 days 00:00:00,2,2,0,0.0,0.0,-5.468159,-8.181766,0.0,-6.824963,0 days 00:00:00,35 days 12:00:00,0.0,-6709.738361,-0.534251,-0.21765,0.617027,-0.143661
ROSSELLIND,Success,0.0081054000002041,0.0001985000008062343,0.0004569000002447865,3.840000044874614e-05,0.010723000000325555,2012-09-25 09:15:00,2025-06-26 09:15:00,4657 days 00:00:00,100000.0,131042.561371,31.042561,733.161372,100.0,1116.484116,38.615456,2037 days 00:00:00,10,10,0,0.0,30.0,51.739656,-14.555418,47.312264,-11.676605,52 days 00:00:00,38 days 13:42:51,1.327152,3104.256137,0.206233,0.058111,1.135727,0.136573
ROSSTECH,Success,0.0018711000002440414,0.00014210000063030748,0.0003942000003007706,2.6200000320386607e-05,0.003418000000237953,2024-12-09 09:15:00,2025-06-26 09:15:00,199 days 00:00:00,100000.0,100000.0,0.0,-25.058768,100.0,0.0,0.0,,0,0,0,0.0,,,,,,,,,,,,,
ROTO,Success,0.0027399000000514206,0.00023570000030304072,0.0007292999998753658,3.0899999728717376e-05,0.005337800000233983,2022-04-21 09:15:00,2025-06-26 09:15:00,1162 days 00:00:00,100000.0,108143.500364,8.1435,154.981135,100.0,324.209997,17.808886,135 days 00:00:00,3,3,0,0.0,33.333333,32.428497,-12.018268,32.428497,-9.319067,18 days 00:00:00,60 days 12:00:00,1.373911,2714.500121,0.246102,0.141813,1.133848,0.148541
ROUTE,Success,0.0026738999995359336,0.00015889999940554844,0.000496299999213079,2.919999951700447e-05,0.0049932000001717824,2020-09-21 09:15:00,2025-06-26 09:15:00,1739 days 00:00:00,100000.0,150910.486094,50.910486,52.610167,100.0,400.325696,16.499898,173 days 00:00:00,3,3,0,0.0,66.666667,33.076431,-9.601493,29.795666,-9.601493,216 days 00:00:00,30 days 00:00:00,4.970626,16970.162031,0.586069,0.55526,1.300099,0.569633
RPEL,Success,0.0018562999994173879,0.00013919999946665484,0.00043089999962830916,2.3600000531587284e-05,0.0038402999998652376,2024-08-08 09:15:00,2025-06-26 09:15:00,322 days 00:00:00,100000.0,88907.906138,-11.092094,43.057891,100.0,88.573385,16.655111,175 days 00:00:00,1,1,0,0.0,0.0,-10.961324,-10.961324,0.0,-10.961324,0 days 00:00:00,27 days 00:00:00,0.0,-11092.093862,-0.794935,-0.756499,0.655829,-0.34945
RPGLIFE,Success,0.0090740999994523,0.00021749999996245606,0.0004844999994020327,3.719999949680641e-05,0.01170430000001943,2008-06-10 09:15:00,2025-06-26 09:15:00,6225 days 00:00:00,100000.0,82676.684568,-17.323315,5308.017576,100.0,1356.580094,54.121679,2884 days 00:00:00,16,16,0,0.0,25.0,42.241295,-16.099706,34.450219,-10.491806,65 days 00:00:00,22 days 20:00:00,0.850367,-1082.707214,-0.002413,-0.021155,0.998516,-0.001321
RPOWER,Success,0.008391599999413302,0.00021469999956025276,0.00045479999971576035,3.840000044874614e-05,0.011174799999935203,2008-02-11 09:15:00,2025-06-26 09:15:00,6345 days 00:00:00,100000.0,44462.010694,-55.537989,-71.37792,100.0,747.027626,58.950993,3997 days 00:00:00,10,10,0,0.0,10.0,18.02583,-14.305373,18.02583,-10.037021,9 days 00:00:00,25 days 18:40:00,0.225514,-5553.798931,-0.556633,-0.078873,0.621152,-0.154752
RPPINFRA,Success,0.00796139999965817,0.00022850000004837057,0.0004636999992726487,3.7799999518028926e-05,0.010301600000275357,2010-12-06 09:15:00,2025-06-26 09:15:00,5316 days 00:00:00,100000.0,184383.16151,84.383162,165.541765,100.0,1447.289122,25.983949,2838 days 00:00:00,8,8,0,0.0,37.5,48.649494,-13.595418,46.532319,-9.811003,78 days 08:00:00,7 days 04:48:00,1.863501,10547.895189,0.380174,0.168506,1.363663,0.235672
RPPL,Success,0.004063700000187964,0.00018249999993713573,0.0004605000003721216,3.3399999665562063e-05,0.006194100000357139,2018-10-09 09:15:00,2025-06-26 09:15:00,2452 days 00:00:00,100000.0,65822.950305,-34.17705,49.176196,100.0,148.4131,37.381721,1239 days 00:00:00,2,2,0,0.0,0.0,-17.359573,-20.03886,0.0,-18.699217,0 days 00:00:00,160 days 00:00:00,0.0,-17088.524847,-0.3443,-0.197927,0.859449,-0.241723
RPSGVENT,Success,0.0038681000005453825,0.0002500000000509317,0.0004374999998617568,3.80000001314329e-05,0.006087599999773374,2019-01-25 09:15:00,2025-06-26 09:15:00,2344 days 00:00:00,100000.0,172865.54392,72.865544,76.813134,100.0,726.223171,17.405987,399 days 00:00:00,5,5,0,0.0,60.0,39.590252,-11.633606,29.677779,-10.165024,39 days 00:00:00,20 days 12:00:00,3.545389,14573.108784,0.701245,0.520641,1.702862,0.386688
RPTECH,Success,0.001902199999676668,0.00017070000012608944,0.0004009000003861729,2.4500000108673703e-05,0.0033605999997234903,2024-02-14 09:15:00,2025-06-26 09:15:00,498 days 00:00:00,100000.0,100000.0,0.0,-6.034215,100.0,0.0,0.0,,0,0,0,0.0,,,,,,,,,,,,,
RRKABEL,Success,0.0023432000007233,0.00014830000054644188,0.00048489999971934594,2.499999936844688e-05,0.004373700000542158,2023-09-20 09:15:00,2025-06-26 09:15:00,645 days 00:00:00,100000.0,81962.173321,-18.037827,12.257418,100.0,173.376258,20.351266,352 days 00:00:00,2,2,0,0.0,0.0,-6.993354,-11.660273,0.0,-9.326814,0 days 00:00:00,75 days 00:00:00,0.0,-9018.913339,-0.730332,-0.53021,0.75642,-0.525361
RSSOFTWARE,Success,0.009849299999586947,0.00025879999975586543,0.0004908999999315711,4.600000011123484e-05,0.012597399999322079,1999-05-19 09:15:00,2025-06-26 09:15:00,9535 days 00:00:00,100000.0,82223.351054,-17.776649,2.826906,100.0,1798.537895,54.071962,5116 days 00:00:00,15,15,0,0.0,26.666667,54.5045,-17.992961,40.80566,-12.899141,61 days 00:00:00,17 days 06:32:43,0.902538,-1185.10993,-0.012856,-0.014425,0.989639,-0.004817
RSWM,Success,0.008444500000223343,0.0002212999997937004,0.0004785999999512569,3.719999949680641e-05,0.010855200000150944,2006-09-01 09:15:00,2025-06-26 09:15:00,6873 days 00:00:00,100000.0,181277.209494,81.277209,139.049596,100.0,2442.588327,30.170175,3955 days 00:00:00,12,12,0,0.0,41.666667,35.479438,-10.553999,29.345023,-8.996138,61 days 14:24:00,30 days 20:34:17,1.569578,6773.100791,0.347071,0.10943,1.244498,0.165957
RSYSTEMS,Success,0.008780799999840383,0.00024959999973361846,0.0005719000000681262,3.860000015265541e-05,0.01126730000032694,2006-04-26 09:15:00,2025-06-26 09:15:00,7001 days 00:00:00,100000.0,212304.943035,112.304943,1732.565665,100.0,706.300537,28.904496,1350 days 00:00:00,6,6,0,0.0,50.0,61.582779,-13.661021,44.201388,-10.104765,204 days 00:00:00,43 days 08:00:00,4.843164,18717.490506,0.324892,0.14177,1.227857,0.187707
RTNINDIA,Success,0.006944399999156303,0.000215099999877566,0.00047059999997145496,3.790000027947826e-05,0.009789900000214402,2012-07-31 09:15:00,2025-06-26 09:15:00,4713 days 00:00:00,100000.0,69368.569149,-30.631431,1275.909091,100.0,975.465774,51.086995,4556 days 00:00:00,9,9,0,0.0,22.222222,42.106049,-15.229545,36.19774,-12.839267,78 days 00:00:00,35 days 03:25:42,0.704215,-3403.492317,-0.173002,-0.056197,0.902336,-0.089935
RTNPOWER,Success,0.008276000000478234,0.00030789999982516747,0.00048160000005736947,3.899999956047395e-05,0.010719199999584816,2009-10-30 09:15:00,2025-06-26 09:15:00,5718 days 00:00:00,100000.0,20643.227993,-79.356772,-63.089005,100.0,495.939295,79.356772,5718 days 00:00:00,11,11,0,0.0,0.0,-10.147972,-17.727167,0.0,-13.169605,0 days 00:00:00,35 days 10:54:32,0.0,-7214.252001,-0.805532,-0.122916,0.585468,-0.332319
RUBFILA,Success,0.0019608000002335757,0.00013870000020688167,0.00044100000013713725,2.6699999580159783e-05,0.0035240000006524497,2024-08-08 09:15:00,2025-06-26 09:15:00,322 days 00:00:00,100000.0,100000.0,0.0,-12.146214,100.0,0.0,0.0,,0,0,0,0.0,,,,,,,,,,,,,
RUBYMILLS,Success,0.008822900000268419,0.0002220999995188322,0.00048429999969812343,4.0499999158782884e-05,0.011491500000374799,2001-01-29 09:15:00,2025-06-26 09:15:00,8914 days 00:00:00,100000.0,177402.807786,77.402808,1245.885714,100.0,1761.718453,41.304671,3492 days 00:00:00,13,13,0,0.0,38.461538,51.280191,-18.432578,40.476743,-12.739659,125 days 00:00:00,28 days 15:00:00,1.524138,5954.062137,0.251563,0.070811,1.149828,0.173866
RUCHINFRA,Success,0.008651299999655748,0.00022760000047128415,0.0005882000004930887,5.330000021785963e-05,0.011443499999586493,1999-01-11 09:15:00,2025-06-26 09:15:00,9663 days 00:00:00,100000.0,36833.035507,-63.166964,95.414013,100.0,420.566779,65.567964,9663 days 00:00:00,8,7,1,-2960.664793,0.0,-5.860386,-17.575182,0.0,-12.092629,0 days 00:00:00,9 days 17:08:34,0.0,-8600.899957,-0.808209,-0.073132,0.273484,-0.174953
RUCHIRA,Success,0.008109900000818016,0.00025069999992410885,0.0005032999997638399,3.870000000461005e-05,0.010541300000113552,2006-12-20 09:15:00,2025-06-26 09:15:00,6763 days 00:00:00,100000.0,619522.543922,519.522544,627.202662,100.0,3487.583221,32.690489,203 days 00:00:00,8,8,0,0.0,75.0,71.118664,-11.06124,41.746588,-9.83118,172 days 04:00:00,81 days 12:00:00,5.705057,64940.31799,0.607576,0.351879,1.285525,0.398679
RUPA,Success,0.007852400000047055,0.00021219999962340808,0.0004867000006925082,4.710000030172523e-05,0.010528699999667879,2011-12-07 09:15:00,2025-06-26 09:15:00,4950 days 00:00:00,100000.0,55818.994976,-44.181005,47.821048,100.0,728.68739,46.954684,4774 days 00:00:00,10,10,0,0.0,10.0,29.739542,-10.473406,29.739542,-8.752272,51 days 00:00:00,20 days 13:20:00,0.30211,-4418.100502,-0.518924,-0.095083,0.651556,-0.172355
RUSHIL,Success,0.007726700000603159,0.00028639999982260633,0.0005043000001023756,3.879999985656468e-05,0.010296499999640218,2011-07-07 09:15:00,2025-06-26 09:15:00,5103 days 00:00:00,100000.0,124244.138862,24.244139,212.152761,100.0,931.080099,36.90375,2058 days 00:00:00,10,10,0,0.0,40.0,42.274562,-20.415656,33.670645,-14.068257,76 days 12:00:00,28 days 16:00:00,1.292293,2424.413886,0.176792,0.043271,1.117493,0.089826
RUSTOMJEE,Success,0.0023419000008289004,0.00015830000029382063,0.0005413999997472274,3.6500000533123966e-05,0.004458700000213867,2022-11-24 09:15:00,2025-06-26 09:15:00,945 days 00:00:00,100000.0,80657.234688,-19.342765,2.603937,100.0,171.000305,26.843469,491 days 00:00:00,2,2,0,0.0,0.0,-9.290081,-10.766613,0.0,-10.028347,0 days 00:00:00,128 days 12:00:00,0.0,-9671.382656,-0.464482,-0.300986,0.859866,-0.38422
RVHL,Success,0.0027053000003434136,0.0001537000007374445,0.00046469999961118447,2.989999939018162e-05,0.004910700000436918,2020-12-18 09:15:00,2025-06-26 09:15:00,1651 days 00:00:00,100000.0,92452.744219,-7.547256,69.983085,100.0,462.009543,33.413174,990 days 00:00:00,4,4,0,0.0,25.0,39.125042,-13.986996,39.125042,-12.493218,12 days 00:00:00,18 days 08:00:00,0.837318,-1886.813945,-0.08028,-0.052332,0.938728,-0.056099
RVNL,Success,0.003869299999678333,0.00017550000029586954,0.00044269999943935545,2.8200000087963417e-05,0.006255399999645306,2019-04-11 09:15:00,2025-06-26 09:15:00,2268 days 00:00:00,100000.0,109372.383362,9.372383,1997.375438,100.0,311.601838,13.498008,1705 days 00:00:00,4,3,1,3365.192799,33.333333,29.228349,-10.08869,29.228349,-9.149396,73 days 00:00:00,6 days 00:00:00,1.300783,2002.396854,0.228913,0.109551,1.230661,0.061302
RVTH,Success,0.0019302000000607222,0.00013630000012199162,0.000378400000045076,2.7799999770650174e-05,0.0039095000001907465,2024-09-11 09:15:00,2025-06-26 09:15:00,288 days 00:00:00,100000.0,100000.0,0.0,-68.437074,100.0,0.0,0.0,,0,0,0,0.0,,,,,,,,,,,,,
S&SPOWER,Success,0.0026495000001887092,0.0002689000002646935,0.00045559999944089213,3.0700000024808105e-05,0.0050638999991861056,2020-03-30 09:15:00,2025-06-26 09:15:00,1914 days 00:00:00,100000.0,181096.440771,81.096441,2625.572519,100.0,1179.471978,30.151828,185 days 00:00:00,6,6,0,0.0,50.0,45.903393,-11.73188,33.31417,-7.90569,20 days 16:00:00,38 days 08:00:00,2.547867,13516.073462,0.798462,0.477768,1.426268,0.515017
SABEVENTS,Success,0.004247100000611681,0.0001781999999366235,0.0004743999998026993,3.060000017285347e-05,0.006386500000189699,2016-09-15 09:15:00,2025-06-26 09:15:00,3206 days 00:00:00,100000.0,75788.832687,-24.211167,-93.465553,100.0,247.46759,27.675718,1802 days 00:00:00,3,3,0,0.0,0.0,-5.482869,-11.620709,0.0,-8.609818,0 days 00:00:00,11 days 00:00:00,0.0,-8070.389104,-0.58679,-0.134614,0.468034,-0.123742
SABTNL,Success,0.001919600000292121,0.00013670000043930486,0.0004243000003043562,2.2899999748915434e-05,0.003376900000148453,2024-04-02 09:15:00,2025-06-26 09:15:00,450 days 00:00:00,100000.0,100000.0,0.0,1918.822218,100.0,0.0,0.0,,0,0,0,0.0,,,,,,,,,,,,,
SADBHAV,Success,0.008911900000384776,0.0002455000003465102,0.00046549999933631625,3.980000019510044e-05,0.011481900000035239,2006-03-01 09:15:00,2025-06-26 09:15:00,7057 days 00:00:00,100000.0,40599.488694,-59.400511,-58.82319,100.0,573.803806,71.364827,6967 days 00:00:00,11,11,0,0.0,9.090909,38.604817,-17.543883,38.604817,-11.327685,21 days 00:00:00,46 days 16:48:00,0.159174,-5400.046482,-0.450757,-0.065126,0.731225,-0.18
SADBHIN,Success,0.004461099999389262,0.00018050000016955892,0.00044470000011642696,3.279999964433955e-05,0.006774999999834108,2015-09-16 09:15:00,2025-06-26 09:15:00,3571 days 00:00:00,100000.0,56558.149269,-43.441851,-95.178908,100.0,285.146153,46.375369,2689 days 00:00:00,4,4,0,0.0,0.0,-6.117129,-17.841484,0.0,-12.988746,0 days 00:00:00,38 days 00:00:00,0.0,-10860.462683,-0.66958,-0.124343,0.571108,-0.182766
SADHNANIQ,Success,0.0023252999999385793,0.00024619999931019265,0.00045760000011796365,3.97000003431458e-05,0.004684200000156125,2023-05-05 09:15:00,2025-06-26 09:15:00,783 days 00:00:00,100000.0,100000.0,0.0,-88.154862,100.0,0.0,0.0,,0,0,0,0.0,,,,,,,,,,,,,
SAFARI,Success,0.004958299999998417,0.00018089999957737746,0.00045310000041354215,3.6100000215810724e-05,0.007467399999768531,2019-09-12 09:15:00,2025-06-26 09:15:00,2114 days 00:00:00,100000.0,106121.003486,6.121003,659.504955,100.0,345.451582,18.403768,261 days 00:00:00,4,3,1,-380.932664,33.333333,26.170514,-8.948037,26.170514,-7.87874,104 days 00:00:00,19 days 12:00:00,1.335433,2167.31205,0.150795,0.056906,1.104249,0.083967
SAGARDEEP,Success,0.00435990000005404,0.00017249999928026227,0.0004518999994616024,3.370000013092067e-05,0.006730799999786541,2019-01-25 09:15:00,2025-06-26 09:15:00,2344 days 00:00:00,100000.0,90757.910552,-9.242089,-49.088465,100.0,90.836323,22.543208,1766 days 00:00:00,1,1,0,0.0,0.0,-9.061543,-9.061543,0.0,-9.061543,0 days 00:00:00,14 days 00:00:00,0.0,-9242.089448,-0.260542,-0.068642,0.647787,-7.604784
SAGCEM,Success,0.008207700000639306,0.00021670000023732428,0.0004621999996743398,4.0300000364368316e-05,0.010613299999931769,2007-01-29 09:15:00,2025-06-26 09:15:00,6723 days 00:00:00,100000.0,41133.449976,-58.86655,659.60792,100.0,531.831429,69.907409,5810 days 00:00:00,10,9,1,2845.00099,0.0,-4.956296,-12.797242,0.0,-9.921537,0 days 00:00:00,47 days 21:19:59,0.0,-6856.839002,-0.39708,-0.070181,0.773886,-0.154365
SAGILITY,Success,0.0020039000000906526,0.00014449999980570283,0.00044630000047618523,2.6499999876250513e-05,0.003946100000575825,2024-11-12 09:15:00,2025-06-26 09:15:00,226 days 00:00:00,100000.0,88703.758877,-11.296241,42.291951,100.0,88.761158,11.296241,226 days 00:00:00,1,1,0,0.0,0.0,-11.122207,-11.122207,0.0,-11.122207,0 days 00:00:00,39 days 00:00:00,0.0,-11296.241123,-1.263364,-1.57671,0.639021,-0.960837
SAH,Success,0.0025964999995267135,0.00017070000012608944,0.0006393000003299676,3.6299999919719994e-05,0.005028199999287608,2023-01-12 09:15:00,2025-06-26 09:15:00,896 days 00:00:00,100000.0,88067.337567,-11.932662,31.742297,100.0,88.03072,11.932662,896 days 00:00:00,1,1,0,0.0,0.0,-11.771274,-11.771274,0.0,-11.771274,0 days 00:00:00,4 days 00:00:00,0.0,-11932.662433,-0.795397,-0.429943,0.0,-0.093088
SAHYADRI,Success,0.0022831000005680835,0.00015669999993406236,0.0004965999996784376,2.7400000362831634e-05,0.004329600000346545,2023-04-06 09:15:00,2025-06-26 09:15:00,812 days 00:00:00,100000.0,118109.383565,18.109384,-12.764777,100.0,246.992865,11.0604,331 days 00:00:00,2,2,0,0.0,50.0,29.239814,-8.192213,29.239814,-8.192213,62 days 00:00:00,20 days 00:00:00,2.677397,9054.691783,0.562818,0.713765,1.43398,0.482729
SAIL,Success,0.01040519999969547,0.00026679999973566737,0.00045709999994869577,4.3199999709031545e-05,0.01308459999927436,1996-01-01 09:15:00,2025-06-26 09:15:00,10769 days 00:00:00,100000.0,333742.719162,233.742719,399.514019,100.0,4817.88745,36.614545,1241 days 00:00:00,22,22,0,0.0,40.909091,81.602089,-20.792916,37.557018,-11.19722,48 days 16:00:00,24 days 01:50:46,1.751666,10624.669053,0.333397,0.115588,1.271829,0.170969
SAILIFE,Success,0.0021084999998493004,0.00014739999915036606,0.00043400000049587106,3.0299999707494862e-05,0.004088499999852502,2024-12-18 09:15:00,2025-06-26 09:15:00,190 days 00:00:00,100000.0,110517.456628,10.517457,-2.059766,100.0,0.0,11.75757,72 days 00:00:00,1,0,1,10517.456628,,,,,,,,,,0.762128,1.8194,1.257045,1.146485
SAKAR,Success,0.003898200000548968,0.00017019999995682156,0.0004399999997986015,3.169999945384916e-05,0.006846600000244507,2019-04-11 09:15:00,2025-06-26 09:15:00,2268 days 00:00:00,100000.0,221530.878965,121.530879,503.960416,100.0,1099.806548,25.083162,329 days 00:00:00,6,6,0,0.0,66.666667,46.792765,-17.656488,32.236369,-13.84312,41 days 18:00:00,72 days 00:00:00,3.371775,20255.146494,0.737596,0.556489,1.459429,0.585736
SAKHTISUG,Success,0.009904499999720429,0.00026949999937642133,0.00047840000024734763,4.369999987829942e-05,0.012654699999984587,1994-12-22 09:15:00,2025-06-26 09:15:00,11144 days 00:00:00,100000.0,174796.039505,74.79604,-74.561224,100.0,2461.125681,73.94689,5649 days 00:00:00,17,16,1,1266.013428,37.5,73.783298,-23.587277,44.950692,-14.674815,59 days 20:00:00,25 days 09:35:59,1.296255,4595.62663,0.198341,0.026221,1.155079,0.088387
SAKSOFT,Success,0.00944690000051196,0.0002328000000488828,0.00048379999952885555,4.069999977218686e-05,0.012073599999894213,2005-05-09 09:15:00,2025-06-26 09:15:00,7353 days 00:00:00,100000.0,77704.259176,-22.295741,2417.237103,100.0,897.857987,58.789214,7353 days 00:00:00,14,14,0,0.0,28.571429,48.14151,-20.745147,36.638567,-13.599114,109 days 06:00:00,58 days 09:36:00,0.775551,-1592.552916,0.021851,-0.023457,1.010404,0.015118
SAKUMA,Success,0.008310700000038196,0.00023659999988012714,0.0005188999994061305,4.189999981463188e-05,0.0110171000005721,2006-03-08 09:15:00,2025-06-26 09:15:00,7050 days 00:00:00,100000.0,80262.803545,-19.737196,221.825438,100.0,518.185016,63.425043,4692 days 00:00:00,8,8,0,0.0,25.0,39.983337,-17.718457,37.272722,-12.959921,80 days 00:00:00,43 days 08:00:00,0.655049,-2467.149557,-0.013381,-0.018399,0.990196,-0.005515
SALASAR,Success,0.0045083999993948964,0.00021209999977145344,0.0004643000002033659,4.2499999835854396e-05,0.006819799999902898,2017-07-25 09:15:00,2025-06-26 09:15:00,2893 days 00:00:00,100000.0,83099.049771,-16.90095,196.0,100.0,667.133215,42.376808,1648 days 00:00:00,8,8,0,0.0,25.0,35.522886,-14.503633,32.76125,-11.514846,50 days 12:00:00,20 days 20:00:00,0.731705,-2112.618779,-0.079273,-0.055424,0.948539,-0.034654
SALONA,Success,0.004357200000413286,0.0001984999998967396,0.0005650000002788147,0.00017579999985173345,0.007018900000730355,2016-06-16 09:15:00,2025-06-26 09:15:00,3297 days 00:00:00,100000.0,80376.687198,-19.623313,739.700997,100.0,168.218092,31.11535,962 days 00:00:00,2,2,0,0.0,0.0,-8.520114,-11.822325,0.0,-10.17122,0 days 00:00:00,52 days 12:00:00,0.0,-9811.656401,-0.200409,-0.079526,0.831233,-0.056834
SALSTEEL,Success,0.008222899999964284,0.00022790000002714805,0.0004735000002256129,3.790000027947826e-05,0.010670800000298186,2004-11-24 09:15:00,2025-06-26 09:15:00,7519 days 00:00:00,100000.0,56168.477349,-43.831523,-12.020456,100.0,1101.511584,56.276648,2946 days 00:00:00,14,14,0,0.0,21.428571,59.203254,-19.703858,43.825549,-13.718725,40 days 08:00:00,25 days 06:32:43,0.670057,-3130.823046,-0.186202,-0.05253,0.885239,-0.087922
SALZERELEC,Success,0.0055126999995991355,0.00031939999917085515,0.0005522999999811873,3.960000049119117e-05,0.008039499999540567,2015-12-02 09:15:00,2025-06-26 09:15:00,3494 days 00:00:00,100000.0,174305.378649,74.305379,277.641447,100.0,1304.314819,27.241899,404 days 00:00:00,8,8,0,0.0,50.0,35.796661,-15.04891,31.901599,-12.459171,43 days 12:00:00,29 days 12:00:00,1.846903,9288.172331,0.453934,0.223506,1.321557,0.286329
SAMBHAAV,Success,0.007362199999988661,0.00022049999915907392,0.0004970999998477055,4.86999997519888e-05,0.01043409999965661,2005-10-18 09:15:00,2025-06-26 09:15:00,7191 days 00:00:00,100000.0,136637.87012,36.63787,163.333333,100.0,760.979844,41.159513,5459 days 00:00:00,7,7,0,0.0,42.857143,45.932105,-18.239526,37.836919,-14.588555,109 days 16:00:00,60 days 06:00:00,1.552033,5233.981446,0.199623,0.049503,1.116566,0.109035
SAMHI,Success,0.0024260999998659827,0.00017079999997804407,0.0004453999999896041,4.400000034365803e-05,0.004132200000640296,2023-09-22 09:15:00,2025-06-26 09:15:00,643 days 00:00:00,100000.0,100000.0,0.0,54.762912,100.0,0.0,0.0,,0,0,0,0.0,,,,,,,,,,,,,
SAMMAANCAP,Success,0.006687999999485328,0.00019810000048892107,0.0004595000000335858,3.220000053261174e-05,0.008943599999838625,2013-07-23 09:15:00,2025-06-26 09:15:00,4356 days 00:00:00,100000.0,70974.185747,-29.025814,-44.361663,100.0,870.591658,49.124828,3172 days 00:00:00,8,8,0,0.0,25.0,26.114627,-18.830578,21.085884,-11.025937,48 days 12:00:00,30 days 12:00:00,0.605375,-3628.226782,-0.205838,-0.058833,0.873412,-0.074683
SAMPANN,Success,0.0022140000000945292,0.00015129999974305974,0.00042269999994459795,2.750000021478627e-05,0.004209599999740021,2023-08-23 09:15:00,2025-06-26 09:15:00,673 days 00:00:00,100000.0,87365.324864,-12.634675,67.142867,100.0,87.447217,19.217858,321 days 00:00:00,1,1,0,0.0,0.0,-12.460473,-12.460473,0.0,-12.460473,0 days 00:00:00,42 days 00:00:00,0.0,-12634.675136,-0.639373,-0.372697,0.684547,-0.303179
SANATHAN,Success,0.001803900000595604,0.00013889999991079094,0.0003896999996868544,2.6699999580159783e-05,0.0032442000001537963,2024-12-27 09:15:00,2025-06-26 09:15:00,181 days 00:00:00,100000.0,100000.0,0.0,15.115231,100.0,0.0,0.0,,0,0,0,0.0,,,,,,,,,,,,,
SANDESH,Success,0.009251700000277197,0.00025999999979831045,0.00046800000018265564,0.0001247000000148546,0.012314399999922898,1999-01-01 09:15:00,2025-06-26 09:15:00,9673 days 00:00:00,100000.0,535829.383858,435.829384,2210.578935,100.0,5943.073676,32.431286,1239 days 00:00:00,17,17,0,0.0,52.941176,53.366831,-13.482522,33.53198,-10.190864,117 days 13:20:00,21 days 12:00:00,2.471556,25637.02258,0.48088,0.218928,1.277365,0.3667
SANDHAR,Success,0.004568600000311562,0.00023590000000695,0.0005244000003585825,3.689999994094251e-05,0.007015500000306929,2018-04-02 09:15:00,2025-06-26 09:15:00,2642 days 00:00:00,100000.0,110547.784579,10.547785,69.486269,100.0,281.356134,22.086491,2307 days 00:00:00,3,3,0,0.0,33.333333,35.12058,-10.73591,35.12058,-9.235637,140 days 00:00:00,14 days 12:00:00,1.588016,3515.928193,0.18967,0.064227,1.126679,0.087009
SANDUMA,Success,0.00230089999968186,0.00014769999961572466,0.0004270000008546049,2.750000021478627e-05,0.004450399999768706,2023-09-07 09:15:00,2025-06-26 09:15:00,658 days 00:00:00,100000.0,76440.972644,-23.559027,81.672611,100.0,160.92366,28.764896,485 days 00:00:00,3,2,1,-65.804314,0.0,-9.294742,-15.349615,0.0,-12.322178,0 days 00:00:00,29 days 00:00:00,0.0,-11746.611521,-1.073136,-0.488592,0.620176,-0.596258
SANGAMIND,Success,0.009526699999696575,0.00023690000034548575,0.00046689999999216525,4.11000000895001e-05,0.012173899999652349,1996-07-25 09:15:00,2025-06-26 09:15:00,10563 days 00:00:00,100000.0,335628.593217,235.628593,4562.639641,100.0,5140.103313,45.458637,3159 days 00:00:00,19,19,0,0.0,42.105263,51.904089,-14.613568,37.918049,-11.147127,75 days 18:00:00,45 days 08:43:38,1.662818,12401.504906,0.381672,0.112893,1.229401,0.226306
SANGHIIND,Success,0.00905360000069777,0.00024510000002919696,0.000524799999766401,4.340000032243552e-05,0.011702499999955762,1995-08-24 09:15:00,2025-06-26 09:15:00,10899 days 00:00:00,100000.0,147230.507809,47.230508,-0.890057,100.0,994.295858,54.063645,4074 days 00:00:00,11,10,1,5154.543913,40.0,43.259561,-22.468303,37.797307,-13.928031,79 days 18:00:00,172 days 04:00:00,1.481994,4207.59639,0.191701,0.034927,1.08324,0.151744
SANGHVIMOV,Success,0.008262700000159384,0.00022710000030201627,0.0005679000005329726,5.4600000112259295e-05,0.010925399999905494,2007-01-24 09:15:00,2025-06-26 09:15:00,6728 days 00:00:00,100000.0,67406.716154,-32.593284,224.808761,100.0,1192.671421,43.481577,1266 days 00:00:00,14,14,0,0.0,21.428571,35.649001,-20.833507,35.411951,-10.880561,89 days 00:00:00,27 days 04:21:49,0.70477,-2328.091703,-0.079011,-0.049695,0.954536,-0.039275
SANGINITA,Success,0.004138500000408385,0.00016940000023168977,0.000489699999889126,3.9399999877787195e-05,0.006499799999801326,2019-07-15 09:15:00,2025-06-26 09:15:00,2173 days 00:00:00,100000.0,91596.237397,-8.403763,-86.041694,100.0,91.566234,9.236723,1947 days 00:00:00,1,1,0,0.0,0.0,-8.230636,-8.230636,0.0,-8.230636,0 days 00:00:00,4 days 00:00:00,0.0,-8403.762603,-0.525342,-0.161043,0.096768,-0.365253
SANOFI,Success,0.008742399999391637,0.0002537000000302214,0.0005732999998144805,4.039999930682825e-05,0.011310399999274523,2006-11-02 09:15:00,2025-06-26 09:15:00,6811 days 00:00:00,100000.0,164089.213773,64.089214,575.173879,100.0,953.798501,15.814888,238 days 00:00:00,8,7,1,7442.34725,57.142857,33.550373,-6.575764,17.734695,-5.822631,127 days 12:00:00,19 days 08:00:00,3.39455,8092.409503,0.395165,0.173631,1.277513,0.230352
SANOFICONR,Success,0.0020927999994455604,0.0001415999995515449,0.00039540000034321565,2.8000000384054147e-05,0.003688999999212683,2024-09-13 09:15:00,2025-06-26 09:15:00,286 days 00:00:00,100000.0,100000.0,0.0,2.212705,100.0,0.0,0.0,,0,0,0,0.0,,,,,,,,,,,,,
SANSERA,Success,0.002545999999711057,0.00015459999940503621,0.00043230000028415816,3.0899999728717376e-05,0.004573100000015984,2021-09-24 09:15:00,2025-06-26 09:15:00,1371 days 00:00:00,100000.0,139917.050403,39.91705,67.735632,100.0,415.196201,9.227453,232 days 00:00:00,3,3,0,0.0,66.666667,25.538778,-7.656277,23.545838,-7.656277,13 days 12:00:00,20 days 00:00:00,4.377672,13305.683468,1.17557,1.030283,2.898097,0.726605
SANSTAR,Success,0.002089999999952852,0.00015079999957379187,0.00040860000081011094,2.8700000257231295e-05,0.004179699999440345,2024-07-26 09:15:00,2025-06-26 09:15:00,335 days 00:00:00,100000.0,88882.828256,-11.117172,-18.658208,100.0,88.932242,11.117172,335 days 00:00:00,1,1,0,0.0,0.0,-10.943632,-10.943632,0.0,-10.943632,0 days 00:00:00,35 days 00:00:00,0.0,-11117.171744,-1.560581,-1.094077,0.468369,-1.059489
SAPPHIRE,Success,0.0025260000002162997,0.0001899999997476698,0.0004278999995221966,2.5100000129896216e-05,0.004651600000215694,2021-11-18 09:15:00,2025-06-26 09:15:00,1316 days 00:00:00,100000.0,68788.428478,-31.211572,35.36379,100.0,317.202081,34.974261,1154 days 00:00:00,4,4,0,0.0,0.0,-7.363025,-10.024129,0.0,-8.757024,0 days 00:00:00,34 days 06:00:00,0.0,-7802.892881,-1.007461,-0.285879,0.603999,-0.487078
SARDAEN,Success,0.007932700000310433,0.00021700000070268288,0.0005765000005339971,4.910000006930204e-05,0.011395100000299863,2009-12-03 09:15:00,2025-06-26 09:15:00,5684 days 00:00:00,100000.0,880164.94351,780.164944,2459.804633,100.0,5168.025573,45.144559,1131 days 00:00:00,16,16,0,0.0,62.5,51.992609,-20.622036,35.268578,-12.180397,85 days 19:11:59,47 days 00:00:00,5.77061,48760.308969,0.806868,0.338797,1.367241,0.721446
SAREGAMA,Success,0.009493300000031013,0.00023739999960525893,0.0004933999998684158,3.930000002583256e-05,0.012004999999589927,2001-08-20 09:15:00,2025-06-26 09:15:00,8711 days 00:00:00,100000.0,81710.066291,-18.289934,5969.664479,100.0,1312.775792,62.988878,7042 days 00:00:00,13,13,0,0.0,23.076923,57.103137,-18.590213,39.935236,-11.000481,45 days 00:00:00,38 days 12:00:00,0.851583,-1406.917978,0.00503,-0.014191,1.003375,0.002599
SARLAPOLY,Success,0.009090200000173354,0.00021909999941271963,0.0005885000000489526,3.999999989900971e-05,0.011787399999775516,2007-01-19 09:15:00,2025-06-26 09:15:00,6733 days 00:00:00,100000.0,237375.352615,137.375353,822.725418,100.0,1451.32566,37.429132,3239 days 00:00:00,10,10,0,0.0,50.0,49.316577,-20.119355,39.459753,-14.124257,74 days 19:11:59,37 days 09:35:59,2.427171,13737.535261,0.369363,0.144673,1.250999,0.183306
SARVESHWAR,Success,0.003997699999672477,0.000198199999431381,0.0004999000002499088,3.4499999856052455e-05,0.0066442999996070284,2018-03-15 09:15:00,2025-06-26 09:15:00,2660 days 00:00:00,100000.0,65792.216511,-34.207783,202.766987,100.0,591.111207,47.950726,2207 days 00:00:00,7,7,0,0.0,14.285714,34.973821,-14.623023,34.973821,-11.043052,84 days 00:00:00,30 days 16:00:00,0.442193,-4886.826213,-0.227331,-0.1304,0.892476,-0.13015
SASKEN,Success,0.008850299999721756,0.00022219999937078683,0.0006358999999065418,4.180000087217195e-05,0.011505700000270735,2005-09-09 09:15:00,2025-06-26 09:15:00,7230 days 00:00:00,100000.0,183579.938596,83.579939,210.396033,100.0,2416.633356,35.690991,3798 days 00:00:00,16,16,0,0.0,43.75,34.796359,-12.145425,25.922978,-10.199474,61 days 10:17:08,49 days 21:20:00,1.575188,5223.746162,0.286973,0.089101,1.180702,0.189178
SASTASUNDR,Success,0.007803199999216304,0.0002578000003268244,0.000503999999637017,4.73000000056345e-05,0.0102816000007806,2010-10-05 09:15:00,2025-06-26 09:15:00,5378 days 00:00:00,100000.0,63958.127754,-36.041872,178.597285,100.0,1382.818308,62.056771,3732 days 00:00:00,14,14,0,0.0,21.428571,40.418961,-20.89156,36.632991,-11.508898,74 days 00:00:00,24 days 19:38:10,0.736103,-2574.419446,-0.130588,-0.049177,0.926302,-0.062932
SATIA,Success,0.002888800000619085,0.00023950000013428507,0.0005120999994687736,4.020000051241368e-05,0.005332700000508339,2019-07-17 09:15:00,2025-06-26 09:15:00,2171 days 00:00:00,100000.0,82928.098679,-17.071901,20.961487,100.0,335.803377,37.783724,915 days 00:00:00,4,4,0,0.0,25.0,36.692417,-17.613628,36.692417,-15.096079,40 days 00:00:00,341 days 08:00:00,0.605985,-4267.97533,0.033217,-0.083361,1.008686,0.033326
SATIN,Success,0.004674799999520474,0.0001868999997896026,0.0004650000000765431,3.5399999433138873e-05,0.007159600000704813,2015-08-25 09:15:00,2025-06-26 09:15:00,3593 days 00:00:00,100000.0,59871.217605,-40.128782,1605.71411,100.0,597.553193,62.105625,3433 days 00:00:00,10,10,0,0.0,20.0,37.027148,-17.608039,36.063554,-12.882369,110 days 00:00:00,61 days 00:00:00,0.45466,-4012.878239,-0.151905,-0.083418,0.940057,-0.10696
SAURASHCEM,Success,0.0021198000004005735,0.00014479999936156673,0.0004067999998369487,2.9200000426499173e-05,0.0037507999995796126,2024-02-27 09:15:00,2025-06-26 09:15:00,485 days 00:00:00,100000.0,100000.0,0.0,-25.29236,100.0,0.0,0.0,,0,0,0,0.0,,,,,,,,,,,,,
SBC,Success,0.0023901000004116213,0.00014970000029279618,0.00042020000000775326,0.00013480000052368268,0.004812099999981001,2021-11-23 09:15:00,2025-06-26 09:15:00,1311 days 00:00:00,100000.0,80290.986977,-19.709013,607.18302,100.0,364.921171,30.321149,497 days 00:00:00,4,4,0,0.0,25.0,25.116021,-16.481166,25.116021,-13.481962,27 days 00:00:00,18 days 00:00:00,0.521615,-4927.253256,-0.420558,-0.198099,0.76331,-0.23454
SBCL,Success,0.00272190000032424,0.00021850000030099181,0.0005994999992253724,3.999999989900971e-05,0.00511720000031346,2021-06-24 09:15:00,2025-06-26 09:15:00,1463 days 00:00:00,100000.0,85037.621478,-14.962379,555.814609,100.0,85.08891,38.200372,1170 days 00:00:00,1,1,0,0.0,0.0,-14.797202,-14.797202,0.0,-14.797202,0 days 00:00:00,72 days 00:00:00,0.0,-14962.378522,-0.230054,-0.10528,0.82167,-0.068262
SBFC,Success,0.002549699999690347,0.00016039999991335208,0.00042070000017702114,3.580000065994682e-05,0.004626500000085798,2023-08-16 09:15:00,2025-06-26 09:15:00,680 days 00:00:00,100000.0,117170.001659,17.170002,13.058572,100.0,123.766547,7.838853,68 days 00:00:00,2,1,1,-6490.614105,100.0,23.912414,23.912414,23.912414,0.0,137 days 00:00:00,0 days 00:00:00,inf,23660.615764,0.597326,1.149045,1.344652,0.666744
SBGLP,Success,0.002544800000578107,0.00017389999993611127,0.00046440000005532056,3.3799999982875306e-05,0.0046818000000712345,2023-02-10 09:15:00,2025-06-26 09:15:00,867 days 00:00:00,100000.0,127028.512984,27.028513,100.0,100.0,268.491431,16.181677,311 days 00:00:00,2,2,0,0.0,50.0,41.569003,-9.914127,41.569003,-9.914127,24 days 00:00:00,57 days 00:00:00,2.896289,13514.256492,0.697201,0.667253,1.583504,0.58434
SBICARD,Success,0.0031023000001368928,0.0001677999998719315,0.0004320999996707542,3.2899999496294186e-05,0.005282600000100501,2020-03-16 09:15:00,2025-06-26 09:15:00,1928 days 00:00:00,100000.0,115691.921529,15.691922,43.131783,100.0,550.332287,20.088429,1347 days 00:00:00,5,5,0,0.0,40.0,22.088495,-7.662841,20.216667,-6.796858,64 days 12:00:00,26 days 16:00:00,1.662828,3138.384306,0.322651,0.141337,1.179154,0.164733
SBILIFE,Success,0.00424010000006092,0.00018010000076174038,0.0004619000001184759,3.199999991920777e-05,0.006559099999321916,2017-10-03 09:15:00,2025-06-26 09:15:00,2823 days 00:00:00,100000.0,103176.103587,3.176104,162.992018,100.0,611.415758,19.38218,1256 days 00:00:00,6,6,0,0.0,33.333333,16.23209,-5.921218,14.038237,-5.352445,100 days 12:00:00,64 days 06:00:00,1.137524,529.350598,0.091001,0.021261,1.036881,0.065726
SBIN,Success,0.009921700000631972,0.0002536000001782668,0.00047249999988707714,4.1900000724126585e-05,0.012602400000105263,1999-01-01 09:15:00,2025-06-26 09:15:00,9673 days 00:00:00,100000.0,141482.242493,41.482242,5179.763552,100.0,3508.398287,22.670052,2522 days 00:00:00,27,27,0,0.0,33.333333,29.074387,-11.741249,19.341028,-6.321832,56 days 18:40:00,17 days 01:20:00,1.26973,1536.379352,0.204433,0.059158,1.122525,0.094872
SCHAEFFLER,Success,0.010447899999235233,0.00026700000034907134,0.000881400000253052,5.62999994144775e-05,0.014087900000049558,1996-01-02 09:15:00,2025-06-26 09:15:00,10768 days 00:00:00,100000.0,105657.081561,5.657082,27690.0,100.0,1897.760912,47.859654,4997 days 00:00:00,15,14,1,157.737321,28.571429,37.737088,-10.91557,24.953567,-7.71021,48 days 12:00:00,39 days 01:30:00,1.049237,392.810303,0.063092,0.004023,1.048124,0.026409
SCHAND,Success,0.004290500000024622,0.000178799999957846,0.00046320000001287553,3.749999996216502e-05,0.006492100000286882,2017-05-09 09:15:00,2025-06-26 09:15:00,2970 days 00:00:00,100000.0,111287.927899,11.287928,-64.661243,100.0,434.095759,34.466114,1429 days 00:00:00,5,5,0,0.0,40.0,29.120157,-13.227513,27.147266,-11.380241,40 days 12:00:00,11 days 08:00:00,1.366152,2257.58558,0.169302,0.039029,1.192772,0.084007
SCHNEIDER,Success,0.007408999999825028,0.00036559999989549397,0.0004895000001852168,3.8099999983387534e-05,0.009994299999561918,2012-03-23 09:15:00,2025-06-26 09:15:00,4843 days 00:00:00,100000.0,50402.563336,-49.597437,1064.218182,100.0,342.642864,52.239432,3655 days 00:00:00,5,5,0,0.0,0.0,-10.072775,-16.517904,0.0,-12.606155,0 days 00:00:00,58 days 19:11:59,0.0,-9919.487333,-0.445975,-0.098215,0.727692,-0.194023
SCI,Success,0.009812799999963318,0.0002610000001368462,0.000505199999679462,4.549999994196696e-05,0.012869700000010198,1999-01-01 09:15:00,2025-06-26 09:15:00,9673 days 00:00:00,100000.0,141433.12041,41.43312,1862.355667,100.0,1927.22698,37.099816,2888 days 00:00:00,18,18,0,0.0,38.888889,36.903591,-13.685862,25.857916,-10.474848,66 days 10:17:08,42 days 10:54:32,1.318067,2301.840023,0.168455,0.036234,1.099468,0.093234
SCILAL,Success,0.0021655999998984043,0.00014650000048277434,0.00041229999987990595,2.6900000193563756e-05,0.00382030000037048,2024-03-19 09:15:00,2025-06-26 09:15:00,464 days 00:00:00,100000.0,100000.0,0.0,21.981976,100.0,0.0,0.0,,0,0,0,0.0,,,,,,,,,,,,,
SCPL,Success,0.002302800000506977,0.0001574000007167342,0.0004196999998384854,2.990000029967632e-05,0.003819600000497303,2022-11-22 09:15:00,2025-06-26 09:15:00,947 days 00:00:00,100000.0,100000.0,0.0,-52.488377,100.0,0.0,0.0,,0,0,0,0.0,,,,,,,,,,,,,
SDBL,Success,0.0065217000001212,0.00021519999972952064,0.0005901000004087109,3.4499999856052455e-05,0.009065600000212726,2014-04-01 09:15:00,2025-06-26 09:15:00,4104 days 00:00:00,100000.0,176166.11014,76.16611,253.103742,100.0,306.643147,15.87049,28 days 00:00:00,2,2,0,0.0,100.0,35.58023,30.464013,33.022122,0.0,78 days 12:00:00,0 days 00:00:00,inf,38083.05507,0.610834,0.332242,1.712062,0.266962
SEAMECLTD,Success,0.009404499999618565,0.00025919999916368397,0.00048520000018470455,4.020000051241368e-05,0.012211900000693277,2001-08-24 09:15:00,2025-06-26 09:15:00,8707 days 00:00:00,100000.0,52722.036845,-47.277963,2846.25,100.0,1303.288707,64.044352,3922 days 00:00:00,14,14,0,0.0,14.285714,46.447809,-13.701779,44.951334,-10.672798,34 days 00:00:00,32 days 02:00:00,0.635809,-3376.997368,-0.178661,-0.042706,0.869387,-0.08281
SECMARK,Success,0.0020936999999321415,0.0001430000002073939,0.00040100000023812754,2.700000004551839e-05,0.0035432000004220754,2023-10-16 09:15:00,2025-06-26 09:15:00,619 days 00:00:00,100000.0,100000.0,0.0,59.78757,100.0,0.0,0.0,,0,0,0,0.0,,,,,,,,,,,,,
SECURKLOUD,Success,0.004938799999763432,0.00019069999962084694,0.00047339999946416356,3.569999989849748e-05,0.00718830000005255,2014-01-29 09:15:00,2025-06-26 09:15:00,4166 days 00:00:00,100000.0,222819.223859,122.819224,-30.382512,100.0,973.305594,17.961983,24 days 00:00:00,5,5,0,0.0,60.0,50.938045,-17.246998,43.779213,-12.779842,92 days 16:00:00,15 days 00:00:00,3.056532,24563.844772,0.525066,0.443349,1.407063,0.341047
SEJALLTD,Success,0.0030626999996457016,0.000164700000823359,0.0004318000001148903,3.3399999665562063e-05,0.00521519999983866,2021-12-13 09:15:00,2025-06-26 09:15:00,1291 days 00:00:00,100000.0,90680.100033,-9.3199,3511.721612,100.0,355.377921,27.070181,809 days 00:00:00,4,4,0,0.0,25.0,30.029713,-12.652877,30.029713,-11.069194,98 days 00:00:00,41 days 16:00:00,0.711389,-2329.974992,-0.119787,-0.109281,0.950582,-0.075933
SELAN,Success,0.009506400000645954,0.00022119999994174577,0.0004998999993404141,5.890000011277152e-05,0.01203189999978349,2006-09-26 09:15:00,2025-06-26 09:15:00,6848 days 00:00:00,100000.0,161866.295488,61.866295,816.868646,100.0,1564.62005,19.335955,2784 days 00:00:00,11,11,0,0.0,36.363636,42.103299,-10.544481,34.202235,-9.077173,46 days 00:00:00,17 days 06:51:25,1.646077,5624.208681,0.285772,0.139244,1.286606,0.136248
SELMC,Success,0.0026612999999997555,0.0001578999999765074,0.0004397999991851975,2.7099999897473026e-05,0.004203500000585336,2021-10-28 09:15:00,2025-06-26 09:15:00,1337 days 00:00:00,100000.0,100000.0,0.0,597.171717,100.0,0.0,0.0,,0,0,0,0.0,,,,,,,,,,,,,
SEMAC,Success,0.009186199999930977,0.00022480000006908085,0.00045700000009674113,3.949999972974183e-05,0.01155309999921883,2005-08-11 09:15:00,2025-06-26 09:15:00,7259 days 00:00:00,100000.0,30308.126288,-69.691874,-11.156983,100.0,561.874952,72.323279,7022 days 00:00:00,10,10,0,0.0,0.0,-7.237513,-15.54632,0.0,-11.109214,0 days 00:00:00,31 days 16:48:00,0.0,-6969.187371,-0.594779,-0.086135,0.610832,-0.168558
SENCO,Success,0.002171699999962584,0.00014789999931963393,0.00039789999937056564,2.530000074330019e-05,0.00418210000043473,2023-07-14 09:15:00,2025-06-26 09:15:00,713 days 00:00:00,100000.0,156089.804962,56.089805,73.772518,100.0,280.245882,5.230297,14 days 00:00:00,2,2,0,0.0,100.0,25.545741,25.003407,25.274574,0.0,40 days 00:00:00,0 days 00:00:00,inf,28044.902481,1.90349,4.976833,2.758113,1.642601
SENORES,Success,0.0021345000004657777,0.00028589999965333845,0.0005969000003460678,3.110000034212135e-05,0.003976099999817961,2024-12-30 09:15:00,2025-06-26 09:15:00,178 days 00:00:00,100000.0,100000.0,0.0,2.863298,100.0,0.0,0.0,,0,0,0,0.0,,,,,,,,,,,,,
SEPC,Success,0.008679699999447621,0.0002199000000473461,0.0004948000005242648,3.999999989900971e-05,0.011331400000017311,2008-02-20 09:15:00,2025-06-26 09:15:00,6336 days 00:00:00,100000.0,44479.613348,-55.520387,-94.656266,100.0,794.187101,70.76543,4585 days 00:00:00,11,11,0,0.0,18.181818,43.154052,-18.387045,35.666522,-14.327005,67 days 00:00:00,40 days 18:40:00,0.466865,-5047.307877,-0.228343,-0.065793,0.860643,-0.124019
SEQUENT,Success,0.004769000000123924,0.00018679999993764795,0.00046890000066923676,3.409999953873921e-05,0.0070887000001675915,2016-03-10 09:15:00,2025-06-26 09:15:00,3395 days 00:00:00,100000.0,73092.28693,-26.907713,14.048119,100.0,414.559025,32.184298,1023 days 00:00:00,5,5,0,0.0,20.0,28.32319,-14.284325,28.32319,-12.91186,62 days 00:00:00,48 days 12:00:00,0.439501,-5381.542614,-0.218909,-0.104851,0.878934,-0.097072
SERVOTECH,Success,0.0027875000005224138,0.0001615999999557971,0.0005548999997699866,3.369999922142597e-05,0.005132899999807705,2017-08-24 09:15:00,2025-06-26 09:15:00,2863 days 00:00:00,100000.0,92720.069514,-7.27993,4532.967033,100.0,400.898688,24.537058,355 days 00:00:00,4,4,0,0.0,25.0,41.772958,-15.736345,41.772958,-12.947482,46 days 00:00:00,36 days 16:00:00,0.827362,-1819.982622,-0.019784,-0.057394,0.988484,-0.008379
SESHAPAPER,Success,0.009743699999489763,0.00025160000041068997,0.00048549999974056846,4.179999996267725e-05,0.012434599999323837,1999-01-01 09:15:00,2025-06-26 09:15:00,9673 days 00:00:00,100000.0,627070.37105,527.070371,6693.722278,100.0,11185.238361,40.457989,2861 days 00:00:00,24,24,0,0.0,50.0,56.539295,-19.869513,31.61077,-10.716629,68 days 06:00:00,37 days 04:00:00,1.789632,21961.26546,0.517943,0.187079,1.303164,0.373972
SETCO,Success,0.00524290000066685,0.0002190000004702597,0.0005273000006127404,4.129999979340937e-05,0.007692099999985658,2016-07-01 09:15:00,2025-06-26 09:15:00,3282 days 00:00:00,100000.0,63780.387738,-36.219612,-63.679525,100.0,520.135428,43.541125,2906 days 00:00:00,7,7,0,0.0,14.285714,16.868213,-14.987014,16.868213,-9.306934,26 days 00:00:00,29 days 16:00:00,0.233549,-5174.230323,-0.43632,-0.114052,0.76677,-0.209379
SFL,Success,0.005108299999847077,0.0001961999996638042,0.0004699000000982778,3.7400000110210385e-05,0.007369599999947241,2016-12-09 09:15:00,2025-06-26 09:15:00,3121 days 00:00:00,100000.0,85208.946616,-14.791053,44.263566,100.0,640.689879,29.926266,1171 days 00:00:00,7,7,0,0.0,28.571429,19.811916,-11.200635,17.348781,-8.907103,52 days 12:00:00,40 days 09:35:59,0.665673,-2113.007626,-0.151622,-0.063036,0.923469,-0.082514
SGIL,Success,0.0025930000001608278,0.00015530000018770806,0.00045280000085767824,2.6400000024295878e-05,0.00473859999965498,2021-07-28 09:15:00,2025-06-26 09:15:00,1429 days 00:00:00,100000.0,83571.021164,-16.428979,207.00052,100.0,83.495863,16.428979,1429 days 00:00:00,1,1,0,0.0,0.0,-16.287828,-16.287828,0.0,-16.287828,0 days 00:00:00,7 days 00:00:00,0.0,-16428.978836,-0.935987,-0.276732,0.054667,-0.260568
SGL,Success,0.007800100000167731,0.0002571000004536472,0.0004891999997198582,4.0299999454873614e-05,0.010331999999834807,2006-04-10 09:15:00,2025-06-26 09:15:00,7017 days 00:00:00,100000.0,47369.976485,-52.630024,-80.617808,100.0,530.118487,69.494402,5782 days 00:00:00,9,9,0,0.0,11.111111,50.685327,-18.548882,50.685327,-13.203619,126 days 00:00:00,22 days 21:00:00,0.255493,-5847.780391,-0.289111,-0.065957,0.808953,-0.111403
SGLTL,Success,0.0018651000000318163,0.00014540000029228395,0.00042639999992388766,2.4100000700855162e-05,0.0034650000006877235,2025-01-13 09:15:00,2025-06-26 09:15:00,164 days 00:00:00,100000.0,100000.0,0.0,4.354483,100.0,0.0,0.0,,0,0,0,0.0,,,,,,,,,,,,,
SHAH,Success,0.002062600000499515,0.00014340000052470714,0.0005011000002923538,2.6100000468431972e-05,0.0040600000002086745,2023-07-03 09:15:00,2025-06-26 09:15:00,724 days 00:00:00,100000.0,90596.256411,-9.403744,29.354839,100.0,90.685901,9.403744,724 days 00:00:00,1,1,0,0.0,0.0,-9.222468,-9.222468,0.0,-9.222468,0 days 00:00:00,25 days 00:00:00,0.0,-9403.743589,-1.038697,-0.522454,0.438527,-0.412778
SHAHALLOYS,Success,0.009481699999923876,0.00025600000026315683,0.000536399999873538,3.80000001314329e-05,0.01212020000002667,2005-06-16 09:15:00,2025-06-26 09:15:00,7315 days 00:00:00,100000.0,220743.253821,120.743254,-21.275773,100.0,984.363806,25.49534,1266 days 00:00:00,5,5,0,0.0,60.0,48.63744,-13.397442,42.041628,-11.703955,92 days 16:00:00,58 days 00:00:00,3.292104,24148.650764,0.359338,0.178813,1.283304,0.165146
SHAILY,Success,0.002568099999734841,0.00016109999978652922,0.0004538000002867193,3.4499999856052455e-05,0.004913400000077672,2022-04-04 09:15:00,2025-06-26 09:15:00,1179 days 00:00:00,100000.0,133777.145975,33.777146,310.601932,100.0,133.815471,18.531386,31 days 00:00:00,1,1,0,0.0,100.0,34.077317,34.077317,34.077317,0.0,57 days 00:00:00,0 days 00:00:00,inf,33777.145975,0.905562,0.516685,1.824071,0.441663
SHAKTIPUMP,Success,0.008245500000157335,0.00023590000000695,0.00047699999959149864,3.5799999750452116e-05,0.010836100000233273,2011-10-25 09:15:00,2025-06-26 09:15:00,4993 days 00:00:00,100000.0,86527.788674,-13.472211,13536.614331,100.0,501.354018,43.878577,4993 days 00:00:00,7,7,0,0.0,28.571429,26.622069,-14.902247,24.570647,-10.70554,45 days 00:00:00,21 days 19:12:00,0.692966,-1924.601618,-0.083848,-0.024484,0.928864,-0.023572
SHALBY,Success,0.0041105999998762854,0.00018989999989571515,0.0004478999999264488,3.1299999136535916e-05,0.006242800000109128,2017-12-15 09:15:00,2025-06-26 09:15:00,2750 days 00:00:00,100000.0,103854.016678,3.854017,-23.647749,100.0,307.041869,27.688849,1975 days 00:00:00,3,3,0,0.0,33.333333,32.728349,-12.444779,32.728349,-11.265028,14 days 00:00:00,47 days 12:00:00,1.157407,1284.672226,0.101702,0.018511,1.100866,0.032775
SHALPAINTS,Success,0.008130199999868637,0.0002077999997709412,0.00047539999923174037,3.7400000110210385e-05,0.010782499999550055,2008-03-03 09:15:00,2025-06-26 09:15:00,6324 days 00:00:00,100000.0,125307.81926,25.307819,99.868226,100.0,1074.810771,41.002733,4231 days 00:00:00,11,11,0,0.0,36.363636,39.751171,-16.224321,32.246182,-11.550951,126 days 00:00:00,34 days 03:25:42,1.31032,2300.710842,0.165818,0.034298,1.086695,0.107372
SHANKARA,Success,0.004270800000085728,0.00017719999959808774,0.0004580999993777368,3.3399999665562063e-05,0.006527700000333425,2017-04-05 09:15:00,2025-06-26 09:15:00,3004 days 00:00:00,100000.0,114106.596155,14.106596,57.97296,100.0,380.048877,22.449385,1326 days 00:00:00,3,3,0,0.0,33.333333,40.418743,-9.566977,40.418743,-9.554977,119 days 00:00:00,25 days 12:00:00,1.544918,4702.198718,0.184171,0.073245,1.161891,0.091252
SHANTI,Success,0.0025780000005397596,0.00015160000020841835,0.0004196999998384854,2.8499999643827323e-05,0.00456060000033176,2021-09-16 09:15:00,2025-06-26 09:15:00,1379 days 00:00:00,100000.0,116200.907163,16.200907,-24.56621,100.0,201.208144,18.423475,1040 days 00:00:00,2,2,0,0.0,50.0,37.268237,-15.008857,37.268237,-15.008857,16 days 00:00:00,19 days 00:00:00,2.067479,8100.453582,0.519717,0.22343,1.598393,0.172391
SHANTIGEAR,Success,0.010267800000292482,0.0002674999996088445,0.0006779999994250829,5.559999954130035e-05,0.013291099999150902,1999-01-01 09:15:00,2025-06-26 09:15:00,9673 days 00:00:00,100000.0,227335.719642,127.33572,18393.457944,100.0,3270.974583,42.374369,5977 days 00:00:00,21,21,0,0.0,38.095238,45.859959,-14.344241,30.78372,-9.287816,46 days 03:00:00,43 days 20:18:27,1.652982,6063.605697,0.290129,0.076611,1.185784,0.15583
SHARDACROP,Success,0.005157399999916379,0.0002066000006379909,0.00045279999994818354,3.639999977167463e-05,0.007423800000651681,2014-09-23 09:15:00,2025-06-26 09:15:00,3929 days 00:00:00,100000.0,126294.208839,26.294209,234.552934,100.0,868.552773,34.441996,2211 days 00:00:00,8,8,0,0.0,37.5,37.324511,-13.233944,28.639645,-9.527077,127 days 00:00:00,97 days 04:48:00,1.478979,3286.776105,0.213616,0.064927,1.086573,0.162625
SHARDAMOTR,Success,0.007049999999253487,0.00018369999997958075,0.000478300000395393,3.35000004270114e-05,0.009595999999874039,2015-09-03 09:15:00,2025-06-26 09:15:00,3584 days 00:00:00,100000.0,108461.780213,8.46178,1125.143732,100.0,1031.249769,25.657734,1542 days 00:00:00,9,9,0,0.0,33.333333,32.901863,-11.68041,26.744726,-9.676435,8 days 00:00:00,34 days 04:00:00,1.118877,940.197801,0.127613,0.03312,1.09741,0.070346
SHAREINDIA,Success,0.002848499999345222,0.00023880000026110793,0.0005546000002141227,3.6500000533123966e-05,0.005264900000838679,2020-09-21 09:15:00,2025-06-26 09:15:00,1739 days 00:00:00,100000.0,143723.045393,43.723045,736.37131,100.0,603.474123,17.611079,1165 days 00:00:00,4,4,0,0.0,50.0,35.236589,-10.389348,32.407669,-9.04917,32 days 00:00:00,23 days 00:00:00,2.423203,10930.761348,0.696744,0.456126,1.694354,0.404608
SHEKHAWATI,Success,0.003980099999353115,0.00025910000022122404,0.0004921000008835108,4.400000034365803e-05,0.005761599999459577,2015-12-09 09:15:00,2025-06-26 09:15:00,3487 days 00:00:00,100000.0,100000.0,0.0,-2.083337,100.0,0.0,0.0,,0,0,0,0.0,,,,,,,,,,,,,
SHEMAROO,Success,0.004926099999465805,0.00018290000025444897,0.00045169999975769315,3.1799999305803794e-05,0.007119799999600218,2014-10-01 09:15:00,2025-06-26 09:15:00,3921 days 00:00:00,100000.0,118538.61884,18.538619,-28.280702,100.0,824.773301,27.985595,1526 days 00:00:00,6,6,0,0.0,33.333333,41.012045,-19.741445,38.519878,-10.911287,108 days 12:00:00,22 days 00:00:00,1.282891,3089.769807,0.180694,0.05817,1.137398,0.093068
SHILPAMED,Success,0.008584999999584397,0.00021359999936976237,0.0005970000001980225,5.690000034519471e-05,0.011529999999766005,2009-12-03 09:15:00,2025-06-26 09:15:00,5684 days 00:00:00,100000.0,57559.889837,-42.44011,1223.07821,100.0,1307.851257,58.851995,3739 days 00:00:00,14,14,0,0.0,21.428571,28.712558,-12.793127,24.598266,-10.196838,45 days 00:00:00,59 days 00:00:00,0.616457,-3031.43644,-0.163526,-0.06038,0.927227,-0.10038
SHIVALIK,Success,0.0026791999998749816,0.00016560000040044542,0.00043569999979808927,2.9799999538226984e-05,0.004788399999597459,2021-12-09 09:15:00,2025-06-26 09:15:00,1295 days 00:00:00,100000.0,122433.007802,22.433008,-42.98356,100.0,122.113941,6.577725,28 days 00:00:00,1,1,0,0.0,100.0,22.777727,22.777727,22.777727,0.0,84 days 00:00:00,0 days 00:00:00,inf,22433.007802,0.715514,0.906104,1.617449,0.375795
SHIVAMAUTO,Success,0.008721000000150525,0.0002223999999841908,0.0004757000006065937,4.0300000364368316e-05,0.01150699999925564,2006-11-21 09:15:00,2025-06-26 09:15:00,6792 days 00:00:00,100000.0,315859.210091,215.85921,32.318048,100.0,2580.056314,33.958979,2712 days 00:00:00,10,10,0,0.0,50.0,65.282171,-12.687359,41.932347,-10.497069,95 days 00:00:00,17 days 14:24:00,2.446532,21585.921009,0.488976,0.198683,1.354214,0.284241
SHIVAMILLS,Success,0.004241000000547501,0.0001750999999785563,0.0004754999999931897,3.259999994043028e-05,0.006381600000167964,2018-02-26 09:15:00,2025-06-26 09:15:00,2677 days 00:00:00,100000.0,73311.186287,-26.688814,-17.094912,100.0,157.197291,37.645806,423 days 00:00:00,2,2,0,0.0,0.0,-12.37655,-16.014086,0.0,-14.195318,0 days 00:00:00,59 days 12:00:00,0.0,-13344.406856,-0.167061,-0.112068,0.845142,-0.069911
SHIVATEX,Success,0.0043230000001130975,0.00017329999991488876,0.0007810999995854218,3.4899999263870995e-05,0.00676729999941017,2017-12-26 09:15:00,2025-06-26 09:15:00,2739 days 00:00:00,100000.0,143355.956858,43.355957,-55.106732,100.0,143.42694,4.611474,9 days 00:00:00,1,1,0,0.0,100.0,43.67445,43.67445,43.67445,0.0,28 days 00:00:00,0 days 00:00:00,inf,43355.956858,0.575027,1.086778,5.432596,0.277664
SHK,Success,0.004127600000174425,0.00023580000015499536,0.000467900000330701,3.370000013092067e-05,0.0065844999999171705,2015-11-16 09:15:00,2025-06-26 09:15:00,3510 days 00:00:00,100000.0,156037.215219,56.037215,13.085234,100.0,654.487194,27.489914,944 days 00:00:00,5,5,0,0.0,40.0,41.016926,-8.786034,40.95874,-7.423013,167 days 00:00:00,36 days 16:00:00,2.884567,11207.443044,0.392701,0.175471,1.229015,0.253386
SHOPERSTOP,Success,0.008887299999514653,0.00023129999954107916,0.0005578000000241445,4.3900000491703395e-05,0.011449700000412122,2005-05-23 09:15:00,2025-06-26 09:15:00,7339 days 00:00:00,100000.0,124994.586744,24.994587,186.380953,100.0,1359.466223,30.716184,1246 days 00:00:00,12,12,0,0.0,33.333333,32.888004,-10.171785,25.414113,-7.847302,66 days 06:00:00,47 days 09:00:00,1.332218,2082.882229,0.157563,0.037097,1.103052,0.076762
SHRADHA,Success,0.0026670000006561168,0.00015440000061062165,0.00043959999948128825,2.5899999855028e-05,0.004708999999820662,2020-10-22 09:15:00,2025-06-26 09:15:00,1708 days 00:00:00,100000.0,109733.495276,9.733495,898.289474,100.0,318.899312,20.679982,712 days 00:00:00,3,3,0,0.0,33.333333,37.861703,-11.909491,37.861703,-10.504165,52 days 00:00:00,21 days 12:00:00,1.417588,3244.498425,0.226188,0.09917,1.160163,0.079102
SHREDIGCEM,Success,0.003783800000746851,0.00016659999982948648,0.000535199999831093,3.510000078676967e-05,0.006149300000288349,2019-08-19 09:15:00,2025-06-26 09:15:00,2138 days 00:00:00,100000.0,75947.808394,-24.052192,363.668639,100.0,490.335705,32.412519,1639 days 00:00:00,6,6,0,0.0,16.666667,22.190605,-11.27086,22.190605,-8.843919,51 days 00:00:00,53 days 00:00:00,0.398089,-4008.698601,-0.298267,-0.143757,0.874092,-0.190507
SHREECEM,Success,0.00949880000007397,0.00032019999980548164,0.00048659999993105885,4.160000025876798e-05,0.012342500000158907,1999-01-01 09:15:00,2025-06-26 09:15:00,9673 days 00:00:00,100000.0,173054.2232,73.054223,142916.633873,100.0,3808.462417,59.620804,6533 days 00:00:00,18,18,0,0.0,27.777778,56.023522,-14.472569,39.483546,-8.095893,186 days 09:36:00,33 days 22:09:13,1.279799,4058.567956,0.217396,0.037673,1.107665,0.133086
SHREEPUSHK,Success,0.004554299999654177,0.00020480000057432335,0.00048719999995228136,3.3799999982875306e-05,0.006872099999782222,2015-09-10 09:15:00,2025-06-26 09:15:00,3577 days 00:00:00,100000.0,160693.845873,60.693846,392.466304,100.0,1511.910974,33.606474,1135 days 00:00:00,8,8,0,0.0,37.5,49.829203,-13.159112,44.015266,-11.322057,183 days 08:00:00,20 days 19:12:00,1.510397,7586.730734,0.345866,0.150538,1.147052,0.25313
SHREERAMA,Success,0.009117699999478646,0.00024589999975432875,0.0006283000002440531,4.8600000809528865e-05,0.012035800000376184,2000-03-21 09:15:00,2025-06-26 09:15:00,9228 days 00:00:00,100000.0,17547.150962,-82.452849,-57.80457,100.0,654.42067,82.905571,8571 days 00:00:00,19,19,0,0.0,15.789474,47.414954,-30.727229,34.321906,-14.644595,189 days 16:00:00,27 days 18:00:00,0.23502,-4339.623634,-0.293556,-0.088294,0.85874,-0.159564
SHRENIK,Success,0.003161800000270887,0.0001627000001462875,0.00040300000000570435,2.7399999453336932e-05,0.005320700000083889,2019-08-02 09:15:00,2025-06-26 09:15:00,2155 days 00:00:00,100000.0,72700.409545,-27.29959,-94.553969,100.0,160.015671,27.366699,2038 days 00:00:00,2,2,0,0.0,0.0,-12.661219,-16.428183,0.0,-14.544701,0 days 00:00:00,7 days 00:00:00,0.0,-13649.795227,-1.029813,-0.19539,0.11707,-0.190381
SHREYANIND,Success,0.007618799999363546,0.0002297000000908156,0.0005069999997431296,4.079999962414149e-05,0.01006980000056501,1999-01-05 09:15:00,2025-06-26 09:15:00,9669 days 00:00:00,100000.0,82425.555316,-17.574445,2858.35443,100.0,1079.567865,60.611541,6421 days 00:00:00,10,10,0,0.0,30.0,33.068243,-16.108846,28.269309,-12.241867,41 days 16:00:00,38 days 10:17:08,0.82064,-1757.444468,-0.010554,-0.019017,0.992078,-0.003593
SHRIPISTON,Success,0.005323600000338047,0.0001999000005525886,0.0005120999994687736,3.729999934876105e-05,0.007592500000100699,2016-06-09 09:15:00,2025-06-26 09:15:00,3304 days 00:00:00,100000.0,73288.868789,-26.711131,1148.623377,100.0,443.049247,39.115747,3304 days 00:00:00,6,6,0,0.0,16.666667,32.505081,-12.439661,32.505081,-10.935301,24 days 00:00:00,17 days 14:24:00,0.417315,-4451.855202,-0.391455,-0.088454,0.701083,-0.128779
SHRIRAMFIN,Success,0.009879400000500027,0.00025920000007317867,0.0004805999997188337,4.4800000068789814e-05,0.012698200000158977,1999-01-01 09:15:00,2025-06-26 09:15:00,9673 days 00:00:00,100000.0,242364.272726,142.364273,70661.080705,100.0,5198.963347,43.459922,6351 days 00:00:00,23,22,1,25160.769293,36.363636,85.21343,-21.126885,32.488799,-9.077857,51 days 21:00:00,23 days 03:25:42,1.352353,5327.431974,0.292643,0.082117,1.224318,0.152248
SHRIRAMPPS,Success,0.002513600000384031,0.00015630000052624382,0.0004577999998218729,2.949999998236308e-05,0.00467449999996461,2021-12-20 09:15:00,2025-06-26 09:15:00,1284 days 00:00:00,100000.0,89354.328344,-10.645672,-0.823291,100.0,89.380062,10.645672,1284 days 00:00:00,1,1,0,0.0,0.0,-10.473578,-10.473578,0.0,-10.473578,0 days 00:00:00,13 days 00:00:00,0.0,-10645.671656,-0.912278,-0.299967,0.168923,-0.13586
SHYAMCENT,Success,0.004420600000230479,0.00017250000018975697,0.0004504999997152481,3.0299999707494862e-05,0.006691699999464618,2015-07-28 09:15:00,2025-06-26 09:15:00,3621 days 00:00:00,100000.0,64010.110907,-35.989889,-22.842105,100.0,479.939856,55.381001,2726 days 00:00:00,6,6,0,0.0,16.666667,43.497294,-18.105213,43.497294,-14.681238,56 days 00:00:00,36 days 19:11:59,0.459925,-5998.314849,-0.269276,-0.080857,0.856505,-0.145225
SHYAMMETL,Success,0.002619799999592942,0.00015389999953185907,0.0005219999993641977,3.1599999601894524e-05,0.004776099999617145,2021-06-24 09:15:00,2025-06-26 09:15:00,1463 days 00:00:00,100000.0,103001.092752,3.001093,129.708899,100.0,334.060714,18.581418,481 days 00:00:00,3,3,0,0.0,33.333333,21.124901,-7.993807,21.124901,-7.496412,77 days 00:00:00,13 days 00:00:00,1.168603,1000.364251,0.129086,0.040455,1.087625,0.054222
SHYAMTEL,Success,0.0073180999997930485,0.00019889999930455815,0.0004941999995935475,3.65999994755839e-05,0.009672700000010082,2006-11-06 09:15:00,2025-06-26 09:15:00,6807 days 00:00:00,100000.0,65507.040485,-34.49296,-88.187772,100.0,302.128735,36.324809,5722 days 00:00:00,4,4,0,0.0,0.0,-5.848445,-12.03277,0.0,-9.826423,0 days 00:00:00,8 days 12:00:00,0.0,-8623.239879,-0.653777,-0.07512,0.237312,-0.090529
SIEMENS,Success,0.009723899999698915,0.00025159999950119527,0.0004902999999103486,5.090000013296958e-05,0.01268759999948088,1999-01-01 09:15:00,2025-06-26 09:15:00,9673 days 00:00:00,100000.0,143856.784733,43.856785,26652.262569,100.0,2115.986759,36.08182,2630 days 00:00:00,25,24,1,-1281.473415,33.333333,43.977016,-15.108428,22.753998,-7.185876,97 days 15:00:00,36 days 16:30:00,1.436546,1880.760756,0.178241,0.03909,1.087156,0.091605
SIGACHI,Success,0.0027130999997098115,0.0001533999993625912,0.00043679999998857966,3.0199999855540227e-05,0.004663099999561382,2021-11-15 09:15:00,2025-06-26 09:15:00,1319 days 00:00:00,100000.0,84768.559117,-15.231441,-6.382623,100.0,84.844085,15.231441,1319 days 00:00:00,1,1,0,0.0,0.0,-15.063156,-15.063156,0.0,-15.063156,0 days 00:00:00,5 days 00:00:00,0.0,-15231.440883,-0.625844,-0.297497,0.064258,-0.06627
SIGIND,Success,0.0038238999995883205,0.0001812999998946907,0.0004600000002028537,4.039999930682825e-05,0.006012299999383686,2018-08-29 09:15:00,2025-06-26 09:15:00,2493 days 00:00:00,100000.0,61857.228939,-38.142771,-4.523077,100.0,218.966711,38.839396,2304 days 00:00:00,3,3,0,0.0,0.0,-14.056426,-15.362065,0.0,-14.624929,0 days 00:00:00,31 days 08:00:00,0.0,-12714.25702,-0.831807,-0.177963,0.455633,-0.237672
SIGMA,Success,0.002089699999487493,0.00014569999984814785,0.0005739999996876577,3.730000025825575e-05,0.004270899999937683,2023-06-09 09:15:00,2025-06-26 09:15:00,748 days 00:00:00,100000.0,87822.058713,-12.177941,24.739536,100.0,87.558617,32.770633,616 days 00:00:00,1,1,0,0.0,0.0,-12.045102,-12.045102,0.0,-12.045102,0 days 00:00:00,187 days 00:00:00,0.0,-12177.941287,-0.205022,-0.190011,0.930039,-0.202738
SIGNATURE,Success,0.0020971999992980273,0.00014519999967887998,0.0004675999998653424,3.259999994043028e-05,0.004121200000554381,2023-09-27 09:15:00,2025-06-26 09:15:00,638 days 00:00:00,100000.0,84283.724724,-15.716275,173.470729,100.0,174.5872,22.148312,442 days 00:00:00,2,2,0,0.0,0.0,-7.131618,-8.945908,0.0,-8.038763,0 days 00:00:00,87 days 00:00:00,0.0,-7858.137638,-0.4479,-0.426716,0.851325,-0.257239
SIGNPOST,Success,0.001956899999640882,0.0001452999995308346,0.0005460000002130982,2.89999998130952e-05,0.004032799999549752,2024-02-14 09:15:00,2025-06-26 09:15:00,498 days 00:00:00,100000.0,88364.279199,-11.635721,-39.767262,100.0,88.342653,11.791162,142 days 00:00:00,1,1,0,0.0,0.0,-11.471651,-11.471651,0.0,-11.471651,0 days 00:00:00,11 days 00:00:00,0.0,-11635.720801,-1.05807,-0.745088,0.320151,-0.291604
SIKKO,Success,0.0035434999999779393,0.0001578999999765074,0.0004619999999704305,3.0399999559449498e-05,0.005646599999636237,2017-04-18 09:15:00,2025-06-26 09:15:00,2991 days 00:00:00,100000.0,90555.61369,-9.444386,241.232264,100.0,388.812341,32.708149,1562 days 00:00:00,4,4,0,0.0,25.0,39.282904,-17.624146,39.282904,-13.07871,9 days 00:00:00,29 days 00:00:00,0.772416,-2361.096577,-0.001669,-0.059549,0.998334,-0.000314
SIL,Success,0.00887090000014723,0.00022480000006908085,0.0005660999995598104,4.639999951905338e-05,0.011379999999917345,2004-01-28 09:15:00,2025-06-26 09:15:00,7820 days 00:00:00,100000.0,58246.054766,-41.753945,283.333333,100.0,614.342112,54.304334,7258 days 00:00:00,7,7,0,0.0,14.285714,27.722637,-16.789745,27.722637,-12.026821,51 days 00:00:00,35 days 04:00:00,0.396786,-5964.849319,-0.284309,-0.051892,0.788237,-0.100805
SILGO,Success,0.002719299999625946,0.00016629999936412787,0.0004396999993332429,2.989999939018162e-05,0.0047882999997455045,2021-03-03 09:15:00,2025-06-26 09:15:00,1576 days 00:00:00,100000.0,198333.729566,98.33373,16.016227,100.0,343.202501,13.053047,48 days 00:00:00,2,2,0,0.0,100.0,44.884568,37.459133,41.171851,0.0,84 days 12:00:00,0 days 00:00:00,inf,49166.864783,0.999445,1.340749,1.814934,0.966842
SILINV,Success,0.0074201999996148515,0.00019919999976991676,0.00048409999999421416,4.709999939223053e-05,0.010018599999966682,2007-06-21 09:15:00,2025-06-26 09:15:00,6580 days 00:00:00,100000.0,188128.337426,88.128337,883.821138,100.0,1312.156723,30.401553,1564 days 00:00:00,8,8,0,0.0,50.0,36.497156,-15.811836,33.269699,-11.714544,140 days 00:00:00,34 days 00:00:00,2.050215,11016.042178,0.332847,0.132888,1.197334,0.18965
SILLYMONKS,Success,0.0028222000000823755,0.00016030000006139744,0.00045680000039283186,3.1399999897985253e-05,0.005250700000033248,2020-07-08 09:15:00,2025-06-26 09:15:00,1814 days 00:00:00,100000.0,71143.749032,-28.856251,-42.04461,100.0,153.43371,41.638453,1289 days 00:00:00,2,2,0,0.0,0.0,-13.229705,-17.683052,0.0,-15.456379,0 days 00:00:00,172 days 00:00:00,0.0,-14428.125484,-0.230195,-0.161434,0.920886,-0.170798
SILVERTUC,Success,0.0036309999995864928,0.00016259999938483816,0.00047279999944294104,3.1099999432626646e-05,0.005776399999376736,2017-12-01 09:15:00,2025-06-26 09:15:00,2764 days 00:00:00,100000.0,178674.242903,78.674243,475.286885,100.0,486.478044,22.182018,335 days 00:00:00,4,3,1,9098.261021,66.666667,36.793567,-7.197676,35.610737,-7.197676,67 days 00:00:00,39 days 00:00:00,6.162461,23191.993961,0.577867,0.469603,1.251302,0.457674
SIMBHALS,Success,0.0041855999998006155,0.0001764999997249106,0.00048800000058690784,3.470000046945643e-05,0.006505800000013551,2016-03-14 09:15:00,2025-06-26 09:15:00,3391 days 00:00:00,100000.0,65128.418534,-34.871581,-39.824561,100.0,224.568182,41.951928,2988 days 00:00:00,3,3,0,0.0,0.0,-11.349987,-14.205712,0.0,-13.137394,0 days 00:00:00,69 days 00:00:00,0.0,-11623.860489,-0.299507,-0.109448,0.82012,-0.13911
SIMPLEXINF,Success,0.008571399999709683,0.00023669999973208178,0.0004948000005242648,4.309999985707691e-05,0.011139999999613792,2005-12-21 09:15:00,2025-06-26 09:15:00,7127 days 00:00:00,100000.0,354701.66496,254.701665,2.854681,100.0,2897.349775,42.080431,1644 days 00:00:00,18,18,0,0.0,50.0,44.922397,-18.808807,32.884518,-12.792545,53 days 10:39:59,15 days 05:20:00,2.519918,14150.092498,0.552206,0.162629,1.343965,0.275294
SINCLAIR,Success,0.0020687999995061546,0.0001415999995515449,0.0004154999996899278,2.6100000468431972e-05,0.004080400000020745,2024-04-10 09:15:00,2025-06-26 09:15:00,442 days 00:00:00,100000.0,86912.937104,-13.087063,-33.628587,100.0,86.897581,13.622769,157 days 00:00:00,1,1,0,0.0,0.0,-12.926486,-12.926486,0.0,-12.926486,0 days 00:00:00,13 days 00:00:00,0.0,-13087.062896,-1.172644,-0.813322,0.381594,-0.500584
SINDHUTRAD,Success,0.002066900000500027,0.00014290000035543926,0.00042659999962779693,2.5399999685760122e-05,0.004003699999884702,2023-06-20 09:15:00,2025-06-26 09:15:00,737 days 00:00:00,100000.0,86473.717623,-13.526282,7.780127,100.0,86.543247,24.589917,259 days 00:00:00,1,1,0,0.0,0.0,-13.355468,-13.355468,0.0,-13.355468,0 days 00:00:00,20 days 00:00:00,0.0,-13526.282377,-0.45434,-0.28612,0.674073,-0.177075
SINTERCOM,Success,0.002764299999398645,0.00015449999955308158,0.00041509999937261455,2.8599999495781958e-05,0.004546599999230239,2020-10-07 09:15:00,2025-06-26 09:15:00,1723 days 00:00:00,100000.0,100000.0,0.0,53.726665,100.0,0.0,0.0,,0,0,0,0.0,,,,,,,,,,,,,
SIRCA,Success,0.004494599999816273,0.00028790000033040997,0.0007890000006227638,4.7500000619038474e-05,0.007313199999771314,2018-06-13 09:15:00,2025-06-26 09:15:00,2570 days 00:00:00,100000.0,94551.766258,-5.448234,639.051127,100.0,438.09853,26.804467,1435 days 00:00:00,4,4,0,0.0,25.0,26.288324,-9.781597,26.288324,-8.958348,9 days 00:00:00,29 days 08:00:00,0.826865,-1362.058435,-0.087627,-0.030426,0.932597,-0.038019
SIS,Success,0.004200000000309956,0.00018150000050809467,0.0004533000001174514,3.3799999982875306e-05,0.00626899999952002,2017-08-10 09:15:00,2025-06-26 09:15:00,2877 days 00:00:00,100000.0,76940.892561,-23.059107,-2.344626,100.0,249.924616,23.059107,2877 days 00:00:00,3,3,0,0.0,0.0,-7.122387,-9.277949,0.0,-8.203759,0 days 00:00:00,29 days 16:00:00,0.0,-7686.369146,-0.478763,-0.144374,0.609465,-0.145579
SIYSIL,Success,0.008493199999975332,0.00025240000013582176,0.0006121999995229999,4.239999998389976e-05,0.011124299999210052,2007-01-29 09:15:00,2025-06-26 09:15:00,6723 days 00:00:00,100000.0,327325.312971,227.325313,1515.073794,100.0,2573.093966,22.641283,189 days 00:00:00,12,12,0,0.0,58.333333,37.619389,-14.748525,28.245283,-9.911518,81 days 06:51:25,15 days 09:36:00,3.116698,18943.776081,0.550609,0.304784,1.370065,0.278413
SJS,Success,0.0025567000002411078,0.00016800000048533548,0.0004430999997566687,2.8899999961140566e-05,0.004807899999832443,2021-11-15 09:15:00,2025-06-26 09:15:00,1319 days 00:00:00,100000.0,98767.73642,-1.232264,149.255189,100.0,449.297847,22.741578,1107 days 00:00:00,4,4,0,0.0,25.0,28.194937,-8.568449,28.194937,-8.085385,35 days 00:00:00,8 days 16:00:00,0.957615,-308.065895,0.032832,-0.015274,1.023319,0.013541
SJVN,Success,0.0072844999995140824,0.0002027000000452972,0.0005647000007229508,4.42000000475673e-05,0.009772899999916262,2010-05-20 09:15:00,2025-06-26 09:15:00,5516 days 00:00:00,100000.0,149723.455022,49.723455,298.406375,100.0,659.997137,35.74832,346 days 00:00:00,6,5,1,7170.427875,60.0,29.912343,-15.430127,21.685871,-10.31156,366 days 00:00:00,156 days 12:00:00,2.342053,8510.605429,0.262061,0.07714,1.101182,0.188147
SKFINDIA,Success,0.008835999999973865,0.000252800000453135,0.0005731999999625259,4.179999996267725e-05,0.011578300000110175,2004-10-20 09:15:00,2025-06-26 09:15:00,7554 days 00:00:00,100000.0,139455.606403,39.455606,3988.041594,100.0,2566.381852,31.339735,3733 days 00:00:00,16,16,0,0.0,31.25,38.356234,-12.978916,25.50671,-6.677136,94 days 09:36:00,62 days 04:21:49,1.310609,2465.9754,0.205754,0.052744,1.100155,0.136568
SKIPPER,Success,0.004642900000362715,0.0001778999994712649,0.00042800000028364593,3.3799999982875306e-05,0.007018000000243774,2015-05-27 09:15:00,2025-06-26 09:15:00,3683 days 00:00:00,100000.0,98296.633477,-1.703367,193.513337,100.0,838.957581,50.579054,3460 days 00:00:00,10,10,0,0.0,30.0,36.452945,-19.774437,34.397931,-11.779763,77 days 00:00:00,29 days 03:25:42,0.977285,-170.336652,0.079201,-0.003424,1.042204,0.045308
SKMEGGPROD,Success,0.008787499999925785,0.00024279999979626155,0.0005097000002933783,4.0800000533636194e-05,0.011339799999404931,1999-01-01 09:15:00,2025-06-26 09:15:00,9673 days 00:00:00,100000.0,71485.712774,-28.514287,4033.333333,100.0,1166.188595,63.553422,3727 days 00:00:00,11,11,0,0.0,18.181818,69.976121,-13.98164,48.408727,-11.30607,67 days 00:00:00,54 days 05:20:00,0.756465,-2592.20793,-0.02036,-0.024111,0.98562,-0.008225
SKYGOLD,Success,0.002417300000161049,0.0001511999998911051,0.0004589000000123633,2.8399999791872688e-05,0.00439860000005865,2023-01-06 09:15:00,2025-06-26 09:15:00,902 days 00:00:00,100000.0,78944.647966,-21.055352,1355.313473,100.0,167.679497,23.110326,481 days 00:00:00,2,2,0,0.0,0.0,-10.946406,-11.035214,0.0,-10.99081,0 days 00:00:00,7 days 12:00:00,0.0,-10527.676017,-1.361833,-0.401389,0.165925,-0.371697
SMARTLINK,Success,0.007639099999323662,0.00020649999987654155,0.00045080000018060673,3.6299999919719994e-05,0.010237199999210134,2009-08-21 09:15:00,2025-06-26 09:15:00,5788 days 00:00:00,100000.0,83583.381398,-16.416619,288.897169,100.0,487.609707,49.90109,5788 days 00:00:00,8,7,1,-204.360879,28.571429,29.246065,-19.095788,27.721289,-12.122385,37 days 16:30:00,58 days 14:24:00,0.664977,-2316.036818,-0.04779,-0.022987,0.965868,-0.021622
SMCGLOBAL,Success,0.0026346000004195957,0.00015470000016648555,0.0004968000002918416,3.0300000616989564e-05,0.004718799999864132,2021-02-24 09:15:00,2025-06-26 09:15:00,1583 days 00:00:00,100000.0,112831.809452,12.831809,58.983225,100.0,331.457892,14.061854,649 days 00:00:00,3,3,0,0.0,33.333333,35.183845,-9.92159,35.183845,-8.344988,42 days 00:00:00,59 days 00:00:00,1.654051,4277.269817,0.323086,0.204135,1.212683,0.182864
SMLISUZU,Success,0.007506699999794364,0.00021110000034241239,0.0004806000006283284,4.269999953976367e-05,0.00991249999970023,2011-01-17 09:15:00,2025-06-26 09:15:00,5274 days 00:00:00,100000.0,80458.784882,-19.541215,368.811014,100.0,1571.443891,52.612947,3706 days 00:00:00,17,17,0,0.0,23.529412,33.05308,-15.946294,28.166751,-8.623996,58 days 18:00:00,38 days 11:04:36,0.824512,-1149.483242,-0.025778,-0.02898,0.987385,-0.016867
SMLT,Success,0.0027019999997719424,0.00015720000010333024,0.0004067999998369487,3.0000000151630957e-05,0.004703499999777705,2021-11-25 09:15:00,2025-06-26 09:15:00,1309 days 00:00:00,100000.0,155833.89441,55.833894,19.824732,100.0,155.899313,15.740088,40 days 00:00:00,1,1,0,0.0,100.0,56.19654,56.19654,56.19654,0.0,257 days 00:00:00,0 days 00:00:00,inf,55833.89441,0.69018,0.857484,1.304434,0.539818
SMSLIFE,Success,0.004234700000779412,0.00021110000034241239,0.00044330000037007267,3.2300000384566374e-05,0.006391900000380701,2017-08-17 09:15:00,2025-06-26 09:15:00,2870 days 00:00:00,100000.0,65317.58295,-34.682417,773.414841,100.0,219.094334,39.586298,2327 days 00:00:00,3,3,0,0.0,0.0,-8.96864,-17.590082,0.0,-13.018531,0 days 00:00:00,82 days 08:00:00,0.0,-11560.805683,-0.377173,-0.135485,0.807397,-0.202785
SMSPHARMA,Success,0.008773600000495207,0.00022020000051270472,0.0004933999998684158,4.129999979340937e-05,0.01139560000046913,2007-02-28 09:15:00,2025-06-26 09:15:00,6693 days 00:00:00,100000.0,102980.651944,2.980652,631.44629,100.0,792.097765,49.317172,5609 days 00:00:00,9,9,0,0.0,33.333333,33.196085,-16.141288,31.228013,-11.969789,29 days 08:00:00,33 days 00:00:00,1.044059,331.183549,0.067277,0.003378,1.063392,0.023452
SNOWMAN,Success,0.004720399999314395,0.00020169999970676145,0.00047339999946416356,3.299999934824882e-05,0.00724620000073628,2014-09-12 09:15:00,2025-06-26 09:15:00,3940 days 00:00:00,100000.0,48533.750308,-51.46625,-22.832083,100.0,395.696846,51.700544,3842 days 00:00:00,6,6,0,0.0,0.0,-8.117272,-13.128647,0.0,-11.162372,0 days 00:00:00,32 days 08:00:00,0.0,-8577.708282,-0.731698,-0.127708,0.564872,-0.278823
SOBHA,Success,0.008580200000324112,0.00021319999996194383,0.00046909999946365133,3.930000002583256e-05,0.011102200000095763,2006-12-20 09:15:00,2025-06-26 09:15:00,6763 days 00:00:00,100000.0,104220.204927,4.220205,63.571816,100.0,1155.88298,49.994162,5524 days 00:00:00,11,11,0,0.0,27.272727,56.544516,-10.95343,34.97859,-9.731387,69 days 08:00:00,23 days 15:00:00,1.047915,383.654993,0.073927,0.004559,1.051515,0.035436
SOFTTECH,Success,0.0025948000002244953,0.0001540000002933084,0.0004214999999021529,3.079999987676274e-05,0.0048194999999395804,2022-02-25 09:15:00,2025-06-26 09:15:00,1217 days 00:00:00,100000.0,117960.12695,17.960127,194.526974,100.0,253.732688,18.736034,52 days 00:00:00,2,2,0,0.0,50.0,36.4614,-13.195034,36.4614,-13.195034,67 days 00:00:00,12 days 00:00:00,1.989704,8980.063475,0.497113,0.276541,1.358035,0.255847
SOLARA,Success,0.004213299999719311,0.0001840999993873993,0.00045620000037160935,3.120000019407598e-05,0.006442300000344403,2018-06-27 09:15:00,2025-06-26 09:15:00,2556 days 00:00:00,100000.0,370617.492542,270.617493,167.559831,100.0,1964.632353,25.876923,990 days 00:00:00,8,8,0,0.0,62.5,58.738581,-8.521221,37.450232,-7.663415,79 days 00:00:00,44 days 16:00:00,5.459179,33827.186568,0.955855,0.810927,1.453446,0.835279
SOLARINDS,Success,0.007954400000016904,0.0003364000003784895,0.0005498999998962972,3.9399999877787195e-05,0.010556600000199978,2009-04-13 09:15:00,2025-06-26 09:15:00,5918 days 00:00:00,100000.0,108830.203876,8.830204,39683.410138,100.0,1142.235231,25.781727,1487 days 00:00:00,11,11,0,0.0,36.363636,23.029157,-11.569517,19.869006,-8.460315,73 days 12:00:00,36 days 17:08:34,1.132571,802.745807,0.102834,0.020712,1.061383,0.052125
SOMANYCERA,Success,0.010120699999788485,0.0002548000002207118,0.0005270000001473818,4.509999962465372e-05,0.01308679999965534,1995-11-22 09:15:00,2025-06-26 09:15:00,10809 days 00:00:00,100000.0,271151.6996,171.1517,869.971558,100.0,3149.642986,32.361905,476 days 00:00:00,15,15,0,0.0,46.666667,73.478293,-19.279417,35.731022,-12.326589,133 days 06:51:25,44 days 18:00:00,1.822306,11410.113307,0.289442,0.115484,1.158754,0.172372
SOMATEX,Success,0.00846079999973881,0.0002386999994996586,0.0005394999998316052,4.179999996267725e-05,0.011110800000096788,1999-01-01 09:15:00,2025-06-26 09:15:00,9673 days 00:00:00,100000.0,31098.587218,-68.901413,769.0,100.0,565.982101,68.901413,9673 days 00:00:00,10,10,0,0.0,10.0,34.818504,-18.186008,34.818504,-14.793201,54 days 00:00:00,12 days 16:00:00,0.228701,-6890.141278,-0.521219,-0.078722,0.534622,-0.140666
SOMICONVEY,Success,0.004575500000100874,0.00017900000057124998,0.000439399999777379,3.390000074432464e-05,0.006930199999260367,2016-07-18 09:15:00,2025-06-26 09:15:00,3265 days 00:00:00,100000.0,281519.382825,181.519383,249.069257,100.0,842.833437,14.248319,314 days 00:00:00,4,4,0,0.0,75.0,48.818355,-6.71269,44.929742,-6.71269,46 days 00:00:00,11 days 00:00:00,13.330848,45379.845706,0.756758,0.885553,2.018916,0.444354
SONACOMS,Success,0.002598500000203785,0.00018060000002151355,0.00040529999932914507,2.9599999834317714e-05,0.004560299999866402,2021-06-24 09:15:00,2025-06-26 09:15:00,1463 days 00:00:00,100000.0,118077.600012,18.0776,33.111846,100.0,117.664508,8.729604,15 days 00:00:00,1,1,0,0.0,100.0,18.410645,18.410645,18.410645,0.0,40 days 00:00:00,0 days 00:00:00,inf,18077.600012,0.617768,0.492392,1.852313,0.175911
SONAMLTD,Success,0.0019265999999333872,0.00014349999946716707,0.0003859999997075647,2.4300000404764432e-05,0.004075800000464369,2023-11-15 09:15:00,2025-06-26 09:15:00,589 days 00:00:00,100000.0,82196.604451,-17.803396,18.928571,100.0,173.507414,17.803396,589 days 00:00:00,2,2,0,0.0,0.0,-8.607513,-9.709044,0.0,-9.158279,0 days 00:00:00,9 days 00:00:00,0.0,-8901.697774,-1.429154,-0.65111,0.334501,-0.875203
SONATSOFTW,Success,0.009879299999738578,0.00024900000062189065,0.0005694000001312816,4.239999998389976e-05,0.012702600000011444,1999-07-28 09:15:00,2025-06-26 09:15:00,9465 days 00:00:00,100000.0,117434.319719,17.43432,2715.100388,100.0,1189.511506,52.174807,8415 days 00:00:00,14,14,0,0.0,35.714286,42.962082,-21.268649,30.480786,-11.720537,41 days 00:00:00,76 days 16:00:00,1.183366,1245.308551,0.113438,0.012121,1.070748,0.07191
SOTL,Success,0.007406599999740138,0.0003048999997190549,0.00048519999927520985,3.749999996216502e-05,0.009976199999982782,2009-08-24 09:15:00,2025-06-26 09:15:00,5785 days 00:00:00,100000.0,61684.966311,-38.315034,765.257048,100.0,615.954517,39.060363,5433 days 00:00:00,8,8,0,0.0,12.5,20.68652,-11.395684,20.68652,-8.917039,3 days 00:00:00,43 days 20:34:17,0.272524,-4789.379211,-0.304213,-0.078331,0.778638,-0.115978
SOUTHBANK,Success,0.009895899999719404,0.0002612999996927101,0.00048799999967741314,4.659999922296265e-05,0.013199999999415013,1999-01-01 09:15:00,2025-06-26 09:15:00,9673 days 00:00:00,100000.0,109149.712702,9.149713,2297.098452,100.0,2506.195486,64.210749,6351 days 00:00:00,18,18,0,0.0,33.333333,32.501016,-18.875189,27.923951,-10.564546,78 days 20:00:00,31 days 18:00:00,1.046472,508.317372,0.08737,0.005268,1.053113,0.045467
SOUTHWEST,Success,0.003789100000176404,0.0001640999998926418,0.00044020000041200547,3.409999953873921e-05,0.006594399999812595,2019-04-18 09:15:00,2025-06-26 09:15:00,2261 days 00:00:00,100000.0,97359.009576,-2.64099,381.495357,100.0,474.962762,32.619952,559 days 00:00:00,4,4,0,0.0,25.0,39.160471,-13.024749,39.160471,-10.977721,58 days 00:00:00,27 days 08:00:00,0.936391,-660.247606,0.020352,-0.01352,1.012742,0.0081
SPAL,Success,0.00431029999981547,0.00017300000035902485,0.0004742999999507447,7.189999996626284e-05,0.0068114000005152775,2016-08-12 09:15:00,2025-06-26 09:15:00,3240 days 00:00:00,100000.0,74503.918787,-25.496081,194.441558,100.0,500.102249,31.920019,2988 days 00:00:00,6,6,0,0.0,16.666667,31.251828,-14.012355,31.251828,-10.46947,20 days 00:00:00,18 days 14:24:00,0.469134,-4249.346869,-0.348732,-0.104042,0.722912,-0.142796
SPANDANA,Success,0.0039961999991646735,0.00016460000006190967,0.00042579999990266515,2.9000000722589903e-05,0.006072000000131084,2019-08-19 09:15:00,2025-06-26 09:15:00,2138 days 00:00:00,100000.0,65160.595505,-34.839404,-66.943854,100.0,306.766693,40.804894,1763 days 00:00:00,4,4,0,0.0,0.0,-9.13454,-10.834285,0.0,-10.011404,0 days 00:00:00,65 days 18:00:00,0.0,-8709.851124,-0.507649,-0.175451,0.792273,-0.28066
SPARC,Success,0.007801900000231399,0.0002523000002838671,0.0004837000005863956,3.719999949680641e-05,0.010623600000144506,2007-07-18 09:15:00,2025-06-26 09:15:00,6553 days 00:00:00,100000.0,66228.992236,-33.771008,87.355077,100.0,468.600341,55.55025,5343 days 00:00:00,7,7,0,0.0,14.285714,24.92666,-13.046712,24.92666,-9.792703,11 days 00:00:00,92 days 00:00:00,0.279071,-4824.429681,-0.124864,-0.041667,0.926424,-0.063765
SPCENET,Success,0.0030450999993263395,0.00016400000004068715,0.0004291000004741363,3.2699999792384915e-05,0.005131500000061351,2017-01-10 09:15:00,2025-06-26 09:15:00,3089 days 00:00:00,100000.0,164774.699607,64.7747,1330.0,100.0,652.366392,24.265994,2113 days 09:00:00,5,5,0,0.0,60.0,41.292174,-23.9626,35.131206,-17.385826,23 days 08:00:00,4 days 00:00:00,2.457217,12954.939921,0.76331,0.372317,1.922412,0.19216
SPECIALITY,Success,0.007417300000270188,0.00020359999962238362,0.0004573999995045597,3.500000002532033e-05,0.009762399999999616,2012-06-13 09:15:00,2025-06-26 09:15:00,4761 days 00:00:00,100000.0,114647.307438,14.647307,-41.381687,100.0,574.096931,24.677934,2988 days 00:00:00,5,5,0,0.0,40.0,33.005992,-12.523695,27.999859,-10.864096,121 days 12:00:00,10 days 00:00:00,1.368164,2929.461488,0.149475,0.04354,1.116341,0.068577
SPECTRUM,Success,0.001795299999685085,0.0001384999995934777,0.00038560000029974617,2.3999999939405825e-05,0.0032326000000466593,2025-03-28 09:15:00,2025-06-26 09:15:00,90 days 00:00:00,100000.0,100000.0,0.0,-20.677669,100.0,0.0,0.0,,0,0,0,0.0,,,,,,,,,,,,,
SPENCERS,Success,0.0037433000006785733,0.00016489999961777357,0.0004199999993943493,2.700000004551839e-05,0.006083600000238221,2019-01-25 09:15:00,2025-06-26 09:15:00,2344 days 00:00:00,100000.0,128745.674636,28.745675,-69.864842,100.0,128.873449,5.945498,16 days 00:00:00,1,1,0,0.0,100.0,29.00374,29.00374,29.00374,0.0,36 days 00:00:00,0 days 00:00:00,inf,28745.674636,0.58458,0.687213,2.414018,0.283099
SPIC,Success,0.009278599999561266,0.00029739999990852084,0.00048269999933836516,3.8499999391206075e-05,0.011904699999831792,1999-01-01 09:15:00,2025-06-26 09:15:00,9673 days 00:00:00,100000.0,39632.165613,-60.367834,251.77867,100.0,893.025539,77.333546,7507 days 00:00:00,14,13,1,1793.490264,15.384615,74.703956,-25.811815,48.74601,-14.266956,200 days 12:00:00,48 days 00:00:00,0.522502,-4781.640358,-0.179902,-0.048191,0.898315,-0.091839
SPLIL,Success,0.008305100000143284,0.00025039999945875024,0.0004787999996551662,4.0299999454873614e-05,0.01079070000014326,2005-07-26 09:15:00,2025-06-26 09:15:00,7275 days 00:00:00,100000.0,527769.432065,427.769432,-59.932269,100.0,5032.221216,35.913744,1170 days 00:00:00,14,14,0,0.0,50.0,90.022674,-25.257487,49.970731,-14.25935,92 days 17:08:34,38 days 10:17:08,1.998619,30554.959433,0.500939,0.265126,1.296721,0.386542
SPLPETRO,Success,0.01037460000043211,0.0002663000004758942,0.0004890000000159489,4.0099999750964344e-05,0.012990700000045763,1994-11-30 09:15:00,2025-06-26 09:15:00,11166 days 00:00:00,100000.0,141379.17836,41.379178,3390.8,100.0,2317.700386,43.607977,3865 days 00:00:00,18,18,0,0.0,27.777778,55.170425,-20.902517,43.98565,-10.32312,135 days 09:36:00,36 days 14:46:09,1.225683,2298.843242,0.152547,0.026876,1.089205,0.074514
SPMLINFRA,Success,0.007886700000199198,0.00020459999996091938,0.0005756999998993706,3.97000003431458e-05,0.010535399999753281,2010-05-14 09:15:00,2025-06-26 09:15:00,5522 days 00:00:00,100000.0,113261.978202,13.261978,46.850764,100.0,424.062715,53.041834,3566 days 00:00:00,5,5,0,0.0,40.0,44.740871,-16.318083,35.264659,-14.31661,74 days 12:00:00,72 days 16:00:00,1.353332,2652.39564,0.130715,0.016195,1.085023,0.060123
SPORTKING,Success,0.002356399999371206,0.00015299999995477265,0.0004650999999284977,3.059999926335877e-05,0.004371500000161177,2022-08-24 09:15:00,2025-06-26 09:15:00,1037 days 00:00:00,100000.0,92413.540283,-7.58646,11.673699,100.0,92.432183,10.96868,615 days 00:00:00,1,1,0,0.0,0.0,-7.407061,-7.407061,0.0,-7.407061,0 days 00:00:00,41 days 00:00:00,0.0,-7586.459717,-0.433671,-0.253517,0.595397,-0.084304
SRD,Success,0.0017398999998476938,0.00013870000020688167,0.00039769999966665637,2.3399999918183312e-05,0.0035250999999334454,2024-10-09 09:15:00,2025-06-26 09:15:00,260 days 00:00:00,100000.0,100000.0,0.0,-27.248845,100.0,0.0,0.0,,0,0,0,0.0,,,,,,,,,,,,,
SREEL,Success,0.004495199999837496,0.00018060000002151355,0.0004951000000801287,3.9399999877787195e-05,0.006744799999978568,2014-01-01 09:15:00,2025-06-26 09:15:00,4194 days 00:00:00,100000.0,58097.60035,-41.9024,-17.946844,100.0,360.943196,41.9024,4194 days 00:00:00,5,5,0,0.0,0.0,-7.797599,-12.635557,0.0,-10.102245,0 days 00:00:00,60 days 04:48:00,0.0,-8380.47993,-0.447111,-0.122316,0.757949,-0.220853
SRF,Success,0.009522900000774825,0.00026450000041222665,0.000464000000647502,4.439999975147657e-05,0.012311999999838008,1999-01-01 09:15:00,2025-06-26 09:15:00,9673 days 00:00:00,100000.0,140090.715145,40.090715,152060.194175,100.0,2208.710165,31.331548,5399 days 00:00:00,19,18,1,16210.750136,33.333333,35.991602,-18.64309,23.934598,-8.152739,51 days 04:00:00,30 days 10:00:00,1.19073,1326.664723,0.170297,0.041577,1.12133,0.08212
SRGHFL,Success,0.0025076000001718057,0.00015209999946819153,0.0004170000001977314,3.1399999897985253e-05,0.004230300000017451,2023-08-21 09:15:00,2025-06-26 09:15:00,675 days 00:00:00,100000.0,100000.0,0.0,24.624017,100.0,0.0,0.0,,0,0,0,0.0,,,,,,,,,,,,,
SRHHYPOLTD,Success,0.007918700000118406,0.00020700000004580943,0.00046489999931509374,3.909999941242859e-05,0.010275499999806925,2007-05-08 09:15:00,2025-06-26 09:15:00,6624 days 00:00:00,100000.0,196379.384581,96.379385,2669.748016,100.0,1833.732998,32.491792,114 days 00:00:00,12,12,0,0.0,41.666667,66.298946,-20.718568,44.320161,-14.583616,92 days 04:48:00,26 days 13:42:51,1.610127,8031.615382,0.296792,0.125807,1.186849,0.180817
SRM,Success,0.0020297999999456806,0.0001443999999537482,0.0006892000001244014,3.509999987727497e-05,0.004717199999504373,2024-04-03 09:15:00,2025-06-26 09:15:00,449 days 00:00:00,100000.0,87384.973628,-12.615026,118.606195,100.0,87.429518,13.567671,146 days 00:00:00,1,1,0,0.0,0.0,-12.445505,-12.445505,0.0,-12.445505,0 days 00:00:00,31 days 00:00:00,0.0,-12615.026372,-1.241927,-0.774682,0.476311,-0.583252
SSDL,Success,0.001845300000240968,0.0001405000002705492,0.0004978999995728373,2.7799999770650174e-05,0.0034497999995437567,2024-08-20 09:15:00,2025-06-26 09:15:00,310 days 00:00:00,100000.0,100000.0,0.0,-52.081492,100.0,0.0,0.0,,0,0,0,0.0,,,,,,,,,,,,,
SSWL,Success,0.008244699999522709,0.00022050000006856862,0.0005001999998057727,4.020000051241368e-05,0.010694999999941501,2005-06-06 09:15:00,2025-06-26 09:15:00,7325 days 00:00:00,100000.0,109902.589681,9.90259,2021.803507,100.0,1133.503677,50.429591,5698 days 00:00:00,14,14,0,0.0,35.714286,40.35139,-18.624754,30.903044,-12.540858,54 days 09:36:00,30 days 10:40:00,1.103724,707.327834,0.099741,0.009651,1.067976,0.041252
STALLION,Success,0.0018330999992031138,0.00013829999988956843,0.0005381999999372056,2.6900000193563756e-05,0.0034750000004351023,2025-01-23 09:15:00,2025-06-26 09:15:00,154 days 00:00:00,100000.0,100000.0,0.0,-37.380952,100.0,0.0,0.0,,0,0,0,0.0,,,,,,,,,,,,,
STANLEY,Success,0.0021796000000904314,0.00014310000005934853,0.0003963999997722567,2.409999979136046e-05,0.0036198999996486236,2024-06-28 09:15:00,2025-06-26 09:15:00,363 days 00:00:00,100000.0,100000.0,0.0,-27.130068,100.0,0.0,0.0,,0,0,0,0.0,,,,,,,,,,,,,
STAR,Success,0.010016000000177883,0.00048119999974005623,0.00048990000050253,4.4100000195612665e-05,0.012878100000307313,2000-02-02 09:15:00,2025-06-26 09:15:00,9276 days 00:00:00,100000.0,493850.368251,393.850368,407.305672,100.0,10306.589143,49.591522,2347 days 00:00:00,23,23,0,0.0,47.826087,43.58632,-13.114764,30.058515,-9.737516,59 days 17:27:16,43 days 00:00:00,1.634463,17123.929054,0.496128,0.143762,1.274266,0.276607
STARCEMENT,Success,0.003984499999205582,0.00016959999993559904,0.00044069999967177864,2.990000029967632e-05,0.00634740000077727,2017-06-16 09:15:00,2025-06-26 09:15:00,2932 days 00:00:00,100000.0,236999.361238,136.999361,63.663594,100.0,829.544083,17.531267,1438 days 00:00:00,7,6,1,7425.706928,66.666667,31.465928,-9.582457,29.362667,-8.868791,135 days 06:00:00,10 days 12:00:00,8.500597,21595.609052,0.725583,0.658965,1.300543,0.681976
STARHEALTH,Success,0.002372799999648123,0.00014709999959450215,0.0004515999999057385,2.6499999876250513e-05,0.004503099999965343,2021-12-10 09:15:00,2025-06-26 09:15:00,1294 days 00:00:00,100000.0,96350.285192,-3.649715,-53.288856,100.0,0.0,3.649715,1294 days 00:00:00,1,0,1,-3649.714808,,,,,,,,,,-0.631669,-0.290173,0.1227,-0.113715
STARPAPER,Success,0.009489800000665127,0.0002896999994845828,0.000505400000292866,4.220000027999049e-05,0.012155100000200036,1999-01-01 09:15:00,2025-06-26 09:15:00,9673 days 00:00:00,100000.0,269223.045911,169.223046,2240.8,100.0,3702.91457,54.932371,5437 days 00:00:00,18,18,0,0.0,44.444444,60.7001,-25.400125,37.20615,-13.335953,70 days 00:00:00,54 days 00:00:00,1.583762,9401.280328,0.308428,0.077688,1.17743,0.188882
STARTECK,Success,0.0023702999997112784,0.0001509000003352412,0.00041000000055646524,2.519999998185085e-05,0.0038490000006277114,2022-05-04 09:15:00,2025-06-26 09:15:00,1149 days 00:00:00,100000.0,100000.0,0.0,82.230392,100.0,0.0,0.0,,0,0,0,0.0,,,,,,,,,,,,,
STCINDIA,Success,0.00907680000000255,0.0002334000000701053,0.00047200000062730396,4.069999977218686e-05,0.011601000000155182,2003-04-01 09:15:00,2025-06-26 09:15:00,8122 days 00:00:00,100000.0,49801.720317,-50.19828,302.148771,100.0,1088.066074,63.689898,4705 days 00:00:00,16,16,0,0.0,18.75,58.572594,-17.651703,40.743025,-12.076121,90 days 00:00:00,47 days 07:23:04,0.581962,-3137.39248,-0.134174,-0.049358,0.92631,-0.090959
STEELCAS,Success,0.002609400000437745,0.00015530000018770806,0.0004189000001133536,2.8100000236008782e-05,0.004600700000082725,2021-11-23 09:15:00,2025-06-26 09:15:00,1311 days 00:00:00,100000.0,102839.785029,2.839785,266.866479,100.0,274.099444,24.254898,1025 days 00:00:00,3,3,0,0.0,33.333333,26.475345,-9.587016,26.475345,-9.562564,213 days 00:00:00,29 days 00:00:00,1.153674,946.59501,0.126485,0.032708,1.050468,0.108718
STEELCITY,Success,0.0034797000007529277,0.00019210000027669594,0.0005645999999615015,3.079999987676274e-05,0.005749099999775353,2019-06-27 09:15:00,2025-06-26 09:15:00,2191 days 00:00:00,100000.0,191946.788576,91.946789,78.739777,100.0,724.473625,31.619847,967 days 00:00:00,5,5,0,0.0,60.0,49.264509,-15.79275,37.792655,-13.608431,119 days 08:00:00,154 days 00:00:00,3.40113,18389.357715,0.5677,0.369247,1.214953,0.608926
STEELXIND,Success,0.004148300000451854,0.00018349999936617678,0.00042659999962779693,3.270000070187962e-05,0.006508999999823573,2017-07-20 09:15:00,2025-06-26 09:15:00,2898 days 00:00:00,100000.0,157848.599433,57.848599,-6.583719,100.0,679.949959,21.010699,1422 days 00:00:00,4,4,0,0.0,50.0,42.920309,-11.622538,41.652303,-10.943843,62 days 12:00:00,2 days 12:00:00,2.37778,14462.149858,0.487093,0.286782,1.597578,0.251516
STEL,Success,0.004880700000285287,0.00020710000080725877,0.0004864000002271496,3.399999968678458e-05,0.007115399999747751,2014-01-13 09:15:00,2025-06-26 09:15:00,4182 days 00:00:00,100000.0,197231.611745,97.231612,3632.579186,100.0,711.191873,19.509398,827 days 00:00:00,5,5,0,0.0,60.0,44.490474,-11.947272,35.372742,-10.048813,47 days 03:00:00,58 days 12:00:00,4.614765,19446.322349,0.580194,0.322511,1.483227,0.306213
STERTOOLS,Success,0.008268999999927473,0.00022110000008979114,0.00046019999990676297,3.729999934876105e-05,0.01110789999984263,2006-02-02 09:15:00,2025-06-26 09:15:00,7084 days 00:00:00,100000.0,489033.962584,389.033963,1144.500846,100.0,2757.947993,32.601828,2457 days 00:00:00,11,11,0,0.0,63.636364,49.599954,-11.585493,34.287071,-10.410859,89 days 03:25:42,3 days 18:00:00,5.043807,35366.723871,0.664467,0.281854,1.513529,0.434914
STLTECH,Success,0.007902599999397353,0.00030249999963416485,0.00046689999999216525,4.759999956149841e-05,0.010357299999668612,2007-12-17 09:15:00,2025-06-26 09:15:00,6401 days 00:00:00,100000.0,166406.880045,66.40688,49.016199,100.0,1323.510332,29.097812,920 days 00:00:00,9,9,0,0.0,44.444444,38.945883,-12.921256,30.076507,-9.829669,50 days 12:00:00,44 days 19:11:59,1.863899,7378.542227,0.305326,0.103431,1.23802,0.146797
STOVEKRAFT,Success,0.002649600000040664,0.00023569999939354602,0.00046519999978045234,2.880000010918593e-05,0.005071499999758089,2021-02-05 09:15:00,2025-06-26 09:15:00,1602 days 00:00:00,100000.0,138443.193617,38.443194,31.113351,100.0,337.466887,16.868186,955 days 00:00:00,3,3,0,0.0,66.666667,25.650505,-10.710438,24.945046,-10.710438,12 days 00:00:00,89 days 00:00:00,4.542237,12814.397872,0.709624,0.463914,1.675729,0.42558
STYLAMIND,Success,0.0024796999996397062,0.00015209999946819153,0.000445900000158872,2.6599999728205148e-05,0.004621399999450659,2021-08-02 09:15:00,2025-06-26 09:15:00,1424 days 00:00:00,100000.0,94102.617074,-5.897383,26.817062,100.0,367.619668,20.774212,763 days 00:00:00,4,4,0,0.0,25.0,21.475392,-8.505222,21.475392,-7.859987,53 days 00:00:00,31 days 16:00:00,0.747363,-1474.345732,-0.062888,-0.075495,0.964049,-0.033878
STYLEBAAZA,Success,0.0019216000000596978,0.00013659999967785552,0.00045279999994818354,2.5499999537714757e-05,0.0035226999998485553,2024-09-06 09:15:00,2025-06-26 09:15:00,293 days 00:00:00,100000.0,100000.0,0.0,-28.05,100.0,0.0,0.0,,0,0,0,0.0,,,,,,,,,,,,,
STYRENIX,Success,0.008477299999867682,0.00020909999966534087,0.000471599999400496,4.6499999371008016e-05,0.011026000000128988,2008-07-23 09:15:00,2025-06-26 09:15:00,6182 days 00:00:00,100000.0,93739.434109,-6.260566,2170.650264,100.0,840.058616,34.063969,2368 days 00:00:00,10,10,0,0.0,30.0,29.720351,-12.715504,23.57686,-9.216388,42 days 08:00:00,41 days 20:34:17,0.894048,-626.056589,0.008087,-0.011436,1.005145,0.003897
SUBEXLTD,Success,0.008836500000143133,0.00022989999979472486,0.0005883000003450434,4.170000011072261e-05,0.01144529999965016,2003-09-05 09:15:00,2025-06-26 09:15:00,7965 days 00:00:00,100000.0,63446.040063,-36.55396,-87.241071,100.0,929.906962,58.728147,7024 days 00:00:00,9,9,0,0.0,22.222222,27.712817,-17.593152,24.333973,-11.666343,67 days 12:00:00,30 days 17:08:34,0.59511,-4061.551104,-0.15984,-0.035871,0.869535,-0.053883
SUBROS,Success,0.008734500000173284,0.00035170000046491623,0.0005227000001468696,4.710000030172523e-05,0.011819700000160083,2005-07-13 09:15:00,2025-06-26 09:15:00,7288 days 00:00:00,100000.0,65917.280307,-34.08272,2464.903051,100.0,1080.778426,49.46385,2912 days 00:00:00,14,14,0,0.0,21.428571,48.822867,-22.321398,41.323605,-11.974252,235 days 08:00:00,48 days 19:38:10,0.701373,-2434.479978,-0.013495,-0.043002,0.994199,-0.010599
SUDARSCHEM,Success,0.008721399999558344,0.00032610000016575214,0.0005323999994288897,3.819999983534217e-05,0.01143339999998716,2006-05-16 09:15:00,2025-06-26 09:15:00,6981 days 00:00:00,100000.0,91973.027795,-8.026972,5858.559447,100.0,599.034318,47.013567,5158 days 00:00:00,7,7,0,0.0,28.571429,33.603344,-14.658089,25.830259,-9.910979,38 days 12:00:00,137 days 19:12:00,0.824286,-1146.710315,0.026303,-0.010424,1.013965,0.014442
SUKHJITS,Success,0.002318099999683909,0.00014880000071570976,0.0003911000003427034,2.6200000320386607e-05,0.004210300000522693,2022-11-07 09:15:00,2025-06-26 09:15:00,962 days 00:00:00,100000.0,81131.009949,-18.86899,-15.487082,100.0,170.036776,18.86899,962 days 00:00:00,2,2,0,0.0,0.0,-8.830332,-10.696252,0.0,-9.763292,0 days 00:00:00,24 days 00:00:00,0.0,-9434.495026,-0.933012,-0.409659,0.501128,-0.308918
SULA,Success,0.0023038999997879728,0.00015079999957379187,0.00040439999975205865,2.7799999770650174e-05,0.004456499999832886,2022-12-22 09:15:00,2025-06-26 09:15:00,917 days 00:00:00,100000.0,83995.932559,-16.004067,-7.910631,100.0,177.767008,16.531006,616 days 00:00:00,2,2,0,0.0,0.0,-5.693372,-10.616835,0.0,-8.155103,0 days 00:00:00,31 days 00:00:00,0.0,-8002.03372,-0.835002,-0.412037,0.571684,-0.352986
SUMICHEM,Success,0.0026710000001912704,0.00016419999974459643,0.0005071999994470389,3.0199999855540227e-05,0.005290600000080303,2020-01-27 09:15:00,2025-06-26 09:15:00,1977 days 00:00:00,100000.0,80897.674903,-19.102325,156.826109,100.0,173.680679,36.764694,975 days 00:00:00,3,2,1,-1997.568643,0.0,-8.590196,-9.012256,0.0,-8.801226,0 days 00:00:00,167 days 00:00:00,0.0,-8552.378227,-0.215776,-0.105838,0.917943,-0.162547
SUMIT,Success,0.0028302000000621774,0.00022110000008979114,0.0004622999995262944,3.249999917898094e-05,0.0050069999997504056,2019-07-30 09:15:00,2025-06-26 09:15:00,2158 days 00:00:00,100000.0,76193.721296,-23.806279,318.997803,100.0,511.071726,31.853102,253 days 00:00:00,6,6,0,0.0,16.666667,37.484055,-16.193478,37.484055,-10.863687,12 days 00:00:00,30 days 14:24:00,0.532763,-3967.713117,-0.336752,-0.144798,0.830496,-0.167822
SUMMITSEC,Success,0.007209600000351202,0.00028199999997013947,0.0006160000002637389,4.400000034365803e-05,0.009968700000172248,2011-02-04 09:15:00,2025-06-26 09:15:00,5256 days 00:00:00,100000.0,75361.464017,-24.638536,1306.919623,100.0,1147.255906,58.622309,3452 days 00:00:00,12,12,0,0.0,25.0,41.249968,-16.376036,34.695986,-11.992271,47 days 08:00:00,62 days 10:39:59,0.7824,-2053.211332,-0.020966,-0.034054,0.989591,-0.010675
SUNCLAY,Success,0.0021306000007825787,0.00014879999980621506,0.00043169999935344094,2.429999949526973e-05,0.004338400000051479,2023-12-29 09:15:00,2025-06-26 09:15:00,545 days 00:00:00,100000.0,167548.138448,67.548138,37.595502,100.0,294.436885,11.140985,28 days 00:00:00,2,2,0,0.0,100.0,30.259226,29.924904,30.092065,0.0,33 days 00:00:00,0 days 00:00:00,inf,33774.069224,1.982537,3.768615,3.426364,2.781815
SUNDARAM,Success,0.007267300000421528,0.00021500000002561137,0.00048409999999421416,3.6300000829214696e-05,0.009593700000550598,2010-06-02 09:15:00,2025-06-26 09:15:00,5503 days 00:00:00,100000.0,34244.327862,-65.755672,-87.465222,100.0,472.902935,67.666769,3184 days 00:00:00,8,8,0,0.0,0.0,-6.685513,-17.776116,0.0,-12.300473,0 days 00:00:00,28 days 09:00:00,0.0,-8219.459017,-0.620048,-0.103188,0.600318,-0.237534
SUNDARMFIN,Success,0.009340000000520376,0.0002672000000529806,0.0004910999996354803,7.60000002628658e-05,0.0123066000005565,1999-01-01 09:15:00,2025-06-26 09:15:00,9673 days 00:00:00,100000.0,167834.537512,67.834538,13188.737201,100.0,2110.455723,47.228561,3324 days 00:00:00,20,20,0,0.0,45.0,33.234055,-22.261911,22.267947,-10.402375,66 days 21:20:00,104 days 21:49:05,1.569551,3391.726876,0.211156,0.043157,1.104227,0.152941
SUNDARMHLD,Success,0.004162600000199745,0.00020980000044801272,0.00043540000024222536,3.319999996165279e-05,0.006324699999822769,2018-03-27 09:15:00,2025-06-26 09:15:00,2648 days 00:00:00,100000.0,126585.345832,26.585346,79.870371,100.0,549.235756,21.196485,1197 days 00:00:00,5,5,0,0.0,40.0,37.530077,-11.960966,32.360895,-9.907889,28 days 00:00:00,26 days 08:00:00,1.765198,5317.069166,0.317444,0.158664,1.304404,0.153263
SUNDRMBRAK,Success,0.009640700000090874,0.00023940000028233044,0.00048660000084055355,4.140000055485871e-05,0.012210599999889382,1999-01-04 09:15:00,2025-06-26 09:15:00,9670 days 00:00:00,100000.0,360946.145487,260.946145,863.495066,100.0,2980.490502,33.496346,6789 days 00:00:00,16,16,0,0.0,50.0,43.939023,-15.238575,33.088053,-11.26056,121 days 09:00:00,43 days 18:00:00,2.524236,16309.134093,0.419216,0.157255,1.226148,0.285351
SUNDRMFAST,Success,0.009837900000093214,0.00024699999994481914,0.0004898000006505754,4.270000044925837e-05,0.012480800000048475,1999-01-01 09:15:00,2025-06-26 09:15:00,9673 days 00:00:00,100000.0,141336.798248,41.336798,5239.2,100.0,2511.444047,46.126961,7682 days 00:00:00,21,21,0,0.0,38.095238,30.929348,-15.166218,23.970291,-9.63941,59 days 18:00:00,43 days 09:13:50,1.259294,1968.418964,0.174737,0.02918,1.095701,0.102841
SUNDROP,Success,0.008562799999708659,0.00024190000021917513,0.0004839000002903049,4.369999987829942e-05,0.011390900000151305,2003-01-01 09:15:00,2025-06-26 09:15:00,8212 days 00:00:00,100000.0,97831.228698,-2.168771,2069.910371,100.0,1367.192911,33.802602,3222 days 00:00:00,13,12,1,525.200274,25.0,55.686302,-13.358978,35.209359,-9.378858,94 days 00:00:00,43 days 00:00:00,0.973278,-224.497631,0.051415,-0.003032,1.033508,0.025359
SUNFLAG,Success,0.008451800000329968,0.00021879999985685572,0.000488700000460085,3.840000044874614e-05,0.011027300000023388,2005-09-29 09:15:00,2025-06-26 09:15:00,7210 days 00:00:00,100000.0,144293.164113,44.293164,1185.562687,100.0,1733.91148,41.994508,1347 days 00:00:00,11,11,0,0.0,36.363636,42.546317,-13.350504,36.108838,-11.328884,109 days 12:00:00,44 days 17:08:34,1.327046,4026.651283,0.200891,0.045556,1.115875,0.114729
SUNPHARMA,Success,0.009602099999938218,0.00027150000005349284,0.0004972999995516147,4.8099999730766285e-05,0.0125475999993796,1999-01-01 09:15:00,2025-06-26 09:15:00,9673 days 00:00:00,100000.0,267539.224066,167.539224,73311.244684,100.0,7137.472653,50.8008,4847 days 00:00:00,32,31,1,-5696.91232,41.935484,49.58343,-21.593652,20.844419,-7.133105,78 days 00:00:00,26 days 05:19:59,1.587613,5588.262464,0.345491,0.075793,1.165146,0.205811
SUNTECK,Success,0.008582399999795598,0.00022710000030201627,0.00047219999942171853,3.859999924316071e-05,0.010995700000421493,2009-11-13 09:15:00,2025-06-26 09:15:00,5704 days 00:00:00,100000.0,52191.765715,-47.808234,71.221078,100.0,748.138214,47.808403,4493 days 00:00:00,11,11,0,0.0,9.090909,32.303256,-11.113658,32.303256,-8.678825,28 days 00:00:00,39 days 16:48:00,0.264729,-4346.203117,-0.372174,-0.086826,0.799399,-0.158288
SUNTV,Success,0.008434200000010605,0.00027740000041376334,0.0005200000005061156,3.9200000173877925e-05,0.01097010000012233,2006-04-24 09:15:00,2025-06-26 09:15:00,7003 days 00:00:00,100000.0,89454.255468,-10.545745,61.08968,100.0,1033.891472,40.909961,6646 days 00:00:00,9,9,0,0.0,22.222222,33.849697,-11.631286,29.638727,-8.356772,41 days 12:00:00,44 days 13:42:51,0.853231,-1171.749392,-0.026412,-0.014437,0.982232,-0.010362
SUPERHOUSE,Success,0.00467320000007021,0.00018360000012762612,0.00044640000032813987,3.170000036334386e-05,0.006984300000112853,2014-09-26 09:15:00,2025-06-26 09:15:00,3926 days 00:00:00,100000.0,60268.49804,-39.731502,-32.578091,100.0,588.071513,46.126728,3269 days 00:00:00,8,8,0,0.0,12.5,27.461913,-13.566248,27.461913,-9.938318,62 days 00:00:00,42 days 10:17:08,0.30733,-4966.437745,-0.28937,-0.101655,0.841466,-0.124214
SUPERSPIN,Success,0.008704900000338966,0.00030340000012074597,0.0005914999992455705,5.439999949885532e-05,0.011570300000130374,1999-01-01 09:15:00,2025-06-26 09:15:00,9673 days 00:00:00,100000.0,300204.477356,200.204477,239.6875,100.0,2203.76501,52.255387,412 days 00:00:00,8,8,0,0.0,50.0,84.058267,-20.449427,57.785948,-15.247352,524 days 06:00:00,28 days 06:00:00,1.997271,25025.55967,0.297838,0.102924,1.214766,0.250676
SUPRAJIT,Success,0.00887200000033772,0.00023070000042935135,0.00047670000003563473,3.899999956047395e-05,0.011757199999919976,2005-02-18 09:15:00,2025-06-26 09:15:00,7433 days 00:00:00,100000.0,238483.960606,138.483961,5693.014273,100.0,2979.301669,48.362877,3774 days 00:00:00,15,15,0,0.0,46.666667,50.225825,-17.314619,30.3585,-11.027623,96 days 00:00:00,36 days 00:00:00,1.739852,9232.26404,0.379891,0.093912,1.206116,0.239723
SUPREME,Success,0.002290800000082527,0.0001658000001043547,0.00038750000021536835,2.570000015111873e-05,0.003769099999772152,2025-02-03 09:15:00,2025-06-26 09:15:00,143 days 00:00:00,100000.0,100000.0,0.0,3.652194,100.0,0.0,0.0,,0,0,0,0.0,,,,,,,,,,,,,
SUPREMEENG,Success,0.002887100000407372,0.0001654999996389961,0.00045730000056209974,2.840000070136739e-05,0.005095999999866763,2020-12-04 09:15:00,2025-06-23 09:15:00,1662 days 00:00:00,100000.0,64311.350075,-35.68865,630.844765,100.0,229.089589,38.788703,1111 days 00:00:00,3,3,0,0.0,0.0,-11.807013,-15.802074,0.0,-13.493772,0 days 00:00:00,48 days 08:00:00,0.0,-11896.216642,-0.703908,-0.256842,0.684397,-0.468627
SUPREMEIND,Success,0.009301399999458226,0.00024870000015653204,0.00045569999929284677,8.029999935388332e-05,0.012113899999349087,1999-01-01 09:15:00,2025-06-26 09:15:00,9673 days 00:00:00,100000.0,222240.203972,122.240204,24755.113636,100.0,2788.974758,46.737841,2329 days 00:00:00,21,21,0,0.0,42.857143,29.242861,-14.807329,23.271329,-8.177557,86 days 00:00:00,20 days 20:00:00,1.977278,5820.962094,0.330006,0.066913,1.212247,0.190992
SUPRIYA,Success,0.002514599999813072,0.0001596000001882203,0.00044799999977840343,2.6700000489654485e-05,0.004630699999324861,2021-12-28 09:15:00,2025-06-26 09:15:00,1276 days 00:00:00,100000.0,135153.05724,35.153057,74.133295,100.0,537.510905,21.936627,139 days 00:00:00,4,4,0,0.0,50.0,32.957119,-11.28099,31.276665,-11.102319,87 days 12:00:00,29 days 00:00:00,2.09587,8788.26431,0.513427,0.416629,1.215547,0.425634
SURAJEST,Success,0.002153100000214181,0.0001560000000608852,0.0003946999995605438,2.8399999791872688e-05,0.004141999999774271,2023-12-26 09:15:00,2025-06-26 09:15:00,548 days 00:00:00,100000.0,125821.865733,25.821866,9.970105,100.0,265.601425,14.512207,254 days 00:00:00,2,2,0,0.0,50.0,40.468362,-10.090823,40.468362,-10.090823,22 days 00:00:00,15 days 00:00:00,2.801155,12910.932867,1.186137,1.153431,2.039985,0.628011
SURAJLTD,Success,0.0018345999997109175,0.00013620000027003698,0.0003890999996656319,2.2700000045006163e-05,0.003315199999633478,2024-08-29 09:15:00,2025-06-26 09:15:00,301 days 00:00:00,100000.0,100000.0,0.0,25.307754,100.0,0.0,0.0,,0,0,0,0.0,,,,,,,,,,,,,
SURAKSHA,Success,0.0017907000001287088,0.00013669999952981016,0.0003961000002163928,2.3400000827678014e-05,0.00318520000018907,2024-12-06 09:15:00,2025-06-26 09:15:00,202 days 00:00:00,100000.0,100000.0,0.0,-19.808268,100.0,0.0,0.0,,0,0,0,0.0,,,,,,,,,,,,,
SURANASOL,Success,0.004228599999805738,0.0002272000001539709,0.00045080000018060673,2.880000010918593e-05,0.006417999999939639,2014-11-19 09:15:00,2025-06-26 09:15:00,3872 days 00:00:00,100000.0,66842.832928,-33.157167,-26.137689,100.0,584.471708,48.422655,3872 days 00:00:00,8,8,0,0.0,25.0,37.700645,-16.56461,33.365538,-14.799479,70 days 00:00:00,28 days 12:00:00,0.552201,-4144.645884,-0.197536,-0.078308,0.879672,-0.103539
SURANAT&P,Success,0.008789000000433589,0.00022950000038690632,0.0005338999999366933,4.079999962414149e-05,0.011474899999484478,2002-07-01 09:15:00,2025-06-26 09:15:00,8396 days 00:00:00,100000.0,43106.300642,-56.893699,1133.255014,100.0,746.99926,57.709378,7941 days 00:00:00,12,12,0,0.0,16.666667,56.350949,-23.504036,45.906123,-14.385037,190 days 12:00:00,35 days 09:35:59,0.448534,-4741.141613,-0.186807,-0.06447,0.895589,-0.081097
SURYALAXMI,Success,0.00849740000012389,0.00030020000031072414,0.0005903000001126202,3.8299999687296804e-05,0.01105959999949846,2005-06-15 09:15:00,2025-06-26 09:15:00,7316 days 00:00:00,100000.0,51259.749847,-48.74025,-50.742063,100.0,408.611781,52.399187,6791 days 00:00:00,6,6,0,0.0,0.0,-8.416908,-11.238029,0.0,-10.362035,0 days 00:00:00,25 days 04:00:00,0.0,-8123.375025,-0.578266,-0.066876,0.499354,-0.121649
SURYAROSNI,Success,0.009964800000489049,0.0002566999992268393,0.00047979999999370193,4.179999996267725e-05,0.012613300000339223,1999-01-01 09:15:00,2025-06-26 09:15:00,9673 days 00:00:00,100000.0,1350651.63979,1250.65164,10720.8,100.0,7598.278244,30.369888,148 days 00:00:00,16,16,0,0.0,68.75,66.396313,-15.826693,35.251738,-12.226484,63 days 21:49:05,36 days 19:11:59,7.316033,78165.727487,0.71225,0.352626,1.537116,0.440797
SURYODAY,Success,0.0027781999997387175,0.000158200000441866,0.0004682000007960596,3.510000078676967e-05,0.004846299999371695,2021-03-26 09:15:00,2025-06-26 09:15:00,1553 days 00:00:00,100000.0,124833.256314,24.833256,-50.579552,100.0,259.711502,8.344531,25 days 00:00:00,2,2,0,0.0,50.0,35.057015,-7.191062,35.057015,-7.191062,75 days 00:00:00,1 days 00:00:00,3.499751,12416.628157,0.536873,0.652684,1.547484,0.238546
SUTLEJTEX,Success,0.00814989999980753,0.00021629999992001103,0.0004492999996728031,3.680000008898787e-05,0.010800199999721372,2006-12-14 09:15:00,2025-06-26 09:15:00,6769 days 00:00:00,100000.0,136539.885444,36.539885,136.08677,100.0,1334.837176,32.379238,2899 days 00:00:00,10,10,0,0.0,40.0,34.113744,-13.562274,29.47174,-10.999868,23 days 12:00:00,75 days 08:00:00,1.388191,3653.988544,0.198904,0.054656,1.136836,0.104677
SUVEN,Success,0.008825400000205263,0.00025129999994533136,0.0004643000002033659,4.079999962414149e-05,0.011546099999577564,2003-10-24 09:15:00,2025-06-26 09:15:00,7916 days 00:00:00,100000.0,85236.930078,-14.76307,25006.380664,100.0,1165.059284,69.824738,7266 days 00:00:00,19,19,0,0.0,31.578947,34.387944,-22.401376,27.643453,-11.377905,52 days 00:00:00,43 days 00:00:00,0.858429,-777.00368,0.020664,-0.010972,1.011173,0.011943
SUVIDHAA,Success,0.0026168000003963243,0.00015310000071622198,0.00047820000054343836,4.089999947609613e-05,0.004584700000123121,2021-03-31 09:15:00,2025-06-26 09:15:00,1548 days 00:00:00,100000.0,100000.0,0.0,-96.335878,100.0,0.0,0.0,,0,0,0,0.0,,,,,,,,,,,,,
SUYOG,Success,0.002016899999944144,0.00014229999942472205,0.0004230999993524165,2.8399999791872688e-05,0.003585899999961839,2024-08-20 09:15:00,2025-06-26 09:15:00,310 days 00:00:00,100000.0,100000.0,0.0,-40.3895,100.0,0.0,0.0,,0,0,0,0.0,,,,,,,,,,,,,
SUZLON,Success,0.008121800000481016,0.00022480000006908085,0.0004419999995661783,3.870000000461005e-05,0.010675100000298698,2005-10-19 09:15:00,2025-06-26 09:15:00,7190 days 00:00:00,100000.0,39345.94445,-60.654056,-49.269551,100.0,706.884921,60.654056,7190 days 00:00:00,12,12,0,0.0,16.666667,34.539631,-26.683265,28.505822,-12.968093,47 days 00:00:00,25 days 04:48:00,0.322562,-5054.504629,-0.397236,-0.077781,0.7291,-0.143715
SVLL,Success,0.0023250000003827154,0.00014370000008057104,0.000425100000029488,2.8399999791872688e-05,0.004260300000169082,2023-04-21 09:15:00,2025-06-26 09:15:00,797 days 00:00:00,100000.0,134754.984171,34.754984,396.223146,100.0,276.783246,19.682729,56 days 00:00:00,2,2,0,0.0,50.0,42.410951,-4.966387,42.410951,-4.966387,75 days 00:00:00,12 days 00:00:00,5.750622,17377.492086,1.048578,0.77417,1.616643,0.710571
SVPGLOB,Success,0.0026947000005748123,0.0001554000000396627,0.000449599999228667,2.6199999410891905e-05,0.004786000000422064,2021-07-14 09:15:00,2025-06-26 09:15:00,1443 days 00:00:00,100000.0,86065.420981,-13.934579,-96.950092,100.0,86.139236,14.351792,1346 days 00:00:00,1,1,0,0.0,0.0,-13.763997,-13.763997,0.0,-13.763997,0 days 00:00:00,21 days 00:00:00,0.0,-13934.579019,-0.638007,-0.263484,0.434339,-0.139218
SWANENERGY,Success,0.006967600000280072,0.00019880000036209822,0.00045419999969453784,3.199999991920777e-05,0.009223600000041188,2012-05-29 09:15:00,2025-06-26 09:15:00,4776 days 00:00:00,100000.0,97841.701972,-2.158298,524.381749,100.0,386.119238,17.123444,2309 days 00:00:00,4,4,0,0.0,25.0,30.18599,-11.658735,30.18599,-8.826424,36 days 00:00:00,22 days 08:00:00,0.922022,-539.574507,-0.003625,-0.009921,0.995244,-0.000945
SWARAJENG,Success,0.009630799999285955,0.00025610000011511147,0.0004939999998896383,5.070000042906031e-05,0.012601600000380131,1999-01-01 09:15:00,2025-06-26 09:15:00,9673 days 00:00:00,100000.0,123909.239951,23.90924,2489.118679,100.0,1687.76121,36.793026,3786 days 00:00:00,17,17,0,0.0,35.294118,35.686103,-14.065372,21.511304,-7.902755,89 days 12:00:00,56 days 02:10:54,1.26275,1406.425879,0.132713,0.022975,1.073369,0.069653
SWELECTES,Success,0.008547899999939546,0.0002173000002585468,0.00048150000020541484,5.469999996421393e-05,0.01117210000029445,2006-11-02 09:15:00,2025-06-26 09:15:00,6811 days 00:00:00,100000.0,112608.676737,12.608677,425.56545,100.0,2281.065505,48.22679,1766 days 00:00:00,19,19,0,0.0,31.578947,41.100438,-13.665865,33.078826,-11.198882,43 days 16:00:00,36 days 01:09:13,1.0667,663.614565,0.11992,0.013527,1.069294,0.086409
SWIGGY,Success,0.0019394000000829692,0.0001422000004822621,0.0005112999997436418,3.0000000151630957e-05,0.003512399999635818,2024-11-13 09:15:00,2025-06-26 09:15:00,225 days 00:00:00,100000.0,100000.0,0.0,-11.129386,100.0,0.0,0.0,,0,0,0,0.0,,,,,,,,,,,,,
SWSOLAR,Success,0.004425799999808078,0.0001815999994505546,0.0004487999995035352,3.119999928458128e-05,0.0066580999991856515,2019-08-20 09:15:00,2025-06-26 09:15:00,2137 days 00:00:00,100000.0,82474.676994,-17.525323,-56.912697,100.0,172.497306,19.974415,1256 days 00:00:00,2,2,0,0.0,0.0,-8.449893,-9.591444,0.0,-9.020668,0 days 00:00:00,39 days 00:00:00,0.0,-8762.661503,-0.551901,-0.164647,0.617014,-0.16618
SYMPHONY,Success,0.007158099999287515,0.00020309999945311574,0.0004633999997167848,3.6100000215810724e-05,0.00952430000052118,2011-06-15 09:15:00,2025-06-26 09:15:00,5125 days 00:00:00,100000.0,75834.217151,-24.165783,829.216479,100.0,751.532323,39.157997,3706 days 00:00:00,8,8,0,0.0,25.0,28.425155,-16.197799,25.308017,-11.134674,41 days 00:00:00,25 days 02:32:30,0.648616,-3020.722856,-0.14602,-0.050834,0.889895,-0.057909
SYNCOMF,Success,0.0023956000004545785,0.00015189999976428226,0.0005152000003363355,3.4499999856052455e-05,0.004562299999633979,2022-11-18 09:15:00,2025-06-26 09:15:00,951 days 00:00:00,100000.0,99528.027212,-0.471973,137.530864,100.0,335.462402,26.165206,199 days 00:00:00,4,3,1,2081.115566,33.333333,26.312835,-12.542094,26.312835,-11.900809,18 days 00:00:00,43 days 00:00:00,0.91077,-851.029452,0.084975,-0.007036,1.046801,0.076626
SYNGENE,Success,0.004493700000239187,0.00018809999983204762,0.00045059999956720276,3.499999911582563e-05,0.00674070000059146,2015-08-11 09:15:00,2025-06-26 09:15:00,3607 days 00:00:00,100000.0,71943.118371,-28.056882,315.842873,100.0,583.286851,29.364013,3087 days 00:00:00,7,7,0,0.0,14.285714,14.861924,-9.700986,14.861924,-7.284881,69 days 00:00:00,51 days 20:00:00,0.29873,-4008.125947,-0.348569,-0.113688,0.831913,-0.194679
SYRMA,Success,0.002292699999998149,0.00016279999999824213,0.0005409999994299142,3.2300000384566374e-05,0.0046314999999594875,2022-08-26 09:15:00,2025-06-26 09:15:00,1035 days 00:00:00,100000.0,83261.324053,-16.738676,73.703704,100.0,173.886463,18.782049,527 days 00:00:00,3,2,1,1415.455719,0.0,-7.266768,-11.453824,0.0,-9.360296,0 days 00:00:00,16 days 12:00:00,0.0,-9077.065833,-1.161116,-0.338387,0.324252,-0.30088
TAINWALCHM,Success,0.008508899999469577,0.0002268999996886123,0.0004776999994646758,4.42000000475673e-05,0.011207800000192947,1999-01-01 09:15:00,2025-06-26 09:15:00,9673 days 00:00:00,100000.0,399176.326893,299.176327,8103.333333,100.0,2776.654658,62.357206,5443 days 00:00:00,9,9,0,0.0,55.555556,189.897181,-34.03181,66.462797,-19.170404,85 days 00:00:00,26 days 00:00:00,2.237221,33241.814099,0.374866,0.110586,1.341545,0.16119
TAJGVK,Success,0.009516600000097242,0.00027520000003278255,0.0005061000001660432,4.039999930682825e-05,0.012221199999657983,2000-12-20 09:15:00,2025-06-26 09:15:00,8954 days 00:00:00,100000.0,120054.13529,20.054135,4404.395604,100.0,1477.408357,41.491527,2520 days 00:00:00,12,12,0,0.0,33.333333,44.767731,-22.093226,37.707753,-12.37805,115 days 00:00:00,99 days 06:00:00,1.151526,1671.177941,0.126519,0.018619,1.066755,0.0924
TALBROAUTO,Success,0.008515000000443251,0.00033229999917239184,0.00046829999973851955,3.8500000300700776e-05,0.011171400000421272,2006-09-29 09:15:00,2025-06-26 09:15:00,6845 days 00:00:00,100000.0,182862.834422,82.862834,2276.948279,100.0,1782.995421,31.785511,3599 days 00:00:00,12,12,0,0.0,41.666667,44.281101,-16.274696,33.810745,-11.055123,75 days 14:23:59,20 days 00:00:00,1.666239,6905.236202,0.301433,0.107692,1.236807,0.143679
TANLA,Success,0.007936199999676319,0.00022499999977299012,0.0004637000001821434,3.710000055434648e-05,0.010336600000300677,2007-01-05 09:15:00,2025-06-26 09:15:00,6747 days 00:00:00,100000.0,176146.089013,76.146089,239.844667,100.0,1186.393286,36.726067,2925 days 00:00:00,8,8,0,0.0,37.5,62.410359,-19.332066,51.380115,-12.128022,119 days 16:00:00,27 days 14:24:00,1.884924,9518.261127,0.294074,0.08644,1.213756,0.171881
TARACHAND,Success,0.0028707999999824096,0.0002947000002677669,0.0004600000002028537,3.290000040578889e-05,0.005132600000251841,2018-03-23 09:15:00,2025-06-26 09:15:00,2652 days 00:00:00,100000.0,75957.961246,-24.042039,526.503581,100.0,166.140064,24.042039,2652 days 00:00:00,2,2,0,0.0,0.0,-9.777396,-15.477639,0.0,-12.627517,0 days 00:00:00,29 days 12:00:00,0.0,-12021.019377,-0.622021,-0.204141,0.515372,-0.225345
TARAPUR,Success,0.004987199999959557,0.0002047000007223687,0.0004571999998006504,3.459999970800709e-05,0.007426800000757794,2010-05-18 09:15:00,2025-06-26 09:15:00,5518 days 00:00:00,100000.0,106828.876115,6.828876,-51.82927,100.0,954.942719,41.021873,367 days 00:00:00,10,10,0,0.0,40.0,58.292413,-24.783993,29.258956,-13.792572,44 days 18:00:00,29 days 16:00:00,1.078641,682.887612,0.121187,0.012242,1.078613,0.068217
TARC,Success,0.0026434000001245295,0.00015440000061062165,0.00045119999958842527,2.9599999834317714e-05,0.0048129999995580874,2020-12-18 09:15:00,2025-06-26 09:15:00,1651 days 00:00:00,100000.0,133192.084146,33.192084,792.834508,100.0,282.13414,17.184721,97 days 00:00:00,2,2,0,0.0,50.0,49.06074,-10.287676,49.06074,-10.287676,108 days 00:00:00,18 days 00:00:00,3.132892,16596.042073,0.471872,0.387283,1.351871,0.284978
TARIL,Success,0.008274199999505072,0.00021490000017365674,0.0004721000004792586,3.790000027947826e-05,0.010809299999891664,2007-12-28 09:15:00,2025-06-26 09:15:00,6390 days 00:00:00,100000.0,161461.187089,61.461187,1235.207405,100.0,1835.097415,32.271031,667 days 00:00:00,12,12,0,0.0,41.666667,42.847567,-19.701385,37.435788,-14.242286,51 days 09:36:00,49 days 17:08:34,1.37212,5121.765591,0.257764,0.087823,1.156876,0.164585
TARMAT,Success,0.006673099999716214,0.0003434000000197557,0.0005255999994915328,4.55999997939216e-05,0.009431800000129442,2012-10-04 09:15:00,2025-06-26 09:15:00,4648 days 00:00:00,100000.0,89188.374031,-10.811626,176.22449,100.0,594.831287,43.115256,3942 days 00:00:00,6,6,0,0.0,33.333333,39.105565,-18.277335,33.247986,-15.500658,42 days 00:00:00,29 days 00:00:00,0.838753,-1801.937661,-0.015764,-0.022222,0.987069,-0.00652
TARSONS,Success,0.002669200000127603,0.00021049999941169517,0.0004034999992654775,3.060000017285347e-05,0.004925199999888719,2021-11-26 09:15:00,2025-06-26 09:15:00,1308 days 00:00:00,100000.0,77244.174596,-22.755825,-53.176932,100.0,165.455707,22.755825,1308 days 00:00:00,2,2,0,0.0,0.0,-11.260072,-12.677514,0.0,-11.968793,0 days 00:00:00,51 days 12:00:00,0.0,-11377.912702,-0.557562,-0.309809,0.662158,-0.244187
TASTYBITE,Success,0.004256100000020524,0.00017409999964002054,0.0004098999997950159,3.1800000215298496e-05,0.006787600000279781,2017-03-23 09:15:00,2025-06-26 09:15:00,3017 days 00:00:00,100000.0,101057.65381,1.057654,139.892218,100.0,783.970243,28.670542,1380 days 00:00:00,7,7,0,0.0,28.571429,29.974479,-9.707685,24.759659,-8.336734,52 days 12:00:00,34 days 09:35:59,1.021518,151.093401,0.066283,0.00452,1.045671,0.040891
TATACHEM,Success,0.010538999999880616,0.00025350000032631215,0.0004933999998684158,4.3000000005122274e-05,0.01344280000012077,1999-01-01 09:15:00,2025-06-26 09:15:00,9673 days 00:00:00,100000.0,191864.104226,91.864104,1993.24897,100.0,5637.853752,50.608914,3170 days 00:00:00,23,23,0,0.0,34.782609,34.498564,-13.000891,25.320303,-7.065601,71 days 12:00:00,31 days 08:00:00,1.32777,3994.091488,0.282327,0.050217,1.154107,0.165536
TATACOMM,Success,0.010605100000248058,0.00030280000009952346,0.0006014000000504893,4.309999985707691e-05,0.014025399999809451,1994-11-03 09:15:00,2025-06-26 09:15:00,11193 days 00:00:00,100000.0,253019.33217,153.019332,709.976431,100.0,2657.570231,31.065006,4235 days 00:00:00,21,21,0,0.0,42.857143,33.38291,-10.398135,25.126682,-8.276153,75 days 21:20:00,36 days 12:00:00,2.253482,7286.634865,0.332798,0.109713,1.197099,0.18476
TATACONSUM,Success,0.0090223999995942,0.0002575999997134204,0.0005847000002177083,5.030000011174707e-05,0.01184339999963413,2006-11-02 09:15:00,2025-06-26 09:15:00,6811 days 00:00:00,100000.0,138956.38684,38.956387,1430.240629,100.0,1951.642735,27.455014,1165 days 00:00:00,16,16,0,0.0,37.5,23.091732,-9.787747,19.122449,-6.619641,59 days 20:00:00,79 days 16:48:00,1.465745,2434.774178,0.209169,0.06611,1.090789,0.144345
TATAELXSI,Success,0.009980599999835249,0.0002745000001596054,0.0004901000002064393,4.360000002634479e-05,0.012660999999752676,1999-01-01 09:15:00,2025-06-26 09:15:00,9673 days 00:00:00,100000.0,850119.644066,750.119644,17827.142857,100.0,8521.732159,32.7875,955 days 00:00:00,19,19,0,0.0,57.894737,60.965288,-15.446079,32.009709,-9.871359,84 days 02:10:54,45 days 09:00:00,3.13403,39479.981267,0.590541,0.262055,1.331697,0.346752
TATAINVEST,Success,0.008432300000094983,0.00022400000034394907,0.00045560000035038684,3.889999970851932e-05,0.011240400000133377,2005-07-07 09:15:00,2025-06-26 09:15:00,7294 days 00:00:00,100000.0,119178.087456,19.178087,2322.7627,100.0,1722.955463,41.510986,2394 days 00:00:00,15,15,0,0.0,33.333333,32.348029,-12.677476,21.543834,-7.291399,75 days 14:23:59,78 days 09:36:00,1.219556,1278.539164,0.132803,0.021693,1.06904,0.087704
TATAMOTORS,Success,0.011572600000363309,0.000273399999969115,0.000502799999594572,4.540000009001233e-05,0.014413300000342133,1991-01-02 09:15:00,2025-06-26 09:15:00,12594 days 00:00:00,100000.0,56024.014371,-43.975986,3023.584459,100.0,1828.196937,47.96278,9605 days 00:00:00,25,25,0,0.0,20.0,33.708294,-15.802521,25.455065,-7.91681,66 days 00:00:00,27 days 04:48:00,0.652142,-1759.039425,-0.099935,-0.036114,0.937925,-0.037241
TATAPOWER,Success,0.009915600000567792,0.0002708000001803157,0.0005019000000174856,4.170000011072261e-05,0.012795499999811,1999-01-01 09:15:00,2025-06-26 09:15:00,9673 days 00:00:00,100000.0,148535.530356,48.53553,3869.364732,100.0,2472.695037,46.519732,6468 days 00:00:00,25,25,0,0.0,36.0,33.08819,-19.975411,25.668051,-9.440741,58 days 18:40:00,53 days 15:00:00,1.312178,1941.421214,0.1801,0.033013,1.085881,0.094237
TATASTEEL,Success,0.010700099999667145,0.00027130000034958357,0.0004929999995511025,4.639999951905338e-05,0.013941399999566784,1994-11-03 09:15:00,2025-06-26 09:15:00,11193 days 00:00:00,100000.0,102182.350869,2.182351,853.155654,100.0,2731.06542,33.728723,3293 days 00:00:00,28,28,0,0.0,25.0,45.720261,-12.368345,25.929682,-6.934017,92 days 03:25:42,16 days 09:08:34,1.014471,77.941102,0.064913,0.002126,1.037253,0.030727
TATATECH,Success,0.002136199999767996,0.0001435999993191217,0.00039000000015221303,2.7299999601382297e-05,0.004055499999594758,2023-11-30 09:15:00,2025-06-26 09:15:00,574 days 00:00:00,100000.0,93821.909163,-6.178091,-46.416603,100.0,93.064977,7.172686,253 days 00:00:00,1,1,0,0.0,0.0,-6.043329,-6.043329,0.0,-6.043329,0 days 00:00:00,16 days 00:00:00,0.0,-6178.090837,-0.881605,-0.561405,0.479941,-0.319279
TATVA,Success,0.0025456000003032386,0.0001542999998491723,0.0005738999998357031,4.1599999349273276e-05,0.00481359999957931,2021-07-29 09:15:00,2025-06-26 09:15:00,1428 days 00:00:00,100000.0,95739.016115,-4.260984,-60.025084,100.0,426.78184,35.27939,1256 days 00:00:00,4,4,0,0.0,25.0,24.571067,-12.217591,24.571067,-8.182156,5 days 00:00:00,56 days 08:00:00,0.850052,-1065.245971,-0.01877,-0.031852,0.990132,-0.0094
TBOTEK,Success,0.0019609000000855303,0.00013899999976274557,0.0005495000004884787,2.8100000236008782e-05,0.003632599999946251,2024-05-15 09:15:00,2025-06-26 09:15:00,407 days 00:00:00,100000.0,100000.0,0.0,-5.994454,100.0,0.0,0.0,,0,0,0,0.0,,,,,,,,,,,,,
TBZ,Success,0.006865700000162178,0.00021889999970881036,0.0005566999998336541,4.839999928663019e-05,0.00926549999985582,2012-05-14 09:15:00,2025-06-26 09:15:00,4791 days 00:00:00,100000.0,99692.504661,-0.307495,64.091308,100.0,262.675237,32.658678,4553 days 00:00:00,3,3,0,0.0,33.333333,32.665368,-13.892863,32.665368,-13.057366,67 days 00:00:00,21 days 00:00:00,0.98755,-102.498446,0.035946,-0.000732,1.039214,0.009108
TCI,Success,0.008932400000048801,0.00023270000019692816,0.00048130000050150556,3.890000061801402e-05,0.011471599999822502,2002-01-22 09:15:00,2025-06-26 09:15:00,8556 days 00:00:00,100000.0,354850.116369,254.850116,31304.621804,100.0,2945.662141,28.645741,1034 days 00:00:00,13,13,0,0.0,61.538462,55.716924,-19.950175,28.78205,-12.984431,60 days 15:00:00,21 days 19:12:00,2.7362,19603.855105,0.534702,0.201046,1.440788,0.250342
TCIEXP,Success,0.004865400000198861,0.00018170000021200394,0.0004747000002680579,3.390000074432464e-05,0.00714960000004794,2016-12-15 09:15:00,2025-06-26 09:15:00,3115 days 00:00:00,100000.0,91810.383945,-8.189616,116.408575,100.0,573.866272,23.73401,1512 days 00:00:00,6,6,0,0.0,16.666667,35.84781,-11.206989,35.84781,-7.29953,75 days 00:00:00,29 days 14:24:00,0.780452,-1364.936009,-0.060471,-0.042697,0.959394,-0.033203
TCIFINANCE,Success,0.008233300000028976,0.00024329999996552942,0.00047680000079708407,4.2100000428035855e-05,0.010916100000031292,1999-01-01 09:15:00,2025-06-26 09:15:00,9673 days 00:00:00,100000.0,36289.89011,-63.71011,132.941176,100.0,1074.254608,77.004931,7253 days 00:00:00,17,17,0,0.0,17.647059,74.174722,-42.518052,54.844681,-14.527488,37 days 00:00:00,82 days 06:51:25,0.589052,-3747.653523,-0.063512,-0.071414,0.970636,-0.044444
TCPLPACK,Success,0.004637400000319758,0.0002567999999882886,0.0004828000000998145,3.3600000278966036e-05,0.007027900000139198,2017-10-17 09:15:00,2025-06-26 09:15:00,2809 days 00:00:00,100000.0,171803.561721,71.803562,454.116249,100.0,832.394146,25.147312,906 days 00:00:00,6,6,0,0.0,50.0,43.484545,-12.244356,34.233177,-10.200064,162 days 08:00:00,18 days 00:00:00,2.620933,11967.260287,0.463762,0.294957,1.231111,0.371507
TCS,Success,0.008667599999171216,0.00022540000009030337,0.00047450000056414865,4.11000000895001e-05,0.011261800000283984,2004-08-25 09:15:00,2025-06-26 09:15:00,7610 days 00:00:00,100000.0,111346.745938,11.346746,2687.023607,100.0,2394.868526,35.771701,7041 days 00:00:00,19,19,0,0.0,31.578947,17.787386,-11.459646,14.630709,-5.0269,63 days 20:00:00,24 days 16:36:55,1.1266,597.197155,0.109524,0.014735,1.062646,0.050971
TDPOWERSYS,Success,0.007147500000428408,0.00023289999990083743,0.0004706999998234096,3.51999997292296e-05,0.009620400000130758,2011-09-08 09:15:00,2025-06-26 09:15:00,5040 days 00:00:00,100000.0,105613.803243,5.613803,881.19891,100.0,725.910937,54.705532,4325 days 00:00:00,10,10,0,0.0,30.0,34.696792,-13.434781,30.93682,-9.894313,98 days 00:00:00,43 days 06:51:25,1.106736,561.380324,0.110273,0.007402,1.060925,0.055374
TEAMLEASE,Success,0.004529900000306952,0.00027599999975791434,0.0005659999997078557,4.56000007034163e-05,0.007211099999949511,2016-02-12 09:15:00,2025-06-26 09:15:00,3422 days 00:00:00,100000.0,108744.537831,8.744538,96.490199,100.0,932.735318,35.522991,2065 days 00:00:00,7,7,0,0.0,28.571429,34.571971,-9.51424,29.353529,-7.911107,60 days 12:00:00,29 days 14:24:00,1.153842,1249.21969,0.139932,0.025762,1.09246,0.08814
TECHM,Success,0.008253599999989092,0.00022769999941374408,0.00047850000009930227,4.0099999750964344e-05,0.010752299999694515,2006-08-28 09:15:00,2025-06-26 09:15:00,6877 days 00:00:00,100000.0,122206.255755,22.206256,1119.810555,100.0,1543.682192,33.180228,1763 days 00:00:00,14,14,0,0.0,35.714286,17.983601,-9.630596,16.428887,-5.726466,74 days 19:11:59,40 days 00:00:00,1.375143,1586.161125,0.168553,0.032912,1.090214,0.077721
TECHNOE,Success,0.004261299999598123,0.00016990000040095765,0.000434099999438331,3.0700000024808105e-05,0.006921000000147615,2018-12-04 09:15:00,2025-06-26 09:15:00,2396 days 00:00:00,100000.0,178693.144797,78.693145,429.70916,100.0,564.549725,27.47933,421 days 00:00:00,4,4,0,0.0,75.0,32.421063,-12.045299,27.08979,-12.045299,69 days 16:00:00,35 days 00:00:00,6.075423,19673.286199,0.706146,0.342357,1.455856,0.40569
TEGA,Success,0.0025923000002876506,0.00018839999938791152,0.0004417000000103144,2.789999962260481e-05,0.004631300000255578,2021-12-13 09:15:00,2025-06-26 09:15:00,1291 days 00:00:00,100000.0,139747.448822,39.747449,103.222921,100.0,418.536041,13.243568,268 days 00:00:00,3,3,0,0.0,66.666667,34.699116,-13.190167,27.546782,-13.190167,90 days 12:00:00,19 days 00:00:00,2.863211,13249.149607,0.71607,0.760361,1.384408,0.57233
TEJASNET,Success,0.0042492000002312125,0.00019429999974818202,0.0004239999998389976,3.3400000575056765e-05,0.006402899999557121,2017-06-27 09:15:00,2025-06-26 09:15:00,2921 days 00:00:00,100000.0,81337.715923,-18.662284,172.56167,100.0,549.990111,27.718011,938 days 00:00:00,6,6,0,0.0,16.666667,36.908348,-11.020099,36.908348,-9.707199,120 days 00:00:00,23 days 04:47:59,0.612053,-3110.38068,-0.168954,-0.093471,0.907663,-0.096633
TEMBO,Success,0.0029204999991634395,0.00015830000029382063,0.00043590000041149324,2.9400000130408444e-05,0.005134900000484777,2021-04-23 09:15:00,2025-06-26 09:15:00,1525 days 00:00:00,100000.0,81282.325624,-18.717674,341.235911,100.0,410.013264,32.221441,1263 days 00:00:00,5,5,0,0.0,20.0,24.419109,-12.270948,24.419109,-9.857062,48 days 00:00:00,29 days 12:00:00,0.480921,-3743.534875,-0.36479,-0.152284,0.822822,-0.197879
TERASOFT,Success,0.003964800000176183,0.00017750000006344635,0.0004256000001987559,2.9599999834317714e-05,0.006040700000085053,2016-12-29 09:15:00,2025-06-26 09:15:00,3101 days 00:00:00,100000.0,167392.994157,67.392994,159.839925,100.0,556.363097,31.27544,1078 days 00:00:00,5,5,0,0.0,60.0,37.874012,-15.756715,33.178104,-15.253222,54 days 00:00:00,7 days 12:00:00,3.368184,13478.598831,0.435979,0.203504,1.380575,0.207793
TEXINFRA,Success,0.008570299999519193,0.00022480000006908085,0.0004620000008799252,3.949999972974183e-05,0.011322199999995064,2004-09-09 09:15:00,2025-06-26 09:15:00,7595 days 00:00:00,100000.0,115757.661922,15.757662,1775.553687,100.0,1182.437452,29.242446,2779 days 00:00:00,10,10,0,0.0,30.0,56.40909,-11.439422,36.823334,-10.264234,96 days 00:00:00,26 days 00:00:00,1.175657,1575.766192,0.118301,0.024607,1.08578,0.062064
TEXMOPIPES,Success,0.00743270000020857,0.00021839999953954248,0.0004808000003322377,4.489999992074445e-05,0.010006999999859545,2010-03-10 09:15:00,2025-06-26 09:15:00,5587 days 00:00:00,100000.0,45009.426673,-54.990573,-52.774331,100.0,584.037335,62.743432,3279 days 00:00:00,8,8,0,0.0,12.5,49.452285,-19.825939,49.452285,-15.530279,32 days 00:00:00,78 days 13:42:51,0.382607,-6873.821666,-0.210654,-0.082434,0.887515,-0.13115
TEXRAIL,Success,0.007886500000495289,0.0002058000000033644,0.00047870000071270624,3.949999972974183e-05,0.010555099999692175,2011-03-17 09:15:00,2025-06-26 09:15:00,5215 days 00:00:00,100000.0,46186.38136,-53.813619,180.878062,100.0,731.999115,64.494614,5075 days 00:00:00,13,13,0,0.0,15.384615,41.759778,-23.120467,35.081018,-11.410512,54 days 00:00:00,37 days 00:00:00,0.34946,-4139.509126,-0.326911,-0.08319,0.841607,-0.164144
TFCILTD,Success,0.009342400000605267,0.00024680000024090987,0.0005810000002384186,4.690000059781596e-05,0.012297799999942072,1999-01-01 09:15:00,2025-06-26 09:15:00,9673 days 00:00:00,100000.0,135914.754331,35.914754,1747.04,100.0,2103.217453,57.562491,1457 days 00:00:00,16,16,0,0.0,37.5,41.378053,-23.867441,33.96214,-13.019801,58 days 00:00:00,50 days 09:36:00,1.204505,2244.672146,0.15539,0.021111,1.10493,0.083859
TFL,Success,0.007864999999583233,0.00021529999958147528,0.0005990999998175539,3.8099999983387534e-05,0.010395799999969313,2007-02-26 09:15:00,2025-06-26 09:15:00,6695 days 00:00:00,100000.0,307255.670011,207.25567,-62.96707,100.0,1838.808218,40.580612,4311 days 09:00:00,8,8,0,0.0,50.0,74.438891,-16.977137,53.271266,-12.925888,189 days 18:00:00,20 days 12:00:00,2.572431,25906.958751,0.438396,0.184103,1.215247,0.342923
TGBHOTELS,Success,0.00471560000005411,0.00018929999987449264,0.00044329999946057796,3.4699999559961725e-05,0.007059399999889138,2013-05-31 09:15:00,2025-06-26 09:15:00,4409 days 00:00:00,100000.0,100557.099965,0.5571,-74.673469,100.0,686.338728,32.81801,923 days 00:00:00,6,6,0,0.0,33.333333,47.679061,-18.182055,39.872436,-14.980736,10 days 12:00:00,78 days 06:00:00,1.007426,92.849994,0.067261,0.001431,1.040866,0.035615
THANGAMAYL,Success,0.007917299999462557,0.0002196000004914822,0.0004890000000159489,3.769999966607429e-05,0.010376499999438238,2010-02-19 09:15:00,2025-06-26 09:15:00,5606 days 00:00:00,100000.0,96854.00454,-3.145995,5373.418815,100.0,1227.366533,40.017127,3924 days 00:00:00,13,13,0,0.0,30.769231,36.781379,-11.631352,26.845955,-9.982316,39 days 18:00:00,44 days 00:00:00,0.965464,-241.999651,0.053683,-0.005299,1.033643,0.024713
THEINVEST,Success,0.00441549999959534,0.00017670000033831457,0.0004460000000108266,3.3600000278966036e-05,0.0066285000002608285,2017-08-02 09:15:00,2025-06-26 09:15:00,2885 days 00:00:00,100000.0,83194.014408,-16.805986,-51.025723,100.0,83.183912,16.805986,2885 days 00:00:00,1,1,0,0.0,0.0,-16.655155,-16.655155,0.0,-16.655155,0 days 00:00:00,15 days 00:00:00,0.0,-16805.985592,-0.533777,-0.139321,0.313744,-0.071532
THEJO,Success,0.003858800000671181,0.00016520000008313218,0.0004399999997986015,2.9099999665049836e-05,0.005987200000163284,2014-05-15 09:15:00,2025-06-26 09:15:00,4060 days 00:00:00,100000.0,196659.571658,96.659572,2538.708134,100.0,972.477584,30.252887,828 days 00:00:00,7,7,0,0.0,57.142857,34.144306,-14.097712,27.5569,-8.720461,66 days 00:00:00,35 days 08:00:00,3.630524,13808.510237,0.673409,0.344514,1.491824,0.474024
THEMISMED,Success,0.004351900000074238,0.00019439999960013665,0.0004712999998446321,3.6100000215810724e-05,0.006715900000017427,2015-12-09 09:15:00,2025-06-26 09:15:00,3487 days 00:00:00,100000.0,153856.453155,53.856453,208.324559,100.0,916.318086,35.227585,1226 days 00:00:00,7,7,0,0.0,42.857143,44.970109,-16.03863,35.475889,-10.832561,81 days 00:00:00,55 days 18:00:00,1.908706,7693.779022,0.346902,0.133589,1.182661,0.238752
THERMAX,Success,0.009611800000129733,0.0002480000002833549,0.0004571999998006504,4.0099999750964344e-05,0.012450199999875622,1999-01-01 09:15:00,2025-06-26 09:15:00,9673 days 00:00:00,100000.0,84635.817909,-15.364182,12029.597198,100.0,1644.622804,43.984342,3186 days 00:00:00,15,15,0,0.0,26.666667,25.093457,-11.790219,21.973118,-8.112433,61 days 18:00:00,40 days 06:32:43,0.850456,-1024.278806,-0.038344,-0.014564,0.975709,-0.018571
THOMASCOOK,Success,0.009996800000408257,0.00030590000005759066,0.0005774000001110835,5.870000040886225e-05,0.012935599999764236,1999-01-01 09:15:00,2025-06-26 09:15:00,9673 days 00:00:00,100000.0,39609.200436,-60.3908,1198.145422,100.0,1036.680187,68.895684,9673 days 00:00:00,19,19,0,0.0,15.789474,31.557057,-16.439188,30.018241,-9.909076,41 days 00:00:00,42 days 10:30:00,0.378845,-3178.463135,-0.256121,-0.050867,0.859702,-0.113619
THOMASCOTT,Success,0.004234999999425781,0.00017750000006344635,0.0006051999998817337,3.670000023703324e-05,0.0066505000004326575,2012-02-13 09:15:00,2025-06-26 09:15:00,4882 days 00:00:00,100000.0,133257.133594,33.257134,1164.310345,100.0,829.087141,31.62344,1135 days 00:00:00,7,7,0,0.0,42.857143,32.616837,-15.535854,26.433421,-9.404899,72 days 16:00:00,11 days 12:00:00,1.695671,4751.019085,0.286281,0.097941,1.188525,0.174684
THYROCARE,Success,0.004382699999951001,0.00019969999993918464,0.0005115000003570458,3.730000025825575e-05,0.006802900000366208,2016-05-09 09:15:00,2025-06-26 09:15:00,3335 days 00:00:00,100000.0,103443.90451,3.443905,62.055594,100.0,617.411983,26.464369,3101 days 00:00:00,7,7,0,0.0,28.571429,21.111641,-7.468808,20.31707,-6.24348,78 days 12:00:00,23 days 19:12:00,1.11829,491.986359,0.086676,0.014268,1.054233,0.04231
TI,Success,0.007315900000321562,0.0002252000003863941,0.0005660000006173505,4.360000002634479e-05,0.009803400000237161,2010-07-16 09:15:00,2025-06-26 09:15:00,5459 days 00:00:00,100000.0,113622.281786,13.622282,531.219154,100.0,871.682975,63.12832,4587 days 00:00:00,12,12,0,0.0,33.333333,40.776721,-13.321926,31.704925,-11.125281,54 days 00:00:00,37 days 15:00:00,1.205311,1135.190149,0.130796,0.013842,1.074776,0.085004
TICL,Success,0.0017319000007773866,0.00014689999989059288,0.00039180000021588057,2.7400000362831634e-05,0.003186200000527606,2025-02-03 09:15:00,2025-06-26 09:15:00,143 days 00:00:00,100000.0,100000.0,0.0,-46.632549,100.0,0.0,0.0,,0,0,0,0.0,,,,,,,,,,,,,
TIIL,Success,0.00809780000054161,0.0002199000000473461,0.0005344999999579159,4.0300000364368316e-05,0.010615600000164704,2007-02-12 09:15:00,2025-06-26 09:15:00,6709 days 00:00:00,100000.0,182227.785031,82.227785,2907.696152,100.0,1835.426596,36.199011,556 days 00:00:00,11,11,0,0.0,45.454545,40.688775,-12.868496,29.036744,-10.167213,133 days 09:36:00,38 days 16:00:00,1.741844,7475.253185,0.291522,0.095709,1.147175,0.203214
TIINDIA,Success,0.0041258000001107575,0.00017299999944953015,0.0004534999998213607,3.239999932702631e-05,0.006575999999768101,2017-11-02 09:15:00,2025-06-26 09:15:00,2793 days 00:00:00,100000.0,227949.609636,127.94961,1029.17532,100.0,2160.37996,32.196819,1235 days 00:00:00,14,13,1,7372.10241,46.153846,32.534781,-10.229167,26.90841,-8.313929,71 days 12:00:00,30 days 20:34:17,2.176952,9275.192864,0.696576,0.35966,1.283942,0.622148
TIJARIA,Success,0.004456199999367527,0.00019100000008620555,0.0004830999996556784,3.6100000215810724e-05,0.006717500000377186,2015-12-09 09:15:00,2025-06-26 09:15:00,3487 days 00:00:00,100000.0,92665.599922,-7.3344,73.829787,100.0,342.262797,42.020356,3487 days 00:00:00,4,4,0,0.0,25.0,48.133068,-18.255815,48.133068,-14.092378,164 days 00:00:00,22 days 08:00:00,0.81445,-1833.600019,0.0091,-0.019384,1.005702,0.004461
TIL,Success,0.009598799999366747,0.00025610000011511147,0.0004943000003549969,4.059999992023222e-05,0.01223530000061146,1999-01-01 09:15:00,2025-06-26 09:15:00,9673 days 00:00:00,100000.0,78375.646262,-21.624354,7177.89697,100.0,1819.135234,57.758554,3983 days 00:00:00,20,20,0,0.0,30.0,39.844397,-15.895037,29.078764,-11.535542,33 days 12:00:00,30 days 15:25:42,0.863218,-1081.217687,0.011242,-0.017648,1.007774,0.00498
TIMESGTY,Success,0.007950000000164437,0.0002266000001327484,0.0005688999999620137,4.600000011123484e-05,0.010653399999682733,2002-06-11 09:15:00,2025-06-26 09:15:00,8416 days 00:00:00,100000.0,163355.48136,63.355481,1845.136612,100.0,1822.283494,52.68995,2224 days 00:00:00,12,11,1,5131.300879,36.363636,49.174353,-17.023896,40.33102,-11.659419,55 days 12:00:00,18 days 17:08:34,1.397228,5293.107316,0.243111,0.052015,1.183909,0.136467
TIMETECHNO,Success,0.008338999999978114,0.0002193000000261236,0.00047390000054292614,4.160000025876798e-05,0.010952999999972235,2007-06-13 09:15:00,2025-06-26 09:15:00,6588 days 00:00:00,100000.0,129614.040695,29.614041,849.365792,100.0,991.438694,40.91091,1230 days 00:00:00,11,11,0,0.0,36.363636,46.890912,-25.628099,34.417866,-11.771157,101 days 18:00:00,64 days 17:08:34,1.388928,2692.185518,0.170886,0.036097,1.088555,0.100756
TIMKEN,Success,0.007986399999936111,0.0002207000006819726,0.0006209000002854737,4.400000034365803e-05,0.010757900000498921,2007-02-06 09:15:00,2025-06-26 09:15:00,6715 days 00:00:00,100000.0,213400.385888,113.400386,1897.543559,100.0,2304.937458,32.597421,2814 days 00:00:00,13,13,0,0.0,46.153846,40.670322,-10.358756,26.227641,-8.27222,117 days 20:00:00,38 days 03:25:42,2.036354,8723.106607,0.34277,0.131736,1.178963,0.232221
TIPSFILMS,Success,0.0024938999995356426,0.00015269999948941404,0.0004287000001568231,3.1800000215298496e-05,0.0044797999998991145,2022-10-06 09:15:00,2025-06-26 09:15:00,994 days 00:00:00,100000.0,117926.364904,17.926365,33.169591,100.0,251.19485,17.637988,102 days 00:00:00,2,2,0,0.0,50.0,33.965853,-11.551471,33.965853,-11.551471,111 days 00:00:00,21 days 00:00:00,2.145839,8963.182452,0.412578,0.359431,1.23799,0.299768
TIPSMUSIC,Success,0.008739800000512332,0.00024050000047282083,0.0005201000003580702,4.270000044925837e-05,0.01141250000000582,2000-11-20 09:15:00,2025-06-26 09:15:00,8984 days 00:00:00,100000.0,64773.256285,-35.226744,1911.992205,100.0,1200.664744,66.556436,6358 days 00:00:00,15,15,0,0.0,26.666667,47.479784,-30.335116,39.038973,-14.223555,122 days 06:00:00,37 days 00:00:00,0.762298,-2348.449581,-0.023055,-0.027927,0.986763,-0.014029
TIRUMALCHM,Success,0.009782000000086555,0.0002420999999230844,0.0009049999998751446,6.500000017695129e-05,0.013075900000330876,1999-01-01 09:15:00,2025-06-26 09:15:00,9673 days 00:00:00,100000.0,210611.025767,110.611026,6620.567535,100.0,2874.616721,39.640791,5410 days 00:00:00,15,15,0,0.0,40.0,52.915001,-18.401666,38.357249,-11.999509,70 days 20:00:00,26 days 05:19:59,1.498449,7374.068384,0.274509,0.075668,1.204416,0.152142
TIRUPATIFL,Success,0.004336599999987811,0.000172299999576353,0.0004714999995485414,3.790000027947826e-05,0.006781999999475374,2017-10-12 09:15:00,2025-06-26 09:15:00,2814 days 00:00:00,100000.0,78954.678336,-21.045322,1691.432663,100.0,402.05448,30.836671,2814 days 00:00:00,5,5,0,0.0,20.0,20.440262,-12.91548,20.440262,-9.745144,16 days 00:00:00,7 days 18:00:00,0.399449,-4209.064333,-0.426014,-0.108306,0.605323,-0.084597
TITAGARH,Success,0.008042399999794725,0.00021660000038536964,0.00046860000020387815,3.790000027947826e-05,0.010612800000671996,2008-04-21 09:15:00,2025-06-26 09:15:00,6275 days 00:00:00,100000.0,141888.952242,41.888952,564.073019,100.0,1435.968772,49.420397,5316 days 00:00:00,12,11,1,12092.856593,27.272727,66.018925,-13.81492,46.290009,-9.976203,194 days 00:00:00,23 days 00:00:00,1.265073,2708.735968,0.213059,0.042467,1.116526,0.127156
TITAN,Success,0.00977969999985362,0.00024529999973310623,0.0004931999992550118,4.129999979340937e-05,0.012521799999376526,1999-01-01 09:15:00,2025-06-26 09:15:00,9673 days 00:00:00,100000.0,434991.778297,334.991778,84109.68661,100.0,6322.991081,36.057272,7368 days 00:00:00,26,25,1,24445.85378,52.0,45.835793,-13.693242,22.00746,-8.476703,58 days 07:23:04,25 days 20:00:00,2.233392,12421.836981,0.502382,0.161565,1.311403,0.271335
TMB,Success,0.002424500000415719,0.00015250000069499947,0.00041059999966819305,3.399999968678458e-05,0.004528700000264507,2022-09-15 09:15:00,2025-06-26 09:15:00,1015 days 00:00:00,100000.0,82536.031947,-17.463968,-13.440595,100.0,264.180824,17.463968,1015 days 00:00:00,4,3,1,-324.340654,0.0,-5.2731,-6.95614,0.0,-5.90317,0 days 00:00:00,25 days 00:00:00,0.0,-5713.209133,-1.503457,-0.387642,0.347056,-0.600407
TNPETRO,Success,0.01063499999963824,0.00026000000070780516,0.0005085000002509332,3.890000061801402e-05,0.013480800000252202,1994-11-03 09:15:00,2025-06-26 09:15:00,11193 days 00:00:00,100000.0,32493.709238,-67.506291,85.687204,100.0,812.520026,69.965672,8900 days 00:00:00,13,13,0,0.0,7.692308,26.891994,-15.908131,26.891994,-10.491991,61 days 00:00:00,40 days 08:00:00,0.206234,-5192.791597,-0.4369,-0.052729,0.716505,-0.161379
TNPL,Success,0.010144900000341295,0.0002752999998847372,0.0005199999995966209,4.079999962414149e-05,0.0144321999996464,1999-01-01 09:15:00,2025-06-26 09:15:00,9673 days 00:00:00,100000.0,112089.131278,12.089131,755.844156,100.0,1706.335172,40.808791,2696 days 00:00:00,15,15,0,0.0,33.333333,41.101684,-14.518277,29.619475,-10.759275,102 days 09:36:00,57 days 09:36:00,1.094271,805.942085,0.095833,0.010796,1.054006,0.055144
TNTELE,Success,0.00845019999997021,0.0002230000000054133,0.00048580000020592706,4.059999992023222e-05,0.011114400000224123,1999-01-04 09:15:00,2025-06-26 09:15:00,9670 days 00:00:00,100000.0,58960.447153,-41.039553,167.045455,100.0,893.242471,52.539277,9568 days 00:00:00,12,12,0,0.0,25.0,57.622753,-28.976578,40.755617,-15.040428,28 days 00:00:00,25 days 16:00:00,0.66075,-3419.962737,-0.094972,-0.049882,0.914557,-0.031076
TOKYOPLAST,Success,0.009115900000324473,0.00026590000015858095,0.00046070000007603085,4.020000051241368e-05,0.01160130000062054,1995-10-11 09:15:00,2025-06-26 09:15:00,10851 days 00:00:00,100000.0,129727.948118,29.727948,236.654457,100.0,1303.130426,58.408966,3066 days 00:00:00,11,11,0,0.0,36.363636,58.161467,-25.253385,48.675042,-16.764509,94 days 00:00:00,54 days 10:17:08,1.208918,2702.540738,0.153014,0.019824,1.108092,0.073717
TOLINS,Success,0.0018835000000763102,0.0001368000002912595,0.0004409000002851826,2.4300000404764432e-05,0.0034538999998403597,2024-09-16 09:15:00,2025-06-26 09:15:00,283 days 00:00:00,100000.0,100000.0,0.0,-32.982456,100.0,0.0,0.0,,0,0,0,0.0,,,,,,,,,,,,,
TORNTPHARM,Success,0.01077019999956974,0.0002753999997366918,0.0004902999999103486,4.660000013245735e-05,0.013832499999807624,1994-11-03 09:15:00,2025-06-26 09:15:00,11193 days 00:00:00,100000.0,69236.002285,-30.763998,15524.242424,100.0,1519.663466,54.274715,10340 days 00:00:00,22,22,0,0.0,27.272727,43.088171,-18.077749,21.634364,-8.758427,40 days 12:00:00,25 days 10:30:00,0.727372,-1398.363532,-0.067663,-0.022599,0.947366,-0.02182
TORNTPOWER,Success,0.008440800000244053,0.0002432000001135748,0.0004820000003746827,3.860000015265541e-05,0.010932899999716028,2006-11-28 09:15:00,2025-06-26 09:15:00,6785 days 00:00:00,100000.0,127295.368546,27.295369,1957.323944,100.0,1149.56747,49.524607,6362 days 00:00:00,13,13,0,0.0,38.461538,28.499969,-24.796097,23.423647,-9.060257,57 days 14:24:00,23 days 09:00:00,1.376969,2099.643734,0.174683,0.026927,1.12996,0.064238
TOTAL,Success,0.003127699999822653,0.00015890000031504314,0.00043310000000928994,3.0100000003585592e-05,0.005343699999684759,2020-08-28 09:15:00,2025-06-26 09:15:00,1763 days 00:00:00,100000.0,77943.881348,-22.056119,228.192308,100.0,164.166106,22.056119,1763 days 00:00:00,2,2,0,0.0,0.0,-9.296738,-13.727563,0.0,-11.51215,0 days 00:00:00,12 days 12:00:00,0.0,-11028.059326,-0.861249,-0.231337,0.313387,-0.183838
TOUCHWOOD,Success,0.00284170000031736,0.00015700000039942097,0.0005221999999776017,0.00013639999997394625,0.005292799999551789,2020-01-21 09:15:00,2025-06-26 09:15:00,1983 days 00:00:00,100000.0,183122.759231,83.122759,38.160372,100.0,317.931269,11.629415,32 days 00:00:00,2,2,0,0.0,100.0,36.276317,34.969813,35.623065,0.0,40 days 12:00:00,0 days 00:00:00,inf,41561.379615,1.015377,1.029648,2.328324,0.555489
TPHQ,Success,0.002594399999907182,0.00015160000020841835,0.0004326999996919767,2.5899999855028e-05,0.004589600000144856,2015-12-09 09:15:00,2025-06-26 09:15:00,3487 days 00:00:00,100000.0,93577.233021,-6.422767,116.030608,100.0,408.229775,22.2107,302 days 00:00:00,4,4,0,0.0,25.0,27.33819,-13.090704,27.33819,-9.47576,21 days 00:00:00,21 days 00:00:00,0.793046,-1605.691745,-0.083505,-0.074765,0.951834,-0.046431
TPLPLASTEH,Success,0.00440820000039821,0.00018060000002151355,0.00046269999984360766,3.260000084992498e-05,0.006820300000072166,2015-05-20 09:15:00,2025-06-26 09:15:00,3690 days 00:00:00,100000.0,192750.303848,92.750304,310.21601,100.0,747.803104,33.188251,434 days 00:00:00,5,5,0,0.0,60.0,37.614766,-14.272531,36.376909,-12.356566,101 days 08:00:00,73 days 12:00:00,3.531906,18550.06077,0.434744,0.206477,1.254975,0.306251
TRACXN,Success,0.0022164000001794193,0.0001503000003140187,0.00039280000055441633,2.7799999770650174e-05,0.004284200000256533,2022-10-20 09:15:00,2025-06-26 09:15:00,980 days 00:00:00,100000.0,87744.449015,-12.255551,-36.986595,100.0,87.83183,13.618777,492 days 00:00:00,1,1,0,0.0,0.0,-12.079942,-12.079942,0.0,-12.079942,0 days 00:00:00,30 days 00:00:00,0.0,-12255.550985,-0.820076,-0.354408,0.497682,-0.256543
TRANSRAILL,Success,0.001787000000149419,0.00013579999995272374,0.00044330000037007267,2.5299999833805487e-05,0.003525899999658577,2024-12-27 09:15:00,2025-06-26 09:15:00,181 days 00:00:00,100000.0,100000.0,0.0,14.488303,100.0,0.0,0.0,,0,0,0,0.0,,,,,,,,,,,,,
TRANSWORLD,Success,0.008215800000471063,0.00022179999996296829,0.0004711999999926775,3.9599999581696466e-05,0.010662699999556935,2006-04-03 09:15:00,2025-06-26 09:15:00,7024 days 00:00:00,100000.0,153433.631088,53.433631,38.80899,100.0,2141.84557,60.030058,3601 days 00:00:00,16,16,0,0.0,37.5,39.668393,-19.150397,37.778766,-13.52143,46 days 04:00:00,14 days 16:47:59,1.273352,3339.601943,0.222593,0.039739,1.185531,0.094915
TREEHOUSE,Success,0.00828910000018368,0.00021430000015243422,0.000488700000460085,3.699999979289714e-05,0.010872099999687634,2011-08-26 09:15:00,2025-06-26 09:15:00,5053 days 00:00:00,100000.0,98628.35824,-1.371642,-93.35034,100.0,1065.648464,29.933597,1690 days 00:00:00,10,10,0,0.0,30.0,37.164841,-14.35221,33.470046,-11.517899,88 days 00:00:00,31 days 00:00:00,0.985224,-137.164176,0.052859,-0.0034,1.027934,0.029132
TREJHARA,Success,0.004080300000168791,0.00016589999995630933,0.00045169999975769315,2.989999939018162e-05,0.006213499999830674,2018-12-28 09:15:00,2025-06-26 09:15:00,2372 days 00:00:00,100000.0,121686.809675,21.68681,257.276164,100.0,504.334893,25.913256,191 days 00:00:00,4,4,0,0.0,50.0,28.947396,-11.715754,24.245558,-10.794815,21 days 12:00:00,63 days 00:00:00,1.739466,5421.702419,0.324418,0.120474,1.222953,0.165803
TREL,Success,0.0020779999995284015,0.0001467000001866836,0.0004374999998617568,3.1599999601894524e-05,0.0036172000000078697,2023-08-10 09:15:00,2025-06-26 09:15:00,686 days 00:00:00,100000.0,100000.0,0.0,-7.41356,100.0,0.0,0.0,,0,0,0,0.0,,,,,,,,,,,,,
TRENT,Success,0.00883090000024822,0.00024149999990186188,0.00044939999952475773,4.129999979340937e-05,0.011506799999551731,2004-06-07 09:15:00,2025-06-26 09:15:00,7689 days 00:00:00,100000.0,125487.178117,25.487178,24831.618698,100.0,1081.268286,50.863627,6095 days 00:00:00,13,13,0,0.0,30.769231,32.105862,-9.242761,26.496407,-7.308586,111 days 18:00:00,50 days 10:39:59,1.457996,1960.552163,0.154689,0.021717,1.083757,0.100309
TRF,Success,0.007511300000260235,0.00020900000072288094,0.00048270000024785986,3.5400000342633575e-05,0.009817600000133098,2010-01-08 09:15:00,2025-06-26 09:15:00,5648 days 00:00:00,100000.0,82932.214595,-17.067785,-44.047965,100.0,321.406615,38.440913,3768 days 00:00:00,4,4,0,0.0,25.0,21.254656,-14.771756,21.254656,-11.614669,47 days 00:00:00,38 days 16:00:00,0.456889,-4266.946351,-0.125308,-0.03217,0.887396,-0.04681
TRIDENT,Success,0.009252599999854283,0.00023430000055668643,0.0004839000002903049,4.129999979340937e-05,0.011763100000280247,2002-03-28 09:15:00,2025-06-26 09:15:00,8491 days 00:00:00,100000.0,55842.385524,-44.157614,8895.728439,100.0,740.468239,70.675674,8389 days 00:00:00,15,15,0,0.0,26.666667,36.326824,-25.833014,26.013408,-12.291045,69 days 06:00:00,62 days 06:32:43,0.484041,-2943.840965,-0.080947,-0.03569,0.956196,-0.044412
TRIGYN,Success,0.00856370000019524,0.0002457000000504195,0.0004496000001381617,3.8299999687296804e-05,0.011134499999570835,2005-07-26 09:15:00,2025-06-26 09:15:00,7275 days 00:00:00,100000.0,59783.035734,-40.216964,368.066298,100.0,772.108673,55.316762,3711 days 00:00:00,9,9,0,0.0,22.222222,46.611141,-18.43222,36.865949,-14.726277,52 days 00:00:00,40 days 10:17:08,0.5995,-4468.551585,-0.143069,-0.049799,0.899833,-0.066254
TRITURBINE,Success,0.007829999999557913,0.00020459999996091938,0.0004863999993176549,3.9200000173877925e-05,0.010172899999815854,2011-11-11 09:15:00,2025-06-26 09:15:00,4976 days 00:00:00,100000.0,114872.751248,14.872751,1420.75,100.0,1403.367441,39.801182,2913 days 00:00:00,10,10,0,0.0,30.0,39.572395,-15.095043,31.294783,-8.896145,108 days 00:00:00,31 days 10:17:08,1.157723,1487.275125,0.143375,0.026193,1.076068,0.085192
TRIVENI,Success,0.008937800000239804,0.00027879999925062293,0.0005037999999331078,4.10999991800054e-05,0.011464399999567831,2005-12-13 09:15:00,2025-06-26 09:15:00,7135 days 00:00:00,100000.0,146294.868749,46.294869,1384.194333,100.0,1083.080753,45.679564,4228 days 00:00:00,10,10,0,0.0,40.0,34.485822,-14.914695,30.759523,-10.5482,70 days 12:00:00,59 days 12:00:00,1.678342,4629.486875,0.213686,0.043907,1.132146,0.113289
TRU,Success,0.0025845999998637126,0.00016010000035748817,0.0004436000008354313,2.9400000130408444e-05,0.004605199999787146,2022-05-10 09:15:00,2025-06-26 09:15:00,1143 days 00:00:00,100000.0,88682.595752,-11.317404,-81.301446,100.0,88.769358,12.635307,507 days 00:00:00,1,1,0,0.0,0.0,-11.140089,-11.140089,0.0,-11.140089,0 days 00:00:00,12 days 00:00:00,0.0,-11317.404248,-0.83962,-0.315504,0.202571,-0.15758
TTKHLTCARE,Success,0.004127799999878334,0.00017149999985122122,0.00044550000075105345,3.0000000151630957e-05,0.00638749999961874,2015-12-02 09:15:00,2025-06-26 09:15:00,3494 days 00:00:00,100000.0,51669.782318,-48.330218,28.410637,100.0,468.724436,51.005974,3172 days 00:00:00,7,7,0,0.0,0.0,-4.325255,-12.211124,0.0,-8.858602,0 days 00:00:00,33 days 13:42:51,0.0,-6904.316812,-0.80014,-0.133036,0.585937,-0.280773
TTKPRESTIG,Success,0.010733599999184662,0.00025860000005195616,0.0005860999999640626,6.399999983841553e-05,0.013470300000335556,1995-02-13 09:15:00,2025-06-26 09:15:00,11091 days 00:00:00,100000.0,138764.442159,38.764442,8220.0,100.0,1979.206809,38.28099,332 days 00:00:00,17,17,0,0.0,35.294118,60.298509,-21.893344,35.733543,-12.167438,62 days 20:00:00,35 days 21:49:05,1.238833,2280.261303,0.151065,0.030604,1.113394,0.069825
TTL,Success,0.008486700000503333,0.0002311000007466646,0.0004710000002887682,3.5799999750452116e-05,0.011102000000391854,2007-02-22 09:15:00,2025-06-26 09:15:00,6699 days 00:00:00,100000.0,171859.17622,71.859176,407.794362,100.0,1042.769631,25.23338,1342 days 00:00:00,6,6,0,0.0,50.0,43.048284,-17.433341,37.430225,-12.364926,74 days 16:00:00,35 days 16:00:00,1.996527,11976.52937,0.313198,0.12423,1.283765,0.136149
TTML,Success,0.008672800000567804,0.00025409999943803996,0.0004816999999093241,4.2100000428035855e-05,0.011425000000599539,2005-01-14 09:15:00,2025-06-26 09:15:00,7468 days 00:00:00,100000.0,99566.668608,-0.433331,142.994963,100.0,1185.77694,45.778107,5816 days 00:00:00,10,9,1,-1103.168219,33.333333,31.677793,-16.432022,30.147091,-11.930896,101 days 08:00:00,42 days 08:00:00,1.006535,74.426314,0.063843,-0.000473,1.044208,0.034695
TVSELECT,Success,0.00950730000022304,0.00026449999950273195,0.00046829999973851955,4.11000000895001e-05,0.012036099999932048,2003-12-26 09:15:00,2025-06-26 09:15:00,7853 days 00:00:00,100000.0,353886.761088,253.886761,242.648253,100.0,4040.801175,50.275255,3601 days 00:00:00,18,18,0,0.0,44.444444,51.0099,-17.465029,39.568791,-12.552194,54 days 03:00:00,32 days 09:35:59,1.884826,14104.82006,0.412332,0.128041,1.278965,0.272481
TVSHLTD,Success,0.007158999999774096,0.00019489999976940453,0.0004605000003721216,3.930000002583256e-05,0.00942990000021382,2012-10-25 09:15:00,2025-06-26 09:15:00,4627 days 00:00:00,100000.0,154779.646534,54.779647,5319.135777,100.0,1099.181243,26.009155,1980 days 00:00:00,8,8,0,0.0,50.0,32.854664,-11.420352,23.087739,-8.801265,58 days 12:00:00,47 days 12:00:00,2.085324,6847.455817,0.423592,0.137672,1.292443,0.231854
TVSMOTOR,Success,0.00991150000027119,0.0002449000003252877,0.00047449999965465395,4.040000021632295e-05,0.012855500000114262,2001-12-03 09:15:00,2025-06-26 09:15:00,8606 days 00:00:00,100000.0,684809.612694,584.809613,33818.934569,100.0,8839.038644,27.066183,154 days 00:00:00,20,20,0,0.0,55.0,42.275846,-13.579564,28.434618,-8.152932,77 days 13:05:27,18 days 13:20:00,2.784885,29240.480635,0.694369,0.32195,1.429617,0.417987
TVSSCS,Success,0.0022503000000142492,0.00014910000027157366,0.0003955000001951703,2.8499999643827323e-05,0.004293500000130734,2023-08-23 09:15:00,2025-06-26 09:15:00,673 days 00:00:00,100000.0,92456.580298,-7.54342,-32.447761,100.0,92.445314,19.479877,289 days 00:00:00,1,1,0,0.0,0.0,-7.366169,-7.366169,0.0,-7.366169,0 days 00:00:00,76 days 00:00:00,0.0,-7543.419702,-0.330007,-0.21682,0.848751,-0.197325
TVSSRICHAK,Success,0.008383899999898858,0.00021909999941271963,0.00046610000026703347,3.5799999750452116e-05,0.01079570000001695,2007-02-13 09:15:00,2025-06-26 09:15:00,6708 days 00:00:00,100000.0,144471.018228,44.471018,2713.376684,100.0,2141.943472,37.956275,4999 days 00:00:00,14,14,0,0.0,35.714286,42.118417,-13.434851,29.310366,-9.356884,58 days 04:48:00,39 days 05:19:59,1.324049,3176.501302,0.229122,0.054794,1.139858,0.117967
TVTODAY,Success,0.00913499999933265,0.00029180000001360895,0.0005467000000862754,4.160000025876798e-05,0.011754699999983131,2004-01-16 09:15:00,2025-06-26 09:15:00,7832 days 00:00:00,100000.0,266388.228188,166.388228,-5.605265,100.0,2099.05168,33.15901,3158 days 00:00:00,10,10,0,0.0,50.0,56.065796,-12.949588,38.731495,-11.72248,87 days 00:00:00,82 days 04:48:00,2.276246,16638.822819,0.35991,0.143706,1.234818,0.254827
TVVISION,Success,0.00420620000022609,0.0001733999997668434,0.00045930000032967655,3.9000000469968654e-05,0.006678000000647444,2016-09-15 09:15:00,2025-06-26 09:15:00,3206 days 00:00:00,100000.0,141638.181014,41.638181,-97.050961,100.0,519.288305,32.097746,913 days 00:00:00,4,4,0,0.0,50.0,38.348794,-11.109704,32.572237,-9.776597,19 days 12:00:00,29 days 12:00:00,2.562943,10409.545254,0.518559,0.138417,1.517496,0.205935
UBL,Success,0.00895589999981894,0.00022730000000592554,0.0004816999999093241,4.130000070290407e-05,0.01146690000041417,2008-07-28 09:15:00,2025-06-26 09:15:00,6177 days 00:00:00,100000.0,202303.397182,102.303397,1172.691851,100.0,2807.943613,28.160579,4528 days 00:00:00,15,15,0,0.0,40.0,63.000238,-11.463231,28.747035,-7.824813,67 days 16:00:00,42 days 02:40:00,1.721531,6820.226479,0.357525,0.154243,1.205372,0.247418
UCAL,Success,0.011174999999639113,0.000255299999480485,0.000844899999719928,6.650000068475492e-05,0.014509999999972933,1995-05-15 09:15:00,2025-06-26 09:15:00,11000 days 00:00:00,100000.0,66004.033932,-33.995966,165.419838,100.0,1221.542932,64.874327,5418 days 00:00:00,15,14,1,3024.323593,21.428571,41.370331,-17.052089,38.15089,-11.935482,55 days 00:00:00,58 days 17:27:16,0.701769,-2644.306404,-0.056818,-0.021994,0.963366,-0.029973
UCOBANK,Success,0.00958360000004177,0.0002463999999235966,0.0005508000003828784,4.0500000068277586e-05,0.012357499999779975,2003-10-09 09:15:00,2025-06-26 09:15:00,7931 days 00:00:00,100000.0,107966.008944,7.966009,54.693878,100.0,1485.386551,37.719015,2011 days 00:00:00,16,16,0,0.0,37.5,34.607846,-22.149367,25.827651,-11.695501,70 days 20:00:00,40 days 14:24:00,1.067674,497.875559,0.092729,0.009548,1.050803,0.04649
UDAICEMENT,Success,0.0025763000003280467,0.00015280000025086338,0.0004498000007515657,2.8599999495781958e-05,0.004585399999996298,2021-12-23 09:15:00,2025-06-26 09:15:00,1281 days 00:00:00,100000.0,115758.407389,15.758407,8.037398,100.0,243.653585,13.536719,330 days 00:00:00,2,2,0,0.0,50.0,27.947494,-9.164526,27.947494,-9.164526,20 days 00:00:00,7 days 00:00:00,2.320782,7879.203694,0.512483,0.372302,1.979753,0.072361
UDS,Success,0.0028032999998686137,0.00018670000008569332,0.0004274000002624234,2.9099999665049836e-05,0.004808900000170979,2023-10-04 09:15:00,2025-06-26 09:15:00,631 days 00:00:00,100000.0,90241.847333,-9.758153,1.708352,100.0,90.041108,25.169669,232 days 00:00:00,1,1,0,0.0,0.0,-9.606003,-9.606003,0.0,-9.606003,0 days 00:00:00,81 days 00:00:00,0.0,-9758.152667,-0.306358,-0.232021,0.868476,-0.183209
UFLEX,Success,0.009363799999846378,0.00024299999950017082,0.0005832999995618593,4.73000000056345e-05,0.013156100000742299,2007-04-17 09:15:00,2025-06-26 09:15:00,6645 days 00:00:00,100000.0,102993.000833,2.993001,186.857545,100.0,1571.30594,40.288964,5645 days 00:00:00,13,13,0,0.0,23.076923,54.289104,-13.261392,35.106932,-7.957626,133 days 16:00:00,9 days 16:47:59,1.029001,230.230833,0.065642,0.004105,1.040866,0.031198
UFO,Success,0.004685799999606388,0.00019300000076327706,0.00048149999929592013,3.699999979289714e-05,0.006973399999878893,2015-05-14 09:15:00,2025-06-26 09:15:00,3696 days 00:00:00,100000.0,78125.248451,-21.874752,-87.738155,100.0,389.334096,46.733215,3599 days 00:00:00,5,5,0,0.0,20.0,29.410781,-19.836029,29.410781,-11.526446,72 days 00:00:00,16 days 00:00:00,0.446277,-4374.95031,-0.236627,-0.052443,0.795083,-0.081149
UGARSUGAR,Success,0.0076473000008263625,0.00021700000070268288,0.00048210000022663735,3.930000002583256e-05,0.009957300000678515,2010-08-23 09:15:00,2025-06-26 09:15:00,5421 days 00:00:00,100000.0,130596.126046,30.596126,215.100671,100.0,500.298878,23.331276,3902 days 00:00:00,5,5,0,0.0,40.0,38.164821,-12.533578,36.436826,-10.823501,113 days 00:00:00,13 days 00:00:00,1.933051,6119.225209,0.221451,0.079286,1.193269,0.088818
UGROCAP,Success,0.0027289999998174608,0.00015519999942625873,0.00044940000043425243,3.090000063821208e-05,0.004756999999699474,2021-08-11 09:15:00,2025-06-26 09:15:00,1415 days 00:00:00,100000.0,89556.315827,-10.443684,56.27334,100.0,89.566002,10.443684,1415 days 00:00:00,1,1,0,0.0,0.0,-10.272758,-10.272758,0.0,-10.272758,0 days 00:00:00,4 days 00:00:00,0.0,-10443.684173,-0.840972,-0.272708,0.0,-0.145844
UJJIVANSFB,Success,0.0052791999996770755,0.00022400000034394907,0.0006720999999743071,4.129999979340937e-05,0.008284200000161945,2019-12-12 09:15:00,2025-06-26 09:15:00,2023 days 00:00:00,100000.0,79617.198302,-20.382802,-12.243076,100.0,168.047907,25.265692,905 days 00:00:00,2,2,0,0.0,0.0,-9.679051,-11.503875,0.0,-10.591463,0 days 00:00:00,88 days 00:00:00,0.0,-10191.400849,-0.324533,-0.161707,0.811345,-0.119054
ULTRACEMCO,Success,0.010323500000595232,0.00023079999937181128,0.0004890999998679035,4.199999966658652e-05,0.012930200000482728,2004-08-24 09:15:00,2025-06-26 09:15:00,7611 days 00:00:00,100000.0,102990.400349,2.9904,4493.005204,100.0,2368.381097,33.327989,2183 days 00:00:00,23,23,0,0.0,30.434783,30.533002,-17.158203,19.108563,-6.814058,54 days 06:51:25,28 days 13:30:00,1.025097,130.017406,0.064994,0.004327,1.037309,0.04115
UMAEXPORTS,Success,0.00250170000072103,0.00016179999965970637,0.0004648000003726338,3.600000036385609e-05,0.004596700000547571,2022-04-07 09:15:00,2025-06-26 09:15:00,1176 days 00:00:00,100000.0,85724.751246,-14.275249,-29.172935,100.0,85.758908,15.951975,258 days 00:00:00,1,1,0,0.0,0.0,-14.111013,-14.111013,0.0,-14.111013,0 days 00:00:00,19 days 00:00:00,0.0,-14275.248754,-0.794051,-0.297259,0.415197,-0.276588
UMANGDAIRY,Success,0.004160999999839987,0.00017489999936515233,0.00046489999931509374,3.1599999601894524e-05,0.006446599999435421,2015-12-02 09:15:00,2025-06-26 09:15:00,3494 days 00:00:00,100000.0,71769.048139,-28.230952,18.904303,100.0,428.851033,56.635387,1953 days 00:00:00,6,6,0,0.0,16.666667,48.6492,-17.396702,48.6492,-13.312184,110 days 00:00:00,59 days 04:48:00,0.487915,-4705.158643,-0.124292,-0.061217,0.930569,-0.084064
UMESLTD,Success,0.004398699999910605,0.00018259999978909036,0.0004415000003064051,4.270000044925837e-05,0.006580500000382017,2010-07-12 09:15:00,2025-06-26 09:15:00,5463 days 00:00:00,100000.0,78558.122302,-21.441878,-87.771911,100.0,163.651128,21.441878,5463 days 00:00:00,2,2,0,0.0,0.0,-7.320259,-14.897777,0.0,-11.109018,0 days 00:00:00,9 days 12:00:00,0.0,-10720.938849,-0.448543,-0.093901,0.376489,-0.08376
UNICHEMLAB,Success,0.009879799999907846,0.00026230000003124587,0.0005080000000816653,4.200000057608122e-05,0.012622999999621243,1995-01-10 09:15:00,2025-06-26 09:15:00,11125 days 00:00:00,100000.0,345067.548927,245.067549,2826.341463,100.0,4661.045314,32.489586,1617 days 00:00:00,21,21,0,0.0,47.619048,48.943656,-16.063311,27.282665,-9.565432,79 days 12:00:00,68 days 17:27:16,2.022374,11669.883282,0.360795,0.136053,1.191205,0.219849
UNIDT,Success,0.002831700000569981,0.00015609999991283985,0.0004227999997965526,2.9600000743812416e-05,0.004840700000386278,2020-09-25 09:15:00,2025-06-26 09:15:00,1735 days 00:00:00,100000.0,120365.387004,20.365387,-12.434729,100.0,261.06065,20.094418,49 days 00:00:00,2,2,0,0.0,50.0,41.333036,-14.502127,41.333036,-14.502127,116 days 00:00:00,8 days 00:00:00,1.987329,10182.693502,0.314078,0.201124,1.279953,0.196276
UNIECOM,Success,0.001780999999937194,0.000309699999888835,0.0007511000003432855,4.1000000237545464e-05,0.0042138999997405335,2024-08-13 09:15:00,2025-06-26 09:15:00,317 days 00:00:00,100000.0,100000.0,0.0,-41.303313,100.0,0.0,0.0,,0,0,0,0.0,,,,,,,,,,,,,
UNIENTER,Success,0.008203899999898567,0.00022050000006856862,0.0004743999998026993,3.400000059627928e-05,0.010611400000016147,2004-01-23 09:15:00,2025-06-26 09:15:00,7825 days 00:00:00,100000.0,79604.209364,-20.395791,347.18208,100.0,1117.81758,57.240776,5833 days 00:00:00,10,10,0,0.0,20.0,69.569831,-15.464356,50.849276,-11.878304,162 days 00:00:00,29 days 15:00:00,0.824783,-2039.579064,-0.023839,-0.020125,0.981997,-0.008951
UNIINFO,Success,0.002884999999878346,0.0002524999999877764,0.00045990000035089906,2.790000053209951e-05,0.005046999999649415,2018-03-15 09:15:00,2025-06-26 09:15:00,2660 days 00:00:00,100000.0,73419.992821,-26.580007,-68.071749,100.0,157.927066,26.90155,2218 days 00:00:00,2,2,0,0.0,0.0,-12.838115,-15.43631,0.0,-14.137212,0 days 00:00:00,13 days 00:00:00,0.0,-13290.00359,-0.826749,-0.198202,0.273433,-0.139889
UNIMECH,Success,0.0017309000004388508,0.0001315000008617062,0.0004168999994362821,2.3800000235496555e-05,0.0035146999998687534,2024-12-31 09:15:00,2025-06-26 09:15:00,177 days 00:00:00,100000.0,100000.0,0.0,-8.773842,100.0,0.0,0.0,,0,0,0,0.0,,,,,,,,,,,,,
UNIONBANK,Success,0.009702800000013667,0.00026020000041171443,0.0005210999997871113,4.630000057659345e-05,0.012662600000112434,2002-09-24 09:15:00,2025-06-26 09:15:00,8311 days 00:00:00,100000.0,95683.654118,-4.316346,805.932722,100.0,2837.57394,70.617727,6385 days 00:00:00,20,20,0,0.0,30.0,35.677552,-17.593309,29.64147,-10.460708,81 days 08:00:00,32 days 06:51:25,0.981017,-215.817294,0.06353,-0.002803,1.032474,0.030348
UNIPARTS,Success,0.002408100000138802,0.00033999999959632987,0.0007039000001896056,4.170000011072261e-05,0.0051949999997304985,2022-12-12 09:15:00,2025-06-26 09:15:00,927 days 00:00:00,100000.0,91385.529107,-8.614471,-29.574727,100.0,91.109606,14.151147,660 days 00:00:00,1,1,0,0.0,0.0,-8.463315,-8.463315,0.0,-8.463315,0 days 00:00:00,68 days 00:00:00,0.0,-8614.470893,-0.501936,-0.249709,0.736483,-0.249776
UNITDSPR,Success,0.008538999999473162,0.0002223999999841908,0.0004934000007779105,4.1399999645364005e-05,0.011232299999392126,2006-11-02 09:15:00,2025-06-26 09:15:00,6811 days 00:00:00,100000.0,102114.202666,2.114203,836.40608,100.0,1657.486617,39.21681,5592 days 00:00:00,17,16,1,-3393.7043,31.25,37.636771,-12.814739,21.159103,-7.49399,92 days 14:23:59,33 days 17:27:16,1.059978,344.244185,0.068392,0.002919,1.034203,0.037431
UNITEDPOLY,Success,0.002727500000219152,0.00018929999987449264,0.0004380999998829793,2.7999999474559445e-05,0.004836000000068452,2016-06-07 09:15:00,2025-06-26 09:15:00,3306 days 00:00:00,100000.0,139227.795266,39.227795,342.5,100.0,492.118315,26.986467,1019 days 00:00:00,4,4,0,0.0,50.0,40.883289,-15.743584,38.389183,-14.370285,29 days 00:00:00,37 days 00:00:00,2.071801,9806.948817,0.622908,0.267843,1.448194,0.253777
UNITEDTEA,Success,0.0070887000001675915,0.00019830000019283034,0.0004447999999683816,3.330000072310213e-05,0.009354300000268267,2010-01-08 09:15:00,2025-06-26 09:15:00,5648 days 00:00:00,100000.0,110162.614269,10.162614,71.411918,100.0,429.457347,34.313432,3859 days 00:00:00,5,5,0,0.0,40.0,30.675798,-15.982803,27.401777,-11.736594,79 days 12:00:00,5 days 00:00:00,1.320406,2032.522854,0.120132,0.02067,1.121274,0.031137
UNIVASTU,Success,0.002709399999730522,0.00015729999995528487,0.0005915000001550652,3.060000017285347e-05,0.004966099999364815,2020-06-22 09:15:00,2025-06-26 09:15:00,1830 days 00:00:00,100000.0,85154.435792,-14.845564,636.867448,100.0,85.21631,24.1893,1417 days 00:00:00,1,1,0,0.0,0.0,-14.678558,-14.678558,0.0,-14.678558,0 days 00:00:00,21 days 00:00:00,0.0,-14845.564208,-0.393762,-0.131996,0.576333,-0.063716
UNIVCABLES,Success,0.008995000000140863,0.00023950000013428507,0.00046829999973851955,4.4299999899521936e-05,0.011532799999258714,1999-01-01 09:15:00,2025-06-26 09:15:00,9673 days 00:00:00,100000.0,689401.548185,589.401548,4434.807992,100.0,6786.459544,50.780992,3577 days 00:00:00,18,18,0,0.0,55.555556,63.089955,-33.616825,38.614552,-14.258418,92 days 00:00:00,33 days 00:00:00,2.438885,32744.530455,0.488619,0.17281,1.292822,0.311294
UNIVPHOTO,Success,0.002714600000217615,0.000156799999786017,0.0004627999996955623,2.790000053209951e-05,0.0047466999994867365,2020-02-14 09:15:00,2025-06-26 09:15:00,1959 days 00:00:00,100000.0,75497.3992,-24.502601,299.401012,100.0,162.031266,27.165334,1709 days 00:00:00,2,2,0,0.0,0.0,-12.706387,-13.204461,0.0,-12.955424,0 days 00:00:00,25 days 00:00:00,0.0,-12251.3004,-0.900112,-0.190775,0.397392,-0.241894
UNOMINDA,Success,0.010526800000661751,0.0003285000002506422,0.0005203000000619795,4.129999979340937e-05,0.01338690000011411,2007-02-02 09:15:00,2025-06-26 09:15:00,6719 days 00:00:00,100000.0,764070.839245,664.070839,17912.443784,100.0,8228.732365,31.429127,1241 days 00:00:00,15,15,0,0.0,60.0,61.503174,-12.052432,35.235863,-9.703486,45 days 08:00:00,85 days 04:00:00,2.671789,44271.389283,0.713248,0.390275,1.447593,0.573086
UPL,Success,0.009326800000053481,0.00021700000070268288,0.00045560000035038684,5.0800000281014945e-05,0.01170529999944847,2006-11-02 09:15:00,2025-06-26 09:15:00,6811 days 00:00:00,100000.0,93396.570707,-6.603429,551.10805,100.0,876.538707,40.185998,3360 days 00:00:00,10,10,0,0.0,30.0,27.755897,-17.45121,21.781219,-8.613237,36 days 08:00:00,26 days 06:51:25,0.883065,-660.342929,-0.011401,-0.009277,0.991361,-0.003896
URAVIDEF,Success,0.001897399999506888,0.00013969999963592272,0.0004048999999213265,3.299999934824882e-05,0.003707599999870581,2025-01-10 09:15:00,2025-06-26 09:15:00,167 days 00:00:00,100000.0,98467.6005,-1.532399,28.563982,100.0,0.0,1.920449,151 days 00:00:00,1,0,1,-1532.3995,,,,,,,,,,-0.588484,-1.747521,0.758325,-0.354668
URJA,Success,0.004144699999415025,0.00016709999999875436,0.0004461999997147359,3.729999934876105e-05,0.006244500000320841,2017-03-28 09:15:00,2025-06-26 09:15:00,3012 days 00:00:00,100000.0,51880.156006,-48.119844,1181.246332,100.0,348.452974,48.119844,3012 days 00:00:00,5,5,0,0.0,0.0,-7.629317,-13.964889,0.0,-12.094746,0 days 00:00:00,5 days 04:48:00,0.0,-9623.968799,-1.125991,-0.161512,0.153334,-0.311945
USHAMART,Success,0.008394899999984773,0.00022469999930763151,0.00044499999967229087,3.7599999814119656e-05,0.011011599999619648,2004-10-20 09:15:00,2025-06-26 09:15:00,7554 days 00:00:00,100000.0,374940.311185,274.940311,2547.779358,100.0,3665.490215,25.874485,637 days 00:00:00,14,14,0,0.0,50.0,44.204458,-15.68514,35.585446,-10.459215,75 days 03:25:42,22 days 03:25:42,2.256963,19638.593656,0.482514,0.260172,1.344164,0.327532
USK,Success,0.002575999999862688,0.0001536999998279498,0.0005473000001074979,2.879999919969123e-05,0.004456499999832886,2023-04-03 09:15:00,2025-06-26 09:15:00,815 days 00:00:00,100000.0,100000.0,0.0,21.174603,100.0,0.0,0.0,,0,0,0,0.0,,,,,,,,,,,,,
UTIAMC,Success,0.00250049999976909,0.0001522999991721008,0.00040720000015426194,2.6900000193563756e-05,0.004596799999490031,2020-10-12 09:15:00,2025-06-26 09:15:00,1718 days 00:00:00,100000.0,86052.878078,-13.947122,166.631662,100.0,434.332459,23.937766,1479 days 00:00:00,5,5,0,0.0,20.0,19.699558,-9.110921,19.699558,-7.699198,42 days 00:00:00,44 days 00:00:00,0.523357,-2789.424384,-0.170318,-0.133102,0.922712,-0.094868
UTKARSHBNK,Success,0.0021926999997958774,0.00015309999980672728,0.00039310000011028023,2.3999999939405825e-05,0.00382400000034977,2023-07-21 09:15:00,2025-06-26 09:15:00,706 days 00:00:00,100000.0,100000.0,0.0,-50.395833,100.0,0.0,0.0,,0,0,0,0.0,,,,,,,,,,,,,
UTTAMSUGAR,Success,0.009499699999651057,0.00038270000004558824,0.0005117999999129097,4.069999977218686e-05,0.012203299999782757,2006-04-10 09:15:00,2025-06-26 09:15:00,7017 days 00:00:00,100000.0,103693.294601,3.693295,-25.107908,100.0,1167.49671,41.30849,2793 days 00:00:00,14,13,1,2523.850226,30.769231,47.059823,-14.573647,34.42133,-11.775648,33 days 18:00:00,50 days 10:39:59,1.011541,89.95726,0.080163,0.004749,1.048679,0.047123
UYFINCORP,Success,0.002968400000099791,0.00020640000002458692,0.00043139999979757704,2.769999991869554e-05,0.004756199999974342,2024-10-03 09:15:00,2025-06-26 09:15:00,266 days 00:00:00,100000.0,100000.0,0.0,-48.958333,100.0,0.0,0.0,,0,0,0,0.0,,,,,,,,,,,,,
V2RETAIL,Success,0.007077599999320228,0.00019750000046769856,0.00045960000079503516,3.839999953925144e-05,0.009487099999205384,2012-02-24 09:15:00,2025-06-26 09:15:00,4871 days 00:00:00,100000.0,37750.723564,-62.249276,10606.508876,100.0,349.022111,62.249276,4871 days 00:00:00,6,6,0,0.0,0.0,-10.209739,-26.379863,0.0,-14.620255,0 days 00:00:00,50 days 12:00:00,0.0,-10374.879406,-0.421067,-0.115742,0.752273,-0.175987
VADILALIND,Success,0.00799520000055054,0.00021949999973003287,0.00046209999982238514,3.689999994094251e-05,0.010384199999862176,2011-06-15 09:15:00,2025-06-26 09:15:00,5125 days 00:00:00,100000.0,61206.42887,-38.793571,3352.696456,100.0,1247.941588,53.247177,3600 days 00:00:00,15,15,0,0.0,20.0,34.894964,-16.715172,32.008075,-10.209581,35 days 08:00:00,44 days 10:00:00,0.654089,-2586.238075,-0.131274,-0.06585,0.928063,-0.080621
VAIBHAVGBL,Success,0.007129300000087824,0.00021180000021558953,0.0004650000000765431,3.5600000046542846e-05,0.009507700000540353,2012-12-24 09:15:00,2025-06-26 09:15:00,4567 days 00:00:00,100000.0,74588.322744,-25.411677,1040.057361,100.0,537.725815,50.797677,3957 days 00:00:00,7,7,0,0.0,14.285714,28.814673,-11.037268,28.814673,-8.482368,91 days 00:00:00,60 days 08:00:00,0.416131,-3630.239608,-0.157714,-0.046482,0.911411,-0.06994
VAISHALI,Success,0.0028430000002117595,0.00030329999935929663,0.0004687000000558328,3.4499999856052455e-05,0.005112900000312948,2020-01-15 09:15:00,2025-06-26 09:15:00,1989 days 00:00:00,100000.0,126707.388276,26.707388,153.961451,100.0,211.573553,15.563156,919 days 00:00:00,2,2,0,0.0,50.0,49.965294,-15.16866,49.965294,-15.16866,186 days 00:00:00,10 days 00:00:00,2.741273,13353.694138,0.385206,0.289403,1.260983,0.259106
VAKRANGEE,Success,0.00810509999973874,0.00022569999964616727,0.000473000000056345,3.639999977167463e-05,0.010698799999772746,2006-04-03 09:15:00,2025-06-26 09:15:00,7024 days 00:00:00,100000.0,98907.531162,-1.092469,273.492595,100.0,1992.043085,54.253385,908 days 00:00:00,16,16,0,0.0,31.25,49.570665,-27.875229,31.04717,-10.89324,63 days 19:11:59,37 days 06:32:43,0.992443,-68.279302,0.07154,-0.001085,1.043422,0.029562
VALIANTLAB,Success,0.002525200000491168,0.0001720000000204891,0.00044269999943935545,3.550000019458821e-05,0.004445999999916239,2023-10-06 09:15:00,2025-06-26 09:15:00,629 days 00:00:00,100000.0,100000.0,0.0,-33.151248,100.0,0.0,0.0,,0,0,0,0.0,,,,,,,,,,,,,
VALIANTORG,Success,0.002804200000355195,0.00016120000054797856,0.0005837999997311272,4.239999998389976e-05,0.005109200000333658,2020-10-05 09:15:00,2025-06-26 09:15:00,1725 days 00:00:00,100000.0,124716.550238,24.71655,-71.212481,100.0,214.810801,11.134599,925 days 00:00:00,2,2,0,0.0,50.0,38.1415,-9.373746,38.1415,-9.373746,16 days 00:00:00,17 days 00:00:00,3.599868,12358.275119,0.593184,0.436051,2.001275,0.177153
VARDHACRLC,Success,0.008618900000328722,0.0002410000006420887,0.0004888000003120396,3.6499999623629265e-05,0.011038399999961257,2003-09-30 09:15:00,2025-06-26 09:15:00,7940 days 00:00:00,100000.0,230474.648476,130.474648,353.783784,100.0,1400.847177,35.115266,1526 days 00:00:00,8,8,0,0.0,50.0,54.427005,-14.102788,39.601288,-11.129134,230 days 00:00:00,79 days 12:00:00,2.663965,16309.331059,0.326196,0.115332,1.174371,0.217474
VARDMNPOLY,Success,0.009951699999874108,0.0002478000005794456,0.0004758000004585483,3.9399999877787195e-05,0.012777799999639683,1999-01-01 09:15:00,2025-06-26 09:15:00,9673 days 00:00:00,100000.0,57287.289057,-42.712711,395.325336,100.0,897.39013,64.856131,8343 days 00:00:00,13,13,0,0.0,23.076923,41.059522,-16.94527,34.423005,-13.170762,74 days 16:00:00,39 days 00:00:00,0.576382,-3285.593149,-0.083159,-0.033709,0.943114,-0.034806
VARROC,Success,0.004720299999462441,0.00017660000048635993,0.0004528999998001382,3.590000051190145e-05,0.00687000000016269,2018-07-06 09:15:00,2025-06-26 09:15:00,2547 days 00:00:00,100000.0,141398.870122,41.39887,-44.006362,100.0,375.090144,15.149206,989 days 00:00:00,3,3,0,0.0,66.666667,28.278089,-10.207573,25.949601,-10.207573,55 days 00:00:00,41 days 00:00:00,4.23234,13799.623374,0.505134,0.342448,1.48775,0.319466
VASCONEQ,Success,0.009607099999811908,0.0002260999999634805,0.0005316999995557126,5.63000003239722e-05,0.012165299999651324,2010-02-15 09:15:00,2025-06-26 09:15:00,5610 days 00:00:00,100000.0,72789.738195,-27.210262,-63.456922,100.0,390.790052,36.498553,3977 days 00:00:00,5,5,0,0.0,20.0,26.764977,-14.34286,26.764977,-12.726817,29 days 00:00:00,20 days 06:00:00,0.39397,-5442.052361,-0.24177,-0.057117,0.747324,-0.072847
VASWANI,Success,0.004689600000347127,0.0002959000003102119,0.0007787999993524863,5.0999999984924216e-05,0.007460400000127265,2015-12-07 09:15:00,2025-06-26 09:15:00,3489 days 00:00:00,100000.0,245043.712863,145.043713,958.139535,100.0,1278.285255,30.987764,1263 days 00:00:00,5,5,0,0.0,60.0,55.993889,-17.66058,52.912699,-16.755814,143 days 00:00:00,13 days 00:00:00,2.31823,29008.742573,0.520937,0.324535,1.268363,0.402398
VBL,Success,0.0044125000003987225,0.00018499999987398041,0.0004794999995283433,3.780000042752363e-05,0.006852499999695283,2016-11-08 09:15:00,2025-06-26 09:15:00,3152 days 00:00:00,100000.0,193523.284008,93.523284,1582.000055,100.0,874.013741,18.801832,120 days 00:00:00,6,6,0,0.0,66.666667,27.132406,-10.174301,24.03068,-8.902238,104 days 12:00:00,18 days 00:00:00,4.776134,15587.214001,0.63054,0.430004,1.359286,0.370781
VCL,Success,0.0032020999997257604,0.00016140000025188783,0.0008355999998457264,4.5700000555370934e-05,0.0062409999991359655,2020-01-27 09:15:00,2025-06-26 09:15:00,1977 days 00:00:00,100000.0,80891.175176,-19.108825,-92.331136,100.0,84.907333,19.108825,1977 days 00:00:00,2,1,1,-3931.750853,0.0,-15.007334,-15.007334,0.0,-15.007334,0 days 00:00:00,26 days 00:00:00,0.0,-15177.073971,-0.97376,-0.328241,0.35963,-0.258009
VEDL,Success,0.011369699999704608,0.0002706000004764064,0.0004984000006515998,4.4499999603431206e-05,0.014337499999783176,1994-11-09 09:15:00,2025-06-26 09:15:00,11187 days 00:00:00,100000.0,381783.294683,281.783295,3800.800628,100.0,3363.27205,45.591842,3729 days 00:00:00,20,20,0,0.0,50.0,39.694575,-15.725897,27.014384,-9.423639,66 days 19:11:59,37 days 19:11:59,3.194531,14089.164734,0.43919,0.104154,1.283518,0.242973
VEEDOL,Success,0.008079999999608845,0.00021639999977196567,0.0004528999998001382,3.749999996216502e-05,0.010468600000422157,2007-01-16 09:15:00,2025-06-26 09:15:00,6736 days 00:00:00,100000.0,169559.088809,69.559089,1619.068902,100.0,1082.569241,38.89514,4977 days 00:00:00,9,9,0,0.0,44.444444,32.117864,-11.757622,27.103047,-7.81187,110 days 12:00:00,9 days 04:47:59,2.50357,7728.787645,0.35785,0.077527,1.332776,0.183516
VENKEYS,Success,0.008736700000554265,0.00023709999913990032,0.00046459999975922983,3.8300000596791506e-05,0.01120950000040466,2003-09-17 09:15:00,2025-06-26 09:15:00,7953 days 00:00:00,100000.0,129578.807117,29.578807,4356.196861,100.0,1238.854428,44.268988,6260 days 00:00:00,15,15,0,0.0,33.333333,43.964456,-16.982001,32.592657,-10.384887,71 days 14:23:59,27 days 04:48:00,1.337677,1971.920474,0.159391,0.027792,1.118106,0.083723
VENTIVE,Success,0.0019597000000430853,0.0001419000000169035,0.0004098999997950159,2.9400000130408444e-05,0.0034309000002394896,2024-12-30 09:15:00,2025-06-26 09:15:00,178 days 00:00:00,100000.0,100000.0,0.0,-0.688578,100.0,0.0,0.0,,0,0,0,0.0,,,,,,,,,,,,,
VENUSPIPES,Success,0.002211199999692326,0.00017219999972439837,0.00043230000028415816,2.5800000003073364e-05,0.004214699999465665,2022-05-24 09:15:00,2025-06-26 09:15:00,1129 days 00:00:00,100000.0,144289.474056,44.289474,286.820929,100.0,421.054238,23.218048,300 days 00:00:00,3,3,0,0.0,66.666667,34.146999,-9.107172,26.653496,-9.107172,93 days 00:00:00,134 days 00:00:00,4.014671,14763.158019,0.816878,0.549862,1.330977,0.782004
VENUSREM,Success,0.008066299999882176,0.0004517999996096478,0.0008515999998053303,6.000000030326191e-05,0.011361500000020897,2006-12-20 09:15:00,2025-06-26 09:15:00,6763 days 00:00:00,100000.0,141127.254144,41.127254,13.309257,100.0,1340.010047,33.581381,1087 days 00:00:00,11,11,0,0.0,36.363636,41.582346,-12.44555,33.841411,-10.71035,33 days 06:00:00,38 days 06:51:25,1.43542,3738.841286,0.208357,0.057158,1.183771,0.087676
VERANDA,Success,0.0024548999999751686,0.00014840000039839651,0.0004245999998602201,2.3999999939405825e-05,0.004422300000442192,2022-04-11 09:15:00,2025-06-26 09:15:00,1172 days 00:00:00,100000.0,88881.401874,-11.118598,50.041905,100.0,88.953218,11.118598,1172 days 00:00:00,1,1,0,0.0,0.0,-10.942567,-10.942567,0.0,-10.942567,0 days 00:00:00,7 days 00:00:00,0.0,-11118.598126,-1.040661,-0.329017,0.0,-0.137121
VERTOZ,Success,0.003911699999662233,0.00017049999951268546,0.0004337999998824671,2.7099999897473026e-05,0.006612999999560998,2017-11-24 09:15:00,2025-06-24 09:15:00,2769 days 00:00:00,100000.0,73601.093192,-26.398907,183.02467,100.0,491.982849,43.444689,2583 days 00:00:00,6,6,0,0.0,16.666667,41.956072,-14.137787,41.956072,-12.085767,15 days 00:00:00,43 days 00:00:00,0.517212,-4399.817801,-0.214463,-0.094324,0.886062,-0.10754
VESUVIUS,Success,0.010427199999867298,0.000251399999797286,0.0005157000005056034,3.990000004705507e-05,0.01320670000040991,1999-01-01 09:15:00,2025-06-26 09:15:00,9673 days 00:00:00,100000.0,249442.514969,149.442515,7240.287119,100.0,3019.466143,42.450233,2897 days 00:00:00,14,14,0,0.0,42.857143,49.94351,-12.748222,32.992327,-8.963093,102 days 04:00:00,148 days 03:00:00,1.896159,10674.465355,0.312614,0.084579,1.139296,0.226486
VETO,Success,0.00473729999976058,0.00019260000044596381,0.0004349000000729575,3.49000001733657e-05,0.007056000000375207,2015-04-29 09:15:00,2025-06-26 09:15:00,3711 days 00:00:00,100000.0,255457.651657,155.457652,61.422159,100.0,1048.250233,16.145193,83 days 00:00:00,5,5,0,0.0,80.0,39.74932,-14.132674,31.857753,-14.132674,70 days 06:00:00,13 days 00:00:00,4.647489,31091.530331,0.697812,0.610035,1.62298,0.424968
VGUARD,Success,0.007939400000395835,0.00026359999992564553,0.0005025000000387081,3.8299999687296804e-05,0.01039909999963129,2008-03-13 09:15:00,2025-06-26 09:15:00,6314 days 00:00:00,100000.0,120914.037728,20.914038,7022.588076,100.0,1557.643585,40.628194,5560 days 00:00:00,13,13,0,0.0,30.769231,27.782098,-11.427034,25.420234,-7.352689,77 days 06:00:00,33 days 08:00:00,1.243224,1608.772133,0.163571,0.027761,1.099477,0.084149
VHL,Success,0.007846299999982875,0.00021740000011050142,0.0004546999998638057,3.6500000533123966e-05,0.010253100000227278,2006-04-18 09:15:00,2025-06-26 09:15:00,7009 days 00:00:00,100000.0,269746.26259,169.746263,736.636779,100.0,2309.128641,21.004238,1176 days 00:00:00,11,11,0,0.0,54.545455,40.687191,-12.612148,29.435145,-9.771972,97 days 12:00:00,28 days 09:35:59,2.556795,15431.478417,0.474098,0.288741,1.310966,0.319622
VHLTD,Success,0.0019516000002113287,0.00014170000031299423,0.0006009000007907161,3.0100000003585592e-05,0.004118400000152178,2024-04-03 09:15:00,2025-06-26 09:15:00,449 days 00:00:00,100000.0,86968.055356,-13.031945,151.543566,100.0,86.966854,26.75296,209 days 00:00:00,1,1,0,0.0,0.0,-12.869358,-12.869358,0.0,-12.869358,0 days 00:00:00,237 days 00:00:00,0.0,-13031.944644,-0.366653,-0.488929,0.926699,-0.485349
VIDHIING,Success,0.004711700000370911,0.0001982000003408757,0.0005529999998543644,3.6100000215810724e-05,0.0071547999996255385,2016-03-02 09:15:00,2025-06-26 09:15:00,3403 days 00:00:00,100000.0,90374.500235,-9.6255,600.336134,100.0,424.743674,32.93738,1325 days 00:00:00,4,4,0,0.0,25.0,25.22489,-11.580021,25.22489,-10.0658,68 days 00:00:00,22 days 08:00:00,0.721798,-2406.374941,-0.075383,-0.033394,0.935148,-0.029486
VIJAYA,Success,0.0024898000001485343,0.0001492000001235283,0.0004985999994460144,2.679999943211442e-05,0.0055992999996306025,2021-09-14 09:15:00,2025-06-26 09:15:00,1381 days 00:00:00,100000.0,103432.763362,3.432763,61.046611,100.0,307.28232,7.973472,749 days 00:00:00,3,3,0,0.0,33.333333,21.885901,-7.798777,21.885901,-7.606331,15 days 00:00:00,13 days 12:00:00,1.208506,1144.254454,0.155006,0.113995,1.179624,0.04217
VIJIFIN,Success,0.004164400000263413,0.00018120000004273606,0.0004429000000527594,3.0199999855540227e-05,0.006634700000176963,2016-07-11 09:15:00,2025-06-26 09:15:00,3272 days 00:00:00,100000.0,86409.344135,-13.590656,-57.676763,100.0,346.578162,63.661845,3116 days 00:00:00,5,5,0,0.0,40.0,28.715884,-25.071205,28.326287,-18.917851,26 days 12:00:00,38 days 00:00:00,0.712773,-2718.131173,0.005827,-0.026752,1.004331,0.002781
VIKASECO,Success,0.008088499999757914,0.00020279999989725184,0.00044810000053985277,3.34999995175167e-05,0.010290700000041397,2011-12-12 09:15:00,2025-06-26 09:15:00,4945 days 00:00:00,100000.0,102109.709373,2.109709,-14.34321,100.0,263.081427,35.224903,3429 days 00:00:00,3,3,0,0.0,33.333333,34.243272,-15.327457,34.243272,-12.477585,9 days 00:00:00,26 days 12:00:00,1.088703,703.236458,0.061989,0.004481,1.114784,0.007628
VIKASLIFE,Success,0.0038442000004579313,0.00017430000025342451,0.0005088000007162918,3.400000059627928e-05,0.006053900000551948,2019-05-08 09:15:00,2025-06-26 09:15:00,2241 days 00:00:00,100000.0,104743.544777,4.743545,-39.935516,100.0,268.940144,32.822375,1199 days 00:00:00,3,3,0,0.0,33.333333,38.265536,-13.593101,38.265536,-12.696402,71 days 00:00:00,46 days 00:00:00,1.196887,1581.181592,0.124187,0.023453,1.084316,0.077122
VIMTALABS,Success,0.00835949999964214,0.00023350000083155464,0.0004865000000791042,4.510000053414842e-05,0.010871899999983725,2005-12-15 09:15:00,2025-06-26 09:15:00,7133 days 00:00:00,100000.0,150620.048807,50.620049,398.624106,100.0,1350.263266,53.771237,2673 days 00:00:00,13,12,1,6851.340742,41.666667,55.099888,-23.981612,34.75768,-14.281277,134 days 14:23:59,62 days 13:42:51,1.379548,3647.392339,0.210522,0.041064,1.098627,0.13374
VINATIORGA,Success,0.00795170000037615,0.00020900000072288094,0.0004413999995449558,3.7599999814119656e-05,0.010220400000434893,2009-07-28 09:15:00,2025-06-26 09:15:00,5812 days 00:00:00,100000.0,189140.957348,89.140957,12874.004607,100.0,1436.993326,14.631195,335 days 00:00:00,9,9,0,0.0,44.444444,35.275377,-9.208591,28.588996,-6.650941,75 days 06:00:00,13 days 14:24:00,2.529603,9904.550816,0.433346,0.284579,1.371305,0.228064
VINCOFE,Success,0.0026403000001664623,0.0001731000002109795,0.0006831999999121763,3.790000027947826e-05,0.004618500000105996,2024-10-18 09:15:00,2025-06-26 09:15:00,251 days 00:00:00,100000.0,100000.0,0.0,-14.231729,100.0,0.0,0.0,,0,0,0,0.0,,,,,,,,,,,,,
VINDHYATEL,Success,0.00948679999964952,0.0002702000001590932,0.00046860000020387815,4.069999977218686e-05,0.01229929999954038,1999-01-01 09:15:00,2025-06-26 09:15:00,9673 days 00:00:00,100000.0,227230.251065,127.230251,3873.457416,100.0,2041.970839,42.074196,3390 days 00:00:00,14,14,0,0.0,50.0,42.451594,-16.798178,29.01008,-12.255636,116 days 00:00:00,44 days 03:25:42,2.060224,9087.875076,0.340669,0.088114,1.220028,0.180361
VINEETLAB,Success,0.002518199999940407,0.00015239999993355013,0.00040300000000570435,2.990000029967632e-05,0.004464799999368552,2021-06-15 09:15:00,2025-06-26 09:15:00,1472 days 00:00:00,100000.0,108598.908609,8.598909,-33.766235,100.0,322.993904,13.921088,169 days 00:00:00,3,3,0,0.0,33.333333,36.904733,-11.992026,36.904733,-10.657534,6 days 00:00:00,25 days 12:00:00,1.350343,2866.30287,0.218467,0.150584,1.228368,0.105238
VINNY,Success,0.003005700000358047,0.00015919999987090705,0.0004540999998425832,2.9400000130408444e-05,0.0049932000001717824,2022-11-28 09:15:00,2025-06-26 09:15:00,941 days 00:00:00,100000.0,86382.998312,-13.617002,-44.57129,100.0,86.466068,13.617002,941 days 00:00:00,1,1,0,0.0,0.0,-13.444526,-13.444526,0.0,-13.444526,0 days 00:00:00,4 days 00:00:00,0.0,-13617.001688,-1.178907,-0.410681,0.0,-0.19038
VINYLINDIA,Success,0.0077521000002889195,0.0002131000001099892,0.00047619999986636685,4.189999981463188e-05,0.010499600000002829,2008-07-21 09:15:00,2025-06-26 09:15:00,6184 days 00:00:00,100000.0,77766.055276,-22.233945,2831.924883,100.0,1765.886494,61.160341,2611 days 00:00:00,14,14,0,0.0,21.428571,69.192196,-21.149668,46.702426,-11.49865,50 days 16:00:00,44 days 08:43:38,0.873132,-1588.138909,0.004211,-0.025566,1.002459,0.001936
VIPCLOTHNG,Success,0.010016999999606924,0.0002220999995188322,0.0004830999996556784,3.889999970851932e-05,0.012585500000568572,2007-08-06 09:15:00,2025-06-26 09:15:00,6534 days 00:00:00,100000.0,78059.832367,-21.940168,42.402551,100.0,697.091069,46.758782,5390 days 00:00:00,8,8,0,0.0,25.0,44.9058,-17.262196,38.961192,-13.719133,24 days 00:00:00,121 days 08:00:00,0.725112,-2742.520954,0.021407,-0.029996,1.011096,0.013911
VIPIND,Success,0.010179500000049302,0.00025610000011511147,0.0005060000003140885,4.11000000895001e-05,0.012994200000321143,1994-11-30 09:15:00,2025-06-26 09:15:00,11166 days 00:00:00,100000.0,121979.962814,21.979963,1711.73913,100.0,2721.349356,44.896976,1962 days 00:00:00,19,19,0,0.0,31.578947,42.325477,-18.855297,33.075178,-10.648975,54 days 04:00:00,41 days 05:32:18,1.107109,1156.840148,0.116762,0.015323,1.073521,0.055751
VIPULLTD,Success,0.004738800000268384,0.00019940000038332073,0.00047760000052221585,3.500000002532033e-05,0.006979699999646982,2015-04-23 09:15:00,2025-06-26 09:15:00,3717 days 00:00:00,100000.0,108579.196287,8.579196,-80.115895,100.0,572.147737,44.591131,2246 days 00:00:00,6,6,0,0.0,33.333333,48.785468,-19.717491,45.66814,-15.113268,95 days 12:00:00,21 days 12:00:00,1.135757,1429.866048,0.128689,0.018542,1.07936,0.07272
VIRINCHI,Success,0.0025742999996509752,0.00016420000065409113,0.00045360000058281,4.780000017490238e-05,0.004827300000215473,2023-05-03 09:15:00,2025-06-26 09:15:00,785 days 00:00:00,100000.0,85974.329408,-14.025671,-39.613793,100.0,86.05206,18.484809,695 days 00:00:00,1,1,0,0.0,0.0,-13.854719,-13.854719,0.0,-13.854719,0 days 00:00:00,32 days 00:00:00,0.0,-14025.670592,-0.717613,-0.371031,0.583074,-0.344984
VISAKAIND,Success,0.009850699999333301,0.0002640000002429588,0.00048070000048028305,4.200000057608122e-05,0.012564600000587234,1996-09-03 09:15:00,2025-06-26 09:15:00,10523 days 00:00:00,100000.0,226370.616297,126.370616,4465.405405,100.0,1784.990132,47.20472,3768 days 00:00:00,18,18,0,0.0,50.0,41.250481,-23.153618,28.407596,-14.094027,74 days 13:20:00,41 days 10:40:00,2.150166,7020.589794,0.273052,0.063518,1.171383,0.138097
VISASTEEL,Success,0.00855279999996128,0.00022710000030201627,0.00046410000049945666,3.8099999983387534e-05,0.010979600000609935,2006-03-17 09:15:00,2025-06-26 09:15:00,7041 days 00:00:00,100000.0,232359.184769,132.359185,-42.429576,100.0,1680.411881,36.800039,1225 days 00:00:00,10,9,1,10854.655863,44.444444,60.161814,-13.891583,46.322178,-12.971417,99 days 06:00:00,18 days 00:00:00,1.909131,13500.503212,0.372566,0.132889,1.240719,0.222753
VISHNU,Success,0.004582300000038231,0.0001936999997269595,0.0004377000004751608,3.710000055434648e-05,0.00687130000005709,2015-03-05 09:15:00,2025-06-26 09:15:00,3766 days 00:00:00,100000.0,86486.351222,-13.513649,1483.285714,100.0,711.925119,34.427049,2340 days 00:00:00,8,8,0,0.0,25.0,37.78404,-13.050793,34.160707,-11.249798,10 days 00:00:00,33 days 08:00:00,0.792909,-1689.206097,-0.065173,-0.041362,0.955164,-0.031354
VISHWARAJ,Success,0.002937900000688387,0.00016539999978704145,0.0004300999999031774,2.9800000447721686e-05,0.0049789000004238915,2019-10-15 09:15:00,2025-06-26 09:15:00,2081 days 00:00:00,100000.0,103838.642996,3.838643,-18.144156,100.0,189.891318,26.475543,1562 days 00:00:00,2,2,0,0.0,50.0,21.150184,-13.947042,21.150184,-13.947042,38 days 00:00:00,9 days 00:00:00,1.27192,1919.321498,0.115651,0.025405,1.171672,0.024376
VIVIDHA,Success,0.005298000000038883,0.0001939999992828234,0.0005276000001686043,3.639999977167463e-05,0.007663599999432336,2013-05-21 09:15:00,2025-06-26 09:15:00,4419 days 00:00:00,100000.0,55713.171003,-44.286829,-92.601377,100.0,397.63674,62.680376,3466 days 00:00:00,4,4,0,0.0,25.0,48.308693,-46.784001,48.308693,-26.018705,5 days 00:00:00,29 days 16:00:00,0.520173,-11071.707249,-0.1105,-0.077352,0.872959,-0.024992
VLEGOV,Success,0.002269999999953143,0.00022050000006856862,0.0004143999994994374,2.9300000278453808e-05,0.004316200000175741,2023-08-14 09:15:00,2025-06-26 09:15:00,682 days 00:00:00,100000.0,125012.417109,25.012417,52.237288,100.0,265.612398,11.569458,30 days 00:00:00,2,2,0,0.0,50.0,40.831029,-10.878267,40.831029,-10.878267,67 days 00:00:00,2 days 00:00:00,2.611581,12506.208554,0.875934,1.114143,1.510724,0.612935
VLSFINANCE,Success,0.009291100000154984,0.00023969999983819434,0.00047790000007807976,4.2300000131945126e-05,0.012443000000530446,1999-01-01 09:15:00,2025-06-26 09:15:00,9673 days 00:00:00,100000.0,36580.88749,-63.419113,5765.11794,100.0,1635.534169,77.749306,9274 days 00:00:00,20,20,0,0.0,20.0,64.733324,-22.076335,46.13378,-14.221352,66 days 00:00:00,31 days 10:30:00,0.702064,-3170.955626,-0.154188,-0.052576,0.909355,-0.082536
VMART,Success,0.007250600000588747,0.00023150000015448313,0.0004861999996137456,4.1000000237545464e-05,0.009725500000058673,2013-02-20 09:15:00,2025-06-26 09:15:00,4509 days 00:00:00,100000.0,108630.323961,8.630324,1605.656665,100.0,867.258662,49.476047,2488 days 00:00:00,7,7,0,0.0,28.571429,39.06019,-13.228612,34.380564,-9.342177,18 days 12:00:00,30 days 14:24:00,1.135832,1232.903423,0.114999,0.013871,1.111354,0.046292
VMM,Success,0.0020022999997308943,0.00015100000018719584,0.0004168999994362821,3.130000004603062e-05,0.0036124000007475843,2024-12-18 09:15:00,2025-06-26 09:15:00,190 days 00:00:00,100000.0,100000.0,0.0,18.306084,100.0,0.0,0.0,,0,0,0,0.0,,,,,,,,,,,,,
VOLTAMP,Success,0.008482700000058685,0.00021660000038536964,0.00045709999994869577,4.749999970954377e-05,0.011096499999439402,2006-09-20 09:15:00,2025-06-26 09:15:00,6854 days 00:00:00,100000.0,251593.008004,151.593008,2085.136218,100.0,2102.447023,28.757766,1078 days 00:00:00,13,13,0,0.0,53.846154,33.958618,-10.349592,24.383397,-8.988843,87 days 20:34:17,18 days 04:00:00,2.770371,11661.000616,0.45642,0.178843,1.322661,0.250351
VOLTAS,Success,0.010005299999647832,0.0002696999999898253,0.0004865000000791042,5.03999999637017e-05,0.012794999999641732,1999-01-01 09:15:00,2025-06-26 09:15:00,9673 days 00:00:00,100000.0,97714.024289,-2.285976,9729.104478,100.0,1523.923324,63.114427,6102 days 00:00:00,21,21,0,0.0,33.333333,36.105375,-16.998104,21.022478,-8.824476,55 days 03:25:42,31 days 01:42:51,0.975858,-108.855986,0.051619,-0.001411,1.031354,0.022233
VPRPL,Success,0.0021458999999595108,0.0001494999996793922,0.0006057999999029562,3.310000010969816e-05,0.004295799999454175,2023-09-05 09:15:00,2025-06-26 09:15:00,660 days 00:00:00,100000.0,124878.736672,24.878737,12.560055,100.0,124.945767,6.921002,6 days 00:00:00,1,1,0,0.0,100.0,25.14319,25.14319,25.14319,0.0,23 days 00:00:00,0 days 00:00:00,inf,24878.736672,1.298608,1.918822,3.258245,0.398202
VRAJ,Success,0.001870500000222819,0.00013790000048174988,0.00047029999950609636,2.7600000066740904e-05,0.0033878999993248726,2024-07-03 09:15:00,2025-06-26 09:15:00,358 days 00:00:00,100000.0,100000.0,0.0,-30.039683,100.0,0.0,0.0,,0,0,0,0.0,,,,,,,,,,,,,
VRLLOG,Success,0.004938000000038301,0.00019280000014987309,0.00046599999950558413,3.80000001314329e-05,0.007282900000063819,2015-04-30 09:15:00,2025-06-26 09:15:00,3710 days 00:00:00,100000.0,142204.385628,42.204386,95.154703,100.0,739.471172,31.378766,1072 days 00:00:00,6,6,0,0.0,50.0,33.216237,-14.447446,25.918202,-10.196515,78 days 00:00:00,119 days 16:00:00,2.012705,7034.064271,0.310963,0.114392,1.144175,0.209374
VSSL,Success,0.007220400000733207,0.00019770000017160783,0.00044810000053985277,3.8099999983387534e-05,0.00994910000008531,2012-05-21 09:15:00,2025-06-26 09:15:00,4784 days 00:00:00,100000.0,547079.164612,447.079165,2069.579062,100.0,3106.797251,34.714265,1190 days 00:00:00,11,10,1,-3422.227339,70.0,47.422407,-13.619435,35.12717,-11.678164,86 days 13:42:51,53 days 00:00:00,5.175409,45050.139195,0.815593,0.4171,1.452842,0.768782
VSTIND,Success,0.009808199999497447,0.0002604000001156237,0.0004985000005035545,7.880000066506909e-05,0.012867600000390667,1999-01-01 09:15:00,2025-06-26 09:15:00,9673 days 00:00:00,100000.0,144944.609213,44.944609,2329.169096,100.0,2505.342177,45.088486,5624 days 00:00:00,17,17,0,0.0,29.411765,46.59965,-6.833672,25.087644,-5.605938,109 days 14:23:59,40 days 02:00:00,1.413637,2643.800542,0.190119,0.032312,1.112328,0.102572
VSTL,Success,0.002246500000183005,0.00016219999997701962,0.00043989999994664686,2.8499999643827323e-05,0.0038144000000102096,2024-02-20 09:15:00,2025-06-26 09:15:00,492 days 00:00:00,100000.0,100000.0,0.0,-65.021849,100.0,0.0,0.0,,0,0,0,0.0,,,,,,,,,,,,,
VSTTILLERS,Success,0.007317300000067917,0.0001978999998755171,0.0004658999996536295,3.51999997292296e-05,0.009910400000080699,2011-06-20 09:15:00,2025-06-26 09:15:00,5120 days 00:00:00,100000.0,86980.08344,-13.019917,669.614686,100.0,961.823803,35.248007,2928 days 00:00:00,9,9,0,0.0,22.222222,28.403377,-10.478107,23.063131,-7.40842,50 days 00:00:00,25 days 20:34:17,0.775041,-1446.657396,-0.065295,-0.028627,0.947572,-0.025653
VTL,Success,0.010519200000089768,0.00027879999925062293,0.0004958999998052604,3.919999926438322e-05,0.013316699999450066,1995-01-19 09:15:00,2025-06-26 09:15:00,11116 days 00:00:00,100000.0,285367.66359,185.367664,1460.116489,100.0,3489.244076,34.561617,1462 days 00:00:00,21,21,0,0.0,42.857143,48.593193,-19.582856,31.465403,-10.537119,81 days 13:20:00,27 days 20:00:00,1.936989,8827.0316,0.332281,0.104655,1.208569,0.16965
WAAREEENER,Success,0.0022033000004739733,0.00014009999995323597,0.0004011000000900822,2.8399999791872688e-05,0.003649500000392436,2024-10-28 09:15:00,2025-06-26 09:15:00,241 days 00:00:00,100000.0,100000.0,0.0,25.99085,100.0,0.0,0.0,,0,0,0,0.0,,,,,,,,,,,,,
WABAG,Success,0.007370599999376282,0.00020289999974920647,0.000457500000266009,3.749999996216502e-05,0.010042699999758042,2010-12-15 09:15:00,2025-06-26 09:15:00,5307 days 00:00:00,100000.0,281230.831687,181.230832,298.676869,100.0,1674.216362,20.690191,1448 days 00:00:00,11,11,0,0.0,54.545455,33.999726,-9.692219,27.965998,-8.025233,61 days 20:00:00,40 days 19:11:59,4.311086,16475.530153,0.617935,0.363534,1.412046,0.382232
WALCHANNAG,Success,0.010255700000016077,0.0002494000000297092,0.0004656000000977656,8.84000000951346e-05,0.012920500000291213,1995-10-11 09:15:00,2025-06-26 09:15:00,10851 days 00:00:00,100000.0,59684.590067,-40.31541,1048.85,100.0,759.846136,73.241138,10851 days 00:00:00,16,16,0,0.0,25.0,39.139436,-21.062866,32.14801,-12.396633,55 days 12:00:00,30 days 18:00:00,0.520827,-2519.713121,-0.061696,-0.0264,0.960173,-0.025638
WANBURY,Success,0.00843559999975696,0.00023490000057790894,0.0004859000000578817,3.709999964485178e-05,0.010936300000139454,2007-01-29 09:15:00,2025-06-26 09:15:00,6723 days 00:00:00,100000.0,89631.860481,-10.36814,98.254545,100.0,628.669028,50.229062,3690 days 00:00:00,7,7,0,0.0,28.571429,33.916891,-13.103733,33.545188,-12.609893,20 days 12:00:00,15 days 14:24:00,0.832499,-1481.162788,-0.046536,-0.012207,0.951916,-0.012999
WCIL,Success,0.0024752999997872394,0.00021379999998316634,0.0006612999995923019,3.699999979289714e-05,0.0048995999995895545,2024-09-24 09:15:00,2025-06-26 09:15:00,275 days 00:00:00,100000.0,100000.0,0.0,-28.230055,100.0,0.0,0.0,,0,0,0,0.0,,,,,,,,,,,,,
WEALTH,Success,0.003240699999878416,0.00015890000031504314,0.00043400000049587106,2.6300000172341242e-05,0.005320299999766576,2021-01-21 09:15:00,2025-06-26 09:15:00,1617 days 00:00:00,100000.0,88388.589874,-11.61141,1219.183081,100.0,88.019998,24.1888,196 days 00:00:00,1,1,0,0.0,0.0,-11.487825,-11.487825,0.0,-11.487825,0 days 00:00:00,59 days 00:00:00,0.0,-11611.410126,-0.34736,-0.116619,0.753276,-0.111403
WEBELSOLAR,Success,0.008538499999303895,0.0002193000000261236,0.00045260000024427427,3.870000000461005e-05,0.011107900000752124,2007-05-15 09:15:00,2025-06-26 09:15:00,6617 days 00:00:00,100000.0,209921.382631,109.921383,632.168515,100.0,1425.096953,48.488511,2622 days 00:00:00,11,11,0,0.0,45.454545,42.509467,-16.443401,37.050506,-12.599804,36 days 04:48:00,43 days 16:00:00,2.184996,9992.852966,0.353733,0.091365,1.278974,0.196346
WEIZMANIND,Success,0.008587600000282691,0.00022510000053443946,0.0004738000006909715,3.790000027947826e-05,0.011164800000187824,1999-01-04 09:15:00,2025-06-26 09:15:00,9670 days 00:00:00,100000.0,54083.323893,-45.916676,2937.38423,100.0,411.840886,49.095687,1598 days 00:00:00,6,6,0,0.0,16.666667,35.487441,-25.325724,35.487441,-16.457155,76 days 00:00:00,31 days 19:12:00,0.324425,-7652.779351,-0.25034,-0.060778,0.773045,-0.071919
WEL,Success,0.0025504000004730187,0.00015770000027259812,0.0004042000000481494,2.8299999939918052e-05,0.004748500000459899,2022-01-17 09:15:00,2025-06-26 09:15:00,1256 days 00:00:00,100000.0,110156.763949,10.156764,1201.020825,100.0,331.002492,19.805138,122 days 00:00:00,4,3,1,-2851.330729,33.333333,42.214411,-11.331722,42.214411,-10.585713,127 days 00:00:00,20 days 00:00:00,1.5263,4336.031559,0.234591,0.146552,1.094716,0.246343
WELCORP,Success,0.009373400000185939,0.0002657999993971316,0.00048749999950814527,5.3499999921768904e-05,0.012732799999866984,2000-06-23 09:15:00,2025-06-26 09:15:00,9134 days 00:00:00,100000.0,269788.619925,169.78862,6464.249998,100.0,1367.335506,58.553404,6938 days 00:00:00,12,11,1,49168.677874,54.545455,41.124092,-26.795555,31.938875,-15.195647,62 days 12:00:00,69 days 14:23:59,2.464617,10965.449277,0.30816,0.074183,1.248919,0.126108
WELENT,Success,0.007678400000258989,0.0004716000003099907,0.0007292000000234111,5.0799999371520244e-05,0.010838499999408668,2011-01-04 09:15:00,2025-06-26 09:15:00,5287 days 00:00:00,100000.0,319740.717259,219.740717,467.294592,100.0,2750.750425,34.095947,526 days 00:00:00,11,11,0,0.0,54.545455,55.135544,-16.489078,34.930142,-11.215688,66 days 04:00:00,51 days 09:36:00,2.570279,19976.428842,0.534162,0.250346,1.311412,0.365849
WELINV,Success,0.0076785999999628984,0.000201000000743079,0.0004650000000765431,3.600000036385609e-05,0.009912399999848276,2010-10-04 09:15:00,2025-06-26 09:15:00,5379 days 00:00:00,100000.0,162702.781914,62.702782,674.417742,100.0,378.892546,15.828899,1735 days 00:00:00,3,3,0,0.0,66.666667,39.853996,-9.528751,34.676458,-9.528751,74 days 12:00:00,32 days 00:00:00,7.457942,20900.927305,0.413386,0.223578,1.468018,0.139056
WELSPUNLIV,Success,0.008779900000263297,0.00023489999966841424,0.000579200000174751,4.199999966658652e-05,0.0115483999998105,2003-12-04 09:15:00,2025-06-26 09:15:00,7875 days 00:00:00,100000.0,155737.600261,55.7376,1278.194044,100.0,1870.892015,43.055904,1471 days 00:00:00,17,16,1,3721.91916,37.5,47.994967,-13.707172,31.235909,-10.966214,79 days 12:00:00,43 days 21:35:59,1.394838,3250.980069,0.211277,0.04915,1.111269,0.11831
WENDT,Success,0.007969100000082108,0.00021130000004632166,0.0004482000003918074,0.00010139999994862592,0.010496599999896716,2006-08-07 09:15:00,2025-06-26 09:15:00,6898 days 00:00:00,100000.0,195708.961533,95.708962,1289.306782,100.0,2253.078466,33.330845,1323 days 00:00:00,14,14,0,0.0,42.857143,40.920752,-14.349839,27.907643,-9.146485,108 days 04:00:00,50 days 03:00:00,1.768348,6836.354395,0.32443,0.117679,1.172179,0.229803
WESTLIFE,Success,0.0038685999998051557,0.00022979999994277023,0.0004450999995242455,3.310000010969816e-05,0.00603289999980916,2019-08-19 09:15:00,2025-06-26 09:15:00,2138 days 00:00:00,100000.0,101388.139732,1.38814,164.190756,100.0,331.78537,26.557154,1309 days 00:00:00,3,3,0,0.0,33.333333,21.055585,-8.592063,21.055585,-8.237324,49 days 00:00:00,103 days 00:00:00,1.071498,462.713244,0.077174,0.009014,1.038074,0.045409
WEWIN,Success,0.002465700000357174,0.00015590000020893058,0.00044440000056056306,5.890000011277152e-05,0.004719399999885354,2022-06-15 09:15:00,2025-06-26 09:15:00,1107 days 00:00:00,100000.0,86307.875856,-13.692124,11.367232,100.0,269.238193,30.957506,905 days 00:00:00,3,3,0,0.0,33.333333,17.509709,-15.687468,17.509709,-14.025764,6 days 00:00:00,79 days 12:00:00,0.514745,-4564.041381,-0.138215,-0.155323,0.949322,-0.111452
WHEELS,Success,0.00923770000008517,0.00024730000041017774,0.00047710000035294797,3.9599999581696466e-05,0.012382599999909871,1999-01-08 09:15:00,2025-06-26 09:15:00,9666 days 00:00:00,100000.0,151892.868873,51.892869,2788.309634,100.0,2402.341,35.126948,2647 days 00:00:00,16,16,0,0.0,37.5,44.385972,-16.15667,30.398803,-10.610684,114 days 04:00:00,41 days 02:24:00,1.312673,3243.304305,0.186766,0.050101,1.106407,0.124892
WHIRLPOOL,Success,0.00772529999994731,0.00020659999972849619,0.0005718000002161716,4.6799999836366624e-05,0.010346299999582698,2010-01-08 09:15:00,2025-06-26 09:15:00,5648 days 00:00:00,100000.0,52370.946149,-47.629054,897.590291,100.0,875.097788,55.28853,4549 days 00:00:00,13,13,0,0.0,15.384615,18.403499,-10.728352,14.462546,-7.807812,38 days 12:00:00,44 days 13:05:27,0.263124,-3663.773373,-0.382152,-0.076375,0.81084,-0.191454
WILLAMAGOR,Success,0.008930999999392952,0.00022280000030150404,0.00046460000066872453,4.059999992023222e-05,0.01131219999933819,1999-01-05 09:15:00,2025-06-26 09:15:00,9669 days 00:00:00,100000.0,260765.438608,160.765439,37.583333,100.0,2067.719082,28.291323,2764 days 00:00:00,9,9,0,0.0,44.444444,63.015514,-15.931854,51.414582,-12.670769,132 days 00:00:00,40 days 09:35:59,1.96339,17862.826512,0.368519,0.166542,1.257339,0.195525
WINDLAS,Success,0.002545599999393744,0.0001503000003140187,0.00042780000057973666,0.00010550000024522888,0.005074600000625651,2021-08-16 09:15:00,2025-06-26 09:15:00,1410 days 00:00:00,100000.0,86486.777226,-13.513223,119.845271,100.0,180.424388,14.23552,623 days 00:00:00,2,2,0,0.0,0.0,-5.603695,-8.046079,0.0,-6.824887,0 days 00:00:00,18 days 00:00:00,0.0,-6756.611387,-0.790389,-0.262938,0.434544,-0.190749
WINDMACHIN,Success,0.0073103000004266505,0.00022369999987859046,0.0004552000000330736,3.94000007872819e-05,0.009811400000216963,2011-08-19 09:15:00,2025-06-26 09:15:00,5060 days 00:00:00,100000.0,70240.766618,-29.759233,1327.272727,100.0,2169.178992,81.487328,2605 days 00:00:00,15,15,0,0.0,26.666667,68.980172,-20.444362,44.338766,-14.762971,70 days 14:15:00,52 days 04:21:49,0.884147,-1983.948892,0.008226,-0.031916,1.003549,0.006675
WIPL,Success,0.0039898999993965845,0.0002289000003656838,0.0004586000004564994,3.04000004689442e-05,0.006142200000795128,2017-04-18 09:15:00,2025-06-26 09:15:00,2991 days 00:00:00,100000.0,118917.637894,18.917638,343.233708,100.0,252.616925,16.920931,16 days 00:00:00,2,2,0,0.0,50.0,33.867478,-10.819388,33.867478,-10.819388,32 days 00:00:00,7 days 00:00:00,2.288888,9458.818947,0.346831,0.143891,1.491707,0.083859
WIPRO,Success,0.010342999999920721,0.00028639999982260633,0.0005263000002742046,5.920000057813013e-05,0.013353800000004412,1996-01-01 09:15:00,2025-06-26 09:15:00,10769 days 00:00:00,100000.0,195182.132679,95.182133,47636.888889,100.0,3657.320802,29.947962,6694 days 00:00:00,25,25,0,0.0,40.0,38.91431,-13.668707,19.601179,-6.731849,80 days 07:11:59,28 days 01:36:00,1.629065,3807.285307,0.264171,0.077704,1.15395,0.140635
WOCKPHARMA,Success,0.009554600000228675,0.0002491000004738453,0.0005897999999433523,5.449999935080996e-05,0.01238779999948747,2000-02-23 09:15:00,2025-06-26 09:15:00,9255 days 00:00:00,100000.0,306131.957158,206.131957,565.905264,100.0,3222.309681,34.93008,2016 days 00:00:00,16,16,0,0.0,50.0,45.16278,-16.823798,28.138471,-9.715392,43 days 18:00:00,36 days 00:00:00,2.236337,12883.247322,0.435578,0.132736,1.354537,0.217902
WONDERLA,Success,0.005244699999821023,0.0002071999997497187,0.0007073000006130314,4.510000053414842e-05,0.007966799999849172,2014-05-09 09:15:00,2025-06-26 09:15:00,4066 days 00:00:00,100000.0,96858.761649,-3.141238,306.368821,100.0,743.081569,34.212977,3438 days 00:00:00,7,7,0,0.0,28.571429,23.447841,-8.748756,22.653426,-8.190902,69 days 00:00:00,15 days 04:47:59,0.932131,-448.748336,0.011947,-0.008524,1.009302,0.004073
WORTH,Success,0.0027885999998034094,0.0001578999999765074,0.00046180000026652124,2.880000010918593e-05,0.005056899999544839,2020-08-04 09:15:00,2025-06-26 09:15:00,1787 days 00:00:00,100000.0,227811.306644,127.811307,209.82199,100.0,832.55424,26.894097,133 days 00:00:00,5,4,1,-6716.429928,75.0,45.34885,-10.57856,38.377857,-10.57856,199 days 16:00:00,13 days 00:00:00,5.760848,33631.934143,0.726911,0.691167,1.236978,0.932189
WSI,Success,0.006980799999837473,0.00022339999941323185,0.0004916999996567029,3.5799999750452116e-05,0.009504299999207433,2007-08-01 09:15:00,2025-06-26 09:15:00,6539 days 00:00:00,100000.0,63074.715333,-36.925285,38.997691,100.0,583.280437,52.559825,6357 days 00:00:00,9,9,0,0.0,11.111111,40.81254,-19.555906,40.81254,-9.244902,42 days 00:00:00,8 days 21:00:00,0.356683,-4102.809407,-0.294464,-0.058095,0.743109,-0.091438
WSTCSTPAPR,Success,0.009673999999904481,0.00024369999937334796,0.0005733999996664352,5.1799999710056e-05,0.01276040000084322,1999-01-01 09:15:00,2025-06-26 09:15:00,9673 days 00:00:00,100000.0,97418.906749,-2.581093,7613.636364,100.0,3149.448661,53.105256,6968 days 00:00:00,21,21,0,0.0,28.571429,38.138273,-15.492309,30.958743,-10.063702,47 days 04:00:00,42 days 20:48:00,0.989351,-122.909202,0.054834,-0.001949,1.030864,0.032395
XCHANGING,Success,0.008530099999916274,0.00022709999939252157,0.00047589999940100824,4.1199999941454735e-05,0.01100869999936549,2005-03-09 09:15:00,2025-06-26 09:15:00,7414 days 00:00:00,100000.0,53404.744193,-46.595256,-52.890398,100.0,1063.691929,62.743432,3853 days 00:00:00,13,13,0,0.0,23.076923,39.969055,-20.624882,35.403344,-13.924217,64 days 08:00:00,65 days 02:23:59,0.632195,-3584.250447,-0.139542,-0.04956,0.92766,-0.063869
XELPMOC,Success,0.003921399999853747,0.0001649999994697282,0.0004595000000335858,3.20999997711624e-05,0.006220799999937299,2019-02-04 09:15:00,2025-06-26 09:15:00,2334 days 00:00:00,100000.0,95085.896388,-4.914104,57.710949,100.0,464.144321,31.625027,1638 days 00:00:00,4,4,0,0.0,25.0,39.444113,-12.019875,39.444113,-11.736271,38 days 00:00:00,27 days 00:00:00,0.888264,-1228.525903,0.002691,-0.025247,1.001976,0.001239
XPROINDIA,Success,0.008675500000208558,0.000240999999732594,0.00045429999954649247,4.2099999518541154e-05,0.011247700000240002,2004-04-27 09:15:00,2025-06-26 09:15:00,7730 days 00:00:00,100000.0,40666.011188,-59.333989,6256.771055,100.0,852.789127,72.714336,7211 days 00:00:00,13,13,0,0.0,15.384615,46.236786,-23.778874,41.100013,-13.084309,119 days 12:00:00,129 days 21:49:05,0.443478,-4564.152986,-0.078021,-0.059045,0.97008,-0.063991
XTGLOBAL,Success,0.0020535000003292225,0.00014250000003812602,0.0004361000001154025,2.609999955893727e-05,0.0035330999999132473,2024-09-16 09:15:00,2025-06-26 09:15:00,283 days 00:00:00,100000.0,100000.0,0.0,-32.391564,100.0,0.0,0.0,,0,0,0,0.0,,,,,,,,,,,,,
YAARI,Success,0.009567799999786075,0.00020370000038383296,0.0004537999993772246,3.590000051190145e-05,0.011960600000747945,2011-08-19 09:15:00,2025-06-26 09:15:00,5060 days 00:00:00,100000.0,112799.504782,12.799505,226.316587,100.0,1091.729757,46.743169,2991 days 00:00:00,12,12,0,0.0,33.333333,40.036353,-16.06613,36.149106,-12.691033,65 days 18:00:00,29 days 12:00:00,1.130069,1066.625398,0.135954,0.019149,1.073207,0.084085
YASHO,Success,0.0024476999997204985,0.00021740000011050142,0.00046320000001287553,3.2500000088475645e-05,0.0047076999999262625,2023-08-21 09:15:00,2025-06-26 09:15:00,675 days 00:00:00,100000.0,74546.32193,-25.453678,14.036948,100.0,245.983174,25.453678,675 days 00:00:00,3,3,0,0.0,0.0,-7.584542,-11.521307,0.0,-9.279007,0 days 00:00:00,10 days 16:00:00,0.0,-8484.559357,-0.901988,-0.583974,0.44864,-0.29752
YATHARTH,Success,0.0021613999997498468,0.0001461000001654611,0.000500099999953818,2.9599999834317714e-05,0.004165299999840499,2023-08-07 09:15:00,2025-06-26 09:15:00,689 days 00:00:00,100000.0,79916.549364,-20.083451,57.211318,100.0,168.890687,20.083451,689 days 00:00:00,2,2,0,0.0,0.0,-10.151726,-10.73219,0.0,-10.441958,0 days 00:00:00,26 days 12:00:00,0.0,-10041.725318,-1.187344,-0.565074,0.476859,-0.50869
YATRA,Success,0.002363300000070012,0.0002044000002570101,0.0004228999996485072,2.5999999706982635e-05,0.004056900000250607,2023-09-28 09:15:00,2025-06-26 09:15:00,637 days 00:00:00,100000.0,100000.0,0.0,-36.821187,100.0,0.0,0.0,,0,0,0,0.0,,,,,,,,,,,,,
YESBANK,Success,0.008693699999639648,0.0002423999994789483,0.0004724000000351225,3.8300000596791506e-05,0.011488100000860868,2005-07-12 09:15:00,2025-06-26 09:15:00,7289 days 00:00:00,100000.0,103583.148425,3.583148,64.995897,100.0,1637.372537,61.588832,6385 days 00:00:00,15,14,1,1653.346764,28.571429,30.69161,-15.937897,26.135806,-8.387381,110 days 00:00:00,26 days 09:35:59,1.017874,137.842976,0.083466,0.002924,1.055127,0.030948
YUKEN,Success,0.0028899999997520354,0.00015280000025086338,0.00041150000015477417,2.880000010918593e-05,0.004865899999458634,2021-09-02 09:15:00,2025-06-26 09:15:00,1393 days 00:00:00,100000.0,83961.675084,-16.038325,86.762537,100.0,176.672391,16.363732,540 days 00:00:00,2,2,0,0.0,0.0,-6.890727,-9.503301,0.0,-8.197014,0 days 00:00:00,54 days 12:00:00,0.0,-8019.162458,-0.394284,-0.277761,0.753118,-0.1566
ZAGGLE,Success,0.0021772000000055414,0.00016079999932117062,0.00041710000004968606,2.6499999876250513e-05,0.004116399999475107,2023-09-22 09:15:00,2025-06-26 09:15:00,643 days 00:00:00,100000.0,85942.363782,-14.057636,163.688016,100.0,85.932806,20.937269,398 days 00:00:00,1,1,0,0.0,0.0,-13.899043,-13.899043,0.0,-13.899043,0 days 00:00:00,61 days 00:00:00,0.0,-14057.636218,-0.583165,-0.39954,0.717208,-0.265814
ZEEL,Success,0.008078600000771985,0.0002283000003444613,0.0005300000002534944,4.199999966658652e-05,0.010579599999800848,2007-02-28 09:15:00,2025-06-26 09:15:00,6693 days 00:00:00,100000.0,65441.334041,-34.558666,22.175478,100.0,586.089142,41.350641,6450 days 00:00:00,8,8,0,0.0,12.5,22.696082,-14.450487,22.696082,-8.329181,284 days 00:00:00,36 days 03:25:42,0.299567,-4319.833245,-0.211014,-0.056376,0.880581,-0.091972
ZEELEARN,Success,0.006984399999964808,0.0002195999995819875,0.0006614000003537512,0.00010139999994862592,0.00980249999975058,2011-01-03 09:15:00,2025-06-26 09:15:00,5288 days 00:00:00,100000.0,87345.839624,-12.65416,-67.22973,100.0,631.031016,45.367265,4552 days 00:00:00,8,8,0,0.0,25.0,32.168833,-11.495754,23.200546,-8.454674,31 days 12:00:00,33 days 00:00:00,0.706498,-1581.770047,-0.072001,-0.020998,0.937632,-0.018648
ZEEMEDIA,Success,0.00849339999967924,0.00021250000008876668,0.00045729999965260504,3.80000001314329e-05,0.011077299999669776,2007-01-10 09:15:00,2025-06-26 09:15:00,6742 days 00:00:00,100000.0,160017.4754,60.017475,146.844439,100.0,1196.551372,48.067192,6209 days 00:00:00,10,10,0,0.0,40.0,47.95132,-19.080788,36.064452,-11.364831,128 days 12:00:00,50 days 08:00:00,1.711243,6001.74754,0.23604,0.054733,1.137757,0.140657
ZENITHEXPO,Success,0.006988299999648007,0.00021259999994072132,0.0004951000000801287,4.360000002634479e-05,0.009445900000173424,1999-02-12 09:15:00,2025-06-26 09:15:00,9631 days 00:00:00,100000.0,60485.077698,-39.514922,645.3125,100.0,607.260039,39.535942,9631 days 00:00:00,8,8,0,0.0,12.5,40.931589,-13.820916,40.931589,-11.160557,13 days 00:00:00,40 days 20:34:17,0.398951,-4939.365288,-0.199239,-0.091962,0.867277,-0.091447
ZENITHSTL,Success,0.00724629999967874,0.00020879999919998227,0.0005418999999164953,3.6699999327538535e-05,0.009771900000487221,2007-04-30 09:15:00,2025-06-26 09:15:00,6632 days 00:00:00,100000.0,250529.13467,150.529135,-55.198097,100.0,1266.97498,44.107775,2245 days 00:00:00,8,8,0,0.0,62.5,54.288218,-19.244113,33.886995,-15.290479,38 days 09:35:59,24 days 08:00:00,3.269462,18816.141834,0.464753,0.134012,1.4684,0.163396
ZENSARTECH,Success,0.008916499999941152,0.00026499999967199983,0.0004761000000144122,3.909999941242859e-05,0.011479200000394485,2004-03-04 09:15:00,2025-06-26 09:15:00,7784 days 00:00:00,100000.0,457641.761401,357.641761,8580.0,100.0,4928.146968,32.221325,1648 days 00:00:00,19,19,0,0.0,57.894737,41.721581,-17.001291,25.812297,-11.138726,73 days 15:16:21,86 days 21:00:00,2.522893,18823.2506,0.505586,0.236823,1.239099,0.409097
ZENTEC,Success,0.004599599999892234,0.00018199999976786785,0.0005559000001085224,3.7400000110210385e-05,0.007018499999503547,2015-03-30 09:15:00,2025-06-26 09:15:00,3741 days 00:00:00,100000.0,173750.442417,73.750442,3350.727273,100.0,1155.662727,30.462847,2205 days 00:00:00,9,9,0,0.0,44.444444,49.646331,-14.150178,34.103857,-11.177212,143 days 18:00:00,45 days 14:24:00,2.026307,8194.493602,0.36075,0.185246,1.149,0.315206
ZFCVINDIA,Success,0.007954499999868858,0.00020959999983460875,0.00046800000018265564,3.6499999623629265e-05,0.010514800000237301,2008-10-01 09:15:00,2025-06-26 09:15:00,6112 days 00:00:00,100000.0,188483.846086,88.483846,3991.241837,100.0,2405.792103,17.519514,1140 days 00:00:00,16,16,0,0.0,37.5,30.869774,-9.289452,24.510583,-6.18067,64 days 04:00:00,20 days 00:00:00,1.903913,5530.24038,0.406341,0.229613,1.282013,0.266667
ZIMLAB,Success,0.002554200000304263,0.00015579999944748124,0.00044350000007398194,3.20999997711624e-05,0.004115300000194111,2022-11-25 09:15:00,2025-06-26 09:15:00,944 days 00:00:00,100000.0,100000.0,0.0,0.434111,100.0,0.0,0.0,,0,0,0,0.0,,,,,,,,,,,,,
ZODIAC,Success,0.0031459000001632376,0.0001706000002741348,0.0004555000004984322,3.290000040578889e-05,0.005585599999903934,2017-12-05 09:15:00,2025-06-26 09:15:00,2760 days 00:00:00,100000.0,197337.708628,97.337709,1745.401246,100.0,798.919746,20.801622,296 days 00:00:00,6,6,0,0.0,66.666667,44.265799,-12.475935,27.287472,-12.135908,49 days 18:00:00,40 days 00:00:00,4.786143,16222.951438,0.773627,0.59801,1.478487,0.422925
ZODIACLOTH,Success,0.009694999999737774,0.00024089999988063937,0.00046039999961067224,4.129999979340937e-05,0.012666499999795633,1999-01-01 09:15:00,2025-06-26 09:15:00,9673 days 00:00:00,100000.0,311051.766536,211.051767,215.171041,100.0,5114.533579,56.000813,1968 days 00:00:00,19,19,0,0.0,42.105263,46.156571,-17.631095,36.554559,-11.101187,97 days 21:00:00,61 days 08:43:38,1.624128,11107.987712,0.344352,0.084459,1.170463,0.245487
ZOTA,Success,0.0028631000004679663,0.0002596000003904919,0.0005269000002954272,3.149999974993989e-05,0.005176700000447454,2019-08-19 09:15:00,2025-06-26 09:15:00,2138 days 00:00:00,100000.0,65685.171348,-34.314829,361.002445,100.0,367.630361,46.696879,2138 days 00:00:00,6,5,1,5660.148729,0.0,-7.876122,-10.675713,0.0,-9.551685,0 days 00:00:00,47 days 00:00:00,0.0,-7994.995476,-0.421431,-0.150547,0.836894,-0.298423
ZUARI,Success,0.00722570000016276,0.00021269999979267595,0.0006082999998398009,3.930000002583256e-05,0.009755699999914214,2012-11-27 09:15:00,2025-06-26 09:15:00,4594 days 00:00:00,100000.0,91929.777654,-8.070222,-43.620089,100.0,1123.068996,47.280275,1035 days 00:00:00,12,12,0,0.0,25.0,46.989085,-17.794043,42.098442,-11.578186,35 days 16:00:00,58 days 21:20:00,0.925006,-672.518529,0.052991,-0.014372,1.02507,0.034618
ZUARIIND,Success,0.0071830999995654565,0.00019950000023527537,0.0004637000001821434,3.639999977167463e-05,0.009519499999441905,2012-09-25 09:15:00,2025-06-26 09:15:00,4657 days 00:00:00,100000.0,123536.851998,23.536852,100.627178,100.0,663.077664,32.32782,1407 days 00:00:00,6,6,0,0.0,33.333333,48.818606,-11.233502,38.941388,-10.176671,75 days 12:00:00,34 days 06:00:00,1.499167,3922.808666,0.194417,0.052717,1.144926,0.082426
ZYDUSLIFE,Success,0.009793799999897601,0.00024839999969117343,0.0005648999995173654,4.4800000068789814e-05,0.012544199999865668,2000-04-27 09:15:00,2025-06-26 09:15:00,9191 days 00:00:00,100000.0,79111.273252,-20.888727,12104.538556,100.0,1237.056869,55.69251,8477 days 00:00:00,17,17,0,0.0,29.411765,21.414925,-15.535096,17.962258,-8.126291,39 days 09:35:59,60 days 18:00:00,0.735517,-1228.748632,-0.054188,-0.016922,0.97022,-0.027312
ZYDUSWELL,Success,0.008287700000437326,0.00021240000023681205,0.0004606000002240762,3.789999936998356e-05,0.010772399999950721,2009-11-13 09:15:00,2025-06-26 09:15:00,5704 days 00:00:00,100000.0,128016.157767,28.016158,909.174769,100.0,986.641405,19.10783,2078 days 00:00:00,8,8,0,0.0,37.5,28.896453,-9.187938,24.503328,-7.523011,51 days 16:00:00,19 days 04:47:59,1.570139,3502.019721,0.231426,0.08496,1.222932,0.095009
